ISO-10303-21;
HEADER;
FILE_DESCRIPTION (( 'STEP AP214' ),
    '1' );
FILE_NAME ('ST-M4.STEP',
    '2025-03-03T01:52:50',
    ( '' ),
    ( '' ),
    'SwSTEP 2.0',
    'SolidWorks 2023',
    '' );
FILE_SCHEMA (( 'AUTOMOTIVE_DESIGN' ));
ENDSEC;

DATA;
#1 = CIRCLE ( 'NONE', #1707, 2.800000000000000266 ) ;
#2 = CARTESIAN_POINT ( 'NONE',  ( 31.49999999999997158, -28.49999999999998934, 22.49999999999999289 ) ) ;
#3 = CARTESIAN_POINT ( 'NONE',  ( 30.50000000000001421, 8.130517918508747499, 5.499999999999999112 ) ) ;
#4 = EDGE_CURVE ( 'NONE', #5575, #7106, #9383, .T. ) ;
#5 = CARTESIAN_POINT ( 'NONE',  ( 33.99999999999997868, -29.50000000000000000, 1.500000000000007550 ) ) ;
#6 = EDGE_LOOP ( 'NONE', ( #2355, #10025, #10463, #7267 ) ) ;
#7 = DIRECTION ( 'NONE',  ( -0.000000000000000000, -0.000000000000000000, 1.000000000000000000 ) ) ;
#8 = DIRECTION ( 'NONE',  ( -0.000000000000000000, -0.000000000000000000, 1.000000000000000000 ) ) ;
#9 = EDGE_CURVE ( 'NONE', #922, #3940, #785, .T. ) ;
#10 = DIRECTION ( 'NONE',  ( 1.000000000000000000, 0.000000000000000000, 0.000000000000000000 ) ) ;
#11 = ADVANCED_FACE ( 'NONE', ( #2817 ), #623, .F. ) ;
#12 = DIRECTION ( 'NONE',  ( -0.5163099624923321862, -0.8564017880826536588, 0.000000000000000000 ) ) ;
#13 = VERTEX_POINT ( 'NONE', #1674 ) ;
#14 = AXIS2_PLACEMENT_3D ( 'NONE', #6076, #3347, #2583 ) ;
#15 = CARTESIAN_POINT ( 'NONE',  ( 30.49999999999997868, 2.139175515927377091, 6.500000000000000888 ) ) ;
#16 = B_SPLINE_CURVE_WITH_KNOTS ( 'NONE', 3,
 ( #10333, #7537, #8496, #7706 ),
 .UNSPECIFIED., .F., .F.,
 ( 4, 4 ),
 ( 0.3004347744090580252, 0.8456022516173820058 ),
 .UNSPECIFIED. ) ;
#17 = EDGE_CURVE ( 'NONE', #205, #11269, #7291, .T. ) ;
#18 = CYLINDRICAL_SURFACE ( 'NONE', #2097, 1.000000000000000888 ) ;
#19 = CIRCLE ( 'NONE', #6117, 0.5000000000000000000 ) ;
#20 = ORIENTED_EDGE ( 'NONE', *, *, #1046, .F. ) ;
#21 = FACE_OUTER_BOUND ( 'NONE', #10608, .T. ) ;
#22 = AXIS2_PLACEMENT_3D ( 'NONE', #7528, #10221, #4834 ) ;
#23 = CARTESIAN_POINT ( 'NONE',  ( -10.39816519068723899, -31.05872636749531068, 5.700000000000000178 ) ) ;
#24 = CARTESIAN_POINT ( 'NONE',  ( 31.34020609793238066, 5.332718320231301767, 6.046820243459054112 ) ) ;
#25 = EDGE_LOOP ( 'NONE', ( #10770, #2509 ) ) ;
#26 = DIRECTION ( 'NONE',  ( -1.000000000000000000, 0.000000000000000000, 0.000000000000000000 ) ) ;
#27 = CARTESIAN_POINT ( 'NONE',  ( 30.00000000000000711, 26.00000000000000711, 5.500000000000000000 ) ) ;
#28 = EDGE_LOOP ( 'NONE', ( #8615, #4504, #7120, #1536 ) ) ;
#29 = AXIS2_PLACEMENT_3D ( 'NONE', #3203, #8755, #6971 ) ;
#30 = EDGE_CURVE ( 'NONE', #4746, #800, #1807, .T. ) ;
#31 = ADVANCED_FACE ( 'NONE', ( #4598 ), #8184, .T. ) ;
#32 = VERTEX_POINT ( 'NONE', #3538 ) ;
#33 = ADVANCED_FACE ( 'NONE', ( #10752 ), #556, .T. ) ;
#34 = CARTESIAN_POINT ( 'NONE',  ( -40.99999999999998579, -28.69999999999999574, 43.70000000000000284 ) ) ;
#35 = CARTESIAN_POINT ( 'NONE',  ( -27.35126265847086913, 24.75126265846941820, -37.50000000000001421 ) ) ;
#36 = AXIS2_PLACEMENT_3D ( 'NONE', #3705, #131, #6436 ) ;
#37 = VERTEX_POINT ( 'NONE', #8949 ) ;
#38 = AXIS2_PLACEMENT_3D ( 'NONE', #834, #1717, #10664 ) ;
#39 = ORIENTED_EDGE ( 'NONE', *, *, #4472, .T. ) ;
#40 = DIRECTION ( 'NONE',  ( 0.000000000000000000, 0.000000000000000000, -1.000000000000000000 ) ) ;
#41 = AXIS2_PLACEMENT_3D ( 'NONE', #11720, #3596, #9208 ) ;
#42 = LINE ( 'NONE', #2659, #8182 ) ;
#43 = ORIENTED_EDGE ( 'NONE', *, *, #9266, .F. ) ;
#44 =( BOUNDED_CURVE ( )  B_SPLINE_CURVE ( 3, ( #9499, #5666, #8601, #9389 ),
 .UNSPECIFIED., .F., .F. ) 
 B_SPLINE_CURVE_WITH_KNOTS ( ( 4, 4 ),
 ( 3.141592653589793116, 4.712388980384689674 ),
 .UNSPECIFIED. ) 
 CURVE ( )  GEOMETRIC_REPRESENTATION_ITEM ( )  RATIONAL_B_SPLINE_CURVE ( ( 1.000000000000000000, 0.8047378541243649375, 0.8047378541243649375, 1.000000000000000000 ) ) 
 REPRESENTATION_ITEM ( '' )  );
#45 = DIRECTION ( 'NONE',  ( -1.000000000000000000, 0.000000000000000000, 0.000000000000000000 ) ) ;
#46 = DIRECTION ( 'NONE',  ( 0.000000000000000000, 0.000000000000000000, 1.000000000000000000 ) ) ;
#47 = CIRCLE ( 'NONE', #8593, 0.2000000000000005107 ) ;
#48 = CARTESIAN_POINT ( 'NONE',  ( -18.82414313012440132, -23.73099575136106765, 5.700000000000000178 ) ) ;
#49 = ORIENTED_EDGE ( 'NONE', *, *, #5380, .T. ) ;
#50 = VECTOR ( 'NONE', #2061, 1000.000000000000000 ) ;
#51 = AXIS2_PLACEMENT_3D ( 'NONE', #7764, #5120, #9552 ) ;
#52 = CARTESIAN_POINT ( 'NONE',  ( -26.25879138423184855, -32.94977048723988133, 49.54921965694019548 ) ) ;
#53 = B_SPLINE_CURVE_WITH_KNOTS ( 'NONE', 3,
 ( #9482, #2152, #3943, #7467, #9313, #6737 ),
 .UNSPECIFIED., .F., .F.,
 ( 4, 2, 4 ),
 ( 8.673617379884035472E-19, 0.0005881131635316393189, 0.001176226327063277770 ),
 .UNSPECIFIED. ) ;
#54 = ORIENTED_EDGE ( 'NONE', *, *, #762, .T. ) ;
#55 = AXIS2_PLACEMENT_3D ( 'NONE', #8646, #6671, #1256 ) ;
#56 = CARTESIAN_POINT ( 'NONE',  ( 31.49999999999997868, -11.01986028694750708, 12.89424006866458683 ) ) ;
#57 = ORIENTED_EDGE ( 'NONE', *, *, #9122, .T. ) ;
#58 = CARTESIAN_POINT ( 'NONE',  ( -29.99999999999997868, -28.29278383102048977, 6.500000000000000888 ) ) ;
#59 = DIRECTION ( 'NONE',  ( 0.000000000000000000, 0.000000000000000000, -1.000000000000000000 ) ) ;
#60 = CARTESIAN_POINT ( 'NONE',  ( -20.22343168146353065, -31.18700224837848012, 4.000000000000000000 ) ) ;
#61 = CARTESIAN_POINT ( 'NONE',  ( 30.50000000000000355, 8.965335845543155102, 1.027339650638729784 ) ) ;
#62 = ORIENTED_EDGE ( 'NONE', *, *, #6349, .T. ) ;
#63 = AXIS2_PLACEMENT_3D ( 'NONE', #8369, #4936, #2949 ) ;
#64 = AXIS2_PLACEMENT_3D ( 'NONE', #9394, #9504, #6591 ) ;
#65 = CARTESIAN_POINT ( 'NONE',  ( -19.79217584589212464, -32.80000000000029559, 6.199598347287920141 ) ) ;
#66 = PLANE ( 'NONE',  #1511 ) ;
#67 = AXIS2_PLACEMENT_3D ( 'NONE', #3322, #9832, #6176 ) ;
#68 = DIRECTION ( 'NONE',  ( 0.000000000000000000, 1.000000000000000000, 0.000000000000000000 ) ) ;
#69 = DIRECTION ( 'NONE',  ( 1.000000000000000000, 0.000000000000000000, 0.000000000000000000 ) ) ;
#70 = AXIS2_PLACEMENT_3D ( 'NONE', #7747, #4160, #11388 ) ;
#71 = DIRECTION ( 'NONE',  ( 0.8618186475153475357, 0.4562332426180084610, -0.2216299779476480769 ) ) ;
#72 = CIRCLE ( 'NONE', #10177, 0.1999999999999987899 ) ;
#73 = DIRECTION ( 'NONE',  ( -1.000000000000000000, 0.000000000000000000, 0.000000000000000000 ) ) ;
#74 = ORIENTED_EDGE ( 'NONE', *, *, #10366, .F. ) ;
#75 = CARTESIAN_POINT ( 'NONE',  ( 30.77080281850889065, -28.50837066554170818, 22.56709454911015911 ) ) ;
#76 = CIRCLE ( 'NONE', #6724, 3.500000000000003109 ) ;
#77 = CARTESIAN_POINT ( 'NONE',  ( -23.45746667538170627, -18.65870338886713853, 5.999999999999999112 ) ) ;
#78 = DIRECTION ( 'NONE',  ( 1.000000000000000000, 0.000000000000000000, 0.000000000000000000 ) ) ;
#79 = ORIENTED_EDGE ( 'NONE', *, *, #1042, .F. ) ;
#80 = CARTESIAN_POINT ( 'NONE',  ( 30.50000000000001776, -37.49999999999999289, 49.89999999999999858 ) ) ;
#81 = CARTESIAN_POINT ( 'NONE',  ( 30.00000000000258282, 2.890197462265381656, 6.000000000000000000 ) ) ;
#82 = AXIS2_PLACEMENT_3D ( 'NONE', #3748, #1716, #5585 ) ;
#83 = VECTOR ( 'NONE', #7008, 1000.000000000000000 ) ;
#84 = CARTESIAN_POINT ( 'NONE',  ( -25.09839867021182513, 11.34820343485588978, 6.000000000000000000 ) ) ;
#85 = AXIS2_PLACEMENT_3D ( 'NONE', #10283, #2954, #8545 ) ;
#86 = EDGE_CURVE ( 'NONE', #3958, #6588, #7417, .T. ) ;
#87 = ORIENTED_EDGE ( 'NONE', *, *, #9721, .T. ) ;
#88 = EDGE_CURVE ( 'NONE', #6187, #4337, #11225, .T. ) ;
#89 = DIRECTION ( 'NONE',  ( -1.000000000000000000, 0.000000000000000000, 0.000000000000000000 ) ) ;
#90 = CARTESIAN_POINT ( 'NONE',  ( -21.95126265847086700, 24.75126265846941820, 0.1999999999999987899 ) ) ;
#91 = CARTESIAN_POINT ( 'NONE',  ( 49.50000000000000711, -37.49999999999999289, 45.00000000000000711 ) ) ;
#92 = ORIENTED_EDGE ( 'NONE', *, *, #3070, .F. ) ;
#93 = DIRECTION ( 'NONE',  ( 5.064886061246151462E-17, 1.000000000000000000, -0.000000000000000000 ) ) ;
#94 = CARTESIAN_POINT ( 'NONE',  ( 33.61454672454578230, -28.57817991318126616, 0.7003331621727161282 ) ) ;
#95 = EDGE_LOOP ( 'NONE', ( #5333, #4539, #7490, #8702 ) ) ;
#96 = AXIS2_PLACEMENT_3D ( 'NONE', #5389, #7190, #40 ) ;
#97 = CARTESIAN_POINT ( 'NONE',  ( 31.49999999999997868, -28.21852687074918009, 22.36322654727371528 ) ) ;
#98 = CARTESIAN_POINT ( 'NONE',  ( -21.95126265847086700, 24.75126265846941820, -6.098637220230962441E-16 ) ) ;
#99 = ORIENTED_EDGE ( 'NONE', *, *, #2253, .F. ) ;
#100 = CIRCLE ( 'NONE', #1816, 0.5000000000000004441 ) ;
#101 = ORIENTED_EDGE ( 'NONE', *, *, #10809, .T. ) ;
#102 = CARTESIAN_POINT ( 'NONE',  ( -10.26437003862481667, -32.64920397881356706, 6.070005952588170217 ) ) ;
#103 = DIRECTION ( 'NONE',  ( 0.000000000000000000, 0.000000000000000000, 1.000000000000000000 ) ) ;
#104 = ORIENTED_EDGE ( 'NONE', *, *, #11226, .F. ) ;
#105 = ADVANCED_FACE ( 'NONE', ( #3712 ), #4357, .T. ) ;
#106 = EDGE_CURVE ( 'NONE', #724, #5268, #2582, .T. ) ;
#107 = CARTESIAN_POINT ( 'NONE',  ( -33.87867965644034030, -28.49999999999999289, 22.81294424401309584 ) ) ;
#108 = EDGE_CURVE ( 'NONE', #9227, #9671, #10843, .T. ) ;
#109 = DIRECTION ( 'NONE',  ( 0.000000000000000000, 0.000000000000000000, -1.000000000000000000 ) ) ;
#110 = CARTESIAN_POINT ( 'NONE',  ( -18.94498614551177695, -26.27499677923877996, 6.000000000000000000 ) ) ;
#111 = EDGE_LOOP ( 'NONE', ( #8795, #2699, #1644 ) ) ;
#112 = FACE_OUTER_BOUND ( 'NONE', #2785, .T. ) ;
#113 = ORIENTED_EDGE ( 'NONE', *, *, #2940, .F. ) ;
#114 =( BOUNDED_SURFACE ( )  B_SPLINE_SURFACE ( 3, 2, ( 
 ( #8303, #7401, #1804 ),
 ( #7171, #2871, #9074 ),
 ( #11763, #77, #6500 ),
 ( #960, #1858, #5423 ) ),
 .UNSPECIFIED., .F., .F., .F. ) 
 B_SPLINE_SURFACE_WITH_KNOTS ( ( 4, 4 ),
 ( 3, 3 ),
 ( 7.567731163948820949E-17, 0.004844907754190296879 ),
 ( 0.000000000000000000, 1.000000000000000000 ),
 .UNSPECIFIED. ) 
 GEOMETRIC_REPRESENTATION_ITEM ( )  RATIONAL_B_SPLINE_SURFACE ( (
 ( 1.000000000000000000, 0.7071067811865475727, 1.000000000000000000),
 ( 1.000000000000000000, 0.7071067811865475727, 1.000000000000000000),
 ( 1.000000000000000000, 0.7071067811865472397, 1.000000000000000000),
 ( 1.000000000000000000, 0.7071067811865472397, 1.000000000000000000) ) ) 
 REPRESENTATION_ITEM ( '' )  SURFACE ( )  );
#115 = ORIENTED_EDGE ( 'NONE', *, *, #10299, .T. ) ;
#116 = EDGE_CURVE ( 'NONE', #10360, #3520, #3977, .T. ) ;
#117 = AXIS2_PLACEMENT_3D ( 'NONE', #4385, #8030, #5815 ) ;
#118 = ORIENTED_EDGE ( 'NONE', *, *, #296, .T. ) ;
#119 = CARTESIAN_POINT ( 'NONE',  ( -33.99999999999997158, -28.12801007714190860, 21.85871641905593776 ) ) ;
#120 = CARTESIAN_POINT ( 'NONE',  ( -31.05328889311702412, -28.49999999999998934, 22.38520258663422169 ) ) ;
#121 = DIRECTION ( 'NONE',  ( 0.8545283073801318574, 0.5194048246657391177, 5.929481262796164054E-15 ) ) ;
#122 = CYLINDRICAL_SURFACE ( 'NONE', #3838, 1.000000000000000888 ) ;
#123 = ORIENTED_EDGE ( 'NONE', *, *, #9849, .F. ) ;
#124 = LINE ( 'NONE', #2804, #6140 ) ;
#125 = DIRECTION ( 'NONE',  ( 0.000000000000000000, 0.000000000000000000, -1.000000000000000000 ) ) ;
#126 = CARTESIAN_POINT ( 'NONE',  ( 30.84496888082455968, -28.21289120560549435, 22.10564287434303310 ) ) ;
#127 = DIRECTION ( 'NONE',  ( 0.000000000000000000, 0.000000000000000000, -1.000000000000000000 ) ) ;
#128 = CARTESIAN_POINT ( 'NONE',  ( 30.11422295327995968, 7.346761484069907588, 6.000000000000000888 ) ) ;
#129 = DIRECTION ( 'NONE',  ( 0.000000000000000000, 2.602085213965210642E-15, -1.000000000000000000 ) ) ;
#130 = ORIENTED_EDGE ( 'NONE', *, *, #5176, .T. ) ;
#131 = DIRECTION ( 'NONE',  ( -0.000000000000000000, 1.000000000000000000, 0.000000000000000000 ) ) ;
#132 = DIRECTION ( 'NONE',  ( 0.9652184670742323114, 0.2614446611022477329, 0.000000000000000000 ) ) ;
#133 = FACE_BOUND ( 'NONE', #896, .T. ) ;
#134 = PLANE ( 'NONE',  #9532 ) ;
#135 = ORIENTED_EDGE ( 'NONE', *, *, #3661, .F. ) ;
#136 = DIRECTION ( 'NONE',  ( -1.000000000000000000, -0.000000000000000000, -0.000000000000000000 ) ) ;
#137 = CARTESIAN_POINT ( 'NONE',  ( 30.93098496042419043, 5.092267879663303631, 6.000000000000212275 ) ) ;
#138 = CARTESIAN_POINT ( 'NONE',  ( -37.79999999999999005, -37.29999999999999716, 14.00000000000000178 ) ) ;
#139 = AXIS2_PLACEMENT_3D ( 'NONE', #438, #214, #8608 ) ;
#140 = ORIENTED_EDGE ( 'NONE', *, *, #1622, .F. ) ;
#141 = DIRECTION ( 'NONE',  ( -1.000000000000000000, 0.000000000000000000, 0.000000000000000000 ) ) ;
#142 = DIRECTION ( 'NONE',  ( -0.000000000000000000, -0.000000000000000000, 1.000000000000000000 ) ) ;
#143 = CYLINDRICAL_SURFACE ( 'NONE', #8809, 27.84471522829317180 ) ;
#144 = ORIENTED_EDGE ( 'NONE', *, *, #5873, .T. ) ;
#145 = B_SPLINE_CURVE_WITH_KNOTS ( 'NONE', 3,
 ( #8930, #2562, #7805, #11439 ),
 .UNSPECIFIED., .F., .F.,
 ( 4, 4 ),
 ( -6.070654212017729763E-06, 0.0003969706051783076562 ),
 .UNSPECIFIED. ) ;
#146 = CARTESIAN_POINT ( 'NONE',  ( -29.99999999999997868, 26.00000000000000355, 0.000000000000000000 ) ) ;
#147 = CARTESIAN_POINT ( 'NONE',  ( -8.898165190687238990, -31.05872636749531068, 5.000000000000000000 ) ) ;
#148 = EDGE_CURVE ( 'NONE', #8124, #3267, #11605, .T. ) ;
#149 = CARTESIAN_POINT ( 'NONE',  ( 31.45298769775164160, 7.045120546494334057, 5.227911265790742945 ) ) ;
#150 = VERTEX_POINT ( 'NONE', #9262 ) ;
#151 = EDGE_CURVE ( 'NONE', #10838, #9099, #8421, .T. ) ;
#152 = EDGE_CURVE ( 'NONE', #4946, #3086, #3823, .T. ) ;
#153 = CARTESIAN_POINT ( 'NONE',  ( -30.00000002455060866, 7.929651102272380570, 6.000000000000000000 ) ) ;
#154 = PLANE ( 'NONE',  #9407 ) ;
#155 = ORIENTED_EDGE ( 'NONE', *, *, #10349, .F. ) ;
#156 = VERTEX_POINT ( 'NONE', #5605 ) ;
#157 = DIRECTION ( 'NONE',  ( -0.000000000000000000, -0.000000000000000000, -1.000000000000000000 ) ) ;
#158 = CARTESIAN_POINT ( 'NONE',  ( 30.50000000000001421, 8.240232331221843509, 5.335793471838142565 ) ) ;
#159 = ORIENTED_EDGE ( 'NONE', *, *, #1789, .T. ) ;
#160 = FACE_BOUND ( 'NONE', #10252, .T. ) ;
#161 = EDGE_CURVE ( 'NONE', #11000, #922, #10642, .T. ) ;
#162 = LINE ( 'NONE', #3789, #801 ) ;
#163 = EDGE_CURVE ( 'NONE', #9110, #9932, #2076, .T. ) ;
#164 = ADVANCED_FACE ( 'NONE', ( #192 ), #356, .T. ) ;
#165 = CARTESIAN_POINT ( 'NONE',  ( 21.06605083265883138, -18.03603898744441381, 5.700000000000000178 ) ) ;
#166 = ORIENTED_EDGE ( 'NONE', *, *, #529, .F. ) ;
#167 = EDGE_CURVE ( 'NONE', #7259, #1908, #3605, .T. ) ;
#168 = EDGE_CURVE ( 'NONE', #4571, #1693, #53, .T. ) ;
#169 = ORIENTED_EDGE ( 'NONE', *, *, #7734, .F. ) ;
#170 = ORIENTED_EDGE ( 'NONE', *, *, #6921, .F. ) ;
#171 = FACE_OUTER_BOUND ( 'NONE', #8974, .T. ) ;
#172 = ORIENTED_EDGE ( 'NONE', *, *, #9928, .F. ) ;
#173 = PLANE ( 'NONE',  #3841 ) ;
#174 = CARTESIAN_POINT ( 'NONE',  ( -30.38153799114942188, -28.61837356392882370, 21.69845914107335005 ) ) ;
#175 = DIRECTION ( 'NONE',  ( -0.000000000000000000, -0.000000000000000000, 1.000000000000000000 ) ) ;
#176 = EDGE_LOOP ( 'NONE', ( #2420, #5385, #6048, #1673, #11712 ) ) ;
#177 = CIRCLE ( 'NONE', #1880, 1.000000000000000888 ) ;
#178 = EDGE_CURVE ( 'NONE', #2657, #3932, #5862, .T. ) ;
#179 = DIRECTION ( 'NONE',  ( 1.000000000000000000, -0.000000000000000000, -0.000000000000000000 ) ) ;
#180 = EDGE_CURVE ( 'NONE', #2195, #4187, #2037, .T. ) ;
#181 = EDGE_CURVE ( 'NONE', #4894, #8862, #11800, .T. ) ;
#182 = CARTESIAN_POINT ( 'NONE',  ( 25.91927170679086245, -19.18495017096926603, 4.000000000000000000 ) ) ;
#183 = CARTESIAN_POINT ( 'NONE',  ( 0.000000000000000000, 0.000000000000000000, 0.000000000000000000 ) ) ;
#184 = DIRECTION ( 'NONE',  ( 0.000000000000000000, 0.000000000000000000, 1.000000000000000000 ) ) ;
#185 = CARTESIAN_POINT ( 'NONE',  ( 30.54979342140361709, -28.56867978610767267, 22.28909803235630704 ) ) ;
#186 = ORIENTED_EDGE ( 'NONE', *, *, #6428, .T. ) ;
#187 = CARTESIAN_POINT ( 'NONE',  ( 19.40955557852439384, 26.78294234767708915, 5.700000000000000178 ) ) ;
#188 = DIRECTION ( 'NONE',  ( 0.9971117258661704730, -0.07594870729766847739, 0.000000000000000000 ) ) ;
#189 = DIRECTION ( 'NONE',  ( 0.000000000000000000, 0.000000000000000000, -1.000000000000000000 ) ) ;
#190 = ORIENTED_EDGE ( 'NONE', *, *, #5829, .F. ) ;
#191 = CARTESIAN_POINT ( 'NONE',  ( -9.238784538046939332, -32.39462578119817948, 6.000000000000000000 ) ) ;
#192 = FACE_OUTER_BOUND ( 'NONE', #11487, .T. ) ;
#193 = CIRCLE ( 'NONE', #759, 0.5000000000000000000 ) ;
#194 = DIRECTION ( 'NONE',  ( -0.000000000000000000, -1.204669080539449344E-16, -1.000000000000000000 ) ) ;
#195 = VERTEX_POINT ( 'NONE', #8485 ) ;
#196 = CARTESIAN_POINT ( 'NONE',  ( -32.99999999999997868, -28.21852687074916943, 22.36322654727371173 ) ) ;
#197 = CARTESIAN_POINT ( 'NONE',  ( -32.53725674016436642, -37.50000000000000000, 49.89999999999999858 ) ) ;
#198 = CARTESIAN_POINT ( 'NONE',  ( 30.00000000000000711, 26.00000000000000711, 0.000000000000000000 ) ) ;
#199 = VERTEX_POINT ( 'NONE', #11046 ) ;
#200 = CARTESIAN_POINT ( 'NONE',  ( -32.99999999999997868, -29.50000000000000000, 0.5000000000000077716 ) ) ;
#201 = DIRECTION ( 'NONE',  ( -0.000000000000000000, -0.000000000000000000, 1.000000000000000000 ) ) ;
#202 = VECTOR ( 'NONE', #11048, 1000.000000000000000 ) ;
#203 = ORIENTED_EDGE ( 'NONE', *, *, #10729, .F. ) ;
#204 = CARTESIAN_POINT ( 'NONE',  ( 34.46095901014808760, -28.52602732656832174, 1.238252107826782966 ) ) ;
#205 = VERTEX_POINT ( 'NONE', #6567 ) ;
#206 = CARTESIAN_POINT ( 'NONE',  ( -19.39069158978332652, 26.64689772753412100, 4.000000000000000000 ) ) ;
#207 = DIRECTION ( 'NONE',  ( 0.000000000000000000, 0.000000000000000000, -1.000000000000000000 ) ) ;
#208 = AXIS2_PLACEMENT_3D ( 'NONE', #478, #10738, #2386 ) ;
#209 = ORIENTED_EDGE ( 'NONE', *, *, #7813, .F. ) ;
#210 = APPLICATION_CONTEXT ( 'automotive_design' ) ;
#211 = B_SPLINE_CURVE_WITH_KNOTS ( 'NONE', 3,
 ( #4194, #9818, #2412, #9686, #11598, #4264 ),
 .UNSPECIFIED., .F., .F.,
 ( 4, 2, 4 ),
 ( 3.469446951953614189E-18, 0.002452399466645755095, 0.004904798933291506721 ),
 .UNSPECIFIED. ) ;
#212 = ORIENTED_EDGE ( 'NONE', *, *, #8397, .F. ) ;
#213 = CARTESIAN_POINT ( 'NONE',  ( 30.20715216042921014, -28.79262919644226315, 22.15956251588312753 ) ) ;
#214 = DIRECTION ( 'NONE',  ( -1.000000000000000000, 0.000000000000000000, 0.000000000000000000 ) ) ;
#215 = ORIENTED_EDGE ( 'NONE', *, *, #6191, .F. ) ;
#216 = CARTESIAN_POINT ( 'NONE',  ( 31.34917185676374629, 7.479610547444776714, 4.387592802248222235 ) ) ;
#217 = CIRCLE ( 'NONE', #2878, 1.484090461570473307 ) ;
#218 = VECTOR ( 'NONE', #6929, 1000.000000000000000 ) ;
#219 = CARTESIAN_POINT ( 'NONE',  ( 30.00000000000000711, 26.00000000000000711, 0.5000000000000004441 ) ) ;
#220 = ORIENTED_EDGE ( 'NONE', *, *, #3211, .T. ) ;
#221 = AXIS2_PLACEMENT_3D ( 'NONE', #2081, #3934, #9256 ) ;
#222 = VECTOR ( 'NONE', #5348, 1000.000000000000000 ) ;
#223 = VERTEX_POINT ( 'NONE', #8530 ) ;
#224 = ORIENTED_EDGE ( 'NONE', *, *, #11798, .T. ) ;
#225 = EDGE_CURVE ( 'NONE', #4517, #8559, #2461, .T. ) ;
#226 = ADVANCED_FACE ( 'NONE', ( #5708 ), #4878, .T. ) ;
#227 = DIRECTION ( 'NONE',  ( -1.000000000000000000, 0.000000000000000000, 0.000000000000000000 ) ) ;
#228 = ORIENTED_EDGE ( 'NONE', *, *, #9, .F. ) ;
#229 = DIRECTION ( 'NONE',  ( -0.000000000000000000, -0.000000000000000000, 1.000000000000000000 ) ) ;
#230 = ADVANCED_FACE ( 'NONE', ( #9371 ), #7631, .F. ) ;
#231 = CARTESIAN_POINT ( 'NONE',  ( 21.80529186682069565, -18.83372836813735063, 6.000000000000000000 ) ) ;
#233 = DIRECTION ( 'NONE',  ( 1.000000000000000000, 0.000000000000000000, 0.000000000000000000 ) ) ;
#232 = VECTOR ( 'NONE', #11675, 1000.000000000000000 ) ;
#234 = CIRCLE ( 'NONE', #4021, 1.484090461570473307 ) ;
#235 = LINE ( 'NONE', #1008, #4412 ) ;
#236 = ORIENTED_EDGE ( 'NONE', *, *, #10108, .T. ) ;
#237 = CARTESIAN_POINT ( 'NONE',  ( -19.58357781615723070, -32.62373439943316100, 6.067511658744026093 ) ) ;
#238 = AXIS2_PLACEMENT_3D ( 'NONE', #10393, #109, #8537 ) ;
#239 = AXIS2_PLACEMENT_3D ( 'NONE', #8483, #3885, #311 ) ;
#240 = CARTESIAN_POINT ( 'NONE',  ( 34.98674648294750966, -35.00000000000002842, 50.00000000000000000 ) ) ;
#241 = FACE_OUTER_BOUND ( 'NONE', #5994, .T. ) ;
#242 = CARTESIAN_POINT ( 'NONE',  ( 40.00000000000000711, -29.50000000000000000, 1.500000000000007327 ) ) ;
#243 = VERTEX_POINT ( 'NONE', #10382 ) ;
#244 = EDGE_CURVE ( 'NONE', #2065, #9644, #4668, .T. ) ;
#245 = ADVANCED_FACE ( 'NONE', ( #7405 ), #10378, .F. ) ;
#246 = CARTESIAN_POINT ( 'NONE',  ( 0.000000000000000000, 0.000000000000000000, 3.000000000000000000 ) ) ;
#247 = CIRCLE ( 'NONE', #10520, 27.84471522829317536 ) ;
#248 = ADVANCED_FACE ( 'NONE', ( #8758 ), #7987, .T. ) ;
#249 = DIRECTION ( 'NONE',  ( 0.000000000000000000, 0.000000000000000000, -1.000000000000000000 ) ) ;
#250 = CARTESIAN_POINT ( 'NONE',  ( -34.98674648294755229, -35.00000000000000000, 49.89999999999999858 ) ) ;
#251 = VECTOR ( 'NONE', #9139, 1000.000000000000000 ) ;
#252 = DIRECTION ( 'NONE',  ( -1.000000000000000000, 0.000000000000000000, 0.000000000000000000 ) ) ;
#253 = ORIENTED_EDGE ( 'NONE', *, *, #11235, .T. ) ;
#254 = AXIS2_PLACEMENT_3D ( 'NONE', #5466, #6429, #7274 ) ;
#255 = CARTESIAN_POINT ( 'NONE',  ( 31.07785191187091911, 5.610039951249310874, 6.000000000000000888 ) ) ;
#256 = ORIENTED_EDGE ( 'NONE', *, *, #7892, .F. ) ;
#257 = DIRECTION ( 'NONE',  ( -0.000000000000000000, -0.7118700169681566603, -0.7023112407912580624 ) ) ;
#258 = DIRECTION ( 'NONE',  ( 0.000000000000000000, 0.000000000000000000, -1.000000000000000000 ) ) ;
#259 = CIRCLE ( 'NONE', #7681, 1.000000000000000888 ) ;
#260 = AXIS2_PLACEMENT_3D ( 'NONE', #9488, #11173, #8533 ) ;
#261 = DIRECTION ( 'NONE',  ( -1.000000000000000000, 0.000000000000000000, 0.000000000000000000 ) ) ;
#262 = AXIS2_PLACEMENT_3D ( 'NONE', #3505, #7147, #9703 ) ;
#263 = DIRECTION ( 'NONE',  ( -0.000000000000000000, -0.000000000000000000, 1.000000000000000000 ) ) ;
#264 = ORIENTED_EDGE ( 'NONE', *, *, #11325, .F. ) ;
#265 = EDGE_CURVE ( 'NONE', #4007, #1029, #8373, .T. ) ;
#266 = CARTESIAN_POINT ( 'NONE',  ( -33.61809914574368463, -28.88190085425675235, 0.6874916082081871105 ) ) ;
#267 = CARTESIAN_POINT ( 'NONE',  ( 0.000000000000000000, 0.000000000000000000, 4.000000000000000000 ) ) ;
#268 = ORIENTED_EDGE ( 'NONE', *, *, #10439, .T. ) ;
#269 = CARTESIAN_POINT ( 'NONE',  ( 33.96293178773897381, -28.53706821226100132, 1.160900029100284225 ) ) ;
#270 = EDGE_LOOP ( 'NONE', ( #11053, #9026, #7313, #6073 ) ) ;
#271 = CIRCLE ( 'NONE', #6913, 0.5000000000000004441 ) ;
#272 = AXIS2_PLACEMENT_3D ( 'NONE', #4295, #3394, #10674 ) ;
#273 = CARTESIAN_POINT ( 'NONE',  ( -21.80529186682069920, 18.83372836813735063, 6.000000000000000000 ) ) ;
#274 = DIRECTION ( 'NONE',  ( 1.000000000000000000, 0.000000000000000000, 0.000000000000000000 ) ) ;
#275 = ORIENTED_EDGE ( 'NONE', *, *, #9500, .T. ) ;
#276 = CIRCLE ( 'NONE', #9596, 0.5000000000000004441 ) ;
#277 = ORIENTED_EDGE ( 'NONE', *, *, #1334, .F. ) ;
#278 = AXIS2_PLACEMENT_3D ( 'NONE', #4466, #8925, #2739 ) ;
#279 = CARTESIAN_POINT ( 'NONE',  ( -18.69899664557556918, 23.45351630345638227, 5.699999999999999289 ) ) ;
#280 = CARTESIAN_POINT ( 'NONE',  ( -27.58294234767822672, 18.90955557852277025, 6.000000000000000000 ) ) ;
#281 = EDGE_LOOP ( 'NONE', ( #8084, #5832, #11765, #292 ) ) ;
#282 = CARTESIAN_POINT ( 'NONE',  ( 33.99999999999997868, 4.937053741498337089, 6.252263310563423104 ) ) ;
#283 = AXIS2_PLACEMENT_3D ( 'NONE', #492, #4127, #3405 ) ;
#284 = EDGE_CURVE ( 'NONE', #3967, #9176, #4744, .T. ) ;
#285 = DIRECTION ( 'NONE',  ( -2.362693374364443200E-12, 1.000000000000000000, 7.101957910699405288E-12 ) ) ;
#286 = ORIENTED_EDGE ( 'NONE', *, *, #9874, .F. ) ;
#287 = CARTESIAN_POINT ( 'NONE',  ( -26.48963502442305185, -32.50737079694122400, 49.13092329106677170 ) ) ;
#288 = AXIS2_PLACEMENT_3D ( 'NONE', #7048, #11589, #1448 ) ;
#289 = ORIENTED_EDGE ( 'NONE', *, *, #3802, .F. ) ;
#290 = ORIENTED_EDGE ( 'NONE', *, *, #6032, .T. ) ;
#291 = CARTESIAN_POINT ( 'NONE',  ( -30.49999999999930722, 7.256973318599385436, 5.144258204063163475 ) ) ;
#292 = ORIENTED_EDGE ( 'NONE', *, *, #9409, .F. ) ;
#293 = CARTESIAN_POINT ( 'NONE',  ( 0.000000000000000000, -36.50000000000000000, 49.50000000000000000 ) ) ;
#294 = CARTESIAN_POINT ( 'NONE',  ( 30.49999999999997868, 6.736576159028025756, 0.5000000000000031086 ) ) ;
#295 = AXIS2_PLACEMENT_3D ( 'NONE', #9081, #7233, #9205 ) ;
#296 = EDGE_CURVE ( 'NONE', #6559, #3304, #2438, .T. ) ;
#297 = DIRECTION ( 'NONE',  ( -1.137523590804463822E-16, 1.000000000000000000, 0.000000000000000000 ) ) ;
#298 = ORIENTED_EDGE ( 'NONE', *, *, #8604, .T. ) ;
#299 = ADVANCED_FACE ( 'NONE', ( #6008 ), #6258, .T. ) ;
#300 = CARTESIAN_POINT ( 'NONE',  ( 17.10207363691612414, -23.01981910636198592, 4.000000000000000000 ) ) ;
#301 = ADVANCED_FACE ( 'NONE', ( #8826 ), #659, .F. ) ;
#302 = AXIS2_PLACEMENT_3D ( 'NONE', #1967, #3087, #2925 ) ;
#303 = FACE_OUTER_BOUND ( 'NONE', #9595, .T. ) ;
#304 = LINE ( 'NONE', #1132, #3504 ) ;
#305 = ORIENTED_EDGE ( 'NONE', *, *, #7828, .F. ) ;
#306 = CARTESIAN_POINT ( 'NONE',  ( -18.83372836813864382, 21.80529186681957654, 6.000000000000000000 ) ) ;
#307 = CARTESIAN_POINT ( 'NONE',  ( -10.39816519068723899, -31.05872636749531068, 5.000000000000000000 ) ) ;
#308 = DIRECTION ( 'NONE',  ( 1.000000000000000000, 0.000000000000000000, 0.000000000000000000 ) ) ;
#309 = CARTESIAN_POINT ( 'NONE',  ( -30.49999999999997868, 10.20067777416575794, 0.5000000000000004441 ) ) ;
#310 = EDGE_LOOP ( 'NONE', ( #2913, #6764, #9395 ) ) ;
#311 = DIRECTION ( 'NONE',  ( 1.000000000000000000, 0.000000000000000000, 0.000000000000000000 ) ) ;
#312 = EDGE_LOOP ( 'NONE', ( #3923, #971, #1874, #339 ) ) ;
#313 = CARTESIAN_POINT ( 'NONE',  ( -29.99999999999997868, 0.000000000000000000, 6.500000000000000888 ) ) ;
#314 = EDGE_CURVE ( 'NONE', #195, #2906, #2257, .T. ) ;
#315 = EDGE_CURVE ( 'NONE', #6394, #2036, #5878, .T. ) ;
#316 = DIRECTION ( 'NONE',  ( 0.000000000000000000, 0.8994353934787675531, -0.4370537414983364233 ) ) ;
#317 = CARTESIAN_POINT ( 'NONE',  ( 32.99999999999997868, -16.10783521469172541, 15.36658938351599701 ) ) ;
#318 = CARTESIAN_POINT ( 'NONE',  ( 32.99999999999997868, -28.49999999999999645, 22.81294424401308873 ) ) ;
#319 = ORIENTED_EDGE ( 'NONE', *, *, #6136, .F. ) ;
#320 = DIRECTION ( 'NONE',  ( 0.000000000000000000, 1.000000000000000000, 0.000000000000000000 ) ) ;
#321 = CARTESIAN_POINT ( 'NONE',  ( 26.78294234767820825, 18.90955557852280933, 5.700000000000000178 ) ) ;
#322 = VERTEX_POINT ( 'NONE', #3522 ) ;
#323 = LINE ( 'NONE', #1218, #1521 ) ;
#324 = DIRECTION ( 'NONE',  ( -0.000000000000000000, 0.000000000000000000, 1.000000000000000000 ) ) ;
#325 = ADVANCED_FACE ( 'NONE', ( #6190 ), #6643, .F. ) ;
#326 = ADVANCED_FACE ( 'NONE', ( #9118 ), #7341, .T. ) ;
#327 = ORIENTED_EDGE ( 'NONE', *, *, #8453, .T. ) ;
#328 = ORIENTED_EDGE ( 'NONE', *, *, #5683, .F. ) ;
#329 = DIRECTION ( 'NONE',  ( -0.7073707969387312833, 0.7068426668207460351, 0.000000000000000000 ) ) ;
#330 = DIRECTION ( 'NONE',  ( -0.7073707969387323935, -0.7068426668207449248, -0.000000000000000000 ) ) ;
#331 = ORIENTED_EDGE ( 'NONE', *, *, #3711, .F. ) ;
#332 = CARTESIAN_POINT ( 'NONE',  ( -10.39816519068723899, -32.79999999999999716, 6.427855894855588836 ) ) ;
#333 = DIRECTION ( 'NONE',  ( -0.000000000000000000, -0.000000000000000000, 1.000000000000000000 ) ) ;
#334 = VERTEX_POINT ( 'NONE', #8168 ) ;
#335 = CARTESIAN_POINT ( 'NONE',  ( -30.20715215380525009, -28.79262920306126716, 22.16014891608120507 ) ) ;
#336 = ORIENTED_EDGE ( 'NONE', *, *, #3370, .F. ) ;
#337 = EDGE_LOOP ( 'NONE', ( #2248, #2429 ) ) ;
#338 = FACE_OUTER_BOUND ( 'NONE', #2072, .T. ) ;
#339 = ORIENTED_EDGE ( 'NONE', *, *, #4298, .T. ) ;
#340 = DIRECTION ( 'NONE',  ( -1.000000000000000000, 0.000000000000000000, 0.000000000000000000 ) ) ;
#341 = CARTESIAN_POINT ( 'NONE',  ( 19.29508843714772226, -32.79999999999999005, 6.145899241452325690 ) ) ;
#342 = LINE ( 'NONE', #10306, #4965 ) ;
#343 = ORIENTED_EDGE ( 'NONE', *, *, #5543, .F. ) ;
#344 = CARTESIAN_POINT ( 'NONE',  ( -21.80529186682069920, 18.83372836813735063, 6.000000000000000000 ) ) ;
#345 = ADVANCED_FACE ( 'NONE', ( #4579 ), #2680, .T. ) ;
#346 = CARTESIAN_POINT ( 'NONE',  ( -26.34065101359200511, -37.00000000000000000, 51.83453822009710876 ) ) ;
#347 = DIRECTION ( 'NONE',  ( -0.000000000000000000, 1.000000000000000000, -0.000000000000000000 ) ) ;
#348 = ORIENTED_EDGE ( 'NONE', *, *, #4615, .T. ) ;
#349 = CARTESIAN_POINT ( 'NONE',  ( -26.49486372914963894, -37.00000000000000711, 0.5748035049814649300 ) ) ;
#350 = CARTESIAN_POINT ( 'NONE',  ( -30.30044989481939410, 8.313198045369965428, 0.8996625647062047593 ) ) ;
#351 = AXIS2_PLACEMENT_3D ( 'NONE', #9006, #844, #8120 ) ;
#352 = CARTESIAN_POINT ( 'NONE',  ( 18.82420381369167472, -23.72709161337618156, 6.000000000000000000 ) ) ;
#353 = CARTESIAN_POINT ( 'NONE',  ( 38.48674648294750966, -35.00000000000002842, 50.00000000000000000 ) ) ;
#354 = ORIENTED_EDGE ( 'NONE', *, *, #5325, .F. ) ;
#355 = LINE ( 'NONE', #2151, #7854 ) ;
#356 = CYLINDRICAL_SURFACE ( 'NONE', #1306, 0.5000000000000004441 ) ;
#357 = VECTOR ( 'NONE', #2384, 1000.000000000000000 ) ;
#358 = B_SPLINE_CURVE_WITH_KNOTS ( 'NONE', 3,
 ( #10419, #5930, #4152, #7793, #2372, #3433 ),
 .UNSPECIFIED., .F., .F.,
 ( 4, 2, 4 ),
 ( 0.000000000000000000, 0.0002811585566928589052, 0.0005623171133857178105 ),
 .UNSPECIFIED. ) ;
#359 = DIRECTION ( 'NONE',  ( 0.000000000000000000, 0.000000000000000000, -1.000000000000000000 ) ) ;
#360 = CARTESIAN_POINT ( 'NONE',  ( 28.89999999999998082, -11.72217152773876592, 13.60611008563274282 ) ) ;
#361 = CARTESIAN_POINT ( 'NONE',  ( 26.34065101359201222, -37.00000000000000000, 49.50000000000000000 ) ) ;
#362 = VERTEX_POINT ( 'NONE', #6308 ) ;
#363 = ADVANCED_FACE ( 'NONE', ( #10848 ), #4565, .T. ) ;
#364 = ADVANCED_FACE ( 'NONE', ( #10032 ), #8227, .F. ) ;
#365 = CARTESIAN_POINT ( 'NONE',  ( -9.361426614940207003, -29.58727364125568826, 5.700000000000000178 ) ) ;
#366 = CARTESIAN_POINT ( 'NONE',  ( -19.57972195055398146, 27.28294234767709270, 4.000000000000000000 ) ) ;
#367 = DIRECTION ( 'NONE',  ( 1.519465818373845562E-16, -1.000000000000000000, 0.000000000000000000 ) ) ;
#368 = ORIENTED_EDGE ( 'NONE', *, *, #8088, .F. ) ;
#369 = EDGE_CURVE ( 'NONE', #8180, #4510, #1, .T. ) ;
#370 = CIRCLE ( 'NONE', #3987, 0.1999999999999987899 ) ;
#371 = CARTESIAN_POINT ( 'NONE',  ( 30.00000000000001066, 8.130517918508743946, 6.000000000000000000 ) ) ;
#372 = LINE ( 'NONE', #4002, #10937 ) ;
#373 = VERTEX_POINT ( 'NONE', #6430 ) ;
#374 = CIRCLE ( 'NONE', #8947, 1.000000000000001776 ) ;
#375 = EDGE_LOOP ( 'NONE', ( #7045, #9185, #253, #4432 ) ) ;
#376 = CARTESIAN_POINT ( 'NONE',  ( -21.82807647900966685, 18.53459485037747712, 5.700000000000000178 ) ) ;
#377 = CARTESIAN_POINT ( 'NONE',  ( -25.49999999999997868, 26.00000000000000355, 0.5000000000000004441 ) ) ;
#378 = EDGE_LOOP ( 'NONE', ( #4790, #6222, #6972, #7007 ) ) ;
#379 = DIRECTION ( 'NONE',  ( 0.000000000000000000, 0.000000000000000000, -1.000000000000000000 ) ) ;
#380 = EDGE_CURVE ( 'NONE', #1595, #5405, #7030, .T. ) ;
#381 = ADVANCED_FACE ( 'NONE', ( #6243 ), #5689, .T. ) ;
#382 = ADVANCED_FACE ( 'NONE', ( #5467 ), #66, .F. ) ;
#383 = FACE_OUTER_BOUND ( 'NONE', #9941, .T. ) ;
#384 = ORIENTED_EDGE ( 'NONE', *, *, #1778, .T. ) ;
#385 = CARTESIAN_POINT ( 'NONE',  ( 11.88379308764715958, 26.28294234767709270, 5.700000000000000178 ) ) ;
#386 = CARTESIAN_POINT ( 'NONE',  ( 30.50000000000001776, -37.36602540378443393, 0.5000000000000021094 ) ) ;
#387 = B_SPLINE_CURVE_WITH_KNOTS ( 'NONE', 3,
 ( #309, #6835, #6907, #4108, #8527, #5703, #3983, #5821 ),
 .UNSPECIFIED., .F., .F.,
 ( 4, 2, 2, 4 ),
 ( 3.529906531158615134E-18, 0.0005118710583149737323, 0.001023742116629943778, 0.002047484233259879750 ),
 .UNSPECIFIED. ) ;
#388 = ORIENTED_EDGE ( 'NONE', *, *, #5195, .F. ) ;
#389 = CIRCLE ( 'NONE', #3437, 0.5000000000000000000 ) ;
#390 = EDGE_LOOP ( 'NONE', ( #4297, #10416 ) ) ;
#391 = AXIS2_PLACEMENT_3D ( 'NONE', #2259, #5709, #6570 ) ;
#392 = CARTESIAN_POINT ( 'NONE',  ( -10.39816519068724787, -32.79999999999999716, 6.427855894855595942 ) ) ;
#393 = ORIENTED_EDGE ( 'NONE', *, *, #8350, .T. ) ;
#394 = CARTESIAN_POINT ( 'NONE',  ( 34.49999999999997868, -27.99999999999999645, 0.000000000000000000 ) ) ;
#395 = CARTESIAN_POINT ( 'NONE',  ( -9.837078689844943824, -32.79999999999999716, 6.481193783284292742 ) ) ;
#396 = AXIS2_PLACEMENT_3D ( 'NONE', #891, #9058, #11622 ) ;
#397 = CARTESIAN_POINT ( 'NONE',  ( 26.54775779477856545, -37.00000000000000000, 0.5000000000000000000 ) ) ;
#398 = EDGE_LOOP ( 'NONE', ( #10301, #1801, #11676, #1950 ) ) ;
#399 = VECTOR ( 'NONE', #1911, 1000.000000000000000 ) ;
#400 = CARTESIAN_POINT ( 'NONE',  ( 33.99999999999997868, -28.49999999999999645, 1.500000000000007550 ) ) ;
#401 = AXIS2_PLACEMENT_3D ( 'NONE', #4478, #7394, #4581 ) ;
#402 = ORIENTED_EDGE ( 'NONE', *, *, #1231, .T. ) ;
#403 = VECTOR ( 'NONE', #8920, 1000.000000000000000 ) ;
#404 = CYLINDRICAL_SURFACE ( 'NONE', #8118, 1.000000000000000000 ) ;
#405 = CARTESIAN_POINT ( 'NONE',  ( 18.65889919623605309, 23.46003738052286280, 5.700000000000000178 ) ) ;
#406 = VECTOR ( 'NONE', #3341, 1000.000000000000000 ) ;
#407 = EDGE_LOOP ( 'NONE', ( #8012, #7967 ) ) ;
#408 =( BOUNDED_CURVE ( )  B_SPLINE_CURVE ( 3, ( #8918, #1833, #4331, #6172 ),
 .UNSPECIFIED., .F., .F. ) 
 B_SPLINE_CURVE_WITH_KNOTS ( ( 4, 4 ),
 ( 0.2596555800173321882, 1.570796326794896558 ),
 .UNSPECIFIED. ) 
 CURVE ( )  GEOMETRIC_REPRESENTATION_ITEM ( )  RATIONAL_B_SPLINE_CURVE ( ( 1.000000000000000000, 0.8618002339327328620, 0.8618002339327328620, 1.000000000000000000 ) ) 
 REPRESENTATION_ITEM ( '' )  );
#409 = CARTESIAN_POINT ( 'NONE',  ( -17.10183990713254332, -23.02410380877829255, 5.700000000000000178 ) ) ;
#410 = CARTESIAN_POINT ( 'NONE',  ( -30.49999999999998579, 10.04744318041680096, 0.5000000000000029976 ) ) ;
#411 = DIRECTION ( 'NONE',  ( 1.973877827711729513E-16, 0.000000000000000000, 1.000000000000000000 ) ) ;
#412 = CARTESIAN_POINT ( 'NONE',  ( -30.49999999999998224, -37.50000000000000000, 5.500000000000000000 ) ) ;
#413 = VERTEX_POINT ( 'NONE', #9575 ) ;
#414 = DIRECTION ( 'NONE',  ( 0.000000000000000000, 0.000000000000000000, 1.000000000000000000 ) ) ;
#415 = DIRECTION ( 'NONE',  ( -1.000000000000000000, 0.000000000000000000, 0.000000000000000000 ) ) ;
#416 = CIRCLE ( 'NONE', #804, 0.5000000000000000000 ) ;
#417 = FILL_AREA_STYLE_COLOUR ( '', #7057 ) ;
#418 = DIRECTION ( 'NONE',  ( -0.000000000000000000, -0.000000000000000000, 1.000000000000000000 ) ) ;
#419 = VECTOR ( 'NONE', #3166, 1000.000000000000000 ) ;
#420 = DIRECTION ( 'NONE',  ( 0.000000000000000000, 1.204669080539449344E-16, 1.000000000000000000 ) ) ;
#421 = DIRECTION ( 'NONE',  ( -1.000000000000000000, 0.000000000000000000, 0.000000000000000000 ) ) ;
#422 = ORIENTED_EDGE ( 'NONE', *, *, #690, .F. ) ;
#423 = CARTESIAN_POINT ( 'NONE',  ( 31.50000000000000711, 7.310599156100376916, 6.210718465498435314 ) ) ;
#424 = DIRECTION ( 'NONE',  ( 0.000000000000000000, 0.000000000000000000, -1.000000000000000000 ) ) ;
#425 = AXIS2_PLACEMENT_3D ( 'NONE', #7576, #414, #4877 ) ;
#426 = CARTESIAN_POINT ( 'NONE',  ( 31.48674648294750611, -35.00000000000002842, 49.89999999999999858 ) ) ;
#427 = CARTESIAN_POINT ( 'NONE',  ( -49.99999999999999289, -37.50000000000000000, 10.50000000000000711 ) ) ;
#428 = ORIENTED_EDGE ( 'NONE', *, *, #1599, .T. ) ;
#429 = AXIS2_PLACEMENT_3D ( 'NONE', #5184, #7999, #10562 ) ;
#430 = DIRECTION ( 'NONE',  ( -1.000000000000000000, -1.137523590804463822E-16, 0.000000000000000000 ) ) ;
#431 = PLANE ( 'NONE',  #1407 ) ;
#432 = EDGE_CURVE ( 'NONE', #4304, #11269, #7665, .T. ) ;
#433 = EDGE_CURVE ( 'NONE', #6997, #864, #4902, .T. ) ;
#434 = AXIS2_PLACEMENT_3D ( 'NONE', #10980, #2749, #10916 ) ;
#435 = ORIENTED_EDGE ( 'NONE', *, *, #10747, .F. ) ;
#436 = VERTEX_POINT ( 'NONE', #6482 ) ;
#437 = CARTESIAN_POINT ( 'NONE',  ( 30.45506790557469401, -28.57010555460151480, 21.78136400960518415 ) ) ;
#438 = CARTESIAN_POINT ( 'NONE',  ( 32.99999999999997868, -11.01986028694750885, 12.89424006866458505 ) ) ;
#439 = ORIENTED_EDGE ( 'NONE', *, *, #2241, .T. ) ;
#440 = DIRECTION ( 'NONE',  ( -5.782411586589324585E-14, -1.000000000000000000, 6.687256751344533559E-28 ) ) ;
#441 = CIRCLE ( 'NONE', #3298, 0.2999999999999999334 ) ;
#442 = VECTOR ( 'NONE', #8408, 1000.000000000000000 ) ;
#443 = CARTESIAN_POINT ( 'NONE',  ( -30.34216924373853175, -28.65771291823871181, 22.07160579820518009 ) ) ;
#444 = ORIENTED_EDGE ( 'NONE', *, *, #7321, .F. ) ;
#445 = DIRECTION ( 'NONE',  ( -0.000000000000000000, -0.000000000000000000, 1.000000000000000000 ) ) ;
#446 = CARTESIAN_POINT ( 'NONE',  ( -30.28035250798919975, -28.71948350099451375, 21.79099762469747148 ) ) ;
#447 = VECTOR ( 'NONE', #3385, 1000.000000000000000 ) ;
#448 = AXIS2_PLACEMENT_3D ( 'NONE', #6610, #3979, #3758 ) ;
#449 = EDGE_CURVE ( 'NONE', #4517, #3908, #4139, .T. ) ;
#450 = EDGE_LOOP ( 'NONE', ( #2106, #11168, #7914, #388 ) ) ;
#451 = EDGE_CURVE ( 'NONE', #3304, #2644, #193, .T. ) ;
#452 = EDGE_CURVE ( 'NONE', #1233, #3081, #9705, .T. ) ;
#453 = CIRCLE ( 'NONE', #1217, 0.5000000000000004441 ) ;
#454 = VERTEX_POINT ( 'NONE', #5024 ) ;
#455 = CARTESIAN_POINT ( 'NONE',  ( -9.556001448147450006, -32.46616000976429461, 6.028416655133868041 ) ) ;
#456 = ORIENTED_EDGE ( 'NONE', *, *, #6467, .T. ) ;
#457 = CARTESIAN_POINT ( 'NONE',  ( -10.74476986830267045, -28.61261418486571628, 6.000000000000000888 ) ) ;
#458 = DIRECTION ( 'NONE',  ( 0.000000000000000000, 0.000000000000000000, -1.000000000000000000 ) ) ;
#459 = CARTESIAN_POINT ( 'NONE',  ( 26.64689772753535379, 19.39069158978177754, 5.700000000000000178 ) ) ;
#460 = VERTEX_POINT ( 'NONE', #11308 ) ;
#461 = AXIS2_PLACEMENT_3D ( 'NONE', #2083, #2146, #3031 ) ;
#462 = CARTESIAN_POINT ( 'NONE',  ( 12.30374153030519579, -27.88417552604335015, 4.000000000000000000 ) ) ;
#463 = EDGE_CURVE ( 'NONE', #5411, #5141, #1077, .T. ) ;
#464 = EDGE_CURVE ( 'NONE', #3008, #3649, #7237, .T. ) ;
#465 = VERTEX_POINT ( 'NONE', #10353 ) ;
#466 = AXIS2_PLACEMENT_3D ( 'NONE', #5775, #10169, #1209 ) ;
#467 = CARTESIAN_POINT ( 'NONE',  ( 31.36530762627231894, -28.21852687074917299, 22.36322654727371528 ) ) ;
#468 = CARTESIAN_POINT ( 'NONE',  ( 30.37059548044543433, -37.04711895250622433, 0.1585814967230529393 ) ) ;
#469 = ORIENTED_EDGE ( 'NONE', *, *, #11601, .F. ) ;
#470 = CARTESIAN_POINT ( 'NONE',  ( -21.86605083265882854, 18.03603898744441381, 6.000000000000000000 ) ) ;
#471 = CARTESIAN_POINT ( 'NONE',  ( -31.43470391019219434, 5.443764308342507796, 6.004749893670513927 ) ) ;
#472 = CARTESIAN_POINT ( 'NONE',  ( -27.35126265846939830, -24.74873734153059246, 5.799999999999999822 ) ) ;
#473 = CARTESIAN_POINT ( 'NONE',  ( 30.65000366322149361, 7.080364228166569518, 5.736906155166142440 ) ) ;
#474 = VERTEX_POINT ( 'NONE', #1962 ) ;
#475 = DIRECTION ( 'NONE',  ( 0.000000000000000000, 0.000000000000000000, 1.000000000000000000 ) ) ;
#476 = CARTESIAN_POINT ( 'NONE',  ( 26.50237886973087953, -33.66907670854520518, 50.00000000000000000 ) ) ;
#477 = AXIS2_PLACEMENT_3D ( 'NONE', #1080, #1906, #184 ) ;
#478 = CARTESIAN_POINT ( 'NONE',  ( 26.78294234767823312, -18.90955557852281643, 5.000000000000000000 ) ) ;
#479 = LINE ( 'NONE', #4115, #11793 ) ;
#480 =( BOUNDED_SURFACE ( )  B_SPLINE_SURFACE ( 3, 2, ( 
 ( #8560, #11422, #392 ),
 ( #6767, #4146, #5856 ),
 ( #9460, #9583, #1341 ),
 ( #7917, #566, #9516 ),
 ( #7732, #4027, #5988 ),
 ( #455, #7675, #4907 ) ),
 .UNSPECIFIED., .F., .F., .F. ) 
 B_SPLINE_SURFACE_WITH_KNOTS ( ( 4, 2, 4 ),
 ( 3, 3 ),
 ( 0.001823104683790321328, 0.002248094322352277210, 0.002673083960914232875 ),
 ( 0.2258589867263761097, 1.000000000000000000 ),
 .UNSPECIFIED. ) 
 GEOMETRIC_REPRESENTATION_ITEM ( )  RATIONAL_B_SPLINE_SURFACE ( (
 ( 0.9549066865520657865, 0.9001737453498719344, 1.000000000000000000),
 ( 0.9549780699549476060, 0.9003317718333792019, 1.000000000000000000),
 ( 0.9488238557238737325, 0.8867077528818338994, 1.000000000000000000),
 ( 0.9281482199902997277, 0.8409366369451851675, 1.000000000000000000),
 ( 0.9137225254888641235, 0.8090014575872082059, 1.000000000000000000),
 ( 0.8975771716402063394, 0.7732593468067820996, 1.000000000000000000) ) ) 
 REPRESENTATION_ITEM ( '' )  SURFACE ( )  );
#481 = CARTESIAN_POINT ( 'NONE',  ( 0.000000000000000000, 0.000000000000000000, -37.50000000000001421 ) ) ;
#482 = CARTESIAN_POINT ( 'NONE',  ( -30.53167257725175432, -28.30308604426465635, 21.58645441362951090 ) ) ;
#483 = ORIENTED_EDGE ( 'NONE', *, *, #7321, .T. ) ;
#484 = CARTESIAN_POINT ( 'NONE',  ( -30.55073541448557606, 6.052286206980097560, 6.000000000000000000 ) ) ;
#485 = CIRCLE ( 'NONE', #7161, 3.000000000000002665 ) ;
#486 = CARTESIAN_POINT ( 'NONE',  ( -19.49999999999999645, -37.00000000000000000, 27.00000000000000711 ) ) ;
#487 = LINE ( 'NONE', #426, #419 ) ;
#488 = DIRECTION ( 'NONE',  ( -1.000000000000000000, 0.000000000000000000, 0.000000000000000000 ) ) ;
#489 = EDGE_LOOP ( 'NONE', ( #9329, #6565, #1089, #3819 ) ) ;
#490 = CARTESIAN_POINT ( 'NONE',  ( -3.244874193390045125, -30.97010467188755456, 6.000000000000000000 ) ) ;
#491 = CARTESIAN_POINT ( 'NONE',  ( -30.37760673426220848, -28.62230188570038791, 21.57402752746411778 ) ) ;
#492 = CARTESIAN_POINT ( 'NONE',  ( 31.49999999999997868, -11.01986028694750885, 12.89424006866458683 ) ) ;
#493 = EDGE_LOOP ( 'NONE', ( #586, #10891, #3622, #4654 ) ) ;
#494 = FACE_OUTER_BOUND ( 'NONE', #5623, .T. ) ;
#495 = CARTESIAN_POINT ( 'NONE',  ( -25.37175490347321016, -11.47180104703813264, 4.000000000000000000 ) ) ;
#496 = LINE ( 'NONE', #9630, #1011 ) ;
#497 = EDGE_LOOP ( 'NONE', ( #5941, #1566, #7369, #6953, #1150 ) ) ;
#498 = ADVANCED_FACE ( 'NONE', ( #10407 ), #1013, .F. ) ;
#499 = CARTESIAN_POINT ( 'NONE',  ( 30.91399482062600512, -28.49999999999999645, 22.68041234772800507 ) ) ;
#500 = EDGE_CURVE ( 'NONE', #4894, #6536, #2290, .T. ) ;
#501 = FACE_OUTER_BOUND ( 'NONE', #4335, .T. ) ;
#502 = CARTESIAN_POINT ( 'NONE',  ( 3.244874193390044681, -32.45419513345802898, 4.000000000000000000 ) ) ;
#503 = ORIENTED_EDGE ( 'NONE', *, *, #4230, .T. ) ;
#504 = CARTESIAN_POINT ( 'NONE',  ( 26.34065101359201222, -37.00000000000000000, 51.83453822009710876 ) ) ;
#505 = DIRECTION ( 'NONE',  ( -1.000000000000000000, -1.137523590804463822E-16, 0.000000000000000000 ) ) ;
#506 = ORIENTED_EDGE ( 'NONE', *, *, #10486, .T. ) ;
#507 = VECTOR ( 'NONE', #3368, 1000.000000000000000 ) ;
#508 = ORIENTED_EDGE ( 'NONE', *, *, #3785, .F. ) ;
#509 = CARTESIAN_POINT ( 'NONE',  ( -25.78279235760480148, -32.80000000000000426, 49.58578643762691485 ) ) ;
#510 = CARTESIAN_POINT ( 'NONE',  ( -31.48674648294754519, -35.00000000000000000, 49.89999999999999858 ) ) ;
#511 = ORIENTED_EDGE ( 'NONE', *, *, #3531, .F. ) ;
#512 = EDGE_CURVE ( 'NONE', #10365, #3237, #8555, .T. ) ;
#513 = EDGE_CURVE ( 'NONE', #2489, #3054, #8377, .T. ) ;
#514 = DIRECTION ( 'NONE',  ( 0.000000000000000000, 0.000000000000000000, 1.000000000000000000 ) ) ;
#515 = CARTESIAN_POINT ( 'NONE',  ( 50.00000000000000711, -28.49999999999999289, 10.50000000000000533 ) ) ;
#516 = EDGE_CURVE ( 'NONE', #6209, #9099, #5122, .T. ) ;
#517 = CARTESIAN_POINT ( 'NONE',  ( -21.48033429508656056, 17.71788375388184278, 4.000000000000000000 ) ) ;
#518 = ORIENTED_EDGE ( 'NONE', *, *, #3510, .F. ) ;
#519 = ADVANCED_FACE ( 'NONE', ( #11241 ), #562, .T. ) ;
#520 = VECTOR ( 'NONE', #565, 1000.000000000000000 ) ;
#521 = DIRECTION ( 'NONE',  ( 0.000000000000000000, 0.000000000000000000, -1.000000000000000000 ) ) ;
#522 = ORIENTED_EDGE ( 'NONE', *, *, #2238, .T. ) ;
#523 = DIRECTION ( 'NONE',  ( -1.000000000000000000, 0.000000000000000000, 0.000000000000000000 ) ) ;
#524 = CARTESIAN_POINT ( 'NONE',  ( -18.60168694399052924, 22.70891192219750465, 4.000000000000000000 ) ) ;
#525 = ORIENTED_EDGE ( 'NONE', *, *, #654, .F. ) ;
#526 = DIRECTION ( 'NONE',  ( 1.000000000000000000, 0.000000000000000000, 0.000000000000000000 ) ) ;
#527 = DIRECTION ( 'NONE',  ( 0.000000000000000000, 0.000000000000000000, 1.000000000000000000 ) ) ;
#528 = CARTESIAN_POINT ( 'NONE',  ( 18.99648855928712976, 23.41345816803995561, 6.000000000000000888 ) ) ;
#529 = EDGE_CURVE ( 'NONE', #2036, #334, #9456, .T. ) ;
#530 = EDGE_CURVE ( 'NONE', #8236, #10968, #8676, .T. ) ;
#531 = DIRECTION ( 'NONE',  ( 1.000000000000000000, 0.000000000000000000, 0.000000000000000000 ) ) ;
#532 = VERTEX_POINT ( 'NONE', #6811 ) ;
#533 = EDGE_CURVE ( 'NONE', #10237, #8835, #7778, .T. ) ;
#534 = CARTESIAN_POINT ( 'NONE',  ( 45.00000000000001421, -29.50000000000000000, 45.00000000000000711 ) ) ;
#535 = CARTESIAN_POINT ( 'NONE',  ( 25.78279235760479438, -32.79999999999999716, 49.00000000000000000 ) ) ;
#536 = CARTESIAN_POINT ( 'NONE',  ( -31.49999999999997868, 8.468626966596888295, 0.000000000000000000 ) ) ;
#537 = CARTESIAN_POINT ( 'NONE',  ( 33.99999999999997868, -13.12679400932128182, 15.02985011956905659 ) ) ;
#538 = CARTESIAN_POINT ( 'NONE',  ( -26.34065101359200511, -36.50000000000000000, 1.000000000000000000 ) ) ;
#539 = CARTESIAN_POINT ( 'NONE',  ( -21.82807647901000081, -18.53459485037750554, 4.000000000000000000 ) ) ;
#540 = ORIENTED_EDGE ( 'NONE', *, *, #3802, .T. ) ;
#541 = FACE_OUTER_BOUND ( 'NONE', #1241, .T. ) ;
#542 = DIRECTION ( 'NONE',  ( -1.000000000000000000, 0.000000000000000000, 0.000000000000000000 ) ) ;
#543 = DIRECTION ( 'NONE',  ( -1.000000000000000000, -1.137523590804463822E-16, 0.000000000000000000 ) ) ;
#544 = ORIENTED_EDGE ( 'NONE', *, *, #5598, .T. ) ;
#545 = DIRECTION ( 'NONE',  ( -0.000000000000000000, -1.000000000000000000, -0.000000000000000000 ) ) ;
#546 = AXIS2_PLACEMENT_3D ( 'NONE', #10557, #9541, #11343 ) ;
#547 = CARTESIAN_POINT ( 'NONE',  ( -27.58294234767780040, 11.88379308764551112, 6.000000000000000000 ) ) ;
#548 = CARTESIAN_POINT ( 'NONE',  ( 32.41886116991580735, 6.636296480697990496, 5.426567099067136191 ) ) ;
#549 = ORIENTED_EDGE ( 'NONE', *, *, #4248, .T. ) ;
#550 = CARTESIAN_POINT ( 'NONE',  ( -32.55772329692345579, 7.091253400686031050, 5.205494384402967079 ) ) ;
#551 = FACE_OUTER_BOUND ( 'NONE', #3567, .T. ) ;
#552 = CYLINDRICAL_SURFACE ( 'NONE', #6905, 10.00000000000000178 ) ;
#553 = ORIENTED_EDGE ( 'NONE', *, *, #2989, .T. ) ;
#554 = B_SPLINE_CURVE_WITH_KNOTS ( 'NONE', 2,
 ( #3641, #10860, #7286 ),
 .UNSPECIFIED., .F., .F.,
 ( 3, 3 ),
 ( 0.1219870694738875022, 0.7671193349923760563 ),
 .UNSPECIFIED. ) ;
#555 = CARTESIAN_POINT ( 'NONE',  ( -26.84065101359200511, -37.50000000000000000, 49.50000000000000000 ) ) ;
#556 = TOROIDAL_SURFACE ( 'NONE', #9899, 2.000000000000000000, 1.000000000000000000 ) ;
#557 = DIRECTION ( 'NONE',  ( 0.000000000000000000, -1.000000000000000000, 0.000000000000000000 ) ) ;
#558 = CARTESIAN_POINT ( 'NONE',  ( -3.903587267792825166, -32.29999999999999716, 6.000000000000000000 ) ) ;
#559 = ORIENTED_EDGE ( 'NONE', *, *, #3676, .T. ) ;
#560 = DIRECTION ( 'NONE',  ( 0.000000000000000000, -0.000000000000000000, 1.000000000000000000 ) ) ;
#561 = DIRECTION ( 'NONE',  ( -0.9111874442045702072, 0.4119920406075139874, 0.000000000000000000 ) ) ;
#562 = TOROIDAL_SURFACE ( 'NONE', #6074, 5.500000000000000000, 0.5000000000000000000 ) ;
#563 = ORIENTED_EDGE ( 'NONE', *, *, #5400, .T. ) ;
#564 = ORIENTED_EDGE ( 'NONE', *, *, #3954, .F. ) ;
#565 = DIRECTION ( 'NONE',  ( -0.000000000000000000, -0.000000000000000000, -1.000000000000000000 ) ) ;
#566 = CARTESIAN_POINT ( 'NONE',  ( -9.795907260032688413, -32.79999999999962057, 6.203664893166260796 ) ) ;
#567 = ORIENTED_EDGE ( 'NONE', *, *, #3195, .F. ) ;
#568 = DIRECTION ( 'NONE',  ( 1.000000000000000000, -0.000000000000000000, 0.000000000000000000 ) ) ;
#569 = CARTESIAN_POINT ( 'NONE',  ( 30.50000000000001776, -37.49999999999999289, 6.000000000000000000 ) ) ;
#570 = AXIS2_PLACEMENT_3D ( 'NONE', #608, #3288, #9622 ) ;
#571 = CARTESIAN_POINT ( 'NONE',  ( -26.48963502442554940, -32.50737079693873000, 49.58578643762690774 ) ) ;
#572 = ORIENTED_EDGE ( 'NONE', *, *, #1164, .F. ) ;
#573 = DIRECTION ( 'NONE',  ( -1.224646799147353207E-16, 1.000000000000000000, 0.000000000000000000 ) ) ;
#574 = VECTOR ( 'NONE', #11462, 1000.000000000000000 ) ;
#575 = B_SPLINE_SURFACE_WITH_KNOTS ( 'NONE', 2, 1, ( 
 ( #2363, #8028 ),
 ( #5985, #8327 ),
 ( #7250, #5503 ) ),
 .UNSPECIFIED., .F., .F., .F.,
 ( 3, 3 ),
 ( 2, 2 ),
 ( 0.1219870682885936808, 0.7671193433266221273 ),
 ( 0.000000000000000000, 1.000000000000000000 ),
 .UNSPECIFIED. ) ;
#576 = ADVANCED_FACE ( 'NONE', ( #6878 ), #9906, .T. ) ;
#577 = EDGE_CURVE ( 'NONE', #474, #10241, #6845, .T. ) ;
#578 = CIRCLE ( 'NONE', #3821, 0.5000000000000004441 ) ;
#579 = ORIENTED_EDGE ( 'NONE', *, *, #6858, .F. ) ;
#580 = CARTESIAN_POINT ( 'NONE',  ( 30.51612360056751783, -28.30769996194559113, 21.49359563289033659 ) ) ;
#581 = ORIENTED_EDGE ( 'NONE', *, *, #577, .T. ) ;
#582 = CARTESIAN_POINT ( 'NONE',  ( -12.30077645734314551, -27.88328592590264776, 4.000000000000000000 ) ) ;
#583 = CARTESIAN_POINT ( 'NONE',  ( 21.86605083265883920, 18.03603898744442446, 4.000000000000000000 ) ) ;
#584 = DIRECTION ( 'NONE',  ( 0.000000000000000000, 0.4370537414983344249, 0.8994353934787686633 ) ) ;
#585 = FACE_OUTER_BOUND ( 'NONE', #8442, .T. ) ;
#586 = ORIENTED_EDGE ( 'NONE', *, *, #8525, .F. ) ;
#587 = CIRCLE ( 'NONE', #7263, 0.4999999999999995559 ) ;
#588 = CYLINDRICAL_SURFACE ( 'NONE', #5366, 0.9999999999999998890 ) ;
#589 = CARTESIAN_POINT ( 'NONE',  ( 25.80434271339900576, -32.82602732536753365, 49.26174788927426107 ) ) ;
#590 = AXIS2_PLACEMENT_3D ( 'NONE', #10075, #8927, #765 ) ;
#591 = CARTESIAN_POINT ( 'NONE',  ( -21.82807647900999726, 18.53459485037750198, 4.000000000000000000 ) ) ;
#592 = AXIS2_PLACEMENT_3D ( 'NONE', #7873, #2563, #3386 ) ;
#593 = AXIS2_PLACEMENT_3D ( 'NONE', #10443, #1373, #4484 ) ;
#594 = EDGE_CURVE ( 'NONE', #2951, #2224, #10466, .T. ) ;
#595 = DIRECTION ( 'NONE',  ( -1.000000000000000000, 0.000000000000000000, 0.000000000000000000 ) ) ;
#596 = EDGE_CURVE ( 'NONE', #10368, #6605, #2469, .T. ) ;
#597 = EDGE_CURVE ( 'NONE', #2710, #3105, #7842, .T. ) ;
#598 = CARTESIAN_POINT ( 'NONE',  ( 0.000000000000000000, 0.000000000000000000, 6.000000000000000000 ) ) ;
#599 = DIRECTION ( 'NONE',  ( 1.000000000000000000, -0.000000000000000000, 0.000000000000000000 ) ) ;
#600 = VERTEX_POINT ( 'NONE', #5317 ) ;
#601 = CARTESIAN_POINT ( 'NONE',  ( 30.11422293818520757, 7.346761481155277274, 6.000000000000000000 ) ) ;
#602 = CARTESIAN_POINT ( 'NONE',  ( 33.87378639144233716, -28.11005427820095548, 21.75863684194265701 ) ) ;
#603 = CARTESIAN_POINT ( 'NONE',  ( -30.68483193875932002, -28.26654943009219068, 21.92680087241336651 ) ) ;
#604 = EDGE_LOOP ( 'NONE', ( #7525, #7932, #11229, #9875, #4607, #2717, #6712 ) ) ;
#605 = CIRCLE ( 'NONE', #4609, 27.84471522829317536 ) ;
#606 = AXIS2_PLACEMENT_3D ( 'NONE', #2825, #9384, #1869 ) ;
#607 = CARTESIAN_POINT ( 'NONE',  ( 26.19678717823081371, -32.29999999999999716, 6.000000000000000000 ) ) ;
#608 = CARTESIAN_POINT ( 'NONE',  ( -17.52699061374556422, 21.24890437254214959, 5.700000000000000178 ) ) ;
#609 = CARTESIAN_POINT ( 'NONE',  ( 31.50000000000000711, 6.873545414602038051, 5.311283072019667983 ) ) ;
#610 = EDGE_CURVE ( 'NONE', #10505, #10368, #370, .T. ) ;
#611 = ORIENTED_EDGE ( 'NONE', *, *, #2459, .T. ) ;
#612 = CARTESIAN_POINT ( 'NONE',  ( -34.49999999999997868, -28.49999999999999645, 0.9142135623731024729 ) ) ;
#613 = AXIS2_PLACEMENT_3D ( 'NONE', #3575, #10847, #2678 ) ;
#614 = CARTESIAN_POINT ( 'NONE',  ( 0.000000000000000000, 0.000000000000000000, 4.000000000000000000 ) ) ;
#615 = CARTESIAN_POINT ( 'NONE',  ( -17.10183990713238344, -23.02410380877846308, 6.000000000000000000 ) ) ;
#616 = ORIENTED_EDGE ( 'NONE', *, *, #9356, .F. ) ;
#617 = FACE_OUTER_BOUND ( 'NONE', #1949, .T. ) ;
#618 = CARTESIAN_POINT ( 'NONE',  ( -30.20715216042874829, -28.79262919644271079, 22.15956251588011483 ) ) ;
#619 = ORIENTED_EDGE ( 'NONE', *, *, #7604, .F. ) ;
#620 = VECTOR ( 'NONE', #1267, 1000.000000000000000 ) ;
#621 = AXIS2_PLACEMENT_3D ( 'NONE', #9318, #1264, #3946 ) ;
#622 = FACE_OUTER_BOUND ( 'NONE', #10249, .T. ) ;
#623 =( BOUNDED_SURFACE ( )  B_SPLINE_SURFACE ( 3, 2, ( 
 ( #4425, #6442, #15 ),
 ( #81, #4660, #2637 ),
 ( #5483, #912, #965 ),
 ( #9017, #8308, #4490 ),
 ( #5367, #9860, #9984 ),
 ( #11766, #137, #7354 ),
 ( #3645, #2765, #3587 ),
 ( #10933, #6392, #10864 ) ),
 .UNSPECIFIED., .F., .F., .F. ) 
 B_SPLINE_SURFACE_WITH_KNOTS ( ( 4, 2, 2, 4 ),
 ( 3, 3 ),
 ( 4.712388980384689674, 5.367959353773471776, 5.695744540467863715, 6.023529727162254765 ),
 ( 0.000000000000000000, 1.000000000000000000 ),
 .UNSPECIFIED. ) 
 GEOMETRIC_REPRESENTATION_ITEM ( )  RATIONAL_B_SPLINE_SURFACE ( (
 ( 1.000000000000000000, 0.7071067811865456854, 1.000000000000000000),
 ( 1.000000000000000000, 0.7766861330168692845, 1.000000000000000000),
 ( 1.000000000000000000, 0.8355902836204118778, 1.000000000000000000),
 ( 1.000000000000000000, 0.9019943893952365732, 1.000000000000000000),
 ( 1.000000000000000000, 0.9204925908885436270, 1.000000000000000000),
 ( 1.000000000000000000, 0.9496173928789310992, 1.000000000000000000),
 ( 1.000000000000000000, 0.9602484399046818941, 1.000000000000000000),
 ( 1.000000000000000000, 0.9667690877350055834, 1.000000000000000000) ) ) 
 REPRESENTATION_ITEM ( '' )  SURFACE ( )  );
#624 = EDGE_LOOP ( 'NONE', ( #10389, #9103, #3600, #1987 ) ) ;
#625 = VECTOR ( 'NONE', #8402, 1000.000000000000000 ) ;
#626 = CARTESIAN_POINT ( 'NONE',  ( 30.49912183736498150, -28.58849537856706746, 22.17680023568665959 ) ) ;
#627 = DIRECTION ( 'NONE',  ( 0.000000000000000000, 0.000000000000000000, 1.000000000000000000 ) ) ;
#628 = ORIENTED_EDGE ( 'NONE', *, *, #5676, .T. ) ;
#629 = VECTOR ( 'NONE', #7285, 1000.000000000000000 ) ;
#630 = ORIENTED_EDGE ( 'NONE', *, *, #7812, .F. ) ;
#631 = VECTOR ( 'NONE', #8940, 1000.000000000000000 ) ;
#632 = CARTESIAN_POINT ( 'NONE',  ( -30.49999999999998224, 8.324558741874829693, 5.157613496364187533 ) ) ;
#633 = VERTEX_POINT ( 'NONE', #5210 ) ;
#634 = AXIS2_PLACEMENT_3D ( 'NONE', #8509, #2291, #4083 ) ;
#635 = CARTESIAN_POINT ( 'NONE',  ( 19.74071013277980668, -32.79999999999999716, 6.500000000000000888 ) ) ;
#636 = ORIENTED_EDGE ( 'NONE', *, *, #7436, .F. ) ;
#637 = DIRECTION ( 'NONE',  ( -1.000000000000000000, 0.000000000000000000, 0.000000000000000000 ) ) ;
#638 = DIRECTION ( 'NONE',  ( -1.000000000000000000, 0.000000000000000000, 0.000000000000000000 ) ) ;
#639 = LINE ( 'NONE', #4275, #232 ) ;
#640 = ORIENTED_EDGE ( 'NONE', *, *, #4299, .F. ) ;
#641 = CIRCLE ( 'NONE', #8637, 5.499999999999998224 ) ;
#642 = AXIS2_PLACEMENT_3D ( 'NONE', #7455, #4819, #5816 ) ;
#643 = CARTESIAN_POINT ( 'NONE',  ( 19.67937319653868755, 26.56527095544834793, 5.700000000000000178 ) ) ;
#644 = B_SPLINE_CURVE_WITH_KNOTS ( 'NONE', 3,
 ( #5193, #6614, #10484, #8643, #5871, #6783, #7573, #10375 ),
 .UNSPECIFIED., .F., .F.,
 ( 4, 2, 2, 4 ),
 ( 0.000000000000000000, 0.003747805044981324107, 0.005621707567471986161, 0.007495610089962648215 ),
 .UNSPECIFIED. ) ;
#645 = AXIS2_PLACEMENT_3D ( 'NONE', #8023, #2535, #1639 ) ;
#646 = ORIENTED_EDGE ( 'NONE', *, *, #8324, .T. ) ;
#647 = CARTESIAN_POINT ( 'NONE',  ( 19.24013356069989200, 25.01185409785287916, 6.000000000000000000 ) ) ;
#648 = EDGE_LOOP ( 'NONE', ( #10616, #3512, #4366, #6802, #11382, #11782 ) ) ;
#649 = EDGE_CURVE ( 'NONE', #9683, #1693, #3523, .T. ) ;
#650 = FACE_OUTER_BOUND ( 'NONE', #11728, .T. ) ;
#651 = CARTESIAN_POINT ( 'NONE',  ( -22.15126265847086628, 24.75126265846941820, 5.799999999999999822 ) ) ;
#652 = CIRCLE ( 'NONE', #8475, 2.600000000000001421 ) ;
#653 = CARTESIAN_POINT ( 'NONE',  ( -16.88511317922752042, -22.81666821537257306, 5.700000000000000178 ) ) ;
#654 = EDGE_CURVE ( 'NONE', #11567, #2591, #6947, .T. ) ;
#655 = ADVANCED_FACE ( 'NONE', ( #6218 ), #3412, .T. ) ;
#656 = LINE ( 'NONE', #4222, #1542 ) ;
#657 = ORIENTED_EDGE ( 'NONE', *, *, #1735, .T. ) ;
#658 = DIRECTION ( 'NONE',  ( -0.000000000000000000, -0.000000000000000000, 1.000000000000000000 ) ) ;
#659 = PLANE ( 'NONE',  #1886 ) ;
#660 = DIRECTION ( 'NONE',  ( 1.000000000000000000, 0.000000000000000000, 0.000000000000000000 ) ) ;
#661 = DIRECTION ( 'NONE',  ( -5.064886061246151462E-17, -1.000000000000000000, 0.000000000000000000 ) ) ;
#662 = DIRECTION ( 'NONE',  ( 0.000000000000000000, 0.000000000000000000, 1.000000000000000000 ) ) ;
#663 = CARTESIAN_POINT ( 'NONE',  ( 19.00000000000001421, -36.50000000000000000, 44.00000000000000711 ) ) ;
#664 = EDGE_LOOP ( 'NONE', ( #689, #3686, #3611 ) ) ;
#665 = CARTESIAN_POINT ( 'NONE',  ( -33.99999999999997868, -28.00000000001498535, 1.369076711110858602 ) ) ;
#666 = DIRECTION ( 'NONE',  ( 1.000000000000000000, 0.000000000000000000, 0.000000000000000000 ) ) ;
#667 = CARTESIAN_POINT ( 'NONE',  ( 21.80529186682036169, -18.83372836813732931, 6.000000000000000000 ) ) ;
#668 = DIRECTION ( 'NONE',  ( 0.000000000000000000, 0.000000000000000000, 1.000000000000000000 ) ) ;
#669 = ORIENTED_EDGE ( 'NONE', *, *, #8238, .T. ) ;
#670 = AXIS2_PLACEMENT_3D ( 'NONE', #8173, #71, #11757 ) ;
#671 = EDGE_CURVE ( 'NONE', #6216, #2489, #10658, .T. ) ;
#672 = B_SPLINE_CURVE_WITH_KNOTS ( 'NONE', 3,
 ( #1240, #10364, #11613, #4207, #2480, #1705, #5277, #3319, #8869, #4332, #8742, #702, #6890, #1468, #7978, #1589, #11428, #10535 ),
 .UNSPECIFIED., .F., .F.,
 ( 4, 2, 2, 2, 2, 2, 2, 2, 4 ),
 ( 1.764953265579307567E-18, 0.0004480078253026282620, 0.0008960156506052546809, 0.001344023475907881208, 0.001792031301210507627, 0.002240039126513134263, 0.002688046951815760682, 0.003136054777118387100, 0.003584062602421013519 ),
 .UNSPECIFIED. ) ;
#673 = CARTESIAN_POINT ( 'NONE',  ( 21.94873734152913158, 24.75126265847088547, 5.799999999999999822 ) ) ;
#674 = EDGE_CURVE ( 'NONE', #10782, #11246, #2089, .T. ) ;
#675 = CARTESIAN_POINT ( 'NONE',  ( 30.22255424710003879, -28.77723860912352905, 22.03167208321696791 ) ) ;
#676 = DIRECTION ( 'NONE',  ( -1.000000000000000000, 0.000000000000000000, 0.000000000000000000 ) ) ;
#677 = ORIENTED_EDGE ( 'NONE', *, *, #8612, .T. ) ;
#678 = DIRECTION ( 'NONE',  ( 0.000000000000000000, 0.000000000000000000, 1.000000000000000000 ) ) ;
#679 = CIRCLE ( 'NONE', #2392, 0.1999999999999996503 ) ;
#680 = CARTESIAN_POINT ( 'NONE',  ( 26.36738455809535253, -36.99999999999998579, 0.8187378052039732124 ) ) ;
#681 = CARTESIAN_POINT ( 'NONE',  ( -16.88511317922750976, -22.81666821537259437, 6.000000000000000000 ) ) ;
#682 = ORIENTED_EDGE ( 'NONE', *, *, #4013, .F. ) ;
#683 = CYLINDRICAL_SURFACE ( 'NONE', #5041, 5.999999999999998224 ) ;
#684 = DIRECTION ( 'NONE',  ( 0.000000000000000000, 0.000000000000000000, -1.000000000000000000 ) ) ;
#685 = ORIENTED_EDGE ( 'NONE', *, *, #2842, .F. ) ;
#686 = B_SPLINE_SURFACE_WITH_KNOTS ( 'NONE', 3, 1, ( 
 ( #300, #7683 ),
 ( #11323, #3191 ),
 ( #462, #6659 ),
 ( #3146, #10538 ) ),
 .UNSPECIFIED., .F., .F., .F.,
 ( 4, 4 ),
 ( 2, 2 ),
 ( 0.1540486742239084716, 0.6984138613445214361 ),
 ( 0.000000000000000000, 1.000000000000000000 ),
 .UNSPECIFIED. ) ;
#687 = EDGE_CURVE ( 'NONE', #2901, #7550, #1316, .T. ) ;
#688 = CARTESIAN_POINT ( 'NONE',  ( -40.99999999999998579, -37.29999999999999716, 40.50000000000000000 ) ) ;
#689 = ORIENTED_EDGE ( 'NONE', *, *, #5629, .F. ) ;
#690 = EDGE_CURVE ( 'NONE', #4619, #941, #2852, .T. ) ;
#691 = DIRECTION ( 'NONE',  ( 1.000000000000000000, 0.000000000000000000, 0.000000000000000000 ) ) ;
#692 = DIRECTION ( 'NONE',  ( -1.000000000000000000, 0.000000000000000000, 0.000000000000000000 ) ) ;
#693 = ORIENTED_EDGE ( 'NONE', *, *, #4593, .T. ) ;
#694 = ORIENTED_EDGE ( 'NONE', *, *, #17, .T. ) ;
#695 = DIRECTION ( 'NONE',  ( -1.000000000000000000, 0.000000000000000000, 0.000000000000000000 ) ) ;
#696 = EDGE_LOOP ( 'NONE', ( #5681, #6706, #4861, #921 ) ) ;
#697 = DIRECTION ( 'NONE',  ( -0.000000000000000000, -0.000000000000000000, 1.000000000000000000 ) ) ;
#698 = ORIENTED_EDGE ( 'NONE', *, *, #3071, .F. ) ;
#699 =( BOUNDED_CURVE ( )  B_SPLINE_CURVE ( 3, ( #1638, #8022, #3362, #4374 ),
 .UNSPECIFIED., .F., .F. ) 
 B_SPLINE_CURVE_WITH_KNOTS ( ( 4, 4 ),
 ( 3.266920484757866561, 4.712388980384689674 ),
 .UNSPECIFIED. ) 
 CURVE ( )  GEOMETRIC_REPRESENTATION_ITEM ( )  RATIONAL_B_SPLINE_CURVE ( ( 1.000000000000000000, 0.8333333333333350357, 0.8333333333333350357, 1.000000000000000000 ) ) 
 REPRESENTATION_ITEM ( '' )  );
#700 = DIRECTION ( 'NONE',  ( -1.000000000000000000, 0.000000000000000000, 0.000000000000000000 ) ) ;
#701 = CARTESIAN_POINT ( 'NONE',  ( 20.00000000000001421, -32.79999999999999716, 27.00000000000000355 ) ) ;
#702 = CARTESIAN_POINT ( 'NONE',  ( 30.37798448877065027, 7.884012728639974377, 0.8298811665593224252 ) ) ;
#703 = ORIENTED_EDGE ( 'NONE', *, *, #10851, .F. ) ;
#704 = DIRECTION ( 'NONE',  ( -1.000000000000000000, 0.000000000000000000, 0.000000000000000000 ) ) ;
#705 = EDGE_LOOP ( 'NONE', ( #8067, #7114, #3831, #1516 ) ) ;
#706 = CARTESIAN_POINT ( 'NONE',  ( 31.37500000000000000, 7.476470224947664001, 4.388610099474774984 ) ) ;
#707 = EDGE_LOOP ( 'NONE', ( #348, #4040, #8441, #10781, #10899 ) ) ;
#708 = DIRECTION ( 'NONE',  ( -1.000000000000000000, -1.200108019483769278E-15, 0.000000000000000000 ) ) ;
#709 = DIRECTION ( 'NONE',  ( 1.000000000000000000, 0.000000000000000000, 0.000000000000000000 ) ) ;
#710 = DIRECTION ( 'NONE',  ( -0.000000000000000000, 0.000000000000000000, -1.000000000000000000 ) ) ;
#711 = CARTESIAN_POINT ( 'NONE',  ( -32.99999999999997868, 4.500000000000002665, 5.352827917084656661 ) ) ;
#712 = ORIENTED_EDGE ( 'NONE', *, *, #9198, .F. ) ;
#713 = DIRECTION ( 'NONE',  ( -1.000000000000000000, 0.000000000000000000, 0.000000000000000000 ) ) ;
#714 = DIRECTION ( 'NONE',  ( 6.120550899367223059E-14, -1.000000000000000000, 0.000000000000000000 ) ) ;
#715 = DIRECTION ( 'NONE',  ( -0.000000000000000000, -0.000000000000000000, 1.000000000000000000 ) ) ;
#716 = CARTESIAN_POINT ( 'NONE',  ( 0.000000000000000000, 0.000000000000000000, 3.000000000000000000 ) ) ;
#717 = FACE_OUTER_BOUND ( 'NONE', #3235, .T. ) ;
#718 = CARTESIAN_POINT ( 'NONE',  ( -30.51612360056784468, -28.30769996194548810, 21.49359563289227282 ) ) ;
#719 = VERTEX_POINT ( 'NONE', #6163 ) ;
#720 = DIRECTION ( 'NONE',  ( -1.000000000000000000, 0.000000000000000000, 0.000000000000000000 ) ) ;
#721 = CARTESIAN_POINT ( 'NONE',  ( -30.20715215380524654, -28.79262920306126716, 49.00000000000000000 ) ) ;
#722 = DIRECTION ( 'NONE',  ( -1.000000000000000000, 0.000000000000000000, -0.000000000000000000 ) ) ;
#723 = CARTESIAN_POINT ( 'NONE',  ( 3.244874193390044681, -32.45419513345802898, 6.000000000000000000 ) ) ;
#724 = VERTEX_POINT ( 'NONE', #8729 ) ;
#725 = CARTESIAN_POINT ( 'NONE',  ( 26.64689772753528629, -19.39069158978175622, 4.000000000000000000 ) ) ;
#727 = EDGE_CURVE ( 'NONE', #6187, #3380, #6091, .T. ) ;
#726 = CARTESIAN_POINT ( 'NONE',  ( -25.49999999999997868, 31.00000000000000711, 5.500000000000000000 ) ) ;
#728 = EDGE_CURVE ( 'NONE', #1119, #9671, #211, .T. ) ;
#729 = ORIENTED_EDGE ( 'NONE', *, *, #10808, .T. ) ;
#730 = EDGE_CURVE ( 'NONE', #8097, #11081, #699, .T. ) ;
#731 = DIRECTION ( 'NONE',  ( -1.000000000000000000, 0.000000000000000000, 0.000000000000000000 ) ) ;
#732 = CARTESIAN_POINT ( 'NONE',  ( -31.49999999999997868, 7.500000000000001776, 5.006876193646772499 ) ) ;
#733 = CARTESIAN_POINT ( 'NONE',  ( -10.93106271171887833, -28.84834246662387969, 5.700000000000000178 ) ) ;
#734 = ORIENTED_EDGE ( 'NONE', *, *, #7729, .T. ) ;
#735 = CARTESIAN_POINT ( 'NONE',  ( -33.92182008916125113, -28.49999999999999645, 22.47884604443121859 ) ) ;
#736 = EDGE_CURVE ( 'NONE', #5005, #6755, #8747, .T. ) ;
#737 = DIRECTION ( 'NONE',  ( 1.000000000000000000, -0.000000000000000000, -0.000000000000000000 ) ) ;
#738 = ORIENTED_EDGE ( 'NONE', *, *, #7530, .T. ) ;
#739 = AXIS2_PLACEMENT_3D ( 'NONE', #3272, #3210, #2262 ) ;
#740 = DIRECTION ( 'NONE',  ( -1.000000000000000000, 0.000000000000000000, 0.000000000000000000 ) ) ;
#741 = ORIENTED_EDGE ( 'NONE', *, *, #4228, .T. ) ;
#742 = DIRECTION ( 'NONE',  ( -1.000000000000000000, 0.000000000000000000, 0.000000000000000000 ) ) ;
#743 = DIRECTION ( 'NONE',  ( -1.000000000000000000, 0.000000000000000000, 0.000000000000000000 ) ) ;
#744 = ORIENTED_EDGE ( 'NONE', *, *, #2185, .F. ) ;
#745 = EDGE_CURVE ( 'NONE', #6799, #1066, #4368, .T. ) ;
#746 = ORIENTED_EDGE ( 'NONE', *, *, #8169, .T. ) ;
#747 = FACE_OUTER_BOUND ( 'NONE', #8658, .T. ) ;
#748 = ORIENTED_EDGE ( 'NONE', *, *, #4394, .T. ) ;
#749 = EDGE_CURVE ( 'NONE', #6755, #2934, #10850, .T. ) ;
#750 = ADVANCED_FACE ( 'NONE', ( #11779 ), #7941, .T. ) ;
#751 = DIRECTION ( 'NONE',  ( 0.7714330751445458434, -0.6363104671251521571, 0.000000000000000000 ) ) ;
#752 = ADVANCED_FACE ( 'NONE', ( #2892 ), #4502, .T. ) ;
#753 = CYLINDRICAL_SURFACE ( 'NONE', #1959, 3.000000000000000888 ) ;
#754 = ORIENTED_EDGE ( 'NONE', *, *, #9341, .T. ) ;
#755 = CARTESIAN_POINT ( 'NONE',  ( -24.99999999999999289, -36.50000000000000000, 44.00000000000000711 ) ) ;
#756 = DIRECTION ( 'NONE',  ( 0.000000000000000000, 0.000000000000000000, -1.000000000000000000 ) ) ;
#757 = LINE ( 'NONE', #7922, #7654 ) ;
#758 = ORIENTED_EDGE ( 'NONE', *, *, #3452, .F. ) ;
#759 = AXIS2_PLACEMENT_3D ( 'NONE', #2179, #1402, #5915 ) ;
#760 = CARTESIAN_POINT ( 'NONE',  ( -25.06428924022600668, 18.98518637943373477, 5.699999999999999289 ) ) ;
#761 = EDGE_LOOP ( 'NONE', ( #10551, #10185, #54, #9510 ) ) ;
#762 = EDGE_CURVE ( 'NONE', #6771, #7550, #3616, .T. ) ;
#763 = CARTESIAN_POINT ( 'NONE',  ( -8.999999999999998224, -36.50000000000000000, 27.00000000000000355 ) ) ;
#764 = ORIENTED_EDGE ( 'NONE', *, *, #11326, .F. ) ;
#765 = DIRECTION ( 'NONE',  ( -1.000000000000000000, 0.000000000000000000, 0.000000000000000000 ) ) ;
#766 = DIRECTION ( 'NONE',  ( 0.000000000000000000, 0.000000000000000000, -1.000000000000000000 ) ) ;
#767 = LINE ( 'NONE', #2379, #4443 ) ;
#768 = CARTESIAN_POINT ( 'NONE',  ( 34.98674648294750966, -35.00000000000002842, 50.00000000000000000 ) ) ;
#769 = ORIENTED_EDGE ( 'NONE', *, *, #4011, .F. ) ;
#770 = DIRECTION ( 'NONE',  ( 1.000000000000000000, 0.000000000000000000, 0.000000000000000000 ) ) ;
#771 = CIRCLE ( 'NONE', #401, 1.000000000000000888 ) ;
#772 = DIRECTION ( 'NONE',  ( 1.000000000000000000, 0.000000000000000000, 0.000000000000000000 ) ) ;
#773 = DIRECTION ( 'NONE',  ( -1.000000000000000000, 0.000000000000000000, 0.000000000000000000 ) ) ;
#774 = AXIS2_PLACEMENT_3D ( 'NONE', #1732, #3585, #4353 ) ;
#775 = CYLINDRICAL_SURFACE ( 'NONE', #2774, 4.999999999999997335 ) ;
#776 = CARTESIAN_POINT ( 'NONE',  ( -30.36150490035344873, -28.63839169781876137, 21.48336372476554601 ) ) ;
#777 = ORIENTED_EDGE ( 'NONE', *, *, #4098, .F. ) ;
#778 = DIRECTION ( 'NONE',  ( 0.000000000000000000, 0.000000000000000000, -1.000000000000000000 ) ) ;
#779 = CARTESIAN_POINT ( 'NONE',  ( -31.49999999999997868, 5.559677934766194873, 5.949717696739383221 ) ) ;
#780 = CIRCLE ( 'NONE', #4773, 0.5000000000000004441 ) ;
#781 = APPLICATION_PROTOCOL_DEFINITION ( 'draft international standard', 'automotive_design', 1998, #210 ) ;
#782 = DIRECTION ( 'NONE',  ( -1.000000000000000000, 0.000000000000000000, 0.000000000000000000 ) ) ;
#783 = ORIENTED_EDGE ( 'NONE', *, *, #152, .T. ) ;
#784 = CIRCLE ( 'NONE', #2694, 0.7999999999999986011 ) ;
#785 = LINE ( 'NONE', #6323, #4913 ) ;
#786 = CIRCLE ( 'NONE', #38, 10.00000000000000178 ) ;
#787 = CARTESIAN_POINT ( 'NONE',  ( 21.86605083265883920, 18.03603898744442446, 6.000000000000000000 ) ) ;
#788 = B_SPLINE_CURVE_WITH_KNOTS ( 'NONE', 3,
 ( #8718, #6932, #3349, #6988 ),
 .UNSPECIFIED., .F., .F.,
 ( 4, 4 ),
 ( 0.1540486742243710183, 0.6984138613445167731 ),
 .UNSPECIFIED. ) ;
#789 = ORIENTED_EDGE ( 'NONE', *, *, #6340, .F. ) ;
#790 = CARTESIAN_POINT ( 'NONE',  ( -30.47855723741374234, -37.25556079426468870, 0.3383420824886806400 ) ) ;
#791 = DIRECTION ( 'NONE',  ( 0.000000000000000000, 0.000000000000000000, -1.000000000000000000 ) ) ;
#792 = ORIENTED_EDGE ( 'NONE', *, *, #8169, .F. ) ;
#793 = DIRECTION ( 'NONE',  ( 0.000000000000000000, 0.000000000000000000, -1.000000000000000000 ) ) ;
#794 = AXIS2_PLACEMENT_3D ( 'NONE', #4080, #7723, #4900 ) ;
#795 = CIRCLE ( 'NONE', #7470, 2.599999999999998312 ) ;
#796 =( BOUNDED_SURFACE ( )  B_SPLINE_SURFACE ( 3, 2, ( 
 ( #6012, #7815, #7033 ),
 ( #9612, #6977, #10614 ),
 ( #1434, #8708, #8652 ),
 ( #2507, #1545, #4294 ) ),
 .UNSPECIFIED., .F., .F., .F. ) 
 B_SPLINE_SURFACE_WITH_KNOTS ( ( 4, 4 ),
 ( 3, 3 ),
 ( -3.198396408832238080E-18, 0.0006811284754545889226 ),
 ( 0.000000000000000000, 1.000000000000000000 ),
 .UNSPECIFIED. ) 
 GEOMETRIC_REPRESENTATION_ITEM ( )  RATIONAL_B_SPLINE_SURFACE ( (
 ( 1.000000000000000000, 0.8373533923902787279, 1.000000000000000000),
 ( 1.000000000000000000, 0.8457521969343619883, 1.000000000000000000),
 ( 1.000000000000000000, 0.8625084647359707590, 1.000000000000000000),
 ( 1.000000000000000000, 0.8780346537715190136, 1.000000000000000000) ) ) 
 REPRESENTATION_ITEM ( '' )  SURFACE ( )  );
#797 = DIRECTION ( 'NONE',  ( -0.000000000000000000, -0.000000000000000000, 1.000000000000000000 ) ) ;
#798 = ORIENTED_EDGE ( 'NONE', *, *, #4396, .F. ) ;
#799 = ADVANCED_FACE ( 'NONE', ( #3840 ), #6274, .F. ) ;
#800 = VERTEX_POINT ( 'NONE', #97 ) ;
#801 = VECTOR ( 'NONE', #1061, 1000.000000000000000 ) ;
#802 = CARTESIAN_POINT ( 'NONE',  ( -39.99999999999999289, -28.49999999999999645, 1.500000000000007550 ) ) ;
#803 = DIRECTION ( 'NONE',  ( -0.000000000000000000, -0.000000000000000000, 1.000000000000000000 ) ) ;
#804 = AXIS2_PLACEMENT_3D ( 'NONE', #219, #6595, #8553 ) ;
#805 = ORIENTED_EDGE ( 'NONE', *, *, #11235, .F. ) ;
#806 = ORIENTED_EDGE ( 'NONE', *, *, #8824, .T. ) ;
#807 = DIRECTION ( 'NONE',  ( -1.000000000000000000, 0.000000000000000000, 0.000000000000000000 ) ) ;
#808 = DIRECTION ( 'NONE',  ( -1.000000000000000000, 0.000000000000000000, 0.000000000000000000 ) ) ;
#809 = ORIENTED_EDGE ( 'NONE', *, *, #4822, .F. ) ;
#810 = DIRECTION ( 'NONE',  ( -0.000000000000000000, -1.000000000000000000, 0.000000000000000000 ) ) ;
#811 = AXIS2_PLACEMENT_3D ( 'NONE', #6226, #7974, #5273 ) ;
#812 = CARTESIAN_POINT ( 'NONE',  ( 4.728964654960518210, -30.97010467188755456, 4.000000000000000000 ) ) ;
#813 = ORIENTED_EDGE ( 'NONE', *, *, #6136, .T. ) ;
#814 = CARTESIAN_POINT ( 'NONE',  ( -19.85561632835745982, -32.55763313602056996, 6.070547775260435763 ) ) ;
#815 = CARTESIAN_POINT ( 'NONE',  ( -30.71997880182449947, 4.685156553993036432, 6.000000000000000000 ) ) ;
#816 = AXIS2_PLACEMENT_3D ( 'NONE', #534, #5943, #10381 ) ;
#817 = DIRECTION ( 'NONE',  ( 0.000000000000000000, 0.000000000000000000, -1.000000000000000000 ) ) ;
#818 = ORIENTED_EDGE ( 'NONE', *, *, #4804, .F. ) ;
#819 = APPLICATION_CONTEXT ( 'automotive_design' ) ;
#820 = FACE_OUTER_BOUND ( 'NONE', #3215, .T. ) ;
#821 = EDGE_CURVE ( 'NONE', #4797, #5208, #6841, .T. ) ;
#822 = AXIS2_PLACEMENT_3D ( 'NONE', #7335, #5285, #11747 ) ;
#823 = ADVANCED_FACE ( 'NONE', ( #1934 ), #2485, .F. ) ;
#824 = AXIS2_PLACEMENT_3D ( 'NONE', #5199, #2405, #6212 ) ;
#825 = CIRCLE ( 'NONE', #2150, 0.2000000000000000111 ) ;
#826 = ORIENTED_EDGE ( 'NONE', *, *, #7293, .F. ) ;
#827 = FACE_OUTER_BOUND ( 'NONE', #11372, .T. ) ;
#828 = ORIENTED_EDGE ( 'NONE', *, *, #4486, .F. ) ;
#829 = CARTESIAN_POINT ( 'NONE',  ( -20.22343168146353065, -31.18700224837848012, 6.000000000000000000 ) ) ;
#830 = AXIS2_PLACEMENT_3D ( 'NONE', #5101, #3518, #8700 ) ;
#831 = DIRECTION ( 'NONE',  ( -5.941966010906629203E-14, -1.000000000000000000, 0.000000000000000000 ) ) ;
#832 = DIRECTION ( 'NONE',  ( -0.9845927652205480607, 0.000000000000000000, -0.1748630512010896643 ) ) ;
#833 = AXIS2_PLACEMENT_3D ( 'NONE', #2810, #8235, #9124 ) ;
#834 = CARTESIAN_POINT ( 'NONE',  ( -8.999999999999998224, -36.50000000000000000, 27.00000000000000355 ) ) ;
#835 = VERTEX_POINT ( 'NONE', #10881 ) ;
#836 = CIRCLE ( 'NONE', #1583, 1.499999999999999556 ) ;
#837 = DIRECTION ( 'NONE',  ( 0.000000000000000000, 0.000000000000000000, -1.000000000000000000 ) ) ;
#838 = ADVANCED_FACE ( 'NONE', ( #5497 ), #2712, .F. ) ;
#839 = CARTESIAN_POINT ( 'NONE',  ( 3.683963165449197774, -32.79999999999999716, 6.499999898990422409 ) ) ;
#840 = EDGE_CURVE ( 'NONE', #11777, #10286, #7619, .T. ) ;
#841 = FACE_OUTER_BOUND ( 'NONE', #2525, .T. ) ;
#842 = TOROIDAL_SURFACE ( 'NONE', #7506, 1.300000000000000044, 0.2999999999999999889 ) ;
#843 = AXIS2_PLACEMENT_3D ( 'NONE', #3185, #6886, #10531 ) ;
#844 = DIRECTION ( 'NONE',  ( -1.000000000000000000, -0.000000000000000000, -0.000000000000000000 ) ) ;
#845 = CARTESIAN_POINT ( 'NONE',  ( 25.50000000000000355, 30.50000000000000711, 6.000000000000000000 ) ) ;
#846 = LINE ( 'NONE', #1907, #9214 ) ;
#847 = VERTEX_POINT ( 'NONE', #206 ) ;
#848 = DIRECTION ( 'NONE',  ( -1.000000000000000000, 0.000000000000000000, 0.000000000000000000 ) ) ;
#849 = CARTESIAN_POINT ( 'NONE',  ( -31.22432170579319077, 5.481146322075434618, 5.995603027887255188 ) ) ;
#850 = CARTESIAN_POINT ( 'NONE',  ( -30.74512848119494279, -28.24634548648489485, 21.99414047527504579 ) ) ;
#851 = ORIENTED_EDGE ( 'NONE', *, *, #10161, .F. ) ;
#852 = DIRECTION ( 'NONE',  ( 1.000000000000000000, 0.000000000000000000, -0.000000000000000000 ) ) ;
#853 = AXIS2_PLACEMENT_3D ( 'NONE', #3006, #8548, #5729 ) ;
#854 = DIRECTION ( 'NONE',  ( -0.7071067811865457964, -0.7071067811865492381, 0.000000000000000000 ) ) ;
#855 = ORIENTED_EDGE ( 'NONE', *, *, #180, .T. ) ;
#856 = LINE ( 'NONE', #4667, #7449 ) ;
#857 = FACE_OUTER_BOUND ( 'NONE', #10774, .T. ) ;
#858 = CARTESIAN_POINT ( 'NONE',  ( 26.74500046201956494, -36.90013972603913572, 0.1847323146202891342 ) ) ;
#859 = ORIENTED_EDGE ( 'NONE', *, *, #4159, .T. ) ;
#860 = DIRECTION ( 'NONE',  ( 1.000000000000000000, 0.000000000000000000, 0.000000000000000000 ) ) ;
#861 = VECTOR ( 'NONE', #1263, 1000.000000000000000 ) ;
#862 = DIRECTION ( 'NONE',  ( 0.000000000000000000, -1.000000000000000000, 0.000000000000000000 ) ) ;
#863 = ORIENTED_EDGE ( 'NONE', *, *, #9554, .T. ) ;
#864 = VERTEX_POINT ( 'NONE', #4068 ) ;
#865 = CARTESIAN_POINT ( 'NONE',  ( -30.45734930497284765, 7.815190718305409234, 5.999999999999997335 ) ) ;
#866 = DIRECTION ( 'NONE',  ( -0.000000000000000000, -0.000000000000000000, 1.000000000000000000 ) ) ;
#867 = CIRCLE ( 'NONE', #7151, 0.5000000000000004441 ) ;
#868 = ORIENTED_EDGE ( 'NONE', *, *, #887, .F. ) ;
#869 = EDGE_CURVE ( 'NONE', #8680, #3054, #6632, .T. ) ;
#870 = ORIENTED_EDGE ( 'NONE', *, *, #8804, .F. ) ;
#871 = DIRECTION ( 'NONE',  ( -0.000000000000000000, -0.000000000000000000, 1.000000000000000000 ) ) ;
#872 = FACE_OUTER_BOUND ( 'NONE', #8203, .T. ) ;
#873 = ORIENTED_EDGE ( 'NONE', *, *, #1182, .F. ) ;
#874 =( BOUNDED_CURVE ( )  B_SPLINE_CURVE ( 3, ( #973, #10813, #916, #4669 ),
 .UNSPECIFIED., .F., .F. ) 
 B_SPLINE_CURVE_WITH_KNOTS ( ( 4, 4 ),
 ( 1.570796326794896780, 3.141592653589793116 ),
 .UNSPECIFIED. ) 
 CURVE ( )  GEOMETRIC_REPRESENTATION_ITEM ( )  RATIONAL_B_SPLINE_CURVE ( ( 1.000000000000000000, 0.8047378541243650485, 0.8047378541243650485, 1.000000000000000000 ) ) 
 REPRESENTATION_ITEM ( '' )  );
#875 = CARTESIAN_POINT ( 'NONE',  ( -32.99999999999997868, -28.49999999999999645, 22.81294424401309229 ) ) ;
#876 = VERTEX_POINT ( 'NONE', #371 ) ;
#877 = DIRECTION ( 'NONE',  ( 0.000000000000000000, 0.000000000000000000, -1.000000000000000000 ) ) ;
#878 = CARTESIAN_POINT ( 'NONE',  ( -31.18355383723908503, 5.343214204105839471, 6.000000000000000888 ) ) ;
#879 = VECTOR ( 'NONE', #7139, 1000.000000000000000 ) ;
#880 = CARTESIAN_POINT ( 'NONE',  ( -19.74939421080095769, -30.00314179836932027, 6.000000000002178702 ) ) ;
#881 = ORIENTED_EDGE ( 'NONE', *, *, #9624, .F. ) ;
#882 = DIRECTION ( 'NONE',  ( -1.000000000000000000, 0.000000000000000000, 0.000000000000000000 ) ) ;
#883 = ADVANCED_FACE ( 'NONE', ( #3002 ), #9615, .F. ) ;
#884 = ORIENTED_EDGE ( 'NONE', *, *, #8041, .F. ) ;
#885 = ORIENTED_EDGE ( 'NONE', *, *, #7089, .F. ) ;
#886 = ADVANCED_FACE ( 'NONE', ( #8499 ), #9388, .F. ) ;
#887 = EDGE_CURVE ( 'NONE', #10675, #2218, #2860, .T. ) ;
#888 = CYLINDRICAL_SURFACE ( 'NONE', #1591, 24.75000000000000355 ) ;
#889 = VERTEX_POINT ( 'NONE', #5783 ) ;
#890 = EDGE_CURVE ( 'NONE', #719, #1192, #323, .T. ) ;
#891 = CARTESIAN_POINT ( 'NONE',  ( -18.81331172321498713, 24.09389133423949403, 4.000000000000000000 ) ) ;
#892 = EDGE_CURVE ( 'NONE', #8466, #10886, #2280, .T. ) ;
#893 = PLANE ( 'NONE',  #10176 ) ;
#894 = CARTESIAN_POINT ( 'NONE',  ( 37.85902780621654529, -36.99999999999999289, 50.00000000000000000 ) ) ;
#895 = FACE_OUTER_BOUND ( 'NONE', #2017, .T. ) ;
#896 = EDGE_LOOP ( 'NONE', ( #4620, #6224 ) ) ;
#897 = CARTESIAN_POINT ( 'NONE',  ( -26.28294234767779969, 11.88379308764559106, 5.700000000000000178 ) ) ;
#898 = CARTESIAN_POINT ( 'NONE',  ( -9.696362071903804392, -32.38442330966039151, 5.780412673748589469 ) ) ;
#899 = DIRECTION ( 'NONE',  ( 0.2720892402859285131, -0.9622720225178671427, 0.000000000000000000 ) ) ;
#900 = CIRCLE ( 'NONE', #9862, 0.5000000000000005551 ) ;
#901 = ADVANCED_FACE ( 'NONE', ( #7592 ), #4927, .T. ) ;
#902 = CARTESIAN_POINT ( 'NONE',  ( 26.64689772753528985, -19.39069158978175977, 5.700000000000000178 ) ) ;
#903 = DIRECTION ( 'NONE',  ( 0.000000000000000000, -1.000000000000000000, 0.000000000000000000 ) ) ;
#904 = ORIENTED_EDGE ( 'NONE', *, *, #1260, .T. ) ;
#905 = ADVANCED_FACE ( 'NONE', ( #11227 ), #11619, .T. ) ;
#906 = CARTESIAN_POINT ( 'NONE',  ( -18.94537726338471373, 25.07199709173737290, 5.700000000000000178 ) ) ;
#907 = EDGE_CURVE ( 'NONE', #1075, #6385, #8387, .T. ) ;
#908 = CARTESIAN_POINT ( 'NONE',  ( -31.46929371294410061, 5.492861555193965017, 5.982185118965753112 ) ) ;
#909 = CARTESIAN_POINT ( 'NONE',  ( 33.99999999999997868, 7.500000000000001776, 5.006876193646772499 ) ) ;
#910 = CARTESIAN_POINT ( 'NONE',  ( -30.54979342140361354, -28.56867978610766912, 22.28909803235629994 ) ) ;
#911 = EDGE_LOOP ( 'NONE', ( #4776, #2170, #10091, #8148 ) ) ;
#912 = CARTESIAN_POINT ( 'NONE',  ( 30.42895400672712825, 3.535979848378901114, 6.000000000000571987 ) ) ;
#913 = LINE ( 'NONE', #9134, #11240 ) ;
#914 = ORIENTED_EDGE ( 'NONE', *, *, #8474, .T. ) ;
#915 = CARTESIAN_POINT ( 'NONE',  ( 0.000000000000000000, 30.50000000000000711, 6.000000000000000000 ) ) ;
#916 = CARTESIAN_POINT ( 'NONE',  ( 34.49999999999997868, -28.49999999999999289, 0.9142135623731023619 ) ) ;
#917 = DIRECTION ( 'NONE',  ( -1.000000000000000000, 0.000000000000000000, 0.000000000000000000 ) ) ;
#918 = VERTEX_POINT ( 'NONE', #273 ) ;
#919 = CARTESIAN_POINT ( 'NONE',  ( 26.56527095544952033, -19.67937319653712080, 6.000000000000000000 ) ) ;
#920 = CARTESIAN_POINT ( 'NONE',  ( -39.99999999999999289, -29.50000000000000000, 10.50000000000000533 ) ) ;
#921 = ORIENTED_EDGE ( 'NONE', *, *, #3435, .F. ) ;
#922 = VERTEX_POINT ( 'NONE', #4785 ) ;
#923 = DIRECTION ( 'NONE',  ( 0.000000000000000000, 0.000000000000000000, 1.000000000000000000 ) ) ;
#924 = DIRECTION ( 'NONE',  ( 0.000000000000000000, 0.000000000000000000, -1.000000000000000000 ) ) ;
#925 = ORIENTED_EDGE ( 'NONE', *, *, #11696, .F. ) ;
#926 = ORIENTED_EDGE ( 'NONE', *, *, #5910, .T. ) ;
#927 = CARTESIAN_POINT ( 'NONE',  ( -9.962512446219232487, -32.49555271575717796, 5.979709947203772025 ) ) ;
#928 = CYLINDRICAL_SURFACE ( 'NONE', #3698, 0.5000000000000004441 ) ;
#929 = ORIENTED_EDGE ( 'NONE', *, *, #5973, .T. ) ;
#930 = DIRECTION ( 'NONE',  ( 0.000000000000000000, 0.000000000000000000, -1.000000000000000000 ) ) ;
#931 = LINE ( 'NONE', #2727, #9179 ) ;
#932 = CARTESIAN_POINT ( 'NONE',  ( -44.00000000000000000, -37.29999999999999716, 14.00000000000000178 ) ) ;
#933 = CARTESIAN_POINT ( 'NONE',  ( -29.99999999999997868, 26.00000000000000355, 6.000000000000000000 ) ) ;
#934 = VERTEX_POINT ( 'NONE', #10450 ) ;
#935 = CARTESIAN_POINT ( 'NONE',  ( -26.10194367771093837, -33.18545327647301235, 49.79966683884610745 ) ) ;
#936 = AXIS2_PLACEMENT_3D ( 'NONE', #5417, #9847, #7164 ) ;
#937 = EDGE_LOOP ( 'NONE', ( #11185, #6415, #10372, #1837, #6440, #4595, #10343, #9815, #7306, #11594, #11359, #2829, #6831, #4951, #2947, #2984, #10647, #549, #693, #7496, #10197, #8260, #2918, #10206, #1462, #2229, #522, #11411, #3014, #5425, #677, #9796, #3291, #1860, #1152, #5564, #10098, #4829, #9851 ) ) ;
#938 =( BOUNDED_CURVE ( )  B_SPLINE_CURVE ( 3, ( #2496, #1600, #8879, #1481 ),
 .UNSPECIFIED., .F., .F. ) 
 B_SPLINE_CURVE_WITH_KNOTS ( ( 4, 4 ),
 ( 1.570796326794896558, 3.141592653589793116 ),
 .UNSPECIFIED. ) 
 CURVE ( )  GEOMETRIC_REPRESENTATION_ITEM ( )  RATIONAL_B_SPLINE_CURVE ( ( 1.000000000000000000, 0.8047378541243649375, 0.8047378541243649375, 1.000000000000000000 ) ) 
 REPRESENTATION_ITEM ( '' )  );
#939 = ORIENTED_EDGE ( 'NONE', *, *, #2738, .T. ) ;
#940 = CIRCLE ( 'NONE', #7607, 3.000000000000002665 ) ;
#941 = VERTEX_POINT ( 'NONE', #5896 ) ;
#942 = DIRECTION ( 'NONE',  ( 1.000000000000000000, 0.000000000000000000, 0.000000000000000000 ) ) ;
#943 = DIRECTION ( 'NONE',  ( -1.000000000000000000, 0.000000000000000000, 0.000000000000000000 ) ) ;
#944 = CARTESIAN_POINT ( 'NONE',  ( 33.87867965644033319, -28.49999999999999289, 22.81294424401308873 ) ) ;
#945 = EDGE_CURVE ( 'NONE', #9086, #7173, #11130, .T. ) ;
#946 = CARTESIAN_POINT ( 'NONE',  ( -30.91399482062599446, -28.49999999999999645, 22.68041234772800152 ) ) ;
#947 = ORIENTED_EDGE ( 'NONE', *, *, #597, .T. ) ;
#948 = ADVANCED_FACE ( 'NONE', ( #2953 ), #4296, .F. ) ;
#949 = CARTESIAN_POINT ( 'NONE',  ( 24.75000000000000355, 0.000000000000000000, -37.50000000000001421 ) ) ;
#950 = CARTESIAN_POINT ( 'NONE',  ( 3.903587267792826498, -32.29999999999999716, 6.000000000000000000 ) ) ;
#951 = ADVANCED_FACE ( 'NONE', ( #2398 ), #4757, .T. ) ;
#952 = DIRECTION ( 'NONE',  ( 1.000000000000000000, 0.000000000000000000, 0.000000000000000000 ) ) ;
#953 = VECTOR ( 'NONE', #445, 1000.000000000000000 ) ;
#954 = CARTESIAN_POINT ( 'NONE',  ( 0.000000000000000000, -29.50000000000000000, 1.500000000000007550 ) ) ;
#955 = DIRECTION ( 'NONE',  ( 0.000000000000000000, 0.000000000000000000, 1.000000000000000000 ) ) ;
#956 = FACE_OUTER_BOUND ( 'NONE', #11147, .T. ) ;
#957 = ORIENTED_EDGE ( 'NONE', *, *, #3636, .F. ) ;
#958 = FACE_OUTER_BOUND ( 'NONE', #10411, .T. ) ;
#959 = CARTESIAN_POINT ( 'NONE',  ( -32.99999999999997868, -28.49999999999999645, 22.81294424401309229 ) ) ;
#960 = CARTESIAN_POINT ( 'NONE',  ( -21.80529186682034748, -18.83372836813732576, 6.000000000000000000 ) ) ;
#961 = DIRECTION ( 'NONE',  ( -1.137523590804463822E-16, 1.000000000000000000, 0.000000000000000000 ) ) ;
#962 = EDGE_LOOP ( 'NONE', ( #7134, #2660, #2726, #7069 ) ) ;
#963 = AXIS2_PLACEMENT_3D ( 'NONE', #7311, #8200, #10820 ) ;
#964 = CARTESIAN_POINT ( 'NONE',  ( -9.094616277432114870, -32.29999999999999716, 6.000000000000000000 ) ) ;
#965 = CARTESIAN_POINT ( 'NONE',  ( 30.57408524378700321, 3.541527687396746504, 6.303748656948659601 ) ) ;
#966 = DIRECTION ( 'NONE',  ( -0.7071067811865475727, 0.7071067811865475727, 0.000000000000000000 ) ) ;
#967 = ADVANCED_FACE ( 'NONE', ( #6022 ), #10567, .F. ) ;
#968 = EDGE_CURVE ( 'NONE', #10340, #10241, #8731, .T. ) ;
#969 = EDGE_CURVE ( 'NONE', #8466, #1908, #3810, .T. ) ;
#970 = CIRCLE ( 'NONE', #1181, 0.5000000000000004441 ) ;
#971 = ORIENTED_EDGE ( 'NONE', *, *, #1902, .T. ) ;
#972 = AXIS2_PLACEMENT_3D ( 'NONE', #1432, #6975, #11570 ) ;
#973 = CARTESIAN_POINT ( 'NONE',  ( 32.99999999999997868, -29.50000000000000000, 0.5000000000000074385 ) ) ;
#974 = CARTESIAN_POINT ( 'NONE',  ( 19.29508843714771871, -32.55872636749531779, 4.000000000000000000 ) ) ;
#975 = ORIENTED_EDGE ( 'NONE', *, *, #8968, .T. ) ;
#976 = DIRECTION ( 'NONE',  ( 0.000000000000000000, 0.000000000000000000, 1.000000000000000000 ) ) ;
#977 = CARTESIAN_POINT ( 'NONE',  ( 33.87378639159086191, -28.18932041261351173, 0.9963810274430039415 ) ) ;
#978 = EDGE_LOOP ( 'NONE', ( #694, #9234, #5079, #9760 ) ) ;
#979 = CIRCLE ( 'NONE', #8775, 2.800000000000000266 ) ;
#980 = VECTOR ( 'NONE', #11700, 1000.000000000000000 ) ;
#981 = DIRECTION ( 'NONE',  ( 0.000000000000000000, 0.000000000000000000, -1.000000000000000000 ) ) ;
#982 = ADVANCED_FACE ( 'NONE', ( #6859 ), #6931, .F. ) ;
#983 = ORIENTED_EDGE ( 'NONE', *, *, #4881, .F. ) ;
#984 = B_SPLINE_CURVE_WITH_KNOTS ( 'NONE', 3,
 ( #2903, #1944, #4938, #5506 ),
 .UNSPECIFIED., .F., .F.,
 ( 4, 4 ),
 ( 0.000000000000000000, 0.0004580721630213830829 ),
 .UNSPECIFIED. ) ;
#985 = AXIS2_PLACEMENT_3D ( 'NONE', #3693, #6477, #9175 ) ;
#986 = EDGE_LOOP ( 'NONE', ( #2198, #8640, #2212, #8903 ) ) ;
#987 = CARTESIAN_POINT ( 'NONE',  ( -9.901649909004673233, -32.47570718035144921, 5.979042371902164810 ) ) ;
#988 = AXIS2_PLACEMENT_3D ( 'NONE', #10109, #1926, #793 ) ;
#989 = FACE_OUTER_BOUND ( 'NONE', #7773, .T. ) ;
#990 = ORIENTED_EDGE ( 'NONE', *, *, #5455, .T. ) ;
#991 = CARTESIAN_POINT ( 'NONE',  ( 30.35342133341529447, -28.64646922948492502, 21.38746933638431713 ) ) ;
#992 = CARTESIAN_POINT ( 'NONE',  ( -22.15126265846939546, -24.74873734153059246, -37.50000000000001421 ) ) ;
#993 = TOROIDAL_SURFACE ( 'NONE', #2512, 1.300000000000000044, 0.2999999999999999889 ) ;
#994 = DIRECTION ( 'NONE',  ( 0.000000000000000000, 0.000000000000000000, -1.000000000000000000 ) ) ;
#995 = EDGE_LOOP ( 'NONE', ( #8370, #4505, #9781, #8339 ) ) ;
#996 = VECTOR ( 'NONE', #8805, 1000.000000000000000 ) ;
#997 = CIRCLE ( 'NONE', #2484, 3.500000000000003109 ) ;
#998 = DIRECTION ( 'NONE',  ( 0.000000000000000000, 0.000000000000000000, 1.000000000000000000 ) ) ;
#999 = VERTEX_POINT ( 'NONE', #8005 ) ;
#1000 = AXIS2_PLACEMENT_3D ( 'NONE', #11577, #11400, #1440 ) ;
#1001 = ORIENTED_EDGE ( 'NONE', *, *, #5964, .T. ) ;
#1002 = AXIS2_PLACEMENT_3D ( 'NONE', #9661, #5107, #5052 ) ;
#1003 = CARTESIAN_POINT ( 'NONE',  ( -21.82807647903734605, -18.53459485037958387, 5.700000000000000178 ) ) ;
#1004 = ORIENTED_EDGE ( 'NONE', *, *, #11540, .F. ) ;
#1005 = CARTESIAN_POINT ( 'NONE',  ( 41.00000000000000711, -28.69999999999999574, 10.80000000000000071 ) ) ;
#1006 = CARTESIAN_POINT ( 'NONE',  ( -31.10932988041732727, -28.20116070374750805, 22.26643338004470607 ) ) ;
#1007 = CARTESIAN_POINT ( 'NONE',  ( -30.32476592284559658, -28.67510324563822977, 21.67270854270012848 ) ) ;
#1008 = CARTESIAN_POINT ( 'NONE',  ( 9.000000000000010658, -32.79999999999999716, 17.00000000000000000 ) ) ;
#1009 = EDGE_LOOP ( 'NONE', ( #10238, #6663, #1791, #859, #1105 ) ) ;
#1010 = CIRCLE ( 'NONE', #1570, 0.5000000000000004441 ) ;
#1011 = VECTOR ( 'NONE', #11475, 1000.000000000000000 ) ;
#1012 = CARTESIAN_POINT ( 'NONE',  ( -19.81391089069153466, -32.55270027615502926, 6.054751072903926001 ) ) ;
#1013 = CYLINDRICAL_SURFACE ( 'NONE', #6828, 1.000000000000000888 ) ;
#1014 =( BOUNDED_CURVE ( )  B_SPLINE_CURVE ( 3, ( #2861, #509, #6608, #11421 ),
 .UNSPECIFIED., .F., .F. ) 
 B_SPLINE_CURVE_WITH_KNOTS ( ( 4, 4 ),
 ( 0.000000000000000000, 1.570796326794898334 ),
 .UNSPECIFIED. ) 
 CURVE ( )  GEOMETRIC_REPRESENTATION_ITEM ( )  RATIONAL_B_SPLINE_CURVE ( ( 1.000000000000000000, 0.8047378541243646044, 0.8047378541243646044, 1.000000000000000000 ) ) 
 REPRESENTATION_ITEM ( '' )  );
#1015 = TOROIDAL_SURFACE ( 'NONE', #7674, 2.799999999999998934, 0.2000000000000000111 ) ;
#1016 = CARTESIAN_POINT ( 'NONE',  ( 31.10932988041733083, -28.20116070374750805, 22.26643338004471673 ) ) ;
#1017 = EDGE_CURVE ( 'NONE', #9392, #2487, #7047, .T. ) ;
#1018 = CARTESIAN_POINT ( 'NONE',  ( 25.50000000000000355, 26.00000000000000711, 5.500000000000000000 ) ) ;
#1019 = CIRCLE ( 'NONE', #2537, 3.000000000000002665 ) ;
#1020 = PLANE ( 'NONE',  #7536 ) ;
#1021 = DIRECTION ( 'NONE',  ( 0.000000000000000000, 0.000000000000000000, 1.000000000000000000 ) ) ;
#1022 = VERTEX_POINT ( 'NONE', #8894 ) ;
#1023 = EDGE_CURVE ( 'NONE', #4483, #9445, #6276, .T. ) ;
#1024 = ADVANCED_FACE ( 'NONE', ( #7043 ), #7896, .F. ) ;
#1025 = DIRECTION ( 'NONE',  ( -0.000000000000000000, -0.000000000000000000, 1.000000000000000000 ) ) ;
#1026 = CARTESIAN_POINT ( 'NONE',  ( 10.40005347590610540, -32.55872636749531779, 4.000000000000000000 ) ) ;
#1027 = AXIS2_PLACEMENT_3D ( 'NONE', #10585, #5211, #3486 ) ;
#1028 = CARTESIAN_POINT ( 'NONE',  ( -45.00000000000000000, -29.50000000000000000, 45.00000000000000711 ) ) ;
#1029 = VERTEX_POINT ( 'NONE', #726 ) ;
#1030 = CARTESIAN_POINT ( 'NONE',  ( 25.78279235760480148, -32.29999999999999716, 6.000000000000000000 ) ) ;
#1031 = CARTESIAN_POINT ( 'NONE',  ( 21.80529186682070630, 18.83372836813736129, 5.700000000000000178 ) ) ;
#1032 = AXIS2_PLACEMENT_3D ( 'NONE', #5584, #2023, #5640 ) ;
#1033 = CIRCLE ( 'NONE', #4643, 0.2999999999999988787 ) ;
#1034 = DIRECTION ( 'NONE',  ( 0.000000000000000000, 0.000000000000000000, -1.000000000000000000 ) ) ;
#1035 = TOROIDAL_SURFACE ( 'NONE', #9793, 3.200000000000001510, 0.2000000000000000111 ) ;
#1036 = EDGE_CURVE ( 'NONE', #10586, #9148, #3129, .T. ) ;
#1037 = ORIENTED_EDGE ( 'NONE', *, *, #3283, .F. ) ;
#1038 = CARTESIAN_POINT ( 'NONE',  ( -33.99999999999997868, -28.50000000000000355, 1.500000000000007327 ) ) ;
#1039 = DIRECTION ( 'NONE',  ( 0.7068426668207441477, -0.7073707969387330596, 0.000000000000000000 ) ) ;
#1040 = CARTESIAN_POINT ( 'NONE',  ( 31.22432170579290300, 5.481146322075483468, 5.995603027887272063 ) ) ;
#1041 = ORIENTED_EDGE ( 'NONE', *, *, #11467, .F. ) ;
#1042 = EDGE_CURVE ( 'NONE', #4417, #2663, #374, .T. ) ;
#1043 = EDGE_CURVE ( 'NONE', #10665, #2979, #7949, .T. ) ;
#1044 = CARTESIAN_POINT ( 'NONE',  ( 25.00198839180655597, -19.27881548787106070, 6.000000000000000888 ) ) ;
#1045 = DIRECTION ( 'NONE',  ( 0.000000000000000000, 0.000000000000000000, -1.000000000000000000 ) ) ;
#1046 = EDGE_CURVE ( 'NONE', #999, #6559, #11583, .T. ) ;
#1047 = CARTESIAN_POINT ( 'NONE',  ( -30.49999999999997868, -28.49999999999999645, 6.500000000000000888 ) ) ;
#1048 = ORIENTED_EDGE ( 'NONE', *, *, #9721, .F. ) ;
#1049 = EDGE_CURVE ( 'NONE', #9110, #3958, #10754, .T. ) ;
#1050 = AXIS2_PLACEMENT_3D ( 'NONE', #10400, #1223, #3959 ) ;
#1051 = CARTESIAN_POINT ( 'NONE',  ( -30.57603955577016563, 7.475427936047213784, 5.650229216617748129 ) ) ;
#1052 = CARTESIAN_POINT ( 'NONE',  ( -24.75126265847086771, 24.75126265846941820, 0.1999999999999987899 ) ) ;
#1053 = EDGE_LOOP ( 'NONE', ( #1838, #9737, #5262, #10006 ) ) ;
#1054 = CIRCLE ( 'NONE', #6569, 0.5000000000000004441 ) ;
#1055 = ORIENTED_EDGE ( 'NONE', *, *, #8278, .F. ) ;
#1056 = DIRECTION ( 'NONE',  ( -1.000000000000000000, 0.000000000000000000, 0.000000000000000000 ) ) ;
#1057 = CARTESIAN_POINT ( 'NONE',  ( -31.49999999999997868, 8.468626966596888295, 1.500000000000003109 ) ) ;
#1058 = ORIENTED_EDGE ( 'NONE', *, *, #1017, .T. ) ;
#1059 = DIRECTION ( 'NONE',  ( -1.000000000000000000, 0.000000000000000000, 0.000000000000000000 ) ) ;
#1060 = ADVANCED_FACE ( 'NONE', ( #10510 ), #11405, .T. ) ;
#1061 = DIRECTION ( 'NONE',  ( 0.000000000000000000, 0.000000000000000000, -1.000000000000000000 ) ) ;
#1062 = CARTESIAN_POINT ( 'NONE',  ( -11.88379308764716136, 26.28294234767709270, 4.000000000000000000 ) ) ;
#1063 = EDGE_LOOP ( 'NONE', ( #4788, #10303, #3609, #5802, #10979 ) ) ;
#1064 = CIRCLE ( 'NONE', #5426, 2.000000000000000000 ) ;
#1065 = CYLINDRICAL_SURFACE ( 'NONE', #7310, 1.484090461570473307 ) ;
#1066 = VERTEX_POINT ( 'NONE', #8717 ) ;
#1067 = ORIENTED_EDGE ( 'NONE', *, *, #4084, .F. ) ;
#1068 = VECTOR ( 'NONE', #8506, 1000.000000000000000 ) ;
#1069 = CARTESIAN_POINT ( 'NONE',  ( -24.75126265846939688, -24.74873734153059246, 0.1999999999999987899 ) ) ;
#1070 = VERTEX_POINT ( 'NONE', #547 ) ;
#1071 = LINE ( 'NONE', #8287, #8418 ) ;
#1072 = CARTESIAN_POINT ( 'NONE',  ( -19.98642242317284712, -30.59509569064094947, 5.700000000000001066 ) ) ;
#1073 = FACE_OUTER_BOUND ( 'NONE', #4634, .T. ) ;
#1074 = CYLINDRICAL_SURFACE ( 'NONE', #5540, 2.599999999999998312 ) ;
#1075 = VERTEX_POINT ( 'NONE', #4181 ) ;
#1076 = CARTESIAN_POINT ( 'NONE',  ( -19.90309812136079870, -32.50747804295549059, 6.043223521877925997 ) ) ;
#1077 = LINE ( 'NONE', #4082, #11047 ) ;
#1078 = FACE_OUTER_BOUND ( 'NONE', #6543, .T. ) ;
#1079 = DIRECTION ( 'NONE',  ( -1.000000000000000000, 0.000000000000000000, 0.000000000000000000 ) ) ;
#1080 = CARTESIAN_POINT ( 'NONE',  ( -26.84065101359200511, -36.50000000000000000, 1.000000000000000000 ) ) ;
#1081 = DIRECTION ( 'NONE',  ( 0.000000000000000000, 0.000000000000000000, -1.000000000000000000 ) ) ;
#1082 = ORIENTED_EDGE ( 'NONE', *, *, #4684, .T. ) ;
#1083 = DIRECTION ( 'NONE',  ( 0.000000000000000000, 0.000000000000000000, -1.000000000000000000 ) ) ;
#1084 = DIRECTION ( 'NONE',  ( -1.000000000000000000, 0.000000000000000000, 0.000000000000000000 ) ) ;
#1085 = CARTESIAN_POINT ( 'NONE',  ( 41.00000000000001421, -37.29999999999999005, 40.50000000000000000 ) ) ;
#1086 = VERTEX_POINT ( 'NONE', #1916 ) ;
#1087 = DIRECTION ( 'NONE',  ( 0.000000000000000000, 0.000000000000000000, 1.000000000000000000 ) ) ;
#1088 = CARTESIAN_POINT ( 'NONE',  ( 25.00000000000001421, -32.79999999999999716, 44.00000000000000711 ) ) ;
#1089 = ORIENTED_EDGE ( 'NONE', *, *, #7813, .T. ) ;
#1090 = CARTESIAN_POINT ( 'NONE',  ( 30.50000000000000711, 26.00000000000000711, 5.500000000000000000 ) ) ;
#1091 = DIRECTION ( 'NONE',  ( -0.000000000000000000, -0.000000000000000000, 1.000000000000000000 ) ) ;
#1092 = DIRECTION ( 'NONE',  ( 0.000000000000000000, 0.000000000000000000, -1.000000000000000000 ) ) ;
#1093 = ORIENTED_EDGE ( 'NONE', *, *, #6844, .T. ) ;
#1094 = DIRECTION ( 'NONE',  ( 1.000000000000000000, 0.000000000000000000, 0.000000000000000000 ) ) ;
#1095 = FACE_OUTER_BOUND ( 'NONE', #8082, .T. ) ;
#1096 = ORIENTED_EDGE ( 'NONE', *, *, #10637, .F. ) ;
#1097 = CARTESIAN_POINT ( 'NONE',  ( 26.65150150183357525, -36.98217152476229330, 0.3443450235876863719 ) ) ;
#1098 = VERTEX_POINT ( 'NONE', #10993 ) ;
#1099 = DIRECTION ( 'NONE',  ( -0.4267293981127866509, 0.000000000000000000, 0.9043793566785449656 ) ) ;
#1100 = LINE ( 'NONE', #1271, #8275 ) ;
#1101 = EDGE_CURVE ( 'NONE', #8789, #9039, #9020, .T. ) ;
#1102 = EDGE_CURVE ( 'NONE', #5652, #5005, #4662, .T. ) ;
#1103 = ORIENTED_EDGE ( 'NONE', *, *, #5413, .T. ) ;
#1104 = ADVANCED_FACE ( 'NONE', ( #8131 ), #6507, .T. ) ;
#1105 = ORIENTED_EDGE ( 'NONE', *, *, #5195, .T. ) ;
#1106 = CARTESIAN_POINT ( 'NONE',  ( -18.59671618161076978, 22.64365201678592143, 5.700000000000001066 ) ) ;
#1107 = DIRECTION ( 'NONE',  ( -0.000000000000000000, -0.000000000000000000, 1.000000000000000000 ) ) ;
#1108 = ORIENTED_EDGE ( 'NONE', *, *, #244, .T. ) ;
#1109 = CARTESIAN_POINT ( 'NONE',  ( 30.37760673426166136, -28.62230188570093503, 21.57402752746104113 ) ) ;
#1110 = DIRECTION ( 'NONE',  ( -0.000000000000000000, -0.000000000000000000, 1.000000000000000000 ) ) ;
#1111 = CARTESIAN_POINT ( 'NONE',  ( 26.61078199885682238, -33.79999999999999716, 50.00000000000000000 ) ) ;
#1112 = ORIENTED_EDGE ( 'NONE', *, *, #7165, .T. ) ;
#1113 = DIRECTION ( 'NONE',  ( -0.000000000000000000, 1.000000000000000000, 6.938893903907221278E-15 ) ) ;
#1114 = EDGE_CURVE ( 'NONE', #2528, #5686, #913, .T. ) ;
#1115 = EDGE_CURVE ( 'NONE', #1696, #454, #1149, .T. ) ;
#1116 = ORIENTED_EDGE ( 'NONE', *, *, #10363, .T. ) ;
#1117 = EDGE_CURVE ( 'NONE', #5817, #6359, #6465, .T. ) ;
#1118 = EDGE_CURVE ( 'NONE', #4474, #1192, #8185, .T. ) ;
#1119 = VERTEX_POINT ( 'NONE', #4541 ) ;
#1120 = CARTESIAN_POINT ( 'NONE',  ( -25.78279235760479793, -31.79999999999999361, 6.499999999999999112 ) ) ;
#1121 = VERTEX_POINT ( 'NONE', #6443 ) ;
#1122 = CYLINDRICAL_SURFACE ( 'NONE', #6877, 0.9999999999999998890 ) ;
#1123 = CARTESIAN_POINT ( 'NONE',  ( -30.45829412181938523, -28.59883425558846781, 22.05936275249719358 ) ) ;
#1124 = DIRECTION ( 'NONE',  ( -1.000000000000000000, 0.000000000000000000, 0.000000000000000000 ) ) ;
#1125 = CARTESIAN_POINT ( 'NONE',  ( -19.57972195055398146, 27.58294234767709341, 5.700000000000000178 ) ) ;
#1126 = ORIENTED_EDGE ( 'NONE', *, *, #4954, .T. ) ;
#1127 = CIRCLE ( 'NONE', #8172, 0.7999999999999986011 ) ;
#1128 = CARTESIAN_POINT ( 'NONE',  ( -29.99999999999997868, 2.139175515927372651, 6.500000000000000888 ) ) ;
#1129 = ADVANCED_FACE ( 'NONE', ( #10807 ), #18, .T. ) ;
#1130 = CARTESIAN_POINT ( 'NONE',  ( -19.67937319653868045, 26.56527095544834083, 6.000000000000000000 ) ) ;
#1131 = CARTESIAN_POINT ( 'NONE',  ( 3.244874193390044681, -32.79999999999999716, 6.475629962069106682 ) ) ;
#1132 = CARTESIAN_POINT ( 'NONE',  ( -21.82807647900999370, -18.53459485037750554, 6.000000000000000000 ) ) ;
#1133 = VERTEX_POINT ( 'NONE', #3647 ) ;
#1134 = CARTESIAN_POINT ( 'NONE',  ( 41.00000000000001421, -28.49999999999999645, 37.29999999999999716 ) ) ;
#1135 = CARTESIAN_POINT ( 'NONE',  ( -30.49999999999997868, 8.468626966596888295, 4.388610099474774096 ) ) ;
#1136 = DIRECTION ( 'NONE',  ( -0.000000000000000000, -0.000000000000000000, 1.000000000000000000 ) ) ;
#1137 = ORIENTED_EDGE ( 'NONE', *, *, #9943, .F. ) ;
#1138 = AXIS2_PLACEMENT_3D ( 'NONE', #10240, #6805, #5731 ) ;
#1139 = CARTESIAN_POINT ( 'NONE',  ( 31.29047135871918073, 5.456199394475971687, 6.000000000000001776 ) ) ;
#1140 = VERTEX_POINT ( 'NONE', #7292 ) ;
#1141 = DIRECTION ( 'NONE',  ( -1.000000000000000000, 0.000000000000000000, 0.000000000000000000 ) ) ;
#1142 = AXIS2_PLACEMENT_3D ( 'NONE', #10949, #1820, #11001 ) ;
#1143 = EDGE_CURVE ( 'NONE', #2621, #1970, #1324, .T. ) ;
#1144 = FACE_OUTER_BOUND ( 'NONE', #5707, .T. ) ;
#1145 = CARTESIAN_POINT ( 'NONE',  ( -34.49999999999997868, -28.49999999999999645, 1.500000000000008216 ) ) ;
#1146 = VERTEX_POINT ( 'NONE', #11767 ) ;
#1147 = DIRECTION ( 'NONE',  ( -0.000000000000000000, -0.000000000000000000, -1.000000000000000000 ) ) ;
#1148 = CYLINDRICAL_SURFACE ( 'NONE', #6361, 0.3000000000000016542 ) ;
#1149 = CIRCLE ( 'NONE', #9339, 0.7999999999999986011 ) ;
#1150 = ORIENTED_EDGE ( 'NONE', *, *, #9469, .F. ) ;
#1151 = CARTESIAN_POINT ( 'NONE',  ( 33.99999999999997868, -28.00000000001498535, 1.369076711110721378 ) ) ;
#1152 = ORIENTED_EDGE ( 'NONE', *, *, #86, .T. ) ;
#1153 = DIRECTION ( 'NONE',  ( -0.7073707969387312833, 0.7068426668207460351, 0.000000000000000000 ) ) ;
#1154 = CYLINDRICAL_SURFACE ( 'NONE', #6553, 1.000000000000000888 ) ;
#1155 = CIRCLE ( 'NONE', #1721, 0.5000000000000004441 ) ;
#1156 = ORIENTED_EDGE ( 'NONE', *, *, #3436, .F. ) ;
#1157 = EDGE_LOOP ( 'NONE', ( #8136, #6277, #6984, #10959 ) ) ;
#1158 = CARTESIAN_POINT ( 'NONE',  ( -29.13518463892641819, -29.15695351228841758, 6.500000000000000888 ) ) ;
#1159 = DIRECTION ( 'NONE',  ( 0.000000000000000000, 0.000000000000000000, -1.000000000000000000 ) ) ;
#1160 = ORIENTED_EDGE ( 'NONE', *, *, #1974, .F. ) ;
#1161 = CARTESIAN_POINT ( 'NONE',  ( 31.96113848039841088, 7.362224433529999779, 5.073824111473121512 ) ) ;
#1162 = AXIS2_PLACEMENT_3D ( 'NONE', #6564, #7287, #10154 ) ;
#1163 = EDGE_CURVE ( 'NONE', #8102, #205, #6393, .T. ) ;
#1164 = EDGE_CURVE ( 'NONE', #5151, #5405, #2639, .T. ) ;
#1165 = AXIS2_PLACEMENT_3D ( 'NONE', #1558, #4356, #9802 ) ;
#1166 = DIRECTION ( 'NONE',  ( 1.000000000000000000, 0.000000000000000000, 0.000000000000000000 ) ) ;
#1167 = EDGE_LOOP ( 'NONE', ( #806, #3053, #2968 ) ) ;
#1168 = CIRCLE ( 'NONE', #4962, 0.3000000000000001554 ) ;
#1169 = CARTESIAN_POINT ( 'NONE',  ( 27.58294234767780040, -11.88379308764551112, 6.000000000000000000 ) ) ;
#1170 = CIRCLE ( 'NONE', #8784, 0.2000000000000000111 ) ;
#1171 = AXIS2_PLACEMENT_3D ( 'NONE', #5245, #11458, #720 ) ;
#1172 = ORIENTED_EDGE ( 'NONE', *, *, #88, .T. ) ;
#1173 = VERTEX_POINT ( 'NONE', #84 ) ;
#1174 = ADVANCED_FACE ( 'NONE', ( #11714 ), #9520, .T. ) ;
#1175 = CIRCLE ( 'NONE', #7276, 0.9999999999999991118 ) ;
#1176 = CARTESIAN_POINT ( 'NONE',  ( -30.49999999999997868, 7.653141664043080716, 6.044270185247800242 ) ) ;
#1177 = EDGE_LOOP ( 'NONE', ( #2628, #9270, #10399, #8108, #9648, #7849 ) ) ;
#1178 = CARTESIAN_POINT ( 'NONE',  ( -34.98674648294755229, -35.00000000000000000, 50.00000000000000000 ) ) ;
#1179 = CARTESIAN_POINT ( 'NONE',  ( -9.696990733762357095, -32.79999999999999716, 6.500000000000001776 ) ) ;
#1180 = CIRCLE ( 'NONE', #9181, 11.00000000000000000 ) ;
#1181 = AXIS2_PLACEMENT_3D ( 'NONE', #27, #862, #684 ) ;
#1182 = EDGE_CURVE ( 'NONE', #532, #7409, #11056, .T. ) ;
#1183 = CARTESIAN_POINT ( 'NONE',  ( -9.361426614940210555, -29.58727364125569181, 6.000000000000000000 ) ) ;
#1184 = VERTEX_POINT ( 'NONE', #4426 ) ;
#1185 = EDGE_CURVE ( 'NONE', #3380, #1377, #6670, .T. ) ;
#1186 = DIRECTION ( 'NONE',  ( -1.000000000000000000, 0.000000000000000000, 0.000000000000000000 ) ) ;
#1187 = AXIS2_PLACEMENT_3D ( 'NONE', #8825, #658, #11568 ) ;
#1188 = B_SPLINE_CURVE_WITH_KNOTS ( 'NONE', 3,
 ( #2324, #9795, #6918, #6067 ),
 .UNSPECIFIED., .F., .F.,
 ( 4, 4 ),
 ( 7.372574772901430151E-17, 0.0004942465108510603984 ),
 .UNSPECIFIED. ) ;
#1189 = DIRECTION ( 'NONE',  ( 0.000000000000000000, 0.000000000000000000, 1.000000000000000000 ) ) ;
#1190 = CARTESIAN_POINT ( 'NONE',  ( 3.903587267792825610, -32.79999999999999716, 6.500000000000000888 ) ) ;
#1191 = DIRECTION ( 'NONE',  ( 1.000000000000000000, 0.000000000000000000, 0.000000000000000000 ) ) ;
#1192 = VERTEX_POINT ( 'NONE', #8071 ) ;
#1193 = LINE ( 'NONE', #8573, #3247 ) ;
#1194 = VECTOR ( 'NONE', #10173, 1000.000000000000000 ) ;
#1195 = CARTESIAN_POINT ( 'NONE',  ( -21.86605083265882854, 18.03603898744441381, 5.700000000000000178 ) ) ;
#1196 = DIRECTION ( 'NONE',  ( -0.000000000000000000, -0.000000000000000000, 1.000000000000000000 ) ) ;
#1197 = AXIS2_PLACEMENT_3D ( 'NONE', #3056, #6637, #7657 ) ;
#1198 = EDGE_CURVE ( 'NONE', #6273, #11785, #6288, .T. ) ;
#1199 = PLANE ( 'NONE',  #11438 ) ;
#1200 = ORIENTED_EDGE ( 'NONE', *, *, #1905, .T. ) ;
#1201 = EDGE_CURVE ( 'NONE', #7409, #2798, #10478, .T. ) ;
#1202 = CIRCLE ( 'NONE', #9390, 1.000000000000000888 ) ;
#1203 = DIRECTION ( 'NONE',  ( -1.000000000000000000, 0.000000000000000000, 0.000000000000000000 ) ) ;
#1204 = ORIENTED_EDGE ( 'NONE', *, *, #10794, .T. ) ;
#1205 = DIRECTION ( 'NONE',  ( -0.000000000000000000, 1.000000000000000000, -0.000000000000000000 ) ) ;
#1206 = DIRECTION ( 'NONE',  ( -0.000000000000000000, 1.000000000000000000, -0.000000000000000000 ) ) ;
#1207 = TOROIDAL_SURFACE ( 'NONE', #11112, 2.999999999999999556, 1.000000000000000000 ) ;
#1208 = DIRECTION ( 'NONE',  ( -1.000000000000000000, -1.137523590804463822E-16, 0.000000000000000000 ) ) ;
#1209 = DIRECTION ( 'NONE',  ( 1.000000000000000000, 6.360652745248258180E-14, 0.000000000000000000 ) ) ;
#1210 = CARTESIAN_POINT ( 'NONE',  ( 30.33053936712445164, -37.48883902916701061, 0.8855035609559100962 ) ) ;
#1211 = ORIENTED_EDGE ( 'NONE', *, *, #4754, .F. ) ;
#1212 = DIRECTION ( 'NONE',  ( 1.000000000000000000, 0.000000000000000000, -0.000000000000000000 ) ) ;
#1213 = DIRECTION ( 'NONE',  ( -1.000000000000000000, 0.000000000000000000, 0.000000000000000000 ) ) ;
#1214 = CARTESIAN_POINT ( 'NONE',  ( 26.54775779477856545, -37.00000000000000000, 0.5000000000000000000 ) ) ;
#1215 = ORIENTED_EDGE ( 'NONE', *, *, #5311, .F. ) ;
#1216 = CIRCLE ( 'NONE', #642, 0.5000000000000004441 ) ;
#1217 = AXIS2_PLACEMENT_3D ( 'NONE', #4554, #2713, #8267 ) ;
#1218 = CARTESIAN_POINT ( 'NONE',  ( -30.49999999999998224, -37.50000000000000000, 0.5000000000000004441 ) ) ;
#1219 = DIRECTION ( 'NONE',  ( -1.826024711554533913E-16, 0.000000000000000000, -1.000000000000000000 ) ) ;
#1220 = ORIENTED_EDGE ( 'NONE', *, *, #4486, .T. ) ;
#1221 = ORIENTED_EDGE ( 'NONE', *, *, #10555, .T. ) ;
#1222 = AXIS2_PLACEMENT_3D ( 'NONE', #7640, #7587, #5717 ) ;
#1223 = DIRECTION ( 'NONE',  ( 0.000000000000000000, 0.8994353934787674421, -0.4370537414983363678 ) ) ;
#1224 = DIRECTION ( 'NONE',  ( 0.000000000000000000, 0.000000000000000000, 1.000000000000000000 ) ) ;
#1225 = VERTEX_POINT ( 'NONE', #8583 ) ;
#1226 = DIRECTION ( 'NONE',  ( -0.000000000000000000, -1.000000000000000000, -0.000000000000000000 ) ) ;
#1227 = VECTOR ( 'NONE', #2315, 1000.000000000000000 ) ;
#1228 = DIRECTION ( 'NONE',  ( 0.000000000000000000, 0.000000000000000000, -1.000000000000000000 ) ) ;
#1229 = EDGE_LOOP ( 'NONE', ( #4406, #734, #1823, #2515, #5446 ) ) ;
#1230 = DIRECTION ( 'NONE',  ( 0.000000000000000000, 0.000000000000000000, -1.000000000000000000 ) ) ;
#1231 = EDGE_CURVE ( 'NONE', #9408, #7141, #1526, .T. ) ;
#1232 = AXIS2_PLACEMENT_3D ( 'NONE', #7122, #791, #9991 ) ;
#1233 = VERTEX_POINT ( 'NONE', #11170 ) ;
#1234 = ORIENTED_EDGE ( 'NONE', *, *, #4613, .T. ) ;
#1235 = CARTESIAN_POINT ( 'NONE',  ( -20.36303665768713600, -32.29999999999999716, 5.700000000000000178 ) ) ;
#1236 = ORIENTED_EDGE ( 'NONE', *, *, #530, .T. ) ;
#1237 = DIRECTION ( 'NONE',  ( 1.000000000000000000, 0.000000000000000000, 0.000000000000000000 ) ) ;
#1238 = CARTESIAN_POINT ( 'NONE',  ( 40.00000000000000711, -37.49999999999999289, 1.000000000000007772 ) ) ;
#1239 = AXIS2_PLACEMENT_3D ( 'NONE', #5044, #3149, #523 ) ;
#1240 = CARTESIAN_POINT ( 'NONE',  ( 30.50000000000001066, 10.20067777416575439, 0.5000000000000004441 ) ) ;
#1241 = EDGE_LOOP ( 'NONE', ( #8493, #1936, #4724, #9747 ) ) ;
#1242 = CARTESIAN_POINT ( 'NONE',  ( -19.29508843714771160, -32.79999999999999005, 6.216643855330920232 ) ) ;
#1243 = EDGE_CURVE ( 'NONE', #5212, #633, #3052, .T. ) ;
#1244 = EDGE_CURVE ( 'NONE', #9412, #5989, #2988, .T. ) ;
#1245 = CIRCLE ( 'NONE', #5997, 0.7999999999999986011 ) ;
#1246 = EDGE_CURVE ( 'NONE', #3773, #10930, #11249, .T. ) ;
#1247 = CARTESIAN_POINT ( 'NONE',  ( -20.11658706833188859, -32.12893685403737720, 5.700000000000000178 ) ) ;
#1248 = CARTESIAN_POINT ( 'NONE',  ( -30.37760673426211966, -28.62230188570046252, 21.57402752746414620 ) ) ;
#1249 = EDGE_LOOP ( 'NONE', ( #6316, #10050, #5854, #8025, #10250 ) ) ;
#1250 =( BOUNDED_SURFACE ( )  B_SPLINE_SURFACE ( 3, 2, ( 
 ( #10887, #5502, #9095 ),
 ( #9150, #4506, #3668 ),
 ( #6458, #8146, #6407 ),
 ( #6279, #987, #4446 ),
 ( #4621, #927, #1694 ),
 ( #4557, #7249, #8271 ),
 ( #10117, #8205, #102 ),
 ( #3731, #7317, #10957 ) ),
 .UNSPECIFIED., .F., .F., .F. ) 
 B_SPLINE_SURFACE_WITH_KNOTS ( ( 4, 2, 2, 4 ),
 ( 3, 3 ),
 ( -2.440403564993309793E-16, 0.0002194011567971205438, 0.0004388023135944851415, 0.0008776046271892143369 ),
 ( 0.000000000000000000, 1.000000000000000000 ),
 .UNSPECIFIED. ) 
 GEOMETRIC_REPRESENTATION_ITEM ( )  RATIONAL_B_SPLINE_SURFACE ( (
 ( 1.000000000000000000, 0.8325198195755111330, 1.000000000000000000),
 ( 1.000000000000000000, 0.8549768083057884827, 1.000000000000000000),
 ( 1.000000000000000000, 0.8687051697197499811, 1.000000000000000000),
 ( 1.000000000000000000, 0.8906234655585384408, 1.000000000000000000),
 ( 1.000000000000000000, 0.8984458873148155611, 1.000000000000000000),
 ( 1.000000000000000000, 0.9166192229418490545, 1.000000000000000000),
 ( 1.000000000000000000, 0.9213913114930487591, 1.000000000000000000),
 ( 1.000000000000000000, 0.9215226419814989134, 1.000000000000000000) ) ) 
 REPRESENTATION_ITEM ( '' )  SURFACE ( )  );
#1251 = CARTESIAN_POINT ( 'NONE',  ( 41.00000000000000711, -37.29999999999999005, 11.00000000000000000 ) ) ;
#1252 = DIRECTION ( 'NONE',  ( -0.000000000000000000, -0.000000000000000000, 1.000000000000000000 ) ) ;
#1253 = LINE ( 'NONE', #4874, #1227 ) ;
#1254 = CARTESIAN_POINT ( 'NONE',  ( 31.50000000000000711, 5.559677934766185992, 5.949717696739386774 ) ) ;
#1255 = ORIENTED_EDGE ( 'NONE', *, *, #8056, .T. ) ;
#1256 = DIRECTION ( 'NONE',  ( -1.000000000000000000, 0.000000000000000000, 0.000000000000000000 ) ) ;
#1257 = DIRECTION ( 'NONE',  ( -1.000000000000000000, 0.000000000000000000, 0.000000000000000000 ) ) ;
#1258 = DIRECTION ( 'NONE',  ( -0.000000000000000000, -0.000000000000000000, 1.000000000000000000 ) ) ;
#1259 = ADVANCED_FACE ( 'NONE', ( #1305 ), #9373, .F. ) ;
#1260 = EDGE_CURVE ( 'NONE', #8141, #8305, #6471, .T. ) ;
#1261 = CARTESIAN_POINT ( 'NONE',  ( 11.88379308764715958, 26.28294234767709270, 4.000000000000000000 ) ) ;
#1262 = EDGE_CURVE ( 'NONE', #6216, #9695, #7469, .T. ) ;
#1263 = DIRECTION ( 'NONE',  ( 1.000000000000000000, 1.137523590804463822E-16, -0.000000000000000000 ) ) ;
#1264 = DIRECTION ( 'NONE',  ( -1.137523590804463822E-16, 1.000000000000000000, 0.000000000000000000 ) ) ;
#1265 = ORIENTED_EDGE ( 'NONE', *, *, #5913, .F. ) ;
#1266 = CARTESIAN_POINT ( 'NONE',  ( -25.78279235760480148, -31.79999999999999361, 49.00000000000000000 ) ) ;
#1267 = DIRECTION ( 'NONE',  ( -0.000000000000000000, -0.000000000000000000, 1.000000000000000000 ) ) ;
#1268 = CARTESIAN_POINT ( 'NONE',  ( 22.70891192218054400, 18.60168694398683087, 4.000000000000000000 ) ) ;
#1269 = VERTEX_POINT ( 'NONE', #10434 ) ;
#1270 = CARTESIAN_POINT ( 'NONE',  ( -30.36152600756226860, -28.63837060636879883, 21.48348257205135425 ) ) ;
#1271 = CARTESIAN_POINT ( 'NONE',  ( -9.534216377564714406, -29.83251576229562474, 4.000000000000000000 ) ) ;
#1272 = ORIENTED_EDGE ( 'NONE', *, *, #10349, .T. ) ;
#1273 = B_SPLINE_CURVE_WITH_KNOTS ( 'NONE', 3,
 ( #8153, #10013, #5448, #528, #4162, #2493 ),
 .UNSPECIFIED., .F., .F.,
 ( 4, 2, 4 ),
 ( 0.000000000000000000, 0.002418696264476002857, 0.004837392528952005714 ),
 .UNSPECIFIED. ) ;
#1274 = ORIENTED_EDGE ( 'NONE', *, *, #7362, .T. ) ;
#1275 = CARTESIAN_POINT ( 'NONE',  ( 30.37955643504197312, -28.62035364058674602, 21.57037164422596831 ) ) ;
#1276 = DIRECTION ( 'NONE',  ( 1.519465818373845562E-16, -1.000000000000000000, -0.000000000000000000 ) ) ;
#1277 = ORIENTED_EDGE ( 'NONE', *, *, #5628, .F. ) ;
#1278 = CARTESIAN_POINT ( 'NONE',  ( 30.37760673426212321, -28.62230188570046963, 21.57402752746417818 ) ) ;
#1279 = CARTESIAN_POINT ( 'NONE',  ( 41.00000000000001421, -28.49999999999999645, 43.70000000000000284 ) ) ;
#1280 = ORIENTED_EDGE ( 'NONE', *, *, #6100, .T. ) ;
#1281 = CARTESIAN_POINT ( 'NONE',  ( 30.50000000000000711, 31.00000000000000711, 0.5000000000000004441 ) ) ;
#1282 = CARTESIAN_POINT ( 'NONE',  ( 30.43122076213480653, 5.040654228552623906, 5.999999999999999112 ) ) ;
#1283 = VERTEX_POINT ( 'NONE', #11111 ) ;
#1284 = ORIENTED_EDGE ( 'NONE', *, *, #11449, .F. ) ;
#1285 = CARTESIAN_POINT ( 'NONE',  ( -20.36303665768713245, -32.29999999999999716, 6.000000000000000000 ) ) ;
#1286 = ORIENTED_EDGE ( 'NONE', *, *, #10954, .T. ) ;
#1287 = CARTESIAN_POINT ( 'NONE',  ( -24.75126265846939688, -24.74873734153059246, 5.799999999999999822 ) ) ;
#1288 = DIRECTION ( 'NONE',  ( -0.000000000000000000, -0.000000000000000000, 1.000000000000000000 ) ) ;
#1289 = CARTESIAN_POINT ( 'NONE',  ( -40.99999999999998579, -28.49999999999999645, 43.70000000000000284 ) ) ;
#1290 = ORIENTED_EDGE ( 'NONE', *, *, #10977, .F. ) ;
#1291 = DIRECTION ( 'NONE',  ( 0.000000000000000000, 0.000000000000000000, -1.000000000000000000 ) ) ;
#1292 = ORIENTED_EDGE ( 'NONE', *, *, #8490, .T. ) ;
#1293 = CARTESIAN_POINT ( 'NONE',  ( -43.12249899919917340, -37.50000000000000000, 0.9999999999999991118 ) ) ;
#1294 = CARTESIAN_POINT ( 'NONE',  ( 25.09839867021182513, 11.34820343485588978, 5.700000000000000178 ) ) ;
#1295 = ORIENTED_EDGE ( 'NONE', *, *, #7811, .F. ) ;
#1296 = DIRECTION ( 'NONE',  ( 1.000000000000000000, 0.000000000000000000, -1.826024711554533913E-16 ) ) ;
#1297 = AXIS2_PLACEMENT_3D ( 'NONE', #183, #9581, #1079 ) ;
#1298 = DIRECTION ( 'NONE',  ( -1.000000000000000000, 0.000000000000000000, 1.973877827711729513E-16 ) ) ;
#1299 = EDGE_CURVE ( 'NONE', #9039, #5141, #5138, .T. ) ;
#1300 = EDGE_CURVE ( 'NONE', #5499, #6187, #9263, .T. ) ;
#1301 = CARTESIAN_POINT ( 'NONE',  ( -30.35342133341034909, -28.64646922948985619, 6.500000000000000888 ) ) ;
#1302 = EDGE_LOOP ( 'NONE', ( #9514, #9948, #9675, #809 ) ) ;
#1303 = CARTESIAN_POINT ( 'NONE',  ( -27.28294234767779614, 11.88379308764553066, 4.000000000000000000 ) ) ;
#1304 = CARTESIAN_POINT ( 'NONE',  ( 11.47180104703964609, 25.37175490347252804, 4.000000000000000000 ) ) ;
#1305 = FACE_OUTER_BOUND ( 'NONE', #8505, .T. ) ;
#1306 = AXIS2_PLACEMENT_3D ( 'NONE', #2876, #11169, #7577 ) ;
#1307 = DIRECTION ( 'NONE',  ( -1.000000000000000000, 3.552713678800500929E-15, 0.000000000000000000 ) ) ;
#1308 = DIRECTION ( 'NONE',  ( -1.000000000000000000, -6.120550899367223059E-14, 0.000000000000000000 ) ) ;
#1309 = CARTESIAN_POINT ( 'NONE',  ( 30.39377048841651430, -37.47248077590529647, 0.8181648985743739111 ) ) ;
#1310 = EDGE_LOOP ( 'NONE', ( #3172, #4151, #2895, #2044 ) ) ;
#1311 = DIRECTION ( 'NONE',  ( 1.000000000000000000, 0.000000000000000000, 0.000000000000000000 ) ) ;
#1312 = DIRECTION ( 'NONE',  ( -0.000000000000000000, 1.000000000000000000, 0.000000000000000000 ) ) ;
#1313 = CARTESIAN_POINT ( 'NONE',  ( -33.99999999999997868, -28.00000000000001421, 21.14523135337577386 ) ) ;
#1314 = CARTESIAN_POINT ( 'NONE',  ( 25.91927170679476333, 19.18495017097017552, 4.000000000000000000 ) ) ;
#1315 = ORIENTED_EDGE ( 'NONE', *, *, #3637, .F. ) ;
#1316 = CIRCLE ( 'NONE', #7994, 3.000000000000002665 ) ;
#1317 = EDGE_CURVE ( 'NONE', #10603, #8376, #1155, .T. ) ;
#1318 = ADVANCED_FACE ( 'NONE', ( #2939 ), #7578, .T. ) ;
#1319 = EDGE_CURVE ( 'NONE', #10876, #7733, #6673, .T. ) ;
#1320 = CARTESIAN_POINT ( 'NONE',  ( -30.49693292081857265, -28.50306478926894727, 21.45217880971384261 ) ) ;
#1321 = FACE_OUTER_BOUND ( 'NONE', #3780, .T. ) ;
#1322 = MANIFOLD_SOLID_BREP ( 'ÇÐ³ý-À­Éì12', #5495 ) ;
#1323 = ORIENTED_EDGE ( 'NONE', *, *, #178, .F. ) ;
#1324 = CIRCLE ( 'NONE', #8003, 0.1999999999999987899 ) ;
#1325 = ORIENTED_EDGE ( 'NONE', *, *, #1687, .T. ) ;
#1326 = CARTESIAN_POINT ( 'NONE',  ( -21.80529186682036880, 18.83372836813732931, 6.000000000000000000 ) ) ;
#1327 = DIRECTION ( 'NONE',  ( -1.000000000000000000, 0.000000000000000000, 0.000000000000000000 ) ) ;
#1328 = EDGE_LOOP ( 'NONE', ( #8145, #3667, #9655, #9202 ) ) ;
#1329 = CARTESIAN_POINT ( 'NONE',  ( -31.37499999999997868, 7.476470224947666665, 1.500000000000003109 ) ) ;
#1330 = DIRECTION ( 'NONE',  ( 0.000000000000000000, 0.000000000000000000, -1.000000000000000000 ) ) ;
#1331 = EDGE_CURVE ( 'NONE', #2934, #6611, #7438, .T. ) ;
#1332 = CARTESIAN_POINT ( 'NONE',  ( -10.39816519068723899, -31.05872636749531068, 4.000000000000000000 ) ) ;
#1333 = ORIENTED_EDGE ( 'NONE', *, *, #2414, .F. ) ;
#1334 = EDGE_CURVE ( 'NONE', #460, #10043, #9719, .T. ) ;
#1335 = AXIS2_PLACEMENT_3D ( 'NONE', #8648, #10554, #3271 ) ;
#1336 = DIRECTION ( 'NONE',  ( 0.000000000000000000, 0.000000000000000000, -1.000000000000000000 ) ) ;
#1337 = CARTESIAN_POINT ( 'NONE',  ( -30.22255424710012761, -28.77723860912341181, 22.03167208321662685 ) ) ;
#1338 = ORIENTED_EDGE ( 'NONE', *, *, #7443, .T. ) ;
#1339 = VERTEX_POINT ( 'NONE', #4993 ) ;
#1340 = AXIS2_PLACEMENT_3D ( 'NONE', #11528, #7824, #2272 ) ;
#1341 = CARTESIAN_POINT ( 'NONE',  ( -10.11671995767028953, -32.79999999999999716, 6.444457187312188751 ) ) ;
#1342 = EDGE_LOOP ( 'NONE', ( #8870, #1681, #2564, #7909 ) ) ;
#1343 = DIRECTION ( 'NONE',  ( -0.7071067811865474617, -0.7071067811865474617, 0.000000000000000000 ) ) ;
#1344 = CARTESIAN_POINT ( 'NONE',  ( 31.29796143940848907, -28.49999999999999645, 22.81294424401309584 ) ) ;
#1345 = AXIS2_PLACEMENT_3D ( 'NONE', #246, #7459, #6560 ) ;
#1346 = LINE ( 'NONE', #10255, #5721 ) ;
#1347 = ORIENTED_EDGE ( 'NONE', *, *, #2115, .F. ) ;
#1348 = CIRCLE ( 'NONE', #6293, 3.000000000000002665 ) ;
#1349 = FACE_OUTER_BOUND ( 'NONE', #3547, .T. ) ;
#1350 = VECTOR ( 'NONE', #4772, 1000.000000000000000 ) ;
#1351 = VECTOR ( 'NONE', #8210, 1000.000000000000114 ) ;
#1352 = ORIENTED_EDGE ( 'NONE', *, *, #4754, .T. ) ;
#1353 = CIRCLE ( 'NONE', #4783, 1.300000000000000711 ) ;
#1354 = DIRECTION ( 'NONE',  ( -1.000000000000000000, 0.000000000000000000, 0.000000000000000000 ) ) ;
#1355 = CARTESIAN_POINT ( 'NONE',  ( 0.000000000000000000, 0.000000000000000000, 6.000000000000000000 ) ) ;
#1356 = AXIS2_PLACEMENT_3D ( 'NONE', #9441, #4719, #11122 ) ;
#1357 = ORIENTED_EDGE ( 'NONE', *, *, #610, .T. ) ;
#1358 = CYLINDRICAL_SURFACE ( 'NONE', #1928, 0.5000000000000004441 ) ;
#1359 = LINE ( 'NONE', #9602, #10920 ) ;
#1360 = DIRECTION ( 'NONE',  ( -1.000000000000000000, 0.000000000000000000, 0.000000000000000000 ) ) ;
#1361 = DIRECTION ( 'NONE',  ( -1.000000000000000000, 0.000000000000000000, 0.000000000000000000 ) ) ;
#1362 = VERTEX_POINT ( 'NONE', #6912 ) ;
#1363 = VECTOR ( 'NONE', #4061, 1000.000000000000000 ) ;
#1364 = DIRECTION ( 'NONE',  ( 0.000000000000000000, -0.000000000000000000, 1.000000000000000000 ) ) ;
#1365 = CARTESIAN_POINT ( 'NONE',  ( -31.24325230736886283, 5.244997879939018226, 6.065357531000026725 ) ) ;
#1366 = CIRCLE ( 'NONE', #6691, 4.500000000000000888 ) ;
#1367 = FACE_OUTER_BOUND ( 'NONE', #4109, .T. ) ;
#1368 = ADVANCED_FACE ( 'NONE', ( #2503 ), #4229, .F. ) ;
#1369 = ADVANCED_FACE ( 'NONE', ( #1540 ), #4113, .F. ) ;
#1370 = DIRECTION ( 'NONE',  ( -0.000000000000000000, -0.000000000000000000, 1.000000000000000000 ) ) ;
#1371 = CARTESIAN_POINT ( 'NONE',  ( -25.06171376815238361, -18.98463951405143035, 5.700000000000001066 ) ) ;
#1372 = ORIENTED_EDGE ( 'NONE', *, *, #1758, .T. ) ;
#1373 = DIRECTION ( 'NONE',  ( 1.000000000000000000, 0.000000000000000000, 0.000000000000000000 ) ) ;
#1374 = DIRECTION ( 'NONE',  ( 0.000000000000000000, 0.000000000000000000, -1.000000000000000000 ) ) ;
#1375 = CIRCLE ( 'NONE', #425, 1.484090461570473307 ) ;
#1376 = FACE_OUTER_BOUND ( 'NONE', #5454, .T. ) ;
#1377 = VERTEX_POINT ( 'NONE', #4291 ) ;
#1378 = B_SPLINE_CURVE_WITH_KNOTS ( 'NONE', 2,
 ( #10334, #2332, #8595 ),
 .UNSPECIFIED., .F., .F.,
 ( 3, 3 ),
 ( 0.1219870694739255135, 0.7671193349923761673 ),
 .UNSPECIFIED. ) ;
#1379 = DIRECTION ( 'NONE',  ( 0.000000000000000000, 0.000000000000000000, 1.000000000000000000 ) ) ;
#1380 = AXIS2_PLACEMENT_3D ( 'NONE', #307, #2034, #2082 ) ;
#1381 = AXIS2_PLACEMENT_3D ( 'NONE', #7123, #8011, #11410 ) ;
#1383 = ADVANCED_FACE ( 'NONE', ( #2319 ), #7878, .F. ) ;
#1382 = DIRECTION ( 'NONE',  ( 0.000000000000000000, 0.000000000000000000, -1.000000000000000000 ) ) ;
#1384 = CARTESIAN_POINT ( 'NONE',  ( 37.80000000000000426, -37.29999999999999005, 14.00000000000000178 ) ) ;
#1385 = AXIS2_PLACEMENT_3D ( 'NONE', #2610, #5995, #5224 ) ;
#1386 = ADVANCED_FACE ( 'NONE', ( #6129 ), #6852, .T. ) ;
#1387 = ORIENTED_EDGE ( 'NONE', *, *, #8488, .T. ) ;
#1388 = EDGE_CURVE ( 'NONE', #11254, #32, #5110, .T. ) ;
#1389 = CARTESIAN_POINT ( 'NONE',  ( 27.58294234767776842, -11.34689094264124343, 5.700000000000000178 ) ) ;
#1390 = CARTESIAN_POINT ( 'NONE',  ( -19.29508843714771515, -32.79999999999999716, 6.427855894855588836 ) ) ;
#1391 = CARTESIAN_POINT ( 'NONE',  ( 22.14873734152913443, 24.75126265847088547, -37.50000000000001421 ) ) ;
#1392 = ORIENTED_EDGE ( 'NONE', *, *, #8125, .F. ) ;
#1393 = ADVANCED_FACE ( 'NONE', ( #11513 ), #11392, .F. ) ;
#1394 = CARTESIAN_POINT ( 'NONE',  ( 30.49999999999997868, -28.29278383102050398, 21.28750090350188984 ) ) ;
#1395 = AXIS2_PLACEMENT_3D ( 'NONE', #7087, #11564, #5870 ) ;
#1396 = EDGE_CURVE ( 'NONE', #5626, #9165, #578, .T. ) ;
#1397 = VECTOR ( 'NONE', #3088, 1000.000000000000000 ) ;
#1398 = DIRECTION ( 'NONE',  ( 0.000000000000000000, 1.000000000000000000, -1.204669080539449344E-16 ) ) ;
#1399 = AXIS2_PLACEMENT_3D ( 'NONE', #8333, #1113, #11016 ) ;
#1400 = DIRECTION ( 'NONE',  ( 1.000000000000000000, 0.000000000000000000, 0.000000000000000000 ) ) ;
#1401 = ORIENTED_EDGE ( 'NONE', *, *, #9105, .T. ) ;
#1402 = DIRECTION ( 'NONE',  ( -1.000000000000000000, 0.000000000000000000, 0.000000000000000000 ) ) ;
#1403 = CARTESIAN_POINT ( 'NONE',  ( -30.37760673426211966, -28.62230188570046252, 21.57402752746414620 ) ) ;
#1404 = VECTOR ( 'NONE', #1288, 1000.000000000000000 ) ;
#1405 = AXIS2_PLACEMENT_3D ( 'NONE', #6544, #5685, #5637 ) ;
#1406 = ORIENTED_EDGE ( 'NONE', *, *, #11248, .T. ) ;
#1407 = AXIS2_PLACEMENT_3D ( 'NONE', #10236, #1219, #4847 ) ;
#1408 = EDGE_CURVE ( 'NONE', #8052, #835, #9038, .T. ) ;
#1409 = ORIENTED_EDGE ( 'NONE', *, *, #4461, .T. ) ;
#1410 = EDGE_CURVE ( 'NONE', #2312, #9693, #2874, .T. ) ;
#1411 = EDGE_CURVE ( 'NONE', #6341, #10948, #3335, .T. ) ;
#1412 = DIRECTION ( 'NONE',  ( -0.000000000000000000, -0.000000000000000000, 1.000000000000000000 ) ) ;
#1413 = ORIENTED_EDGE ( 'NONE', *, *, #513, .F. ) ;
#1414 = LINE ( 'NONE', #10412, #6309 ) ;
#1415 = LINE ( 'NONE', #4149, #10355 ) ;
#1416 = CYLINDRICAL_SURFACE ( 'NONE', #10695, 0.9999999999999998890 ) ;
#1417 = EDGE_LOOP ( 'NONE', ( #5704, #8980, #5978 ) ) ;
#1418 = AXIS2_PLACEMENT_3D ( 'NONE', #5970, #11535, #6992 ) ;
#1419 = DIRECTION ( 'NONE',  ( 0.000000000000000000, 0.000000000000000000, -1.000000000000000000 ) ) ;
#1420 = ORIENTED_EDGE ( 'NONE', *, *, #2428, .F. ) ;
#1421 = AXIS2_PLACEMENT_3D ( 'NONE', #8365, #1308, #9317 ) ;
#1422 = CARTESIAN_POINT ( 'NONE',  ( 41.00000000000001421, -37.49999999999999289, 40.50000000000000000 ) ) ;
#1423 = DIRECTION ( 'NONE',  ( 1.000000000000000000, 0.000000000000000000, 0.000000000000000000 ) ) ;
#1424 = ORIENTED_EDGE ( 'NONE', *, *, #7226, .T. ) ;
#1425 = DIRECTION ( 'NONE',  ( 5.782411586589324585E-14, -1.000000000000000000, 0.000000000000000000 ) ) ;
#1426 = DIRECTION ( 'NONE',  ( -1.000000000000000000, 0.000000000000000000, 0.000000000000000000 ) ) ;
#1427 = CARTESIAN_POINT ( 'NONE',  ( -10.39816519068723899, -31.05872636749531068, 5.700000000000000178 ) ) ;
#1428 = CARTESIAN_POINT ( 'NONE',  ( 45.00000000000001421, -36.99999999999999289, 45.00000000000000711 ) ) ;
#1429 = ORIENTED_EDGE ( 'NONE', *, *, #2121, .T. ) ;
#1430 = DIRECTION ( 'NONE',  ( -1.000000000000000000, 0.000000000000000000, 0.000000000000000000 ) ) ;
#1431 = CARTESIAN_POINT ( 'NONE',  ( -30.49999999999997513, 3.654618844103574737, 6.287922182086016498 ) ) ;
#1432 = CARTESIAN_POINT ( 'NONE',  ( -27.58294234767823028, 18.90955557852277025, 5.700000000000000178 ) ) ;
#1433 = CARTESIAN_POINT ( 'NONE',  ( -30.65000366322146164, 7.080364228166579288, 5.736906155166144217 ) ) ;
#1434 = CARTESIAN_POINT ( 'NONE',  ( -30.84609063576148458, -28.21251533116209487, 22.10689565769968823 ) ) ;
#1435 = DIRECTION ( 'NONE',  ( -1.000000000000000000, -6.938893903907222067E-15, 0.000000000000000000 ) ) ;
#1436 = ORIENTED_EDGE ( 'NONE', *, *, #10076, .F. ) ;
#1437 = CARTESIAN_POINT ( 'NONE',  ( -9.534216377564714406, -29.83251576229562474, 4.000000000000000000 ) ) ;
#1438 = VECTOR ( 'NONE', #10760, 1000.000000000000000 ) ;
#1439 = DIRECTION ( 'NONE',  ( -0.8545283073801261953, 0.5194048246657482215, 9.010237428832900725E-16 ) ) ;
#1440 = DIRECTION ( 'NONE',  ( 1.000000000000000000, 0.000000000000000000, 0.000000000000000000 ) ) ;
#1441 = CARTESIAN_POINT ( 'NONE',  ( -30.35342133341034909, -28.64646922948985619, 21.38819140624177706 ) ) ;
#1442 = ORIENTED_EDGE ( 'NONE', *, *, #9840, .T. ) ;
#1443 = DIRECTION ( 'NONE',  ( 1.000000000000000000, 0.000000000000000000, 0.000000000000000000 ) ) ;
#1444 = CARTESIAN_POINT ( 'NONE',  ( 0.000000000000000000, -32.29999999999999716, 6.475629962069106682 ) ) ;
#1445 = CARTESIAN_POINT ( 'NONE',  ( -31.49999999999997868, 6.937053741498337978, 5.280423099099354367 ) ) ;
#1446 = ORIENTED_EDGE ( 'NONE', *, *, #9697, .T. ) ;
#1447 = CARTESIAN_POINT ( 'NONE',  ( -32.99999999999343459, 5.179442752422140472, 6.134481616747044619 ) ) ;
#1448 = DIRECTION ( 'NONE',  ( -1.000000000000000000, 0.000000000000000000, 0.000000000000000000 ) ) ;
#1449 = DIRECTION ( 'NONE',  ( -0.000000000000000000, -0.000000000000000000, -1.000000000000000000 ) ) ;
#1450 = VERTEX_POINT ( 'NONE', #7993 ) ;
#1451 = CARTESIAN_POINT ( 'NONE',  ( -32.99999999999997868, -28.21852687074916943, 22.36322654727371173 ) ) ;
#1452 = EDGE_CURVE ( 'NONE', #934, #2897, #3430, .T. ) ;
#1453 = CARTESIAN_POINT ( 'NONE',  ( 27.28294234767776771, 11.34689094264126119, 4.000000000000000000 ) ) ;
#1454 = EDGE_CURVE ( 'NONE', #1883, #454, #2486, .T. ) ;
#1455 = EDGE_CURVE ( 'NONE', #8124, #10200, #5525, .T. ) ;
#1456 = CARTESIAN_POINT ( 'NONE',  ( 45.00000000000001421, -28.49999999999999645, 45.00000000000000711 ) ) ;
#1457 =( BOUNDED_SURFACE ( )  B_SPLINE_SURFACE ( 3, 2, ( 
 ( #6803, #4130, #7955 ),
 ( #1447, #8779, #11473 ),
 ( #7770, #4252, #6865 ),
 ( #9627, #11588, #6934 ),
 ( #4362, #5197, #7899 ),
 ( #7046, #3407, #1626 ),
 ( #10513, #550, #4184 ),
 ( #7830, #10573, #6025 ),
 ( #9676, #11533, #10690 ),
 ( #2522, #8896, #6151 ) ),
 .UNSPECIFIED., .F., .F., .F. ) 
 B_SPLINE_SURFACE_WITH_KNOTS ( ( 4, 2, 2, 2, 4 ),
 ( 3, 3 ),
 ( 1.570796326794896558, 1.934331653445044985, 2.297866980095193412, 2.661402306745341839, 3.024937633395490266 ),
 ( 0.000000000000000000, 1.000000000000000000 ),
 .UNSPECIFIED. ) 
 GEOMETRIC_REPRESENTATION_ITEM ( )  RATIONAL_B_SPLINE_SURFACE ( (
 ( 1.000000000000000000, 0.7071067811865475727, 1.000000000000000000),
 ( 1.000000000000000000, 0.7258409751604265603, 1.000000000000000000),
 ( 1.000000000000000000, 0.7437868777127109032, 1.000000000000000000),
 ( 1.000000000000000000, 0.7763498836771550726, 1.000000000000000000),
 ( 1.000000000000000000, 0.7909605110129421801, 1.000000000000000000),
 ( 1.000000000000000000, 0.8155901956869121561, 1.000000000000000000),
 ( 1.000000000000000000, 0.8256114129077816166, 1.000000000000000000),
 ( 1.000000000000000000, 0.8402973639626456492, 1.000000000000000000),
 ( 1.000000000000000000, 0.8449697452848586865, 1.000000000000000000),
 ( 1.000000000000000000, 0.8467831223684771924, 1.000000000000000000) ) ) 
 REPRESENTATION_ITEM ( '' )  SURFACE ( )  );
#1458 = ORIENTED_EDGE ( 'NONE', *, *, #9198, .T. ) ;
#1459 = CARTESIAN_POINT ( 'NONE',  ( -17.82426233348197542, -23.71555578679803133, 5.700000000000000178 ) ) ;
#1460 = DIRECTION ( 'NONE',  ( -1.000000000000000000, -1.137523590804463822E-16, 0.000000000000000000 ) ) ;
#1461 = EDGE_LOOP ( 'NONE', ( #62, #11803, #10422, #10053, #8346 ) ) ;
#1462 = ORIENTED_EDGE ( 'NONE', *, *, #1857, .T. ) ;
#1463 = DIRECTION ( 'NONE',  ( 0.000000000000000000, 0.000000000000000000, -1.000000000000000000 ) ) ;
#1464 = CARTESIAN_POINT ( 'NONE',  ( -15.92628665597586846, -24.25231062429152828, 5.700000000000001066 ) ) ;
#1465 = EDGE_LOOP ( 'NONE', ( #508, #6965, #3340, #563 ) ) ;
#1466 = DIRECTION ( 'NONE',  ( -1.000000000000000000, 0.000000000000000000, 0.000000000000000000 ) ) ;
#1467 = CARTESIAN_POINT ( 'NONE',  ( 31.49999999999997868, -28.49999999999999645, 22.81294424401308873 ) ) ;
#1468 = CARTESIAN_POINT ( 'NONE',  ( 30.47242681133376507, 7.468048037599849032, 0.6747604177291278704 ) ) ;
#1469 = ORIENTED_EDGE ( 'NONE', *, *, #11181, .F. ) ;
#1470 = CARTESIAN_POINT ( 'NONE',  ( -19.00000000000000000, -33.79999999999999716, 17.00000000000000355 ) ) ;
#1471 = EDGE_CURVE ( 'NONE', #2897, #9064, #9524, .T. ) ;
#1472 = ADVANCED_FACE ( 'NONE', ( #1367 ), #4649, .F. ) ;
#1473 = EDGE_CURVE ( 'NONE', #5278, #4525, #5946, .T. ) ;
#1474 = ORIENTED_EDGE ( 'NONE', *, *, #7529, .F. ) ;
#1475 = DIRECTION ( 'NONE',  ( 0.000000000000000000, 0.000000000000000000, -1.000000000000000000 ) ) ;
#1476 = CARTESIAN_POINT ( 'NONE',  ( 30.55906789913408517, -28.29693332584672660, 21.67886399245483275 ) ) ;
#1477 = ORIENTED_EDGE ( 'NONE', *, *, #2200, .T. ) ;
#1478 = CARTESIAN_POINT ( 'NONE',  ( -21.86605083265882854, 18.03603898744441381, 5.000000000000000000 ) ) ;
#1479 = FACE_OUTER_BOUND ( 'NONE', #2284, .T. ) ;
#1480 = CARTESIAN_POINT ( 'NONE',  ( 31.24632520830445159, 5.485717495825901402, 6.000000000000000000 ) ) ;
#1481 = CARTESIAN_POINT ( 'NONE',  ( 25.78279235760480148, -32.79999999999999716, 49.00000000000000000 ) ) ;
#1482 = ORIENTED_EDGE ( 'NONE', *, *, #4099, .T. ) ;
#1483 = ADVANCED_FACE ( 'NONE', ( #3699 ), #5855, .F. ) ;
#1484 = CARTESIAN_POINT ( 'NONE',  ( 26.49278815614608362, -32.54101447778651135, 49.26174788927401238 ) ) ;
#1485 = DIRECTION ( 'NONE',  ( 0.000000000000000000, -1.000000000000000000, 2.168404344971008868E-16 ) ) ;
#1486 = DIRECTION ( 'NONE',  ( -1.000000000000000000, 0.000000000000000000, 0.000000000000000000 ) ) ;
#1487 = CARTESIAN_POINT ( 'NONE',  ( 31.49999999999997868, -13.12679400932128182, 12.02985011956905836 ) ) ;
#1488 = LINE ( 'NONE', #6978, #6914 ) ;
#1489 = ORIENTED_EDGE ( 'NONE', *, *, #7148, .T. ) ;
#1490 = CARTESIAN_POINT ( 'NONE',  ( -31.50609583228607846, 5.559737641661650187, 5.949709341093305071 ) ) ;
#1491 = CARTESIAN_POINT ( 'NONE',  ( 30.22500549483224219, 6.965246764199669371, 6.000000000000000000 ) ) ;
#1492 = CARTESIAN_POINT ( 'NONE',  ( 33.50361897171246994, -28.19094580593394639, 22.20949897925291694 ) ) ;
#1493 = CARTESIAN_POINT ( 'NONE',  ( 31.24325230736886994, 5.244997879939027108, 6.065357531000025837 ) ) ;
#1494 = ORIENTED_EDGE ( 'NONE', *, *, #5413, .F. ) ;
#1495 = LINE ( 'NONE', #9557, #7635 ) ;
#1496 = AXIS2_PLACEMENT_3D ( 'NONE', #8651, #7701, #6790 ) ;
#1497 = CARTESIAN_POINT ( 'NONE',  ( 30.49999999999997868, -13.12679400932128182, 15.02985011956905659 ) ) ;
#1498 = CARTESIAN_POINT ( 'NONE',  ( 32.99999999999997868, 5.886049477114486450, 5.791127202373573368 ) ) ;
#1499 = EDGE_CURVE ( 'NONE', #10200, #10043, #771, .T. ) ;
#1500 = ORIENTED_EDGE ( 'NONE', *, *, #10729, .T. ) ;
#1501 = DIRECTION ( 'NONE',  ( 1.000000000000000000, 0.000000000000000000, 0.000000000000000000 ) ) ;
#1502 = CARTESIAN_POINT ( 'NONE',  ( -15.71630709728985842, -24.03782565487010459, 6.000000000000000000 ) ) ;
#1503 = EDGE_LOOP ( 'NONE', ( #2192, #5840, #9565, #4904 ) ) ;
#1504 = CARTESIAN_POINT ( 'NONE',  ( -33.99999999999998579, -28.50000000000000000, 21.14523135337576321 ) ) ;
#1505 = AXIS2_PLACEMENT_3D ( 'NONE', #3767, #3986, #5654 ) ;
#1506 = DIRECTION ( 'NONE',  ( -0.000000000000000000, -0.000000000000000000, 1.000000000000000000 ) ) ;
#1507 = ORIENTED_EDGE ( 'NONE', *, *, #10791, .F. ) ;
#1508 = CARTESIAN_POINT ( 'NONE',  ( -3.482073846380641768, -32.79999999999999716, 6.112106956303817284 ) ) ;
#1509 = ORIENTED_EDGE ( 'NONE', *, *, #10507, .T. ) ;
#1510 = DIRECTION ( 'NONE',  ( -1.000000000000000000, 0.000000000000000000, 0.000000000000000000 ) ) ;
#1511 = AXIS2_PLACEMENT_3D ( 'NONE', #10917, #6379, #10083 ) ;
#1512 = ORIENTED_EDGE ( 'NONE', *, *, #2012, .T. ) ;
#1513 = EDGE_LOOP ( 'NONE', ( #8906, #3844, #9989, #8175 ) ) ;
#1514 = EDGE_CURVE ( 'NONE', #3908, #362, #10880, .T. ) ;
#1515 = DIRECTION ( 'NONE',  ( -1.000000000000000000, 0.000000000000000000, 0.000000000000000000 ) ) ;
#1516 = ORIENTED_EDGE ( 'NONE', *, *, #2241, .F. ) ;
#1517 = EDGE_CURVE ( 'NONE', #6356, #2373, #4590, .T. ) ;
#1518 = ORIENTED_EDGE ( 'NONE', *, *, #9790, .F. ) ;
#1519 = CARTESIAN_POINT ( 'NONE',  ( 41.00000000000000711, -28.49999999999999645, 14.00000000000000178 ) ) ;
#1520 = DIRECTION ( 'NONE',  ( 0.000000000000000000, 0.000000000000000000, 1.000000000000000000 ) ) ;
#1521 = VECTOR ( 'NONE', #6749, 1000.000000000000000 ) ;
#1522 = DIRECTION ( 'NONE',  ( -0.000000000000000000, -1.000000000000000000, -0.000000000000000000 ) ) ;
#1523 = ORIENTED_EDGE ( 'NONE', *, *, #8397, .T. ) ;
#1524 = LINE ( 'NONE', #8745, #10927 ) ;
#1525 = AXIS2_PLACEMENT_3D ( 'NONE', #1634, #9085, #8081 ) ;
#1526 = CIRCLE ( 'NONE', #9346, 0.2999999999999997669 ) ;
#1527 = EDGE_LOOP ( 'NONE', ( #506, #7248, #559, #6281 ) ) ;
#1528 = EDGE_LOOP ( 'NONE', ( #6365, #7327, #10819, #1958, #11174, #135, #1108, #1352 ) ) ;
#1529 = EDGE_CURVE ( 'NONE', #10021, #847, #7067, .T. ) ;
#1530 = DIRECTION ( 'NONE',  ( 0.000000000000000000, -0.000000000000000000, -1.000000000000000000 ) ) ;
#1531 = ADVANCED_FACE ( 'NONE', ( #6193 ), #5898, .T. ) ;
#1532 = CARTESIAN_POINT ( 'NONE',  ( -24.99999999999999289, -37.00000000000000000, 49.50000000000000000 ) ) ;
#1534 = PLANE ( 'NONE',  #2165 ) ;
#1533 = VECTOR ( 'NONE', #7628, 1000.000000000000000 ) ;
#1535 = DIRECTION ( 'NONE',  ( -1.000000000000000000, -1.224646799147349509E-16, 0.000000000000000000 ) ) ;
#1536 = ORIENTED_EDGE ( 'NONE', *, *, #9701, .F. ) ;
#1537 = DIRECTION ( 'NONE',  ( 1.000000000000000000, 0.000000000000000000, 0.000000000000000000 ) ) ;
#1538 = CARTESIAN_POINT ( 'NONE',  ( 26.39405745834782380, -33.53825211124435413, 49.97397267484728189 ) ) ;
#1539 = CIRCLE ( 'NONE', #3441, 0.5000000000000004441 ) ;
#1540 = FACE_OUTER_BOUND ( 'NONE', #1342, .T. ) ;
#1541 = B_SPLINE_CURVE_WITH_KNOTS ( 'NONE', 3,
 ( #6957, #5087, #6769, #10595, #457, #4090 ),
 .UNSPECIFIED., .F., .F.,
 ( 4, 2, 4 ),
 ( 0.000000000000000000, 0.005069301248323016679, 0.01013860249664603336 ),
 .UNSPECIFIED. ) ;
#1542 = VECTOR ( 'NONE', #7931, 1000.000000000000000 ) ;
#1543 = CIRCLE ( 'NONE', #4413, 0.1999999999999987899 ) ;
#1544 = DIRECTION ( 'NONE',  ( 0.000000000000000000, 0.000000000000000000, -1.000000000000000000 ) ) ;
#1545 = CARTESIAN_POINT ( 'NONE',  ( -30.73058278887960171, -28.49798042876837201, 22.09780188721187244 ) ) ;
#1546 = DIRECTION ( 'NONE',  ( 1.000000000000000000, -0.000000000000000000, 0.000000000000000000 ) ) ;
#1547 = EDGE_LOOP ( 'NONE', ( #8157, #564, #1772, #3765 ) ) ;
#1548 = ADVANCED_FACE ( 'NONE', ( #841 ), #10982, .T. ) ;
#1549 = CARTESIAN_POINT ( 'NONE',  ( -33.99999999999997868, -28.49999999999999645, 1.500000000000006883 ) ) ;
#1550 = EDGE_CURVE ( 'NONE', #1362, #7717, #6310, .T. ) ;
#1551 = CARTESIAN_POINT ( 'NONE',  ( -26.19678717823081371, -32.79999999999999716, 6.500000000000000888 ) ) ;
#1552 = VECTOR ( 'NONE', #1343, 1000.000000000000114 ) ;
#1553 = CARTESIAN_POINT ( 'NONE',  ( 26.64689772753536090, -19.39069158978177398, 6.000000000000000000 ) ) ;
#1554 = FACE_OUTER_BOUND ( 'NONE', #1835, .T. ) ;
#1555 = ORIENTED_EDGE ( 'NONE', *, *, #5233, .T. ) ;
#1556 = VECTOR ( 'NONE', #8727, 1000.000000000000000 ) ;
#1557 = VECTOR ( 'NONE', #737, 1000.000000000000000 ) ;
#1558 = CARTESIAN_POINT ( 'NONE',  ( -40.99999999999999289, 6.000000000000012434, 14.00000000000000178 ) ) ;
#1559 = CARTESIAN_POINT ( 'NONE',  ( 18.90955557852439384, 26.78294234767708915, 5.000000000000000000 ) ) ;
#1560 = DIRECTION ( 'NONE',  ( 0.7071067811865475727, -0.7071067811865475727, 0.000000000000000000 ) ) ;
#1561 = EDGE_LOOP ( 'NONE', ( #5342, #9502, #9858, #5442 ) ) ;
#1562 = CARTESIAN_POINT ( 'NONE',  ( -49.99999999999999289, -37.50000000000000000, 45.00000000000000711 ) ) ;
#1563 = CIRCLE ( 'NONE', #5563, 0.5000000000000004441 ) ;
#1564 = CARTESIAN_POINT ( 'NONE',  ( -32.99999999999997868, 4.500000000000001776, 0.5000000000000033307 ) ) ;
#1565 = CARTESIAN_POINT ( 'NONE',  ( -14.73873106096218777, -25.45417352841403869, 5.999999999997800870 ) ) ;
#1566 = ORIENTED_EDGE ( 'NONE', *, *, #2805, .T. ) ;
#1567 = CARTESIAN_POINT ( 'NONE',  ( -18.82414313014864504, -23.73099574979123361, 4.000000000000000000 ) ) ;
#1568 = CARTESIAN_POINT ( 'NONE',  ( 10.40005347590610540, -32.79999999999999716, 6.427855894855585284 ) ) ;
#1569 = ORIENTED_EDGE ( 'NONE', *, *, #168, .F. ) ;
#1570 = AXIS2_PLACEMENT_3D ( 'NONE', #9853, #2511, #542 ) ;
#1571 = AXIS2_PLACEMENT_3D ( 'NONE', #5550, #917, #8193 ) ;
#1572 = DIRECTION ( 'NONE',  ( 0.000000000000000000, 1.000000000000000000, -0.000000000000000000 ) ) ;
#1573 = ORIENTED_EDGE ( 'NONE', *, *, #3711, .T. ) ;
#1574 = AXIS2_PLACEMENT_3D ( 'NONE', #10207, #3867, #5644 ) ;
#1575 = CARTESIAN_POINT ( 'NONE',  ( 30.39983889385193905, -28.61375067404061312, 21.82225303522482207 ) ) ;
#1576 = CARTESIAN_POINT ( 'NONE',  ( -26.69779409058078556, -36.94649223543532912, 0.2665561774416468910 ) ) ;
#1577 = EDGE_LOOP ( 'NONE', ( #9405, #8517, #636 ) ) ;
#1578 = CIRCLE ( 'NONE', #8447, 0.5000000000000004441 ) ;
#1579 = EDGE_LOOP ( 'NONE', ( #166, #220, #7969 ) ) ;
#1580 = AXIS2_PLACEMENT_3D ( 'NONE', #11758, #1021, #11706 ) ;
#1581 = DIRECTION ( 'NONE',  ( 0.000000000000000000, 1.204669080539449344E-16, 1.000000000000000000 ) ) ;
#1582 = ORIENTED_EDGE ( 'NONE', *, *, #9790, .T. ) ;
#1583 = AXIS2_PLACEMENT_3D ( 'NONE', #7666, #1230, #2231 ) ;
#1584 = DIRECTION ( 'NONE',  ( -1.000000000000000000, -0.000000000000000000, -0.000000000000000000 ) ) ;
#1585 = VERTEX_POINT ( 'NONE', #3631 ) ;
#1586 = DIRECTION ( 'NONE',  ( 0.000000000000000000, 0.000000000000000000, -1.000000000000000000 ) ) ;
#1587 = FACE_BOUND ( 'NONE', #5381, .T. ) ;
#1588 = EDGE_CURVE ( 'NONE', #5684, #2993, #9155, .T. ) ;
#1589 = CARTESIAN_POINT ( 'NONE',  ( 30.50119689409870816, 7.041991138802649708, 0.5274759787789773391 ) ) ;
#1590 = EDGE_LOOP ( 'NONE', ( #6221, #9660, #10998 ) ) ;
#1591 = AXIS2_PLACEMENT_3D ( 'NONE', #3685, #7203, #6179 ) ;
#1592 = LINE ( 'NONE', #1470, #10339 ) ;
#1593 = ORIENTED_EDGE ( 'NONE', *, *, #4377, .F. ) ;
#1594 = CARTESIAN_POINT ( 'NONE',  ( -18.53459485038087706, 21.82807647903624826, 5.700000000000000178 ) ) ;
#1595 = VERTEX_POINT ( 'NONE', #9180 ) ;
#1596 = CYLINDRICAL_SURFACE ( 'NONE', #8024, 0.5000000000000004441 ) ;
#1597 = CIRCLE ( 'NONE', #1798, 0.9999999999999991118 ) ;
#1598 = FACE_OUTER_BOUND ( 'NONE', #8861, .T. ) ;
#1599 = EDGE_CURVE ( 'NONE', #10564, #5575, #8119, .T. ) ;
#1600 = CARTESIAN_POINT ( 'NONE',  ( 26.12575689651582067, -33.21421356237308942, 50.00000000000000000 ) ) ;
#1601 = ORIENTED_EDGE ( 'NONE', *, *, #1260, .F. ) ;
#1602 = EDGE_CURVE ( 'NONE', #4946, #2792, #4201, .T. ) ;
#1603 = CARTESIAN_POINT ( 'NONE',  ( 26.25879138423182013, -32.94977048724172874, 49.54921965694011732 ) ) ;
#1604 = EDGE_CURVE ( 'NONE', #1133, #4675, #9933, .T. ) ;
#1605 = DIRECTION ( 'NONE',  ( 0.000000000000000000, 0.000000000000000000, -1.000000000000000000 ) ) ;
#1606 = EDGE_CURVE ( 'NONE', #7093, #4765, #780, .T. ) ;
#1607 = UNCERTAINTY_MEASURE_WITH_UNIT (LENGTH_MEASURE( 1.000000000000000082E-05 ), #4051, 'distance_accuracy_value', 'NONE');
#1608 = CARTESIAN_POINT ( 'NONE',  ( 19.39069158978168517, 26.64689772752831942, 4.000000000000000000 ) ) ;
#1609 = DIRECTION ( 'NONE',  ( -1.000000000000000000, 0.000000000000000000, 0.000000000000000000 ) ) ;
#1610 = FACE_OUTER_BOUND ( 'NONE', #3508, .T. ) ;
#1611 = ORIENTED_EDGE ( 'NONE', *, *, #10285, .T. ) ;
#1612 = CARTESIAN_POINT ( 'NONE',  ( 11.88379308764715780, 27.28294234767709270, 5.700000000000000178 ) ) ;
#1613 = DIRECTION ( 'NONE',  ( 0.000000000000000000, -1.000000000000000000, 1.204669080539449344E-16 ) ) ;
#1614 = CARTESIAN_POINT ( 'NONE',  ( 33.99999999999997868, -28.00000000000000000, 21.14523135337576321 ) ) ;
#1615 = FACE_OUTER_BOUND ( 'NONE', #11239, .T. ) ;
#1616 = VERTEX_POINT ( 'NONE', #1964 ) ;
#1617 = AXIS2_PLACEMENT_3D ( 'NONE', #4998, #3213, #8834 ) ;
#1618 = CARTESIAN_POINT ( 'NONE',  ( -30.17303383802381234, 7.157119119536438312, 6.000000000000000888 ) ) ;
#1619 = ADVANCED_FACE ( 'NONE', ( #1078 ), #10388, .F. ) ;
#1620 = CARTESIAN_POINT ( 'NONE',  ( 18.03603898744571410, 21.86605083265776273, 4.000000000000000000 ) ) ;
#1621 = DIRECTION ( 'NONE',  ( 0.000000000000000000, 0.000000000000000000, -1.000000000000000000 ) ) ;
#1622 = EDGE_CURVE ( 'NONE', #7479, #7035, #8716, .T. ) ;
#1623 = EDGE_CURVE ( 'NONE', #2409, #13, #9588, .T. ) ;
#1624 = EDGE_CURVE ( 'NONE', #9953, #7426, #3469, .T. ) ;
#1625 = ORIENTED_EDGE ( 'NONE', *, *, #3192, .F. ) ;
#1626 = CARTESIAN_POINT ( 'NONE',  ( -32.99973801336035706, 6.765657918114213132, 4.618875427002948619 ) ) ;
#1627 = CIRCLE ( 'NONE', #10218, 2.600000000000001421 ) ;
#1628 = DIRECTION ( 'NONE',  ( 0.000000000000000000, 0.000000000000000000, -1.000000000000000000 ) ) ;
#1629 = DIRECTION ( 'NONE',  ( 0.000000000000000000, 0.000000000000000000, -1.000000000000000000 ) ) ;
#1630 = VERTEX_POINT ( 'NONE', #8774 ) ;
#1631 = ADVANCED_FACE ( 'NONE', ( #8841 ), #8893, .F. ) ;
#1632 = FACE_OUTER_BOUND ( 'NONE', #3110, .T. ) ;
#1633 =( BOUNDED_SURFACE ( )  B_SPLINE_SURFACE ( 3, 2, ( 
 ( #4032, #2972, #459 ),
 ( #9465, #3973, #10415 ),
 ( #3080, #6657, #2239 ),
 ( #8686, #4864, #11375 ) ),
 .UNSPECIFIED., .F., .F., .F. ) 
 B_SPLINE_SURFACE_WITH_KNOTS ( ( 4, 4 ),
 ( 3, 3 ),
 ( 6.158268339717665185E-17, 0.004844907754190264787 ),
 ( 0.000000000000000000, 1.000000000000000000 ),
 .UNSPECIFIED. ) 
 GEOMETRIC_REPRESENTATION_ITEM ( )  RATIONAL_B_SPLINE_SURFACE ( (
 ( 1.000000000000000000, 0.7071067811865464625, 1.000000000000000000),
 ( 1.000000000000000000, 0.7071067811865464625, 1.000000000000000000),
 ( 1.000000000000000000, 0.7071067811865475727, 1.000000000000000000),
 ( 1.000000000000000000, 0.7071067811865475727, 1.000000000000000000) ) ) 
 REPRESENTATION_ITEM ( '' )  SURFACE ( )  );
#1634 = CARTESIAN_POINT ( 'NONE',  ( 44.20000000000000995, -37.29999999999999005, 14.00000000000000178 ) ) ;
#1635 = EDGE_LOOP ( 'NONE', ( #10645, #7752, #9869, #5403 ) ) ;
#1636 = CARTESIAN_POINT ( 'NONE',  ( -3.903587267792825610, -32.79999999999999716, 6.000000000000000000 ) ) ;
#1637 = ORIENTED_EDGE ( 'NONE', *, *, #3785, .T. ) ;
#1638 = CARTESIAN_POINT ( 'NONE',  ( 31.37500000000000711, 7.476470224947663112, 4.388610099474774984 ) ) ;
#1639 = DIRECTION ( 'NONE',  ( -1.000000000000000000, 0.000000000000000000, 0.000000000000000000 ) ) ;
#1640 = EDGE_CURVE ( 'NONE', #32, #11648, #3242, .T. ) ;
#1641 = ORIENTED_EDGE ( 'NONE', *, *, #6944, .F. ) ;
#1642 = ORIENTED_EDGE ( 'NONE', *, *, #5670, .T. ) ;
#1643 = FACE_OUTER_BOUND ( 'NONE', #8572, .T. ) ;
#1644 = ORIENTED_EDGE ( 'NONE', *, *, #3494, .T. ) ;
#1645 = CARTESIAN_POINT ( 'NONE',  ( -30.51612360056784468, -28.30769996194548810, 21.49359563289227282 ) ) ;
#1646 = EDGE_LOOP ( 'NONE', ( #6696, #4552, #11751, #3728 ) ) ;
#1647 = CARTESIAN_POINT ( 'NONE',  ( -19.81139839964004423, -32.41512815557796756, 5.791777033146320974 ) ) ;
#1648 = CARTESIAN_POINT ( 'NONE',  ( -30.41086027763667943, 4.528664109537382743, 6.000000000000000000 ) ) ;
#1649 = DIRECTION ( 'NONE',  ( 0.000000000000000000, 0.000000000000000000, -1.000000000000000000 ) ) ;
#1650 = ORIENTED_EDGE ( 'NONE', *, *, #3348, .F. ) ;
#1651 = CARTESIAN_POINT ( 'NONE',  ( 27.54873734153059672, -24.74873734152912519, 0.1999999999999987899 ) ) ;
#1652 = EDGE_LOOP ( 'NONE', ( #3449, #4519, #4492, #1333 ) ) ;
#1653 = CARTESIAN_POINT ( 'NONE',  ( 30.50000000000001421, 7.256973318600192790, 5.144258204063484108 ) ) ;
#1654 = ORIENTED_EDGE ( 'NONE', *, *, #9554, .F. ) ;
#1655 = DIRECTION ( 'NONE',  ( 0.000000000000000000, 0.000000000000000000, 1.000000000000000000 ) ) ;
#1656 = AXIS2_PLACEMENT_3D ( 'NONE', #9823, #8863, #1463 ) ;
#1657 = CARTESIAN_POINT ( 'NONE',  ( -26.19678717823081371, -33.79999999999999716, 49.00000000000000000 ) ) ;
#1658 = CARTESIAN_POINT ( 'NONE',  ( -18.99999999999999289, -36.50000000000000000, 44.00000000000000711 ) ) ;
#1659 = ORIENTED_EDGE ( 'NONE', *, *, #5839, .F. ) ;
#1660 = DIRECTION ( 'NONE',  ( 0.000000000000000000, 0.000000000000000000, 1.000000000000000000 ) ) ;
#1661 = CARTESIAN_POINT ( 'NONE',  ( -30.49999999999997868, 0.000000000000000000, 0.000000000000000000 ) ) ;
#1662 = CARTESIAN_POINT ( 'NONE',  ( 22.14873734153059814, -24.74873734152912519, -37.50000000000001421 ) ) ;
#1663 = FACE_OUTER_BOUND ( 'NONE', #7040, .T. ) ;
#1664 = CARTESIAN_POINT ( 'NONE',  ( 21.86605083265882854, -18.03603898744441381, 5.700000000000000178 ) ) ;
#1665 = CARTESIAN_POINT ( 'NONE',  ( 32.99999999999997868, 4.937053741498337978, 6.252263310563422216 ) ) ;
#1666 = ORIENTED_EDGE ( 'NONE', *, *, #7243, .T. ) ;
#1667 = EDGE_CURVE ( 'NONE', #10365, #4260, #5713, .T. ) ;
#1668 = EDGE_CURVE ( 'NONE', #1269, #8510, #6867, .T. ) ;
#1669 = CARTESIAN_POINT ( 'NONE',  ( -31.24999999999997868, 6.484313483298445036, 1.500000000000003331 ) ) ;
#1670 = DIRECTION ( 'NONE',  ( -1.000000000000000000, -3.469446951953611033E-15, 0.000000000000000000 ) ) ;
#1671 = CARTESIAN_POINT ( 'NONE',  ( -40.99999999999999289, 6.000000000000012434, 17.00000000000000355 ) ) ;
#1672 = CARTESIAN_POINT ( 'NONE',  ( -30.45115437698306238, -28.60067208936235872, 22.03580836158658585 ) ) ;
#1673 = ORIENTED_EDGE ( 'NONE', *, *, #2721, .T. ) ;
#1674 = CARTESIAN_POINT ( 'NONE',  ( -30.22500549483229904, 6.965246764199703122, 6.000000000000000000 ) ) ;
#1675 = CARTESIAN_POINT ( 'NONE',  ( 30.32357978444271396, -28.67628849845831951, 21.67573057423012273 ) ) ;
#1676 = EDGE_CURVE ( 'NONE', #7885, #2224, #10123, .T. ) ;
#1677 = ORIENTED_EDGE ( 'NONE', *, *, #3051, .F. ) ;
#1678 = DIRECTION ( 'NONE',  ( 0.000000000000000000, 0.000000000000000000, -1.000000000000000000 ) ) ;
#1679 = CARTESIAN_POINT ( 'NONE',  ( 9.536592924887919764, -29.83217189384346568, 4.000000000000000000 ) ) ;
#1680 = DIRECTION ( 'NONE',  ( 0.000000000000000000, -1.000000000000000000, 0.000000000000000000 ) ) ;
#1681 = ORIENTED_EDGE ( 'NONE', *, *, #8059, .T. ) ;
#1682 = CARTESIAN_POINT ( 'NONE',  ( -34.19950025439835883, -28.49999999999999645, 22.17011885040405517 ) ) ;
#1683 = ADVANCED_FACE ( 'NONE', ( #7893 ), #10683, .F. ) ;
#1684 = EDGE_CURVE ( 'NONE', #4525, #1953, #8403, .T. ) ;
#1685 = DIRECTION ( 'NONE',  ( 1.000000000000000000, 0.000000000000000000, 0.000000000000000000 ) ) ;
#1686 = ORIENTED_EDGE ( 'NONE', *, *, #7972, .T. ) ;
#1687 = EDGE_CURVE ( 'NONE', #10230, #2601, #1495, .T. ) ;
#1688 = VERTEX_POINT ( 'NONE', #5123 ) ;
#1689 = DIRECTION ( 'NONE',  ( 0.000000000000000000, 0.000000000000000000, -1.000000000000000000 ) ) ;
#1690 = CARTESIAN_POINT ( 'NONE',  ( 44.00000000000002132, -37.29999999999999005, 40.50000000000000000 ) ) ;
#1691 = EDGE_LOOP ( 'NONE', ( #6818, #1357, #10467, #4856, #6457 ) ) ;
#1692 = AXIS2_PLACEMENT_3D ( 'NONE', #3269, #6911, #5171 ) ;
#1693 = VERTEX_POINT ( 'NONE', #2517 ) ;
#1694 = CARTESIAN_POINT ( 'NONE',  ( -9.922787251373197392, -32.60460310285935037, 6.069567894754854365 ) ) ;
#1695 = FACE_OUTER_BOUND ( 'NONE', #5259, .T. ) ;
#1696 = VERTEX_POINT ( 'NONE', #11466 ) ;
#1697 =( BOUNDED_CURVE ( )  B_SPLINE_CURVE ( 3, ( #7593, #1498, #548, #609 ),
 .UNSPECIFIED., .F., .F. ) 
 B_SPLINE_CURVE_WITH_KNOTS ( ( 4, 4 ),
 ( 1.570796326794896558, 2.888912398447701868 ),
 .UNSPECIFIED. ) 
 CURVE ( )  GEOMETRIC_REPRESENTATION_ITEM ( )  RATIONAL_B_SPLINE_CURVE ( ( 1.000000000000000000, 0.8603796100280658443, 0.8603796100280658443, 1.000000000000000000 ) ) 
 REPRESENTATION_ITEM ( '' )  );
#1698 = DIRECTION ( 'NONE',  ( 0.000000000000000000, 0.000000000000000000, 1.000000000000000000 ) ) ;
#1699 = CARTESIAN_POINT ( 'NONE',  ( -29.99999999999997868, 1.519465818373844280E-15, 5.500000000000000000 ) ) ;
#1700 = ORIENTED_EDGE ( 'NONE', *, *, #10856, .T. ) ;
#1701 = EDGE_CURVE ( 'NONE', #3795, #10194, #11442, .T. ) ;
#1702 = CARTESIAN_POINT ( 'NONE',  ( -19.50326755085785635, -32.63901432448824380, 6.070697225125070595 ) ) ;
#1703 = CARTESIAN_POINT ( 'NONE',  ( -31.03671265574187288, 5.008608723783035011, 6.098438871280958296 ) ) ;
#1704 = ADVANCED_FACE ( 'NONE', ( #11582 ), #5064, .F. ) ;
#1705 = CARTESIAN_POINT ( 'NONE',  ( 30.41850748337381205, 9.201385921740625307, 0.7802482394703664781 ) ) ;
#1706 = ORIENTED_EDGE ( 'NONE', *, *, #1624, .F. ) ;
#1707 = AXIS2_PLACEMENT_3D ( 'NONE', #8882, #4527, #11699 ) ;
#1708 = DIRECTION ( 'NONE',  ( -0.000000000000000000, -0.000000000000000000, -1.000000000000000000 ) ) ;
#1709 = ORIENTED_EDGE ( 'NONE', *, *, #10031, .F. ) ;
#1710 = ORIENTED_EDGE ( 'NONE', *, *, #2569, .T. ) ;
#1711 = AXIS2_PLACEMENT_3D ( 'NONE', #5621, #9275, #1099 ) ;
#1712 = CARTESIAN_POINT ( 'NONE',  ( 45.00000000000001421, -37.49999999999999289, 45.00000000000000711 ) ) ;
#1713 = ORIENTED_EDGE ( 'NONE', *, *, #10439, .F. ) ;
#1714 = FACE_OUTER_BOUND ( 'NONE', #5429, .T. ) ;
#1715 = FACE_OUTER_BOUND ( 'NONE', #398, .T. ) ;
#1716 = DIRECTION ( 'NONE',  ( 1.000000000000000000, 0.000000000000000000, -0.000000000000000000 ) ) ;
#1717 = DIRECTION ( 'NONE',  ( 0.000000000000000000, -1.000000000000000000, -0.000000000000000000 ) ) ;
#1718 = ORIENTED_EDGE ( 'NONE', *, *, #4449, .F. ) ;
#1719 = CARTESIAN_POINT ( 'NONE',  ( 34.98674648294750966, -35.00000000000002842, 49.89999999999999858 ) ) ;
#1720 = CARTESIAN_POINT ( 'NONE',  ( 3.903587267792826054, -32.79999999999999716, 6.499999999999999112 ) ) ;
#1721 = AXIS2_PLACEMENT_3D ( 'NONE', #5655, #8361, #9314 ) ;
#1722 = CARTESIAN_POINT ( 'NONE',  ( 30.96949903060518494, -28.18819253689997240, 22.19415300999223817 ) ) ;
#1723 = FACE_OUTER_BOUND ( 'NONE', #10171, .T. ) ;
#1724 = VECTOR ( 'NONE', #8179, 1000.000000000000000 ) ;
#1725 = CYLINDRICAL_SURFACE ( 'NONE', #5992, 0.5000000000000004441 ) ;
#1726 = FACE_OUTER_BOUND ( 'NONE', #3744, .T. ) ;
#1727 = ORIENTED_EDGE ( 'NONE', *, *, #2135, .T. ) ;
#1728 = CARTESIAN_POINT ( 'NONE',  ( -18.95633460411761462, 23.41495870643464983, 6.000000000000000000 ) ) ;
#1729 = CARTESIAN_POINT ( 'NONE',  ( -31.49999999999997868, 5.559677934766194873, 5.949717696739383221 ) ) ;
#1730 = AXIS2_PLACEMENT_3D ( 'NONE', #3284, #6020, #6144 ) ;
#1731 = DIRECTION ( 'NONE',  ( -5.782411586589324585E-14, -1.000000000000000000, 6.687256751344533559E-28 ) ) ;
#1732 = CARTESIAN_POINT ( 'NONE',  ( 21.86605083265882854, -18.03603898744441381, 4.000000000000000000 ) ) ;
#1733 = VERTEX_POINT ( 'NONE', #5252 ) ;
#1734 = VECTOR ( 'NONE', #3761, 1000.000000000000000 ) ;
#1735 = EDGE_CURVE ( 'NONE', #9807, #205, #9357, .T. ) ;
#1736 = DIRECTION ( 'NONE',  ( 0.9971117258661704730, 0.07594870729766847739, -0.000000000000000000 ) ) ;
#1737 = CIRCLE ( 'NONE', #8406, 2.800000000000000266 ) ;
#1738 = DIRECTION ( 'NONE',  ( -1.000000000000000000, 0.000000000000000000, 0.000000000000000000 ) ) ;
#1739 = ORIENTED_EDGE ( 'NONE', *, *, #464, .F. ) ;
#1740 = DIRECTION ( 'NONE',  ( -0.000000000000000000, -1.000000000000000000, -0.000000000000000000 ) ) ;
#1741 = AXIS2_PLACEMENT_3D ( 'NONE', #11148, #7560, #8394 ) ;
#1742 = DIRECTION ( 'NONE',  ( 1.000000000000000000, 0.000000000000000000, 0.000000000000000000 ) ) ;
#1743 = ORIENTED_EDGE ( 'NONE', *, *, #5339, .F. ) ;
#1744 = DIRECTION ( 'NONE',  ( -1.000000000000000000, 0.000000000000000000, 0.000000000000000000 ) ) ;
#1745 = AXIS2_PLACEMENT_3D ( 'NONE', #1062, #10015, #4687 ) ;
#1746 = TOROIDAL_SURFACE ( 'NONE', #1171, 1.300000000000000044, 0.2999999999999999889 ) ;
#1747 = DIRECTION ( 'NONE',  ( 0.000000000000000000, 0.000000000000000000, -1.000000000000000000 ) ) ;
#1748 = ORIENTED_EDGE ( 'NONE', *, *, #8151, .F. ) ;
#1749 = EDGE_LOOP ( 'NONE', ( #572, #10476, #10266, #10150 ) ) ;
#1750 = AXIS2_PLACEMENT_3D ( 'NONE', #3735, #4686, #10445 ) ;
#1751 = CARTESIAN_POINT ( 'NONE',  ( -30.49999999999939249, 7.975828701434261703, 5.530951515474090030 ) ) ;
#1752 = DIRECTION ( 'NONE',  ( 0.000000000000000000, -0.000000000000000000, 1.000000000000000000 ) ) ;
#1753 = EDGE_CURVE ( 'NONE', #9466, #11490, #587, .T. ) ;
#1754 = EDGE_CURVE ( 'NONE', #243, #8158, #6483, .T. ) ;
#1755 = VECTOR ( 'NONE', #4659, 1000.000000000000000 ) ;
#1756 = ADVANCED_FACE ( 'NONE', ( #5718 ), #9808, .T. ) ;
#1757 = ORIENTED_EDGE ( 'NONE', *, *, #6251, .F. ) ;
#1758 = EDGE_CURVE ( 'NONE', #11769, #4260, #8777, .T. ) ;
#1759 = EDGE_LOOP ( 'NONE', ( #741, #1315, #1677, #9449 ) ) ;
#1760 = CARTESIAN_POINT ( 'NONE',  ( -25.37175490347321016, 11.47180104703813264, 4.000000000000000000 ) ) ;
#1761 = CARTESIAN_POINT ( 'NONE',  ( 32.99999999999997868, -15.67078147319339188, 16.26602477699476523 ) ) ;
#1762 = ORIENTED_EDGE ( 'NONE', *, *, #2940, .T. ) ;
#1763 = CARTESIAN_POINT ( 'NONE',  ( -21.80529186682069209, -18.83372836813735418, 6.000000000000000000 ) ) ;
#1764 = CIRCLE ( 'NONE', #7858, 3.200000000000001510 ) ;
#1765 = AXIS2_PLACEMENT_3D ( 'NONE', #3162, #3993, #1990 ) ;
#1766 = VERTEX_POINT ( 'NONE', #11408 ) ;
#1767 = ADVANCED_FACE ( 'NONE', ( #6991 ), #5900, .T. ) ;
#1768 = CARTESIAN_POINT ( 'NONE',  ( -19.29508843714789990, -32.64920397968474219, 6.070005953437515700 ) ) ;
#1769 = DIRECTION ( 'NONE',  ( 0.000000000000000000, 0.000000000000000000, -1.000000000000000000 ) ) ;
#1770 = AXIS2_PLACEMENT_3D ( 'NONE', #1128, #3628, #3752 ) ;
#1771 = CARTESIAN_POINT ( 'NONE',  ( -19.03213242472796907, -26.90929240898612562, 6.000000000000000000 ) ) ;
#1772 = ORIENTED_EDGE ( 'NONE', *, *, #1604, .F. ) ;
#1773 = VECTOR ( 'NONE', #9096, 999.9999999999998863 ) ;
#1774 = CARTESIAN_POINT ( 'NONE',  ( -26.54860210068047977, -33.64980513021962594, 49.99999999999507594 ) ) ;
#1775 = CIRCLE ( 'NONE', #3285, 1.000000000000000000 ) ;
#1776 = EDGE_CURVE ( 'NONE', #9265, #465, #3353, .T. ) ;
#1777 = CIRCLE ( 'NONE', #2734, 0.5000000000000004441 ) ;
#1778 = EDGE_CURVE ( 'NONE', #7150, #724, #3060, .T. ) ;
#1779 = EDGE_CURVE ( 'NONE', #2710, #6589, #10831, .T. ) ;
#1780 = CIRCLE ( 'NONE', #4635, 0.2999999999999998779 ) ;
#1781 = ORIENTED_EDGE ( 'NONE', *, *, #7811, .T. ) ;
#1782 = CARTESIAN_POINT ( 'NONE',  ( -19.73706853365884228, -32.45994035804047684, 5.822380414736456622 ) ) ;
#1783 = ORIENTED_EDGE ( 'NONE', *, *, #3264, .F. ) ;
#1784 = DIRECTION ( 'NONE',  ( -1.000000000000000000, 0.000000000000000000, 0.000000000000000000 ) ) ;
#1785 = CIRCLE ( 'NONE', #8069, 0.2999999999999992673 ) ;
#1786 = DIRECTION ( 'NONE',  ( 0.000000000000000000, 0.000000000000000000, 1.000000000000000000 ) ) ;
#1787 = CARTESIAN_POINT ( 'NONE',  ( -30.02418540085181320, -28.26861648723103571, 21.57402752746397923 ) ) ;
#1788 = AXIS2_PLACEMENT_3D ( 'NONE', #10985, #4482, #1853 ) ;
#1789 = EDGE_CURVE ( 'NONE', #8139, #10726, #11257, .T. ) ;
#1790 = DIRECTION ( 'NONE',  ( 0.000000000000000000, 0.000000000000000000, 1.000000000000000000 ) ) ;
#1791 = ORIENTED_EDGE ( 'NONE', *, *, #4, .F. ) ;
#1792 = VECTOR ( 'NONE', #6404, 1000.000000000000000 ) ;
#1793 = CARTESIAN_POINT ( 'NONE',  ( 22.14873734153059814, -24.74873734152912519, 5.799999999999999822 ) ) ;
#1794 = CARTESIAN_POINT ( 'NONE',  ( -9.311874429641301631, -32.09312106124921371, 5.700000000000000178 ) ) ;
#1795 = CARTESIAN_POINT ( 'NONE',  ( 9.557889733366302210, -32.29999999999999716, 6.500000000000000888 ) ) ;
#1796 = AXIS2_PLACEMENT_3D ( 'NONE', #3743, #2127, #4637 ) ;
#1797 = CARTESIAN_POINT ( 'NONE',  ( 21.86605083265883920, 18.03603898744442446, 6.000000000000000000 ) ) ;
#1798 = AXIS2_PLACEMENT_3D ( 'NONE', #8575, #3092, #5820 ) ;
#1799 = CARTESIAN_POINT ( 'NONE',  ( 25.85982139157955828, -19.16814017262964853, 5.700000000000001066 ) ) ;
#1800 = CARTESIAN_POINT ( 'NONE',  ( -29.99999999999998224, -37.50000000000000000, 0.5000000000000004441 ) ) ;
#1801 = ORIENTED_EDGE ( 'NONE', *, *, #7453, .F. ) ;
#1802 = CARTESIAN_POINT ( 'NONE',  ( -31.49999999999997868, 8.468626966596888295, 1.500000000000002887 ) ) ;
#1803 = DIRECTION ( 'NONE',  ( -0.000000000000000000, 1.000000000000000000, 0.000000000000000000 ) ) ;
#1804 = CARTESIAN_POINT ( 'NONE',  ( -26.64689772753536801, -19.39069158978178109, 5.700000000000000178 ) ) ;
#1805 = CARTESIAN_POINT ( 'NONE',  ( -30.38109975496810122, -28.61881147291833116, 21.68458821445199547 ) ) ;
#1806 = EDGE_LOOP ( 'NONE', ( #4500, #11553, #4196, #10590 ) ) ;
#1807 = LINE ( 'NONE', #5427, #9507 ) ;
#1808 = CIRCLE ( 'NONE', #11514, 1.000000000000000888 ) ;
#1809 = DIRECTION ( 'NONE',  ( -0.000000000000000000, -1.000000000000000000, -0.000000000000000000 ) ) ;
#1810 = ORIENTED_EDGE ( 'NONE', *, *, #6821, .T. ) ;
#1811 = CARTESIAN_POINT ( 'NONE',  ( -17.71788375388311820, 21.48033429508550540, 5.700000000000000178 ) ) ;
#1812 = DIRECTION ( 'NONE',  ( -0.7073707969387325045, -0.7068426668207449248, 0.000000000000000000 ) ) ;
#1813 = DIRECTION ( 'NONE',  ( 0.000000000000000000, 0.000000000000000000, -1.000000000000000000 ) ) ;
#1814 = VERTEX_POINT ( 'NONE', #1562 ) ;
#1815 = CARTESIAN_POINT ( 'NONE',  ( -19.29508843714771515, -31.55872636749531424, 4.000000000000000000 ) ) ;
#1816 = AXIS2_PLACEMENT_3D ( 'NONE', #7358, #8253, #9924 ) ;
#1817 = DIRECTION ( 'NONE',  ( -0.000000000000000000, -1.000000000000000000, -0.000000000000000000 ) ) ;
#1818 = ORIENTED_EDGE ( 'NONE', *, *, #5749, .F. ) ;
#1819 = EDGE_LOOP ( 'NONE', ( #10379, #1854 ) ) ;
#1820 = DIRECTION ( 'NONE',  ( 0.9921567416492207414, -0.1250000000000070777, 0.000000000000000000 ) ) ;
#1821 = CARTESIAN_POINT ( 'NONE',  ( -26.42643745121890930, -36.79289321881344677, 50.00000000000000000 ) ) ;
#1822 = CIRCLE ( 'NONE', #10768, 0.1999999999999987899 ) ;
#1823 = ORIENTED_EDGE ( 'NONE', *, *, #1198, .T. ) ;
#1824 = EDGE_LOOP ( 'NONE', ( #744, #3951, #5875, #5140 ) ) ;
#1825 = CARTESIAN_POINT ( 'NONE',  ( -38.48674648294755229, -35.00000000000000000, 49.89999999999999858 ) ) ;
#1826 = CARTESIAN_POINT ( 'NONE',  ( 30.50000000000000000, 8.438741042631409783, 4.783717015519485471 ) ) ;
#1827 = VERTEX_POINT ( 'NONE', #2279 ) ;
#1828 = CARTESIAN_POINT ( 'NONE',  ( 0.000000000000000000, -28.49999999999999645, 0.000000000000000000 ) ) ;
#1829 = ORIENTED_EDGE ( 'NONE', *, *, #5327, .T. ) ;
#1830 = ADVANCED_FACE ( 'NONE', ( #494 ), #1457, .T. ) ;
#1831 = ADVANCED_FACE ( 'NONE', ( #8007 ), #3593, .T. ) ;
#1832 = DIRECTION ( 'NONE',  ( -1.000000000000000000, 0.000000000000000000, 0.000000000000000000 ) ) ;
#1833 = CARTESIAN_POINT ( 'NONE',  ( 30.78748050808986392, 4.855911302116573403, 6.119808021407682652 ) ) ;
#1834 = CARTESIAN_POINT ( 'NONE',  ( 45.00000000000001421, -29.50000000000000000, 45.00000000000000711 ) ) ;
#1835 = EDGE_LOOP ( 'NONE', ( #4488, #4802, #5726, #4745, #7412, #3387, #4223 ) ) ;
#1836 = FACE_OUTER_BOUND ( 'NONE', #10660, .T. ) ;
#1837 = ORIENTED_EDGE ( 'NONE', *, *, #11756, .F. ) ;
#1838 = ORIENTED_EDGE ( 'NONE', *, *, #8830, .T. ) ;
#1839 = CARTESIAN_POINT ( 'NONE',  ( 30.50000000000001066, 6.873545414601754722, 5.311283072019730156 ) ) ;
#1840 = VERTEX_POINT ( 'NONE', #10454 ) ;
#1841 = CYLINDRICAL_SURFACE ( 'NONE', #9739, 0.5000000000000004441 ) ;
#1842 = CARTESIAN_POINT ( 'NONE',  ( -30.58511814208789303, 7.429219712007190779, 5.661515847853437755 ) ) ;
#1843 = FACE_OUTER_BOUND ( 'NONE', #2843, .T. ) ;
#1844 = EDGE_CURVE ( 'NONE', #1827, #6294, #4493, .T. ) ;
#1845 = EDGE_CURVE ( 'NONE', #6588, #3311, #4016, .T. ) ;
#1846 = CARTESIAN_POINT ( 'NONE',  ( -20.59508843714771587, -31.55872636749531424, 6.000000000000000000 ) ) ;
#1847 = ORIENTED_EDGE ( 'NONE', *, *, #6639, .T. ) ;
#1848 = EDGE_CURVE ( 'NONE', #10948, #8451, #1933, .T. ) ;
#1849 = CARTESIAN_POINT ( 'NONE',  ( -23.41088411730249419, -18.99611941894006861, 6.000000000000000888 ) ) ;
#1850 = CARTESIAN_POINT ( 'NONE',  ( 3.741278926082091338, -32.79999999999929372, 6.080393141995509509 ) ) ;
#1851 = CARTESIAN_POINT ( 'NONE',  ( 27.58294234767823383, -18.90955557852277025, 6.000000000000000000 ) ) ;
#1852 = DIRECTION ( 'NONE',  ( -1.973877827711729513E-16, 0.000000000000000000, -1.000000000000000000 ) ) ;
#1853 = DIRECTION ( 'NONE',  ( 0.000000000000000000, -0.000000000000000000, -1.000000000000000000 ) ) ;
#1854 = ORIENTED_EDGE ( 'NONE', *, *, #596, .T. ) ;
#1855 = LINE ( 'NONE', #10802, #10136 ) ;
#1856 = LINE ( 'NONE', #10859, #629 ) ;
#1857 = EDGE_CURVE ( 'NONE', #9821, #3184, #6210, .T. ) ;
#1858 = CARTESIAN_POINT ( 'NONE',  ( -21.82807647900964199, -18.53459485037747356, 5.999999999999999112 ) ) ;
#1859 = CARTESIAN_POINT ( 'NONE',  ( -30.91399482062599446, -28.49999999999999645, 22.68041234772800152 ) ) ;
#1860 = ORIENTED_EDGE ( 'NONE', *, *, #1049, .T. ) ;
#1861 = DIRECTION ( 'NONE',  ( 0.000000000000000000, 0.000000000000000000, 1.000000000000000000 ) ) ;
#1862 = DIRECTION ( 'NONE',  ( -1.137523590804463822E-16, 1.000000000000000000, 0.000000000000000000 ) ) ;
#1863 = ORIENTED_EDGE ( 'NONE', *, *, #8768, .T. ) ;
#1864 = DIRECTION ( 'NONE',  ( 0.000000000000000000, -1.000000000000000000, 0.000000000000000000 ) ) ;
#1865 = DIRECTION ( 'NONE',  ( 0.000000000000000000, 0.000000000000000000, 1.000000000000000000 ) ) ;
#1866 = LINE ( 'NONE', #1145, #11114 ) ;
#1867 = VERTEX_POINT ( 'NONE', #8191 ) ;
#1868 = LINE ( 'NONE', #4608, #3458 ) ;
#1869 = DIRECTION ( 'NONE',  ( 1.000000000000000000, 0.000000000000000000, 0.000000000000000000 ) ) ;
#1870 = ORIENTED_EDGE ( 'NONE', *, *, #1042, .T. ) ;
#1871 = ORIENTED_EDGE ( 'NONE', *, *, #730, .F. ) ;
#1872 = CARTESIAN_POINT ( 'NONE',  ( 19.00000000000001421, -76.30000000000001137, 52.15361389894797384 ) ) ;
#1873 = CARTESIAN_POINT ( 'NONE',  ( -26.34065101359200511, -37.00000000000000000, 49.50000000000000000 ) ) ;
#1874 = ORIENTED_EDGE ( 'NONE', *, *, #8470, .T. ) ;
#1875 = ORIENTED_EDGE ( 'NONE', *, *, #1455, .T. ) ;
#1876 = LINE ( 'NONE', #2718, #6556 ) ;
#1877 = CARTESIAN_POINT ( 'NONE',  ( 30.50000000000001066, 8.324558741872792211, 5.157613496369437556 ) ) ;
#1878 = ORIENTED_EDGE ( 'NONE', *, *, #10072, .T. ) ;
#1879 = CARTESIAN_POINT ( 'NONE',  ( 30.49693292081801843, -28.50306478926870213, 21.45217880971155111 ) ) ;
#1880 = AXIS2_PLACEMENT_3D ( 'NONE', #11050, #4882, #3991 ) ;
#1881 = PLANE ( 'NONE',  #4969 ) ;
#1882 = CARTESIAN_POINT ( 'NONE',  ( -18.90955557852439028, 27.58294234767709341, 5.700000000000000178 ) ) ;
#1883 = VERTEX_POINT ( 'NONE', #10812 ) ;
#1884 = DIRECTION ( 'NONE',  ( 0.2720892402858581249, -0.9622720225178867937, 0.000000000000000000 ) ) ;
#1885 = EDGE_CURVE ( 'NONE', #3171, #6394, #856, .T. ) ;
#1886 = AXIS2_PLACEMENT_3D ( 'NONE', #4289, #6787, #7934 ) ;
#1887 = ADVANCED_FACE ( 'NONE', ( #21 ), #2296, .T. ) ;
#1888 = EDGE_CURVE ( 'NONE', #8696, #5168, #3541, .T. ) ;
#1889 = VERTEX_POINT ( 'NONE', #10756 ) ;
#1890 = CARTESIAN_POINT ( 'NONE',  ( 30.50000000000000711, 8.468626966596884742, 4.388610099474774984 ) ) ;
#1891 = ORIENTED_EDGE ( 'NONE', *, *, #10932, .T. ) ;
#1892 = DIRECTION ( 'NONE',  ( -0.7714330751445195311, 0.6363104671251842426, 0.000000000000000000 ) ) ;
#1893 = CARTESIAN_POINT ( 'NONE',  ( -31.09886694483838454, -28.49999999999999645, 22.76764385040950955 ) ) ;
#1894 = VECTOR ( 'NONE', #5797, 1000.000000000000000 ) ;
#1895 = CARTESIAN_POINT ( 'NONE',  ( -30.45506790557566390, -28.57010555460097478, 21.78136400960376307 ) ) ;
#1896 = CARTESIAN_POINT ( 'NONE',  ( 30.50000000000001421, 9.859774997835380361, 0.5328926098720684346 ) ) ;
#1897 = ORIENTED_EDGE ( 'NONE', *, *, #2869, .T. ) ;
#1898 = CARTESIAN_POINT ( 'NONE',  ( -25.78779358249688158, -19.45953595426481186, 6.000000000000000888 ) ) ;
#1899 = CARTESIAN_POINT ( 'NONE',  ( -9.554834107499981855, -32.30950063038539355, 5.736737300597972045 ) ) ;
#1900 = CARTESIAN_POINT ( 'NONE',  ( 30.54979342140361709, -28.56867978610766912, 22.28909803235630704 ) ) ;
#1901 = ADVANCED_FACE ( 'NONE', ( #9990 ), #7232, .F. ) ;
#1902 = EDGE_CURVE ( 'NONE', #9042, #8578, #5350, .T. ) ;
#1903 = ADVANCED_FACE ( 'NONE', ( #10104 ), #10047, .T. ) ;
#1904 = CYLINDRICAL_SURFACE ( 'NONE', #7948, 27.84471522829317536 ) ;
#1905 = EDGE_CURVE ( 'NONE', #8663, #7846, #5859, .T. ) ;
#1906 = DIRECTION ( 'NONE',  ( -1.000000000000000000, 0.000000000000000000, 0.000000000000000000 ) ) ;
#1907 = CARTESIAN_POINT ( 'NONE',  ( -30.49999999999997868, 3.168151255152563017, 6.500000000000000888 ) ) ;
#1908 = VERTEX_POINT ( 'NONE', #1811 ) ;
#1909 = CARTESIAN_POINT ( 'NONE',  ( 30.50000000000000711, 31.00000000000000711, 5.500000000000000000 ) ) ;
#1910 = CARTESIAN_POINT ( 'NONE',  ( -31.11487846105330490, 5.456199394431116900, 6.000000000000000000 ) ) ;
#1911 = DIRECTION ( 'NONE',  ( 0.000000000000000000, 0.000000000000000000, -1.000000000000000000 ) ) ;
#1912 = VERTEX_POINT ( 'NONE', #4428 ) ;
#1913 = VECTOR ( 'NONE', #8706, 1000.000000000000000 ) ;
#1914 = LINE ( 'NONE', #10099, #9763 ) ;
#1915 = CARTESIAN_POINT ( 'NONE',  ( -24.75126265847086771, 24.75126265846941820, 5.799999999999999822 ) ) ;
#1916 = CARTESIAN_POINT ( 'NONE',  ( 19.39069158978332297, 26.64689772753412456, 5.700000000000000178 ) ) ;
#1917 = CIRCLE ( 'NONE', #6667, 5.000000000000000888 ) ;
#1918 = ADVANCED_FACE ( 'NONE', ( #9922 ), #9542, .T. ) ;
#1919 = ORIENTED_EDGE ( 'NONE', *, *, #7365, .F. ) ;
#1920 = CARTESIAN_POINT ( 'NONE',  ( 34.98674648294750966, -35.00000000000002842, 49.89999999999999858 ) ) ;
#1921 = EDGE_CURVE ( 'NONE', #9919, #373, #7462, .T. ) ;
#1922 = VECTOR ( 'NONE', #9484, 1000.000000000000000 ) ;
#1923 = CARTESIAN_POINT ( 'NONE',  ( -26.78294234767822246, -18.90955557852281288, 6.000000000000000000 ) ) ;
#1924 = CARTESIAN_POINT ( 'NONE',  ( 31.16935137470968797, 5.468432001643534157, 6.000000000000000000 ) ) ;
#1925 = ORIENTED_EDGE ( 'NONE', *, *, #6514, .T. ) ;
#1926 = DIRECTION ( 'NONE',  ( 1.000000000000000000, 0.000000000000000000, 1.224646799147353207E-16 ) ) ;
#1927 = LINE ( 'NONE', #6169, #7670 ) ;
#1928 = AXIS2_PLACEMENT_3D ( 'NONE', #10427, #11563, #3383 ) ;
#1929 = CARTESIAN_POINT ( 'NONE',  ( 31.50000000000000711, 6.873545414602038051, 5.311283072019667983 ) ) ;
#1930 = ADVANCED_FACE ( 'NONE', ( #5547 ), #5430, .T. ) ;
#1931 = ORIENTED_EDGE ( 'NONE', *, *, #9285, .F. ) ;
#1932 = VECTOR ( 'NONE', #1136, 1000.000000000000000 ) ;
#1933 = CIRCLE ( 'NONE', #4397, 3.000000000000002665 ) ;
#1934 = FACE_OUTER_BOUND ( 'NONE', #9755, .T. ) ;
#1935 = CARTESIAN_POINT ( 'NONE',  ( 26.64689772753528629, -19.39069158978175622, 4.000000000000000000 ) ) ;
#1936 = ORIENTED_EDGE ( 'NONE', *, *, #5263, .T. ) ;
#1937 = CIRCLE ( 'NONE', #8597, 3.500000000000003109 ) ;
#1938 = ORIENTED_EDGE ( 'NONE', *, *, #3749, .T. ) ;
#1939 = DIRECTION ( 'NONE',  ( 0.000000000000000000, 0.000000000000000000, -1.000000000000000000 ) ) ;
#1940 = AXIS2_PLACEMENT_3D ( 'NONE', #2328, #9616, #9727 ) ;
#1941 = DIRECTION ( 'NONE',  ( 0.000000000000000000, -1.000000000000000000, 2.168404344971008868E-16 ) ) ;
#1942 = EDGE_LOOP ( 'NONE', ( #2772, #9459, #5611, #2784, #2054, #4401 ) ) ;
#1943 = DIRECTION ( 'NONE',  ( -0.000000000000000000, -0.000000000000000000, 1.000000000000000000 ) ) ;
#1944 = CARTESIAN_POINT ( 'NONE',  ( 30.84591203033371798, -28.21257522554389752, 22.10669621319241784 ) ) ;
#1945 = DIRECTION ( 'NONE',  ( 0.000000000000000000, 0.000000000000000000, 1.000000000000000000 ) ) ;
#1946 = EDGE_LOOP ( 'NONE', ( #2382, #11558, #7297, #5474 ) ) ;
#1947 = CIRCLE ( 'NONE', #7468, 0.9999999999999998890 ) ;
#1948 = CARTESIAN_POINT ( 'NONE',  ( 27.34873734152913016, 24.75126265847088547, 5.799999999999999822 ) ) ;
#1949 = EDGE_LOOP ( 'NONE', ( #10811, #5076, #10973, #9534, #1991 ) ) ;
#1950 = ORIENTED_EDGE ( 'NONE', *, *, #594, .F. ) ;
#1951 = VECTOR ( 'NONE', #8053, 1000.000000000000000 ) ;
#1952 = CARTESIAN_POINT ( 'NONE',  ( -24.32813405080370117, -18.81287924088969987, 5.700000000000000178 ) ) ;
#1953 = VERTEX_POINT ( 'NONE', #196 ) ;
#1954 = CYLINDRICAL_SURFACE ( 'NONE', #10322, 0.5000000000000004441 ) ;
#1955 = DIRECTION ( 'NONE',  ( 0.000000000000000000, 0.000000000000000000, -1.000000000000000000 ) ) ;
#1956 = CARTESIAN_POINT ( 'NONE',  ( -30.46268863376048586, -28.55037630144960303, 21.65231752465368231 ) ) ;
#1957 = FACE_OUTER_BOUND ( 'NONE', #9093, .T. ) ;
#1958 = ORIENTED_EDGE ( 'NONE', *, *, #3352, .T. ) ;
#1959 = AXIS2_PLACEMENT_3D ( 'NONE', #2603, #10712, #1045 ) ;
#1960 = AXIS2_PLACEMENT_3D ( 'NONE', #5610, #8366, #6677 ) ;
#1961 = CARTESIAN_POINT ( 'NONE',  ( -19.96629138838773443, -32.79999999999999716, 6.499999999999999112 ) ) ;
#1962 = CARTESIAN_POINT ( 'NONE',  ( 30.54979342140361709, -28.56867978610767267, 22.28909803235630704 ) ) ;
#1963 = VECTOR ( 'NONE', #1660, 1000.000000000000000 ) ;
#1964 = CARTESIAN_POINT ( 'NONE',  ( 20.22343168146370829, -31.18700224837892421, 4.000000000000000000 ) ) ;
#1965 = LINE ( 'NONE', #5695, #9658 ) ;
#1966 = TOROIDAL_SURFACE ( 'NONE', #822, 2.799999999999998934, 0.2000000000000000111 ) ;
#1967 = CARTESIAN_POINT ( 'NONE',  ( -39.99999999999999289, -28.49999999999999645, 10.50000000000000533 ) ) ;
#1968 = CIRCLE ( 'NONE', #9398, 27.54471522829317109 ) ;
#1969 = DIRECTION ( 'NONE',  ( 0.4119920406074620289, -0.9111874442045937439, 0.000000000000000000 ) ) ;
#1970 = VERTEX_POINT ( 'NONE', #11217 ) ;
#1971 = DIRECTION ( 'NONE',  ( -0.000000000000000000, -0.000000000000000000, 1.000000000000000000 ) ) ;
#1972 = DIRECTION ( 'NONE',  ( 1.000000000000000000, 0.000000000000000000, 0.000000000000000000 ) ) ;
#1973 = AXIS2_PLACEMENT_3D ( 'NONE', #4265, #6948, #5078 ) ;
#1974 = EDGE_CURVE ( 'NONE', #889, #2803, #3252, .T. ) ;
#1975 = DIRECTION ( 'NONE',  ( 0.000000000000000000, 0.000000000000000000, 1.000000000000000000 ) ) ;
#1976 = EDGE_CURVE ( 'NONE', #6290, #3842, #9267, .T. ) ;
#1977 = CARTESIAN_POINT ( 'NONE',  ( 27.28294234767779614, -11.88379308764553066, 4.000000000000000000 ) ) ;
#1978 = B_SPLINE_CURVE_WITH_KNOTS ( 'NONE', 3,
 ( #1214, #8259, #1097, #3721 ),
 .UNSPECIFIED., .F., .F.,
 ( 4, 4 ),
 ( 0.000000000000000000, 0.0002779807954170861921 ),
 .UNSPECIFIED. ) ;
#1979 = ORIENTED_EDGE ( 'NONE', *, *, #10420, .F. ) ;
#1980 = CARTESIAN_POINT ( 'NONE',  ( 31.50000000000001421, 8.468626966596882966, 5.006876193646772499 ) ) ;
#1981 = DIRECTION ( 'NONE',  ( 0.000000000000000000, -1.000000000000000000, 0.000000000000000000 ) ) ;
#1982 = CIRCLE ( 'NONE', #4640, 0.5000000000000002220 ) ;
#1983 = ADVANCED_FACE ( 'NONE', ( #3827 ), #2880, .T. ) ;
#1984 = TOROIDAL_SURFACE ( 'NONE', #5203, 1.300000000000000044, 0.2999999999999999889 ) ;
#1985 = CARTESIAN_POINT ( 'NONE',  ( -24.75000000000000355, 3.031000827889699650E-15, -37.50000000000001421 ) ) ;
#1986 = CIRCLE ( 'NONE', #85, 0.5000000000000004441 ) ;
#1987 = ORIENTED_EDGE ( 'NONE', *, *, #6920, .F. ) ;
#1988 = DIRECTION ( 'NONE',  ( -1.000000000000000000, 0.000000000000000000, 0.000000000000000000 ) ) ;
#1989 = LINE ( 'NONE', #360, #9244 ) ;
#1990 = DIRECTION ( 'NONE',  ( 1.000000000000000000, 0.000000000000000000, 0.000000000000000000 ) ) ;
#1991 = ORIENTED_EDGE ( 'NONE', *, *, #2039, .T. ) ;
#1992 = CARTESIAN_POINT ( 'NONE',  ( -19.29508843714771515, -32.55872636749531779, 5.855295988587729816 ) ) ;
#1993 = LINE ( 'NONE', #5217, #3672 ) ;
#1994 = DIRECTION ( 'NONE',  ( -0.4267293981127866509, 0.000000000000000000, -0.9043793566785449656 ) ) ;
#1995 = ORIENTED_EDGE ( 'NONE', *, *, #3241, .F. ) ;
#1996 = CIRCLE ( 'NONE', #8842, 4.500000000000000888 ) ;
#1997 = ADVANCED_FACE ( 'NONE', ( #6739 ), #6675, .T. ) ;
#1998 = EDGE_CURVE ( 'NONE', #9099, #10545, #8412, .T. ) ;
#1999 = EDGE_CURVE ( 'NONE', #4007, #719, #3945, .T. ) ;
#2000 = EDGE_CURVE ( 'NONE', #2979, #10838, #8031, .T. ) ;
#2001 = CARTESIAN_POINT ( 'NONE',  ( 22.70891192219860599, 18.60168694398918987, 5.700000000000000178 ) ) ;
#2002 = DIRECTION ( 'NONE',  ( 0.000000000000000000, 0.000000000000000000, -1.000000000000000000 ) ) ;
#2003 = EDGE_LOOP ( 'NONE', ( #2839, #87, #4501, #8734 ) ) ;
#2004 = B_SPLINE_CURVE_WITH_KNOTS ( 'NONE', 3,
 ( #10305, #174, #2971, #1123, #7507, #10202 ),
 .UNSPECIFIED., .F., .F.,
 ( 4, 2, 4 ),
 ( 1.342366642991886646E-16, 0.0003693555135078917294, 0.0007387110270156492346 ),
 .UNSPECIFIED. ) ;
#2005 = AXIS2_PLACEMENT_3D ( 'NONE', #3229, #8010, #3173 ) ;
#2006 = ORIENTED_EDGE ( 'NONE', *, *, #945, .T. ) ;
#2007 = CARTESIAN_POINT ( 'NONE',  ( -23.41749788931593912, 18.95652801030365708, 6.000000000000000000 ) ) ;
#2008 = CARTESIAN_POINT ( 'NONE',  ( 21.86605083265883920, 18.03603898744442446, 5.700000000000000178 ) ) ;
#2009 = ORIENTED_EDGE ( 'NONE', *, *, #4663, .F. ) ;
#2010 = DIRECTION ( 'NONE',  ( -1.000000000000000000, 0.000000000000000000, 0.000000000000000000 ) ) ;
#2011 = CARTESIAN_POINT ( 'NONE',  ( 30.50000000000001776, -36.99999999999999289, 49.50000000000000000 ) ) ;
#2012 = EDGE_CURVE ( 'NONE', #7259, #2422, #2944, .T. ) ;
#2013 = DIRECTION ( 'NONE',  ( 0.000000000000000000, 0.000000000000000000, 1.000000000000000000 ) ) ;
#2014 = VERTEX_POINT ( 'NONE', #1090 ) ;
#2015 = CIRCLE ( 'NONE', #3141, 0.9999999999999974465 ) ;
#2016 = CARTESIAN_POINT ( 'NONE',  ( -26.59492103821436615, -33.63076473010234935, 50.00000000000000000 ) ) ;
#2017 = EDGE_LOOP ( 'NONE', ( #11486, #826, #10331, #10769 ) ) ;
#2018 = ORIENTED_EDGE ( 'NONE', *, *, #5975, .F. ) ;
#2019 = VECTOR ( 'NONE', #4795, 1000.000000000000000 ) ;
#2020 = FACE_OUTER_BOUND ( 'NONE', #2182, .T. ) ;
#2021 = EDGE_LOOP ( 'NONE', ( #8899, #4718, #4333, #1058, #3072, #1762, #6759 ) ) ;
#2022 = DIRECTION ( 'NONE',  ( 0.000000000000000000, 0.000000000000000000, -1.000000000000000000 ) ) ;
#2023 = DIRECTION ( 'NONE',  ( -0.000000000000000000, -1.000000000000000000, -0.000000000000000000 ) ) ;
#2024 = LINE ( 'NONE', #9570, #9414 ) ;
#2026 =( BOUNDED_SURFACE ( )  B_SPLINE_SURFACE ( 3, 2, ( 
 ( #6655, #341, #8343 ),
 ( #5748, #4863, #7444 ),
 ( #10362, #2189, #5806 ),
 ( #9463, #6045, #8867 ),
 ( #7678, #11556, #11495 ),
 ( #5991, #4974, #2237 ) ),
 .UNSPECIFIED., .F., .F., .F. ) 
 B_SPLINE_SURFACE_WITH_KNOTS ( ( 4, 2, 4 ),
 ( 3, 3 ),
 ( 0.001563659420366923791, 0.001895759896196009230, 0.002227860372025094668 ),
 ( 0.000000000000000000, 1.000000000000000000 ),
 .UNSPECIFIED. ) 
 GEOMETRIC_REPRESENTATION_ITEM ( )  RATIONAL_B_SPLINE_SURFACE ( (
 ( 1.000000000000000000, 0.8710490040722853600, 1.000000000000000000),
 ( 1.000000000000000000, 0.8715337424611521167, 1.000000000000000000),
 ( 1.000000000000000000, 0.8500016562862100500, 1.000000000000000000),
 ( 1.000000000000000000, 0.7869413030458771718, 1.000000000000000000),
 ( 1.000000000000000000, 0.7463727152128596387, 1.000000000000000000),
 ( 1.000000000000000000, 0.7071067811865493491, 1.000000000000000000) ) ) 
 REPRESENTATION_ITEM ( '' )  SURFACE ( )  );
#2025 = DIRECTION ( 'NONE',  ( -0.000000000000000000, -0.000000000000000000, 1.000000000000000000 ) ) ;
#2027 = ORIENTED_EDGE ( 'NONE', *, *, #5092, .F. ) ;
#2028 = DIRECTION ( 'NONE',  ( -0.000000000000000000, -0.000000000000000000, 1.000000000000000000 ) ) ;
#2029 = DIRECTION ( 'NONE',  ( 0.000000000000000000, 0.000000000000000000, -1.000000000000000000 ) ) ;
#2030 = CARTESIAN_POINT ( 'NONE',  ( 30.99999999999998224, 4.500000000000001776, 1.500000000000003997 ) ) ;
#2031 = LINE ( 'NONE', #3877, #8070 ) ;
#2032 = ORIENTED_EDGE ( 'NONE', *, *, #6621, .T. ) ;
#2033 = CARTESIAN_POINT ( 'NONE',  ( 25.37175490347320306, 11.47180104703812908, 4.000000000000000000 ) ) ;
#2034 = DIRECTION ( 'NONE',  ( -0.000000000000000000, -0.000000000000000000, 1.000000000000000000 ) ) ;
#2035 = DIRECTION ( 'NONE',  ( -0.000000000000000000, 0.000000000000000000, 1.000000000000000000 ) ) ;
#2036 = VERTEX_POINT ( 'NONE', #5828 ) ;
#2037 = LINE ( 'NONE', #4926, #10281 ) ;
#2038 = CARTESIAN_POINT ( 'NONE',  ( 18.90955557852439384, 27.28294234767710336, 6.000000000000000000 ) ) ;
#2039 = EDGE_CURVE ( 'NONE', #4571, #4568, #3907, .T. ) ;
#2040 = EDGE_CURVE ( 'NONE', #13, #8539, #5094, .T. ) ;
#2041 = DIRECTION ( 'NONE',  ( 0.000000000000000000, 0.4370537414983364788, 0.8994353934787675531 ) ) ;
#2042 = DIRECTION ( 'NONE',  ( 0.000000000000000000, 1.000000000000000000, 0.000000000000000000 ) ) ;
#2043 = CARTESIAN_POINT ( 'NONE',  ( 30.49999999999997868, -36.99999999999999289, 0.5000000000000083267 ) ) ;
#2044 = ORIENTED_EDGE ( 'NONE', *, *, #7892, .T. ) ;
#2045 = DIRECTION ( 'NONE',  ( 0.7073707969387312833, -0.7068426668207460351, 0.000000000000000000 ) ) ;
#2046 = LINE ( 'NONE', #6577, #7482 ) ;
#2047 = VERTEX_POINT ( 'NONE', #11171 ) ;
#2048 = FACE_OUTER_BOUND ( 'NONE', #11194, .T. ) ;
#2049 = VERTEX_POINT ( 'NONE', #6623 ) ;
#2050 = EDGE_CURVE ( 'NONE', #999, #9821, #10449, .T. ) ;
#2051 = CARTESIAN_POINT ( 'NONE',  ( -22.70891192219859889, 18.60168694398918987, 4.000000000000000000 ) ) ;
#2052 = DIRECTION ( 'NONE',  ( 0.000000000000000000, 0.000000000000000000, -1.000000000000000000 ) ) ;
#2053 = EDGE_LOOP ( 'NONE', ( #11176, #813, #4063, #7829, #6658, #3361, #5664 ) ) ;
#2054 = ORIENTED_EDGE ( 'NONE', *, *, #7870, .T. ) ;
#2055 = CARTESIAN_POINT ( 'NONE',  ( 30.20715215380525720, -28.79262920306127072, 22.28909803235633191 ) ) ;
#2056 = CARTESIAN_POINT ( 'NONE',  ( 31.37500000000000711, 7.476470224947664001, 1.500000000000003109 ) ) ;
#2057 = ORIENTED_EDGE ( 'NONE', *, *, #433, .F. ) ;
#2058 = EDGE_CURVE ( 'NONE', #5486, #1908, #2091, .T. ) ;
#2059 = CARTESIAN_POINT ( 'NONE',  ( 33.52341172370543632, 6.186145048336095797, 5.645304730675761107 ) ) ;
#2060 = EDGE_CURVE ( 'NONE', #3418, #6518, #3037, .T. ) ;
#2061 = DIRECTION ( 'NONE',  ( -0.000000000000000000, -1.000000000000000000, -0.000000000000000000 ) ) ;
#2062 = ORIENTED_EDGE ( 'NONE', *, *, #5471, .T. ) ;
#2063 = CARTESIAN_POINT ( 'NONE',  ( 29.99999999999997868, 2.139175515927377980, 6.000000000000000000 ) ) ;
#2064 = ORIENTED_EDGE ( 'NONE', *, *, #3990, .F. ) ;
#2065 = VERTEX_POINT ( 'NONE', #9436 ) ;
#2066 = EDGE_CURVE ( 'NONE', #10598, #9168, #177, .T. ) ;
#2067 = FACE_OUTER_BOUND ( 'NONE', #11072, .T. ) ;
#2068 = EDGE_LOOP ( 'NONE', ( #3715, #6427, #7765, #10827 ) ) ;
#2069 = FACE_OUTER_BOUND ( 'NONE', #2454, .T. ) ;
#2070 = CARTESIAN_POINT ( 'NONE',  ( -19.26800224403823236, -28.15509506824296793, 5.700000000000001066 ) ) ;
#2071 = DIRECTION ( 'NONE',  ( -0.000000000000000000, -0.000000000000000000, 1.000000000000000000 ) ) ;
#2072 = EDGE_LOOP ( 'NONE', ( #4183, #10689, #3296, #7697 ) ) ;
#2073 = CIRCLE ( 'NONE', #1496, 3.000000000000002665 ) ;
#2074 = DIRECTION ( 'NONE',  ( -0.000000000000000000, -0.000000000000000000, 1.000000000000000000 ) ) ;
#2075 = CARTESIAN_POINT ( 'NONE',  ( -31.49999999999997868, 8.468626966596888295, 0.5000000000000027756 ) ) ;
#2076 = CIRCLE ( 'NONE', #10460, 0.5000000000000004441 ) ;
#2077 = CARTESIAN_POINT ( 'NONE',  ( 44.00000000000001421, -37.29999999999999005, 14.00000000000000178 ) ) ;
#2078 = SPHERICAL_SURFACE ( 'NONE', #11702, 1.000000000000000000 ) ;
#2079 = EDGE_LOOP ( 'NONE', ( #1781, #9910, #8132, #3635, #5316, #8880 ) ) ;
#2080 =( BOUNDED_CURVE ( )  B_SPLINE_CURVE ( 3, ( #5657, #5714, #7636, #6740 ),
 .UNSPECIFIED., .F., .F. ) 
 B_SPLINE_CURVE_WITH_KNOTS ( ( 4, 4 ),
 ( 3.141592653589793116, 4.712388980384689674 ),
 .UNSPECIFIED. ) 
 CURVE ( )  GEOMETRIC_REPRESENTATION_ITEM ( )  RATIONAL_B_SPLINE_CURVE ( ( 1.000000000000000000, 0.8047378541243649375, 0.8047378541243649375, 1.000000000000000000 ) ) 
 REPRESENTATION_ITEM ( '' )  );
#2081 = CARTESIAN_POINT ( 'NONE',  ( 24.74873734153059601, -24.74873734152912519, 6.000000000000000000 ) ) ;
#2082 = DIRECTION ( 'NONE',  ( 1.000000000000000000, 0.000000000000000000, 0.000000000000000000 ) ) ;
#2083 = CARTESIAN_POINT ( 'NONE',  ( 18.03603898744571410, 21.86605083265776273, 5.700000000000000178 ) ) ;
#2084 = LINE ( 'NONE', #412, #4197 ) ;
#2085 = EDGE_LOOP ( 'NONE', ( #904, #8006, #3759, #212 ) ) ;
#2086 = CARTESIAN_POINT ( 'NONE',  ( 30.72800165461132949, 6.164360483229059717, 6.000000000000000888 ) ) ;
#2087 = ORIENTED_EDGE ( 'NONE', *, *, #2039, .F. ) ;
#2088 = CARTESIAN_POINT ( 'NONE',  ( 3.903587267792825610, -32.29999999999999716, 6.500000000000000888 ) ) ;
#2089 = CIRCLE ( 'NONE', #11615, 2.600000000000001421 ) ;
#2090 = CARTESIAN_POINT ( 'NONE',  ( -18.03603898744571410, 21.86605083265776273, 5.000000000000000000 ) ) ;
#2091 = LINE ( 'NONE', #5712, #8733 ) ;
#2092 = LINE ( 'NONE', #11119, #3525 ) ;
#2093 = CARTESIAN_POINT ( 'NONE',  ( -30.65000366322146164, 7.080364228166579288, 5.736906155166144217 ) ) ;
#2094 = ORIENTED_EDGE ( 'NONE', *, *, #1185, .F. ) ;
#2095 = DIRECTION ( 'NONE',  ( 1.000000000000000000, 0.000000000000000000, 0.000000000000000000 ) ) ;
#2096 = DIRECTION ( 'NONE',  ( -1.000000000000000000, 1.526556658859588981E-13, 0.000000000000000000 ) ) ;
#2097 = AXIS2_PLACEMENT_3D ( 'NONE', #9917, #8247, #9199 ) ;
#2098 = ORIENTED_EDGE ( 'NONE', *, *, #3010, .T. ) ;
#2099 = EDGE_CURVE ( 'NONE', #8636, #8887, #5485, .T. ) ;
#2100 = DIRECTION ( 'NONE',  ( -0.7073707969387312833, 0.7068426668207460351, -0.000000000000000000 ) ) ;
#2101 = ORIENTED_EDGE ( 'NONE', *, *, #2942, .T. ) ;
#2102 = CIRCLE ( 'NONE', #4942, 0.4999999999999995559 ) ;
#2103 = CARTESIAN_POINT ( 'NONE',  ( -30.49999999999997868, -28.30588346154785029, 21.36051383309737162 ) ) ;
#2104 = CARTESIAN_POINT ( 'NONE',  ( 0.000000000000000000, 0.000000000000000000, 4.000000000000000000 ) ) ;
#2105 = AXIS2_PLACEMENT_3D ( 'NONE', #11341, #258, #5825 ) ;
#2106 = ORIENTED_EDGE ( 'NONE', *, *, #5415, .T. ) ;
#2107 = VERTEX_POINT ( 'NONE', #8311 ) ;
#2108 = CARTESIAN_POINT ( 'NONE',  ( 41.00000000000000711, -28.49999999999999645, 14.00000000000000178 ) ) ;
#2109 = LINE ( 'NONE', #5789, #9387 ) ;
#2110 = EDGE_LOOP ( 'NONE', ( #6236, #2844, #11007, #712 ) ) ;
#2111 = FACE_OUTER_BOUND ( 'NONE', #624, .T. ) ;
#2112 = CIRCLE ( 'NONE', #6674, 1.000000000000000888 ) ;
#2113 = ADVANCED_FACE ( 'NONE', ( #3770 ), #7757, .T. ) ;
#2114 = AXIS2_PLACEMENT_3D ( 'NONE', #3292, #8849, #2403 ) ;
#2115 = EDGE_CURVE ( 'NONE', #3184, #6961, #5674, .T. ) ;
#2116 = EDGE_CURVE ( 'NONE', #2307, #10529, #4905, .T. ) ;
#2117 = CARTESIAN_POINT ( 'NONE',  ( 18.53459485037879517, 21.82807647900890302, 4.000000000000000000 ) ) ;
#2118 = ORIENTED_EDGE ( 'NONE', *, *, #4461, .F. ) ;
#2119 = CIRCLE ( 'NONE', #4780, 0.3000000000000000999 ) ;
#2120 = CARTESIAN_POINT ( 'NONE',  ( 30.40714068673878501, -37.48054542500430841, 0.7977688167115871698 ) ) ;
#2121 = EDGE_CURVE ( 'NONE', #2663, #1840, #3599, .T. ) ;
#2122 = TOROIDAL_SURFACE ( 'NONE', #592, 0.7999999999999999334, 0.2999999999999999889 ) ;
#2123 = AXIS2_PLACEMENT_3D ( 'NONE', #1669, #10987, #2688 ) ;
#2124 = ORIENTED_EDGE ( 'NONE', *, *, #11384, .F. ) ;
#2125 = ORIENTED_EDGE ( 'NONE', *, *, #5613, .F. ) ;
#2126 = TOROIDAL_SURFACE ( 'NONE', #8790, 3.200000000000001510, 0.2000000000000000111 ) ;
#2127 = DIRECTION ( 'NONE',  ( 0.000000000000000000, -1.000000000000000000, 0.000000000000000000 ) ) ;
#2128 = EDGE_LOOP ( 'NONE', ( #9879, #11597, #4380, #9957 ) ) ;
#2129 = CARTESIAN_POINT ( 'NONE',  ( -40.99999999999999289, -37.29999999999999716, 14.00000000000000178 ) ) ;
#2130 = DIRECTION ( 'NONE',  ( 0.000000000000000000, 0.000000000000000000, 1.000000000000000000 ) ) ;
#2131 = VECTOR ( 'NONE', #8331, 1000.000000000000000 ) ;
#2132 = CIRCLE ( 'NONE', #1525, 0.1999999999999987899 ) ;
#2133 = CARTESIAN_POINT ( 'NONE',  ( 25.00000000000001421, -33.79999999999999716, 50.00000000000000000 ) ) ;
#2134 = ORIENTED_EDGE ( 'NONE', *, *, #7584, .T. ) ;
#2135 = EDGE_CURVE ( 'NONE', #8887, #11681, #10271, .T. ) ;
#2136 = DIRECTION ( 'NONE',  ( -1.000000000000000000, 0.000000000000000000, 0.000000000000000000 ) ) ;
#2137 = ADVANCED_FACE ( 'NONE', ( #2441 ), #6915, .F. ) ;
#2138 = EDGE_CURVE ( 'NONE', #1225, #11000, #6815, .T. ) ;
#2139 = AXIS2_PLACEMENT_3D ( 'NONE', #9196, #8419, #4830 ) ;
#2140 = CARTESIAN_POINT ( 'NONE',  ( -20.11944097135362597, -32.47482337098752936, 6.027045564505426611 ) ) ;
#2141 = CARTESIAN_POINT ( 'NONE',  ( -30.49999999999997868, 2.963777118215650486, 6.099309502229275814 ) ) ;
#2142 = ORIENTED_EDGE ( 'NONE', *, *, #6862, .T. ) ;
#2143 = FACE_BOUND ( 'NONE', #2206, .T. ) ;
#2144 = CIRCLE ( 'NONE', #11479, 3.200000000000001510 ) ;
#2145 = CARTESIAN_POINT ( 'NONE',  ( -21.80529186682069920, 18.83372836813735773, 5.700000000000000178 ) ) ;
#2146 = DIRECTION ( 'NONE',  ( 0.000000000000000000, 0.000000000000000000, -1.000000000000000000 ) ) ;
#2147 = VECTOR ( 'NONE', #10387, 1000.000000000000000 ) ;
#2148 = CARTESIAN_POINT ( 'NONE',  ( -21.86605083265882854, -18.03603898744441736, 5.000000000000000000 ) ) ;
#2149 = ORIENTED_EDGE ( 'NONE', *, *, #11601, .T. ) ;
#2150 = AXIS2_PLACEMENT_3D ( 'NONE', #3451, #7096, #837 ) ;
#2151 = CARTESIAN_POINT ( 'NONE',  ( 33.99999999999997868, 4.500000000000001776, 5.006876193646772499 ) ) ;
#2152 = CARTESIAN_POINT ( 'NONE',  ( -31.45298769774878522, 7.045120546493243374, 5.227911265790107898 ) ) ;
#2153 = DIRECTION ( 'NONE',  ( 0.000000000000000000, 0.000000000000000000, 1.000000000000000000 ) ) ;
#2154 = CIRCLE ( 'NONE', #3681, 0.3000000000000012657 ) ;
#2155 = CARTESIAN_POINT ( 'NONE',  ( 27.28294234767779614, 11.88379308764553244, 6.000000000000000000 ) ) ;
#2156 =( BOUNDED_SURFACE ( )  B_SPLINE_SURFACE ( 3, 2, ( 
 ( #6378, #10030, #1961 ),
 ( #1076, #9117, #11030 ),
 ( #1012, #65, #5590 ),
 ( #237, #4701, #2922 ),
 ( #7448, #6554, #7565 ),
 ( #5755, #1242, #3024 ) ),
 .UNSPECIFIED., .F., .F., .F. ) 
 B_SPLINE_SURFACE_WITH_KNOTS ( ( 4, 2, 4 ),
 ( 3, 3 ),
 ( 0.0008962883947453567039, 0.001229973907556140139, 0.001563659420366923358 ),
 ( 0.2258589867263930406, 1.000000000000000000 ),
 .UNSPECIFIED. ) 
 GEOMETRIC_REPRESENTATION_ITEM ( )  RATIONAL_B_SPLINE_SURFACE ( (
 ( 0.8975771716402007883, 0.7732593468067869846, 1.000000000000000000),
 ( 0.9112592010729851921, 0.8035482222486988180, 1.000000000000000000),
 ( 0.9254562285844714076, 0.8349771853315021142, 1.000000000000000000),
 ( 0.9475071980458823484, 0.8837929747340366182, 1.000000000000000000),
 ( 0.9550648433845030372, 0.9005238683065294181, 1.000000000000000000),
 ( 0.9549066865520652314, 0.9001737453498782626, 1.000000000000000000) ) ) 
 REPRESENTATION_ITEM ( '' )  SURFACE ( )  );
#2157 = VECTOR ( 'NONE', #2552, 1000.000000000000000 ) ;
#2158 = DIRECTION ( 'NONE',  ( 0.000000000000000000, 0.000000000000000000, -1.000000000000000000 ) ) ;
#2159 = DIRECTION ( 'NONE',  ( 0.000000000000000000, -0.000000000000000000, -1.000000000000000000 ) ) ;
#2160 = ORIENTED_EDGE ( 'NONE', *, *, #5248, .F. ) ;
#2161 = PLANE ( 'NONE',  #10696 ) ;
#2162 = DIRECTION ( 'NONE',  ( 5.941966010906629203E-14, 1.000000000000000000, -0.000000000000000000 ) ) ;
#2163 = CARTESIAN_POINT ( 'NONE',  ( -24.99999999999999289, -32.79999999999999716, 49.00000000000000000 ) ) ;
#2164 = ORIENTED_EDGE ( 'NONE', *, *, #5711, .T. ) ;
#2165 = AXIS2_PLACEMENT_3D ( 'NONE', #4286, #710, #2618 ) ;
#2166 = AXIS2_PLACEMENT_3D ( 'NONE', #7785, #8682, #3243 ) ;
#2167 = CIRCLE ( 'NONE', #7130, 0.1999999999999987899 ) ;
#2168 = CARTESIAN_POINT ( 'NONE',  ( -26.19678717823081371, -32.79999999999999716, 6.475629962069108458 ) ) ;
#2169 = CARTESIAN_POINT ( 'NONE',  ( 49.50000000000000711, -37.49999999999999289, 10.50000000000000711 ) ) ;
#2170 = ORIENTED_EDGE ( 'NONE', *, *, #2650, .T. ) ;
#2171 = ORIENTED_EDGE ( 'NONE', *, *, #3350, .T. ) ;
#2172 = CARTESIAN_POINT ( 'NONE',  ( -25.78279235760479793, -32.79999999999999716, 49.00000000000000000 ) ) ;
#2173 = DIRECTION ( 'NONE',  ( -0.000000000000000000, -0.000000000000000000, -1.000000000000000000 ) ) ;
#2174 = EDGE_LOOP ( 'NONE', ( #2064, #8477, #2125, #8621 ) ) ;
#2175 = CARTESIAN_POINT ( 'NONE',  ( 30.49999999999997868, -28.50000000000001066, 21.28750090350188984 ) ) ;
#2176 = VECTOR ( 'NONE', #871, 1000.000000000000000 ) ;
#2177 = CARTESIAN_POINT ( 'NONE',  ( 31.49999999999997868, -10.58280654544917354, 13.79367546214335505 ) ) ;
#2178 = ORIENTED_EDGE ( 'NONE', *, *, #5872, .T. ) ;
#2179 = CARTESIAN_POINT ( 'NONE',  ( -25.49999999999997868, 30.50000000000000711, 0.5000000000000004441 ) ) ;
#2180 = CARTESIAN_POINT ( 'NONE',  ( 30.50000000000002842, -37.39986248411837977, 0.5586075423181735555 ) ) ;
#2181 = VECTOR ( 'NONE', #6330, 1000.000000000000000 ) ;
#2182 = EDGE_LOOP ( 'NONE', ( #511, #5867, #1995, #3423 ) ) ;
#2183 = EDGE_LOOP ( 'NONE', ( #4556, #9301, #855, #9742, #2458, #9936, #3220, #4555, #7975, #9635, #11685 ) ) ;
#2184 = ADVANCED_FACE ( 'NONE', ( #6846 ), #4929, .F. ) ;
#2185 = EDGE_CURVE ( 'NONE', #10200, #4946, #3968, .T. ) ;
#2186 = CARTESIAN_POINT ( 'NONE',  ( 24.74873734152913229, 24.75126265847088547, 6.000000000000000000 ) ) ;
#2187 = VERTEX_POINT ( 'NONE', #4169 ) ;
#2188 = DIRECTION ( 'NONE',  ( 1.000000000000000000, -0.000000000000000000, -0.000000000000000000 ) ) ;
#2189 = CARTESIAN_POINT ( 'NONE',  ( 19.57403887950113841, -32.79999999999962057, 6.138826612717062758 ) ) ;
#2190 = CIRCLE ( 'NONE', #4281, 27.84471522829317180 ) ;
#2191 = CARTESIAN_POINT ( 'NONE',  ( 18.53459485037879517, 21.82807647900890302, 5.700000000000000178 ) ) ;
#2192 = ORIENTED_EDGE ( 'NONE', *, *, #10723, .T. ) ;
#2193 = CARTESIAN_POINT ( 'NONE',  ( 22.14873734152913443, 24.75126265847088547, 5.799999999999999822 ) ) ;
#2194 = AXIS2_PLACEMENT_3D ( 'NONE', #1828, #8208, #7374 ) ;
#2195 = VERTEX_POINT ( 'NONE', #6976 ) ;
#2196 = DIRECTION ( 'NONE',  ( -1.000000000000000000, 0.000000000000000000, 0.000000000000000000 ) ) ;
#2197 = CARTESIAN_POINT ( 'NONE',  ( -21.86605083265882854, -18.03603898744441736, 5.700000000000000178 ) ) ;
#2198 = ORIENTED_EDGE ( 'NONE', *, *, #597, .F. ) ;
#2199 = EDGE_CURVE ( 'NONE', #2370, #3194, #4279, .T. ) ;
#2200 = EDGE_CURVE ( 'NONE', #2373, #373, #9689, .T. ) ;
#2201 = CARTESIAN_POINT ( 'NONE',  ( 33.99999999999997868, 4.500000000000001776, 1.500000000000003997 ) ) ;
#2202 = ADVANCED_FACE ( 'NONE', ( #9722 ), #2451, .T. ) ;
#2203 = CARTESIAN_POINT ( 'NONE',  ( -30.49999999999997868, 10.20067777416575794, 0.5000000000000004441 ) ) ;
#2204 = CARTESIAN_POINT ( 'NONE',  ( -24.75126265846939688, -24.74873734153059246, 0.1999999999999987899 ) ) ;
#2205 = DIRECTION ( 'NONE',  ( -5.941966010906629203E-14, -1.000000000000000000, 0.000000000000000000 ) ) ;
#2206 = EDGE_LOOP ( 'NONE', ( #7303, #6089 ) ) ;
#2207 = CARTESIAN_POINT ( 'NONE',  ( -25.37175490347320306, -11.47180104703812908, 4.000000000000000000 ) ) ;
#2208 = DIRECTION ( 'NONE',  ( 1.000000000000000000, 0.000000000000000000, -0.000000000000000000 ) ) ;
#2209 = CARTESIAN_POINT ( 'NONE',  ( -32.41886116991578604, 6.636296480698009148, 5.426567099067126421 ) ) ;
#2210 = DIRECTION ( 'NONE',  ( 0.000000000000000000, 0.000000000000000000, -1.000000000000000000 ) ) ;
#2211 = CARTESIAN_POINT ( 'NONE',  ( 0.000000000000000000, 0.000000000000000000, 5.700000000000000178 ) ) ;
#2212 = ORIENTED_EDGE ( 'NONE', *, *, #10874, .F. ) ;
#2213 = EDGE_CURVE ( 'NONE', #6645, #6478, #7215, .T. ) ;
#2214 = FACE_OUTER_BOUND ( 'NONE', #3414, .T. ) ;
#2215 = DIRECTION ( 'NONE',  ( -1.000000000000000000, 0.000000000000000000, 0.000000000000000000 ) ) ;
#2216 = CARTESIAN_POINT ( 'NONE',  ( 32.99999999999997868, -28.21852687074916943, 22.36322654727370463 ) ) ;
#2217 = CARTESIAN_POINT ( 'NONE',  ( 30.00000000000000711, 31.00000000000000711, 0.5000000000000004441 ) ) ;
#2218 = VERTEX_POINT ( 'NONE', #10612 ) ;
#2219 = CARTESIAN_POINT ( 'NONE',  ( -24.32813405080369762, 18.81287924088969987, 4.000000000000000000 ) ) ;
#2220 = ORIENTED_EDGE ( 'NONE', *, *, #7749, .T. ) ;
#2221 = VERTEX_POINT ( 'NONE', #7881 ) ;
#2222 = FACE_OUTER_BOUND ( 'NONE', #9640, .T. ) ;
#2223 = DIRECTION ( 'NONE',  ( -5.782411586589392743E-14, -1.000000000000000000, 0.000000000000000000 ) ) ;
#2224 = VERTEX_POINT ( 'NONE', #11516 ) ;
#2225 = CARTESIAN_POINT ( 'NONE',  ( 33.99999999999997868, 4.863583516386191796, 5.235046223268332355 ) ) ;
#2226 = CIRCLE ( 'NONE', #6021, 3.500000000000003109 ) ;
#2227 = DIRECTION ( 'NONE',  ( 0.000000000000000000, 0.000000000000000000, -1.000000000000000000 ) ) ;
#2228 = CARTESIAN_POINT ( 'NONE',  ( -31.49999999999997868, -28.21852687074917654, 22.36322654727371528 ) ) ;
#2229 = ORIENTED_EDGE ( 'NONE', *, *, #2115, .T. ) ;
#2230 = DIRECTION ( 'NONE',  ( 1.000000000000000000, 0.000000000000000000, 0.000000000000000000 ) ) ;
#2231 = DIRECTION ( 'NONE',  ( -1.000000000000000000, 0.000000000000000000, 0.000000000000000000 ) ) ;
#2232 = ORIENTED_EDGE ( 'NONE', *, *, #11179, .T. ) ;
#2233 = ORIENTED_EDGE ( 'NONE', *, *, #2380, .F. ) ;
#2234 = FACE_OUTER_BOUND ( 'NONE', #8654, .T. ) ;
#2235 = ORIENTED_EDGE ( 'NONE', *, *, #5735, .F. ) ;
#2236 = DIRECTION ( 'NONE',  ( -1.000000000000000000, 0.000000000000000000, 0.000000000000000000 ) ) ;
#2237 = CARTESIAN_POINT ( 'NONE',  ( 19.96629138838773798, -32.79999999999999716, 6.499999999999999112 ) ) ;
#2238 = EDGE_CURVE ( 'NONE', #6961, #2409, #6065, .T. ) ;
#2239 = CARTESIAN_POINT ( 'NONE',  ( 23.45746667546362829, 18.65870338896340996, 5.700000000000000178 ) ) ;
#2240 = ORIENTED_EDGE ( 'NONE', *, *, #7738, .F. ) ;
#2241 = EDGE_CURVE ( 'NONE', #1098, #2402, #7591, .T. ) ;
#2242 = FACE_OUTER_BOUND ( 'NONE', #378, .T. ) ;
#2243 = B_SPLINE_CURVE_WITH_KNOTS ( 'NONE', 3,
 ( #6107, #3501, #7144, #2608, #6230, #9889 ),
 .UNSPECIFIED., .F., .F.,
 ( 4, 2, 4 ),
 ( 0.000000000000000000, 0.002418693428769459579, 0.004837386857538919158 ),
 .UNSPECIFIED. ) ;
#2244 = EDGE_CURVE ( 'NONE', #9872, #7136, #2073, .T. ) ;
#2245 = EDGE_LOOP ( 'NONE', ( #5370, #7065 ) ) ;
#2246 = CARTESIAN_POINT ( 'NONE',  ( 21.86605083265883920, 18.03603898744442446, 5.700000000000000178 ) ) ;
#2247 = CARTESIAN_POINT ( 'NONE',  ( 30.50704413230683798, -28.49296112691357052, 21.52808584104447931 ) ) ;
#2248 = ORIENTED_EDGE ( 'NONE', *, *, #2366, .T. ) ;
#2249 = FACE_OUTER_BOUND ( 'NONE', #4665, .T. ) ;
#2250 = DIRECTION ( 'NONE',  ( 0.07594870729766847739, 0.9971117258661704730, 0.000000000000000000 ) ) ;
#2251 = AXIS2_PLACEMENT_3D ( 'NONE', #7395, #3811, #8681 ) ;
#2252 = CARTESIAN_POINT ( 'NONE',  ( -20.24050882641087767, -32.39723538034315453, 6.007945747778467016 ) ) ;
#2253 = EDGE_CURVE ( 'NONE', #4236, #2489, #479, .T. ) ;
#2254 = FACE_OUTER_BOUND ( 'NONE', #11355, .T. ) ;
#2255 = ORIENTED_EDGE ( 'NONE', *, *, #654, .T. ) ;
#2256 = DIRECTION ( 'NONE',  ( 0.000000000000000000, -1.000000000000000000, 1.204669080539449344E-16 ) ) ;
#2257 = LINE ( 'NONE', #11569, #2841 ) ;
#2258 = ADVANCED_FACE ( 'NONE', ( #4480 ), #7100, .T. ) ;
#2259 = CARTESIAN_POINT ( 'NONE',  ( 27.58294234767780040, -11.88379308764551112, 5.700000000000000178 ) ) ;
#2260 = EDGE_CURVE ( 'NONE', #454, #9227, #1127, .T. ) ;
#2261 = EDGE_CURVE ( 'NONE', #7583, #8044, #4551, .T. ) ;
#2262 = DIRECTION ( 'NONE',  ( -1.000000000000000000, 0.000000000000000000, 0.000000000000000000 ) ) ;
#2263 = CYLINDRICAL_SURFACE ( 'NONE', #4845, 3.000000000000002665 ) ;
#2264 = CARTESIAN_POINT ( 'NONE',  ( 32.99999999999997868, -13.12679400932128182, 15.02985011956905659 ) ) ;
#2265 = ORIENTED_EDGE ( 'NONE', *, *, #3265, .F. ) ;
#2266 = CARTESIAN_POINT ( 'NONE',  ( -34.31067958738645984, -28.62621360840914164, 0.9963810274429627523 ) ) ;
#2267 = DIRECTION ( 'NONE',  ( -1.000000000000000000, -1.200108019483769278E-15, 0.000000000000000000 ) ) ;
#2268 = FACE_OUTER_BOUND ( 'NONE', #3168, .T. ) ;
#2269 = CARTESIAN_POINT ( 'NONE',  ( 31.49999999999997868, -13.12679400932128182, 15.02985011956905659 ) ) ;
#2270 = ORIENTED_EDGE ( 'NONE', *, *, #8490, .F. ) ;
#2271 = VECTOR ( 'NONE', #3236, 1000.000000000000000 ) ;
#2272 = DIRECTION ( 'NONE',  ( 0.000000000000000000, 0.000000000000000000, -1.000000000000000000 ) ) ;
#2273 = EDGE_CURVE ( 'NONE', #4028, #9076, #6058, .T. ) ;
#2274 = DIRECTION ( 'NONE',  ( -1.000000000000000000, 0.000000000000000000, 0.000000000000000000 ) ) ;
#2275 = DIRECTION ( 'NONE',  ( 0.000000000000000000, 0.000000000000000000, 1.000000000000000000 ) ) ;
#2276 = ADVANCED_FACE ( 'NONE', ( #9974 ), #7817, .F. ) ;
#2277 = ADVANCED_FACE ( 'NONE', ( #7214 ), #7782, .T. ) ;
#2278 = ORIENTED_EDGE ( 'NONE', *, *, #10578, .T. ) ;
#2279 = CARTESIAN_POINT ( 'NONE',  ( -33.99999999999997868, 4.500000000000001776, 1.500000000000003553 ) ) ;
#2280 = CIRCLE ( 'NONE', #7809, 0.7999999999999986011 ) ;
#2281 = ORIENTED_EDGE ( 'NONE', *, *, #5894, .F. ) ;
#2282 = CARTESIAN_POINT ( 'NONE',  ( 30.35602038747403242, -28.64387211590596038, 22.28909803235632126 ) ) ;
#2283 = CARTESIAN_POINT ( 'NONE',  ( -24.99999999999999289, -33.79999999999999716, 49.00000000000000000 ) ) ;
#2284 = EDGE_LOOP ( 'NONE', ( #7218, #5837, #3369, #3540 ) ) ;
#2285 = CARTESIAN_POINT ( 'NONE',  ( 31.63964049625063168, 7.449908692388516940, 5.031216567137551721 ) ) ;
#2286 = CARTESIAN_POINT ( 'NONE',  ( -30.28121093063985825, -28.71862571925078456, 21.78819328842778447 ) ) ;
#2287 = DIRECTION ( 'NONE',  ( 1.000000000000000000, -0.000000000000000000, -0.000000000000000000 ) ) ;
#2288 = ORIENTED_EDGE ( 'NONE', *, *, #4867, .T. ) ;
#2289 = AXIS2_PLACEMENT_3D ( 'NONE', #3539, #7174, #1738 ) ;
#2290 = LINE ( 'NONE', #5849, #1894 ) ;
#2291 = DIRECTION ( 'NONE',  ( 0.000000000000000000, 1.204669080539449344E-16, 1.000000000000000000 ) ) ;
#2292 = ORIENTED_EDGE ( 'NONE', *, *, #2349, .F. ) ;
#2293 = VECTOR ( 'NONE', #10929, 1000.000000000000000 ) ;
#2294 = ORIENTED_EDGE ( 'NONE', *, *, #8526, .F. ) ;
#2295 = DIRECTION ( 'NONE',  ( -1.000000000000000000, 0.000000000000000000, 0.000000000000000000 ) ) ;
#2296 = TOROIDAL_SURFACE ( 'NONE', #8964, 11.00000000000000000, 1.000000000000000000 ) ;
#2297 = DIRECTION ( 'NONE',  ( 0.7068426668207441477, -0.7073707969387330596, 0.000000000000000000 ) ) ;
#2298 = ORIENTED_EDGE ( 'NONE', *, *, #3145, .T. ) ;
#2299 = CARTESIAN_POINT ( 'NONE',  ( 26.13621369101518255, -32.15368539846935647, 6.500000000000000888 ) ) ;
#2300 = CARTESIAN_POINT ( 'NONE',  ( -26.48963502442554940, -32.50737079693872289, 6.500000000000000888 ) ) ;
#2301 = AXIS2_PLACEMENT_3D ( 'NONE', #10785, #3623, #2616 ) ;
#2302 = DIRECTION ( 'NONE',  ( -1.000000000000000000, 0.000000000000000000, -0.000000000000000000 ) ) ;
#2303 = ORIENTED_EDGE ( 'NONE', *, *, #9215, .F. ) ;
#2304 = AXIS2_PLACEMENT_3D ( 'NONE', #8114, #2025, #2802 ) ;
#2305 = AXIS2_PLACEMENT_3D ( 'NONE', #1920, #8133, #6446 ) ;
#2306 = AXIS2_PLACEMENT_3D ( 'NONE', #1178, #4639, #1237 ) ;
#2307 = VERTEX_POINT ( 'NONE', #7280 ) ;
#2308 = AXIS2_PLACEMENT_3D ( 'NONE', #6809, #1228, #2964 ) ;
#2309 = CARTESIAN_POINT ( 'NONE',  ( 40.00000000000000711, -29.49999999999999645, 10.50000000000000711 ) ) ;
#2310 = CARTESIAN_POINT ( 'NONE',  ( 30.68485490742947164, -28.26654173398972603, 21.92682652406114485 ) ) ;
#2311 = AXIS2_PLACEMENT_3D ( 'NONE', #10172, #4433, #26 ) ;
#2312 = VERTEX_POINT ( 'NONE', #1851 ) ;
#2313 = CARTESIAN_POINT ( 'NONE',  ( -12.30077645734314551, -27.88328592590264776, 5.700000000000000178 ) ) ;
#2314 = CARTESIAN_POINT ( 'NONE',  ( 18.81287924088932684, 24.32813405079569691, 4.000000000000000000 ) ) ;
#2315 = DIRECTION ( 'NONE',  ( -1.000000000000000000, -1.137523590804463822E-16, -0.000000000000000000 ) ) ;
#2316 = CYLINDRICAL_SURFACE ( 'NONE', #8215, 0.5000000000000004441 ) ;
#2317 = ORIENTED_EDGE ( 'NONE', *, *, #6568, .F. ) ;
#2318 = CARTESIAN_POINT ( 'NONE',  ( 25.78279235760797405, -32.79999999999999716, 49.13092329106656564 ) ) ;
#2319 = FACE_OUTER_BOUND ( 'NONE', #8393, .T. ) ;
#2320 = B_SPLINE_CURVE_WITH_KNOTS ( 'NONE', 3,
 ( #7266, #1782, #8459, #10359, #8392, #10131 ),
 .UNSPECIFIED., .F., .F.,
 ( 4, 2, 4 ),
 ( 0.000000000000000000, 0.0002737445381004811385, 0.0005474890762009622771 ),
 .UNSPECIFIED. ) ;
#2321 = CARTESIAN_POINT ( 'NONE',  ( -34.98674648294755229, -35.00000000000000000, 49.89999999999999858 ) ) ;
#2322 = CIRCLE ( 'NONE', #9001, 3.500000000000003109 ) ;
#2323 = DIRECTION ( 'NONE',  ( -0.000000000000000000, -1.000000000000000000, -0.000000000000000000 ) ) ;
#2324 = CARTESIAN_POINT ( 'NONE',  ( -9.696362071903116941, -32.38442330966002913, 5.780412673752686636 ) ) ;
#2325 = EDGE_LOOP ( 'NONE', ( #8280, #2747, #4949, #4178 ) ) ;
#2326 = EDGE_CURVE ( 'NONE', #6394, #5043, #7600, .T. ) ;
#2327 = ADVANCED_FACE ( 'NONE', ( #5240 ), #11596, .F. ) ;
#2328 = CARTESIAN_POINT ( 'NONE',  ( -40.99999999999999289, -28.69999999999999574, 10.80000000000000071 ) ) ;
#2329 = DIRECTION ( 'NONE',  ( -1.000000000000000000, -0.000000000000000000, 0.000000000000000000 ) ) ;
#2330 = CIRCLE ( 'NONE', #9960, 0.1999999999999987899 ) ;
#2331 = CARTESIAN_POINT ( 'NONE',  ( -9.832268617588056259, -32.58893664026034998, 6.068819803763140897 ) ) ;
#2332 = CARTESIAN_POINT ( 'NONE',  ( 18.76449676795771637, -27.54346043552152778, 6.000000000000000000 ) ) ;
#2333 = ORIENTED_EDGE ( 'NONE', *, *, #1517, .T. ) ;
#2334 = ADVANCED_FACE ( 'NONE', ( #1723 ), #5357, .F. ) ;
#2335 = DIRECTION ( 'NONE',  ( 0.000000000000000000, 0.000000000000000000, -1.000000000000000000 ) ) ;
#2336 = VECTOR ( 'NONE', #5700, 1000.000000000000114 ) ;
#2337 = AXIS2_PLACEMENT_3D ( 'NONE', #4931, #9269, #421 ) ;
#2338 = CARTESIAN_POINT ( 'NONE',  ( 26.19678717823081371, -32.29999999999999716, 6.000000000000000000 ) ) ;
#2339 = DIRECTION ( 'NONE',  ( -0.000000000000000000, -1.000000000000000000, -0.000000000000000000 ) ) ;
#2340 = AXIS2_PLACEMENT_3D ( 'NONE', #6825, #7741, #8518 ) ;
#2341 = ORIENTED_EDGE ( 'NONE', *, *, #6843, .T. ) ;
#2342 = CARTESIAN_POINT ( 'NONE',  ( -8.999999999999998224, -37.00000000000000000, 27.00000000000000355 ) ) ;
#2343 = LINE ( 'NONE', #1564, #7135 ) ;
#2344 = LINE ( 'NONE', #8135, #3481 ) ;
#2345 = ORIENTED_EDGE ( 'NONE', *, *, #6205, .F. ) ;
#2346 = CARTESIAN_POINT ( 'NONE',  ( -21.95126265846939617, -24.74873734153059246, 0.1999999999999987899 ) ) ;
#2347 = CIRCLE ( 'NONE', #4813, 0.5000000000000004441 ) ;
#2348 = B_SPLINE_CURVE_WITH_KNOTS ( 'NONE', 3,
 ( #8313, #9992, #11052, #9925, #858, #11773 ),
 .UNSPECIFIED., .F., .F.,
 ( 4, 2, 4 ),
 ( -6.324611540681036844E-06, 0.0003206094476581800761, 0.0006475435068570412457 ),
 .UNSPECIFIED. ) ;
#2349 = EDGE_CURVE ( 'NONE', #5686, #2470, #7015, .T. ) ;
#2350 = ADVANCED_FACE ( 'NONE', ( #1663 ), #5291, .F. ) ;
#2351 = CARTESIAN_POINT ( 'NONE',  ( 18.82420381369167472, -23.72709161337618156, 4.000000000000000000 ) ) ;
#2352 = EDGE_CURVE ( 'NONE', #9466, #3908, #3392, .T. ) ;
#2353 = AXIS2_PLACEMENT_3D ( 'NONE', #4140, #5318, #3307 ) ;
#2354 = DIRECTION ( 'NONE',  ( -0.000000000000000000, -1.000000000000000000, 0.000000000000000000 ) ) ;
#2355 = ORIENTED_EDGE ( 'NONE', *, *, #5891, .F. ) ;
#2356 = DIRECTION ( 'NONE',  ( 0.000000000000000000, 1.000000000000000000, -0.000000000000000000 ) ) ;
#2357 = CARTESIAN_POINT ( 'NONE',  ( -26.80887923155960095, -36.78000275623818283, 0.06534828527608139981 ) ) ;
#2358 = AXIS2_PLACEMENT_3D ( 'NONE', #7775, #9633, #3127 ) ;
#2359 = AXIS2_PLACEMENT_3D ( 'NONE', #10972, #2612, #11796 ) ;
#2360 = ORIENTED_EDGE ( 'NONE', *, *, #2700, .F. ) ;
#2361 = AXIS2_PLACEMENT_3D ( 'NONE', #10569, #1560, #9674 ) ;
#2362 = EDGE_LOOP ( 'NONE', ( #1112, #7644, #698, #11293 ) ) ;
#2363 = CARTESIAN_POINT ( 'NONE',  ( 20.22343168682467862, -31.18700226176738610, 4.000000000000000000 ) ) ;
#2364 = CARTESIAN_POINT ( 'NONE',  ( -9.534216377564714406, -29.83251576229562474, 5.700000000000000178 ) ) ;
#2365 = EDGE_LOOP ( 'NONE', ( #10217, #9458, #3777, #1507 ) ) ;
#2366 = EDGE_CURVE ( 'NONE', #10630, #4748, #10081, .T. ) ;
#2367 = FACE_OUTER_BOUND ( 'NONE', #6350, .T. ) ;
#2368 = FACE_BOUND ( 'NONE', #11739, .T. ) ;
#2369 = CARTESIAN_POINT ( 'NONE',  ( 34.98674648294750966, -35.00000000000002842, 50.00000000000000000 ) ) ;
#2370 = VERTEX_POINT ( 'NONE', #8351 ) ;
#2371 = VECTOR ( 'NONE', #3408, 999.9999999999998863 ) ;
#2372 = CARTESIAN_POINT ( 'NONE',  ( 30.68347166870458409, -28.26700527336860347, 21.92528173705052907 ) ) ;
#2373 = VERTEX_POINT ( 'NONE', #1130 ) ;
#2374 = CARTESIAN_POINT ( 'NONE',  ( -42.61760531728778290, -37.50000000000000000, 0.8340494719504953913 ) ) ;
#2375 = DIRECTION ( 'NONE',  ( -0.000000000000000000, -0.000000000000000000, 1.000000000000000000 ) ) ;
#2376 = ORIENTED_EDGE ( 'NONE', *, *, #2588, .F. ) ;
#2377 = DIRECTION ( 'NONE',  ( 0.000000000000000000, 0.000000000000000000, 1.000000000000000000 ) ) ;
#2378 = DIRECTION ( 'NONE',  ( -0.000000000000000000, -0.000000000000000000, 1.000000000000000000 ) ) ;
#2379 = CARTESIAN_POINT ( 'NONE',  ( 30.50000000000000711, 26.00000000000000711, 0.5000000000000004441 ) ) ;
#2380 = EDGE_CURVE ( 'NONE', #9306, #4474, #7981, .T. ) ;
#2381 = DIRECTION ( 'NONE',  ( -1.000000000000000000, -0.000000000000000000, 0.000000000000000000 ) ) ;
#2382 = ORIENTED_EDGE ( 'NONE', *, *, #10487, .F. ) ;
#2383 = DIRECTION ( 'NONE',  ( -0.000000000000000000, -0.000000000000000000, 1.000000000000000000 ) ) ;
#2384 = DIRECTION ( 'NONE',  ( -1.000000000000000000, 0.000000000000000000, 0.000000000000000000 ) ) ;
#2385 = CIRCLE ( 'NONE', #9055, 27.00000000000000000 ) ;
#2386 = DIRECTION ( 'NONE',  ( 1.000000000000000000, 0.000000000000000000, 0.000000000000000000 ) ) ;
#2387 = CARTESIAN_POINT ( 'NONE',  ( -31.14591054371114609, 5.559677934766193985, 5.949717696739383221 ) ) ;
#2388 = FACE_OUTER_BOUND ( 'NONE', #2536, .T. ) ;
#2389 = DIRECTION ( 'NONE',  ( 0.000000000000000000, 0.000000000000000000, -1.000000000000000000 ) ) ;
#2390 = ORIENTED_EDGE ( 'NONE', *, *, #3012, .F. ) ;
#2391 = CARTESIAN_POINT ( 'NONE',  ( -30.22500549483220667, 6.965246764199679141, 6.000000000000000000 ) ) ;
#2392 = AXIS2_PLACEMENT_3D ( 'NONE', #11010, #6461, #5569 ) ;
#2393 = CARTESIAN_POINT ( 'NONE',  ( 30.65000366322147585, 7.080364228166567742, 5.736906155166190402 ) ) ;
#2394 = CARTESIAN_POINT ( 'NONE',  ( -30.54979342140361354, -28.56867978610766912, 22.28909803235629994 ) ) ;
#2395 = DIRECTION ( 'NONE',  ( 1.000000000000000000, 0.000000000000000000, 0.000000000000000000 ) ) ;
#2396 = ORIENTED_EDGE ( 'NONE', *, *, #9806, .F. ) ;
#2397 = CARTESIAN_POINT ( 'NONE',  ( 24.32813405079681246, -18.81287924088788444, 4.000000000000000000 ) ) ;
#2398 = FACE_OUTER_BOUND ( 'NONE', #1063, .T. ) ;
#2399 = CARTESIAN_POINT ( 'NONE',  ( 27.58294234767707209, 1.688228025932691617E-12, 6.000000000000000000 ) ) ;
#2400 = ADVANCED_FACE ( 'NONE', ( #303 ), #4704, .F. ) ;
#2401 = ADVANCED_FACE ( 'NONE', ( #8297 ), #5853, .T. ) ;
#2402 = VERTEX_POINT ( 'NONE', #3756 ) ;
#2403 = DIRECTION ( 'NONE',  ( 1.000000000000000000, 0.000000000000000000, 0.000000000000000000 ) ) ;
#2404 = CARTESIAN_POINT ( 'NONE',  ( 27.04775779477856190, -36.49999999999999289, 1.000000000000000000 ) ) ;
#2405 = DIRECTION ( 'NONE',  ( -0.000000000000000000, 1.000000000000000000, 0.000000000000000000 ) ) ;
#2406 = EDGE_LOOP ( 'NONE', ( #8428, #123, #327, #11463 ) ) ;
#2407 = DIRECTION ( 'NONE',  ( 0.000000000000000000, 0.8994353934787675531, -0.4370537414983364233 ) ) ;
#2408 = EDGE_CURVE ( 'NONE', #7173, #322, #6587, .T. ) ;
#2409 = VERTEX_POINT ( 'NONE', #2976 ) ;
#2410 = DIRECTION ( 'NONE',  ( -0.000000000000000000, -0.000000000000000000, -1.000000000000000000 ) ) ;
#2411 = EDGE_LOOP ( 'NONE', ( #10643, #3851, #8749, #11220 ) ) ;
#2412 = CARTESIAN_POINT ( 'NONE',  ( 25.06171376815238361, 18.98463951405144101, 5.700000000000001066 ) ) ;
#2413 = CARTESIAN_POINT ( 'NONE',  ( -31.48674648294754519, -35.00000000000000000, 50.00000000000000000 ) ) ;
#2414 = EDGE_CURVE ( 'NONE', #3410, #10598, #7567, .T. ) ;
#2415 = VERTEX_POINT ( 'NONE', #10469 ) ;
#2416 = EDGE_CURVE ( 'NONE', #6174, #4417, #1965, .T. ) ;
#2417 = AXIS2_PLACEMENT_3D ( 'NONE', #11731, #7915, #3492 ) ;
#2418 = EDGE_LOOP ( 'NONE', ( #10046, #4906, #9281, #3000 ) ) ;
#2419 = CARTESIAN_POINT ( 'NONE',  ( 30.20715215380526075, -28.79262920306126716, 49.00000000000000000 ) ) ;
#2420 = ORIENTED_EDGE ( 'NONE', *, *, #2989, .F. ) ;
#2421 = CARTESIAN_POINT ( 'NONE',  ( -19.96629138838773443, -32.53253043250172993, 6.057360645716453718 ) ) ;
#2422 = VERTEX_POINT ( 'NONE', #11099 ) ;
#2423 = CARTESIAN_POINT ( 'NONE',  ( 30.91399482062600512, -28.49999999999999645, 49.00000000000000000 ) ) ;
#2424 = FACE_BOUND ( 'NONE', #1942, .T. ) ;
#2425 = CARTESIAN_POINT ( 'NONE',  ( 21.24890437254319053, -17.52699061374429235, 6.000000000000000000 ) ) ;
#2426 = EDGE_LOOP ( 'NONE', ( #10408, #11196, #9642, #3737 ) ) ;
#2427 = FACE_OUTER_BOUND ( 'NONE', #1547, .T. ) ;
#2428 = EDGE_CURVE ( 'NONE', #6409, #156, #2226, .T. ) ;
#2429 = ORIENTED_EDGE ( 'NONE', *, *, #8469, .T. ) ;
#2430 = CARTESIAN_POINT ( 'NONE',  ( 18.53459485037877030, 21.82807647900857617, 6.000000000000000000 ) ) ;
#2431 = EDGE_LOOP ( 'NONE', ( #5790, #3643, #11313, #3117 ) ) ;
#2432 = DIRECTION ( 'NONE',  ( -1.000000000000000000, 0.000000000000000000, 0.000000000000000000 ) ) ;
#2433 = FACE_OUTER_BOUND ( 'NONE', #3984, .T. ) ;
#2434 = CARTESIAN_POINT ( 'NONE',  ( 25.78279235760480148, -31.79999999999999361, 6.000000000000000000 ) ) ;
#2435 = DIRECTION ( 'NONE',  ( 0.000000000000000000, 0.4370537414983364788, 0.8994353934787675531 ) ) ;
#2436 = ORIENTED_EDGE ( 'NONE', *, *, #9, .T. ) ;
#2437 = LINE ( 'NONE', #4476, #9004 ) ;
#2438 = LINE ( 'NONE', #4112, #357 ) ;
#2439 = CARTESIAN_POINT ( 'NONE',  ( 26.78294234767823312, -18.90955557852281643, 6.000000000000000000 ) ) ;
#2440 = CIRCLE ( 'NONE', #7780, 2.600000000000001421 ) ;
#2441 = FACE_OUTER_BOUND ( 'NONE', #7184, .T. ) ;
#2442 = FACE_OUTER_BOUND ( 'NONE', #9967, .T. ) ;
#2443 = CARTESIAN_POINT ( 'NONE',  ( -30.63487521306005235, -28.27868894970681879, 21.84699951573900023 ) ) ;
#2444 = ORIENTED_EDGE ( 'NONE', *, *, #1921, .T. ) ;
#2445 = CARTESIAN_POINT ( 'NONE',  ( -30.86715694299052970, 6.225533687316590736, 5.856534908296510800 ) ) ;
#2446 = CARTESIAN_POINT ( 'NONE',  ( -31.11487846105330490, 5.456199394431116012, 6.500000000000000888 ) ) ;
#2447 = CARTESIAN_POINT ( 'NONE',  ( 23.46003738045442688, -18.65889919603175429, 6.000000000000000000 ) ) ;
#2448 = CARTESIAN_POINT ( 'NONE',  ( 21.80529186682070630, 18.83372836813736129, 6.000000000000000000 ) ) ;
#2449 = ORIENTED_EDGE ( 'NONE', *, *, #9854, .T. ) ;
#2450 = CARTESIAN_POINT ( 'NONE',  ( 22.70891192218053334, -18.60168694398682732, 4.000000000000000000 ) ) ;
#2451 = TOROIDAL_SURFACE ( 'NONE', #3201, 2.799999999999998934, 0.2000000000000000111 ) ;
#2452 = CARTESIAN_POINT ( 'NONE',  ( -26.64689772752949182, 19.39069158978011842, 5.700000000000000178 ) ) ;
#2453 = CYLINDRICAL_SURFACE ( 'NONE', #5213, 3.000000000000002665 ) ;
#2454 = EDGE_LOOP ( 'NONE', ( #4711, #5121, #873, #1709 ) ) ;
#2455 = DIRECTION ( 'NONE',  ( -0.000000000000000000, 1.000000000000000000, 0.000000000000000000 ) ) ;
#2456 = CYLINDRICAL_SURFACE ( 'NONE', #8289, 0.9999999999999991118 ) ;
#2457 = CARTESIAN_POINT ( 'NONE',  ( -21.86605083265882854, 18.03603898744441381, 5.700000000000000178 ) ) ;
#2458 = ORIENTED_EDGE ( 'NONE', *, *, #7437, .F. ) ;
#2459 = EDGE_CURVE ( 'NONE', #9412, #3121, #1014, .T. ) ;
#2460 = CARTESIAN_POINT ( 'NONE',  ( -33.95509988487783204, -28.49999999999962697, 21.79418443339669764 ) ) ;
#2461 = CIRCLE ( 'NONE', #6648, 0.5000000000000004441 ) ;
#2462 =( BOUNDED_SURFACE ( )  B_SPLINE_SURFACE ( 3, 2, ( 
 ( #5260, #1504, #10631 ),
 ( #7959, #8669, #5974 ),
 ( #8900, #2526, #6155 ),
 ( #4188, #2460, #6995 ),
 ( #5132, #9812, #1682 ),
 ( #7774, #6214, #735 ),
 ( #7903, #11538, #6871 ),
 ( #4367, #8013, #3297 ),
 ( #10579, #6084, #9632 ),
 ( #1451, #9743, #3477 ) ),
 .UNSPECIFIED., .F., .F., .F. ) 
 B_SPLINE_SURFACE_WITH_KNOTS ( ( 4, 2, 2, 2, 4 ),
 ( 3, 3 ),
 ( 4.712388980384689674, 5.105088062083414258, 5.497787143782137953, 5.890486225480861648, 6.283185307179586232 ),
 ( 0.000000000000000000, 1.000000000000000000 ),
 .UNSPECIFIED. ) 
 GEOMETRIC_REPRESENTATION_ITEM ( )  RATIONAL_B_SPLINE_SURFACE ( (
 ( 1.000000000000000000, 0.7071067811865500152, 1.000000000000000000),
 ( 1.000000000000000000, 0.7273464718640308968, 1.000000000000000000),
 ( 1.000000000000000000, 0.7466579674254809618, 1.000000000000000000),
 ( 1.000000000000000000, 0.7812512091452989971, 1.000000000000000000),
 ( 1.000000000000000000, 0.7965244763607861600, 1.000000000000000000),
 ( 1.000000000000000000, 0.8215259952601916549, 1.000000000000000000),
 ( 1.000000000000000000, 0.8312571724152811870, 1.000000000000000000),
 ( 1.000000000000000000, 0.8443233278160843236, 1.000000000000000000),
 ( 1.000000000000000000, 0.8476684198563235739, 1.000000000000000000),
 ( 1.000000000000000000, 0.8476596432231346956, 1.000000000000000000) ) ) 
 REPRESENTATION_ITEM ( '' )  SURFACE ( )  );
#2463 = CARTESIAN_POINT ( 'NONE',  ( 0.000000000000000000, 27.58294234767709341, 6.000000000000000000 ) ) ;
#2464 = EDGE_LOOP ( 'NONE', ( #2178, #2281, #2651, #5349 ) ) ;
#2465 = CARTESIAN_POINT ( 'NONE',  ( 25.78279235760480148, -31.79999999999999361, 6.499999999999999112 ) ) ;
#2466 = VERTEX_POINT ( 'NONE', #7515 ) ;
#2467 = DIRECTION ( 'NONE',  ( 0.000000000000000000, 0.000000000000000000, -1.000000000000000000 ) ) ;
#2468 = DIRECTION ( 'NONE',  ( 1.000000000000000000, 0.000000000000000000, -0.000000000000000000 ) ) ;
#2469 = CIRCLE ( 'NONE', #7616, 3.200000000000001510 ) ;
#2470 = VERTEX_POINT ( 'NONE', #4145 ) ;
#2471 = ORIENTED_EDGE ( 'NONE', *, *, #4292, .T. ) ;
#2472 = DIRECTION ( 'NONE',  ( 0.000000000000000000, 0.000000000000000000, 1.000000000000000000 ) ) ;
#2473 = ORIENTED_EDGE ( 'NONE', *, *, #9122, .F. ) ;
#2474 = PLANE ( 'NONE',  #63 ) ;
#2475 = VERTEX_POINT ( 'NONE', #6491 ) ;
#2476 = EDGE_CURVE ( 'NONE', #11732, #6083, #900, .T. ) ;
#2477 = EDGE_CURVE ( 'NONE', #11542, #8636, #6986, .T. ) ;
#2478 = DIRECTION ( 'NONE',  ( -0.000000000000000000, 1.000000000000000000, -1.204669080539449344E-16 ) ) ;
#2479 = VECTOR ( 'NONE', #10160, 1000.000000000000000 ) ;
#2480 = CARTESIAN_POINT ( 'NONE',  ( 30.47342405997529369, 9.475878025618213130, 0.6719222173037175949 ) ) ;
#2481 = VERTEX_POINT ( 'NONE', #9303 ) ;
#2482 = ADVANCED_FACE ( 'NONE', ( #4758 ), #1904, .T. ) ;
#2483 = DIRECTION ( 'NONE',  ( -1.000000000000000000, 0.000000000000000000, 0.000000000000000000 ) ) ;
#2484 = AXIS2_PLACEMENT_3D ( 'NONE', #6630, #8433, #10279 ) ;
#2485 = B_SPLINE_SURFACE_WITH_KNOTS ( 'NONE', 3, 1, ( 
 ( #8142, #4616 ),
 ( #3723, #4553 ),
 ( #10179, #7244 ),
 ( #8266, #2001 ),
 ( #10055, #6343 ) ),
 .UNSPECIFIED., .F., .F., .F.,
 ( 4, 1, 4 ),
 ( 2, 2 ),
 ( 0.1618301273298773102, 0.4359087420549495606, 0.7562947540256650392 ),
 ( 0.000000000000000000, 1.000000000000000000 ),
 .UNSPECIFIED. ) ;
#2486 = CIRCLE ( 'NONE', #8009, 0.2999999999999999334 ) ;
#2487 = VERTEX_POINT ( 'NONE', #11202 ) ;
#2488 = DIRECTION ( 'NONE',  ( 1.000000000000000000, 0.000000000000000000, -0.000000000000000000 ) ) ;
#2489 = VERTEX_POINT ( 'NONE', #4816 ) ;
#2490 = CARTESIAN_POINT ( 'NONE',  ( 10.25895277751865109, -32.79999999999999716, 6.427855892355011314 ) ) ;
#2491 = DIRECTION ( 'NONE',  ( -0.000000000000000000, -0.000000000000000000, 1.000000000000000000 ) ) ;
#2493 = CARTESIAN_POINT ( 'NONE',  ( 18.83372836813864382, 21.80529186681958720, 6.000000000000000000 ) ) ;
#2492 = TOROIDAL_SURFACE ( 'NONE', #3446, 5.000000000000000000, 1.000000000000000000 ) ;
#2494 = ADVANCED_FACE ( 'NONE', ( #8473 ), #6789, .T. ) ;
#2495 = EDGE_CURVE ( 'NONE', #9418, #2307, #9182, .T. ) ;
#2496 = CARTESIAN_POINT ( 'NONE',  ( 26.61078199885682238, -33.79999999999999716, 50.00000000000000000 ) ) ;
#2497 = ORIENTED_EDGE ( 'NONE', *, *, #9342, .T. ) ;
#2498 = EDGE_CURVE ( 'NONE', #7846, #7479, #11489, .T. ) ;
#2499 = AXIS2_PLACEMENT_3D ( 'NONE', #5969, #10627, #3227 ) ;
#2500 = DIRECTION ( 'NONE',  ( 1.000000000000000000, 0.000000000000000000, 0.000000000000000000 ) ) ;
#2501 = CARTESIAN_POINT ( 'NONE',  ( 26.59492103821444076, -33.63076473010222855, 50.00000000000000000 ) ) ;
#2502 = CIRCLE ( 'NONE', #8969, 1.000000000000000888 ) ;
#2503 = FACE_OUTER_BOUND ( 'NONE', #3913, .T. ) ;
#2504 = AXIS2_PLACEMENT_3D ( 'NONE', #11199, #5860, #8565 ) ;
#2505 = CIRCLE ( 'NONE', #7837, 0.9999999999999998890 ) ;
#2506 = DIRECTION ( 'NONE',  ( -1.000000000000000000, 0.000000000000000000, 0.000000000000000000 ) ) ;
#2507 = CARTESIAN_POINT ( 'NONE',  ( -30.74512848119494279, -28.24634548648489130, 21.99414047527504579 ) ) ;
#2508 = CARTESIAN_POINT ( 'NONE',  ( -27.28294234767821536, -18.90955557852278446, 4.000000000000000000 ) ) ;
#2509 = ORIENTED_EDGE ( 'NONE', *, *, #594, .T. ) ;
#2510 = CYLINDRICAL_SURFACE ( 'NONE', #2899, 0.5000000000000004441 ) ;
#2511 = DIRECTION ( 'NONE',  ( -0.000000000000000000, -0.000000000000000000, 1.000000000000000000 ) ) ;
#2512 = AXIS2_PLACEMENT_3D ( 'NONE', #3612, #9827, #7255 ) ;
#2513 = CARTESIAN_POINT ( 'NONE',  ( -9.556001448147453559, -32.51847668630846755, 6.050257921092969227 ) ) ;
#2514 = CARTESIAN_POINT ( 'NONE',  ( -30.63607456325049583, -28.27839078250921290, 21.84917433016367738 ) ) ;
#2515 = ORIENTED_EDGE ( 'NONE', *, *, #3871, .F. ) ;
#2516 = VECTOR ( 'NONE', #6046, 1000.000000000000000 ) ;
#2517 = CARTESIAN_POINT ( 'NONE',  ( -31.37499999999997868, 7.476470224947665777, 4.388610099474774096 ) ) ;
#2518 = CARTESIAN_POINT ( 'NONE',  ( 25.50000000000000355, 31.00000000000000711, 6.000000000000000000 ) ) ;
#2519 = LINE ( 'NONE', #2399, #4067 ) ;
#2520 = CIRCLE ( 'NONE', #10144, 1.484090461570473307 ) ;
#2521 = ORIENTED_EDGE ( 'NONE', *, *, #5544, .F. ) ;
#2522 = CARTESIAN_POINT ( 'NONE',  ( -31.23278123784247384, 6.923460773128189416, 5.287028195726988677 ) ) ;
#2523 = DIRECTION ( 'NONE',  ( -0.000000000000000000, 0.000000000000000000, -1.000000000000000000 ) ) ;
#2524 = DIRECTION ( 'NONE',  ( 0.000000000000000000, 0.000000000000000000, -1.000000000000000000 ) ) ;
#2525 = EDGE_LOOP ( 'NONE', ( #11017, #6919, #5768, #11165 ) ) ;
#2526 = CARTESIAN_POINT ( 'NONE',  ( -34.02666009618300791, -28.50000000000038369, 21.47048206683688676 ) ) ;
#2527 = CARTESIAN_POINT ( 'NONE',  ( 32.99999999999997868, -10.58280654544917887, 13.79367546214335682 ) ) ;
#2528 = VERTEX_POINT ( 'NONE', #11665 ) ;
#2529 = CIRCLE ( 'NONE', #9200, 1.000000000000000888 ) ;
#2530 = CIRCLE ( 'NONE', #10165, 27.84471522829317180 ) ;
#2531 = CARTESIAN_POINT ( 'NONE',  ( -3.684343213379932980, -32.79999999999999716, 6.499999897000385829 ) ) ;
#2532 = ORIENTED_EDGE ( 'NONE', *, *, #11798, .F. ) ;
#2533 = CIRCLE ( 'NONE', #4239, 1.000000000000000888 ) ;
#2534 = DIRECTION ( 'NONE',  ( -1.000000000000000000, 0.000000000000000000, 0.000000000000000000 ) ) ;
#2535 = DIRECTION ( 'NONE',  ( -0.000000000000000000, -0.000000000000000000, 1.000000000000000000 ) ) ;
#2536 = EDGE_LOOP ( 'NONE', ( #6367, #8806, #5222, #3277 ) ) ;
#2537 = AXIS2_PLACEMENT_3D ( 'NONE', #3689, #4641, #1786 ) ;
#2538 = ORIENTED_EDGE ( 'NONE', *, *, #1602, .T. ) ;
#2539 = VECTOR ( 'NONE', #1546, 1000.000000000000000 ) ;
#2540 = CARTESIAN_POINT ( 'NONE',  ( -49.99999999999999289, -37.50000000000000000, -6.123233995736766085E-15 ) ) ;
#2541 = ORIENTED_EDGE ( 'NONE', *, *, #5667, .T. ) ;
#2542 = VECTOR ( 'NONE', #7001, 1000.000000000000000 ) ;
#2543 = DIRECTION ( 'NONE',  ( -1.000000000000000000, 0.000000000000000000, 0.000000000000000000 ) ) ;
#2544 = EDGE_LOOP ( 'NONE', ( #10953, #10038, #6891, #1509, #9011 ) ) ;
#2545 = B_SPLINE_CURVE_WITH_KNOTS ( 'NONE', 3,
 ( #10232, #4611, #11057, #9210, #149, #1929 ),
 .UNSPECIFIED., .F., .F.,
 ( 4, 2, 4 ),
 ( 0.000000000000000000, 0.0005870619938867579915, 0.001174123987773515983 ),
 .UNSPECIFIED. ) ;
#2546 = CARTESIAN_POINT ( 'NONE',  ( -19.47727212919840056, -32.54618524664194723, 5.851437385260511270 ) ) ;
#2547 = FACE_OUTER_BOUND ( 'NONE', #937, .T. ) ;
#2548 = LINE ( 'NONE', #10597, #2516 ) ;
#2549 = ORIENTED_EDGE ( 'NONE', *, *, #8487, .F. ) ;
#2550 = AXIS2_PLACEMENT_3D ( 'NONE', #7208, #11748, #8344 ) ;
#2551 = CIRCLE ( 'NONE', #4258, 0.5000000000000004441 ) ;
#2552 = DIRECTION ( 'NONE',  ( -1.000000000000000000, -1.200108019483769278E-15, 0.000000000000000000 ) ) ;
#2553 = CIRCLE ( 'NONE', #4646, 27.84471522829317536 ) ;
#2554 = ADVANCED_FACE ( 'NONE', ( #7137 ), #6606, .T. ) ;
#2555 = ADVANCED_FACE ( 'NONE', ( #7064 ), #3312, .F. ) ;
#2556 = EDGE_LOOP ( 'NONE', ( #9505, #9367, #4901 ) ) ;
#2557 = CARTESIAN_POINT ( 'NONE',  ( 31.49999999999997868, -15.11415481290157814, 15.25434296220034902 ) ) ;
#2558 = ORIENTED_EDGE ( 'NONE', *, *, #4693, .F. ) ;
#2559 = DIRECTION ( 'NONE',  ( -1.000000000000000000, 0.000000000000000000, 0.000000000000000000 ) ) ;
#2560 = PLANE ( 'NONE',  #6718 ) ;
#2561 = AXIS2_PLACEMENT_3D ( 'NONE', #3289, #5125, #676 ) ;
#2562 = CARTESIAN_POINT ( 'NONE',  ( -31.37549534340121937, 5.514278421279737330, 5.971778233132904568 ) ) ;
#2563 = DIRECTION ( 'NONE',  ( 0.000000000000000000, 0.000000000000000000, -1.000000000000000000 ) ) ;
#2564 = ORIENTED_EDGE ( 'NONE', *, *, #2060, .F. ) ;
#2565 = CARTESIAN_POINT ( 'NONE',  ( 21.86605083265882854, -18.03603898744441381, 5.700000000000000178 ) ) ;
#2566 = DIRECTION ( 'NONE',  ( 1.000000000000000000, 0.000000000000000000, 0.000000000000000000 ) ) ;
#2567 = CARTESIAN_POINT ( 'NONE',  ( -19.67937319653868045, 26.56527095544834083, 5.700000000000000178 ) ) ;
#2568 = AXIS2_PLACEMENT_3D ( 'NONE', #90, #6447, #2589 ) ;
#2569 = EDGE_CURVE ( 'NONE', #7136, #3773, #4125, .T. ) ;
#2570 = DIRECTION ( 'NONE',  ( -0.000000000000000000, -0.000000000000000000, 1.000000000000000000 ) ) ;
#2571 = ADVANCED_FACE ( 'NONE', ( #747 ), #10798, .T. ) ;
#2572 = EDGE_CURVE ( 'NONE', #4645, #8090, #7191, .T. ) ;
#2573 = CARTESIAN_POINT ( 'NONE',  ( 30.65000366322149361, 7.080364228166569518, 5.736906155166142440 ) ) ;
#2574 = LINE ( 'NONE', #10800, #7308 ) ;
#2575 = ORIENTED_EDGE ( 'NONE', *, *, #6622, .F. ) ;
#2576 = LINE ( 'NONE', #1909, #3258 ) ;
#2577 = CARTESIAN_POINT ( 'NONE',  ( 17.82432617406004738, -23.71144853936000629, 4.000000000000000000 ) ) ;
#2578 = CYLINDRICAL_SURFACE ( 'NONE', #10904, 2.600000000000001421 ) ;
#2579 = CARTESIAN_POINT ( 'NONE',  ( -30.73058278887960171, -28.49798042876837556, 22.09780188721187244 ) ) ;
#2580 = ORIENTED_EDGE ( 'NONE', *, *, #9806, .T. ) ;
#2581 = CIRCLE ( 'NONE', #5615, 27.84471522829317180 ) ;
#2582 = LINE ( 'NONE', #5539, #8744 ) ;
#2583 = DIRECTION ( 'NONE',  ( 1.000000000000000000, 0.000000000000000000, 0.000000000000000000 ) ) ;
#2584 = EDGE_CURVE ( 'NONE', #1814, #2788, #2600, .T. ) ;
#2585 = ORIENTED_EDGE ( 'NONE', *, *, #6220, .T. ) ;
#2586 = CARTESIAN_POINT ( 'NONE',  ( -30.22711186990021659, -36.82023354424183026, 0.03714735062225541645 ) ) ;
#2587 = VECTOR ( 'NONE', #4560, 1000.000000000000000 ) ;
#2588 = EDGE_CURVE ( 'NONE', #6589, #6294, #4344, .T. ) ;
#2589 = DIRECTION ( 'NONE',  ( -1.000000000000000000, 0.000000000000000000, 0.000000000000000000 ) ) ;
#2590 = FACE_OUTER_BOUND ( 'NONE', #8243, .T. ) ;
#2591 = VERTEX_POINT ( 'NONE', #7006 ) ;
#2592 = CARTESIAN_POINT ( 'NONE',  ( -27.54775779477855480, -37.50000000000000000, 50.00000000000000000 ) ) ;
#2593 = CARTESIAN_POINT ( 'NONE',  ( 32.99999999999997868, -11.01986028694750885, 12.89424006866458505 ) ) ;
#2594 = EDGE_LOOP ( 'NONE', ( #277, #10879, #1272, #5905 ) ) ;
#2595 = ORIENTED_EDGE ( 'NONE', *, *, #3352, .F. ) ;
#2596 = CARTESIAN_POINT ( 'NONE',  ( -40.99999999999998579, -37.50000000000000000, 40.50000000000000000 ) ) ;
#2597 = CARTESIAN_POINT ( 'NONE',  ( 25.00000000000001421, -37.00000000000000000, 49.50000000000000000 ) ) ;
#2598 = ORIENTED_EDGE ( 'NONE', *, *, #6033, .F. ) ;
#2599 = ORIENTED_EDGE ( 'NONE', *, *, #10140, .T. ) ;
#2600 = LINE ( 'NONE', #2540, #520 ) ;
#2601 = VERTEX_POINT ( 'NONE', #2419 ) ;
#2602 = DIRECTION ( 'NONE',  ( 1.000000000000000000, -0.000000000000000000, -0.000000000000000000 ) ) ;
#2603 = CARTESIAN_POINT ( 'NONE',  ( 41.00000000000000711, 6.000000000000012434, 14.00000000000000178 ) ) ;
#2604 = ORIENTED_EDGE ( 'NONE', *, *, #6205, .T. ) ;
#2605 = CARTESIAN_POINT ( 'NONE',  ( -19.96629138838774509, -32.53253043250172283, 6.057360645716451053 ) ) ;
#2606 = FACE_OUTER_BOUND ( 'NONE', #4520, .T. ) ;
#2607 = B_SPLINE_CURVE_WITH_KNOTS ( 'NONE', 3,
 ( #6727, #4102, #7743, #10542, #2374, #1293 ),
 .UNSPECIFIED., .F., .F.,
 ( 4, 2, 4 ),
 ( 0.000000000000000000, 0.001585293686480587858, 0.003170587372961175716 ),
 .UNSPECIFIED. ) ;
#2608 = CARTESIAN_POINT ( 'NONE',  ( -19.27827524891841904, 24.99944416376302314, 6.000000000000000888 ) ) ;
#2609 = VERTEX_POINT ( 'NONE', #8911 ) ;
#2610 = CARTESIAN_POINT ( 'NONE',  ( -9.130123557772823641E-17, -36.50000000000000000, 16.50000000000000000 ) ) ;
#2611 = VERTEX_POINT ( 'NONE', #10644 ) ;
#2612 = DIRECTION ( 'NONE',  ( 0.000000000000000000, 0.000000000000000000, 1.000000000000000000 ) ) ;
#2613 = ORIENTED_EDGE ( 'NONE', *, *, #9192, .T. ) ;
#2614 = CIRCLE ( 'NONE', #139, 1.000000000000000888 ) ;
#2615 = ADVANCED_FACE ( 'NONE', ( #1695 ), #5270, .F. ) ;
#2616 = DIRECTION ( 'NONE',  ( -1.000000000000000000, 0.000000000000000000, 0.000000000000000000 ) ) ;
#2617 = LINE ( 'NONE', #3516, #3099 ) ;
#2618 = DIRECTION ( 'NONE',  ( -1.000000000000000000, 0.000000000000000000, 0.000000000000000000 ) ) ;
#2619 = EDGE_CURVE ( 'NONE', #2737, #8963, #2440, .T. ) ;
#2620 = LINE ( 'NONE', #10607, #6506 ) ;
#2621 = VERTEX_POINT ( 'NONE', #6098 ) ;
#2622 = LINE ( 'NONE', #10792, #8431 ) ;
#2623 = DIRECTION ( 'NONE',  ( -0.000000000000000000, 0.000000000000000000, 1.000000000000000000 ) ) ;
#2624 = DIRECTION ( 'NONE',  ( 0.000000000000000000, 0.000000000000000000, -1.000000000000000000 ) ) ;
#2625 = CARTESIAN_POINT ( 'NONE',  ( -26.28294234767779969, -11.88379308764559106, 4.000000000000000000 ) ) ;
#2626 = DIRECTION ( 'NONE',  ( -1.000000000000000000, 3.469446951953622866E-15, 0.000000000000000000 ) ) ;
#2627 = DIRECTION ( 'NONE',  ( -1.000000000000000000, 0.000000000000000000, 0.000000000000000000 ) ) ;
#2628 = ORIENTED_EDGE ( 'NONE', *, *, #2414, .T. ) ;
#2629 = CARTESIAN_POINT ( 'NONE',  ( -18.94537726320445259, 25.07199709187302972, 6.000000000002804867 ) ) ;
#2630 = CARTESIAN_POINT ( 'NONE',  ( -30.43122076213480298, 5.040654228552606142, 5.999999999999999112 ) ) ;
#2631 = ADVANCED_FACE ( 'NONE', ( #8092 ), #10079, .T. ) ;
#2632 = DIRECTION ( 'NONE',  ( 1.000000000000000000, 0.000000000000000000, 0.000000000000000000 ) ) ;
#2633 = EDGE_CURVE ( 'NONE', #1733, #8510, #4383, .T. ) ;
#2634 = CARTESIAN_POINT ( 'NONE',  ( -30.54979342140361354, -28.56867978610766912, 22.28909803235630349 ) ) ;
#2635 = ORIENTED_EDGE ( 'NONE', *, *, #4024, .T. ) ;
#2636 = ADVANCED_FACE ( 'NONE', ( #1643 ), #575, .F. ) ;
#2637 = CARTESIAN_POINT ( 'NONE',  ( 30.49999999999997868, 2.842378399668206157, 6.401590689429753844 ) ) ;
#2638 = ADVANCED_FACE ( 'NONE', ( #872 ), #7406, .T. ) ;
#2639 = LINE ( 'NONE', #1985, #9147 ) ;
#2640 = EDGE_LOOP ( 'NONE', ( #11781, #1810 ) ) ;
#2641 = DIRECTION ( 'NONE',  ( 0.000000000000000000, 0.000000000000000000, -1.000000000000000000 ) ) ;
#2642 = DIRECTION ( 'NONE',  ( -1.000000000000000000, 4.625929269271486900E-15, 0.000000000000000000 ) ) ;
#2643 = CARTESIAN_POINT ( 'NONE',  ( 31.43964162723767686, 5.510451158528825388, 5.973701981824364182 ) ) ;
#2644 = VERTEX_POINT ( 'NONE', #3732 ) ;
#2645 = CARTESIAN_POINT ( 'NONE',  ( -19.29508843714771515, -32.55872636749531779, 6.000000000000000000 ) ) ;
#2646 = CARTESIAN_POINT ( 'NONE',  ( -29.99999999999997868, 26.00000000000000355, 0.5000000000000004441 ) ) ;
#2647 = ORIENTED_EDGE ( 'NONE', *, *, #4359, .F. ) ;
#2648 = AXIS2_PLACEMENT_3D ( 'NONE', #537, #595, #8707 ) ;
#2649 = EDGE_CURVE ( 'NONE', #11501, #10275, #7789, .T. ) ;
#2650 = EDGE_CURVE ( 'NONE', #6536, #10365, #42, .T. ) ;
#2651 = ORIENTED_EDGE ( 'NONE', *, *, #8623, .F. ) ;
#2652 = ADVANCED_FACE ( 'NONE', ( #4507 ), #7372, .T. ) ;
#2653 = CARTESIAN_POINT ( 'NONE',  ( -30.11405931505228040, 7.347339963451104516, 6.000000000000000000 ) ) ;
#2654 = FACE_OUTER_BOUND ( 'NONE', #9079, .T. ) ;
#2655 = VERTEX_POINT ( 'NONE', #8147 ) ;
#2656 = AXIS2_PLACEMENT_3D ( 'NONE', #8183, #6257, #8068 ) ;
#2657 = VERTEX_POINT ( 'NONE', #3555 ) ;
#2658 = DIRECTION ( 'NONE',  ( 1.000000000000000000, 0.000000000000000000, 0.000000000000000000 ) ) ;
#2659 = CARTESIAN_POINT ( 'NONE',  ( -19.00000000000000000, -36.50000000000000000, 17.00000000000000355 ) ) ;
#2660 = ORIENTED_EDGE ( 'NONE', *, *, #9921, .F. ) ;
#2661 = FACE_OUTER_BOUND ( 'NONE', #10905, .T. ) ;
#2662 = CARTESIAN_POINT ( 'NONE',  ( 30.00000000000001776, -37.49999999999999289, 1.000000000000000000 ) ) ;
#2663 = VERTEX_POINT ( 'NONE', #6408 ) ;
#2664 = CARTESIAN_POINT ( 'NONE',  ( -30.49999999999997868, 2.139175515927373095, 6.500000000000000888 ) ) ;
#2665 = DIRECTION ( 'NONE',  ( 0.000000000000000000, 1.000000000000000000, -0.000000000000000000 ) ) ;
#2666 = ORIENTED_EDGE ( 'NONE', *, *, #1117, .T. ) ;
#2667 = AXIS2_PLACEMENT_3D ( 'NONE', #3753, #7392, #10701 ) ;
#2668 = CARTESIAN_POINT ( 'NONE',  ( -26.61078199885682949, -33.79999999999999716, 50.00000000000000000 ) ) ;
#2669 = ORIENTED_EDGE ( 'NONE', *, *, #869, .T. ) ;
#2670 = VECTOR ( 'NONE', #1809, 1000.000000000000000 ) ;
#2671 = FACE_OUTER_BOUND ( 'NONE', #1167, .T. ) ;
#2672 = ORIENTED_EDGE ( 'NONE', *, *, #5452, .T. ) ;
#2673 = FACE_OUTER_BOUND ( 'NONE', #3826, .T. ) ;
#2674 = CYLINDRICAL_SURFACE ( 'NONE', #11310, 2.600000000000001421 ) ;
#2675 = CARTESIAN_POINT ( 'NONE',  ( 30.50000000000000355, 8.711243636282057778, 1.257392412218043765 ) ) ;
#2676 = EDGE_LOOP ( 'NONE', ( #2758, #3733, #8381, #8286 ) ) ;
#2677 = AXIS2_PLACEMENT_3D ( 'NONE', #3045, #4939, #4122 ) ;
#2678 = DIRECTION ( 'NONE',  ( -1.000000000000000000, 0.000000000000000000, 0.000000000000000000 ) ) ;
#2679 = CARTESIAN_POINT ( 'NONE',  ( 3.244874193390045569, -32.79999999999999716, 6.112106956666302437 ) ) ;
#2680 =( BOUNDED_SURFACE ( )  B_SPLINE_SURFACE ( 3, 2, ( 
 ( #1794, #7097, #9003 ),
 ( #8117, #2806, #10737 ),
 ( #1899, #7992, #3697 ),
 ( #898, #3576, #7212 ) ),
 .UNSPECIFIED., .F., .F., .F. ) 
 B_SPLINE_SURFACE_WITH_KNOTS ( ( 4, 4 ),
 ( 3, 3 ),
 ( 0.000000000000000000, 0.0005851951127354372475 ),
 ( 0.000000000000000000, 1.000000000000000000 ),
 .UNSPECIFIED. ) 
 GEOMETRIC_REPRESENTATION_ITEM ( )  RATIONAL_B_SPLINE_SURFACE ( (
 ( 1.000000000000000000, 0.7071067811865475727, 1.000000000000000000),
 ( 1.000000000000000000, 0.7507394417948325405, 1.000000000000000000),
 ( 1.000000000000000000, 0.7962657445904778308, 1.000000000000000000),
 ( 1.000000000000000000, 0.8325198195732353978, 1.000000000000000000) ) ) 
 REPRESENTATION_ITEM ( '' )  SURFACE ( )  );
#2681 = AXIS2_PLACEMENT_3D ( 'NONE', #6009, #9662, #9785 ) ;
#2682 = CARTESIAN_POINT ( 'NONE',  ( 30.77420235146070837, -28.49999999999999645, 22.58147121540472568 ) ) ;
#2683 = CARTESIAN_POINT ( 'NONE',  ( 19.18495017097079014, 25.91927170678971848, 4.000000000000000000 ) ) ;
#2684 = AXIS2_PLACEMENT_3D ( 'NONE', #3708, #8415, #11164 ) ;
#2685 = CARTESIAN_POINT ( 'NONE',  ( 4.728964654960518210, -30.97010467188755456, 6.000000000000000000 ) ) ;
#2686 = CARTESIAN_POINT ( 'NONE',  ( 45.00000000000000711, -29.50000000000000000, 49.00000000000000000 ) ) ;
#2687 = ORIENTED_EDGE ( 'NONE', *, *, #5103, .T. ) ;
#2688 = DIRECTION ( 'NONE',  ( 0.1250000000000000278, -0.9921567416492215186, 0.000000000000000000 ) ) ;
#2689 = CARTESIAN_POINT ( 'NONE',  ( -31.34020609793267198, 5.332718320231355946, 6.046820243459061217 ) ) ;
#2690 = AXIS2_PLACEMENT_3D ( 'NONE', #7766, #11403, #6075 ) ;
#2691 = CARTESIAN_POINT ( 'NONE',  ( 21.82807647900999726, -18.53459485037749843, 5.700000000000000178 ) ) ;
#2692 = DIRECTION ( 'NONE',  ( 1.973877827711729513E-16, -0.000000000000000000, 1.000000000000000000 ) ) ;
#2693 = ORIENTED_EDGE ( 'NONE', *, *, #3854, .T. ) ;
#2694 = AXIS2_PLACEMENT_3D ( 'NONE', #470, #8048, #2559 ) ;
#2695 = AXIS2_PLACEMENT_3D ( 'NONE', #6551, #5642, #9300 ) ;
#2696 = CARTESIAN_POINT ( 'NONE',  ( 49.00000000000000711, -29.49999999999999645, 10.50000000000000533 ) ) ;
#2697 = CIRCLE ( 'NONE', #8404, 27.00000000000000000 ) ;
#2698 = EDGE_CURVE ( 'NONE', #4568, #1953, #10890, .T. ) ;
#2699 = ORIENTED_EDGE ( 'NONE', *, *, #8042, .T. ) ;
#2700 = EDGE_CURVE ( 'NONE', #9237, #1283, #10889, .T. ) ;
#2701 = DIRECTION ( 'NONE',  ( 0.000000000000000000, 0.000000000000000000, -1.000000000000000000 ) ) ;
#2702 = CIRCLE ( 'NONE', #10700, 2.600000000000001421 ) ;
#2703 = CARTESIAN_POINT ( 'NONE',  ( 18.90955557852439384, 26.78294234767708915, 5.700000000000000178 ) ) ;
#2704 = CARTESIAN_POINT ( 'NONE',  ( 0.000000000000000000, 0.000000000000000000, 5.700000000000000178 ) ) ;
#2705 = ORIENTED_EDGE ( 'NONE', *, *, #6366, .F. ) ;
#2706 = DIRECTION ( 'NONE',  ( 0.000000000000000000, 0.000000000000000000, -1.000000000000000000 ) ) ;
#2707 = CIRCLE ( 'NONE', #5355, 1.000000000000000888 ) ;
#2708 = VECTOR ( 'NONE', #2100, 999.9999999999998863 ) ;
#2709 = CARTESIAN_POINT ( 'NONE',  ( 31.50000000000000711, 8.468626966596886518, 4.388610099474774984 ) ) ;
#2710 = VERTEX_POINT ( 'NONE', #10188 ) ;
#2711 = ORIENTED_EDGE ( 'NONE', *, *, #10578, .F. ) ;
#2712 = CYLINDRICAL_SURFACE ( 'NONE', #10294, 2.600000000000001421 ) ;
#2713 = DIRECTION ( 'NONE',  ( -1.000000000000000000, 0.000000000000000000, 0.000000000000000000 ) ) ;
#2714 = AXIS2_PLACEMENT_3D ( 'NONE', #5075, #8788, #1400 ) ;
#2715 = ORIENTED_EDGE ( 'NONE', *, *, #8335, .F. ) ;
#2716 = B_SPLINE_CURVE_WITH_KNOTS ( 'NONE', 3,
 ( #3262, #8877, #10662, #471, #10547, #5165 ),
 .UNSPECIFIED., .F., .F.,
 ( 4, 2, 4 ),
 ( 0.000000000000000000, 0.0002118708841745288289, 0.0004237417683490576578 ),
 .UNSPECIFIED. ) ;
#2717 = ORIENTED_EDGE ( 'NONE', *, *, #2260, .T. ) ;
#2718 = CARTESIAN_POINT ( 'NONE',  ( 49.00000000000000711, -28.49999999999999645, 0.000000000000000000 ) ) ;
#2719 = CARTESIAN_POINT ( 'NONE',  ( -25.84336584482044330, -32.44631460153063784, 6.000000000000000000 ) ) ;
#2720 = ORIENTED_EDGE ( 'NONE', *, *, #4228, .F. ) ;
#2721 = EDGE_CURVE ( 'NONE', #10930, #9872, #940, .T. ) ;
#2722 = ADVANCED_FACE ( 'NONE', ( #989 ), #10008, .T. ) ;
#2723 = FACE_BOUND ( 'NONE', #5931, .T. ) ;
#2724 = AXIS2_PLACEMENT_3D ( 'NONE', #9272, #2886, #6520 ) ;
#2725 = EDGE_CURVE ( 'NONE', #1075, #9932, #6280, .T. ) ;
#2726 = ORIENTED_EDGE ( 'NONE', *, *, #225, .F. ) ;
#2727 = CARTESIAN_POINT ( 'NONE',  ( -21.48033429508655345, -17.71788375388184278, 4.000000000000000000 ) ) ;
#2728 = CARTESIAN_POINT ( 'NONE',  ( -30.49999999999997868, 2.842378399667861100, 6.401590689429983883 ) ) ;
#2729 = CIRCLE ( 'NONE', #3484, 0.1999999999999987899 ) ;
#2730 = CARTESIAN_POINT ( 'NONE',  ( -10.88379308764716313, 26.28294234767709270, 4.000000000000000000 ) ) ;
#2731 = ORIENTED_EDGE ( 'NONE', *, *, #8189, .F. ) ;
#2732 = DIRECTION ( 'NONE',  ( 0.000000000000000000, 0.000000000000000000, -1.000000000000000000 ) ) ;
#2733 = AXIS2_PLACEMENT_3D ( 'NONE', #6833, #4219, #6057 ) ;
#2734 = AXIS2_PLACEMENT_3D ( 'NONE', #11518, #10441, #5883 ) ;
#2735 = ORIENTED_EDGE ( 'NONE', *, *, #2058, .F. ) ;
#2736 = CIRCLE ( 'NONE', #9399, 1.000000000000000888 ) ;
#2737 = VERTEX_POINT ( 'NONE', #5443 ) ;
#2738 = EDGE_CURVE ( 'NONE', #11081, #8124, #10061, .T. ) ;
#2739 = DIRECTION ( 'NONE',  ( 0.000000000000000000, -0.7023112407912589505, 0.7118700169681557721 ) ) ;
#2740 = ORIENTED_EDGE ( 'NONE', *, *, #5910, .F. ) ;
#2741 = DIRECTION ( 'NONE',  ( 0.000000000000000000, -1.000000000000000000, 1.204669080539449344E-16 ) ) ;
#2742 = VECTOR ( 'NONE', #4404, 1000.000000000000000 ) ;
#2743 = CARTESIAN_POINT ( 'NONE',  ( -31.49999999999997513, -28.50000000000000355, 22.50000000000000000 ) ) ;
#2744 = CARTESIAN_POINT ( 'NONE',  ( 34.49999999999997868, -28.49999999999999645, 21.14523135337576321 ) ) ;
#2745 = CIRCLE ( 'NONE', #2359, 1.000000000000000888 ) ;
#2746 = DIRECTION ( 'NONE',  ( 0.000000000000000000, 0.000000000000000000, 1.000000000000000000 ) ) ;
#2747 = ORIENTED_EDGE ( 'NONE', *, *, #6051, .F. ) ;
#2748 = AXIS2_PLACEMENT_3D ( 'NONE', #10004, #7368, #11002 ) ;
#2749 = DIRECTION ( 'NONE',  ( -1.000000000000000000, -0.000000000000000000, -1.517883041479704827E-15 ) ) ;
#2750 = CARTESIAN_POINT ( 'NONE',  ( 41.00000000000001421, -28.69999999999999574, 40.50000000000000000 ) ) ;
#2751 = CARTESIAN_POINT ( 'NONE',  ( 31.50000000000000711, 5.456199394431109795, 6.000000000000003553 ) ) ;
#2752 = AXIS2_PLACEMENT_3D ( 'NONE', #4077, #1398, #10404 ) ;
#2753 = CIRCLE ( 'NONE', #8808, 1.000000000000000888 ) ;
#2754 = CARTESIAN_POINT ( 'NONE',  ( -11.88379308764716136, 26.28294234767709270, 4.000000000000000000 ) ) ;
#2755 = TOROIDAL_SURFACE ( 'NONE', #10947, 1.800000000000000044, 0.2999999999999999889 ) ;
#2756 = DIRECTION ( 'NONE',  ( 0.000000000000000000, 0.000000000000000000, -1.000000000000000000 ) ) ;
#2757 = DIRECTION ( 'NONE',  ( 5.064886061246151462E-17, 1.000000000000000000, 0.000000000000000000 ) ) ;
#2758 = ORIENTED_EDGE ( 'NONE', *, *, #5103, .F. ) ;
#2759 = CARTESIAN_POINT ( 'NONE',  ( -31.43964162755822045, 5.510451267004431664, 5.973702204978786234 ) ) ;
#2760 = DIRECTION ( 'NONE',  ( 0.000000000000000000, -0.4370537414983364233, -0.8994353934787675531 ) ) ;
#2761 = LINE ( 'NONE', #6615, #1932 ) ;
#2762 = EDGE_LOOP ( 'NONE', ( #5097, #10247, #2575, #11591 ) ) ;
#2763 = B_SPLINE_SURFACE_WITH_KNOTS ( 'NONE', 3, 1, ( 
 ( #7744, #7018 ),
 ( #10481, #3325 ),
 ( #3257, #6899 ),
 ( #524, #6000 ),
 ( #8748, #1594 ) ),
 .UNSPECIFIED., .F., .F., .F.,
 ( 4, 1, 4 ),
 ( 2, 2 ),
 ( 0.1618301273298784482, 0.4359087420549495606, 0.7562947540256667045 ),
 ( 0.000000000000000000, 1.000000000000000000 ),
 .UNSPECIFIED. ) ;
#2764 = DIRECTION ( 'NONE',  ( -0.000000000000000000, -0.000000000000000000, 1.000000000000000000 ) ) ;
#2765 = CARTESIAN_POINT ( 'NONE',  ( 31.05352412574534426, 5.248101709330247111, 6.000000000000000888 ) ) ;
#2766 = AXIS2_PLACEMENT_3D ( 'NONE', #8532, #142, #3771 ) ;
#2767 = DIRECTION ( 'NONE',  ( 1.000000000000000000, 0.000000000000000000, 0.000000000000000000 ) ) ;
#2768 = ORIENTED_EDGE ( 'NONE', *, *, #1885, .T. ) ;
#2769 = DIRECTION ( 'NONE',  ( -1.000000000000000000, 0.000000000000000000, 0.000000000000000000 ) ) ;
#2770 = CYLINDRICAL_SURFACE ( 'NONE', #7336, 0.9999999999999993339 ) ;
#2771 = CARTESIAN_POINT ( 'NONE',  ( 31.49999999999999289, 5.559677934766192209, 5.949717696739384110 ) ) ;
#2772 = ORIENTED_EDGE ( 'NONE', *, *, #9620, .T. ) ;
#2773 = CARTESIAN_POINT ( 'NONE',  ( 23.41345816804108892, -18.99648855928573710, 6.000000000000000888 ) ) ;
#2774 = AXIS2_PLACEMENT_3D ( 'NONE', #7281, #7345, #10036 ) ;
#2775 = ADVANCED_FACE ( 'NONE', ( #10118 ), #928, .F. ) ;
#2776 = CARTESIAN_POINT ( 'NONE',  ( 33.91636408810794734, -28.58363591189115382, 1.034411514665319443 ) ) ;
#2777 = EDGE_LOOP ( 'NONE', ( #6284, #8204, #7613, #4442 ) ) ;
#2778 = ADVANCED_FACE ( 'NONE', ( #4622 ), #11065, .T. ) ;
#2779 = EDGE_CURVE ( 'NONE', #1883, #5168, #5209, .T. ) ;
#2780 = ORIENTED_EDGE ( 'NONE', *, *, #7090, .F. ) ;
#2781 = DIRECTION ( 'NONE',  ( 0.000000000000000000, 0.000000000000000000, -1.000000000000000000 ) ) ;
#2782 = LINE ( 'NONE', #35, #1792 ) ;
#2783 = VECTOR ( 'NONE', #6756, 1000.000000000000000 ) ;
#2784 = ORIENTED_EDGE ( 'NONE', *, *, #1471, .T. ) ;
#2785 = EDGE_LOOP ( 'NONE', ( #619, #9773, #3679, #3374, #2118 ) ) ;
#2786 = CARTESIAN_POINT ( 'NONE',  ( -26.56527095544954165, 19.67937319653712791, 6.000000000000000000 ) ) ;
#2787 = CARTESIAN_POINT ( 'NONE',  ( 41.00000000000000711, -37.29999999999999005, 14.00000000000000178 ) ) ;
#2788 = VERTEX_POINT ( 'NONE', #9940 ) ;
#2789 = CARTESIAN_POINT ( 'NONE',  ( 26.34065101359201222, -36.99999999999999289, 49.50000000000000000 ) ) ;
#2790 = CARTESIAN_POINT ( 'NONE',  ( 33.13092328825499777, -28.21852687074254362, 22.36322654727048587 ) ) ;
#2791 = CARTESIAN_POINT ( 'NONE',  ( -19.32876848315740403, -26.86336609736876824, 6.000000000000000000 ) ) ;
#2792 = VERTEX_POINT ( 'NONE', #1761 ) ;
#2793 = DIRECTION ( 'NONE',  ( -1.000000000000000000, 0.000000000000000000, 0.000000000000000000 ) ) ;
#2794 = EDGE_CURVE ( 'NONE', #9693, #1733, #8952, .T. ) ;
#2795 = EDGE_CURVE ( 'NONE', #1133, #6187, #6263, .T. ) ;
#2796 = ORIENTED_EDGE ( 'NONE', *, *, #8916, .F. ) ;
#2797 = DIRECTION ( 'NONE',  ( 0.000000000000000000, 0.000000000000000000, 1.000000000000000000 ) ) ;
#2798 = VERTEX_POINT ( 'NONE', #9564 ) ;
#2799 = CYLINDRICAL_SURFACE ( 'NONE', #590, 0.5000000000000004441 ) ;
#2800 = CARTESIAN_POINT ( 'NONE',  ( 19.29508843714771871, -31.55872636749531424, 6.000000000000000000 ) ) ;
#2801 = CARTESIAN_POINT ( 'NONE',  ( -30.41802748628133202, -28.58191131221933290, 21.61153520173787612 ) ) ;
#2802 = DIRECTION ( 'NONE',  ( -1.000000000000000000, 0.000000000000000000, 0.000000000000000000 ) ) ;
#2803 = VERTEX_POINT ( 'NONE', #8504 ) ;
#2804 = CARTESIAN_POINT ( 'NONE',  ( 27.00000000000000000, 0.000000000000000000, 3.000000000000000000 ) ) ;
#2805 = EDGE_CURVE ( 'NONE', #1450, #5638, #2614, .T. ) ;
#2806 = CARTESIAN_POINT ( 'NONE',  ( -9.393840051394956703, -32.17919901166911956, 5.965036988403129570 ) ) ;
#2807 = CARTESIAN_POINT ( 'NONE',  ( 29.99999999999997868, -28.29278383102050753, 6.500000000000000888 ) ) ;
#2808 = CARTESIAN_POINT ( 'NONE',  ( 24.74873734153059601, -24.74873734152912519, 5.799999999999999822 ) ) ;
#2809 = DIRECTION ( 'NONE',  ( 0.000000000000000000, 0.000000000000000000, -1.000000000000000000 ) ) ;
#2810 = CARTESIAN_POINT ( 'NONE',  ( 31.50000000000000711, 26.55777981578825475, -3.141873595700660715 ) ) ;
#2811 = ORIENTED_EDGE ( 'NONE', *, *, #7647, .T. ) ;
#2812 = CARTESIAN_POINT ( 'NONE',  ( 41.00000000000000711, -37.29999999999999005, 14.00000000000000178 ) ) ;
#2813 = CARTESIAN_POINT ( 'NONE',  ( -31.23249750584752960, 5.370801499197159323, 6.004669867920116921 ) ) ;
#2814 = FACE_OUTER_BOUND ( 'NONE', #4153, .T. ) ;
#2815 = EDGE_LOOP ( 'NONE', ( #10744, #5218, #6785, #5715 ) ) ;
#2816 = CARTESIAN_POINT ( 'NONE',  ( -3.244874193390045125, -29.48601421031708014, 4.000000000000000000 ) ) ;
#2817 = FACE_OUTER_BOUND ( 'NONE', #450, .T. ) ;
#2818 = DIRECTION ( 'NONE',  ( -1.000000000000000000, 0.000000000000000000, 0.000000000000000000 ) ) ;
#2819 = ORIENTED_EDGE ( 'NONE', *, *, #1888, .T. ) ;
#2820 = CARTESIAN_POINT ( 'NONE',  ( -30.49999999999998224, -37.31617898693570368, 0.4136634734427441229 ) ) ;
#2821 = CARTESIAN_POINT ( 'NONE',  ( 18.53459485037879517, 21.82807647900890302, 5.700000000000000178 ) ) ;
#2822 = FACE_OUTER_BOUND ( 'NONE', #1590, .T. ) ;
#2823 = ORIENTED_EDGE ( 'NONE', *, *, #9547, .F. ) ;
#2824 = CYLINDRICAL_SURFACE ( 'NONE', #5153, 1.000000000000000888 ) ;
#2825 = CARTESIAN_POINT ( 'NONE',  ( -49.99999999999999289, -28.49999999999999645, 50.00000000000000000 ) ) ;
#2826 = ORIENTED_EDGE ( 'NONE', *, *, #4449, .T. ) ;
#2827 = CARTESIAN_POINT ( 'NONE',  ( -30.17305380274105175, 7.157045199761372878, 6.000000000000000000 ) ) ;
#2828 = FACE_OUTER_BOUND ( 'NONE', #7958, .T. ) ;
#2829 = ORIENTED_EDGE ( 'NONE', *, *, #8384, .T. ) ;
#2830 = VERTEX_POINT ( 'NONE', #3960 ) ;
#2831 = VECTOR ( 'NONE', #8976, 1000.000000000000000 ) ;
#2832 = DIRECTION ( 'NONE',  ( -0.000000000000000000, -0.000000000000000000, 1.000000000000000000 ) ) ;
#2833 = DIRECTION ( 'NONE',  ( -1.000000000000000000, 0.000000000000000000, 0.000000000000000000 ) ) ;
#2834 = ORIENTED_EDGE ( 'NONE', *, *, #5753, .F. ) ;
#2835 = CARTESIAN_POINT ( 'NONE',  ( -34.49999999999997868, -28.49999999999999645, 21.14523135337576321 ) ) ;
#2836 = AXIS2_PLACEMENT_3D ( 'NONE', #3700, #9252, #2295 ) ;
#2837 = CARTESIAN_POINT ( 'NONE',  ( 33.30257218915036077, -28.49999999999999645, 22.46157352307107047 ) ) ;
#2838 = CARTESIAN_POINT ( 'NONE',  ( -19.11439974873842118, -24.36428618514007383, 6.000000000000000000 ) ) ;
#2839 = ORIENTED_EDGE ( 'NONE', *, *, #11521, .T. ) ;
#2840 = LINE ( 'NONE', #4741, #8265 ) ;
#2841 = VECTOR ( 'NONE', #10668, 1000.000000000000000 ) ;
#2842 = EDGE_CURVE ( 'NONE', #8862, #5989, #8436, .T. ) ;
#2843 = EDGE_LOOP ( 'NONE', ( #4208, #4895, #1255, #8957, #9886, #5919 ) ) ;
#2844 = ORIENTED_EDGE ( 'NONE', *, *, #11515, .T. ) ;
#2845 = EDGE_CURVE ( 'NONE', #8139, #7885, #5016, .T. ) ;
#2846 = ADVANCED_FACE ( 'NONE', ( #5904 ), #4803, .T. ) ;
#2847 = CARTESIAN_POINT ( 'NONE',  ( 25.78279235760480148, -32.79999999999999716, 49.00000000000000000 ) ) ;
#2848 = ORIENTED_EDGE ( 'NONE', *, *, #8623, .T. ) ;
#2849 = CARTESIAN_POINT ( 'NONE',  ( 32.99999999999997868, 7.062946258501664687, 4.107440800168005168 ) ) ;
#2850 = EDGE_CURVE ( 'NONE', #37, #7131, #4852, .T. ) ;
#2851 = DIRECTION ( 'NONE',  ( -0.000000000000000000, -0.1122464213156471741, -0.9936804017901482711 ) ) ;
#2852 = CIRCLE ( 'NONE', #4750, 1.000000000000000888 ) ;
#2853 = DIRECTION ( 'NONE',  ( -0.000000000000000000, 1.000000000000000000, 0.000000000000000000 ) ) ;
#2855 = LINE ( 'NONE', #7209, #10494 ) ;
#2854 =( BOUNDED_SURFACE ( )  B_SPLINE_SURFACE ( 3, 2, ( 
 ( #5653, #6441, #5604 ),
 ( #9311, #1139, #4767 ),
 ( #6391, #255, #11167 ),
 ( #6617, #2086, #6786 ),
 ( #10552, #9607, #5769 ),
 ( #6007, #5877, #8529 ) ),
 .UNSPECIFIED., .F., .F., .T. ) 
 B_SPLINE_SURFACE_WITH_KNOTS ( ( 4, 2, 4 ),
 ( 3, 3 ),
 ( 0.000000000000000000, 0.5079891699509558878, 1.015978339901911776 ),
 ( 0.000000000000000000, 1.000000000000000000 ),
 .UNSPECIFIED. ) 
 GEOMETRIC_REPRESENTATION_ITEM ( )  RATIONAL_B_SPLINE_SURFACE ( (
 ( 1.000000000000000000, 0.9745346052036245599, 1.000000000000000000),
 ( 1.000000000000000000, 0.9745579164915418868, 1.000000000000000000),
 ( 1.000000000000000000, 0.9645489743217507961, 1.000000000000000000),
 ( 1.000000000000000000, 0.9253497717127456834, 1.000000000000000000),
 ( 1.000000000000000000, 0.8961581569837051564, 1.000000000000000000),
 ( 1.000000000000000000, 0.8584323824076909304, 1.000000000000000000) ) ) 
 REPRESENTATION_ITEM ( '' )  SURFACE ( )  );
#2856 = ORIENTED_EDGE ( 'NONE', *, *, #736, .F. ) ;
#2857 = CARTESIAN_POINT ( 'NONE',  ( -21.86605083265882854, -18.03603898744441736, 5.000000000000000000 ) ) ;
#2858 = DIRECTION ( 'NONE',  ( 0.000000000000000000, 0.000000000000000000, 1.000000000000000000 ) ) ;
#2859 = CARTESIAN_POINT ( 'NONE',  ( 21.82807647903734605, -18.53459485037958387, 4.000000000000000000 ) ) ;
#2860 = CIRCLE ( 'NONE', #3044, 0.2999999999999999334 ) ;
#2861 = CARTESIAN_POINT ( 'NONE',  ( -25.78279235760479793, -32.79999999999999716, 49.00000000000000000 ) ) ;
#2862 = ADVANCED_FACE ( 'NONE', ( #3120, #10289, #8444, #7597, #3847, #10401 ), #7489, .T. ) ;
#2863 = DIRECTION ( 'NONE',  ( 0.000000000000000000, 0.000000000000000000, 1.000000000000000000 ) ) ;
#2864 = CARTESIAN_POINT ( 'NONE',  ( 18.82432617406004738, -23.71144853936000629, 6.000000000000000000 ) ) ;
#2865 = ORIENTED_EDGE ( 'NONE', *, *, #8768, .F. ) ;
#2866 = ADVANCED_FACE ( 'NONE', ( #11137 ), #4009, .F. ) ;
#2867 = EDGE_CURVE ( 'NONE', #3940, #7373, #6754, .T. ) ;
#2868 = DIRECTION ( 'NONE',  ( -1.000000000000000000, 0.000000000000000000, 0.000000000000000000 ) ) ;
#2869 = EDGE_CURVE ( 'NONE', #3244, #11066, #2109, .T. ) ;
#2870 = SPHERICAL_SURFACE ( 'NONE', #3865, 1.000000000000000000 ) ;
#2871 = CARTESIAN_POINT ( 'NONE',  ( -25.07199709187109349, -18.94537726320413284, 5.999999999999298339 ) ) ;
#2872 = DIRECTION ( 'NONE',  ( -0.8265384735187697451, 0.4983058818879508300, -0.2617735660244058793 ) ) ;
#2873 = ORIENTED_EDGE ( 'NONE', *, *, #1776, .T. ) ;
#2874 = CIRCLE ( 'NONE', #9923, 0.7999999999999986011 ) ;
#2875 = CYLINDRICAL_SURFACE ( 'NONE', #2139, 0.5000000000000004441 ) ;
#2876 = CARTESIAN_POINT ( 'NONE',  ( 30.00000000000001066, 4.558397455121537967E-15, 5.500000000000000000 ) ) ;
#2877 = DIRECTION ( 'NONE',  ( 0.000000000000000000, 0.000000000000000000, -1.000000000000000000 ) ) ;
#2878 = AXIS2_PLACEMENT_3D ( 'NONE', #7522, #5651, #2933 ) ;
#2879 = ORIENTED_EDGE ( 'NONE', *, *, #10857, .T. ) ;
#2880 = CYLINDRICAL_SURFACE ( 'NONE', #9946, 0.5000000000000004441 ) ;
#2881 = FACE_OUTER_BOUND ( 'NONE', #5844, .T. ) ;
#2882 = DIRECTION ( 'NONE',  ( 1.000000000000000000, 0.000000000000000000, 0.000000000000000000 ) ) ;
#2883 = ORIENTED_EDGE ( 'NONE', *, *, #106, .T. ) ;
#2884 = EDGE_CURVE ( 'NONE', #2049, #6394, #3093, .T. ) ;
#2885 = DIRECTION ( 'NONE',  ( 0.000000000000000000, 0.000000000000000000, 1.000000000000000000 ) ) ;
#2886 = DIRECTION ( 'NONE',  ( 1.137523590804463822E-16, -1.000000000000000000, -0.000000000000000000 ) ) ;
#2887 = TOROIDAL_SURFACE ( 'NONE', #9166, 2.800000000000000266, 0.2000000000000000111 ) ;
#2888 = DIRECTION ( 'NONE',  ( 0.9043793566785450766, 0.000000000000000000, -0.4267293981127865399 ) ) ;
#2889 = ORIENTED_EDGE ( 'NONE', *, *, #1114, .F. ) ;
#2890 = VECTOR ( 'NONE', #2692, 1000.000000000000000 ) ;
#2891 = AXIS2_PLACEMENT_3D ( 'NONE', #1261, #3894, #1988 ) ;
#2892 = FACE_OUTER_BOUND ( 'NONE', #95, .T. ) ;
#2893 = CARTESIAN_POINT ( 'NONE',  ( 3.244874193390044681, -32.45419513345802898, 4.000000000000000000 ) ) ;
#2894 = AXIS2_PLACEMENT_3D ( 'NONE', #6546, #10201, #2022 ) ;
#2895 = ORIENTED_EDGE ( 'NONE', *, *, #6285, .F. ) ;
#2896 = TOROIDAL_SURFACE ( 'NONE', #11451, 3.200000000000001954, 0.2000000000000000111 ) ;
#2897 = VERTEX_POINT ( 'NONE', #280 ) ;
#2898 = DIRECTION ( 'NONE',  ( -0.000000000000000000, -0.000000000000000000, 1.000000000000000000 ) ) ;
#2899 = AXIS2_PLACEMENT_3D ( 'NONE', #6137, #9797, #3463 ) ;
#2900 = DIRECTION ( 'NONE',  ( -1.000000000000000000, 0.000000000000000000, 0.000000000000000000 ) ) ;
#2901 = VERTEX_POINT ( 'NONE', #4897 ) ;
#2902 = DIRECTION ( 'NONE',  ( 0.000000000000000000, 1.204669080539449344E-16, 1.000000000000000000 ) ) ;
#2903 = CARTESIAN_POINT ( 'NONE',  ( 30.74512848119494279, -28.24634548648489485, 21.99414047527504579 ) ) ;
#2904 = AXIS2_PLACEMENT_3D ( 'NONE', #909, #2760, #4537 ) ;
#2905 = DIRECTION ( 'NONE',  ( -0.000000000000000000, -0.000000000000000000, 1.000000000000000000 ) ) ;
#2906 = VERTEX_POINT ( 'NONE', #8549 ) ;
#2907 = AXIS2_PLACEMENT_3D ( 'NONE', #1834, #2665, #2013 ) ;
#2908 = CARTESIAN_POINT ( 'NONE',  ( -26.57907203407002328, -33.46165703515568168, 49.97397267484745242 ) ) ;
#2909 = EDGE_LOOP ( 'NONE', ( #7874, #9631 ) ) ;
#2910 = ORIENTED_EDGE ( 'NONE', *, *, #10857, .F. ) ;
#2911 = VECTOR ( 'NONE', #11390, 1000.000000000000000 ) ;
#2912 = CARTESIAN_POINT ( 'NONE',  ( -30.49999999999997868, 8.468626963262080309, 4.769016866547467259 ) ) ;
#2913 = ORIENTED_EDGE ( 'NONE', *, *, #907, .F. ) ;
#2914 = DIRECTION ( 'NONE',  ( -1.000000000000000000, 0.000000000000000000, 0.000000000000000000 ) ) ;
#2915 = CARTESIAN_POINT ( 'NONE',  ( -9.556001448147451782, -32.79999999999999716, 6.500000000000000888 ) ) ;
#2916 = PLANE ( 'NONE',  #82 ) ;
#2917 = CYLINDRICAL_SURFACE ( 'NONE', #11076, 0.2999999999999999334 ) ;
#2918 = ORIENTED_EDGE ( 'NONE', *, *, #5325, .T. ) ;
#2919 = AXIS2_PLACEMENT_3D ( 'NONE', #7220, #8128, #3534 ) ;
#2920 = VECTOR ( 'NONE', #11345, 1000.000000000000000 ) ;
#2921 = EDGE_CURVE ( 'NONE', #8743, #9265, #3866, .T. ) ;
#2922 = CARTESIAN_POINT ( 'NONE',  ( -19.51892951476615679, -32.79999999999999716, 6.445491060194675548 ) ) ;
#2923 = AXIS2_PLACEMENT_3D ( 'NONE', #11740, #5334, #704 ) ;
#2924 = AXIS2_PLACEMENT_3D ( 'NONE', #5286, #9900, #584 ) ;
#2925 = DIRECTION ( 'NONE',  ( 0.000000000000000000, 0.000000000000000000, 1.000000000000000000 ) ) ;
#2926 = AXIS2_PLACEMENT_3D ( 'NONE', #4918, #10315, #3931 ) ;
#2927 = DIRECTION ( 'NONE',  ( -0.000000000000000000, 1.000000000000000000, -0.000000000000000000 ) ) ;
#2928 = ORIENTED_EDGE ( 'NONE', *, *, #4157, .F. ) ;
#2929 =( BOUNDED_CURVE ( )  B_SPLINE_CURVE ( 3, ( #555, #5201, #8852, #2592 ),
 .UNSPECIFIED., .F., .F. ) 
 B_SPLINE_CURVE_WITH_KNOTS ( ( 4, 4 ),
 ( 3.141592653589793116, 4.712388980384689674 ),
 .UNSPECIFIED. ) 
 CURVE ( )  GEOMETRIC_REPRESENTATION_ITEM ( )  RATIONAL_B_SPLINE_CURVE ( ( 1.000000000000000000, 0.8047378541243649375, 0.8047378541243649375, 1.000000000000000000 ) ) 
 REPRESENTATION_ITEM ( '' )  );
#2930 = CARTESIAN_POINT ( 'NONE',  ( 19.29508843714771871, -31.55872636749531424, 6.000000000000000000 ) ) ;
#2931 = CYLINDRICAL_SURFACE ( 'NONE', #10346, 1.000000000000000888 ) ;
#2932 = CIRCLE ( 'NONE', #6342, 0.3000000000000011546 ) ;
#2933 = DIRECTION ( 'NONE',  ( 1.000000000000000000, 0.000000000000000000, 0.000000000000000000 ) ) ;
#2934 = VERTEX_POINT ( 'NONE', #2056 ) ;
#2935 = FACE_OUTER_BOUND ( 'NONE', #1513, .T. ) ;
#2936 = CARTESIAN_POINT ( 'NONE',  ( 32.99999999999997868, -11.01986028694750885, 12.89424006866458683 ) ) ;
#2937 = AXIS2_PLACEMENT_3D ( 'NONE', #11318, #4091, #638 ) ;
#2938 = AXIS2_PLACEMENT_3D ( 'NONE', #9694, #4088, #2297 ) ;
#2939 = FACE_OUTER_BOUND ( 'NONE', #9865, .T. ) ;
#2940 = EDGE_CURVE ( 'NONE', #8220, #3432, #6709, .T. ) ;
#2941 = ADVANCED_FACE ( 'NONE', ( #3912 ), #5561, .T. ) ;
#2942 = EDGE_CURVE ( 'NONE', #4474, #7846, #496, .T. ) ;
#2943 = AXIS2_PLACEMENT_3D ( 'NONE', #4617, #866, #9276 ) ;
#2944 = LINE ( 'NONE', #5656, #8923 ) ;
#2945 = DIRECTION ( 'NONE',  ( 0.000000000000000000, 0.8994353934787675531, -0.4370537414983364233 ) ) ;
#2946 = LINE ( 'NONE', #6741, #9009 ) ;
#2947 = ORIENTED_EDGE ( 'NONE', *, *, #10851, .T. ) ;
#2948 = DIRECTION ( 'NONE',  ( 0.000000000000000000, 0.000000000000000000, 1.000000000000000000 ) ) ;
#2949 = DIRECTION ( 'NONE',  ( 0.000000000000000000, -0.000000000000000000, -1.000000000000000000 ) ) ;
#2950 = ORIENTED_EDGE ( 'NONE', *, *, #10632, .F. ) ;
#2951 = VERTEX_POINT ( 'NONE', #11652 ) ;
#2952 = CIRCLE ( 'NONE', #9610, 0.3000000000000015432 ) ;
#2953 = FACE_OUTER_BOUND ( 'NONE', #4435, .T. ) ;
#2954 = DIRECTION ( 'NONE',  ( 0.000000000000000000, 1.000000000000000000, -0.000000000000000000 ) ) ;
#2955 = ADVANCED_FACE ( 'NONE', ( #5130 ), #6532, .T. ) ;
#2956 = EDGE_CURVE ( 'NONE', #5067, #8378, #9741, .T. ) ;
#2957 = ORIENTED_EDGE ( 'NONE', *, *, #6778, .F. ) ;
#2958 = CIRCLE ( 'NONE', #2568, 0.1999999999999987899 ) ;
#2959 = VERTEX_POINT ( 'NONE', #6027 ) ;
#2960 = CARTESIAN_POINT ( 'NONE',  ( 30.49568625948661449, -28.58530177895647029, 22.10980953478143007 ) ) ;
#2961 = DIRECTION ( 'NONE',  ( -0.2720892402858932635, -0.9622720225178769127, 0.000000000000000000 ) ) ;
#2962 = ORIENTED_EDGE ( 'NONE', *, *, #3578, .T. ) ;
#2963 = CARTESIAN_POINT ( 'NONE',  ( 33.48301015496002009, 6.222445498225448901, 4.794847318007762205 ) ) ;
#2964 = DIRECTION ( 'NONE',  ( -1.000000000000000000, 0.000000000000000000, 0.000000000000000000 ) ) ;
#2965 = ORIENTED_EDGE ( 'NONE', *, *, #3963, .F. ) ;
#2966 = CARTESIAN_POINT ( 'NONE',  ( -26.50492542136211327, -32.67051819454411543, 49.50361897545617040 ) ) ;
#2967 = ORIENTED_EDGE ( 'NONE', *, *, #4381, .T. ) ;
#2968 = ORIENTED_EDGE ( 'NONE', *, *, #3820, .F. ) ;
#2969 = VECTOR ( 'NONE', #8725, 1000.000000000000000 ) ;
#2970 = ORIENTED_EDGE ( 'NONE', *, *, #5973, .F. ) ;
#2971 = CARTESIAN_POINT ( 'NONE',  ( -30.39946769211331201, -28.61384247987527019, 21.82027800083273306 ) ) ;
#2972 = CARTESIAN_POINT ( 'NONE',  ( 26.64689772753535024, 19.39069158978177754, 6.000000000000000888 ) ) ;
#2973 = EDGE_LOOP ( 'NONE', ( #10560, #4147, #10994, #10601 ) ) ;
#2974 = CARTESIAN_POINT ( 'NONE',  ( -26.84065101359200511, -37.50000000000000000, 6.000000000000000000 ) ) ;
#2975 = EDGE_CURVE ( 'NONE', #1867, #7583, #2530, .T. ) ;
#2976 = CARTESIAN_POINT ( 'NONE',  ( -29.99999999999997868, 8.130517918518242126, 6.000000000000000000 ) ) ;
#2977 = DIRECTION ( 'NONE',  ( 0.000000000000000000, 1.204669080539449344E-16, 1.000000000000000000 ) ) ;
#2978 = DIRECTION ( 'NONE',  ( 1.000000000000000000, -0.000000000000000000, 0.000000000000000000 ) ) ;
#2979 = VERTEX_POINT ( 'NONE', #9868 ) ;
#2980 = DIRECTION ( 'NONE',  ( -1.000000000000000000, 0.000000000000000000, 0.000000000000000000 ) ) ;
#2981 = CARTESIAN_POINT ( 'NONE',  ( -30.50119689409867973, 9.895262794391131322, 0.5274759787789751186 ) ) ;
#2982 = CYLINDRICAL_SURFACE ( 'NONE', #3310, 1.000000000000000888 ) ;
#2983 = CARTESIAN_POINT ( 'NONE',  ( 19.00000000000001421, -36.50000000000000000, 27.00000000000000355 ) ) ;
#2984 = ORIENTED_EDGE ( 'NONE', *, *, #1624, .T. ) ;
#2985 = CARTESIAN_POINT ( 'NONE',  ( 27.54873734153059672, -24.74873734152912519, 6.000000000000000000 ) ) ;
#2986 = ORIENTED_EDGE ( 'NONE', *, *, #10555, .F. ) ;
#2987 = CARTESIAN_POINT ( 'NONE',  ( -24.99999999999999289, -33.79999999999999716, 44.00000000000000711 ) ) ;
#2988 = LINE ( 'NONE', #10384, #11629 ) ;
#2989 = EDGE_CURVE ( 'NONE', #3932, #7136, #5070, .T. ) ;
#2990 = CARTESIAN_POINT ( 'NONE',  ( -30.42911667877174509, 6.211695770868173483, 5.999999999999998224 ) ) ;
#2991 = FACE_OUTER_BOUND ( 'NONE', #5365, .T. ) ;
#2992 = DIRECTION ( 'NONE',  ( 0.000000000000000000, 0.000000000000000000, 1.000000000000000000 ) ) ;
#2993 = VERTEX_POINT ( 'NONE', #11590 ) ;
#2994 = ADVANCED_FACE ( 'NONE', ( #10758 ), #552, .F. ) ;
#2995 = EDGE_CURVE ( 'NONE', #11683, #10021, #4254, .T. ) ;
#2996 = DIRECTION ( 'NONE',  ( -0.000000000000000000, -0.000000000000000000, 1.000000000000000000 ) ) ;
#2997 = DIRECTION ( 'NONE',  ( -0.000000000000000000, -0.8994353934787675531, 0.4370537414983364233 ) ) ;
#2998 = ADVANCED_FACE ( 'NONE', ( #7833 ), #4987, .T. ) ;
#2999 = FACE_OUTER_BOUND ( 'NONE', #1417, .T. ) ;
#3000 = ORIENTED_EDGE ( 'NONE', *, *, #8059, .F. ) ;
#3001 = ADVANCED_FACE ( 'NONE', ( #3295 ), #7901, .T. ) ;
#3002 = FACE_OUTER_BOUND ( 'NONE', #696, .T. ) ;
#3003 = CARTESIAN_POINT ( 'NONE',  ( -20.11658706833188504, -32.12893685403737720, 5.700000000000000178 ) ) ;
#3004 = ORIENTED_EDGE ( 'NONE', *, *, #8888, .F. ) ;
#3005 = ORIENTED_EDGE ( 'NONE', *, *, #5629, .T. ) ;
#3006 = CARTESIAN_POINT ( 'NONE',  ( -11.88379308764716136, 26.28294234767709270, 6.000000000000000000 ) ) ;
#3007 = DIRECTION ( 'NONE',  ( 0.000000000000000000, 0.000000000000000000, -1.000000000000000000 ) ) ;
#3008 = VERTEX_POINT ( 'NONE', #7957 ) ;
#3009 = CARTESIAN_POINT ( 'NONE',  ( 32.78311371232730664, 5.874732974649300665, 5.796626118447973930 ) ) ;
#3010 = EDGE_CURVE ( 'NONE', #10651, #6559, #5379, .T. ) ;
#3011 = ADVANCED_FACE ( 'NONE', ( #2590 ), #3355, .F. ) ;
#3012 = EDGE_CURVE ( 'NONE', #2489, #2049, #2344, .T. ) ;
#3013 = FACE_OUTER_BOUND ( 'NONE', #6031, .T. ) ;
#3014 = ORIENTED_EDGE ( 'NONE', *, *, #2040, .T. ) ;
#3015 = CARTESIAN_POINT ( 'NONE',  ( 19.39069158978332297, 26.64689772753411745, 4.000000000000000000 ) ) ;
#3016 = EDGE_LOOP ( 'NONE', ( #5398, #1637, #1706, #7570 ) ) ;
#3017 = VERTEX_POINT ( 'NONE', #7234 ) ;
#3018 = CARTESIAN_POINT ( 'NONE',  ( -30.49999999999997868, 8.468626966596890071, 4.388610099474774096 ) ) ;
#3019 = ORIENTED_EDGE ( 'NONE', *, *, #3142, .F. ) ;
#3020 = DIRECTION ( 'NONE',  ( 1.387778780781446938E-13, 0.000000000000000000, 1.000000000000000000 ) ) ;
#3021 = FACE_OUTER_BOUND ( 'NONE', #4129, .T. ) ;
#3022 = EDGE_LOOP ( 'NONE', ( #5924, #9401, #792, #8787, #9149 ) ) ;
#3023 = VECTOR ( 'NONE', #5774, 1000.000000000000000 ) ;
#3024 = CARTESIAN_POINT ( 'NONE',  ( -19.29508843714771515, -32.79999999999999716, 6.427855894855588836 ) ) ;
#3025 = CARTESIAN_POINT ( 'NONE',  ( 0.000000000000000000, 0.000000000000000000, 5.700000000000000178 ) ) ;
#3026 = CARTESIAN_POINT ( 'NONE',  ( -19.92906642759411895, -32.34418811791699255, 5.743330225509680531 ) ) ;
#3027 = LINE ( 'NONE', #4870, #442 ) ;
#3028 = ORIENTED_EDGE ( 'NONE', *, *, #1299, .T. ) ;
#3029 = CARTESIAN_POINT ( 'NONE',  ( -26.34065101359199801, -37.00000000000000000, 0.9069875900977448779 ) ) ;
#3030 = CARTESIAN_POINT ( 'NONE',  ( 30.36150490035344873, -28.63839169781876137, 21.48336372476556733 ) ) ;
#3031 = DIRECTION ( 'NONE',  ( -1.000000000000000000, 0.000000000000000000, 0.000000000000000000 ) ) ;
#3032 = ORIENTED_EDGE ( 'NONE', *, *, #9192, .F. ) ;
#3033 = FACE_OUTER_BOUND ( 'NONE', #6167, .T. ) ;
#3034 = DIRECTION ( 'NONE',  ( 0.000000000000000000, -1.000000000000000000, 0.000000000000000000 ) ) ;
#3035 = VECTOR ( 'NONE', #10464, 1000.000000000000000 ) ;
#3036 = CARTESIAN_POINT ( 'NONE',  ( 25.09839867021182869, -11.34820343485589156, 5.700000000000000178 ) ) ;
#3037 = LINE ( 'NONE', #2155, #3023 ) ;
#3038 = AXIS2_PLACEMENT_3D ( 'NONE', #2008, #1107, #10826 ) ;
#3039 = LINE ( 'NONE', #7532, #861 ) ;
#3040 = CARTESIAN_POINT ( 'NONE',  ( -10.88379308764716313, 26.28294234767709270, 5.700000000000000178 ) ) ;
#3041 = EDGE_LOOP ( 'NONE', ( #2580, #11626, #215, #11719 ) ) ;
#3042 = DIRECTION ( 'NONE',  ( -1.000000000000000000, 0.000000000000000000, 0.000000000000000000 ) ) ;
#3043 = CARTESIAN_POINT ( 'NONE',  ( 25.50000000000000355, 26.00000000000000711, 0.5000000000000004441 ) ) ;
#3044 = AXIS2_PLACEMENT_3D ( 'NONE', #4846, #8599, #7483 ) ;
#3045 = CARTESIAN_POINT ( 'NONE',  ( 9.000000000000012434, -37.00000000000000000, 27.00000000000000355 ) ) ;
#3046 = ORIENTED_EDGE ( 'NONE', *, *, #4371, .T. ) ;
#3047 = VECTOR ( 'NONE', #2395, 1000.000000000000000 ) ;
#3048 = DIRECTION ( 'NONE',  ( 5.687617954022319110E-17, -1.000000000000000000, 0.000000000000000000 ) ) ;
#3049 = CARTESIAN_POINT ( 'NONE',  ( -29.99999999999997868, -27.79315713602564131, 6.000000000000000000 ) ) ;
#3050 = ADVANCED_FACE ( 'NONE', ( #10170 ), #143, .T. ) ;
#3051 = EDGE_CURVE ( 'NONE', #4850, #1912, #2348, .T. ) ;
#3052 = CIRCLE ( 'NONE', #9157, 27.00000000000000000 ) ;
#3053 = ORIENTED_EDGE ( 'NONE', *, *, #9107, .F. ) ;
#3054 = VERTEX_POINT ( 'NONE', #91 ) ;
#3055 = CARTESIAN_POINT ( 'NONE',  ( -25.07448155164752990, 18.94607976204614630, 5.700000000000000178 ) ) ;
#3056 = CARTESIAN_POINT ( 'NONE',  ( 28.89999999999998082, -13.12679400932128182, 15.02985011956905659 ) ) ;
#3057 = ORIENTED_EDGE ( 'NONE', *, *, #8017, .T. ) ;
#3058 = CARTESIAN_POINT ( 'NONE',  ( 32.33315867557369927, 6.447492353574416413, 5.518310820481667101 ) ) ;
#3059 = AXIS2_PLACEMENT_3D ( 'NONE', #11525, #10680, #7402 ) ;
#3060 = CIRCLE ( 'NONE', #9736, 0.1999999999999987899 ) ;
#3061 = CARTESIAN_POINT ( 'NONE',  ( 17.10207363691015914, -23.01981910636822448, 6.000000000000000000 ) ) ;
#3062 = ORIENTED_EDGE ( 'NONE', *, *, #3989, .F. ) ;
#3063 = AXIS2_PLACEMENT_3D ( 'NONE', #7746, #9529, #1530 ) ;
#3064 = CARTESIAN_POINT ( 'NONE',  ( -27.28294234767825444, -19.57972195055236853, 5.700000000000000178 ) ) ;
#3065 = CARTESIAN_POINT ( 'NONE',  ( -30.20715215380524654, -28.79262920306126716, 22.28909803235629994 ) ) ;
#3066 = AXIS2_PLACEMENT_3D ( 'NONE', #4390, #7012, #9764 ) ;
#3067 = CIRCLE ( 'NONE', #4210, 2.599999999999998312 ) ;
#3068 = ADVANCED_FACE ( 'NONE', ( #2822 ), #10814, .T. ) ;
#3069 = ORIENTED_EDGE ( 'NONE', *, *, #5263, .F. ) ;
#3070 = EDGE_CURVE ( 'NONE', #9466, #2415, #5309, .T. ) ;
#3071 = EDGE_CURVE ( 'NONE', #6559, #5530, #8622, .T. ) ;
#3072 = ORIENTED_EDGE ( 'NONE', *, *, #4725, .T. ) ;
#3073 = AXIS2_PLACEMENT_3D ( 'NONE', #2299, #7852, #8684 ) ;
#3074 = CARTESIAN_POINT ( 'NONE',  ( -30.50000000000063594, 7.510538814700142396, 4.808245235537416562 ) ) ;
#3075 = ORIENTED_EDGE ( 'NONE', *, *, #11449, .T. ) ;
#3076 = DIRECTION ( 'NONE',  ( 0.000000000000000000, 0.000000000000000000, -1.000000000000000000 ) ) ;
#3077 = CARTESIAN_POINT ( 'NONE',  ( -10.11667659706927580, -32.79999999999999716, 6.444462984667064021 ) ) ;
#3078 = AXIS2_PLACEMENT_3D ( 'NONE', #4150, #11496, #6960 ) ;
#3079 = CIRCLE ( 'NONE', #8576, 0.4999999999999998335 ) ;
#3080 = CARTESIAN_POINT ( 'NONE',  ( 23.41495870644424926, 18.95633460414246585, 6.000000000000000000 ) ) ;
#3081 = VERTEX_POINT ( 'NONE', #4496 ) ;
#3082 = CARTESIAN_POINT ( 'NONE',  ( -17.82426233348197542, -23.71555578679803133, 5.700000000000000178 ) ) ;
#3083 = VECTOR ( 'NONE', #3108, 1000.000000000000000 ) ;
#3084 = EDGE_CURVE ( 'NONE', #1086, #8220, #4606, .T. ) ;
#3085 = AXIS2_PLACEMENT_3D ( 'NONE', #688, #7963, #740 ) ;
#3086 = VERTEX_POINT ( 'NONE', #3594 ) ;
#3087 = DIRECTION ( 'NONE',  ( 0.000000000000000000, 1.000000000000000000, -0.000000000000000000 ) ) ;
#3088 = DIRECTION ( 'NONE',  ( -0.000000000000000000, -0.000000000000000000, -1.000000000000000000 ) ) ;
#3089 = EDGE_LOOP ( 'NONE', ( #7005, #3130, #646, #11723, #4047 ) ) ;
#3090 = DIRECTION ( 'NONE',  ( 0.7714330751445506174, 0.6363104671251464950, 0.000000000000000000 ) ) ;
#3091 = CARTESIAN_POINT ( 'NONE',  ( 25.78279235760480148, -31.79999999999999361, -55.15136956765560683 ) ) ;
#3092 = DIRECTION ( 'NONE',  ( -0.000000000000000000, -0.000000000000000000, 1.000000000000000000 ) ) ;
#3093 = CIRCLE ( 'NONE', #64, 10.00000000000000178 ) ;
#3094 = DIRECTION ( 'NONE',  ( 1.000000000000000000, -5.782411586589324585E-14, 0.000000000000000000 ) ) ;
#3095 = ORIENTED_EDGE ( 'NONE', *, *, #4955, .T. ) ;
#3096 = CARTESIAN_POINT ( 'NONE',  ( -40.99999999999998579, -28.69999999999999574, 43.50000000000000711 ) ) ;
#3097 = DIRECTION ( 'NONE',  ( 0.000000000000000000, 0.000000000000000000, -1.000000000000000000 ) ) ;
#3098 = DIRECTION ( 'NONE',  ( -0.4119920406074620289, -0.9111874442045937439, 0.000000000000000000 ) ) ;
#3099 = VECTOR ( 'NONE', #10910, 1000.000000000000000 ) ;
#3100 = AXIS2_PLACEMENT_3D ( 'NONE', #8427, #3897, #11395 ) ;
#3101 = CARTESIAN_POINT ( 'NONE',  ( -31.11487846105330490, 5.456199394431116900, 6.000000000000000000 ) ) ;
#3102 = CIRCLE ( 'NONE', #1973, 1.000000000000000888 ) ;
#3103 = DIRECTION ( 'NONE',  ( -1.000000000000000000, 0.000000000000000000, 0.000000000000000000 ) ) ;
#3104 = CARTESIAN_POINT ( 'NONE',  ( 26.42643745121890575, -36.79289321881345387, 50.00000000000000000 ) ) ;
#3105 = VERTEX_POINT ( 'NONE', #3653 ) ;
#3106 = DIRECTION ( 'NONE',  ( 0.000000000000000000, 0.000000000000000000, 1.000000000000000000 ) ) ;
#3107 = DIRECTION ( 'NONE',  ( -0.000000000000000000, -0.000000000000000000, 1.000000000000000000 ) ) ;
#3108 = DIRECTION ( 'NONE',  ( 1.000000000000000000, -0.000000000000000000, -0.000000000000000000 ) ) ;
#3109 = CARTESIAN_POINT ( 'NONE',  ( -25.49999999999997868, 26.00000000000000355, 5.500000000000000000 ) ) ;
#3110 = EDGE_LOOP ( 'NONE', ( #8198, #9130, #1919, #6086 ) ) ;
#3111 = CIRCLE ( 'NONE', #6547, 0.5000000000000008882 ) ;
#3112 = CIRCLE ( 'NONE', #7316, 4.500000000000003553 ) ;
#3113 = AXIS2_PLACEMENT_3D ( 'NONE', #10767, #11780, #3724 ) ;
#3114 = CARTESIAN_POINT ( 'NONE',  ( 27.04775779477856190, -36.49999999999999289, 1.000000000000000000 ) ) ;
#3115 = DIRECTION ( 'NONE',  ( -0.000000000000000000, -0.000000000000000000, -1.000000000000000000 ) ) ;
#3116 = B_SPLINE_CURVE_WITH_KNOTS ( 'NONE', 3,
 ( #3061, #11306, #9337, #10462 ),
 .UNSPECIFIED., .F., .F.,
 ( 4, 4 ),
 ( 0.1540486742248206031, 0.6984138613445168842 ),
 .UNSPECIFIED. ) ;
#3117 = ORIENTED_EDGE ( 'NONE', *, *, #296, .F. ) ;
#3118 = ORIENTED_EDGE ( 'NONE', *, *, #8166, .T. ) ;
#3119 = CARTESIAN_POINT ( 'NONE',  ( 3.244874193390044681, -32.79999999999999716, 6.475629962069106682 ) ) ;
#3120 = FACE_BOUND ( 'NONE', #3694, .T. ) ;
#3121 = VERTEX_POINT ( 'NONE', #9206 ) ;
#3122 = ADVANCED_FACE ( 'NONE', ( #6265 ), #10915, .T. ) ;
#3123 = CARTESIAN_POINT ( 'NONE',  ( -27.00000000000000000, 3.306546357697853733E-15, 3.000000000000000000 ) ) ;
#3124 = CIRCLE ( 'NONE', #3701, 2.800000000000000266 ) ;
#3125 = EDGE_CURVE ( 'NONE', #2415, #9471, #7411, .T. ) ;
#3126 = ADVANCED_FACE ( 'NONE', ( #10871 ), #3438, .F. ) ;
#3127 = DIRECTION ( 'NONE',  ( -1.000000000000000000, 0.000000000000000000, 0.000000000000000000 ) ) ;
#3128 = DIRECTION ( 'NONE',  ( 0.000000000000000000, 0.000000000000000000, 1.000000000000000000 ) ) ;
#3129 =( BOUNDED_CURVE ( )  B_SPLINE_CURVE ( 3, ( #5254, #7826, #10685, #4358 ),
 .UNSPECIFIED., .F., .F. ) 
 B_SPLINE_CURVE_WITH_KNOTS ( ( 4, 4 ),
 ( 2.729282690949669465, 2.909099910650661869 ),
 .UNSPECIFIED. ) 
 CURVE ( )  GEOMETRIC_REPRESENTATION_ITEM ( )  RATIONAL_B_SPLINE_CURVE ( ( 1.000000000000000000, 0.9973072952445687367, 0.9973072952445687367, 1.000000000000000000 ) ) 
 REPRESENTATION_ITEM ( '' )  );
#3130 = ORIENTED_EDGE ( 'NONE', *, *, #7719, .T. ) ;
#3131 = CARTESIAN_POINT ( 'NONE',  ( 26.19678717823081371, -32.29999999999999716, 6.000000000000000000 ) ) ;
#3132 = CARTESIAN_POINT ( 'NONE',  ( 30.06795147594630180, -37.50000000000000000, 1.000000000000000000 ) ) ;
#3133 = CIRCLE ( 'NONE', #3321, 1.499999999999999556 ) ;
#3134 = ORIENTED_EDGE ( 'NONE', *, *, #11467, .T. ) ;
#3135 = VERTEX_POINT ( 'NONE', #6397 ) ;
#3136 = ORIENTED_EDGE ( 'NONE', *, *, #8056, .F. ) ;
#3137 = EDGE_CURVE ( 'NONE', #5848, #2710, #1866, .T. ) ;
#3138 = EDGE_CURVE ( 'NONE', #4267, #436, #11289, .T. ) ;
#3139 = DIRECTION ( 'NONE',  ( -0.000000000000000000, 0.000000000000000000, -1.000000000000000000 ) ) ;
#3140 = DIRECTION ( 'NONE',  ( -1.000000000000000000, 0.000000000000000000, 0.000000000000000000 ) ) ;
#3141 = AXIS2_PLACEMENT_3D ( 'NONE', #9123, #8234, #2626 ) ;
#3142 = EDGE_CURVE ( 'NONE', #8822, #10119, #10330, .T. ) ;
#3143 = CARTESIAN_POINT ( 'NONE',  ( 19.39069158978332297, 26.64689772753412456, 5.700000000000000178 ) ) ;
#3144 = ORIENTED_EDGE ( 'NONE', *, *, #4394, .F. ) ;
#3145 = EDGE_CURVE ( 'NONE', #4894, #9418, #8061, .T. ) ;
#3146 = CARTESIAN_POINT ( 'NONE',  ( 9.536592924887850486, -29.83217189384351187, 4.000000000000000000 ) ) ;
#3147 = AXIS2_PLACEMENT_3D ( 'NONE', #4509, #9098, #8149 ) ;
#3148 = ORIENTED_EDGE ( 'NONE', *, *, #6480, .T. ) ;
#3149 = DIRECTION ( 'NONE',  ( -0.000000000000000000, -0.000000000000000000, 1.000000000000000000 ) ) ;
#3150 = CARTESIAN_POINT ( 'NONE',  ( -26.54775779477855480, -36.50000000000000000, 50.00000000000000000 ) ) ;
#3151 = ORIENTED_EDGE ( 'NONE', *, *, #10707, .T. ) ;
#3152 = CARTESIAN_POINT ( 'NONE',  ( 27.58294234767823028, -18.90955557852277025, 5.700000000000000178 ) ) ;
#3153 = CARTESIAN_POINT ( 'NONE',  ( -30.49999999999997868, 6.736576159028010657, 0.5000000000000031086 ) ) ;
#3154 = ADVANCED_FACE ( 'NONE', ( #7473 ), #6133, .T. ) ;
#3155 = CARTESIAN_POINT ( 'NONE',  ( 24.74873734152913229, 24.75126265847088547, 0.000000000000000000 ) ) ;
#3156 = EDGE_LOOP ( 'NONE', ( #11294, #6635, #2705, #5890 ) ) ;
#3157 = CARTESIAN_POINT ( 'NONE',  ( 30.99999999999998224, 4.500000000000001776, 1.500000000000003553 ) ) ;
#3158 = CARTESIAN_POINT ( 'NONE',  ( 26.10194367771100232, -33.18545327647214549, 49.79966683884525480 ) ) ;
#3159 = CARTESIAN_POINT ( 'NONE',  ( 31.50000000000001421, 8.468626966596882966, 1.500000000000003109 ) ) ;
#3160 = CARTESIAN_POINT ( 'NONE',  ( -29.99999999999997868, 1.519465818373844280E-15, 6.000000000000000000 ) ) ;
#3161 = DIRECTION ( 'NONE',  ( 1.000000000000000000, 0.000000000000000000, 0.000000000000000000 ) ) ;
#3162 = CARTESIAN_POINT ( 'NONE',  ( -19.99999999999999289, -33.79999999999999716, 44.00000000000000711 ) ) ;
#3163 = VERTEX_POINT ( 'NONE', #11120 ) ;
#3164 = CARTESIAN_POINT ( 'NONE',  ( -33.50361897553825230, -28.74457153669296261, 0.6262136096440117372 ) ) ;
#3165 = DIRECTION ( 'NONE',  ( -0.000000000000000000, -1.000000000000000000, 0.000000000000000000 ) ) ;
#3166 = DIRECTION ( 'NONE',  ( -0.000000000000000000, -0.000000000000000000, 1.000000000000000000 ) ) ;
#3167 = CARTESIAN_POINT ( 'NONE',  ( 0.000000000000000000, 0.000000000000000000, 6.000000000000000000 ) ) ;
#3168 = EDGE_LOOP ( 'NONE', ( #1387, #3498, #1290, #5852 ) ) ;
#3169 = DIRECTION ( 'NONE',  ( -1.000000000000000000, -5.687617954022319110E-17, 0.000000000000000000 ) ) ;
#3170 = DIRECTION ( 'NONE',  ( 1.000000000000000000, 0.000000000000000000, 0.000000000000000000 ) ) ;
#3171 = VERTEX_POINT ( 'NONE', #11219 ) ;
#3172 = ORIENTED_EDGE ( 'NONE', *, *, #6940, .F. ) ;
#3173 = DIRECTION ( 'NONE',  ( 0.000000000000000000, 0.000000000000000000, -1.000000000000000000 ) ) ;
#3174 = CARTESIAN_POINT ( 'NONE',  ( 27.58294234767820896, 18.90955557852276314, 5.700000000000000178 ) ) ;
#3175 = ORIENTED_EDGE ( 'NONE', *, *, #1606, .F. ) ;
#3176 = CARTESIAN_POINT ( 'NONE',  ( 31.23278123784249161, 6.923460773128187640, 5.287028195726989566 ) ) ;
#3177 = CARTESIAN_POINT ( 'NONE',  ( 33.58578643762688642, -28.21852687074916233, 22.36322654727369752 ) ) ;
#3178 = DIRECTION ( 'NONE',  ( 0.000000000000000000, 0.000000000000000000, 1.000000000000000000 ) ) ;
#3179 = VERTEX_POINT ( 'NONE', #318 ) ;
#3180 = CARTESIAN_POINT ( 'NONE',  ( 25.00000000000001421, -36.50000000000000000, 44.00000000000000711 ) ) ;
#3181 = CARTESIAN_POINT ( 'NONE',  ( -26.19678717823082081, -32.79999999999999716, 49.00000000000000000 ) ) ;
#3182 = B_SPLINE_CURVE_WITH_KNOTS ( 'NONE', 3,
 ( #10615, #3214, #8764, #10498, #539 ),
 .UNSPECIFIED., .F., .F.,
 ( 4, 1, 4 ),
 ( 0.1618301273291462006, 0.4359087420549495606, 0.7562947540289821635 ),
 .UNSPECIFIED. ) ;
#3183 = VERTEX_POINT ( 'NONE', #3040 ) ;
#3184 = VERTEX_POINT ( 'NONE', #7582 ) ;
#3185 = CARTESIAN_POINT ( 'NONE',  ( -34.98674648294755229, -35.00000000000000000, 49.89999999999999858 ) ) ;
#3186 = ORIENTED_EDGE ( 'NONE', *, *, #11692, .F. ) ;
#3187 = DIRECTION ( 'NONE',  ( -0.000000000000000000, -0.000000000000000000, 1.000000000000000000 ) ) ;
#3188 = LINE ( 'NONE', #10649, #10739 ) ;
#3189 = CARTESIAN_POINT ( 'NONE',  ( -27.00000000000000000, 3.306546357697853733E-15, 6.000000000000000000 ) ) ;
#3190 = ORIENTED_EDGE ( 'NONE', *, *, #2995, .T. ) ;
#3191 = CARTESIAN_POINT ( 'NONE',  ( 14.76159781963790785, -25.46392358847829485, 6.000000000000000000 ) ) ;
#3192 = EDGE_CURVE ( 'NONE', #10523, #10675, #7703, .T. ) ;
#3193 = EDGE_CURVE ( 'NONE', #2107, #6290, #5180, .T. ) ;
#3194 = VERTEX_POINT ( 'NONE', #2093 ) ;
#3195 = EDGE_CURVE ( 'NONE', #10107, #9757, #5571, .T. ) ;
#3196 = CARTESIAN_POINT ( 'NONE',  ( 31.49999999999997868, -28.21852687074918009, 22.36322654727371528 ) ) ;
#3197 = CARTESIAN_POINT ( 'NONE',  ( 30.39598459781428730, -28.61471025115479705, 21.79951417620096521 ) ) ;
#3198 = EDGE_LOOP ( 'NONE', ( #4263, #4497, #9136, #2341, #3144 ) ) ;
#3199 = CARTESIAN_POINT ( 'NONE',  ( -17.10183990713254332, -23.02410380877829255, 4.000000000000000000 ) ) ;
#3200 = FACE_OUTER_BOUND ( 'NONE', #9259, .T. ) ;
#3201 = AXIS2_PLACEMENT_3D ( 'NONE', #9663, #8832, #1486 ) ;
#3202 = CYLINDRICAL_SURFACE ( 'NONE', #10753, 3.500000000000003109 ) ;
#3203 = CARTESIAN_POINT ( 'NONE',  ( 30.00000000000000711, 31.00000000000000711, 0.5000000000000004441 ) ) ;
#3204 = ORIENTED_EDGE ( 'NONE', *, *, #9440, .F. ) ;
#3205 = CARTESIAN_POINT ( 'NONE',  ( -39.99999999999999289, -37.36602540378444104, 0.5000000000000084377 ) ) ;
#3206 = CARTESIAN_POINT ( 'NONE',  ( 26.54860210068032345, -33.64980513021926356, 49.99999999999508304 ) ) ;
#3207 = DIRECTION ( 'NONE',  ( -0.000000000000000000, -1.000000000000000000, -0.000000000000000000 ) ) ;
#3208 = AXIS2_PLACEMENT_3D ( 'NONE', #5237, #11445, #415 ) ;
#3209 = ADVANCED_FACE ( 'NONE', ( #7533 ), #6625, .F. ) ;
#3210 = DIRECTION ( 'NONE',  ( 0.000000000000000000, 0.000000000000000000, -1.000000000000000000 ) ) ;
#3211 = EDGE_CURVE ( 'NONE', #2036, #2591, #9174, .T. ) ;
#3212 = EDGE_CURVE ( 'NONE', #10968, #6452, #7107, .T. ) ;
#3213 = DIRECTION ( 'NONE',  ( -1.137523590804463822E-16, 1.000000000000000000, 0.000000000000000000 ) ) ;
#3214 = CARTESIAN_POINT ( 'NONE',  ( -25.91927170679477044, -19.18495017097017907, 4.000000000000000000 ) ) ;
#3215 = EDGE_LOOP ( 'NONE', ( #9247, #1429, #10903, #10057 ) ) ;
#3216 = CARTESIAN_POINT ( 'NONE',  ( -25.25000000000000355, 0.000000000000000000, 2.168404344971008868E-16 ) ) ;
#3217 = PLANE ( 'NONE',  #3274 ) ;
#3218 = LINE ( 'NONE', #1671, #9189 ) ;
#3219 = DIRECTION ( 'NONE',  ( -0.000000000000000000, -0.000000000000000000, 1.000000000000000000 ) ) ;
#3220 = ORIENTED_EDGE ( 'NONE', *, *, #3869, .T. ) ;
#3221 = VECTOR ( 'NONE', #4963, 1000.000000000000000 ) ;
#3222 = DIRECTION ( 'NONE',  ( 0.000000000000000000, 0.000000000000000000, 1.000000000000000000 ) ) ;
#3223 = CARTESIAN_POINT ( 'NONE',  ( 49.50000000000000711, -36.99999999999999289, 6.000000000000000000 ) ) ;
#3224 = CARTESIAN_POINT ( 'NONE',  ( 41.00000000000001421, 6.000000000000012434, 40.50000000000000000 ) ) ;
#3225 = EDGE_CURVE ( 'NONE', #10505, #8874, #5939, .T. ) ;
#3226 = ORIENTED_EDGE ( 'NONE', *, *, #10227, .F. ) ;
#3227 = DIRECTION ( 'NONE',  ( -1.000000000000000000, 0.000000000000000000, 0.000000000000000000 ) ) ;
#3228 = AXIS2_PLACEMENT_3D ( 'NONE', #11529, #4306, #7118 ) ;
#3229 = CARTESIAN_POINT ( 'NONE',  ( 41.00000000000001421, -28.69999999999999574, 37.29999999999999716 ) ) ;
#3230 = DIRECTION ( 'NONE',  ( -0.000000000000000000, -0.000000000000000000, 1.000000000000000000 ) ) ;
#3231 = ORIENTED_EDGE ( 'NONE', *, *, #2135, .F. ) ;
#3232 = DIRECTION ( 'NONE',  ( 0.000000000000000000, 1.000000000000000000, 0.000000000000000000 ) ) ;
#3233 = CARTESIAN_POINT ( 'NONE',  ( -26.56527095544953099, 19.67937319653712436, 5.700000000000000178 ) ) ;
#3234 = CARTESIAN_POINT ( 'NONE',  ( -3.741522966046561205, -32.79999999999719051, 6.080272259208671315 ) ) ;
#3235 = EDGE_LOOP ( 'NONE', ( #3927, #9553, #10815, #1818 ) ) ;
#3236 = DIRECTION ( 'NONE',  ( -1.000000000000000000, 0.000000000000000000, 0.000000000000000000 ) ) ;
#3237 = VERTEX_POINT ( 'NONE', #6573 ) ;
#3238 = CIRCLE ( 'NONE', #1162, 0.5000000000000004441 ) ;
#3239 = EDGE_LOOP ( 'NONE', ( #7360, #3604, #8895 ) ) ;
#3241 = EDGE_CURVE ( 'NONE', #6814, #10603, #2946, .T. ) ;
#3240 = DIRECTION ( 'NONE',  ( 0.000000000000000000, 0.000000000000000000, -1.000000000000000000 ) ) ;
#3242 = CIRCLE ( 'NONE', #3828, 3.999999999999996447 ) ;
#3243 = DIRECTION ( 'NONE',  ( -1.000000000000000000, 0.000000000000000000, 0.000000000000000000 ) ) ;
#3244 = VERTEX_POINT ( 'NONE', #198 ) ;
#3245 = DIRECTION ( 'NONE',  ( 0.000000000000000000, 1.000000000000000000, -0.000000000000000000 ) ) ;
#3246 = DIRECTION ( 'NONE',  ( 0.7068426668207424823, 0.7073707969387348360, 0.000000000000000000 ) ) ;
#3247 = VECTOR ( 'NONE', #4823, 1000.000000000000000 ) ;
#3248 = CARTESIAN_POINT ( 'NONE',  ( -26.53981574427545098, -33.04279534396623319, 50.00000000000000000 ) ) ;
#3249 = ORIENTED_EDGE ( 'NONE', *, *, #2380, .T. ) ;
#3250 = TOROIDAL_SURFACE ( 'NONE', #9555, 5.000000000000000000, 1.000000000000000000 ) ;
#3251 = DIRECTION ( 'NONE',  ( -1.000000000000000000, 0.000000000000000000, 0.000000000000000000 ) ) ;
#3252 = CIRCLE ( 'NONE', #3839, 3.200000000000001510 ) ;
#3253 = CIRCLE ( 'NONE', #5537, 2.599999999999998312 ) ;
#3254 = EDGE_LOOP ( 'NONE', ( #9998, #6473, #8609, #11420 ) ) ;
#3255 = AXIS2_PLACEMENT_3D ( 'NONE', #4739, #9400, #6700 ) ;
#3256 = DIRECTION ( 'NONE',  ( 1.137523590804463822E-16, -1.000000000000000000, -0.000000000000000000 ) ) ;
#3257 = CARTESIAN_POINT ( 'NONE',  ( -18.81287924089114227, 24.32813405080258562, 4.000000000000000000 ) ) ;
#3258 = VECTOR ( 'NONE', #6317, 1000.000000000000000 ) ;
#3259 = ORIENTED_EDGE ( 'NONE', *, *, #2238, .F. ) ;
#3260 = EDGE_CURVE ( 'NONE', #2481, #4794, #3876, .T. ) ;
#3261 = CARTESIAN_POINT ( 'NONE',  ( -14.76172792831098235, -25.46903046660925796, 5.700000000000000178 ) ) ;
#3262 = CARTESIAN_POINT ( 'NONE',  ( -31.24325230736886283, 5.244997879939018226, 6.065357531000026725 ) ) ;
#3263 = CARTESIAN_POINT ( 'NONE',  ( -21.82807647901000081, 18.53459485037750554, 5.700000000000000178 ) ) ;
#3264 = EDGE_CURVE ( 'NONE', #9237, #876, #5191, .T. ) ;
#3265 = EDGE_CURVE ( 'NONE', #3842, #7063, #5313, .T. ) ;
#3266 = DIRECTION ( 'NONE',  ( 5.941966010906629203E-14, 1.000000000000000000, 0.000000000000000000 ) ) ;
#3267 = VERTEX_POINT ( 'NONE', #10559 ) ;
#3268 = CYLINDRICAL_SURFACE ( 'NONE', #7098, 2.599999999999998312 ) ;
#3269 = CARTESIAN_POINT ( 'NONE',  ( 0.000000000000000000, 0.000000000000000000, 5.700000000000000178 ) ) ;
#3270 = CIRCLE ( 'NONE', #11674, 0.2999999999999991007 ) ;
#3271 = DIRECTION ( 'NONE',  ( -1.000000000000000000, 0.000000000000000000, -0.000000000000000000 ) ) ;
#3272 = CARTESIAN_POINT ( 'NONE',  ( 11.88379308764715958, 26.28294234767709270, 6.000000000000000000 ) ) ;
#3273 = EDGE_CURVE ( 'NONE', #10603, #6452, #7034, .T. ) ;
#3274 = AXIS2_PLACEMENT_3D ( 'NONE', #7886, #3279, #1613 ) ;
#3275 = DIRECTION ( 'NONE',  ( 0.7073707969387312833, -0.7068426668207460351, 0.000000000000000000 ) ) ;
#3276 = CARTESIAN_POINT ( 'NONE',  ( -23.45351630345750493, -18.69899664557417296, 5.699999999999999289 ) ) ;
#3277 = ORIENTED_EDGE ( 'NONE', *, *, #2428, .T. ) ;
#3278 = CARTESIAN_POINT ( 'NONE',  ( -30.99799655611299798, 5.486641211662069750, 6.000000000000000000 ) ) ;
#3279 = DIRECTION ( 'NONE',  ( 0.000000000000000000, 1.204669080539449344E-16, 1.000000000000000000 ) ) ;
#3280 = CARTESIAN_POINT ( 'NONE',  ( 33.95509988487780362, -28.49999999999999645, 21.79418443339718436 ) ) ;
#3281 = CARTESIAN_POINT ( 'NONE',  ( -40.99999999999999289, -37.29999999999999716, 14.00000000000000178 ) ) ;
#3282 = ORIENTED_EDGE ( 'NONE', *, *, #4737, .F. ) ;
#3283 = EDGE_CURVE ( 'NONE', #6290, #3967, #3182, .T. ) ;
#3284 = CARTESIAN_POINT ( 'NONE',  ( 18.81331172321498713, 24.09389133423949048, 4.000000000000000000 ) ) ;
#3285 = AXIS2_PLACEMENT_3D ( 'NONE', #3972, #2851, #3862 ) ;
#3286 = EDGE_CURVE ( 'NONE', #6849, #7141, #1968, .T. ) ;
#3287 = CIRCLE ( 'NONE', #6720, 0.2999999999999998779 ) ;
#3288 = DIRECTION ( 'NONE',  ( -0.7714330751445195311, -0.6363104671251842426, 0.000000000000000000 ) ) ;
#3289 = CARTESIAN_POINT ( 'NONE',  ( 0.000000000000000000, 0.000000000000000000, 0.5000000000000004441 ) ) ;
#3290 = AXIS2_PLACEMENT_3D ( 'NONE', #9956, #3617, #998 ) ;
#3291 = ORIENTED_EDGE ( 'NONE', *, *, #163, .F. ) ;
#3292 = CARTESIAN_POINT ( 'NONE',  ( 30.00000000000000711, 31.00000000000000711, 0.5000000000000004441 ) ) ;
#3293 = AXIS2_PLACEMENT_3D ( 'NONE', #8272, #103, #6529 ) ;
#3294 = DIRECTION ( 'NONE',  ( 0.000000000000000000, 1.000000000000000000, -1.204669080539449344E-16 ) ) ;
#3295 = FACE_OUTER_BOUND ( 'NONE', #4967, .T. ) ;
#3296 = ORIENTED_EDGE ( 'NONE', *, *, #6843, .F. ) ;
#3297 = CARTESIAN_POINT ( 'NONE',  ( -33.39262183952701690, -28.49999999999999645, 22.76953813540266580 ) ) ;
#3298 = AXIS2_PLACEMENT_3D ( 'NONE', #11086, #4749, #6475 ) ;
#3299 = VECTOR ( 'NONE', #1081, 1000.000000000000000 ) ;
#3300 = DIRECTION ( 'NONE',  ( -1.000000000000000000, 0.000000000000000000, 0.000000000000000000 ) ) ;
#3301 = CIRCLE ( 'NONE', #8833, 2.600000000000001421 ) ;
#3302 = EDGE_CURVE ( 'NONE', #413, #10043, #8818, .T. ) ;
#3303 = FACE_OUTER_BOUND ( 'NONE', #7430, .T. ) ;
#3304 = VERTEX_POINT ( 'NONE', #7759 ) ;
#3305 = EDGE_CURVE ( 'NONE', #7416, #9042, #8455, .T. ) ;
#3306 = CARTESIAN_POINT ( 'NONE',  ( 30.38154335004120910, -28.61836820903720380, 21.69862876025383258 ) ) ;
#3307 = DIRECTION ( 'NONE',  ( 1.000000000000000000, 0.000000000000000000, 0.000000000000000000 ) ) ;
#3308 = AXIS2_PLACEMENT_3D ( 'NONE', #4523, #2853, #6423 ) ;
#3309 = ORIENTED_EDGE ( 'NONE', *, *, #8540, .T. ) ;
#3310 = AXIS2_PLACEMENT_3D ( 'NONE', #9430, #11267, #308 ) ;
#3311 = VERTEX_POINT ( 'NONE', #11635 ) ;
#3312 = CYLINDRICAL_SURFACE ( 'NONE', #2417, 3.000000000000002665 ) ;
#3313 = ORIENTED_EDGE ( 'NONE', *, *, #2050, .F. ) ;
#3314 = DIRECTION ( 'NONE',  ( -1.000000000000000000, 0.000000000000000000, 0.000000000000000000 ) ) ;
#3315 = EDGE_LOOP ( 'NONE', ( #5579, #518, #10986, #3378 ) ) ;
#3316 = CYLINDRICAL_SURFACE ( 'NONE', #7841, 0.5000000000000004441 ) ;
#3317 = LINE ( 'NONE', #5148, #9591 ) ;
#3318 = B_SPLINE_CURVE_WITH_KNOTS ( 'NONE', 3,
 ( #8379, #10187, #11136, #279, #1106, #4791 ),
 .UNSPECIFIED., .F., .F.,
 ( 4, 2, 4 ),
 ( 0.000000000000000000, 0.002452399466645749891, 0.004904798933291499782 ),
 .UNSPECIFIED. ) ;
#3319 = CARTESIAN_POINT ( 'NONE',  ( 30.32043779202367872, 8.773850597886374558, 0.8861293785905207665 ) ) ;
#3320 = ORIENTED_EDGE ( 'NONE', *, *, #8487, .T. ) ;
#3321 = AXIS2_PLACEMENT_3D ( 'NONE', #23, #11772, #2642 ) ;
#3322 = CARTESIAN_POINT ( 'NONE',  ( -40.99999999999999289, -37.29999999999999716, 14.00000000000000178 ) ) ;
#3323 = ORIENTED_EDGE ( 'NONE', *, *, #6346, .F. ) ;
#3324 = CIRCLE ( 'NONE', #3909, 2.800000000000000266 ) ;
#3325 = CARTESIAN_POINT ( 'NONE',  ( -19.18495017097079369, 25.91927170678971493, 5.700000000000000178 ) ) ;
#3326 = ORIENTED_EDGE ( 'NONE', *, *, #86, .F. ) ;
#3327 = CARTESIAN_POINT ( 'NONE',  ( 9.649569898697942349, -32.80000000000045901, 6.062201929028376846 ) ) ;
#3328 = CYLINDRICAL_SURFACE ( 'NONE', #6145, 0.5000000000000004441 ) ;
#3329 = DIRECTION ( 'NONE',  ( 0.000000000000000000, 0.000000000000000000, -1.000000000000000000 ) ) ;
#3330 = DIRECTION ( 'NONE',  ( -1.000000000000000000, -1.519465818373845562E-16, 0.000000000000000000 ) ) ;
#3331 = ORIENTED_EDGE ( 'NONE', *, *, #2260, .F. ) ;
#3332 = CARTESIAN_POINT ( 'NONE',  ( 20.29508843714771871, -31.55872636749531424, 5.000000000000000000 ) ) ;
#3333 = CARTESIAN_POINT ( 'NONE',  ( 25.88729591894641757, -32.92621360960988852, 49.50361897545592171 ) ) ;
#3334 = AXIS2_PLACEMENT_3D ( 'NONE', #3580, #3460, #5293 ) ;
#3335 = LINE ( 'NONE', #4345, #6090 ) ;
#3336 = EDGE_CURVE ( 'NONE', #7742, #7717, #4245, .T. ) ;
#3337 = DIRECTION ( 'NONE',  ( -1.000000000000000000, 0.000000000000000000, 0.000000000000000000 ) ) ;
#3338 = DIRECTION ( 'NONE',  ( -1.000000000000000000, 0.000000000000000000, 0.000000000000000000 ) ) ;
#3339 = CARTESIAN_POINT ( 'NONE',  ( -25.85980940434562214, -19.16813678315442004, 5.700000000000000178 ) ) ;
#3340 = ORIENTED_EDGE ( 'NONE', *, *, #11367, .F. ) ;
#3341 = DIRECTION ( 'NONE',  ( -5.941966010906629203E-14, -1.000000000000000000, -0.000000000000000000 ) ) ;
#3342 = CARTESIAN_POINT ( 'NONE',  ( 30.61533156658497035, 7.289908868265903230, 5.697284263599983412 ) ) ;
#3343 = CYLINDRICAL_SURFACE ( 'NONE', #1000, 27.84471522829317180 ) ;
#3344 = CARTESIAN_POINT ( 'NONE',  ( 41.00000000000000711, -28.69999999999999574, 14.00000000000000178 ) ) ;
#3345 = ORIENTED_EDGE ( 'NONE', *, *, #6826, .F. ) ;
#3346 = CARTESIAN_POINT ( 'NONE',  ( -21.86605083265882854, -18.03603898744441736, 6.000000000000000000 ) ) ;
#3348 = EDGE_CURVE ( 'NONE', #8510, #3410, #1777, .T. ) ;
#3347 = DIRECTION ( 'NONE',  ( -0.000000000000000000, -0.000000000000000000, 1.000000000000000000 ) ) ;
#3349 = CARTESIAN_POINT ( 'NONE',  ( 12.30374153030288653, -27.88417552604496308, 4.000000000000000000 ) ) ;
#3350 = EDGE_CURVE ( 'NONE', #864, #2107, #6848, .T. ) ;
#3351 = ORIENTED_EDGE ( 'NONE', *, *, #3963, .T. ) ;
#3352 = EDGE_CURVE ( 'NONE', #6083, #7385, #4868, .T. ) ;
#3353 = LINE ( 'NONE', #5256, #5337 ) ;
#3354 = DIRECTION ( 'NONE',  ( -1.000000000000000000, 0.000000000000000000, 0.000000000000000000 ) ) ;
#3355 = CYLINDRICAL_SURFACE ( 'NONE', #6326, 1.000000000000000888 ) ;
#3356 = ORIENTED_EDGE ( 'NONE', *, *, #5072, .T. ) ;
#3357 = LINE ( 'NONE', #1567, #1438 ) ;
#3358 = EDGE_CURVE ( 'NONE', #7247, #5691, #1188, .T. ) ;
#3359 = ORIENTED_EDGE ( 'NONE', *, *, #6251, .T. ) ;
#3360 = CARTESIAN_POINT ( 'NONE',  ( -20.22343168682450454, -31.18700226176694912, 4.000000000000000000 ) ) ;
#3361 = ORIENTED_EDGE ( 'NONE', *, *, #10137, .T. ) ;
#3362 = CARTESIAN_POINT ( 'NONE',  ( 33.99999999999997868, 6.087450786638746614, 4.838578414359387736 ) ) ;
#3363 = CARTESIAN_POINT ( 'NONE',  ( -26.64689772753529695, 19.39069158978175977, 6.000000000000000000 ) ) ;
#3364 = ORIENTED_EDGE ( 'NONE', *, *, #1974, .T. ) ;
#3365 = EDGE_CURVE ( 'NONE', #1733, #7518, #10922, .T. ) ;
#3366 = EDGE_CURVE ( 'NONE', #10726, #8199, #1488, .T. ) ;
#3367 = ORIENTED_EDGE ( 'NONE', *, *, #516, .F. ) ;
#3368 = DIRECTION ( 'NONE',  ( -1.000000000000000000, -1.137523590804463822E-16, 0.000000000000000000 ) ) ;
#3369 = ORIENTED_EDGE ( 'NONE', *, *, #1976, .F. ) ;
#3370 = EDGE_CURVE ( 'NONE', #8840, #3171, #5115, .T. ) ;
#3371 =( BOUNDED_SURFACE ( )  B_SPLINE_SURFACE ( 3, 2, ( 
 ( #3792, #2668, #7432 ),
 ( #2016, #1774, #5399 ),
 ( #2908, #5634, #6537 ),
 ( #9053, #4515, #8156 ),
 ( #11792, #5451, #935 ),
 ( #8214, #52, #11192 ),
 ( #2966, #9340, #7554 ),
 ( #11142, #5916, #8618 ),
 ( #287, #9457, #11309 ),
 ( #10295, #3181, #3918 ) ),
 .UNSPECIFIED., .F., .F., .F. ) 
 B_SPLINE_SURFACE_WITH_KNOTS ( ( 4, 2, 2, 2, 4 ),
 ( 3, 3 ),
 ( 4.712388980384689674, 5.105088062083414258, 5.497787143782137953, 5.890486225480861648, 6.283185307179586232 ),
 ( 0.000000000000000000, 1.000000000000000000 ),
 .UNSPECIFIED. ) 
 GEOMETRIC_REPRESENTATION_ITEM ( )  RATIONAL_B_SPLINE_SURFACE ( (
 ( 1.000000000000000000, 1.000000000000000000, 1.000000000000000000),
 ( 1.000000000000000000, 1.000061422601958849, 1.000000000000000000),
 ( 1.000000000000000000, 0.9960735243018560281, 1.000000000000000000),
 ( 1.000000000000000000, 0.9823831698910113763, 1.000000000000000000),
 ( 1.000000000000000000, 0.9726737254462166637, 1.000000000000000000),
 ( 1.000000000000000000, 0.9527796749088094375, 1.000000000000000000),
 ( 1.000000000000000000, 0.9427130835493626737, 1.000000000000000000),
 ( 1.000000000000000000, 0.9282360614251585762, 1.000000000000000000),
 ( 1.000000000000000000, 0.9238731109533228070, 1.000000000000000000),
 ( 1.000000000000000000, 0.9239509718969750596, 1.000000000000000000) ) ) 
 REPRESENTATION_ITEM ( '' )  SURFACE ( )  );
#3372 = ADVANCED_FACE ( 'NONE', ( #5181 ), #6337, .T. ) ;
#3373 = FACE_OUTER_BOUND ( 'NONE', #11666, .T. ) ;
#3374 = ORIENTED_EDGE ( 'NONE', *, *, #8104, .F. ) ;
#3375 = FACE_OUTER_BOUND ( 'NONE', #10718, .T. ) ;
#3376 = FACE_BOUND ( 'NONE', #407, .T. ) ;
#3377 = DIRECTION ( 'NONE',  ( -0.000000000000000000, 1.000000000000000000, -1.204669080539449344E-16 ) ) ;
#3378 = ORIENTED_EDGE ( 'NONE', *, *, #449, .F. ) ;
#3379 = DIRECTION ( 'NONE',  ( 0.000000000000000000, 0.8994353934787675531, -0.4370537414983364233 ) ) ;
#3380 = VERTEX_POINT ( 'NONE', #663 ) ;
#3381 = CARTESIAN_POINT ( 'NONE',  ( 18.94607976204762423, 25.07448155164644987, 5.700000000000000178 ) ) ;
#3382 = ORIENTED_EDGE ( 'NONE', *, *, #6622, .T. ) ;
#3383 = DIRECTION ( 'NONE',  ( 0.000000000000000000, 0.000000000000000000, -1.000000000000000000 ) ) ;
#3384 = CARTESIAN_POINT ( 'NONE',  ( -9.696362071903116941, -32.38442330966002913, 5.780412673752686636 ) ) ;
#3385 = DIRECTION ( 'NONE',  ( -1.000000000000000000, -1.137523590804463822E-16, 0.000000000000000000 ) ) ;
#3386 = DIRECTION ( 'NONE',  ( -1.000000000000000000, 0.000000000000000000, 0.000000000000000000 ) ) ;
#3387 = ORIENTED_EDGE ( 'NONE', *, *, #284, .T. ) ;
#3388 = CYLINDRICAL_SURFACE ( 'NONE', #5738, 3.500000000000003109 ) ;
#3389 = CARTESIAN_POINT ( 'NONE',  ( 26.54977008365137436, -33.14900740443847127, 49.87378639017500603 ) ) ;
#3390 = CARTESIAN_POINT ( 'NONE',  ( -24.32813405079680535, 18.81287924088788444, 4.000000000000000000 ) ) ;
#3391 = CARTESIAN_POINT ( 'NONE',  ( -49.99999999999999289, -28.49999999999999645, -6.123233995736766085E-15 ) ) ;
#3392 = CIRCLE ( 'NONE', #2836, 1.499999999999999556 ) ;
#3393 = DIRECTION ( 'NONE',  ( -0.7068426668207460351, -0.7073707969387312833, 0.000000000000000000 ) ) ;
#3394 = DIRECTION ( 'NONE',  ( 0.000000000000000000, 0.000000000000000000, -1.000000000000000000 ) ) ;
#3395 = ORIENTED_EDGE ( 'NONE', *, *, #8847, .T. ) ;
#3396 = CARTESIAN_POINT ( 'NONE',  ( -31.50914374842912835, 5.341214831088907822, 6.000000000000000000 ) ) ;
#3397 = DIRECTION ( 'NONE',  ( -0.000000000000000000, -1.000000000000000000, -0.000000000000000000 ) ) ;
#3398 = CARTESIAN_POINT ( 'NONE',  ( 33.79966683626618362, -28.13429497298536575, 21.89374631219972400 ) ) ;
#3399 = CYLINDRICAL_SURFACE ( 'NONE', #8961, 0.4999999999999983902 ) ;
#3400 = B_SPLINE_CURVE_WITH_KNOTS ( 'NONE', 3,
 ( #3799, #4809, #8395, #10254, #9243, #2070, #11198, #8515, #1072, #9415 ),
 .UNSPECIFIED., .F., .F.,
 ( 4, 2, 2, 2, 4 ),
 ( 0.000000000000000000, 0.001906155562291716749, 0.003812311124583433498, 0.005718466686875150681, 0.007624622249166866997 ),
 .UNSPECIFIED. ) ;
#3401 = ORIENTED_EDGE ( 'NONE', *, *, #10487, .T. ) ;
#3402 = CARTESIAN_POINT ( 'NONE',  ( -30.22500549483229904, 6.965246764199703122, 6.000000000000000000 ) ) ;
#3403 = AXIS2_PLACEMENT_3D ( 'NONE', #10992, #1862, #6204 ) ;
#3404 = DIRECTION ( 'NONE',  ( 0.000000000000000000, 0.000000000000000000, -1.000000000000000000 ) ) ;
#3405 = DIRECTION ( 'NONE',  ( 0.000000000000000000, 0.000000000000000000, 1.000000000000000000 ) ) ;
#3406 = ORIENTED_EDGE ( 'NONE', *, *, #1754, .F. ) ;
#3407 = CARTESIAN_POINT ( 'NONE',  ( -32.83557716167654661, 6.904746624382706699, 5.296121776863997432 ) ) ;
#3408 = DIRECTION ( 'NONE',  ( 0.000000000000000000, 0.8994353934787675531, -0.4370537414983364233 ) ) ;
#3409 = CARTESIAN_POINT ( 'NONE',  ( 25.50000000000000355, 26.00000000000000711, 0.5000000000000004441 ) ) ;
#3410 = VERTEX_POINT ( 'NONE', #6134 ) ;
#3411 = PLANE ( 'NONE',  #11166 ) ;
#3412 = TOROIDAL_SURFACE ( 'NONE', #10101, 0.7999999999999999334, 0.2999999999999999889 ) ;
#3413 = DIRECTION ( 'NONE',  ( -0.000000000000000000, 0.000000000000000000, -1.000000000000000000 ) ) ;
#3414 = EDGE_LOOP ( 'NONE', ( #6014, #1001, #1757, #10970 ) ) ;
#3415 = ADVANCED_FACE ( 'NONE', ( #1610 ), #8886, .T. ) ;
#3416 = EDGE_CURVE ( 'NONE', #9695, #2187, #6146, .T. ) ;
#3417 = FACE_OUTER_BOUND ( 'NONE', #7739, .T. ) ;
#3418 = VERTEX_POINT ( 'NONE', #5294 ) ;
#3419 = DIRECTION ( 'NONE',  ( 0.000000000000000000, -1.000000000000000000, 1.084202172485504434E-16 ) ) ;
#3420 = CARTESIAN_POINT ( 'NONE',  ( -40.99999999999998579, -37.29999999999999716, 37.50000000000000000 ) ) ;
#3421 = VECTOR ( 'NONE', #9863, 1000.000000000000000 ) ;
#3422 = ORIENTED_EDGE ( 'NONE', *, *, #4249, .T. ) ;
#3423 = ORIENTED_EDGE ( 'NONE', *, *, #8262, .T. ) ;
#3424 = DIRECTION ( 'NONE',  ( 1.137523590804463822E-16, -1.000000000000000000, -0.000000000000000000 ) ) ;
#3425 = ORIENTED_EDGE ( 'NONE', *, *, #6363, .F. ) ;
#3426 = CARTESIAN_POINT ( 'NONE',  ( 31.50000000000000711, 5.559677934766185992, 5.949717696739386774 ) ) ;
#3427 = ORIENTED_EDGE ( 'NONE', *, *, #2000, .F. ) ;
#3428 = CARTESIAN_POINT ( 'NONE',  ( -19.96629138838773443, -32.53253043250172993, 6.057360645716453718 ) ) ;
#3429 = CARTESIAN_POINT ( 'NONE',  ( 32.99999999999997868, -16.10783521469172541, 15.36658938351599701 ) ) ;
#3430 = CIRCLE ( 'NONE', #972, 0.3000000000000016542 ) ;
#3431 = DIRECTION ( 'NONE',  ( -1.000000000000000000, -0.000000000000000000, -0.000000000000000000 ) ) ;
#3432 = VERTEX_POINT ( 'NONE', #5473 ) ;
#3433 = CARTESIAN_POINT ( 'NONE',  ( 30.74512848119494279, -28.24634548648489485, 21.99414047527504579 ) ) ;
#3434 = EDGE_CURVE ( 'NONE', #3237, #2307, #9019, .T. ) ;
#3435 = EDGE_CURVE ( 'NONE', #4807, #3709, #6773, .T. ) ;
#3436 = EDGE_CURVE ( 'NONE', #1362, #7352, #8448, .T. ) ;
#3437 = AXIS2_PLACEMENT_3D ( 'NONE', #5376, #1817, #5314 ) ;
#3438 =( BOUNDED_SURFACE ( )  B_SPLINE_SURFACE ( 3, 2, ( 
 ( #3718, #9025, #4431 ),
 ( #1924, #6331, #7359 ),
 ( #1040, #8076, #24 ),
 ( #9082, #6517, #11718 ),
 ( #7302, #2643, #10941 ),
 ( #2771, #3543, #7179 ) ),
 .UNSPECIFIED., .F., .F., .F. ) 
 B_SPLINE_SURFACE_WITH_KNOTS ( ( 4, 2, 4 ),
 ( 3, 3 ),
 ( -3.957337929572091184E-18, 0.0002571116618968101192, 0.0005142233237936242500 ),
 ( 0.000000000000000000, 1.000000000000000000 ),
 .UNSPECIFIED. ) 
 GEOMETRIC_REPRESENTATION_ITEM ( )  RATIONAL_B_SPLINE_SURFACE ( (
 ( 1.000000000000000000, 0.9667690877350056944, 1.000000000000000000),
 ( 1.000000000000000000, 0.9743507792832866166, 1.000000000000000000),
 ( 1.000000000000000000, 0.9816467332325535811, 1.000000000000000000),
 ( 1.000000000000000000, 0.9940150454038427785, 1.000000000000000000),
 ( 1.000000000000000000, 0.9995291476012020393, 1.000000000000000000),
 ( 1.000000000000000000, 1.000000000000000000, 1.000000000000000000) ) ) 
 REPRESENTATION_ITEM ( '' )  SURFACE ( )  );
#3439 = AXIS2_PLACEMENT_3D ( 'NONE', #7947, #4305, #1443 ) ;
#3440 = ORIENTED_EDGE ( 'NONE', *, *, #2942, .F. ) ;
#3441 = AXIS2_PLACEMENT_3D ( 'NONE', #5047, #2377, #526 ) ;
#3442 = CARTESIAN_POINT ( 'NONE',  ( -40.99999999999999289, -37.29999999999999716, 11.00000000000000000 ) ) ;
#3443 = ORIENTED_EDGE ( 'NONE', *, *, #890, .F. ) ;
#3444 = FACE_OUTER_BOUND ( 'NONE', #4143, .T. ) ;
#3445 = DIRECTION ( 'NONE',  ( -0.000000000000000000, -0.000000000000000000, 1.000000000000000000 ) ) ;
#3447 = CARTESIAN_POINT ( 'NONE',  ( 25.00000000000001421, -37.00000000000000000, 44.00000000000000711 ) ) ;
#3446 = AXIS2_PLACEMENT_3D ( 'NONE', #3466, #11711, #11764 ) ;
#3448 = CARTESIAN_POINT ( 'NONE',  ( 11.88379308764715958, 26.28294234767709270, 6.000000000000000000 ) ) ;
#3449 = ORIENTED_EDGE ( 'NONE', *, *, #10244, .T. ) ;
#3450 = VECTOR ( 'NONE', #7042, 1000.000000000000000 ) ;
#3451 = CARTESIAN_POINT ( 'NONE',  ( -27.55126265846939759, -24.74873734153059246, 0.1999999999999987899 ) ) ;
#3452 = EDGE_CURVE ( 'NONE', #9379, #460, #3682, .T. ) ;
#3453 = DIRECTION ( 'NONE',  ( -1.000000000000000000, -1.137523590804463822E-16, 1.370339498226346127E-32 ) ) ;
#3454 = ADVANCED_FACE ( 'NONE', ( #9850 ), #9010, .T. ) ;
#3455 = CIRCLE ( 'NONE', #4026, 0.4999999999999995559 ) ;
#3456 = CARTESIAN_POINT ( 'NONE',  ( -25.91927170679477044, 19.18495017097017197, 4.000000000000000000 ) ) ;
#3457 = CIRCLE ( 'NONE', #985, 0.2999999999999997669 ) ;
#3458 = VECTOR ( 'NONE', #10873, 1000.000000000000000 ) ;
#3459 = CARTESIAN_POINT ( 'NONE',  ( 18.81287924089114583, 24.32813405080258562, 4.000000000000000000 ) ) ;
#3460 = DIRECTION ( 'NONE',  ( 0.000000000000000000, 0.000000000000000000, -1.000000000000000000 ) ) ;
#3461 = DIRECTION ( 'NONE',  ( 0.000000000000000000, 0.000000000000000000, 1.000000000000000000 ) ) ;
#3462 = ORIENTED_EDGE ( 'NONE', *, *, #9841, .T. ) ;
#3463 = DIRECTION ( 'NONE',  ( 1.000000000000000000, 0.000000000000000000, 0.000000000000000000 ) ) ;
#3464 = CARTESIAN_POINT ( 'NONE',  ( 30.50000000000001421, 7.975369471349342376, 5.531043402186893942 ) ) ;
#3465 = CARTESIAN_POINT ( 'NONE',  ( 34.02666009618300080, -28.49999999999999645, 21.47048206683652793 ) ) ;
#3466 = CARTESIAN_POINT ( 'NONE',  ( -24.99999999999999289, -33.79999999999999716, 44.00000000000000711 ) ) ;
#3467 = ORIENTED_EDGE ( 'NONE', *, *, #7731, .T. ) ;
#3468 = VECTOR ( 'NONE', #7326, 1000.000000000000000 ) ;
#3469 = LINE ( 'NONE', #607, #3450 ) ;
#3470 = DIRECTION ( 'NONE',  ( 1.000000000000000000, 0.000000000000000000, 0.000000000000000000 ) ) ;
#3471 = ORIENTED_EDGE ( 'NONE', *, *, #6781, .T. ) ;
#3472 = CARTESIAN_POINT ( 'NONE',  ( 21.48033429508655345, 17.71788375388184278, 4.000000000000000000 ) ) ;
#3473 = CIRCLE ( 'NONE', #613, 10.00000000000000178 ) ;
#3474 = CARTESIAN_POINT ( 'NONE',  ( -33.99999999999997868, 4.062946258501666463, 5.565201117364108718 ) ) ;
#3475 = CARTESIAN_POINT ( 'NONE',  ( -12.03987644224294229, -27.52967587927606630, 6.000000000000000000 ) ) ;
#3476 = EDGE_LOOP ( 'NONE', ( #2124, #7847, #11259, #3175 ) ) ;
#3477 = CARTESIAN_POINT ( 'NONE',  ( -32.99999999999997868, -28.49999999999999645, 22.81294424401309584 ) ) ;
#3478 = DIRECTION ( 'NONE',  ( 0.000000000000000000, 0.000000000000000000, 1.000000000000000000 ) ) ;
#3479 = EDGE_LOOP ( 'NONE', ( #10278, #925, #7423, #818 ) ) ;
#3480 = CIRCLE ( 'NONE', #2724, 9.500000000000001776 ) ;
#3481 = VECTOR ( 'NONE', #5489, 1000.000000000000000 ) ;
#3482 = CARTESIAN_POINT ( 'NONE',  ( 41.00000000000000711, -28.69999999999999574, 14.00000000000000178 ) ) ;
#3483 = ORIENTED_EDGE ( 'NONE', *, *, #8542, .F. ) ;
#3484 = AXIS2_PLACEMENT_3D ( 'NONE', #3696, #11093, #6481 ) ;
#3485 = CARTESIAN_POINT ( 'NONE',  ( -37.79999999999998295, -37.29999999999999716, 40.50000000000000000 ) ) ;
#3486 = DIRECTION ( 'NONE',  ( -0.2720892402858367531, 0.9622720225178930109, 0.000000000000000000 ) ) ;
#3487 = VERTEX_POINT ( 'NONE', #1665 ) ;
#3488 = ADVANCED_FACE ( 'NONE', ( #7217 ), #6315, .F. ) ;
#3489 = CIRCLE ( 'NONE', #5752, 0.5000000000000004441 ) ;
#3490 = ORIENTED_EDGE ( 'NONE', *, *, #7647, .F. ) ;
#3491 = AXIS2_PLACEMENT_3D ( 'NONE', #1800, #2757, #5419 ) ;
#3492 = DIRECTION ( 'NONE',  ( 0.000000000000000000, 0.000000000000000000, -1.000000000000000000 ) ) ;
#3493 = ORIENTED_EDGE ( 'NONE', *, *, #11113, .T. ) ;
#3494 = EDGE_CURVE ( 'NONE', #3017, #2065, #846, .T. ) ;
#3495 = CARTESIAN_POINT ( 'NONE',  ( -40.99999999999999289, -28.69999999999999574, 17.20000000000000284 ) ) ;
#3496 = AXIS2_PLACEMENT_3D ( 'NONE', #643, #4392, #11616 ) ;
#3497 = DIRECTION ( 'NONE',  ( -0.000000000000000000, -0.000000000000000000, -1.000000000000000000 ) ) ;
#3498 = ORIENTED_EDGE ( 'NONE', *, *, #5477, .F. ) ;
#3499 = CARTESIAN_POINT ( 'NONE',  ( 49.00000000000000711, -28.49999999999999645, 45.00000000000000711 ) ) ;
#3500 = DIRECTION ( 'NONE',  ( 0.000000000000000000, 0.000000000000000000, -1.000000000000000000 ) ) ;
#3501 = CARTESIAN_POINT ( 'NONE',  ( -18.89509114123117683, 22.61090848307572188, 5.999999999999999112 ) ) ;
#3502 = ORIENTED_EDGE ( 'NONE', *, *, #1410, .F. ) ;
#3503 = CIRCLE ( 'NONE', #10184, 0.4999999999999990008 ) ;
#3504 = VECTOR ( 'NONE', #6662, 1000.000000000000000 ) ;
#3505 = CARTESIAN_POINT ( 'NONE',  ( 27.58294234767780395, 11.88379308764551467, 5.700000000000000178 ) ) ;
#3506 = VECTOR ( 'NONE', #11228, 1000.000000000000000 ) ;
#3507 = ORIENTED_EDGE ( 'NONE', *, *, #4157, .T. ) ;
#3508 = EDGE_LOOP ( 'NONE', ( #336, #11707, #6125, #4695 ) ) ;
#3509 = ADVANCED_FACE ( 'NONE', ( #9978 ), #4653, .F. ) ;
#3510 = EDGE_CURVE ( 'NONE', #362, #8559, #8174, .T. ) ;
#3511 = DIRECTION ( 'NONE',  ( -0.000000000000000000, 1.000000000000000000, 0.000000000000000000 ) ) ;
#3512 = ORIENTED_EDGE ( 'NONE', *, *, #9849, .T. ) ;
#3513 = ADVANCED_FACE ( 'NONE', ( #1726 ), #5529, .T. ) ;
#3514 = FACE_OUTER_BOUND ( 'NONE', #10846, .T. ) ;
#3515 = ADVANCED_FACE ( 'NONE', ( #956 ), #4416, .F. ) ;
#3516 = CARTESIAN_POINT ( 'NONE',  ( -29.99999999999996803, -36.50000000000000000, 0.000000000000000000 ) ) ;
#3517 = AXIS2_PLACEMENT_3D ( 'NONE', #5765, #1196, #7521 ) ;
#3518 = DIRECTION ( 'NONE',  ( 0.000000000000000000, 0.000000000000000000, -1.000000000000000000 ) ) ;
#3519 = DIRECTION ( 'NONE',  ( -1.224646799147353207E-16, 1.000000000000000000, 0.000000000000000000 ) ) ;
#3520 = VERTEX_POINT ( 'NONE', #3634 ) ;
#3521 = CARTESIAN_POINT ( 'NONE',  ( 0.000000000000000000, 0.000000000000000000, 3.000000000000000000 ) ) ;
#3522 = CARTESIAN_POINT ( 'NONE',  ( -3.903587267792826054, -32.79999999999999716, 6.500000000000000888 ) ) ;
#3523 =( BOUNDED_CURVE ( )  B_SPLINE_CURVE ( 3, ( #6036, #4321, #3550, #10766 ),
 .UNSPECIFIED., .F., .F. ) 
 B_SPLINE_CURVE_WITH_KNOTS ( ( 4, 4 ),
 ( 1.570796326794896780, 3.016264822421728997 ),
 .UNSPECIFIED. ) 
 CURVE ( )  GEOMETRIC_REPRESENTATION_ITEM ( )  RATIONAL_B_SPLINE_CURVE ( ( 1.000000000000000000, 0.8333333333333330373, 0.8333333333333330373, 1.000000000000000000 ) ) 
 REPRESENTATION_ITEM ( '' )  );
#3524 = DIRECTION ( 'NONE',  ( 0.000000000000000000, 0.000000000000000000, -1.000000000000000000 ) ) ;
#3525 = VECTOR ( 'NONE', #2945, 999.9999999999998863 ) ;
#3526 = CARTESIAN_POINT ( 'NONE',  ( 19.18495017097079014, 25.91927170678971848, 5.700000000000000178 ) ) ;
#3527 = EDGE_CURVE ( 'NONE', #7742, #7383, #72, .T. ) ;
#3528 = FACE_OUTER_BOUND ( 'NONE', #4623, .T. ) ;
#3529 = CARTESIAN_POINT ( 'NONE',  ( -30.35342133341034909, -28.64646922948985619, 21.28750090350186852 ) ) ;
#3530 = ORIENTED_EDGE ( 'NONE', *, *, #11370, .F. ) ;
#3531 = EDGE_CURVE ( 'NONE', #3380, #1225, #10037, .T. ) ;
#3532 = DIRECTION ( 'NONE',  ( -0.6536975734347977296, -0.2556344932300138040, -0.7122713586523689022 ) ) ;
#3533 = EDGE_CURVE ( 'NONE', #6452, #6645, #2574, .T. ) ;
#3534 = DIRECTION ( 'NONE',  ( 0.000000000000000000, 0.000000000000000000, -1.000000000000000000 ) ) ;
#3535 = CARTESIAN_POINT ( 'NONE',  ( 0.000000000000000000, 0.000000000000000000, 0.000000000000000000 ) ) ;
#3536 = ORIENTED_EDGE ( 'NONE', *, *, #5102, .T. ) ;
#3537 = AXIS2_PLACEMENT_3D ( 'NONE', #11455, #10558, #7938 ) ;
#3538 = CARTESIAN_POINT ( 'NONE',  ( -48.99999999999999289, -28.49999999999999645, 45.00000000000000711 ) ) ;
#3539 = CARTESIAN_POINT ( 'NONE',  ( 21.86605083265882854, -18.03603898744441381, 5.700000000000000178 ) ) ;
#3540 = ORIENTED_EDGE ( 'NONE', *, *, #3193, .F. ) ;
#3541 = LINE ( 'NONE', #3472, #11080 ) ;
#3542 = CARTESIAN_POINT ( 'NONE',  ( 31.20684266682073726, -29.20737079693872928, 49.00000000000000000 ) ) ;
#3543 = CARTESIAN_POINT ( 'NONE',  ( 31.49999999999998579, 5.559677934766192209, 5.949717696739384110 ) ) ;
#3544 = ORIENTED_EDGE ( 'NONE', *, *, #9467, .F. ) ;
#3545 = FACE_OUTER_BOUND ( 'NONE', #648, .T. ) ;
#3546 = CARTESIAN_POINT ( 'NONE',  ( -43.99999999999999289, -37.29999999999999716, 40.50000000000000000 ) ) ;
#3547 = EDGE_LOOP ( 'NONE', ( #4989, #8498, #11107, #11004 ) ) ;
#3548 = B_SPLINE_CURVE_WITH_KNOTS ( 'NONE', 3,
 ( #964, #191, #8307, #7466 ),
 .UNSPECIFIED., .F., .F.,
 ( 4, 4 ),
 ( 1.734723475976807094E-18, 0.0005133352490576594419 ),
 .UNSPECIFIED. ) ;
#3549 = EDGE_LOOP ( 'NONE', ( #7196, #1292, #11366, #1654 ) ) ;
#3550 = CARTESIAN_POINT ( 'NONE',  ( -32.94999999999998153, 7.278038876617823227, 4.452891287315432045 ) ) ;
#3551 = DIRECTION ( 'NONE',  ( -0.000000000000000000, -0.000000000000000000, 1.000000000000000000 ) ) ;
#3552 = ORIENTED_EDGE ( 'NONE', *, *, #10058, .T. ) ;
#3553 = ORIENTED_EDGE ( 'NONE', *, *, #6033, .T. ) ;
#3554 = CARTESIAN_POINT ( 'NONE',  ( -25.49999999999997868, 26.00000000000000355, 0.000000000000000000 ) ) ;
#3555 = CARTESIAN_POINT ( 'NONE',  ( 41.00000000000000711, -28.49999999999999645, 17.20000000000000284 ) ) ;
#3556 = ORIENTED_EDGE ( 'NONE', *, *, #11600, .F. ) ;
#3557 = CARTESIAN_POINT ( 'NONE',  ( -26.34065101359200511, -37.00000000000000000, 1.000000000000000888 ) ) ;
#3558 = CARTESIAN_POINT ( 'NONE',  ( 41.00000000000001421, -28.49999999999999645, 40.50000000000000000 ) ) ;
#3559 = ORIENTED_EDGE ( 'NONE', *, *, #1454, .F. ) ;
#3560 = CARTESIAN_POINT ( 'NONE',  ( -19.73336925252220908, -32.45868204441459426, 5.816644128127886226 ) ) ;
#3561 = CARTESIAN_POINT ( 'NONE',  ( -30.00000000000258282, 2.890197462265374995, 6.000000000000000000 ) ) ;
#3562 = CARTESIAN_POINT ( 'NONE',  ( -18.83629501950857943, -25.00622088254541353, 6.000000000000000000 ) ) ;
#3563 = EDGE_LOOP ( 'NONE', ( #3536, #1482, #8715, #4342 ) ) ;
#3564 = CARTESIAN_POINT ( 'NONE',  ( -22.64366237474978405, 18.59671697056293027, 5.700000000000000178 ) ) ;
#3565 = ORIENTED_EDGE ( 'NONE', *, *, #11387, .T. ) ;
#3566 = CARTESIAN_POINT ( 'NONE',  ( 31.38993594154799993, 7.419716023585219311, 4.767079755200021474 ) ) ;
#3567 = EDGE_LOOP ( 'NONE', ( #4559, #10261, #11794, #8502 ) ) ;
#3568 = CARTESIAN_POINT ( 'NONE',  ( 17.52699061374556422, 21.24890437254214959, 5.700000000000000178 ) ) ;
#3569 = FACE_OUTER_BOUND ( 'NONE', #8325, .T. ) ;
#3570 = CARTESIAN_POINT ( 'NONE',  ( -24.75126265846939688, -24.74873734153059246, -37.50000000000001421 ) ) ;
#3571 = EDGE_CURVE ( 'NONE', #2475, #2528, #3287, .T. ) ;
#3572 = CARTESIAN_POINT ( 'NONE',  ( 26.54775779477855480, -36.50000000000000000, 50.00000000000000000 ) ) ;
#3573 = ORIENTED_EDGE ( 'NONE', *, *, #10747, .T. ) ;
#3574 = EDGE_CURVE ( 'NONE', #5499, #6406, #8632, .T. ) ;
#3575 = CARTESIAN_POINT ( 'NONE',  ( -39.99999999999999289, -37.50000000000000000, 10.50000000000000711 ) ) ;
#3576 = CARTESIAN_POINT ( 'NONE',  ( -9.657258698753935278, -32.36372259869193613, 5.975081143466728584 ) ) ;
#3577 = EDGE_CURVE ( 'NONE', #3916, #8546, #10732, .T. ) ;
#3578 = EDGE_CURVE ( 'NONE', #5143, #11000, #3027, .T. ) ;
#3579 = CARTESIAN_POINT ( 'NONE',  ( 18.81287924089114583, 24.32813405080258562, 5.700000000000000178 ) ) ;
#3580 = CARTESIAN_POINT ( 'NONE',  ( 0.000000000000000000, 0.000000000000000000, 0.5000000000000004441 ) ) ;
#3581 = ORIENTED_EDGE ( 'NONE', *, *, #6778, .T. ) ;
#3582 = FACE_OUTER_BOUND ( 'NONE', #5205, .T. ) ;
#3583 = CARTESIAN_POINT ( 'NONE',  ( -31.16935137470952100, 5.468432001643387608, 6.000000000000000000 ) ) ;
#3584 = PLANE ( 'NONE',  #7661 ) ;
#3585 = DIRECTION ( 'NONE',  ( -0.000000000000000000, -0.000000000000000000, 1.000000000000000000 ) ) ;
#3586 = ORIENTED_EDGE ( 'NONE', *, *, #2845, .F. ) ;
#3587 = CARTESIAN_POINT ( 'NONE',  ( 31.13772720743751421, 5.154912446662335945, 6.077964483544954000 ) ) ;
#3588 = CARTESIAN_POINT ( 'NONE',  ( -18.90955557852439028, 26.78294234767708559, 5.700000000000000178 ) ) ;
#3589 = EDGE_CURVE ( 'NONE', #3171, #2798, #7117, .T. ) ;
#3590 = EDGE_CURVE ( 'NONE', #1075, #3017, #11691, .T. ) ;
#3591 = EDGE_CURVE ( 'NONE', #3086, #10107, #11204, .T. ) ;
#3592 = EDGE_LOOP ( 'NONE', ( #8811, #3626, #9391, #9983 ) ) ;
#3593 = SPHERICAL_SURFACE ( 'NONE', #4945, 1.000000000000000000 ) ;
#3594 = CARTESIAN_POINT ( 'NONE',  ( 33.99999999999997868, -28.00000000000000000, 21.14523135337576321 ) ) ;
#3595 = EDGE_LOOP ( 'NONE', ( #789, #3467, #983, #8915 ) ) ;
#3596 = DIRECTION ( 'NONE',  ( -1.000000000000000000, 0.000000000000000000, 0.000000000000000000 ) ) ;
#3597 = DIRECTION ( 'NONE',  ( -1.000000000000000000, 0.000000000000000000, 0.000000000000000000 ) ) ;
#3598 = ORIENTED_EDGE ( 'NONE', *, *, #2366, .F. ) ;
#3599 = CIRCLE ( 'NONE', #4161, 1.000000000000000888 ) ;
#3600 = ORIENTED_EDGE ( 'NONE', *, *, #369, .F. ) ;
#3601 = DIRECTION ( 'NONE',  ( 1.000000000000000000, 0.000000000000000000, 0.000000000000000000 ) ) ;
#3602 = LINE ( 'NONE', #6454, #7324 ) ;
#3603 = EDGE_CURVE ( 'NONE', #7063, #199, #2347, .T. ) ;
#3604 = ORIENTED_EDGE ( 'NONE', *, *, #5306, .F. ) ;
#3605 = CIRCLE ( 'NONE', #7022, 0.5000000000000004441 ) ;
#3606 = EDGE_LOOP ( 'NONE', ( #8619, #581, #10175 ) ) ;
#3607 = DIRECTION ( 'NONE',  ( 0.000000000000000000, 0.000000000000000000, -1.000000000000000000 ) ) ;
#3608 = DIRECTION ( 'NONE',  ( 0.000000000000000000, 0.000000000000000000, 1.000000000000000000 ) ) ;
#3609 = ORIENTED_EDGE ( 'NONE', *, *, #3603, .F. ) ;
#3610 = LINE ( 'NONE', #7252, #2587 ) ;
#3611 = ORIENTED_EDGE ( 'NONE', *, *, #2805, .F. ) ;
#3612 = CARTESIAN_POINT ( 'NONE',  ( 26.28294234767779969, 11.88379308764559106, 5.700000000000000178 ) ) ;
#3613 = CARTESIAN_POINT ( 'NONE',  ( -48.99999999999999289, -29.50000000000000000, 10.50000000000000533 ) ) ;
#3614 = CARTESIAN_POINT ( 'NONE',  ( -18.83629501955050145, -25.00622088254182529, 5.700000000000000178 ) ) ;
#3615 = ORIENTED_EDGE ( 'NONE', *, *, #167, .T. ) ;
#3616 = CIRCLE ( 'NONE', #8759, 0.1999999999999987899 ) ;
#3617 = DIRECTION ( 'NONE',  ( -1.000000000000000000, 0.000000000000000000, 0.000000000000000000 ) ) ;
#3618 = VERTEX_POINT ( 'NONE', #10212 ) ;
#3619 = ORIENTED_EDGE ( 'NONE', *, *, #8990, .T. ) ;
#3620 = AXIS2_PLACEMENT_3D ( 'NONE', #6523, #6403, #8374 ) ;
#3621 = DIRECTION ( 'NONE',  ( -0.000000000000000000, -0.000000000000000000, 1.000000000000000000 ) ) ;
#3622 = ORIENTED_EDGE ( 'NONE', *, *, #6920, .T. ) ;
#3623 = DIRECTION ( 'NONE',  ( 0.000000000000000000, 0.000000000000000000, -1.000000000000000000 ) ) ;
#3624 = CARTESIAN_POINT ( 'NONE',  ( -31.49999999999997868, -28.21852687074916943, 22.36322654727370463 ) ) ;
#3625 = DIRECTION ( 'NONE',  ( -0.000000000000000000, -0.000000000000000000, 1.000000000000000000 ) ) ;
#3626 = ORIENTED_EDGE ( 'NONE', *, *, #3578, .F. ) ;
#3627 = AXIS2_PLACEMENT_3D ( 'NONE', #4723, #6521, #10174 ) ;
#3628 = DIRECTION ( 'NONE',  ( -8.673617379884026597E-16, 1.000000000000000000, 0.000000000000000000 ) ) ;
#3629 = DIRECTION ( 'NONE',  ( 0.000000000000000000, 1.000000000000000000, -0.000000000000000000 ) ) ;
#3630 = AXIS2_PLACEMENT_3D ( 'NONE', #5484, #5606, #6259 ) ;
#3631 = CARTESIAN_POINT ( 'NONE',  ( 38.00000000000001421, -37.29999999999999005, 40.50000000000000000 ) ) ;
#3632 = DIRECTION ( 'NONE',  ( 1.000000000000000000, 0.000000000000000000, 0.000000000000000000 ) ) ;
#3633 = DIRECTION ( 'NONE',  ( -0.000000000000000000, -0.000000000000000000, 1.000000000000000000 ) ) ;
#3634 = CARTESIAN_POINT ( 'NONE',  ( 21.94873734153059530, -24.74873734152912519, -6.098637220230962441E-16 ) ) ;
#3635 = ORIENTED_EDGE ( 'NONE', *, *, #9691, .T. ) ;
#3636 = EDGE_CURVE ( 'NONE', #7518, #8141, #2031, .T. ) ;
#3637 = EDGE_CURVE ( 'NONE', #1912, #1339, #9592, .T. ) ;
#3638 = DIRECTION ( 'NONE',  ( 1.000000000000000000, 0.000000000000000000, 0.000000000000000000 ) ) ;
#3639 = CARTESIAN_POINT ( 'NONE',  ( -31.41049514092271622, 5.527218431423967182, 5.965490422035447438 ) ) ;
#3640 = AXIS2_PLACEMENT_3D ( 'NONE', #9119, #5290, #3524 ) ;
#3641 = CARTESIAN_POINT ( 'NONE',  ( 20.22343168146370829, -31.18700224837892421, 4.000000000000000000 ) ) ;
#3642 = DIRECTION ( 'NONE',  ( -1.000000000000000000, 0.000000000000000000, 0.000000000000000000 ) ) ;
#3643 = ORIENTED_EDGE ( 'NONE', *, *, #6100, .F. ) ;
#3644 = CIRCLE ( 'NONE', #11643, 0.3000000000000016542 ) ;
#3645 = CARTESIAN_POINT ( 'NONE',  ( 30.95653656247565522, 5.359955015661562960, 6.000000000000000000 ) ) ;
#3646 = VECTOR ( 'NONE', #2302, 1000.000000000000000 ) ;
#3647 = CARTESIAN_POINT ( 'NONE',  ( 9.000000000000010658, -36.50000000000000000, 17.00000000000000000 ) ) ;
#3648 = AXIS2_PLACEMENT_3D ( 'NONE', #365, #6795, #9490 ) ;
#3649 = VERTEX_POINT ( 'NONE', #2864 ) ;
#3650 = DIRECTION ( 'NONE',  ( -1.000000000000000000, 0.000000000000000000, -0.000000000000000000 ) ) ;
#3651 = AXIS2_PLACEMENT_3D ( 'NONE', #7505, #5639, #10304 ) ;
#3652 = FACE_OUTER_BOUND ( 'NONE', #10115, .T. ) ;
#3653 = CARTESIAN_POINT ( 'NONE',  ( -39.99999999999999289, -28.49999999999999645, 1.500000000000004219 ) ) ;
#3654 = ORIENTED_EDGE ( 'NONE', *, *, #1976, .T. ) ;
#3655 = CARTESIAN_POINT ( 'NONE',  ( 30.50000000000001776, -36.49999999999999289, 1.000000000000000000 ) ) ;
#3656 = CIRCLE ( 'NONE', #8422, 0.2999999999999999334 ) ;
#3657 = CIRCLE ( 'NONE', #2677, 10.50000000000000178 ) ;
#3658 = EDGE_CURVE ( 'NONE', #1146, #11246, #11488, .T. ) ;
#3659 = CARTESIAN_POINT ( 'NONE',  ( 33.39262183378813376, -29.23825211080774622, 0.5260273253335745469 ) ) ;
#3660 = ORIENTED_EDGE ( 'NONE', *, *, #8819, .F. ) ;
#3661 = EDGE_CURVE ( 'NONE', #2065, #10755, #9305, .T. ) ;
#3662 = EDGE_LOOP ( 'NONE', ( #525, #6897, #11715, #8851, #4312 ) ) ;
#3663 = CARTESIAN_POINT ( 'NONE',  ( -30.46999981305043548, 7.980583223050263797, 6.000000000000341949 ) ) ;
#3664 = DIRECTION ( 'NONE',  ( 0.000000000000000000, 0.000000000000000000, 1.000000000000000000 ) ) ;
#3665 = TOROIDAL_SURFACE ( 'NONE', #7485, 2.000000000000000000, 1.000000000000000000 ) ;
#3666 = ORIENTED_EDGE ( 'NONE', *, *, #7362, .F. ) ;
#3667 = ORIENTED_EDGE ( 'NONE', *, *, #9065, .F. ) ;
#3668 = CARTESIAN_POINT ( 'NONE',  ( -9.639053767732731259, -32.53943111656482046, 6.060437209844756090 ) ) ;
#3669 = DIRECTION ( 'NONE',  ( 0.000000000000000000, 0.000000000000000000, -1.000000000000000000 ) ) ;
#3670 = EDGE_LOOP ( 'NONE', ( #2768, #8063, #7474, #4534, #1573, #5972, #5105 ) ) ;
#3671 = DIRECTION ( 'NONE',  ( -0.000000000000000000, -0.000000000000000000, 1.000000000000000000 ) ) ;
#3672 = VECTOR ( 'NONE', #1584, 1000.000000000000000 ) ;
#3673 = AXIS2_PLACEMENT_3D ( 'NONE', #2211, #1092, #9378 ) ;
#3674 = EDGE_CURVE ( 'NONE', #7063, #3967, #304, .T. ) ;
#3675 = CARTESIAN_POINT ( 'NONE',  ( -30.49999999999997868, 8.468626966596886518, 1.500000000000003109 ) ) ;
#3676 = EDGE_CURVE ( 'NONE', #10675, #11003, #8571, .T. ) ;
#3677 = VECTOR ( 'NONE', #8807, 1000.000000000000000 ) ;
#3678 = CARTESIAN_POINT ( 'NONE',  ( -19.13606886912423377, -24.99075454753370096, 6.000000000000000000 ) ) ;
#3679 = ORIENTED_EDGE ( 'NONE', *, *, #6581, .T. ) ;
#3680 = DIRECTION ( 'NONE',  ( -1.000000000000000000, 0.000000000000000000, 0.000000000000000000 ) ) ;
#3681 = AXIS2_PLACEMENT_3D ( 'NONE', #2145, #188, #2250 ) ;
#3682 = CIRCLE ( 'NONE', #5948, 2.000000000000000000 ) ;
#3683 = CIRCLE ( 'NONE', #3881, 0.5000000000000004441 ) ;
#3684 = ORIENTED_EDGE ( 'NONE', *, *, #9873, .T. ) ;
#3685 = CARTESIAN_POINT ( 'NONE',  ( 0.000000000000000000, 0.000000000000000000, -37.50000000000001421 ) ) ;
#3686 = ORIENTED_EDGE ( 'NONE', *, *, #7718, .F. ) ;
#3687 = DIRECTION ( 'NONE',  ( -1.000000000000000000, 0.000000000000000000, 0.000000000000000000 ) ) ;
#3688 = CIRCLE ( 'NONE', #1032, 0.1999999999999996503 ) ;
#3689 = CARTESIAN_POINT ( 'NONE',  ( -40.99999999999998579, -28.69999999999999574, 40.50000000000000000 ) ) ;
#3690 = LINE ( 'NONE', #7337, #9028 ) ;
#3691 = VECTOR ( 'NONE', #5760, 999.9999999999998863 ) ;
#3693 = CARTESIAN_POINT ( 'NONE',  ( -25.09839867021182513, 11.34820343485588978, 5.700000000000000178 ) ) ;
#3692 =( BOUNDED_CURVE ( )  B_SPLINE_CURVE ( 3, ( #11708, #9012, #10746, #10858 ),
 .UNSPECIFIED., .F., .F. ) 
 B_SPLINE_CURVE_WITH_KNOTS ( ( 4, 4 ),
 ( 2.740233202357690967, 3.141592653589793116 ),
 .UNSPECIFIED. ) 
 CURVE ( )  GEOMETRIC_REPRESENTATION_ITEM ( )  RATIONAL_B_SPLINE_CURVE ( ( 1.000000000000000000, 0.9866208738732107353, 0.9866208738732107353, 1.000000000000000000 ) ) 
 REPRESENTATION_ITEM ( '' )  );
#3694 = EDGE_LOOP ( 'NONE', ( #7435, #11429 ) ) ;
#3695 = CIRCLE ( 'NONE', #2748, 0.5000000000000004441 ) ;
#3696 = CARTESIAN_POINT ( 'NONE',  ( -44.19999999999999574, -37.29999999999999716, 14.00000000000000178 ) ) ;
#3697 = CARTESIAN_POINT ( 'NONE',  ( -9.386067557114122550, -32.46225146762171221, 6.022944711940907858 ) ) ;
#3698 = AXIS2_PLACEMENT_3D ( 'NONE', #3783, #7192, #7425 ) ;
#3699 = FACE_OUTER_BOUND ( 'NONE', #11091, .T. ) ;
#3700 = CARTESIAN_POINT ( 'NONE',  ( 10.40005347590610540, -31.05872636749532134, 6.000000000000000000 ) ) ;
#3701 = AXIS2_PLACEMENT_3D ( 'NONE', #9805, #8776, #9623 ) ;
#3702 = DIRECTION ( 'NONE',  ( -1.000000000000000000, 0.000000000000000000, 0.000000000000000000 ) ) ;
#3703 = DIRECTION ( 'NONE',  ( 0.000000000000000000, 0.000000000000000000, 1.000000000000000000 ) ) ;
#3704 = ORIENTED_EDGE ( 'NONE', *, *, #3591, .T. ) ;
#3705 = CARTESIAN_POINT ( 'NONE',  ( 25.00000000000001421, -36.50000000000000000, 44.00000000000000711 ) ) ;
#3706 = CARTESIAN_POINT ( 'NONE',  ( -31.38611389206188562, 5.470738494604803215, 5.988161048804861331 ) ) ;
#3707 = CARTESIAN_POINT ( 'NONE',  ( 31.10932988041733083, -28.20116070374750805, 22.26643338004471318 ) ) ;
#3708 = CARTESIAN_POINT ( 'NONE',  ( 29.99999999999997868, -28.29278383102050398, 0.000000000000000000 ) ) ;
#3709 = VERTEX_POINT ( 'NONE', #1248 ) ;
#3710 = DIRECTION ( 'NONE',  ( 1.000000000000000000, 0.000000000000000000, 0.000000000000000000 ) ) ;
#3711 = EDGE_CURVE ( 'NONE', #6755, #10080, #7127, .T. ) ;
#3712 = FACE_OUTER_BOUND ( 'NONE', #493, .T. ) ;
#3713 = CIRCLE ( 'NONE', #466, 0.3000000000000016542 ) ;
#3714 = DIRECTION ( 'NONE',  ( 1.000000000000000000, 0.000000000000000000, 0.000000000000000000 ) ) ;
#3715 = ORIENTED_EDGE ( 'NONE', *, *, #11540, .T. ) ;
#3716 = CARTESIAN_POINT ( 'NONE',  ( -19.70955557852438744, 26.78294234767708559, 5.700000000000000178 ) ) ;
#3717 = CARTESIAN_POINT ( 'NONE',  ( -31.24999999999997868, 6.484313483298445036, 0.5000000000000031086 ) ) ;
#3718 = CARTESIAN_POINT ( 'NONE',  ( 31.11487846105331556, 5.456199394431127558, 6.000000000000000000 ) ) ;
#3719 = ORIENTED_EDGE ( 'NONE', *, *, #9836, .T. ) ;
#3720 = CARTESIAN_POINT ( 'NONE',  ( 20.00000000000001421, -33.79999999999999716, -55.15136956765560683 ) ) ;
#3721 = CARTESIAN_POINT ( 'NONE',  ( 26.69420440418528884, -36.94470591141597993, 0.2714466094067318758 ) ) ;
#3722 = ORIENTED_EDGE ( 'NONE', *, *, #6428, .F. ) ;
#3723 = CARTESIAN_POINT ( 'NONE',  ( 25.91927170679085535, 19.18495017096925892, 4.000000000000000000 ) ) ;
#3724 = DIRECTION ( 'NONE',  ( -1.000000000000000000, 5.782411586589324585E-14, 0.000000000000000000 ) ) ;
#3725 = EDGE_CURVE ( 'NONE', #7093, #8862, #8353, .T. ) ;
#3726 = ADVANCED_FACE ( 'NONE', ( #7397 ), #2078, .T. ) ;
#3727 = TOROIDAL_SURFACE ( 'NONE', #9829, 2.800000000000000266, 0.2000000000000000111 ) ;
#3728 = ORIENTED_EDGE ( 'NONE', *, *, #3273, .F. ) ;
#3729 = EDGE_CURVE ( 'NONE', #6478, #7347, #1216, .T. ) ;
#3730 = ORIENTED_EDGE ( 'NONE', *, *, #5311, .T. ) ;
#3731 = CARTESIAN_POINT ( 'NONE',  ( -10.39816519068724077, -32.55872636749531068, 5.855295988587667644 ) ) ;
#3732 = CARTESIAN_POINT ( 'NONE',  ( -25.49999999999997868, 30.50000000000000711, 0.000000000000000000 ) ) ;
#3733 = ORIENTED_EDGE ( 'NONE', *, *, #2884, .T. ) ;
#3734 = FACE_OUTER_BOUND ( 'NONE', #7791, .T. ) ;
#3735 = CARTESIAN_POINT ( 'NONE',  ( 31.49999999999997868, -16.10783521469172541, 15.36658938351599879 ) ) ;
#3736 = CARTESIAN_POINT ( 'NONE',  ( -19.67887812381584922, -28.71084587784928033, 6.000000000000000000 ) ) ;
#3737 = ORIENTED_EDGE ( 'NONE', *, *, #5040, .F. ) ;
#3738 = CARTESIAN_POINT ( 'NONE',  ( 30.91399482062600512, -29.50000000000000000, 0.000000000000000000 ) ) ;
#3739 = ADVANCED_FACE ( 'NONE', ( #11036 ), #8008, .F. ) ;
#3740 = ADVANCED_FACE ( 'NONE', ( #5866 ), #4215, .T. ) ;
#3741 = EDGE_CURVE ( 'NONE', #2475, #8466, #10935, .T. ) ;
#3742 = ORIENTED_EDGE ( 'NONE', *, *, #11304, .T. ) ;
#3743 = CARTESIAN_POINT ( 'NONE',  ( 25.00000000000001421, -76.30000000000001137, 44.00000000000000711 ) ) ;
#3744 = EDGE_LOOP ( 'NONE', ( #3440, #4977, #3443, #5998, #5014, #1200 ) ) ;
#3745 = B_SPLINE_CURVE_WITH_KNOTS ( 'NONE', 3,
 ( #3, #9848, #5418, #7167, #11634, #9070 ),
 .UNSPECIFIED., .F., .F.,
 ( 4, 2, 4 ),
 ( 0.000000000000000000, 0.0005434722620968709299, 0.001086944524193741860 ),
 .UNSPECIFIED. ) ;
#3746 = DIRECTION ( 'NONE',  ( 0.000000000000000000, 1.000000000000000000, -0.000000000000000000 ) ) ;
#3747 = CARTESIAN_POINT ( 'NONE',  ( -30.91399482062599802, -28.49999999999999645, 22.68041234772799797 ) ) ;
#3748 = CARTESIAN_POINT ( 'NONE',  ( 30.49999999999997868, 0.000000000000000000, 0.000000000000000000 ) ) ;
#3749 = EDGE_CURVE ( 'NONE', #334, #11066, #10157, .T. ) ;
#3750 = CARTESIAN_POINT ( 'NONE',  ( -26.28294234767779969, 11.88379308764559106, 4.000000000000000000 ) ) ;
#3751 = ORIENTED_EDGE ( 'NONE', *, *, #9342, .F. ) ;
#3752 = DIRECTION ( 'NONE',  ( -1.000000000000000000, -8.673617379884027583E-16, 0.000000000000000000 ) ) ;
#3753 = CARTESIAN_POINT ( 'NONE',  ( 41.00000000000001421, -28.69999999999999574, 40.50000000000000000 ) ) ;
#3754 = CARTESIAN_POINT ( 'NONE',  ( 30.64960173187744275, -28.52964882147664127, 22.45222524345636117 ) ) ;
#3755 = EDGE_CURVE ( 'NONE', #1970, #5450, #9986, .T. ) ;
#3756 = CARTESIAN_POINT ( 'NONE',  ( -25.37175490347320306, 11.47180104703812908, 4.000000000000000000 ) ) ;
#3757 = CARTESIAN_POINT ( 'NONE',  ( -20.11658706833188504, -32.12893685403737720, 5.700000000000000178 ) ) ;
#3758 = DIRECTION ( 'NONE',  ( 0.000000000000000000, -1.000000000000000000, 1.084202172485504434E-16 ) ) ;
#3759 = ORIENTED_EDGE ( 'NONE', *, *, #1231, .F. ) ;
#3760 =( BOUNDED_SURFACE ( )  B_SPLINE_SURFACE ( 3, 2, ( 
 ( #7363, #9143, #10945 ),
 ( #1151, #5493, #8371 ),
 ( #3776, #7305, #204 ),
 ( #977, #269, #8497 ),
 ( #10111, #2776, #5555 ),
 ( #94, #5663, #3836 ),
 ( #6400, #3902, #8317 ),
 ( #7415, #11125, #3659 ),
 ( #7480, #7539, #6579 ),
 ( #5618, #4843, #11177 ) ),
 .UNSPECIFIED., .F., .F., .F. ) 
 B_SPLINE_SURFACE_WITH_KNOTS ( ( 4, 2, 2, 2, 4 ),
 ( 3, 3 ),
 ( 3.141592653589793116, 3.534291735288517255, 3.926990816987241395, 4.319689898685965090, 4.712388980384689674 ),
 ( 0.000000000000000000, 1.000000000000000000 ),
 .UNSPECIFIED. ) 
 GEOMETRIC_REPRESENTATION_ITEM ( )  RATIONAL_B_SPLINE_SURFACE ( (
 ( 1.000000000000000000, 0.7071067811865475727, 1.000000000000000000),
 ( 1.000000000000000000, 0.7066757661660261203, 1.000000000000000000),
 ( 1.000000000000000000, 0.7265517268111096882, 1.000000000000000000),
 ( 1.000000000000000000, 0.7876785128860901430, 1.000000000000000000),
 ( 1.000000000000000000, 0.8282379238715822378, 1.000000000000000000),
 ( 1.000000000000000000, 0.9038128836972965097, 1.000000000000000000),
 ( 1.000000000000000000, 0.9386556535316669114, 1.000000000000000000),
 ( 1.000000000000000000, 0.9867291862306448724, 1.000000000000000000),
 ( 1.000000000000000000, 1.000158583040992033, 1.000000000000000000),
 ( 1.000000000000000000, 1.000000000000000000, 1.000000000000000000) ) ) 
 REPRESENTATION_ITEM ( '' )  SURFACE ( )  );
#3761 = DIRECTION ( 'NONE',  ( -0.000000000000000000, -0.000000000000000000, 1.000000000000000000 ) ) ;
#3762 = FACE_OUTER_BOUND ( 'NONE', #6068, .T. ) ;
#3763 = LINE ( 'NONE', #11041, #7095 ) ;
#3764 = DIRECTION ( 'NONE',  ( -0.000000000000000000, -1.000000000000000000, -0.000000000000000000 ) ) ;
#3765 = ORIENTED_EDGE ( 'NONE', *, *, #10951, .F. ) ;
#3766 = FACE_OUTER_BOUND ( 'NONE', #4104, .T. ) ;
#3767 = CARTESIAN_POINT ( 'NONE',  ( 0.000000000000000000, 0.000000000000000000, 4.000000000000000000 ) ) ;
#3768 = DIRECTION ( 'NONE',  ( 5.064886061246151462E-17, 1.000000000000000000, 0.000000000000000000 ) ) ;
#3769 = ORIENTED_EDGE ( 'NONE', *, *, #3725, .T. ) ;
#3770 = FACE_OUTER_BOUND ( 'NONE', #1157, .T. ) ;
#3771 = DIRECTION ( 'NONE',  ( 1.000000000000000000, 0.000000000000000000, 0.000000000000000000 ) ) ;
#3772 = DIRECTION ( 'NONE',  ( -1.000000000000000000, 0.000000000000000000, 0.000000000000000000 ) ) ;
#3773 = VERTEX_POINT ( 'NONE', #9774 ) ;
#3774 = LINE ( 'NONE', #8257, #6304 ) ;
#3775 = CARTESIAN_POINT ( 'NONE',  ( -34.49999999999997868, -27.99999999999999645, 0.000000000000000000 ) ) ;
#3776 = CARTESIAN_POINT ( 'NONE',  ( 33.97397267343167471, -28.03904098985262294, 1.238252107826834036 ) ) ;
#3777 = ORIENTED_EDGE ( 'NONE', *, *, #1317, .F. ) ;
#3778 = CARTESIAN_POINT ( 'NONE',  ( -30.02796066216633619, 7.733771801036647631, 6.000000000000000000 ) ) ;
#3779 = CARTESIAN_POINT ( 'NONE',  ( -8.999999999999998224, -33.79999999999999716, 27.00000000000000355 ) ) ;
#3780 = EDGE_LOOP ( 'NONE', ( #4730, #11379, #1847, #9448 ) ) ;
#3781 = VERTEX_POINT ( 'NONE', #3150 ) ;
#3782 = LINE ( 'NONE', #1825, #2176 ) ;
#3783 = CARTESIAN_POINT ( 'NONE',  ( -26.78294234767822601, 18.90955557852281643, 5.000000000000000000 ) ) ;
#3784 = ORIENTED_EDGE ( 'NONE', *, *, #749, .F. ) ;
#3785 = EDGE_CURVE ( 'NONE', #7373, #7426, #2551, .T. ) ;
#3786 = ADVANCED_FACE ( 'NONE', ( #10544 ), #2763, .F. ) ;
#3787 = B_SPLINE_CURVE_WITH_KNOTS ( 'NONE', 3,
 ( #1403, #11365, #446, #1337, #335, #3065 ),
 .UNSPECIFIED., .F., .F.,
 ( 4, 2, 4 ),
 ( 0.0002470974178443904315, 0.0006283948243546182057, 0.001009692230864846088 ),
 .UNSPECIFIED. ) ;
#3788 = ADVANCED_FACE ( 'NONE', ( #6966 ), #9239, .T. ) ;
#3789 = CARTESIAN_POINT ( 'NONE',  ( -17.10183990713238700, -23.02410380877845597, 6.000000000000000000 ) ) ;
#3790 = DIRECTION ( 'NONE',  ( -0.000000000000000000, -1.000000000000000000, -0.000000000000000000 ) ) ;
#3791 = EDGE_LOOP ( 'NONE', ( #10166, #8160, #7823, #3684 ) ) ;
#3792 = CARTESIAN_POINT ( 'NONE',  ( -26.61078199885682949, -33.79999999999999716, 50.00000000000000000 ) ) ;
#3793 = VECTOR ( 'NONE', #5770, 1000.000000000000000 ) ;
#3794 = ORIENTED_EDGE ( 'NONE', *, *, #9874, .T. ) ;
#3795 = VERTEX_POINT ( 'NONE', #9834 ) ;
#3796 = DIRECTION ( 'NONE',  ( -1.000000000000000000, 0.000000000000000000, 0.000000000000000000 ) ) ;
#3797 = ORIENTED_EDGE ( 'NONE', *, *, #10570, .T. ) ;
#3798 = CARTESIAN_POINT ( 'NONE',  ( -33.58578643762687932, -28.21852687074916943, 22.36322654727371528 ) ) ;
#3799 = CARTESIAN_POINT ( 'NONE',  ( -18.82414313014864504, -23.73099574979123361, 5.700000000000000178 ) ) ;
#3800 = AXIS2_PLACEMENT_3D ( 'NONE', #4019, #3808, #2858 ) ;
#3801 = FACE_OUTER_BOUND ( 'NONE', #9291, .T. ) ;
#3802 = EDGE_CURVE ( 'NONE', #3054, #7540, #3112, .T. ) ;
#3803 = ADVANCED_FACE ( 'NONE', ( #10907 ), #888, .F. ) ;
#3804 = DIRECTION ( 'NONE',  ( 0.000000000000000000, 1.000000000000000000, 0.000000000000000000 ) ) ;
#3805 = ORIENTED_EDGE ( 'NONE', *, *, #4663, .T. ) ;
#3806 = ADVANCED_FACE ( 'NONE', ( #827 ), #5722, .F. ) ;
#3807 = CARTESIAN_POINT ( 'NONE',  ( -22.61090848307685164, -18.89509114122984101, 5.999999999999999112 ) ) ;
#3808 = DIRECTION ( 'NONE',  ( -0.000000000000000000, -1.000000000000000000, 0.000000000000000000 ) ) ;
#3809 = CARTESIAN_POINT ( 'NONE',  ( 26.64689772752948116, -19.39069158978011487, 5.700000000000000178 ) ) ;
#3810 = CIRCLE ( 'NONE', #570, 0.3000000000000001554 ) ;
#3811 = DIRECTION ( 'NONE',  ( -1.000000000000000000, 0.000000000000000000, 0.000000000000000000 ) ) ;
#3812 = CARTESIAN_POINT ( 'NONE',  ( 30.00000000000001066, 8.130517918508743946, 6.000000000000000000 ) ) ;
#3813 = CARTESIAN_POINT ( 'NONE',  ( 30.73058278887960526, -28.49798042876837556, 22.09780188721187599 ) ) ;
#3814 = ORIENTED_EDGE ( 'NONE', *, *, #6705, .F. ) ;
#3815 = CARTESIAN_POINT ( 'NONE',  ( -1.540743955509788682E-30, -36.50000000000000000, 17.00000000000000000 ) ) ;
#3816 = CARTESIAN_POINT ( 'NONE',  ( -30.41850748337377297, 7.735868011453142401, 0.7802482394703685875 ) ) ;
#3817 = ADVANCED_FACE ( 'NONE', ( #4400 ), #4570, .T. ) ;
#3818 = LINE ( 'NONE', #10989, #6857 ) ;
#3819 = ORIENTED_EDGE ( 'NONE', *, *, #3494, .F. ) ;
#3820 = EDGE_CURVE ( 'NONE', #9379, #9445, #6728, .T. ) ;
#3821 = AXIS2_PLACEMENT_3D ( 'NONE', #6842, #8760, #7810 ) ;
#3822 = CYLINDRICAL_SURFACE ( 'NONE', #239, 1.000000000000000888 ) ;
#3823 = LINE ( 'NONE', #9434, #10087 ) ;
#3824 = CARTESIAN_POINT ( 'NONE',  ( 0.000000000000000000, 0.000000000000000000, 3.000000000000000000 ) ) ;
#3825 = AXIS2_PLACEMENT_3D ( 'NONE', #4303, #668, #6142 ) ;
#3826 = EDGE_LOOP ( 'NONE', ( #9223, #9022, #11548, #5420 ) ) ;
#3827 = FACE_OUTER_BOUND ( 'NONE', #9600, .T. ) ;
#3828 = AXIS2_PLACEMENT_3D ( 'NONE', #5961, #9732, #4243 ) ;
#3829 = FACE_OUTER_BOUND ( 'NONE', #2406, .T. ) ;
#3830 = CARTESIAN_POINT ( 'NONE',  ( -25.09839867021182513, -11.34820343485588978, 5.700000000000000178 ) ) ;
#3831 = ORIENTED_EDGE ( 'NONE', *, *, #9061, .F. ) ;
#3832 = CARTESIAN_POINT ( 'NONE',  ( 32.99999999999997868, -11.01986028694750708, 12.89424006866458505 ) ) ;
#3833 = CARTESIAN_POINT ( 'NONE',  ( -30.49999999999997868, -28.29278383102050753, 21.28750090350187918 ) ) ;
#3834 = ORIENTED_EDGE ( 'NONE', *, *, #1262, .F. ) ;
#3835 = CIRCLE ( 'NONE', #11447, 3.000000000000002665 ) ;
#3836 = CARTESIAN_POINT ( 'NONE',  ( 33.92182008681871253, -28.88545327545418928, 0.7003331621727221235 ) ) ;
#3837 = ORIENTED_EDGE ( 'NONE', *, *, #7509, .T. ) ;
#3838 = AXIS2_PLACEMENT_3D ( 'NONE', #3750, #8398, #10978 ) ;
#3839 = AXIS2_PLACEMENT_3D ( 'NONE', #4836, #11116, #141 ) ;
#3840 = FACE_OUTER_BOUND ( 'NONE', #11695, .T. ) ;
#3841 = AXIS2_PLACEMENT_3D ( 'NONE', #6654, #7386, #4808 ) ;
#3842 = VERTEX_POINT ( 'NONE', #4336 ) ;
#3843 = AXIS2_PLACEMENT_3D ( 'NONE', #1456, #1572, #8019 ) ;
#3844 = ORIENTED_EDGE ( 'NONE', *, *, #4396, .T. ) ;
#3845 = DIRECTION ( 'NONE',  ( -0.000000000000000000, -1.000000000000000000, 0.000000000000000000 ) ) ;
#3846 = TOROIDAL_SURFACE ( 'NONE', #4792, 3.200000000000001954, 0.2000000000000000111 ) ;
#3847 = FACE_BOUND ( 'NONE', #337, .T. ) ;
#3848 = ORIENTED_EDGE ( 'NONE', *, *, #4824, .T. ) ;
#3849 = CARTESIAN_POINT ( 'NONE',  ( 32.99999999999997868, 4.937053741498337978, 6.252263310563422216 ) ) ;
#3850 = CARTESIAN_POINT ( 'NONE',  ( 50.00000000000000711, -29.50000000000000000, 50.00000000000000000 ) ) ;
#3851 = ORIENTED_EDGE ( 'NONE', *, *, #315, .F. ) ;
#3852 = VECTOR ( 'NONE', #7159, 1000.000000000000000 ) ;
#3853 = DIRECTION ( 'NONE',  ( -0.7071067811865474617, 0.7071067811865474617, 0.000000000000000000 ) ) ;
#3854 = EDGE_CURVE ( 'NONE', #4417, #1840, #2745, .T. ) ;
#3855 = VERTEX_POINT ( 'NONE', #2557 ) ;
#3856 = VECTOR ( 'NONE', #8712, 1000.000000000000000 ) ;
#3857 = ORIENTED_EDGE ( 'NONE', *, *, #8187, .T. ) ;
#3858 = AXIS2_PLACEMENT_3D ( 'NONE', #9002, #4343, #713 ) ;
#3859 = CARTESIAN_POINT ( 'NONE',  ( 9.557889733366302210, -32.29999999999999716, 6.000000000000000000 ) ) ;
#3860 = VERTEX_POINT ( 'NONE', #3442 ) ;
#3861 = DIRECTION ( 'NONE',  ( 0.000000000000000000, 0.000000000000000000, -1.000000000000000000 ) ) ;
#3862 = DIRECTION ( 'NONE',  ( 0.000000000000000000, 0.9936804017901482711, -0.1122464213156471741 ) ) ;
#3863 = DIRECTION ( 'NONE',  ( 0.000000000000000000, 0.000000000000000000, -1.000000000000000000 ) ) ;
#3864 = ORIENTED_EDGE ( 'NONE', *, *, #10421, .T. ) ;
#3865 = AXIS2_PLACEMENT_3D ( 'NONE', #6498, #10152, #1972 ) ;
#3866 = CIRCLE ( 'NONE', #8249, 0.3000000000000016542 ) ;
#3867 = DIRECTION ( 'NONE',  ( -0.000000000000000000, -0.000000000000000000, 1.000000000000000000 ) ) ;
#3868 = AXIS2_PLACEMENT_3D ( 'NONE', #2857, #2074, #9302 ) ;
#3869 = EDGE_CURVE ( 'NONE', #8268, #8378, #8994, .T. ) ;
#3870 = ADVANCED_FACE ( 'NONE', ( #10024 ), #5007, .T. ) ;
#3871 = EDGE_CURVE ( 'NONE', #1269, #11785, #9056, .T. ) ;
#3872 = CARTESIAN_POINT ( 'NONE',  ( 0.000000000000000000, 0.000000000000000000, 4.000000000000000000 ) ) ;
#3873 = CIRCLE ( 'NONE', #10537, 1.000000000000000888 ) ;
#3874 = ADVANCED_FACE ( 'NONE', ( #2671 ), #6419, .T. ) ;
#3875 = CARTESIAN_POINT ( 'NONE',  ( -20.02689401748921583, -32.24380214823575841, 5.711457457772668889 ) ) ;
#3876 = CIRCLE ( 'NONE', #10347, 0.2999999999999997669 ) ;
#3877 = CARTESIAN_POINT ( 'NONE',  ( 27.28294234767776771, -11.34689094264126119, 5.700000000000000178 ) ) ;
#3878 = EDGE_LOOP ( 'NONE', ( #140, #11510, #7158, #7856, #2497 ) ) ;
#3879 = DIRECTION ( 'NONE',  ( -1.000000000000000000, -7.632783294297944905E-14, 0.000000000000000000 ) ) ;
#3880 = CARTESIAN_POINT ( 'NONE',  ( -30.38055224267435861, 7.873663779280499320, 0.8270416887236422543 ) ) ;
#3881 = AXIS2_PLACEMENT_3D ( 'NONE', #5678, #9402, #10465 ) ;
#3882 = CARTESIAN_POINT ( 'NONE',  ( 0.000000000000000000, 30.50000000000000711, 5.500000000000000000 ) ) ;
#3883 = DIRECTION ( 'NONE',  ( 0.000000000000000000, 0.000000000000000000, -1.000000000000000000 ) ) ;
#3884 = ORIENTED_EDGE ( 'NONE', *, *, #4821, .F. ) ;
#3885 = DIRECTION ( 'NONE',  ( -0.000000000000000000, -0.000000000000000000, 1.000000000000000000 ) ) ;
#3886 = VERTEX_POINT ( 'NONE', #11744 ) ;
#3887 = DIRECTION ( 'NONE',  ( 0.000000000000000000, 0.000000000000000000, 1.000000000000000000 ) ) ;
#3888 = CIRCLE ( 'NONE', #5959, 0.5000000000000004441 ) ;
#3889 = AXIS2_PLACEMENT_3D ( 'NONE', #7801, #9527, #2488 ) ;
#3890 = SURFACE_SIDE_STYLE ('',( #7632 ) ) ;
#3891 = CIRCLE ( 'NONE', #11704, 1.299999999999999156 ) ;
#3892 = EDGE_CURVE ( 'NONE', #1688, #10523, #2320, .T. ) ;
#3893 = ADVANCED_FACE ( 'NONE', ( #9347 ), #6368, .F. ) ;
#3894 = DIRECTION ( 'NONE',  ( -0.000000000000000000, -0.000000000000000000, 1.000000000000000000 ) ) ;
#3895 = ADVANCED_FACE ( 'NONE', ( #338 ), #7508, .F. ) ;
#3896 = CARTESIAN_POINT ( 'NONE',  ( 45.00000000000000711, -36.99999999999999289, 49.50000000000000000 ) ) ;
#3897 = DIRECTION ( 'NONE',  ( 0.000000000000000000, -1.000000000000000000, -6.938893903907221278E-15 ) ) ;
#3898 = EDGE_LOOP ( 'NONE', ( #7339, #11526, #1700, #3425, #8190 ) ) ;
#3899 = FACE_OUTER_BOUND ( 'NONE', #7169, .T. ) ;
#3900 = CARTESIAN_POINT ( 'NONE',  ( 27.04775779477855835, -36.99999999999999289, 1.000000000000000000 ) ) ;
#3901 = ORIENTED_EDGE ( 'NONE', *, *, #10418, .T. ) ;
#3902 = CARTESIAN_POINT ( 'NONE',  ( 33.61809914574376279, -28.88190085425716447, 0.6874916082081926616 ) ) ;
#3903 = ORIENTED_EDGE ( 'NONE', *, *, #8017, .F. ) ;
#3904 = AXIS2_PLACEMENT_3D ( 'NONE', #6152, #2523, #9809 ) ;
#3905 = CARTESIAN_POINT ( 'NONE',  ( -25.91927170679086956, 19.18495017096926603, 5.700000000000000178 ) ) ;
#3906 = LINE ( 'NONE', #5838, #8642 ) ;
#3907 =( BOUNDED_CURVE ( )  B_SPLINE_CURVE ( 3, ( #8424, #2209, #8364, #7531 ),
 .UNSPECIFIED., .F., .F. ) 
 B_SPLINE_CURVE_WITH_KNOTS ( ( 4, 4 ),
 ( 3.394272908731870153, 4.712388980384689674 ),
 .UNSPECIFIED. ) 
 CURVE ( )  GEOMETRIC_REPRESENTATION_ITEM ( )  RATIONAL_B_SPLINE_CURVE ( ( 1.000000000000000000, 0.8603796100280628467, 0.8603796100280628467, 1.000000000000000000 ) ) 
 REPRESENTATION_ITEM ( '' )  );
#3908 = VERTEX_POINT ( 'NONE', #3859 ) ;
#3909 = AXIS2_PLACEMENT_3D ( 'NONE', #5179, #6066, #3338 ) ;
#3910 = ORIENTED_EDGE ( 'NONE', *, *, #8991, .F. ) ;
#3911 = CARTESIAN_POINT ( 'NONE',  ( -23.46003738046283615, 18.65889919605699632, 6.000000000000000000 ) ) ;
#3912 = FACE_OUTER_BOUND ( 'NONE', #3919, .T. ) ;
#3913 = EDGE_LOOP ( 'NONE', ( #10307, #439, #5746, #8336, #3837, #5982, #4382 ) ) ;
#3914 = CARTESIAN_POINT ( 'NONE',  ( -19.18495017097170319, 25.91927170679363002, 4.000000000000000000 ) ) ;
#3915 = LINE ( 'NONE', #6644, #10146 ) ;
#3916 = VERTEX_POINT ( 'NONE', #4806 ) ;
#3917 = AXIS2_PLACEMENT_3D ( 'NONE', #1664, #2809, #5242 ) ;
#3918 = CARTESIAN_POINT ( 'NONE',  ( -25.78279235760480148, -32.79999999999999716, 48.99999999999999289 ) ) ;
#3919 = EDGE_LOOP ( 'NONE', ( #3797, #264, #1494, #6096 ) ) ;
#3920 = ORIENTED_EDGE ( 'NONE', *, *, #463, .T. ) ;
#3921 = ADVANCED_FACE ( 'NONE', ( #171 ), #4860, .F. ) ;
#3922 = CARTESIAN_POINT ( 'NONE',  ( -31.38993594154666766, 7.419716023585397835, 4.767079755199975288 ) ) ;
#3923 = ORIENTED_EDGE ( 'NONE', *, *, #3305, .T. ) ;
#3924 = CYLINDRICAL_SURFACE ( 'NONE', #10691, 3.000000000000002665 ) ;
#3925 = CARTESIAN_POINT ( 'NONE',  ( -37.43623622573073106, -37.50000000000000000, 49.89999999999999858 ) ) ;
#3926 = FACE_OUTER_BOUND ( 'NONE', #10125, .T. ) ;
#3927 = ORIENTED_EDGE ( 'NONE', *, *, #8469, .F. ) ;
#3928 = DIRECTION ( 'NONE',  ( 0.000000000000000000, 0.000000000000000000, -1.000000000000000000 ) ) ;
#3929 = DIRECTION ( 'NONE',  ( -1.000000000000000000, 0.000000000000000000, 0.000000000000000000 ) ) ;
#3930 = CARTESIAN_POINT ( 'NONE',  ( -19.85551736290191727, -32.38852958866239362, 5.981713105174621070 ) ) ;
#3931 = DIRECTION ( 'NONE',  ( 0.000000000000000000, -1.000000000000000000, 0.000000000000000000 ) ) ;
#3932 = VERTEX_POINT ( 'NONE', #11146 ) ;
#3933 = ADVANCED_FACE ( 'NONE', ( #2020 ), #11250, .T. ) ;
#3934 = DIRECTION ( 'NONE',  ( 0.000000000000000000, 0.000000000000000000, -1.000000000000000000 ) ) ;
#3935 = FACE_OUTER_BOUND ( 'NONE', #5841, .T. ) ;
#3936 = DIRECTION ( 'NONE',  ( 0.000000000000000000, 0.000000000000000000, -1.000000000000000000 ) ) ;
#3937 = ADVANCED_FACE ( 'NONE', ( #2067 ), #1984, .T. ) ;
#3938 = ADVANCED_FACE ( 'NONE', ( #9411 ), #9089, .F. ) ;
#3939 = DIRECTION ( 'NONE',  ( -1.000000000000000000, 1.387778780781444413E-14, 0.000000000000000000 ) ) ;
#3940 = VERTEX_POINT ( 'NONE', #2847 ) ;
#3941 = CARTESIAN_POINT ( 'NONE',  ( 27.58294234767780040, 11.88379308764551467, 6.000000000000000000 ) ) ;
#3942 = EDGE_LOOP ( 'NONE', ( #2270, #3309, #863, #3046 ) ) ;
#3943 = CARTESIAN_POINT ( 'NONE',  ( -31.42706372564233064, 7.198445700644511724, 5.102311092438873708 ) ) ;
#3944 =( NAMED_UNIT ( * ) PLANE_ANGLE_UNIT ( ) SI_UNIT ( $, .RADIAN. ) );
#3945 = LINE ( 'NONE', #10327, #4959 ) ;
#3946 = DIRECTION ( 'NONE',  ( -1.000000000000000000, 0.000000000000000000, 0.000000000000000000 ) ) ;
#3947 = VERTEX_POINT ( 'NONE', #6652 ) ;
#3948 = CARTESIAN_POINT ( 'NONE',  ( 31.50000000000000711, 6.873545414602038051, 5.311283072019667983 ) ) ;
#3949 = LINE ( 'NONE', #6680, #4266 ) ;
#3950 = DIRECTION ( 'NONE',  ( -0.000000000000000000, -1.000000000000000000, -0.000000000000000000 ) ) ;
#3951 = ORIENTED_EDGE ( 'NONE', *, *, #1499, .T. ) ;
#3952 = EDGE_CURVE ( 'NONE', #3958, #8668, #1033, .T. ) ;
#3953 = EDGE_CURVE ( 'NONE', #5458, #6967, #8638, .T. ) ;
#3954 = EDGE_CURVE ( 'NONE', #4675, #11769, #10470, .T. ) ;
#3955 = CARTESIAN_POINT ( 'NONE',  ( -18.03603898744571410, 21.86605083265776273, 6.000000000000000000 ) ) ;
#3956 = FACE_OUTER_BOUND ( 'NONE', #6502, .T. ) ;
#3957 = EDGE_LOOP ( 'NONE', ( #6735, #5394, #8674, #6347 ) ) ;
#3958 = VERTEX_POINT ( 'NONE', #1285 ) ;
#3959 = DIRECTION ( 'NONE',  ( 0.000000000000000000, 0.4370537414983364788, 0.8994353934787675531 ) ) ;
#3960 = CARTESIAN_POINT ( 'NONE',  ( 20.22343168146353776, -31.18700224837849433, 6.000000000000000000 ) ) ;
#3961 = EDGE_LOOP ( 'NONE', ( #9106, #6233, #8687, #3502 ) ) ;
#3962 = CARTESIAN_POINT ( 'NONE',  ( -18.60168694398817735, 22.70891192217944266, 4.000000000000000000 ) ) ;
#3963 = EDGE_CURVE ( 'NONE', #37, #2601, #8080, .T. ) ;
#3964 = DIRECTION ( 'NONE',  ( 0.000000000000000000, 0.8994353934787674421, -0.4370537414983364788 ) ) ;
#3965 = ORIENTED_EDGE ( 'NONE', *, *, #5086, .T. ) ;
#3966 = CARTESIAN_POINT ( 'NONE',  ( 30.31506952654219234, -37.49554537463051673, 0.8939048114055231364 ) ) ;
#3967 = VERTEX_POINT ( 'NONE', #5803 ) ;
#3968 = CIRCLE ( 'NONE', #2648, 2.999999999999999112 ) ;
#3969 = ORIENTED_EDGE ( 'NONE', *, *, #5102, .F. ) ;
#3970 = ORIENTED_EDGE ( 'NONE', *, *, #10966, .F. ) ;
#3971 = CARTESIAN_POINT ( 'NONE',  ( -40.99999999999998579, 6.000000000000012434, 40.50000000000000000 ) ) ;
#3972 = CARTESIAN_POINT ( 'NONE',  ( 31.49999999999997868, -16.10783521469172541, 15.36658938351599879 ) ) ;
#3973 = CARTESIAN_POINT ( 'NONE',  ( 25.07199709186684444, 18.94537726320049131, 6.000000000000701661 ) ) ;
#3974 = ORIENTED_EDGE ( 'NONE', *, *, #452, .T. ) ;
#3975 = AXIS2_PLACEMENT_3D ( 'NONE', #6619, #8360, #1141 ) ;
#3976 = DIRECTION ( 'NONE',  ( 0.9971117258661660321, 0.07594870729772684737, 0.000000000000000000 ) ) ;
#3977 = CIRCLE ( 'NONE', #3975, 2.800000000000000266 ) ;
#3978 = DIRECTION ( 'NONE',  ( -0.000000000000000000, -0.000000000000000000, -1.000000000000000000 ) ) ;
#3979 = DIRECTION ( 'NONE',  ( -0.000000000000000000, -1.204669080539449344E-16, -1.000000000000000000 ) ) ;
#3980 = EDGE_LOOP ( 'NONE', ( #5761, #6725, #6729, #393 ) ) ;
#3981 = CARTESIAN_POINT ( 'NONE',  ( 21.24890437254319764, 17.52699061374430656, 5.700000000000000178 ) ) ;
#3982 = LINE ( 'NONE', #7572, #2336 ) ;
#3983 = CARTESIAN_POINT ( 'NONE',  ( -30.49999999999997513, 8.709925900793706433, 1.258702272294798696 ) ) ;
#3984 = EDGE_LOOP ( 'NONE', ( #3559, #4287, #11482, #3331 ) ) ;
#3985 = CARTESIAN_POINT ( 'NONE',  ( -37.43623622573073106, -37.50000000000000000, 49.89999999999999858 ) ) ;
#3986 = DIRECTION ( 'NONE',  ( -0.000000000000000000, -0.000000000000000000, 1.000000000000000000 ) ) ;
#3987 = AXIS2_PLACEMENT_3D ( 'NONE', #3485, #7185, #691 ) ;
#3988 = DIRECTION ( 'NONE',  ( 1.137523590804463822E-16, -1.000000000000000000, -0.000000000000000000 ) ) ;
#3989 = EDGE_CURVE ( 'NONE', #7946, #8668, #6157, .T. ) ;
#3990 = EDGE_CURVE ( 'NONE', #3618, #8354, #5923, .T. ) ;
#3991 = DIRECTION ( 'NONE',  ( -1.000000000000000000, 0.000000000000000000, 0.000000000000000000 ) ) ;
#3992 = DIRECTION ( 'NONE',  ( 1.000000000000000000, 0.000000000000000000, -0.000000000000000000 ) ) ;
#3993 = DIRECTION ( 'NONE',  ( 0.000000000000000000, 0.000000000000000000, 1.000000000000000000 ) ) ;
#3994 = ORIENTED_EDGE ( 'NONE', *, *, #6562, .T. ) ;
#3995 = DIRECTION ( 'NONE',  ( -1.224646799147353207E-16, 1.000000000000000000, 0.000000000000000000 ) ) ;
#3996 = CARTESIAN_POINT ( 'NONE',  ( -24.75126265846939688, -24.74873734153059246, 6.000000000000000000 ) ) ;
#3997 = DIRECTION ( 'NONE',  ( 1.000000000000000000, 6.120550899367223059E-14, 0.000000000000000000 ) ) ;
#3998 = DIRECTION ( 'NONE',  ( 0.000000000000000000, 0.000000000000000000, 1.000000000000000000 ) ) ;
#3999 = ORIENTED_EDGE ( 'NONE', *, *, #11696, .T. ) ;
#4000 = AXIS2_PLACEMENT_3D ( 'NONE', #4369, #1747, #4549 ) ;
#4001 = CARTESIAN_POINT ( 'NONE',  ( -30.49999999999998224, -28.50000000000000355, 21.28750090350187207 ) ) ;
#4002 = CARTESIAN_POINT ( 'NONE',  ( 19.40955557852439384, 26.78294234767708915, 5.000000000000000000 ) ) ;
#4003 = VECTOR ( 'NONE', #1258, 1000.000000000000000 ) ;
#4004 = EDGE_CURVE ( 'NONE', #2224, #2951, #5960, .T. ) ;
#4005 = ORIENTED_EDGE ( 'NONE', *, *, #7729, .F. ) ;
#4006 = ADVANCED_FACE ( 'NONE', ( #2234 ), #480, .F. ) ;
#4007 = VERTEX_POINT ( 'NONE', #11315 ) ;
#4008 = CARTESIAN_POINT ( 'NONE',  ( -25.01185409784182667, 19.24013356072348557, 6.000000000000000000 ) ) ;
#4009 = CYLINDRICAL_SURFACE ( 'NONE', #1197, 2.000000000000000000 ) ;
#4010 = VERTEX_POINT ( 'NONE', #11371 ) ;
#4011 = EDGE_CURVE ( 'NONE', #4707, #6849, #7689, .T. ) ;
#4012 = CARTESIAN_POINT ( 'NONE',  ( 32.55772329692347000, 7.091253400686025721, 5.205494384403078989 ) ) ;
#4013 = EDGE_CURVE ( 'NONE', #3618, #10468, #9224, .T. ) ;
#4014 = AXIS2_PLACEMENT_3D ( 'NONE', #4710, #2872, #12 ) ;
#4015 = CARTESIAN_POINT ( 'NONE',  ( -30.52128291834148399, -28.57975734830230508, 22.20504793957482548 ) ) ;
#4016 = CIRCLE ( 'NONE', #5533, 1.299999999999999156 ) ;
#4017 = LINE ( 'NONE', #3850, #5160 ) ;
#4018 = EDGE_LOOP ( 'NONE', ( #3903, #7202, #3581, #7655 ) ) ;
#4019 = CARTESIAN_POINT ( 'NONE',  ( -40.99999999999999289, -28.49999999999999645, 14.00000000000000178 ) ) ;
#4020 = DIRECTION ( 'NONE',  ( 1.000000000000000000, 0.000000000000000000, 0.000000000000000000 ) ) ;
#4021 = AXIS2_PLACEMENT_3D ( 'NONE', #9994, #9027, #860 ) ;
#4022 = EDGE_LOOP ( 'NONE', ( #9054, #7709, #11037, #74, #11551, #7953, #5288 ) ) ;
#4023 = ORIENTED_EDGE ( 'NONE', *, *, #433, .T. ) ;
#4024 = EDGE_CURVE ( 'NONE', #1184, #7389, #5850, .T. ) ;
#4025 = EDGE_CURVE ( 'NONE', #5151, #5300, #4065, .T. ) ;
#4026 = AXIS2_PLACEMENT_3D ( 'NONE', #7614, #5747, #3020 ) ;
#4027 = CARTESIAN_POINT ( 'NONE',  ( -9.661095245116852581, -32.79999999999999716, 6.184215016316511715 ) ) ;
#4028 = VERTEX_POINT ( 'NONE', #2421 ) ;
#4029 = CARTESIAN_POINT ( 'NONE',  ( -24.99999999999999289, -36.50000000000000000, 50.00000000000000000 ) ) ;
#4030 = CARTESIAN_POINT ( 'NONE',  ( 0.000000000000000000, -32.29999999999999716, 6.500000000000000888 ) ) ;
#4031 = CIRCLE ( 'NONE', #6880, 0.2000000000000000111 ) ;
#4032 = CARTESIAN_POINT ( 'NONE',  ( 26.56527095544958783, 19.67937319653714212, 6.000000000000000000 ) ) ;
#4033 = ORIENTED_EDGE ( 'NONE', *, *, #4144, .F. ) ;
#4034 = DIRECTION ( 'NONE',  ( -1.000000000000000000, 0.000000000000000000, -0.000000000000000000 ) ) ;
#4035 = AXIS2_PLACEMENT_3D ( 'NONE', #10648, #1586, #700 ) ;
#4036 = AXIS2_PLACEMENT_3D ( 'NONE', #11271, #1430, #475 ) ;
#4037 = ORIENTED_EDGE ( 'NONE', *, *, #8127, .T. ) ;
#4038 = CARTESIAN_POINT ( 'NONE',  ( -32.99999999999997868, 1.807003620809178823E-16, 1.500000000000003997 ) ) ;
#4039 = CARTESIAN_POINT ( 'NONE',  ( 19.67937319653870887, 26.56527095544841544, 6.000000000000000000 ) ) ;
#4040 = ORIENTED_EDGE ( 'NONE', *, *, #6220, .F. ) ;
#4041 = CARTESIAN_POINT ( 'NONE',  ( 26.34065101359201222, -37.00000000000000000, 49.50000000000000000 ) ) ;
#4042 = VECTOR ( 'NONE', #9668, 1000.000000000000000 ) ;
#4043 = CARTESIAN_POINT ( 'NONE',  ( -26.19678717823079950, -32.79999999999999716, 16.00000000000000000 ) ) ;
#4044 = CARTESIAN_POINT ( 'NONE',  ( -20.10738294876027865, -32.47357183223181210, 6.029420649225377460 ) ) ;
#4045 = AXIS2_PLACEMENT_3D ( 'NONE', #2457, #2524, #4311 ) ;
#4046 = CARTESIAN_POINT ( 'NONE',  ( -21.36605083265882854, 18.03603898744441381, 4.000000000000000000 ) ) ;
#4047 = ORIENTED_EDGE ( 'NONE', *, *, #7434, .T. ) ;
#4048 = AXIS2_PLACEMENT_3D ( 'NONE', #2565, #7991, #6189 ) ;
#4049 = CARTESIAN_POINT ( 'NONE',  ( -26.28294234767779969, 11.88379308764559106, 5.700000000000000178 ) ) ;
#4050 = CARTESIAN_POINT ( 'NONE',  ( -30.78748050808986036, 4.855911302116554751, 6.119808021407685317 ) ) ;
#4051 =( LENGTH_UNIT ( ) NAMED_UNIT ( * ) SI_UNIT ( .MILLI., .METRE. ) );
#4052 = AXIS2_PLACEMENT_3D ( 'NONE', #2800, #59, #943 ) ;
#4053 = AXIS2_PLACEMENT_3D ( 'NONE', #9071, #903, #4533 ) ;
#4054 = DIRECTION ( 'NONE',  ( -1.000000000000000000, -6.071532165918819782E-14, 0.000000000000000000 ) ) ;
#4055 = AXIS2_PLACEMENT_3D ( 'NONE', #5739, #7609, #4964 ) ;
#4056 = DIRECTION ( 'NONE',  ( 0.000000000000000000, -1.000000000000000000, 1.204669080539449344E-16 ) ) ;
#4057 = DIRECTION ( 'NONE',  ( -0.000000000000000000, -1.000000000000000000, 0.000000000000000000 ) ) ;
#4058 = VERTEX_POINT ( 'NONE', #6042 ) ;
#4059 = CARTESIAN_POINT ( 'NONE',  ( -33.26174788919188785, -29.10737816621176677, 0.5260273253334298849 ) ) ;
#4060 = CARTESIAN_POINT ( 'NONE',  ( 0.000000000000000000, 0.000000000000000000, 5.700000000000000178 ) ) ;
#4061 = DIRECTION ( 'NONE',  ( -0.000000000000000000, -0.000000000000000000, 1.000000000000000000 ) ) ;
#4062 = DIRECTION ( 'NONE',  ( 0.000000000000000000, -1.000000000000000000, 1.204669080539449344E-16 ) ) ;
#4063 = ORIENTED_EDGE ( 'NONE', *, *, #7205, .T. ) ;
#4064 = VECTOR ( 'NONE', #2478, 1000.000000000000000 ) ;
#4065 = CIRCLE ( 'NONE', #9029, 24.75000000000000355 ) ;
#4066 =( BOUNDED_SURFACE ( )  B_SPLINE_SURFACE ( 3, 2, ( 
 ( #9888, #878, #4562 ),
 ( #7977, #8098, #11673 ),
 ( #10896, #11612, #1703 ),
 ( #9828, #815, #10833 ),
 ( #1648, #7073, #9101 ),
 ( #4512, #5276, #5331 ),
 ( #3561, #8982, #2728 ),
 ( #4457, #8211, #2664 ) ),
 .UNSPECIFIED., .F., .F., .F. ) 
 B_SPLINE_SURFACE_WITH_KNOTS ( ( 4, 2, 2, 4 ),
 ( 3, 3 ),
 ( 0.2596555800173383499, 0.5874407667117278464, 0.9152259534061174540, 1.570796326794896558 ),
 ( 0.000000000000000000, 1.000000000000000000 ),
 .UNSPECIFIED. ) 
 GEOMETRIC_REPRESENTATION_ITEM ( )  RATIONAL_B_SPLINE_SURFACE ( (
 ( 1.000000000000000000, 0.9667690877350051393, 1.000000000000000000),
 ( 1.000000000000000000, 0.9602484399046566921, 1.000000000000000000),
 ( 1.000000000000000000, 0.9496173928789619634, 1.000000000000000000),
 ( 1.000000000000000000, 0.9204925908885122077, 1.000000000000000000),
 ( 1.000000000000000000, 0.9019943893955143510, 1.000000000000000000),
 ( 1.000000000000000000, 0.8355902836198545458, 1.000000000000000000),
 ( 1.000000000000000000, 0.7766861330172868394, 1.000000000000000000),
 ( 1.000000000000000000, 0.7071067811865456854, 1.000000000000000000) ) ) 
 REPRESENTATION_ITEM ( '' )  SURFACE ( )  );
#4067 = VECTOR ( 'NONE', #6860, 1000.000000000000000 ) ;
#4068 = CARTESIAN_POINT ( 'NONE',  ( -27.28294234767821536, -18.90955557852278446, 5.700000000000000178 ) ) ;
#4069 = CYLINDRICAL_SURFACE ( 'NONE', #6160, 1.000000000000000888 ) ;
#4070 = ORIENTED_EDGE ( 'NONE', *, *, #3012, .T. ) ;
#4071 = ORIENTED_EDGE ( 'NONE', *, *, #649, .F. ) ;
#4072 = CARTESIAN_POINT ( 'NONE',  ( 11.47180104703964609, 25.37175490347252804, 5.700000000000000178 ) ) ;
#4073 = CARTESIAN_POINT ( 'NONE',  ( 0.000000000000000000, 0.000000000000000000, 0.000000000000000000 ) ) ;
#4074 = EDGE_LOOP ( 'NONE', ( #2220, #3095, #8778, #1392, #1569 ) ) ;
#4075 = CARTESIAN_POINT ( 'NONE',  ( -27.58294234767821962, -18.90955557852276669, 5.700000000000000178 ) ) ;
#4076 = EDGE_CURVE ( 'NONE', #7379, #7546, #7441, .T. ) ;
#4077 = CARTESIAN_POINT ( 'NONE',  ( -39.99999999999999289, -28.49999999999999645, 10.50000000000000533 ) ) ;
#4078 = EDGE_CURVE ( 'NONE', #7385, #10755, #5792, .T. ) ;
#4079 = ADVANCED_FACE ( 'NONE', ( #3373 ), #7195, .F. ) ;
#4080 = CARTESIAN_POINT ( 'NONE',  ( 24.74873734153059601, -24.74873734152912519, 0.1999999999999987899 ) ) ;
#4081 = ORIENTED_EDGE ( 'NONE', *, *, #10227, .T. ) ;
#4082 = CARTESIAN_POINT ( 'NONE',  ( 30.35342133341034909, -28.64646922948987040, 6.500000000000000888 ) ) ;
#4083 = DIRECTION ( 'NONE',  ( 0.000000000000000000, -1.000000000000000000, 1.445602896647339163E-16 ) ) ;
#4084 = EDGE_CURVE ( 'NONE', #4547, #9466, #4327, .T. ) ;
#4085 = AXIS2_PLACEMENT_3D ( 'NONE', #8955, #6264, #10105 ) ;
#4086 = EDGE_LOOP ( 'NONE', ( #2848, #1593, #10442, #10213 ) ) ;
#4087 = ORIENTED_EDGE ( 'NONE', *, *, #6485, .T. ) ;
#4088 = DIRECTION ( 'NONE',  ( -0.7073707969387331707, -0.7068426668207441477, 2.452353135911992951E-15 ) ) ;
#4089 = ORIENTED_EDGE ( 'NONE', *, *, #9264, .F. ) ;
#4090 = CARTESIAN_POINT ( 'NONE',  ( -9.361426614940210555, -29.58727364125569181, 6.000000000000000000 ) ) ;
#4091 = DIRECTION ( 'NONE',  ( 1.137523590804463822E-16, -1.000000000000000000, -0.000000000000000000 ) ) ;
#4092 = AXIS2_PLACEMENT_3D ( 'NONE', #6314, #9976, #7103 ) ;
#4093 = DIRECTION ( 'NONE',  ( -1.000000000000000000, 0.000000000000000000, 0.000000000000000000 ) ) ;
#4094 = ORIENTED_EDGE ( 'NONE', *, *, #5471, .F. ) ;
#4095 = EDGE_CURVE ( 'NONE', #2611, #6019, #5616, .T. ) ;
#4096 = CARTESIAN_POINT ( 'NONE',  ( -21.95126265846939617, -24.74873734153059246, -6.098637220230962441E-16 ) ) ;
#4097 = ADVANCED_FACE ( 'NONE', ( #8979 ), #753, .F. ) ;
#4098 = EDGE_CURVE ( 'NONE', #9148, #10241, #8464, .T. ) ;
#4099 = EDGE_CURVE ( 'NONE', #2792, #4746, #1993, .T. ) ;
#4100 = CIRCLE ( 'NONE', #5238, 3.200000000000001510 ) ;
#4101 = ORIENTED_EDGE ( 'NONE', *, *, #5246, .T. ) ;
#4102 = CARTESIAN_POINT ( 'NONE',  ( -40.53163584400900987, -37.36602540378444104, 0.5000000000000084377 ) ) ;
#4103 = CARTESIAN_POINT ( 'NONE',  ( 25.78279235760480148, -32.29999999999999716, 6.500000000000000888 ) ) ;
#4104 = EDGE_LOOP ( 'NONE', ( #7403, #8225, #2928, #7962 ) ) ;
#4105 = CARTESIAN_POINT ( 'NONE',  ( -10.39816519068723899, -32.55872636749531779, 4.000000000000000000 ) ) ;
#4106 = CARTESIAN_POINT ( 'NONE',  ( -25.09839867021182513, -11.34820343485588978, 6.000000000000000000 ) ) ;
#4107 = CARTESIAN_POINT ( 'NONE',  ( -19.00000000000000000, -76.30000000000001137, 17.00000000000000355 ) ) ;
#4108 = CARTESIAN_POINT ( 'NONE',  ( -30.49999999999998579, 9.534041910492875971, 0.6484888465074024611 ) ) ;
#4109 = EDGE_LOOP ( 'NONE', ( #3118, #11314, #8984 ) ) ;
#4110 = CARTESIAN_POINT ( 'NONE',  ( 30.49999999999997868, -16.10783521469172541, 15.36658938351599879 ) ) ;
#4111 = ADVANCED_FACE ( 'NONE', ( #7414 ), #5369, .F. ) ;
#4112 = CARTESIAN_POINT ( 'NONE',  ( -25.49999999999997158, 31.00000000000000711, 0.5000000000000004441 ) ) ;
#4113 = CYLINDRICAL_SURFACE ( 'NONE', #8568, 1.000000000000000888 ) ;
#4114 = PRODUCT_DEFINITION_CONTEXT ( 'detailed design', #819, 'design' ) ;
#4115 = CARTESIAN_POINT ( 'NONE',  ( 50.00000000000000711, -28.49999999999999645, 45.00000000000000711 ) ) ;
#4116 = CARTESIAN_POINT ( 'NONE',  ( 34.98674648294750966, -35.00000000000002842, 49.89999999999999858 ) ) ;
#4117 = CARTESIAN_POINT ( 'NONE',  ( 26.34065101359201577, -36.50000000000000000, 50.00000000000000000 ) ) ;
#4118 = ORIENTED_EDGE ( 'NONE', *, *, #88, .F. ) ;
#4119 = CARTESIAN_POINT ( 'NONE',  ( -31.25348535489169066, 5.337648954679020008, 6.000000000000000000 ) ) ;
#4120 = LINE ( 'NONE', #8890, #5741 ) ;
#4121 = CARTESIAN_POINT ( 'NONE',  ( 33.69688311793411373, -28.50000000000000000, 22.20965100730940023 ) ) ;
#4122 = DIRECTION ( 'NONE',  ( 0.000000000000000000, 0.000000000000000000, 1.000000000000000000 ) ) ;
#4123 = ORIENTED_EDGE ( 'NONE', *, *, #1143, .F. ) ;
#4124 = DIRECTION ( 'NONE',  ( 0.7073707969387323935, 0.7068426668207449248, -0.000000000000000000 ) ) ;
#4125 = CIRCLE ( 'NONE', #11377, 3.000000000000002665 ) ;
#4126 = DIRECTION ( 'NONE',  ( 0.000000000000000000, 0.000000000000000000, -1.000000000000000000 ) ) ;
#4127 = DIRECTION ( 'NONE',  ( -1.000000000000000000, 0.000000000000000000, 0.000000000000000000 ) ) ;
#4128 = EDGE_CURVE ( 'NONE', #9573, #9807, #9759, .T. ) ;
#4129 = EDGE_LOOP ( 'NONE', ( #9958, #8020, #6405, #6692 ) ) ;
#4130 = CARTESIAN_POINT ( 'NONE',  ( -33.99999999999997868, 4.937053741498337089, 6.252263310563423104 ) ) ;
#4131 = CARTESIAN_POINT ( 'NONE',  ( 0.000000000000000000, -32.64920397968457166, 6.070005953438164070 ) ) ;
#4132 = CARTESIAN_POINT ( 'NONE',  ( -11.34689094264287945, 27.28294234767709270, 4.000000000000000000 ) ) ;
#4133 = VERTEX_POINT ( 'NONE', #8032 ) ;
#4134 = CARTESIAN_POINT ( 'NONE',  ( 28.89999999999998082, -15.11415481290157814, 15.25434296220034902 ) ) ;
#4135 =( BOUNDED_SURFACE ( )  B_SPLINE_SURFACE ( 3, 2, ( 
 ( #9911, #7284, #8301 ),
 ( #7170, #2629, #906 ),
 ( #1728, #11761, #5476 ),
 ( #8064, #6386, #8126 ) ),
 .UNSPECIFIED., .F., .F., .F. ) 
 B_SPLINE_SURFACE_WITH_KNOTS ( ( 4, 4 ),
 ( 3, 3 ),
 ( 6.895525817007808200E-17, 0.004844907754190256113 ),
 ( 0.000000000000000000, 1.000000000000000000 ),
 .UNSPECIFIED. ) 
 GEOMETRIC_REPRESENTATION_ITEM ( )  RATIONAL_B_SPLINE_SURFACE ( (
 ( 1.000000000000000000, 0.7071067811865475727, 1.000000000000000000),
 ( 1.000000000000000000, 0.7071067811865475727, 1.000000000000000000),
 ( 1.000000000000000000, 0.7071067811865477948, 1.000000000000000000),
 ( 1.000000000000000000, 0.7071067811865477948, 1.000000000000000000) ) ) 
 REPRESENTATION_ITEM ( '' )  SURFACE ( )  );
#4136 = CARTESIAN_POINT ( 'NONE',  ( -9.556001448147453559, -32.51847668630846755, 6.050257921092969227 ) ) ;
#4137 = CARTESIAN_POINT ( 'NONE',  ( -9.696362071903116941, -32.38442330966002913, 5.780412673752686636 ) ) ;
#4138 = ORIENTED_EDGE ( 'NONE', *, *, #10285, .F. ) ;
#4139 = LINE ( 'NONE', #3131, #11230 ) ;
#4140 = CARTESIAN_POINT ( 'NONE',  ( 3.244874193390045125, -30.97010467188755456, 4.000000000000000000 ) ) ;
#4141 = ORIENTED_EDGE ( 'NONE', *, *, #8335, .T. ) ;
#4142 = EDGE_CURVE ( 'NONE', #10872, #7150, #1764, .T. ) ;
#4143 = EDGE_LOOP ( 'NONE', ( #9528, #1338, #6035, #5360, #8002 ) ) ;
#4144 = EDGE_CURVE ( 'NONE', #5131, #7019, #2753, .T. ) ;
#4145 = CARTESIAN_POINT ( 'NONE',  ( -10.88379308764716313, 26.28294234767709270, 4.000000000000000000 ) ) ;
#4146 = CARTESIAN_POINT ( 'NONE',  ( -10.24226357821823719, -32.79999999999999716, 6.216631438290039391 ) ) ;
#4147 = ORIENTED_EDGE ( 'NONE', *, *, #1388, .F. ) ;
#4148 = DIRECTION ( 'NONE',  ( 0.000000000000000000, 0.000000000000000000, 1.000000000000000000 ) ) ;
#4149 = CARTESIAN_POINT ( 'NONE',  ( 18.82420381369167117, -23.72709161337618156, 6.000000000000000000 ) ) ;
#4150 = CARTESIAN_POINT ( 'NONE',  ( 24.74873734153059601, -24.74873734152912519, 0.000000000000000000 ) ) ;
#4151 = ORIENTED_EDGE ( 'NONE', *, *, #8719, .T. ) ;
#4152 = CARTESIAN_POINT ( 'NONE',  ( 30.55845417352211513, -28.29707133056591317, 21.67700814480941673 ) ) ;
#4153 = EDGE_LOOP ( 'NONE', ( #6353, #4586, #7686, #6041, #3427 ) ) ;
#4154 = CYLINDRICAL_SURFACE ( 'NONE', #7912, 2.000000000000000000 ) ;
#4155 = CARTESIAN_POINT ( 'NONE',  ( 30.63608141784652616, -28.27838927577331418, 21.84919669099350159 ) ) ;
#4156 = ORIENTED_EDGE ( 'NONE', *, *, #7382, .T. ) ;
#4157 = EDGE_CURVE ( 'NONE', #1283, #6611, #1927, .T. ) ;
#4158 = CARTESIAN_POINT ( 'NONE',  ( 10.40005347590610185, -32.79999999999999716, 6.427855894855588836 ) ) ;
#4159 = EDGE_CURVE ( 'NONE', #5575, #5934, #8440, .T. ) ;
#4160 = DIRECTION ( 'NONE',  ( 1.137523590804463822E-16, -1.000000000000000000, -0.000000000000000000 ) ) ;
#4161 = AXIS2_PLACEMENT_3D ( 'NONE', #10671, #3337, #4996 ) ;
#4162 = CARTESIAN_POINT ( 'NONE',  ( 18.89509193117491037, 22.61091885405092583, 6.000000000000000888 ) ) ;
#4163 = DIRECTION ( 'NONE',  ( -1.000000000000000000, -1.137523590804463822E-16, 0.000000000000000000 ) ) ;
#4164 = ORIENTED_EDGE ( 'NONE', *, *, #3366, .T. ) ;
#4165 = CARTESIAN_POINT ( 'NONE',  ( -34.49999999999997868, -27.99999999999999645, 1.500000000000007550 ) ) ;
#4166 = CARTESIAN_POINT ( 'NONE',  ( 26.19678717823080660, -32.79999999999999716, 48.99999999999999289 ) ) ;
#4167 = DIRECTION ( 'NONE',  ( 0.000000000000000000, 0.000000000000000000, 1.000000000000000000 ) ) ;
#4168 = AXIS2_PLACEMENT_3D ( 'NONE', #9132, #8246, #11713 ) ;
#4169 = CARTESIAN_POINT ( 'NONE',  ( 45.00000000000000711, -28.49999999999999645, 49.00000000000000000 ) ) ;
#4170 = FACE_OUTER_BOUND ( 'NONE', #10479, .T. ) ;
#4171 = DIRECTION ( 'NONE',  ( 1.000000000000000000, -0.000000000000000000, -0.000000000000000000 ) ) ;
#4172 = ORIENTED_EDGE ( 'NONE', *, *, #1844, .T. ) ;
#4173 = ADVANCED_FACE ( 'NONE', ( #1095 ), #4452, .T. ) ;
#4174 = CARTESIAN_POINT ( 'NONE',  ( -30.65000366322146164, 7.080364228166581064, 5.736906155166144217 ) ) ;
#4175 = FACE_OUTER_BOUND ( 'NONE', #1646, .T. ) ;
#4176 = CARTESIAN_POINT ( 'NONE',  ( 33.99999999999998579, -28.50000000000000000, 21.14523135337576321 ) ) ;
#4177 = LINE ( 'NONE', #7822, #574 ) ;
#4178 = ORIENTED_EDGE ( 'NONE', *, *, #2650, .F. ) ;
#4179 = AXIS2_PLACEMENT_3D ( 'NONE', #8348, #1336, #5591 ) ;
#4180 = CARTESIAN_POINT ( 'NONE',  ( -30.11405933009693570, 7.347339966119061039, 6.000000000000000888 ) ) ;
#4181 = CARTESIAN_POINT ( 'NONE',  ( -29.99999999999997868, -28.29278383102048977, 6.000000000000000000 ) ) ;
#4182 = LINE ( 'NONE', #1445, #9230 ) ;
#4183 = ORIENTED_EDGE ( 'NONE', *, *, #5157, .F. ) ;
#4184 = CARTESIAN_POINT ( 'NONE',  ( -32.70826602783250081, 6.992786613689762731, 4.545297827156977277 ) ) ;
#4185 = VECTOR ( 'NONE', #3768, 1000.000000000000000 ) ;
#4186 = CARTESIAN_POINT ( 'NONE',  ( 21.80529186682070630, 18.83372836813736129, 6.000000000000000000 ) ) ;
#4187 = VERTEX_POINT ( 'NONE', #4673 ) ;
#4188 = CARTESIAN_POINT ( 'NONE',  ( -33.87378639144240822, -28.11005427820130720, 21.75863684194263215 ) ) ;
#4189 = DIRECTION ( 'NONE',  ( 0.000000000000000000, 0.000000000000000000, -1.000000000000000000 ) ) ;
#4190 = CIRCLE ( 'NONE', #10866, 27.54471522829317109 ) ;
#4191 = LINE ( 'NONE', #9816, #8985 ) ;
#4192 = EDGE_LOOP ( 'NONE', ( #9016, #2376, #8521 ) ) ;
#4193 = STYLED_ITEM ( 'NONE', ( #11274 ), #1322 ) ;
#4194 = CARTESIAN_POINT ( 'NONE',  ( 26.64689772753528629, 19.39069158978175622, 5.700000000000000178 ) ) ;
#4195 = CARTESIAN_POINT ( 'NONE',  ( 19.29508843714771871, -31.55872636749531424, 4.000000000000000000 ) ) ;
#4196 = ORIENTED_EDGE ( 'NONE', *, *, #7735, .T. ) ;
#4197 = VECTOR ( 'NONE', #4828, 1000.000000000000000 ) ;
#4198 = ORIENTED_EDGE ( 'NONE', *, *, #4, .T. ) ;
#4199 = CARTESIAN_POINT ( 'NONE',  ( -30.49999999999997868, 8.468626966596890071, 4.586374857725616927 ) ) ;
#4200 = ORIENTED_EDGE ( 'NONE', *, *, #4824, .F. ) ;
#4201 = CIRCLE ( 'NONE', #8587, 0.9999999999999992228 ) ;
#4202 = DIRECTION ( 'NONE',  ( 0.000000000000000000, 0.000000000000000000, -1.000000000000000000 ) ) ;
#4203 = ORIENTED_EDGE ( 'NONE', *, *, #8750, .T. ) ;
#4204 = CARTESIAN_POINT ( 'NONE',  ( 41.00000000000000711, 6.000000000000012434, 14.00000000000000178 ) ) ;
#4205 = DIRECTION ( 'NONE',  ( -1.137523590804463822E-16, 1.000000000000000000, 0.000000000000000000 ) ) ;
#4206 = EDGE_CURVE ( 'NONE', #8909, #7658, #8316, .T. ) ;
#4207 = CARTESIAN_POINT ( 'NONE',  ( 30.48917469915933864, 9.613873348577170574, 0.6122867830971694403 ) ) ;
#4208 = ORIENTED_EDGE ( 'NONE', *, *, #1101, .T. ) ;
#4209 = AXIS2_PLACEMENT_3D ( 'NONE', #11749, #3519, #1535 ) ;
#4210 = AXIS2_PLACEMENT_3D ( 'NONE', #6399, #2706, #5552 ) ;
#4211 = FACE_OUTER_BOUND ( 'NONE', #4272, .T. ) ;
#4212 = AXIS2_PLACEMENT_3D ( 'NONE', #5147, #4973, #11555 ) ;
#4213 = ORIENTED_EDGE ( 'NONE', *, *, #5089, .F. ) ;
#4214 = CIRCLE ( 'NONE', #8230, 3.200000000000001510 ) ;
#4215 = PLANE ( 'NONE',  #3889 ) ;
#4216 = TOROIDAL_SURFACE ( 'NONE', #8762, 9.000000000000001776, 1.000000000000000000 ) ;
#4217 = ORIENTED_EDGE ( 'NONE', *, *, #6705, .T. ) ;
#4218 = CARTESIAN_POINT ( 'NONE',  ( 9.557889733366302210, -32.79999999999999716, 6.499999999999999112 ) ) ;
#4219 = DIRECTION ( 'NONE',  ( 0.000000000000000000, -1.000000000000000000, 0.000000000000000000 ) ) ;
#4220 = CARTESIAN_POINT ( 'NONE',  ( 30.00000000000001066, 4.558397455121537967E-15, 6.000000000000000000 ) ) ;
#4221 = EDGE_CURVE ( 'NONE', #5043, #8680, #3480, .T. ) ;
#4222 = CARTESIAN_POINT ( 'NONE',  ( 25.00000000000001421, -37.00000000000000000, 49.50000000000000000 ) ) ;
#4223 = ORIENTED_EDGE ( 'NONE', *, *, #6826, .T. ) ;
#4224 = AXIS2_PLACEMENT_3D ( 'NONE', #10012, #1832, #46 ) ;
#4225 = ADVANCED_FACE ( 'NONE', ( #4720 ), #2474, .F. ) ;
#4226 = LINE ( 'NONE', #4408, #1951 ) ;
#4227 = CARTESIAN_POINT ( 'NONE',  ( 26.48963502442553875, -32.50737079693873000, 49.00000000000000000 ) ) ;
#4228 = EDGE_CURVE ( 'NONE', #11567, #1339, #9768, .T. ) ;
#4229 = PLANE ( 'NONE',  #1335 ) ;
#4230 = EDGE_CURVE ( 'NONE', #5163, #11084, #5771, .T. ) ;
#4231 = DIRECTION ( 'NONE',  ( 1.000000000000000000, 1.137523590804463822E-16, 0.000000000000000000 ) ) ;
#4232 = VECTOR ( 'NONE', #4778, 1000.000000000000114 ) ;
#4233 = CARTESIAN_POINT ( 'NONE',  ( -31.24325230736886283, 5.244997879939018226, 6.065357531000026725 ) ) ;
#4234 = AXIS2_PLACEMENT_3D ( 'NONE', #3409, #3230, #11536 ) ;
#4235 = DIRECTION ( 'NONE',  ( -1.000000000000000000, 0.000000000000000000, 0.000000000000000000 ) ) ;
#4236 = VERTEX_POINT ( 'NONE', #8592 ) ;
#4237 = FACE_OUTER_BOUND ( 'NONE', #2085, .T. ) ;
#4238 = CARTESIAN_POINT ( 'NONE',  ( 30.51872666424716840, 7.817324492762156574, 5.567600703697271669 ) ) ;
#4239 = AXIS2_PLACEMENT_3D ( 'NONE', #5289, #179, #4578 ) ;
#4240 = CARTESIAN_POINT ( 'NONE',  ( 33.99999999999997868, -28.02861025668829242, 21.30469529034010634 ) ) ;
#4241 = CARTESIAN_POINT ( 'NONE',  ( -30.50704413230709378, -28.49296112691358118, 21.52808584104664646 ) ) ;
#4242 = ORIENTED_EDGE ( 'NONE', *, *, #8750, .F. ) ;
#4243 = DIRECTION ( 'NONE',  ( 0.000000000000000000, 0.000000000000000000, 1.000000000000000000 ) ) ;
#4244 = ADVANCED_FACE ( 'NONE', ( #5002 ), #1148, .T. ) ;
#4245 = CIRCLE ( 'NONE', #4445, 2.599999999999998312 ) ;
#4246 = DIRECTION ( 'NONE',  ( -0.000000000000000000, -0.000000000000000000, 1.000000000000000000 ) ) ;
#4247 = CARTESIAN_POINT ( 'NONE',  ( -24.99999999999999289, -33.79999999999999716, 50.00000000000000000 ) ) ;
#4248 = EDGE_CURVE ( 'NONE', #10763, #8310, #5834, .T. ) ;
#4249 = EDGE_CURVE ( 'NONE', #1908, #2528, #247, .T. ) ;
#4250 = CIRCLE ( 'NONE', #3496, 0.3000000000000000999 ) ;
#4251 = ORIENTED_EDGE ( 'NONE', *, *, #3434, .F. ) ;
#4252 = CARTESIAN_POINT ( 'NONE',  ( -33.83981073140418516, 5.595569762660621116, 5.932277135934047152 ) ) ;
#4253 = CARTESIAN_POINT ( 'NONE',  ( -19.96629138838773443, -32.79999999999999716, 6.500000000000000888 ) ) ;
#4254 = LINE ( 'NONE', #4132, #9201 ) ;
#4255 = EDGE_LOOP ( 'NONE', ( #2298, #870, #685, #11735 ) ) ;
#4256 = CARTESIAN_POINT ( 'NONE',  ( -33.99999999999997868, 7.500000000000001776, 5.006876193646772499 ) ) ;
#4257 = AXIS2_PLACEMENT_3D ( 'NONE', #7561, #6715, #2130 ) ;
#4258 = AXIS2_PLACEMENT_3D ( 'NONE', #4103, #1423, #9706 ) ;
#4259 = CARTESIAN_POINT ( 'NONE',  ( -32.53725674016436642, -37.50000000000000000, 49.89999999999999858 ) ) ;
#4260 = VERTEX_POINT ( 'NONE', #486 ) ;
#4261 = AXIS2_PLACEMENT_3D ( 'NONE', #7484, #274, #6801 ) ;
#4262 = DIRECTION ( 'NONE',  ( -0.000000000000000000, -0.000000000000000000, 1.000000000000000000 ) ) ;
#4263 = ORIENTED_EDGE ( 'NONE', *, *, #2273, .F. ) ;
#4264 = CARTESIAN_POINT ( 'NONE',  ( 21.82807647901000436, 18.53459485037750198, 5.700000000000000178 ) ) ;
#4265 = CARTESIAN_POINT ( 'NONE',  ( 17.82432617406004738, -23.71144853936000629, 6.000000000000000000 ) ) ;
#4266 = VECTOR ( 'NONE', #2162, 1000.000000000000000 ) ;
#4267 = VERTEX_POINT ( 'NONE', #8430 ) ;
#4268 = ORIENTED_EDGE ( 'NONE', *, *, #8847, .F. ) ;
#4269 = CARTESIAN_POINT ( 'NONE',  ( -30.49999999999997868, 8.130517918513499254, 5.499999999992891020 ) ) ;
#4270 = EDGE_LOOP ( 'NONE', ( #2235, #8910, #228, #5080 ) ) ;
#4271 = CARTESIAN_POINT ( 'NONE',  ( 19.52188704347078740, -32.79999999999999716, 6.427855894855553309 ) ) ;
#4272 = EDGE_LOOP ( 'NONE', ( #4123, #1469, #5084, #7618, #10290 ) ) ;
#4273 = CARTESIAN_POINT ( 'NONE',  ( -32.99999999999997868, 4.500000000000001776, 0.5000000000000033307 ) ) ;
#4274 = CARTESIAN_POINT ( 'NONE',  ( 30.35342133341034554, -28.64646922948987040, 6.500000000000000888 ) ) ;
#4275 = CARTESIAN_POINT ( 'NONE',  ( 0.000000000000000000, -28.49999999999999645, 22.81294424401308873 ) ) ;
#4276 = EDGE_LOOP ( 'NONE', ( #3069, #1211, #1718 ) ) ;
#4277 = AXIS2_PLACEMENT_3D ( 'NONE', #598, #5951, #4930 ) ;
#4278 = FACE_OUTER_BOUND ( 'NONE', #5603, .T. ) ;
#4279 =( BOUNDED_CURVE ( )  B_SPLINE_CURVE ( 3, ( #5175, #2387, #9611, #1433 ),
 .UNSPECIFIED., .F., .F. ) 
 B_SPLINE_CURVE_WITH_KNOTS ( ( 4, 4 ),
 ( 1.880790961315658986E-33, 1.015978339901914662 ),
 .UNSPECIFIED. ) 
 CURVE ( )  GEOMETRIC_REPRESENTATION_ITEM ( )  RATIONAL_B_SPLINE_CURVE ( ( 1.000000000000000000, 0.9158162560121156925, 0.9158162560121156925, 1.000000000000000000 ) ) 
 REPRESENTATION_ITEM ( '' )  );
#4280 = ORIENTED_EDGE ( 'NONE', *, *, #7907, .F. ) ;
#4281 = AXIS2_PLACEMENT_3D ( 'NONE', #4532, #2756, #4869 ) ;
#4282 = CARTESIAN_POINT ( 'NONE',  ( 18.94607976195657528, 25.07448155176204097, 6.000000000000699885 ) ) ;
#4283 = ORIENTED_EDGE ( 'NONE', *, *, #5156, .T. ) ;
#4284 = CARTESIAN_POINT ( 'NONE',  ( 29.99999999999997868, 0.000000000000000000, 6.500000000000000888 ) ) ;
#4285 = CARTESIAN_POINT ( 'NONE',  ( -10.39816519068723899, -32.55872636749531779, 5.855295988587709388 ) ) ;
#4286 = CARTESIAN_POINT ( 'NONE',  ( 34.98674648294750966, -35.00000000000002842, 49.89999999999999858 ) ) ;
#4287 = ORIENTED_EDGE ( 'NONE', *, *, #5599, .F. ) ;
#4288 = DIRECTION ( 'NONE',  ( -1.000000000000000000, 0.000000000000000000, 0.000000000000000000 ) ) ;
#4289 = CARTESIAN_POINT ( 'NONE',  ( -30.49999999999998224, -37.50000000000000000, 6.000000000000000000 ) ) ;
#4290 = AXIS2_PLACEMENT_3D ( 'NONE', #1815, #7361, #4548 ) ;
#4291 = CARTESIAN_POINT ( 'NONE',  ( 19.50000000000001421, -37.00000000000000000, 44.00000000000000711 ) ) ;
#4292 = EDGE_CURVE ( 'NONE', #8696, #10938, #10163, .T. ) ;
#4293 = DIRECTION ( 'NONE',  ( 0.000000000000000000, -1.000000000000000000, 0.000000000000000000 ) ) ;
#4294 = CARTESIAN_POINT ( 'NONE',  ( -30.54979342140361354, -28.56867978610766556, 22.28909803235630349 ) ) ;
#4295 = CARTESIAN_POINT ( 'NONE',  ( 0.000000000000000000, 0.000000000000000000, 0.5000000000000004441 ) ) ;
#4296 = B_SPLINE_SURFACE_WITH_KNOTS ( 'NONE', 3, 1, ( 
 ( #4891, #8544 ),
 ( #2051, #10396 ),
 ( #2219, #5665 ),
 ( #9327, #3905 ),
 ( #7541, #2452 ) ),
 .UNSPECIFIED., .F., .F., .F.,
 ( 4, 1, 4 ),
 ( 2, 2 ),
 ( 0.2024315979464650084, 0.5228176099171815139, 0.7968962246422559570 ),
 ( 0.000000000000000000, 1.000000000000000000 ),
 .UNSPECIFIED. ) ;
#4297 = ORIENTED_EDGE ( 'NONE', *, *, #4359, .T. ) ;
#4298 = EDGE_CURVE ( 'NONE', #7606, #7416, #2046, .T. ) ;
#4299 = EDGE_CURVE ( 'NONE', #10625, #8765, #16, .T. ) ;
#4300 = CARTESIAN_POINT ( 'NONE',  ( 30.50000000000000711, 26.00000000000000711, 0.5000000000000004441 ) ) ;
#4301 = CYLINDRICAL_SURFACE ( 'NONE', #9968, 0.5000000000000004441 ) ;
#4302 = CARTESIAN_POINT ( 'NONE',  ( 34.49999999998937739, -28.49999999999999645, 21.36357381039002235 ) ) ;
#4303 = CARTESIAN_POINT ( 'NONE',  ( -24.09389133424060248, -18.81331172321356249, 4.000000000000000000 ) ) ;
#4304 = VERTEX_POINT ( 'NONE', #10392 ) ;
#4305 = DIRECTION ( 'NONE',  ( -0.000000000000000000, -0.000000000000000000, 1.000000000000000000 ) ) ;
#4306 = DIRECTION ( 'NONE',  ( 0.000000000000000000, 0.000000000000000000, -1.000000000000000000 ) ) ;
#4307 = CARTESIAN_POINT ( 'NONE',  ( -40.99999999999998579, -37.29999999999999716, 43.50000000000000711 ) ) ;
#4308 = ORIENTED_EDGE ( 'NONE', *, *, #2956, .F. ) ;
#4309 = CARTESIAN_POINT ( 'NONE',  ( -32.99999999999997868, -29.50000000000000000, 0.5000000000000074385 ) ) ;
#4310 = DIRECTION ( 'NONE',  ( 0.000000000000000000, 0.000000000000000000, 1.000000000000000000 ) ) ;
#4311 = DIRECTION ( 'NONE',  ( -1.000000000000000000, 0.000000000000000000, 0.000000000000000000 ) ) ;
#4312 = ORIENTED_EDGE ( 'NONE', *, *, #8256, .F. ) ;
#4313 = CARTESIAN_POINT ( 'NONE',  ( -24.99999999999999289, -76.30000000000001137, 44.00000000000000711 ) ) ;
#4314 = EDGE_CURVE ( 'NONE', #10409, #3649, #10277, .T. ) ;
#4315 = EDGE_CURVE ( 'NONE', #835, #10840, #7294, .T. ) ;
#4316 = CARTESIAN_POINT ( 'NONE',  ( 9.839135917602549242, -32.79999999999999716, 6.481171153239349891 ) ) ;
#4317 = ORIENTED_EDGE ( 'NONE', *, *, #4298, .F. ) ;
#4318 = EDGE_CURVE ( 'NONE', #436, #4267, #4801, .T. ) ;
#4319 = DIRECTION ( 'NONE',  ( 0.000000000000000000, 0.000000000000000000, 1.000000000000000000 ) ) ;
#4320 = ORIENTED_EDGE ( 'NONE', *, *, #11521, .F. ) ;
#4321 = CARTESIAN_POINT ( 'NONE',  ( -33.99999999999997868, 6.087450786638757272, 4.838578414359385071 ) ) ;
#4322 = CARTESIAN_POINT ( 'NONE',  ( -26.54775779477856901, -37.00000000000000000, 0.4999999999999814593 ) ) ;
#4323 = ORIENTED_EDGE ( 'NONE', *, *, #5013, .T. ) ;
#4324 = ORIENTED_EDGE ( 'NONE', *, *, #9486, .F. ) ;
#4325 = DIRECTION ( 'NONE',  ( 0.000000000000000000, -1.000000000000000000, 1.204669080539449344E-16 ) ) ;
#4326 = ORIENTED_EDGE ( 'NONE', *, *, #6840, .T. ) ;
#4327 = LINE ( 'NONE', #8096, #9996 ) ;
#4328 = ORIENTED_EDGE ( 'NONE', *, *, #2244, .F. ) ;
#4329 = ADVANCED_FACE ( 'NONE', ( #8656 ), #9381, .F. ) ;
#4330 = CYLINDRICAL_SURFACE ( 'NONE', #4224, 0.5000000000000004441 ) ;
#4331 = CARTESIAN_POINT ( 'NONE',  ( 30.49999999999997868, 3.654618844103590281, 6.287922182086014722 ) ) ;
#4332 = CARTESIAN_POINT ( 'NONE',  ( 30.29956638874347163, 8.324249191105415946, 0.9003252223626978523 ) ) ;
#4333 = ORIENTED_EDGE ( 'NONE', *, *, #6956, .T. ) ;
#4334 = CARTESIAN_POINT ( 'NONE',  ( -21.82807647901000081, 18.53459485037750554, 5.700000000000000178 ) ) ;
#4335 = EDGE_LOOP ( 'NONE', ( #6870, #6774, #9278, #4908 ) ) ;
#4336 = CARTESIAN_POINT ( 'NONE',  ( -26.64689772753529340, -19.39069158978175977, 5.700000000000000178 ) ) ;
#4337 = VERTEX_POINT ( 'NONE', #4887 ) ;
#4338 = PLANE ( 'NONE',  #10502 ) ;
#4339 = FACE_OUTER_BOUND ( 'NONE', #7982, .T. ) ;
#4340 = CARTESIAN_POINT ( 'NONE',  ( 41.00000000000001421, -37.29999999999999005, 43.50000000000000711 ) ) ;
#4341 = DIRECTION ( 'NONE',  ( -0.000000000000000000, -0.000000000000000000, 1.000000000000000000 ) ) ;
#4342 = ORIENTED_EDGE ( 'NONE', *, *, #5401, .T. ) ;
#4343 = DIRECTION ( 'NONE',  ( 0.000000000000000000, 0.000000000000000000, -1.000000000000000000 ) ) ;
#4344 =( BOUNDED_CURVE ( )  B_SPLINE_CURVE ( 3, ( #9882, #11550, #4447, #6952 ),
 .UNSPECIFIED., .F., .F. ) 
 B_SPLINE_CURVE_WITH_KNOTS ( ( 4, 4 ),
 ( 1.570796326794896780, 3.141592653589793116 ),
 .UNSPECIFIED. ) 
 CURVE ( )  GEOMETRIC_REPRESENTATION_ITEM ( )  RATIONAL_B_SPLINE_CURVE ( ( 1.000000000000000000, 0.8047378541243650485, 0.8047378541243650485, 1.000000000000000000 ) ) 
 REPRESENTATION_ITEM ( '' )  );
#4345 = CARTESIAN_POINT ( 'NONE',  ( 41.00000000000001421, 6.000000000000012434, 37.50000000000000000 ) ) ;
#4346 = DIRECTION ( 'NONE',  ( 0.000000000000000000, 0.000000000000000000, 1.000000000000000000 ) ) ;
#4347 = CARTESIAN_POINT ( 'NONE',  ( -33.99999999999997868, -27.99999999999999645, 21.38819140624178416 ) ) ;
#4348 = DIRECTION ( 'NONE',  ( -1.000000000000000000, -3.552713678800500929E-15, 0.000000000000000000 ) ) ;
#4349 = ORIENTED_EDGE ( 'NONE', *, *, #7529, .T. ) ;
#4350 = CARTESIAN_POINT ( 'NONE',  ( -34.00452219235071283, -28.49547780764813609, 1.366967472805721728 ) ) ;
#4351 = CARTESIAN_POINT ( 'NONE',  ( -49.99999999999999289, -36.50000000000000000, 49.50000000000000000 ) ) ;
#4352 = DIRECTION ( 'NONE',  ( -0.000000000000000000, 0.000000000000000000, 1.000000000000000000 ) ) ;
#4353 = DIRECTION ( 'NONE',  ( -1.000000000000000000, 0.000000000000000000, 0.000000000000000000 ) ) ;
#4354 = ORIENTED_EDGE ( 'NONE', *, *, #6050, .F. ) ;
#4355 = ADVANCED_FACE ( 'NONE', ( #7477 ), #4984, .T. ) ;
#4356 = DIRECTION ( 'NONE',  ( -0.000000000000000000, -1.000000000000000000, -0.000000000000000000 ) ) ;
#4357 = TOROIDAL_SURFACE ( 'NONE', #7229, 2.800000000000000266, 0.2000000000000000111 ) ;
#4358 = CARTESIAN_POINT ( 'NONE',  ( 30.51612360056751783, -28.30769996194559823, 21.49359563289034014 ) ) ;
#4359 = EDGE_CURVE ( 'NONE', #7150, #10872, #2144, .T. ) ;
#4360 = EDGE_CURVE ( 'NONE', #1630, #8946, #3949, .T. ) ;
#4361 = ORIENTED_EDGE ( 'NONE', *, *, #2116, .T. ) ;
#4362 = CARTESIAN_POINT ( 'NONE',  ( -32.65534010330672743, 6.085350740315241147, 5.694282711486535753 ) ) ;
#4363 = AXIS2_PLACEMENT_3D ( 'NONE', #5390, #11233, #2961 ) ;
#4364 = DIRECTION ( 'NONE',  ( 1.000000000000000000, 0.000000000000000000, -0.000000000000000000 ) ) ;
#4365 = CARTESIAN_POINT ( 'NONE',  ( 41.00000000000000711, 6.000000000000012434, 17.00000000000000355 ) ) ;
#4366 = ORIENTED_EDGE ( 'NONE', *, *, #4095, .F. ) ;
#4367 = CARTESIAN_POINT ( 'NONE',  ( -33.26174789301762758, -28.21283920044384885, 22.33152538817748933 ) ) ;
#4368 = CIRCLE ( 'NONE', #6268, 1.799999999999999600 ) ;
#4369 = CARTESIAN_POINT ( 'NONE',  ( 49.50000000000000711, -36.99999999999999289, 10.50000000000000711 ) ) ;
#4370 = EDGE_LOOP ( 'NONE', ( #6241, #172, #256, #331 ) ) ;
#4371 = EDGE_CURVE ( 'NONE', #4800, #8460, #10336, .T. ) ;
#4372 = CARTESIAN_POINT ( 'NONE',  ( 19.96629138838773798, -32.79999999999999716, 6.500000000000000888 ) ) ;
#4373 = ORIENTED_EDGE ( 'NONE', *, *, #10637, .T. ) ;
#4374 = CARTESIAN_POINT ( 'NONE',  ( 33.99999999999997868, 4.500000000000001776, 5.352827917084654885 ) ) ;
#4375 = DIRECTION ( 'NONE',  ( 1.000000000000000000, 0.000000000000000000, 0.000000000000000000 ) ) ;
#4376 = EDGE_CURVE ( 'NONE', #8354, #1121, #2322, .T. ) ;
#4377 = EDGE_CURVE ( 'NONE', #1953, #7145, #8943, .T. ) ;
#4378 = AXIS2_PLACEMENT_3D ( 'NONE', #3588, #1034, #7230 ) ;
#4379 = EDGE_CURVE ( 'NONE', #10409, #5662, #6131, .T. ) ;
#4380 = ORIENTED_EDGE ( 'NONE', *, *, #3658, .T. ) ;
#4381 = EDGE_CURVE ( 'NONE', #6209, #11681, #6325, .T. ) ;
#4382 = ORIENTED_EDGE ( 'NONE', *, *, #4315, .T. ) ;
#4383 = LINE ( 'NONE', #9756, #2831 ) ;
#4384 = EDGE_LOOP ( 'NONE', ( #11664, #10011, #4326, #3462 ) ) ;
#4385 = CARTESIAN_POINT ( 'NONE',  ( 21.80529186682069565, -18.83372836813735063, 5.700000000000000178 ) ) ;
#4386 = CARTESIAN_POINT ( 'NONE',  ( 31.34712092855338028, 5.339777539447664090, 6.044592560173430051 ) ) ;
#4387 = ORIENTED_EDGE ( 'NONE', *, *, #5599, .T. ) ;
#4388 = CARTESIAN_POINT ( 'NONE',  ( -19.66355038600602612, -32.60912667358446981, 6.070638294985507777 ) ) ;
#4389 = AXIS2_PLACEMENT_3D ( 'NONE', #7099, #5880, #9539 ) ;
#4390 = CARTESIAN_POINT ( 'NONE',  ( -21.86605083265882854, -18.03603898744441736, 4.000000000000000000 ) ) ;
#4391 = ORIENTED_EDGE ( 'NONE', *, *, #3212, .F. ) ;
#4392 = DIRECTION ( 'NONE',  ( 0.2720892402859285131, 0.9622720225178671427, 3.146663951231298096E-15 ) ) ;
#4393 = CIRCLE ( 'NONE', #6493, 4.999999999999997335 ) ;
#4394 = EDGE_CURVE ( 'NONE', #9076, #7019, #4120, .T. ) ;
#4395 = EDGE_CURVE ( 'NONE', #322, #9165, #9728, .T. ) ;
#4396 = EDGE_CURVE ( 'NONE', #10545, #9432, #1010, .T. ) ;
#4397 = AXIS2_PLACEMENT_3D ( 'NONE', #8954, #10995, #4544 ) ;
#4398 = ORIENTED_EDGE ( 'NONE', *, *, #9943, .T. ) ;
#4399 = CIRCLE ( 'NONE', #36, 5.999999999999998224 ) ;
#4400 = FACE_OUTER_BOUND ( 'NONE', #6649, .T. ) ;
#4401 = ORIENTED_EDGE ( 'NONE', *, *, #11040, .T. ) ;
#4402 = DIRECTION ( 'NONE',  ( -1.000000000000000000, 0.000000000000000000, 0.000000000000000000 ) ) ;
#4403 = DIRECTION ( 'NONE',  ( 0.000000000000000000, 0.8994353934787675531, -0.4370537414983364233 ) ) ;
#4404 = DIRECTION ( 'NONE',  ( -1.519465818373845562E-16, 1.000000000000000000, 0.000000000000000000 ) ) ;
#4405 = DIRECTION ( 'NONE',  ( 0.000000000000000000, 0.000000000000000000, 1.000000000000000000 ) ) ;
#4406 = ORIENTED_EDGE ( 'NONE', *, *, #6837, .F. ) ;
#4407 = AXIS2_PLACEMENT_3D ( 'NONE', #10868, #2701, #3650 ) ;
#4408 = CARTESIAN_POINT ( 'NONE',  ( 19.00000000000001421, -33.79999999999999716, 52.15361389894797384 ) ) ;
#4409 = DIRECTION ( 'NONE',  ( -1.000000000000000000, 0.000000000000000000, 0.000000000000000000 ) ) ;
#4410 = TOROIDAL_SURFACE ( 'NONE', #6112, 2.800000000000000266, 0.2000000000000000111 ) ;
#4411 = CARTESIAN_POINT ( 'NONE',  ( 31.11487846105331556, 5.456199394431126670, 6.000000000000000000 ) ) ;
#4412 = VECTOR ( 'NONE', #3804, 1000.000000000000000 ) ;
#4413 = AXIS2_PLACEMENT_3D ( 'NONE', #4777, #3995, #3042 ) ;
#4414 = CARTESIAN_POINT ( 'NONE',  ( 18.60168694399053635, 22.70891192219750465, 4.000000000000000000 ) ) ;
#4415 = DIRECTION ( 'NONE',  ( 0.000000000000000000, 0.000000000000000000, -1.000000000000000000 ) ) ;
#4416 = PLANE ( 'NONE',  #4053 ) ;
#4417 = VERTEX_POINT ( 'NONE', #721 ) ;
#4418 = CARTESIAN_POINT ( 'NONE',  ( -27.28294234767822601, 18.90955557852278801, 6.000000000000000000 ) ) ;
#4419 = LINE ( 'NONE', #9980, #7307 ) ;
#4420 = CIRCLE ( 'NONE', #238, 1.299999999999999156 ) ;
#4421 = PRODUCT_CONTEXT ( 'NONE', #210, 'mechanical' ) ;
#4422 = LINE ( 'NONE', #5299, #2890 ) ;
#4423 = EDGE_LOOP ( 'NONE', ( #3062, #4678, #3326, #11476 ) ) ;
#4424 = AXIS2_PLACEMENT_3D ( 'NONE', #1332, #3178, #1166 ) ;
#4425 = CARTESIAN_POINT ( 'NONE',  ( 29.99999999999997868, 2.139175515927377091, 6.000000000000000000 ) ) ;
#4426 = CARTESIAN_POINT ( 'NONE',  ( -9.534216377564714406, -29.83251576229562474, 5.700000000000000178 ) ) ;
#4427 = ORIENTED_EDGE ( 'NONE', *, *, #5749, .T. ) ;
#4428 = CARTESIAN_POINT ( 'NONE',  ( 26.69420440418528884, -36.94470591141597993, 0.2714466094067318758 ) ) ;
#4429 = CIRCLE ( 'NONE', #1002, 0.5000000000000004441 ) ;
#4430 = LINE ( 'NONE', #3474, #7710 ) ;
#4431 = CARTESIAN_POINT ( 'NONE',  ( 31.24325230736886994, 5.244997879939028884, 6.065357531000025837 ) ) ;
#4432 = ORIENTED_EDGE ( 'NONE', *, *, #5029, .F. ) ;
#4433 = DIRECTION ( 'NONE',  ( -1.224646799147353207E-16, 1.000000000000000000, 0.000000000000000000 ) ) ;
#4434 = DIRECTION ( 'NONE',  ( -1.000000000000000000, 0.000000000000000000, 0.000000000000000000 ) ) ;
#4435 = EDGE_LOOP ( 'NONE', ( #1220, #7925, #7017, #7273 ) ) ;
#4436 = AXIS2_PLACEMENT_3D ( 'NONE', #4656, #6318, #132 ) ;
#4437 = AXIS2_PLACEMENT_3D ( 'NONE', #377, #1159, #10342 ) ;
#4438 = ORIENTED_EDGE ( 'NONE', *, *, #1640, .F. ) ;
#4439 = CIRCLE ( 'NONE', #1770, 0.5000000000000004441 ) ;
#4440 = CARTESIAN_POINT ( 'NONE',  ( -40.99999999999998579, -28.69999999999999574, 40.50000000000000000 ) ) ;
#4441 = DIRECTION ( 'NONE',  ( -1.000000000000000000, 0.000000000000000000, 0.000000000000000000 ) ) ;
#4442 = ORIENTED_EDGE ( 'NONE', *, *, #3603, .T. ) ;
#4443 = VECTOR ( 'NONE', #10663, 1000.000000000000000 ) ;
#4444 = ORIENTED_EDGE ( 'NONE', *, *, #8103, .F. ) ;
#4445 = AXIS2_PLACEMENT_3D ( 'NONE', #5952, #5057, #4235 ) ;
#4446 = CARTESIAN_POINT ( 'NONE',  ( -9.853968007375907945, -32.59088061025949656, 6.068748413566793509 ) ) ;
#4447 = CARTESIAN_POINT ( 'NONE',  ( -33.99999999999997158, -27.99999999999999289, 0.9142135623731023619 ) ) ;
#4448 = ORIENTED_EDGE ( 'NONE', *, *, #9105, .F. ) ;
#4449 = EDGE_CURVE ( 'NONE', #8539, #9644, #7102, .T. ) ;
#4450 = DIRECTION ( 'NONE',  ( 1.000000000000000000, 0.000000000000000000, 0.000000000000000000 ) ) ;
#4451 = AXIS2_PLACEMENT_3D ( 'NONE', #8677, #5851, #505 ) ;
#4452 = CYLINDRICAL_SURFACE ( 'NONE', #8620, 0.5000000000000004441 ) ;
#4453 = EDGE_LOOP ( 'NONE', ( #7356, #10765, #5804, #11264 ) ) ;
#4454 = ADVANCED_FACE ( 'NONE', ( #9617 ), #3217, .F. ) ;
#4455 = ADVANCED_FACE ( 'NONE', ( #4175 ), #4301, .T. ) ;
#4456 = CARTESIAN_POINT ( 'NONE',  ( -19.48396686095259867, -32.54529340148031480, 5.981450238507036943 ) ) ;
#4457 = CARTESIAN_POINT ( 'NONE',  ( -29.99999999999997868, 2.139175515927373539, 6.000000000000000000 ) ) ;
#4458 = DIRECTION ( 'NONE',  ( -1.000000000000000000, 0.000000000000000000, 0.000000000000000000 ) ) ;
#4459 = ORIENTED_EDGE ( 'NONE', *, *, #5872, .F. ) ;
#4460 = AXIS2_PLACEMENT_3D ( 'NONE', #6943, #11478, #1124 ) ;
#4461 = EDGE_CURVE ( 'NONE', #11419, #2601, #2529, .T. ) ;
#4462 = AXIS2_PLACEMENT_3D ( 'NONE', #5647, #9361, #7517 ) ;
#4463 = CARTESIAN_POINT ( 'NONE',  ( -30.49999999999997868, -28.29278383102048977, 6.499999999999999112 ) ) ;
#4464 = CIRCLE ( 'NONE', #6355, 10.00000000000000178 ) ;
#4465 = ORIENTED_EDGE ( 'NONE', *, *, #10874, .T. ) ;
#4466 = CARTESIAN_POINT ( 'NONE',  ( 31.49999999999997868, -11.01986028694750708, 12.89424006866458861 ) ) ;
#4467 = EDGE_LOOP ( 'NONE', ( #7902, #10704, #2986, #1870 ) ) ;
#4468 = FACE_OUTER_BOUND ( 'NONE', #310, .T. ) ;
#4469 = CARTESIAN_POINT ( 'NONE',  ( -19.29508843714771515, -31.55872636749531424, 5.700000000000000178 ) ) ;
#4470 = TOROIDAL_SURFACE ( 'NONE', #288, 2.799999999999998934, 0.2000000000000000111 ) ;
#4471 = CARTESIAN_POINT ( 'NONE',  ( 21.82807647901000436, 18.53459485037750198, 6.000000000000000000 ) ) ;
#4472 = EDGE_CURVE ( 'NONE', #6645, #9090, #6923, .T. ) ;
#4473 = ADVANCED_FACE ( 'NONE', ( #11523 ), #5297, .F. ) ;
#4474 = VERTEX_POINT ( 'NONE', #10677 ) ;
#4475 = ADVANCED_FACE ( 'NONE', ( #6200 ), #10309, .T. ) ;
#4476 = CARTESIAN_POINT ( 'NONE',  ( -3.244874193390045125, -32.45419513345802898, 4.000000000000000000 ) ) ;
#4477 = DIRECTION ( 'NONE',  ( 1.000000000000000000, 6.360652745248258180E-14, 0.000000000000000000 ) ) ;
#4478 = CARTESIAN_POINT ( 'NONE',  ( 32.99999999999997868, -13.12679400932128182, 12.02985011956905836 ) ) ;
#4479 = CIRCLE ( 'NONE', #4277, 27.54471522829317109 ) ;
#4480 = FACE_OUTER_BOUND ( 'NONE', #986, .T. ) ;
#4481 = CARTESIAN_POINT ( 'NONE',  ( 21.82807647900999726, -18.53459485037749843, 5.700000000000000178 ) ) ;
#4482 = DIRECTION ( 'NONE',  ( 0.000000000000000000, -1.000000000000000000, 0.000000000000000000 ) ) ;
#4483 = VERTEX_POINT ( 'NONE', #10040 ) ;
#4484 = DIRECTION ( 'NONE',  ( 0.000000000000000000, 0.000000000000000000, -1.000000000000000000 ) ) ;
#4485 = CARTESIAN_POINT ( 'NONE',  ( 30.59636090835973476, -28.55046913884081405, 22.36520819832107065 ) ) ;
#4486 = EDGE_CURVE ( 'NONE', #8052, #5323, #6437, .T. ) ;
#4487 = CARTESIAN_POINT ( 'NONE',  ( -30.39600747127533964, -28.61470443560697774, 21.79962391309432945 ) ) ;
#4488 = ORIENTED_EDGE ( 'NONE', *, *, #2975, .T. ) ;
#4489 = CIRCLE ( 'NONE', #4092, 0.3000000000000016542 ) ;
#4490 = CARTESIAN_POINT ( 'NONE',  ( 30.77390685175782181, 4.376520613344331956, 6.186896067072683358 ) ) ;
#4491 = CARTESIAN_POINT ( 'NONE',  ( 30.49999999999997868, -27.79315713602565552, 6.500000000000000888 ) ) ;
#4492 = ORIENTED_EDGE ( 'NONE', *, *, #6184, .T. ) ;
#4493 = LINE ( 'NONE', #1038, #9164 ) ;
#4494 = AXIS2_PLACEMENT_3D ( 'NONE', #2346, #7835, #11477 ) ;
#4495 = DIRECTION ( 'NONE',  ( -1.000000000000000000, 0.000000000000000000, 0.000000000000000000 ) ) ;
#4496 = CARTESIAN_POINT ( 'NONE',  ( -40.99999999999999289, -28.49999999999999645, 17.20000000000000284 ) ) ;
#4497 = ORIENTED_EDGE ( 'NONE', *, *, #8972, .T. ) ;
#4498 = CARTESIAN_POINT ( 'NONE',  ( 18.82432617406004738, -23.71144853936000629, 4.000000000000000000 ) ) ;
#4499 = CARTESIAN_POINT ( 'NONE',  ( -11.47180104703964787, 25.37175490347252449, 4.000000000000000000 ) ) ;
#4500 = ORIENTED_EDGE ( 'NONE', *, *, #7513, .F. ) ;
#4501 = ORIENTED_EDGE ( 'NONE', *, *, #9215, .T. ) ;
#4502 = CYLINDRICAL_SURFACE ( 'NONE', #963, 0.9999999999999998890 ) ;
#4503 = CARTESIAN_POINT ( 'NONE',  ( -3.244874193390045125, -29.48601421031708014, 4.000000000000000000 ) ) ;
#4504 = ORIENTED_EDGE ( 'NONE', *, *, #9859, .F. ) ;
#4505 = ORIENTED_EDGE ( 'NONE', *, *, #6719, .T. ) ;
#4506 = CARTESIAN_POINT ( 'NONE',  ( -9.719974721281598562, -32.39886439690626219, 5.976266563876913018 ) ) ;
#4507 = FACE_OUTER_BOUND ( 'NONE', #5801, .T. ) ;
#4508 = ORIENTED_EDGE ( 'NONE', *, *, #7798, .F. ) ;
#4509 = CARTESIAN_POINT ( 'NONE',  ( -11.88379308764716136, 26.28294234767709270, 5.700000000000000178 ) ) ;
#4510 = VERTEX_POINT ( 'NONE', #9127 ) ;
#4511 = CARTESIAN_POINT ( 'NONE',  ( -19.29508843714787858, -32.55872636749532489, 5.981714358017076627 ) ) ;
#4512 = CARTESIAN_POINT ( 'NONE',  ( -30.11112786568062205, 3.636890160762475066, 6.000000000000000000 ) ) ;
#4513 = CARTESIAN_POINT ( 'NONE',  ( -20.22343168138545622, -31.18700224818349298, 5.999999999999998224 ) ) ;
#4514 = ORIENTED_EDGE ( 'NONE', *, *, #1753, .F. ) ;
#4515 = CARTESIAN_POINT ( 'NONE',  ( -26.37721042956412276, -33.23581040714412183, 49.84115518806481759 ) ) ;
#4516 = EDGE_CURVE ( 'NONE', #3121, #2663, #10926, .T. ) ;
#4517 = VERTEX_POINT ( 'NONE', #10988 ) ;
#4518 = EDGE_CURVE ( 'NONE', #10286, #474, #5813, .T. ) ;
#4519 = ORIENTED_EDGE ( 'NONE', *, *, #3636, .T. ) ;
#4520 = EDGE_LOOP ( 'NONE', ( #2826, #9817, #209, #10139 ) ) ;
#4521 = LINE ( 'NONE', #8161, #6488 ) ;
#4522 = CARTESIAN_POINT ( 'NONE',  ( -30.49999999999998224, 7.951272417940740134, 5.535864942138839062 ) ) ;
#4523 = CARTESIAN_POINT ( 'NONE',  ( -24.99999999999999289, -36.50000000000000000, 44.00000000000000711 ) ) ;
#4524 = CARTESIAN_POINT ( 'NONE',  ( 30.50000000000001066, 9.383666319670380673, 0.7286077962755369564 ) ) ;
#4525 = VERTEX_POINT ( 'NONE', #959 ) ;
#4526 = CARTESIAN_POINT ( 'NONE',  ( 0.000000000000000000, 0.000000000000000000, 4.000000000000000000 ) ) ;
#4527 = DIRECTION ( 'NONE',  ( 0.000000000000000000, 0.000000000000000000, -1.000000000000000000 ) ) ;
#4528 = CARTESIAN_POINT ( 'NONE',  ( 30.94201381620090174, -28.48079973002768028, 22.31235770050775358 ) ) ;
#4529 = ADVANCED_FACE ( 'NONE', ( #6253 ), #9791, .F. ) ;
#4530 = DIRECTION ( 'NONE',  ( 0.000000000000000000, -1.000000000000000000, 0.000000000000000000 ) ) ;
#4531 = EDGE_CURVE ( 'NONE', #8539, #1022, #7728, .T. ) ;
#4532 = CARTESIAN_POINT ( 'NONE',  ( 0.000000000000000000, 0.000000000000000000, 5.700000000000000178 ) ) ;
#4533 = DIRECTION ( 'NONE',  ( 0.000000000000000000, -0.000000000000000000, -1.000000000000000000 ) ) ;
#4534 = ORIENTED_EDGE ( 'NONE', *, *, #736, .T. ) ;
#4535 = CARTESIAN_POINT ( 'NONE',  ( 0.000000000000000000, 0.000000000000000000, 6.000000000000000000 ) ) ;
#4536 = CARTESIAN_POINT ( 'NONE',  ( -31.11487846105330490, 5.456199394431117788, 6.000000000000000000 ) ) ;
#4537 = DIRECTION ( 'NONE',  ( 0.000000000000000000, 0.8994353934787675531, -0.4370537414983364233 ) ) ;
#4538 = FACE_OUTER_BOUND ( 'NONE', #9330, .T. ) ;
#4539 = ORIENTED_EDGE ( 'NONE', *, *, #7718, .T. ) ;
#4540 = CARTESIAN_POINT ( 'NONE',  ( -3.244874193390045125, -29.48601421031708014, 6.000000000000000000 ) ) ;
#4541 = CARTESIAN_POINT ( 'NONE',  ( 26.64689772753528629, 19.39069158978175622, 5.700000000000000178 ) ) ;
#4542 = EDGE_CURVE ( 'NONE', #7550, #8874, #1856, .T. ) ;
#4543 = ORIENTED_EDGE ( 'NONE', *, *, #533, .F. ) ;
#4544 = DIRECTION ( 'NONE',  ( -1.000000000000000000, 0.000000000000000000, 0.000000000000000000 ) ) ;
#4545 = CARTESIAN_POINT ( 'NONE',  ( 30.49999999999997868, -11.01986028694750885, 12.89424006866458683 ) ) ;
#4546 = DIRECTION ( 'NONE',  ( 1.000000000000000000, 0.000000000000000000, 0.000000000000000000 ) ) ;
#4547 = VERTEX_POINT ( 'NONE', #1026 ) ;
#4548 = DIRECTION ( 'NONE',  ( 1.000000000000000000, 0.000000000000000000, 0.000000000000000000 ) ) ;
#4549 = DIRECTION ( 'NONE',  ( -1.000000000000000000, 0.000000000000000000, 0.000000000000000000 ) ) ;
#4550 = ORIENTED_EDGE ( 'NONE', *, *, #10284, .T. ) ;
#4551 = CIRCLE ( 'NONE', #11214, 1.000000000000000888 ) ;
#4552 = ORIENTED_EDGE ( 'NONE', *, *, #6480, .F. ) ;
#4553 = CARTESIAN_POINT ( 'NONE',  ( 25.91927170679085535, 19.18495017096925892, 5.700000000000000178 ) ) ;
#4554 = CARTESIAN_POINT ( 'NONE',  ( 32.99999999999997868, -27.99999999999999645, 22.81294424401309229 ) ) ;
#4555 = ORIENTED_EDGE ( 'NONE', *, *, #5683, .T. ) ;
#4556 = ORIENTED_EDGE ( 'NONE', *, *, #7798, .T. ) ;
#4557 = CARTESIAN_POINT ( 'NONE',  ( -10.15350463600261222, -32.54368198096236853, 5.850296135387209162 ) ) ;
#4558 = CARTESIAN_POINT ( 'NONE',  ( 30.50000000000001066, 8.468626966596886518, 4.388610099474774984 ) ) ;
#4559 = ORIENTED_EDGE ( 'NONE', *, *, #11311, .F. ) ;
#4560 = DIRECTION ( 'NONE',  ( -0.000000000000000000, -0.000000000000000000, 1.000000000000000000 ) ) ;
#4561 = CARTESIAN_POINT ( 'NONE',  ( -26.64689772753529695, 19.39069158978175977, 5.700000000000000178 ) ) ;
#4562 = CARTESIAN_POINT ( 'NONE',  ( -31.24325230736886283, 5.244997879939017338, 6.065357531000027613 ) ) ;
#4563 = CARTESIAN_POINT ( 'NONE',  ( -39.99999999999999289, -29.50000000000000000, 0.5000000000000074385 ) ) ;
#4564 = EDGE_LOOP ( 'NONE', ( #10395, #11435, #616, #5182 ) ) ;
#4565 = TOROIDAL_SURFACE ( 'NONE', #5500, 0.7999999999999999334, 0.2999999999999999889 ) ;
#4566 = DIRECTION ( 'NONE',  ( -1.000000000000000000, 0.000000000000000000, 0.000000000000000000 ) ) ;
#4567 = ORIENTED_EDGE ( 'NONE', *, *, #7228, .F. ) ;
#4568 = VERTEX_POINT ( 'NONE', #7400 ) ;
#4569 = AXIS2_PLACEMENT_3D ( 'NONE', #1444, #6987, #10623 ) ;
#4570 = CYLINDRICAL_SURFACE ( 'NONE', #11499, 0.9999999999999991118 ) ;
#4571 = VERTEX_POINT ( 'NONE', #8302 ) ;
#4572 = EDGE_CURVE ( 'NONE', #9714, #2993, #9975, .T. ) ;
#4573 = CARTESIAN_POINT ( 'NONE',  ( -18.99999999999999289, -33.79999999999999716, 44.00000000000000711 ) ) ;
#4574 = CARTESIAN_POINT ( 'NONE',  ( 32.99999999999997868, -28.49999999999999645, 22.81294424401308873 ) ) ;
#4575 = CARTESIAN_POINT ( 'NONE',  ( 30.50000000000001066, 9.534050474909475881, 0.6484850618201395411 ) ) ;
#4576 = ORIENTED_EDGE ( 'NONE', *, *, #7391, .F. ) ;
#4577 = VECTOR ( 'NONE', #3950, 1000.000000000000000 ) ;
#4578 = DIRECTION ( 'NONE',  ( 0.000000000000000000, 0.000000000000000000, 1.000000000000000000 ) ) ;
#4579 = FACE_OUTER_BOUND ( 'NONE', #7364, .T. ) ;
#4580 = AXIS2_PLACEMENT_3D ( 'NONE', #6620, #3988, #6788 ) ;
#4581 = DIRECTION ( 'NONE',  ( 0.000000000000000000, 0.000000000000000000, -1.000000000000000000 ) ) ;
#4582 = DIRECTION ( 'NONE',  ( 1.000000000000000000, 0.000000000000000000, 0.000000000000000000 ) ) ;
#4583 = CIRCLE ( 'NONE', #10485, 3.000000000000002665 ) ;
#4584 = CARTESIAN_POINT ( 'NONE',  ( -19.50000000000000000, -36.50000000000000000, 17.00000000000000355 ) ) ;
#4585 = DIRECTION ( 'NONE',  ( -1.000000000000000000, 0.000000000000000000, 0.000000000000000000 ) ) ;
#4586 = ORIENTED_EDGE ( 'NONE', *, *, #10966, .T. ) ;
#4587 =( BOUNDED_CURVE ( )  B_SPLINE_CURVE ( 3, ( #875, #107, #8329, #2835 ),
 .UNSPECIFIED., .F., .F. ) 
 B_SPLINE_CURVE_WITH_KNOTS ( ( 4, 4 ),
 ( 0.000000000000000000, 1.570796326794898778 ),
 .UNSPECIFIED. ) 
 CURVE ( )  GEOMETRIC_REPRESENTATION_ITEM ( )  RATIONAL_B_SPLINE_CURVE ( ( 1.000000000000000000, 0.8047378541243644934, 0.8047378541243644934, 1.000000000000000000 ) ) 
 REPRESENTATION_ITEM ( '' )  );
#4588 = CARTESIAN_POINT ( 'NONE',  ( -30.49999999999997868, -28.29278383102050753, 21.28750090350187918 ) ) ;
#4589 = CARTESIAN_POINT ( 'NONE',  ( -21.82807647901000081, 18.53459485037750554, 4.000000000000000000 ) ) ;
#4590 = CIRCLE ( 'NONE', #6295, 0.3000000000000000999 ) ;
#4591 = EDGE_CURVE ( 'NONE', #7534, #4483, #7866, .T. ) ;
#4592 =( NAMED_UNIT ( * ) PLANE_ANGLE_UNIT ( ) SI_UNIT ( $, .RADIAN. ) );
#4593 = EDGE_CURVE ( 'NONE', #8310, #5126, #4419, .T. ) ;
#4594 = DIRECTION ( 'NONE',  ( -0.000000000000000000, -1.000000000000000000, 0.000000000000000000 ) ) ;
#4595 = ORIENTED_EDGE ( 'NONE', *, *, #1735, .F. ) ;
#4596 = CIRCLE ( 'NONE', #8582, 3.000000000000002665 ) ;
#4597 = CYLINDRICAL_SURFACE ( 'NONE', #8803, 3.500000000000003109 ) ;
#4598 = FACE_OUTER_BOUND ( 'NONE', #6043, .T. ) ;
#4599 = ADVANCED_FACE ( 'NONE', ( #3762 ), #2870, .T. ) ;
#4600 = AXIS2_PLACEMENT_3D ( 'NONE', #768, #4405, #11694 ) ;
#4601 = DIRECTION ( 'NONE',  ( 0.000000000000000000, 0.000000000000000000, -1.000000000000000000 ) ) ;
#4602 = CIRCLE ( 'NONE', #41, 0.4999999999999995559 ) ;
#4603 = ORIENTED_EDGE ( 'NONE', *, *, #7365, .T. ) ;
#4604 = CIRCLE ( 'NONE', #8036, 5.999999999999998224 ) ;
#4605 = DIRECTION ( 'NONE',  ( -1.000000000000000000, 2.081668171172166620E-14, 0.000000000000000000 ) ) ;
#4606 = LINE ( 'NONE', #6448, #4626 ) ;
#4607 = ORIENTED_EDGE ( 'NONE', *, *, #1115, .T. ) ;
#4608 = CARTESIAN_POINT ( 'NONE',  ( -27.28294234767825444, 19.57972195055236853, 4.000000000000000000 ) ) ;
#4609 = AXIS2_PLACEMENT_3D ( 'NONE', #7199, #11071, #9233 ) ;
#4610 = AXIS2_PLACEMENT_3D ( 'NONE', #5204, #7182, #7961 ) ;
#4611 = CARTESIAN_POINT ( 'NONE',  ( 31.38090234754407248, 7.475726599054659971, 4.585217073777599239 ) ) ;
#4612 = EDGE_LOOP ( 'NONE', ( #7464, #3134, #10489, #6933 ) ) ;
#4613 = EDGE_CURVE ( 'NONE', #10529, #1140, #11039, .T. ) ;
#4614 = EDGE_CURVE ( 'NONE', #10586, #5411, #1578, .T. ) ;
#4615 = EDGE_CURVE ( 'NONE', #918, #5323, #2154, .T. ) ;
#4616 = CARTESIAN_POINT ( 'NONE',  ( 26.64689772752947050, 19.39069158978011131, 5.700000000000000178 ) ) ;
#4617 = CARTESIAN_POINT ( 'NONE',  ( 3.244874193390045125, -30.97010467188755456, 4.000000000000000000 ) ) ;
#4618 = VECTOR ( 'NONE', #2410, 1000.000000000000000 ) ;
#4619 = VERTEX_POINT ( 'NONE', #11333 ) ;
#4620 = ORIENTED_EDGE ( 'NONE', *, *, #3138, .T. ) ;
#4621 = CARTESIAN_POINT ( 'NONE',  ( -9.975548265921259983, -32.49925853483760818, 5.833630610990204524 ) ) ;
#4622 = FACE_OUTER_BOUND ( 'NONE', #3980, .T. ) ;
#4623 = EDGE_LOOP ( 'NONE', ( #4308, #4768, #884, #328 ) ) ;
#4624 = CARTESIAN_POINT ( 'NONE',  ( 30.35342133341034909, -28.64646922948986685, 21.28750090350188984 ) ) ;
#4625 = AXIS2_PLACEMENT_3D ( 'NONE', #267, #9321, #5886 ) ;
#4626 = VECTOR ( 'NONE', #1813, 1000.000000000000000 ) ;
#4627 = CYLINDRICAL_SURFACE ( 'NONE', #6885, 10.00000000000000178 ) ;
#4628 = AXIS2_PLACEMENT_3D ( 'NONE', #10666, #11511, #6126 ) ;
#4629 = CARTESIAN_POINT ( 'NONE',  ( -18.81428159949736667, -24.36962132036200046, 5.700000000000000178 ) ) ;
#4630 = VERTEX_POINT ( 'NONE', #8411 ) ;
#4631 = DIRECTION ( 'NONE',  ( -0.000000000000000000, -0.000000000000000000, 1.000000000000000000 ) ) ;
#4632 = AXIS2_PLACEMENT_3D ( 'NONE', #9898, #7387, #6301 ) ;
#4633 = AXIS2_PLACEMENT_3D ( 'NONE', #2686, #2627, #9909 ) ;
#4634 = EDGE_LOOP ( 'NONE', ( #9979, #3471, #3565, #9765 ) ) ;
#4635 = AXIS2_PLACEMENT_3D ( 'NONE', #7059, #561, #11547 ) ;
#4636 = ORIENTED_EDGE ( 'NONE', *, *, #2498, .T. ) ;
#4637 = DIRECTION ( 'NONE',  ( 0.000000000000000000, 0.000000000000000000, -1.000000000000000000 ) ) ;
#4638 = ORIENTED_EDGE ( 'NONE', *, *, #3871, .T. ) ;
#4639 = DIRECTION ( 'NONE',  ( -0.000000000000000000, 0.000000000000000000, 1.000000000000000000 ) ) ;
#4640 = AXIS2_PLACEMENT_3D ( 'NONE', #11565, #121, #9965 ) ;
#4641 = DIRECTION ( 'NONE',  ( 0.000000000000000000, 1.000000000000000000, -0.000000000000000000 ) ) ;
#4642 = CARTESIAN_POINT ( 'NONE',  ( -30.46294014637591019, -28.58044099941293226, 21.89931916611254792 ) ) ;
#4643 = AXIS2_PLACEMENT_3D ( 'NONE', #1235, #6472, #6711 ) ;
#4644 = FACE_OUTER_BOUND ( 'NONE', #705, .T. ) ;
#4645 = VERTEX_POINT ( 'NONE', #1135 ) ;
#4646 = AXIS2_PLACEMENT_3D ( 'NONE', #2104, #3115, #8500 ) ;
#4647 = CARTESIAN_POINT ( 'NONE',  ( -24.99944416376418843, -19.27827524891693756, 6.000000000000000888 ) ) ;
#4648 = CARTESIAN_POINT ( 'NONE',  ( -19.29508843714771515, -31.55872636749531424, 5.000000000000000000 ) ) ;
#4649 = SPHERICAL_SURFACE ( 'NONE', #11061, 0.5000000000000000000 ) ;
#4650 = CARTESIAN_POINT ( 'NONE',  ( 18.03603898744571410, 21.86605083265776273, 6.000000000000000000 ) ) ;
#4651 = AXIS2_PLACEMENT_3D ( 'NONE', #9735, #10686, #8845 ) ;
#4652 = DIRECTION ( 'NONE',  ( 0.000000000000000000, 0.000000000000000000, -1.000000000000000000 ) ) ;
#4653 = CYLINDRICAL_SURFACE ( 'NONE', #833, 0.9999999999999992228 ) ;
#4654 = ORIENTED_EDGE ( 'NONE', *, *, #6766, .F. ) ;
#4655 = LINE ( 'NONE', #4418, #1734 ) ;
#4656 = CARTESIAN_POINT ( 'NONE',  ( 30.22500549483224219, 6.965246764199669371, 5.500000000000000888 ) ) ;
#4657 = CARTESIAN_POINT ( 'NONE',  ( -40.99999999999999289, -37.50000000000000000, 14.00000000000000178 ) ) ;
#4658 = ORIENTED_EDGE ( 'NONE', *, *, #148, .F. ) ;
#4659 = DIRECTION ( 'NONE',  ( 1.000000000000000000, 1.137523590804463822E-16, -0.000000000000000000 ) ) ;
#4660 = CARTESIAN_POINT ( 'NONE',  ( 30.41026707477395163, 2.780379638972496625, 6.000000000003560707 ) ) ;
#4661 = AXIS2_PLACEMENT_3D ( 'NONE', #614, #9740, #1742 ) ;
#4662 = LINE ( 'NONE', #7407, #202 ) ;
#4663 = EDGE_CURVE ( 'NONE', #4474, #1192, #8688, .T. ) ;
#4664 = ADVANCED_FACE ( 'NONE', ( #5819 ), #2931, .F. ) ;
#4665 = EDGE_LOOP ( 'NONE', ( #6143, #2635, #9494, #640 ) ) ;
#4666 = EDGE_CURVE ( 'NONE', #10194, #7063, #8815, .T. ) ;
#4667 = CARTESIAN_POINT ( 'NONE',  ( 40.00000000000000711, -37.50000000000000000, 0.5000000000000084377 ) ) ;
#4668 =( BOUNDED_CURVE ( )  B_SPLINE_CURVE ( 3, ( #9537, #1431, #4050, #1365 ),
 .UNSPECIFIED., .F., .F. ) 
 B_SPLINE_CURVE_WITH_KNOTS ( ( 4, 4 ),
 ( 4.712388980384688786, 6.023529727162246772 ),
 .UNSPECIFIED. ) 
 CURVE ( )  GEOMETRIC_REPRESENTATION_ITEM ( )  RATIONAL_B_SPLINE_CURVE ( ( 1.000000000000000000, 0.8618002339327341943, 0.8618002339327341943, 1.000000000000000000 ) ) 
 REPRESENTATION_ITEM ( '' )  );
#4669 = CARTESIAN_POINT ( 'NONE',  ( 34.49999999999997868, -28.49999999999999645, 1.500000000000007550 ) ) ;
#4670 = CARTESIAN_POINT ( 'NONE',  ( 27.04775779477855835, -36.99999999999999289, 49.50000000000000000 ) ) ;
#4671 = ORIENTED_EDGE ( 'NONE', *, *, #8094, .F. ) ;
#4672 = CARTESIAN_POINT ( 'NONE',  ( 21.80529186682069565, -18.83372836813735063, 6.000000000000000000 ) ) ;
#4673 = CARTESIAN_POINT ( 'NONE',  ( -32.53725674016436642, -37.50000000000000000, 50.00000000000000000 ) ) ;
#4674 = CARTESIAN_POINT ( 'NONE',  ( -34.49999999999997868, -28.49999999999999645, 21.14523135337576321 ) ) ;
#4675 = VERTEX_POINT ( 'NONE', #10374 ) ;
#4676 = FACE_OUTER_BOUND ( 'NONE', #10062, .T. ) ;
#4677 = CIRCLE ( 'NONE', #7921, 0.3000000000000016542 ) ;
#4678 = ORIENTED_EDGE ( 'NONE', *, *, #6250, .T. ) ;
#4679 = ORIENTED_EDGE ( 'NONE', *, *, #8276, .T. ) ;
#4680 = CARTESIAN_POINT ( 'NONE',  ( -40.99999999999998579, -28.49999999999999645, 40.50000000000000000 ) ) ;
#4681 = DIRECTION ( 'NONE',  ( 0.7073707969387312833, -0.7068426668207460351, 0.000000000000000000 ) ) ;
#4682 = ORIENTED_EDGE ( 'NONE', *, *, #9467, .T. ) ;
#4683 = ADVANCED_FACE ( 'NONE', ( #9257 ), #4709, .F. ) ;
#4684 = EDGE_CURVE ( 'NONE', #5141, #8207, #3982, .T. ) ;
#4685 = ADVANCED_FACE ( 'NONE', ( #3935 ), #7461, .T. ) ;
#4686 = DIRECTION ( 'NONE',  ( 0.000000000000000000, 1.000000000000000000, 0.000000000000000000 ) ) ;
#4687 = DIRECTION ( 'NONE',  ( 1.000000000000000000, 0.000000000000000000, 0.000000000000000000 ) ) ;
#4688 = ORIENTED_EDGE ( 'NONE', *, *, #6206, .F. ) ;
#4689 = CARTESIAN_POINT ( 'NONE',  ( -3.244874193390045125, -32.45419513345802898, 6.000000000000000000 ) ) ;
#4690 = VERTEX_POINT ( 'NONE', #9364 ) ;
#4691 = ORIENTED_EDGE ( 'NONE', *, *, #1114, .T. ) ;
#4692 = EDGE_CURVE ( 'NONE', #2959, #3947, #5190, .T. ) ;
#4693 = EDGE_CURVE ( 'NONE', #10241, #5411, #4957, .T. ) ;
#4694 = CARTESIAN_POINT ( 'NONE',  ( -22.70891192219859889, -18.60168694398918987, 5.700000000000000178 ) ) ;
#4695 = ORIENTED_EDGE ( 'NONE', *, *, #3589, .F. ) ;
#4696 = FACE_OUTER_BOUND ( 'NONE', #5619, .T. ) ;
#4697 = FACE_OUTER_BOUND ( 'NONE', #5095, .T. ) ;
#4698 = CARTESIAN_POINT ( 'NONE',  ( -27.35126265846939830, -24.74873734153059246, 0.1999999999999987899 ) ) ;
#4699 = DIRECTION ( 'NONE',  ( 1.000000000000000000, 0.000000000000000000, 0.000000000000000000 ) ) ;
#4700 = VERTEX_POINT ( 'NONE', #6665 ) ;
#4701 = CARTESIAN_POINT ( 'NONE',  ( -19.56036167613317289, -32.79999999999972005, 6.217153923792892556 ) ) ;
#4702 = DIRECTION ( 'NONE',  ( -0.000000000000000000, -0.000000000000000000, 1.000000000000000000 ) ) ;
#4703 = CARTESIAN_POINT ( 'NONE',  ( 24.32813405080370472, -18.81287924088969987, 4.000000000000000000 ) ) ;
#4704 = CYLINDRICAL_SURFACE ( 'NONE', #2251, 0.5000000000000004441 ) ;
#4705 = CARTESIAN_POINT ( 'NONE',  ( 30.17315087725080858, 7.156687026478324221, 5.999999999999999112 ) ) ;
#4706 = DIRECTION ( 'NONE',  ( 0.000000000000000000, 1.000000000000000000, 0.000000000000000000 ) ) ;
#4707 = VERTEX_POINT ( 'NONE', #10318 ) ;
#4708 = CARTESIAN_POINT ( 'NONE',  ( -26.36802120740942712, -37.00000000000000711, 0.8170925643343729394 ) ) ;
#4709 = CYLINDRICAL_SURFACE ( 'NONE', #1380, 1.499999999999999556 ) ;
#4710 = CARTESIAN_POINT ( 'NONE',  ( -19.96629138838774509, -32.67204869200276107, 5.791777033146320086 ) ) ;
#4711 = ORIENTED_EDGE ( 'NONE', *, *, #3589, .T. ) ;
#4712 = DIRECTION ( 'NONE',  ( -0.000000000000000000, 0.000000000000000000, -1.000000000000000000 ) ) ;
#4713 = DIRECTION ( 'NONE',  ( -1.000000000000000000, 0.000000000000000000, 0.000000000000000000 ) ) ;
#4714 = ORIENTED_EDGE ( 'NONE', *, *, #5975, .T. ) ;
#4715 = CARTESIAN_POINT ( 'NONE',  ( 31.49999999999997868, 2.963777118215650930, 6.099309502229277591 ) ) ;
#4716 = SPHERICAL_SURFACE ( 'NONE', #8853, 1.000000000000000000 ) ;
#4717 = CARTESIAN_POINT ( 'NONE',  ( 26.54775779477855480, -36.50000000000000000, 50.00000000000000000 ) ) ;
#4718 = ORIENTED_EDGE ( 'NONE', *, *, #2000, .T. ) ;
#4719 = DIRECTION ( 'NONE',  ( 0.7068426668207449248, -0.7073707969387323935, 0.000000000000000000 ) ) ;
#4720 = FACE_OUTER_BOUND ( 'NONE', #10482, .T. ) ;
#4721 = ORIENTED_EDGE ( 'NONE', *, *, #7166, .T. ) ;
#4722 = EDGE_CURVE ( 'NONE', #8862, #3121, #5763, .T. ) ;
#4723 = CARTESIAN_POINT ( 'NONE',  ( 26.78294234767823312, -18.90955557852281643, 5.700000000000000178 ) ) ;
#4724 = ORIENTED_EDGE ( 'NONE', *, *, #2040, .F. ) ;
#4725 = EDGE_CURVE ( 'NONE', #2487, #8220, #7555, .T. ) ;
#4726 = CARTESIAN_POINT ( 'NONE',  ( -30.51864042904223240, 7.817940596987175361, 5.567453980109877243 ) ) ;
#4727 = CARTESIAN_POINT ( 'NONE',  ( 27.58294234767820896, 18.90955557852276314, 6.000000000000000000 ) ) ;
#4728 = ORIENTED_EDGE ( 'NONE', *, *, #8276, .F. ) ;
#4729 = B_SPLINE_CURVE_WITH_KNOTS ( 'NONE', 3,
 ( #3757, #5595, #3875, #9360, #9253, #8352 ),
 .UNSPECIFIED., .F., .F.,
 ( 4, 2, 4 ),
 ( 0.000000000000000000, 0.0002181774400303195091, 0.0004363548800606390182 ),
 .UNSPECIFIED. ) ;
#4730 = ORIENTED_EDGE ( 'NONE', *, *, #9356, .T. ) ;
#4731 = CARTESIAN_POINT ( 'NONE',  ( 30.34216924373859925, -28.65771291823888944, 22.07160579820552471 ) ) ;
#4732 = CARTESIAN_POINT ( 'NONE',  ( 30.50000000000001421, 8.130517918508747499, 5.499999999999999112 ) ) ;
#4733 = EDGE_LOOP ( 'NONE', ( #783, #3704, #7538, #10699, #939, #1875, #10884 ) ) ;
#4734 = CARTESIAN_POINT ( 'NONE',  ( 30.51612360056751783, -28.30769996194559823, 21.49359563289034014 ) ) ;
#4735 = AXIS2_PLACEMENT_3D ( 'NONE', #2321, #11453, #10437 ) ;
#4736 = DIRECTION ( 'NONE',  ( 1.000000000000000000, 1.137523590804463822E-16, 0.000000000000000000 ) ) ;
#4737 = EDGE_CURVE ( 'NONE', #5168, #3916, #11299, .T. ) ;
#4738 = ADVANCED_FACE ( 'NONE', ( #4339 ), #1207, .T. ) ;
#4739 = CARTESIAN_POINT ( 'NONE',  ( 25.50000000000000355, 26.00000000000000711, 0.000000000000000000 ) ) ;
#4740 = ORIENTED_EDGE ( 'NONE', *, *, #3741, .F. ) ;
#4741 = CARTESIAN_POINT ( 'NONE',  ( -49.99999999999999289, -29.50000000000000000, 50.00000000000000000 ) ) ;
#4742 = ADVANCED_FACE ( 'NONE', ( #6903 ), #8060, .T. ) ;
#4743 = ADVANCED_FACE ( 'NONE', ( #2433 ), #9397, .T. ) ;
#4744 = CIRCLE ( 'NONE', #11412, 0.5000000000000004441 ) ;
#4745 = ORIENTED_EDGE ( 'NONE', *, *, #3193, .T. ) ;
#4746 = VERTEX_POINT ( 'NONE', #7867 ) ;
#4747 = DIRECTION ( 'NONE',  ( 0.000000000000000000, 0.000000000000000000, -1.000000000000000000 ) ) ;
#4748 = VERTEX_POINT ( 'NONE', #9709 ) ;
#4749 = DIRECTION ( 'NONE',  ( -0.000000000000000000, -1.000000000000000000, -0.000000000000000000 ) ) ;
#4750 = AXIS2_PLACEMENT_3D ( 'NONE', #1459, #11546, #7058 ) ;
#4751 = CARTESIAN_POINT ( 'NONE',  ( 33.99999999999997868, -28.00000000000000000, 21.14523135337576321 ) ) ;
#4752 = DIRECTION ( 'NONE',  ( 0.000000000000000000, 0.000000000000000000, -1.000000000000000000 ) ) ;
#4753 = ORIENTED_EDGE ( 'NONE', *, *, #2869, .F. ) ;
#4754 = EDGE_CURVE ( 'NONE', #9644, #2370, #2716, .T. ) ;
#4755 = EDGE_CURVE ( 'NONE', #6653, #8158, #10730, .T. ) ;
#4756 = ADVANCED_FACE ( 'NONE', ( #1479 ), #3328, .F. ) ;
#4757 = TOROIDAL_SURFACE ( 'NONE', #3228, 0.7999999999999999334, 0.2999999999999999889 ) ;
#4758 = FACE_OUTER_BOUND ( 'NONE', #5659, .T. ) ;
#4759 = CARTESIAN_POINT ( 'NONE',  ( -19.81139839964004068, -32.41512815557797467, 5.791777033146322751 ) ) ;
#4760 = DIRECTION ( 'NONE',  ( -0.000000000000000000, -0.000000000000000000, 1.000000000000000000 ) ) ;
#4761 = ORIENTED_EDGE ( 'NONE', *, *, #5460, .T. ) ;
#4762 = CARTESIAN_POINT ( 'NONE',  ( -24.99999999999999289, -37.00000000000000000, 44.00000000000000711 ) ) ;
#4763 = CARTESIAN_POINT ( 'NONE',  ( -30.50122577271747204, 7.035043701751577672, 0.5259409467772241387 ) ) ;
#4764 = DIRECTION ( 'NONE',  ( 1.137523590804463822E-16, -1.000000000000000000, -0.000000000000000000 ) ) ;
#4765 = VERTEX_POINT ( 'NONE', #1532 ) ;
#4766 = AXIS2_PLACEMENT_3D ( 'NONE', #8828, #5239, #8883 ) ;
#4767 = CARTESIAN_POINT ( 'NONE',  ( 31.24587795516235289, 5.341151064060335685, 6.000000000000000000 ) ) ;
#4768 = ORIENTED_EDGE ( 'NONE', *, *, #6260, .T. ) ;
#4769 = DIRECTION ( 'NONE',  ( -1.000000000000000000, -0.000000000000000000, -0.000000000000000000 ) ) ;
#4770 = FILL_AREA_STYLE ('',( #417 ) ) ;
#4771 = AXIS2_PLACEMENT_3D ( 'NONE', #10377, #9366, #3939 ) ;
#4772 = DIRECTION ( 'NONE',  ( -0.000000000000000000, -0.000000000000000000, 1.000000000000000000 ) ) ;
#4773 = AXIS2_PLACEMENT_3D ( 'NONE', #7162, #10795, #2624 ) ;
#4774 = LINE ( 'NONE', #8426, #10369 ) ;
#4775 = DIRECTION ( 'NONE',  ( -0.9111874442045936329, -0.4119920406074620844, 0.000000000000000000 ) ) ;
#4776 = ORIENTED_EDGE ( 'NONE', *, *, #500, .T. ) ;
#4777 = CARTESIAN_POINT ( 'NONE',  ( 27.54873734152913300, 24.75126265847088547, 0.1999999999999987899 ) ) ;
#4778 = DIRECTION ( 'NONE',  ( 0.7073707969387323935, 0.7068426668207449248, 0.000000000000000000 ) ) ;
#4779 = CARTESIAN_POINT ( 'NONE',  ( 31.49999999999997868, 7.500000000000001776, 5.006876193646772499 ) ) ;
#4780 = AXIS2_PLACEMENT_3D ( 'NONE', #9363, #7399, #8478 ) ;
#4781 = CARTESIAN_POINT ( 'NONE',  ( 19.29508843714771871, -32.29999999999999716, 6.427855894855660779 ) ) ;
#4782 = ORIENTED_EDGE ( 'NONE', *, *, #3142, .T. ) ;
#4783 = AXIS2_PLACEMENT_3D ( 'NONE', #3448, #6186, #5234 ) ;
#4784 = AXIS2_PLACEMENT_3D ( 'NONE', #10272, #6513, #7472 ) ;
#4785 = CARTESIAN_POINT ( 'NONE',  ( 25.00000000000001421, -32.79999999999999716, 49.00000000000000000 ) ) ;
#4786 = CARTESIAN_POINT ( 'NONE',  ( -17.82426233348197542, -23.71555578679803133, 5.000000000000000000 ) ) ;
#4787 = AXIS2_PLACEMENT_3D ( 'NONE', #1519, #5805, #514 ) ;
#4788 = ORIENTED_EDGE ( 'NONE', *, *, #9216, .T. ) ;
#4789 = AXIS2_PLACEMENT_3D ( 'NONE', #8614, #10405, #5632 ) ;
#4790 = ORIENTED_EDGE ( 'NONE', *, *, #3527, .F. ) ;
#4791 = CARTESIAN_POINT ( 'NONE',  ( -18.53459485037878807, 21.82807647900889592, 5.700000000000000178 ) ) ;
#4792 = AXIS2_PLACEMENT_3D ( 'NONE', #6450, #10999, #11775 ) ;
#4793 = CARTESIAN_POINT ( 'NONE',  ( -9.534216377564719735, -29.83251576229563540, 6.000000000000000000 ) ) ;
#4794 = VERTEX_POINT ( 'NONE', #4106 ) ;
#4795 = DIRECTION ( 'NONE',  ( -0.000000000000000000, -0.000000000000000000, 1.000000000000000000 ) ) ;
#4796 = CARTESIAN_POINT ( 'NONE',  ( -17.82426233348197542, -23.71555578679803133, 5.700000000000000178 ) ) ;
#4797 = VERTEX_POINT ( 'NONE', #8816 ) ;
#4798 = AXIS2_PLACEMENT_3D ( 'NONE', #6736, #8703, #9433 ) ;
#4799 = CARTESIAN_POINT ( 'NONE',  ( 30.44322579564613562, -37.46768703824714208, 0.7400970717953528899 ) ) ;
#4800 = VERTEX_POINT ( 'NONE', #651 ) ;
#4801 = CIRCLE ( 'NONE', #1222, 3.200000000000001510 ) ;
#4802 = ORIENTED_EDGE ( 'NONE', *, *, #2261, .T. ) ;
#4803 = TOROIDAL_SURFACE ( 'NONE', #4437, 4.500000000000000888, 0.5000000000000000000 ) ;
#4804 = EDGE_CURVE ( 'NONE', #10675, #7247, #11243, .T. ) ;
#4805 = EDGE_CURVE ( 'NONE', #1840, #6616, #1359, .T. ) ;
#4806 = CARTESIAN_POINT ( 'NONE',  ( 25.37175490347321016, 11.47180104703813264, 5.700000000000000178 ) ) ;
#4807 = VERTEX_POINT ( 'NONE', #8698 ) ;
#4808 = DIRECTION ( 'NONE',  ( 0.000000000000000000, 0.000000000000000000, 1.000000000000000000 ) ) ;
#4809 = CARTESIAN_POINT ( 'NONE',  ( -18.81429714589952695, -24.36861433048938608, 5.700000000000000178 ) ) ;
#4810 = CARTESIAN_POINT ( 'NONE',  ( 18.59671697056425899, 22.64366237474868981, 5.700000000000000178 ) ) ;
#4811 = ORIENTED_EDGE ( 'NONE', *, *, #4972, .T. ) ;
#4812 = VECTOR ( 'NONE', #7693, 1000.000000000000000 ) ;
#4813 = AXIS2_PLACEMENT_3D ( 'NONE', #2197, #4760, #11102 ) ;
#4814 = CARTESIAN_POINT ( 'NONE',  ( 11.88379308764715958, 26.28294234767709270, 5.700000000000000178 ) ) ;
#4815 = VECTOR ( 'NONE', #1708, 1000.000000000000000 ) ;
#4816 = CARTESIAN_POINT ( 'NONE',  ( 50.00000000000000711, -36.99999999999999289, 45.00000000000000711 ) ) ;
#4817 = CIRCLE ( 'NONE', #9403, 2.800000000000000266 ) ;
#4818 = DIRECTION ( 'NONE',  ( 0.000000000000000000, -1.000000000000000000, 1.445602896647339163E-16 ) ) ;
#4819 = DIRECTION ( 'NONE',  ( 0.000000000000000000, -0.000000000000000000, -1.000000000000000000 ) ) ;
#4820 = ORIENTED_EDGE ( 'NONE', *, *, #9232, .T. ) ;
#4821 = EDGE_CURVE ( 'NONE', #11519, #8696, #6531, .T. ) ;
#4822 = EDGE_CURVE ( 'NONE', #11532, #934, #3489, .T. ) ;
#4823 = DIRECTION ( 'NONE',  ( -1.000000000000000000, 0.000000000000000000, 0.000000000000000000 ) ) ;
#4824 = EDGE_CURVE ( 'NONE', #5268, #1585, #8631, .T. ) ;
#4825 = DIRECTION ( 'NONE',  ( -1.000000000000000000, -6.938893903907222067E-15, 0.000000000000000000 ) ) ;
#4826 = AXIS2_PLACEMENT_3D ( 'NONE', #11530, #11584, #7044 ) ;
#4827 = DIRECTION ( 'NONE',  ( 1.000000000000000000, 0.000000000000000000, 0.000000000000000000 ) ) ;
#4828 = DIRECTION ( 'NONE',  ( 5.064886061246151462E-17, 1.000000000000000000, -0.000000000000000000 ) ) ;
#4829 = ORIENTED_EDGE ( 'NONE', *, *, #8526, .T. ) ;
#4830 = DIRECTION ( 'NONE',  ( 1.000000000000000000, 0.000000000000000000, 0.000000000000000000 ) ) ;
#4831 = ORIENTED_EDGE ( 'NONE', *, *, #10243, .F. ) ;
#4832 = DIRECTION ( 'NONE',  ( 0.000000000000000000, 0.000000000000000000, -1.000000000000000000 ) ) ;
#4833 = TOROIDAL_SURFACE ( 'NONE', #2358, 0.7999999999999999334, 0.2999999999999999889 ) ;
#4834 = DIRECTION ( 'NONE',  ( 0.7071067811865475727, -0.7071067811865475727, 0.000000000000000000 ) ) ;
#4835 = TOROIDAL_SURFACE ( 'NONE', #461, 0.7999999999999999334, 0.2999999999999999889 ) ;
#4836 = CARTESIAN_POINT ( 'NONE',  ( 41.00000000000001421, -37.49999999999999289, 40.50000000000000000 ) ) ;
#4837 = LINE ( 'NONE', #6624, #10955 ) ;
#4838 = CARTESIAN_POINT ( 'NONE',  ( 30.17774953378772196, -37.50147952833368237, 0.9756830583140021496 ) ) ;
#4839 = ORIENTED_EDGE ( 'NONE', *, *, #3265, .T. ) ;
#4840 = ADVANCED_FACE ( 'NONE', ( #3200 ), #893, .F. ) ;
#4841 = CARTESIAN_POINT ( 'NONE',  ( -32.99999999999997868, -29.50000000000000000, 0.5000000000000077716 ) ) ;
#4842 = DIRECTION ( 'NONE',  ( 0.000000000000000000, -1.000000000000000000, 0.000000000000000000 ) ) ;
#4843 = CARTESIAN_POINT ( 'NONE',  ( 32.99999999999997868, -29.50000000000000355, 0.5000000000000079936 ) ) ;
#4844 = ORIENTED_EDGE ( 'NONE', *, *, #10724, .T. ) ;
#4845 = AXIS2_PLACEMENT_3D ( 'NONE', #8763, #5114, #7702 ) ;
#4846 = CARTESIAN_POINT ( 'NONE',  ( -10.39816519068723899, -32.85872636749531495, 5.855295988587709388 ) ) ;
#4847 = DIRECTION ( 'NONE',  ( -1.000000000000000000, 0.000000000000000000, 1.826024711554533913E-16 ) ) ;
#4848 = ORIENTED_EDGE ( 'NONE', *, *, #7091, .T. ) ;
#4849 = CIRCLE ( 'NONE', #8860, 0.1999999999999987899 ) ;
#4850 = VERTEX_POINT ( 'NONE', #5344 ) ;
#4851 = CARTESIAN_POINT ( 'NONE',  ( -9.556001448147451782, -32.79999999999999716, 6.500000000000000888 ) ) ;
#4852 = LINE ( 'NONE', #11296, #7493 ) ;
#4853 = ORIENTED_EDGE ( 'NONE', *, *, #1844, .F. ) ;
#4854 = CARTESIAN_POINT ( 'NONE',  ( 33.99999999999997868, 4.500000000000001776, 5.352827917084654885 ) ) ;
#4855 = LINE ( 'NONE', #4960, #50 ) ;
#4856 = ORIENTED_EDGE ( 'NONE', *, *, #7669, .F. ) ;
#4857 = CARTESIAN_POINT ( 'NONE',  ( 30.48940925852108208, -37.42742517881483622, 0.6207240137035601180 ) ) ;
#4858 = ORIENTED_EDGE ( 'NONE', *, *, #3954, .T. ) ;
#4859 = ORIENTED_EDGE ( 'NONE', *, *, #8383, .T. ) ;
#4860 = CYLINDRICAL_SURFACE ( 'NONE', #1405, 1.499999999999999556 ) ;
#4861 = ORIENTED_EDGE ( 'NONE', *, *, #5460, .F. ) ;
#4862 = CARTESIAN_POINT ( 'NONE',  ( -26.78294234767822601, 18.90955557852281643, 5.700000000000000178 ) ) ;
#4863 = CARTESIAN_POINT ( 'NONE',  ( 19.43226097545635156, -32.80000000000114824, 6.145899242441382526 ) ) ;
#4864 = CARTESIAN_POINT ( 'NONE',  ( 21.82807647900966330, 18.53459485037747356, 6.000000000000000000 ) ) ;
#4865 = ORIENTED_EDGE ( 'NONE', *, *, #10524, .F. ) ;
#4866 = ADVANCED_FACE ( 'NONE', ( #1715 ), #1966, .T. ) ;
#4867 = EDGE_CURVE ( 'NONE', #7141, #8305, #9007, .T. ) ;
#4868 = B_SPLINE_CURVE_WITH_KNOTS ( 'NONE', 3,
 ( #9544, #6013, #2443, #9665, #482, #718 ),
 .UNSPECIFIED., .F., .F.,
 ( 4, 2, 4 ),
 ( 0.000000000000000000, 0.0002784807278513914660, 0.0005569614557027829319 ),
 .UNSPECIFIED. ) ;
#4869 = DIRECTION ( 'NONE',  ( -1.000000000000000000, 0.000000000000000000, 0.000000000000000000 ) ) ;
#4870 = CARTESIAN_POINT ( 'NONE',  ( 20.00000000000001421, -32.79999999999999716, -55.15136956765560683 ) ) ;
#4871 = ORIENTED_EDGE ( 'NONE', *, *, #10810, .T. ) ;
#4872 = FACE_OUTER_BOUND ( 'NONE', #5633, .T. ) ;
#4873 = CARTESIAN_POINT ( 'NONE',  ( -27.61152916671012747, -33.79999999999999716, 50.00000000000000000 ) ) ;
#4874 = CARTESIAN_POINT ( 'NONE',  ( -29.99999999999996803, -36.50000000000000000, 0.000000000000000000 ) ) ;
#4875 = FACE_OUTER_BOUND ( 'NONE', #6198, .T. ) ;
#4876 = ORIENTED_EDGE ( 'NONE', *, *, #6206, .T. ) ;
#4877 = DIRECTION ( 'NONE',  ( 1.000000000000000000, 0.000000000000000000, 0.000000000000000000 ) ) ;
#4878 = CYLINDRICAL_SURFACE ( 'NONE', #1505, 27.84471522829317180 ) ;
#4879 =( NAMED_UNIT ( * ) SI_UNIT ( $, .STERADIAN. ) SOLID_ANGLE_UNIT ( ) );
#4880 = EDGE_CURVE ( 'NONE', #4700, #7946, #259, .T. ) ;
#4881 = EDGE_CURVE ( 'NONE', #2830, #2466, #10528, .T. ) ;
#4882 = DIRECTION ( 'NONE',  ( -0.000000000000000000, -0.000000000000000000, 1.000000000000000000 ) ) ;
#4883 = CYLINDRICAL_SURFACE ( 'NONE', #2766, 0.9999999999999991118 ) ;
#4884 = CARTESIAN_POINT ( 'NONE',  ( 30.47287286825202202, -37.39292490618228726, 0.6807632448915579282 ) ) ;
#4885 = EDGE_LOOP ( 'NONE', ( #1601, #957, #7309, #2865 ) ) ;
#4886 = CARTESIAN_POINT ( 'NONE',  ( -29.99999999999996803, -36.50000000000000000, 0.000000000000000000 ) ) ;
#4887 = CARTESIAN_POINT ( 'NONE',  ( 19.50000000000001421, -37.00000000000000000, 27.00000000000000355 ) ) ;
#4888 = CARTESIAN_POINT ( 'NONE',  ( -31.49999999999997868, -28.21852687074917654, 22.36322654727371528 ) ) ;
#4889 = ORIENTED_EDGE ( 'NONE', *, *, #6338, .T. ) ;
#4890 =( BOUNDED_SURFACE ( )  B_SPLINE_SURFACE ( 3, 2, ( 
 ( #6056, #11436, #4218 ),
 ( #5935, #3327, #6968 ),
 ( #10546, #8641, #6002 ),
 ( #10604, #6901, #5869 ),
 ( #9656, #7865, #2490 ),
 ( #8814, #7692, #4158 ) ),
 .UNSPECIFIED., .F., .F., .F. ) 
 B_SPLINE_SURFACE_WITH_KNOTS ( ( 4, 2, 4 ),
 ( 3, 3 ),
 ( 0.0009782497295452502115, 0.001400677206665815883, 0.001823104683786381771 ),
 ( 0.000000000000000000, 1.000000000000000000 ),
 .UNSPECIFIED. ) 
 GEOMETRIC_REPRESENTATION_ITEM ( )  RATIONAL_B_SPLINE_SURFACE ( (
 ( 1.000000000000000000, 0.7071067811865493491, 1.000000000000000000),
 ( 1.000000000000000000, 0.7534898812301521476, 1.000000000000000000),
 ( 1.000000000000000000, 0.7946240511650932703, 1.000000000000000000),
 ( 1.000000000000000000, 0.8536817781472496591, 1.000000000000000000),
 ( 1.000000000000000000, 0.8712689522272490938, 1.000000000000000000),
 ( 1.000000000000000000, 0.8710490040722873584, 1.000000000000000000) ) ) 
 REPRESENTATION_ITEM ( '' )  SURFACE ( )  );
#4891 = CARTESIAN_POINT ( 'NONE',  ( -21.82807647903734605, 18.53459485037958387, 4.000000000000000000 ) ) ;
#4892 = DIRECTION ( 'NONE',  ( 0.000000000000000000, -0.000000000000000000, 1.000000000000000000 ) ) ;
#4893 = ADVANCED_FACE ( 'NONE', ( #8049 ), #2560, .F. ) ;
#4894 = VERTEX_POINT ( 'NONE', #4573 ) ;
#4895 = ORIENTED_EDGE ( 'NONE', *, *, #5092, .T. ) ;
#4896 = CARTESIAN_POINT ( 'NONE',  ( 30.41802748628154518, -28.58191131221913750, 21.61153520173727927 ) ) ;
#4897 = CARTESIAN_POINT ( 'NONE',  ( -40.99999999999998579, -28.69999999999999574, 37.50000000000000000 ) ) ;
#4898 = ORIENTED_EDGE ( 'NONE', *, *, #7750, .F. ) ;
#4899 = CARTESIAN_POINT ( 'NONE',  ( 32.83557716167740637, 6.904746624383050424, 5.296121776863992103 ) ) ;
#4900 = DIRECTION ( 'NONE',  ( -1.000000000000000000, 0.000000000000000000, 0.000000000000000000 ) ) ;
#4901 = ORIENTED_EDGE ( 'NONE', *, *, #7749, .F. ) ;
#4902 = LINE ( 'NONE', #3064, #10652 ) ;
#4903 = CARTESIAN_POINT ( 'NONE',  ( 30.00000000000001776, -37.49999999999999289, 1.000000000000007772 ) ) ;
#4904 = ORIENTED_EDGE ( 'NONE', *, *, #8258, .F. ) ;
#4905 = CIRCLE ( 'NONE', #6444, 11.00000000000000000 ) ;
#4906 = ORIENTED_EDGE ( 'NONE', *, *, #11671, .F. ) ;
#4907 = CARTESIAN_POINT ( 'NONE',  ( -9.556001448147455335, -32.79999999999999716, 6.499999999999999112 ) ) ;
#4908 = ORIENTED_EDGE ( 'NONE', *, *, #1845, .F. ) ;
#4909 = CARTESIAN_POINT ( 'NONE',  ( -40.99999999999999289, -28.69999999999999574, 14.00000000000000178 ) ) ;
#4910 = CARTESIAN_POINT ( 'NONE',  ( 21.94873734153059530, -24.74873734152912519, 6.000000000000000000 ) ) ;
#4911 = CARTESIAN_POINT ( 'NONE',  ( -24.75126265846939688, -24.74873734153059246, 0.1999999999999987899 ) ) ;
#4912 = ORIENTED_EDGE ( 'NONE', *, *, #10509, .T. ) ;
#4913 = VECTOR ( 'NONE', #852, 1000.000000000000000 ) ;
#4914 = DIRECTION ( 'NONE',  ( -1.000000000000000000, 0.000000000000000000, 0.000000000000000000 ) ) ;
#4915 = ORIENTED_EDGE ( 'NONE', *, *, #4684, .F. ) ;
#4916 = AXIS2_PLACEMENT_3D ( 'NONE', #8085, #8907, #2534 ) ;
#4917 = CARTESIAN_POINT ( 'NONE',  ( 32.99999999999997868, 4.500000000000001776, 0.5000000000000033307 ) ) ;
#4918 = CARTESIAN_POINT ( 'NONE',  ( 26.69420440418528884, -36.49999999999999289, 1.000000000000000000 ) ) ;
#4919 = ORIENTED_EDGE ( 'NONE', *, *, #1300, .T. ) ;
#4920 = DIRECTION ( 'NONE',  ( -0.000000000000000000, -0.1122464213156465912, -0.9936804017901482711 ) ) ;
#4921 = CARTESIAN_POINT ( 'NONE',  ( 30.35342133341034909, -28.64646922948986330, 21.38759697853850028 ) ) ;
#4922 = CARTESIAN_POINT ( 'NONE',  ( -19.96629138838773443, -32.53253043250172993, 6.057360645716453718 ) ) ;
#4923 = DIRECTION ( 'NONE',  ( 0.000000000000000000, 0.000000000000000000, 1.000000000000000000 ) ) ;
#4924 = ORIENTED_EDGE ( 'NONE', *, *, #5086, .F. ) ;
#4925 = DIRECTION ( 'NONE',  ( -1.000000000000000000, 0.000000000000000000, 0.000000000000000000 ) ) ;
#4926 = CARTESIAN_POINT ( 'NONE',  ( -49.99999999999999289, -37.50000000000000000, 50.00000000000000000 ) ) ;
#4927 = TOROIDAL_SURFACE ( 'NONE', #5512, 3.200000000000001954, 0.2000000000000000111 ) ;
#4928 = CARTESIAN_POINT ( 'NONE',  ( 45.00000000000000711, -28.49999999999999645, 50.00000000000000000 ) ) ;
#4929 = CYLINDRICAL_SURFACE ( 'NONE', #4735, 3.500000000000003109 ) ;
#4930 = DIRECTION ( 'NONE',  ( -1.000000000000000000, 1.776356839400250465E-15, 0.000000000000000000 ) ) ;
#4931 = CARTESIAN_POINT ( 'NONE',  ( -40.99999999999998579, -37.29999999999999716, 40.50000000000000000 ) ) ;
#4932 = ORIENTED_EDGE ( 'NONE', *, *, #6944, .T. ) ;
#4933 = ADVANCED_FACE ( 'NONE', ( #6372 ), #5378, .T. ) ;
#4934 = EDGE_CURVE ( 'NONE', #2609, #8663, #2617, .T. ) ;
#4935 = CARTESIAN_POINT ( 'NONE',  ( -32.99999999999997868, -29.50000000000000000, 0.5000000000000077716 ) ) ;
#4936 = DIRECTION ( 'NONE',  ( 0.000000000000000000, -1.000000000000000000, 0.000000000000000000 ) ) ;
#4937 = AXIS2_PLACEMENT_3D ( 'NONE', #5368, #6324, #9987 ) ;
#4938 = CARTESIAN_POINT ( 'NONE',  ( 30.97210490576230058, -28.18843417678283458, 22.19550000409615720 ) ) ;
#4939 = DIRECTION ( 'NONE',  ( -0.000000000000000000, 1.000000000000000000, 0.000000000000000000 ) ) ;
#4940 = ORIENTED_EDGE ( 'NONE', *, *, #8691, .T. ) ;
#4941 = ADVANCED_FACE ( 'NONE', ( #3569 ), #9777, .T. ) ;
#4942 = AXIS2_PLACEMENT_3D ( 'NONE', #4781, #11351, #3998 ) ;
#4943 = DIRECTION ( 'NONE',  ( 0.7071067811865475727, 0.7071067811865475727, -0.000000000000000000 ) ) ;
#4944 = CARTESIAN_POINT ( 'NONE',  ( 17.52699061374556422, 21.24890437254214959, 6.000000000000000000 ) ) ;
#4945 = AXIS2_PLACEMENT_3D ( 'NONE', #5307, #9203, #7299 ) ;
#4946 = VERTEX_POINT ( 'NONE', #9964 ) ;
#4947 = B_SPLINE_CURVE_WITH_KNOTS ( 'NONE', 3,
 ( #5409, #10844, #8998, #894 ),
 .UNSPECIFIED., .F., .F.,
 ( 4, 4 ),
 ( 0.000000000000000000, 0.0003952075487290761333 ),
 .UNSPECIFIED. ) ;
#4948 = CIRCLE ( 'NONE', #221, 2.800000000000000266 ) ;
#4949 = ORIENTED_EDGE ( 'NONE', *, *, #1667, .F. ) ;
#4950 = CARTESIAN_POINT ( 'NONE',  ( 30.00000000000000711, 26.00000000000000711, 6.000000000000000000 ) ) ;
#4951 = ORIENTED_EDGE ( 'NONE', *, *, #4881, .T. ) ;
#4952 = CARTESIAN_POINT ( 'NONE',  ( 31.31394152880610804, 7.483739086672130725, 5.014777698370353143 ) ) ;
#4953 = CIRCLE ( 'NONE', #11255, 0.4999999999999993894 ) ;
#4954 = EDGE_CURVE ( 'NONE', #7550, #2901, #1019, .T. ) ;
#4955 = EDGE_CURVE ( 'NONE', #3194, #8090, #6813, .T. ) ;
#4956 = ADVANCED_FACE ( 'NONE', ( #8997 ), #8264, .F. ) ;
#4957 =( BOUNDED_CURVE ( )  B_SPLINE_CURVE ( 3, ( #9476, #3030, #4921, #8574 ),
 .UNSPECIFIED., .F., .F. ) 
 B_SPLINE_CURVE_WITH_KNOTS ( ( 4, 4 ),
 ( 3.374085396526883773, 3.553902616229923428 ),
 .UNSPECIFIED. ) 
 CURVE ( )  GEOMETRIC_REPRESENTATION_ITEM ( )  RATIONAL_B_SPLINE_CURVE ( ( 1.000000000000000000, 0.9973072952445074524, 0.9973072952445074524, 1.000000000000000000 ) ) 
 REPRESENTATION_ITEM ( '' )  );
#4958 = ADVANCED_FACE ( 'NONE', ( #6182 ), #9838, .F. ) ;
#4959 = VECTOR ( 'NONE', #8489, 1000.000000000000000 ) ;
#4960 = CARTESIAN_POINT ( 'NONE',  ( 41.00000000000000711, 6.000000000000012434, 11.00000000000000178 ) ) ;
#4961 = ORIENTED_EDGE ( 'NONE', *, *, #11162, .F. ) ;
#4962 = AXIS2_PLACEMENT_3D ( 'NONE', #3568, #1892, #7206 ) ;
#4963 = DIRECTION ( 'NONE',  ( 1.519465818373845562E-16, -1.000000000000000000, 0.000000000000000000 ) ) ;
#4964 = DIRECTION ( 'NONE',  ( 0.000000000000000000, 0.000000000000000000, -1.000000000000000000 ) ) ;
#4965 = VECTOR ( 'NONE', #6716, 1000.000000000000000 ) ;
#4966 = AXIS2_PLACEMENT_3D ( 'NONE', #8078, #6333, #1744 ) ;
#4967 = EDGE_LOOP ( 'NONE', ( #5546, #2232, #9163, #3722 ) ) ;
#4968 = ORIENTED_EDGE ( 'NONE', *, *, #7545, .F. ) ;
#4969 = AXIS2_PLACEMENT_3D ( 'NONE', #6462, #3997, #10122 ) ;
#4970 = DIRECTION ( 'NONE',  ( -0.000000000000000000, -0.000000000000000000, 1.000000000000000000 ) ) ;
#4971 = ORIENTED_EDGE ( 'NONE', *, *, #10094, .T. ) ;
#4972 = EDGE_CURVE ( 'NONE', #3709, #11732, #2004, .T. ) ;
#4973 = DIRECTION ( 'NONE',  ( 0.000000000000000000, 0.000000000000000000, 1.000000000000000000 ) ) ;
#4974 = CARTESIAN_POINT ( 'NONE',  ( 19.96629138838774153, -32.79999999999999716, 6.000000000000000000 ) ) ;
#4975 = CIRCLE ( 'NONE', #3255, 4.500000000000000888 ) ;
#4976 = CARTESIAN_POINT ( 'NONE',  ( 21.94873734153059530, -24.74873734152912519, 0.1999999999999987899 ) ) ;
#4977 = ORIENTED_EDGE ( 'NONE', *, *, #1118, .T. ) ;
#4978 = CARTESIAN_POINT ( 'NONE',  ( -18.03603898744571410, 21.86605083265776273, 5.700000000000000178 ) ) ;
#4979 = CIRCLE ( 'NONE', #3085, 3.000000000000002665 ) ;
#4980 = EDGE_LOOP ( 'NONE', ( #1897, #8732, #2278, #6669, #3864, #9489, #1280, #4848 ) ) ;
#4981 = CARTESIAN_POINT ( 'NONE',  ( 30.11329697792855242, -36.66022665686342208, 2.541098841762901017E-16 ) ) ;
#4982 = ORIENTED_EDGE ( 'NONE', *, *, #10977, .T. ) ;
#4983 = CARTESIAN_POINT ( 'NONE',  ( 20.00000000000001421, -32.79999999999999716, 44.00000000000000711 ) ) ;
#4984 = TOROIDAL_SURFACE ( 'NONE', #6707, 4.500000000000000888, 0.5000000000000000000 ) ;
#4985 = DIRECTION ( 'NONE',  ( -1.000000000000000000, 1.457167719820516697E-13, 0.000000000000000000 ) ) ;
#4986 = CARTESIAN_POINT ( 'NONE',  ( -39.99999999999999289, -29.50000000000000000, 1.500000000000005773 ) ) ;
#4987 = TOROIDAL_SURFACE ( 'NONE', #4045, 0.7999999999999999334, 0.2999999999999999889 ) ;
#4988 = FACE_OUTER_BOUND ( 'NONE', #10942, .T. ) ;
#4989 = ORIENTED_EDGE ( 'NONE', *, *, #969, .T. ) ;
#4990 = AXIS2_PLACEMENT_3D ( 'NONE', #4978, #3928, #2136 ) ;
#4991 = LINE ( 'NONE', #1303, #2911 ) ;
#4992 = CARTESIAN_POINT ( 'NONE',  ( 26.51390478077719592, -32.76632729138872691, 49.61454672352735429 ) ) ;
#4993 = CARTESIAN_POINT ( 'NONE',  ( 26.69420440418528528, -37.35355339059326241, 1.000000000000000000 ) ) ;
#4994 = AXIS2_PLACEMENT_3D ( 'NONE', #11623, #10483, #1426 ) ;
#4995 = AXIS2_PLACEMENT_3D ( 'NONE', #242, #2978, #6495 ) ;
#4996 = DIRECTION ( 'NONE',  ( 0.000000000000000000, 0.000000000000000000, 1.000000000000000000 ) ) ;
#4997 = AXIS2_PLACEMENT_3D ( 'NONE', #11485, #1460, #6879 ) ;
#4998 = CARTESIAN_POINT ( 'NONE',  ( -40.99999999999998579, -37.29999999999999716, 40.50000000000000000 ) ) ;
#4999 = CARTESIAN_POINT ( 'NONE',  ( -26.64689772753529340, -19.39069158978175977, 5.700000000000000178 ) ) ;
#5000 = ORIENTED_EDGE ( 'NONE', *, *, #2121, .F. ) ;
#5001 = CARTESIAN_POINT ( 'NONE',  ( -33.79966683782728865, -28.30049974325908835, 0.8854532754542100426 ) ) ;
#5002 = FACE_OUTER_BOUND ( 'NONE', #11368, .T. ) ;
#5003 = CARTESIAN_POINT ( 'NONE',  ( -21.24890437254319053, 17.52699061374429235, 6.000000000000000000 ) ) ;
#5004 = DIRECTION ( 'NONE',  ( -1.000000000000000000, 8.881784197001252323E-16, 0.000000000000000000 ) ) ;
#5005 = VERTEX_POINT ( 'NONE', #294 ) ;
#5006 = TOROIDAL_SURFACE ( 'NONE', #3308, 5.500000000000000000, 0.5000000000000000000 ) ;
#5007 = TOROIDAL_SURFACE ( 'NONE', #9787, 10.50000000000000000, 0.5000000000000000000 ) ;
#5008 = EDGE_CURVE ( 'NONE', #7534, #3855, #1775, .T. ) ;
#5009 = CARTESIAN_POINT ( 'NONE',  ( -19.49999999999999645, -36.50000000000000000, 27.00000000000000711 ) ) ;
#5010 = AXIS2_PLACEMENT_3D ( 'NONE', #10821, #8143, #10882 ) ;
#5011 = CARTESIAN_POINT ( 'NONE',  ( -30.49999999999997868, -28.29278383102050043, 21.28750090350187207 ) ) ;
#5012 = CARTESIAN_POINT ( 'NONE',  ( -26.34065101359200511, -37.00000000000000000, 49.50000000000000000 ) ) ;
#5013 = EDGE_CURVE ( 'NONE', #4619, #3135, #441, .T. ) ;
#5014 = ORIENTED_EDGE ( 'NONE', *, *, #10421, .F. ) ;
#5015 = LINE ( 'NONE', #732, #2371 ) ;
#5016 = LINE ( 'NONE', #1391, #11680 ) ;
#5017 = ORIENTED_EDGE ( 'NONE', *, *, #6191, .T. ) ;
#5018 = LINE ( 'NONE', #3123, #2783 ) ;
#5019 = AXIS2_PLACEMENT_3D ( 'NONE', #1158, #329, #9450 ) ;
#5020 = EDGE_CURVE ( 'NONE', #4133, #11003, #7615, .T. ) ;
#5021 = CARTESIAN_POINT ( 'NONE',  ( 33.99999999999997868, -28.12801007714189794, 21.85871641905593421 ) ) ;
#5022 = DIRECTION ( 'NONE',  ( 0.000000000000000000, 1.000000000000000000, -0.000000000000000000 ) ) ;
#5023 = ORIENTED_EDGE ( 'NONE', *, *, #821, .F. ) ;
#5024 = CARTESIAN_POINT ( 'NONE',  ( 21.06605083265884204, 18.03603898744442446, 6.000000000000000000 ) ) ;
#5025 = FACE_OUTER_BOUND ( 'NONE', #1691, .T. ) ;
#5026 = EDGE_CURVE ( 'NONE', #9165, #10237, #5945, .T. ) ;
#5027 = EDGE_LOOP ( 'NONE', ( #2780, #4005, #3320, #769 ) ) ;
#5028 = EDGE_CURVE ( 'NONE', #11084, #5163, #4817, .T. ) ;
#5029 = EDGE_CURVE ( 'NONE', #7471, #8268, #6603, .T. ) ;
#5030 = VERTEX_POINT ( 'NONE', #231 ) ;
#5031 = DIRECTION ( 'NONE',  ( 0.000000000000000000, 1.204669080539449344E-16, 1.000000000000000000 ) ) ;
#5032 = CARTESIAN_POINT ( 'NONE',  ( 3.012940774064981179E-15, -37.00000000000000000, 16.50000000000000000 ) ) ;
#5033 = ORIENTED_EDGE ( 'NONE', *, *, #728, .T. ) ;
#5034 = DIRECTION ( 'NONE',  ( 5.941966010906629203E-14, 1.000000000000000000, 0.000000000000000000 ) ) ;
#5035 = LINE ( 'NONE', #515, #4064 ) ;
#5036 = TOROIDAL_SURFACE ( 'NONE', #1617, 3.200000000000001954, 0.2000000000000000111 ) ;
#5037 = CARTESIAN_POINT ( 'NONE',  ( 18.98518637943520915, 25.06428924022486626, 5.699999999999999289 ) ) ;
#5038 = ORIENTED_EDGE ( 'NONE', *, *, #10572, .F. ) ;
#5039 = CARTESIAN_POINT ( 'NONE',  ( 25.00000000000001421, -33.79999999999999716, 49.00000000000000000 ) ) ;
#5040 = EDGE_CURVE ( 'NONE', #7717, #5051, #3688, .T. ) ;
#5041 = AXIS2_PLACEMENT_3D ( 'NONE', #4313, #3232, #9681 ) ;
#5042 = EDGE_CURVE ( 'NONE', #6771, #9893, #9018, .T. ) ;
#5043 = VERTEX_POINT ( 'NONE', #1238 ) ;
#5044 = CARTESIAN_POINT ( 'NONE',  ( -10.39816519068723899, -31.05872636749531068, 5.700000000000000178 ) ) ;
#5045 = CARTESIAN_POINT ( 'NONE',  ( 30.45115815557934269, -28.60067113257452576, 22.03583631445932767 ) ) ;
#5046 = ORIENTED_EDGE ( 'NONE', *, *, #513, .T. ) ;
#5047 = CARTESIAN_POINT ( 'NONE',  ( 34.49999999999997868, -27.99999999999999645, 21.14523135337576321 ) ) ;
#5048 = DIRECTION ( 'NONE',  ( -1.000000000000000000, 0.000000000000000000, -0.000000000000000000 ) ) ;
#5049 = CYLINDRICAL_SURFACE ( 'NONE', #8454, 1.000000000000000888 ) ;
#5050 = CARTESIAN_POINT ( 'NONE',  ( 26.28294234767779969, 11.88379308764559106, 4.000000000000000000 ) ) ;
#5051 = VERTEX_POINT ( 'NONE', #4910 ) ;
#5052 = DIRECTION ( 'NONE',  ( -1.000000000000000000, 0.000000000000000000, 0.000000000000000000 ) ) ;
#5053 = CARTESIAN_POINT ( 'NONE',  ( 25.94866613983959525, -33.00033316115474236, 49.61454672352785167 ) ) ;
#5054 = DIRECTION ( 'NONE',  ( -0.000000000000000000, 0.000000000000000000, 1.000000000000000000 ) ) ;
#5055 = CARTESIAN_POINT ( 'NONE',  ( 15.76277455163462449, -32.55872636749531779, 4.000000000000000000 ) ) ;
#5056 = CARTESIAN_POINT ( 'NONE',  ( -33.99999999999997868, 4.500000000000001776, 5.352827917084656661 ) ) ;
#5057 = DIRECTION ( 'NONE',  ( -0.000000000000000000, -0.000000000000000000, 1.000000000000000000 ) ) ;
#5058 = ORIENTED_EDGE ( 'NONE', *, *, #2588, .T. ) ;
#5059 = CARTESIAN_POINT ( 'NONE',  ( -30.35980556665398566, 6.467583059248562805, 6.000000000000000000 ) ) ;
#5060 = CARTESIAN_POINT ( 'NONE',  ( 30.48798306976052430, 7.256915400338773914, 6.000000000000000000 ) ) ;
#5061 = CARTESIAN_POINT ( 'NONE',  ( 33.88720754036683758, -28.49999999999999289, 21.94944480385418828 ) ) ;
#5062 = CARTESIAN_POINT ( 'NONE',  ( 21.82807647901000792, 18.53459485037750554, 4.000000000000000000 ) ) ;
#5063 = ORIENTED_EDGE ( 'NONE', *, *, #5026, .T. ) ;
#5064 = CYLINDRICAL_SURFACE ( 'NONE', #1165, 3.000000000000000888 ) ;
#5065 = DIRECTION ( 'NONE',  ( -1.000000000000000000, 0.000000000000000000, 0.000000000000000000 ) ) ;
#5066 = DIRECTION ( 'NONE',  ( -1.000000000000000000, 0.000000000000000000, 0.000000000000000000 ) ) ;
#5067 = VERTEX_POINT ( 'NONE', #10134 ) ;
#5068 = DIRECTION ( 'NONE',  ( -1.000000000000000000, -6.360652745248258180E-14, 0.000000000000000000 ) ) ;
#5069 = CARTESIAN_POINT ( 'NONE',  ( -19.73955074636959495, -32.79999999999999716, 6.500000000000051514 ) ) ;
#5070 = LINE ( 'NONE', #4365, #7295 ) ;
#5071 = VERTEX_POINT ( 'NONE', #8563 ) ;
#5072 = EDGE_CURVE ( 'NONE', #941, #4700, #3400, .T. ) ;
#5073 = CARTESIAN_POINT ( 'NONE',  ( -9.000000000000000000, -33.79999999999999716, 16.00000000000000000 ) ) ;
#5074 = CARTESIAN_POINT ( 'NONE',  ( 32.99999999999997868, -11.01986028694750708, 12.89424006866458505 ) ) ;
#5075 = CARTESIAN_POINT ( 'NONE',  ( -34.49999999999997868, -27.99999999999999645, 21.14523135337576321 ) ) ;
#5076 = ORIENTED_EDGE ( 'NONE', *, *, #4377, .T. ) ;
#5077 = CARTESIAN_POINT ( 'NONE',  ( 30.45876502797057483, -28.59871117547459818, 22.06080352042657822 ) ) ;
#5078 = DIRECTION ( 'NONE',  ( -1.000000000000000000, 0.000000000000000000, 0.000000000000000000 ) ) ;
#5079 = ORIENTED_EDGE ( 'NONE', *, *, #7434, .F. ) ;
#5080 = ORIENTED_EDGE ( 'NONE', *, *, #7968, .F. ) ;
#5081 = ADVANCED_FACE ( 'NONE', ( #4697 ), #2026, .F. ) ;
#5082 = CARTESIAN_POINT ( 'NONE',  ( 32.99999999999997868, -13.12679400932128182, 15.02985011956905659 ) ) ;
#5083 = CARTESIAN_POINT ( 'NONE',  ( -17.10183990713238700, -23.02410380877845597, 5.700000000000000178 ) ) ;
#5084 = ORIENTED_EDGE ( 'NONE', *, *, #6047, .F. ) ;
#5085 = EDGE_CURVE ( 'NONE', #1766, #10286, #6963, .T. ) ;
#5086 = EDGE_CURVE ( 'NONE', #373, #10963, #5386, .T. ) ;
#5087 = CARTESIAN_POINT ( 'NONE',  ( -15.71630479975575767, -24.03782805333281303, 5.999999999999999112 ) ) ;
#5088 = FACE_OUTER_BOUND ( 'NONE', #2183, .T. ) ;
#5089 = EDGE_CURVE ( 'NONE', #1585, #10948, #7879, .T. ) ;
#5090 = DIRECTION ( 'NONE',  ( 0.000000000000000000, 0.000000000000000000, 1.000000000000000000 ) ) ;
#5091 = ORIENTED_EDGE ( 'NONE', *, *, #3286, .T. ) ;
#5092 = EDGE_CURVE ( 'NONE', #9039, #10586, #3188, .T. ) ;
#5093 = CARTESIAN_POINT ( 'NONE',  ( 30.49999999999997868, 2.963777118215651818, 6.099309502229280255 ) ) ;
#5094 =( BOUNDED_CURVE ( )  B_SPLINE_CURVE ( 3, ( #9316, #2990, #9487, #3101 ),
 .UNSPECIFIED., .F., .F. ) 
 B_SPLINE_CURVE_WITH_KNOTS ( ( 4, 4 ),
 ( 5.267206967277698659, 6.023529727162247660 ),
 .UNSPECIFIED. ) 
 CURVE ( )  GEOMETRIC_REPRESENTATION_ITEM ( )  RATIONAL_B_SPLINE_CURVE ( ( 1.000000000000000000, 0.9528966982141204856, 0.9528966982141204856, 1.000000000000000000 ) ) 
 REPRESENTATION_ITEM ( '' )  );
#5095 = EDGE_LOOP ( 'NONE', ( #144, #10103, #305, #4714 ) ) ;
#5096 = DIRECTION ( 'NONE',  ( -1.000000000000000000, 0.000000000000000000, 0.000000000000000000 ) ) ;
#5097 = ORIENTED_EDGE ( 'NONE', *, *, #10068, .T. ) ;
#5098 = CARTESIAN_POINT ( 'NONE',  ( -9.534216377564650458, -29.83251576229567448, 4.000000000000000000 ) ) ;
#5099 = CARTESIAN_POINT ( 'NONE',  ( -9.802020291714422129, -32.44035711008626066, 5.813018645771037995 ) ) ;
#5100 = AXIS2_PLACEMENT_3D ( 'NONE', #7937, #418, #4054 ) ;
#5101 = CARTESIAN_POINT ( 'NONE',  ( -25.78279235760479793, -31.79999999999999361, -55.15136956765560683 ) ) ;
#5102 = EDGE_CURVE ( 'NONE', #3163, #2792, #6820, .T. ) ;
#5103 = EDGE_CURVE ( 'NONE', #2049, #532, #5035, .T. ) ;
#5104 = DIRECTION ( 'NONE',  ( 0.000000000000000000, 0.8994353934787676641, -0.4370537414983365343 ) ) ;
#5105 = ORIENTED_EDGE ( 'NONE', *, *, #3370, .T. ) ;
#5106 = EDGE_CURVE ( 'NONE', #8044, #2107, #3317, .T. ) ;
#5107 = DIRECTION ( 'NONE',  ( -0.000000000000000000, -0.000000000000000000, 1.000000000000000000 ) ) ;
#5108 = DIRECTION ( 'NONE',  ( 0.000000000000000000, 0.000000000000000000, -1.000000000000000000 ) ) ;
#5109 = AXIS2_PLACEMENT_3D ( 'NONE', #9151, #3669, #2900 ) ;
#5110 = LINE ( 'NONE', #6064, #10678 ) ;
#5111 = ADVANCED_FACE ( 'NONE', ( #10473, #11425, #5088 ), #8802, .F. ) ;
#5112 = VECTOR ( 'NONE', #2997, 999.9999999999998863 ) ;
#5113 = DIRECTION ( 'NONE',  ( 0.000000000000000000, 0.000000000000000000, 1.000000000000000000 ) ) ;
#5114 = DIRECTION ( 'NONE',  ( -0.000000000000000000, -1.000000000000000000, -0.000000000000000000 ) ) ;
#5115 = LINE ( 'NONE', #9724, #2539 ) ;
#5116 = ORIENTED_EDGE ( 'NONE', *, *, #1046, .T. ) ;
#5117 = FACE_OUTER_BOUND ( 'NONE', #3898, .T. ) ;
#5118 = CARTESIAN_POINT ( 'NONE',  ( 30.17314179672405317, 7.156720350907068706, 6.000000000000000000 ) ) ;
#5119 = CARTESIAN_POINT ( 'NONE',  ( 33.92182008916051217, -28.49999999999999645, 22.47884604443124346 ) ) ;
#5120 = DIRECTION ( 'NONE',  ( 0.000000000000000000, 0.000000000000000000, -1.000000000000000000 ) ) ;
#5121 = ORIENTED_EDGE ( 'NONE', *, *, #1201, .F. ) ;
#5122 = CIRCLE ( 'NONE', #7422, 0.9999999999999991118 ) ;
#5123 = CARTESIAN_POINT ( 'NONE',  ( -19.81139839964004778, -32.41512815557796756, 5.791777033146319198 ) ) ;
#5124 = DIRECTION ( 'NONE',  ( 1.000000000000000000, -0.000000000000000000, -0.000000000000000000 ) ) ;
#5125 = DIRECTION ( 'NONE',  ( 0.000000000000000000, 0.000000000000000000, -1.000000000000000000 ) ) ;
#5126 = VERTEX_POINT ( 'NONE', #5220 ) ;
#5127 = DIRECTION ( 'NONE',  ( -6.120550899367223059E-14, 1.000000000000000000, 0.000000000000000000 ) ) ;
#5128 = AXIS2_PLACEMENT_3D ( 'NONE', #1559, #4246, #3470 ) ;
#5129 = CARTESIAN_POINT ( 'NONE',  ( -19.52081763205297804, -32.79999999999999716, 6.427855894855588836 ) ) ;
#5130 = FACE_OUTER_BOUND ( 'NONE', #6876, .T. ) ;
#5131 = VERTEX_POINT ( 'NONE', #2300 ) ;
#5132 = CARTESIAN_POINT ( 'NONE',  ( -33.79966683626588519, -28.13429497298553628, 21.89374631220014322 ) ) ;
#5133 = CARTESIAN_POINT ( 'NONE',  ( -18.90955557852439028, 26.78294234767708559, 5.700000000000000178 ) ) ;
#5134 = ORIENTED_EDGE ( 'NONE', *, *, #2058, .T. ) ;
#5135 = CIRCLE ( 'NONE', #7054, 0.5000000000000004441 ) ;
#5136 = LINE ( 'NONE', #5264, #7289 ) ;
#5137 = ORIENTED_EDGE ( 'NONE', *, *, #7016, .T. ) ;
#5138 = CIRCLE ( 'NONE', #2105, 0.5000000000000004441 ) ;
#5139 = FACE_OUTER_BOUND ( 'NONE', #3662, .T. ) ;
#5140 = ORIENTED_EDGE ( 'NONE', *, *, #10894, .T. ) ;
#5141 = VERTEX_POINT ( 'NONE', #4274 ) ;
#5142 = CARTESIAN_POINT ( 'NONE',  ( 41.00000000000000711, -37.29999999999999005, 14.00000000000000178 ) ) ;
#5143 = VERTEX_POINT ( 'NONE', #701 ) ;
#5144 = AXIS2_PLACEMENT_3D ( 'NONE', #11806, #9068, #772 ) ;
#5145 = CARTESIAN_POINT ( 'NONE',  ( -10.92521373794859763, -28.85246346665875805, 5.700000000000000178 ) ) ;
#5146 = EDGE_LOOP ( 'NONE', ( #11537, #7727, #10116, #8728 ) ) ;
#5147 = CARTESIAN_POINT ( 'NONE',  ( 3.244874193390045125, -30.97010467188755456, 6.000000000000000000 ) ) ;
#5148 = CARTESIAN_POINT ( 'NONE',  ( -27.28294234767776771, -11.34689094264126119, 4.000000000000000000 ) ) ;
#5149 = AXIS2_PLACEMENT_3D ( 'NONE', #8876, #8996, #1655 ) ;
#5150 = LINE ( 'NONE', #11557, #11273 ) ;
#5151 = VERTEX_POINT ( 'NONE', #6105 ) ;
#5152 = AXIS2_PLACEMENT_3D ( 'NONE', #6124, #2381, #11566 ) ;
#5153 = AXIS2_PLACEMENT_3D ( 'NONE', #3720, #8137, #10943 ) ;
#5154 = DIRECTION ( 'NONE',  ( 0.000000000000000000, 0.000000000000000000, 1.000000000000000000 ) ) ;
#5155 = EDGE_CURVE ( 'NONE', #5067, #11648, #11701, .T. ) ;
#5156 = EDGE_CURVE ( 'NONE', #8932, #5551, #1415, .T. ) ;
#5157 = EDGE_CURVE ( 'NONE', #5131, #9932, #3111, .T. ) ;
#5158 = AXIS2_PLACEMENT_3D ( 'NONE', #2129, #7442, #2914 ) ;
#5159 = ORIENTED_EDGE ( 'NONE', *, *, #9567, .T. ) ;
#5160 = VECTOR ( 'NONE', #10351, 1000.000000000000000 ) ;
#5161 = CARTESIAN_POINT ( 'NONE',  ( 18.95652801030927392, 23.41749788930677667, 6.000000000000000000 ) ) ;
#5162 = CIRCLE ( 'NONE', #51, 1.000000000000000888 ) ;
#5163 = VERTEX_POINT ( 'NONE', #9762 ) ;
#5164 = CARTESIAN_POINT ( 'NONE',  ( 41.00000000000000711, -28.69999999999999574, 14.00000000000000178 ) ) ;
#5165 = CARTESIAN_POINT ( 'NONE',  ( -31.49999999999997868, 5.559677934766192209, 5.949717696739383221 ) ) ;
#5166 = CARTESIAN_POINT ( 'NONE',  ( 30.35342133341034909, -28.64646922948987040, 21.28750090350187918 ) ) ;
#5167 = CARTESIAN_POINT ( 'NONE',  ( 18.90955557852439384, 26.78294234767708915, 5.700000000000000178 ) ) ;
#5168 = VERTEX_POINT ( 'NONE', #6889 ) ;
#5169 = AXIS2_PLACEMENT_3D ( 'NONE', #3535, #10096, #2632 ) ;
#5170 = CARTESIAN_POINT ( 'NONE',  ( 30.91399482062600512, -28.49999999999999645, 49.00000000000000000 ) ) ;
#5171 = DIRECTION ( 'NONE',  ( -1.000000000000000000, 0.000000000000000000, 0.000000000000000000 ) ) ;
#5172 = CIRCLE ( 'NONE', #4036, 0.2999999999999999334 ) ;
#5173 = DIRECTION ( 'NONE',  ( -1.000000000000000000, 0.000000000000000000, 0.000000000000000000 ) ) ;
#5174 = ADVANCED_FACE ( 'NONE', ( #10534, #3376, #1587, #7920, #2368, #8741, #7011, #10596, #7853, #2424, #10715, #2547 ), #7143, .F. ) ;
#5175 = CARTESIAN_POINT ( 'NONE',  ( -31.49999999999997868, 5.559677934766192209, 5.949717696739383221 ) ) ;
#5176 = EDGE_CURVE ( 'NONE', #413, #2792, #6726, .T. ) ;
#5177 = VECTOR ( 'NONE', #10646, 1000.000000000000000 ) ;
#5178 = EDGE_CURVE ( 'NONE', #2906, #11254, #3873, .T. ) ;
#5179 = CARTESIAN_POINT ( 'NONE',  ( 24.74873734152913229, 24.75126265847088547, 0.000000000000000000 ) ) ;
#5180 = CIRCLE ( 'NONE', #10720, 0.5000000000000004441 ) ;
#5181 = FACE_OUTER_BOUND ( 'NONE', #10835, .T. ) ;
#5182 = ORIENTED_EDGE ( 'NONE', *, *, #8586, .T. ) ;
#5183 = CARTESIAN_POINT ( 'NONE',  ( -34.49999999999997868, -28.49999999999999645, 1.500000000000006217 ) ) ;
#5184 = CARTESIAN_POINT ( 'NONE',  ( 17.82432617406004738, -23.71144853936000629, 5.000000000000000000 ) ) ;
#5185 = CIRCLE ( 'NONE', #9972, 27.84471522829317180 ) ;
#5186 = CARTESIAN_POINT ( 'NONE',  ( -33.99999999999997868, 0.000000000000000000, 0.000000000000000000 ) ) ;
#5187 = LINE ( 'NONE', #10804, #5895 ) ;
#5188 = EDGE_LOOP ( 'NONE', ( #3345, #2599, #7026, #4320 ) ) ;
#5189 = CARTESIAN_POINT ( 'NONE',  ( -29.99999999999997868, 8.130517918518242126, 6.000000000000000000 ) ) ;
#5190 = CIRCLE ( 'NONE', #6336, 0.5000000000000004441 ) ;
#5191 = CIRCLE ( 'NONE', #3100, 0.5000000000000004441 ) ;
#5192 = DIRECTION ( 'NONE',  ( -1.000000000000000000, 0.000000000000000000, 0.000000000000000000 ) ) ;
#5193 = CARTESIAN_POINT ( 'NONE',  ( -20.50193465475827992, -31.07548501264342633, 6.000000000000000000 ) ) ;
#5194 = CIRCLE ( 'NONE', #11129, 3.200000000000001510 ) ;
#5195 = EDGE_CURVE ( 'NONE', #5934, #8789, #408, .T. ) ;
#5196 = EDGE_LOOP ( 'NONE', ( #10287, #3970, #4037, #7330 ) ) ;
#5197 = CARTESIAN_POINT ( 'NONE',  ( -33.31820238811572210, 6.454542148825127335, 5.514885183228135368 ) ) ;
#5198 = CARTESIAN_POINT ( 'NONE',  ( 26.34065101359202288, -37.00000000000000711, 0.9070890547518394298 ) ) ;
#5199 = CARTESIAN_POINT ( 'NONE',  ( 9.000000000000012434, -36.50000000000000000, 27.00000000000000355 ) ) ;
#5200 = ORIENTED_EDGE ( 'NONE', *, *, #5306, .T. ) ;
#5201 = CARTESIAN_POINT ( 'NONE',  ( -26.84065101359200156, -37.50000000000000000, 49.79289321881346098 ) ) ;
#5202 = CIRCLE ( 'NONE', #7126, 0.3000000000000000444 ) ;
#5203 = AXIS2_PLACEMENT_3D ( 'NONE', #5580, #7503, #3796 ) ;
#5204 = CARTESIAN_POINT ( 'NONE',  ( 24.74873734153059601, -24.74873734152912519, 6.000000000000000000 ) ) ;
#5205 = EDGE_LOOP ( 'NONE', ( #2333, #5228, #4280, #4448 ) ) ;
#5206 = AXIS2_PLACEMENT_3D ( 'NONE', #6633, #11131, #4892 ) ;
#5207 = CARTESIAN_POINT ( 'NONE',  ( 21.86605083265882854, -18.03603898744441381, 5.000000000000000000 ) ) ;
#5208 = VERTEX_POINT ( 'NONE', #932 ) ;
#5209 = CIRCLE ( 'NONE', #3038, 0.5000000000000004441 ) ;
#5210 = CARTESIAN_POINT ( 'NONE',  ( 27.00000000000000000, 0.000000000000000000, 3.000000000000000000 ) ) ;
#5211 = DIRECTION ( 'NONE',  ( 0.9622720225178930109, 0.2720892402858366976, -0.000000000000000000 ) ) ;
#5212 = VERTEX_POINT ( 'NONE', #8035 ) ;
#5213 = AXIS2_PLACEMENT_3D ( 'NONE', #3224, #2339, #7897 ) ;
#5214 = ORIENTED_EDGE ( 'NONE', *, *, #4098, .T. ) ;
#5215 = CARTESIAN_POINT ( 'NONE',  ( -30.49999999999997868, 8.468626966596888295, 4.388610099474774096 ) ) ;
#5216 = ORIENTED_EDGE ( 'NONE', *, *, #1529, .T. ) ;
#5217 = CARTESIAN_POINT ( 'NONE',  ( 33.99999999999997868, -15.67078147319338832, 16.26602477699476523 ) ) ;
#5218 = ORIENTED_EDGE ( 'NONE', *, *, #2649, .T. ) ;
#5219 = CARTESIAN_POINT ( 'NONE',  ( -19.77332990331675333, -32.43807899965878505, 5.807450240880158709 ) ) ;
#5220 = CARTESIAN_POINT ( 'NONE',  ( 29.99999999999997868, 2.139175515927377980, 6.000000000000000000 ) ) ;
#5221 = DIRECTION ( 'NONE',  ( 0.000000000000000000, 0.000000000000000000, 1.000000000000000000 ) ) ;
#5222 = ORIENTED_EDGE ( 'NONE', *, *, #11750, .T. ) ;
#5223 = TOROIDAL_SURFACE ( 'NONE', #6748, 0.7999999999999999334, 0.2999999999999999889 ) ;
#5224 = DIRECTION ( 'NONE',  ( -1.826024711554532188E-16, 0.000000000000000000, -1.000000000000000000 ) ) ;
#5225 = ORIENTED_EDGE ( 'NONE', *, *, #1599, .F. ) ;
#5226 = AXIS2_PLACEMENT_3D ( 'NONE', #2246, #1475, #8694 ) ;
#5227 = CARTESIAN_POINT ( 'NONE',  ( 18.65889919605131197, 23.46003738045539677, 6.000000000000000000 ) ) ;
#5228 = ORIENTED_EDGE ( 'NONE', *, *, #6942, .F. ) ;
#5229 = ADVANCED_FACE ( 'NONE', ( #2606 ), #4066, .F. ) ;
#5230 = DIRECTION ( 'NONE',  ( -0.000000000000000000, -1.000000000000000000, 0.000000000000000000 ) ) ;
#5231 = CARTESIAN_POINT ( 'NONE',  ( -26.78294234767822246, -18.90955557852281288, 5.000000000000000000 ) ) ;
#5232 = DIRECTION ( 'NONE',  ( -0.6914519780196076715, 0.7224224263495508946, 4.941179018536796867E-14 ) ) ;
#5233 = EDGE_CURVE ( 'NONE', #1029, #3184, #271, .T. ) ;
#5234 = DIRECTION ( 'NONE',  ( -1.000000000000000000, 0.000000000000000000, 0.000000000000000000 ) ) ;
#5235 = ORIENTED_EDGE ( 'NONE', *, *, #1550, .T. ) ;
#5236 = FACE_OUTER_BOUND ( 'NONE', #8630, .T. ) ;
#5237 = CARTESIAN_POINT ( 'NONE',  ( -25.49999999999997868, 26.00000000000000355, 5.500000000000000000 ) ) ;
#5238 = AXIS2_PLACEMENT_3D ( 'NONE', #1422, #10370, #2196 ) ;
#5239 = DIRECTION ( 'NONE',  ( -1.000000000000000000, 0.000000000000000000, 0.000000000000000000 ) ) ;
#5240 = FACE_OUTER_BOUND ( 'NONE', #7153, .T. ) ;
#5241 = EDGE_CURVE ( 'NONE', #195, #32, #6156, .T. ) ;
#5242 = DIRECTION ( 'NONE',  ( -1.000000000000000000, 0.000000000000000000, 0.000000000000000000 ) ) ;
#5243 = DIRECTION ( 'NONE',  ( 0.000000000000000000, 0.000000000000000000, -1.000000000000000000 ) ) ;
#5244 = ORIENTED_EDGE ( 'NONE', *, *, #6485, .F. ) ;
#5245 = CARTESIAN_POINT ( 'NONE',  ( 26.28294234767779969, -11.88379308764559106, 5.700000000000000178 ) ) ;
#5246 = EDGE_CURVE ( 'NONE', #6359, #11542, #1273, .T. ) ;
#5247 = CARTESIAN_POINT ( 'NONE',  ( -10.39816519068723899, -32.64920397968453614, 6.070005953438200486 ) ) ;
#5248 = EDGE_CURVE ( 'NONE', #5684, #5575, #7260, .T. ) ;
#5249 = FACE_OUTER_BOUND ( 'NONE', #4255, .T. ) ;
#5250 = ORIENTED_EDGE ( 'NONE', *, *, #1499, .F. ) ;
#5251 = EDGE_CURVE ( 'NONE', #3311, #4700, #1785, .T. ) ;
#5252 = CARTESIAN_POINT ( 'NONE',  ( 26.64689772753528985, -19.39069158978175977, 5.700000000000000178 ) ) ;
#5253 = ADVANCED_FACE ( 'NONE', ( #9778 ), #5049, .T. ) ;
#5254 = CARTESIAN_POINT ( 'NONE',  ( 30.49999999999997868, -28.29278383102051109, 21.28750090350188984 ) ) ;
#5255 = ORIENTED_EDGE ( 'NONE', *, *, #1334, .T. ) ;
#5256 = CARTESIAN_POINT ( 'NONE',  ( 27.28294234767821536, 18.90955557852278091, 4.000000000000000000 ) ) ;
#5257 = CARTESIAN_POINT ( 'NONE',  ( 26.49471312213959351, -37.00000000000000000, 0.5750164954576751919 ) ) ;
#5258 = CARTESIAN_POINT ( 'NONE',  ( -15.93080302705038065, -24.24759196489424440, 6.000000000000000000 ) ) ;
#5259 = EDGE_LOOP ( 'NONE', ( #7553, #170, #7769, #7598 ) ) ;
#5260 = CARTESIAN_POINT ( 'NONE',  ( -33.99999999999997868, -28.00000000000000000, 21.14523135337576676 ) ) ;
#5261 = DIRECTION ( 'NONE',  ( 0.000000000000000000, 0.000000000000000000, -1.000000000000000000 ) ) ;
#5262 = ORIENTED_EDGE ( 'NONE', *, *, #380, .F. ) ;
#5263 = EDGE_CURVE ( 'NONE', #2370, #8539, #145, .T. ) ;
#5264 = CARTESIAN_POINT ( 'NONE',  ( 0.000000000000000000, 31.00000000000000711, 5.500000000000000000 ) ) ;
#5265 = ORIENTED_EDGE ( 'NONE', *, *, #5839, .T. ) ;
#5266 = CARTESIAN_POINT ( 'NONE',  ( 30.00000000000001776, -37.49999999999999289, 1.000000000000000000 ) ) ;
#5267 = CARTESIAN_POINT ( 'NONE',  ( -26.84065101359200867, -36.64343016351350713, 2.111653137504969956E-15 ) ) ;
#5268 = VERTEX_POINT ( 'NONE', #4340 ) ;
#5269 = ORIENTED_EDGE ( 'NONE', *, *, #11370, .T. ) ;
#5270 = CYLINDRICAL_SURFACE ( 'NONE', #9495, 0.5000000000000004441 ) ;
#5271 = ORIENTED_EDGE ( 'NONE', *, *, #6467, .F. ) ;
#5272 = CYLINDRICAL_SURFACE ( 'NONE', #11527, 0.5000000000000004441 ) ;
#5273 = DIRECTION ( 'NONE',  ( -0.9845927652208352754, 0.000000000000000000, 0.1748630511994721526 ) ) ;
#5274 = ORIENTED_EDGE ( 'NONE', *, *, #2349, .T. ) ;
#5275 = CARTESIAN_POINT ( 'NONE',  ( -19.75720790422250417, -32.44733562835639162, 5.980347557201629805 ) ) ;
#5276 = CARTESIAN_POINT ( 'NONE',  ( -30.42895400672588480, 3.535979848378483226, 5.999999999999713118 ) ) ;
#5277 = CARTESIAN_POINT ( 'NONE',  ( 30.38055224267439058, 9.063590153913274605, 0.8270416887236398118 ) ) ;
#5278 = VERTEX_POINT ( 'NONE', #6183 ) ;
#5279 = LINE ( 'NONE', #8040, #5744 ) ;
#5280 =( BOUNDED_CURVE ( )  B_SPLINE_CURVE ( 3, ( #2063, #9576, #1282, #6647 ),
 .UNSPECIFIED., .F., .F. ) 
 B_SPLINE_CURVE_WITH_KNOTS ( ( 4, 4 ),
 ( 4.712388980384689674, 6.023529727162254765 ),
 .UNSPECIFIED. ) 
 CURVE ( )  GEOMETRIC_REPRESENTATION_ITEM ( )  RATIONAL_B_SPLINE_CURVE ( ( 1.000000000000000000, 0.8618002339327326400, 0.8618002339327326400, 1.000000000000000000 ) ) 
 REPRESENTATION_ITEM ( '' )  );
#5281 = ORIENTED_EDGE ( 'NONE', *, *, #4084, .T. ) ;
#5282 = CARTESIAN_POINT ( 'NONE',  ( 30.50000000000000711, 8.468626963263396590, 4.769016866547351796 ) ) ;
#5283 = ORIENTED_EDGE ( 'NONE', *, *, #2408, .T. ) ;
#5284 = FACE_OUTER_BOUND ( 'NONE', #10022, .T. ) ;
#5285 = DIRECTION ( 'NONE',  ( 0.000000000000000000, 0.000000000000000000, -1.000000000000000000 ) ) ;
#5286 = CARTESIAN_POINT ( 'NONE',  ( 31.49999999999997868, -16.10783521469172541, 15.36658938351599524 ) ) ;
#5287 = CARTESIAN_POINT ( 'NONE',  ( 25.50000000000000355, 31.00000000000000711, 0.5000000000000004441 ) ) ;
#5288 = ORIENTED_EDGE ( 'NONE', *, *, #3989, .T. ) ;
#5289 = CARTESIAN_POINT ( 'NONE',  ( 30.91399482062600512, -29.50000000000000000, 49.00000000000000000 ) ) ;
#5290 = DIRECTION ( 'NONE',  ( 1.000000000000000000, 0.000000000000000000, -0.000000000000000000 ) ) ;
#5291 = CYLINDRICAL_SURFACE ( 'NONE', #10635, 2.599999999999998312 ) ;
#5292 = AXIS2_PLACEMENT_3D ( 'NONE', #7634, #11276, #1307 ) ;
#5293 = DIRECTION ( 'NONE',  ( -1.000000000000000000, 0.000000000000000000, 0.000000000000000000 ) ) ;
#5294 = CARTESIAN_POINT ( 'NONE',  ( 27.28294234767779614, 11.88379308764553244, 4.000000000000000000 ) ) ;
#5295 = ORIENTED_EDGE ( 'NONE', *, *, #2050, .T. ) ;
#5296 = CARTESIAN_POINT ( 'NONE',  ( 30.36769272179242307, -28.10301967916150190, 22.28909803235630349 ) ) ;
#5297 = CYLINDRICAL_SURFACE ( 'NONE', #429, 1.000000000000000888 ) ;
#5298 = DIRECTION ( 'NONE',  ( -0.000000000000000000, -0.000000000000000000, 1.000000000000000000 ) ) ;
#5299 = CARTESIAN_POINT ( 'NONE',  ( -19.50000000000000355, -37.00000000000000000, 3.849061764037873636E-15 ) ) ;
#5300 = VERTEX_POINT ( 'NONE', #7988 ) ;
#5301 = CARTESIAN_POINT ( 'NONE',  ( 31.50000000000001421, 8.468626966596882966, 1.500000000000003109 ) ) ;
#5302 = AXIS2_PLACEMENT_3D ( 'NONE', #10269, #10159, #3887 ) ;
#5303 = DIRECTION ( 'NONE',  ( 1.000000000000000000, 0.000000000000000000, 0.000000000000000000 ) ) ;
#5304 = ADVANCED_FACE ( 'NONE', ( #6004 ), #1534, .F. ) ;
#5305 = ORIENTED_EDGE ( 'NONE', *, *, #11113, .F. ) ;
#5306 = EDGE_CURVE ( 'NONE', #4746, #7534, #8079, .T. ) ;
#5307 = CARTESIAN_POINT ( 'NONE',  ( 32.99999999999997868, -11.01986028694750708, 12.89424006866458505 ) ) ;
#5308 = LINE ( 'NONE', #8075, #2181 ) ;
#5309 = LINE ( 'NONE', #10106, #9769 ) ;
#5310 = ORIENTED_EDGE ( 'NONE', *, *, #1262, .T. ) ;
#5311 = EDGE_CURVE ( 'NONE', #5652, #10651, #767, .T. ) ;
#5312 = AXIS2_PLACEMENT_3D ( 'NONE', #1661, #9067, #2623 ) ;
#5313 = B_SPLINE_CURVE_WITH_KNOTS ( 'NONE', 3,
 ( #4999, #3339, #1371, #3276, #11573, #11456 ),
 .UNSPECIFIED., .F., .F.,
 ( 4, 2, 4 ),
 ( 0.000000000000000000, 0.002452399466645763769, 0.004904798933291527538 ),
 .UNSPECIFIED. ) ;
#5314 = DIRECTION ( 'NONE',  ( 0.000000000000000000, 0.000000000000000000, -1.000000000000000000 ) ) ;
#5315 = ORIENTED_EDGE ( 'NONE', *, *, #2200, .F. ) ;
#5316 = ORIENTED_EDGE ( 'NONE', *, *, #5996, .T. ) ;
#5317 = CARTESIAN_POINT ( 'NONE',  ( -11.88379308764716136, 27.28294234767709270, 5.700000000000000178 ) ) ;
#5318 = DIRECTION ( 'NONE',  ( 0.000000000000000000, 0.000000000000000000, 1.000000000000000000 ) ) ;
#5319 = AXIS2_PLACEMENT_3D ( 'NONE', #3223, #5963, #5065 ) ;
#5320 = VERTEX_POINT ( 'NONE', #11624 ) ;
#5321 = ORIENTED_EDGE ( 'NONE', *, *, #6584, .T. ) ;
#5322 = DIRECTION ( 'NONE',  ( 0.000000000000000000, 0.000000000000000000, 1.000000000000000000 ) ) ;
#5323 = VERTEX_POINT ( 'NONE', #3263 ) ;
#5324 = ADVANCED_FACE ( 'NONE', ( #1598 ), #6904, .F. ) ;
#5325 = EDGE_CURVE ( 'NONE', #876, #9125, #11508, .T. ) ;
#5326 = CARTESIAN_POINT ( 'NONE',  ( 44.20000000000001705, -37.29999999999999005, 40.50000000000000000 ) ) ;
#5327 = EDGE_CURVE ( 'NONE', #7540, #6478, #8050, .T. ) ;
#5328 = DIRECTION ( 'NONE',  ( -5.064886061246151462E-17, -1.000000000000000000, 0.000000000000000000 ) ) ;
#5329 = ORIENTED_EDGE ( 'NONE', *, *, #4376, .F. ) ;
#5330 = DIRECTION ( 'NONE',  ( -0.000000000000000000, 1.000000000000000000, 0.000000000000000000 ) ) ;
#5331 = CARTESIAN_POINT ( 'NONE',  ( -30.57408524378734072, 3.541527687397256319, 6.303748656948903850 ) ) ;
#5332 = LINE ( 'NONE', #517, #6115 ) ;
#5333 = ORIENTED_EDGE ( 'NONE', *, *, #9497, .F. ) ;
#5334 = DIRECTION ( 'NONE',  ( -0.000000000000000000, -0.000000000000000000, 1.000000000000000000 ) ) ;
#5335 = CIRCLE ( 'NONE', #9540, 3.200000000000001510 ) ;
#5336 = ORIENTED_EDGE ( 'NONE', *, *, #4972, .F. ) ;
#5337 = VECTOR ( 'NONE', #8721, 1000.000000000000000 ) ;
#5338 = ORIENTED_EDGE ( 'NONE', *, *, #2012, .F. ) ;
#5339 = EDGE_CURVE ( 'NONE', #9408, #8323, #5757, .T. ) ;
#5340 = CIRCLE ( 'NONE', #9160, 0.3000000000000015432 ) ;
#5341 = CARTESIAN_POINT ( 'NONE',  ( 31.38072196816632697, 7.475749324720143640, 4.579208685135250256 ) ) ;
#5342 = ORIENTED_EDGE ( 'NONE', *, *, #8414, .F. ) ;
#5343 = CARTESIAN_POINT ( 'NONE',  ( -21.95126265846939617, -24.74873734153059246, 6.000000000000000000 ) ) ;
#5344 = CARTESIAN_POINT ( 'NONE',  ( 27.04775779477855835, -36.49999999999999289, 0.000000000000000000 ) ) ;
#5346 = LINE ( 'NONE', #5517, #9786 ) ;
#5345 = TOROIDAL_SURFACE ( 'NONE', #7452, 9.500000000000000000, 0.5000000000000000000 ) ;
#5348 = DIRECTION ( 'NONE',  ( 1.000000000000000000, 0.000000000000000000, 0.000000000000000000 ) ) ;
#5347 =( BOUNDED_SURFACE ( )  B_SPLINE_SURFACE ( 3, 2, ( 
 ( #2216, #7325, #10961 ),
 ( #2790, #10064, #9156 ),
 ( #11013, #2837, #7763 ),
 ( #1492, #8838, #10749 ),
 ( #9799, #4121, #5119 ),
 ( #3398, #5061, #7887 ),
 ( #602, #3280, #9618 ),
 ( #6201, #3465, #8771 ),
 ( #4240, #6924, #4302 ),
 ( #1614, #4176, #11461 ) ),
 .UNSPECIFIED., .F., .F., .F. ) 
 B_SPLINE_SURFACE_WITH_KNOTS ( ( 4, 2, 2, 2, 4 ),
 ( 3, 3 ),
 ( 0.000000000000000000, 0.3926990816987241395, 0.7853981633974482790, 1.178097245096172418, 1.570796326794896558 ),
 ( 0.000000000000000000, 1.000000000000000000 ),
 .UNSPECIFIED. ) 
 GEOMETRIC_REPRESENTATION_ITEM ( )  RATIONAL_B_SPLINE_SURFACE ( (
 ( 1.000000000000000000, 0.8476596432231336964, 1.000000000000000000),
 ( 1.000000000000000000, 0.8476684198562426387, 1.000000000000000000),
 ( 1.000000000000000000, 0.8443233278161936806, 1.000000000000000000),
 ( 1.000000000000000000, 0.8312571724151731622, 1.000000000000000000),
 ( 1.000000000000000000, 0.8215259952604013760, 1.000000000000000000),
 ( 1.000000000000000000, 0.7965244763605764389, 1.000000000000000000),
 ( 1.000000000000000000, 0.7812512091449222984, 1.000000000000000000),
 ( 1.000000000000000000, 0.7466579674258563282, 1.000000000000000000),
 ( 1.000000000000000000, 0.7273464718637454585, 1.000000000000000000),
 ( 1.000000000000000000, 0.7071067811865500152, 1.000000000000000000) ) ) 
 REPRESENTATION_ITEM ( '' )  SURFACE ( )  );
#5349 = ORIENTED_EDGE ( 'NONE', *, *, #10707, .F. ) ;
#5350 = CIRCLE ( 'NONE', #2305, 3.500000000000003109 ) ;
#5351 = DIRECTION ( 'NONE',  ( -0.000000000000000000, -0.000000000000000000, 1.000000000000000000 ) ) ;
#5352 = CARTESIAN_POINT ( 'NONE',  ( 3.244874193390045125, -32.79999999999999716, 6.475629962069108458 ) ) ;
#5353 = TOROIDAL_SURFACE ( 'NONE', #11082, 9.000000000000001776, 1.000000000000000000 ) ;
#5354 = CARTESIAN_POINT ( 'NONE',  ( 30.42911667877177351, 6.211695770868177924, 6.000000000000000000 ) ) ;
#5355 = AXIS2_PLACEMENT_3D ( 'NONE', #2465, #10522, #7290 ) ;
#5356 = AXIS2_PLACEMENT_3D ( 'NONE', #6679, #5833, #2095 ) ;
#5357 = CYLINDRICAL_SURFACE ( 'NONE', #9116, 27.00000000000000000 ) ;
#5358 = FACE_OUTER_BOUND ( 'NONE', #4467, .T. ) ;
#5359 = DIRECTION ( 'NONE',  ( -1.000000000000000000, 0.000000000000000000, 0.000000000000000000 ) ) ;
#5360 = ORIENTED_EDGE ( 'NONE', *, *, #4395, .F. ) ;
#5361 = DIRECTION ( 'NONE',  ( -0.000000000000000000, 1.000000000000000000, 0.000000000000000000 ) ) ;
#5362 = CARTESIAN_POINT ( 'NONE',  ( -29.99999999999997868, 2.139175515927372651, 6.000000000000000000 ) ) ;
#5363 = SHAPE_DEFINITION_REPRESENTATION ( #7722, #5800 ) ;
#5364 = CARTESIAN_POINT ( 'NONE',  ( -45.00000000000000000, -29.50000000000000000, 45.00000000000000711 ) ) ;
#5365 = EDGE_LOOP ( 'NONE', ( #885, #6908, #975, #4567 ) ) ;
#5366 = AXIS2_PLACEMENT_3D ( 'NONE', #11444, #10323, #11337 ) ;
#5367 = CARTESIAN_POINT ( 'NONE',  ( 30.53223311979681043, 4.788067381146621670, 6.000000000000000000 ) ) ;
#5368 = CARTESIAN_POINT ( 'NONE',  ( 40.00000000000000711, -28.49999999999999645, 10.50000000000000711 ) ) ;
#5369 = TOROIDAL_SURFACE ( 'NONE', #11679, 0.5000000000000000000, 0.5000000000000000000 ) ;
#5370 = ORIENTED_EDGE ( 'NONE', *, *, #7685, .T. ) ;
#5371 = DIRECTION ( 'NONE',  ( 0.000000000000000000, 0.000000000000000000, -1.000000000000000000 ) ) ;
#5372 = CIRCLE ( 'NONE', #254, 0.9999999999999998890 ) ;
#5373 = DIRECTION ( 'NONE',  ( -0.000000000000000000, -0.000000000000000000, 1.000000000000000000 ) ) ;
#5374 = ORIENTED_EDGE ( 'NONE', *, *, #671, .T. ) ;
#5375 = DIRECTION ( 'NONE',  ( -1.000000000000000000, -1.137523590804463822E-16, 0.000000000000000000 ) ) ;
#5376 = CARTESIAN_POINT ( 'NONE',  ( -25.25000000000000355, 0.000000000000000000, 0.5000000000000004441 ) ) ;
#5377 = ORIENTED_EDGE ( 'NONE', *, *, #6340, .T. ) ;
#5378 = TOROIDAL_SURFACE ( 'NONE', #6902, 27.54471522829317109, 0.2999999999999999889 ) ;
#5379 = CIRCLE ( 'NONE', #4234, 5.000000000000000888 ) ;
#5380 = EDGE_CURVE ( 'NONE', #8376, #1377, #641, .T. ) ;
#5381 = EDGE_LOOP ( 'NONE', ( #9824, #10893 ) ) ;
#5382 = AXIS2_PLACEMENT_3D ( 'NONE', #11661, #7911, #11417 ) ;
#5383 = DIRECTION ( 'NONE',  ( -1.000000000000000000, 0.000000000000000000, 0.000000000000000000 ) ) ;
#5384 = CARTESIAN_POINT ( 'NONE',  ( 41.00000000000000711, -28.69999999999999574, 14.00000000000000178 ) ) ;
#5385 = ORIENTED_EDGE ( 'NONE', *, *, #10969, .T. ) ;
#5386 = CIRCLE ( 'NONE', #7687, 0.7999999999999986011 ) ;
#5387 = ORIENTED_EDGE ( 'NONE', *, *, #1888, .F. ) ;
#5388 = AXIS2_PLACEMENT_3D ( 'NONE', #10854, #6248, #4585 ) ;
#5389 = CARTESIAN_POINT ( 'NONE',  ( 32.99999999999997868, -13.12679400932128182, 15.02985011956905659 ) ) ;
#5390 = CARTESIAN_POINT ( 'NONE',  ( 26.56527095544952033, -19.67937319653712080, 5.700000000000000178 ) ) ;
#5391 = ORIENTED_EDGE ( 'NONE', *, *, #5964, .F. ) ;
#5392 = CARTESIAN_POINT ( 'NONE',  ( 30.49460037870445106, -28.50539558988360156, 21.37122379935465233 ) ) ;
#5393 = CIRCLE ( 'NONE', #2353, 1.484090461570473307 ) ;
#5394 = ORIENTED_EDGE ( 'NONE', *, *, #3953, .T. ) ;
#5395 = CARTESIAN_POINT ( 'NONE',  ( -19.41037548043715333, -32.64920397968455745, 6.070005953438182722 ) ) ;
#5396 = DIRECTION ( 'NONE',  ( 1.000000000000000000, 0.000000000000000000, 0.000000000000000000 ) ) ;
#5397 = CARTESIAN_POINT ( 'NONE',  ( -19.38788832953877161, -28.78656673694207413, 5.700000000000000178 ) ) ;
#5398 = ORIENTED_EDGE ( 'NONE', *, *, #6895, .F. ) ;
#5399 = CARTESIAN_POINT ( 'NONE',  ( -26.50237886973069479, -33.66907670854497070, 50.00000000000000000 ) ) ;
#5400 = EDGE_CURVE ( 'NONE', #10763, #7426, #9985, .T. ) ;
#5401 = EDGE_CURVE ( 'NONE', #800, #3163, #7088, .T. ) ;
#5402 = ORIENTED_EDGE ( 'NONE', *, *, #4248, .F. ) ;
#5403 = ORIENTED_EDGE ( 'NONE', *, *, #11446, .F. ) ;
#5404 = CARTESIAN_POINT ( 'NONE',  ( 30.50000000000001421, 7.310599156099902629, 6.210718465498666241 ) ) ;
#5405 = VERTEX_POINT ( 'NONE', #8817 ) ;
#5406 = CARTESIAN_POINT ( 'NONE',  ( 30.00000000000001776, -36.49999999999999289, 0.000000000000000000 ) ) ;
#5407 = CARTESIAN_POINT ( 'NONE',  ( -30.62089790435199887, 7.256268057522263781, 5.703645269551476993 ) ) ;
#5408 = AXIS2_PLACEMENT_3D ( 'NONE', #4986, #5938, #3936 ) ;
#5409 = CARTESIAN_POINT ( 'NONE',  ( 37.62492767460212661, -37.29999999999999005, 49.89999999999999858 ) ) ;
#5410 = CARTESIAN_POINT ( 'NONE',  ( 25.00000000000001421, -33.79999999999999716, 44.00000000000000711 ) ) ;
#5411 = VERTEX_POINT ( 'NONE', #5166 ) ;
#5412 = DIRECTION ( 'NONE',  ( -0.000000000000000000, -0.000000000000000000, -1.000000000000000000 ) ) ;
#5413 = EDGE_CURVE ( 'NONE', #7389, #6618, #5202, .T. ) ;
#5414 = DIRECTION ( 'NONE',  ( 0.000000000000000000, 0.000000000000000000, -1.000000000000000000 ) ) ;
#5415 = EDGE_CURVE ( 'NONE', #5934, #5684, #1982, .T. ) ;
#5416 = DIRECTION ( 'NONE',  ( 0.000000000000000000, 0.000000000000000000, 1.000000000000000000 ) ) ;
#5417 = CARTESIAN_POINT ( 'NONE',  ( -19.96629138838773443, -32.29999999999999716, 6.500000000000000888 ) ) ;
#5418 = CARTESIAN_POINT ( 'NONE',  ( 30.52455951293703507, 7.776475729074738830, 5.577386778744915397 ) ) ;
#5419 = DIRECTION ( 'NONE',  ( -1.000000000000000000, 0.000000000000000000, 0.000000000000000000 ) ) ;
#5420 = ORIENTED_EDGE ( 'NONE', *, *, #5521, .F. ) ;
#5421 = DIRECTION ( 'NONE',  ( 0.000000000000000000, -1.000000000000000000, 1.204669080539449344E-16 ) ) ;
#5422 = CARTESIAN_POINT ( 'NONE',  ( 30.91399482062600512, -28.49999999999999645, 22.68041234772800507 ) ) ;
#5423 = CARTESIAN_POINT ( 'NONE',  ( -21.82807647900964554, -18.53459485037747356, 5.700000000000000178 ) ) ;
#5424 = CARTESIAN_POINT ( 'NONE',  ( 21.36605083265882854, -18.03603898744441381, 5.700000000000000178 ) ) ;
#5425 = ORIENTED_EDGE ( 'NONE', *, *, #4531, .T. ) ;
#5426 = AXIS2_PLACEMENT_3D ( 'NONE', #5696, #10089, #7396 ) ;
#5427 = CARTESIAN_POINT ( 'NONE',  ( 31.49999999999997868, 7.500000000000001776, 5.006876193646772499 ) ) ;
#5428 = DIRECTION ( 'NONE',  ( -1.000000000000000000, 0.000000000000000000, 0.000000000000000000 ) ) ;
#5429 = EDGE_LOOP ( 'NONE', ( #1446, #4876, #10426, #6335, #10588 ) ) ;
#5430 = CYLINDRICAL_SURFACE ( 'NONE', #10496, 1.000000000000000888 ) ;
#5431 = CYLINDRICAL_SURFACE ( 'NONE', #295, 0.5000000000000004441 ) ;
#5432 = CARTESIAN_POINT ( 'NONE',  ( 0.000000000000000000, 0.000000000000000000, 4.000000000000000000 ) ) ;
#5433 = ORIENTED_EDGE ( 'NONE', *, *, #152, .F. ) ;
#5434 = DIRECTION ( 'NONE',  ( 1.000000000000000000, 0.000000000000000000, 0.000000000000000000 ) ) ;
#5435 = CARTESIAN_POINT ( 'NONE',  ( 9.557889733366302210, -32.79999999999999716, 6.500000000000000888 ) ) ;
#5436 = ORIENTED_EDGE ( 'NONE', *, *, #4221, .F. ) ;
#5437 = ORIENTED_EDGE ( 'NONE', *, *, #7166, .F. ) ;
#5438 = CARTESIAN_POINT ( 'NONE',  ( -30.46670717423938157, 7.452558468005587855, 5.999999999999997335 ) ) ;
#5439 = CARTESIAN_POINT ( 'NONE',  ( -26.34065101359200867, -37.00000000000000000, 49.79289321881346098 ) ) ;
#5440 = ORIENTED_EDGE ( 'NONE', *, *, #4076, .T. ) ;
#5441 = ADVANCED_FACE ( 'NONE', ( #1843 ), #2916, .F. ) ;
#5442 = ORIENTED_EDGE ( 'NONE', *, *, #4315, .F. ) ;
#5443 = CARTESIAN_POINT ( 'NONE',  ( -22.15126265846939546, -24.74873734153059246, 5.799999999999999822 ) ) ;
#5444 = ORIENTED_EDGE ( 'NONE', *, *, #3358, .T. ) ;
#5445 = DIRECTION ( 'NONE',  ( 0.000000000000000000, 0.000000000000000000, -1.000000000000000000 ) ) ;
#5446 = ORIENTED_EDGE ( 'NONE', *, *, #6094, .F. ) ;
#5447 = DIRECTION ( 'NONE',  ( 0.000000000000000000, 0.000000000000000000, 1.000000000000000000 ) ) ;
#5448 = CARTESIAN_POINT ( 'NONE',  ( 19.27881548787254573, 25.00198839180540489, 6.000000000000000888 ) ) ;
#5449 = CARTESIAN_POINT ( 'NONE',  ( 9.000000000000012434, -32.79999999999999716, 27.00000000000000355 ) ) ;
#5450 = VERTEX_POINT ( 'NONE', #9060 ) ;
#5451 = CARTESIAN_POINT ( 'NONE',  ( -26.33034351535732398, -33.12260388409114142, 49.75127986369933097 ) ) ;
#5452 = EDGE_CURVE ( 'NONE', #7546, #11490, #5346, .T. ) ;
#5453 = ADVANCED_FACE ( 'NONE', ( #3801 ), #11088, .F. ) ;
#5454 = EDGE_LOOP ( 'NONE', ( #8848, #8528, #2345, #4898, #5023 ) ) ;
#5455 = EDGE_CURVE ( 'NONE', #7416, #6650, #4947, .T. ) ;
#5456 = ADVANCED_FACE ( 'NONE', ( #1073 ), #2674, .F. ) ;
#5457 = DIRECTION ( 'NONE',  ( 1.137523590804463822E-16, -1.000000000000000000, -0.000000000000000000 ) ) ;
#5458 = VERTEX_POINT ( 'NONE', #4698 ) ;
#5459 = DIRECTION ( 'NONE',  ( -0.000000000000000000, 0.000000000000000000, -1.000000000000000000 ) ) ;
#5460 = EDGE_CURVE ( 'NONE', #3709, #7385, #3503, .T. ) ;
#5461 = CARTESIAN_POINT ( 'NONE',  ( -31.34570078321225139, -28.49999999999999645, 22.49999999998221867 ) ) ;
#5462 = FACE_OUTER_BOUND ( 'NONE', #7985, .T. ) ;
#5463 = B_SPLINE_CURVE_WITH_KNOTS ( 'NONE', 3,
 ( #9878, #5267, #2357, #9752, #1576, #11599, #8859, #4322 ),
 .UNSPECIFIED., .F., .F.,
 ( 4, 2, 2, 4 ),
 ( 1.403493820338147994E-17, 0.0004239174391284378771, 0.0006358761586926561923, 0.0008478348782568746701 ),
 .UNSPECIFIED. ) ;
#5464 = CARTESIAN_POINT ( 'NONE',  ( -32.99999999999997868, -29.50000000000000000, 0.5000000000000074385 ) ) ;
#5465 = ORIENTED_EDGE ( 'NONE', *, *, #7671, .T. ) ;
#5466 = CARTESIAN_POINT ( 'NONE',  ( -31.49999999999997868, 7.310599156100384022, 6.210718465498431762 ) ) ;
#5467 = FACE_OUTER_BOUND ( 'NONE', #1177, .T. ) ;
#5468 = CARTESIAN_POINT ( 'NONE',  ( 30.22500549483233812, 6.965246764199698681, 6.000000000000000000 ) ) ;
#5469 = CARTESIAN_POINT ( 'NONE',  ( 18.60168694399053635, 22.70891192219750465, 5.700000000000000178 ) ) ;
#5470 = ADVANCED_FACE ( 'NONE', ( #5462 ), #5006, .T. ) ;
#5471 = EDGE_CURVE ( 'NONE', #9671, #11519, #10027, .T. ) ;
#5472 = CARTESIAN_POINT ( 'NONE',  ( 25.06428924022599958, -18.98518637943373832, 5.699999999999999289 ) ) ;
#5473 = CARTESIAN_POINT ( 'NONE',  ( 19.40955557852439384, 26.78294234767708915, 4.000000000000000000 ) ) ;
#5474 = ORIENTED_EDGE ( 'NONE', *, *, #5028, .F. ) ;
#5475 = ADVANCED_FACE ( 'NONE', ( #8163 ), #8113, .F. ) ;
#5476 = CARTESIAN_POINT ( 'NONE',  ( -18.65870338896480263, 23.45746667546254116, 5.700000000000000178 ) ) ;
#5477 = EDGE_CURVE ( 'NONE', #4010, #3179, #11531, .T. ) ;
#5478 = CARTESIAN_POINT ( 'NONE',  ( -31.42821024318875800, 5.435063559286933632, 6.008494866608699247 ) ) ;
#5479 = DIRECTION ( 'NONE',  ( -1.000000000000000000, -1.137523590804463822E-16, 0.000000000000000000 ) ) ;
#5480 = DIRECTION ( 'NONE',  ( -0.000000000000000000, -0.000000000000000000, 1.000000000000000000 ) ) ;
#5481 = ORIENTED_EDGE ( 'NONE', *, *, #9691, .F. ) ;
#5482 = CARTESIAN_POINT ( 'NONE',  ( -30.51612360056784468, -28.30769996194548810, 21.49359563289227282 ) ) ;
#5483 = CARTESIAN_POINT ( 'NONE',  ( 30.11112786568062205, 3.636890160762487945, 6.000000000000000000 ) ) ;
#5484 = CARTESIAN_POINT ( 'NONE',  ( 19.50000000000001421, -36.50000000000000000, 44.00000000000000711 ) ) ;
#5485 = CIRCLE ( 'NONE', #5292, 27.54471522829317465 ) ;
#5486 = VERTEX_POINT ( 'NONE', #10911 ) ;
#5487 = CARTESIAN_POINT ( 'NONE',  ( -19.29508843714771515, -31.55872636749531424, 6.000000000000000000 ) ) ;
#5488 = DIRECTION ( 'NONE',  ( -0.000000000000000000, -0.000000000000000000, 1.000000000000000000 ) ) ;
#5489 = DIRECTION ( 'NONE',  ( 0.000000000000000000, -0.000000000000000000, -1.000000000000000000 ) ) ;
#5490 = VERTEX_POINT ( 'NONE', #8222 ) ;
#5491 = CARTESIAN_POINT ( 'NONE',  ( 22.61091885405204138, -18.89509193117356389, 6.000000000000000888 ) ) ;
#5492 = VECTOR ( 'NONE', #4681, 999.9999999999998863 ) ;
#5493 = CARTESIAN_POINT ( 'NONE',  ( 34.00000000019528557, -28.49999999980502352, 1.437244406001266794 ) ) ;
#5494 = ORIENTED_EDGE ( 'NONE', *, *, #6562, .F. ) ;
#5495 = CLOSED_SHELL ( 'NONE', ( #2334, #10568, #7720, #9217, #10234, #11470, #7221, #299, #7163, #2277, #6563, #11443, #7377, #576, #901, #11301, #5987, #8322, #5620, #7936, #8334, #9770, #10001, #2638, #9792, #3513, #6425, #5968, #6486, #2554, #9945, #11602, #9641, #2184, #7457, #3921, #4473, #8962, #9073, #982, #6364, #9571, #8472, #4097, #8843, #11215, #1704, #11741, #5456, #6682, #9569, #9650, #3803, #8338, #11754, #5174, #4893, #6207, #10143, #5111, #2862, #11100, #2113, #6489, #301, #11025, #5811, #4685, #364, #10296, #4454, #11710, #5441, #11768, #9696, #11237, #9639, #3515, #10592, #799, #8970, #8735, #7602, #2350, #838, #1683, #5475, #9604, #2555, #11322, #11617, #5545, #6723, #9767, #9323, #2652, #3933, #10298, #9546, #2994, #2722, #10452, #3786, #4329, #2482, #11075, #2276, #5612, #11163, #1631, #948, #11690, #9485, #1368, #823, #6345, #9294, #10587, #3893, #4840, #3050, #6121, #7366, #11008, #3488, #9283, #7960, #2636, #2137, #1901, #1619, #226, #11585, #382, #8111, #8585, #7753, #4225, #3740, #9293, #1259, #10656, #7795, #4756, #7320, #1383, #5453, #10521, #7393, #10000, #11012, #2775, #6641, #967, #3011, #1369, #6292, #498, #8600, #7381, #8678, #10952, #4683, #2778, #8904, #7627, #5304, #2866, #11180, #2571, #752, #10231, #3001, #1830, #7566, #1997, #4738, #6794, #7871, #3938, #1393, #3509, #3806, #7458, #1756, #4355, #10667, #2846, #8827, #10655, #750, #4173, #5966, #8919, #2494, #164, #4475, #7460, #9186, #3209, #7864, #11427, #4006, #11044, #7323, #1024, #325, #11539, #11011, #2400, #5081, #4958, #6097, #33, #7590, #8704, #3415, #11216, #8737, #7004, #3454, #8018, #10745, #6052, #2631, #10209, #10088, #5682, #2258, #9190, #8186, #4599, #9353, #5524, #11098, #3726, #9788, #1930, #6594, #10423, #1887, #1129, #4742, #1548, #6114, #5253, #8216, #5324, #3895, #245, #4664, #4111, #11604, #6322, #1060, #6698, #9410, #4529, #5229, #230, #11115, #9046, #883, #6119, #9680, #4956, #10967, #10311, #4079, #10599, #3126, #11, #11028, #1472, #6269, #10226, #3739, #1483, #2327, #2615, #11677, #11324, #5826, #3372, #10376, #3788, #8901, #6468, #3154, #4244, #7952, #4743, #4933, #6765, #11520, #9568, #8471, #1767, #5868, #10654, #11693, #2401, #363, #7111, #11471, #9062, #9942, #345, #5617, #8988, #7077, #2941, #1531, #8752, #951, #3937, #11742, #6411, #655, #9120, #2998, #11305, #248, #326, #7585, #6582, #10164, #1174, #3122, #10705, #7950, #9651, #7973, #10788, #31, #381, #8552, #4941, #10435, #7894, #1918, #6699, #2202, #11092, #105, #4866, #8201, #11543, #3817, #9483, #1831, #1903, #3874, #8602, #886, #1386, #9861, #9585, #1983, #11285, #5470, #9771, #3870, #8054, #2955, #9213, #519, #4455, #1104, #3068, #11117, #905, #1318, #10877, #7651 ) ) ;
#5496 = EDGE_LOOP ( 'NONE', ( #3186, #6946, #926, #7923, #628 ) ) ;
#5497 = FACE_OUTER_BOUND ( 'NONE', #3957, .T. ) ;
#5498 = DIRECTION ( 'NONE',  ( 0.000000000000000000, 1.000000000000000000, -0.000000000000000000 ) ) ;
#5499 = VERTEX_POINT ( 'NONE', #6476 ) ;
#5500 = AXIS2_PLACEMENT_3D ( 'NONE', #10981, #5414, #4409 ) ;
#5501 = EDGE_LOOP ( 'NONE', ( #115, #7511, #4251, #7288 ) ) ;
#5502 = CARTESIAN_POINT ( 'NONE',  ( -9.657258698757935633, -32.36372259869406065, 5.975081143465956757 ) ) ;
#5503 = CARTESIAN_POINT ( 'NONE',  ( 18.82420381523434472, -23.72709151477141987, 6.000000000000000000 ) ) ;
#5504 = EDGE_LOOP ( 'NONE', ( #5673, #1727, #1925, #4682, #2666, #4101, #10189 ) ) ;
#5505 = CARTESIAN_POINT ( 'NONE',  ( -24.75126265847086771, 24.75126265846941820, 5.799999999999999822 ) ) ;
#5506 = CARTESIAN_POINT ( 'NONE',  ( 31.10932988041733083, -28.20116070374750805, 22.26643338004471318 ) ) ;
#5507 = CARTESIAN_POINT ( 'NONE',  ( -18.81428159935600775, -24.36962132035665718, 6.000000000000000000 ) ) ;
#5508 = ORIENTED_EDGE ( 'NONE', *, *, #1411, .F. ) ;
#5509 = AXIS2_PLACEMENT_3D ( 'NONE', #5979, #11484, #7132 ) ;
#5510 = DIRECTION ( 'NONE',  ( -1.000000000000000000, 0.000000000000000000, -0.000000000000000000 ) ) ;
#5511 = VERTEX_POINT ( 'NONE', #60 ) ;
#5512 = AXIS2_PLACEMENT_3D ( 'NONE', #9558, #11353, #430 ) ;
#5513 = CARTESIAN_POINT ( 'NONE',  ( -26.64689772752948116, -19.39069158978011842, 5.700000000000000178 ) ) ;
#5514 = ORIENTED_EDGE ( 'NONE', *, *, #8321, .F. ) ;
#5515 = DIRECTION ( 'NONE',  ( 0.000000000000000000, 0.000000000000000000, 1.000000000000000000 ) ) ;
#5516 = CARTESIAN_POINT ( 'NONE',  ( -30.52453386629570531, 7.776642292511532162, 5.577346552447560057 ) ) ;
#5517 = CARTESIAN_POINT ( 'NONE',  ( -26.19678717823081371, -32.79999999999999716, 6.427855894855588836 ) ) ;
#5518 = CARTESIAN_POINT ( 'NONE',  ( 30.50000000000001066, 10.02735309233183969, 0.5000000000000006661 ) ) ;
#5519 = ORIENTED_EDGE ( 'NONE', *, *, #10808, .F. ) ;
#5520 = AXIS2_PLACEMENT_3D ( 'NONE', #2709, #9871, #1685 ) ;
#5521 = EDGE_CURVE ( 'NONE', #10876, #2979, #3690, .T. ) ;
#5522 = FACE_OUTER_BOUND ( 'NONE', #2110, .T. ) ;
#5523 = CARTESIAN_POINT ( 'NONE',  ( 30.54979342140361709, -28.56867978610767267, 22.28909803235630704 ) ) ;
#5524 = ADVANCED_FACE ( 'NONE', ( #9245 ), #10687, .T. ) ;
#5525 = CIRCLE ( 'NONE', #4766, 2.999999999999999112 ) ;
#5526 = AXIS2_PLACEMENT_3D ( 'NONE', #2930, #1083, #2868 ) ;
#5527 = CIRCLE ( 'NONE', #3059, 1.499999999999999556 ) ;
#5528 = CARTESIAN_POINT ( 'NONE',  ( 30.02808999995666639, 7.733035862476575595, 6.000000000000000888 ) ) ;
#5529 = CYLINDRICAL_SURFACE ( 'NONE', #3491, 0.5000000000000004441 ) ;
#5530 = VERTEX_POINT ( 'NONE', #7838 ) ;
#5531 = CARTESIAN_POINT ( 'NONE',  ( -22.15126265847086628, 24.75126265846941820, 0.1999999999999987899 ) ) ;
#5532 = CARTESIAN_POINT ( 'NONE',  ( -31.18355383723908503, 5.343214204105841247, 6.000000000000000000 ) ) ;
#5533 = AXIS2_PLACEMENT_3D ( 'NONE', #5487, #2641, #2769 ) ;
#5534 = CARTESIAN_POINT ( 'NONE',  ( -3.244874193390045125, -30.97010467188755456, 6.000000000000000000 ) ) ;
#5535 = CARTESIAN_POINT ( 'NONE',  ( 20.22343168146353776, -31.18700224837848367, 4.000000000000000000 ) ) ;
#5536 = EDGE_LOOP ( 'NONE', ( #3395, #738, #2149, #4141, #5377, #9652, #236, #5953 ) ) ;
#5537 = AXIS2_PLACEMENT_3D ( 'NONE', #6602, #5990, #8562 ) ;
#5538 = CARTESIAN_POINT ( 'NONE',  ( -30.97193862191798530, -28.18841875527660434, 22.19541404981200472 ) ) ;
#5539 = CARTESIAN_POINT ( 'NONE',  ( 41.00000000000001421, 6.000000000000012434, 43.50000000000000711 ) ) ;
#5540 = AXIS2_PLACEMENT_3D ( 'NONE', #10912, #3625, #4699 ) ;
#5541 = CARTESIAN_POINT ( 'NONE',  ( 18.90955557852439384, 26.78294234767708915, 6.000000000000000000 ) ) ;
#5542 = CIRCLE ( 'NONE', #1940, 0.2000000000000005107 ) ;
#5543 = EDGE_CURVE ( 'NONE', #8596, #9919, #276, .T. ) ;
#5544 = EDGE_CURVE ( 'NONE', #934, #9033, #2024, .T. ) ;
#5545 = ADVANCED_FACE ( 'NONE', ( #11302 ), #5641, .T. ) ;
#5546 = ORIENTED_EDGE ( 'NONE', *, *, #9341, .F. ) ;
#5547 = FACE_OUTER_BOUND ( 'NONE', #4270, .T. ) ;
#5548 = AXIS2_PLACEMENT_3D ( 'NONE', #394, #3139, #1466 ) ;
#5549 = CARTESIAN_POINT ( 'NONE',  ( 17.71788375388311820, 21.48033429508550540, 4.000000000000000000 ) ) ;
#5550 = CARTESIAN_POINT ( 'NONE',  ( 25.50000000000000355, 30.50000000000000711, 0.5000000000000004441 ) ) ;
#5551 = VERTEX_POINT ( 'NONE', #2351 ) ;
#5552 = DIRECTION ( 'NONE',  ( -1.000000000000000000, 0.000000000000000000, 0.000000000000000000 ) ) ;
#5553 = CARTESIAN_POINT ( 'NONE',  ( 31.47258169635942693, 5.500080529042970845, 5.978677274429766264 ) ) ;
#5554 = CIRCLE ( 'NONE', #7844, 1.000000000000000888 ) ;
#5555 = CARTESIAN_POINT ( 'NONE',  ( 34.19950025674088323, -28.70033316217271135, 0.8854532754541972750 ) ) ;
#5556 = VERTEX_POINT ( 'NONE', #11541 ) ;
#5557 = CIRCLE ( 'NONE', #4035, 2.599999999999998312 ) ;
#5558 = DIRECTION ( 'NONE',  ( -0.000000000000000000, -0.000000000000000000, 1.000000000000000000 ) ) ;
#5559 = DIRECTION ( 'NONE',  ( -1.224646799147353207E-16, 1.000000000000000000, 0.000000000000000000 ) ) ;
#5560 = EDGE_CURVE ( 'NONE', #8199, #2951, #9995, .T. ) ;
#5561 =( BOUNDED_SURFACE ( )  B_SPLINE_SURFACE ( 3, 2, ( 
 ( #10457, #4793, #7549 ),
 ( #10693, #8667, #733 ),
 ( #3475, #6993, #5971 ),
 ( #6936, #1565, #10576 ),
 ( #1502, #5258, #7772 ),
 ( #681, #615, #6869 ) ),
 .UNSPECIFIED., .F., .F., .F. ) 
 B_SPLINE_SURFACE_WITH_KNOTS ( ( 4, 2, 4 ),
 ( 3, 3 ),
 ( -4.336808689942017736E-18, 0.005064021491558157173, 0.01012804298311631782 ),
 ( 0.000000000000000000, 1.000000000000000000 ),
 .UNSPECIFIED. ) 
 GEOMETRIC_REPRESENTATION_ITEM ( )  RATIONAL_B_SPLINE_SURFACE ( (
 ( 1.000000000000000000, 0.7071067811865475727, 1.000000000000000000),
 ( 1.000000000000000000, 0.7071067811865475727, 1.000000000000000000),
 ( 1.000000000000000000, 0.7071067811865475727, 1.000000000000000000),
 ( 1.000000000000000000, 0.7071067811865475727, 1.000000000000000000),
 ( 1.000000000000000000, 0.7071067811865475727, 1.000000000000000000),
 ( 1.000000000000000000, 0.7071067811865475727, 1.000000000000000000) ) ) 
 REPRESENTATION_ITEM ( '' )  SURFACE ( )  );
#5562 = EDGE_CURVE ( 'NONE', #11532, #9064, #11133, .T. ) ;
#5563 = AXIS2_PLACEMENT_3D ( 'NONE', #4165, #7808, #8757 ) ;
#5564 = ORIENTED_EDGE ( 'NONE', *, *, #1845, .T. ) ;
#5565 = ORIENTED_EDGE ( 'NONE', *, *, #7530, .F. ) ;
#5566 = LINE ( 'NONE', #1760, #5773 ) ;
#5567 = CARTESIAN_POINT ( 'NONE',  ( -32.99999999999997868, -28.50000000000001421, 22.50000000000001066 ) ) ;
#5568 = ORIENTED_EDGE ( 'NONE', *, *, #3435, .T. ) ;
#5569 = DIRECTION ( 'NONE',  ( 0.000000000000000000, 0.000000000000000000, -1.000000000000000000 ) ) ;
#5570 = VECTOR ( 'NONE', #8, 1000.000000000000000 ) ;
#5571 = CIRCLE ( 'NONE', #1960, 0.5000000000000004441 ) ;
#5572 = CYLINDRICAL_SURFACE ( 'NONE', #10711, 3.500000000000003109 ) ;
#5573 = AXIS2_PLACEMENT_3D ( 'NONE', #897, #2028, #11804 ) ;
#5574 = CARTESIAN_POINT ( 'NONE',  ( -20.22343168138545977, -31.18700224818349298, 5.700000000000000178 ) ) ;
#5575 = VERTEX_POINT ( 'NONE', #7721 ) ;
#5576 = CARTESIAN_POINT ( 'NONE',  ( -24.75126265846939688, -24.74873734153059246, 5.799999999999999822 ) ) ;
#5577 = AXIS2_PLACEMENT_3D ( 'NONE', #1294, #1969, #6558 ) ;
#5578 = AXIS2_PLACEMENT_3D ( 'NONE', #8452, #9512, #10248 ) ;
#5579 = ORIENTED_EDGE ( 'NONE', *, *, #225, .T. ) ;
#5580 = CARTESIAN_POINT ( 'NONE',  ( -26.28294234767779969, -11.88379308764559106, 5.700000000000000178 ) ) ;
#5581 = EDGE_LOOP ( 'NONE', ( #10398, #3364 ) ) ;
#5582 = DIRECTION ( 'NONE',  ( 0.000000000000000000, 0.000000000000000000, -1.000000000000000000 ) ) ;
#5583 = AXIS2_PLACEMENT_3D ( 'NONE', #10413, #5926, #9587 ) ;
#5584 = CARTESIAN_POINT ( 'NONE',  ( 21.94873734153059530, -24.74873734152912519, 5.799999999999999822 ) ) ;
#5585 = DIRECTION ( 'NONE',  ( 0.000000000000000000, 0.000000000000000000, 1.000000000000000000 ) ) ;
#5586 = VECTOR ( 'NONE', #6102, 1000.000000000000000 ) ;
#5587 = DIRECTION ( 'NONE',  ( 0.000000000000000000, -1.000000000000000000, 0.000000000000000000 ) ) ;
#5588 = ORIENTED_EDGE ( 'NONE', *, *, #4722, .T. ) ;
#5589 = CIRCLE ( 'NONE', #5962, 0.1999999999999987899 ) ;
#5590 = CARTESIAN_POINT ( 'NONE',  ( -19.74244808101095927, -32.79999999999999716, 6.482504199616522023 ) ) ;
#5591 = DIRECTION ( 'NONE',  ( -1.000000000000000000, 0.000000000000000000, 0.000000000000000000 ) ) ;
#5592 = CARTESIAN_POINT ( 'NONE',  ( 22.70891192219860244, -18.60168694398918632, 4.000000000000000000 ) ) ;
#5593 = CARTESIAN_POINT ( 'NONE',  ( -3.683818652493844770, -32.79999999999999716, 6.500000000000000888 ) ) ;
#5594 = AXIS2_PLACEMENT_3D ( 'NONE', #2108, #3845, #9331 ) ;
#5595 = CARTESIAN_POINT ( 'NONE',  ( -20.07492985811210318, -32.18895213257432175, 5.700000000000000178 ) ) ;
#5596 = CARTESIAN_POINT ( 'NONE',  ( -29.99999999999997868, -28.29278383102048977, 6.500000000000000888 ) ) ;
#5597 = ORIENTED_EDGE ( 'NONE', *, *, #1243, .T. ) ;
#5598 = EDGE_CURVE ( 'NONE', #3163, #3086, #11385, .T. ) ;
#5599 = EDGE_CURVE ( 'NONE', #9671, #1883, #3888, .T. ) ;
#5600 = CARTESIAN_POINT ( 'NONE',  ( -19.29508843714793542, -32.64920397968467114, 6.070005953438087687 ) ) ;
#5601 = CARTESIAN_POINT ( 'NONE',  ( -31.29280178080144736, 5.287297624870414658, 6.059437921463000087 ) ) ;
#5602 = DIRECTION ( 'NONE',  ( 0.2614446611022498423, 0.9652184670742318673, -0.000000000000000000 ) ) ;
#5603 = EDGE_LOOP ( 'NONE', ( #7997, #7802, #10634, #6638, #7781 ) ) ;
#5604 = CARTESIAN_POINT ( 'NONE',  ( 31.50000000000000711, 5.341151064017023664, 6.000000000000000000 ) ) ;
#5605 = CARTESIAN_POINT ( 'NONE',  ( 31.48674648294750611, -35.00000000000002842, 50.00000000000000000 ) ) ;
#5606 = DIRECTION ( 'NONE',  ( 0.000000000000000000, 0.000000000000000000, 1.000000000000000000 ) ) ;
#5607 = ORIENTED_EDGE ( 'NONE', *, *, #5452, .F. ) ;
#5608 = DIRECTION ( 'NONE',  ( 0.000000000000000000, 0.000000000000000000, 1.000000000000000000 ) ) ;
#5609 = DIRECTION ( 'NONE',  ( 0.000000000000000000, 0.000000000000000000, 1.000000000000000000 ) ) ;
#5610 = CARTESIAN_POINT ( 'NONE',  ( 34.49999999999997868, -27.99999999999999645, 1.500000000000007327 ) ) ;
#5611 = ORIENTED_EDGE ( 'NONE', *, *, #6722, .T. ) ;
#5612 = ADVANCED_FACE ( 'NONE', ( #8613 ), #8786, .T. ) ;
#5613 = EDGE_CURVE ( 'NONE', #4187, #9580, #7660, .T. ) ;
#5614 = CARTESIAN_POINT ( 'NONE',  ( -33.19638493669208401, -29.36907670887129029, 0.5000000000000077716 ) ) ;
#5615 = AXIS2_PLACEMENT_3D ( 'NONE', #10742, #4415, #3702 ) ;
#5616 = LINE ( 'NONE', #2662, #5586 ) ;
#5617 = ADVANCED_FACE ( 'NONE', ( #501 ), #842, .T. ) ;
#5618 = CARTESIAN_POINT ( 'NONE',  ( 32.99999999999997868, -29.50000000000000355, 0.5000000000000079936 ) ) ;
#5619 = EDGE_LOOP ( 'NONE', ( #5433, #2538, #3969, #544 ) ) ;
#5620 = ADVANCED_FACE ( 'NONE', ( #9508 ), #4833, .T. ) ;
#5621 = CARTESIAN_POINT ( 'NONE',  ( 30.91399482062600512, -27.99999999999999645, 22.68041234772800863 ) ) ;
#5622 = CARTESIAN_POINT ( 'NONE',  ( 19.29508843714771871, -31.55872636749531424, 5.000000000000000000 ) ) ;
#5623 = EDGE_LOOP ( 'NONE', ( #2087, #7500, #4071, #186 ) ) ;
#5624 = ORIENTED_EDGE ( 'NONE', *, *, #5873, .F. ) ;
#5625 = CARTESIAN_POINT ( 'NONE',  ( 30.46294014637546610, -28.58044099941286476, 21.89931916611110196 ) ) ;
#5626 = VERTEX_POINT ( 'NONE', #4136 ) ;
#5627 = CARTESIAN_POINT ( 'NONE',  ( 26.78294234767820825, 18.90955557852280933, 6.000000000000000000 ) ) ;
#5628 = EDGE_CURVE ( 'NONE', #3418, #465, #6873, .T. ) ;
#5629 = EDGE_CURVE ( 'NONE', #8124, #1450, #10121, .T. ) ;
#5630 = FACE_OUTER_BOUND ( 'NONE', #3239, .T. ) ;
#5631 = EDGE_CURVE ( 'NONE', #7383, #5051, #10300, .T. ) ;
#5632 = DIRECTION ( 'NONE',  ( 0.000000000000000000, 0.000000000000000000, 1.000000000000000000 ) ) ;
#5633 = EDGE_LOOP ( 'NONE', ( #5565, #11363, #5514, #11124, #1067 ) ) ;
#5634 = CARTESIAN_POINT ( 'NONE',  ( -26.48630274856392930, -33.49932172073081915, 49.96528555012718442 ) ) ;
#5635 = VERTEX_POINT ( 'NONE', #11722 ) ;
#5636 = VERTEX_POINT ( 'NONE', #3546 ) ;
#5637 = DIRECTION ( 'NONE',  ( 1.000000000000000000, 0.000000000000000000, 0.000000000000000000 ) ) ;
#5638 = VERTEX_POINT ( 'NONE', #2527 ) ;
#5639 = DIRECTION ( 'NONE',  ( -0.000000000000000000, 0.000000000000000000, 1.000000000000000000 ) ) ;
#5640 = DIRECTION ( 'NONE',  ( 0.000000000000000000, 0.000000000000000000, -1.000000000000000000 ) ) ;
#5641 = CYLINDRICAL_SURFACE ( 'NONE', #2752, 9.999999999999998224 ) ;
#5642 = DIRECTION ( 'NONE',  ( 3.472039211184832058E-15, 3.469446951953611033E-15, 1.000000000000000000 ) ) ;
#5643 = ORIENTED_EDGE ( 'NONE', *, *, #9264, .T. ) ;
#5644 = DIRECTION ( 'NONE',  ( 1.000000000000000000, 0.000000000000000000, 0.000000000000000000 ) ) ;
#5645 = DIRECTION ( 'NONE',  ( -1.000000000000000000, 0.000000000000000000, 0.000000000000000000 ) ) ;
#5646 = CARTESIAN_POINT ( 'NONE',  ( -40.99999999999998579, -28.49999999999999645, 37.29999999999999716 ) ) ;
#5647 = CARTESIAN_POINT ( 'NONE',  ( -27.55126265847086842, 24.75126265846941820, 0.1999999999999987899 ) ) ;
#5648 = ORIENTED_EDGE ( 'NONE', *, *, #7331, .F. ) ;
#5649 = CARTESIAN_POINT ( 'NONE',  ( 41.00000000000001421, -37.29999999999999005, 37.50000000000000000 ) ) ;
#5650 = CARTESIAN_POINT ( 'NONE',  ( -30.48860626233501137, 9.606838785475332543, 0.6149659796245143806 ) ) ;
#5651 = DIRECTION ( 'NONE',  ( 0.000000000000000000, 0.000000000000000000, 1.000000000000000000 ) ) ;
#5652 = VERTEX_POINT ( 'NONE', #10817 ) ;
#5653 = CARTESIAN_POINT ( 'NONE',  ( 31.50000000000000711, 5.559677934766190432, 5.949717696739384110 ) ) ;
#5654 = DIRECTION ( 'NONE',  ( 1.000000000000000000, 0.000000000000000000, 0.000000000000000000 ) ) ;
#5655 = CARTESIAN_POINT ( 'NONE',  ( 25.00000000000001421, -36.50000000000000000, 49.50000000000000000 ) ) ;
#5656 = CARTESIAN_POINT ( 'NONE',  ( -18.53459485037878807, 21.82807647900889592, 6.000000000000000000 ) ) ;
#5657 = CARTESIAN_POINT ( 'NONE',  ( 26.48963502442554940, -32.50737079693872289, 49.00000000000000000 ) ) ;
#5658 = CARTESIAN_POINT ( 'NONE',  ( 30.48898335254391156, -37.32942202582511726, 0.6136961312206222763 ) ) ;
#5659 = EDGE_LOOP ( 'NONE', ( #5134, #3422, #4691, #11141 ) ) ;
#5660 = CARTESIAN_POINT ( 'NONE',  ( 30.49999999999997868, -28.29278383102051109, 21.28750090350188984 ) ) ;
#5661 = CARTESIAN_POINT ( 'NONE',  ( 11.34689094264287945, 27.58294234767709341, 5.700000000000000178 ) ) ;
#5662 = VERTEX_POINT ( 'NONE', #6085 ) ;
#5663 = CARTESIAN_POINT ( 'NONE',  ( 33.74119492968286238, -28.75880507031791566, 0.7974179754000827458 ) ) ;
#5664 = ORIENTED_EDGE ( 'NONE', *, *, #10366, .T. ) ;
#5665 = CARTESIAN_POINT ( 'NONE',  ( -24.32813405080369762, 18.81287924088969987, 5.700000000000000178 ) ) ;
#5666 = CARTESIAN_POINT ( 'NONE',  ( 33.99999999999997868, -27.99999999999999289, 0.9142135623731028060 ) ) ;
#5667 = EDGE_CURVE ( 'NONE', #11490, #362, #5795, .T. ) ;
#5668 = EDGE_CURVE ( 'NONE', #10963, #1889, #6158, .T. ) ;
#5669 = ORIENTED_EDGE ( 'NONE', *, *, #4360, .F. ) ;
#5670 = EDGE_CURVE ( 'NONE', #2049, #8680, #10672, .T. ) ;
#5671 = ORIENTED_EDGE ( 'NONE', *, *, #3729, .T. ) ;
#5672 = DIRECTION ( 'NONE',  ( -0.000000000000000000, -0.000000000000000000, 1.000000000000000000 ) ) ;
#5673 = ORIENTED_EDGE ( 'NONE', *, *, #2099, .T. ) ;
#5674 = CIRCLE ( 'NONE', #10837, 4.500000000000000888 ) ;
#5675 = DIRECTION ( 'NONE',  ( 0.000000000000000000, 0.4370537414983364788, 0.8994353934787675531 ) ) ;
#5676 = EDGE_CURVE ( 'NONE', #2621, #4797, #6087, .T. ) ;
#5677 = ORIENTED_EDGE ( 'NONE', *, *, #7002, .T. ) ;
#5678 = CARTESIAN_POINT ( 'NONE',  ( -3.244874193390045125, -32.29999999999999716, 6.475629962069106682 ) ) ;
#5679 = AXIS2_PLACEMENT_3D ( 'NONE', #1088, #1205, #11272 ) ;
#5680 = EDGE_CURVE ( 'NONE', #9872, #436, #2132, .T. ) ;
#5681 = ORIENTED_EDGE ( 'NONE', *, *, #5753, .T. ) ;
#5682 = ADVANCED_FACE ( 'NONE', ( #6270 ), #4216, .T. ) ;
#5683 = EDGE_CURVE ( 'NONE', #8378, #1814, #11275, .T. ) ;
#5684 = VERTEX_POINT ( 'NONE', #9746 ) ;
#5685 = DIRECTION ( 'NONE',  ( -0.000000000000000000, -0.000000000000000000, 1.000000000000000000 ) ) ;
#5686 = VERTEX_POINT ( 'NONE', #4499 ) ;
#5687 = DIRECTION ( 'NONE',  ( 0.000000000000000000, -0.4370537414983364788, -0.8994353934787675531 ) ) ;
#5688 = CARTESIAN_POINT ( 'NONE',  ( -24.75126265846939688, -24.74873734153059246, 6.000000000000000000 ) ) ;
#5689 = TOROIDAL_SURFACE ( 'NONE', #6656, 3.200000000000001954, 0.2000000000000000111 ) ;
#5690 = DIRECTION ( 'NONE',  ( 0.000000000000000000, 0.000000000000000000, -1.000000000000000000 ) ) ;
#5691 = VERTEX_POINT ( 'NONE', #11776 ) ;
#5692 = CARTESIAN_POINT ( 'NONE',  ( -21.80529186682069209, -18.83372836813735418, 6.000000000000000000 ) ) ;
#5693 = EDGE_CURVE ( 'NONE', #719, #10414, #19, .T. ) ;
#5694 = AXIS2_PLACEMENT_3D ( 'NONE', #5723, #4943, #11290 ) ;
#5695 = CARTESIAN_POINT ( 'NONE',  ( -30.20715215380524654, -28.79262920306126716, 49.00000000000000000 ) ) ;
#5696 = CARTESIAN_POINT ( 'NONE',  ( -30.99999999999998224, 4.500000000000001776, 0.5000000000000034417 ) ) ;
#5697 = CARTESIAN_POINT ( 'NONE',  ( -30.91399482062599446, -29.50000000000000000, 49.00000000000000000 ) ) ;
#5698 = EDGE_LOOP ( 'NONE', ( #9194, #456, #8484, #7556, #7254, #9517, #6261, #6060, #8077, #6278 ) ) ;
#5699 = CARTESIAN_POINT ( 'NONE',  ( -18.90955557852439028, 26.78294234767708559, 5.700000000000000178 ) ) ;
#5700 = DIRECTION ( 'NONE',  ( -0.7073707969387323935, -0.7068426668207449248, 0.000000000000000000 ) ) ;
#5702 = VECTOR ( 'NONE', #8714, 1000.000000000000000 ) ;
#5701 = DIRECTION ( 'NONE',  ( 0.000000000000000000, 0.000000000000000000, -1.000000000000000000 ) ) ;
#5703 = CARTESIAN_POINT ( 'NONE',  ( -30.49999999999998934, 8.956835390800973684, 1.012531637609777269 ) ) ;
#5704 = ORIENTED_EDGE ( 'NONE', *, *, #9426, .F. ) ;
#5705 =( GEOMETRIC_REPRESENTATION_CONTEXT ( 3 ) GLOBAL_UNCERTAINTY_ASSIGNED_CONTEXT ( ( #1607 ) ) GLOBAL_UNIT_ASSIGNED_CONTEXT ( ( #4051, #3944, #4879 ) ) REPRESENTATION_CONTEXT ( 'NONE', 'WORKASPACE' ) );
#5706 = CARTESIAN_POINT ( 'NONE',  ( 37.62492767460212661, -37.29999999999999005, 49.89999999999999858 ) ) ;
#5707 = EDGE_LOOP ( 'NONE', ( #6541, #5902, #8995, #7629 ) ) ;
#5708 = FACE_OUTER_BOUND ( 'NONE', #5812, .T. ) ;
#5709 = DIRECTION ( 'NONE',  ( -6.360652745248256918E-14, 1.000000000000000000, 0.000000000000000000 ) ) ;
#5710 = AXIS2_PLACEMENT_3D ( 'NONE', #8481, #11335, #11209 ) ;
#5711 = EDGE_CURVE ( 'NONE', #2014, #9125, #970, .T. ) ;
#5712 = CARTESIAN_POINT ( 'NONE',  ( -17.71788375388311820, 21.48033429508550540, 4.000000000000000000 ) ) ;
#5713 = CIRCLE ( 'NONE', #8217, 0.5000000000000004441 ) ;
#5714 = CARTESIAN_POINT ( 'NONE',  ( 26.48963502442553875, -32.50737079693873000, 49.58578643762690774 ) ) ;
#5715 = ORIENTED_EDGE ( 'NONE', *, *, #8125, .T. ) ;
#5716 = CARTESIAN_POINT ( 'NONE',  ( -26.19678717823081371, -32.79999999999999716, 49.00000000000000000 ) ) ;
#5717 = DIRECTION ( 'NONE',  ( -1.000000000000000000, 0.000000000000000000, 0.000000000000000000 ) ) ;
#5718 = FACE_OUTER_BOUND ( 'NONE', #1579, .T. ) ;
#5719 = FACE_OUTER_BOUND ( 'NONE', #3961, .T. ) ;
#5720 = ORIENTED_EDGE ( 'NONE', *, *, #529, .T. ) ;
#5721 = VECTOR ( 'NONE', #8465, 1000.000000000000000 ) ;
#5722 =( BOUNDED_SURFACE ( )  B_SPLINE_SURFACE ( 3, 2, ( 
 ( #5404, #1839, #8159 ),
 ( #10839, #10073, #9109 ),
 ( #7152, #1653, #6235 ),
 ( #8873, #10783, #3566 ),
 ( #5282, #8046, #5341 ),
 ( #1890, #6369, #706 ) ),
 .UNSPECIFIED., .F., .F., .F. ) 
 B_SPLINE_SURFACE_WITH_KNOTS ( ( 4, 2, 4 ),
 ( 3, 3 ),
 ( 0.005545208070918114518, 0.006647231153842192430, 0.007749254236766271210 ),
 ( 0.000000000000000000, 1.000000000000000000 ),
 .UNSPECIFIED. ) 
 GEOMETRIC_REPRESENTATION_ITEM ( )  RATIONAL_B_SPLINE_SURFACE ( (
 ( 1.000000000000000000, 0.7071067811865232589, 1.000000000000000000),
 ( 1.000000000000000000, 0.7245405606934601783, 1.000000000000000000),
 ( 1.000000000000000000, 0.7330293162593803924, 1.000000000000000000),
 ( 1.000000000000000000, 0.7450288764200618807, 1.000000000000000000),
 ( 1.000000000000000000, 0.7480022151290858234, 1.000000000000000000),
 ( 1.000000000000000000, 0.7500000000000024425, 1.000000000000000000) ) ) 
 REPRESENTATION_ITEM ( '' )  SURFACE ( )  );
#5723 = CARTESIAN_POINT ( 'NONE',  ( 26.34065101359201222, -36.99999999999999289, 51.83453822009710876 ) ) ;
#5724 = CARTESIAN_POINT ( 'NONE',  ( 32.99999999999997868, 7.500000000000001776, 1.500000000000003109 ) ) ;
#5725 = TOROIDAL_SURFACE ( 'NONE', #11460, 0.7999999999999999334, 0.2999999999999999889 ) ;
#5726 = ORIENTED_EDGE ( 'NONE', *, *, #5106, .T. ) ;
#5727 = AXIS2_PLACEMENT_3D ( 'NONE', #8450, #3128, #11362 ) ;
#5728 = ORIENTED_EDGE ( 'NONE', *, *, #7382, .F. ) ;
#5729 = DIRECTION ( 'NONE',  ( -1.000000000000000000, 0.000000000000000000, 0.000000000000000000 ) ) ;
#5730 = AXIS2_PLACEMENT_3D ( 'NONE', #7238, #10633, #3597 ) ;
#5731 = DIRECTION ( 'NONE',  ( 0.000000000000000000, 0.000000000000000000, 1.000000000000000000 ) ) ;
#5732 = ORIENTED_EDGE ( 'NONE', *, *, #6779, .T. ) ;
#5733 = DIRECTION ( 'NONE',  ( 1.000000000000000000, -5.782411586589324585E-14, 0.000000000000000000 ) ) ;
#5734 = EDGE_CURVE ( 'NONE', #999, #2014, #10901, .T. ) ;
#5735 = EDGE_CURVE ( 'NONE', #7131, #6814, #11593, .T. ) ;
#5736 = DIRECTION ( 'NONE',  ( -1.000000000000000000, 0.000000000000000000, 0.000000000000000000 ) ) ;
#5737 = EDGE_LOOP ( 'NONE', ( #1555, #9072, #3313, #3666 ) ) ;
#5738 = AXIS2_PLACEMENT_3D ( 'NONE', #1719, #10609, #8933 ) ;
#5739 = CARTESIAN_POINT ( 'NONE',  ( 25.00000000000001421, -33.79999999999999716, 44.00000000000000711 ) ) ;
#5740 = EDGE_LOOP ( 'NONE', ( #8456, #3805 ) ) ;
#5741 = VECTOR ( 'NONE', #11399, 1000.000000000000000 ) ;
#5742 = ORIENTED_EDGE ( 'NONE', *, *, #7094, .F. ) ;
#5743 = AXIS2_PLACEMENT_3D ( 'NONE', #2704, #8254, #3772 ) ;
#5744 = VECTOR ( 'NONE', #6232, 1000.000000000000000 ) ;
#5745 = CARTESIAN_POINT ( 'NONE',  ( -30.49999999999997868, 7.946762643102263546, 5.788139023060503874 ) ) ;
#5746 = ORIENTED_EDGE ( 'NONE', *, *, #7740, .T. ) ;
#5747 = DIRECTION ( 'NONE',  ( -1.000000000000000000, -0.000000000000000000, 1.386822727561434893E-13 ) ) ;
#5748 = CARTESIAN_POINT ( 'NONE',  ( 19.44701693026895839, -32.55872636891842831, 6.000000000860559624 ) ) ;
#5749 = EDGE_CURVE ( 'NONE', #10630, #5151, #389, .T. ) ;
#5750 = DIRECTION ( 'NONE',  ( 0.000000000000000000, 0.000000000000000000, -1.000000000000000000 ) ) ;
#5751 = ORIENTED_EDGE ( 'NONE', *, *, #577, .F. ) ;
#5752 = AXIS2_PLACEMENT_3D ( 'NONE', #7986, #3445, #4985 ) ;
#5753 = EDGE_CURVE ( 'NONE', #4807, #10755, #5135, .T. ) ;
#5754 = AXIS2_PLACEMENT_3D ( 'NONE', #7346, #7105, #3703 ) ;
#5755 = CARTESIAN_POINT ( 'NONE',  ( -19.29508843714771515, -32.64857796392972489, 6.069396129941016405 ) ) ;
#5756 = TOROIDAL_SURFACE ( 'NONE', #10178, 2.800000000000000266, 0.2000000000000000111 ) ;
#5757 = CIRCLE ( 'NONE', #8829, 27.84471522829317180 ) ;
#5758 = CARTESIAN_POINT ( 'NONE',  ( -20.03382145251362090, -32.24817675177433784, 5.700000099685748722 ) ) ;
#5759 = AXIS2_PLACEMENT_3D ( 'NONE', #8812, #6830, #5096 ) ;
#5760 = DIRECTION ( 'NONE',  ( -0.000000000000000000, -0.8994353934787675531, 0.4370537414983364233 ) ) ;
#5761 = ORIENTED_EDGE ( 'NONE', *, *, #7437, .T. ) ;
#5762 = CARTESIAN_POINT ( 'NONE',  ( 32.99999999999997868, -16.10783521469172541, 15.36658938351599701 ) ) ;
#5763 = LINE ( 'NONE', #4873, #9579 ) ;
#5764 = AXIS2_PLACEMENT_3D ( 'NONE', #5724, #5784, #2275 ) ;
#5765 = CARTESIAN_POINT ( 'NONE',  ( 18.90955557852439384, 26.78294234767708915, 4.000000000000000000 ) ) ;
#5766 = EDGE_CURVE ( 'NONE', #3267, #1450, #8209, .T. ) ;
#5767 = DIRECTION ( 'NONE',  ( 1.000000000000000000, 0.000000000000000000, 0.000000000000000000 ) ) ;
#5768 = ORIENTED_EDGE ( 'NONE', *, *, #3145, .F. ) ;
#5769 = CARTESIAN_POINT ( 'NONE',  ( 30.35899779089306350, 6.470565258537799735, 6.000000000000000000 ) ) ;
#5770 = DIRECTION ( 'NONE',  ( -0.000000000000000000, -0.000000000000000000, 1.000000000000000000 ) ) ;
#5771 = CIRCLE ( 'NONE', #9386, 2.800000000000000266 ) ;
#5772 = DIRECTION ( 'NONE',  ( 0.9111874442045936329, -0.4119920406074620844, 0.000000000000000000 ) ) ;
#5773 = VECTOR ( 'NONE', #2832, 1000.000000000000000 ) ;
#5774 = DIRECTION ( 'NONE',  ( -0.000000000000000000, -0.000000000000000000, 1.000000000000000000 ) ) ;
#5775 = CARTESIAN_POINT ( 'NONE',  ( -27.58294234767780040, 11.88379308764551112, 5.700000000000000178 ) ) ;
#5776 = CARTESIAN_POINT ( 'NONE',  ( -18.47867789780852377, -32.55872636749531779, 5.855295988587709388 ) ) ;
#5777 = EDGE_LOOP ( 'NONE', ( #7003, #798, #4961, #7189 ) ) ;
#5778 = PLANE ( 'NONE',  #1356 ) ;
#5779 = DIRECTION ( 'NONE',  ( 0.000000000000000000, 0.000000000000000000, 1.000000000000000000 ) ) ;
#5780 = CARTESIAN_POINT ( 'NONE',  ( -40.99999999999999289, -37.29999999999999716, 14.00000000000000178 ) ) ;
#5781 = ORIENTED_EDGE ( 'NONE', *, *, #10524, .T. ) ;
#5782 = CIRCLE ( 'NONE', #7146, 3.000000000000002665 ) ;
#5783 = CARTESIAN_POINT ( 'NONE',  ( 44.20000000000001705, -37.49999999999999289, 40.50000000000000000 ) ) ;
#5784 = DIRECTION ( 'NONE',  ( 0.000000000000000000, 1.000000000000000000, -1.204669080539449344E-16 ) ) ;
#5785 = ORIENTED_EDGE ( 'NONE', *, *, #6821, .F. ) ;
#5786 = AXIS2_PLACEMENT_3D ( 'NONE', #11517, #3393, #3275 ) ;
#5787 = ORIENTED_EDGE ( 'NONE', *, *, #3637, .T. ) ;
#5788 = CYLINDRICAL_SURFACE ( 'NONE', #5019, 0.4999999999999983902 ) ;
#5789 = CARTESIAN_POINT ( 'NONE',  ( 30.00000000000001776, -37.50000000000000000, 0.000000000000000000 ) ) ;
#5790 = ORIENTED_EDGE ( 'NONE', *, *, #3071, .T. ) ;
#5791 = CARTESIAN_POINT ( 'NONE',  ( 32.13884401855500528, 6.598911483958092461, 5.444733220635779247 ) ) ;
#5792 =( BOUNDED_CURVE ( )  B_SPLINE_CURVE ( 3, ( #1645, #10829, #7068, #3833 ),
 .UNSPECIFIED., .F., .F. ) 
 B_SPLINE_CURVE_WITH_KNOTS ( ( 4, 4 ),
 ( 3.374085396527104486, 3.553902616229919875 ),
 .UNSPECIFIED. ) 
 CURVE ( )  GEOMETRIC_REPRESENTATION_ITEM ( )  RATIONAL_B_SPLINE_CURVE ( ( 1.000000000000000000, 0.9973072952445143358, 0.9973072952445143358, 1.000000000000000000 ) ) 
 REPRESENTATION_ITEM ( '' )  );
#5793 = CARTESIAN_POINT ( 'NONE',  ( 41.00000000000000711, -37.29999999999999005, 17.00000000000000355 ) ) ;
#5794 = EDGE_LOOP ( 'NONE', ( #4859, #5391, #6299, #7504 ) ) ;
#5795 = B_SPLINE_CURVE_WITH_KNOTS ( 'NONE', 3,
 ( #1568, #8014, #10762, #4316, #9814, #5435 ),
 .UNSPECIFIED., .F., .F.,
 ( 4, 2, 4 ),
 ( 0.000000000000000000, 0.0004231754603503884242, 0.0008463509207007768485 ),
 .UNSPECIFIED. ) ;
#5796 = AXIS2_PLACEMENT_3D ( 'NONE', #5627, #930, #45 ) ;
#5797 = DIRECTION ( 'NONE',  ( 0.000000000000000000, -1.000000000000000000, 0.000000000000000000 ) ) ;
#5798 = DIRECTION ( 'NONE',  ( 0.000000000000000000, 0.000000000000000000, 1.000000000000000000 ) ) ;
#5799 = EDGE_CURVE ( 'NONE', #1283, #8097, #8231, .T. ) ;
#5800 = ADVANCED_BREP_SHAPE_REPRESENTATION ( 'ST-M4', ( #1322, #5169 ), #11277 ) ;
#5801 = EDGE_LOOP ( 'NONE', ( #6180, #11063, #10458, #8015 ) ) ;
#5802 = ORIENTED_EDGE ( 'NONE', *, *, #4666, .F. ) ;
#5803 = CARTESIAN_POINT ( 'NONE',  ( -21.82807647901000081, -18.53459485037750554, 4.000000000000000000 ) ) ;
#5804 = ORIENTED_EDGE ( 'NONE', *, *, #6779, .F. ) ;
#5805 = DIRECTION ( 'NONE',  ( -0.000000000000000000, -1.000000000000000000, 0.000000000000000000 ) ) ;
#5806 = CARTESIAN_POINT ( 'NONE',  ( 19.51845053422199783, -32.79999999999999716, 6.445411055737941375 ) ) ;
#5807 = CARTESIAN_POINT ( 'NONE',  ( 18.69937031492732515, 23.45612191323704110, 5.700000000000001066 ) ) ;
#5808 = EDGE_LOOP ( 'NONE', ( #9894, #343, #5920, #4924 ) ) ;
#5809 = CARTESIAN_POINT ( 'NONE',  ( -18.83372836813864382, 21.80529186681958009, 5.700000000000000178 ) ) ;
#5810 = EDGE_CURVE ( 'NONE', #3304, #719, #1917, .T. ) ;
#5811 = ADVANCED_FACE ( 'NONE', ( #2048 ), #10052, .T. ) ;
#5812 = EDGE_LOOP ( 'NONE', ( #5137, #10805, #9108, #6435 ) ) ;
#5813 = B_SPLINE_CURVE_WITH_KNOTS ( 'NONE', 3,
 ( #5422, #8240, #75, #8065, #4485, #10803 ),
 .UNSPECIFIED., .F., .F.,
 ( 4, 2, 4 ),
 ( 0.000000000000000000, 0.0002732648473108572240, 0.0005465296946217144481 ),
 .UNSPECIFIED. ) ;
#5814 = EDGE_CURVE ( 'NONE', #9580, #3618, #997, .T. ) ;
#5815 = DIRECTION ( 'NONE',  ( -0.07594870729766847739, -0.9971117258661704730, 0.000000000000000000 ) ) ;
#5816 = DIRECTION ( 'NONE',  ( -1.000000000000000000, 0.000000000000000000, 0.000000000000000000 ) ) ;
#5817 = VERTEX_POINT ( 'NONE', #6451 ) ;
#5818 = PLANE ( 'NONE',  #1345 ) ;
#5819 = FACE_OUTER_BOUND ( 'NONE', #11787, .T. ) ;
#5820 = DIRECTION ( 'NONE',  ( -1.000000000000000000, 0.000000000000000000, 0.000000000000000000 ) ) ;
#5821 = CARTESIAN_POINT ( 'NONE',  ( -30.49999999999997868, 8.468626966596886518, 1.500000000000003109 ) ) ;
#5822 = ORIENTED_EDGE ( 'NONE', *, *, #1999, .T. ) ;
#5823 = DIRECTION ( 'NONE',  ( 0.000000000000000000, 0.000000000000000000, -1.000000000000000000 ) ) ;
#5824 = DIRECTION ( 'NONE',  ( -0.000000000000000000, -0.8994353934787675531, 0.4370537414983364233 ) ) ;
#5825 = DIRECTION ( 'NONE',  ( -1.000000000000000000, 0.000000000000000000, 0.000000000000000000 ) ) ;
#5826 = ADVANCED_FACE ( 'NONE', ( #2999 ), #3760, .F. ) ;
#5827 = EDGE_CURVE ( 'NONE', #8097, #10564, #2545, .T. ) ;
#5828 = CARTESIAN_POINT ( 'NONE',  ( 30.49999999999997868, -36.99999999999999289, 0.5000000000000083267 ) ) ;
#5829 = EDGE_CURVE ( 'NONE', #6751, #1912, #1978, .T. ) ;
#5830 = FACE_OUTER_BOUND ( 'NONE', #5794, .T. ) ;
#5831 = DIRECTION ( 'NONE',  ( 1.000000000000000000, 0.000000000000000000, 0.000000000000000000 ) ) ;
#5832 = ORIENTED_EDGE ( 'NONE', *, *, #11581, .F. ) ;
#5833 = DIRECTION ( 'NONE',  ( -0.000000000000000000, -0.000000000000000000, 1.000000000000000000 ) ) ;
#5834 = LINE ( 'NONE', #9443, #4232 ) ;
#5835 = FACE_OUTER_BOUND ( 'NONE', #1652, .T. ) ;
#5836 = LINE ( 'NONE', #6925, #3047 ) ;
#5837 = ORIENTED_EDGE ( 'NONE', *, *, #11581, .T. ) ;
#5838 = CARTESIAN_POINT ( 'NONE',  ( 9.536592924887916212, -29.83217189384346923, 6.000000000000000000 ) ) ;
#5839 = EDGE_CURVE ( 'NONE', #5131, #6385, #9273, .T. ) ;
#5840 = ORIENTED_EDGE ( 'NONE', *, *, #9854, .F. ) ;
#5841 = EDGE_LOOP ( 'NONE', ( #8073, #4070, #2687, #4721 ) ) ;
#5842 = CARTESIAN_POINT ( 'NONE',  ( 30.38393028552479080, -28.61598305566441880, 21.72765074116002992 ) ) ;
#5843 = DIRECTION ( 'NONE',  ( 1.000000000000000000, -5.782411586589324585E-14, 0.000000000000000000 ) ) ;
#5844 = EDGE_LOOP ( 'NONE', ( #9159, #6177, #2134, #1979 ) ) ;
#5845 = CARTESIAN_POINT ( 'NONE',  ( -24.75126265847086771, 24.75126265846941820, 5.799999999999999822 ) ) ;
#5846 = CARTESIAN_POINT ( 'NONE',  ( -19.29508843714771515, -31.55872636749531424, 5.700000000000000178 ) ) ;
#5847 = DIRECTION ( 'NONE',  ( 0.000000000000000000, -7.101957910649041782E-12, 1.000000000000000000 ) ) ;
#5848 = VERTEX_POINT ( 'NONE', #4674 ) ;
#5849 = CARTESIAN_POINT ( 'NONE',  ( -18.99999999999999289, -37.50000000000000000, 44.00000000000000711 ) ) ;
#5850 = B_SPLINE_CURVE_WITH_KNOTS ( 'NONE', 3,
 ( #2364, #5145, #6954, #9643, #1464, #5083 ),
 .UNSPECIFIED., .F., .F.,
 ( 4, 2, 4 ),
 ( 0.000000000000000000, 0.005092056928472810107, 0.01018411385694562021 ),
 .UNSPECIFIED. ) ;
#5851 = DIRECTION ( 'NONE',  ( -1.137523590804463822E-16, 1.000000000000000000, 0.000000000000000000 ) ) ;
#5852 = ORIENTED_EDGE ( 'NONE', *, *, #5598, .F. ) ;
#5853 = TOROIDAL_SURFACE ( 'NONE', #8699, 27.54471522829317109, 0.2999999999999999889 ) ;
#5854 = ORIENTED_EDGE ( 'NONE', *, *, #1411, .T. ) ;
#5855 =( BOUNDED_SURFACE ( )  B_SPLINE_SURFACE ( 3, 2, ( 
 ( #6380, #8058, #1900 ),
 ( #126, #7342, #3754 ),
 ( #1722, #4528, #2682 ),
 ( #1016, #7213, #9973 ) ),
 .UNSPECIFIED., .F., .F., .F. ) 
 B_SPLINE_SURFACE_WITH_KNOTS ( ( 4, 4 ),
 ( 3, 3 ),
 ( 0.000000000000000000, 0.0006812930996734174391 ),
 ( 0.000000000000000000, 1.000000000000000000 ),
 .UNSPECIFIED. ) 
 GEOMETRIC_REPRESENTATION_ITEM ( )  RATIONAL_B_SPLINE_SURFACE ( (
 ( 1.000000000000000000, 0.8780346537715194577, 1.000000000000000000),
 ( 1.000000000000000000, 0.8626894672066526271, 1.000000000000000000),
 ( 1.000000000000000000, 0.8458733550840931148, 1.000000000000000000),
 ( 1.000000000000000000, 0.8373533923902806153, 1.000000000000000000) ) ) 
 REPRESENTATION_ITEM ( '' )  SURFACE ( )  );
#5856 = CARTESIAN_POINT ( 'NONE',  ( -10.25670942261038476, -32.79999999999999716, 6.427855897866979973 ) ) ;
#5857 = ORIENTED_EDGE ( 'NONE', *, *, #1452, .T. ) ;
#5858 = DIRECTION ( 'NONE',  ( 0.000000000000000000, 0.8994353934787675531, -0.4370537414983364233 ) ) ;
#5859 = B_SPLINE_CURVE_WITH_KNOTS ( 'NONE', 3,
 ( #6328, #11716, #2586, #7177, #6395, #790, #2820, #9137 ),
 .UNSPECIFIED., .F., .F.,
 ( 4, 2, 2, 4 ),
 ( -6.324569375190238468E-06, 0.0005847297117379979432, 0.0008802568522946025657, 0.001175783992851207188 ),
 .UNSPECIFIED. ) ;
#5860 = DIRECTION ( 'NONE',  ( 0.000000000000000000, -1.000000000000000000, 0.000000000000000000 ) ) ;
#5861 = ORIENTED_EDGE ( 'NONE', *, *, #4142, .F. ) ;
#5862 = CIRCLE ( 'NONE', #5302, 0.1999999999999987899 ) ;
#5863 = DIRECTION ( 'NONE',  ( 0.000000000000000000, -1.000000000000000000, 0.000000000000000000 ) ) ;
#5864 = EDGE_LOOP ( 'NONE', ( #6530, #553, #1710, #10074, #10447 ) ) ;
#5865 = CARTESIAN_POINT ( 'NONE',  ( -18.90955557852439028, 27.28294234767710336, 4.000000000000000000 ) ) ;
#5866 = FACE_OUTER_BOUND ( 'NONE', #3089, .T. ) ;
#5867 = ORIENTED_EDGE ( 'NONE', *, *, #10791, .T. ) ;
#5868 = ADVANCED_FACE ( 'NONE', ( #5719 ), #7626, .T. ) ;
#5869 = CARTESIAN_POINT ( 'NONE',  ( 10.11881530218291836, -32.79999999999999716, 6.444430768202176196 ) ) ;
#5870 = DIRECTION ( 'NONE',  ( -1.000000000000000000, 0.000000000000000000, 0.000000000000000000 ) ) ;
#5871 = CARTESIAN_POINT ( 'NONE',  ( -19.24302273394905427, -26.23925100524854415, 6.000000000000000888 ) ) ;
#5872 = EDGE_CURVE ( 'NONE', #6616, #4630, #3079, .T. ) ;
#5873 = EDGE_CURVE ( 'NONE', #2415, #7546, #2102, .T. ) ;
#5874 = DIRECTION ( 'NONE',  ( 1.000000000000000000, -5.941966010906629203E-14, 0.000000000000000000 ) ) ;
#5875 = ORIENTED_EDGE ( 'NONE', *, *, #3302, .F. ) ;
#5876 = AXIS2_PLACEMENT_3D ( 'NONE', #6459, #3608, #8380 ) ;
#5877 = CARTESIAN_POINT ( 'NONE',  ( 30.51337204287215243, 7.043355396594619400, 6.000000000000000888 ) ) ;
#5878 = LINE ( 'NONE', #7755, #11034 ) ;
#5879 = AXIS2_PLACEMENT_3D ( 'NONE', #2696, #8309, #3714 ) ;
#5880 = DIRECTION ( 'NONE',  ( 0.000000000000000000, 0.000000000000000000, -1.000000000000000000 ) ) ;
#5881 = CARTESIAN_POINT ( 'NONE',  ( 20.00000000000001776, -33.79999999999999716, 44.00000000000000711 ) ) ;
#5882 = CYLINDRICAL_SURFACE ( 'NONE', #8296, 24.75000000000000355 ) ;
#5883 = DIRECTION ( 'NONE',  ( -1.000000000000000000, 0.000000000000000000, 0.000000000000000000 ) ) ;
#5884 = ORIENTED_EDGE ( 'NONE', *, *, #8042, .F. ) ;
#5885 = CARTESIAN_POINT ( 'NONE',  ( -34.27387889738927385, -44.22612110261071905, 50.00000000000000000 ) ) ;
#5886 = DIRECTION ( 'NONE',  ( 1.000000000000000000, 0.000000000000000000, 0.000000000000000000 ) ) ;
#5887 = VECTOR ( 'NONE', #8935, 1000.000000000000000 ) ;
#5888 = CARTESIAN_POINT ( 'NONE',  ( -45.00000000000000000, -28.49999999999999645, 49.00000000000000000 ) ) ;
#5889 = CARTESIAN_POINT ( 'NONE',  ( -31.10932988041732017, -28.20116070374750805, 22.26643338004470962 ) ) ;
#5890 = ORIENTED_EDGE ( 'NONE', *, *, #4572, .T. ) ;
#5891 = EDGE_CURVE ( 'NONE', #460, #3855, #9723, .T. ) ;
#5892 = DIRECTION ( 'NONE',  ( 0.000000000000000000, 0.000000000000000000, -1.000000000000000000 ) ) ;
#5893 = EDGE_CURVE ( 'NONE', #2047, #6751, #5836, .T. ) ;
#5894 = EDGE_CURVE ( 'NONE', #7145, #4630, #11009, .T. ) ;
#5895 = VECTOR ( 'NONE', #6072, 1000.000000000000000 ) ;
#5896 = CARTESIAN_POINT ( 'NONE',  ( -18.82414313014864504, -23.73099574979123361, 5.700000000000000178 ) ) ;
#5897 = DIRECTION ( 'NONE',  ( -0.000000000000000000, -0.000000000000000000, 1.000000000000000000 ) ) ;
#5898 = TOROIDAL_SURFACE ( 'NONE', #6101, 1.300000000000000044, 0.2999999999999999889 ) ;
#5899 = ORIENTED_EDGE ( 'NONE', *, *, #4755, .T. ) ;
#5900 = CYLINDRICAL_SURFACE ( 'NONE', #9535, 0.3000000000000016542 ) ;
#5901 = AXIS2_PLACEMENT_3D ( 'NONE', #1478, #11332, #9601 ) ;
#5902 = ORIENTED_EDGE ( 'NONE', *, *, #2795, .T. ) ;
#5903 = DIRECTION ( 'NONE',  ( 0.000000000000000000, -1.000000000000000000, 0.000000000000000000 ) ) ;
#5904 = FACE_OUTER_BOUND ( 'NONE', #1328, .T. ) ;
#5905 = ORIENTED_EDGE ( 'NONE', *, *, #3302, .T. ) ;
#5906 = CARTESIAN_POINT ( 'NONE',  ( 26.48963502442554940, -32.50737079693872289, 49.00000000000000000 ) ) ;
#5907 = CIRCLE ( 'NONE', #6302, 1.000000000000000888 ) ;
#5908 = CARTESIAN_POINT ( 'NONE',  ( -30.49568625948633738, -28.58530177895639213, 22.10980953478104283 ) ) ;
#5909 = AXIS2_PLACEMENT_3D ( 'NONE', #8251, #1678, #89 ) ;
#5910 = EDGE_CURVE ( 'NONE', #2655, #3860, #9670, .T. ) ;
#5911 = CARTESIAN_POINT ( 'NONE',  ( -3.464648968743784252, -32.79999999999999716, 6.475629962647080795 ) ) ;
#5912 = ORIENTED_EDGE ( 'NONE', *, *, #5711, .F. ) ;
#5913 = EDGE_CURVE ( 'NONE', #5071, #11519, #11631, .T. ) ;
#5914 = CIRCLE ( 'NONE', #3651, 3.500000000000003109 ) ;
#5915 = DIRECTION ( 'NONE',  ( 0.000000000000000000, 0.000000000000000000, 1.000000000000000000 ) ) ;
#5916 = CARTESIAN_POINT ( 'NONE',  ( -26.20334299789959687, -32.81583551132191445, 49.21676517101127502 ) ) ;
#5917 = TOROIDAL_SURFACE ( 'NONE', #2907, 4.000000000000000000, 1.000000000000000000 ) ;
#5918 = AXIS2_PLACEMENT_3D ( 'NONE', #3832, #320, #1094 ) ;
#5919 = ORIENTED_EDGE ( 'NONE', *, *, #8109, .T. ) ;
#5920 = ORIENTED_EDGE ( 'NONE', *, *, #7070, .T. ) ;
#5921 = CARTESIAN_POINT ( 'NONE',  ( 27.28294234767825444, -19.57972195055236853, 4.000000000000000000 ) ) ;
#5922 = AXIS2_PLACEMENT_3D ( 'NONE', #2011, #4736, #6745 ) ;
#5923 = LINE ( 'NONE', #510, #11135 ) ;
#5924 = ORIENTED_EDGE ( 'NONE', *, *, #11247, .T. ) ;
#5925 = CARTESIAN_POINT ( 'NONE',  ( -17.82426233348197542, -23.71555578679803133, 4.000000000000000000 ) ) ;
#5926 = DIRECTION ( 'NONE',  ( -1.000000000000000000, 0.000000000000000000, 0.000000000000000000 ) ) ;
#5927 = CIRCLE ( 'NONE', #4424, 1.499999999999999556 ) ;
#5928 = FACE_OUTER_BOUND ( 'NONE', #8037, .T. ) ;
#5929 = ORIENTED_EDGE ( 'NONE', *, *, #1319, .F. ) ;
#5930 = CARTESIAN_POINT ( 'NONE',  ( 30.53166971849661593, -28.30308689255540244, 21.58643734109091383 ) ) ;
#5931 = EDGE_LOOP ( 'NONE', ( #483, #3974 ) ) ;
#5932 = CARTESIAN_POINT ( 'NONE',  ( -40.99999999999998579, -37.29999999999999716, 40.50000000000000000 ) ) ;
#5933 = CARTESIAN_POINT ( 'NONE',  ( 30.61471888390895657, -28.49559017066029298, 21.91554107706834031 ) ) ;
#5934 = VERTEX_POINT ( 'NONE', #1493 ) ;
#5935 = CARTESIAN_POINT ( 'NONE',  ( 9.654360114351572264, -32.36545207675999336, 6.000000000000000000 ) ) ;
#5936 = AXIS2_PLACEMENT_3D ( 'NONE', #583, #527, #709 ) ;
#5937 = CARTESIAN_POINT ( 'NONE',  ( -9.914902141171015870, -32.48398822389420815, 5.827893587699504607 ) ) ;
#5938 = DIRECTION ( 'NONE',  ( 1.000000000000000000, 0.000000000000000000, 0.000000000000000000 ) ) ;
#5939 = CIRCLE ( 'NONE', #2337, 3.000000000000002665 ) ;
#5940 = CARTESIAN_POINT ( 'NONE',  ( -19.39069158978332297, 26.64689772753411745, 5.700000000000000178 ) ) ;
#5941 = ORIENTED_EDGE ( 'NONE', *, *, #5766, .T. ) ;
#5942 = CIRCLE ( 'NONE', #4048, 0.5000000000000004441 ) ;
#5943 = DIRECTION ( 'NONE',  ( -0.000000000000000000, -1.000000000000000000, 0.000000000000000000 ) ) ;
#5944 = CARTESIAN_POINT ( 'NONE',  ( 26.37721042956268391, -33.23581040714419288, 49.84115518806387968 ) ) ;
#5945 = B_SPLINE_CURVE_WITH_KNOTS ( 'NONE', 3,
 ( #2915, #1179, #395, #3077, #9350, #9298 ),
 .UNSPECIFIED., .F., .F.,
 ( 4, 2, 4 ),
 ( 0.000000000000000000, 0.0004227431704547971424, 0.0008454863409095942847 ),
 .UNSPECIFIED. ) ;
#5946 = LINE ( 'NONE', #6431, #5887 ) ;
#5947 = AXIS2_PLACEMENT_3D ( 'NONE', #7198, #3500, #7256 ) ;
#5948 = AXIS2_PLACEMENT_3D ( 'NONE', #7282, #7168, #129 ) ;
#5949 = DIRECTION ( 'NONE',  ( 0.000000000000000000, -1.000000000000000000, 0.000000000000000000 ) ) ;
#5950 = CIRCLE ( 'NONE', #1027, 0.2999999999999992117 ) ;
#5951 = DIRECTION ( 'NONE',  ( -0.000000000000000000, -0.000000000000000000, 1.000000000000000000 ) ) ;
#5952 = CARTESIAN_POINT ( 'NONE',  ( 24.74873734153059601, -24.74873734152912519, 5.799999999999999822 ) ) ;
#5953 = ORIENTED_EDGE ( 'NONE', *, *, #4379, .T. ) ;
#5954 = CARTESIAN_POINT ( 'NONE',  ( 27.58294234767708986, -1.638969059106943797E-12, 6.000000000000000000 ) ) ;
#5955 = CARTESIAN_POINT ( 'NONE',  ( 30.91399482062600512, -29.50000000000000000, 49.00000000000000000 ) ) ;
#5956 = CARTESIAN_POINT ( 'NONE',  ( 25.07448155164757608, -18.94607976204614275, 5.700000000000000178 ) ) ;
#5957 = LINE ( 'NONE', #1441, #5702 ) ;
#5958 = EDGE_LOOP ( 'NONE', ( #6526, #5787, #8292, #6217 ) ) ;
#5959 = AXIS2_PLACEMENT_3D ( 'NONE', #8670, #6030, #8396 ) ;
#5960 = CIRCLE ( 'NONE', #8270, 2.800000000000000266 ) ;
#5961 = CARTESIAN_POINT ( 'NONE',  ( -45.00000000000000000, -28.49999999999999645, 45.00000000000000711 ) ) ;
#5962 = AXIS2_PLACEMENT_3D ( 'NONE', #1384, #6023, #5066 ) ;
#5964 = EDGE_CURVE ( 'NONE', #9265, #1119, #11245, .T. ) ;
#5963 = DIRECTION ( 'NONE',  ( 0.000000000000000000, 0.000000000000000000, -1.000000000000000000 ) ) ;
#5965 = CARTESIAN_POINT ( 'NONE',  ( -19.29508843714771515, -32.79999999999999716, 6.427855894855588836 ) ) ;
#5966 = ADVANCED_FACE ( 'NONE', ( #10446 ), #6479, .T. ) ;
#5967 = ORIENTED_EDGE ( 'NONE', *, *, #7972, .F. ) ;
#5968 = ADVANCED_FACE ( 'NONE', ( #6018 ), #11223, .T. ) ;
#5969 = CARTESIAN_POINT ( 'NONE',  ( 24.74873734152913229, 24.75126265847088547, 0.1999999999999987899 ) ) ;
#5970 = CARTESIAN_POINT ( 'NONE',  ( 19.50000000000001421, -36.50000000000000000, 52.15361389894797384 ) ) ;
#5971 = CARTESIAN_POINT ( 'NONE',  ( -12.23596626286900069, -27.75692072334130245, 5.700000000000000178 ) ) ;
#5972 = ORIENTED_EDGE ( 'NONE', *, *, #6285, .T. ) ;
#5973 = EDGE_CURVE ( 'NONE', #4337, #4675, #3657, .T. ) ;
#5974 = CARTESIAN_POINT ( 'NONE',  ( -34.49999999998937739, -28.49999999999999645, 21.36357381038997616 ) ) ;
#5975 = EDGE_CURVE ( 'NONE', #9953, #2415, #5162, .T. ) ;
#5976 = DIRECTION ( 'NONE',  ( -0.000000000000000000, -0.000000000000000000, 1.000000000000000000 ) ) ;
#5977 = CARTESIAN_POINT ( 'NONE',  ( -3.244874193390042461, -32.45419513345802898, 6.000000000000000000 ) ) ;
#5978 = ORIENTED_EDGE ( 'NONE', *, *, #3195, .T. ) ;
#5979 = CARTESIAN_POINT ( 'NONE',  ( 24.74873734152913229, 24.75126265847088547, 6.000000000000000000 ) ) ;
#5980 = DIRECTION ( 'NONE',  ( 0.000000000000000000, 0.000000000000000000, 1.000000000000000000 ) ) ;
#5981 = CIRCLE ( 'NONE', #7527, 0.4999999999999983902 ) ;
#5982 = ORIENTED_EDGE ( 'NONE', *, *, #1408, .T. ) ;
#5983 = EDGE_CURVE ( 'NONE', #2830, #8932, #1378, .T. ) ;
#5984 = ORIENTED_EDGE ( 'NONE', *, *, #6032, .F. ) ;
#5985 = CARTESIAN_POINT ( 'NONE',  ( 18.76449674900052855, -27.54346039546383196, 4.000000000000000000 ) ) ;
#5986 = EDGE_CURVE ( 'NONE', #2906, #2788, #11401, .T. ) ;
#5987 = ADVANCED_FACE ( 'NONE', ( #1376 ), #9344, .T. ) ;
#5988 = CARTESIAN_POINT ( 'NONE',  ( -9.696849110207120148, -32.79999999999999716, 6.499999928850106024 ) ) ;
#5989 = VERTEX_POINT ( 'NONE', #2163 ) ;
#5990 = DIRECTION ( 'NONE',  ( -0.000000000000000000, -0.000000000000000000, 1.000000000000000000 ) ) ;
#5991 = CARTESIAN_POINT ( 'NONE',  ( 19.96629138838773798, -32.29999999999999716, 6.000000000000000000 ) ) ;
#5992 = AXIS2_PLACEMENT_3D ( 'NONE', #4584, #1852, #1609 ) ;
#5993 = DIRECTION ( 'NONE',  ( -1.000000000000000000, 0.000000000000000000, 0.000000000000000000 ) ) ;
#5994 = EDGE_LOOP ( 'NONE', ( #3019, #3075, #4508, #9833 ) ) ;
#5995 = DIRECTION ( 'NONE',  ( 1.000000000000000000, 0.000000000000000000, -1.826024711554533913E-16 ) ) ;
#5996 = EDGE_CURVE ( 'NONE', #4794, #3795, #4190, .T. ) ;
#5997 = AXIS2_PLACEMENT_3D ( 'NONE', #10960, #5445, #1059 ) ;
#5998 = ORIENTED_EDGE ( 'NONE', *, *, #5693, .T. ) ;
#5999 = CARTESIAN_POINT ( 'NONE',  ( -20.36303665768713955, -32.29999999999999716, 6.000000000000000000 ) ) ;
#6000 = CARTESIAN_POINT ( 'NONE',  ( -18.60168694399052924, 22.70891192219750465, 5.700000000000000178 ) ) ;
#6001 = ORIENTED_EDGE ( 'NONE', *, *, #6511, .T. ) ;
#6002 = CARTESIAN_POINT ( 'NONE',  ( 9.839191894115536741, -32.79999999999999716, 6.481163555524409148 ) ) ;
#6003 = DIRECTION ( 'NONE',  ( 1.000000000000000000, 0.000000000000000000, 0.000000000000000000 ) ) ;
#6004 = FACE_OUTER_BOUND ( 'NONE', #312, .T. ) ;
#6005 = DIRECTION ( 'NONE',  ( 1.519465818373845562E-16, -1.000000000000000000, 0.000000000000000000 ) ) ;
#6006 = ORIENTED_EDGE ( 'NONE', *, *, #8671, .F. ) ;
#6007 = CARTESIAN_POINT ( 'NONE',  ( 30.65000366322149361, 7.080364228166567742, 5.736906155166145105 ) ) ;
#6008 = FACE_OUTER_BOUND ( 'NONE', #6629, .T. ) ;
#6009 = CARTESIAN_POINT ( 'NONE',  ( 26.34065101359201222, -36.49999999999999289, 1.000000000000000000 ) ) ;
#6010 = B_SPLINE_CURVE_WITH_KNOTS ( 'NONE', 3,
 ( #7516, #8298, #10259, #11035 ),
 .UNSPECIFIED., .F., .F.,
 ( 4, 4 ),
 ( 0.000000000000000000, 0.0003951943101946150277 ),
 .UNSPECIFIED. ) ;
#6011 = DIRECTION ( 'NONE',  ( -1.000000000000000000, 0.000000000000000000, 0.000000000000000000 ) ) ;
#6012 = CARTESIAN_POINT ( 'NONE',  ( -31.10932988041732017, -28.20116070374750450, 22.26643338004470962 ) ) ;
#6013 = CARTESIAN_POINT ( 'NONE',  ( -30.68345035621456063, -28.26701241469626780, 21.92525793511993371 ) ) ;
#6014 = ORIENTED_EDGE ( 'NONE', *, *, #1776, .F. ) ;
#6015 = CARTESIAN_POINT ( 'NONE',  ( -30.73988376239001497, 6.614318360276157271, 5.802126667785089786 ) ) ;
#6016 = CARTESIAN_POINT ( 'NONE',  ( 30.51337204287212757, 7.043355396594615847, 6.000000000000000888 ) ) ;
#6017 = FACE_OUTER_BOUND ( 'NONE', #11423, .T. ) ;
#6018 = FACE_OUTER_BOUND ( 'NONE', #2640, .T. ) ;
#6019 = VERTEX_POINT ( 'NONE', #6854 ) ;
#6020 = DIRECTION ( 'NONE',  ( 0.000000000000000000, 0.000000000000000000, -1.000000000000000000 ) ) ;
#6021 = AXIS2_PLACEMENT_3D ( 'NONE', #240, #6555, #11033 ) ;
#6022 = FACE_OUTER_BOUND ( 'NONE', #6900, .T. ) ;
#6023 = DIRECTION ( 'NONE',  ( -0.000000000000000000, 0.000000000000000000, -1.000000000000000000 ) ) ;
#6024 = EDGE_LOOP ( 'NONE', ( #7610, #6389, #3784, #2856, #5785 ) ) ;
#6025 = CARTESIAN_POINT ( 'NONE',  ( -32.06342199532438997, 7.328655437323149613, 4.436494217628941250 ) ) ;
#6026 = CARTESIAN_POINT ( 'NONE',  ( -11.88379308764716136, 26.28294234767709270, 4.000000000000000000 ) ) ;
#6027 = CARTESIAN_POINT ( 'NONE',  ( -21.48033429508656056, 17.71788375388184278, 5.700000000000000178 ) ) ;
#6028 = ORIENTED_EDGE ( 'NONE', *, *, #3869, .F. ) ;
#6029 = DIRECTION ( 'NONE',  ( -1.000000000000000000, 0.000000000000000000, 0.000000000000000000 ) ) ;
#6030 = DIRECTION ( 'NONE',  ( -0.000000000000000000, -0.000000000000000000, 1.000000000000000000 ) ) ;
#6031 = EDGE_LOOP ( 'NONE', ( #868, #1625, #2396, #43 ) ) ;
#6032 = EDGE_CURVE ( 'NONE', #6385, #4807, #5957, .T. ) ;
#6033 = EDGE_CURVE ( 'NONE', #6418, #3947, #4177, .T. ) ;
#6034 = DIRECTION ( 'NONE',  ( -1.000000000000000000, 0.000000000000000000, 0.000000000000000000 ) ) ;
#6035 = ORIENTED_EDGE ( 'NONE', *, *, #1396, .T. ) ;
#6036 = CARTESIAN_POINT ( 'NONE',  ( -33.99999999999997868, 4.500000000000001776, 5.352827917084656661 ) ) ;
#6037 = CARTESIAN_POINT ( 'NONE',  ( -45.00000000000000000, -37.50000000000000000, 50.00000000000000000 ) ) ;
#6038 = ORIENTED_EDGE ( 'NONE', *, *, #7436, .T. ) ;
#6039 = ORIENTED_EDGE ( 'NONE', *, *, #1640, .T. ) ;
#6040 = DIRECTION ( 'NONE',  ( 0.000000000000000000, 0.000000000000000000, -1.000000000000000000 ) ) ;
#6041 = ORIENTED_EDGE ( 'NONE', *, *, #151, .F. ) ;
#6042 = CARTESIAN_POINT ( 'NONE',  ( -26.56527095544953454, -19.67937319653712436, 6.000000000000000000 ) ) ;
#6043 = EDGE_LOOP ( 'NONE', ( #1137, #6118, #4213, #5643, #1160 ) ) ;
#6044 = DIRECTION ( 'NONE',  ( 0.000000000000000000, 0.000000000000000000, 1.000000000000000000 ) ) ;
#6045 = CARTESIAN_POINT ( 'NONE',  ( 19.81033674755688878, -32.80000000000040927, 6.094797581141483178 ) ) ;
#6046 = DIRECTION ( 'NONE',  ( 0.000000000000000000, 0.000000000000000000, 1.000000000000000000 ) ) ;
#6047 = EDGE_CURVE ( 'NONE', #5208, #3860, #7253, .T. ) ;
#6048 = ORIENTED_EDGE ( 'NONE', *, *, #7223, .T. ) ;
#6049 = CARTESIAN_POINT ( 'NONE',  ( 30.20715215380526075, -28.79262920306126716, 21.38819140624178416 ) ) ;
#6050 = EDGE_CURVE ( 'NONE', #150, #3932, #1348, .T. ) ;
#6051 = EDGE_CURVE ( 'NONE', #4260, #6768, #4422, .T. ) ;
#6052 = ADVANCED_FACE ( 'NONE', ( #10750 ), #7633, .T. ) ;
#6053 = EDGE_LOOP ( 'NONE', ( #5857, #10641, #4324, #2521 ) ) ;
#6054 = CARTESIAN_POINT ( 'NONE',  ( 18.53459485037877030, 21.82807647900857262, 5.700000000000000178 ) ) ;
#6055 = EDGE_LOOP ( 'NONE', ( #1891, #10924, #9322, #3282 ) ) ;
#6056 = CARTESIAN_POINT ( 'NONE',  ( 9.557889733366302210, -32.29999999999999716, 6.000000000000000000 ) ) ;
#6057 = DIRECTION ( 'NONE',  ( 0.000000000000000000, 0.000000000000000000, -1.000000000000000000 ) ) ;
#6058 = CIRCLE ( 'NONE', #936, 0.5000000000000004441 ) ;
#6059 = DIRECTION ( 'NONE',  ( 0.000000000000000000, 0.000000000000000000, -1.000000000000000000 ) ) ;
#6060 = ORIENTED_EDGE ( 'NONE', *, *, #7296, .T. ) ;
#6061 = CARTESIAN_POINT ( 'NONE',  ( 18.90955557852439384, 27.28294234767710336, 5.700000000000000178 ) ) ;
#6062 = EDGE_CURVE ( 'NONE', #9227, #6690, #6375, .T. ) ;
#6063 = VECTOR ( 'NONE', #9226, 999.9999999999998863 ) ;
#6064 = CARTESIAN_POINT ( 'NONE',  ( -48.99999999999999289, -28.49999999999999645, 0.000000000000000000 ) ) ;
#6065 = LINE ( 'NONE', #3160, #9315 ) ;
#6066 = DIRECTION ( 'NONE',  ( -0.000000000000000000, -0.000000000000000000, 1.000000000000000000 ) ) ;
#6067 = CARTESIAN_POINT ( 'NONE',  ( -9.311874429641301631, -32.09312106124921371, 5.700000000000000178 ) ) ;
#6068 = EDGE_LOOP ( 'NONE', ( #2240, #1409, #2965 ) ) ;
#6069 = CARTESIAN_POINT ( 'NONE',  ( -34.19950025674089034, -28.70033316217270070, 0.8854532754542104867 ) ) ;
#6070 = DIRECTION ( 'NONE',  ( 0.000000000000000000, 0.000000000000000000, -1.000000000000000000 ) ) ;
#6071 = CARTESIAN_POINT ( 'NONE',  ( 25.01185409785569647, -19.24013356071473879, 6.000000000000000000 ) ) ;
#6072 = DIRECTION ( 'NONE',  ( 1.000000000000000000, -0.000000000000000000, -0.000000000000000000 ) ) ;
#6073 = ORIENTED_EDGE ( 'NONE', *, *, #10418, .F. ) ;
#6074 = AXIS2_PLACEMENT_3D ( 'NONE', #3180, #7608, #8617 ) ;
#6075 = DIRECTION ( 'NONE',  ( 1.000000000000000000, 0.000000000000000000, 0.000000000000000000 ) ) ;
#6076 = CARTESIAN_POINT ( 'NONE',  ( -26.28294234767779969, -11.88379308764559106, 4.000000000000000000 ) ) ;
#6077 = DIRECTION ( 'NONE',  ( 4.555537787422057702E-17, 0.8994353934787675531, -0.4370537414983364233 ) ) ;
#6078 = ORIENTED_EDGE ( 'NONE', *, *, #7543, .F. ) ;
#6079 = DIRECTION ( 'NONE',  ( 0.000000000000000000, 0.000000000000000000, 1.000000000000000000 ) ) ;
#6080 = VECTOR ( 'NONE', #9446, 1000.000000000000000 ) ;
#6081 = LINE ( 'NONE', #495, #8089 ) ;
#6082 = CARTESIAN_POINT ( 'NONE',  ( -45.00000000000000000, -28.49999999999999645, 50.00000000000000000 ) ) ;
#6083 = VERTEX_POINT ( 'NONE', #11578 ) ;
#6084 = CARTESIAN_POINT ( 'NONE',  ( -33.15084564380267551, -28.50000000000101963, 22.49999999998363975 ) ) ;
#6085 = CARTESIAN_POINT ( 'NONE',  ( 17.10207363691596072, -23.01981910636216710, 4.000000000000000000 ) ) ;
#6086 = ORIENTED_EDGE ( 'NONE', *, *, #10094, .F. ) ;
#6087 = CIRCLE ( 'NONE', #8016, 3.000000000000002665 ) ;
#6088 = CARTESIAN_POINT ( 'NONE',  ( -3.493318482134661451, -32.45419513217476037, 5.999999999583975452 ) ) ;
#6089 = ORIENTED_EDGE ( 'NONE', *, *, #10591, .T. ) ;
#6090 = VECTOR ( 'NONE', #7756, 1000.000000000000000 ) ;
#6091 = LINE ( 'NONE', #8858, #9513 ) ;
#6092 = DIRECTION ( 'NONE',  ( 0.000000000000000000, 0.000000000000000000, -1.000000000000000000 ) ) ;
#6093 = ORIENTED_EDGE ( 'NONE', *, *, #11162, .T. ) ;
#6094 = EDGE_CURVE ( 'NONE', #9274, #1269, #10128, .T. ) ;
#6095 = TOROIDAL_SURFACE ( 'NONE', #7825, 4.500000000000000888, 0.5000000000000000000 ) ;
#6096 = ORIENTED_EDGE ( 'NONE', *, *, #4024, .F. ) ;
#6097 = ADVANCED_FACE ( 'NONE', ( #1615 ), #3399, .F. ) ;
#6098 = CARTESIAN_POINT ( 'NONE',  ( -37.99999999999999289, -37.29999999999999716, 14.00000000000000178 ) ) ;
#6099 = ORIENTED_EDGE ( 'NONE', *, *, #3365, .T. ) ;
#6100 = EDGE_CURVE ( 'NONE', #2644, #5530, #5187, .T. ) ;
#6101 = AXIS2_PLACEMENT_3D ( 'NONE', #9905, #9005, #8170 ) ;
#6102 = DIRECTION ( 'NONE',  ( 1.000000000000000000, 1.137523590804463822E-16, 0.000000000000000000 ) ) ;
#6103 = VERTEX_POINT ( 'NONE', #723 ) ;
#6104 = CARTESIAN_POINT ( 'NONE',  ( -19.62124042640116528, -32.50535767259164999, 5.980845592710129388 ) ) ;
#6105 = CARTESIAN_POINT ( 'NONE',  ( -24.75000000000000355, 3.031000827889699650E-15, 0.5000000000000004441 ) ) ;
#6106 = AXIS2_PLACEMENT_3D ( 'NONE', #9475, #1971, #6612 ) ;
#6107 = CARTESIAN_POINT ( 'NONE',  ( -18.83372836813864382, 21.80529186681957654, 6.000000000000000000 ) ) ;
#6108 = ORIENTED_EDGE ( 'NONE', *, *, #7071, .T. ) ;
#6109 = CIRCLE ( 'NONE', #2695, 1.000000000000000888 ) ;
#6110 = CARTESIAN_POINT ( 'NONE',  ( -27.28294234767779614, -11.88379308764553244, 4.000000000000000000 ) ) ;
#6111 =( BOUNDED_SURFACE ( )  B_SPLINE_SURFACE ( 3, 2, ( 
 ( #2605, #7976, #1647 ),
 ( #11736, #10832, #5219 ),
 ( #7197, #5275, #3560 ),
 ( #8917, #10714, #9949 ),
 ( #4388, #6104, #6228 ),
 ( #1702, #4456, #2546 ),
 ( #6286, #8034, #8866 ),
 ( #1768, #4511, #11672 ) ),
 .UNSPECIFIED., .F., .F., .F. ) 
 B_SPLINE_SURFACE_WITH_KNOTS ( ( 4, 2, 2, 4 ),
 ( 3, 3 ),
 ( -3.001884765069240402E-18, 0.0001763755134138392927, 0.0003527510268276815670, 0.0007055020536553661698 ),
 ( 0.000000000000000000, 1.000000000000000000 ),
 .UNSPECIFIED. ) 
 GEOMETRIC_REPRESENTATION_ITEM ( )  RATIONAL_B_SPLINE_SURFACE ( (
 ( 1.000000000000000000, 0.8361456082394443934, 1.000000000000000000),
 ( 1.000000000000000000, 0.8634066397130401027, 1.000000000000000000),
 ( 1.000000000000000000, 0.8754612985545988657, 1.000000000000000000),
 ( 1.000000000000000000, 0.8955179646194015852, 1.000000000000000000),
 ( 1.000000000000000000, 0.9021953188669542545, 1.000000000000000000),
 ( 1.000000000000000000, 0.9176422646345440137, 1.000000000000000000),
 ( 1.000000000000000000, 0.9213518376612566119, 1.000000000000000000),
 ( 1.000000000000000000, 0.9215226419813491443, 1.000000000000000000) ) ) 
 REPRESENTATION_ITEM ( '' )  SURFACE ( )  );
#6112 = AXIS2_PLACEMENT_3D ( 'NONE', #7142, #877, #9887 ) ;
#6113 = ORIENTED_EDGE ( 'NONE', *, *, #9497, .T. ) ;
#6114 = ADVANCED_FACE ( 'NONE', ( #5249 ), #2492, .T. ) ;
#6115 = VECTOR ( 'NONE', #7790, 1000.000000000000000 ) ;
#6116 = CARTESIAN_POINT ( 'NONE',  ( 30.53171403114270888, -28.30307374770241324, 21.58670197910455002 ) ) ;
#6117 = AXIS2_PLACEMENT_3D ( 'NONE', #2646, #8854, #10875 ) ;
#6118 = ORIENTED_EDGE ( 'NONE', *, *, #1848, .F. ) ;
#6119 = ADVANCED_FACE ( 'NONE', ( #8129 ), #6509, .F. ) ;
#6120 = FACE_OUTER_BOUND ( 'NONE', #8434, .T. ) ;
#6121 = ADVANCED_FACE ( 'NONE', ( #1554 ), #7888, .T. ) ;
#6122 = DIRECTION ( 'NONE',  ( 0.000000000000000000, 0.000000000000000000, -1.000000000000000000 ) ) ;
#6123 = DIRECTION ( 'NONE',  ( 0.000000000000000000, 0.000000000000000000, 1.000000000000000000 ) ) ;
#6124 = CARTESIAN_POINT ( 'NONE',  ( 3.244874193390044681, -32.29999999999999716, 6.475629962069106682 ) ) ;
#6125 = ORIENTED_EDGE ( 'NONE', *, *, #7954, .F. ) ;
#6126 = DIRECTION ( 'NONE',  ( 0.000000000000000000, -0.4370537414983364788, -0.8994353934787675531 ) ) ;
#6127 = CARTESIAN_POINT ( 'NONE',  ( 26.61078199885682238, -33.79999999999999716, 50.00000000000000000 ) ) ;
#6128 = CIRCLE ( 'NONE', #9382, 2.599999999999998312 ) ;
#6129 = FACE_OUTER_BOUND ( 'NONE', #5958, .T. ) ;
#6130 = CARTESIAN_POINT ( 'NONE',  ( 27.04775779477855835, -36.99999999999999289, 49.50000000000000000 ) ) ;
#6131 = CIRCLE ( 'NONE', #10944, 1.000000000000000888 ) ;
#6132 = CARTESIAN_POINT ( 'NONE',  ( 45.00000000000000711, -29.50000000000000000, 50.00000000000000000 ) ) ;
#6133 = TOROIDAL_SURFACE ( 'NONE', #3673, 27.54471522829317465, 0.2999999999999999889 ) ;
#6134 = CARTESIAN_POINT ( 'NONE',  ( 27.28294234767821536, -18.90955557852278801, 4.000000000000000000 ) ) ;
#6135 = ORIENTED_EDGE ( 'NONE', *, *, #1023, .F. ) ;
#6136 = EDGE_CURVE ( 'NONE', #11003, #8909, #5527, .T. ) ;
#6137 = CARTESIAN_POINT ( 'NONE',  ( -18.90955557852439028, 26.78294234767708559, 5.000000000000000000 ) ) ;
#6138 = EDGE_CURVE ( 'NONE', #8451, #5268, #4583, .T. ) ;
#6139 = CARTESIAN_POINT ( 'NONE',  ( 30.02809001505141140, 7.733035865391200581, 6.000000000000000000 ) ) ;
#6140 = VECTOR ( 'NONE', #11153, 1000.000000000000000 ) ;
#6141 = CARTESIAN_POINT ( 'NONE',  ( -9.694019264298143312, -32.55329907306023784, 6.067174015947474963 ) ) ;
#6142 = DIRECTION ( 'NONE',  ( 1.000000000000000000, 0.000000000000000000, -0.000000000000000000 ) ) ;
#6143 = ORIENTED_EDGE ( 'NONE', *, *, #8671, .T. ) ;
#6144 = DIRECTION ( 'NONE',  ( -1.000000000000000000, 0.000000000000000000, -0.000000000000000000 ) ) ;
#6145 = AXIS2_PLACEMENT_3D ( 'NONE', #5231, #2378, #6003 ) ;
#6146 = CIRCLE ( 'NONE', #4633, 1.000000000000000888 ) ;
#6147 = CARTESIAN_POINT ( 'NONE',  ( 30.37760673426212321, -28.62230188570046963, 21.57402752746417818 ) ) ;
#6148 = CARTESIAN_POINT ( 'NONE',  ( 32.99999999999997868, -29.50000000000000000, 0.5000000000000074385 ) ) ;
#6149 = CIRCLE ( 'NONE', #7501, 1.000000000000000888 ) ;
#6150 = ORIENTED_EDGE ( 'NONE', *, *, #10344, .F. ) ;
#6151 = CARTESIAN_POINT ( 'NONE',  ( -31.34917185676371787, 7.479610547444778490, 4.387592802248221346 ) ) ;
#6152 = CARTESIAN_POINT ( 'NONE',  ( 37.80000000000001137, -37.29999999999999005, 40.50000000000000000 ) ) ;
#6153 = DIRECTION ( 'NONE',  ( -0.000000000000000000, -0.000000000000000000, 1.000000000000000000 ) ) ;
#6154 = ORIENTED_EDGE ( 'NONE', *, *, #10344, .T. ) ;
#6155 = CARTESIAN_POINT ( 'NONE',  ( -34.46095901037023879, -28.49999999999999645, 21.58175168665243504 ) ) ;
#6156 = CIRCLE ( 'NONE', #6348, 1.000000000000000888 ) ;
#6157 = CIRCLE ( 'NONE', #9598, 1.000000000000000888 ) ;
#6158 = LINE ( 'NONE', #2463, #1557 ) ;
#6159 = ORIENTED_EDGE ( 'NONE', *, *, #8991, .T. ) ;
#6160 = AXIS2_PLACEMENT_3D ( 'NONE', #11354, #324, #3170 ) ;
#6161 = CARTESIAN_POINT ( 'NONE',  ( -18.53459485037878807, 21.82807647900889592, 5.700000000000000178 ) ) ;
#6162 = ORIENTED_EDGE ( 'NONE', *, *, #5913, .T. ) ;
#6163 = CARTESIAN_POINT ( 'NONE',  ( -30.49999999999997868, 26.00000000000000355, 0.5000000000000004441 ) ) ;
#6164 = CARTESIAN_POINT ( 'NONE',  ( -40.99999999999998579, -37.50000000000000000, 40.50000000000000000 ) ) ;
#6165 = ORIENTED_EDGE ( 'NONE', *, *, #8104, .T. ) ;
#6166 = AXIS2_PLACEMENT_3D ( 'NONE', #11064, #2898, #2658 ) ;
#6167 = EDGE_LOOP ( 'NONE', ( #3586, #159, #4164, #7231 ) ) ;
#6168 = ORIENTED_EDGE ( 'NONE', *, *, #7734, .T. ) ;
#6169 = CARTESIAN_POINT ( 'NONE',  ( 30.50000000000001066, 8.468626966596882966, 6.000000000000000000 ) ) ;
#6170 = ORIENTED_EDGE ( 'NONE', *, *, #8541, .T. ) ;
#6171 = CARTESIAN_POINT ( 'NONE',  ( 10.40005347590610540, -32.79999999999999716, 6.427855894855585284 ) ) ;
#6172 = CARTESIAN_POINT ( 'NONE',  ( 30.49999999999997868, 2.139175515927377536, 6.500000000000000888 ) ) ;
#6173 = CARTESIAN_POINT ( 'NONE',  ( -26.19678717823081371, -32.79999999999999716, 6.500000000000000888 ) ) ;
#6174 = VERTEX_POINT ( 'NONE', #9129 ) ;
#6175 = CIRCLE ( 'NONE', #4085, 9.999999999999998224 ) ;
#6176 = DIRECTION ( 'NONE',  ( -1.000000000000000000, -1.137523590804463822E-16, 0.000000000000000000 ) ) ;
#6177 = ORIENTED_EDGE ( 'NONE', *, *, #5544, .T. ) ;
#6178 = AXIS2_PLACEMENT_3D ( 'NONE', #2030, #2977, #4818 ) ;
#6179 = DIRECTION ( 'NONE',  ( 1.000000000000000000, 0.000000000000000000, 0.000000000000000000 ) ) ;
#6180 = ORIENTED_EDGE ( 'NONE', *, *, #6844, .F. ) ;
#6181 = PLANE ( 'NONE',  #396 ) ;
#6182 = FACE_OUTER_BOUND ( 'NONE', #3016, .T. ) ;
#6183 = CARTESIAN_POINT ( 'NONE',  ( -31.49999999999997868, -28.49999999999999645, 22.81294424401309584 ) ) ;
#6184 = EDGE_CURVE ( 'NONE', #8141, #10598, #9075, .T. ) ;
#6186 = DIRECTION ( 'NONE',  ( 0.000000000000000000, 0.000000000000000000, -1.000000000000000000 ) ) ;
#6185 =( BOUNDED_SURFACE ( )  B_SPLINE_SURFACE ( 3, 2, ( 
 ( #1326, #6636, #376 ),
 ( #2007, #3911, #10288 ),
 ( #4008, #11232, #3055 ),
 ( #6753, #11186, #8503 ) ),
 .UNSPECIFIED., .F., .F., .F. ) 
 B_SPLINE_SURFACE_WITH_KNOTS ( ( 4, 4 ),
 ( 3, 3 ),
 ( 3.298143008700904488E-16, 0.004844902935326174907 ),
 ( 0.000000000000000000, 1.000000000000000000 ),
 .UNSPECIFIED. ) 
 GEOMETRIC_REPRESENTATION_ITEM ( )  RATIONAL_B_SPLINE_SURFACE ( (
 ( 1.000000000000000000, 0.7071067811865475727, 1.000000000000000000),
 ( 1.000000000000000000, 0.7071067811865475727, 1.000000000000000000),
 ( 1.000000000000000000, 0.7071067811865475727, 1.000000000000000000),
 ( 1.000000000000000000, 0.7071067811865475727, 1.000000000000000000) ) ) 
 REPRESENTATION_ITEM ( '' )  SURFACE ( )  );
#6187 = VERTEX_POINT ( 'NONE', #2983 ) ;
#6188 = EDGE_CURVE ( 'NONE', #1616, #2830, #11042, .T. ) ;
#6189 = DIRECTION ( 'NONE',  ( -1.000000000000000000, -6.938893903907222067E-15, 0.000000000000000000 ) ) ;
#6190 = FACE_OUTER_BOUND ( 'NONE', #962, .T. ) ;
#6191 = EDGE_CURVE ( 'NONE', #4028, #1688, #8401, .T. ) ;
#6192 = CIRCLE ( 'NONE', #5796, 0.7999999999999986011 ) ;
#6193 = FACE_OUTER_BOUND ( 'NONE', #9144, .T. ) ;
#6194 = EDGE_CURVE ( 'NONE', #3194, #13, #4953, .T. ) ;
#6195 = CARTESIAN_POINT ( 'NONE',  ( 31.36610475469737125, -28.21852687074352062, 22.36322654727096904 ) ) ;
#6196 = FACE_OUTER_BOUND ( 'NONE', #2325, .T. ) ;
#6197 = DIRECTION ( 'NONE',  ( 0.7071067811865474617, -0.7071067811865474617, 0.000000000000000000 ) ) ;
#6198 = EDGE_LOOP ( 'NONE', ( #9707, #289, #1413, #11320 ) ) ;
#6199 = DIRECTION ( 'NONE',  ( 0.000000000000000000, 1.204669080539449344E-16, 1.000000000000000000 ) ) ;
#6200 = FACE_OUTER_BOUND ( 'NONE', #28, .T. ) ;
#6201 = CARTESIAN_POINT ( 'NONE',  ( 33.97397267358019946, -28.05719894772363787, 21.46403902761896276 ) ) ;
#6202 = DIRECTION ( 'NONE',  ( 0.000000000000000000, 1.000000000000000000, -0.000000000000000000 ) ) ;
#6203 = ORIENTED_EDGE ( 'NONE', *, *, #4011, .T. ) ;
#6204 = DIRECTION ( 'NONE',  ( -1.000000000000000000, -1.137523590804463822E-16, 0.000000000000000000 ) ) ;
#6205 = EDGE_CURVE ( 'NONE', #5450, #1970, #5335, .T. ) ;
#6206 = EDGE_CURVE ( 'NONE', #11732, #6616, #6941, .T. ) ;
#6207 = ADVANCED_FACE ( 'NONE', ( #4538 ), #134, .T. ) ;
#6208 = EDGE_CURVE ( 'NONE', #9573, #8102, #217, .T. ) ;
#6209 = VERTEX_POINT ( 'NONE', #8357 ) ;
#6210 = LINE ( 'NONE', #915, #11070 ) ;
#6211 = CARTESIAN_POINT ( 'NONE',  ( 10.40005347590610540, -32.55872636749531779, 6.000000000000000000 ) ) ;
#6212 = DIRECTION ( 'NONE',  ( 0.000000000000000000, 0.000000000000000000, 1.000000000000000000 ) ) ;
#6213 = ORIENTED_EDGE ( 'NONE', *, *, #3125, .T. ) ;
#6214 = CARTESIAN_POINT ( 'NONE',  ( -33.69688311793482427, -28.49999999999999645, 22.20965100730941089 ) ) ;
#6215 = DIRECTION ( 'NONE',  ( 0.000000000000000000, 0.000000000000000000, 1.000000000000000000 ) ) ;
#6216 = VERTEX_POINT ( 'NONE', #9309 ) ;
#6217 = ORIENTED_EDGE ( 'NONE', *, *, #9232, .F. ) ;
#6218 = FACE_OUTER_BOUND ( 'NONE', #281, .T. ) ;
#6219 = DIRECTION ( 'NONE',  ( -1.137523590804463822E-16, 1.000000000000000000, 0.000000000000000000 ) ) ;
#6220 = EDGE_CURVE ( 'NONE', #3947, #5323, #3238, .T. ) ;
#6221 = ORIENTED_EDGE ( 'NONE', *, *, #2213, .F. ) ;
#6222 = ORIENTED_EDGE ( 'NONE', *, *, #10727, .F. ) ;
#6223 = DIRECTION ( 'NONE',  ( -0.000000000000000000, -0.000000000000000000, 1.000000000000000000 ) ) ;
#6224 = ORIENTED_EDGE ( 'NONE', *, *, #4318, .T. ) ;
#6225 = DIRECTION ( 'NONE',  ( 0.000000000000000000, 1.000000000000000000, -0.000000000000000000 ) ) ;
#6226 = CARTESIAN_POINT ( 'NONE',  ( 30.02418540085128740, -28.26861648723157217, 21.57402752746103758 ) ) ;
#6227 = ORIENTED_EDGE ( 'NONE', *, *, #11554, .F. ) ;
#6228 = CARTESIAN_POINT ( 'NONE',  ( -19.60859324089366851, -32.50940045567796233, 5.837962305232796467 ) ) ;
#6229 = DIRECTION ( 'NONE',  ( 1.000000000000000000, -0.000000000000000000, 0.000000000000000000 ) ) ;
#6230 = CARTESIAN_POINT ( 'NONE',  ( -19.45953595426632177, 25.78779358249571274, 6.000000000000000888 ) ) ;
#6231 = ORIENTED_EDGE ( 'NONE', *, *, #968, .T. ) ;
#6232 = DIRECTION ( 'NONE',  ( -0.000000000000000000, 1.000000000000000000, -0.000000000000000000 ) ) ;
#6233 = ORIENTED_EDGE ( 'NONE', *, *, #3365, .F. ) ;
#6234 = ORIENTED_EDGE ( 'NONE', *, *, #4614, .F. ) ;
#6235 = CARTESIAN_POINT ( 'NONE',  ( 31.42540803750521050, 7.208040961047743167, 5.092017553351609216 ) ) ;
#6236 = ORIENTED_EDGE ( 'NONE', *, *, #11189, .F. ) ;
#6237 = FACE_BOUND ( 'NONE', #390, .T. ) ;
#6238 = DIRECTION ( 'NONE',  ( -1.000000000000000000, 0.000000000000000000, 0.000000000000000000 ) ) ;
#6239 = DIRECTION ( 'NONE',  ( 0.3717241191168391690, 0.9283432443158134983, -0.000000000000000000 ) ) ;
#6240 = LINE ( 'NONE', #10733, #222 ) ;
#6241 = ORIENTED_EDGE ( 'NONE', *, *, #749, .T. ) ;
#6242 = LINE ( 'NONE', #5170, #11108 ) ;
#6243 = FACE_OUTER_BOUND ( 'NONE', #9352, .T. ) ;
#6244 = CARTESIAN_POINT ( 'NONE',  ( 30.74040364474574361, 5.683815056342091943, 6.000000000000000000 ) ) ;
#6245 = CARTESIAN_POINT ( 'NONE',  ( 31.10932988041733083, -28.20116070374750805, 22.26643338004471673 ) ) ;
#6246 = AXIS2_PLACEMENT_3D ( 'NONE', #10167, #10385, #359 ) ;
#6247 = CARTESIAN_POINT ( 'NONE',  ( -21.86605083265882854, -18.03603898744441736, 5.700000000000000178 ) ) ;
#6248 = DIRECTION ( 'NONE',  ( 0.000000000000000000, 0.000000000000000000, -1.000000000000000000 ) ) ;
#6249 = EDGE_LOOP ( 'NONE', ( #6855, #8798, #1739, #4138 ) ) ;
#6250 = EDGE_CURVE ( 'NONE', #7946, #6588, #7062, .T. ) ;
#6251 = EDGE_CURVE ( 'NONE', #5071, #1119, #2761, .T. ) ;
#6252 = CARTESIAN_POINT ( 'NONE',  ( -10.39816519068723899, -32.55872636749531779, 5.855295988587709388 ) ) ;
#6253 = FACE_OUTER_BOUND ( 'NONE', #4276, .T. ) ;
#6254 = DIRECTION ( 'NONE',  ( -0.000000000000000000, -0.000000000000000000, 1.000000000000000000 ) ) ;
#6255 = CARTESIAN_POINT ( 'NONE',  ( 24.99944416376418843, 19.27827524891693400, 6.000000000000000888 ) ) ;
#6256 = ORIENTED_EDGE ( 'NONE', *, *, #5028, .T. ) ;
#6257 = DIRECTION ( 'NONE',  ( 0.000000000000000000, 0.000000000000000000, -1.000000000000000000 ) ) ;
#6258 = TOROIDAL_SURFACE ( 'NONE', #9133, 2.800000000000000266, 0.2000000000000000111 ) ;
#6259 = DIRECTION ( 'NONE',  ( 1.000000000000000000, 0.000000000000000000, 0.000000000000000000 ) ) ;
#6260 = EDGE_CURVE ( 'NONE', #5067, #195, #4393, .T. ) ;
#6261 = ORIENTED_EDGE ( 'NONE', *, *, #6651, .T. ) ;
#6262 = DIRECTION ( 'NONE',  ( 0.000000000000000000, 0.000000000000000000, -1.000000000000000000 ) ) ;
#6263 = CIRCLE ( 'NONE', #1138, 10.00000000000000178 ) ;
#6264 = DIRECTION ( 'NONE',  ( -0.000000000000000000, -1.000000000000000000, 0.000000000000000000 ) ) ;
#6265 = FACE_OUTER_BOUND ( 'NONE', #10790, .T. ) ;
#6266 = EDGE_LOOP ( 'NONE', ( #3910, #11158, #8924, #6377 ) ) ;
#6267 = CYLINDRICAL_SURFACE ( 'NONE', #8986, 1.000000000000000888 ) ;
#6268 = AXIS2_PLACEMENT_3D ( 'NONE', #10113, #981, #5383 ) ;
#6269 = ADVANCED_FACE ( 'NONE', ( #8242 ), #6501, .F. ) ;
#6270 = FACE_OUTER_BOUND ( 'NONE', #6747, .T. ) ;
#6271 = ORIENTED_EDGE ( 'NONE', *, *, #1454, .T. ) ;
#6272 = EDGE_CURVE ( 'NONE', #3916, #10938, #3818, .T. ) ;
#6273 = VERTEX_POINT ( 'NONE', #5424 ) ;
#6274 = PLANE ( 'NONE',  #7041 ) ;
#6275 = PLANE ( 'NONE',  #5206 ) ;
#6276 = CIRCLE ( 'NONE', #7246, 2.999999999999999112 ) ;
#6277 = ORIENTED_EDGE ( 'NONE', *, *, #314, .T. ) ;
#6278 = ORIENTED_EDGE ( 'NONE', *, *, #1201, .T. ) ;
#6279 = CARTESIAN_POINT ( 'NONE',  ( -9.917641886010109431, -32.48096186426356979, 5.826589863300778660 ) ) ;
#6280 = LINE ( 'NONE', #2719, #5492 ) ;
#6281 = ORIENTED_EDGE ( 'NONE', *, *, #5020, .F. ) ;
#6282 = CARTESIAN_POINT ( 'NONE',  ( 30.50704413230672429, -28.49296112691295590, 21.52808584104352008 ) ) ;
#6283 = DIRECTION ( 'NONE',  ( -1.000000000000000000, 0.000000000000000000, 0.000000000000000000 ) ) ;
#6284 = ORIENTED_EDGE ( 'NONE', *, *, #10140, .F. ) ;
#6285 = EDGE_CURVE ( 'NONE', #10080, #8840, #7463, .T. ) ;
#6286 = CARTESIAN_POINT ( 'NONE',  ( -19.39891987660706363, -32.64920397701369126, 6.070005950831011354 ) ) ;
#6287 = CARTESIAN_POINT ( 'NONE',  ( -25.49999999999997868, 30.50000000000000355, 5.500000000000000000 ) ) ;
#6288 = CIRCLE ( 'NONE', #2289, 0.5000000000000004441 ) ;
#6289 = CARTESIAN_POINT ( 'NONE',  ( -25.78279235760479793, -32.79999999999999716, 6.500000000000000888 ) ) ;
#6290 = VERTEX_POINT ( 'NONE', #6388 ) ;
#6291 = DIRECTION ( 'NONE',  ( 1.000000000000000000, 0.000000000000000000, 0.000000000000000000 ) ) ;
#6292 = ADVANCED_FACE ( 'NONE', ( #2814 ), #10097, .F. ) ;
#6293 = AXIS2_PLACEMENT_3D ( 'NONE', #3344, #6202, #6983 ) ;
#6294 = VERTEX_POINT ( 'NONE', #6734 ) ;
#6295 = AXIS2_PLACEMENT_3D ( 'NONE', #2567, #899, #8229 ) ;
#6296 = ORIENTED_EDGE ( 'NONE', *, *, #10794, .F. ) ;
#6297 = AXIS2_PLACEMENT_3D ( 'NONE', #10841, #11746, #942 ) ;
#6298 = DIRECTION ( 'NONE',  ( 0.000000000000000000, 1.000000000000000000, 0.000000000000000000 ) ) ;
#6299 = ORIENTED_EDGE ( 'NONE', *, *, #2921, .F. ) ;
#6300 = CARTESIAN_POINT ( 'NONE',  ( 11.34689094264287945, 27.28294234767709270, 4.000000000000000000 ) ) ;
#6301 = DIRECTION ( 'NONE',  ( 0.000000000000000000, 0.000000000000000000, 1.000000000000000000 ) ) ;
#6303 = DIRECTION ( 'NONE',  ( 0.000000000000000000, 0.000000000000000000, -1.000000000000000000 ) ) ;
#6302 = AXIS2_PLACEMENT_3D ( 'NONE', #9246, #10028, #10845 ) ;
#6304 = VECTOR ( 'NONE', #93, 1000.000000000000000 ) ;
#6305 = CARTESIAN_POINT ( 'NONE',  ( 30.50000000000001066, 10.20067777416575439, 0.5000000000000004441 ) ) ;
#6306 = ORIENTED_EDGE ( 'NONE', *, *, #9464, .T. ) ;
#6307 = CARTESIAN_POINT ( 'NONE',  ( 32.34856529129288560, -37.29999999999999005, 49.89999999999999858 ) ) ;
#6308 = CARTESIAN_POINT ( 'NONE',  ( 9.557889733366302210, -32.79999999999999716, 6.500000000000000888 ) ) ;
#6309 = VECTOR ( 'NONE', #5034, 1000.000000000000000 ) ;
#6310 = LINE ( 'NONE', #1662, #980 ) ;
#6311 = CIRCLE ( 'NONE', #3843, 3.999999999999996447 ) ;
#6312 = AXIS2_PLACEMENT_3D ( 'NONE', #5296, #3532, #10039 ) ;
#6313 = DIRECTION ( 'NONE',  ( 1.000000000000000000, -0.000000000000000000, 0.000000000000000000 ) ) ;
#6314 = CARTESIAN_POINT ( 'NONE',  ( -19.29508843714793542, -32.85872636749531495, 5.855295988587709388 ) ) ;
#6315 = PLANE ( 'NONE',  #1788 ) ;
#6316 = ORIENTED_EDGE ( 'NONE', *, *, #106, .F. ) ;
#6317 = DIRECTION ( 'NONE',  ( 1.519465818373845562E-16, -1.000000000000000000, -0.000000000000000000 ) ) ;
#6318 = DIRECTION ( 'NONE',  ( 0.2614446611022475109, -0.9652184670742323114, 7.947469906970736021E-15 ) ) ;
#6319 = DIRECTION ( 'NONE',  ( 1.000000000000000000, -5.782411586589324585E-14, 0.000000000000000000 ) ) ;
#6320 = CARTESIAN_POINT ( 'NONE',  ( -30.54206724311818277, -28.49395072621493696, 21.72466699354875175 ) ) ;
#6321 = EDGE_LOOP ( 'NONE', ( #3493, #11669, #6752, #10751, #2740 ) ) ;
#6322 = ADVANCED_FACE ( 'NONE', ( #4875 ), #6095, .T. ) ;
#6323 = CARTESIAN_POINT ( 'NONE',  ( 27.61152916671011681, -32.79999999999999716, 49.00000000000000000 ) ) ;
#6324 = DIRECTION ( 'NONE',  ( 0.000000000000000000, 1.000000000000000000, -0.000000000000000000 ) ) ;
#6325 = CIRCLE ( 'NONE', #6893, 0.2999999999999999334 ) ;
#6326 = AXIS2_PLACEMENT_3D ( 'NONE', #10516, #6153, #9810 ) ;
#6327 = EDGE_LOOP ( 'NONE', ( #9619, #5255, #3619, #8150 ) ) ;
#6328 = CARTESIAN_POINT ( 'NONE',  ( -29.99999999999998224, -36.50000000000000000, 0.000000000000000000 ) ) ;
#6329 = TOROIDAL_SURFACE ( 'NONE', #4990, 0.7999999999999999334, 0.2999999999999999889 ) ;
#6330 = DIRECTION ( 'NONE',  ( -0.000000000000000000, -1.000000000000000000, -0.000000000000000000 ) ) ;
#6331 = CARTESIAN_POINT ( 'NONE',  ( 31.23249750584807671, 5.370801499196965700, 6.004669867920028992 ) ) ;
#6332 = ORIENTED_EDGE ( 'NONE', *, *, #2633, .F. ) ;
#6333 = DIRECTION ( 'NONE',  ( 1.137523590804463822E-16, -1.000000000000000000, -0.000000000000000000 ) ) ;
#6334 = DIRECTION ( 'NONE',  ( 0.000000000000000000, 1.000000000000000000, -0.000000000000000000 ) ) ;
#6335 = ORIENTED_EDGE ( 'NONE', *, *, #3854, .F. ) ;
#6336 = AXIS2_PLACEMENT_3D ( 'NONE', #1195, #1252, #4825 ) ;
#6337 = TOROIDAL_SURFACE ( 'NONE', #272, 25.25000000000000355, 0.5000000000000000000 ) ;
#6338 = EDGE_CURVE ( 'NONE', #1192, #11501, #387, .T. ) ;
#6339 = B_SPLINE_CURVE_WITH_KNOTS ( 'NONE', 3,
 ( #4903, #3132, #6704, #6597, #3966, #2120, #4799, #4857, #2180, #386 ),
 .UNSPECIFIED., .F., .F.,
 ( 4, 2, 2, 2, 4 ),
 ( 2.168404344971008868E-19, 0.0002009734544091892742, 0.0004019469088183784942, 0.0006029203632275676600, 0.0008038938176367569884 ),
 .UNSPECIFIED. ) ;
#6340 = EDGE_CURVE ( 'NONE', #6496, #1616, #9931, .T. ) ;
#6341 = VERTEX_POINT ( 'NONE', #7806 ) ;
#6342 = AXIS2_PLACEMENT_3D ( 'NONE', #6416, #8281, #1884 ) ;
#6343 = CARTESIAN_POINT ( 'NONE',  ( 21.82807647903735671, 18.53459485037958743, 5.700000000000000178 ) ) ;
#6344 = CARTESIAN_POINT ( 'NONE',  ( -31.11487846105330490, 5.456199394431116900, 6.000000000000000000 ) ) ;
#6345 = ADVANCED_FACE ( 'NONE', ( #11440 ), #1199, .F. ) ;
#6346 = EDGE_CURVE ( 'NONE', #8090, #4007, #2084, .T. ) ;
#6347 = ORIENTED_EDGE ( 'NONE', *, *, #2619, .T. ) ;
#6348 = AXIS2_PLACEMENT_3D ( 'NONE', #9950, #1769, #9049 ) ;
#6349 = EDGE_CURVE ( 'NONE', #5691, #1066, #10878, .T. ) ;
#6350 = EDGE_LOOP ( 'NONE', ( #4982, #5271, #567, #8710 ) ) ;
#6351 = DIRECTION ( 'NONE',  ( -1.000000000000000000, 0.000000000000000000, 0.000000000000000000 ) ) ;
#6352 = DIRECTION ( 'NONE',  ( 0.000000000000000000, 0.000000000000000000, -1.000000000000000000 ) ) ;
#6353 = ORIENTED_EDGE ( 'NONE', *, *, #1043, .F. ) ;
#6354 = CARTESIAN_POINT ( 'NONE',  ( 33.99999999999997868, -28.00000000000000000, 1.500000000000007327 ) ) ;
#6355 = AXIS2_PLACEMENT_3D ( 'NONE', #3779, #7420, #11060 ) ;
#6356 = VERTEX_POINT ( 'NONE', #5940 ) ;
#6357 = FACE_OUTER_BOUND ( 'NONE', #3315, .T. ) ;
#6358 = DIRECTION ( 'NONE',  ( 0.000000000000000000, 0.000000000000000000, -1.000000000000000000 ) ) ;
#6359 = VERTEX_POINT ( 'NONE', #6668 ) ;
#6360 = VECTOR ( 'NONE', #6303, 1000.000000000000000 ) ;
#6361 = AXIS2_PLACEMENT_3D ( 'NONE', #5661, #2267, #4842 ) ;
#6362 = LINE ( 'NONE', #7497, #10350 ) ;
#6363 = EDGE_CURVE ( 'NONE', #847, #6356, #10320, .T. ) ;
#6364 = ADVANCED_FACE ( 'NONE', ( #10488 ), #2316, .F. ) ;
#6365 = ORIENTED_EDGE ( 'NONE', *, *, #9228, .F. ) ;
#6366 = EDGE_CURVE ( 'NONE', #9714, #5575, #9864, .T. ) ;
#6367 = ORIENTED_EDGE ( 'NONE', *, *, #11670, .F. ) ;
#6368 = B_SPLINE_SURFACE_WITH_KNOTS ( 'NONE', 3, 1, ( 
 ( #10302, #5513 ),
 ( #8340, #9167 ),
 ( #9295, #1952 ),
 ( #10251, #4694 ),
 ( #8285, #1003 ) ),
 .UNSPECIFIED., .F., .F., .F.,
 ( 4, 1, 4 ),
 ( 2, 2 ),
 ( 0.1618301273298760889, 0.4359087420549495606, 0.7562947540256663714 ),
 ( 0.000000000000000000, 1.000000000000000000 ),
 .UNSPECIFIED. ) ;
#6369 = CARTESIAN_POINT ( 'NONE',  ( 30.50000000000000355, 7.586709862908693758, 4.388610099474774984 ) ) ;
#6370 = ORIENTED_EDGE ( 'NONE', *, *, #8690, .F. ) ;
#6371 = FACE_OUTER_BOUND ( 'NONE', #5698, .T. ) ;
#6372 = FACE_OUTER_BOUND ( 'NONE', #6055, .T. ) ;
#6373 = CIRCLE ( 'NONE', #10761, 0.7999999999999986011 ) ;
#6374 = CARTESIAN_POINT ( 'NONE',  ( -40.99999999999999289, 6.000000000000012434, 14.00000000000000178 ) ) ;
#6375 = B_SPLINE_CURVE_WITH_KNOTS ( 'NONE', 3,
 ( #2448, #10861, #9015, #6255, #7172, #7945 ),
 .UNSPECIFIED., .F., .F.,
 ( 4, 2, 4 ),
 ( 0.000000000000000000, 0.002418693428769465650, 0.004837386857538931301 ),
 .UNSPECIFIED. ) ;
#6376 = CARTESIAN_POINT ( 'NONE',  ( -16.88511317922751331, -22.81666821537258727, 6.000000000000000000 ) ) ;
#6377 = ORIENTED_EDGE ( 'NONE', *, *, #762, .F. ) ;
#6378 = CARTESIAN_POINT ( 'NONE',  ( -19.96629138838773798, -32.46616000976430882, 6.028416655133874258 ) ) ;
#6379 = DIRECTION ( 'NONE',  ( 0.000000000000000000, 0.000000000000000000, -1.000000000000000000 ) ) ;
#6380 = CARTESIAN_POINT ( 'NONE',  ( 30.74512848119494279, -28.24634548648489485, 21.99414047527504579 ) ) ;
#6381 = CIRCLE ( 'NONE', #6178, 3.000000000000000000 ) ;
#6382 = DIRECTION ( 'NONE',  ( 0.000000000000000000, 0.000000000000000000, -1.000000000000000000 ) ) ;
#6383 = CARTESIAN_POINT ( 'NONE',  ( 0.000000000000000000, 0.000000000000000000, 6.000000000000000000 ) ) ;
#6384 = DIRECTION ( 'NONE',  ( -1.224646799147353207E-16, 1.000000000000000000, 0.000000000000000000 ) ) ;
#6385 = VERTEX_POINT ( 'NONE', #1301 ) ;
#6386 = CARTESIAN_POINT ( 'NONE',  ( -18.53459485037876675, 21.82807647900856907, 6.000000000000000000 ) ) ;
#6387 = CARTESIAN_POINT ( 'NONE',  ( -9.000000000000000000, -37.00000000000000000, 16.50000000000000000 ) ) ;
#6388 = CARTESIAN_POINT ( 'NONE',  ( -26.64689772753529340, -19.39069158978175977, 4.000000000000000000 ) ) ;
#6389 = ORIENTED_EDGE ( 'NONE', *, *, #1331, .F. ) ;
#6390 = CIRCLE ( 'NONE', #9260, 3.000000000000002665 ) ;
#6391 = CARTESIAN_POINT ( 'NONE',  ( 31.16152618249965300, 5.700784811662142459, 5.929970578527496095 ) ) ;
#6392 = CARTESIAN_POINT ( 'NONE',  ( 31.18355383723909569, 5.343214204105851017, 6.000000000000000000 ) ) ;
#6393 = LINE ( 'NONE', #10045, #2479 ) ;
#6394 = VERTEX_POINT ( 'NONE', #10430 ) ;
#6395 = CARTESIAN_POINT ( 'NONE',  ( -30.41376826251850574, -37.12046964463419840, 0.2102654029847613737 ) ) ;
#6396 = CARTESIAN_POINT ( 'NONE',  ( -19.99999999999999289, -32.79999999999999716, 44.00000000000000711 ) ) ;
#6397 = CARTESIAN_POINT ( 'NONE',  ( -19.12426233348197258, -23.71555578679803133, 6.000000000000000000 ) ) ;
#6398 = ORIENTED_EDGE ( 'NONE', *, *, #8902, .F. ) ;
#6399 = CARTESIAN_POINT ( 'NONE',  ( 24.74873734153059601, -24.74873734152912519, 0.1999999999999987899 ) ) ;
#6400 = CARTESIAN_POINT ( 'NONE',  ( 33.50361897553828783, -28.74457153669334275, 0.6262136096440243938 ) ) ;
#6401 = ORIENTED_EDGE ( 'NONE', *, *, #1623, .F. ) ;
#6402 = ORIENTED_EDGE ( 'NONE', *, *, #3305, .F. ) ;
#6403 = DIRECTION ( 'NONE',  ( 1.137523590804463822E-16, -1.000000000000000000, -0.000000000000000000 ) ) ;
#6404 = DIRECTION ( 'NONE',  ( -0.000000000000000000, -0.000000000000000000, 1.000000000000000000 ) ) ;
#6405 = ORIENTED_EDGE ( 'NONE', *, *, #8383, .F. ) ;
#6406 = VERTEX_POINT ( 'NONE', #7696 ) ;
#6407 = CARTESIAN_POINT ( 'NONE',  ( -9.711811614589919373, -32.55840988559607752, 6.063876139498503015 ) ) ;
#6408 = CARTESIAN_POINT ( 'NONE',  ( -30.91399482062599446, -29.50000000000000000, 50.00000000000000000 ) ) ;
#6409 = VERTEX_POINT ( 'NONE', #353 ) ;
#6410 = CARTESIAN_POINT ( 'NONE',  ( 33.99999999999997868, -13.12679400932128182, 12.02985011956905836 ) ) ;
#6411 = ADVANCED_FACE ( 'NONE', ( #2254 ), #9605, .T. ) ;
#6412 = EDGE_CURVE ( 'NONE', #10938, #3418, #2112, .T. ) ;
#6413 = CARTESIAN_POINT ( 'NONE',  ( 40.00000000000000711, 7.500000000000002665, 10.50000000000000178 ) ) ;
#6414 = CARTESIAN_POINT ( 'NONE',  ( -19.74939421126593331, -30.00314179813688398, 5.700000000000000178 ) ) ;
#6415 = ORIENTED_EDGE ( 'NONE', *, *, #745, .T. ) ;
#6416 = CARTESIAN_POINT ( 'NONE',  ( -26.56527095544953454, -19.67937319653712436, 5.700000000000000178 ) ) ;
#6417 = ORIENTED_EDGE ( 'NONE', *, *, #10162, .F. ) ;
#6418 = VERTEX_POINT ( 'NONE', #4046 ) ;
#6419 = SPHERICAL_SURFACE ( 'NONE', #6928, 1.000000000000000000 ) ;
#6420 = EDGE_LOOP ( 'NONE', ( #4328, #10698, #9584, #3660, #7447 ) ) ;
#6421 = CARTESIAN_POINT ( 'NONE',  ( 0.000000000000000000, -32.29999999999999716, 6.500000000000000888 ) ) ;
#6422 = CARTESIAN_POINT ( 'NONE',  ( -31.49999999999997868, -28.49999999999999645, 22.81294424401308873 ) ) ;
#6423 = DIRECTION ( 'NONE',  ( 0.000000000000000000, 0.000000000000000000, 1.000000000000000000 ) ) ;
#6424 = EDGE_CURVE ( 'NONE', #3886, #11642, #979, .T. ) ;
#6425 = ADVANCED_FACE ( 'NONE', ( #4988 ), #8644, .T. ) ;
#6426 = CARTESIAN_POINT ( 'NONE',  ( 30.50000000000001066, 8.589811479654802184, 1.378816092836525176 ) ) ;
#6427 = ORIENTED_EDGE ( 'NONE', *, *, #2845, .T. ) ;
#6428 = EDGE_CURVE ( 'NONE', #9683, #4568, #8584, .T. ) ;
#6429 = DIRECTION ( 'NONE',  ( 0.000000000000000000, -0.8994353934787674421, 0.4370537414983364788 ) ) ;
#6430 = CARTESIAN_POINT ( 'NONE',  ( -19.70955557852438744, 26.78294234767708559, 6.000000000000000000 ) ) ;
#6431 = CARTESIAN_POINT ( 'NONE',  ( -0.000000000000000000, -28.49999999999999645, 22.81294424401309229 ) ) ;
#6432 = CARTESIAN_POINT ( 'NONE',  ( 31.23259423347558439, -28.21259249388797841, 22.33015032893257157 ) ) ;
#6433 = DIRECTION ( 'NONE',  ( -1.000000000000000000, -2.081668171172166620E-14, 0.000000000000000000 ) ) ;
#6434 = CARTESIAN_POINT ( 'NONE',  ( -30.37760673426211966, -28.62230188570046252, 21.57402752746414620 ) ) ;
#6435 = ORIENTED_EDGE ( 'NONE', *, *, #8989, .F. ) ;
#6436 = DIRECTION ( 'NONE',  ( 0.000000000000000000, 0.000000000000000000, 1.000000000000000000 ) ) ;
#6437 = LINE ( 'NONE', #4589, #5570 ) ;
#6438 = EDGE_CURVE ( 'NONE', #4748, #5300, #9733, .T. ) ;
#6439 = CARTESIAN_POINT ( 'NONE',  ( -30.22500549483220667, 6.965246764199677365, 5.500000000000000000 ) ) ;
#6440 = ORIENTED_EDGE ( 'NONE', *, *, #17, .F. ) ;
#6441 = CARTESIAN_POINT ( 'NONE',  ( 31.50000000000000711, 5.456199394431115124, 6.000000000000000888 ) ) ;
#6442 = CARTESIAN_POINT ( 'NONE',  ( 30.49999999999997513, 2.139175515927376647, 5.999999999999996447 ) ) ;
#6443 = CARTESIAN_POINT ( 'NONE',  ( -38.48674648294755229, -35.00000000000000000, 50.00000000000000000 ) ) ;
#6444 = AXIS2_PLACEMENT_3D ( 'NONE', #9789, #5949, #1544 ) ;
#6445 = ORIENTED_EDGE ( 'NONE', *, *, #3051, .T. ) ;
#6446 = DIRECTION ( 'NONE',  ( -1.000000000000000000, 0.000000000000000000, 0.000000000000000000 ) ) ;
#6447 = DIRECTION ( 'NONE',  ( -1.224646799147353207E-16, 1.000000000000000000, 0.000000000000000000 ) ) ;
#6448 = CARTESIAN_POINT ( 'NONE',  ( 19.39069158978332297, 26.64689772753412456, 6.000000000000000000 ) ) ;
#6449 = ORIENTED_EDGE ( 'NONE', *, *, #5176, .F. ) ;
#6450 = CARTESIAN_POINT ( 'NONE',  ( -40.99999999999998579, -28.69999999999999574, 40.50000000000000000 ) ) ;
#6451 = CARTESIAN_POINT ( 'NONE',  ( 18.90955557852439384, 27.58294234767708630, 6.000000000000000000 ) ) ;
#6452 = VERTEX_POINT ( 'NONE', #3572 ) ;
#6453 = DIRECTION ( 'NONE',  ( -1.000000000000000000, 0.000000000000000000, 0.000000000000000000 ) ) ;
#6454 = CARTESIAN_POINT ( 'NONE',  ( -40.99999999999998579, 6.000000000000012434, 37.50000000000000000 ) ) ;
#6455 = EDGE_LOOP ( 'NONE', ( #4198, #6001, #6113, #4203, #428 ) ) ;
#6456 = VECTOR ( 'NONE', #9511, 1000.000000000000000 ) ;
#6457 = ORIENTED_EDGE ( 'NONE', *, *, #7376, .F. ) ;
#6458 = CARTESIAN_POINT ( 'NONE',  ( -9.804719683165581401, -32.43766758604229494, 5.808046570442149559 ) ) ;
#6459 = CARTESIAN_POINT ( 'NONE',  ( -30.99999999999998224, 4.500000000000001776, 0.000000000000000000 ) ) ;
#6460 = ORIENTED_EDGE ( 'NONE', *, *, #6424, .F. ) ;
#6461 = DIRECTION ( 'NONE',  ( -0.000000000000000000, -1.000000000000000000, -0.000000000000000000 ) ) ;
#6462 = CARTESIAN_POINT ( 'NONE',  ( 27.28294234767776771, -11.34689094264126119, 4.000000000000000000 ) ) ;
#6463 = CARTESIAN_POINT ( 'NONE',  ( -19.38788832924683803, -28.78656673699739699, 6.000000000000000000 ) ) ;
#6464 = ORIENTED_EDGE ( 'NONE', *, *, #7870, .F. ) ;
#6465 = CIRCLE ( 'NONE', #10110, 0.7999999999999986011 ) ;
#6466 = CARTESIAN_POINT ( 'NONE',  ( -31.49999999999997868, 8.468626966596888295, 4.388610099474774096 ) ) ;
#6467 = EDGE_CURVE ( 'NONE', #9757, #4010, #2620, .T. ) ;
#6468 = ADVANCED_FACE ( 'NONE', ( #585 ), #2122, .T. ) ;
#6469 = EDGE_CURVE ( 'NONE', #6103, #9086, #11260, .T. ) ;
#6470 = ORIENTED_EDGE ( 'NONE', *, *, #7094, .T. ) ;
#6471 = CIRCLE ( 'NONE', #391, 0.3000000000000016542 ) ;
#6472 = DIRECTION ( 'NONE',  ( -0.5702104865420557500, 0.8214986311841744326, 0.000000000000000000 ) ) ;
#6473 = ORIENTED_EDGE ( 'NONE', *, *, #161, .F. ) ;
#6474 = DIRECTION ( 'NONE',  ( 1.000000000000000000, 0.000000000000000000, 1.224646799147353207E-16 ) ) ;
#6475 = DIRECTION ( 'NONE',  ( 0.000000000000000000, 0.000000000000000000, -1.000000000000000000 ) ) ;
#6476 = CARTESIAN_POINT ( 'NONE',  ( 19.00000000000001421, -33.79999999999999716, 27.00000000000000355 ) ) ;
#6477 = DIRECTION ( 'NONE',  ( -0.4119920406074620289, -0.9111874442045937439, 0.000000000000000000 ) ) ;
#6478 = VERTEX_POINT ( 'NONE', #10550 ) ;
#6479 = TOROIDAL_SURFACE ( 'NONE', #9154, 4.500000000000000888, 0.5000000000000000000 ) ;
#6480 = EDGE_CURVE ( 'NONE', #10968, #8376, #656, .T. ) ;
#6481 = DIRECTION ( 'NONE',  ( -1.000000000000000000, 0.000000000000000000, 0.000000000000000000 ) ) ;
#6482 = CARTESIAN_POINT ( 'NONE',  ( 44.20000000000000995, -37.49999999999999289, 14.00000000000000178 ) ) ;
#6483 = CIRCLE ( 'NONE', #8021, 1.484090461570473307 ) ;
#6484 = CARTESIAN_POINT ( 'NONE',  ( 21.82807647903734605, -18.53459485037958387, 5.700000000000000178 ) ) ;
#6485 = EDGE_CURVE ( 'NONE', #10908, #7733, #9937, .T. ) ;
#6486 = ADVANCED_FACE ( 'NONE', ( #11625 ), #9744, .T. ) ;
#6487 = EDGE_CURVE ( 'NONE', #465, #5071, #8038, .T. ) ;
#6488 = VECTOR ( 'NONE', #2741, 1000.000000000000000 ) ;
#6489 = ADVANCED_FACE ( 'NONE', ( #11509 ), #9713, .F. ) ;
#6490 = B_SPLINE_CURVE_WITH_KNOTS ( 'NONE', 3,
 ( #11026, #6426, #2675, #61, #7272, #4524, #4575, #1896, #5518, #6305 ),
 .UNSPECIFIED., .F., .F.,
 ( 4, 2, 2, 2, 4 ),
 ( -6.324555320367875832E-06, 0.0005078165051333041269, 0.001021957565586976112, 0.001536098626040647988, 0.002050239686494319865 ),
 .UNSPECIFIED. ) ;
#6491 = CARTESIAN_POINT ( 'NONE',  ( -11.34820343485739258, 25.09839867021114657, 6.000000000000000000 ) ) ;
#6492 = EDGE_CURVE ( 'NONE', #10365, #7319, #786, .T. ) ;
#6493 = AXIS2_PLACEMENT_3D ( 'NONE', #1028, #4594, #10216 ) ;
#6494 = CARTESIAN_POINT ( 'NONE',  ( 30.00000000000001776, 7.929064901820872535, 6.000000000000000888 ) ) ;
#6495 = DIRECTION ( 'NONE',  ( 0.000000000000000000, 0.000000000000000000, -1.000000000000000000 ) ) ;
#6496 = VERTEX_POINT ( 'NONE', #7092 ) ;
#6497 = FACE_OUTER_BOUND ( 'NONE', #6810, .T. ) ;
#6498 = CARTESIAN_POINT ( 'NONE',  ( 30.91399482062600512, -29.50000000000000000, 49.00000000000000000 ) ) ;
#6499 = AXIS2_PLACEMENT_3D ( 'NONE', #4715, #316, #2041 ) ;
#6500 = CARTESIAN_POINT ( 'NONE',  ( -23.45746667546363184, -18.65870338896341707, 5.700000000000000178 ) ) ;
#6501 = CYLINDRICAL_SURFACE ( 'NONE', #2684, 0.5000000000000004441 ) ;
#6502 = EDGE_LOOP ( 'NONE', ( #11144, #1048, #10517, #8155 ) ) ;
#6503 = CIRCLE ( 'NONE', #5158, 3.000000000000002665 ) ;
#6504 = CARTESIAN_POINT ( 'NONE',  ( 24.74873734152913229, 24.75126265847088547, 5.799999999999999822 ) ) ;
#6505 = DIRECTION ( 'NONE',  ( -6.938893903907236266E-15, -0.7023112407912580624, 0.7118700169681566603 ) ) ;
#6506 = VECTOR ( 'NONE', #7989, 1000.000000000000000 ) ;
#6507 = CYLINDRICAL_SURFACE ( 'NONE', #7431, 0.4999999999999994449 ) ;
#6508 = CIRCLE ( 'NONE', #9173, 24.75000000000000355 ) ;
#6509 =( BOUNDED_SURFACE ( )  B_SPLINE_SURFACE ( 3, 2, ( 
 ( #850, #2579, #2634 ),
 ( #603, #9800, #8839 ),
 ( #2514, #7113, #1672 ),
 ( #9914, #6320, #4487 ),
 ( #9982, #9730, #1805 ),
 ( #8772, #4241, #7039 ) ),
 .UNSPECIFIED., .F., .F., .F. ) 
 B_SPLINE_SURFACE_WITH_KNOTS ( ( 4, 2, 4 ),
 ( 3, 3 ),
 ( 0.000000000000000000, 0.0004083818987591737791, 0.0008167637975183475582 ),
 ( 0.000000000000000000, 1.000000000000000000 ),
 .UNSPECIFIED. ) 
 GEOMETRIC_REPRESENTATION_ITEM ( )  RATIONAL_B_SPLINE_SURFACE ( (
 ( 1.000000000000000000, 0.8780346537715190136, 1.000000000000000000),
 ( 1.000000000000000000, 0.8987566280013794540, 1.000000000000000000),
 ( 1.000000000000000000, 0.9101586324071626599, 1.000000000000000000),
 ( 1.000000000000000000, 0.9268954955813570873, 1.000000000000000000),
 ( 1.000000000000000000, 0.9318859926868127141, 1.000000000000000000),
 ( 1.000000000000000000, 0.9356117878976082380, 1.000000000000000000) ) ) 
 REPRESENTATION_ITEM ( '' )  SURFACE ( )  );
#6510 = EDGE_CURVE ( 'NONE', #7131, #3940, #938, .T. ) ;
#6511 = EDGE_CURVE ( 'NONE', #7106, #5638, #6240, .T. ) ;
#6512 = ORIENTED_EDGE ( 'NONE', *, *, #10894, .F. ) ;
#6513 = DIRECTION ( 'NONE',  ( 0.000000000000000000, 0.000000000000000000, -1.000000000000000000 ) ) ;
#6514 = EDGE_CURVE ( 'NONE', #11681, #223, #1353, .T. ) ;
#6515 = CIRCLE ( 'NONE', #9758, 0.5000000000000004441 ) ;
#6516 = DIRECTION ( 'NONE',  ( 1.000000000000000000, 0.000000000000000000, 0.000000000000000000 ) ) ;
#6517 = CARTESIAN_POINT ( 'NONE',  ( 31.38611389206247182, 5.470738494604773017, 5.988161048804933273 ) ) ;
#6518 = VERTEX_POINT ( 'NONE', #9842 ) ;
#6519 = CARTESIAN_POINT ( 'NONE',  ( -38.48674648294755229, -35.00000000000000000, 49.89999999999999858 ) ) ;
#6520 = DIRECTION ( 'NONE',  ( -1.000000000000000000, 0.000000000000000000, 0.000000000000000000 ) ) ;
#6521 = DIRECTION ( 'NONE',  ( 0.000000000000000000, 0.000000000000000000, -1.000000000000000000 ) ) ;
#6522 = ORIENTED_EDGE ( 'NONE', *, *, #8819, .T. ) ;
#6523 = CARTESIAN_POINT ( 'NONE',  ( -40.99999999999999289, -37.29999999999999716, 14.00000000000000178 ) ) ;
#6524 = FACE_OUTER_BOUND ( 'NONE', #8399, .T. ) ;
#6525 = CIRCLE ( 'NONE', #816, 4.999999999999997335 ) ;
#6526 = ORIENTED_EDGE ( 'NONE', *, *, #5829, .T. ) ;
#6527 = ORIENTED_EDGE ( 'NONE', *, *, #3990, .T. ) ;
#6528 = CARTESIAN_POINT ( 'NONE',  ( 30.46268863376053915, -28.55037630144948935, 21.65231752465301440 ) ) ;
#6529 = DIRECTION ( 'NONE',  ( 1.000000000000000000, 0.000000000000000000, -0.000000000000000000 ) ) ;
#6530 = ORIENTED_EDGE ( 'NONE', *, *, #6050, .T. ) ;
#6531 = CIRCLE ( 'NONE', #5936, 0.5000000000000004441 ) ;
#6532 = TOROIDAL_SURFACE ( 'NONE', #824, 10.50000000000000000, 0.5000000000000000000 ) ;
#6533 = DIRECTION ( 'NONE',  ( -1.000000000000000000, 0.000000000000000000, 0.000000000000000000 ) ) ;
#6534 = VECTOR ( 'NONE', #10780, 1000.000000000000000 ) ;
#6535 = CARTESIAN_POINT ( 'NONE',  ( -27.28294234767779614, -11.88379308764553244, 5.700000000000000178 ) ) ;
#6536 = VERTEX_POINT ( 'NONE', #1658 ) ;
#6537 = CARTESIAN_POINT ( 'NONE',  ( -26.39405745834788064, -33.53825211124489414, 49.97397267484750927 ) ) ;
#6538 = B_SPLINE_CURVE_WITH_KNOTS ( 'NONE', 3,
 ( #10775, #5395, #9048, #9100, #814, #3428 ),
 .UNSPECIFIED., .F., .F.,
 ( 4, 2, 4 ),
 ( 1.387778780781445676E-17, 0.0003406926848982242588, 0.0006813853697964346399 ),
 .UNSPECIFIED. ) ;
#6539 = VECTOR ( 'NONE', #2491, 1000.000000000000000 ) ;
#6540 = AXIS2_PLACEMENT_3D ( 'NONE', #5596, #11262, #10260 ) ;
#6541 = ORIENTED_EDGE ( 'NONE', *, *, #6639, .F. ) ;
#6542 = AXIS2_PLACEMENT_3D ( 'NONE', #10640, #2468, #6092 ) ;
#6543 = EDGE_LOOP ( 'NONE', ( #4638, #3719, #8892, #8033 ) ) ;
#6544 = CARTESIAN_POINT ( 'NONE',  ( -10.39816519068723899, -31.05872636749531068, 5.000000000000000000 ) ) ;
#6545 = ORIENTED_EDGE ( 'NONE', *, *, #10632, .T. ) ;
#6546 = CARTESIAN_POINT ( 'NONE',  ( -11.88379308764716136, 27.58294234767709341, 5.700000000000000178 ) ) ;
#6547 = AXIS2_PLACEMENT_3D ( 'NONE', #6958, #9519, #3246 ) ;
#6548 = DIRECTION ( 'NONE',  ( 1.000000000000000000, -0.000000000000000000, -0.000000000000000000 ) ) ;
#6549 = DIRECTION ( 'NONE',  ( 0.000000000000000000, 0.000000000000000000, -1.000000000000000000 ) ) ;
#6550 = VECTOR ( 'NONE', #3621, 1000.000000000000000 ) ;
#6551 = CARTESIAN_POINT ( 'NONE',  ( 30.91399482062600157, -29.50000000000000355, 22.28909803235631060 ) ) ;
#6552 = ORIENTED_EDGE ( 'NONE', *, *, #4593, .F. ) ;
#6553 = AXIS2_PLACEMENT_3D ( 'NONE', #4786, #6585, #8375 ) ;
#6554 = CARTESIAN_POINT ( 'NONE',  ( -19.42648825170571314, -32.80000000000057980, 6.216616350183689299 ) ) ;
#6555 = DIRECTION ( 'NONE',  ( 0.000000000000000000, 0.000000000000000000, 1.000000000000000000 ) ) ;
#6556 = VECTOR ( 'NONE', #10060, 1000.000000000000000 ) ;
#6557 = CARTESIAN_POINT ( 'NONE',  ( -31.37499999999997868, 7.476470224947666665, 0.000000000000000000 ) ) ;
#6558 = DIRECTION ( 'NONE',  ( 0.9111874442045936329, 0.4119920406074620844, 0.000000000000000000 ) ) ;
#6559 = VERTEX_POINT ( 'NONE', #5287 ) ;
#6560 = DIRECTION ( 'NONE',  ( 1.000000000000000000, 0.000000000000000000, -0.000000000000000000 ) ) ;
#6561 = CARTESIAN_POINT ( 'NONE',  ( -30.31895539862088995, 8.764536642724065629, 0.8872483847510699295 ) ) ;
#6562 = EDGE_CURVE ( 'NONE', #6650, #6409, #6685, .T. ) ;
#6563 = ADVANCED_FACE ( 'NONE', ( #8999 ), #2896, .T. ) ;
#6564 = CARTESIAN_POINT ( 'NONE',  ( -21.86605083265882854, 18.03603898744441381, 5.700000000000000178 ) ) ;
#6565 = ORIENTED_EDGE ( 'NONE', *, *, #8612, .F. ) ;
#6566 = LINE ( 'NONE', #80, #1755 ) ;
#6567 = CARTESIAN_POINT ( 'NONE',  ( 3.244874193390045125, -29.48601421031708014, 6.000000000000000000 ) ) ;
#6568 = EDGE_CURVE ( 'NONE', #5320, #6418, #11655, .T. ) ;
#6569 = AXIS2_PLACEMENT_3D ( 'NONE', #2703, #5488, #4605 ) ;
#6570 = DIRECTION ( 'NONE',  ( -1.000000000000000000, -6.360652745248258180E-14, 0.000000000000000000 ) ) ;
#6571 = CARTESIAN_POINT ( 'NONE',  ( 30.50000000000001776, -36.50000000000000000, 0.5000000000000000000 ) ) ;
#6572 = DIRECTION ( 'NONE',  ( 1.000000000000000000, 1.200108019483769278E-15, -0.000000000000000000 ) ) ;
#6573 = CARTESIAN_POINT ( 'NONE',  ( -18.99999999999999645, -33.79999999999999716, 27.00000000000000711 ) ) ;
#6574 = EDGE_LOOP ( 'NONE', ( #4172, #1582, #754, #7611 ) ) ;
#6575 = DIRECTION ( 'NONE',  ( 0.000000000000000000, -0.4370537414983364788, -0.8994353934787675531 ) ) ;
#6576 = AXIS2_PLACEMENT_3D ( 'NONE', #6247, #3633, #6433 ) ;
#6577 = CARTESIAN_POINT ( 'NONE',  ( 32.34856529129288560, -37.29999999999999005, 49.89999999999999858 ) ) ;
#6578 = EDGE_LOOP ( 'NONE', ( #5046, #7745, #7481, #2390 ) ) ;
#6579 = CARTESIAN_POINT ( 'NONE',  ( 33.19638493669112478, -29.36907670887000421, 0.5000000000000076605 ) ) ;
#6580 = ORIENTED_EDGE ( 'NONE', *, *, #5072, .F. ) ;
#6581 = EDGE_CURVE ( 'NONE', #474, #10340, #6109, .T. ) ;
#6582 = ADVANCED_FACE ( 'NONE', ( #895 ), #2917, .T. ) ;
#6583 =( BOUNDED_SURFACE ( )  B_SPLINE_SURFACE ( 3, 2, ( 
 ( #667, #8000, #10619 ),
 ( #7038, #2447, #10679 ),
 ( #6071, #9729, #5956 ),
 ( #10503, #1553, #7821 ) ),
 .UNSPECIFIED., .F., .F., .F. ) 
 B_SPLINE_SURFACE_WITH_KNOTS ( ( 4, 4 ),
 ( 3, 3 ),
 ( 3.335005882565411639E-16, 0.004844902935326171438 ),
 ( 0.000000000000000000, 1.000000000000000000 ),
 .UNSPECIFIED. ) 
 GEOMETRIC_REPRESENTATION_ITEM ( )  RATIONAL_B_SPLINE_SURFACE ( (
 ( 1.000000000000000000, 0.7071067811865477948, 1.000000000000000000),
 ( 1.000000000000000000, 0.7071067811865477948, 1.000000000000000000),
 ( 1.000000000000000000, 0.7071067811865475727, 1.000000000000000000),
 ( 1.000000000000000000, 0.7071067811865475727, 1.000000000000000000) ) ) 
 REPRESENTATION_ITEM ( '' )  SURFACE ( )  );
#6584 = EDGE_CURVE ( 'NONE', #6406, #1140, #5907, .T. ) ;
#6585 = DIRECTION ( 'NONE',  ( -0.000000000000000000, -0.000000000000000000, 1.000000000000000000 ) ) ;
#6586 = AXIS2_PLACEMENT_3D ( 'NONE', #5073, #6029, #11654 ) ;
#6587 = B_SPLINE_CURVE_WITH_KNOTS ( 'NONE', 3,
 ( #6660, #7784, #5593, #7451 ),
 .UNSPECIFIED., .F., .F.,
 ( 4, 4 ),
 ( 0.000000000000000000, 0.0006592068578555518570 ),
 .UNSPECIFIED. ) ;
#6588 = VERTEX_POINT ( 'NONE', #1846 ) ;
#6589 = VERTEX_POINT ( 'NONE', #5464 ) ;
#6590 = CARTESIAN_POINT ( 'NONE',  ( 30.34374955655015782, -28.65613378530473909, 22.18373701118835584 ) ) ;
#6591 = DIRECTION ( 'NONE',  ( -1.000000000000000000, 0.000000000000000000, 0.000000000000000000 ) ) ;
#6592 = ORIENTED_EDGE ( 'NONE', *, *, #5155, .T. ) ;
#6593 = FACE_OUTER_BOUND ( 'NONE', #11316, .T. ) ;
#6594 = ADVANCED_FACE ( 'NONE', ( #11090 ), #3250, .T. ) ;
#6595 = DIRECTION ( 'NONE',  ( -0.000000000000000000, 1.000000000000000000, 0.000000000000000000 ) ) ;
#6596 = ORIENTED_EDGE ( 'NONE', *, *, #5178, .T. ) ;
#6597 = CARTESIAN_POINT ( 'NONE',  ( 30.25851149510251759, -37.49812122373196388, 0.9332474869878860657 ) ) ;
#6598 = ORIENTED_EDGE ( 'NONE', *, *, #10809, .F. ) ;
#6599 = ORIENTED_EDGE ( 'NONE', *, *, #3416, .F. ) ;
#6600 = CARTESIAN_POINT ( 'NONE',  ( -31.44972254598278028, 7.057037046722167695, 5.222120798738964176 ) ) ;
#6601 = ORIENTED_EDGE ( 'NONE', *, *, #1101, .F. ) ;
#6602 = CARTESIAN_POINT ( 'NONE',  ( 24.74873734152913229, 24.75126265847088547, 5.799999999999999822 ) ) ;
#6603 = LINE ( 'NONE', #3925, #1404 ) ;
#6604 = LINE ( 'NONE', #10475, #3646 ) ;
#6605 = VERTEX_POINT ( 'NONE', #9063 ) ;
#6606 = TOROIDAL_SURFACE ( 'NONE', #1656, 2.999999999999999556, 1.000000000000000000 ) ;
#6607 = FACE_OUTER_BOUND ( 'NONE', #6793, .T. ) ;
#6608 = CARTESIAN_POINT ( 'NONE',  ( -26.12575689651583133, -33.21421356237309652, 50.00000000000000711 ) ) ;
#6609 = CARTESIAN_POINT ( 'NONE',  ( -19.40955557852439028, 26.78294234767708559, 5.700000000000000178 ) ) ;
#6610 = CARTESIAN_POINT ( 'NONE',  ( 30.99999999999998224, 4.500000000000001776, 0.5000000000000034417 ) ) ;
#6611 = VERTEX_POINT ( 'NONE', #9114 ) ;
#6612 = DIRECTION ( 'NONE',  ( 1.000000000000000000, 0.000000000000000000, 0.000000000000000000 ) ) ;
#6613 = DIRECTION ( 'NONE',  ( 0.07594870729766847739, -0.9971117258661704730, 0.000000000000000000 ) ) ;
#6614 = CARTESIAN_POINT ( 'NONE',  ( -20.03469289743974713, -29.90859616534595844, 6.000000000000000000 ) ) ;
#6615 = CARTESIAN_POINT ( 'NONE',  ( 26.64689772753528629, 19.39069158978175622, 4.000000000000000000 ) ) ;
#6616 = VERTEX_POINT ( 'NONE', #946 ) ;
#6617 = CARTESIAN_POINT ( 'NONE',  ( 30.86563117704495696, 6.230155891995780237, 5.855888056603884451 ) ) ;
#6618 = VERTEX_POINT ( 'NONE', #6376 ) ;
#6619 = CARTESIAN_POINT ( 'NONE',  ( 24.74873734153059601, -24.74873734152912519, 0.000000000000000000 ) ) ;
#6620 = CARTESIAN_POINT ( 'NONE',  ( 41.00000000000000711, -37.29999999999999005, 14.00000000000000178 ) ) ;
#6621 = EDGE_CURVE ( 'NONE', #6611, #5652, #6490, .T. ) ;
#6622 = EDGE_CURVE ( 'NONE', #1173, #7777, #3457, .T. ) ;
#6623 = CARTESIAN_POINT ( 'NONE',  ( 50.00000000000000711, -36.99999999999999289, 10.50000000000000711 ) ) ;
#6624 = CARTESIAN_POINT ( 'NONE',  ( -3.310251031240573221E-14, 27.58294234767707920, 6.000000000000000000 ) ) ;
#6625 = CYLINDRICAL_SURFACE ( 'NONE', #260, 0.5000000000000004441 ) ;
#6626 = EDGE_LOOP ( 'NONE', ( #9515, #9241, #6168, #6398 ) ) ;
#6627 = CARTESIAN_POINT ( 'NONE',  ( 27.28294234767779614, -11.88379308764553066, 4.000000000000000000 ) ) ;
#6628 = CARTESIAN_POINT ( 'NONE',  ( 18.82432617406004738, -23.71144853936000629, 5.000000000000000000 ) ) ;
#6629 = EDGE_LOOP ( 'NONE', ( #10358, #1116, #8363, #169 ) ) ;
#6630 = CARTESIAN_POINT ( 'NONE',  ( -34.98674648294755229, -35.00000000000000000, 49.89999999999999858 ) ) ;
#6631 = VERTEX_POINT ( 'NONE', #7338 ) ;
#6632 = LINE ( 'NONE', #8437, #11426 ) ;
#6633 = CARTESIAN_POINT ( 'NONE',  ( 0.000000000000000000, -37.00000000000000000, 0.000000000000000000 ) ) ;
#6634 = ORIENTED_EDGE ( 'NONE', *, *, #727, .F. ) ;
#6635 = ORIENTED_EDGE ( 'NONE', *, *, #5248, .T. ) ;
#6636 = CARTESIAN_POINT ( 'NONE',  ( -21.82807647900966330, 18.53459485037747712, 6.000000000000000000 ) ) ;
#6637 = DIRECTION ( 'NONE',  ( 1.000000000000000000, -0.000000000000000000, -0.000000000000000000 ) ) ;
#6638 = ORIENTED_EDGE ( 'NONE', *, *, #7579, .F. ) ;
#6639 = EDGE_CURVE ( 'NONE', #1133, #6406, #235, .T. ) ;
#6640 = CARTESIAN_POINT ( 'NONE',  ( 32.99999999999343459, 5.179442752422157348, 6.134481616747036625 ) ) ;
#6641 = ADVANCED_FACE ( 'NONE', ( #4644 ), #122, .F. ) ;
#6642 = AXIS2_PLACEMENT_3D ( 'NONE', #954, #6313, #10983 ) ;
#6643 =( BOUNDED_SURFACE ( )  B_SPLINE_SURFACE ( 3, 2, ( 
 ( #7160, #2679, #5352 ),
 ( #11628, #9971, #9845 ),
 ( #8055, #1850, #839 ),
 ( #950, #9904, #1720 ) ),
 .UNSPECIFIED., .F., .F., .F. ) 
 B_SPLINE_SURFACE_WITH_KNOTS ( ( 4, 4 ),
 ( 3, 3 ),
 ( 0.001722895188308254518, 0.002383464277240541357 ),
 ( 0.000000000000000000, 1.000000000000000000 ),
 .UNSPECIFIED. ) 
 GEOMETRIC_REPRESENTATION_ITEM ( )  RATIONAL_B_SPLINE_SURFACE ( (
 ( 1.000000000000000000, 0.8088233017526325064, 1.000000000000000000),
 ( 1.000000000000000000, 0.8093161558087605956, 1.000000000000000000),
 ( 1.000000000000000000, 0.7691323426187555157, 1.000000000000000000),
 ( 1.000000000000000000, 0.7071067811865493491, 1.000000000000000000) ) ) 
 REPRESENTATION_ITEM ( '' )  SURFACE ( )  );
#6644 = CARTESIAN_POINT ( 'NONE',  ( -11.88379308764716136, 27.28294234767709270, 6.000000000000000000 ) ) ;
#6645 = VERTEX_POINT ( 'NONE', #10205 ) ;
#6646 = AXIS2_PLACEMENT_3D ( 'NONE', #1057, #9280, #1941 ) ;
#6647 = CARTESIAN_POINT ( 'NONE',  ( 31.11487846105331556, 5.456199394431126670, 6.000000000000000000 ) ) ;
#6648 = AXIS2_PLACEMENT_3D ( 'NONE', #2088, #6672, #11110 ) ;
#6649 = EDGE_LOOP ( 'NONE', ( #9731, #8420, #6449, #155 ) ) ;
#6650 = VERTEX_POINT ( 'NONE', #8164 ) ;
#6651 = EDGE_CURVE ( 'NONE', #11419, #2187, #2855, .T. ) ;
#6652 = CARTESIAN_POINT ( 'NONE',  ( -21.36605083265882854, 18.03603898744441381, 5.700000000000000178 ) ) ;
#6653 = VERTEX_POINT ( 'NONE', #10138 ) ;
#6654 = CARTESIAN_POINT ( 'NONE',  ( 33.99999999999997868, 0.000000000000000000, 0.000000000000000000 ) ) ;
#6655 = CARTESIAN_POINT ( 'NONE',  ( 19.29508843714771871, -32.55872636749531779, 6.000000000000000000 ) ) ;
#6656 = AXIS2_PLACEMENT_3D ( 'NONE', #2750, #3629, #7275 ) ;
#6657 = CARTESIAN_POINT ( 'NONE',  ( 23.45746667538377039, 18.65870338888475999, 6.000000000000000000 ) ) ;
#6658 = ORIENTED_EDGE ( 'NONE', *, *, #11397, .T. ) ;
#6659 = CARTESIAN_POINT ( 'NONE',  ( 12.30374153030519579, -27.88417552604335015, 6.000000000000000000 ) ) ;
#6660 = CARTESIAN_POINT ( 'NONE',  ( -3.244874193390045125, -32.79999999999999716, 6.475629962069106682 ) ) ;
#6661 = CARTESIAN_POINT ( 'NONE',  ( -26.13621369101517544, -32.15368539846936358, 6.000000000000000000 ) ) ;
#6662 = DIRECTION ( 'NONE',  ( 0.000000000000000000, 0.000000000000000000, -1.000000000000000000 ) ) ;
#6663 = ORIENTED_EDGE ( 'NONE', *, *, #9107, .T. ) ;
#6664 = CARTESIAN_POINT ( 'NONE',  ( 18.90955557852439384, 27.28294234767709270, 4.000000000000000000 ) ) ;
#6665 = CARTESIAN_POINT ( 'NONE',  ( -20.22343168146353065, -31.18700224837848012, 5.700000000000000178 ) ) ;
#6667 = AXIS2_PLACEMENT_3D ( 'NONE', #9997, #797, #4434 ) ;
#6666 = DIRECTION ( 'NONE',  ( -1.000000000000000000, 0.000000000000000000, 0.000000000000000000 ) ) ;
#6668 = CARTESIAN_POINT ( 'NONE',  ( 19.67937319653868400, 26.56527095544834793, 6.000000000000000000 ) ) ;
#6669 = ORIENTED_EDGE ( 'NONE', *, *, #4934, .T. ) ;
#6670 = CIRCLE ( 'NONE', #3630, 0.5000000000000004441 ) ;
#6671 = DIRECTION ( 'NONE',  ( 0.000000000000000000, 0.000000000000000000, -1.000000000000000000 ) ) ;
#6672 = DIRECTION ( 'NONE',  ( -1.000000000000000000, -0.000000000000000000, 0.000000000000000000 ) ) ;
#6673 = LINE ( 'NONE', #2038, #4003 ) ;
#6674 = AXIS2_PLACEMENT_3D ( 'NONE', #5050, #4923, #8577 ) ;
#6675 = CYLINDRICAL_SURFACE ( 'NONE', #6499, 0.9999999999999998890 ) ;
#6676 = CYLINDRICAL_SURFACE ( 'NONE', #6949, 2.599999999999998312 ) ;
#6677 = DIRECTION ( 'NONE',  ( 0.000000000000000000, -1.000000000000000000, 4.336808689942013792E-16 ) ) ;
#6678 = EDGE_LOOP ( 'NONE', ( #6370, #113, #9045, #8977 ) ) ;
#6679 = CARTESIAN_POINT ( 'NONE',  ( 26.78294234767820825, 18.90955557852280933, 5.000000000000000000 ) ) ;
#6680 = CARTESIAN_POINT ( 'NONE',  ( -27.58294234767708986, 1.638969059106943797E-12, 6.000000000000000000 ) ) ;
#6681 = AXIS2_PLACEMENT_3D ( 'NONE', #5762, #4920, #9427 ) ;
#6682 = ADVANCED_FACE ( 'NONE', ( #1957 ), #1074, .F. ) ;
#6683 = DIRECTION ( 'NONE',  ( -1.000000000000000000, 0.000000000000000000, 0.000000000000000000 ) ) ;
#6684 = ORIENTED_EDGE ( 'NONE', *, *, #1036, .T. ) ;
#6685 = CIRCLE ( 'NONE', #4600, 3.500000000000003109 ) ;
#6686 = VECTOR ( 'NONE', #9927, 1000.000000000000000 ) ;
#6687 = CARTESIAN_POINT ( 'NONE',  ( -29.99999999999997868, -28.29278383102048977, 6.500000000000000888 ) ) ;
#6688 = CARTESIAN_POINT ( 'NONE',  ( -17.82426233348197542, -23.71555578679803133, 6.000000000000000000 ) ) ;
#6689 = VECTOR ( 'NONE', #2188, 1000.000000000000000 ) ;
#6690 = VERTEX_POINT ( 'NONE', #9966 ) ;
#6691 = AXIS2_PLACEMENT_3D ( 'NONE', #8507, #333, #11238 ) ;
#6692 = ORIENTED_EDGE ( 'NONE', *, *, #6062, .F. ) ;
#6693 = CARTESIAN_POINT ( 'NONE',  ( -25.78279235760479438, -32.29999999999999716, 6.000000000000000000 ) ) ;
#6694 = VECTOR ( 'NONE', #4062, 1000.000000000000000 ) ;
#6695 = CARTESIAN_POINT ( 'NONE',  ( 25.78279235760480148, -32.79999999999999716, 6.499999999999999112 ) ) ;
#6696 = ORIENTED_EDGE ( 'NONE', *, *, #1317, .T. ) ;
#6697 = CARTESIAN_POINT ( 'NONE',  ( 32.65534010330672032, 6.085350740315147000, 5.694282711486581938 ) ) ;
#6698 = ADVANCED_FACE ( 'NONE', ( #8345 ), #5345, .T. ) ;
#6699 = ADVANCED_FACE ( 'NONE', ( #7446 ), #7836, .T. ) ;
#6700 = DIRECTION ( 'NONE',  ( -1.000000000000000000, 0.000000000000000000, 0.000000000000000000 ) ) ;
#6701 = ORIENTED_EDGE ( 'NONE', *, *, #2884, .F. ) ;
#6702 = CIRCLE ( 'NONE', #9574, 1.000000000000000888 ) ;
#6703 = CARTESIAN_POINT ( 'NONE',  ( -3.244874193390045125, -29.48601421031708014, 4.000000000000000000 ) ) ;
#6704 = CARTESIAN_POINT ( 'NONE',  ( 30.13472390828281178, -37.50025555161955282, 0.9861903399065675702 ) ) ;
#6705 = EDGE_CURVE ( 'NONE', #8566, #1146, #7645, .T. ) ;
#6706 = ORIENTED_EDGE ( 'NONE', *, *, #4078, .F. ) ;
#6707 = AXIS2_PLACEMENT_3D ( 'NONE', #3043, #11349, #10229 ) ;
#6708 = EDGE_LOOP ( 'NONE', ( #6804, #6580, #6598, #3004 ) ) ;
#6709 = CIRCLE ( 'NONE', #9969, 0.5000000000000004441 ) ;
#6710 = TOROIDAL_SURFACE ( 'NONE', #11483, 1.300000000000000044, 0.2999999999999999889 ) ;
#6711 = DIRECTION ( 'NONE',  ( -0.8214986311841743216, -0.5702104865420557500, 0.000000000000000000 ) ) ;
#6712 = ORIENTED_EDGE ( 'NONE', *, *, #6062, .T. ) ;
#6713 = B_SPLINE_CURVE_WITH_KNOTS ( 'NONE', 2,
 ( #8274, #7427, #7322 ),
 .UNSPECIFIED., .F., .F.,
 ( 3, 3 ),
 ( 0.2332106532319387915, 0.8780129305260733208 ),
 .UNSPECIFIED. ) ;
#6714 = CARTESIAN_POINT ( 'NONE',  ( 40.00000000000000711, -29.49999999999999645, 10.50000000000000711 ) ) ;
#6715 = DIRECTION ( 'NONE',  ( -0.000000000000000000, -1.000000000000000000, 0.000000000000000000 ) ) ;
#6716 = DIRECTION ( 'NONE',  ( -0.000000000000000000, -0.000000000000000000, 1.000000000000000000 ) ) ;
#6717 = ORIENTED_EDGE ( 'NONE', *, *, #10580, .T. ) ;
#6718 = AXIS2_PLACEMENT_3D ( 'NONE', #8112, #9059, #4403 ) ;
#6719 = EDGE_CURVE ( 'NONE', #9432, #1086, #11342, .T. ) ;
#6720 = AXIS2_PLACEMENT_3D ( 'NONE', #7621, #7569, #10371 ) ;
#6721 = CARTESIAN_POINT ( 'NONE',  ( -20.29508843714771515, -31.55872636749531424, 5.700000000000000178 ) ) ;
#6722 = EDGE_CURVE ( 'NONE', #1070, #2897, #1346, .T. ) ;
#6723 = ADVANCED_FACE ( 'NONE', ( #3926 ), #7617, .T. ) ;
#6724 = AXIS2_PLACEMENT_3D ( 'NONE', #7779, #627, #4375 ) ;
#6725 = ORIENTED_EDGE ( 'NONE', *, *, #5814, .T. ) ;
#6726 = CIRCLE ( 'NONE', #11127, 1.000000000000000888 ) ;
#6727 = CARTESIAN_POINT ( 'NONE',  ( -39.99999999999999289, -37.36602540378444104, 0.5000000000000084377 ) ) ;
#6728 = CIRCLE ( 'NONE', #278, 1.000000000000000222 ) ;
#6729 = ORIENTED_EDGE ( 'NONE', *, *, #4013, .T. ) ;
#6730 = LINE ( 'NONE', #3815, #10883 ) ;
#6731 = DIRECTION ( 'NONE',  ( -1.000000000000000000, 0.000000000000000000, 0.000000000000000000 ) ) ;
#6732 = AXIS2_PLACEMENT_3D ( 'NONE', #9146, #2002, #9220 ) ;
#6733 = FACE_OUTER_BOUND ( 'NONE', #3595, .T. ) ;
#6734 = CARTESIAN_POINT ( 'NONE',  ( -33.99999999999997868, -27.99999999999999645, 1.500000000000007327 ) ) ;
#6735 = ORIENTED_EDGE ( 'NONE', *, *, #6781, .F. ) ;
#6736 = CARTESIAN_POINT ( 'NONE',  ( 10.40005347590610540, -31.05872636749532134, 4.000000000000000000 ) ) ;
#6737 = CARTESIAN_POINT ( 'NONE',  ( -31.37499999999997868, 7.476470224947665777, 4.388610099474774096 ) ) ;
#6738 = DIRECTION ( 'NONE',  ( 1.000000000000000000, 0.000000000000000000, 0.000000000000000000 ) ) ;
#6739 = FACE_OUTER_BOUND ( 'NONE', #1009, .T. ) ;
#6740 = CARTESIAN_POINT ( 'NONE',  ( 26.61078199885682238, -33.79999999999999716, 50.00000000000000000 ) ) ;
#6741 = CARTESIAN_POINT ( 'NONE',  ( 25.00000000000001421, -37.50000000000000000, 50.00000000000000000 ) ) ;
#6742 = VERTEX_POINT ( 'NONE', #3189 ) ;
#6743 = FACE_OUTER_BOUND ( 'NONE', #4192, .T. ) ;
#6744 = DIRECTION ( 'NONE',  ( -1.000000000000000000, 0.000000000000000000, 0.000000000000000000 ) ) ;
#6745 = DIRECTION ( 'NONE',  ( 0.000000000000000000, 1.000000000000000000, 0.000000000000000000 ) ) ;
#6746 = CARTESIAN_POINT ( 'NONE',  ( -31.23331835192927386, -28.21265965013061106, 22.33052463519103270 ) ) ;
#6747 = EDGE_LOOP ( 'NONE', ( #6596, #286, #9452, #3751 ) ) ;
#6748 = AXIS2_PLACEMENT_3D ( 'NONE', #10329, #2158, #9268 ) ;
#6749 = DIRECTION ( 'NONE',  ( -5.064886061246151462E-17, -1.000000000000000000, 0.000000000000000000 ) ) ;
#6750 = CARTESIAN_POINT ( 'NONE',  ( -18.90955557852439028, 27.28294234767709270, 4.000000000000000000 ) ) ;
#6751 = VERTEX_POINT ( 'NONE', #397 ) ;
#6752 = ORIENTED_EDGE ( 'NONE', *, *, #821, .T. ) ;
#6753 = CARTESIAN_POINT ( 'NONE',  ( -26.56527095544961270, 19.67937319653714567, 6.000000000000000000 ) ) ;
#6754 = LINE ( 'NONE', #6695, #6894 ) ;
#6755 = VERTEX_POINT ( 'NONE', #11253 ) ;
#6756 = DIRECTION ( 'NONE',  ( -0.000000000000000000, -0.000000000000000000, 1.000000000000000000 ) ) ;
#6757 = DIRECTION ( 'NONE',  ( 6.120550899367223059E-14, -1.000000000000000000, 0.000000000000000000 ) ) ;
#6758 = CYLINDRICAL_SURFACE ( 'NONE', #4789, 0.2999999999999999334 ) ;
#6759 = ORIENTED_EDGE ( 'NONE', *, *, #8948, .T. ) ;
#6760 = CIRCLE ( 'NONE', #117, 0.3000000000000012657 ) ;
#6761 = CARTESIAN_POINT ( 'NONE',  ( 17.82432617406004738, -23.71144853936000629, 6.000000000000000000 ) ) ;
#6762 = CARTESIAN_POINT ( 'NONE',  ( 21.48033429508656056, -17.71788375388184278, 5.700000000000000178 ) ) ;
#6763 = ORIENTED_EDGE ( 'NONE', *, *, #5668, .T. ) ;
#6764 = ORIENTED_EDGE ( 'NONE', *, *, #3590, .T. ) ;
#6765 = ADVANCED_FACE ( 'NONE', ( #3021 ), #1633, .T. ) ;
#6766 = EDGE_CURVE ( 'NONE', #4510, #8180, #1737, .T. ) ;
#6767 = CARTESIAN_POINT ( 'NONE',  ( -10.23165275986142575, -32.64858927989961046, 6.069401846728398553 ) ) ;
#6768 = VERTEX_POINT ( 'NONE', #9521 ) ;
#6769 = CARTESIAN_POINT ( 'NONE',  ( -14.52856751049275452, -25.23987766058447946, 6.000000000000000888 ) ) ;
#6770 = DIRECTION ( 'NONE',  ( -1.000000000000000000, -1.137523590804463822E-16, 0.000000000000000000 ) ) ;
#6771 = VERTEX_POINT ( 'NONE', #1289 ) ;
#6772 = DIRECTION ( 'NONE',  ( -1.000000000000000000, 0.000000000000000000, 0.000000000000000000 ) ) ;
#6773 =( BOUNDED_CURVE ( )  B_SPLINE_CURVE ( 3, ( #3529, #10923, #776, #6434 ),
 .UNSPECIFIED., .F., .F. ) 
 B_SPLINE_CURVE_WITH_KNOTS ( ( 4, 4 ),
 ( 2.729282690949662360, 2.909099910652688248 ),
 .UNSPECIFIED. ) 
 CURVE ( )  GEOMETRIC_REPRESENTATION_ITEM ( )  RATIONAL_B_SPLINE_CURVE ( ( 1.000000000000000000, 0.9973072952445078965, 0.9973072952445078965, 1.000000000000000000 ) ) 
 REPRESENTATION_ITEM ( '' )  );
#6774 = ORIENTED_EDGE ( 'NONE', *, *, #4880, .F. ) ;
#6775 = FACE_OUTER_BOUND ( 'NONE', #8144, .T. ) ;
#6776 = CARTESIAN_POINT ( 'NONE',  ( 30.66379120990774254, -28.49697795736991068, 22.00848722578576755 ) ) ;
#6777 = ORIENTED_EDGE ( 'NONE', *, *, #11326, .T. ) ;
#6778 = EDGE_CURVE ( 'NONE', #3520, #1362, #1170, .T. ) ;
#6779 = EDGE_CURVE ( 'NONE', #9695, #37, #6604, .T. ) ;
#6780 = DIRECTION ( 'NONE',  ( 0.000000000000000000, 0.000000000000000000, -1.000000000000000000 ) ) ;
#6781 = EDGE_CURVE ( 'NONE', #5458, #8963, #342, .T. ) ;
#6782 = CARTESIAN_POINT ( 'NONE',  ( -30.29956638874343966, 8.613004742088362420, 0.9003252223626990736 ) ) ;
#6783 = CARTESIAN_POINT ( 'NONE',  ( -19.13606886916549144, -24.99075454756077619, 6.000000000000000888 ) ) ;
#6784 = CARTESIAN_POINT ( 'NONE',  ( 31.14591054371117806, 5.559677934766192209, 5.949717696739383221 ) ) ;
#6785 = ORIENTED_EDGE ( 'NONE', *, *, #9918, .F. ) ;
#6786 = CARTESIAN_POINT ( 'NONE',  ( 30.54844676556744787, 6.057222729902149716, 6.000000000000000000 ) ) ;
#6787 = DIRECTION ( 'NONE',  ( 1.000000000000000000, -5.064886061246151462E-17, 0.000000000000000000 ) ) ;
#6788 = DIRECTION ( 'NONE',  ( -1.000000000000000000, 0.000000000000000000, 0.000000000000000000 ) ) ;
#6789 = TOROIDAL_SURFACE ( 'NONE', #9286, 4.500000000000000888, 0.5000000000000000000 ) ;
#6790 = DIRECTION ( 'NONE',  ( -1.000000000000000000, 0.000000000000000000, 0.000000000000000000 ) ) ;
#6791 = PLANE ( 'NONE',  #10964 ) ;
#6792 = CARTESIAN_POINT ( 'NONE',  ( -26.78294234767822246, -18.90955557852281288, 4.000000000000000000 ) ) ;
#6793 = EDGE_LOOP ( 'NONE', ( #9775, #11618, #1666, #4912, #10321 ) ) ;
#6794 = ADVANCED_FACE ( 'NONE', ( #5928 ), #1416, .T. ) ;
#6795 = DIRECTION ( 'NONE',  ( -0.8174737367997921833, 0.5759658754150146498, 0.000000000000000000 ) ) ;
#6796 = CARTESIAN_POINT ( 'NONE',  ( -34.98674648294755229, -35.00000000000000000, 50.00000000000000000 ) ) ;
#6797 = DIRECTION ( 'NONE',  ( 0.000000000000000000, 8.673617379884034239E-17, 1.000000000000000000 ) ) ;
#6798 = CARTESIAN_POINT ( 'NONE',  ( -40.99999999999999289, 6.000000000000012434, 11.00000000000000178 ) ) ;
#6799 = VERTEX_POINT ( 'NONE', #1183 ) ;
#6800 = CARTESIAN_POINT ( 'NONE',  ( -30.35342133341034909, -28.64646922948986330, 21.28750090350186852 ) ) ;
#6801 = DIRECTION ( 'NONE',  ( 0.000000000000000000, 0.000000000000000000, -1.000000000000000000 ) ) ;
#6802 = ORIENTED_EDGE ( 'NONE', *, *, #10033, .F. ) ;
#6803 = CARTESIAN_POINT ( 'NONE',  ( -32.99999999999997868, 4.937053741498337978, 6.252263310563422216 ) ) ;
#6804 = ORIENTED_EDGE ( 'NONE', *, *, #5251, .T. ) ;
#6805 = DIRECTION ( 'NONE',  ( 0.000000000000000000, -1.000000000000000000, -0.000000000000000000 ) ) ;
#6806 = ORIENTED_EDGE ( 'NONE', *, *, #2842, .T. ) ;
#6807 = CARTESIAN_POINT ( 'NONE',  ( 33.31820238811479129, 6.454542148824803149, 5.514885183228128263 ) ) ;
#6808 = CARTESIAN_POINT ( 'NONE',  ( -30.22273911665022439, -28.77705387759877809, 22.03014576467050034 ) ) ;
#6809 = CARTESIAN_POINT ( 'NONE',  ( 24.74873734152913229, 24.75126265847088547, 0.1999999999999987899 ) ) ;
#6810 = EDGE_LOOP ( 'NONE', ( #9474, #5597 ) ) ;
#6811 = CARTESIAN_POINT ( 'NONE',  ( 50.00000000000000711, -29.49999999999999645, 10.50000000000000533 ) ) ;
#6812 = CARTESIAN_POINT ( 'NONE',  ( 49.00000000000000711, -29.50000000000000000, 45.00000000000000711 ) ) ;
#6813 = B_SPLINE_CURVE_WITH_KNOTS ( 'NONE', 3,
 ( #7155, #5407, #1842, #5516, #4522, #8288 ),
 .UNSPECIFIED., .F., .F.,
 ( 4, 2, 4 ),
 ( 0.000000000000000000, 0.0005440177616576767541, 0.001088035523315353508 ),
 .UNSPECIFIED. ) ;
#6814 = VERTEX_POINT ( 'NONE', #2133 ) ;
#6815 = CIRCLE ( 'NONE', #8362, 1.000000000000000888 ) ;
#6816 = EDGE_LOOP ( 'NONE', ( #8318, #8756, #10431, #11402 ) ) ;
#6817 = DIRECTION ( 'NONE',  ( -1.000000000000000000, 0.000000000000000000, 0.000000000000000000 ) ) ;
#6818 = ORIENTED_EDGE ( 'NONE', *, *, #3225, .F. ) ;
#6819 = CARTESIAN_POINT ( 'NONE',  ( 31.49999999999997868, -16.10783521469172541, 15.36658938351599879 ) ) ;
#6820 = LINE ( 'NONE', #9646, #11498 ) ;
#6821 = EDGE_CURVE ( 'NONE', #5652, #5005, #672, .T. ) ;
#6822 = CARTESIAN_POINT ( 'NONE',  ( -24.75126265847086771, 24.75126265846941820, 6.000000000000000000 ) ) ;
#6823 = ORIENTED_EDGE ( 'NONE', *, *, #5233, .F. ) ;
#6824 = AXIS2_PLACEMENT_3D ( 'NONE', #313, #3034, #3097 ) ;
#6825 = CARTESIAN_POINT ( 'NONE',  ( -31.49999999999997868, 7.937053741498337978, 5.906311587125539830 ) ) ;
#6826 = EDGE_CURVE ( 'NONE', #9176, #1867, #10313, .T. ) ;
#6827 = ORIENTED_EDGE ( 'NONE', *, *, #5042, .T. ) ;
#6828 = AXIS2_PLACEMENT_3D ( 'NONE', #4648, #11031, #2230 ) ;
#6829 = CARTESIAN_POINT ( 'NONE',  ( 32.99999999999997868, -13.12679400932128182, 13.02985011956905659 ) ) ;
#6830 = DIRECTION ( 'NONE',  ( -1.137523590804463822E-16, 1.000000000000000000, 0.000000000000000000 ) ) ;
#6831 = ORIENTED_EDGE ( 'NONE', *, *, #5983, .F. ) ;
#6832 = CYLINDRICAL_SURFACE ( 'NONE', #5901, 0.5000000000000004441 ) ;
#6833 = CARTESIAN_POINT ( 'NONE',  ( -8.999999999999998224, -33.79999999999999716, 27.00000000000000355 ) ) ;
#6834 = CARTESIAN_POINT ( 'NONE',  ( -20.03806684998815868, -32.50548531010527853, 6.043153110965978847 ) ) ;
#6835 = CARTESIAN_POINT ( 'NONE',  ( -30.49999999999998224, 10.02735072119070736, 0.5000000000000009992 ) ) ;
#6836 = ORIENTED_EDGE ( 'NONE', *, *, #7667, .F. ) ;
#6837 = EDGE_CURVE ( 'NONE', #8323, #9274, #9830, .T. ) ;
#6838 = CARTESIAN_POINT ( 'NONE',  ( 27.28294234767822601, -18.90955557852278801, 5.700000000000000178 ) ) ;
#6839 = CARTESIAN_POINT ( 'NONE',  ( 26.20334299790006227, -32.81583551132192866, 49.21676517101127502 ) ) ;
#6840 = EDGE_CURVE ( 'NONE', #156, #9090, #1937, .T. ) ;
#6841 = CIRCLE ( 'NONE', #3620, 3.000000000000002665 ) ;
#6842 = CARTESIAN_POINT ( 'NONE',  ( -9.556001448147455335, -32.29999999999999716, 6.500000000000057732 ) ) ;
#6843 = EDGE_CURVE ( 'NONE', #9110, #7019, #10135, .T. ) ;
#6844 = EDGE_CURVE ( 'NONE', #3304, #1029, #5150, .T. ) ;
#6845 = B_SPLINE_CURVE_WITH_KNOTS ( 'NONE', 3,
 ( #5523, #626, #5077, #1575, #3306, #7000 ),
 .UNSPECIFIED., .F., .F.,
 ( 4, 2, 4 ),
 ( 0.000000000000000000, 0.0003690217667755631582, 0.0007380435335511263163 ),
 .UNSPECIFIED. ) ;
#6846 = FACE_OUTER_BOUND ( 'NONE', #375, .T. ) ;
#6847 = FACE_OUTER_BOUND ( 'NONE', #8782, .T. ) ;
#6848 = LINE ( 'NONE', #2508, #7682 ) ;
#6849 = VERTEX_POINT ( 'NONE', #2425 ) ;
#6850 = CARTESIAN_POINT ( 'NONE',  ( -33.92182008681871963, -28.88545327545419994, 0.7003331621727091338 ) ) ;
#6851 = CARTESIAN_POINT ( 'NONE',  ( 28.55723257983924057, -36.99999999999999289, 50.00000000000000000 ) ) ;
#6852 = CONICAL_SURFACE ( 'NONE', #2681, 0.5000000000000000000, 0.7853981633974479459 ) ;
#6853 = DIRECTION ( 'NONE',  ( -0.000000000000000000, -1.000000000000000000, -0.000000000000000000 ) ) ;
#6854 = CARTESIAN_POINT ( 'NONE',  ( -26.84065101359200511, -37.50000000000000000, 1.000000000000000000 ) ) ;
#6855 = ORIENTED_EDGE ( 'NONE', *, *, #4379, .F. ) ;
#6856 = CARTESIAN_POINT ( 'NONE',  ( -30.02796064712242696, 7.733771798365274286, 6.000000000000000888 ) ) ;
#6857 = VECTOR ( 'NONE', #3883, 1000.000000000000000 ) ;
#6858 = EDGE_CURVE ( 'NONE', #3121, #4690, #8188, .T. ) ;
#6859 = FACE_OUTER_BOUND ( 'NONE', #10734, .T. ) ;
#6860 = DIRECTION ( 'NONE',  ( 6.120550899367223059E-14, -1.000000000000000000, -0.000000000000000000 ) ) ;
#6861 = EDGE_CURVE ( 'NONE', #3520, #10360, #8045, .T. ) ;
#6862 = EDGE_CURVE ( 'NONE', #8207, #10230, #2548, .T. ) ;
#6863 = AXIS2_PLACEMENT_3D ( 'NONE', #10849, #5416, #10084 ) ;
#6864 = EDGE_LOOP ( 'NONE', ( #5295, #8284, #5912, #7315 ) ) ;
#6865 = CARTESIAN_POINT ( 'NONE',  ( -33.93320287025150606, 5.226965505743706331, 5.117329813474864153 ) ) ;
#6866 = VECTOR ( 'NONE', #1025, 1000.000000000000000 ) ;
#6867 = B_SPLINE_CURVE_WITH_KNOTS ( 'NONE', 3,
 ( #9672, #2450, #2397, #8660, #725 ),
 .UNSPECIFIED., .F., .F.,
 ( 4, 1, 4 ),
 ( 0.2024315979431476897, 0.5228176099171815139, 0.7968962246429839302 ),
 .UNSPECIFIED. ) ;
#6868 = PLANE ( 'NONE',  #10565 ) ;
#6869 = CARTESIAN_POINT ( 'NONE',  ( -17.10183990713238344, -23.02410380877846663, 5.700000000000000178 ) ) ;
#6870 = ORIENTED_EDGE ( 'NONE', *, *, #6250, .F. ) ;
#6871 = CARTESIAN_POINT ( 'NONE',  ( -33.75542845756822175, -28.49999999999999645, 22.60245618287899205 ) ) ;
#6872 = AXIS2_PLACEMENT_3D ( 'NONE', #4911, #5750, #4093 ) ;
#6873 = LINE ( 'NONE', #1453, #11502 ) ;
#6874 = AXIS2_PLACEMENT_3D ( 'NONE', #3716, #1740, #11770 ) ;
#6875 = CARTESIAN_POINT ( 'NONE',  ( 19.50000000000001421, -37.00000000000000000, 0.000000000000000000 ) ) ;
#6876 = EDGE_LOOP ( 'NONE', ( #11205, #2970, #4118, #8445 ) ) ;
#6877 = AXIS2_PLACEMENT_3D ( 'NONE', #2849, #9349, #5687 ) ;
#6878 = FACE_OUTER_BOUND ( 'NONE', #9843, .T. ) ;
#6879 = DIRECTION ( 'NONE',  ( 0.000000000000000000, -1.000000000000000000, 0.000000000000000000 ) ) ;
#6880 = AXIS2_PLACEMENT_3D ( 'NONE', #9102, #11790, #994 ) ;
#6881 = CIRCLE ( 'NONE', #11656, 1.000000000000000888 ) ;
#6882 = ORIENTED_EDGE ( 'NONE', *, *, #3571, .T. ) ;
#6883 = ORIENTED_EDGE ( 'NONE', *, *, #4955, .F. ) ;
#6884 = CARTESIAN_POINT ( 'NONE',  ( -24.75126265846939688, -24.74873734153059246, 5.799999999999999822 ) ) ;
#6885 = AXIS2_PLACEMENT_3D ( 'NONE', #6413, #9551, #6797 ) ;
#6886 = DIRECTION ( 'NONE',  ( 0.000000000000000000, 0.000000000000000000, 1.000000000000000000 ) ) ;
#6887 = ORIENTED_EDGE ( 'NONE', *, *, #4518, .F. ) ;
#6888 = DIRECTION ( 'NONE',  ( 1.000000000000000000, 0.000000000000000000, 0.000000000000000000 ) ) ;
#6889 = CARTESIAN_POINT ( 'NONE',  ( 21.48033429508655345, 17.71788375388184278, 5.700000000000000178 ) ) ;
#6890 = CARTESIAN_POINT ( 'NONE',  ( 30.41648695340791519, 7.744185220050904483, 0.7833141600994210085 ) ) ;
#6891 = ORIENTED_EDGE ( 'NONE', *, *, #7376, .T. ) ;
#6892 = FACE_OUTER_BOUND ( 'NONE', #5196, .T. ) ;
#6893 = AXIS2_PLACEMENT_3D ( 'NONE', #11459, #3397, #6070 ) ;
#6894 = VECTOR ( 'NONE', #2173, 1000.000000000000000 ) ;
#6895 = EDGE_CURVE ( 'NONE', #7373, #7379, #10650, .T. ) ;
#6896 = CIRCLE ( 'NONE', #5573, 1.000000000000000888 ) ;
#6897 = ORIENTED_EDGE ( 'NONE', *, *, #9282, .T. ) ;
#6898 = CARTESIAN_POINT ( 'NONE',  ( 28.89999999999998082, -13.12679400932128182, 15.02985011956905659 ) ) ;
#6899 = CARTESIAN_POINT ( 'NONE',  ( -18.81287924089114227, 24.32813405080258562, 5.700000000000000178 ) ) ;
#6900 = EDGE_LOOP ( 'NONE', ( #2303, #729, #7990, #10005 ) ) ;
#6901 = CARTESIAN_POINT ( 'NONE',  ( 10.07493515506130777, -32.80000000000047322, 6.141007861520602518 ) ) ;
#6902 = AXIS2_PLACEMENT_3D ( 'NONE', #10026, #10786, #6238 ) ;
#6903 = FACE_OUTER_BOUND ( 'NONE', #5501, .T. ) ;
#6904 = CYLINDRICAL_SURFACE ( 'NONE', #830, 1.000000000000000888 ) ;
#6905 = AXIS2_PLACEMENT_3D ( 'NONE', #10629, #1680, #1629 ) ;
#6906 = B_SPLINE_CURVE_WITH_KNOTS ( 'NONE', 3,
 ( #11430, #8689, #10367, #9523, #9468, #344 ),
 .UNSPECIFIED., .F., .F.,
 ( 4, 2, 4 ),
 ( 0.000000000000000000, 0.002418696264476018903, 0.004837392528952037807 ),
 .UNSPECIFIED. ) ;
#6907 = CARTESIAN_POINT ( 'NONE',  ( -30.49999999999998224, 9.859770194196457282, 0.5328935692435808891 ) ) ;
#6908 = ORIENTED_EDGE ( 'NONE', *, *, #6989, .T. ) ;
#6909 = AXIS2_PLACEMENT_3D ( 'NONE', #9687, #8730, #1510 ) ;
#6910 = CARTESIAN_POINT ( 'NONE',  ( 24.74873734152913229, 24.75126265847088547, -37.50000000000001421 ) ) ;
#6911 = DIRECTION ( 'NONE',  ( 0.000000000000000000, 0.000000000000000000, -1.000000000000000000 ) ) ;
#6912 = CARTESIAN_POINT ( 'NONE',  ( 22.14873734153059814, -24.74873734152912519, 0.1999999999999987899 ) ) ;
#6913 = AXIS2_PLACEMENT_3D ( 'NONE', #6287, #5396, #6358 ) ;
#6914 = VECTOR ( 'NONE', #8709, 1000.000000000000000 ) ;
#6915 = PLANE ( 'NONE',  #9892 ) ;
#6916 = AXIS2_PLACEMENT_3D ( 'NONE', #8908, #5980, #743 ) ;
#6917 = DIRECTION ( 'NONE',  ( 1.000000000000000000, 0.000000000000000000, 0.000000000000000000 ) ) ;
#6918 = CARTESIAN_POINT ( 'NONE',  ( -9.426077363159199862, -32.21305360954431762, 5.700000000000000178 ) ) ;
#6919 = ORIENTED_EDGE ( 'NONE', *, *, #2495, .F. ) ;
#6920 = EDGE_CURVE ( 'NONE', #8460, #8180, #11097, .T. ) ;
#6921 = EDGE_CURVE ( 'NONE', #3179, #1766, #639, .T. ) ;
#6922 = CARTESIAN_POINT ( 'NONE',  ( -31.33564583674152004, 5.556398594908110056, 5.950176621999019311 ) ) ;
#6923 = LINE ( 'NONE', #6851, #4042 ) ;
#6924 = CARTESIAN_POINT ( 'NONE',  ( 34.02781867282187989, -28.49999999999999645, 21.30028324192948830 ) ) ;
#6925 = CARTESIAN_POINT ( 'NONE',  ( 26.84065101359201222, -37.00000000000000000, 0.5000000000000000000 ) ) ;
#6926 = ORIENTED_EDGE ( 'NONE', *, *, #11248, .F. ) ;
#6927 = AXIS2_PLACEMENT_3D ( 'NONE', #3233, #7905, #10581 ) ;
#6928 = AXIS2_PLACEMENT_3D ( 'NONE', #56, #6298, #9961 ) ;
#6929 = DIRECTION ( 'NONE',  ( 0.000000000000000000, 1.000000000000000000, -1.204669080539449344E-16 ) ) ;
#6930 = CIRCLE ( 'NONE', #2561, 24.75000000000000355 ) ;
#6931 = CYLINDRICAL_SURFACE ( 'NONE', #5128, 0.5000000000000004441 ) ;
#6932 = CARTESIAN_POINT ( 'NONE',  ( 14.76159781963375117, -25.46392358848238757, 4.000000000000000000 ) ) ;
#6933 = ORIENTED_EDGE ( 'NONE', *, *, #181, .T. ) ;
#6934 = CARTESIAN_POINT ( 'NONE',  ( -33.67467056849169893, 5.906518849726931641, 4.897190724969158637 ) ) ;
#6935 = LINE ( 'NONE', #4131, #10556 ) ;
#6936 = CARTESIAN_POINT ( 'NONE',  ( -14.52856751100943278, -25.23987766111303443, 6.000000000000000000 ) ) ;
#6937 = ORIENTED_EDGE ( 'NONE', *, *, #1550, .F. ) ;
#6938 = CARTESIAN_POINT ( 'NONE',  ( -18.99999999999999645, -36.50000000000000000, 27.00000000000000711 ) ) ;
#6939 = CIRCLE ( 'NONE', #5408, 1.000000000000000000 ) ;
#6940 = EDGE_CURVE ( 'NONE', #10107, #10913, #757, .T. ) ;
#6941 = B_SPLINE_CURVE_WITH_KNOTS ( 'NONE', 3,
 ( #910, #7351, #8304, #1859 ),
 .UNSPECIFIED., .F., .F.,
 ( 4, 4 ),
 ( 0.000000000000000000, 0.0005461197929527551818 ),
 .UNSPECIFIED. ) ;
#6942 = EDGE_CURVE ( 'NONE', #10886, #2373, #2243, .T. ) ;
#6943 = CARTESIAN_POINT ( 'NONE',  ( 27.54873734152913300, 24.75126265847088547, 5.799999999999999822 ) ) ;
#6944 = EDGE_CURVE ( 'NONE', #2959, #5320, #5332, .T. ) ;
#6945 = CARTESIAN_POINT ( 'NONE',  ( -3.244874193390045125, -32.79999999999999716, 6.475629962069108458 ) ) ;
#6946 = ORIENTED_EDGE ( 'NONE', *, *, #9547, .T. ) ;
#6947 = LINE ( 'NONE', #5266, #8557 ) ;
#6948 = DIRECTION ( 'NONE',  ( 0.000000000000000000, 0.000000000000000000, -1.000000000000000000 ) ) ;
#6949 = AXIS2_PLACEMENT_3D ( 'NONE', #9437, #1091, #11172 ) ;
#6950 = ORIENTED_EDGE ( 'NONE', *, *, #9061, .T. ) ;
#6951 = EDGE_LOOP ( 'NONE', ( #5017, #8250, #11331, #11049 ) ) ;
#6952 = CARTESIAN_POINT ( 'NONE',  ( -33.99999999999997868, -27.99999999999999645, 1.500000000000007327 ) ) ;
#6953 = ORIENTED_EDGE ( 'NONE', *, *, #8824, .F. ) ;
#6954 = CARTESIAN_POINT ( 'NONE',  ( -12.22778997319670147, -27.76396704556222161, 5.700000000000001066 ) ) ;
#6955 = ORIENTED_EDGE ( 'NONE', *, *, #1244, .F. ) ;
#6956 = EDGE_CURVE ( 'NONE', #10838, #9392, #605, .T. ) ;
#6957 = CARTESIAN_POINT ( 'NONE',  ( -16.88511317922751331, -22.81666821537258727, 6.000000000000000000 ) ) ;
#6958 = CARTESIAN_POINT ( 'NONE',  ( -26.13621369101517544, -32.15368539846935647, 6.500000000000000888 ) ) ;
#6959 = VECTOR ( 'NONE', #3978, 1000.000000000000000 ) ;
#6960 = DIRECTION ( 'NONE',  ( -1.000000000000000000, 0.000000000000000000, 0.000000000000000000 ) ) ;
#6961 = VERTEX_POINT ( 'NONE', #933 ) ;
#6962 = CARTESIAN_POINT ( 'NONE',  ( -25.85982139157955828, 19.16814017262964498, 5.700000000000001066 ) ) ;
#6963 =( BOUNDED_CURVE ( )  B_SPLINE_CURVE ( 3, ( #1467, #1344, #8628, #7737 ),
 .UNSPECIFIED., .F., .F. ) 
 B_SPLINE_CURVE_WITH_KNOTS ( ( 4, 4 ),
 ( 3.141592653589793116, 3.542952104821890380 ),
 .UNSPECIFIED. ) 
 CURVE ( )  GEOMETRIC_REPRESENTATION_ITEM ( )  RATIONAL_B_SPLINE_CURVE ( ( 1.000000000000000000, 0.9866208738732110684, 0.9866208738732110684, 1.000000000000000000 ) ) 
 REPRESENTATION_ITEM ( '' )  );
#6964 = B_SPLINE_SURFACE_WITH_KNOTS ( 'NONE', 2, 1, ( 
 ( #7908, #11544 ),
 ( #8905, #11595 ),
 ( #3360, #6998 ) ),
 .UNSPECIFIED., .F., .F., .F.,
 ( 3, 3 ),
 ( 2, 2 ),
 ( 0.2332106448633353701, 0.8780129317113671839 ),
 ( 0.000000000000000000, 1.000000000000000000 ),
 .UNSPECIFIED. ) ;
#6965 = ORIENTED_EDGE ( 'NONE', *, *, #7298, .T. ) ;
#6966 = FACE_OUTER_BOUND ( 'NONE', #7971, .T. ) ;
#6967 = VERTEX_POINT ( 'NONE', #10834 ) ;
#6968 = CARTESIAN_POINT ( 'NONE',  ( 9.699412555167935324, -32.79999999999999716, 6.499999934578373662 ) ) ;
#6969 = CARTESIAN_POINT ( 'NONE',  ( 31.49999999999997868, -13.12679400932128182, 15.02985011956905659 ) ) ;
#6970 = DIRECTION ( 'NONE',  ( 0.000000000000000000, -1.000000000000000000, -0.000000000000000000 ) ) ;
#6971 = DIRECTION ( 'NONE',  ( 1.000000000000000000, 0.000000000000000000, 0.000000000000000000 ) ) ;
#6972 = ORIENTED_EDGE ( 'NONE', *, *, #5040, .T. ) ;
#6973 = DIRECTION ( 'NONE',  ( -0.000000000000000000, 0.000000000000000000, 1.000000000000000000 ) ) ;
#6974 = CARTESIAN_POINT ( 'NONE',  ( 26.57907203407025065, -33.46165703515585221, 49.97397267484757322 ) ) ;
#6975 = DIRECTION ( 'NONE',  ( 5.782411586589324585E-14, -1.000000000000000000, -6.687256751344533559E-28 ) ) ;
#6976 = CARTESIAN_POINT ( 'NONE',  ( -27.54775779477855480, -37.50000000000000000, 50.00000000000000000 ) ) ;
#6977 = CARTESIAN_POINT ( 'NONE',  ( -30.94320138815987775, -28.48100464718124769, 22.31313512614567429 ) ) ;
#6978 = CARTESIAN_POINT ( 'NONE',  ( 27.34873734152913016, 24.75126265847088547, -37.50000000000001421 ) ) ;
#6979 = EDGE_LOOP ( 'NONE', ( #11432, #4811, #9343 ) ) ;
#6980 = CARTESIAN_POINT ( 'NONE',  ( -34.49999999998635758, -28.49999999999999645, 1.369076711110692512 ) ) ;
#6981 = CARTESIAN_POINT ( 'NONE',  ( 30.46675606622387988, 7.451975888119950930, 5.999999999999997335 ) ) ;
#6982 = FACE_OUTER_BOUND ( 'NONE', #270, .T. ) ;
#6983 = DIRECTION ( 'NONE',  ( 0.000000000000000000, 0.000000000000000000, 1.000000000000000000 ) ) ;
#6984 = ORIENTED_EDGE ( 'NONE', *, *, #5986, .T. ) ;
#6985 = DIRECTION ( 'NONE',  ( -1.000000000000000000, 0.000000000000000000, 0.000000000000000000 ) ) ;
#6986 = CIRCLE ( 'NONE', #10417, 0.7999999999999986011 ) ;
#6987 = DIRECTION ( 'NONE',  ( -1.000000000000000000, 0.000000000000000000, 0.000000000000000000 ) ) ;
#6988 = CARTESIAN_POINT ( 'NONE',  ( 9.536592924887919764, -29.83217189384346568, 4.000000000000000000 ) ) ;
#6989 = EDGE_CURVE ( 'NONE', #2470, #3183, #8154, .T. ) ;
#6990 = ORIENTED_EDGE ( 'NONE', *, *, #4159, .F. ) ;
#6991 = FACE_OUTER_BOUND ( 'NONE', #4885, .T. ) ;
#6992 = DIRECTION ( 'NONE',  ( 1.000000000000000000, 0.000000000000000000, 0.000000000000000000 ) ) ;
#6993 = CARTESIAN_POINT ( 'NONE',  ( -12.23596626236172114, -27.75692072278836875, 6.000000000002200018 ) ) ;
#6994 = ORIENTED_EDGE ( 'NONE', *, *, #8088, .T. ) ;
#6995 = CARTESIAN_POINT ( 'NONE',  ( -34.31067958716358390, -28.49999999999999645, 21.98512320647629181 ) ) ;
#6996 = DIRECTION ( 'NONE',  ( -1.000000000000000000, 0.000000000000000000, 0.000000000000000000 ) ) ;
#6997 = VERTEX_POINT ( 'NONE', #6535 ) ;
#6998 = CARTESIAN_POINT ( 'NONE',  ( -20.22343168682450454, -31.18700226176694912, 5.700000000000000178 ) ) ;
#6999 = ORIENTED_EDGE ( 'NONE', *, *, #2459, .F. ) ;
#7000 = CARTESIAN_POINT ( 'NONE',  ( 30.37760673426212321, -28.62230188570046963, 21.57402752746417818 ) ) ;
#7001 = DIRECTION ( 'NONE',  ( 0.000000000000000000, 0.000000000000000000, -1.000000000000000000 ) ) ;
#7002 = EDGE_CURVE ( 'NONE', #2591, #5043, #8099, .T. ) ;
#7003 = ORIENTED_EDGE ( 'NONE', *, *, #7475, .T. ) ;
#7004 = ADVANCED_FACE ( 'NONE', ( #10065 ), #5917, .T. ) ;
#7005 = ORIENTED_EDGE ( 'NONE', *, *, #7579, .T. ) ;
#7006 = CARTESIAN_POINT ( 'NONE',  ( 30.00000000000001776, -37.49999999999999289, 1.000000000000007772 ) ) ;
#7007 = ORIENTED_EDGE ( 'NONE', *, *, #5631, .F. ) ;
#7008 = DIRECTION ( 'NONE',  ( -1.000000000000000000, -0.000000000000000000, 1.826024711554533913E-16 ) ) ;
#7009 = ORIENTED_EDGE ( 'NONE', *, *, #8604, .F. ) ;
#7010 = DIRECTION ( 'NONE',  ( 0.000000000000000000, 0.000000000000000000, -1.000000000000000000 ) ) ;
#7011 = FACE_BOUND ( 'NONE', #604, .T. ) ;
#7012 = DIRECTION ( 'NONE',  ( 0.000000000000000000, 0.000000000000000000, 1.000000000000000000 ) ) ;
#7013 = ORIENTED_EDGE ( 'NONE', *, *, #8690, .T. ) ;
#7014 = CARTESIAN_POINT ( 'NONE',  ( 26.19678717823081371, -32.29999999999999716, 6.000000000000000000 ) ) ;
#7015 = CIRCLE ( 'NONE', #11029, 0.9999999999999991118 ) ;
#7016 = EDGE_CURVE ( 'NONE', #9168, #9408, #9158, .T. ) ;
#7017 = ORIENTED_EDGE ( 'NONE', *, *, #8414, .T. ) ;
#7018 = CARTESIAN_POINT ( 'NONE',  ( -19.39069158978168161, 26.64689772752831587, 5.700000000000000178 ) ) ;
#7019 = VERTEX_POINT ( 'NONE', #6289 ) ;
#7020 = DIRECTION ( 'NONE',  ( 0.000000000000000000, 1.000000000000000000, -0.000000000000000000 ) ) ;
#7021 = DIRECTION ( 'NONE',  ( 0.000000000000000000, -0.000000000000000000, -1.000000000000000000 ) ) ;
#7022 = AXIS2_PLACEMENT_3D ( 'NONE', #11212, #7526, #1257 ) ;
#7023 = CARTESIAN_POINT ( 'NONE',  ( -20.50193465475827637, -31.07548501264342633, 5.700000000000000178 ) ) ;
#7025 = CARTESIAN_POINT ( 'NONE',  ( 30.50000000000000711, 31.00000000000000711, 6.000000000000000000 ) ) ;
#7024 =( BOUNDED_SURFACE ( )  B_SPLINE_SURFACE ( 3, 2, ( 
 ( #4174, #9548, #2391 ),
 ( #6015, #11522, #5059 ),
 ( #2445, #7819, #484 ),
 ( #10617, #7942, #3278 ),
 ( #6922, #11575, #4119 ),
 ( #1490, #7761, #3396 ) ),
 .UNSPECIFIED., .F., .F., .F. ) 
 B_SPLINE_SURFACE_WITH_KNOTS ( ( 4, 2, 4 ),
 ( 3, 3 ),
 ( 5.267206967277672014, 5.778244072248334362, 6.289281177218997598 ),
 ( 0.000000000000000000, 1.000000000000000000 ),
 .UNSPECIFIED. ) 
 GEOMETRIC_REPRESENTATION_ITEM ( )  RATIONAL_B_SPLINE_SURFACE ( (
 ( 1.000000000000000000, 0.8584323824076907083, 1.000000000000000000),
 ( 1.000000000000000000, 0.8963849531107248580, 1.000000000000000000),
 ( 1.000000000000000000, 0.9256992710165711236, 1.000000000000000000),
 ( 1.000000000000000000, 0.9649029971701289510, 1.000000000000000000),
 ( 1.000000000000000000, 0.9747937864153323195, 1.000000000000000000),
 ( 1.000000000000000000, 0.9745303182011859633, 1.000000000000000000) ) ) 
 REPRESENTATION_ITEM ( '' )  SURFACE ( )  );
#7026 = ORIENTED_EDGE ( 'NONE', *, *, #9711, .T. ) ;
#7027 = CYLINDRICAL_SURFACE ( 'NONE', #7478, 27.00000000000000000 ) ;
#7028 = DIRECTION ( 'NONE',  ( 0.000000000000000000, 0.000000000000000000, 1.000000000000000000 ) ) ;
#7029 = CARTESIAN_POINT ( 'NONE',  ( 28.89999999999998082, -13.12679400932128182, 13.02985011956905659 ) ) ;
#7030 = CIRCLE ( 'NONE', #8196, 24.75000000000000355 ) ;
#7031 = B_SPLINE_CURVE_WITH_KNOTS ( 'NONE', 3,
 ( #4922, #6834, #4044, #2252, #7695, #11161 ),
 .UNSPECIFIED., .F., .F.,
 ( 4, 2, 4 ),
 ( 3.576224061345498009E-18, 0.0002322385355043303404, 0.0004644770710086571028 ),
 .UNSPECIFIED. ) ;
#7032 = DIRECTION ( 'NONE',  ( 0.000000000000000000, -0.000000000000000000, -1.000000000000000000 ) ) ;
#7033 = CARTESIAN_POINT ( 'NONE',  ( -30.91399482062599091, -28.49999999999999645, 22.68041234772800152 ) ) ;
#7034 = LINE ( 'NONE', #4117, #9977 ) ;
#7035 = VERTEX_POINT ( 'NONE', #4563 ) ;
#7036 = CARTESIAN_POINT ( 'NONE',  ( -33.87378639159093296, -28.18932041261388477, 0.9963810274431811331 ) ) ;
#7037 = DIRECTION ( 'NONE',  ( -1.000000000000000000, 0.000000000000000000, 0.000000000000000000 ) ) ;
#7038 = CARTESIAN_POINT ( 'NONE',  ( 23.41749788930798815, -18.95652801027802425, 6.000000000000000000 ) ) ;
#7039 = CARTESIAN_POINT ( 'NONE',  ( -30.37760673426106450, -28.62230188570152478, 21.57402752746527597 ) ) ;
#7040 = EDGE_LOOP ( 'NONE', ( #6937, #11797, #7370, #8921 ) ) ;
#7041 = AXIS2_PLACEMENT_3D ( 'NONE', #1872, #3601, #2781 ) ;
#7042 = DIRECTION ( 'NONE',  ( 1.000000000000000000, 0.000000000000000000, 0.000000000000000000 ) ) ;
#7043 = FACE_OUTER_BOUND ( 'NONE', #1635, .T. ) ;
#7044 = DIRECTION ( 'NONE',  ( 0.000000000000000000, 0.000000000000000000, -1.000000000000000000 ) ) ;
#7045 = ORIENTED_EDGE ( 'NONE', *, *, #8350, .F. ) ;
#7046 = CARTESIAN_POINT ( 'NONE',  ( -32.33315867557369216, 6.447492353574332036, 5.518310820481707957 ) ) ;
#7047 = CIRCLE ( 'NONE', #9718, 0.5000000000000004441 ) ;
#7048 = CARTESIAN_POINT ( 'NONE',  ( 24.74873734152913229, 24.75126265847088547, 5.799999999999999822 ) ) ;
#7049 = DIRECTION ( 'NONE',  ( -1.000000000000000000, 1.200108019483769278E-15, -0.000000000000000000 ) ) ;
#7050 = ORIENTED_EDGE ( 'NONE', *, *, #4128, .T. ) ;
#7051 = FACE_OUTER_BOUND ( 'NONE', #4612, .T. ) ;
#7052 = DIRECTION ( 'NONE',  ( -1.000000000000000000, 0.000000000000000000, 0.000000000000000000 ) ) ;
#7053 = EDGE_LOOP ( 'NONE', ( #7547, #8283, #7210, #9312 ) ) ;
#7054 = AXIS2_PLACEMENT_3D ( 'NONE', #8138, #3413, #7052 ) ;
#7055 = CARTESIAN_POINT ( 'NONE',  ( 26.69420440418528528, -37.35355339059326241, 49.50000000000000000 ) ) ;
#7056 = ORIENTED_EDGE ( 'NONE', *, *, #2416, .T. ) ;
#7057 = COLOUR_RGB ( '',0.7921568627450980005, 0.8196078431372548767, 0.9333333333333333481 ) ;
#7058 = DIRECTION ( 'NONE',  ( -1.000000000000000000, 0.000000000000000000, 0.000000000000000000 ) ) ;
#7059 = CARTESIAN_POINT ( 'NONE',  ( 11.34820343485738903, 25.09839867021115012, 5.700000000000000178 ) ) ;
#7060 = CIRCLE ( 'NONE', #10682, 5.499999999999998224 ) ;
#7061 = ORIENTED_EDGE ( 'NONE', *, *, #7298, .F. ) ;
#7062 = CIRCLE ( 'NONE', #11645, 0.2999999999999999334 ) ;
#7063 = VERTEX_POINT ( 'NONE', #11014 ) ;
#7064 = FACE_OUTER_BOUND ( 'NONE', #1249, .T. ) ;
#7065 = ORIENTED_EDGE ( 'NONE', *, *, #8846, .T. ) ;
#7066 = EDGE_CURVE ( 'NONE', #1140, #5143, #1180, .T. ) ;
#7067 = CIRCLE ( 'NONE', #6863, 0.5000000000000004441 ) ;
#7068 = CARTESIAN_POINT ( 'NONE',  ( -30.49999999999997513, -28.30589980690267993, 21.36060493658032655 ) ) ;
#7069 = ORIENTED_EDGE ( 'NONE', *, *, #10509, .F. ) ;
#7070 = EDGE_CURVE ( 'NONE', #8596, #10963, #9562, .T. ) ;
#7071 = EDGE_CURVE ( 'NONE', #3886, #8139, #4031, .T. ) ;
#7072 = CARTESIAN_POINT ( 'NONE',  ( 30.74512848119494279, -28.24634548648489485, 21.99414047527504579 ) ) ;
#7073 = CARTESIAN_POINT ( 'NONE',  ( -30.63085234329984274, 4.427627784631602559, 6.000000000000133227 ) ) ;
#7074 = CIRCLE ( 'NONE', #7652, 1.000000000000000888 ) ;
#7075 = CARTESIAN_POINT ( 'NONE',  ( -26.61078199885683304, -33.79999999999999716, 50.00000000000000000 ) ) ;
#7076 = ORIENTED_EDGE ( 'NONE', *, *, #8804, .T. ) ;
#7077 = ADVANCED_FACE ( 'NONE', ( #8212 ), #9406, .T. ) ;
#7078 = AXIS2_PLACEMENT_3D ( 'NONE', #10789, #8051, #8931 ) ;
#7079 = VECTOR ( 'NONE', #7639, 1000.000000000000000 ) ;
#7080 = CARTESIAN_POINT ( 'NONE',  ( -26.64689772753529695, 19.39069158978175977, 5.700000000000000178 ) ) ;
#7081 = PRODUCT_DEFINITION_FORMATION_WITH_SPECIFIED_SOURCE ( 'ä»', '', #9725, .NOT_KNOWN. ) ;
#7082 = ORIENTED_EDGE ( 'NONE', *, *, #6194, .T. ) ;
#7083 = AXIS2_PLACEMENT_3D ( 'NONE', #9699, #1522, #1649 ) ;
#7084 = CARTESIAN_POINT ( 'NONE',  ( -49.99999999999999289, -37.50000000000000000, 50.00000000000000000 ) ) ;
#7085 = ORIENTED_EDGE ( 'NONE', *, *, #9480, .F. ) ;
#7086 = CARTESIAN_POINT ( 'NONE',  ( 33.99999999999997868, 4.500000000000001776, 5.352827917084654885 ) ) ;
#7087 = CARTESIAN_POINT ( 'NONE',  ( 0.000000000000000000, 0.000000000000000000, 5.700000000000000178 ) ) ;
#7088 = LINE ( 'NONE', #9710, #7314 ) ;
#7089 = EDGE_CURVE ( 'NONE', #2470, #11683, #10703, .T. ) ;
#7090 = EDGE_CURVE ( 'NONE', #6273, #4707, #3656, .T. ) ;
#7091 = EDGE_CURVE ( 'NONE', #5530, #3244, #4975, .T. ) ;
#7092 = CARTESIAN_POINT ( 'NONE',  ( 20.29508843714771871, -31.55872636749531424, 4.000000000000000000 ) ) ;
#7093 = VERTEX_POINT ( 'NONE', #9288 ) ;
#7094 = EDGE_CURVE ( 'NONE', #7389, #4619, #5554, .T. ) ;
#7095 = VECTOR ( 'NONE', #6254, 1000.000000000000000 ) ;
#7096 = DIRECTION ( 'NONE',  ( -0.000000000000000000, -1.000000000000000000, -0.000000000000000000 ) ) ;
#7097 = CARTESIAN_POINT ( 'NONE',  ( -9.311874429641299855, -32.09312106124922082, 6.000000000000000000 ) ) ;
#7098 = AXIS2_PLACEMENT_3D ( 'NONE', #6910, #2383, #770 ) ;
#7099 = CARTESIAN_POINT ( 'NONE',  ( -26.78294234767822601, 18.90955557852281643, 6.000000000000000000 ) ) ;
#7100 = CYLINDRICAL_SURFACE ( 'NONE', #6642, 1.000000000000000000 ) ;
#7101 = EDGE_CURVE ( 'NONE', #633, #5212, #8793, .T. ) ;
#7102 = CIRCLE ( 'NONE', #8248, 0.5000000000000015543 ) ;
#7103 = DIRECTION ( 'NONE',  ( -7.285838599102549407E-13, -1.000000000000000000, 0.000000000000000000 ) ) ;
#7104 = AXIS2_PLACEMENT_3D ( 'NONE', #4670, #10049, #2882 ) ;
#7105 = DIRECTION ( 'NONE',  ( -1.000000000000000000, 0.000000000000000000, 0.000000000000000000 ) ) ;
#7106 = VERTEX_POINT ( 'NONE', #2177 ) ;
#7107 =( BOUNDED_CURVE ( )  B_SPLINE_CURVE ( 3, ( #361, #11279, #3104, #4717 ),
 .UNSPECIFIED., .F., .F. ) 
 B_SPLINE_CURVE_WITH_KNOTS ( ( 4, 4 ),
 ( 3.141592653589793116, 4.712388980384692339 ),
 .UNSPECIFIED. ) 
 CURVE ( )  GEOMETRIC_REPRESENTATION_ITEM ( )  RATIONAL_B_SPLINE_CURVE ( ( 1.000000000000000000, 0.8047378541243643824, 0.8047378541243643824, 1.000000000000000000 ) ) 
 REPRESENTATION_ITEM ( '' )  );
#7108 = CARTESIAN_POINT ( 'NONE',  ( 24.74873734153059601, -24.74873734152912519, 5.799999999999999822 ) ) ;
#7109 = CARTESIAN_POINT ( 'NONE',  ( 30.50000000000001421, 8.130517918508745723, 5.500000000000000000 ) ) ;
#7110 = AXIS2_PLACEMENT_3D ( 'NONE', #3082, #8633, #3251 ) ;
#7111 = ADVANCED_FACE ( 'NONE', ( #3013 ), #6758, .T. ) ;
#7112 = FACE_OUTER_BOUND ( 'NONE', #3549, .T. ) ;
#7113 = CARTESIAN_POINT ( 'NONE',  ( -30.61471270492137720, -28.49559003089660081, 21.91551622604083249 ) ) ;
#7114 = ORIENTED_EDGE ( 'NONE', *, *, #7812, .T. ) ;
#7115 = DIRECTION ( 'NONE',  ( -0.000000000000000000, -0.8994353934787675531, 0.4370537414983364233 ) ) ;
#7116 = AXIS2_PLACEMENT_3D ( 'NONE', #4030, #8463, #11021 ) ;
#7117 = CIRCLE ( 'NONE', #4995, 1.000000000000000000 ) ;
#7118 = DIRECTION ( 'NONE',  ( -1.000000000000000000, 0.000000000000000000, 0.000000000000000000 ) ) ;
#7119 = AXIS2_PLACEMENT_3D ( 'NONE', #4195, #803, #8792 ) ;
#7120 = ORIENTED_EDGE ( 'NONE', *, *, #4572, .F. ) ;
#7121 = DIRECTION ( 'NONE',  ( -0.000000000000000000, -0.000000000000000000, 1.000000000000000000 ) ) ;
#7122 = CARTESIAN_POINT ( 'NONE',  ( 25.50000000000000355, 26.00000000000000711, 6.000000000000000000 ) ) ;
#7123 = CARTESIAN_POINT ( 'NONE',  ( -32.99999999999997868, 2.963777118215650930, 6.099309502229277591 ) ) ;
#7124 = ORIENTED_EDGE ( 'NONE', *, *, #1102, .T. ) ;
#7125 = CARTESIAN_POINT ( 'NONE',  ( 30.20715215380525720, -28.79262920306127072, 22.28909803235631060 ) ) ;
#7126 = AXIS2_PLACEMENT_3D ( 'NONE', #653, #5232, #7930 ) ;
#7127 = CIRCLE ( 'NONE', #448, 2.000000000000000000 ) ;
#7128 = DIRECTION ( 'NONE',  ( -1.000000000000000000, 0.000000000000000000, -0.000000000000000000 ) ) ;
#7129 = ORIENTED_EDGE ( 'NONE', *, *, #3273, .T. ) ;
#7130 = AXIS2_PLACEMENT_3D ( 'NONE', #9092, #5559, #4441 ) ;
#7131 = VERTEX_POINT ( 'NONE', #1111 ) ;
#7132 = DIRECTION ( 'NONE',  ( -1.000000000000000000, 0.000000000000000000, 0.000000000000000000 ) ) ;
#7133 = FACE_OUTER_BOUND ( 'NONE', #8626, .T. ) ;
#7134 = ORIENTED_EDGE ( 'NONE', *, *, #6469, .T. ) ;
#7135 = VECTOR ( 'NONE', #3294, 1000.000000000000000 ) ;
#7136 = VERTEX_POINT ( 'NONE', #5793 ) ;
#7137 = FACE_OUTER_BOUND ( 'NONE', #1824, .T. ) ;
#7138 = VERTEX_POINT ( 'NONE', #7552 ) ;
#7139 = DIRECTION ( 'NONE',  ( -0.000000000000000000, -0.000000000000000000, 1.000000000000000000 ) ) ;
#7140 = CARTESIAN_POINT ( 'NONE',  ( 31.29759009319608865, 5.291385355354153219, 6.058865863260515461 ) ) ;
#7141 = VERTEX_POINT ( 'NONE', #9454 ) ;
#7142 = CARTESIAN_POINT ( 'NONE',  ( -24.75126265847086771, 24.75126265846941820, 0.1999999999999987899 ) ) ;
#7143 = PLANE ( 'NONE',  #5947 ) ;
#7144 = CARTESIAN_POINT ( 'NONE',  ( -18.99611941894145062, 23.41088411730137153, 6.000000000000000888 ) ) ;
#7145 = VERTEX_POINT ( 'NONE', #2228 ) ;
#7146 = AXIS2_PLACEMENT_3D ( 'NONE', #10273, #11218, #5609 ) ;
#7147 = DIRECTION ( 'NONE',  ( 5.782411586589324585E-14, 1.000000000000000000, 6.687256751344533559E-28 ) ) ;
#7148 = EDGE_CURVE ( 'NONE', #8090, #2409, #9954, .T. ) ;
#7149 = ORIENTED_EDGE ( 'NONE', *, *, #2619, .F. ) ;
#7150 = VERTEX_POINT ( 'NONE', #1279 ) ;
#7151 = AXIS2_PLACEMENT_3D ( 'NONE', #8519, #8407, #2863 ) ;
#7152 = CARTESIAN_POINT ( 'NONE',  ( 30.50000000000001421, 7.946762643102036172, 5.788139023060331567 ) ) ;
#7153 = EDGE_LOOP ( 'NONE', ( #9479, #8269, #7663, #9880 ) ) ;
#7154 = CYLINDRICAL_SURFACE ( 'NONE', #2301, 0.9999999999999974465 ) ;
#7155 = CARTESIAN_POINT ( 'NONE',  ( -30.65000366322146164, 7.080364228166579288, 5.736906155166144217 ) ) ;
#7156 = DIRECTION ( 'NONE',  ( -1.000000000000000000, 0.000000000000000000, 0.000000000000000000 ) ) ;
#7157 = CARTESIAN_POINT ( 'NONE',  ( 31.49999999999997868, -13.12679400932128182, 15.02985011956905659 ) ) ;
#7158 = ORIENTED_EDGE ( 'NONE', *, *, #7650, .F. ) ;
#7159 = DIRECTION ( 'NONE',  ( -1.000000000000000000, 0.000000000000000000, 1.826024711554533913E-16 ) ) ;
#7160 = CARTESIAN_POINT ( 'NONE',  ( 3.244874193390046901, -32.45419513345802898, 6.000000000000000000 ) ) ;
#7161 = AXIS2_PLACEMENT_3D ( 'NONE', #10772, #6225, #1698 ) ;
#7162 = CARTESIAN_POINT ( 'NONE',  ( -24.99999999999999289, -36.50000000000000000, 49.50000000000000000 ) ) ;
#7163 = ADVANCED_FACE ( 'NONE', ( #9509 ), #10325, .T. ) ;
#7164 = DIRECTION ( 'NONE',  ( 0.000000000000000000, 0.000000000000000000, 1.000000000000000000 ) ) ;
#7165 = EDGE_CURVE ( 'NONE', #10651, #3244, #416, .T. ) ;
#7166 = EDGE_CURVE ( 'NONE', #532, #4236, #4017, .T. ) ;
#7167 = CARTESIAN_POINT ( 'NONE',  ( 30.58514133909264388, 7.429106195618171427, 5.661543475972814932 ) ) ;
#7168 = DIRECTION ( 'NONE',  ( -1.000000000000000000, 0.000000000000000000, 0.000000000000000000 ) ) ;
#7169 = EDGE_LOOP ( 'NONE', ( #4658, #3005, #8328 ) ) ;
#7170 = CARTESIAN_POINT ( 'NONE',  ( -19.23943966693453689, 25.00940007039979918, 6.000000000000000000 ) ) ;
#7171 = CARTESIAN_POINT ( 'NONE',  ( -25.00940007038808588, -19.23943966694980645, 6.000000000000000000 ) ) ;
#7172 = CARTESIAN_POINT ( 'NONE',  ( 25.78779358249688158, 19.45953595426480831, 6.000000000000000888 ) ) ;
#7173 = VERTEX_POINT ( 'NONE', #7495 ) ;
#7174 = DIRECTION ( 'NONE',  ( -0.000000000000000000, -0.000000000000000000, 1.000000000000000000 ) ) ;
#7175 = EDGE_CURVE ( 'NONE', #3487, #11081, #1947, .T. ) ;
#7176 = ORIENTED_EDGE ( 'NONE', *, *, #9921, .T. ) ;
#7177 = CARTESIAN_POINT ( 'NONE',  ( -30.37106707813179085, -37.04788115841778762, 0.1590273945777552767 ) ) ;
#7178 = CARTESIAN_POINT ( 'NONE',  ( 41.00000000000001421, -28.69999999999999574, 40.50000000000000000 ) ) ;
#7179 = CARTESIAN_POINT ( 'NONE',  ( 31.49999999999998579, 5.559677934766192209, 5.949717696739384110 ) ) ;
#7180 = ORIENTED_EDGE ( 'NONE', *, *, #3125, .F. ) ;
#7181 = CARTESIAN_POINT ( 'NONE',  ( -37.99999999999998579, -37.29999999999999716, 40.50000000000000000 ) ) ;
#7182 = DIRECTION ( 'NONE',  ( 0.000000000000000000, 0.000000000000000000, -1.000000000000000000 ) ) ;
#7183 = ORIENTED_EDGE ( 'NONE', *, *, #5241, .F. ) ;
#7184 = EDGE_LOOP ( 'NONE', ( #469, #5281, #7563, #6213 ) ) ;
#7185 = DIRECTION ( 'NONE',  ( -1.224646799147353207E-16, -1.393064624433290081E-32, 1.000000000000000000 ) ) ;
#7186 = DIRECTION ( 'NONE',  ( 1.000000000000000000, 0.000000000000000000, 0.000000000000000000 ) ) ;
#7187 = PRODUCT_RELATED_PRODUCT_CATEGORY ( 'part', '', ( #9725 ) ) ;
#7188 = ORIENTED_EDGE ( 'NONE', *, *, #8830, .F. ) ;
#7189 = ORIENTED_EDGE ( 'NONE', *, *, #2477, .F. ) ;
#7190 = DIRECTION ( 'NONE',  ( 1.000000000000000000, -0.000000000000000000, -0.000000000000000000 ) ) ;
#7191 = B_SPLINE_CURVE_WITH_KNOTS ( 'NONE', 3,
 ( #5215, #4199, #8736, #632, #10708, #4269 ),
 .UNSPECIFIED., .F., .F.,
 ( 4, 2, 4 ),
 ( 0.000000000000000000, 0.0005903194212423239651, 0.001180638842484647930 ),
 .UNSPECIFIED. ) ;
#7192 = DIRECTION ( 'NONE',  ( -0.000000000000000000, -0.000000000000000000, 1.000000000000000000 ) ) ;
#7193 = EDGE_LOOP ( 'NONE', ( #2731, #1204, #7200, #7714 ) ) ;
#7194 = PLANE ( 'NONE',  #2194 ) ;
#7195 = CYLINDRICAL_SURFACE ( 'NONE', #10543, 0.5000000000000004441 ) ;
#7196 = ORIENTED_EDGE ( 'NONE', *, *, #674, .T. ) ;
#7197 = CARTESIAN_POINT ( 'NONE',  ( -19.83026723514933209, -32.56791795337827722, 6.067821059968290243 ) ) ;
#7198 = CARTESIAN_POINT ( 'NONE',  ( 0.000000000000000000, 0.000000000000000000, 6.000000000000000000 ) ) ;
#7199 = CARTESIAN_POINT ( 'NONE',  ( 0.000000000000000000, 0.000000000000000000, 4.000000000000000000 ) ) ;
#7200 = ORIENTED_EDGE ( 'NONE', *, *, #10162, .T. ) ;
#7201 = CARTESIAN_POINT ( 'NONE',  ( -23.45612191323816376, 18.69937031492593960, 5.700000000000001066 ) ) ;
#7202 = ORIENTED_EDGE ( 'NONE', *, *, #6861, .F. ) ;
#7203 = DIRECTION ( 'NONE',  ( -0.000000000000000000, -0.000000000000000000, 1.000000000000000000 ) ) ;
#7204 = ORIENTED_EDGE ( 'NONE', *, *, #596, .F. ) ;
#7205 = EDGE_CURVE ( 'NONE', #8909, #10625, #5927, .T. ) ;
#7206 = DIRECTION ( 'NONE',  ( -0.6363104671251841316, -0.7714330751445194201, 0.000000000000000000 ) ) ;
#7207 = DIRECTION ( 'NONE',  ( -1.000000000000000000, 0.000000000000000000, 0.000000000000000000 ) ) ;
#7208 = CARTESIAN_POINT ( 'NONE',  ( 21.86605083265883920, 18.03603898744442446, 5.000000000000000000 ) ) ;
#7209 = CARTESIAN_POINT ( 'NONE',  ( 0.000000000000000000, -28.49999999999999645, 49.00000000000000000 ) ) ;
#7210 = ORIENTED_EDGE ( 'NONE', *, *, #8417, .F. ) ;
#7211 = LINE ( 'NONE', #11698, #3852 ) ;
#7212 = CARTESIAN_POINT ( 'NONE',  ( -9.556001448147117827, -32.51847668630838228, 6.050257921092868862 ) ) ;
#7213 = CARTESIAN_POINT ( 'NONE',  ( 31.05328889311703122, -28.49999999999999289, 22.38520258663423590 ) ) ;
#7214 = FACE_OUTER_BOUND ( 'NONE', #2426, .T. ) ;
#7215 = CIRCLE ( 'NONE', #11404, 0.5000000000000004441 ) ;
#7216 = CARTESIAN_POINT ( 'NONE',  ( 23.45612191323815310, -18.69937031492593249, 5.700000000000001066 ) ) ;
#7217 = FACE_OUTER_BOUND ( 'NONE', #1527, .T. ) ;
#7218 = ORIENTED_EDGE ( 'NONE', *, *, #3350, .F. ) ;
#7219 = CARTESIAN_POINT ( 'NONE',  ( 29.99999999999997868, 2.139175515927377980, 6.500000000000000888 ) ) ;
#7220 = CARTESIAN_POINT ( 'NONE',  ( 30.49999999999997868, -13.12679400932128182, 15.02985011956905659 ) ) ;
#7221 = ADVANCED_FACE ( 'NONE', ( #383 ), #8605, .T. ) ;
#7222 = DIRECTION ( 'NONE',  ( -1.137523590804463822E-16, 1.000000000000000000, 0.000000000000000000 ) ) ;
#7223 = EDGE_CURVE ( 'NONE', #150, #10930, #4855, .T. ) ;
#7224 = CARTESIAN_POINT ( 'NONE',  ( 29.13518463892637556, -29.15695351228847088, 6.500000000000000888 ) ) ;
#7225 = ORIENTED_EDGE ( 'NONE', *, *, #4666, .T. ) ;
#7226 = EDGE_CURVE ( 'NONE', #3008, #7653, #3116, .T. ) ;
#7227 = DIRECTION ( 'NONE',  ( -1.000000000000000000, -0.000000000000000000, -0.000000000000000000 ) ) ;
#7228 = EDGE_CURVE ( 'NONE', #11683, #600, #3915, .T. ) ;
#7229 = AXIS2_PLACEMENT_3D ( 'NONE', #1915, #9197, #9916 ) ;
#7230 = DIRECTION ( 'NONE',  ( -1.000000000000000000, 0.000000000000000000, 0.000000000000000000 ) ) ;
#7231 = ORIENTED_EDGE ( 'NONE', *, *, #11311, .T. ) ;
#7232 = PLANE ( 'NONE',  #4407 ) ;
#7233 = DIRECTION ( 'NONE',  ( 1.000000000000000000, 1.137523590804463822E-16, -1.370339498226346127E-32 ) ) ;
#7234 = CARTESIAN_POINT ( 'NONE',  ( -30.49999999999997868, -28.29278383102048977, 6.500000000000000888 ) ) ;
#7235 = EDGE_LOOP ( 'NONE', ( #2604, #7927 ) ) ;
#7236 = DIRECTION ( 'NONE',  ( 0.000000000000000000, -1.000000000000000000, 0.000000000000000000 ) ) ;
#7237 = CIRCLE ( 'NONE', #9142, 1.000000000000000888 ) ;
#7238 = CARTESIAN_POINT ( 'NONE',  ( -45.00000000000000000, -37.50000000000000000, 45.00000000000000711 ) ) ;
#7239 = ORIENTED_EDGE ( 'NONE', *, *, #8610, .T. ) ;
#7240 = EDGE_CURVE ( 'NONE', #2487, #9432, #10292, .T. ) ;
#7241 = EDGE_CURVE ( 'NONE', #9125, #9821, #1366, .T. ) ;
#7242 = ORIENTED_EDGE ( 'NONE', *, *, #8948, .F. ) ;
#7243 = EDGE_CURVE ( 'NONE', #8590, #6103, #10638, .T. ) ;
#7244 = CARTESIAN_POINT ( 'NONE',  ( 24.32813405080369762, 18.81287924088970342, 5.700000000000000178 ) ) ;
#7245 = CYLINDRICAL_SURFACE ( 'NONE', #2943, 1.484090461570473307 ) ;
#7246 = AXIS2_PLACEMENT_3D ( 'NONE', #1497, #5124, #3404 ) ;
#7247 = VERTEX_POINT ( 'NONE', #4137 ) ;
#7248 = ORIENTED_EDGE ( 'NONE', *, *, #3192, .T. ) ;
#7249 = CARTESIAN_POINT ( 'NONE',  ( -10.14603345413111946, -32.54270237725687309, 5.981248059854769927 ) ) ;
#7250 = CARTESIAN_POINT ( 'NONE',  ( 18.82420381523434472, -23.72709151477141987, 4.000000000000000000 ) ) ;
#7251 = ORIENTED_EDGE ( 'NONE', *, *, #9355, .F. ) ;
#7252 = CARTESIAN_POINT ( 'NONE',  ( -21.36605083265882854, -18.03603898744441736, 5.000000000000000000 ) ) ;
#7253 = CIRCLE ( 'NONE', #8026, 3.000000000000002665 ) ;
#7254 = ORIENTED_EDGE ( 'NONE', *, *, #5085, .T. ) ;
#7255 = DIRECTION ( 'NONE',  ( -1.000000000000000000, 0.000000000000000000, 0.000000000000000000 ) ) ;
#7256 = DIRECTION ( 'NONE',  ( -1.000000000000000000, 0.000000000000000000, -0.000000000000000000 ) ) ;
#7257 = MECHANICAL_DESIGN_GEOMETRIC_PRESENTATION_REPRESENTATION (  '', ( #4193 ), #5705 ) ;
#7258 = CARTESIAN_POINT ( 'NONE',  ( -19.03213242458200227, -26.90929240901378705, 5.700000000000000178 ) ) ;
#7259 = VERTEX_POINT ( 'NONE', #6161 ) ;
#7260 = B_SPLINE_CURVE_WITH_KNOTS ( 'NONE', 3,
 ( #8878, #1480, #8754, #10549 ),
 .UNSPECIFIED., .F., .F.,
 ( 4, 4 ),
 ( 0.000000000000000000, 0.0004020294374550107287 ),
 .UNSPECIFIED. ) ;
#7261 = CYLINDRICAL_SURFACE ( 'NONE', #9594, 1.000000000000000888 ) ;
#7262 = B_SPLINE_CURVE_WITH_KNOTS ( 'NONE', 3,
 ( #2513, #6141, #2331, #8713, #9669, #5247 ),
 .UNSPECIFIED., .F., .F.,
 ( 4, 2, 4 ),
 ( 5.204170427930421283E-18, 0.0004262391873301774894, 0.0008524783746603497745 ),
 .UNSPECIFIED. ) ;
#7263 = AXIS2_PLACEMENT_3D ( 'NONE', #8004, #11644, #1379 ) ;
#7264 = ORIENTED_EDGE ( 'NONE', *, *, #4614, .T. ) ;
#7265 = AXIS2_PLACEMENT_3D ( 'NONE', #5699, #7571, #2980 ) ;
#7266 = CARTESIAN_POINT ( 'NONE',  ( -19.81139839964004778, -32.41512815557796756, 5.791777033146319198 ) ) ;
#7267 = ORIENTED_EDGE ( 'NONE', *, *, #5008, .T. ) ;
#7268 = CARTESIAN_POINT ( 'NONE',  ( -24.75126265847086771, 24.75126265846941820, 0.1999999999999987899 ) ) ;
#7269 = CARTESIAN_POINT ( 'NONE',  ( 26.28294234767779969, -11.88379308764559106, 6.000000000000000000 ) ) ;
#7270 = DIRECTION ( 'NONE',  ( 1.000000000000000000, 0.000000000000000000, 0.000000000000000000 ) ) ;
#7271 = AXIS2_PLACEMENT_3D ( 'NONE', #7219, #5361, #10925 ) ;
#7272 = CARTESIAN_POINT ( 'NONE',  ( 30.50000000000001066, 9.099122145186774091, 0.9178823745229153230 ) ) ;
#7273 = ORIENTED_EDGE ( 'NONE', *, *, #1408, .F. ) ;
#7274 = DIRECTION ( 'NONE',  ( 0.000000000000000000, -0.4370537414983364788, -0.8994353934787675531 ) ) ;
#7275 = DIRECTION ( 'NONE',  ( 0.000000000000000000, 0.000000000000000000, 1.000000000000000000 ) ) ;
#7276 = AXIS2_PLACEMENT_3D ( 'NONE', #6819, #568, #7010 ) ;
#7277 = DIRECTION ( 'NONE',  ( 0.000000000000000000, -0.8994353934787674421, 0.4370537414983363678 ) ) ;
#7278 = AXIS2_PLACEMENT_3D ( 'NONE', #1882, #4458, #1945 ) ;
#7279 = VECTOR ( 'NONE', #7128, 1000.000000000000000 ) ;
#7280 = CARTESIAN_POINT ( 'NONE',  ( -19.99999999999999645, -32.79999999999999716, 27.00000000000000711 ) ) ;
#7281 = CARTESIAN_POINT ( 'NONE',  ( -45.00000000000000000, -28.49999999999999645, 45.00000000000000711 ) ) ;
#7282 = CARTESIAN_POINT ( 'NONE',  ( 31.49999999999997868, -13.12679400932128182, 15.02985011956905659 ) ) ;
#7283 = ORIENTED_EDGE ( 'NONE', *, *, #7296, .F. ) ;
#7284 = CARTESIAN_POINT ( 'NONE',  ( -19.39069158978334784, 26.64689772753418495, 6.000000000000000000 ) ) ;
#7285 = DIRECTION ( 'NONE',  ( -0.000000000000000000, -1.000000000000000000, -0.000000000000000000 ) ) ;
#7286 = CARTESIAN_POINT ( 'NONE',  ( 18.82420381369167472, -23.72709161337618156, 4.000000000000000000 ) ) ;
#7287 = DIRECTION ( 'NONE',  ( -0.000000000000000000, -0.000000000000000000, 1.000000000000000000 ) ) ;
#7288 = ORIENTED_EDGE ( 'NONE', *, *, #8586, .F. ) ;
#7289 = VECTOR ( 'NONE', #2287, 1000.000000000000000 ) ;
#7290 = DIRECTION ( 'NONE',  ( -1.000000000000000000, 0.000000000000000000, 0.000000000000000000 ) ) ;
#7291 = LINE ( 'NONE', #4540, #9326 ) ;
#7292 = CARTESIAN_POINT ( 'NONE',  ( 9.000000000000010658, -32.79999999999999716, 16.00000000000000000 ) ) ;
#7293 = EDGE_CURVE ( 'NONE', #600, #8596, #4191, .T. ) ;
#7294 = CIRCLE ( 'NONE', #11288, 0.5000000000000004441 ) ;
#7295 = VECTOR ( 'NONE', #8723, 1000.000000000000000 ) ;
#7296 = EDGE_CURVE ( 'NONE', #2187, #11504, #6311, .T. ) ;
#7297 = ORIENTED_EDGE ( 'NONE', *, *, #10182, .T. ) ;
#7298 = EDGE_CURVE ( 'NONE', #7373, #8207, #2707, .T. ) ;
#7299 = DIRECTION ( 'NONE',  ( 1.000000000000000000, 0.000000000000000000, 0.000000000000000000 ) ) ;
#7300 = AXIS2_PLACEMENT_3D ( 'NONE', #5809, #11378, #3976 ) ;
#7301 = CARTESIAN_POINT ( 'NONE',  ( -25.78279235760479793, -32.79999999999999716, 49.00000000000000000 ) ) ;
#7302 = CARTESIAN_POINT ( 'NONE',  ( 31.41049514092202699, 5.527218431424844702, 5.965490422035019336 ) ) ;
#7303 = ORIENTED_EDGE ( 'NONE', *, *, #380, .T. ) ;
#7304 = FACE_OUTER_BOUND ( 'NONE', #3592, .T. ) ;
#7305 = CARTESIAN_POINT ( 'NONE',  ( 34.00452219235145890, -28.49547780764851623, 1.366967472805701522 ) ) ;
#7306 = ORIENTED_EDGE ( 'NONE', *, *, #8321, .T. ) ;
#7307 = VECTOR ( 'NONE', #1803, 1000.000000000000000 ) ;
#7308 = VECTOR ( 'NONE', #6197, 1000.000000000000114 ) ;
#7309 = ORIENTED_EDGE ( 'NONE', *, *, #11024, .F. ) ;
#7310 = AXIS2_PLACEMENT_3D ( 'NONE', #8388, #11074, #10965 ) ;
#7311 = CARTESIAN_POINT ( 'NONE',  ( 32.99999999999997868, 7.062946258501664687, 4.107440800168005168 ) ) ;
#7312 = CARTESIAN_POINT ( 'NONE',  ( 3.903587267792825610, -32.79999999999999716, 6.500000000000000888 ) ) ;
#7313 = ORIENTED_EDGE ( 'NONE', *, *, #10071, .F. ) ;
#7314 = VECTOR ( 'NONE', #10731, 1000.000000000000000 ) ;
#7315 = ORIENTED_EDGE ( 'NONE', *, *, #5734, .F. ) ;
#7316 = AXIS2_PLACEMENT_3D ( 'NONE', #1712, #5457, #11620 ) ;
#7317 = CARTESIAN_POINT ( 'NONE',  ( -10.39816519068724077, -32.55872636749531068, 5.981714358017718780 ) ) ;
#7318 = CARTESIAN_POINT ( 'NONE',  ( -25.49999999999997868, 26.00000000000000355, 6.000000000000000000 ) ) ;
#7319 = VERTEX_POINT ( 'NONE', #7776 ) ;
#7320 = ADVANCED_FACE ( 'NONE', ( #7839 ), #9634, .F. ) ;
#7321 = EDGE_CURVE ( 'NONE', #3081, #1233, #4214, .T. ) ;
#7322 = CARTESIAN_POINT ( 'NONE',  ( -20.22343168146353065, -31.18700224837848012, 4.000000000000000000 ) ) ;
#7323 = ADVANCED_FACE ( 'NONE', ( #3303 ), #10613, .F. ) ;
#7324 = VECTOR ( 'NONE', #10114, 1000.000000000000000 ) ;
#7325 = CARTESIAN_POINT ( 'NONE',  ( 32.99999999999997868, -28.50000000000000355, 22.50000000000000000 ) ) ;
#7326 = DIRECTION ( 'NONE',  ( -0.000000000000000000, -0.000000000000000000, 1.000000000000000000 ) ) ;
#7327 = ORIENTED_EDGE ( 'NONE', *, *, #5894, .T. ) ;
#7328 = CARTESIAN_POINT ( 'NONE',  ( -24.75126265847086771, 24.75126265846941820, 0.000000000000000000 ) ) ;
#7329 = AXIS2_PLACEMENT_3D ( 'NONE', #3882, #6666, #9531 ) ;
#7330 = ORIENTED_EDGE ( 'NONE', *, *, #6514, .F. ) ;
#7331 = EDGE_CURVE ( 'NONE', #1377, #4337, #10582, .T. ) ;
#7332 = CARTESIAN_POINT ( 'NONE',  ( 28.89999999999998082, -16.10783521469172541, 15.36658938351599524 ) ) ;
#7333 = ORIENTED_EDGE ( 'NONE', *, *, #2066, .F. ) ;
#7334 = DIRECTION ( 'NONE',  ( 0.000000000000000000, 0.000000000000000000, -1.000000000000000000 ) ) ;
#7335 = CARTESIAN_POINT ( 'NONE',  ( 24.74873734152913229, 24.75126265847088547, 5.799999999999999822 ) ) ;
#7336 = AXIS2_PLACEMENT_3D ( 'NONE', #3542, #1812, #1039 ) ;
#7337 = CARTESIAN_POINT ( 'NONE',  ( 19.57972195055398146, 27.28294234767709270, 4.000000000000000000 ) ) ;
#7338 = CARTESIAN_POINT ( 'NONE',  ( -26.84065101359200511, -37.50000000000000000, 49.50000000000000000 ) ) ;
#7339 = ORIENTED_EDGE ( 'NONE', *, *, #8692, .F. ) ;
#7340 = LINE ( 'NONE', #949, #625 ) ;
#7341 = CYLINDRICAL_SURFACE ( 'NONE', #7799, 0.3000000000000016542 ) ;
#7342 = CARTESIAN_POINT ( 'NONE',  ( 30.83021459246159779, -28.48181420580339562, 22.22327617267946565 ) ) ;
#7343 = TOROIDAL_SURFACE ( 'NONE', #3917, 0.7999999999999999334, 0.2999999999999999889 ) ;
#7344 = DIRECTION ( 'NONE',  ( 0.000000000000000000, 0.000000000000000000, 1.000000000000000000 ) ) ;
#7345 = DIRECTION ( 'NONE',  ( 0.000000000000000000, -1.000000000000000000, 0.000000000000000000 ) ) ;
#7346 = CARTESIAN_POINT ( 'NONE',  ( -49.99999999999999289, -29.50000000000000000, 49.00000000000000000 ) ) ;
#7347 = VERTEX_POINT ( 'NONE', #7055 ) ;
#7348 = DIRECTION ( 'NONE',  ( -1.137523590804463822E-16, 1.000000000000000000, 0.000000000000000000 ) ) ;
#7349 = CARTESIAN_POINT ( 'NONE',  ( -30.20609549896743218, -30.20737079693872928, 50.00000000000000000 ) ) ;
#7350 = CARTESIAN_POINT ( 'NONE',  ( -27.58294234767780395, -11.88379308764551467, 5.700000000000000178 ) ) ;
#7351 = CARTESIAN_POINT ( 'NONE',  ( -30.64302626639803862, -28.53222021818039167, 22.44147832534012821 ) ) ;
#7352 = VERTEX_POINT ( 'NONE', #9572 ) ;
#7353 = CARTESIAN_POINT ( 'NONE',  ( -30.74512848119494279, -28.24634548648489130, 21.99414047527504223 ) ) ;
#7354 = CARTESIAN_POINT ( 'NONE',  ( 31.03671265574215710, 5.008608723783086525, 6.098438871281142148 ) ) ;
#7355 = CARTESIAN_POINT ( 'NONE',  ( -15.72612110261072083, 5.773878897389277398, 49.50000000000000000 ) ) ;
#7356 = ORIENTED_EDGE ( 'NONE', *, *, #6651, .F. ) ;
#7357 = DIRECTION ( 'NONE',  ( 0.000000000000000000, -1.000000000000000000, 1.204669080539449344E-16 ) ) ;
#7358 = CARTESIAN_POINT ( 'NONE',  ( -19.49999999999999289, -36.50000000000000000, 44.00000000000000711 ) ) ;
#7359 = CARTESIAN_POINT ( 'NONE',  ( 31.29280178080173158, 5.287297624870394230, 6.059437921463096011 ) ) ;
#7360 = ORIENTED_EDGE ( 'NONE', *, *, #5008, .F. ) ;
#7361 = DIRECTION ( 'NONE',  ( 0.000000000000000000, 0.000000000000000000, 1.000000000000000000 ) ) ;
#7362 = EDGE_CURVE ( 'NONE', #1029, #999, #5136, .T. ) ;
#7363 = CARTESIAN_POINT ( 'NONE',  ( 33.99999999999997868, -27.99999999999999645, 1.500000000000007550 ) ) ;
#7364 = EDGE_LOOP ( 'NONE', ( #8130, #10316, #7668, #8389 ) ) ;
#7365 = EDGE_CURVE ( 'NONE', #5848, #11658, #8244, .T. ) ;
#7366 = ADVANCED_FACE ( 'NONE', ( #622 ), #6964, .F. ) ;
#7367 = CARTESIAN_POINT ( 'NONE',  ( -30.65000366322143677, 7.080364228166574847, 5.736906155166189514 ) ) ;
#7368 = DIRECTION ( 'NONE',  ( -1.000000000000000000, 8.673617379884026597E-16, 0.000000000000000000 ) ) ;
#7369 = ORIENTED_EDGE ( 'NONE', *, *, #6511, .F. ) ;
#7370 = ORIENTED_EDGE ( 'NONE', *, *, #9335, .T. ) ;
#7371 = DIRECTION ( 'NONE',  ( -0.000000000000000000, -1.000000000000000000, 0.000000000000000000 ) ) ;
#7372 = CYLINDRICAL_SURFACE ( 'NONE', #10085, 5.000000000000000888 ) ;
#7373 = VERTEX_POINT ( 'NONE', #9748 ) ;
#7374 = DIRECTION ( 'NONE',  ( 0.000000000000000000, 0.000000000000000000, 1.000000000000000000 ) ) ;
#7375 = DIRECTION ( 'NONE',  ( 1.000000000000000000, 0.000000000000000000, 0.000000000000000000 ) ) ;
#7376 = EDGE_CURVE ( 'NONE', #8874, #5636, #4979, .T. ) ;
#7377 = ADVANCED_FACE ( 'NONE', ( #3417 ), #10156, .T. ) ;
#7378 = DIRECTION ( 'NONE',  ( 0.000000000000000000, -1.000000000000000000, 0.000000000000000000 ) ) ;
#7379 = VERTEX_POINT ( 'NONE', #4372 ) ;
#7380 = CARTESIAN_POINT ( 'NONE',  ( 27.28294234767779614, -11.88379308764553066, 5.700000000000000178 ) ) ;
#7381 = ADVANCED_FACE ( 'NONE', ( #10044 ), #3822, .F. ) ;
#7382 = EDGE_CURVE ( 'NONE', #6478, #11567, #1914, .T. ) ;
#7383 = VERTEX_POINT ( 'NONE', #2985 ) ;
#7384 = CARTESIAN_POINT ( 'NONE',  ( -31.42540803750648593, 7.208040961047561090, 5.092017553351671388 ) ) ;
#7385 = VERTEX_POINT ( 'NONE', #5482 ) ;
#7386 = DIRECTION ( 'NONE',  ( 1.000000000000000000, 0.000000000000000000, -0.000000000000000000 ) ) ;
#7387 = DIRECTION ( 'NONE',  ( 0.000000000000000000, 1.000000000000000000, -0.000000000000000000 ) ) ;
#7388 = DIRECTION ( 'NONE',  ( 0.000000000000000000, 1.000000000000000000, -0.000000000000000000 ) ) ;
#7389 = VERTEX_POINT ( 'NONE', #8359 ) ;
#7390 = CARTESIAN_POINT ( 'NONE',  ( -30.49999999999997868, -37.36602540378444104, 0.5000000000000084377 ) ) ;
#7391 = EDGE_CURVE ( 'NONE', #4630, #6083, #9375, .T. ) ;
#7392 = DIRECTION ( 'NONE',  ( 0.000000000000000000, 1.000000000000000000, -0.000000000000000000 ) ) ;
#7393 = ADVANCED_FACE ( 'NONE', ( #2935 ), #2875, .F. ) ;
#7394 = DIRECTION ( 'NONE',  ( -0.000000000000000000, -1.000000000000000000, -0.000000000000000000 ) ) ;
#7395 = CARTESIAN_POINT ( 'NONE',  ( 0.000000000000000000, -32.29999999999999716, 6.427855894855588836 ) ) ;
#7396 = DIRECTION ( 'NONE',  ( 0.000000000000000000, -1.000000000000000000, 1.084202172485504434E-16 ) ) ;
#7397 = FACE_OUTER_BOUND ( 'NONE', #10070, .T. ) ;
#7398 = ORIENTED_EDGE ( 'NONE', *, *, #4206, .F. ) ;
#7399 = DIRECTION ( 'NONE',  ( -0.01543996299320504403, 0.9998807966666669600, 0.000000000000000000 ) ) ;
#7400 = CARTESIAN_POINT ( 'NONE',  ( -32.99999999999997868, 4.937053741498337978, 6.252263310563422216 ) ) ;
#7401 = CARTESIAN_POINT ( 'NONE',  ( -26.64689772753536445, -19.39069158978178109, 6.000000000000000000 ) ) ;
#7402 = DIRECTION ( 'NONE',  ( 1.000000000000000000, 0.000000000000000000, 0.000000000000000000 ) ) ;
#7403 = ORIENTED_EDGE ( 'NONE', *, *, #7735, .F. ) ;
#7404 = CYLINDRICAL_SURFACE ( 'NONE', #8057, 1.000000000000000888 ) ;
#7405 = FACE_OUTER_BOUND ( 'NONE', #1577, .T. ) ;
#7406 = TOROIDAL_SURFACE ( 'NONE', #5109, 1.300000000000000044, 0.2999999999999999889 ) ;
#7407 = CARTESIAN_POINT ( 'NONE',  ( 30.50000000000000711, 31.00000000000000711, 0.5000000000000004441 ) ) ;
#7408 = AXIS2_PLACEMENT_3D ( 'NONE', #2808, #6382, #10852 ) ;
#7409 = VERTEX_POINT ( 'NONE', #8245 ) ;
#7410 = CARTESIAN_POINT ( 'NONE',  ( 4.728964654960518210, -30.97010467188755456, 4.000000000000000000 ) ) ;
#7411 = LINE ( 'NONE', #974, #251 ) ;
#7412 = ORIENTED_EDGE ( 'NONE', *, *, #3283, .T. ) ;
#7413 = CYLINDRICAL_SURFACE ( 'NONE', #8223, 2.999999999999999112 ) ;
#7414 = FACE_OUTER_BOUND ( 'NONE', #1465, .T. ) ;
#7415 = CARTESIAN_POINT ( 'NONE',  ( 33.26174788919185232, -29.10737816621138307, 0.5260273253334182275 ) ) ;
#7416 = VERTEX_POINT ( 'NONE', #5706 ) ;
#7417 = CIRCLE ( 'NONE', #2656, 1.299999999999999156 ) ;
#7418 =( BOUNDED_SURFACE ( )  B_SPLINE_SURFACE ( 3, 2, ( 
 ( #200, #4935, #4841 ),
 ( #8494, #8591, #5614 ),
 ( #4059, #7705, #11347 ),
 ( #3164, #266, #9271 ),
 ( #10228, #8429, #6850 ),
 ( #5001, #11398, #6069 ),
 ( #7036, #8767, #2266 ),
 ( #8836, #4350, #10676 ),
 ( #665, #9667, #6980 ),
 ( #8711, #1549, #5183 ) ),
 .UNSPECIFIED., .F., .F., .F. ) 
 B_SPLINE_SURFACE_WITH_KNOTS ( ( 4, 2, 2, 2, 4 ),
 ( 3, 3 ),
 ( 1.570796326794896780, 1.963495408493620697, 2.356194490192344837, 2.748893571891068976, 3.141592653589793116 ),
 ( 0.000000000000000000, 1.000000000000000000 ),
 .UNSPECIFIED. ) 
 GEOMETRIC_REPRESENTATION_ITEM ( )  RATIONAL_B_SPLINE_SURFACE ( (
 ( 1.000000000000000000, 1.000000000000000000, 1.000000000000000000),
 ( 1.000000000000000000, 1.000158583041000471, 1.000000000000000000),
 ( 1.000000000000000000, 0.9867291862306338812, 1.000000000000000000),
 ( 1.000000000000000000, 0.9386556535316777916, 1.000000000000000000),
 ( 1.000000000000000000, 0.9038128836972962876, 1.000000000000000000),
 ( 1.000000000000000000, 0.8282379238715817937, 1.000000000000000000),
 ( 1.000000000000000000, 0.7876785128860925855, 1.000000000000000000),
 ( 1.000000000000000000, 0.7265517268111121307, 1.000000000000000000),
 ( 1.000000000000000000, 0.7066757661660238998, 1.000000000000000000),
 ( 1.000000000000000000, 0.7071067811865475727, 1.000000000000000000) ) ) 
 REPRESENTATION_ITEM ( '' )  SURFACE ( )  );
#7419 = CARTESIAN_POINT ( 'NONE',  ( -30.48793828919679072, 7.257292058334391172, 6.000000000000000000 ) ) ;
#7420 = DIRECTION ( 'NONE',  ( -0.000000000000000000, 1.000000000000000000, -0.000000000000000000 ) ) ;
#7421 = ORIENTED_EDGE ( 'NONE', *, *, #1243, .F. ) ;
#7422 = AXIS2_PLACEMENT_3D ( 'NONE', #385, #4702, #8294 ) ;
#7423 = ORIENTED_EDGE ( 'NONE', *, *, #9715, .F. ) ;
#7424 = CYLINDRICAL_SURFACE ( 'NONE', #6166, 0.5000000000000004441 ) ;
#7425 = DIRECTION ( 'NONE',  ( 1.000000000000000000, 0.000000000000000000, 0.000000000000000000 ) ) ;
#7426 = VERTEX_POINT ( 'NONE', #1030 ) ;
#7427 = CARTESIAN_POINT ( 'NONE',  ( -18.76524302010976442, -27.54532412450020473, 4.000000000000000000 ) ) ;
#7428 = CARTESIAN_POINT ( 'NONE',  ( -26.78294234767822246, -18.90955557852281288, 5.700000000000000178 ) ) ;
#7429 = DIRECTION ( 'NONE',  ( 0.000000000000000000, 0.000000000000000000, -1.000000000000000000 ) ) ;
#7430 = EDGE_LOOP ( 'NONE', ( #6170, #8029, #1055, #3406 ) ) ;
#7431 = AXIS2_PLACEMENT_3D ( 'NONE', #7355, #966, #854 ) ;
#7432 = CARTESIAN_POINT ( 'NONE',  ( -26.61078199885682949, -33.79999999999999716, 50.00000000000000000 ) ) ;
#7433 = EDGE_LOOP ( 'NONE', ( #6950, #1442, #4932, #9031 ) ) ;
#7434 = EDGE_CURVE ( 'NONE', #8102, #4304, #10991, .T. ) ;
#7435 = ORIENTED_EDGE ( 'NONE', *, *, #6861, .T. ) ;
#7436 = EDGE_CURVE ( 'NONE', #3940, #10230, #6702, .T. ) ;
#7437 = EDGE_CURVE ( 'NONE', #7471, #9580, #6566, .T. ) ;
#7438 = CIRCLE ( 'NONE', #8579, 1.000000000000000000 ) ;
#7439 = CARTESIAN_POINT ( 'NONE',  ( -30.49999999999933209, 7.075205936001015772, 5.268155867655356595 ) ) ;
#7440 = VERTEX_POINT ( 'NONE', #3941 ) ;
#7441 = B_SPLINE_CURVE_WITH_KNOTS ( 'NONE', 3,
 ( #8799, #635, #4271, #11552 ),
 .UNSPECIFIED., .F., .F.,
 ( 4, 4 ),
 ( 0.000000000000000000, 0.0006744584748213668622 ),
 .UNSPECIFIED. ) ;
#7442 = DIRECTION ( 'NONE',  ( 1.137523590804463822E-16, -1.000000000000000000, -0.000000000000000000 ) ) ;
#7443 = EDGE_CURVE ( 'NONE', #1066, #5626, #3548, .T. ) ;
#7444 = CARTESIAN_POINT ( 'NONE',  ( 19.40661177083937972, -32.79999999999999716, 6.427855894230319223 ) ) ;
#7445 = DIRECTION ( 'NONE',  ( 0.1722532513024805367, -0.1721246453007520827, -0.9698978935412815305 ) ) ;
#7446 = FACE_OUTER_BOUND ( 'NONE', #6626, .T. ) ;
#7447 = ORIENTED_EDGE ( 'NONE', *, *, #2569, .F. ) ;
#7448 = CARTESIAN_POINT ( 'NONE',  ( -19.44088177342840495, -32.64860303744450221, 6.069408797721787430 ) ) ;
#7449 = VECTOR ( 'NONE', #9023, 1000.000000000000000 ) ;
#7450 = CIRCLE ( 'NONE', #10312, 0.5000000000000004441 ) ;
#7451 = CARTESIAN_POINT ( 'NONE',  ( -3.903587267792826054, -32.79999999999999716, 6.500000000000000888 ) ) ;
#7452 = AXIS2_PLACEMENT_3D ( 'NONE', #7679, #297, #7562 ) ;
#7453 = EDGE_CURVE ( 'NONE', #7885, #8199, #6128, .T. ) ;
#7454 = LINE ( 'NONE', #6557, #6959 ) ;
#7455 = CARTESIAN_POINT ( 'NONE',  ( 27.04775779477855835, -36.99999999999999289, 49.50000000000000000 ) ) ;
#7456 = ORIENTED_EDGE ( 'NONE', *, *, #6051, .T. ) ;
#7457 = ADVANCED_FACE ( 'NONE', ( #10931 ), #4597, .F. ) ;
#7458 = ADVANCED_FACE ( 'NONE', ( #3766 ), #7404, .F. ) ;
#7459 = DIRECTION ( 'NONE',  ( 0.000000000000000000, 0.000000000000000000, 1.000000000000000000 ) ) ;
#7460 = ADVANCED_FACE ( 'NONE', ( #7524 ), #2854, .T. ) ;
#7461 = PLANE ( 'NONE',  #8261 ) ;
#7462 = CIRCLE ( 'NONE', #6874, 0.2999999999999999334 ) ;
#7463 = LINE ( 'NONE', #11106, #1724 ) ;
#7464 = ORIENTED_EDGE ( 'NONE', *, *, #3725, .F. ) ;
#7465 = CIRCLE ( 'NONE', #9951, 0.5000000000000004441 ) ;
#7466 = CARTESIAN_POINT ( 'NONE',  ( -9.556001448147453559, -32.51847668630846755, 6.050257921092969227 ) ) ;
#7467 = CARTESIAN_POINT ( 'NONE',  ( -31.39054111257338775, 7.415836561658260884, 4.777201867077591757 ) ) ;
#7468 = AXIS2_PLACEMENT_3D ( 'NONE', #10246, #3964, #5675 ) ;
#7469 = LINE ( 'NONE', #4928, #8770 ) ;
#7470 = AXIS2_PLACEMENT_3D ( 'NONE', #7108, #7, #848 ) ;
#7471 = VERTEX_POINT ( 'NONE', #3985 ) ;
#7472 = DIRECTION ( 'NONE',  ( -1.000000000000000000, 0.000000000000000000, 0.000000000000000000 ) ) ;
#7473 = FACE_OUTER_BOUND ( 'NONE', #8513, .T. ) ;
#7474 = ORIENTED_EDGE ( 'NONE', *, *, #11078, .F. ) ;
#7475 = EDGE_CURVE ( 'NONE', #11542, #9432, #3270, .T. ) ;
#7476 = CARTESIAN_POINT ( 'NONE',  ( 0.000000000000000000, 0.000000000000000000, 3.000000000000002665 ) ) ;
#7477 = FACE_OUTER_BOUND ( 'NONE', #2362, .T. ) ;
#7478 = AXIS2_PLACEMENT_3D ( 'NONE', #3521, #9970, #1537 ) ;
#7479 = VERTEX_POINT ( 'NONE', #3205 ) ;
#7480 = CARTESIAN_POINT ( 'NONE',  ( 33.13092329112635070, -29.30361506330659438, 0.5000000000000079936 ) ) ;
#7481 = ORIENTED_EDGE ( 'NONE', *, *, #5670, .F. ) ;
#7482 = VECTOR ( 'NONE', #11222, 1000.000000000000000 ) ;
#7483 = DIRECTION ( 'NONE',  ( 0.000000000000000000, 0.000000000000000000, -1.000000000000000000 ) ) ;
#7484 = CARTESIAN_POINT ( 'NONE',  ( -31.49999999999997868, -27.99999999999999645, 22.81294424401309584 ) ) ;
#7485 = AXIS2_PLACEMENT_3D ( 'NONE', #3157, #10432, #2256 ) ;
#7486 = ORIENTED_EDGE ( 'NONE', *, *, #9625, .F. ) ;
#7487 = ORIENTED_EDGE ( 'NONE', *, *, #2352, .T. ) ;
#7488 = DIRECTION ( 'NONE',  ( 0.000000000000000000, 0.000000000000000000, 1.000000000000000000 ) ) ;
#7489 = PLANE ( 'NONE',  #7859 ) ;
#7490 = ORIENTED_EDGE ( 'NONE', *, *, #2738, .F. ) ;
#7491 = DIRECTION ( 'NONE',  ( 0.000000000000000000, 0.000000000000000000, -1.000000000000000000 ) ) ;
#7492 = AXIS2_PLACEMENT_3D ( 'NONE', #9429, #10215, #6613 ) ;
#7493 = VECTOR ( 'NONE', #330, 1000.000000000000114 ) ;
#7494 = VECTOR ( 'NONE', #4034, 1000.000000000000000 ) ;
#7495 = CARTESIAN_POINT ( 'NONE',  ( -3.244874193390045125, -32.79999999999999716, 6.475629962069106682 ) ) ;
#7496 = ORIENTED_EDGE ( 'NONE', *, *, #8232, .T. ) ;
#7497 = CARTESIAN_POINT ( 'NONE',  ( 26.84065101359201222, -37.49999999999999289, 1.000000000000000000 ) ) ;
#7498 = AXIS2_PLACEMENT_3D ( 'NONE', #2434, #6059, #10787 ) ;
#7499 = VECTOR ( 'NONE', #10743, 1000.000000000000000 ) ;
#7500 = ORIENTED_EDGE ( 'NONE', *, *, #168, .T. ) ;
#7501 = AXIS2_PLACEMENT_3D ( 'NONE', #6466, #10067, #6291 ) ;
#7502 = ORIENTED_EDGE ( 'NONE', *, *, #1606, .T. ) ;
#7503 = DIRECTION ( 'NONE',  ( 0.000000000000000000, 0.000000000000000000, -1.000000000000000000 ) ) ;
#7504 = ORIENTED_EDGE ( 'NONE', *, *, #10181, .F. ) ;
#7505 = CARTESIAN_POINT ( 'NONE',  ( -34.98674648294755229, -35.00000000000000000, 50.00000000000000000 ) ) ;
#7506 = AXIS2_PLACEMENT_3D ( 'NONE', #5846, #1330, #8726 ) ;
#7507 = CARTESIAN_POINT ( 'NONE',  ( -30.49926391916473278, -28.58843981616310970, 22.17711511577909889 ) ) ;
#7508 = TOROIDAL_SURFACE ( 'NONE', #9404, 0.5000000000000000000, 0.5000000000000000000 ) ;
#7509 = EDGE_CURVE ( 'NONE', #6418, #8052, #4429, .T. ) ;
#7510 = CARTESIAN_POINT ( 'NONE',  ( 31.49999999999997868, 2.963777118215650930, 6.099309502229277591 ) ) ;
#7511 = ORIENTED_EDGE ( 'NONE', *, *, #2116, .F. ) ;
#7512 = CIRCLE ( 'NONE', #2361, 0.4999999999999982236 ) ;
#7513 = EDGE_CURVE ( 'NONE', #10913, #11081, #355, .T. ) ;
#7514 = CARTESIAN_POINT ( 'NONE',  ( -25.37175490347321016, 11.47180104703813264, 5.700000000000000178 ) ) ;
#7515 = CARTESIAN_POINT ( 'NONE',  ( 20.29508843714771871, -31.55872636749531424, 6.000000000000000000 ) ) ;
#7516 = CARTESIAN_POINT ( 'NONE',  ( 32.11446515967846693, -36.99999999999999289, 50.00000000000000000 ) ) ;
#7517 = DIRECTION ( 'NONE',  ( 0.000000000000000000, 0.000000000000000000, -1.000000000000000000 ) ) ;
#7518 = VERTEX_POINT ( 'NONE', #6838 ) ;
#7519 = DIRECTION ( 'NONE',  ( 0.000000000000000000, -1.000000000000000000, -0.000000000000000000 ) ) ;
#7520 = CARTESIAN_POINT ( 'NONE',  ( -30.32043779202365741, 8.163403335307398478, 0.8861293785905233200 ) ) ;
#7521 = DIRECTION ( 'NONE',  ( -1.000000000000000000, 0.000000000000000000, 0.000000000000000000 ) ) ;
#7522 = CARTESIAN_POINT ( 'NONE',  ( 3.244874193390045125, -30.97010467188755456, 4.000000000000000000 ) ) ;
#7523 = ORIENTED_EDGE ( 'NONE', *, *, #840, .F. ) ;
#7524 = FACE_OUTER_BOUND ( 'NONE', #3156, .T. ) ;
#7525 = ORIENTED_EDGE ( 'NONE', *, *, #10181, .T. ) ;
#7526 = DIRECTION ( 'NONE',  ( -0.000000000000000000, -0.000000000000000000, 1.000000000000000000 ) ) ;
#7527 = AXIS2_PLACEMENT_3D ( 'NONE', #11651, #8134, #10870 ) ;
#7528 = CARTESIAN_POINT ( 'NONE',  ( -34.27387889738927385, -44.22612110261071905, 49.50000000000000000 ) ) ;
#7529 = EDGE_CURVE ( 'NONE', #7733, #5817, #5172, .T. ) ;
#7530 = EDGE_CURVE ( 'NONE', #9345, #4547, #8993, .T. ) ;
#7531 = CARTESIAN_POINT ( 'NONE',  ( -32.99999999999997868, 4.937053741498337978, 6.252263310563422216 ) ) ;
#7532 = CARTESIAN_POINT ( 'NONE',  ( 45.00000000000000711, -36.99999999999999289, 50.00000000000000000 ) ) ;
#7533 = FACE_OUTER_BOUND ( 'NONE', #3198, .T. ) ;
#7534 = VERTEX_POINT ( 'NONE', #4110 ) ;
#7535 = CARTESIAN_POINT ( 'NONE',  ( 24.09389133424059537, 18.81331172321356249, 4.000000000000000000 ) ) ;
#7536 = AXIS2_PLACEMENT_3D ( 'NONE', #346, #7568, #4652 ) ;
#7537 = CARTESIAN_POINT ( 'NONE',  ( -12.30077645733960878, -27.88328592590512400, 4.000000000000000000 ) ) ;
#7538 = ORIENTED_EDGE ( 'NONE', *, *, #6940, .T. ) ;
#7539 = CARTESIAN_POINT ( 'NONE',  ( 33.16363660716159245, -29.33636339283213346, 0.5000000000034253711 ) ) ;
#7540 = VERTEX_POINT ( 'NONE', #8580 ) ;
#7541 = CARTESIAN_POINT ( 'NONE',  ( -26.64689772752949182, 19.39069158978011842, 4.000000000000000000 ) ) ;
#7542 = CARTESIAN_POINT ( 'NONE',  ( -29.99999999999998224, -36.50000000000000000, 0.000000000000000000 ) ) ;
#7543 = EDGE_CURVE ( 'NONE', #1173, #1070, #9195, .T. ) ;
#7544 = CIRCLE ( 'NONE', #4290, 1.000000000000000888 ) ;
#7545 = EDGE_CURVE ( 'NONE', #4236, #9695, #6525, .T. ) ;
#7546 = VERTEX_POINT ( 'NONE', #11211 ) ;
#7547 = ORIENTED_EDGE ( 'NONE', *, *, #1667, .T. ) ;
#7548 = LINE ( 'NONE', #2172, #7700 ) ;
#7549 = CARTESIAN_POINT ( 'NONE',  ( -9.534216377564721512, -29.83251576229563184, 5.700000000000000178 ) ) ;
#7550 = VERTEX_POINT ( 'NONE', #3096 ) ;
#7551 = CARTESIAN_POINT ( 'NONE',  ( 32.06342199532436865, 7.328655437323163824, 4.436494217628837333 ) ) ;
#7552 = CARTESIAN_POINT ( 'NONE',  ( -27.55126265846939759, -24.74873734153059246, -6.098637220230962441E-16 ) ) ;
#7553 = ORIENTED_EDGE ( 'NONE', *, *, #9856, .T. ) ;
#7554 = CARTESIAN_POINT ( 'NONE',  ( -25.88729591894688653, -32.92621360960988852, 49.50361897545592171 ) ) ;
#7555 = B_SPLINE_CURVE_WITH_KNOTS ( 'NONE', 3,
 ( #7804, #9657, #2314, #7929, #10605 ),
 .UNSPECIFIED., .F., .F.,
 ( 4, 1, 4 ),
 ( 0.2024315979431486057, 0.5228176099171815139, 0.7968962246429813767 ),
 .UNSPECIFIED. ) ;
#7556 = ORIENTED_EDGE ( 'NONE', *, *, #6921, .T. ) ;
#7557 = ORIENTED_EDGE ( 'NONE', *, *, #7509, .F. ) ;
#7558 = CARTESIAN_POINT ( 'NONE',  ( -30.49999999999997868, 8.358785161814946463, 5.143767736091760412 ) ) ;
#7559 = ORIENTED_EDGE ( 'NONE', *, *, #7071, .F. ) ;
#7560 = DIRECTION ( 'NONE',  ( -1.137523590804463822E-16, 1.000000000000000000, 0.000000000000000000 ) ) ;
#7561 = CARTESIAN_POINT ( 'NONE',  ( -40.99999999999998579, -28.49999999999999645, 40.50000000000000000 ) ) ;
#7562 = DIRECTION ( 'NONE',  ( -1.000000000000000000, -1.137523590804463822E-16, 0.000000000000000000 ) ) ;
#7563 = ORIENTED_EDGE ( 'NONE', *, *, #3070, .T. ) ;
#7564 = VECTOR ( 'NONE', #11607, 1000.000000000000000 ) ;
#7565 = CARTESIAN_POINT ( 'NONE',  ( -19.40716686948577063, -32.79999999999999716, 6.427855896709626649 ) ) ;
#7566 = ADVANCED_FACE ( 'NONE', ( #7754 ), #588, .T. ) ;
#7567 = LINE ( 'NONE', #5921, #8140 ) ;
#7568 = DIRECTION ( 'NONE',  ( -0.7071067811865475727, 0.7071067811865475727, 0.000000000000000000 ) ) ;
#7569 = DIRECTION ( 'NONE',  ( -0.9111874442045702072, -0.4119920406075139874, 0.000000000000000000 ) ) ;
#7570 = ORIENTED_EDGE ( 'NONE', *, *, #7828, .T. ) ;
#7571 = DIRECTION ( 'NONE',  ( -0.000000000000000000, -0.000000000000000000, 1.000000000000000000 ) ) ;
#7572 = CARTESIAN_POINT ( 'NONE',  ( 26.19678717823081371, -32.79999999999999716, 6.500000000000000888 ) ) ;
#7573 = CARTESIAN_POINT ( 'NONE',  ( -19.11439974901883687, -24.36428617222309256, 6.000000000000000888 ) ) ;
#7574 = CARTESIAN_POINT ( 'NONE',  ( 27.28294234767825444, 19.57972195055236853, 4.000000000000000000 ) ) ;
#7575 = ORIENTED_EDGE ( 'NONE', *, *, #10069, .F. ) ;
#7576 = CARTESIAN_POINT ( 'NONE',  ( -3.244874193390045125, -30.97010467188755456, 4.000000000000000000 ) ) ;
#7577 = DIRECTION ( 'NONE',  ( -1.000000000000000000, -1.519465818373850246E-16, 0.000000000000000000 ) ) ;
#7578 = CYLINDRICAL_SURFACE ( 'NONE', #22, 0.4999999999999982236 ) ;
#7579 = EDGE_CURVE ( 'NONE', #4304, #6653, #1375, .T. ) ;
#7580 = DIRECTION ( 'NONE',  ( -0.000000000000000000, -0.000000000000000000, 1.000000000000000000 ) ) ;
#7581 = CARTESIAN_POINT ( 'NONE',  ( 9.000000000000012434, -76.30000000000001137, 27.00000000000000355 ) ) ;
#7582 = CARTESIAN_POINT ( 'NONE',  ( -25.49999999999997868, 30.50000000000000711, 6.000000000000000000 ) ) ;
#7583 = VERTEX_POINT ( 'NONE', #2207 ) ;
#7584 = EDGE_CURVE ( 'NONE', #9033, #1098, #4991, .T. ) ;
#7585 = ADVANCED_FACE ( 'NONE', ( #10491 ), #10906, .T. ) ;
#7586 = LINE ( 'NONE', #5716, #8785 ) ;
#7587 = DIRECTION ( 'NONE',  ( -1.137523590804463822E-16, 1.000000000000000000, 0.000000000000000000 ) ) ;
#7588 = CARTESIAN_POINT ( 'NONE',  ( 24.32813405079680535, 18.81287924088788444, 4.000000000000000000 ) ) ;
#7589 = ORIENTED_EDGE ( 'NONE', *, *, #180, .F. ) ;
#7590 = ADVANCED_FACE ( 'NONE', ( #7698 ), #3665, .T. ) ;
#7591 = CIRCLE ( 'NONE', #5100, 1.000000000000000888 ) ;
#7592 = FACE_OUTER_BOUND ( 'NONE', #7595, .T. ) ;
#7593 = CARTESIAN_POINT ( 'NONE',  ( 32.99999999999997868, 4.937053741498337978, 6.252263310563422216 ) ) ;
#7594 = ORIENTED_EDGE ( 'NONE', *, *, #11367, .T. ) ;
#7595 = EDGE_LOOP ( 'NONE', ( #9822, #4398, #7575, #4089, #4200 ) ) ;
#7596 = FACE_OUTER_BOUND ( 'NONE', #3606, .T. ) ;
#7597 = FACE_BOUND ( 'NONE', #9000, .T. ) ;
#7598 = ORIENTED_EDGE ( 'NONE', *, *, #5401, .F. ) ;
#7599 = CARTESIAN_POINT ( 'NONE',  ( -18.53459485037879872, 21.82807647900889592, 4.000000000000000000 ) ) ;
#7600 = CIRCLE ( 'NONE', #351, 0.5000000000000000000 ) ;
#7601 = EDGE_CURVE ( 'NONE', #2710, #6294, #1563, .T. ) ;
#7602 = ADVANCED_FACE ( 'NONE', ( #3033 ), #3268, .F. ) ;
#7603 = EDGE_CURVE ( 'NONE', #1225, #5499, #4226, .T. ) ;
#7604 = EDGE_CURVE ( 'NONE', #10286, #11419, #6242, .T. ) ;
#7605 = DIRECTION ( 'NONE',  ( -0.000000000000000000, -0.000000000000000000, 1.000000000000000000 ) ) ;
#7606 = VERTEX_POINT ( 'NONE', #6307 ) ;
#7607 = AXIS2_PLACEMENT_3D ( 'NONE', #2787, #10958, #2833 ) ;
#7608 = DIRECTION ( 'NONE',  ( -0.000000000000000000, 1.000000000000000000, 0.000000000000000000 ) ) ;
#7609 = DIRECTION ( 'NONE',  ( 0.000000000000000000, -1.000000000000000000, 0.000000000000000000 ) ) ;
#7610 = ORIENTED_EDGE ( 'NONE', *, *, #6621, .F. ) ;
#7611 = ORIENTED_EDGE ( 'NONE', *, *, #8916, .T. ) ;
#7612 = CARTESIAN_POINT ( 'NONE',  ( -31.50000000000004974, 6.873545414601792025, 5.311283072019788776 ) ) ;
#7613 = ORIENTED_EDGE ( 'NONE', *, *, #3674, .F. ) ;
#7614 = CARTESIAN_POINT ( 'NONE',  ( -19.29508843714788568, -32.29999999999999716, 6.427855894855420971 ) ) ;
#7615 = LINE ( 'NONE', #11252, #9222 ) ;
#7616 = AXIS2_PLACEMENT_3D ( 'NONE', #2596, #11660, #742 ) ;
#7617 = CYLINDRICAL_SURFACE ( 'NONE', #2504, 4.999999999999997335 ) ;
#7618 = ORIENTED_EDGE ( 'NONE', *, *, #7750, .T. ) ;
#7619 = CIRCLE ( 'NONE', #1711, 0.4999999999999998335 ) ;
#7620 = CARTESIAN_POINT ( 'NONE',  ( -20.25530652067240567, -32.39700381334193935, 6.000000000000000000 ) ) ;
#7621 = CARTESIAN_POINT ( 'NONE',  ( -11.34820343485739436, 25.09839867021115012, 5.700000000000000178 ) ) ;
#7622 = EDGE_LOOP ( 'NONE', ( #8796, #4671, #9890, #6464 ) ) ;
#7623 = CARTESIAN_POINT ( 'NONE',  ( -26.44563233137341385, -36.99999999999998579, 0.6516636631654906253 ) ) ;
#7624 = CARTESIAN_POINT ( 'NONE',  ( -30.37798448877061830, 9.053241204553804877, 0.8298811665593219811 ) ) ;
#7626 = TOROIDAL_SURFACE ( 'NONE', #3627, 0.7999999999999999334, 0.2999999999999999889 ) ;
#7625 = FACE_OUTER_BOUND ( 'NONE', #5737, .T. ) ;
#7627 = ADVANCED_FACE ( 'NONE', ( #5236 ), #3388, .F. ) ;
#7628 = DIRECTION ( 'NONE',  ( -0.000000000000000000, -0.000000000000000000, 1.000000000000000000 ) ) ;
#7629 = ORIENTED_EDGE ( 'NONE', *, *, #3574, .T. ) ;
#7630 = DIRECTION ( 'NONE',  ( -0.07594870729772684737, -0.9971117258661660321, 0.000000000000000000 ) ) ;
#7631 = CYLINDRICAL_SURFACE ( 'NONE', #6824, 0.5000000000000004441 ) ;
#7632 = SURFACE_STYLE_FILL_AREA ( #4770 ) ;
#7633 = TOROIDAL_SURFACE ( 'NONE', #11068, 4.000000000000000000, 1.000000000000000000 ) ;
#7634 = CARTESIAN_POINT ( 'NONE',  ( 0.000000000000000000, 0.000000000000000000, 6.000000000000000000 ) ) ;
#7635 = VECTOR ( 'NONE', #4124, 1000.000000000000114 ) ;
#7636 = CARTESIAN_POINT ( 'NONE',  ( 26.53981574427544032, -33.04279534396623319, 50.00000000000000000 ) ) ;
#7637 = CARTESIAN_POINT ( 'NONE',  ( 30.50143338078673239, -37.17767524182158212, 0.5244150353761326544 ) ) ;
#7638 = ORIENTED_EDGE ( 'NONE', *, *, #3137, .T. ) ;
#7639 = DIRECTION ( 'NONE',  ( -1.000000000000000000, -1.137523590804463822E-16, -0.000000000000000000 ) ) ;
#7640 = CARTESIAN_POINT ( 'NONE',  ( 41.00000000000000711, -37.49999999999999289, 14.00000000000000178 ) ) ;
#7641 = CIRCLE ( 'NONE', #8219, 0.9999999999999991118 ) ;
#7642 = CARTESIAN_POINT ( 'NONE',  ( 27.04775779477855835, -37.49999999999999289, 1.000000000000000000 ) ) ;
#7643 = DIRECTION ( 'NONE',  ( 0.000000000000000000, 0.000000000000000000, -1.000000000000000000 ) ) ;
#7644 = ORIENTED_EDGE ( 'NONE', *, *, #7091, .F. ) ;
#7645 = CIRCLE ( 'NONE', #10885, 2.800000000000000266 ) ;
#7646 = CIRCLE ( 'NONE', #3648, 0.3000000000000006550 ) ;
#7647 = EDGE_CURVE ( 'NONE', #4690, #5131, #7933, .T. ) ;
#7648 = CARTESIAN_POINT ( 'NONE',  ( -30.50540314151797361, -28.31088109189787261, 21.42957285013310553 ) ) ;
#7649 = LINE ( 'NONE', #3049, #3506 ) ;
#7650 = EDGE_CURVE ( 'NONE', #2788, #2611, #3473, .T. ) ;
#7651 = ADVANCED_FACE ( 'NONE', ( #9716 ), #7027, .F. ) ;
#7652 = AXIS2_PLACEMENT_3D ( 'NONE', #5925, #7677, #6888 ) ;
#7653 = VERTEX_POINT ( 'NONE', #8116 ) ;
#7654 = VECTOR ( 'NONE', #3377, 1000.000000000000000 ) ;
#7655 = ORIENTED_EDGE ( 'NONE', *, *, #10436, .F. ) ;
#7656 = CARTESIAN_POINT ( 'NONE',  ( -21.36605083265882854, -18.03603898744441736, 4.000000000000000000 ) ) ;
#7657 = DIRECTION ( 'NONE',  ( 0.000000000000000000, 0.000000000000000000, -1.000000000000000000 ) ) ;
#7658 = VERTEX_POINT ( 'NONE', #9783 ) ;
#7659 = DIRECTION ( 'NONE',  ( -1.000000000000000000, 0.000000000000000000, 0.000000000000000000 ) ) ;
#7660 = LINE ( 'NONE', #4259, #10541 ) ;
#7661 = AXIS2_PLACEMENT_3D ( 'NONE', #9128, #7222, #5479 ) ;
#7662 = DIRECTION ( 'NONE',  ( -0.000000000000000000, -0.000000000000000000, 1.000000000000000000 ) ) ;
#7663 = ORIENTED_EDGE ( 'NONE', *, *, #9856, .F. ) ;
#7664 = AXIS2_PLACEMENT_3D ( 'NONE', #3482, #5022, #1087 ) ;
#7665 = LINE ( 'NONE', #6703, #3035 ) ;
#7666 = CARTESIAN_POINT ( 'NONE',  ( 10.40005347590610540, -31.05872636749532134, 6.000000000000000000 ) ) ;
#7667 = EDGE_CURVE ( 'NONE', #6406, #5635, #7211, .T. ) ;
#7668 = ORIENTED_EDGE ( 'NONE', *, *, #6349, .F. ) ;
#7669 = EDGE_CURVE ( 'NONE', #5636, #6605, #2330, .T. ) ;
#7670 = VECTOR ( 'NONE', #3497, 1000.000000000000000 ) ;
#7671 = EDGE_CURVE ( 'NONE', #11648, #1840, #2622, .T. ) ;
#7672 = ORIENTED_EDGE ( 'NONE', *, *, #2725, .F. ) ;
#7673 = AXIS2_PLACEMENT_3D ( 'NONE', #2283, #11358, #1224 ) ;
#7674 = AXIS2_PLACEMENT_3D ( 'NONE', #11256, #1419, #1186 ) ;
#7675 = CARTESIAN_POINT ( 'NONE',  ( -9.556001448147451782, -32.79999999999999005, 6.146043489586690889 ) ) ;
#7676 = ORIENTED_EDGE ( 'NONE', *, *, #5827, .T. ) ;
#7677 = DIRECTION ( 'NONE',  ( 0.000000000000000000, 0.000000000000000000, 1.000000000000000000 ) ) ;
#7678 = CARTESIAN_POINT ( 'NONE',  ( 19.90508375804368058, -32.35542193925931542, 6.000000000000000000 ) ) ;
#7679 = CARTESIAN_POINT ( 'NONE',  ( 40.00000000000000711, -36.99999999999999289, 10.50000000000000711 ) ) ;
#7680 = ORIENTED_EDGE ( 'NONE', *, *, #9873, .F. ) ;
#7681 = AXIS2_PLACEMENT_3D ( 'NONE', #4469, #8162, #10842 ) ;
#7682 = VECTOR ( 'NONE', #5243, 1000.000000000000000 ) ;
#7683 = CARTESIAN_POINT ( 'NONE',  ( 17.10207363691612414, -23.01981910636198592, 6.000000000000000000 ) ) ;
#7684 = CIRCLE ( 'NONE', #8823, 0.9999999999999991118 ) ;
#7685 = EDGE_CURVE ( 'NONE', #7138, #7964, #10514, .T. ) ;
#7686 = ORIENTED_EDGE ( 'NONE', *, *, #516, .T. ) ;
#7687 = AXIS2_PLACEMENT_3D ( 'NONE', #11374, #458, #3140 ) ;
#7688 = DIRECTION ( 'NONE',  ( 1.000000000000000000, 0.000000000000000000, 0.000000000000000000 ) ) ;
#7689 = CIRCLE ( 'NONE', #2166, 0.7999999999999986011 ) ;
#7690 = CARTESIAN_POINT ( 'NONE',  ( 19.39069158978334784, 26.64689772753419916, 6.000000000000000000 ) ) ;
#7691 = ORIENTED_EDGE ( 'NONE', *, *, #10161, .T. ) ;
#7692 = CARTESIAN_POINT ( 'NONE',  ( 10.40005347590610185, -32.79999999999999005, 6.145899241452331019 ) ) ;
#7693 = DIRECTION ( 'NONE',  ( 1.000000000000000000, -0.000000000000000000, -1.826024711554533913E-16 ) ) ;
#7694 = CIRCLE ( 'NONE', #5010, 0.2999999999999993228 ) ;
#7695 = CARTESIAN_POINT ( 'NONE',  ( -20.30483115613971989, -32.35241018555551307, 6.000000000000000000 ) ) ;
#7696 = CARTESIAN_POINT ( 'NONE',  ( 9.000000000000010658, -33.79999999999999716, 17.00000000000000000 ) ) ;
#7697 = ORIENTED_EDGE ( 'NONE', *, *, #163, .T. ) ;
#7698 = FACE_OUTER_BOUND ( 'NONE', #4370, .T. ) ;
#7699 = CARTESIAN_POINT ( 'NONE',  ( -24.75126265846939688, -24.74873734153059246, 0.1999999999999987899 ) ) ;
#7700 = VECTOR ( 'NONE', #7488, 1000.000000000000000 ) ;
#7701 = DIRECTION ( 'NONE',  ( 1.137523590804463822E-16, -1.000000000000000000, -0.000000000000000000 ) ) ;
#7702 = DIRECTION ( 'NONE',  ( 0.000000000000000000, 0.000000000000000000, -1.000000000000000000 ) ) ;
#7703 = LINE ( 'NONE', #5776, #2920 ) ;
#7704 = EDGE_LOOP ( 'NONE', ( #1424, #7239, #4268, #1611 ) ) ;
#7705 = CARTESIAN_POINT ( 'NONE',  ( -33.33066844702483422, -29.16933155297470037, 0.5413915956502398652 ) ) ;
#7706 = CARTESIAN_POINT ( 'NONE',  ( -17.10183990712793545, -23.02410380878311358, 4.000000000000000000 ) ) ;
#7707 = FACE_OUTER_BOUND ( 'NONE', #2676, .T. ) ;
#7708 = DIRECTION ( 'NONE',  ( -1.137523590804463822E-16, 1.000000000000000000, 0.000000000000000000 ) ) ;
#7709 = ORIENTED_EDGE ( 'NONE', *, *, #3892, .T. ) ;
#7710 = VECTOR ( 'NONE', #9024, 999.9999999999998863 ) ;
#7711 = LINE ( 'NONE', #6750, #9988 ) ;
#7712 = EDGE_LOOP ( 'NONE', ( #402, #8255, #2549, #1743 ) ) ;
#7713 = CIRCLE ( 'NONE', #3537, 1.299999999999999156 ) ;
#7714 = ORIENTED_EDGE ( 'NONE', *, *, #530, .F. ) ;
#7715 = CARTESIAN_POINT ( 'NONE',  ( 30.28121093064053682, -28.71862571925012375, 21.78819328842645220 ) ) ;
#7716 = CARTESIAN_POINT ( 'NONE',  ( 18.90955557852439384, 26.78294234767708915, 4.000000000000000000 ) ) ;
#7717 = VERTEX_POINT ( 'NONE', #1793 ) ;
#7718 = EDGE_CURVE ( 'NONE', #5638, #8124, #8624, .T. ) ;
#7719 = EDGE_CURVE ( 'NONE', #6653, #8590, #2437, .T. ) ;
#7720 = ADVANCED_FACE ( 'NONE', ( #9903 ), #8810, .T. ) ;
#7721 = CARTESIAN_POINT ( 'NONE',  ( 31.50000000000000711, 5.559677934766185992, 5.949717696739386774 ) ) ;
#7722 = PRODUCT_DEFINITION_SHAPE ( 'NONE', 'NONE',  #11560 ) ;
#7723 = DIRECTION ( 'NONE',  ( 0.000000000000000000, 0.000000000000000000, -1.000000000000000000 ) ) ;
#7724 = ORIENTED_EDGE ( 'NONE', *, *, #6208, .F. ) ;
#7725 = AXIS2_PLACEMENT_3D ( 'NONE', #9396, #1226, #7491 ) ;
#7726 = DIRECTION ( 'NONE',  ( -0.000000000000000000, -0.000000000000000000, -1.000000000000000000 ) ) ;
#7727 = ORIENTED_EDGE ( 'NONE', *, *, #10108, .F. ) ;
#7728 =( BOUNDED_CURVE ( )  B_SPLINE_CURVE ( 3, ( #1910, #2630, #9188, #5362 ),
 .UNSPECIFIED., .F., .F. ) 
 B_SPLINE_CURVE_WITH_KNOTS ( ( 4, 4 ),
 ( 0.2596555800173382944, 1.570796326794897002 ),
 .UNSPECIFIED. ) 
 CURVE ( )  GEOMETRIC_REPRESENTATION_ITEM ( )  RATIONAL_B_SPLINE_CURVE ( ( 1.000000000000000000, 0.8618002339327339723, 0.8618002339327339723, 1.000000000000000000 ) ) 
 REPRESENTATION_ITEM ( '' )  );
#7729 = EDGE_CURVE ( 'NONE', #8323, #6273, #5942, .T. ) ;
#7730 = EDGE_LOOP ( 'NONE', ( #6231, #10066, #3920, #1082, #2142, #1325, #6165 ) ) ;
#7731 = EDGE_CURVE ( 'NONE', #6496, #2466, #11627, .T. ) ;
#7732 = CARTESIAN_POINT ( 'NONE',  ( -9.653120482251347667, -32.51476881328441237, 6.045761693507402335 ) ) ;
#7733 = VERTEX_POINT ( 'NONE', #6061 ) ;
#7734 = EDGE_CURVE ( 'NONE', #7138, #5458, #825, .T. ) ;
#7735 = EDGE_CURVE ( 'NONE', #2934, #8097, #10736, .T. ) ;
#7736 = DIRECTION ( 'NONE',  ( -0.000000000000000000, -1.000000000000000000, -0.000000000000000000 ) ) ;
#7737 = CARTESIAN_POINT ( 'NONE',  ( 30.91399482062600512, -28.49999999999999645, 22.68041234772800507 ) ) ;
#7738 = EDGE_CURVE ( 'NONE', #11419, #37, #2533, .T. ) ;
#7739 = EDGE_LOOP ( 'NONE', ( #8739, #1406, #10571, #1323 ) ) ;
#7740 = EDGE_CURVE ( 'NONE', #2402, #5320, #5185, .T. ) ;
#7741 = DIRECTION ( 'NONE',  ( -4.555537787422057702E-17, -0.8994353934787675531, 0.4370537414983364233 ) ) ;
#7742 = VERTEX_POINT ( 'NONE', #8347 ) ;
#7743 = CARTESIAN_POINT ( 'NONE',  ( -41.05780279029982438, -37.39353685192294563, 0.5420784168789607449 ) ) ;
#7744 = CARTESIAN_POINT ( 'NONE',  ( -19.39069158978168161, 26.64689772752831587, 4.000000000000000000 ) ) ;
#7745 = ORIENTED_EDGE ( 'NONE', *, *, #869, .F. ) ;
#7746 = CARTESIAN_POINT ( 'NONE',  ( 0.000000000000000000, 31.00000000000000711, 6.000000000000000000 ) ) ;
#7747 = CARTESIAN_POINT ( 'NONE',  ( 41.00000000000001421, -37.29999999999999005, 40.50000000000000000 ) ) ;
#7748 = FACE_OUTER_BOUND ( 'NONE', #2174, .T. ) ;
#7749 = EDGE_CURVE ( 'NONE', #4571, #3194, #5372, .T. ) ;
#7750 = EDGE_CURVE ( 'NONE', #5208, #5450, #2729, .T. ) ;
#7751 = CARTESIAN_POINT ( 'NONE',  ( -19.39069158978332297, 26.64689772753411745, 4.000000000000000000 ) ) ;
#7752 = ORIENTED_EDGE ( 'NONE', *, *, #945, .F. ) ;
#7753 = ADVANCED_FACE ( 'NONE', ( #6607 ), #10257, .F. ) ;
#7754 = FACE_OUTER_BOUND ( 'NONE', #1528, .T. ) ;
#7755 = CARTESIAN_POINT ( 'NONE',  ( 33.99999999999998579, -36.99999999999999289, 0.5000000000000083267 ) ) ;
#7756 = DIRECTION ( 'NONE',  ( -0.000000000000000000, -1.000000000000000000, -0.000000000000000000 ) ) ;
#7757 = PLANE ( 'NONE',  #8543 ) ;
#7758 = FACE_OUTER_BOUND ( 'NONE', #10341, .T. ) ;
#7759 = CARTESIAN_POINT ( 'NONE',  ( -25.49999999999997868, 31.00000000000000711, 0.5000000000000004441 ) ) ;
#7760 = ORIENTED_EDGE ( 'NONE', *, *, #11189, .T. ) ;
#7761 = CARTESIAN_POINT ( 'NONE',  ( -31.50753909108231099, 5.456262036121755976, 5.999999999999999112 ) ) ;
#7762 = CARTESIAN_POINT ( 'NONE',  ( -33.99999999999997868, -28.21852687074916943, 22.36322654727370818 ) ) ;
#7763 = CARTESIAN_POINT ( 'NONE',  ( 33.39262183952706664, -28.49999999999999645, 22.76953813540263027 ) ) ;
#7764 = CARTESIAN_POINT ( 'NONE',  ( 19.29508843714771871, -31.55872636749531424, 6.000000000000000000 ) ) ;
#7765 = ORIENTED_EDGE ( 'NONE', *, *, #7453, .T. ) ;
#7766 = CARTESIAN_POINT ( 'NONE',  ( 3.244874193390045125, -30.97010467188755456, 6.000000000000000000 ) ) ;
#7767 = DIRECTION ( 'NONE',  ( 0.7068426668207459240, 0.7073707969387313943, 0.000000000000000000 ) ) ;
#7768 = FACE_OUTER_BOUND ( 'NONE', #5740, .T. ) ;
#7769 = ORIENTED_EDGE ( 'NONE', *, *, #8488, .F. ) ;
#7770 = CARTESIAN_POINT ( 'NONE',  ( -32.95546858016811598, 5.421697411994479410, 6.016765206953576417 ) ) ;
#7771 = DIRECTION ( 'NONE',  ( 1.000000000000000000, 5.687617954022319110E-17, -0.000000000000000000 ) ) ;
#7772 = CARTESIAN_POINT ( 'NONE',  ( -15.93080302603089571, -24.24759196396925276, 5.700000000000000178 ) ) ;
#7773 = EDGE_LOOP ( 'NONE', ( #10499, #8865, #2796, #10059 ) ) ;
#7774 = CARTESIAN_POINT ( 'NONE',  ( -33.61454672610718575, -28.17474869137089044, 22.11922171666711279 ) ) ;
#7775 = CARTESIAN_POINT ( 'NONE',  ( -18.90955557852439028, 26.78294234767708559, 5.700000000000000178 ) ) ;
#7776 = CARTESIAN_POINT ( 'NONE',  ( -9.000000000000000000, -36.50000000000000000, 17.00000000000000000 ) ) ;
#7777 = VERTEX_POINT ( 'NONE', #7514 ) ;
#7778 = LINE ( 'NONE', #11416, #2271 ) ;
#7779 = CARTESIAN_POINT ( 'NONE',  ( -34.98674648294755229, -35.00000000000000000, 49.89999999999999858 ) ) ;
#7780 = AXIS2_PLACEMENT_3D ( 'NONE', #6884, #6223, #1515 ) ;
#7781 = ORIENTED_EDGE ( 'NONE', *, *, #432, .T. ) ;
#7782 = TOROIDAL_SURFACE ( 'NONE', #7408, 2.799999999999998934, 0.2000000000000000111 ) ;
#7783 = EDGE_LOOP ( 'NONE', ( #11493, #2292, #2889, #746 ) ) ;
#7784 = CARTESIAN_POINT ( 'NONE',  ( -3.464791360822712107, -32.79999999999999716, 6.475629962069106682 ) ) ;
#7785 = CARTESIAN_POINT ( 'NONE',  ( 21.86605083265882854, -18.03603898744441381, 6.000000000000000000 ) ) ;
#7786 = ORIENTED_EDGE ( 'NONE', *, *, #6272, .T. ) ;
#7787 = CARTESIAN_POINT ( 'NONE',  ( -3.244874193390045125, -32.45419513345802898, 6.000000000000000000 ) ) ;
#7788 = DIRECTION ( 'NONE',  ( 0.000000000000000000, 0.000000000000000000, -1.000000000000000000 ) ) ;
#7789 = CIRCLE ( 'NONE', #6646, 1.000000000000000000 ) ;
#7790 = DIRECTION ( 'NONE',  ( 0.000000000000000000, 0.000000000000000000, -1.000000000000000000 ) ) ;
#7791 = EDGE_LOOP ( 'NONE', ( #4971, #7638, #947, #3794, #10132, #6039, #5465, #11015, #3151, #7851 ) ) ;
#7792 = AXIS2_PLACEMENT_3D ( 'NONE', #2936, #257, #6505 ) ;
#7793 = CARTESIAN_POINT ( 'NONE',  ( 30.63487026162723836, -28.27869045183312124, 21.84700466456276047 ) ) ;
#7794 = EDGE_CURVE ( 'NONE', #5300, #1595, #7340, .T. ) ;
#7795 = ADVANCED_FACE ( 'NONE', ( #8167 ), #8226, .F. ) ;
#7796 = EDGE_CURVE ( 'NONE', #633, #8458, #124, .T. ) ;
#7797 = ORIENTED_EDGE ( 'NONE', *, *, #7669, .T. ) ;
#7798 = EDGE_CURVE ( 'NONE', #6019, #6631, #10141, .T. ) ;
#7799 = AXIS2_PLACEMENT_3D ( 'NONE', #10793, #714, #4477 ) ;
#7800 = DIRECTION ( 'NONE',  ( 0.000000000000000000, 0.000000000000000000, 1.000000000000000000 ) ) ;
#7801 = CARTESIAN_POINT ( 'NONE',  ( -3.244874193390045125, -30.97010467188755456, 4.000000000000000000 ) ) ;
#7802 = ORIENTED_EDGE ( 'NONE', *, *, #1754, .T. ) ;
#7803 = DIRECTION ( 'NONE',  ( 0.000000000000000000, 0.000000000000000000, 1.000000000000000000 ) ) ;
#7804 = CARTESIAN_POINT ( 'NONE',  ( 18.53459485037879162, 21.82807647900889592, 4.000000000000000000 ) ) ;
#7805 = CARTESIAN_POINT ( 'NONE',  ( -31.24632014920488032, 5.485716359738336934, 6.000000000000000000 ) ) ;
#7806 = CARTESIAN_POINT ( 'NONE',  ( 41.00000000000001421, -28.69999999999999574, 37.50000000000000000 ) ) ;
#7807 = ORIENTED_EDGE ( 'NONE', *, *, #9047, .F. ) ;
#7808 = DIRECTION ( 'NONE',  ( 4.336808689942013299E-16, 0.000000000000000000, 1.000000000000000000 ) ) ;
#7809 = AXIS2_PLACEMENT_3D ( 'NONE', #3955, #1382, #2274 ) ;
#7810 = DIRECTION ( 'NONE',  ( -3.469446951953611033E-15, 0.000000000000000000, 1.000000000000000000 ) ) ;
#7811 = EDGE_CURVE ( 'NONE', #10194, #4058, #10764, .T. ) ;
#7812 = EDGE_CURVE ( 'NONE', #9033, #7777, #6896, .T. ) ;
#7813 = EDGE_CURVE ( 'NONE', #1022, #2065, #4439, .T. ) ;
#7814 = AXIS2_PLACEMENT_3D ( 'NONE', #321, #8538, #488 ) ;
#7815 = CARTESIAN_POINT ( 'NONE',  ( -31.05328889311701346, -28.49999999999999645, 22.38520258663422169 ) ) ;
#7816 = CARTESIAN_POINT ( 'NONE',  ( 26.78294234767823312, -18.90955557852281643, 5.700000000000000178 ) ) ;
#7817 = B_SPLINE_SURFACE_WITH_KNOTS ( 'NONE', 3, 1, ( 
 ( #11755, #9069 ),
 ( #4414, #5469 ),
 ( #3459, #3579 ),
 ( #2683, #3526 ),
 ( #1608, #10035 ) ),
 .UNSPECIFIED., .F., .F., .F.,
 ( 4, 1, 4 ),
 ( 2, 2 ),
 ( 0.2024315979464645365, 0.5228176099171815139, 0.7968962246422530704 ),
 ( 0.000000000000000000, 1.000000000000000000 ),
 .UNSPECIFIED. ) ;
#7818 = EDGE_LOOP ( 'NONE', ( #1172, #5648, #2094, #6634 ) ) ;
#7819 = CARTESIAN_POINT ( 'NONE',  ( -30.72966480583858839, 6.159532339213078522, 5.999999999999840128 ) ) ;
#7820 = DIRECTION ( 'NONE',  ( 0.000000000000000000, 0.000000000000000000, 1.000000000000000000 ) ) ;
#7821 = CARTESIAN_POINT ( 'NONE',  ( 26.64689772753536090, -19.39069158978177754, 5.700000000000000178 ) ) ;
#7822 = CARTESIAN_POINT ( 'NONE',  ( -21.36605083265882854, 18.03603898744441381, 5.000000000000000000 ) ) ;
#7823 = ORIENTED_EDGE ( 'NONE', *, *, #7796, .T. ) ;
#7824 = DIRECTION ( 'NONE',  ( 1.000000000000000000, 0.000000000000000000, 0.000000000000000000 ) ) ;
#7825 = AXIS2_PLACEMENT_3D ( 'NONE', #1428, #8701, #4163 ) ;
#7826 = CARTESIAN_POINT ( 'NONE',  ( 30.49999999999998224, -28.30589980690254848, 21.36060493657959114 ) ) ;
#7827 = AXIS2_PLACEMENT_3D ( 'NONE', #3346, #5892, #6985 ) ;
#7828 = EDGE_CURVE ( 'NONE', #9953, #7379, #8439, .T. ) ;
#7829 = ORIENTED_EDGE ( 'NONE', *, *, #4299, .T. ) ;
#7830 = CARTESIAN_POINT ( 'NONE',  ( -31.70894799688292309, 6.822824033047142578, 5.335929611107697923 ) ) ;
#7831 = TOROIDAL_SURFACE ( 'NONE', #11258, 3.200000000000001510, 0.2000000000000000111 ) ;
#7832 = CARTESIAN_POINT ( 'NONE',  ( 26.34065101359201222, -37.00000000000000000, 1.000000000000000888 ) ) ;
#7833 = FACE_OUTER_BOUND ( 'NONE', #707, .T. ) ;
#7834 = ORIENTED_EDGE ( 'NONE', *, *, #9701, .T. ) ;
#7835 = DIRECTION ( 'NONE',  ( -1.224646799147353207E-16, 1.000000000000000000, 0.000000000000000000 ) ) ;
#7836 = TOROIDAL_SURFACE ( 'NONE', #6872, 2.800000000000000266, 0.2000000000000000111 ) ;
#7837 = AXIS2_PLACEMENT_3D ( 'NONE', #423, #8535, #6575 ) ;
#7838 = CARTESIAN_POINT ( 'NONE',  ( 25.50000000000000355, 30.50000000000000711, 0.000000000000000000 ) ) ;
#7839 = FACE_OUTER_BOUND ( 'NONE', #1229, .T. ) ;
#7840 = EDGE_LOOP ( 'NONE', ( #8960, #2444, #5315, #8115 ) ) ;
#7841 = AXIS2_PLACEMENT_3D ( 'NONE', #9698, #637, #6044 ) ;
#7842 = LINE ( 'NONE', #802, #8936 ) ;
#7843 = CYLINDRICAL_SURFACE ( 'NONE', #4997, 1.000000000000000888 ) ;
#7844 = AXIS2_PLACEMENT_3D ( 'NONE', #4796, #7605, #5736 ) ;
#7845 = AXIS2_PLACEMENT_3D ( 'NONE', #2593, #8959, #6215 ) ;
#7846 = VERTEX_POINT ( 'NONE', #7390 ) ;
#7847 = ORIENTED_EDGE ( 'NONE', *, *, #8542, .T. ) ;
#7848 = CARTESIAN_POINT ( 'NONE',  ( -20.00000000000001421, -32.79999999999999716, -55.15136956765560683 ) ) ;
#7849 = ORIENTED_EDGE ( 'NONE', *, *, #3348, .T. ) ;
#7850 = CARTESIAN_POINT ( 'NONE',  ( -19.29508843714771515, -31.55872636749531424, 5.700000000000000178 ) ) ;
#7851 = ORIENTED_EDGE ( 'NONE', *, *, #1473, .T. ) ;
#7852 = DIRECTION ( 'NONE',  ( -0.7073707969387383887, -0.7068426668207390406, -0.000000000000000000 ) ) ;
#7853 = FACE_BOUND ( 'NONE', #2079, .T. ) ;
#7854 = VECTOR ( 'NONE', #1364, 1000.000000000000000 ) ;
#7855 = CARTESIAN_POINT ( 'NONE',  ( 21.48033429508656056, -17.71788375388184278, 4.000000000000000000 ) ) ;
#7856 = ORIENTED_EDGE ( 'NONE', *, *, #5986, .F. ) ;
#7857 = LINE ( 'NONE', #5093, #11292 ) ;
#7858 = AXIS2_PLACEMENT_3D ( 'NONE', #3558, #8914, #11668 ) ;
#7859 = AXIS2_PLACEMENT_3D ( 'NONE', #4073, #3007, #9451 ) ;
#7860 = TOROIDAL_SURFACE ( 'NONE', #7110, 1.300000000000000044, 0.2999999999999999889 ) ;
#7861 = ORIENTED_EDGE ( 'NONE', *, *, #1998, .F. ) ;
#7862 = CARTESIAN_POINT ( 'NONE',  ( 30.50000000000001776, -37.36602540378443393, 0.5000000000000021094 ) ) ;
#7863 = ORIENTED_EDGE ( 'NONE', *, *, #6412, .T. ) ;
#7864 = ADVANCED_FACE ( 'NONE', ( #5522 ), #2156, .F. ) ;
#7865 = CARTESIAN_POINT ( 'NONE',  ( 10.23971889807428859, -32.79999999999999716, 6.145899242753923630 ) ) ;
#7866 = CIRCLE ( 'NONE', #2919, 2.999999999999999112 ) ;
#7867 = CARTESIAN_POINT ( 'NONE',  ( 31.49999999999997868, -15.67078147319340253, 16.26602477699476879 ) ) ;
#7868 = DIRECTION ( 'NONE',  ( -1.000000000000000000, 0.000000000000000000, 0.000000000000000000 ) ) ;
#7869 = AXIS2_PLACEMENT_3D ( 'NONE', #7884, #3461, #7996 ) ;
#7870 = EDGE_CURVE ( 'NONE', #9064, #918, #6906, .T. ) ;
#7871 = ADVANCED_FACE ( 'NONE', ( #9354 ), #9593, .F. ) ;
#7873 = CARTESIAN_POINT ( 'NONE',  ( 18.90955557852439384, 26.78294234767708915, 5.700000000000000178 ) ) ;
#7872 =( BOUNDED_CURVE ( )  B_SPLINE_CURVE ( 3, ( #11085, #119, #3798, #9413 ),
 .UNSPECIFIED., .F., .F. ) 
 B_SPLINE_CURVE_WITH_KNOTS ( ( 4, 4 ),
 ( 4.712388980384698556, 6.283185307179586232 ),
 .UNSPECIFIED. ) 
 CURVE ( )  GEOMETRIC_REPRESENTATION_ITEM ( )  RATIONAL_B_SPLINE_CURVE ( ( 1.000000000000000000, 0.8047378541243670469, 0.8047378541243670469, 1.000000000000000000 ) ) 
 REPRESENTATION_ITEM ( '' )  );
#7874 = ORIENTED_EDGE ( 'NONE', *, *, #6424, .T. ) ;
#7875 = CIRCLE ( 'NONE', #634, 3.000000000000000000 ) ;
#7876 = CARTESIAN_POINT ( 'NONE',  ( -44.19999999999998863, -37.29999999999999716, 40.50000000000000000 ) ) ;
#7877 = CARTESIAN_POINT ( 'NONE',  ( 26.23428862949039697, -32.89058434886425886, 49.43766690102228267 ) ) ;
#7878 = CYLINDRICAL_SURFACE ( 'NONE', #208, 0.5000000000000004441 ) ;
#7879 = CIRCLE ( 'NONE', #2937, 3.000000000000002665 ) ;
#7880 = AXIS2_PLACEMENT_3D ( 'NONE', #1355, #2375, #9599 ) ;
#7881 = CARTESIAN_POINT ( 'NONE',  ( -18.82414313014864504, -23.73099574979123361, 4.000000000000000000 ) ) ;
#7882 = CIRCLE ( 'NONE', #6916, 3.500000000000003109 ) ;
#7883 = PLANE ( 'NONE',  #5786 ) ;
#7884 = CARTESIAN_POINT ( 'NONE',  ( 34.98674648294750966, -35.00000000000002842, 49.89999999999999858 ) ) ;
#7885 = VERTEX_POINT ( 'NONE', #2193 ) ;
#7886 = CARTESIAN_POINT ( 'NONE',  ( -33.99999999999997868, 7.500000000000001776, 0.5000000000000029976 ) ) ;
#7887 = CARTESIAN_POINT ( 'NONE',  ( 34.19950025439909780, -28.49999999999999645, 22.17011885040402319 ) ) ;
#7888 = PLANE ( 'NONE',  #3825 ) ;
#7889 = ORIENTED_EDGE ( 'NONE', *, *, #4230, .F. ) ;
#7890 = AXIS2_PLACEMENT_3D ( 'NONE', #6374, #11801, #6549 ) ;
#7891 = AXIS2_PLACEMENT_3D ( 'NONE', #8536, #3107, #2215 ) ;
#7892 = EDGE_CURVE ( 'NONE', #10080, #10913, #10168, .T. ) ;
#7893 = FACE_OUTER_BOUND ( 'NONE', #3942, .T. ) ;
#7894 = ADVANCED_FACE ( 'NONE', ( #2242 ), #1015, .T. ) ;
#7895 = CIRCLE ( 'NONE', #8282, 27.84471522829317180 ) ;
#7896 = CYLINDRICAL_SURFACE ( 'NONE', #4569, 0.5000000000000004441 ) ;
#7897 = DIRECTION ( 'NONE',  ( 0.000000000000000000, 0.000000000000000000, -1.000000000000000000 ) ) ;
#7898 = EDGE_LOOP ( 'NONE', ( #1713, #10577, #7760, #4543 ) ) ;
#7899 = CARTESIAN_POINT ( 'NONE',  ( -33.48301015496030431, 6.222445498225133598, 4.794847318007760428 ) ) ;
#7900 = CARTESIAN_POINT ( 'NONE',  ( 30.50000000000001421, 8.130517918508747499, 5.499999999999999112 ) ) ;
#7901 = CYLINDRICAL_SURFACE ( 'NONE', #1381, 0.9999999999999998890 ) ;
#7902 = ORIENTED_EDGE ( 'NONE', *, *, #4516, .F. ) ;
#7903 = CARTESIAN_POINT ( 'NONE',  ( -33.50361897171251258, -28.19094580593394284, 22.20949897925290273 ) ) ;
#7904 = AXIS2_PLACEMENT_3D ( 'NONE', #7581, #11278, #2210 ) ;
#7905 = DIRECTION ( 'NONE',  ( -0.9622720225178831299, 0.2720892402858718917, -3.653218130597974089E-14 ) ) ;
#7906 = ORIENTED_EDGE ( 'NONE', *, *, #2213, .T. ) ;
#7907 = EDGE_CURVE ( 'NONE', #7259, #10886, #11118, .T. ) ;
#7908 = CARTESIAN_POINT ( 'NONE',  ( -18.82414313167752340, -23.73099565078226902, 4.000000000000000000 ) ) ;
#7909 = ORIENTED_EDGE ( 'NONE', *, *, #6412, .F. ) ;
#7910 = DIRECTION ( 'NONE',  ( -1.000000000000000000, 0.000000000000000000, 0.000000000000000000 ) ) ;
#7911 = DIRECTION ( 'NONE',  ( 0.000000000000000000, 0.000000000000000000, -1.000000000000000000 ) ) ;
#7912 = AXIS2_PLACEMENT_3D ( 'NONE', #6898, #2602, #9884 ) ;
#7913 = ORIENTED_EDGE ( 'NONE', *, *, #10019, .T. ) ;
#7914 = ORIENTED_EDGE ( 'NONE', *, *, #10710, .F. ) ;
#7915 = DIRECTION ( 'NONE',  ( -0.000000000000000000, -1.000000000000000000, -0.000000000000000000 ) ) ;
#7916 = ORIENTED_EDGE ( 'NONE', *, *, #9336, .T. ) ;
#7917 = CARTESIAN_POINT ( 'NONE',  ( -9.778525418760576571, -32.56135542598466515, 6.056906458864515841 ) ) ;
#7918 = ORIENTED_EDGE ( 'NONE', *, *, #1117, .F. ) ;
#7919 = DIRECTION ( 'NONE',  ( 0.000000000000000000, 0.000000000000000000, 1.000000000000000000 ) ) ;
#7920 = FACE_BOUND ( 'NONE', #25, .T. ) ;
#7921 = AXIS2_PLACEMENT_3D ( 'NONE', #4075, #440, #5733 ) ;
#7922 = CARTESIAN_POINT ( 'NONE',  ( 33.99999999999997868, 4.500000000000001776, 1.500000000000003553 ) ) ;
#7923 = ORIENTED_EDGE ( 'NONE', *, *, #11181, .T. ) ;
#7924 = CARTESIAN_POINT ( 'NONE',  ( -49.99999999999999289, -29.50000000000000000, 49.00000000000000000 ) ) ;
#7925 = ORIENTED_EDGE ( 'NONE', *, *, #8094, .T. ) ;
#7926 = CARTESIAN_POINT ( 'NONE',  ( 30.74512848119494279, -28.24634548648489485, 21.99414047527504579 ) ) ;
#7927 = ORIENTED_EDGE ( 'NONE', *, *, #3755, .T. ) ;
#7928 = FACE_OUTER_BOUND ( 'NONE', #4086, .T. ) ;
#7929 = CARTESIAN_POINT ( 'NONE',  ( 19.18495017097169608, 25.91927170679361225, 4.000000000000000000 ) ) ;
#7930 = DIRECTION ( 'NONE',  ( -0.7224224263495507836, -0.6914519780196076715, 0.000000000000000000 ) ) ;
#7931 = DIRECTION ( 'NONE',  ( -1.000000000000000000, -0.000000000000000000, -0.000000000000000000 ) ) ;
#7932 = ORIENTED_EDGE ( 'NONE', *, *, #10636, .T. ) ;
#7933 = LINE ( 'NONE', #9066, #8616 ) ;
#7934 = DIRECTION ( 'NONE',  ( 5.064886061246151462E-17, 1.000000000000000000, 0.000000000000000000 ) ) ;
#7935 = CARTESIAN_POINT ( 'NONE',  ( -26.64689772753529340, 19.39069158978175977, 4.000000000000000000 ) ) ;
#7936 = ADVANCED_FACE ( 'NONE', ( #9420 ), #7860, .T. ) ;
#7937 = CARTESIAN_POINT ( 'NONE',  ( -26.28294234767779969, 11.88379308764559106, 4.000000000000000000 ) ) ;
#7938 = DIRECTION ( 'NONE',  ( -1.000000000000000000, 0.000000000000000000, 0.000000000000000000 ) ) ;
#7939 = DIRECTION ( 'NONE',  ( -0.000000000000000000, -0.000000000000000000, 1.000000000000000000 ) ) ;
#7940 = ORIENTED_EDGE ( 'NONE', *, *, #2721, .F. ) ;
#7941 =( BOUNDED_SURFACE ( )  B_SPLINE_SURFACE ( 3, 2, ( 
 ( #10003, #8319, #9034 ),
 ( #1751, #3663, #153 ),
 ( #4726, #865, #3778 ),
 ( #1051, #5438, #2653 ),
 ( #9091, #7419, #2827 ),
 ( #7367, #9934, #11059 ) ),
 .UNSPECIFIED., .F., .F., .F. ) 
 B_SPLINE_SURFACE_WITH_KNOTS ( ( 4, 2, 4 ),
 ( 3, 3 ),
 ( -3.496118325396757598E-15, 0.0005932954589526040880, 0.001186590917908704294 ),
 ( 0.000000000000000000, 1.000000000000000000 ),
 .UNSPECIFIED. ) 
 GEOMETRIC_REPRESENTATION_ITEM ( )  RATIONAL_B_SPLINE_SURFACE ( (
 ( 1.000000000000000000, 0.7071067811855122898, 1.000000000000000000),
 ( 1.000000000000000000, 0.7288632335978634247, 1.000000000000000000),
 ( 1.000000000000000000, 0.7537621253811147559, 1.000000000000000000),
 ( 1.000000000000000000, 0.8068039236713618889, 1.000000000000000000),
 ( 1.000000000000000000, 0.8351327597797989499, 1.000000000000000000),
 ( 1.000000000000000000, 0.8584323824077174647, 1.000000000000000000) ) ) 
 REPRESENTATION_ITEM ( '' )  SURFACE ( )  );
#7942 = CARTESIAN_POINT ( 'NONE',  ( -31.08243205404421872, 5.604924783503041574, 6.000000000000154543 ) ) ;
#7943 = DIRECTION ( 'NONE',  ( 0.000000000000000000, -0.000000000000000000, 1.000000000000000000 ) ) ;
#7944 = FACE_OUTER_BOUND ( 'NONE', #7433, .T. ) ;
#7945 = CARTESIAN_POINT ( 'NONE',  ( 26.56527095544953099, 19.67937319653712436, 6.000000000000000000 ) ) ;
#7946 = VERTEX_POINT ( 'NONE', #6721 ) ;
#7947 = CARTESIAN_POINT ( 'NONE',  ( -24.75126265847086771, 24.75126265846941820, -37.50000000000001421 ) ) ;
#7948 = AXIS2_PLACEMENT_3D ( 'NONE', #3872, #11155, #10258 ) ;
#7950 = ADVANCED_FACE ( 'NONE', ( #1349 ), #6329, .T. ) ;
#7949 = LINE ( 'NONE', #11468, #10474 ) ;
#7951 = CYLINDRICAL_SURFACE ( 'NONE', #4651, 0.5000000000000004441 ) ;
#7952 = ADVANCED_FACE ( 'NONE', ( #6892 ), #6710, .T. ) ;
#7953 = ORIENTED_EDGE ( 'NONE', *, *, #4880, .T. ) ;
#7954 = EDGE_CURVE ( 'NONE', #2798, #9757, #8468, .T. ) ;
#7955 = CARTESIAN_POINT ( 'NONE',  ( -33.99999999999997868, 4.500000000000001776, 5.352827917084654885 ) ) ;
#7956 = CYLINDRICAL_SURFACE ( 'NONE', #1418, 0.5000000000000004441 ) ;
#7957 = CARTESIAN_POINT ( 'NONE',  ( 17.10207363691015914, -23.01981910636822448, 6.000000000000000000 ) ) ;
#7958 = EDGE_LOOP ( 'NONE', ( #7724, #7050, #657, #9094 ) ) ;
#7959 = CARTESIAN_POINT ( 'NONE',  ( -33.99999999999997868, -28.02861025668810058, 21.30469529034017384 ) ) ;
#7960 = ADVANCED_FACE ( 'NONE', ( #11201 ), #686, .F. ) ;
#7961 = DIRECTION ( 'NONE',  ( -1.000000000000000000, 0.000000000000000000, 0.000000000000000000 ) ) ;
#7962 = ORIENTED_EDGE ( 'NONE', *, *, #5799, .T. ) ;
#7963 = DIRECTION ( 'NONE',  ( 1.137523590804463822E-16, -1.000000000000000000, -0.000000000000000000 ) ) ;
#7964 = VERTEX_POINT ( 'NONE', #4096 ) ;
#7965 = DIRECTION ( 'NONE',  ( 0.000000000000000000, 0.000000000000000000, 1.000000000000000000 ) ) ;
#7966 = FACE_OUTER_BOUND ( 'NONE', #4423, .T. ) ;
#7967 = ORIENTED_EDGE ( 'NONE', *, *, #5631, .T. ) ;
#7968 = EDGE_CURVE ( 'NONE', #6814, #922, #1202, .T. ) ;
#7969 = ORIENTED_EDGE ( 'NONE', *, *, #8256, .T. ) ;
#7970 = CARTESIAN_POINT ( 'NONE',  ( -30.49999999999997868, -37.36602540378444104, 0.5000000000000084377 ) ) ;
#7971 = EDGE_LOOP ( 'NONE', ( #368, #9057, #10946, #8358 ) ) ;
#7972 = EDGE_CURVE ( 'NONE', #9148, #11497, #358, .T. ) ;
#7973 = ADVANCED_FACE ( 'NONE', ( #4211 ), #8252, .T. ) ;
#7974 = DIRECTION ( 'NONE',  ( -0.1722532513006775068, -0.1721246453076062666, -0.9698978935403852475 ) ) ;
#7975 = ORIENTED_EDGE ( 'NONE', *, *, #2584, .T. ) ;
#7976 = CARTESIAN_POINT ( 'NONE',  ( -19.85551736290192082, -32.38852958866237941, 5.981713105174620182 ) ) ;
#7977 = CARTESIAN_POINT ( 'NONE',  ( -30.95653656247558771, 5.359955015661493682, 6.000000000000000000 ) ) ;
#7978 = CARTESIAN_POINT ( 'NONE',  ( 30.48860626233505400, 7.330415147718444047, 0.6149659796245170451 ) ) ;
#7979 = ORIENTED_EDGE ( 'NONE', *, *, #690, .T. ) ;
#7980 = LINE ( 'NONE', #7014, #6534 ) ;
#7981 = CIRCLE ( 'NONE', #9496, 2.000000000000000000 ) ;
#7982 = EDGE_LOOP ( 'NONE', ( #7486, #758, #10540, #6135 ) ) ;
#7983 = EDGE_CURVE ( 'NONE', #1066, #243, #7980, .T. ) ;
#7984 = CARTESIAN_POINT ( 'NONE',  ( 19.39069158978334784, 26.64689772753419916, 5.700000000000000178 ) ) ;
#7985 = EDGE_LOOP ( 'NONE', ( #7502, #2910, #7251, #1041 ) ) ;
#7986 = CARTESIAN_POINT ( 'NONE',  ( -26.78294234767822601, 18.90955557852281643, 5.700000000000000178 ) ) ;
#7987 = TOROIDAL_SURFACE ( 'NONE', #1692, 27.54471522829317109, 0.2999999999999999889 ) ;
#7988 = CARTESIAN_POINT ( 'NONE',  ( 24.75000000000000355, 0.000000000000000000, 0.5000000000000004441 ) ) ;
#7989 = DIRECTION ( 'NONE',  ( 0.000000000000000000, 0.000000000000000000, 1.000000000000000000 ) ) ;
#7990 = ORIENTED_EDGE ( 'NONE', *, *, #10072, .F. ) ;
#7991 = DIRECTION ( 'NONE',  ( -0.000000000000000000, -0.000000000000000000, 1.000000000000000000 ) ) ;
#7992 = CARTESIAN_POINT ( 'NONE',  ( -9.509586621415721197, -32.27993254820935221, 5.959484145332502258 ) ) ;
#7993 = CARTESIAN_POINT ( 'NONE',  ( 32.99999999999997868, -11.01986028694750708, 13.89424006866458683 ) ) ;
#7994 = AXIS2_PLACEMENT_3D ( 'NONE', #4440, #2356, #7965 ) ;
#7995 = DIRECTION ( 'NONE',  ( 0.000000000000000000, 0.000000000000000000, -1.000000000000000000 ) ) ;
#7996 = DIRECTION ( 'NONE',  ( -1.000000000000000000, 0.000000000000000000, 0.000000000000000000 ) ) ;
#7997 = ORIENTED_EDGE ( 'NONE', *, *, #11756, .T. ) ;
#7998 = FACE_OUTER_BOUND ( 'NONE', #2431, .T. ) ;
#7999 = DIRECTION ( 'NONE',  ( -0.000000000000000000, -0.000000000000000000, 1.000000000000000000 ) ) ;
#8000 = CARTESIAN_POINT ( 'NONE',  ( 21.82807647900966330, -18.53459485037748067, 6.000000000000000000 ) ) ;
#8001 = DIRECTION ( 'NONE',  ( 0.000000000000000000, 0.000000000000000000, 1.000000000000000000 ) ) ;
#8002 = ORIENTED_EDGE ( 'NONE', *, *, #8541, .F. ) ;
#8003 = AXIS2_PLACEMENT_3D ( 'NONE', #138, #10936, #2767 ) ;
#8004 = CARTESIAN_POINT ( 'NONE',  ( 10.40005347590610540, -32.29999999999999716, 6.427855894855586172 ) ) ;
#8005 = CARTESIAN_POINT ( 'NONE',  ( 25.50000000000000355, 31.00000000000000711, 5.500000000000000000 ) ) ;
#8006 = ORIENTED_EDGE ( 'NONE', *, *, #4867, .F. ) ;
#8007 = FACE_OUTER_BOUND ( 'NONE', #664, .T. ) ;
#8008 =( BOUNDED_SURFACE ( )  B_SPLINE_SURFACE ( 3, 2, ( 
 ( #185, #3813, #7926 ),
 ( #8695, #6776, #2310 ),
 ( #5045, #5933, #4155 ),
 ( #3197, #10659, #1476 ),
 ( #10425, #11381, #6116 ),
 ( #9654, #2247, #580 ) ),
 .UNSPECIFIED., .F., .F., .F. ) 
 B_SPLINE_SURFACE_WITH_KNOTS ( ( 4, 2, 4 ),
 ( 3, 3 ),
 ( 0.000000000000000000, 0.0004084636041417629522, 0.0008169272082835259043 ),
 ( 0.000000000000000000, 1.000000000000000000 ),
 .UNSPECIFIED. ) 
 GEOMETRIC_REPRESENTATION_ITEM ( )  RATIONAL_B_SPLINE_SURFACE ( (
 ( 1.000000000000000000, 0.8780346537715190136, 1.000000000000000000),
 ( 1.000000000000000000, 0.8987499430472226658, 1.000000000000000000),
 ( 1.000000000000000000, 0.9101574059783696935, 1.000000000000000000),
 ( 1.000000000000000000, 0.9269025172491787146, 1.000000000000000000),
 ( 1.000000000000000000, 0.9318785831835015854, 1.000000000000000000),
 ( 1.000000000000000000, 0.9356117878976921709, 1.000000000000000000) ) ) 
 REPRESENTATION_ITEM ( '' )  SURFACE ( )  );
#8009 = AXIS2_PLACEMENT_3D ( 'NONE', #10611, #3207, #9609 ) ;
#8010 = DIRECTION ( 'NONE',  ( 1.000000000000000000, 0.000000000000000000, 1.224646799147353207E-16 ) ) ;
#8011 = DIRECTION ( 'NONE',  ( 0.000000000000000000, -0.8994353934787675531, 0.4370537414983364233 ) ) ;
#8012 = ORIENTED_EDGE ( 'NONE', *, *, #10822, .T. ) ;
#8013 = CARTESIAN_POINT ( 'NONE',  ( -33.30257218915029682, -28.50000000000034461, 22.46157352307144706 ) ) ;
#8014 = CARTESIAN_POINT ( 'NONE',  ( 10.25896623834517740, -32.79999999999999716, 6.427855894855585284 ) ) ;
#8015 = ORIENTED_EDGE ( 'NONE', *, *, #265, .T. ) ;
#8016 = AXIS2_PLACEMENT_3D ( 'NONE', #8197, #9030, #6996 ) ;
#8017 = EDGE_CURVE ( 'NONE', #10360, #7352, #11682, .T. ) ;
#8018 = ADVANCED_FACE ( 'NONE', ( #820 ), #9766, .T. ) ;
#8019 = DIRECTION ( 'NONE',  ( 0.000000000000000000, 0.000000000000000000, 1.000000000000000000 ) ) ;
#8020 = ORIENTED_EDGE ( 'NONE', *, *, #728, .F. ) ;
#8021 = AXIS2_PLACEMENT_3D ( 'NONE', #490, #3222, #10508 ) ;
#8022 = CARTESIAN_POINT ( 'NONE',  ( 32.94999999999999574, 7.278038876617806352, 4.452891287315437374 ) ) ;
#8023 = CARTESIAN_POINT ( 'NONE',  ( 0.000000000000000000, 0.000000000000000000, 0.000000000000000000 ) ) ;
#8024 = AXIS2_PLACEMENT_3D ( 'NONE', #4284, #5230, #6780 ) ;
#8025 = ORIENTED_EDGE ( 'NONE', *, *, #1848, .T. ) ;
#8026 = AXIS2_PLACEMENT_3D ( 'NONE', #3281, #11641, #782 ) ;
#8027 = ORIENTED_EDGE ( 'NONE', *, *, #10380, .T. ) ;
#8028 = CARTESIAN_POINT ( 'NONE',  ( 20.22343168682467862, -31.18700226176738610, 6.000000000000000000 ) ) ;
#8029 = ORIENTED_EDGE ( 'NONE', *, *, #2408, .F. ) ;
#8030 = DIRECTION ( 'NONE',  ( -0.9971117258661704730, 0.07594870729766847739, 0.000000000000000000 ) ) ;
#8031 = CIRCLE ( 'NONE', #2891, 0.9999999999999991118 ) ;
#8032 = CARTESIAN_POINT ( 'NONE',  ( -19.29508843714771515, -32.55872636749531779, 4.000000000000000000 ) ) ;
#8033 = ORIENTED_EDGE ( 'NONE', *, *, #1668, .F. ) ;
#8034 = CARTESIAN_POINT ( 'NONE',  ( -19.38862443926226220, -32.55872636216579252, 5.981714356093876361 ) ) ;
#8035 = CARTESIAN_POINT ( 'NONE',  ( -27.00000000000000000, 3.306546357697853733E-15, 3.000000000000000000 ) ) ;
#8036 = AXIS2_PLACEMENT_3D ( 'NONE', #755, #5330, #5447 ) ;
#8037 = EDGE_LOOP ( 'NONE', ( #8679, #5200, #3136, #6684, #1686, #11549, #7913 ) ) ;
#8038 = CIRCLE ( 'NONE', #7078, 0.5000000000000004441 ) ;
#8039 = CIRCLE ( 'NONE', #7271, 0.5000000000000004441 ) ;
#8040 = CARTESIAN_POINT ( 'NONE',  ( -49.99999999999999289, -28.49999999999999645, 45.00000000000000711 ) ) ;
#8041 = EDGE_CURVE ( 'NONE', #1814, #195, #5279, .T. ) ;
#8042 = EDGE_CURVE ( 'NONE', #10755, #3017, #9649, .T. ) ;
#8043 = EDGE_CURVE ( 'NONE', #3237, #4894, #1592, .T. ) ;
#8044 = VERTEX_POINT ( 'NONE', #6110 ) ;
#8045 = CIRCLE ( 'NONE', #3078, 2.800000000000000266 ) ;
#8046 = CARTESIAN_POINT ( 'NONE',  ( 30.50000000000001421, 7.581576140811752573, 4.600610663324211203 ) ) ;
#8047 = ORIENTED_EDGE ( 'NONE', *, *, #4206, .T. ) ;
#8048 = DIRECTION ( 'NONE',  ( 0.000000000000000000, 0.000000000000000000, -1.000000000000000000 ) ) ;
#8049 = FACE_OUTER_BOUND ( 'NONE', #6455, .T. ) ;
#8050 = LINE ( 'NONE', #11689, #447 ) ;
#8051 = DIRECTION ( 'NONE',  ( 0.000000000000000000, 0.000000000000000000, 1.000000000000000000 ) ) ;
#8052 = VERTEX_POINT ( 'NONE', #8922 ) ;
#8053 = DIRECTION ( 'NONE',  ( 0.000000000000000000, -0.000000000000000000, -1.000000000000000000 ) ) ;
#8054 = ADVANCED_FACE ( 'NONE', ( #2427 ), #8987, .T. ) ;
#8055 = CARTESIAN_POINT ( 'NONE',  ( 3.727349021255246697, -32.38729299911481263, 6.000000000000000000 ) ) ;
#8056 = EDGE_CURVE ( 'NONE', #10586, #7534, #7857, .T. ) ;
#8057 = AXIS2_PLACEMENT_3D ( 'NONE', #1980, #10219, #3710 ) ;
#8058 = CARTESIAN_POINT ( 'NONE',  ( 30.73058278887960526, -28.49798042876836845, 22.09780188721187244 ) ) ;
#8059 = EDGE_CURVE ( 'NONE', #3916, #6518, #8066, .T. ) ;
#8060 = TOROIDAL_SURFACE ( 'NONE', #2733, 11.00000000000000000, 1.000000000000000000 ) ;
#8061 = CIRCLE ( 'NONE', #1765, 1.000000000000000888 ) ;
#8062 = CARTESIAN_POINT ( 'NONE',  ( 27.54873734153059672, -24.74873734152912519, 5.799999999999999822 ) ) ;
#8063 = ORIENTED_EDGE ( 'NONE', *, *, #315, .T. ) ;
#8064 = CARTESIAN_POINT ( 'NONE',  ( -18.83372836813861895, 21.80529186681925324, 6.000000000000000000 ) ) ;
#8065 = CARTESIAN_POINT ( 'NONE',  ( 30.64958407745848845, -28.53360481927623127, 22.43603478178924959 ) ) ;
#8066 = CIRCLE ( 'NONE', #2923, 1.000000000000000888 ) ;
#8067 = ORIENTED_EDGE ( 'NONE', *, *, #7584, .F. ) ;
#8068 = DIRECTION ( 'NONE',  ( -1.000000000000000000, 0.000000000000000000, 0.000000000000000000 ) ) ;
#8069 = AXIS2_PLACEMENT_3D ( 'NONE', #7023, #6239, #9839 ) ;
#8070 = VECTOR ( 'NONE', #9254, 1000.000000000000000 ) ;
#8071 = CARTESIAN_POINT ( 'NONE',  ( -30.49999999999997868, 10.20067777416575794, 0.5000000000000004441 ) ) ;
#8072 = CIRCLE ( 'NONE', #11491, 2.800000000000000266 ) ;
#8073 = ORIENTED_EDGE ( 'NONE', *, *, #2253, .T. ) ;
#8074 = CARTESIAN_POINT ( 'NONE',  ( 28.89999999999998082, -11.01986028694750885, 12.89424006866458683 ) ) ;
#8075 = CARTESIAN_POINT ( 'NONE',  ( -9.000000000000000000, -37.49999999999999289, 17.00000000000000000 ) ) ;
#8076 = CARTESIAN_POINT ( 'NONE',  ( 31.28258677503378848, 5.401136515906474145, 6.003617987259402433 ) ) ;
#8077 = ORIENTED_EDGE ( 'NONE', *, *, #9043, .T. ) ;
#8078 = CARTESIAN_POINT ( 'NONE',  ( -40.99999999999998579, -37.29999999999999716, 40.50000000000000000 ) ) ;
#8079 = CIRCLE ( 'NONE', #2924, 1.000000000000000666 ) ;
#8080 = CIRCLE ( 'NONE', #2938, 0.9999999999999993339 ) ;
#8081 = DIRECTION ( 'NONE',  ( 1.000000000000000000, 0.000000000000000000, 0.000000000000000000 ) ) ;
#8082 = EDGE_LOOP ( 'NONE', ( #1489, #3259, #7009, #3323 ) ) ;
#8083 = TOROIDAL_SURFACE ( 'NONE', #11140, 27.54471522829317109, 0.2999999999999999889 ) ;
#8084 = ORIENTED_EDGE ( 'NONE', *, *, #8151, .T. ) ;
#8085 = CARTESIAN_POINT ( 'NONE',  ( 45.00000000000001421, -36.99999999999999289, 45.00000000000000711 ) ) ;
#8086 = CARTESIAN_POINT ( 'NONE',  ( 25.09839867021182869, 11.34820343485589156, 6.000000000000000000 ) ) ;
#8087 = ORIENTED_EDGE ( 'NONE', *, *, #5089, .T. ) ;
#8088 = EDGE_CURVE ( 'NONE', #1086, #6359, #4250, .T. ) ;
#8089 = VECTOR ( 'NONE', #1628, 1000.000000000000000 ) ;
#8090 = VERTEX_POINT ( 'NONE', #11500 ) ;
#8091 = FACE_OUTER_BOUND ( 'NONE', #3479, .T. ) ;
#8092 = FACE_OUTER_BOUND ( 'NONE', #1503, .T. ) ;
#8093 = ORIENTED_EDGE ( 'NONE', *, *, #7165, .F. ) ;
#8094 = EDGE_CURVE ( 'NONE', #5323, #11532, #11760, .T. ) ;
#8095 = DIRECTION ( 'NONE',  ( 0.000000000000000000, 0.000000000000000000, 1.000000000000000000 ) ) ;
#8096 = CARTESIAN_POINT ( 'NONE',  ( 10.40005347590610540, -32.55872636749531779, 6.000000000000000000 ) ) ;
#8097 = VERTEX_POINT ( 'NONE', #9891 ) ;
#8098 = CARTESIAN_POINT ( 'NONE',  ( -31.05352412574556453, 5.248101709330828868, 5.999999999999759304 ) ) ;
#8099 = LINE ( 'NONE', #10962, #2131 ) ;
#8100 = ORIENTED_EDGE ( 'NONE', *, *, #11384, .T. ) ;
#8101 = DIRECTION ( 'NONE',  ( 1.973877827711729513E-16, 0.000000000000000000, 1.000000000000000000 ) ) ;
#8102 = VERTEX_POINT ( 'NONE', #10600 ) ;
#8103 = EDGE_CURVE ( 'NONE', #7733, #10665, #11678, .T. ) ;
#8104 = EDGE_CURVE ( 'NONE', #2601, #10340, #10719, .T. ) ;
#8105 = EDGE_CURVE ( 'NONE', #6518, #7440, #8449, .T. ) ;
#8106 = CIRCLE ( 'NONE', #670, 0.3000000000000000444 ) ;
#8107 = CARTESIAN_POINT ( 'NONE',  ( 21.82807647900999726, -18.53459485037749843, 4.000000000000000000 ) ) ;
#8108 = ORIENTED_EDGE ( 'NONE', *, *, #6094, .T. ) ;
#8109 = EDGE_CURVE ( 'NONE', #9445, #8789, #1524, .T. ) ;
#8110 = SPHERICAL_SURFACE ( 'NONE', #6297, 0.5000000000000000000 ) ;
#8111 = ADVANCED_FACE ( 'NONE', ( #4278 ), #1065, .F. ) ;
#8112 = CARTESIAN_POINT ( 'NONE',  ( 33.99999999999997868, 7.500000000000001776, 5.006876193646772499 ) ) ;
#8113 = CYLINDRICAL_SURFACE ( 'NONE', #7890, 3.000000000000000888 ) ;
#8114 = CARTESIAN_POINT ( 'NONE',  ( -21.86605083265882854, 18.03603898744441381, 4.000000000000000000 ) ) ;
#8115 = ORIENTED_EDGE ( 'NONE', *, *, #1517, .F. ) ;
#8116 = CARTESIAN_POINT ( 'NONE',  ( 9.536592924887919764, -29.83217189384346568, 6.000000000000000000 ) ) ;
#8117 = CARTESIAN_POINT ( 'NONE',  ( -9.424824191749978652, -32.21173756593730531, 5.700000085122479909 ) ) ;
#8118 = AXIS2_PLACEMENT_3D ( 'NONE', #4038, #10010, #2902 ) ;
#8119 = LINE ( 'NONE', #2751, #11639 ) ;
#8120 = DIRECTION ( 'NONE',  ( 0.000000000000000000, 0.000000000000000000, 1.000000000000000000 ) ) ;
#8121 = EDGE_CURVE ( 'NONE', #1146, #8566, #8072, .T. ) ;
#8122 = CARTESIAN_POINT ( 'NONE',  ( 22.64366237474978405, -18.59671697056291961, 5.700000000000000178 ) ) ;
#8123 = DIRECTION ( 'NONE',  ( 0.000000000000000000, 0.000000000000000000, 1.000000000000000000 ) ) ;
#8124 = VERTEX_POINT ( 'NONE', #10127 ) ;
#8125 = EDGE_CURVE ( 'NONE', #1693, #4645, #6149, .T. ) ;
#8126 = CARTESIAN_POINT ( 'NONE',  ( -18.53459485037877030, 21.82807647900856551, 5.700000000000000178 ) ) ;
#8127 = EDGE_CURVE ( 'NONE', #10665, #223, #11697, .T. ) ;
#8128 = DIRECTION ( 'NONE',  ( 1.000000000000000000, -0.000000000000000000, -0.000000000000000000 ) ) ;
#8129 = FACE_OUTER_BOUND ( 'NONE', #10352, .T. ) ;
#8130 = ORIENTED_EDGE ( 'NONE', *, *, #9715, .T. ) ;
#8131 = FACE_OUTER_BOUND ( 'NONE', #10527, .T. ) ;
#8132 = ORIENTED_EDGE ( 'NONE', *, *, #4360, .T. ) ;
#8133 = DIRECTION ( 'NONE',  ( 0.000000000000000000, 0.000000000000000000, 1.000000000000000000 ) ) ;
#8134 = DIRECTION ( 'NONE',  ( 0.7073707969387325045, 0.7068426668207449248, -0.000000000000000000 ) ) ;
#8135 = CARTESIAN_POINT ( 'NONE',  ( 50.00000000000000711, -36.99999999999999289, 10.50000000000000888 ) ) ;
#8136 = ORIENTED_EDGE ( 'NONE', *, *, #8041, .T. ) ;
#8137 = DIRECTION ( 'NONE',  ( -0.000000000000000000, 0.000000000000000000, 1.000000000000000000 ) ) ;
#8138 = CARTESIAN_POINT ( 'NONE',  ( -29.99999999999997868, -28.29278383102048977, 21.28750090350186852 ) ) ;
#8139 = VERTEX_POINT ( 'NONE', #10902 ) ;
#8140 = VECTOR ( 'NONE', #9359, 1000.000000000000000 ) ;
#8141 = VERTEX_POINT ( 'NONE', #7380 ) ;
#8142 = CARTESIAN_POINT ( 'NONE',  ( 26.64689772752947050, 19.39069158978011131, 4.000000000000000000 ) ) ;
#8143 = DIRECTION ( 'NONE',  ( -0.6363104671251397226, -0.7714330751445562795, 1.784297420797656758E-14 ) ) ;
#8144 = EDGE_LOOP ( 'NONE', ( #8386, #6271, #9545, #10722 ) ) ;
#8145 = ORIENTED_EDGE ( 'NONE', *, *, #451, .T. ) ;
#8146 = CARTESIAN_POINT ( 'NONE',  ( -9.780816163495432036, -32.42760425169849015, 5.977350004601460043 ) ) ;
#8147 = CARTESIAN_POINT ( 'NONE',  ( -40.99999999999999289, -28.69999999999999574, 11.00000000000000000 ) ) ;
#8148 = ORIENTED_EDGE ( 'NONE', *, *, #8043, .T. ) ;
#8149 = DIRECTION ( 'NONE',  ( -1.000000000000000000, 0.000000000000000000, 0.000000000000000000 ) ) ;
#8150 = ORIENTED_EDGE ( 'NONE', *, *, #9469, .T. ) ;
#8151 = EDGE_CURVE ( 'NONE', #4058, #3842, #2932, .T. ) ;
#8152 = FACE_OUTER_BOUND ( 'NONE', #2418, .T. ) ;
#8153 = CARTESIAN_POINT ( 'NONE',  ( 19.67937319653868400, 26.56527095544834793, 6.000000000000000000 ) ) ;
#8154 = LINE ( 'NONE', #2730, #10506 ) ;
#8155 = ORIENTED_EDGE ( 'NONE', *, *, #5996, .F. ) ;
#8156 = CARTESIAN_POINT ( 'NONE',  ( -26.19379070361165063, -33.29638102402491739, 49.87378639017506998 ) ) ;
#8157 = ORIENTED_EDGE ( 'NONE', *, *, #8417, .T. ) ;
#8158 = VERTEX_POINT ( 'NONE', #4689 ) ;
#8159 = CARTESIAN_POINT ( 'NONE',  ( 31.50000000000008527, 6.873545414601784032, 5.311283072019793217 ) ) ;
#8160 = ORIENTED_EDGE ( 'NONE', *, *, #7101, .F. ) ;
#8161 = CARTESIAN_POINT ( 'NONE',  ( 30.49999999999997868, 7.500000000000001776, 0.5000000000000029976 ) ) ;
#8162 = DIRECTION ( 'NONE',  ( -0.000000000000000000, -0.000000000000000000, 1.000000000000000000 ) ) ;
#8163 = FACE_OUTER_BOUND ( 'NONE', #5496, .T. ) ;
#8164 = CARTESIAN_POINT ( 'NONE',  ( 37.85902780621654529, -36.99999999999999289, 50.00000000000000000 ) ) ;
#8165 = EDGE_LOOP ( 'NONE', ( #3654, #4839, #8213, #1037 ) ) ;
#8166 = EDGE_CURVE ( 'NONE', #9039, #8310, #9981, .T. ) ;
#8167 = FACE_OUTER_BOUND ( 'NONE', #2777, .T. ) ;
#8168 = CARTESIAN_POINT ( 'NONE',  ( 30.50000000000001776, -37.36602540378443393, 0.5000000000000021094 ) ) ;
#8169 = EDGE_CURVE ( 'NONE', #2528, #3183, #7684, .T. ) ;
#8170 = DIRECTION ( 'NONE',  ( -1.000000000000000000, 0.000000000000000000, 0.000000000000000000 ) ) ;
#8171 = CARTESIAN_POINT ( 'NONE',  ( 31.19088210917943726, -28.49999999999964473, 22.45989477664722855 ) ) ;
#8172 = AXIS2_PLACEMENT_3D ( 'NONE', #1797, #7995, #773 ) ;
#8173 = CARTESIAN_POINT ( 'NONE',  ( -9.556001448146291821, -32.64956269809297140, 5.780412673752686636 ) ) ;
#8174 = LINE ( 'NONE', #10090, #631 ) ;
#8175 = ORIENTED_EDGE ( 'NONE', *, *, #1017, .F. ) ;
#8176 = DIRECTION ( 'NONE',  ( 0.000000000000000000, 0.000000000000000000, 1.000000000000000000 ) ) ;
#8177 = CARTESIAN_POINT ( 'NONE',  ( -31.28258677503437823, 5.401136515906426183, 6.003617987259478816 ) ) ;
#8178 = FACE_BOUND ( 'NONE', #5581, .T. ) ;
#8179 = DIRECTION ( 'NONE',  ( -0.000000000000000000, -1.000000000000000000, 1.204669080539449344E-16 ) ) ;
#8180 = VERTEX_POINT ( 'NONE', #9104 ) ;
#8181 = B_SPLINE_SURFACE_WITH_KNOTS ( 'NONE', 3, 1, ( 
 ( #5098, #8751 ),
 ( #582, #2313 ),
 ( #10661, #3261 ),
 ( #3199, #409 ) ),
 .UNSPECIFIED., .F., .F., .F.,
 ( 4, 4 ),
 ( 2, 2 ),
 ( 0.3004347744090537509, 0.8456022516180863313 ),
 ( 0.000000000000000000, 1.000000000000000000 ),
 .UNSPECIFIED. ) ;
#8182 = VECTOR ( 'NONE', #9041, 1000.000000000000000 ) ;
#8183 = CARTESIAN_POINT ( 'NONE',  ( -19.29508843714771515, -31.55872636749531424, 6.000000000000000000 ) ) ;
#8184 = TOROIDAL_SURFACE ( 'NONE', #3403, 3.200000000000001954, 0.2000000000000000111 ) ;
#8185 = LINE ( 'NONE', #9078, #4185 ) ;
#8186 = ADVANCED_FACE ( 'NONE', ( #112 ), #7261, .T. ) ;
#8187 = EDGE_CURVE ( 'NONE', #2663, #5067, #2840, .T. ) ;
#8188 =( BOUNDED_CURVE ( )  B_SPLINE_CURVE ( 3, ( #7075, #3248, #571, #10717 ),
 .UNSPECIFIED., .F., .F. ) 
 B_SPLINE_CURVE_WITH_KNOTS ( ( 4, 4 ),
 ( 4.712388980384689674, 6.283185307179586232 ),
 .UNSPECIFIED. ) 
 CURVE ( )  GEOMETRIC_REPRESENTATION_ITEM ( )  RATIONAL_B_SPLINE_CURVE ( ( 1.000000000000000000, 0.8047378541243649375, 0.8047378541243649375, 1.000000000000000000 ) ) 
 REPRESENTATION_ITEM ( '' )  );
#8189 = EDGE_CURVE ( 'NONE', #1339, #8236, #6362, .T. ) ;
#8190 = ORIENTED_EDGE ( 'NONE', *, *, #1529, .F. ) ;
#8191 = CARTESIAN_POINT ( 'NONE',  ( -21.48033429508655345, -17.71788375388184278, 4.000000000000000000 ) ) ;
#8192 = CARTESIAN_POINT ( 'NONE',  ( 25.37175490347321016, -11.47180104703813264, 5.700000000000000178 ) ) ;
#8193 = DIRECTION ( 'NONE',  ( 0.000000000000000000, 0.000000000000000000, 1.000000000000000000 ) ) ;
#8194 = ORIENTED_EDGE ( 'NONE', *, *, #3658, .F. ) ;
#8195 = FACE_OUTER_BOUND ( 'NONE', #1806, .T. ) ;
#8196 = AXIS2_PLACEMENT_3D ( 'NONE', #8934, #11805, #2566 ) ;
#8197 = CARTESIAN_POINT ( 'NONE',  ( -40.99999999999999289, -37.29999999999999716, 14.00000000000000178 ) ) ;
#8198 = ORIENTED_EDGE ( 'NONE', *, *, #1684, .T. ) ;
#8199 = VERTEX_POINT ( 'NONE', #1948 ) ;
#8200 = DIRECTION ( 'NONE',  ( 0.000000000000000000, -0.8994353934787675531, 0.4370537414983364233 ) ) ;
#8201 = ADVANCED_FACE ( 'NONE', ( #10018 ), #5756, .T. ) ;
#8202 = VECTOR ( 'NONE', #5303, 1000.000000000000000 ) ;
#8203 = EDGE_LOOP ( 'NONE', ( #3367, #2967, #3231, #8508 ) ) ;
#8204 = ORIENTED_EDGE ( 'NONE', *, *, #284, .F. ) ;
#8205 = CARTESIAN_POINT ( 'NONE',  ( -10.27380408586508587, -32.55872636526953556, 5.981714357709173591 ) ) ;
#8206 = CARTESIAN_POINT ( 'NONE',  ( 33.99999999999997868, -11.76497696386209135, 13.25630724309362130 ) ) ;
#8207 = VERTEX_POINT ( 'NONE', #9235 ) ;
#8208 = DIRECTION ( 'NONE',  ( 0.000000000000000000, 1.000000000000000000, -0.000000000000000000 ) ) ;
#8209 = CIRCLE ( 'NONE', #7845, 1.000000000000000888 ) ;
#8210 = DIRECTION ( 'NONE',  ( -0.7071067811865474617, -0.7071067811865474617, 0.000000000000000000 ) ) ;
#8211 = CARTESIAN_POINT ( 'NONE',  ( -30.49999999999997513, 2.139175515927373095, 5.999999999999996447 ) ) ;
#8212 = FACE_OUTER_BOUND ( 'NONE', #6708, .T. ) ;
#8213 = ORIENTED_EDGE ( 'NONE', *, *, #3674, .T. ) ;
#8214 = CARTESIAN_POINT ( 'NONE',  ( -26.51390478077780699, -32.76632729138800926, 49.61454672352726192 ) ) ;
#8215 = AXIS2_PLACEMENT_3D ( 'NONE', #2148, #9478, #5767 ) ;
#8216 = ADVANCED_FACE ( 'NONE', ( #1836 ), #3371, .F. ) ;
#8217 = AXIS2_PLACEMENT_3D ( 'NONE', #5009, #2335, #9621 ) ;
#8218 = EDGE_LOOP ( 'NONE', ( #9424, #3057, #1156, #2957 ) ) ;
#8219 = AXIS2_PLACEMENT_3D ( 'NONE', #10262, #8697, #2432 ) ;
#8220 = VERTEX_POINT ( 'NONE', #3015 ) ;
#8221 = CARTESIAN_POINT ( 'NONE',  ( -40.99999999999999289, -28.69999999999999574, 14.00000000000000178 ) ) ;
#8222 = CARTESIAN_POINT ( 'NONE',  ( -19.12410736914864273, -23.73562773868919606, 6.000000000000000000 ) ) ;
#8223 = AXIS2_PLACEMENT_3D ( 'NONE', #11054, #2885, #5434 ) ;
#8224 = DIRECTION ( 'NONE',  ( -1.000000000000000000, 0.000000000000000000, 0.000000000000000000 ) ) ;
#8225 = ORIENTED_EDGE ( 'NONE', *, *, #1331, .T. ) ;
#8226 = CYLINDRICAL_SURFACE ( 'NONE', #3868, 0.5000000000000004441 ) ;
#8227 = PLANE ( 'NONE',  #5312 ) ;
#8228 = CIRCLE ( 'NONE', #2894, 0.2999999999999999334 ) ;
#8229 = DIRECTION ( 'NONE',  ( 0.9622720225178670317, 0.2720892402859284576, 0.000000000000000000 ) ) ;
#8230 = AXIS2_PLACEMENT_3D ( 'NONE', #9684, #2354, #4319 ) ;
#8231 = CIRCLE ( 'NONE', #5520, 1.000000000000000888 ) ;
#8232 = EDGE_CURVE ( 'NONE', #5126, #5684, #5280, .T. ) ;
#8233 = DIRECTION ( 'NONE',  ( -0.000000000000000000, -0.000000000000000000, 1.000000000000000000 ) ) ;
#8234 = DIRECTION ( 'NONE',  ( -0.000000000000000000, 0.000000000000000000, 1.000000000000000000 ) ) ;
#8235 = DIRECTION ( 'NONE',  ( 1.366661336226617434E-16, -0.8994353934787675531, 0.4370537414983364233 ) ) ;
#8236 = VERTEX_POINT ( 'NONE', #8556 ) ;
#8237 = EDGE_CURVE ( 'NONE', #5499, #5143, #9021, .T. ) ;
#8238 = EDGE_CURVE ( 'NONE', #3709, #6174, #3787, .T. ) ;
#8239 = FACE_OUTER_BOUND ( 'NONE', #11396, .T. ) ;
#8240 = CARTESIAN_POINT ( 'NONE',  ( 30.83946635700597838, -28.49999999999999645, 22.62766321177971207 ) ) ;
#8241 = FACE_OUTER_BOUND ( 'NONE', #3563, .T. ) ;
#8242 = FACE_OUTER_BOUND ( 'NONE', #11636, .T. ) ;
#8243 = EDGE_LOOP ( 'NONE', ( #11287, #1523, #9685, #7333 ) ) ;
#8244 = CIRCLE ( 'NONE', #2714, 0.5000000000000004441 ) ;
#8245 = CARTESIAN_POINT ( 'NONE',  ( 49.00000000000000711, -28.49999999999999645, 10.50000000000000533 ) ) ;
#8246 = DIRECTION ( 'NONE',  ( 0.000000000000000000, 0.000000000000000000, 1.000000000000000000 ) ) ;
#8247 = DIRECTION ( 'NONE',  ( -1.000000000000000000, 0.000000000000000000, 1.826024711554533913E-16 ) ) ;
#8248 = AXIS2_PLACEMENT_3D ( 'NONE', #2446, #1439, #10501 ) ;
#8249 = AXIS2_PLACEMENT_3D ( 'NONE', #3174, #2223, #5843 ) ;
#8250 = ORIENTED_EDGE ( 'NONE', *, *, #9876, .F. ) ;
#8251 = CARTESIAN_POINT ( 'NONE',  ( 24.74873734153059601, -24.74873734152912519, 0.1999999999999987899 ) ) ;
#8252 = TOROIDAL_SURFACE ( 'NONE', #67, 3.200000000000001510, 0.2000000000000000111 ) ;
#8253 = DIRECTION ( 'NONE',  ( 0.000000000000000000, 0.000000000000000000, -1.000000000000000000 ) ) ;
#8254 = DIRECTION ( 'NONE',  ( 0.000000000000000000, 0.000000000000000000, -1.000000000000000000 ) ) ;
#8255 = ORIENTED_EDGE ( 'NONE', *, *, #3286, .F. ) ;
#8256 = EDGE_CURVE ( 'NONE', #2591, #334, #6339, .T. ) ;
#8257 = CARTESIAN_POINT ( 'NONE',  ( -29.99999999999997868, 26.00000000000000355, 0.000000000000000000 ) ) ;
#8258 = EDGE_CURVE ( 'NONE', #10275, #1827, #7875, .T. ) ;
#8259 = CARTESIAN_POINT ( 'NONE',  ( 26.60188641011911059, -37.00000000000000000, 0.4234505780729207469 ) ) ;
#8260 = ORIENTED_EDGE ( 'NONE', *, *, #9859, .T. ) ;
#8261 = AXIS2_PLACEMENT_3D ( 'NONE', #8479, #11105, #9308 ) ;
#8262 = EDGE_CURVE ( 'NONE', #6814, #1225, #11303, .T. ) ;
#8263 = AXIS2_PLACEMENT_3D ( 'NONE', #10149, #2927, #9473 ) ;
#8264 =( BOUNDED_SURFACE ( )  B_SPLINE_SURFACE ( 3, 2, ( 
 ( #3624, #2743, #6422 ),
 ( #10975, #5461, #9112 ),
 ( #9170, #10077, #1893 ),
 ( #1006, #120, #3747 ) ),
 .UNSPECIFIED., .F., .F., .F. ) 
 B_SPLINE_SURFACE_WITH_KNOTS ( ( 4, 4 ),
 ( 3, 3 ),
 ( 3.141592653589793116, 3.542952104821895265 ),
 ( 0.000000000000000000, 1.000000000000000000 ),
 .UNSPECIFIED. ) 
 GEOMETRIC_REPRESENTATION_ITEM ( )  RATIONAL_B_SPLINE_SURFACE ( (
 ( 1.000000000000000000, 0.8476596432231336964, 1.000000000000000000),
 ( 1.000000000000000000, 0.8476651013988438788, 1.000000000000000000),
 ( 1.000000000000000000, 0.8441789461466429056, 1.000000000000000000),
 ( 1.000000000000000000, 0.8373533923902798382, 1.000000000000000000) ) ) 
 REPRESENTATION_ITEM ( '' )  SURFACE ( )  );
#8265 = VECTOR ( 'NONE', #5510, 1000.000000000000000 ) ;
#8266 = CARTESIAN_POINT ( 'NONE',  ( 22.70891192219860599, 18.60168694398918987, 4.000000000000000000 ) ) ;
#8267 = DIRECTION ( 'NONE',  ( 0.000000000000000000, 0.000000000000000000, 1.000000000000000000 ) ) ;
#8268 = VERTEX_POINT ( 'NONE', #10354 ) ;
#8269 = ORIENTED_EDGE ( 'NONE', *, *, #5085, .F. ) ;
#8270 = AXIS2_PLACEMENT_3D ( 'NONE', #2186, #4202, #8625 ) ;
#8271 = CARTESIAN_POINT ( 'NONE',  ( -10.12887535401151240, -32.63792069444943422, 6.070771585250894553 ) ) ;
#8272 = CARTESIAN_POINT ( 'NONE',  ( -34.98674648294755229, -35.00000000000000000, 49.89999999999999858 ) ) ;
#8273 = ORIENTED_EDGE ( 'NONE', *, *, #8540, .F. ) ;
#8274 = CARTESIAN_POINT ( 'NONE',  ( -18.82414313014864504, -23.73099574979123361, 4.000000000000000000 ) ) ;
#8275 = VECTOR ( 'NONE', #9447, 1000.000000000000000 ) ;
#8276 = EDGE_CURVE ( 'NONE', #4236, #11504, #2736, .T. ) ;
#8277 = CARTESIAN_POINT ( 'NONE',  ( 18.83372836813864382, 21.80529186681958720, 6.000000000000000000 ) ) ;
#8278 = EDGE_CURVE ( 'NONE', #8158, #7173, #3683, .T. ) ;
#8279 = CARTESIAN_POINT ( 'NONE',  ( -19.24302273398250307, -26.23925100518465214, 6.000000000000000000 ) ) ;
#8280 = ORIENTED_EDGE ( 'NONE', *, *, #9355, .T. ) ;
#8281 = DIRECTION ( 'NONE',  ( -0.9622720225178869047, -0.2720892402858581249, 0.000000000000000000 ) ) ;
#8282 = AXIS2_PLACEMENT_3D ( 'NONE', #8975, #157, #9225 ) ;
#8283 = ORIENTED_EDGE ( 'NONE', *, *, #1758, .F. ) ;
#8284 = ORIENTED_EDGE ( 'NONE', *, *, #7241, .F. ) ;
#8285 = CARTESIAN_POINT ( 'NONE',  ( -21.82807647903734605, -18.53459485037958387, 4.000000000000000000 ) ) ;
#8286 = ORIENTED_EDGE ( 'NONE', *, *, #10031, .T. ) ;
#8287 = CARTESIAN_POINT ( 'NONE',  ( 30.50000000000000711, 26.00000000000000711, 6.000000000000000000 ) ) ;
#8288 = CARTESIAN_POINT ( 'NONE',  ( -30.49999999999997868, 8.130517918513499254, 5.499999999992891020 ) ) ;
#8289 = AXIS2_PLACEMENT_3D ( 'NONE', #6026, #9677, #1501 ) ;
#8290 = CARTESIAN_POINT ( 'NONE',  ( -30.36225261795648578, -28.63764453846933478, 21.84507382114188445 ) ) ;
#8291 = CARTESIAN_POINT ( 'NONE',  ( -40.99999999999998579, -28.69999999999999574, 40.50000000000000000 ) ) ;
#8292 = ORIENTED_EDGE ( 'NONE', *, *, #8189, .T. ) ;
#8293 = DIRECTION ( 'NONE',  ( 0.000000000000000000, 0.000000000000000000, 1.000000000000000000 ) ) ;
#8294 = DIRECTION ( 'NONE',  ( -1.000000000000000000, 0.000000000000000000, 0.000000000000000000 ) ) ;
#8295 = DIRECTION ( 'NONE',  ( -1.000000000000000000, -0.000000000000000000, -0.000000000000000000 ) ) ;
#8296 = AXIS2_PLACEMENT_3D ( 'NONE', #481, #9543, #6917 ) ;
#8297 = FACE_OUTER_BOUND ( 'NONE', #7712, .T. ) ;
#8298 = CARTESIAN_POINT ( 'NONE',  ( 32.19083098124995246, -37.10967206151793363, 50.00000000000000000 ) ) ;
#8299 = CARTESIAN_POINT ( 'NONE',  ( 19.00000000000001421, -32.79999999999999716, 44.00000000000000711 ) ) ;
#8300 = EDGE_LOOP ( 'NONE', ( #3507, #2032, #3730, #3742, #1500, #9310 ) ) ;
#8301 = CARTESIAN_POINT ( 'NONE',  ( -19.39069158978334784, 26.64689772753418495, 5.700000000000000178 ) ) ;
#8302 = CARTESIAN_POINT ( 'NONE',  ( -31.49999999999997868, 6.873545414602046044, 5.311283072019664431 ) ) ;
#8303 = CARTESIAN_POINT ( 'NONE',  ( -26.56527095544960559, -19.67937319653714567, 6.000000000000000000 ) ) ;
#8304 = CARTESIAN_POINT ( 'NONE',  ( -30.76473265258322698, -28.49999999999999645, 22.57476881220355125 ) ) ;
#8305 = VERTEX_POINT ( 'NONE', #1169 ) ;
#8306 = AXIS2_PLACEMENT_3D ( 'NONE', #10892, #1943, #9284 ) ;
#8307 = CARTESIAN_POINT ( 'NONE',  ( -9.394553118314298956, -32.46505905659074642, 6.024308588623194183 ) ) ;
#8308 = CARTESIAN_POINT ( 'NONE',  ( 30.63085234329932760, 4.427627784631707364, 5.999999999999733546 ) ) ;
#8309 = DIRECTION ( 'NONE',  ( 0.000000000000000000, 0.000000000000000000, 1.000000000000000000 ) ) ;
#8310 = VERTEX_POINT ( 'NONE', #11242 ) ;
#8311 = CARTESIAN_POINT ( 'NONE',  ( -27.28294234767822601, -18.90955557852278091, 4.000000000000000000 ) ) ;
#8312 = FACE_OUTER_BOUND ( 'NONE', #2068, .T. ) ;
#8313 = CARTESIAN_POINT ( 'NONE',  ( 27.04775779477855835, -36.49999999999999289, 0.000000000000000000 ) ) ;
#8314 = ORIENTED_EDGE ( 'NONE', *, *, #9043, .F. ) ;
#8315 = CARTESIAN_POINT ( 'NONE',  ( -37.79999999999998295, -37.50000000000000000, 40.50000000000000000 ) ) ;
#8316 = LINE ( 'NONE', #147, #5177 ) ;
#8317 = CARTESIAN_POINT ( 'NONE',  ( 33.75542846330710489, -28.99638102446207100, 0.6262136096438690736 ) ) ;
#8318 = ORIENTED_EDGE ( 'NONE', *, *, #7228, .T. ) ;
#8319 = CARTESIAN_POINT ( 'NONE',  ( -30.50000000000143885, 8.130517918516057208, 6.000000000000003553 ) ) ;
#8320 = CARTESIAN_POINT ( 'NONE',  ( 31.48674648294750611, -35.00000000000002842, 49.89999999999999858 ) ) ;
#8321 = EDGE_CURVE ( 'NONE', #3908, #7653, #836, .T. ) ;
#8322 = ADVANCED_FACE ( 'NONE', ( #5025 ), #10539, .T. ) ;
#8323 = VERTEX_POINT ( 'NONE', #6762 ) ;
#8324 = EDGE_CURVE ( 'NONE', #8590, #9573, #5393, .T. ) ;
#8325 = EDGE_LOOP ( 'NONE', ( #2950, #444, #10536, #5305 ) ) ;
#8326 = CARTESIAN_POINT ( 'NONE',  ( -29.99999999999997868, -28.29278383102048977, -55.15136956765560683 ) ) ;
#8327 = CARTESIAN_POINT ( 'NONE',  ( 18.76449674900052855, -27.54346039546383196, 6.000000000000000000 ) ) ;
#8328 = ORIENTED_EDGE ( 'NONE', *, *, #5766, .F. ) ;
#8329 = CARTESIAN_POINT ( 'NONE',  ( -34.49999999999997868, -28.49999999999999289, 22.12215494656667403 ) ) ;
#8330 = SPHERICAL_SURFACE ( 'NONE', #1750, 1.000000000000000000 ) ;
#8331 = DIRECTION ( 'NONE',  ( 1.000000000000000000, 1.137523590804463822E-16, -1.370339498226346127E-32 ) ) ;
#8332 = ORIENTED_EDGE ( 'NONE', *, *, #1998, .T. ) ;
#8333 = CARTESIAN_POINT ( 'NONE',  ( 29.99999999999997868, -28.29278383102050753, 6.500000000000000888 ) ) ;
#8334 = ADVANCED_FACE ( 'NONE', ( #7966 ), #9218, .T. ) ;
#8335 = EDGE_CURVE ( 'NONE', #9471, #6496, #10735, .T. ) ;
#8336 = ORIENTED_EDGE ( 'NONE', *, *, #6568, .T. ) ;
#8337 = EDGE_CURVE ( 'NONE', #6605, #10368, #5194, .T. ) ;
#8338 = ADVANCED_FACE ( 'NONE', ( #5139 ), #7843, .T. ) ;
#8339 = ORIENTED_EDGE ( 'NONE', *, *, #4725, .F. ) ;
#8340 = CARTESIAN_POINT ( 'NONE',  ( -25.91927170679086601, -19.18495017096926603, 4.000000000000000000 ) ) ;
#8341 = ORIENTED_EDGE ( 'NONE', *, *, #4804, .T. ) ;
#8342 = FACE_OUTER_BOUND ( 'NONE', #4733, .T. ) ;
#8343 = CARTESIAN_POINT ( 'NONE',  ( 19.29508843714771871, -32.79999999999999716, 6.427855894855588836 ) ) ;
#8344 = DIRECTION ( 'NONE',  ( 1.000000000000000000, 0.000000000000000000, 0.000000000000000000 ) ) ;
#8345 = FACE_OUTER_BOUND ( 'NONE', #9626, .T. ) ;
#8346 = ORIENTED_EDGE ( 'NONE', *, *, #10020, .F. ) ;
#8347 = CARTESIAN_POINT ( 'NONE',  ( 27.34873734153059388, -24.74873734152912519, 5.799999999999999822 ) ) ;
#8348 = CARTESIAN_POINT ( 'NONE',  ( 49.50000000000000711, -36.99999999999999289, 45.00000000000000711 ) ) ;
#8349 = CARTESIAN_POINT ( 'NONE',  ( 26.64689772752948116, -19.39069158978011487, 4.000000000000000000 ) ) ;
#8350 = EDGE_CURVE ( 'NONE', #10468, #7471, #76, .T. ) ;
#8351 = CARTESIAN_POINT ( 'NONE',  ( -31.49999999999997868, 5.559677934766192209, 5.949717696739383221 ) ) ;
#8352 = CARTESIAN_POINT ( 'NONE',  ( -19.81139839964004778, -32.41512815557796756, 5.791777033146319198 ) ) ;
#8353 = LINE ( 'NONE', #8520, #8831 ) ;
#8354 = VERTEX_POINT ( 'NONE', #2413 ) ;
#8355 = DIRECTION ( 'NONE',  ( 0.000000000000000000, 0.000000000000000000, 1.000000000000000000 ) ) ;
#8356 = CARTESIAN_POINT ( 'NONE',  ( -30.41648695340789033, 9.193068713142874770, 0.7833141600994194542 ) ) ;
#8357 = CARTESIAN_POINT ( 'NONE',  ( 10.88379308764715958, 26.28294234767709270, 5.700000000000000178 ) ) ;
#8358 = ORIENTED_EDGE ( 'NONE', *, *, #5246, .F. ) ;
#8359 = CARTESIAN_POINT ( 'NONE',  ( -17.10183990713238700, -23.02410380877845597, 5.700000000000000178 ) ) ;
#8360 = DIRECTION ( 'NONE',  ( -0.000000000000000000, -0.000000000000000000, 1.000000000000000000 ) ) ;
#8361 = DIRECTION ( 'NONE',  ( 1.000000000000000000, 0.000000000000000000, -0.000000000000000000 ) ) ;
#8362 = AXIS2_PLACEMENT_3D ( 'NONE', #5881, #11393, #2506 ) ;
#8363 = ORIENTED_EDGE ( 'NONE', *, *, #3953, .F. ) ;
#8364 = CARTESIAN_POINT ( 'NONE',  ( -32.99999999999997868, 5.886049477114498885, 5.791127202373568039 ) ) ;
#8365 = CARTESIAN_POINT ( 'NONE',  ( -27.28294234767776771, 11.34689094264126119, 4.000000000000000000 ) ) ;
#8366 = DIRECTION ( 'NONE',  ( 0.000000000000000000, 4.336808689942013299E-16, 1.000000000000000000 ) ) ;
#8367 = ORIENTED_EDGE ( 'NONE', *, *, #11397, .F. ) ;
#8368 = CYLINDRICAL_SURFACE ( 'NONE', #5356, 0.5000000000000004441 ) ;
#8369 = CARTESIAN_POINT ( 'NONE',  ( -3.244874193390045125, -32.45419513345802898, 4.000000000000000000 ) ) ;
#8370 = ORIENTED_EDGE ( 'NONE', *, *, #7240, .T. ) ;
#8371 = CARTESIAN_POINT ( 'NONE',  ( 34.49999999998635758, -28.49999999999999645, 1.369076711110758460 ) ) ;
#8372 = EDGE_LOOP ( 'NONE', ( #4679, #7283, #6599, #4968 ) ) ;
#8373 = CIRCLE ( 'NONE', #3208, 5.000000000000000888 ) ;
#8374 = DIRECTION ( 'NONE',  ( -1.000000000000000000, 0.000000000000000000, 0.000000000000000000 ) ) ;
#8375 = DIRECTION ( 'NONE',  ( 1.000000000000000000, 0.000000000000000000, 0.000000000000000000 ) ) ;
#8376 = VERTEX_POINT ( 'NONE', #2597 ) ;
#8377 = CIRCLE ( 'NONE', #4179, 0.5000000000000004441 ) ;
#8378 = VERTEX_POINT ( 'NONE', #6037 ) ;
#8379 = CARTESIAN_POINT ( 'NONE',  ( -19.39069158978332297, 26.64689772753411745, 5.700000000000000178 ) ) ;
#8380 = DIRECTION ( 'NONE',  ( 1.000000000000000000, 0.000000000000000000, 0.000000000000000000 ) ) ;
#8381 = ORIENTED_EDGE ( 'NONE', *, *, #1885, .F. ) ;
#8382 = CARTESIAN_POINT ( 'NONE',  ( 30.50540314151780308, -28.31088109189795787, 21.42957285013134339 ) ) ;
#8383 = EDGE_CURVE ( 'NONE', #6690, #1119, #5950, .T. ) ;
#8384 = EDGE_CURVE ( 'NONE', #3649, #8932, #3102, .T. ) ;
#8385 = CARTESIAN_POINT ( 'NONE',  ( -29.99999999999997868, 8.130517918521793064, 5.500000000003545608 ) ) ;
#8386 = ORIENTED_EDGE ( 'NONE', *, *, #2779, .F. ) ;
#8387 = CIRCLE ( 'NONE', #8564, 0.4999999999999983902 ) ;
#8388 = CARTESIAN_POINT ( 'NONE',  ( -3.244874193390045125, -30.97010467188755456, 4.000000000000000000 ) ) ;
#8389 = ORIENTED_EDGE ( 'NONE', *, *, #3358, .F. ) ;
#8390 = ORIENTED_EDGE ( 'NONE', *, *, #1182, .T. ) ;
#8391 = AXIS2_PLACEMENT_3D ( 'NONE', #536, #4167, #11630 ) ;
#8392 = CARTESIAN_POINT ( 'NONE',  ( -19.38679233099897914, -32.55872636749532489, 5.855295988587704947 ) ) ;
#8393 = EDGE_LOOP ( 'NONE', ( #6332, #6099, #9238, #1650 ) ) ;
#8394 = DIRECTION ( 'NONE',  ( -1.000000000000000000, -1.137523590804463822E-16, 0.000000000000000000 ) ) ;
#8395 = CARTESIAN_POINT ( 'NONE',  ( -18.83622370774343935, -25.00401506222712555, 5.700000000000001066 ) ) ;
#8396 = DIRECTION ( 'NONE',  ( -1.000000000000000000, -6.938893903907222067E-15, 0.000000000000000000 ) ) ;
#8397 = EDGE_CURVE ( 'NONE', #8141, #9408, #9782, .T. ) ;
#8398 = DIRECTION ( 'NONE',  ( -0.000000000000000000, -0.000000000000000000, 1.000000000000000000 ) ) ;
#8399 = EDGE_LOOP ( 'NONE', ( #8926, #2715, #7180, #2018, #703 ) ) ;
#8400 = EDGE_CURVE ( 'NONE', #8887, #9099, #1780, .T. ) ;
#8401 = CIRCLE ( 'NONE', #4014, 0.2999999999999978240 ) ;
#8402 = DIRECTION ( 'NONE',  ( -0.000000000000000000, -0.000000000000000000, 1.000000000000000000 ) ) ;
#8403 = CIRCLE ( 'NONE', #1340, 0.5000000000000004441 ) ;
#8404 = AXIS2_PLACEMENT_3D ( 'NONE', #4535, #8176, #3638 ) ;
#8405 = DIRECTION ( 'NONE',  ( 0.000000000000000000, -1.000000000000000000, 1.084202172485504434E-16 ) ) ;
#8406 = AXIS2_PLACEMENT_3D ( 'NONE', #6822, #3863, #8516 ) ;
#8407 = DIRECTION ( 'NONE',  ( -1.000000000000000000, 0.000000000000000000, 0.000000000000000000 ) ) ;
#8408 = DIRECTION ( 'NONE',  ( -0.000000000000000000, 0.000000000000000000, 1.000000000000000000 ) ) ;
#8409 = EDGE_LOOP ( 'NONE', ( #5116, #118, #1093, #1274 ) ) ;
#8410 = DIRECTION ( 'NONE',  ( 1.000000000000000000, -0.000000000000000000, -0.000000000000000000 ) ) ;
#8411 = CARTESIAN_POINT ( 'NONE',  ( -31.10932988041732017, -28.20116070374750805, 22.26643338004470962 ) ) ;
#8412 = CIRCLE ( 'NONE', #4784, 27.84471522829317536 ) ;
#8413 = FACE_OUTER_BOUND ( 'NONE', #911, .T. ) ;
#8414 = EDGE_CURVE ( 'NONE', #11532, #835, #10526, .T. ) ;
#8415 = DIRECTION ( 'NONE',  ( 0.000000000000000000, 0.000000000000000000, -1.000000000000000000 ) ) ;
#8416 = VERTEX_POINT ( 'NONE', #3420 ) ;
#8417 = EDGE_CURVE ( 'NONE', #7319, #11769, #8635, .T. ) ;
#8418 = VECTOR ( 'NONE', #229, 1000.000000000000000 ) ;
#8419 = DIRECTION ( 'NONE',  ( -0.000000000000000000, -0.000000000000000000, 1.000000000000000000 ) ) ;
#8420 = ORIENTED_EDGE ( 'NONE', *, *, #4099, .F. ) ;
#8421 = LINE ( 'NONE', #1304, #3793 ) ;
#8422 = AXIS2_PLACEMENT_3D ( 'NONE', #165, #3790, #7429 ) ;
#8423 = DIRECTION ( 'NONE',  ( 1.000000000000000000, 0.000000000000000000, 0.000000000000000000 ) ) ;
#8424 = CARTESIAN_POINT ( 'NONE',  ( -31.49999999999997868, 6.873545414602046044, 5.311283072019664431 ) ) ;
#8425 = AXIS2_PLACEMENT_3D ( 'NONE', #7350, #1731, #6319 ) ;
#8426 = CARTESIAN_POINT ( 'NONE',  ( -22.15126265847086628, 24.75126265846941820, -37.50000000000001421 ) ) ;
#8427 = CARTESIAN_POINT ( 'NONE',  ( 30.00000000000001066, 8.130517918508747499, 5.500000000000000000 ) ) ;
#8428 = ORIENTED_EDGE ( 'NONE', *, *, #11450, .T. ) ;
#8429 = CARTESIAN_POINT ( 'NONE',  ( -33.74119492968286949, -28.75880507031791922, 0.7974179754000575437 ) ) ;
#8430 = CARTESIAN_POINT ( 'NONE',  ( 37.80000000000000426, -37.49999999999999289, 14.00000000000000178 ) ) ;
#8431 = VECTOR ( 'NONE', #11752, 1000.000000000000000 ) ;
#8432 = ORIENTED_EDGE ( 'NONE', *, *, #1602, .F. ) ;
#8433 = DIRECTION ( 'NONE',  ( 0.000000000000000000, 0.000000000000000000, 1.000000000000000000 ) ) ;
#8434 = EDGE_LOOP ( 'NONE', ( #2598, #2317, #1641, #8511 ) ) ;
#8435 = VECTOR ( 'NONE', #2329, 1000.000000000000000 ) ;
#8436 = CIRCLE ( 'NONE', #7673, 1.000000000000000888 ) ;
#8437 = CARTESIAN_POINT ( 'NONE',  ( 49.50000000000000711, -37.49999999999999289, 45.00000000000000711 ) ) ;
#8438 = CARTESIAN_POINT ( 'NONE',  ( 21.48033429508655345, 17.71788375388184278, 4.000000000000000000 ) ) ;
#8439 = CIRCLE ( 'NONE', #434, 0.5000000000000004441 ) ;
#8440 = B_SPLINE_CURVE_WITH_KNOTS ( 'NONE', 3,
 ( #3426, #5553, #9825, #4386, #7140, #10773 ),
 .UNSPECIFIED., .F., .F.,
 ( 4, 2, 4 ),
 ( -6.324919218886470208E-06, 0.0002088039529922663994, 0.0004239328252034192343 ),
 .UNSPECIFIED. ) ;
#8441 = ORIENTED_EDGE ( 'NONE', *, *, #4692, .F. ) ;
#8442 = EDGE_LOOP ( 'NONE', ( #6994, #7918, #1474, #5244, #3204 ) ) ;
#8443 = FACE_OUTER_BOUND ( 'NONE', #7622, .T. ) ;
#8444 = FACE_BOUND ( 'NONE', #2909, .T. ) ;
#8445 = ORIENTED_EDGE ( 'NONE', *, *, #2795, .F. ) ;
#8446 = CARTESIAN_POINT ( 'NONE',  ( -19.39069158978332652, 26.64689772753412100, 4.000000000000000000 ) ) ;
#8447 = AXIS2_PLACEMENT_3D ( 'NONE', #11266, #249, #1084 ) ;
#8448 = CIRCLE ( 'NONE', #5388, 2.599999999999998312 ) ;
#8449 = CIRCLE ( 'NONE', #262, 0.3000000000000016542 ) ;
#8450 = CARTESIAN_POINT ( 'NONE',  ( 0.000000000000000000, 0.000000000000000000, 3.000000000000000000 ) ) ;
#8451 = VERTEX_POINT ( 'NONE', #1690 ) ;
#8452 = CARTESIAN_POINT ( 'NONE',  ( 20.00000000000001421, -33.79999999999999716, 27.00000000000000355 ) ) ;
#8453 = EDGE_CURVE ( 'NONE', #2609, #2047, #5463, .T. ) ;
#8454 = AXIS2_PLACEMENT_3D ( 'NONE', #1657, #7868, #6123 ) ;
#8455 = CIRCLE ( 'NONE', #7869, 3.500000000000003109 ) ;
#8456 = ORIENTED_EDGE ( 'NONE', *, *, #1118, .F. ) ;
#8457 = CIRCLE ( 'NONE', #645, 25.25000000000000355 ) ;
#8458 = VERTEX_POINT ( 'NONE', #9819 ) ;
#8459 = CARTESIAN_POINT ( 'NONE',  ( -19.65279073408925470, -32.49698432904279599, 5.833410975420078692 ) ) ;
#8460 = VERTEX_POINT ( 'NONE', #10702 ) ;
#8461 = CARTESIAN_POINT ( 'NONE',  ( -27.35126265847086913, 24.75126265846941820, 0.1999999999999987899 ) ) ;
#8462 = AXIS2_PLACEMENT_3D ( 'NONE', #11413, #5976, #233 ) ;
#8463 = DIRECTION ( 'NONE',  ( -1.000000000000000000, 0.000000000000000000, 0.000000000000000000 ) ) ;
#8464 = CIRCLE ( 'NONE', #811, 0.5000000000000011102 ) ;
#8465 = DIRECTION ( 'NONE',  ( -6.120550899367223059E-14, 1.000000000000000000, -0.000000000000000000 ) ) ;
#8466 = VERTEX_POINT ( 'NONE', #8966 ) ;
#8467 = CIRCLE ( 'NONE', #8649, 3.200000000000001510 ) ;
#8468 = LINE ( 'NONE', #400, #7494 ) ;
#8469 = EDGE_CURVE ( 'NONE', #4748, #10630, #8457, .T. ) ;
#8470 = EDGE_CURVE ( 'NONE', #8578, #7606, #7882, .T. ) ;
#8471 = ADVANCED_FACE ( 'NONE', ( #7133 ), #9638, .T. ) ;
#8472 = ADVANCED_FACE ( 'NONE', ( #2828 ), #7245, .F. ) ;
#8473 = FACE_OUTER_BOUND ( 'NONE', #6864, .T. ) ;
#8474 = EDGE_CURVE ( 'NONE', #2901, #8416, #3602, .T. ) ;
#8475 = AXIS2_PLACEMENT_3D ( 'NONE', #2204, #9603, #1360 ) ;
#8476 = FACE_OUTER_BOUND ( 'NONE', #6951, .T. ) ;
#8477 = ORIENTED_EDGE ( 'NONE', *, *, #5814, .F. ) ;
#8478 = DIRECTION ( 'NONE',  ( -0.9998807966666667379, -0.01543996299320504230, 0.000000000000000000 ) ) ;
#8479 = CARTESIAN_POINT ( 'NONE',  ( 50.00000000000000711, -28.49999999999999645, 50.00000000000000000 ) ) ;
#8480 = LINE ( 'NONE', #10429, #9999 ) ;
#8481 = CARTESIAN_POINT ( 'NONE',  ( -9.094616277432113094, -32.29999999999999716, 5.700000000000000178 ) ) ;
#8482 = EDGE_LOOP ( 'NONE', ( #7082, #6401, #10471, #6883 ) ) ;
#8483 = CARTESIAN_POINT ( 'NONE',  ( 17.82432617406004738, -23.71144853936000629, 5.000000000000000000 ) ) ;
#8484 = ORIENTED_EDGE ( 'NONE', *, *, #5477, .T. ) ;
#8485 = CARTESIAN_POINT ( 'NONE',  ( -49.99999999999999289, -29.50000000000000000, 45.00000000000000711 ) ) ;
#8486 = SURFACE_STYLE_USAGE ( .BOTH. , #3890 ) ;
#8487 = EDGE_CURVE ( 'NONE', #8323, #6849, #7694, .T. ) ;
#8488 = EDGE_CURVE ( 'NONE', #3163, #3179, #453, .T. ) ;
#8489 = DIRECTION ( 'NONE',  ( 0.000000000000000000, 0.000000000000000000, -1.000000000000000000 ) ) ;
#8490 = EDGE_CURVE ( 'NONE', #11246, #8460, #2782, .T. ) ;
#8491 = PLANE ( 'NONE',  #1421 ) ;
#8492 = CARTESIAN_POINT ( 'NONE',  ( 30.08963243171788449, -37.49999999999998579, 1.000000000000000444 ) ) ;
#8493 = ORIENTED_EDGE ( 'NONE', *, *, #2199, .F. ) ;
#8494 = CARTESIAN_POINT ( 'NONE',  ( -33.13092329112735257, -29.30361506330701360, 0.5000000000000077716 ) ) ;
#8495 = AXIS2_PLACEMENT_3D ( 'NONE', #6383, #10984, #8939 ) ;
#8496 = CARTESIAN_POINT ( 'NONE',  ( -14.76172792830464253, -25.46903046661547165, 4.000000000000000000 ) ) ;
#8497 = CARTESIAN_POINT ( 'NONE',  ( 34.31067958738573509, -28.62621360840909901, 0.9963810274430551228 ) ) ;
#8498 = ORIENTED_EDGE ( 'NONE', *, *, #167, .F. ) ;
#8499 = FACE_OUTER_BOUND ( 'NONE', #7193, .T. ) ;
#8500 = DIRECTION ( 'NONE',  ( 1.000000000000000000, 0.000000000000000000, 0.000000000000000000 ) ) ;
#8501 = EDGE_LOOP ( 'NONE', ( #2101, #4636, #11415, #4465, #2613, #2449, #3249 ) ) ;
#8502 = ORIENTED_EDGE ( 'NONE', *, *, #1676, .F. ) ;
#8503 = CARTESIAN_POINT ( 'NONE',  ( -26.64689772753537511, 19.39069158978178109, 5.700000000000000178 ) ) ;
#8504 = CARTESIAN_POINT ( 'NONE',  ( 37.80000000000001137, -37.49999999999999289, 40.50000000000000000 ) ) ;
#8505 = EDGE_LOOP ( 'NONE', ( #5338, #3615, #2735, #3530 ) ) ;
#8506 = DIRECTION ( 'NONE',  ( -0.000000000000000000, -0.000000000000000000, 1.000000000000000000 ) ) ;
#8507 = CARTESIAN_POINT ( 'NONE',  ( 25.50000000000000355, 26.00000000000000711, 6.000000000000000000 ) ) ;
#8508 = ORIENTED_EDGE ( 'NONE', *, *, #8400, .T. ) ;
#8509 = CARTESIAN_POINT ( 'NONE',  ( -30.99999999999998224, 4.500000000000001776, 1.500000000000003553 ) ) ;
#8510 = VERTEX_POINT ( 'NONE', #1935 ) ;
#8511 = ORIENTED_EDGE ( 'NONE', *, *, #4692, .T. ) ;
#8512 = CARTESIAN_POINT ( 'NONE',  ( -30.49999999999997513, 6.873545414601761827, 5.311283072019725715 ) ) ;
#8513 = EDGE_LOOP ( 'NONE', ( #6093, #7861, #11224, #8554 ) ) ;
#8514 = DIRECTION ( 'NONE',  ( 0.000000000000000000, 0.000000000000000000, -1.000000000000000000 ) ) ;
#8515 = CARTESIAN_POINT ( 'NONE',  ( -19.77736307097675450, -29.99453322265798150, 5.700000000000001066 ) ) ;
#8516 = DIRECTION ( 'NONE',  ( -1.000000000000000000, 0.000000000000000000, 0.000000000000000000 ) ) ;
#8517 = ORIENTED_EDGE ( 'NONE', *, *, #9500, .F. ) ;
#8518 = DIRECTION ( 'NONE',  ( 0.000000000000000000, -0.4370537414983364788, -0.8994353934787675531 ) ) ;
#8519 = CARTESIAN_POINT ( 'NONE',  ( 31.49999999999997868, -27.99999999999999645, 22.81294424401309229 ) ) ;
#8520 = CARTESIAN_POINT ( 'NONE',  ( -24.99999999999999289, -32.79999999999999716, 50.00000000000000000 ) ) ;
#8521 = ORIENTED_EDGE ( 'NONE', *, *, #1779, .F. ) ;
#8522 = CARTESIAN_POINT ( 'NONE',  ( -26.34065101359200511, -37.00000000000000000, 1.000000000000000888 ) ) ;
#8523 = CARTESIAN_POINT ( 'NONE',  ( -30.48917469915930667, 7.323380584616599798, 0.6122867830971714387 ) ) ;
#8524 = CARTESIAN_POINT ( 'NONE',  ( -27.58294234767780040, -11.88379308764551467, 6.000000000000000000 ) ) ;
#8525 = EDGE_CURVE ( 'NONE', #4800, #4510, #2167, .T. ) ;
#8526 = EDGE_CURVE ( 'NONE', #5490, #3135, #9032, .T. ) ;
#8527 = CARTESIAN_POINT ( 'NONE',  ( -30.49999999999997513, 9.383656136291353533, 0.7286134613790758996 ) ) ;
#8528 = ORIENTED_EDGE ( 'NONE', *, *, #1143, .T. ) ;
#8529 = CARTESIAN_POINT ( 'NONE',  ( 30.22500549483223864, 6.965246764199668483, 6.000000000000000000 ) ) ;
#8530 = CARTESIAN_POINT ( 'NONE',  ( 11.88379308764715780, 27.58294234767709696, 6.000000000000000000 ) ) ;
#8531 = DIRECTION ( 'NONE',  ( 0.000000000000000000, 0.000000000000000000, -1.000000000000000000 ) ) ;
#8532 = CARTESIAN_POINT ( 'NONE',  ( -11.88379308764716136, 26.28294234767709270, 4.000000000000000000 ) ) ;
#8533 = DIRECTION ( 'NONE',  ( 0.000000000000000000, 0.000000000000000000, 1.000000000000000000 ) ) ;
#8534 = ORIENTED_EDGE ( 'NONE', *, *, #2649, .F. ) ;
#8535 = DIRECTION ( 'NONE',  ( -0.000000000000000000, -0.8994353934787676641, 0.4370537414983365343 ) ) ;
#8536 = CARTESIAN_POINT ( 'NONE',  ( -24.75126265847086771, 24.75126265846941820, 5.799999999999999822 ) ) ;
#8537 = DIRECTION ( 'NONE',  ( -1.000000000000000000, 0.000000000000000000, 0.000000000000000000 ) ) ;
#8538 = DIRECTION ( 'NONE',  ( -0.000000000000000000, -0.000000000000000000, 1.000000000000000000 ) ) ;
#8539 = VERTEX_POINT ( 'NONE', #6344 ) ;
#8540 = EDGE_CURVE ( 'NONE', #11246, #10782, #3301, .T. ) ;
#8541 = EDGE_CURVE ( 'NONE', #243, #322, #3695, .T. ) ;
#8542 = EDGE_CURVE ( 'NONE', #3781, #8822, #8938, .T. ) ;
#8543 = AXIS2_PLACEMENT_3D ( 'NONE', #3391, #6011, #5113 ) ;
#8544 = CARTESIAN_POINT ( 'NONE',  ( -21.82807647903734605, 18.53459485037958387, 5.700000000000000178 ) ) ;
#8545 = DIRECTION ( 'NONE',  ( 0.000000000000000000, 0.000000000000000000, 1.000000000000000000 ) ) ;
#8546 = VERTEX_POINT ( 'NONE', #8086 ) ;
#8547 = ORIENTED_EDGE ( 'NONE', *, *, #11304, .F. ) ;
#8548 = DIRECTION ( 'NONE',  ( 0.000000000000000000, 0.000000000000000000, -1.000000000000000000 ) ) ;
#8549 = CARTESIAN_POINT ( 'NONE',  ( -49.99999999999999289, -29.50000000000000000, 10.50000000000000533 ) ) ;
#8550 = EDGE_LOOP ( 'NONE', ( #8390, #8314, #4728, #5437 ) ) ;
#8551 = CARTESIAN_POINT ( 'NONE',  ( 32.95546858016815861, 5.421697411994464311, 6.016765206953583522 ) ) ;
#8552 = ADVANCED_FACE ( 'NONE', ( #4676 ), #1035, .T. ) ;
#8553 = DIRECTION ( 'NONE',  ( 0.000000000000000000, 0.000000000000000000, 1.000000000000000000 ) ) ;
#8554 = ORIENTED_EDGE ( 'NONE', *, *, #2099, .F. ) ;
#8555 = LINE ( 'NONE', #10142, #6456 ) ;
#8556 = CARTESIAN_POINT ( 'NONE',  ( 26.34065101359201222, -37.00000000000000000, 1.000000000000000888 ) ) ;
#8557 = VECTOR ( 'NONE', #9637, 1000.000000000000000 ) ;
#8558 = ORIENTED_EDGE ( 'NONE', *, *, #6487, .T. ) ;
#8559 = VERTEX_POINT ( 'NONE', #7312 ) ;
#8560 = CARTESIAN_POINT ( 'NONE',  ( -10.39816519068724965, -32.64857796392971068, 6.069396129941010187 ) ) ;
#8561 = ORIENTED_EDGE ( 'NONE', *, *, #9428, .T. ) ;
#8562 = DIRECTION ( 'NONE',  ( -1.000000000000000000, 0.000000000000000000, 0.000000000000000000 ) ) ;
#8563 = CARTESIAN_POINT ( 'NONE',  ( 26.64689772753528274, 19.39069158978175977, 4.000000000000000000 ) ) ;
#8564 = AXIS2_PLACEMENT_3D ( 'NONE', #6687, #1153, #10337 ) ;
#8565 = DIRECTION ( 'NONE',  ( 0.000000000000000000, 0.000000000000000000, -1.000000000000000000 ) ) ;
#8566 = VERTEX_POINT ( 'NONE', #98 ) ;
#8567 = CARTESIAN_POINT ( 'NONE',  ( 32.99999999999997868, 4.500000000000001776, 1.500000000000003553 ) ) ;
#8568 = AXIS2_PLACEMENT_3D ( 'NONE', #10670, #715, #660 ) ;
#8569 = ORIENTED_EDGE ( 'NONE', *, *, #727, .T. ) ;
#8570 = FACE_OUTER_BOUND ( 'NONE', #10583, .T. ) ;
#8571 = LINE ( 'NONE', #9423, #3299 ) ;
#8572 = EDGE_LOOP ( 'NONE', ( #8645, #11191, #10594, #4283 ) ) ;
#8573 = CARTESIAN_POINT ( 'NONE',  ( -26.34065101359200511, -37.00000000000000000, 49.50000000000000000 ) ) ;
#8574 = CARTESIAN_POINT ( 'NONE',  ( 30.35342133341034909, -28.64646922948987040, 21.28750090350187918 ) ) ;
#8576 = AXIS2_PLACEMENT_3D ( 'NONE', #9324, #2888, #1994 ) ;
#8575 = CARTESIAN_POINT ( 'NONE',  ( -11.88379308764716136, 26.28294234767709270, 5.700000000000000178 ) ) ;
#8577 = DIRECTION ( 'NONE',  ( 1.000000000000000000, 0.000000000000000000, 0.000000000000000000 ) ) ;
#8578 = VERTEX_POINT ( 'NONE', #8320 ) ;
#8579 = AXIS2_PLACEMENT_3D ( 'NONE', #3159, #194, #1485 ) ;
#8580 = CARTESIAN_POINT ( 'NONE',  ( 45.00000000000000711, -37.49999999999999289, 49.50000000000000000 ) ) ;
#8581 = DIRECTION ( 'NONE',  ( 0.000000000000000000, 0.000000000000000000, -1.000000000000000000 ) ) ;
#8582 = AXIS2_PLACEMENT_3D ( 'NONE', #5164, #7020, #7803 ) ;
#8583 = CARTESIAN_POINT ( 'NONE',  ( 19.00000000000001421, -33.79999999999999716, 44.00000000000000711 ) ) ;
#8584 = CIRCLE ( 'NONE', #10308, 0.9999999999999998890 ) ;
#8585 = ADVANCED_FACE ( 'NONE', ( #11726 ), #154, .F. ) ;
#8586 = EDGE_CURVE ( 'NONE', #5635, #3237, #4464, .T. ) ;
#8587 = AXIS2_PLACEMENT_3D ( 'NONE', #9846, #7277, #10034 ) ;
#8588 = CARTESIAN_POINT ( 'NONE',  ( 33.99999999999997868, 7.500000000000001776, 0.5000000000000029976 ) ) ;
#8589 = CARTESIAN_POINT ( 'NONE',  ( 30.49999999999997868, -37.08954612507871218, 0.5000000000000082157 ) ) ;
#8590 = VERTEX_POINT ( 'NONE', #2893 ) ;
#8591 = CARTESIAN_POINT ( 'NONE',  ( -33.16363660716267248, -29.33636339283296834, 0.5000000000034101610 ) ) ;
#8592 = CARTESIAN_POINT ( 'NONE',  ( 50.00000000000000711, -29.50000000000000000, 45.00000000000000711 ) ) ;
#8593 = AXIS2_PLACEMENT_3D ( 'NONE', #1005, #6474, #3861 ) ;
#8594 = FACE_OUTER_BOUND ( 'NONE', #10129, .T. ) ;
#8595 = CARTESIAN_POINT ( 'NONE',  ( 18.82420381369167472, -23.72709161337618156, 6.000000000000000000 ) ) ;
#8596 = VERTEX_POINT ( 'NONE', #9035 ) ;
#8597 = AXIS2_PLACEMENT_3D ( 'NONE', #2369, #5221, #5993 ) ;
#8598 = VECTOR ( 'NONE', #8655, 1000.000000000000114 ) ;
#8600 = ADVANCED_FACE ( 'NONE', ( #6524 ), #10180, .F. ) ;
#8599 = DIRECTION ( 'NONE',  ( 1.000000000000000000, 0.000000000000000000, 0.000000000000000000 ) ) ;
#8601 = CARTESIAN_POINT ( 'NONE',  ( 33.58578643762688642, -28.62132034355964194, 0.5000000000000077716 ) ) ;
#8602 = ADVANCED_FACE ( 'NONE', ( #2654 ), #6275, .F. ) ;
#8603 = EDGE_LOOP ( 'NONE', ( #11187, #5884, #2834, #5984 ) ) ;
#8604 = EDGE_CURVE ( 'NONE', #4007, #6961, #1986, .T. ) ;
#8605 = TOROIDAL_SURFACE ( 'NONE', #2308, 2.799999999999998934, 0.2000000000000000111 ) ;
#8606 = EDGE_LOOP ( 'NONE', ( #11472, #6777, #2873, #1277 ) ) ;
#8607 = CARTESIAN_POINT ( 'NONE',  ( 25.37175490347320306, -11.47180104703812908, 4.000000000000000000 ) ) ;
#8608 = DIRECTION ( 'NONE',  ( 0.000000000000000000, 0.000000000000000000, 1.000000000000000000 ) ) ;
#8609 = ORIENTED_EDGE ( 'NONE', *, *, #2138, .F. ) ;
#8610 = EDGE_CURVE ( 'NONE', #7653, #9345, #3906, .T. ) ;
#8611 = CARTESIAN_POINT ( 'NONE',  ( 33.93320287025153448, 5.226965505743645046, 5.117329813474917444 ) ) ;
#8612 = EDGE_CURVE ( 'NONE', #1022, #1075, #7649, .T. ) ;
#8613 = FACE_OUTER_BOUND ( 'NONE', #9277, .T. ) ;
#8614 = CARTESIAN_POINT ( 'NONE',  ( 0.000000000000000000, -32.85872636749531495, 5.855295988587709388 ) ) ;
#8615 = ORIENTED_EDGE ( 'NONE', *, *, #3264, .T. ) ;
#8616 = VECTOR ( 'NONE', #5412, 1000.000000000000000 ) ;
#8617 = DIRECTION ( 'NONE',  ( 0.000000000000000000, 0.000000000000000000, 1.000000000000000000 ) ) ;
#8618 = CARTESIAN_POINT ( 'NONE',  ( -25.80434271339855457, -32.82602732536753365, 49.26174788927426107 ) ) ;
#8619 = ORIENTED_EDGE ( 'NONE', *, *, #6581, .F. ) ;
#8620 = AXIS2_PLACEMENT_3D ( 'NONE', #1699, #5328, #9209 ) ;
#8621 = ORIENTED_EDGE ( 'NONE', *, *, #11226, .T. ) ;
#8622 = CIRCLE ( 'NONE', #1571, 0.5000000000000000000 ) ;
#8623 = EDGE_CURVE ( 'NONE', #5278, #7145, #10192, .T. ) ;
#8624 = CIRCLE ( 'NONE', #4628, 0.9999999999999998890 ) ;
#8625 = DIRECTION ( 'NONE',  ( -1.000000000000000000, 0.000000000000000000, 0.000000000000000000 ) ) ;
#8626 = EDGE_LOOP ( 'NONE', ( #11614, #9749, #8912, #764 ) ) ;
#8627 = LINE ( 'NONE', #8981, #1351 ) ;
#8628 = CARTESIAN_POINT ( 'NONE',  ( 31.09997752789393388, -28.49999999999999645, 22.76816787658406938 ) ) ;
#8629 = DIRECTION ( 'NONE',  ( -1.000000000000000000, 0.000000000000000000, 0.000000000000000000 ) ) ;
#8630 = EDGE_LOOP ( 'NONE', ( #10779, #6402, #990, #3994 ) ) ;
#8631 = CIRCLE ( 'NONE', #70, 3.000000000000002665 ) ;
#8632 = CIRCLE ( 'NONE', #8263, 10.00000000000000178 ) ;
#8633 = DIRECTION ( 'NONE',  ( 0.000000000000000000, 0.000000000000000000, -1.000000000000000000 ) ) ;
#8634 =( BOUNDED_SURFACE ( )  B_SPLINE_SURFACE ( 3, 2, ( 
 ( #1275, #4896, #6528 ),
 ( #11295, #5842, #437 ),
 ( #7715, #11357, #5625 ),
 ( #9279, #4731, #2960 ),
 ( #213, #6590, #10239 ),
 ( #2055, #2282, #10575 ) ),
 .UNSPECIFIED., .F., .F., .F. ) 
 B_SPLINE_SURFACE_WITH_KNOTS ( ( 4, 2, 4 ),
 ( 3, 3 ),
 ( 0.0002425218489671689896, 0.0006261070399169128614, 0.001009692230866656706 ),
 ( 0.000000000000000000, 0.5280919194723689980 ),
 .UNSPECIFIED. ) 
 GEOMETRIC_REPRESENTATION_ITEM ( )  RATIONAL_B_SPLINE_SURFACE ( (
 ( 1.000000000000000000, 0.9956155451291258673, 0.9958618806354515574),
 ( 1.000000000000000000, 0.9915449523177145563, 0.9920199893549661585),
 ( 1.000000000000000000, 0.9855010241456947373, 0.9863156322699566658),
 ( 1.000000000000000000, 0.9729146038835597698, 0.9744363654167202959),
 ( 1.000000000000000000, 0.9661993822408099231, 0.9680984307052250548),
 ( 1.000000000000000000, 0.9598391227750660004, 0.9620955150329510985) ) ) 
 REPRESENTATION_ITEM ( '' )  SURFACE ( )  );
#8635 = CIRCLE ( 'NONE', #6542, 0.5000000000000004441 ) ;
#8636 = VERTEX_POINT ( 'NONE', #4944 ) ;
#8637 = AXIS2_PLACEMENT_3D ( 'NONE', #3447, #6970, #10606 ) ;
#8638 = CIRCLE ( 'NONE', #11312, 2.600000000000001421 ) ;
#8639 = CARTESIAN_POINT ( 'NONE',  ( 30.47823538093052775, -37.25481512477865920, 0.3375575318794007407 ) ) ;
#8640 = ORIENTED_EDGE ( 'NONE', *, *, #1779, .T. ) ;
#8641 = CARTESIAN_POINT ( 'NONE',  ( 9.783109244490459488, -32.79999999999948557, 6.101824989329877269 ) ) ;
#8642 = VECTOR ( 'NONE', #9328, 1000.000000000000000 ) ;
#8643 = CARTESIAN_POINT ( 'NONE',  ( -19.32876848302977280, -26.86336609748697768, 6.000000000000000000 ) ) ;
#8644 = CYLINDRICAL_SURFACE ( 'NONE', #29, 0.5000000000000004441 ) ;
#8645 = ORIENTED_EDGE ( 'NONE', *, *, #11771, .F. ) ;
#8646 = CARTESIAN_POINT ( 'NONE',  ( -26.28294234767779969, 11.88379308764559106, 6.000000000000000000 ) ) ;
#8647 = CARTESIAN_POINT ( 'NONE',  ( 26.19379070361168971, -33.29638102402546451, 49.87378639017529736 ) ) ;
#8648 = CARTESIAN_POINT ( 'NONE',  ( -24.09389133424059537, 18.81331172321356249, 4.000000000000000000 ) ) ;
#8649 = AXIS2_PLACEMENT_3D ( 'NONE', #4680, #7371, #5322 ) ;
#8650 = UNCERTAINTY_MEASURE_WITH_UNIT (LENGTH_MEASURE( 1.000000000000000082E-05 ), #10928, 'distance_accuracy_value', 'NONE');
#8651 = CARTESIAN_POINT ( 'NONE',  ( 41.00000000000000711, -37.29999999999999005, 14.00000000000000178 ) ) ;
#8652 = CARTESIAN_POINT ( 'NONE',  ( -30.65068364740773532, -28.52922572838352977, 22.45399354467541286 ) ) ;
#8653 = CARTESIAN_POINT ( 'NONE',  ( 0.000000000000000000, 0.000000000000000000, 6.000000000000000000 ) ) ;
#8654 = EDGE_LOOP ( 'NONE', ( #9679, #3999, #268, #11376 ) ) ;
#8655 = DIRECTION ( 'NONE',  ( 0.7071067811865474617, 0.7071067811865474617, -0.000000000000000000 ) ) ;
#8656 = FACE_OUTER_BOUND ( 'NONE', #6816, .T. ) ;
#8657 = LINE ( 'NONE', #992, #1363 ) ;
#8658 = EDGE_LOOP ( 'NONE', ( #5250, #11145, #9115, #11132 ) ) ;
#8659 = CIRCLE ( 'NONE', #9421, 0.5000000000000004441 ) ;
#8660 = CARTESIAN_POINT ( 'NONE',  ( 25.91927170679477044, -19.18495017097017197, 4.000000000000000000 ) ) ;
#8661 = CARTESIAN_POINT ( 'NONE',  ( -30.35342133341494630, -28.64646922948526964, 21.38746933638509518 ) ) ;
#8662 = CARTESIAN_POINT ( 'NONE',  ( 30.49999999999997868, 2.139175515927377536, 6.500000000000000888 ) ) ;
#8663 = VERTEX_POINT ( 'NONE', #7542 ) ;
#8664 = CARTESIAN_POINT ( 'NONE',  ( -33.87867965644034030, -28.91421356237309581, 0.5000000000000075495 ) ) ;
#8665 = TOROIDAL_SURFACE ( 'NONE', #5226, 0.7999999999999999334, 0.2999999999999999889 ) ;
#8666 = CARTESIAN_POINT ( 'NONE',  ( 26.54775779477856545, -37.00000000000000000, 0.5000000000000000000 ) ) ;
#8667 = CARTESIAN_POINT ( 'NONE',  ( -10.93106271074191049, -28.84834246511107381, 6.000000000002200906 ) ) ;
#8668 = VERTEX_POINT ( 'NONE', #3003 ) ;
#8669 = CARTESIAN_POINT ( 'NONE',  ( -34.02781867282163120, -28.50000000000000000, 21.30028324192916855 ) ) ;
#8670 = CARTESIAN_POINT ( 'NONE',  ( 21.86605083265883920, 18.03603898744442446, 5.700000000000000178 ) ) ;
#8671 = EDGE_CURVE ( 'NONE', #10625, #1184, #1100, .T. ) ;
#8672 = EDGE_CURVE ( 'NONE', #3135, #6618, #3891, .T. ) ;
#8673 = DIRECTION ( 'NONE',  ( 1.000000000000000000, 0.000000000000000000, 0.000000000000000000 ) ) ;
#8674 = ORIENTED_EDGE ( 'NONE', *, *, #11586, .T. ) ;
#8675 = AXIS2_PLACEMENT_3D ( 'NONE', #10063, #9229, #2010 ) ;
#8676 = LINE ( 'NONE', #504, #953 ) ;
#8677 = CARTESIAN_POINT ( 'NONE',  ( -40.99999999999998579, -37.29999999999999716, 40.50000000000000000 ) ) ;
#8678 = ADVANCED_FACE ( 'NONE', ( #11291 ), #1154, .F. ) ;
#8679 = ORIENTED_EDGE ( 'NONE', *, *, #30, .F. ) ;
#8680 = VERTEX_POINT ( 'NONE', #2169 ) ;
#8681 = DIRECTION ( 'NONE',  ( 0.000000000000000000, 0.000000000000000000, 1.000000000000000000 ) ) ;
#8682 = DIRECTION ( 'NONE',  ( 0.000000000000000000, 0.000000000000000000, -1.000000000000000000 ) ) ;
#8683 = ORIENTED_EDGE ( 'NONE', *, *, #3741, .T. ) ;
#8684 = DIRECTION ( 'NONE',  ( 0.7068426668207389296, -0.7073707969387383887, 0.000000000000000000 ) ) ;
#8685 = DIRECTION ( 'NONE',  ( -6.120550899367223059E-14, -1.000000000000000000, -0.000000000000000000 ) ) ;
#8686 = CARTESIAN_POINT ( 'NONE',  ( 21.80529186682036524, 18.83372836813732221, 6.000000000000000000 ) ) ;
#8687 = ORIENTED_EDGE ( 'NONE', *, *, #2794, .F. ) ;
#8688 = B_SPLINE_CURVE_WITH_KNOTS ( 'NONE', 3,
 ( #3153, #10263, #4763, #8523, #11207, #3816, #3880, #7520, #350, #6782, #6561, #7624, #8356, #11160, #5650, #2981, #410, #2203 ),
 .UNSPECIFIED., .F., .F.,
 ( 4, 2, 2, 2, 2, 2, 2, 2, 4 ),
 ( 0.000000000000000000, 0.0004480078253026310809, 0.0008960156506052621619, 0.001344023475907890966, 0.001792031301210519553, 0.002240039126513148141, 0.002688046951815777161, 0.003136054777118405315, 0.003584062602421034336 ),
 .UNSPECIFIED. ) ;
#8689 = CARTESIAN_POINT ( 'NONE',  ( -25.78780555777533934, 19.45953934035973276, 5.999999999999999112 ) ) ;
#8690 = EDGE_CURVE ( 'NONE', #3432, #10908, #372, .T. ) ;
#8691 = EDGE_CURVE ( 'NONE', #5486, #5686, #2553, .T. ) ;
#8692 = EDGE_CURVE ( 'NONE', #8596, #10021, #7711, .T. ) ;
#8693 = ORIENTED_EDGE ( 'NONE', *, *, #10721, .T. ) ;
#8694 = DIRECTION ( 'NONE',  ( -1.000000000000000000, 0.000000000000000000, 0.000000000000000000 ) ) ;
#8695 = CARTESIAN_POINT ( 'NONE',  ( 30.48981145919279356, -28.59213628822093156, 22.15616642253923274 ) ) ;
#8696 = VERTEX_POINT ( 'NONE', #8438 ) ;
#8697 = DIRECTION ( 'NONE',  ( -0.000000000000000000, -0.000000000000000000, 1.000000000000000000 ) ) ;
#8698 = CARTESIAN_POINT ( 'NONE',  ( -30.35342133341034909, -28.64646922948985619, 21.28750090350186852 ) ) ;
#8699 = AXIS2_PLACEMENT_3D ( 'NONE', #3025, #3240, #3929 ) ;
#8700 = DIRECTION ( 'NONE',  ( -1.000000000000000000, 0.000000000000000000, 0.000000000000000000 ) ) ;
#8701 = DIRECTION ( 'NONE',  ( -1.137523590804463822E-16, 1.000000000000000000, 0.000000000000000000 ) ) ;
#8702 = ORIENTED_EDGE ( 'NONE', *, *, #7175, .F. ) ;
#8703 = DIRECTION ( 'NONE',  ( -0.000000000000000000, -0.000000000000000000, 1.000000000000000000 ) ) ;
#8704 = ADVANCED_FACE ( 'NONE', ( #11183 ), #10397, .T. ) ;
#8705 = CARTESIAN_POINT ( 'NONE',  ( 26.19678717822401381, -32.79999999999274962, 49.10816262273576172 ) ) ;
#8706 = DIRECTION ( 'NONE',  ( 1.000000000000000000, -0.000000000000000000, -0.000000000000000000 ) ) ;
#8707 = DIRECTION ( 'NONE',  ( 0.000000000000000000, 0.000000000000000000, -1.000000000000000000 ) ) ;
#8708 = CARTESIAN_POINT ( 'NONE',  ( -30.83128419885217752, -28.48164064870491075, 22.22462322425963066 ) ) ;
#8709 = DIRECTION ( 'NONE',  ( -0.000000000000000000, -0.000000000000000000, 1.000000000000000000 ) ) ;
#8710 = ORIENTED_EDGE ( 'NONE', *, *, #3591, .F. ) ;
#8711 = CARTESIAN_POINT ( 'NONE',  ( -33.99999999999997868, -27.99999999999999645, 1.500000000000006217 ) ) ;
#8712 = DIRECTION ( 'NONE',  ( 1.000000000000000000, 0.000000000000000000, 0.000000000000000000 ) ) ;
#8713 = CARTESIAN_POINT ( 'NONE',  ( -10.11252713921788171, -32.63617833426919645, 6.070868050414791384 ) ) ;
#8714 = DIRECTION ( 'NONE',  ( 0.000000000000000000, 0.000000000000000000, 1.000000000000000000 ) ) ;
#8715 = ORIENTED_EDGE ( 'NONE', *, *, #30, .T. ) ;
#8716 = LINE ( 'NONE', #10448, #218 ) ;
#8717 = CARTESIAN_POINT ( 'NONE',  ( -9.094616277432114870, -32.29999999999999716, 6.000000000000000000 ) ) ;
#8718 = CARTESIAN_POINT ( 'NONE',  ( 17.10207363691596072, -23.01981910636216710, 4.000000000000000000 ) ) ;
#8719 = EDGE_CURVE ( 'NONE', #10107, #8840, #44, .T. ) ;
#8720 = EDGE_LOOP ( 'NONE', ( #6990, #2160, #10402 ) ) ;
#8721 = DIRECTION ( 'NONE',  ( 0.000000000000000000, 0.000000000000000000, -1.000000000000000000 ) ) ;
#8722 = CARTESIAN_POINT ( 'NONE',  ( -21.24890437254318698, -17.52699061374429590, 5.700000000000000178 ) ) ;
#8723 = DIRECTION ( 'NONE',  ( -0.000000000000000000, -1.000000000000000000, -0.000000000000000000 ) ) ;
#8724 = ORIENTED_EDGE ( 'NONE', *, *, #1246, .F. ) ;
#8725 = DIRECTION ( 'NONE',  ( 1.000000000000000000, -0.000000000000000000, -0.000000000000000000 ) ) ;
#8726 = DIRECTION ( 'NONE',  ( -1.000000000000000000, 0.000000000000000000, 0.000000000000000000 ) ) ;
#8727 = DIRECTION ( 'NONE',  ( -0.000000000000000000, -0.000000000000000000, 1.000000000000000000 ) ) ;
#8728 = ORIENTED_EDGE ( 'NONE', *, *, #8384, .F. ) ;
#8729 = CARTESIAN_POINT ( 'NONE',  ( 41.00000000000001421, -28.69999999999999574, 43.50000000000000711 ) ) ;
#8730 = DIRECTION ( 'NONE',  ( -0.000000000000000000, -0.000000000000000000, 1.000000000000000000 ) ) ;
#8731 = B_SPLINE_CURVE_WITH_KNOTS ( 'NONE', 3,
 ( #9734, #9804, #675, #9673, #1675, #6147 ),
 .UNSPECIFIED., .F., .F.,
 ( 4, 2, 4 ),
 ( 0.000000000000000000, 0.0003853807345263823717, 0.0007707614690527647434 ),
 .UNSPECIFIED. ) ;
#8732 = ORIENTED_EDGE ( 'NONE', *, *, #8967, .T. ) ;
#8733 = VECTOR ( 'NONE', #7580, 1000.000000000000000 ) ;
#8734 = ORIENTED_EDGE ( 'NONE', *, *, #2975, .F. ) ;
#8735 = ADVANCED_FACE ( 'NONE', ( #1321 ), #431, .F. ) ;
#8736 = CARTESIAN_POINT ( 'NONE',  ( -30.49999999999998224, 8.438741042631853873, 4.783717015516636195 ) ) ;
#8737 = ADVANCED_FACE ( 'NONE', ( #10451 ), #4069, .T. ) ;
#8738 = CARTESIAN_POINT ( 'NONE',  ( 0.000000000000000000, 0.000000000000000000, 0.5000000000000004441 ) ) ;
#8739 = ORIENTED_EDGE ( 'NONE', *, *, #9135, .F. ) ;
#8740 = CARTESIAN_POINT ( 'NONE',  ( -18.03603898744571410, 21.86605083265776273, 4.000000000000000000 ) ) ;
#8741 = FACE_BOUND ( 'NONE', #5504, .T. ) ;
#8742 = CARTESIAN_POINT ( 'NONE',  ( 30.31895539862092548, 8.172717290469710960, 0.8872483847510694854 ) ) ;
#8743 = VERTEX_POINT ( 'NONE', #4727 ) ;
#8744 = VECTOR ( 'NONE', #10806, 1000.000000000000000 ) ;
#8745 = CARTESIAN_POINT ( 'NONE',  ( 30.49999999999997868, 2.963777118215650930, 6.099309502229277591 ) ) ;
#8746 = ORIENTED_EDGE ( 'NONE', *, *, #9088, .T. ) ;
#8747 = CIRCLE ( 'NONE', #11418, 2.000000000000000000 ) ;
#8748 = CARTESIAN_POINT ( 'NONE',  ( -18.53459485038087706, 21.82807647903624826, 4.000000000000000000 ) ) ;
#8749 = ORIENTED_EDGE ( 'NONE', *, *, #2326, .T. ) ;
#8750 = EDGE_CURVE ( 'NONE', #3487, #10564, #1697, .T. ) ;
#8751 = CARTESIAN_POINT ( 'NONE',  ( -9.534216377564650458, -29.83251576229567448, 5.700000000000000178 ) ) ;
#8752 = ADVANCED_FACE ( 'NONE', ( #3956 ), #8083, .T. ) ;
#8753 = CARTESIAN_POINT ( 'NONE',  ( -10.15181877475458094, -32.54339063179566693, 5.850195072786422479 ) ) ;
#8754 = CARTESIAN_POINT ( 'NONE',  ( 31.37580790827881927, 5.514392395281336512, 5.971722850873999455 ) ) ;
#8755 = DIRECTION ( 'NONE',  ( 1.519465818373845562E-16, -1.000000000000000000, 0.000000000000000000 ) ) ;
#8756 = ORIENTED_EDGE ( 'NONE', *, *, #7293, .T. ) ;
#8757 = DIRECTION ( 'NONE',  ( 1.000000000000000000, 0.000000000000000000, -4.336808689942013792E-16 ) ) ;
#8758 = FACE_OUTER_BOUND ( 'NONE', #2762, .T. ) ;
#8759 = AXIS2_PLACEMENT_3D ( 'NONE', #34, #6453, #923 ) ;
#8760 = DIRECTION ( 'NONE',  ( -1.000000000000000000, -0.000000000000000000, -2.818925648461986123E-15 ) ) ;
#8761 = CARTESIAN_POINT ( 'NONE',  ( -25.49999999999997868, 26.00000000000000355, 6.000000000000000000 ) ) ;
#8762 = AXIS2_PLACEMENT_3D ( 'NONE', #920, #6334, #3478 ) ;
#8763 = CARTESIAN_POINT ( 'NONE',  ( -40.99999999999998579, 6.000000000000012434, 40.50000000000000000 ) ) ;
#8764 = CARTESIAN_POINT ( 'NONE',  ( -24.32813405079681601, -18.81287924088788444, 4.000000000000000000 ) ) ;
#8765 = VERTEX_POINT ( 'NONE', #9559 ) ;
#8766 = EDGE_CURVE ( 'NONE', #2370, #4571, #4182, .T. ) ;
#8767 = CARTESIAN_POINT ( 'NONE',  ( -33.96293178773967725, -28.53706821226134949, 1.160900029100258246 ) ) ;
#8768 = EDGE_CURVE ( 'NONE', #8305, #2312, #2519, .T. ) ;
#8769 = CARTESIAN_POINT ( 'NONE',  ( 30.57614863791058468, 7.474878886707296388, 5.650364083816157290 ) ) ;
#8770 = VECTOR ( 'NONE', #1206, 1000.000000000000000 ) ;
#8771 = CARTESIAN_POINT ( 'NONE',  ( 34.46095901037026721, -28.49999999999999645, 21.58175168665235688 ) ) ;
#8772 = CARTESIAN_POINT ( 'NONE',  ( -30.51612360056786954, -28.30769996194548455, 21.49359563289241493 ) ) ;
#8773 = ORIENTED_EDGE ( 'NONE', *, *, #3137, .F. ) ;
#8774 = CARTESIAN_POINT ( 'NONE',  ( -27.58294234767821607, -18.90955557852276669, 6.000000000000000000 ) ) ;
#8775 = AXIS2_PLACEMENT_3D ( 'NONE', #3155, #9533, #1361 ) ;
#8776 = DIRECTION ( 'NONE',  ( -0.000000000000000000, -0.000000000000000000, 1.000000000000000000 ) ) ;
#8777 = CIRCLE ( 'NONE', #10688, 10.50000000000000178 ) ;
#8778 = ORIENTED_EDGE ( 'NONE', *, *, #2572, .F. ) ;
#8779 = CARTESIAN_POINT ( 'NONE',  ( -33.94839407334162473, 5.268729662711491457, 6.091095311859142214 ) ) ;
#8780 = FACE_OUTER_BOUND ( 'NONE', #9325, .T. ) ;
#8781 = DIRECTION ( 'NONE',  ( 1.000000000000000000, 0.000000000000000000, 0.000000000000000000 ) ) ;
#8782 = EDGE_LOOP ( 'NONE', ( #10009, #4576, #4459, #4688 ) ) ;
#8783 = DIRECTION ( 'NONE',  ( 0.000000000000000000, -0.4370537414983364233, -0.8994353934787675531 ) ) ;
#8784 = AXIS2_PLACEMENT_3D ( 'NONE', #4976, #9417, #5690 ) ;
#8785 = VECTOR ( 'NONE', #2045, 999.9999999999998863 ) ;
#8786 = CYLINDRICAL_SURFACE ( 'NONE', #8462, 27.84471522829317536 ) ;
#8787 = ORIENTED_EDGE ( 'NONE', *, *, #3571, .F. ) ;
#8788 = DIRECTION ( 'NONE',  ( 0.000000000000000000, 0.000000000000000000, 1.000000000000000000 ) ) ;
#8789 = VERTEX_POINT ( 'NONE', #8662 ) ;
#8790 = AXIS2_PLACEMENT_3D ( 'NONE', #4909, #3245, #4148 ) ;
#8791 = CARTESIAN_POINT ( 'NONE',  ( 31.50000000000001421, 8.468626966596882966, 0.5000000000000027756 ) ) ;
#8792 = DIRECTION ( 'NONE',  ( -1.000000000000000000, 0.000000000000000000, 0.000000000000000000 ) ) ;
#8793 = CIRCLE ( 'NONE', #5727, 27.00000000000000000 ) ;
#8794 = AXIS2_PLACEMENT_3D ( 'NONE', #2217, #367, #9493 ) ;
#8795 = ORIENTED_EDGE ( 'NONE', *, *, #3661, .T. ) ;
#8796 = ORIENTED_EDGE ( 'NONE', *, *, #5562, .F. ) ;
#8797 = DIRECTION ( 'NONE',  ( -1.000000000000000000, 0.000000000000000000, 0.000000000000000000 ) ) ;
#8798 = ORIENTED_EDGE ( 'NONE', *, *, #4314, .T. ) ;
#8799 = CARTESIAN_POINT ( 'NONE',  ( 19.96629138838773798, -32.79999999999999716, 6.500000000000000888 ) ) ;
#8800 = EDGE_LOOP ( 'NONE', ( #11621, #11545, #5225 ) ) ;
#8801 = LINE ( 'NONE', #4029, #6689 ) ;
#8802 = PLANE ( 'NONE',  #10934 ) ;
#8803 = AXIS2_PLACEMENT_3D ( 'NONE', #9131, #2764, #10267 ) ;
#8804 = EDGE_CURVE ( 'NONE', #5989, #9418, #10741, .T. ) ;
#8805 = DIRECTION ( 'NONE',  ( -1.000000000000000000, -0.000000000000000000, 0.000000000000000000 ) ) ;
#8806 = ORIENTED_EDGE ( 'NONE', *, *, #1902, .F. ) ;
#8807 = DIRECTION ( 'NONE',  ( -0.000000000000000000, -0.000000000000000000, -1.000000000000000000 ) ) ;
#8808 = AXIS2_PLACEMENT_3D ( 'NONE', #11734, #697, #6283 ) ;
#8809 = AXIS2_PLACEMENT_3D ( 'NONE', #5432, #10997, #4546 ) ;
#8810 = TOROIDAL_SURFACE ( 'NONE', #3858, 2.800000000000000266, 0.2000000000000000111 ) ;
#8811 = ORIENTED_EDGE ( 'NONE', *, *, #2138, .T. ) ;
#8812 = CARTESIAN_POINT ( 'NONE',  ( -40.99999999999999289, -37.50000000000000000, 14.00000000000000178 ) ) ;
#8813 = ORIENTED_EDGE ( 'NONE', *, *, #1687, .F. ) ;
#8814 = CARTESIAN_POINT ( 'NONE',  ( 10.40005347590609830, -32.55872636749532489, 6.000000000000000000 ) ) ;
#8815 = CIRCLE ( 'NONE', #7492, 0.3000000000000012657 ) ;
#8816 = CARTESIAN_POINT ( 'NONE',  ( -40.99999999999999289, -37.29999999999999716, 17.00000000000000355 ) ) ;
#8817 = CARTESIAN_POINT ( 'NONE',  ( -24.75000000000000355, 3.031000827889699650E-15, 3.000000000000002665 ) ) ;
#8818 = CIRCLE ( 'NONE', #11300, 2.000000000000000000 ) ;
#8819 = EDGE_CURVE ( 'NONE', #3773, #4267, #5589, .T. ) ;
#8820 = EDGE_CURVE ( 'NONE', #6645, #7347, #7512, .T. ) ;
#8821 = DIRECTION ( 'NONE',  ( 1.000000000000000000, -0.000000000000000000, -0.000000000000000000 ) ) ;
#8822 = VERTEX_POINT ( 'NONE', #5012 ) ;
#8823 = AXIS2_PLACEMENT_3D ( 'NONE', #10195, #9290, #3680 ) ;
#8824 = EDGE_CURVE ( 'NONE', #9379, #7106, #10548, .T. ) ;
#8825 = CARTESIAN_POINT ( 'NONE',  ( -24.75126265846939688, -24.74873734153059246, 0.000000000000000000 ) ) ;
#8826 = FACE_OUTER_BOUND ( 'NONE', #9801, .T. ) ;
#8827 = ADVANCED_FACE ( 'NONE', ( #7768 ), #7951, .T. ) ;
#8828 = CARTESIAN_POINT ( 'NONE',  ( 33.99999999999997868, -13.12679400932128182, 15.02985011956905659 ) ) ;
#8829 = AXIS2_PLACEMENT_3D ( 'NONE', #9659, #3329, #7156 ) ;
#8830 = EDGE_CURVE ( 'NONE', #5300, #5151, #6930, .T. ) ;
#8831 = VECTOR ( 'NONE', #347, 1000.000000000000000 ) ;
#8832 = DIRECTION ( 'NONE',  ( 0.000000000000000000, 0.000000000000000000, -1.000000000000000000 ) ) ;
#8833 = AXIS2_PLACEMENT_3D ( 'NONE', #1052, #924, #10056 ) ;
#8834 = DIRECTION ( 'NONE',  ( -1.000000000000000000, -1.137523590804463822E-16, 0.000000000000000000 ) ) ;
#8835 = VERTEX_POINT ( 'NONE', #5965 ) ;
#8836 = CARTESIAN_POINT ( 'NONE',  ( -33.97397267343160365, -28.03904098985225701, 1.238252107826650850 ) ) ;
#8837 = DIRECTION ( 'NONE',  ( -0.000000000000000000, -0.000000000000000000, 1.000000000000000000 ) ) ;
#8838 = CARTESIAN_POINT ( 'NONE',  ( 33.57499415939741283, -28.50000000000000000, 22.31734653074722274 ) ) ;
#8839 = CARTESIAN_POINT ( 'NONE',  ( -30.48978980803017791, -28.59214475510868425, 22.15611843879934995 ) ) ;
#8840 = VERTEX_POINT ( 'NONE', #6148 ) ;
#8841 = FACE_OUTER_BOUND ( 'NONE', #2021, .T. ) ;
#8842 = AXIS2_PLACEMENT_3D ( 'NONE', #3554, #1939, #1056 ) ;
#8843 = ADVANCED_FACE ( 'NONE', ( #11406 ), #2453, .F. ) ;
#8844 = DIRECTION ( 'NONE',  ( 0.7073707969387313943, -0.7068426668207459240, 0.000000000000000000 ) ) ;
#8845 = DIRECTION ( 'NONE',  ( -1.000000000000000000, 0.000000000000000000, 0.000000000000000000 ) ) ;
#8846 = EDGE_CURVE ( 'NONE', #7964, #7138, #3124, .T. ) ;
#8847 = EDGE_CURVE ( 'NONE', #5662, #9345, #788, .T. ) ;
#8848 = ORIENTED_EDGE ( 'NONE', *, *, #5676, .F. ) ;
#8849 = DIRECTION ( 'NONE',  ( 1.519465818373845562E-16, -1.000000000000000000, 0.000000000000000000 ) ) ;
#8850 = CARTESIAN_POINT ( 'NONE',  ( 21.48033429508655345, -17.71788375388184278, 4.000000000000000000 ) ) ;
#8851 = ORIENTED_EDGE ( 'NONE', *, *, #3749, .F. ) ;
#8852 = CARTESIAN_POINT ( 'NONE',  ( -27.13354423240545898, -37.50000000000000000, 50.00000000000000000 ) ) ;
#8853 = AXIS2_PLACEMENT_3D ( 'NONE', #317, #2042, #6516 ) ;
#8854 = DIRECTION ( 'NONE',  ( -0.000000000000000000, -1.000000000000000000, -0.000000000000000000 ) ) ;
#8855 = ORIENTED_EDGE ( 'NONE', *, *, #9335, .F. ) ;
#8856 = CARTESIAN_POINT ( 'NONE',  ( -3.727660143170839380, -32.38713889321490313, 6.000000000000000000 ) ) ;
#8857 = ORIENTED_EDGE ( 'NONE', *, *, #4613, .F. ) ;
#8858 = CARTESIAN_POINT ( 'NONE',  ( 19.00000000000001421, -36.50000000000000000, 52.15361389894797384 ) ) ;
#8859 = CARTESIAN_POINT ( 'NONE',  ( -26.58900253968467453, -37.00000000000000711, 0.4416711223771441763 ) ) ;
#8860 = AXIS2_PLACEMENT_3D ( 'NONE', #3495, #1354, #7800 ) ;
#8861 = EDGE_LOOP ( 'NONE', ( #5781, #2473, #4033, #3490 ) ) ;
#8862 = VERTEX_POINT ( 'NONE', #4247 ) ;
#8863 = DIRECTION ( 'NONE',  ( 1.000000000000000000, -0.000000000000000000, -0.000000000000000000 ) ) ;
#8864 = ORIENTED_EDGE ( 'NONE', *, *, #5799, .F. ) ;
#8865 = ORIENTED_EDGE ( 'NONE', *, *, #8258, .T. ) ;
#8866 = CARTESIAN_POINT ( 'NONE',  ( -19.38563297584095935, -32.55872636749530358, 5.855295984806146770 ) ) ;
#8867 = CARTESIAN_POINT ( 'NONE',  ( 19.74213695969190496, -32.79999999999999716, 6.482453365743753082 ) ) ;
#8868 = VECTOR ( 'NONE', #10828, 1000.000000000000114 ) ;
#8869 = CARTESIAN_POINT ( 'NONE',  ( 30.30044989481942608, 8.624055887823809385, 0.8996625647062029829 ) ) ;
#8870 = ORIENTED_EDGE ( 'NONE', *, *, #6272, .F. ) ;
#8871 = DIRECTION ( 'NONE',  ( 0.000000000000000000, 0.8994353934787675531, -0.4370537414983364233 ) ) ;
#8872 = ORIENTED_EDGE ( 'NONE', *, *, #10710, .T. ) ;
#8873 = CARTESIAN_POINT ( 'NONE',  ( 30.50000000000001421, 8.358785161815186271, 5.143767736091894527 ) ) ;
#8874 = VERTEX_POINT ( 'NONE', #4307 ) ;
#8875 = B_SPLINE_CURVE_WITH_KNOTS ( 'NONE', 3,
 ( #1390, #5129, #5069, #4253 ),
 .UNSPECIFIED., .F., .F.,
 ( 4, 4 ),
 ( 0.000000000000000000, 0.0006745188889351659643 ),
 .UNSPECIFIED. ) ;
#8876 = CARTESIAN_POINT ( 'NONE',  ( 0.000000000000000000, -28.49999999999999645, 0.000000000000000000 ) ) ;
#8877 = CARTESIAN_POINT ( 'NONE',  ( -31.29760256237136673, 5.291396000130212940, 6.058864373583641161 ) ) ;
#8878 = CARTESIAN_POINT ( 'NONE',  ( 31.11487846105331556, 5.456199394431126670, 6.000000000000000000 ) ) ;
#8879 = CARTESIAN_POINT ( 'NONE',  ( 25.78279235760479438, -32.79999999999999716, 49.58578643762690774 ) ) ;
#8880 = ORIENTED_EDGE ( 'NONE', *, *, #1701, .T. ) ;
#8881 = DIRECTION ( 'NONE',  ( -0.000000000000000000, 0.000000000000000000, -1.000000000000000000 ) ) ;
#8882 = CARTESIAN_POINT ( 'NONE',  ( -24.75126265847086771, 24.75126265846941820, 6.000000000000000000 ) ) ;
#8883 = DIRECTION ( 'NONE',  ( 0.000000000000000000, 6.360652745248294783E-15, -1.000000000000000000 ) ) ;
#8884 = CARTESIAN_POINT ( 'NONE',  ( 31.09886694483736136, -28.49999999999999645, 22.76764385041045458 ) ) ;
#8885 = DIRECTION ( 'NONE',  ( -0.7068426668207459240, -0.7073707969387313943, 0.000000000000000000 ) ) ;
#8886 = CYLINDRICAL_SURFACE ( 'NONE', #9779, 0.9999999999999997780 ) ;
#8887 = VERTEX_POINT ( 'NONE', #10624 ) ;
#8888 = EDGE_CURVE ( 'NONE', #3311, #5490, #644, .T. ) ;
#8889 = CARTESIAN_POINT ( 'NONE',  ( 25.00000000000001421, -36.50000000000000000, 50.00000000000000000 ) ) ;
#8890 = CARTESIAN_POINT ( 'NONE',  ( -26.19678717823081371, -32.79999999999999716, 6.500000000000000888 ) ) ;
#8891 = FACE_OUTER_BOUND ( 'NONE', #6574, .T. ) ;
#8892 = ORIENTED_EDGE ( 'NONE', *, *, #2633, .T. ) ;
#8893 = PLANE ( 'NONE',  #1730 ) ;
#8894 = CARTESIAN_POINT ( 'NONE',  ( -29.99999999999997868, 2.139175515927372651, 6.000000000000000000 ) ) ;
#8895 = ORIENTED_EDGE ( 'NONE', *, *, #11383, .F. ) ;
#8896 = CARTESIAN_POINT ( 'NONE',  ( -31.31394152880608672, 7.483739086672131613, 5.014777698370352255 ) ) ;
#8897 = CARTESIAN_POINT ( 'NONE',  ( 27.28294234767821536, 18.90955557852278091, 5.700000000000000178 ) ) ;
#8898 = DIRECTION ( 'NONE',  ( 0.000000000000000000, -1.000000000000000000, 0.000000000000000000 ) ) ;
#8899 = ORIENTED_EDGE ( 'NONE', *, *, #5521, .T. ) ;
#8900 = CARTESIAN_POINT ( 'NONE',  ( -33.97397267358012840, -28.05719894772328260, 21.46403902761900184 ) ) ;
#8901 = ADVANCED_FACE ( 'NONE', ( #10319 ), #4835, .T. ) ;
#8902 = EDGE_CURVE ( 'NONE', #6967, #5458, #652, .T. ) ;
#8903 = ORIENTED_EDGE ( 'NONE', *, *, #8951, .T. ) ;
#8904 = ADVANCED_FACE ( 'NONE', ( #7748 ), #3202, .F. ) ;
#8905 = CARTESIAN_POINT ( 'NONE',  ( -18.76524300107631049, -27.54532408424808310, 4.000000000000000000 ) ) ;
#8906 = ORIENTED_EDGE ( 'NONE', *, *, #10721, .F. ) ;
#8907 = DIRECTION ( 'NONE',  ( -1.137523590804463822E-16, 1.000000000000000000, 0.000000000000000000 ) ) ;
#8908 = CARTESIAN_POINT ( 'NONE',  ( 34.98674648294750966, -35.00000000000002842, 49.89999999999999858 ) ) ;
#8909 = VERTEX_POINT ( 'NONE', #11208 ) ;
#8910 = ORIENTED_EDGE ( 'NONE', *, *, #6510, .T. ) ;
#8911 = CARTESIAN_POINT ( 'NONE',  ( -26.84065101359200511, -36.50000000000000000, 0.000000000000000000 ) ) ;
#8912 = ORIENTED_EDGE ( 'NONE', *, *, #2921, .T. ) ;
#8913 = CARTESIAN_POINT ( 'NONE',  ( -21.24890437254319409, 17.52699061374429590, 5.700000000000000178 ) ) ;
#8914 = DIRECTION ( 'NONE',  ( -0.000000000000000000, -1.000000000000000000, 0.000000000000000000 ) ) ;
#8915 = ORIENTED_EDGE ( 'NONE', *, *, #6188, .F. ) ;
#8916 = EDGE_CURVE ( 'NONE', #9683, #1827, #8480, .T. ) ;
#8917 = CARTESIAN_POINT ( 'NONE',  ( -19.71712355093333358, -32.59685259883026731, 6.070440452128678110 ) ) ;
#8918 = CARTESIAN_POINT ( 'NONE',  ( 31.24325230736886994, 5.244997879939027108, 6.065357531000025837 ) ) ;
#8919 = ADVANCED_FACE ( 'NONE', ( #7625 ), #9365, .T. ) ;
#8920 = DIRECTION ( 'NONE',  ( 0.000000000000000000, 0.000000000000000000, -1.000000000000000000 ) ) ;
#8921 = ORIENTED_EDGE ( 'NONE', *, *, #3336, .T. ) ;
#8922 = CARTESIAN_POINT ( 'NONE',  ( -21.82807647900999726, 18.53459485037750198, 4.000000000000000000 ) ) ;
#8923 = VECTOR ( 'NONE', #8531, 1000.000000000000000 ) ;
#8924 = ORIENTED_EDGE ( 'NONE', *, *, #4954, .F. ) ;
#8925 = DIRECTION ( 'NONE',  ( -0.000000000000000000, -0.7118700169681563272, -0.7023112407912582844 ) ) ;
#8926 = ORIENTED_EDGE ( 'NONE', *, *, #7731, .F. ) ;
#8927 = DIRECTION ( 'NONE',  ( 0.000000000000000000, 0.000000000000000000, -1.000000000000000000 ) ) ;
#8928 = DIRECTION ( 'NONE',  ( -1.000000000000000000, 5.941966010906629203E-14, 0.000000000000000000 ) ) ;
#8929 = AXIS2_PLACEMENT_3D ( 'NONE', #1031, #1736, #10324 ) ;
#8930 = CARTESIAN_POINT ( 'NONE',  ( -31.49999999999997868, 5.559677934766192209, 5.949717696739383221 ) ) ;
#8931 = DIRECTION ( 'NONE',  ( 1.000000000000000000, 0.000000000000000000, 0.000000000000000000 ) ) ;
#8932 = VERTEX_POINT ( 'NONE', #352 ) ;
#8933 = DIRECTION ( 'NONE',  ( 1.000000000000000000, 0.000000000000000000, 0.000000000000000000 ) ) ;
#8934 = CARTESIAN_POINT ( 'NONE',  ( 0.000000000000000000, 0.000000000000000000, 3.000000000000002665 ) ) ;
#8935 = DIRECTION ( 'NONE',  ( -1.000000000000000000, -0.000000000000000000, -0.000000000000000000 ) ) ;
#8936 = VECTOR ( 'NONE', #9877, 1000.000000000000000 ) ;
#8937 = CARTESIAN_POINT ( 'NONE',  ( 24.74873734153059601, -24.74873734152912519, -37.50000000000001421 ) ) ;
#8938 =( BOUNDED_CURVE ( )  B_SPLINE_CURVE ( 3, ( #9935, #1821, #5439, #1873 ),
 .UNSPECIFIED., .F., .F. ) 
 B_SPLINE_CURVE_WITH_KNOTS ( ( 4, 4 ),
 ( 4.712388980384689674, 6.283185307179586232 ),
 .UNSPECIFIED. ) 
 CURVE ( )  GEOMETRIC_REPRESENTATION_ITEM ( )  RATIONAL_B_SPLINE_CURVE ( ( 1.000000000000000000, 0.8047378541243649375, 0.8047378541243649375, 1.000000000000000000 ) ) 
 REPRESENTATION_ITEM ( '' )  );
#8939 = DIRECTION ( 'NONE',  ( -1.000000000000000000, 0.000000000000000000, 0.000000000000000000 ) ) ;
#8940 = DIRECTION ( 'NONE',  ( -1.000000000000000000, -0.000000000000000000, 0.000000000000000000 ) ) ;
#8941 = ORIENTED_EDGE ( 'NONE', *, *, #6346, .T. ) ;
#8942 = CARTESIAN_POINT ( 'NONE',  ( 26.13621369101518255, -32.15368539846935647, 6.000000000000000000 ) ) ;
#8943 = LINE ( 'NONE', #7762, #3856 ) ;
#8944 = DIRECTION ( 'NONE',  ( 1.000000000000000000, 0.000000000000000000, 0.000000000000000000 ) ) ;
#8945 = DIRECTION ( 'NONE',  ( 0.7068426668207459240, -0.7073707969387313943, 0.000000000000000000 ) ) ;
#8946 = VERTEX_POINT ( 'NONE', #8524 ) ;
#8947 = AXIS2_PLACEMENT_3D ( 'NONE', #11646, #8844, #7767 ) ;
#8948 = EDGE_CURVE ( 'NONE', #3432, #10876, #11507, .T. ) ;
#8949 = CARTESIAN_POINT ( 'NONE',  ( 30.91399482062600512, -29.50000000000000000, 50.00000000000000000 ) ) ;
#8950 = DIRECTION ( 'NONE',  ( -0.000000000000000000, -0.000000000000000000, 1.000000000000000000 ) ) ;
#8951 = EDGE_CURVE ( 'NONE', #7035, #3105, #6939, .T. ) ;
#8952 = CIRCLE ( 'NONE', #4363, 0.3000000000000006550 ) ;
#8953 = ORIENTED_EDGE ( 'NONE', *, *, #2779, .T. ) ;
#8954 = CARTESIAN_POINT ( 'NONE',  ( 41.00000000000001421, -37.29999999999999005, 40.50000000000000000 ) ) ;
#8955 = CARTESIAN_POINT ( 'NONE',  ( -39.99999999999999289, -29.50000000000000000, 10.50000000000000533 ) ) ;
#8956 = DIRECTION ( 'NONE',  ( 1.000000000000000000, 0.000000000000000000, 0.000000000000000000 ) ) ;
#8957 = ORIENTED_EDGE ( 'NONE', *, *, #4591, .T. ) ;
#8958 = LINE ( 'NONE', #9141, #11452 ) ;
#8959 = DIRECTION ( 'NONE',  ( -1.000000000000000000, 0.000000000000000000, 0.000000000000000000 ) ) ;
#8960 = ORIENTED_EDGE ( 'NONE', *, *, #10856, .F. ) ;
#8961 = AXIS2_PLACEMENT_3D ( 'NONE', #7224, #9857, #8945 ) ;
#8962 = ADVANCED_FACE ( 'NONE', ( #6733 ), #2982, .F. ) ;
#8963 = VERTEX_POINT ( 'NONE', #472 ) ;
#8964 = AXIS2_PLACEMENT_3D ( 'NONE', #11649, #1864, #6262 ) ;
#8965 = CARTESIAN_POINT ( 'NONE',  ( -24.75126265847086771, 24.75126265846941820, 0.1999999999999987899 ) ) ;
#8966 = CARTESIAN_POINT ( 'NONE',  ( -17.52699061374556422, 21.24890437254214959, 6.000000000000000000 ) ) ;
#8967 = EDGE_CURVE ( 'NONE', #11066, #4850, #1253, .T. ) ;
#8968 = EDGE_CURVE ( 'NONE', #3183, #600, #1597, .T. ) ;
#8969 = AXIS2_PLACEMENT_3D ( 'NONE', #10317, #11159, #3879 ) ;
#8970 = ADVANCED_FACE ( 'NONE', ( #8413 ), #9477, .F. ) ;
#8971 = EDGE_LOOP ( 'NONE', ( #9036, #2883, #3848, #8087, #5508 ) ) ;
#8972 = EDGE_CURVE ( 'NONE', #4028, #3958, #7031, .T. ) ;
#8973 = AXIS2_PLACEMENT_3D ( 'NONE', #7157, #8821, #9901 ) ;
#8974 = EDGE_LOOP ( 'NONE', ( #9826, #8047, #7916, #6006 ) ) ;
#8975 = CARTESIAN_POINT ( 'NONE',  ( 0.000000000000000000, 0.000000000000000000, 4.000000000000000000 ) ) ;
#8976 = DIRECTION ( 'NONE',  ( 0.000000000000000000, 0.000000000000000000, -1.000000000000000000 ) ) ;
#8977 = ORIENTED_EDGE ( 'NONE', *, *, #9440, .T. ) ;
#8978 = CARTESIAN_POINT ( 'NONE',  ( 18.90955557852439384, 26.78294234767708915, 5.000000000000000000 ) ) ;
#8979 = FACE_OUTER_BOUND ( 'NONE', #5864, .T. ) ;
#8980 = ORIENTED_EDGE ( 'NONE', *, *, #8719, .F. ) ;
#8981 = CARTESIAN_POINT ( 'NONE',  ( -26.34065101359200511, -37.00000000000000000, 1.000000000000000000 ) ) ;
#8982 = CARTESIAN_POINT ( 'NONE',  ( -30.41026707477417901, 2.780379638972064082, 6.000000000003561595 ) ) ;
#8983 = CARTESIAN_POINT ( 'NONE',  ( 25.37175490347321016, -11.47180104703813264, 4.000000000000000000 ) ) ;
#8984 = ORIENTED_EDGE ( 'NONE', *, *, #1299, .F. ) ;
#8985 = VECTOR ( 'NONE', #6034, 1000.000000000000000 ) ;
#8986 = AXIS2_PLACEMENT_3D ( 'NONE', #3655, #5375, #7236 ) ;
#8987 = CYLINDRICAL_SURFACE ( 'NONE', #1385, 0.5000000000000004441 ) ;
#8988 = ADVANCED_FACE ( 'NONE', ( #11334 ), #2755, .T. ) ;
#8989 = EDGE_CURVE ( 'NONE', #9168, #9274, #7895, .T. ) ;
#8990 = EDGE_CURVE ( 'NONE', #10043, #3267, #9419, .T. ) ;
#8991 = EDGE_CURVE ( 'NONE', #9893, #6771, #8467, .T. ) ;
#8992 = ORIENTED_EDGE ( 'NONE', *, *, #1244, .T. ) ;
#8993 = CIRCLE ( 'NONE', #4798, 1.499999999999999556 ) ;
#8994 = LINE ( 'NONE', #7084, #10186 ) ;
#8995 = ORIENTED_EDGE ( 'NONE', *, *, #1300, .F. ) ;
#8996 = DIRECTION ( 'NONE',  ( 0.000000000000000000, 1.000000000000000000, -0.000000000000000000 ) ) ;
#8997 = FACE_OUTER_BOUND ( 'NONE', #2464, .T. ) ;
#8998 = CARTESIAN_POINT ( 'NONE',  ( 37.78269502563267679, -37.10962461001211921, 50.00000000000000000 ) ) ;
#8999 = FACE_OUTER_BOUND ( 'NONE', #6266, .T. ) ;
#9000 = EDGE_LOOP ( 'NONE', ( #10455, #4217 ) ) ;
#9001 = AXIS2_PLACEMENT_3D ( 'NONE', #6796, #10444, #666 ) ;
#9002 = CARTESIAN_POINT ( 'NONE',  ( -24.75126265846939688, -24.74873734153059246, 5.799999999999999822 ) ) ;
#9003 = CARTESIAN_POINT ( 'NONE',  ( -9.094616277432113094, -32.29999999999999716, 6.000000000000000000 ) ) ;
#9004 = VECTOR ( 'NONE', #2500, 1000.000000000000000 ) ;
#9005 = DIRECTION ( 'NONE',  ( 0.000000000000000000, 0.000000000000000000, -1.000000000000000000 ) ) ;
#9006 = CARTESIAN_POINT ( 'NONE',  ( 40.00000000000000711, -36.99999999999999289, 1.000000000000006439 ) ) ;
#9007 = CIRCLE ( 'NONE', #9212, 1.299999999999999156 ) ;
#9008 = CYLINDRICAL_SURFACE ( 'NONE', #11340, 1.000000000000001776 ) ;
#9009 = VECTOR ( 'NONE', #4057, 1000.000000000000000 ) ;
#9010 = CYLINDRICAL_SURFACE ( 'NONE', #5754, 1.000000000000000888 ) ;
#9011 = ORIENTED_EDGE ( 'NONE', *, *, #8474, .F. ) ;
#9012 = CARTESIAN_POINT ( 'NONE',  ( -31.09997752789392322, -28.49999999999999645, 22.76816787658406227 ) ) ;
#9013 = CARTESIAN_POINT ( 'NONE',  ( 30.00000000000001421, 8.130517918508743946, 6.000000000000000000 ) ) ;
#9014 = AXIS2_PLACEMENT_3D ( 'NONE', #1651, #573, #10653 ) ;
#9015 = CARTESIAN_POINT ( 'NONE',  ( 23.41088411730250840, 18.99611941894006861, 6.000000000000000888 ) ) ;
#9016 = ORIENTED_EDGE ( 'NONE', *, *, #7601, .T. ) ;
#9017 = CARTESIAN_POINT ( 'NONE',  ( 30.41086027763668298, 4.528664109537399618, 6.000000000000000000 ) ) ;
#9018 = CIRCLE ( 'NONE', #4257, 3.200000000000001510 ) ;
#9019 = CIRCLE ( 'NONE', #1580, 1.000000000000000888 ) ;
#9020 = LINE ( 'NONE', #4491, #2670 ) ;
#9021 = CIRCLE ( 'NONE', #5578, 1.000000000000000888 ) ;
#9022 = ORIENTED_EDGE ( 'NONE', *, *, #8103, .T. ) ;
#9023 = DIRECTION ( 'NONE',  ( -0.000000000000000000, -1.000000000000000000, 1.204669080539449344E-16 ) ) ;
#9024 = DIRECTION ( 'NONE',  ( 0.000000000000000000, 0.8994353934787675531, -0.4370537414983364233 ) ) ;
#9025 = CARTESIAN_POINT ( 'NONE',  ( 31.18355383723909569, 5.343214204105850129, 6.000000000000000888 ) ) ;
#9026 = ORIENTED_EDGE ( 'NONE', *, *, #9836, .F. ) ;
#9027 = DIRECTION ( 'NONE',  ( 0.000000000000000000, 0.000000000000000000, 1.000000000000000000 ) ) ;
#9028 = VECTOR ( 'NONE', #10976, 1000.000000000000000 ) ;
#9029 = AXIS2_PLACEMENT_3D ( 'NONE', #8738, #11492, #3314 ) ;
#9030 = DIRECTION ( 'NONE',  ( 1.137523590804463822E-16, -1.000000000000000000, -0.000000000000000000 ) ) ;
#9031 = ORIENTED_EDGE ( 'NONE', *, *, #7740, .F. ) ;
#9032 = CIRCLE ( 'NONE', #6732, 1.299999999999999156 ) ;
#9033 = VERTEX_POINT ( 'NONE', #11783 ) ;
#9034 = CARTESIAN_POINT ( 'NONE',  ( -29.99999999999997868, 8.130517918518242126, 6.000000000000000000 ) ) ;
#9035 = CARTESIAN_POINT ( 'NONE',  ( -18.90955557852439028, 27.28294234767709270, 5.700000000000000178 ) ) ;
#9036 = ORIENTED_EDGE ( 'NONE', *, *, #9425, .T. ) ;
#9037 = CIRCLE ( 'NONE', #3904, 0.1999999999999987899 ) ;
#9038 = B_SPLINE_CURVE_WITH_KNOTS ( 'NONE', 3,
 ( #591, #11448, #3390, #3456, #7935 ),
 .UNSPECIFIED., .F., .F.,
 ( 4, 1, 4 ),
 ( 0.2024315979431486889, 0.5228176099171815139, 0.7968962246429840413 ),
 .UNSPECIFIED. ) ;
#9039 = VERTEX_POINT ( 'NONE', #9040 ) ;
#9040 = CARTESIAN_POINT ( 'NONE',  ( 30.49999999999997868, -28.29278383102050753, 6.500000000000000888 ) ) ;
#9041 = DIRECTION ( 'NONE',  ( -1.973877827711729513E-16, 0.000000000000000000, -1.000000000000000000 ) ) ;
#9042 = VERTEX_POINT ( 'NONE', #10007 ) ;
#9043 = EDGE_CURVE ( 'NONE', #11504, #7409, #1876, .T. ) ;
#9044 = CARTESIAN_POINT ( 'NONE',  ( 30.49999999999997868, -28.30588346154705448, 21.36051383309679963 ) ) ;
#9045 = ORIENTED_EDGE ( 'NONE', *, *, #3084, .F. ) ;
#9046 = ADVANCED_FACE ( 'NONE', ( #10825 ), #9881, .F. ) ;
#9047 = EDGE_CURVE ( 'NONE', #10468, #1121, #3782, .T. ) ;
#9048 = CARTESIAN_POINT ( 'NONE',  ( -19.52347130945608100, -32.63650507590541849, 6.070866087841564784 ) ) ;
#9049 = DIRECTION ( 'NONE',  ( -1.000000000000000000, 0.000000000000000000, 0.000000000000000000 ) ) ;
#9050 = CARTESIAN_POINT ( 'NONE',  ( -20.03469494750046209, -29.90860128644002103, 6.000000000000000000 ) ) ;
#9051 = ORIENTED_EDGE ( 'NONE', *, *, #7175, .T. ) ;
#9052 = AXIS2_PLACEMENT_3D ( 'NONE', #538, #10440, #662 ) ;
#9053 = CARTESIAN_POINT ( 'NONE',  ( -26.54977008365161595, -33.14900740443863469, 49.87378639017512683 ) ) ;
#9054 = ORIENTED_EDGE ( 'NONE', *, *, #9876, .T. ) ;
#9055 = AXIS2_PLACEMENT_3D ( 'NONE', #11156, #11101, #10148 ) ;
#9056 = LINE ( 'NONE', #8107, #6550 ) ;
#9057 = ORIENTED_EDGE ( 'NONE', *, *, #6719, .F. ) ;
#9058 = DIRECTION ( 'NONE',  ( 0.000000000000000000, 0.000000000000000000, 1.000000000000000000 ) ) ;
#9059 = DIRECTION ( 'NONE',  ( 0.000000000000000000, -0.4370537414983364233, -0.8994353934787675531 ) ) ;
#9060 = CARTESIAN_POINT ( 'NONE',  ( -44.19999999999999574, -37.50000000000000000, 14.00000000000000178 ) ) ;
#9061 = EDGE_CURVE ( 'NONE', #2402, #7777, #5566, .T. ) ;
#9062 = ADVANCED_FACE ( 'NONE', ( #8091 ), #1250, .T. ) ;
#9063 = CARTESIAN_POINT ( 'NONE',  ( -44.19999999999998863, -37.50000000000000000, 40.50000000000000000 ) ) ;
#9064 = VERTEX_POINT ( 'NONE', #2786 ) ;
#9065 = EDGE_CURVE ( 'NONE', #10414, #2644, #1996, .T. ) ;
#9066 = CARTESIAN_POINT ( 'NONE',  ( -26.48963502442554585, -32.50737079693872289, 6.499999999999999112 ) ) ;
#9067 = DIRECTION ( 'NONE',  ( -1.000000000000000000, 0.000000000000000000, -0.000000000000000000 ) ) ;
#9068 = DIRECTION ( 'NONE',  ( 1.973877827711729513E-16, 0.000000000000000000, 1.000000000000000000 ) ) ;
#9069 = CARTESIAN_POINT ( 'NONE',  ( 18.53459485038087706, 21.82807647903624826, 5.700000000000000178 ) ) ;
#9070 = CARTESIAN_POINT ( 'NONE',  ( 30.65000366322149361, 7.080364228166569518, 5.736906155166142440 ) ) ;
#9071 = CARTESIAN_POINT ( 'NONE',  ( -26.19678717823081371, -32.79999999999999716, -55.15136956765560683 ) ) ;
#9072 = ORIENTED_EDGE ( 'NONE', *, *, #1857, .F. ) ;
#9073 = ADVANCED_FACE ( 'NONE', ( #9939 ), #7424, .F. ) ;
#9074 = CARTESIAN_POINT ( 'NONE',  ( -25.07199709173856306, -18.94537726338326422, 5.700000000000000178 ) ) ;
#9075 = LINE ( 'NONE', #1977, #399 ) ;
#9076 = VERTEX_POINT ( 'NONE', #11730 ) ;
#9077 = DIRECTION ( 'NONE',  ( 0.000000000000000000, -1.000000000000000000, 1.204669080539449344E-16 ) ) ;
#9078 = CARTESIAN_POINT ( 'NONE',  ( -30.49999999999998224, -37.50000000000000000, 0.5000000000000004441 ) ) ;
#9079 = EDGE_LOOP ( 'NONE', ( #1236, #3148, #49, #10002, #929, #4858, #1372, #7456, #2879, #1286, #4782, #4871, #11027, #4820 ) ) ;
#9080 = CARTESIAN_POINT ( 'NONE',  ( -26.19678717823081371, -33.79999999999999716, 49.00000000000000000 ) ) ;
#9081 = CARTESIAN_POINT ( 'NONE',  ( 30.50000000000001776, -36.99999999999999289, 1.000000000000007772 ) ) ;
#9082 = CARTESIAN_POINT ( 'NONE',  ( 31.34515039226178601, 5.511638695907058683, 5.978747199255155742 ) ) ;
#9083 = ORIENTED_EDGE ( 'NONE', *, *, #4516, .T. ) ;
#9084 = FACE_OUTER_BOUND ( 'NONE', #761, .T. ) ;
#9085 = DIRECTION ( 'NONE',  ( -1.224646799147353207E-16, -1.393064624433290081E-32, 1.000000000000000000 ) ) ;
#9086 = VERTEX_POINT ( 'NONE', #3119 ) ;
#9087 = AXIS2_PLACEMENT_3D ( 'NONE', #5082, #10589, #6040 ) ;
#9088 = EDGE_CURVE ( 'NONE', #1889, #2475, #11143, .T. ) ;
#9089 =( BOUNDED_SURFACE ( )  B_SPLINE_SURFACE ( 3, 2, ( 
 ( #7612, #8512, #10199 ),
 ( #6600, #7439, #1176 ),
 ( #7384, #291, #5745 ),
 ( #3922, #3074, #7558 ),
 ( #11195, #9240, #2912 ),
 ( #11018, #11083, #3018 ) ),
 .UNSPECIFIED., .F., .F., .F. ) 
 B_SPLINE_SURFACE_WITH_KNOTS ( ( 4, 2, 4 ),
 ( 3, 3 ),
 ( 0.005545208070917819615, 0.006647231153841428285, 0.007749254236765036954 ),
 ( 0.000000000000000000, 1.000000000000000000 ),
 .UNSPECIFIED. ) 
 GEOMETRIC_REPRESENTATION_ITEM ( )  RATIONAL_B_SPLINE_SURFACE ( (
 ( 1.000000000000000000, 0.7071067811865227037, 1.000000000000000000),
 ( 1.000000000000000000, 0.7245405606937630472, 1.000000000000000000),
 ( 1.000000000000000000, 0.7330293162589720524, 1.000000000000000000),
 ( 1.000000000000000000, 0.7450288764204657799, 1.000000000000000000),
 ( 1.000000000000000000, 0.7480022151287766263, 1.000000000000000000),
 ( 1.000000000000000000, 0.7500000000000000000, 1.000000000000000000) ) ) 
 REPRESENTATION_ITEM ( '' )  SURFACE ( )  );
#9090 = VERTEX_POINT ( 'NONE', #9503 ) ;
#9091 = CARTESIAN_POINT ( 'NONE',  ( -30.61527224628087041, 7.290267379252967750, 5.697216473655695168 ) ) ;
#9092 = CARTESIAN_POINT ( 'NONE',  ( -21.95126265847086700, 24.75126265846941820, 5.799999999999999822 ) ) ;
#9093 = EDGE_LOOP ( 'NONE', ( #11759, #5235, #11280, #8855 ) ) ;
#9094 = ORIENTED_EDGE ( 'NONE', *, *, #1163, .F. ) ;
#9095 = CARTESIAN_POINT ( 'NONE',  ( -9.556001448153354616, -32.51847668630912835, 6.050257921093236568 ) ) ;
#9096 = DIRECTION ( 'NONE',  ( -0.000000000000000000, -0.8994353934787675531, 0.4370537414983364233 ) ) ;
#9097 = EDGE_LOOP ( 'NONE', ( #11077, #11058, #851, #11562 ) ) ;
#9098 = DIRECTION ( 'NONE',  ( 0.000000000000000000, 0.000000000000000000, -1.000000000000000000 ) ) ;
#9099 = VERTEX_POINT ( 'NONE', #4072 ) ;
#9100 = CARTESIAN_POINT ( 'NONE',  ( -19.74632060434003122, -32.59211732057168831, 6.070389538206431013 ) ) ;
#9101 = CARTESIAN_POINT ( 'NONE',  ( -30.77390685175764773, 4.376520613344054844, 6.186896067072563454 ) ) ;
#9102 = CARTESIAN_POINT ( 'NONE',  ( 21.94873734152913158, 24.75126265847088547, 0.1999999999999987899 ) ) ;
#9103 = ORIENTED_EDGE ( 'NONE', *, *, #8525, .T. ) ;
#9104 = CARTESIAN_POINT ( 'NONE',  ( -27.55126265847086842, 24.75126265846941820, 6.000000000000000000 ) ) ;
#9105 = EDGE_CURVE ( 'NONE', #6356, #7259, #3318, .T. ) ;
#9106 = ORIENTED_EDGE ( 'NONE', *, *, #11024, .T. ) ;
#9107 = EDGE_CURVE ( 'NONE', #9445, #7106, #9803, .T. ) ;
#9108 = ORIENTED_EDGE ( 'NONE', *, *, #6837, .T. ) ;
#9109 = CARTESIAN_POINT ( 'NONE',  ( 31.44972254598278738, 7.057037046721814200, 5.222120798739135594 ) ) ;
#9110 = VERTEX_POINT ( 'NONE', #6693 ) ;
#9111 = PLANE ( 'NONE',  #5149 ) ;
#9112 = CARTESIAN_POINT ( 'NONE',  ( -31.29917546175945020, -28.49999999999999645, 22.81294424399671783 ) ) ;
#9113 = CARTESIAN_POINT ( 'NONE',  ( 34.49999999999997868, -28.49999999999999289, 22.12215494656666692 ) ) ;
#9114 = CARTESIAN_POINT ( 'NONE',  ( 30.50000000000001066, 8.468626966596882966, 1.500000000000003109 ) ) ;
#9115 = ORIENTED_EDGE ( 'NONE', *, *, #148, .T. ) ;
#9116 = AXIS2_PLACEMENT_3D ( 'NONE', #716, #2570, #3632 ) ;
#9117 = CARTESIAN_POINT ( 'NONE',  ( -19.89255427911902174, -32.80000000000026716, 6.178782506642837902 ) ) ;
#9118 = FACE_OUTER_BOUND ( 'NONE', #6053, .T. ) ;
#9119 = CARTESIAN_POINT ( 'NONE',  ( 9.000000000000010658, -36.50000000000000000, 16.50000000000000000 ) ) ;
#9120 = ADVANCED_FACE ( 'NONE', ( #8443 ), #6185, .T. ) ;
#9121 = CARTESIAN_POINT ( 'NONE',  ( 31.05328889311703122, -28.49999999999999289, 22.38520258663423590 ) ) ;
#9122 = EDGE_CURVE ( 'NONE', #7019, #9412, #7548, .T. ) ;
#9123 = CARTESIAN_POINT ( 'NONE',  ( -30.91399482062599446, -29.50000000000000000, 22.28909803235629994 ) ) ;
#9124 = DIRECTION ( 'NONE',  ( 0.000000000000000000, -0.4370537414983350355, -0.8994353934787681082 ) ) ;
#9125 = VERTEX_POINT ( 'NONE', #4950 ) ;
#9126 = CARTESIAN_POINT ( 'NONE',  ( 27.34873734152913016, 24.75126265847088547, 0.1999999999999987899 ) ) ;
#9127 = CARTESIAN_POINT ( 'NONE',  ( -21.95126265847086700, 24.75126265846941820, 6.000000000000000000 ) ) ;
#9128 = CARTESIAN_POINT ( 'NONE',  ( 30.50000000000001776, -37.49999999999999289, 6.000000000000000000 ) ) ;
#9129 = CARTESIAN_POINT ( 'NONE',  ( -30.20715215380524654, -28.79262920306126716, 22.28909803235629994 ) ) ;
#9130 = ORIENTED_EDGE ( 'NONE', *, *, #11179, .F. ) ;
#9131 = CARTESIAN_POINT ( 'NONE',  ( -34.98674648294755229, -35.00000000000000000, 49.89999999999999858 ) ) ;
#9132 = CARTESIAN_POINT ( 'NONE',  ( 19.50000000000001421, -36.50000000000000000, 27.00000000000000355 ) ) ;
#9133 = AXIS2_PLACEMENT_3D ( 'NONE', #7699, #5108, #11339 ) ;
#9134 = CARTESIAN_POINT ( 'NONE',  ( -11.47180104703964965, 25.37175490347252449, 4.000000000000000000 ) ) ;
#9135 = EDGE_CURVE ( 'NONE', #5556, #2657, #9236, .T. ) ;
#9136 = ORIENTED_EDGE ( 'NONE', *, *, #1049, .F. ) ;
#9137 = CARTESIAN_POINT ( 'NONE',  ( -30.49999999999997868, -37.36602540378444104, 0.5000000000000084377 ) ) ;
#9138 = CYLINDRICAL_SURFACE ( 'NONE', #1232, 5.000000000000000888 ) ;
#9139 = DIRECTION ( 'NONE',  ( 0.000000000000000000, 0.000000000000000000, -1.000000000000000000 ) ) ;
#9140 = ORIENTED_EDGE ( 'NONE', *, *, #5734, .T. ) ;
#9141 = CARTESIAN_POINT ( 'NONE',  ( -30.49999999999997868, 8.468626966596886518, 6.000000000000000000 ) ) ;
#9142 = AXIS2_PLACEMENT_3D ( 'NONE', #6761, #125, #9249 ) ;
#9143 = CARTESIAN_POINT ( 'NONE',  ( 33.99999999999997868, -28.49999999999999645, 1.500000000000007550 ) ) ;
#9144 = EDGE_LOOP ( 'NONE', ( #9439, #5742, #1103, #10054 ) ) ;
#9145 = CARTESIAN_POINT ( 'NONE',  ( -24.75126265846939688, -24.74873734153059246, -37.50000000000001421 ) ) ;
#9146 = CARTESIAN_POINT ( 'NONE',  ( -17.82426233348197542, -23.71555578679803133, 6.000000000000000000 ) ) ;
#9147 = VECTOR ( 'NONE', #10102, 1000.000000000000000 ) ;
#9148 = VERTEX_POINT ( 'NONE', #9393 ) ;
#9149 = ORIENTED_EDGE ( 'NONE', *, *, #9088, .F. ) ;
#9150 = CARTESIAN_POINT ( 'NONE',  ( -9.749648762226865273, -32.41263244575244329, 5.796856742172618482 ) ) ;
#9151 = CARTESIAN_POINT ( 'NONE',  ( 11.88379308764715958, 26.28294234767709270, 5.700000000000000178 ) ) ;
#9152 = EDGE_LOOP ( 'NONE', ( #1829, #4156, #2255, #5677, #10293, #2669, #540 ) ) ;
#9153 = CARTESIAN_POINT ( 'NONE',  ( 30.36152600756237874, -28.63837060636869225, 21.48348257204873946 ) ) ;
#9154 = AXIS2_PLACEMENT_3D ( 'NONE', #3109, #10394, #10504 ) ;
#9155 =( BOUNDED_CURVE ( )  B_SPLINE_CURVE ( 3, ( #4411, #6244, #5354, #5468 ),
 .UNSPECIFIED., .F., .F. ) 
 B_SPLINE_CURVE_WITH_KNOTS ( ( 4, 4 ),
 ( 0.2596555800173506179, 1.015978339901883576 ),
 .UNSPECIFIED. ) 
 CURVE ( )  GEOMETRIC_REPRESENTATION_ITEM ( )  RATIONAL_B_SPLINE_CURVE ( ( 1.000000000000000000, 0.9528966982141225950, 0.9528966982141225950, 1.000000000000000000 ) ) 
 REPRESENTATION_ITEM ( '' )  );
#9156 = CARTESIAN_POINT ( 'NONE',  ( 33.19638493238205967, -28.49999999999999645, 22.81294424399707665 ) ) ;
#9157 = AXIS2_PLACEMENT_3D ( 'NONE', #3824, #2153, #6738 ) ;
#9158 = LINE ( 'NONE', #8983, #3468 ) ;
#9159 = ORIENTED_EDGE ( 'NONE', *, *, #10796, .T. ) ;
#9160 = AXIS2_PLACEMENT_3D ( 'NONE', #3981, #10151, #3090 ) ;
#9161 = DIRECTION ( 'NONE',  ( 0.000000000000000000, 0.000000000000000000, -1.000000000000000000 ) ) ;
#9162 = AXIS2_PLACEMENT_3D ( 'NONE', #10042, #5480, #531 ) ;
#9163 = ORIENTED_EDGE ( 'NONE', *, *, #2698, .F. ) ;
#9164 = VECTOR ( 'NONE', #7357, 1000.000000000000000 ) ;
#9165 = VERTEX_POINT ( 'NONE', #4851 ) ;
#9166 = AXIS2_PLACEMENT_3D ( 'NONE', #7268, #7334, #1784 ) ;
#9167 = CARTESIAN_POINT ( 'NONE',  ( -25.91927170679086601, -19.18495017096926603, 5.700000000000000178 ) ) ;
#9168 = VERTEX_POINT ( 'NONE', #8607 ) ;
#9169 = FACE_OUTER_BOUND ( 'NONE', #3476, .T. ) ;
#9170 = CARTESIAN_POINT ( 'NONE',  ( -31.23259423347684205, -28.21259249388626245, 22.33015032893232643 ) ) ;
#9172 = CARTESIAN_POINT ( 'NONE',  ( -30.38393028552585662, -28.61598305566392852, 21.72765074115832817 ) ) ;
#9171 = AXIS2_PLACEMENT_3D ( 'NONE', #7025, #3330, #6005 ) ;
#9173 = AXIS2_PLACEMENT_3D ( 'NONE', #7476, #1147, #1311 ) ;
#9174 = B_SPLINE_CURVE_WITH_KNOTS ( 'NONE', 3,
 ( #2043, #8589, #7637, #5658, #4884, #1309, #1210, #4838, #8492, #9438 ),
 .UNSPECIFIED., .F., .F.,
 ( 4, 2, 2, 2, 4 ),
 ( 0.000000000000000000, 0.0002648908096818732450, 0.0005297816193637464900, 0.0007946724290456197350, 0.001059563238727492980 ),
 .UNSPECIFIED. ) ;
#9175 = DIRECTION ( 'NONE',  ( 0.9111874442045936329, -0.4119920406074620844, 0.000000000000000000 ) ) ;
#9176 = VERTEX_POINT ( 'NONE', #7656 ) ;
#9177 = CARTESIAN_POINT ( 'NONE',  ( -26.56527095544953454, -19.67937319653712436, 6.000000000000000000 ) ) ;
#9178 = DIRECTION ( 'NONE',  ( 1.000000000000000000, 0.000000000000000000, 0.000000000000000000 ) ) ;
#9179 = VECTOR ( 'NONE', #11788, 1000.000000000000000 ) ;
#9180 = CARTESIAN_POINT ( 'NONE',  ( 24.75000000000000355, 0.000000000000000000, 3.000000000000002665 ) ) ;
#9181 = AXIS2_PLACEMENT_3D ( 'NONE', #5449, #7378, #817 ) ;
#9182 = LINE ( 'NONE', #7848, #7564 ) ;
#9183 = CARTESIAN_POINT ( 'NONE',  ( 30.22500549483233812, 6.965246764199698681, 6.000000000000000000 ) ) ;
#9184 = DIRECTION ( 'NONE',  ( 0.000000000000000000, 1.000000000000000000, 0.000000000000000000 ) ) ;
#9185 = ORIENTED_EDGE ( 'NONE', *, *, #9047, .T. ) ;
#9186 = ADVANCED_FACE ( 'NONE', ( #2222 ), #5788, .F. ) ;
#9187 = LINE ( 'NONE', #10093, #6866 ) ;
#9188 = CARTESIAN_POINT ( 'NONE',  ( -29.99999999999997513, 3.757671719807759825, 5.999999999999999112 ) ) ;
#9189 = VECTOR ( 'NONE', #6853, 1000.000000000000000 ) ;
#9190 = ADVANCED_FACE ( 'NONE', ( #7596 ), #8634, .T. ) ;
#9191 = PLANE ( 'NONE',  #2904 ) ;
#9192 = EDGE_CURVE ( 'NONE', #6589, #11441, #2343, .T. ) ;
#9193 = DIRECTION ( 'NONE',  ( -0.9652184670742315342, 0.2614446611022509526, 0.000000000000000000 ) ) ;
#9194 = ORIENTED_EDGE ( 'NONE', *, *, #7954, .T. ) ;
#9195 = CIRCLE ( 'NONE', #55, 1.299999999999999156 ) ;
#9196 = CARTESIAN_POINT ( 'NONE',  ( 18.03603898744571410, 21.86605083265776273, 5.000000000000000000 ) ) ;
#9197 = DIRECTION ( 'NONE',  ( 0.000000000000000000, 0.000000000000000000, -1.000000000000000000 ) ) ;
#9198 = EDGE_CURVE ( 'NONE', #8835, #9076, #8875, .T. ) ;
#9199 = DIRECTION ( 'NONE',  ( 1.826024711554532188E-16, 0.000000000000000000, 1.000000000000000000 ) ) ;
#9200 = AXIS2_PLACEMENT_3D ( 'NONE', #5955, #7943, #11576 ) ;
#9201 = VECTOR ( 'NONE', #7049, 1000.000000000000000 ) ;
#9202 = ORIENTED_EDGE ( 'NONE', *, *, #5810, .F. ) ;
#9203 = DIRECTION ( 'NONE',  ( 0.000000000000000000, 1.000000000000000000, 0.000000000000000000 ) ) ;
#9204 = AXIS2_PLACEMENT_3D ( 'NONE', #7924, #2483, #5154 ) ;
#9205 = DIRECTION ( 'NONE',  ( 0.000000000000000000, 1.000000000000000000, 0.000000000000000000 ) ) ;
#9206 = CARTESIAN_POINT ( 'NONE',  ( -26.61078199885683304, -33.79999999999999716, 50.00000000000000000 ) ) ;
#9207 = ORIENTED_EDGE ( 'NONE', *, *, #4821, .T. ) ;
#9208 = DIRECTION ( 'NONE',  ( 0.000000000000000000, 0.000000000000000000, 1.000000000000000000 ) ) ;
#9209 = DIRECTION ( 'NONE',  ( 1.000000000000000000, -5.064886061246141601E-17, 0.000000000000000000 ) ) ;
#9210 = CARTESIAN_POINT ( 'NONE',  ( 31.42706372564234840, 7.198445700644517053, 5.102311092438863049 ) ) ;
#9211 = ORIENTED_EDGE ( 'NONE', *, *, #4472, .F. ) ;
#9212 = AXIS2_PLACEMENT_3D ( 'NONE', #7269, #766, #7207 ) ;
#9213 = ADVANCED_FACE ( 'NONE', ( #9563 ), #7956, .T. ) ;
#9214 = VECTOR ( 'NONE', #9184, 1000.000000000000000 ) ;
#9215 = EDGE_CURVE ( 'NONE', #2481, #7583, #6081, .T. ) ;
#9216 = EDGE_CURVE ( 'NONE', #3795, #10297, #2952, .T. ) ;
#9217 = ADVANCED_FACE ( 'NONE', ( #551 ), #4470, .T. ) ;
#9218 = TOROIDAL_SURFACE ( 'NONE', #5382, 1.300000000000000044, 0.2999999999999999889 ) ;
#9219 = DIRECTION ( 'NONE',  ( 1.000000000000000000, 0.000000000000000000, 0.000000000000000000 ) ) ;
#9220 = DIRECTION ( 'NONE',  ( -1.000000000000000000, 0.000000000000000000, 0.000000000000000000 ) ) ;
#9221 = EDGE_LOOP ( 'NONE', ( #130, #8432, #6512 ) ) ;
#9222 = VECTOR ( 'NONE', #6548, 1000.000000000000000 ) ;
#9223 = ORIENTED_EDGE ( 'NONE', *, *, #1319, .T. ) ;
#9224 = CIRCLE ( 'NONE', #843, 3.500000000000003109 ) ;
#9225 = DIRECTION ( 'NONE',  ( -1.000000000000000000, 0.000000000000000000, 0.000000000000000000 ) ) ;
#9226 = DIRECTION ( 'NONE',  ( -0.000000000000000000, -0.8994353934787675531, 0.4370537414983364233 ) ) ;
#9227 = VERTEX_POINT ( 'NONE', #4186 ) ;
#9228 = EDGE_CURVE ( 'NONE', #7145, #2370, #5015, .T. ) ;
#9229 = DIRECTION ( 'NONE',  ( 0.000000000000000000, 0.000000000000000000, -1.000000000000000000 ) ) ;
#9230 = VECTOR ( 'NONE', #6077, 999.9999999999998863 ) ;
#9231 = CYLINDRICAL_SURFACE ( 'NONE', #5922, 0.5000000000000004441 ) ;
#9232 = EDGE_CURVE ( 'NONE', #6751, #8236, #11580, .T. ) ;
#9233 = DIRECTION ( 'NONE',  ( -1.000000000000000000, 0.000000000000000000, 0.000000000000000000 ) ) ;
#9234 = ORIENTED_EDGE ( 'NONE', *, *, #432, .F. ) ;
#9235 = CARTESIAN_POINT ( 'NONE',  ( 26.48963502442554940, -32.50737079693872289, 6.500000000000000888 ) ) ;
#9236 = CIRCLE ( 'NONE', #5594, 3.200000000000001510 ) ;
#9237 = VERTEX_POINT ( 'NONE', #7900 ) ;
#9238 = ORIENTED_EDGE ( 'NONE', *, *, #10244, .F. ) ;
#9239 =( BOUNDED_SURFACE ( )  B_SPLINE_SURFACE ( 3, 2, ( 
 ( #10602, #2430, #6054 ),
 ( #5161, #5227, #405 ),
 ( #647, #4282, #3381 ),
 ( #4039, #7690, #7984 ) ),
 .UNSPECIFIED., .F., .F., .F. ) 
 B_SPLINE_SURFACE_WITH_KNOTS ( ( 4, 4 ),
 ( 3, 3 ),
 ( 3.265616943526339355E-16, 0.004844902935326153223 ),
 ( 0.000000000000000000, 1.000000000000000000 ),
 .UNSPECIFIED. ) 
 GEOMETRIC_REPRESENTATION_ITEM ( )  RATIONAL_B_SPLINE_SURFACE ( (
 ( 1.000000000000000000, 0.7071067811865475727, 1.000000000000000000),
 ( 1.000000000000000000, 0.7071067811865475727, 1.000000000000000000),
 ( 1.000000000000000000, 0.7071067811865475727, 1.000000000000000000),
 ( 1.000000000000000000, 0.7071067811865475727, 1.000000000000000000) ) ) 
 REPRESENTATION_ITEM ( '' )  SURFACE ( )  );
#9240 = CARTESIAN_POINT ( 'NONE',  ( -30.50000000000262190, 7.581576140811080222, 4.600610663323979388 ) ) ;
#9241 = ORIENTED_EDGE ( 'NONE', *, *, #7685, .F. ) ;
#9242 = FACE_OUTER_BOUND ( 'NONE', #6420, .T. ) ;
#9243 = CARTESIAN_POINT ( 'NONE',  ( -19.03105800168012252, -26.90246075291519290, 5.700000000000001066 ) ) ;
#9244 = VECTOR ( 'NONE', #3103, 1000.000000000000000 ) ;
#9245 = FACE_OUTER_BOUND ( 'NONE', #6979, .T. ) ;
#9246 = CARTESIAN_POINT ( 'NONE',  ( 9.000000000000010658, -33.79999999999999716, 16.00000000000000000 ) ) ;
#9247 = ORIENTED_EDGE ( 'NONE', *, *, #8187, .F. ) ;
#9248 = DIRECTION ( 'NONE',  ( -0.000000000000000000, -0.000000000000000000, -1.000000000000000000 ) ) ;
#9249 = DIRECTION ( 'NONE',  ( -1.000000000000000000, 0.000000000000000000, 0.000000000000000000 ) ) ;
#9250 = CARTESIAN_POINT ( 'NONE',  ( 24.32813405080370472, -18.81287924088969987, 5.700000000000000178 ) ) ;
#9251 = VECTOR ( 'NONE', #955, 1000.000000000000000 ) ;
#9252 = DIRECTION ( 'NONE',  ( 0.000000000000000000, 0.000000000000000000, -1.000000000000000000 ) ) ;
#9253 = CARTESIAN_POINT ( 'NONE',  ( -19.87006057154225758, -32.37976173738965713, 5.767624415515024694 ) ) ;
#9254 = DIRECTION ( 'NONE',  ( -6.120550899367223059E-14, 1.000000000000000000, 0.000000000000000000 ) ) ;
#9255 = ORIENTED_EDGE ( 'NONE', *, *, #4376, .T. ) ;
#9256 = DIRECTION ( 'NONE',  ( -1.000000000000000000, 0.000000000000000000, 0.000000000000000000 ) ) ;
#9257 = FACE_OUTER_BOUND ( 'NONE', #9319, .T. ) ;
#9258 = CARTESIAN_POINT ( 'NONE',  ( -49.99999999999999289, -28.49999999999999645, 50.00000000000000000 ) ) ;
#9259 = EDGE_LOOP ( 'NONE', ( #1878, #4023, #2171, #11559 ) ) ;
#9260 = AXIS2_PLACEMENT_3D ( 'NONE', #5932, #3256, #10424 ) ;
#9261 = CARTESIAN_POINT ( 'NONE',  ( 25.78279235760479793, -31.79999999999999361, 49.00000000000000000 ) ) ;
#9262 = CARTESIAN_POINT ( 'NONE',  ( 41.00000000000000711, -28.69999999999999574, 11.00000000000000000 ) ) ;
#9263 = LINE ( 'NONE', #11213, #1922 ) ;
#9264 = EDGE_CURVE ( 'NONE', #1585, #2803, #9037, .T. ) ;
#9265 = VERTEX_POINT ( 'NONE', #8897 ) ;
#9266 = EDGE_CURVE ( 'NONE', #2218, #10956, #6935, .T. ) ;
#9267 = LINE ( 'NONE', #9376, #1350 ) ;
#9268 = DIRECTION ( 'NONE',  ( -1.000000000000000000, 0.000000000000000000, 0.000000000000000000 ) ) ;
#9269 = DIRECTION ( 'NONE',  ( 1.137523590804463822E-16, -1.000000000000000000, -0.000000000000000000 ) ) ;
#9270 = ORIENTED_EDGE ( 'NONE', *, *, #2066, .T. ) ;
#9271 = CARTESIAN_POINT ( 'NONE',  ( -33.75542846330701963, -28.99638102446172638, 0.6262136096440096278 ) ) ;
#9272 = CARTESIAN_POINT ( 'NONE',  ( 40.00000000000000711, -37.49999999999999289, 10.50000000000000711 ) ) ;
#9273 = LINE ( 'NONE', #1047, #2708 ) ;
#9274 = VERTEX_POINT ( 'NONE', #8850 ) ;
#9275 = DIRECTION ( 'NONE',  ( -0.9043793566785459648, 2.961030019182800758E-15, -0.4267293981127848190 ) ) ;
#9276 = DIRECTION ( 'NONE',  ( 1.000000000000000000, 0.000000000000000000, 0.000000000000000000 ) ) ;
#9277 = EDGE_LOOP ( 'NONE', ( #11152, #8332, #8693, #10335 ) ) ;
#9278 = ORIENTED_EDGE ( 'NONE', *, *, #5251, .F. ) ;
#9279 = CARTESIAN_POINT ( 'NONE',  ( 30.22273911664989399, -28.77705387759912981, 22.03014576467061403 ) ) ;
#9280 = DIRECTION ( 'NONE',  ( -0.000000000000000000, -1.204669080539449344E-16, -1.000000000000000000 ) ) ;
#9281 = ORIENTED_EDGE ( 'NONE', *, *, #8105, .F. ) ;
#9282 = EDGE_CURVE ( 'NONE', #11567, #4850, #1808, .T. ) ;
#9283 = ADVANCED_FACE ( 'NONE', ( #10628 ), #6868, .T. ) ;
#9284 = DIRECTION ( 'NONE',  ( -1.000000000000000000, 0.000000000000000000, 0.000000000000000000 ) ) ;
#9285 = EDGE_CURVE ( 'NONE', #10872, #6341, #9813, .T. ) ;
#9286 = AXIS2_PLACEMENT_3D ( 'NONE', #1018, #127, #808 ) ;
#9287 = FACE_OUTER_BOUND ( 'NONE', #4384, .T. ) ;
#9288 = CARTESIAN_POINT ( 'NONE',  ( -24.99999999999999289, -36.50000000000000000, 50.00000000000000000 ) ) ;
#9289 = ORIENTED_EDGE ( 'NONE', *, *, #3533, .T. ) ;
#9290 = DIRECTION ( 'NONE',  ( -0.000000000000000000, -0.000000000000000000, 1.000000000000000000 ) ) ;
#9291 = EDGE_LOOP ( 'NONE', ( #4094, #4387, #8953, #5387, #3884 ) ) ;
#9292 = ORIENTED_EDGE ( 'NONE', *, *, #5667, .F. ) ;
#9293 = ADVANCED_FACE ( 'NONE', ( #10515 ), #2456, .F. ) ;
#9294 = ADVANCED_FACE ( 'NONE', ( #8780 ), #10456, .T. ) ;
#9295 = CARTESIAN_POINT ( 'NONE',  ( -24.32813405080370117, -18.81287924088969987, 4.000000000000000000 ) ) ;
#9296 = EDGE_LOOP ( 'NONE', ( #7680, #435 ) ) ;
#9297 = CARTESIAN_POINT ( 'NONE',  ( -48.99999999999999289, -28.49999999999999645, 10.50000000000000533 ) ) ;
#9298 = CARTESIAN_POINT ( 'NONE',  ( -10.39816519068723899, -32.79999999999999716, 6.427855894855588836 ) ) ;
#9299 = CARTESIAN_POINT ( 'NONE',  ( -30.34374955654979189, -28.65613378530464317, 22.18373701118580144 ) ) ;
#9300 = DIRECTION ( 'NONE',  ( -1.000000000000000000, -3.469446951953611033E-15, 3.469446951953611033E-15 ) ) ;
#9301 = ORIENTED_EDGE ( 'NONE', *, *, #10348, .T. ) ;
#9302 = DIRECTION ( 'NONE',  ( 1.000000000000000000, 0.000000000000000000, 0.000000000000000000 ) ) ;
#9303 = CARTESIAN_POINT ( 'NONE',  ( -25.37175490347321016, -11.47180104703813264, 5.700000000000000178 ) ) ;
#9304 = CARTESIAN_POINT ( 'NONE',  ( 3.683776032920596855, -32.79999999999999716, 6.500000000000000888 ) ) ;
#9305 = LINE ( 'NONE', #2141, #3691 ) ;
#9306 = VERTEX_POINT ( 'NONE', #3717 ) ;
#9307 = CARTESIAN_POINT ( 'NONE',  ( 11.47180104703964254, 25.37175490347252094, 4.000000000000000000 ) ) ;
#9308 = DIRECTION ( 'NONE',  ( 0.000000000000000000, 0.000000000000000000, -1.000000000000000000 ) ) ;
#9309 = CARTESIAN_POINT ( 'NONE',  ( 45.00000000000000711, -36.99999999999999289, 50.00000000000000000 ) ) ;
#9310 = ORIENTED_EDGE ( 'NONE', *, *, #2700, .T. ) ;
#9311 = CARTESIAN_POINT ( 'NONE',  ( 31.33058530344166925, 5.559677934801164234, 5.949717696722389704 ) ) ;
#9312 = ORIENTED_EDGE ( 'NONE', *, *, #6492, .F. ) ;
#9313 = CARTESIAN_POINT ( 'NONE',  ( -31.38090234754405117, 7.475726599054663524, 4.585217073777598351 ) ) ;
#9314 = DIRECTION ( 'NONE',  ( 0.000000000000000000, 0.000000000000000000, -1.000000000000000000 ) ) ;
#9315 = VECTOR ( 'NONE', #661, 1000.000000000000000 ) ;
#9316 = CARTESIAN_POINT ( 'NONE',  ( -30.22500549483229904, 6.965246764199703122, 6.000000000000000000 ) ) ;
#9317 = DIRECTION ( 'NONE',  ( 6.120550899367223059E-14, -1.000000000000000000, 0.000000000000000000 ) ) ;
#9318 = CARTESIAN_POINT ( 'NONE',  ( 41.00000000000000711, -37.49999999999999289, 14.00000000000000178 ) ) ;
#9319 = EDGE_LOOP ( 'NONE', ( #7398, #319, #10183, #8341, #5444, #9902 ) ) ;
#9320 = FACE_OUTER_BOUND ( 'NONE', #10356, .T. ) ;
#9321 = DIRECTION ( 'NONE',  ( -0.000000000000000000, -0.000000000000000000, -1.000000000000000000 ) ) ;
#9322 = ORIENTED_EDGE ( 'NONE', *, *, #3577, .F. ) ;
#9323 = ADVANCED_FACE ( 'NONE', ( #3652 ), #9138, .T. ) ;
#9324 = CARTESIAN_POINT ( 'NONE',  ( -30.91399482062599446, -27.99999999999999645, 22.68041234772800152 ) ) ;
#9325 = EDGE_LOOP ( 'NONE', ( #2819, #11121, #7786, #11297 ) ) ;
#9326 = VECTOR ( 'NONE', #7227, 1000.000000000000000 ) ;
#9327 = CARTESIAN_POINT ( 'NONE',  ( -25.91927170679086956, 19.18495017096926603, 4.000000000000000000 ) ) ;
#9328 = DIRECTION ( 'NONE',  ( 0.000000000000000000, 0.000000000000000000, -1.000000000000000000 ) ) ;
#9329 = ORIENTED_EDGE ( 'NONE', *, *, #3590, .F. ) ;
#9330 = EDGE_LOOP ( 'NONE', ( #7129, #9289, #39, #9578, #1420, #5494, #5159, #5310, #5732, #11244, #10268, #10706 ) ) ;
#9331 = DIRECTION ( 'NONE',  ( 0.000000000000000000, 0.000000000000000000, 1.000000000000000000 ) ) ;
#9332 = DIRECTION ( 'NONE',  ( -0.000000000000000000, -0.000000000000000000, 1.000000000000000000 ) ) ;
#9333 = ORIENTED_EDGE ( 'NONE', *, *, #7243, .F. ) ;
#9334 = CARTESIAN_POINT ( 'NONE',  ( 17.10207363691596072, -23.01981910636216710, 4.000000000000000000 ) ) ;
#9335 = EDGE_CURVE ( 'NONE', #7352, #7742, #10940, .T. ) ;
#9336 = EDGE_CURVE ( 'NONE', #7658, #1184, #3133, .T. ) ;
#9337 = CARTESIAN_POINT ( 'NONE',  ( 12.30374153030060036, -27.88417552604656535, 6.000000000000000000 ) ) ;
#9338 = ORIENTED_EDGE ( 'NONE', *, *, #4722, .F. ) ;
#9339 = AXIS2_PLACEMENT_3D ( 'NONE', #787, #10865, #5428 ) ;
#9340 = CARTESIAN_POINT ( 'NONE',  ( -26.23428862949085882, -32.89058434886425175, 49.43766690102227557 ) ) ;
#9341 = EDGE_CURVE ( 'NONE', #11658, #9683, #4430, .T. ) ;
#9342 = EDGE_CURVE ( 'NONE', #2906, #7035, #6175, .T. ) ;
#9343 = ORIENTED_EDGE ( 'NONE', *, *, #9697, .F. ) ;
#9344 = TOROIDAL_SURFACE ( 'NONE', #9753, 3.200000000000001510, 0.2000000000000000111 ) ;
#9345 = VERTEX_POINT ( 'NONE', #1679 ) ;
#9346 = AXIS2_PLACEMENT_3D ( 'NONE', #3036, #3098, #5772 ) ;
#9347 = FACE_OUTER_BOUND ( 'NONE', #8165, .T. ) ;
#9348 = ORIENTED_EDGE ( 'NONE', *, *, #6942, .T. ) ;
#9349 = DIRECTION ( 'NONE',  ( 0.000000000000000000, -0.8994353934787675531, 0.4370537414983364233 ) ) ;
#9350 = CARTESIAN_POINT ( 'NONE',  ( -10.25664074944645066, -32.79999999999999716, 6.427855894855594165 ) ) ;
#9351 = DIRECTION ( 'NONE',  ( 0.000000000000000000, 0.4370537414983364788, 0.8994353934787675531 ) ) ;
#9352 = EDGE_LOOP ( 'NONE', ( #1931, #2647, #384, #10867 ) ) ;
#9353 = ADVANCED_FACE ( 'NONE', ( #857 ), #2770, .T. ) ;
#9354 = FACE_OUTER_BOUND ( 'NONE', #2556, .T. ) ;
#9355 = EDGE_CURVE ( 'NONE', #6536, #6768, #100, .T. ) ;
#9356 = EDGE_CURVE ( 'NONE', #5635, #7319, #5308, .T. ) ;
#9357 = CIRCLE ( 'NONE', #2690, 1.484090461570473307 ) ;
#9358 = VECTOR ( 'NONE', #8410, 1000.000000000000000 ) ;
#9359 = DIRECTION ( 'NONE',  ( -5.941966010906629203E-14, 1.000000000000000000, 0.000000000000000000 ) ) ;
#9360 = CARTESIAN_POINT ( 'NONE',  ( -19.92466727683729388, -32.33878964530757116, 5.745233338337718543 ) ) ;
#9361 = DIRECTION ( 'NONE',  ( -0.000000000000000000, -1.000000000000000000, -0.000000000000000000 ) ) ;
#9362 = ORIENTED_EDGE ( 'NONE', *, *, #2956, .T. ) ;
#9363 = CARTESIAN_POINT ( 'NONE',  ( -19.12410736914864273, -23.73562773868919606, 5.700000000000000178 ) ) ;
#9364 = CARTESIAN_POINT ( 'NONE',  ( -26.48963502442554585, -32.50737079693872289, 49.00000000000000000 ) ) ;
#9365 = CYLINDRICAL_SURFACE ( 'NONE', #7329, 0.5000000000000004441 ) ;
#9366 = DIRECTION ( 'NONE',  ( -0.000000000000000000, -0.000000000000000000, 1.000000000000000000 ) ) ;
#9367 = ORIENTED_EDGE ( 'NONE', *, *, #2199, .T. ) ;
#9368 = CIRCLE ( 'NONE', #2306, 3.500000000000003109 ) ;
#9369 = DIRECTION ( 'NONE',  ( -0.000000000000000000, -0.000000000000000000, 1.000000000000000000 ) ) ;
#9370 = ORIENTED_EDGE ( 'NONE', *, *, #7796, .F. ) ;
#9371 = FACE_OUTER_BOUND ( 'NONE', #489, .T. ) ;
#9372 = AXIS2_PLACEMENT_3D ( 'NONE', #10778, #3431, #5090 ) ;
#9373 = CYLINDRICAL_SURFACE ( 'NONE', #11431, 0.5000000000000004441 ) ;
#9374 = AXIS2_PLACEMENT_3D ( 'NONE', #5074, #557, #4189 ) ;
#9375 = B_SPLINE_CURVE_WITH_KNOTS ( 'NONE', 3,
 ( #11045, #5538, #11109, #7353 ),
 .UNSPECIFIED., .F., .F.,
 ( 4, 4 ),
 ( 0.000000000000000000, 0.0004578151995537090404 ),
 .UNSPECIFIED. ) ;
#9376 = CARTESIAN_POINT ( 'NONE',  ( -26.64689772753529340, -19.39069158978175977, 4.000000000000000000 ) ) ;
#9377 = CYLINDRICAL_SURFACE ( 'NONE', #7904, 10.00000000000000178 ) ;
#9378 = DIRECTION ( 'NONE',  ( -1.000000000000000000, 0.000000000000000000, 0.000000000000000000 ) ) ;
#9379 = VERTEX_POINT ( 'NONE', #10757 ) ;
#9380 = CARTESIAN_POINT ( 'NONE',  ( 17.71788375388311820, 21.48033429508550540, 5.700000000000000178 ) ) ;
#9381 = PLANE ( 'NONE',  #10914 ) ;
#9382 = AXIS2_PLACEMENT_3D ( 'NONE', #6504, #9369, #1203 ) ;
#9383 = LINE ( 'NONE', #4779, #5112 ) ;
#9384 = DIRECTION ( 'NONE',  ( -0.000000000000000000, 0.000000000000000000, 1.000000000000000000 ) ) ;
#9385 = ORIENTED_EDGE ( 'NONE', *, *, #5327, .F. ) ;
#9386 = AXIS2_PLACEMENT_3D ( 'NONE', #3996, #424, #6744 ) ;
#9387 = VECTOR ( 'NONE', #1276, 1000.000000000000000 ) ;
#9388 = PLANE ( 'NONE',  #5694 ) ;
#9389 = CARTESIAN_POINT ( 'NONE',  ( 32.99999999999997868, -29.50000000000000000, 0.5000000000000074385 ) ) ;
#9390 = AXIS2_PLACEMENT_3D ( 'NONE', #5039, #6772, #10477 ) ;
#9391 = ORIENTED_EDGE ( 'NONE', *, *, #8237, .F. ) ;
#9392 = VERTEX_POINT ( 'NONE', #5549 ) ;
#9393 = CARTESIAN_POINT ( 'NONE',  ( 30.51612360056751783, -28.30769996194559823, 21.49359563289034014 ) ) ;
#9394 = CARTESIAN_POINT ( 'NONE',  ( 40.00000000000000711, -36.99999999999999289, 10.50000000000000711 ) ) ;
#9395 = ORIENTED_EDGE ( 'NONE', *, *, #11096, .F. ) ;
#9396 = CARTESIAN_POINT ( 'NONE',  ( -32.99999999999997868, 4.500000000000001776, 1.500000000000003553 ) ) ;
#9397 = TOROIDAL_SURFACE ( 'NONE', #4994, 0.7999999999999999334, 0.2999999999999999889 ) ;
#9398 = AXIS2_PLACEMENT_3D ( 'NONE', #8653, #9613, #4348 ) ;
#9399 = AXIS2_PLACEMENT_3D ( 'NONE', #6812, #5798, #4020 ) ;
#9400 = DIRECTION ( 'NONE',  ( 0.000000000000000000, 0.000000000000000000, -1.000000000000000000 ) ) ;
#9401 = ORIENTED_EDGE ( 'NONE', *, *, #8968, .F. ) ;
#9402 = DIRECTION ( 'NONE',  ( -1.000000000000000000, -0.000000000000000000, 0.000000000000000000 ) ) ;
#9403 = AXIS2_PLACEMENT_3D ( 'NONE', #5688, #1955, #11149 ) ;
#9404 = AXIS2_PLACEMENT_3D ( 'NONE', #1120, #4747, #227 ) ;
#9405 = ORIENTED_EDGE ( 'NONE', *, *, #6510, .F. ) ;
#9406 =( BOUNDED_SURFACE ( )  B_SPLINE_SURFACE ( 3, 2, ( 
 ( #11738, #10898, #48 ),
 ( #2838, #5507, #4629 ),
 ( #3678, #3562, #3614 ),
 ( #8279, #110, #9952 ),
 ( #2791, #1771, #7258 ),
 ( #3736, #6463, #5397 ),
 ( #9050, #880, #6414 ),
 ( #10124, #4513, #5574 ) ),
 .UNSPECIFIED., .F., .F., .F. ) 
 B_SPLINE_SURFACE_WITH_KNOTS ( ( 4, 2, 2, 4 ),
 ( 3, 3 ),
 ( -1.539918366433301600E-12, 0.001879370098094687754, 0.003758740197729293873, 0.007517480396998506113 ),
 ( 0.000000000000000000, 1.000000000000000000 ),
 .UNSPECIFIED. ) 
 GEOMETRIC_REPRESENTATION_ITEM ( )  RATIONAL_B_SPLINE_SURFACE ( (
 ( 1.000000000000000000, 0.7071067811865475727, 1.000000000000000000),
 ( 1.000000000000000000, 0.7071067811865475727, 1.000000000000000000),
 ( 1.000000000000000000, 0.7071067811865471286, 1.000000000000000000),
 ( 1.000000000000000000, 0.7071067811865471286, 1.000000000000000000),
 ( 1.000000000000000000, 0.7071067811865475727, 1.000000000000000000),
 ( 1.000000000000000000, 0.7071067811865475727, 1.000000000000000000),
 ( 1.000000000000000000, 0.7071067811865490160, 1.000000000000000000),
 ( 1.000000000000000000, 0.7071067811865490160, 1.000000000000000000) ) ) 
 REPRESENTATION_ITEM ( '' )  SURFACE ( )  );
#9407 = AXIS2_PLACEMENT_3D ( 'NONE', #4503, #10950, #1752 ) ;
#9408 = VERTEX_POINT ( 'NONE', #8192 ) ;
#9409 = EDGE_CURVE ( 'NONE', #4058, #1630, #6373, .T. ) ;
#9410 = ADVANCED_FACE ( 'NONE', ( #11717 ), #5431, .T. ) ;
#9411 = FACE_OUTER_BOUND ( 'NONE', #4074, .T. ) ;
#9412 = VERTEX_POINT ( 'NONE', #7301 ) ;
#9413 = CARTESIAN_POINT ( 'NONE',  ( -32.99999999999997868, -28.21852687074916943, 22.36322654727371173 ) ) ;
#9414 = VECTOR ( 'NONE', #6757, 1000.000000000000000 ) ;
#9415 = CARTESIAN_POINT ( 'NONE',  ( -20.22343168146353065, -31.18700224837848012, 5.700000000000000178 ) ) ;
#9416 = AXIS2_PLACEMENT_3D ( 'NONE', #3900, #11282, #1213 ) ;
#9417 = DIRECTION ( 'NONE',  ( -0.000000000000000000, -1.000000000000000000, -0.000000000000000000 ) ) ;
#9418 = VERTEX_POINT ( 'NONE', #6396 ) ;
#9419 = CIRCLE ( 'NONE', #96, 2.000000000000000000 ) ;
#9420 = FACE_OUTER_BOUND ( 'NONE', #9831, .T. ) ;
#9421 = AXIS2_PLACEMENT_3D ( 'NONE', #3896, #3992, #11051 ) ;
#9422 = CARTESIAN_POINT ( 'NONE',  ( -20.06313504930739100, -32.20594500464998333, 5.968097795306634978 ) ) ;
#9423 = CARTESIAN_POINT ( 'NONE',  ( -10.39816519068723899, -32.55872636749531779, 4.000000000000000000 ) ) ;
#9424 = ORIENTED_EDGE ( 'NONE', *, *, #116, .F. ) ;
#9425 = EDGE_CURVE ( 'NONE', #6341, #724, #11328, .T. ) ;
#9426 = EDGE_CURVE ( 'NONE', #8840, #9757, #874, .T. ) ;
#9427 = DIRECTION ( 'NONE',  ( 0.000000000000000000, 0.9936804017901482711, -0.1122464213156471741 ) ) ;
#9428 = EDGE_CURVE ( 'NONE', #5141, #8310, #5981, .T. ) ;
#9429 = CARTESIAN_POINT ( 'NONE',  ( -21.80529186682069209, -18.83372836813735418, 5.700000000000000178 ) ) ;
#9430 = CARTESIAN_POINT ( 'NONE',  ( 19.29508843714771871, -31.55872636749531424, 5.000000000000000000 ) ) ;
#9431 = CARTESIAN_POINT ( 'NONE',  ( 30.83653395162788868, 6.113168253163370203, 5.872259822347301039 ) ) ;
#9432 = VERTEX_POINT ( 'NONE', #2821 ) ;
#9433 = DIRECTION ( 'NONE',  ( -1.000000000000000000, 0.000000000000000000, 0.000000000000000000 ) ) ;
#9434 = CARTESIAN_POINT ( 'NONE',  ( 33.99999999999997868, -28.93705374149834597, 21.60056460652123889 ) ) ;
#9435 = AXIS2_PLACEMENT_3D ( 'NONE', #4116, #10673, #3161 ) ;
#9436 = CARTESIAN_POINT ( 'NONE',  ( -30.49999999999997868, 2.139175515927372206, 6.500000000000001776 ) ) ;
#9437 = CARTESIAN_POINT ( 'NONE',  ( 24.74873734152913229, 24.75126265847088547, -37.50000000000001421 ) ) ;
#9438 = CARTESIAN_POINT ( 'NONE',  ( 30.00000000000001776, -37.49999999999999289, 1.000000000000007772 ) ) ;
#9439 = ORIENTED_EDGE ( 'NONE', *, *, #5013, .F. ) ;
#9440 = EDGE_CURVE ( 'NONE', #1086, #10908, #1054, .T. ) ;
#9441 = CARTESIAN_POINT ( 'NONE',  ( 30.49999999999999289, -28.49999999999999645, -55.15136956765560683 ) ) ;
#9442 = CIRCLE ( 'NONE', #7725, 1.000000000000000000 ) ;
#9443 = CARTESIAN_POINT ( 'NONE',  ( 30.14657866658962249, -28.14631460153063358, 6.000000000000000000 ) ) ;
#9444 = CARTESIAN_POINT ( 'NONE',  ( 26.64689772753528274, 19.39069158978175977, 4.000000000000000000 ) ) ;
#9445 = VERTEX_POINT ( 'NONE', #4545 ) ;
#9446 = DIRECTION ( 'NONE',  ( -1.000000000000000000, 0.000000000000000000, 0.000000000000000000 ) ) ;
#9447 = DIRECTION ( 'NONE',  ( -0.000000000000000000, -0.000000000000000000, 1.000000000000000000 ) ) ;
#9448 = ORIENTED_EDGE ( 'NONE', *, *, #7667, .T. ) ;
#9449 = ORIENTED_EDGE ( 'NONE', *, *, #9282, .F. ) ;
#9450 = DIRECTION ( 'NONE',  ( -0.7068426668207459240, -0.7073707969387313943, 0.000000000000000000 ) ) ;
#9451 = DIRECTION ( 'NONE',  ( -1.000000000000000000, 0.000000000000000000, -0.000000000000000000 ) ) ;
#9452 = ORIENTED_EDGE ( 'NONE', *, *, #8951, .F. ) ;
#9453 = CARTESIAN_POINT ( 'NONE',  ( -40.99999999999999289, -28.69999999999999574, 17.00000000000000355 ) ) ;
#9454 = CARTESIAN_POINT ( 'NONE',  ( 25.09839867021182869, -11.34820343485589156, 6.000000000000000000 ) ) ;
#9455 = EDGE_LOOP ( 'NONE', ( #6227, #6470, #7979, #6150, #8367 ) ) ;
#9456 = LINE ( 'NONE', #1281, #3221 ) ;
#9457 = CARTESIAN_POINT ( 'NONE',  ( -26.19678717822447922, -32.79999999998912585, 49.10816262273574040 ) ) ;
#9458 = ORIENTED_EDGE ( 'NONE', *, *, #5380, .F. ) ;
#9459 = ORIENTED_EDGE ( 'NONE', *, *, #7543, .T. ) ;
#9460 = CARTESIAN_POINT ( 'NONE',  ( -10.06680341970203507, -32.62810616607369241, 6.068256683370012894 ) ) ;
#9461 = ORIENTED_EDGE ( 'NONE', *, *, #10245, .T. ) ;
#9462 = DIRECTION ( 'NONE',  ( 1.000000000000000000, 0.000000000000000000, 0.000000000000000000 ) ) ;
#9463 = CARTESIAN_POINT ( 'NONE',  ( 19.82125826932692192, -32.41828246927845214, 6.000000023936163274 ) ) ;
#9464 = EDGE_CURVE ( 'NONE', #8566, #10782, #2958, .T. ) ;
#9465 = CARTESIAN_POINT ( 'NONE',  ( 25.00940007038628821, 19.23943966694289287, 6.000000000000000000 ) ) ;
#9466 = VERTEX_POINT ( 'NONE', #6211 ) ;
#9467 = EDGE_CURVE ( 'NONE', #223, #5817, #4837, .T. ) ;
#9468 = CARTESIAN_POINT ( 'NONE',  ( -22.61091885405205204, 18.89509193117356745, 6.000000000000000888 ) ) ;
#9469 = EDGE_CURVE ( 'NONE', #3267, #9379, #1989, .T. ) ;
#9470 =( BOUNDED_SURFACE ( )  B_SPLINE_SURFACE ( 3, 2, ( 
 ( #3176, #4952, #216 ),
 ( #10242, #2285, #11360 ),
 ( #10345, #1161, #7551 ),
 ( #5791, #4012, #11236 ),
 ( #3058, #4899, #11188 ),
 ( #6697, #6807, #2963 ),
 ( #3009, #2059, #10403 ),
 ( #8551, #9566, #8611 ),
 ( #6640, #10291, #2225 ),
 ( #3849, #282, #4854 ) ),
 .UNSPECIFIED., .F., .F., .T. ) 
 B_SPLINE_SURFACE_WITH_KNOTS ( ( 4, 2, 2, 2, 4 ),
 ( 3, 3 ),
 ( 3.258247673784106180, 3.621783000434252386, 3.985318327084398149, 4.348853653734543911, 4.712388980384689674 ),
 ( 0.000000000000000000, 1.000000000000000000 ),
 .UNSPECIFIED. ) 
 GEOMETRIC_REPRESENTATION_ITEM ( )  RATIONAL_B_SPLINE_SURFACE ( (
 ( 1.000000000000000000, 0.8467831223684771924, 1.000000000000000000),
 ( 1.000000000000000000, 0.8449697452848581314, 1.000000000000000000),
 ( 1.000000000000000000, 0.8402973639626452051, 1.000000000000000000),
 ( 1.000000000000000000, 0.8256114129077811725, 1.000000000000000000),
 ( 1.000000000000000000, 0.8155901956868405467, 1.000000000000000000),
 ( 1.000000000000000000, 0.7909605110130137895, 1.000000000000000000),
 ( 1.000000000000000000, 0.7763498836771629552, 1.000000000000000000),
 ( 1.000000000000000000, 0.7437868777127030206, 1.000000000000000000),
 ( 1.000000000000000000, 0.7258409751604322224, 1.000000000000000000),
 ( 1.000000000000000000, 0.7071067811865475727, 1.000000000000000000) ) ) 
 REPRESENTATION_ITEM ( '' )  SURFACE ( )  );
#9471 = VERTEX_POINT ( 'NONE', #10223 ) ;
#9472 = LINE ( 'NONE', #11667, #879 ) ;
#9473 = DIRECTION ( 'NONE',  ( 0.000000000000000000, 0.000000000000000000, -1.000000000000000000 ) ) ;
#9474 = ORIENTED_EDGE ( 'NONE', *, *, #7101, .T. ) ;
#9475 = CARTESIAN_POINT ( 'NONE',  ( 10.40005347590610540, -31.05872636749532134, 5.000000000000000000 ) ) ;
#9476 = CARTESIAN_POINT ( 'NONE',  ( 30.37760673426212321, -28.62230188570046963, 21.57402752746417818 ) ) ;
#9477 = PLANE ( 'NONE',  #11321 ) ;
#9478 = DIRECTION ( 'NONE',  ( -0.000000000000000000, -0.000000000000000000, 1.000000000000000000 ) ) ;
#9479 = ORIENTED_EDGE ( 'NONE', *, *, #840, .T. ) ;
#9480 = EDGE_CURVE ( 'NONE', #6216, #7540, #8659, .T. ) ;
#9481 = DIRECTION ( 'NONE',  ( 0.9971117258661660321, -0.07594870729772684737, 0.000000000000000000 ) ) ;
#9482 = CARTESIAN_POINT ( 'NONE',  ( -31.49999999999997868, 6.873545414602046044, 5.311283072019664431 ) ) ;
#9483 = ADVANCED_FACE ( 'NONE', ( #10386 ), #4716, .T. ) ;
#9484 = DIRECTION ( 'NONE',  ( -0.000000000000000000, -1.000000000000000000, 0.000000000000000000 ) ) ;
#9485 = ADVANCED_FACE ( 'NONE', ( #2881 ), #8491, .F. ) ;
#9486 = EDGE_CURVE ( 'NONE', #9033, #1070, #3713, .T. ) ;
#9487 = CARTESIAN_POINT ( 'NONE',  ( -30.74040364474572584, 5.683815056342077732, 5.999999999999998224 ) ) ;
#9488 = CARTESIAN_POINT ( 'NONE',  ( 0.000000000000000000, -32.29999999999999716, 6.500000000000000888 ) ) ;
#9489 = ORIENTED_EDGE ( 'NONE', *, *, #9065, .T. ) ;
#9490 = DIRECTION ( 'NONE',  ( -0.5759658754150147608, -0.8174737367997920723, 0.000000000000000000 ) ) ;
#9491 = DIRECTION ( 'NONE',  ( -1.000000000000000000, 0.000000000000000000, 0.000000000000000000 ) ) ;
#9492 = DIRECTION ( 'NONE',  ( -0.000000000000000000, -0.000000000000000000, 1.000000000000000000 ) ) ;
#9493 = DIRECTION ( 'NONE',  ( 1.000000000000000000, 0.000000000000000000, 0.000000000000000000 ) ) ;
#9494 = ORIENTED_EDGE ( 'NONE', *, *, #11554, .T. ) ;
#9495 = AXIS2_PLACEMENT_3D ( 'NONE', #9692, #695, #2472 ) ;
#9496 = AXIS2_PLACEMENT_3D ( 'NONE', #2075, #5031, #8405 ) ;
#9497 = EDGE_CURVE ( 'NONE', #5638, #3487, #2092, .T. ) ;
#9498 = CARTESIAN_POINT ( 'NONE',  ( -30.50704413230706891, -28.49296112691261484, 21.52808584104608869 ) ) ;
#9499 = CARTESIAN_POINT ( 'NONE',  ( 33.99999999999997868, -28.00000000000000000, 1.500000000000007327 ) ) ;
#9500 = EDGE_CURVE ( 'NONE', #10230, #7131, #2080, .T. ) ;
#9501 = ORIENTED_EDGE ( 'NONE', *, *, #11369, .T. ) ;
#9502 = ORIENTED_EDGE ( 'NONE', *, *, #4822, .T. ) ;
#9503 = CARTESIAN_POINT ( 'NONE',  ( 32.11446515967846693, -36.99999999999999289, 50.00000000000000000 ) ) ;
#9504 = DIRECTION ( 'NONE',  ( -1.137523590804463822E-16, 1.000000000000000000, 0.000000000000000000 ) ) ;
#9505 = ORIENTED_EDGE ( 'NONE', *, *, #8766, .F. ) ;
#9506 = LINE ( 'NONE', #11298, #1068 ) ;
#9507 = VECTOR ( 'NONE', #7115, 999.9999999999998863 ) ;
#9508 = FACE_OUTER_BOUND ( 'NONE', #7840, .T. ) ;
#9509 = FACE_OUTER_BOUND ( 'NONE', #8218, .T. ) ;
#9510 = ORIENTED_EDGE ( 'NONE', *, *, #687, .F. ) ;
#9511 = DIRECTION ( 'NONE',  ( 0.000000000000000000, 1.000000000000000000, 0.000000000000000000 ) ) ;
#9512 = DIRECTION ( 'NONE',  ( 0.000000000000000000, 0.000000000000000000, -1.000000000000000000 ) ) ;
#9513 = VECTOR ( 'NONE', #560, 1000.000000000000000 ) ;
#9514 = ORIENTED_EDGE ( 'NONE', *, *, #5562, .T. ) ;
#9515 = ORIENTED_EDGE ( 'NONE', *, *, #10363, .F. ) ;
#9516 = CARTESIAN_POINT ( 'NONE',  ( -9.836931455542107017, -32.79999999999999716, 6.481213226586976184 ) ) ;
#9517 = ORIENTED_EDGE ( 'NONE', *, *, #7604, .T. ) ;
#9518 = CARTESIAN_POINT ( 'NONE',  ( -26.34065101359200511, -37.00000000000000000, 49.50000000000000000 ) ) ;
#9519 = DIRECTION ( 'NONE',  ( 0.7073707969387349470, -0.7068426668207424823, 4.901041632967766671E-15 ) ) ;
#9520 = TOROIDAL_SURFACE ( 'NONE', #4378, 0.7999999999999999334, 0.2999999999999999889 ) ;
#9521 = CARTESIAN_POINT ( 'NONE',  ( -19.49999999999999289, -37.00000000000000000, 44.00000000000000711 ) ) ;
#9522 = EDGE_LOOP ( 'NONE', ( #6592, #4438, #7183, #10225 ) ) ;
#9523 = CARTESIAN_POINT ( 'NONE',  ( -23.41345816804110314, 18.99648855928574775, 6.000000000000000888 ) ) ;
#9524 = CIRCLE ( 'NONE', #4389, 0.7999999999999986011 ) ;
#9525 = EDGE_LOOP ( 'NONE', ( #3901, #7691, #6203, #5091, #2288, #1863, #10198 ) ) ;
#9526 = FACE_OUTER_BOUND ( 'NONE', #6327, .T. ) ;
#9527 = DIRECTION ( 'NONE',  ( 0.000000000000000000, 0.000000000000000000, 1.000000000000000000 ) ) ;
#9528 = ORIENTED_EDGE ( 'NONE', *, *, #7983, .F. ) ;
#9529 = DIRECTION ( 'NONE',  ( 0.000000000000000000, -1.000000000000000000, 0.000000000000000000 ) ) ;
#9530 = CARTESIAN_POINT ( 'NONE',  ( -10.27471194375689478, -32.55872636749530358, 5.855295988588225420 ) ) ;
#9532 = AXIS2_PLACEMENT_3D ( 'NONE', #9258, #2035, #78 ) ;
#9531 = DIRECTION ( 'NONE',  ( 0.000000000000000000, 0.000000000000000000, 1.000000000000000000 ) ) ;
#9533 = DIRECTION ( 'NONE',  ( -0.000000000000000000, -0.000000000000000000, 1.000000000000000000 ) ) ;
#9534 = ORIENTED_EDGE ( 'NONE', *, *, #8766, .T. ) ;
#9535 = AXIS2_PLACEMENT_3D ( 'NONE', #1389, #5127, #5068 ) ;
#9536 = CARTESIAN_POINT ( 'NONE',  ( 18.83372836813864382, 21.80529186681958720, 5.700000000000000178 ) ) ;
#9537 = CARTESIAN_POINT ( 'NONE',  ( -30.49999999999997868, 2.139175515927372206, 6.500000000000001776 ) ) ;
#9538 = VECTOR ( 'NONE', #11799, 1000.000000000000000 ) ;
#9539 = DIRECTION ( 'NONE',  ( -1.000000000000000000, 0.000000000000000000, 0.000000000000000000 ) ) ;
#9540 = AXIS2_PLACEMENT_3D ( 'NONE', #4657, #961, #3642 ) ;
#9541 = DIRECTION ( 'NONE',  ( 0.000000000000000000, 0.000000000000000000, -1.000000000000000000 ) ) ;
#9542 = TOROIDAL_SURFACE ( 'NONE', #5909, 2.799999999999998934, 0.2000000000000000111 ) ;
#9543 = DIRECTION ( 'NONE',  ( -0.000000000000000000, -0.000000000000000000, 1.000000000000000000 ) ) ;
#9544 = CARTESIAN_POINT ( 'NONE',  ( -30.74512848119494279, -28.24634548648489130, 21.99414047527504223 ) ) ;
#9545 = ORIENTED_EDGE ( 'NONE', *, *, #1115, .F. ) ;
#9546 = ADVANCED_FACE ( 'NONE', ( #1144 ), #9377, .F. ) ;
#9547 = EDGE_CURVE ( 'NONE', #10233, #2655, #5782, .T. ) ;
#9548 = CARTESIAN_POINT ( 'NONE',  ( -30.51337204287212757, 7.043355396594631834, 5.999999999999999112 ) ) ;
#9549 = DIRECTION ( 'NONE',  ( 0.000000000000000000, -0.000000000000000000, 1.000000000000000000 ) ) ;
#9550 = TOROIDAL_SURFACE ( 'NONE', #1741, 3.200000000000001510, 0.2000000000000000111 ) ;
#9551 = DIRECTION ( 'NONE',  ( 0.000000000000000000, 1.000000000000000000, -1.204669080539449344E-16 ) ) ;
#9552 = DIRECTION ( 'NONE',  ( -1.000000000000000000, 0.000000000000000000, 0.000000000000000000 ) ) ;
#9553 = ORIENTED_EDGE ( 'NONE', *, *, #6438, .T. ) ;
#9554 = EDGE_CURVE ( 'NONE', #10782, #4800, #4774, .T. ) ;
#9555 = AXIS2_PLACEMENT_3D ( 'NONE', #5410, #5587, #4752 ) ;
#9556 = CIRCLE ( 'NONE', #2123, 1.000000000000000666 ) ;
#9557 = CARTESIAN_POINT ( 'NONE',  ( 29.49925283214669491, -29.50000000000000000, 49.00000000000000000 ) ) ;
#9558 = CARTESIAN_POINT ( 'NONE',  ( 41.00000000000001421, -37.29999999999999005, 40.50000000000000000 ) ) ;
#9559 = CARTESIAN_POINT ( 'NONE',  ( -17.10183990712793545, -23.02410380878311358, 4.000000000000000000 ) ) ;
#9560 = ORIENTED_EDGE ( 'NONE', *, *, #4318, .F. ) ;
#9561 = CARTESIAN_POINT ( 'NONE',  ( -34.49999999999997868, -28.49999999999999645, 1.500000000000007550 ) ) ;
#9562 = CIRCLE ( 'NONE', #7278, 0.2999999999999999334 ) ;
#9563 = FACE_OUTER_BOUND ( 'NONE', #7818, .T. ) ;
#9564 = CARTESIAN_POINT ( 'NONE',  ( 40.00000000000000711, -28.49999999999999645, 1.500000000000007550 ) ) ;
#9565 = ORIENTED_EDGE ( 'NONE', *, *, #10284, .F. ) ;
#9566 = CARTESIAN_POINT ( 'NONE',  ( 33.83981073140424911, 5.595569762660590918, 5.932277135934119983 ) ) ;
#9567 = EDGE_CURVE ( 'NONE', #6650, #6216, #3039, .T. ) ;
#9568 = ADVANCED_FACE ( 'NONE', ( #5830 ), #5223, .T. ) ;
#9569 = ADVANCED_FACE ( 'NONE', ( #8312 ), #6676, .F. ) ;
#9570 = CARTESIAN_POINT ( 'NONE',  ( -27.28294234767776771, 11.34689094264126119, 5.700000000000000178 ) ) ;
#9571 = ADVANCED_FACE ( 'NONE', ( #2991 ), #4883, .F. ) ;
#9572 = CARTESIAN_POINT ( 'NONE',  ( 27.34873734153059388, -24.74873734152912519, 0.1999999999999987899 ) ) ;
#9573 = VERTEX_POINT ( 'NONE', #7410 ) ;
#9574 = AXIS2_PLACEMENT_3D ( 'NONE', #9261, #1861, #10158 ) ;
#9575 = CARTESIAN_POINT ( 'NONE',  ( 32.99999999999997868, -15.11415481290157814, 15.25434296220034902 ) ) ;
#9576 = CARTESIAN_POINT ( 'NONE',  ( 29.99999999999997868, 3.757671719807774036, 5.999999999999999112 ) ) ;
#9577 = B_SPLINE_CURVE_WITH_KNOTS ( 'NONE', 3,
 ( #1190, #9304, #10211, #1131 ),
 .UNSPECIFIED., .F., .F.,
 ( 4, 4 ),
 ( 0.000000000000000000, 0.0006593828373770919526 ),
 .UNSPECIFIED. ) ;
#9578 = ORIENTED_EDGE ( 'NONE', *, *, #6840, .F. ) ;
#9579 = VECTOR ( 'NONE', #5048, 1000.000000000000000 ) ;
#9580 = VERTEX_POINT ( 'NONE', #197 ) ;
#9581 = DIRECTION ( 'NONE',  ( -0.000000000000000000, -0.000000000000000000, 1.000000000000000000 ) ) ;
#9582 = AXIS2_PLACEMENT_3D ( 'NONE', #8567, #5863, #521 ) ;
#9583 = CARTESIAN_POINT ( 'NONE',  ( -10.08398982990909154, -32.80000000000035953, 6.218295179198352507 ) ) ;
#9584 = ORIENTED_EDGE ( 'NONE', *, *, #3138, .F. ) ;
#9585 = ADVANCED_FACE ( 'NONE', ( #3829 ), #11150, .T. ) ;
#9586 = FACE_OUTER_BOUND ( 'NONE', #176, .T. ) ;
#9587 = DIRECTION ( 'NONE',  ( 0.000000000000000000, 0.000000000000000000, 1.000000000000000000 ) ) ;
#9588 = B_SPLINE_CURVE_WITH_KNOTS ( 'NONE', 3,
 ( #5189, #10622, #6856, #4180, #1618, #3402 ),
 .UNSPECIFIED., .F., .F.,
 ( 4, 2, 4 ),
 ( 0.000000000000000000, 0.0005932954589543521472, 0.001186590917908704294 ),
 .UNSPECIFIED. ) ;
#9589 = CARTESIAN_POINT ( 'NONE',  ( -24.75126265847086771, 24.75126265846941820, 0.000000000000000000 ) ) ;
#9590 = ORIENTED_EDGE ( 'NONE', *, *, #6438, .F. ) ;
#9591 = VECTOR ( 'NONE', #8685, 1000.000000000000000 ) ;
#9592 = CIRCLE ( 'NONE', #2926, 0.8535533905932729537 ) ;
#9593 = CYLINDRICAL_SURFACE ( 'NONE', #2340, 0.9999999999999998890 ) ;
#9594 = AXIS2_PLACEMENT_3D ( 'NONE', #3738, #2732, #4566 ) ;
#9595 = EDGE_LOOP ( 'NONE', ( #11019, #5607, #5624, #92 ) ) ;
#9596 = AXIS2_PLACEMENT_3D ( 'NONE', #5133, #1506, #3300 ) ;
#9597 = DIRECTION ( 'NONE',  ( -0.6363104671251521571, -0.7714330751445460654, 0.000000000000000000 ) ) ;
#9598 = AXIS2_PLACEMENT_3D ( 'NONE', #7850, #1412, #10410 ) ;
#9599 = DIRECTION ( 'NONE',  ( -1.000000000000000000, -2.664535259100375303E-15, 0.000000000000000000 ) ) ;
#9600 = EDGE_LOOP ( 'NONE', ( #11184, #2711, #6445, #190, #11043 ) ) ;
#9601 = DIRECTION ( 'NONE',  ( 1.000000000000000000, 0.000000000000000000, 0.000000000000000000 ) ) ;
#9602 = CARTESIAN_POINT ( 'NONE',  ( -30.91399482062599446, -28.49999999999999645, 21.38819140624177706 ) ) ;
#9603 = DIRECTION ( 'NONE',  ( 0.000000000000000000, 0.000000000000000000, -1.000000000000000000 ) ) ;
#9604 = ADVANCED_FACE ( 'NONE', ( #2442 ), #2263, .F. ) ;
#9605 = CYLINDRICAL_SURFACE ( 'NONE', #10684, 0.3000000000000016542 ) ;
#9606 = ORIENTED_EDGE ( 'NONE', *, *, #8820, .F. ) ;
#9607 = CARTESIAN_POINT ( 'NONE',  ( 30.58842748952984181, 6.583199850046833390, 5.999999999998723688 ) ) ;
#9608 = CARTESIAN_POINT ( 'NONE',  ( 26.33034351535736306, -33.12260388408935086, 49.75127986369940913 ) ) ;
#9609 = DIRECTION ( 'NONE',  ( 0.000000000000000000, 0.000000000000000000, -1.000000000000000000 ) ) ;
#9610 = AXIS2_PLACEMENT_3D ( 'NONE', #8722, #11474, #9629 ) ;
#9611 = CARTESIAN_POINT ( 'NONE',  ( -30.83653395162786026, 6.113168253163377308, 5.872259822347301927 ) ) ;
#9612 = CARTESIAN_POINT ( 'NONE',  ( -30.97093223729482503, -28.18832546014209584, 22.19489385547300841 ) ) ;
#9613 = DIRECTION ( 'NONE',  ( -0.000000000000000000, -0.000000000000000000, 1.000000000000000000 ) ) ;
#9614 = ORIENTED_EDGE ( 'NONE', *, *, #9486, .T. ) ;
#9615 =( BOUNDED_SURFACE ( )  B_SPLINE_SURFACE ( 3, 2, ( 
 ( #6800, #4001, #5011 ),
 ( #8661, #10282, #2103 ),
 ( #1270, #1320, #7648 ),
 ( #491, #9498, #11182 ) ),
 .UNSPECIFIED., .F., .F., .F. ) 
 B_SPLINE_SURFACE_WITH_KNOTS ( ( 4, 4 ),
 ( 3, 3 ),
 ( 2.729282690949661472, 2.909099910652703791 ),
 ( 0.000000000000000000, 1.000000000000000000 ),
 .UNSPECIFIED. ) 
 GEOMETRIC_REPRESENTATION_ITEM ( )  RATIONAL_B_SPLINE_SURFACE ( (
 ( 1.000000000000000000, 0.9238080609143725086, 1.000000000000000000),
 ( 1.000000000000000000, 0.9288230485230802858, 1.000000000000000000),
 ( 1.000000000000000000, 0.9327650768344268872, 1.000000000000000000),
 ( 1.000000000000000000, 0.9356117878982695979, 1.000000000000000000) ) ) 
 REPRESENTATION_ITEM ( '' )  SURFACE ( )  );
#9616 = DIRECTION ( 'NONE',  ( 1.000000000000000000, 0.000000000000000000, 1.224646799147353207E-16 ) ) ;
#9617 = FACE_OUTER_BOUND ( 'NONE', #8501, .T. ) ;
#9618 = CARTESIAN_POINT ( 'NONE',  ( 34.31067958716355548, -28.49999999999999645, 21.98512320647635931 ) ) ;
#9619 = ORIENTED_EDGE ( 'NONE', *, *, #3452, .T. ) ;
#9620 = EDGE_CURVE ( 'NONE', #11608, #1173, #4479, .T. ) ;
#9621 = DIRECTION ( 'NONE',  ( -1.000000000000000000, 0.000000000000000000, 0.000000000000000000 ) ) ;
#9622 = DIRECTION ( 'NONE',  ( 0.6363104671251841316, -0.7714330751445194201, 0.000000000000000000 ) ) ;
#9623 = DIRECTION ( 'NONE',  ( -1.000000000000000000, 0.000000000000000000, 0.000000000000000000 ) ) ;
#9624 = EDGE_CURVE ( 'NONE', #11642, #3886, #3324, .T. ) ;
#9625 = EDGE_CURVE ( 'NONE', #460, #4483, #10017, .T. ) ;
#9626 = EDGE_LOOP ( 'NONE', ( #1642, #5436, #9930, #6701 ) ) ;
#9627 = CARTESIAN_POINT ( 'NONE',  ( -32.78311371232734217, 5.874732974649285566, 5.796626118447981924 ) ) ;
#9628 = TOROIDAL_SURFACE ( 'NONE', #3334, 25.25000000000000355, 0.5000000000000000000 ) ;
#9629 = DIRECTION ( 'NONE',  ( 0.7714330751445506174, 0.6363104671251464950, 0.000000000000000000 ) ) ;
#9630 = CARTESIAN_POINT ( 'NONE',  ( -30.49999999999997868, 7.500000000000001776, 0.5000000000000029976 ) ) ;
#9631 = ORIENTED_EDGE ( 'NONE', *, *, #9624, .T. ) ;
#9632 = CARTESIAN_POINT ( 'NONE',  ( -33.19638493238213783, -28.49999999999999645, 22.81294424399708376 ) ) ;
#9633 = DIRECTION ( 'NONE',  ( 0.000000000000000000, 0.000000000000000000, -1.000000000000000000 ) ) ;
#9634 = CYLINDRICAL_SURFACE ( 'NONE', #10900, 0.5000000000000004441 ) ;
#9635 = ORIENTED_EDGE ( 'NONE', *, *, #7650, .T. ) ;
#9636 = CIRCLE ( 'NONE', #4494, 0.1999999999999987899 ) ;
#9637 = DIRECTION ( 'NONE',  ( 1.000000000000000000, 1.137523590804463822E-16, 0.000000000000000000 ) ) ;
#9638 = CYLINDRICAL_SURFACE ( 'NONE', #3113, 0.3000000000000016542 ) ;
#9639 = ADVANCED_FACE ( 'NONE', ( #7758 ), #7883, .F. ) ;
#9640 = EDGE_LOOP ( 'NONE', ( #7672, #11663, #1659, #9962 ) ) ;
#9641 = ADVANCED_FACE ( 'NONE', ( #2388 ), #11344, .F. ) ;
#9642 = ORIENTED_EDGE ( 'NONE', *, *, #10822, .F. ) ;
#9643 = CARTESIAN_POINT ( 'NONE',  ( -14.73077542423060571, -25.46196682874339956, 5.699999999999999289 ) ) ;
#9644 = VERTEX_POINT ( 'NONE', #4233 ) ;
#9645 = CYLINDRICAL_SURFACE ( 'NONE', #5548, 0.5000000000000004441 ) ;
#9646 = CARTESIAN_POINT ( 'NONE',  ( 32.99999999999997868, -14.92566479627882714, 15.90395760256573610 ) ) ;
#9647 = DIRECTION ( 'NONE',  ( -0.000000000000000000, -0.000000000000000000, 1.000000000000000000 ) ) ;
#9648 = ORIENTED_EDGE ( 'NONE', *, *, #1668, .T. ) ;
#9649 = LINE ( 'NONE', #4463, #3677 ) ;
#9650 = ADVANCED_FACE ( 'NONE', ( #11394 ), #5882, .F. ) ;
#9651 = ADVANCED_FACE ( 'NONE', ( #4170 ), #5036, .T. ) ;
#9652 = ORIENTED_EDGE ( 'NONE', *, *, #11771, .T. ) ;
#9653 = DIRECTION ( 'NONE',  ( -1.224646799147353207E-16, -1.393064624433290081E-32, 1.000000000000000000 ) ) ;
#9654 = CARTESIAN_POINT ( 'NONE',  ( 30.37760673426098634, -28.62230188570160649, 21.57402752746281038 ) ) ;
#9655 = ORIENTED_EDGE ( 'NONE', *, *, #5693, .F. ) ;
#9656 = CARTESIAN_POINT ( 'NONE',  ( 10.22889998686929935, -32.55872637139137993, 6.000000002355962536 ) ) ;
#9657 = CARTESIAN_POINT ( 'NONE',  ( 18.60168694398817024, 22.70891192217943555, 4.000000000000000000 ) ) ;
#9658 = VECTOR ( 'NONE', #1189, 1000.000000000000000 ) ;
#9659 = CARTESIAN_POINT ( 'NONE',  ( 0.000000000000000000, 0.000000000000000000, 5.700000000000000178 ) ) ;
#9660 = ORIENTED_EDGE ( 'NONE', *, *, #8820, .T. ) ;
#9661 = CARTESIAN_POINT ( 'NONE',  ( -21.86605083265882854, 18.03603898744441381, 4.000000000000000000 ) ) ;
#9662 = DIRECTION ( 'NONE',  ( 1.000000000000000000, 0.000000000000000000, 0.000000000000000000 ) ) ;
#9663 = CARTESIAN_POINT ( 'NONE',  ( 24.74873734152913229, 24.75126265847088547, 0.1999999999999987899 ) ) ;
#9664 = DIRECTION ( 'NONE',  ( 0.000000000000000000, 0.000000000000000000, -1.000000000000000000 ) ) ;
#9665 = CARTESIAN_POINT ( 'NONE',  ( -30.55850874391553518, -28.29705851526231797, 21.67714569429858074 ) ) ;
#9666 = ORIENTED_EDGE ( 'NONE', *, *, #969, .F. ) ;
#9667 = CARTESIAN_POINT ( 'NONE',  ( -34.00000000019528557, -28.49999999980502352, 1.437244406001252583 ) ) ;
#9668 = DIRECTION ( 'NONE',  ( 1.000000000000000000, 1.137523590804463822E-16, 0.000000000000000000 ) ) ;
#9669 = CARTESIAN_POINT ( 'NONE',  ( -10.25434530100800501, -32.64920397968455745, 6.070005953438161406 ) ) ;
#9670 = LINE ( 'NONE', #6798, #4577 ) ;
#9671 = VERTEX_POINT ( 'NONE', #10497 ) ;
#9672 = CARTESIAN_POINT ( 'NONE',  ( 21.82807647900999370, -18.53459485037749843, 4.000000000000000000 ) ) ;
#9673 = CARTESIAN_POINT ( 'NONE',  ( 30.28035250798944844, -28.71948350099426506, 21.79099762469656909 ) ) ;
#9674 = DIRECTION ( 'NONE',  ( 0.7071067811865475727, 0.7071067811865475727, 0.000000000000000000 ) ) ;
#9675 = ORIENTED_EDGE ( 'NONE', *, *, #1452, .F. ) ;
#9676 = CARTESIAN_POINT ( 'NONE',  ( -31.47351802014870259, 6.895249532782131041, 5.300736604618776937 ) ) ;
#9677 = DIRECTION ( 'NONE',  ( -0.000000000000000000, -0.000000000000000000, 1.000000000000000000 ) ) ;
#9678 = CARTESIAN_POINT ( 'NONE',  ( 0.000000000000000000, 0.000000000000000000, 4.000000000000000000 ) ) ;
#9679 = ORIENTED_EDGE ( 'NONE', *, *, #1396, .F. ) ;
#9680 = ADVANCED_FACE ( 'NONE', ( #6847 ), #796, .F. ) ;
#9681 = DIRECTION ( 'NONE',  ( 0.000000000000000000, 0.000000000000000000, 1.000000000000000000 ) ) ;
#9682 = DIRECTION ( 'NONE',  ( 6.120550899367223059E-14, 1.000000000000000000, -0.000000000000000000 ) ) ;
#9683 = VERTEX_POINT ( 'NONE', #5056 ) ;
#9684 = CARTESIAN_POINT ( 'NONE',  ( -40.99999999999999289, -28.49999999999999645, 14.00000000000000178 ) ) ;
#9685 = ORIENTED_EDGE ( 'NONE', *, *, #7016, .F. ) ;
#9686 = CARTESIAN_POINT ( 'NONE',  ( 23.45351630345750138, 18.69899664557418362, 5.699999999999999289 ) ) ;
#9687 = CARTESIAN_POINT ( 'NONE',  ( 26.28294234767779969, -11.88379308764559106, 5.700000000000000178 ) ) ;
#9688 = ORIENTED_EDGE ( 'NONE', *, *, #8237, .T. ) ;
#9689 = CIRCLE ( 'NONE', #546, 0.7999999999999986011 ) ;
#9690 = ORIENTED_EDGE ( 'NONE', *, *, #2476, .F. ) ;
#9691 = EDGE_CURVE ( 'NONE', #8946, #4794, #7713, .T. ) ;
#9692 = CARTESIAN_POINT ( 'NONE',  ( 0.000000000000000000, -27.99999999999999645, 22.81294424401308873 ) ) ;
#9693 = VERTEX_POINT ( 'NONE', #11572 ) ;
#9694 = CARTESIAN_POINT ( 'NONE',  ( 30.91399482062600512, -29.50000000000000000, 49.00000000000000000 ) ) ;
#9695 = VERTEX_POINT ( 'NONE', #6132 ) ;
#9696 = ADVANCED_FACE ( 'NONE', ( #9794 ), #6791, .F. ) ;
#9697 = EDGE_CURVE ( 'NONE', #6174, #11732, #2015, .T. ) ;
#9698 = CARTESIAN_POINT ( 'NONE',  ( 0.000000000000000000, -32.29999999999999716, 6.427855894855588836 ) ) ;
#9699 = CARTESIAN_POINT ( 'NONE',  ( -27.55126265847086842, 24.75126265846941820, 5.799999999999999822 ) ) ;
#9700 = ORIENTED_EDGE ( 'NONE', *, *, #2495, .T. ) ;
#9701 = EDGE_CURVE ( 'NONE', #9237, #9714, #3745, .T. ) ;
#9702 = AXIS2_PLACEMENT_3D ( 'NONE', #2987, #1981, #8581 ) ;
#9703 = DIRECTION ( 'NONE',  ( -1.000000000000000000, 5.782411586589324585E-14, 0.000000000000000000 ) ) ;
#9704 = ORIENTED_EDGE ( 'NONE', *, *, #3260, .T. ) ;
#9705 = CIRCLE ( 'NONE', #3800, 3.200000000000001510 ) ;
#9706 = DIRECTION ( 'NONE',  ( 0.000000000000000000, 0.000000000000000000, -1.000000000000000000 ) ) ;
#9707 = ORIENTED_EDGE ( 'NONE', *, *, #9480, .T. ) ;
#9708 = PLANE ( 'NONE',  #3063 ) ;
#9709 = CARTESIAN_POINT ( 'NONE',  ( 25.25000000000000355, 3.092233167847067224E-15, 2.168404344971008868E-16 ) ) ;
#9710 = CARTESIAN_POINT ( 'NONE',  ( 33.99999999999997868, -28.21852687074916943, 22.36322654727370818 ) ) ;
#9711 = EDGE_CURVE ( 'NONE', #199, #10297, #9820, .T. ) ;
#9712 = EDGE_CURVE ( 'NONE', #8546, #1696, #10023, .T. ) ;
#9713 = PLANE ( 'NONE',  #9171 ) ;
#9714 = VERTEX_POINT ( 'NONE', #2573 ) ;
#9715 = EDGE_CURVE ( 'NONE', #7247, #5626, #8106, .T. ) ;
#9716 = FACE_OUTER_BOUND ( 'NONE', #3791, .T. ) ;
#9717 = CARTESIAN_POINT ( 'NONE',  ( 26.61078199885682238, -33.79999999999999716, 50.00000000000000000 ) ) ;
#9718 = AXIS2_PLACEMENT_3D ( 'NONE', #1620, #8950, #5192 ) ;
#9719 = LINE ( 'NONE', #7029, #1913 ) ;
#9720 = B_SPLINE_CURVE_WITH_KNOTS ( 'NONE', 3,
 ( #9183, #4705, #128, #5528, #6494, #3812 ),
 .UNSPECIFIED., .F., .F.,
 ( 4, 2, 4 ),
 ( 0.000000000000000000, 0.0005933979136653314999, 0.001186795827330663000 ),
 .UNSPECIFIED. ) ;
#9721 = EDGE_CURVE ( 'NONE', #10297, #2481, #2581, .T. ) ;
#9722 = FACE_OUTER_BOUND ( 'NONE', #11103, .T. ) ;
#9723 = CIRCLE ( 'NONE', #11633, 2.000000000000000000 ) ;
#9724 = CARTESIAN_POINT ( 'NONE',  ( 40.00000000000000711, -29.50000000000000000, 0.5000000000000074385 ) ) ;
#9725 = PRODUCT ( 'ST-M4', 'ST-M4', '', ( #4421 ) ) ;
#9726 = ORIENTED_EDGE ( 'NONE', *, *, #2867, .F. ) ;
#9727 = DIRECTION ( 'NONE',  ( 0.000000000000000000, 0.000000000000000000, -1.000000000000000000 ) ) ;
#9728 = LINE ( 'NONE', #1551, #8435 ) ;
#9729 = CARTESIAN_POINT ( 'NONE',  ( 25.07448155176749083, -18.94607976195901600, 5.999999999997200462 ) ) ;
#9730 = CARTESIAN_POINT ( 'NONE',  ( -30.51844584537152372, -28.49341523520008934, 21.62564742284136088 ) ) ;
#9731 = ORIENTED_EDGE ( 'NONE', *, *, #11383, .T. ) ;
#9732 = DIRECTION ( 'NONE',  ( 0.000000000000000000, 1.000000000000000000, -0.000000000000000000 ) ) ;
#9733 = CIRCLE ( 'NONE', #4209, 0.5000000000000004441 ) ;
#9734 = CARTESIAN_POINT ( 'NONE',  ( 30.20715215380525720, -28.79262920306127072, 22.28909803235631060 ) ) ;
#9735 = CARTESIAN_POINT ( 'NONE',  ( -29.99999999999998224, -37.50000000000000000, 0.5000000000000004441 ) ) ;
#9736 = AXIS2_PLACEMENT_3D ( 'NONE', #9738, #731, #6079 ) ;
#9737 = ORIENTED_EDGE ( 'NONE', *, *, #1164, .T. ) ;
#9738 = CARTESIAN_POINT ( 'NONE',  ( 41.00000000000001421, -28.69999999999999574, 43.70000000000000284 ) ) ;
#9739 = AXIS2_PLACEMENT_3D ( 'NONE', #6421, #4402, #11686 ) ;
#9740 = DIRECTION ( 'NONE',  ( -0.000000000000000000, -0.000000000000000000, 1.000000000000000000 ) ) ;
#9741 = LINE ( 'NONE', #6082, #11480 ) ;
#9742 = ORIENTED_EDGE ( 'NONE', *, *, #5613, .T. ) ;
#9743 = CARTESIAN_POINT ( 'NONE',  ( -32.99999999999998579, -28.49999999999998934, 22.49999999999999289 ) ) ;
#9744 = TOROIDAL_SURFACE ( 'NONE', #8973, 2.999999999999999556, 1.000000000000000000 ) ;
#9745 = CIRCLE ( 'NONE', #988, 0.1999999999999987899 ) ;
#9746 = CARTESIAN_POINT ( 'NONE',  ( 31.11487846105331556, 5.456199394431126670, 6.000000000000000000 ) ) ;
#9747 = ORIENTED_EDGE ( 'NONE', *, *, #6194, .F. ) ;
#9748 = CARTESIAN_POINT ( 'NONE',  ( 25.78279235760480148, -32.79999999999999716, 6.500000000000000888 ) ) ;
#9749 = ORIENTED_EDGE ( 'NONE', *, *, #10636, .F. ) ;
#9750 = CIRCLE ( 'NONE', #4787, 3.200000000000001510 ) ;
#9751 = DIRECTION ( 'NONE',  ( 0.000000000000000000, 1.204669080539449344E-16, 1.000000000000000000 ) ) ;
#9752 = CARTESIAN_POINT ( 'NONE',  ( -26.72930614235558977, -36.91328848668032236, 0.2109956039585305920 ) ) ;
#9753 = AXIS2_PLACEMENT_3D ( 'NONE', #5780, #7708, #543 ) ;
#9754 = ORIENTED_EDGE ( 'NONE', *, *, #8127, .F. ) ;
#9755 = EDGE_LOOP ( 'NONE', ( #3359, #5033, #2062, #1265 ) ) ;
#9756 = CARTESIAN_POINT ( 'NONE',  ( 26.64689772753528985, -19.39069158978175977, 6.000000000000000000 ) ) ;
#9757 = VERTEX_POINT ( 'NONE', #10799 ) ;
#9758 = AXIS2_PLACEMENT_3D ( 'NONE', #7428, #9492, #6533 ) ;
#9759 = LINE ( 'NONE', #812, #1194 ) ;
#9760 = ORIENTED_EDGE ( 'NONE', *, *, #1163, .T. ) ;
#9761 = FACE_OUTER_BOUND ( 'NONE', #11231, .T. ) ;
#9762 = CARTESIAN_POINT ( 'NONE',  ( -27.55126265846939759, -24.74873734153059246, 6.000000000000000000 ) ) ;
#9763 = VECTOR ( 'NONE', #4712, 1000.000000000000000 ) ;
#9764 = DIRECTION ( 'NONE',  ( 1.000000000000000000, 0.000000000000000000, 0.000000000000000000 ) ) ;
#9765 = ORIENTED_EDGE ( 'NONE', *, *, #11586, .F. ) ;
#9766 = CYLINDRICAL_SURFACE ( 'NONE', #9204, 1.000000000000000888 ) ;
#9767 = ADVANCED_FACE ( 'NONE', ( #3528 ), #775, .T. ) ;
#9768 = CIRCLE ( 'NONE', #9416, 0.5000000000000004441 ) ;
#9769 = VECTOR ( 'NONE', #8956, 1000.000000000000000 ) ;
#9770 = ADVANCED_FACE ( 'NONE', ( #9908 ), #7343, .T. ) ;
#9771 = ADVANCED_FACE ( 'NONE', ( #6196 ), #1725, .T. ) ;
#9772 = VECTOR ( 'NONE', #8293, 1000.000000000000000 ) ;
#9773 = ORIENTED_EDGE ( 'NONE', *, *, #4518, .T. ) ;
#9774 = CARTESIAN_POINT ( 'NONE',  ( 38.00000000000000711, -37.29999999999999005, 14.00000000000000178 ) ) ;
#9775 = ORIENTED_EDGE ( 'NONE', *, *, #4128, .F. ) ;
#9776 = DIRECTION ( 'NONE',  ( 1.000000000000000000, 5.782411586589324585E-14, 0.000000000000000000 ) ) ;
#9777 = TOROIDAL_SURFACE ( 'NONE', #4632, 3.200000000000001510, 0.2000000000000000111 ) ;
#9778 = FACE_OUTER_BOUND ( 'NONE', #11210, .T. ) ;
#9779 = AXIS2_PLACEMENT_3D ( 'NONE', #5, #5359, #8123 ) ;
#9780 = DIRECTION ( 'NONE',  ( -1.000000000000000000, 0.000000000000000000, 0.000000000000000000 ) ) ;
#9781 = ORIENTED_EDGE ( 'NONE', *, *, #3084, .T. ) ;
#9782 = CIRCLE ( 'NONE', #6909, 1.000000000000000888 ) ;
#9783 = CARTESIAN_POINT ( 'NONE',  ( -8.898165190687238990, -31.05872636749531068, 5.700000000000000178 ) ) ;
#9784 = CARTESIAN_POINT ( 'NONE',  ( 26.48630274856533617, -33.49932172073074810, 49.96528555012810813 ) ) ;
#9785 = DIRECTION ( 'NONE',  ( 0.000000000000000000, 0.000000000000000000, -1.000000000000000000 ) ) ;
#9786 = VECTOR ( 'NONE', #11022, 1000.000000000000000 ) ;
#9787 = AXIS2_PLACEMENT_3D ( 'NONE', #763, #3511, #2797 ) ;
#9788 = ADVANCED_FACE ( 'NONE', ( #5358 ), #9008, .T. ) ;
#9789 = CARTESIAN_POINT ( 'NONE',  ( -8.999999999999998224, -32.79999999999999716, 27.00000000000000355 ) ) ;
#9790 = EDGE_CURVE ( 'NONE', #6294, #11658, #10853, .T. ) ;
#9791 =( BOUNDED_SURFACE ( )  B_SPLINE_SURFACE ( 3, 2, ( 
 ( #11762, #5532, #4536 ),
 ( #5601, #2813, #3583 ),
 ( #2689, #8177, #849 ),
 ( #5478, #3706, #11709 ),
 ( #908, #2759, #3639 ),
 ( #779, #1729, #10095 ) ),
 .UNSPECIFIED., .F., .F., .F. ) 
 B_SPLINE_SURFACE_WITH_KNOTS ( ( 4, 2, 4 ),
 ( 3, 3 ),
 ( -4.201283418381329682E-19, 0.0002571116618968199855, 0.0005142233237936404047 ),
 ( 0.000000000000000000, 1.000000000000000000 ),
 .UNSPECIFIED. ) 
 GEOMETRIC_REPRESENTATION_ITEM ( )  RATIONAL_B_SPLINE_SURFACE ( (
 ( 1.000000000000000000, 0.9667690877350051393, 1.000000000000000000),
 ( 1.000000000000000000, 0.9743507792832771797, 1.000000000000000000),
 ( 1.000000000000000000, 0.9816467332325674588, 1.000000000000000000),
 ( 1.000000000000000000, 0.9940150454038282346, 1.000000000000000000),
 ( 1.000000000000000000, 0.9995291476012154730, 1.000000000000000000),
 ( 1.000000000000000000, 1.000000000000000000, 1.000000000000000000) ) ) 
 REPRESENTATION_ITEM ( '' )  SURFACE ( )  );
#9792 = ADVANCED_FACE ( 'NONE', ( #717 ), #9628, .T. ) ;
#9793 = AXIS2_PLACEMENT_3D ( 'NONE', #5384, #5498, #3664 ) ;
#9794 = FACE_OUTER_BOUND ( 'NONE', #3670, .T. ) ;
#9795 = CARTESIAN_POINT ( 'NONE',  ( -9.555702475958261388, -32.30996033099489040, 5.737005328264623394 ) ) ;
#9796 = ORIENTED_EDGE ( 'NONE', *, *, #2725, .T. ) ;
#9797 = DIRECTION ( 'NONE',  ( -0.000000000000000000, -0.000000000000000000, 1.000000000000000000 ) ) ;
#9798 = CARTESIAN_POINT ( 'NONE',  ( 30.46991259236322591, 7.980147309678338630, 6.000000000000000888 ) ) ;
#9799 = CARTESIAN_POINT ( 'NONE',  ( 33.61454672610688732, -28.17474869137106097, 22.11922171666752490 ) ) ;
#9800 = CARTESIAN_POINT ( 'NONE',  ( -30.66376714979987028, -28.49697759623810711, 22.00845505188511808 ) ) ;
#9801 = EDGE_LOOP ( 'NONE', ( #11603, #4889, #8027, #9835, #8941, #5822 ) ) ;
#9802 = DIRECTION ( 'NONE',  ( 0.000000000000000000, 0.000000000000000000, -1.000000000000000000 ) ) ;
#9803 = CIRCLE ( 'NONE', #1050, 0.9999999999999998890 ) ;
#9804 = CARTESIAN_POINT ( 'NONE',  ( 30.20715215380525009, -28.79262920306127072, 22.16014891608175574 ) ) ;
#9805 = CARTESIAN_POINT ( 'NONE',  ( -24.75126265846939688, -24.74873734153059246, 0.000000000000000000 ) ) ;
#9806 = EDGE_CURVE ( 'NONE', #10956, #10523, #4489, .T. ) ;
#9807 = VERTEX_POINT ( 'NONE', #2685 ) ;
#9808 = CYLINDRICAL_SURFACE ( 'NONE', #2114, 0.5000000000000004441 ) ;
#9809 = DIRECTION ( 'NONE',  ( -1.000000000000000000, 0.000000000000000000, 0.000000000000000000 ) ) ;
#9810 = DIRECTION ( 'NONE',  ( 1.000000000000000000, 0.000000000000000000, 0.000000000000000000 ) ) ;
#9811 = ORIENTED_EDGE ( 'NONE', *, *, #463, .F. ) ;
#9812 = CARTESIAN_POINT ( 'NONE',  ( -33.88720754036607019, -28.49999999999999645, 21.94944480385425578 ) ) ;
#9813 = CIRCLE ( 'NONE', #2005, 0.1999999999999987899 ) ;
#9814 = CARTESIAN_POINT ( 'NONE',  ( 9.699387250375265168, -32.79999999999999716, 6.500000000000000888 ) ) ;
#9815 = ORIENTED_EDGE ( 'NONE', *, *, #449, .T. ) ;
#9816 = CARTESIAN_POINT ( 'NONE',  ( -19.57972195055398146, 27.28294234767709270, 5.700000000000000178 ) ) ;
#9817 = ORIENTED_EDGE ( 'NONE', *, *, #244, .F. ) ;
#9818 = CARTESIAN_POINT ( 'NONE',  ( 25.85980940434561859, 19.16813678315443070, 5.700000000000000178 ) ) ;
#9819 = CARTESIAN_POINT ( 'NONE',  ( 27.00000000000000000, 0.000000000000000000, 6.000000000000000000 ) ) ;
#9820 = CIRCLE ( 'NONE', #6576, 0.5000000000000004441 ) ;
#9821 = VERTEX_POINT ( 'NONE', #845 ) ;
#9822 = ORIENTED_EDGE ( 'NONE', *, *, #6138, .F. ) ;
#9823 = CARTESIAN_POINT ( 'NONE',  ( 32.99999999999997868, -13.12679400932128182, 15.02985011956905659 ) ) ;
#9824 = ORIENTED_EDGE ( 'NONE', *, *, #369, .T. ) ;
#9825 = CARTESIAN_POINT ( 'NONE',  ( 31.43466646480115756, 5.443714901669288508, 6.004770825596343009 ) ) ;
#9826 = ORIENTED_EDGE ( 'NONE', *, *, #7205, .F. ) ;
#9827 = DIRECTION ( 'NONE',  ( 0.000000000000000000, 0.000000000000000000, -1.000000000000000000 ) ) ;
#9828 = CARTESIAN_POINT ( 'NONE',  ( -30.53223311979677135, 4.788067381146557722, 6.000000000000000000 ) ) ;
#9829 = AXIS2_PLACEMENT_3D ( 'NONE', #5845, #379, #7659 ) ;
#9830 = LINE ( 'NONE', #7855, #403 ) ;
#9831 = EDGE_LOOP ( 'NONE', ( #422, #4323, #2294, #101 ) ) ;
#9832 = DIRECTION ( 'NONE',  ( -1.137523590804463822E-16, 1.000000000000000000, 0.000000000000000000 ) ) ;
#9833 = ORIENTED_EDGE ( 'NONE', *, *, #11450, .F. ) ;
#9834 = CARTESIAN_POINT ( 'NONE',  ( -21.24890437254319053, -17.52699061374429945, 6.000000000000000000 ) ) ;
#9835 = ORIENTED_EDGE ( 'NONE', *, *, #2572, .T. ) ;
#9836 = EDGE_CURVE ( 'NONE', #11785, #1733, #10863, .T. ) ;
#9837 = LINE ( 'NONE', #829, #9538 ) ;
#9838 = CYLINDRICAL_SURFACE ( 'NONE', #7116, 0.5000000000000004441 ) ;
#9839 = DIRECTION ( 'NONE',  ( -0.9283432443158133873, 0.3717241191168391690, 0.000000000000000000 ) ) ;
#9840 = EDGE_CURVE ( 'NONE', #7777, #2959, #2190, .T. ) ;
#9841 = EDGE_CURVE ( 'NONE', #9090, #7606, #6010, .T. ) ;
#9842 = CARTESIAN_POINT ( 'NONE',  ( 27.28294234767779614, 11.88379308764553244, 5.700000000000000178 ) ) ;
#9843 = EDGE_LOOP ( 'NONE', ( #5861, #11574, #1436, #10862 ) ) ;
#9844 = CARTESIAN_POINT ( 'NONE',  ( 31.37500000000000711, 7.476470224947664001, 5.006876193646772499 ) ) ;
#9845 = CARTESIAN_POINT ( 'NONE',  ( 3.464503330455098951, -32.79999999999999716, 6.475629961970049919 ) ) ;
#9846 = CARTESIAN_POINT ( 'NONE',  ( 32.99999999999997868, -16.10783521469172541, 15.36658938351599346 ) ) ;
#9847 = DIRECTION ( 'NONE',  ( -1.000000000000000000, -0.000000000000000000, -0.000000000000000000 ) ) ;
#9848 = CARTESIAN_POINT ( 'NONE',  ( 30.50000000000000711, 7.951111955037559298, 5.535897048901789574 ) ) ;
#9849 = EDGE_CURVE ( 'NONE', #2609, #6019, #11154, .T. ) ;
#9850 = FACE_OUTER_BOUND ( 'NONE', #4453, .T. ) ;
#9851 = ORIENTED_EDGE ( 'NONE', *, *, #8672, .T. ) ;
#9852 = DIRECTION ( 'NONE',  ( -1.000000000000000000, -1.137523590804463822E-16, 0.000000000000000000 ) ) ;
#9853 = CARTESIAN_POINT ( 'NONE',  ( 18.03603898744571410, 21.86605083265776273, 5.700000000000000178 ) ) ;
#9854 = EDGE_CURVE ( 'NONE', #11441, #9306, #1064, .T. ) ;
#9855 = CARTESIAN_POINT ( 'NONE',  ( -24.75126265847086771, 24.75126265846941820, -37.50000000000001421 ) ) ;
#9856 = EDGE_CURVE ( 'NONE', #800, #1766, #867, .T. ) ;
#9857 = DIRECTION ( 'NONE',  ( -0.7073707969387325045, -0.7068426668207449248, 0.000000000000000000 ) ) ;
#9858 = ORIENTED_EDGE ( 'NONE', *, *, #10796, .F. ) ;
#9859 = EDGE_CURVE ( 'NONE', #2993, #876, #9720, .T. ) ;
#9860 = CARTESIAN_POINT ( 'NONE',  ( 30.71997880182320984, 4.685156553993544470, 5.999999999999781508 ) ) ;
#9861 = ADVANCED_FACE ( 'NONE', ( #241 ), #1020, .F. ) ;
#9862 = AXIS2_PLACEMENT_3D ( 'NONE', #10086, #10147, #10210 ) ;
#9863 = DIRECTION ( 'NONE',  ( 0.000000000000000000, 0.000000000000000000, -1.000000000000000000 ) ) ;
#9864 =( BOUNDED_CURVE ( )  B_SPLINE_CURVE ( 3, ( #473, #9431, #6784, #1254 ),
 .UNSPECIFIED., .F., .F. ) 
 B_SPLINE_CURVE_WITH_KNOTS ( ( 4, 4 ),
 ( 5.267206967277675567, 6.283185307179586232 ),
 .UNSPECIFIED. ) 
 CURVE ( )  GEOMETRIC_REPRESENTATION_ITEM ( )  RATIONAL_B_SPLINE_CURVE ( ( 1.000000000000000000, 0.9158162560121164697, 0.9158162560121164697, 1.000000000000000000 ) ) 
 REPRESENTATION_ITEM ( '' )  );
#9865 = EDGE_LOOP ( 'NONE', ( #11251, #1284, #3483, #1096 ) ) ;
#9866 = DIRECTION ( 'NONE',  ( -1.000000000000000000, 0.000000000000000000, 0.000000000000000000 ) ) ;
#9867 = CARTESIAN_POINT ( 'NONE',  ( 27.34873734153059388, -24.74873734152912519, -37.50000000000001421 ) ) ;
#9868 = CARTESIAN_POINT ( 'NONE',  ( 11.88379308764715780, 27.28294234767709270, 4.000000000000000000 ) ) ;
#9869 = ORIENTED_EDGE ( 'NONE', *, *, #6469, .F. ) ;
#9870 = LINE ( 'NONE', #4134, #2969 ) ;
#9871 = DIRECTION ( 'NONE',  ( 0.000000000000000000, 0.000000000000000000, 1.000000000000000000 ) ) ;
#9872 = VERTEX_POINT ( 'NONE', #2077 ) ;
#9873 = EDGE_CURVE ( 'NONE', #8458, #6742, #2385, .T. ) ;
#9874 = EDGE_CURVE ( 'NONE', #3105, #11254, #10574, .T. ) ;
#9875 = ORIENTED_EDGE ( 'NONE', *, *, #9712, .T. ) ;
#9876 = EDGE_CURVE ( 'NONE', #8668, #1688, #4729, .T. ) ;
#9877 = DIRECTION ( 'NONE',  ( -1.000000000000000000, 0.000000000000000000, 0.000000000000000000 ) ) ;
#9878 = CARTESIAN_POINT ( 'NONE',  ( -26.84065101359200511, -36.50000000000000000, 0.000000000000000000 ) ) ;
#9879 = ORIENTED_EDGE ( 'NONE', *, *, #9464, .F. ) ;
#9880 = ORIENTED_EDGE ( 'NONE', *, *, #10019, .F. ) ;
#9881 = CYLINDRICAL_SURFACE ( 'NONE', #10196, 0.5000000000000004441 ) ;
#9882 = CARTESIAN_POINT ( 'NONE',  ( -32.99999999999997868, -29.50000000000000000, 0.5000000000000074385 ) ) ;
#9883 = ORIENTED_EDGE ( 'NONE', *, *, #3533, .F. ) ;
#9884 = DIRECTION ( 'NONE',  ( 0.000000000000000000, 0.000000000000000000, -1.000000000000000000 ) ) ;
#9885 = DIRECTION ( 'NONE',  ( 0.000000000000000000, 0.000000000000000000, -1.000000000000000000 ) ) ;
#9886 = ORIENTED_EDGE ( 'NONE', *, *, #1023, .T. ) ;
#9887 = DIRECTION ( 'NONE',  ( -1.000000000000000000, 0.000000000000000000, 0.000000000000000000 ) ) ;
#9888 = CARTESIAN_POINT ( 'NONE',  ( -31.11487846105330490, 5.456199394431116012, 6.000000000000000000 ) ) ;
#9889 = CARTESIAN_POINT ( 'NONE',  ( -19.67937319653868045, 26.56527095544834083, 6.000000000000000000 ) ) ;
#9890 = ORIENTED_EDGE ( 'NONE', *, *, #4615, .F. ) ;
#9891 = CARTESIAN_POINT ( 'NONE',  ( 31.37500000000000711, 7.476470224947663112, 4.388610099474774984 ) ) ;
#9892 = AXIS2_PLACEMENT_3D ( 'NONE', #5055, #4293, #7032 ) ;
#9893 = VERTEX_POINT ( 'NONE', #5646 ) ;
#9894 = ORIENTED_EDGE ( 'NONE', *, *, #1921, .F. ) ;
#9895 = DIRECTION ( 'NONE',  ( 1.000000000000000000, -0.000000000000000000, -0.000000000000000000 ) ) ;
#9896 = ORIENTED_EDGE ( 'NONE', *, *, #11095, .T. ) ;
#9897 = DIRECTION ( 'NONE',  ( 0.000000000000000000, 0.000000000000000000, 1.000000000000000000 ) ) ;
#9898 = CARTESIAN_POINT ( 'NONE',  ( -40.99999999999999289, -28.69999999999999574, 14.00000000000000178 ) ) ;
#9899 = AXIS2_PLACEMENT_3D ( 'NONE', #5301, #10100, #9077 ) ;
#9900 = DIRECTION ( 'NONE',  ( -0.000000000000000000, -0.8994353934787674421, 0.4370537414983363678 ) ) ;
#9901 = DIRECTION ( 'NONE',  ( 0.000000000000000000, 0.000000000000000000, -1.000000000000000000 ) ) ;
#9902 = ORIENTED_EDGE ( 'NONE', *, *, #10020, .T. ) ;
#9903 = FACE_OUTER_BOUND ( 'NONE', #11610, .T. ) ;
#9904 = CARTESIAN_POINT ( 'NONE',  ( 3.903587267792826943, -32.79999999999999716, 6.000000000000000000 ) ) ;
#9905 = CARTESIAN_POINT ( 'NONE',  ( -17.82426233348197542, -23.71555578679803133, 5.700000000000000178 ) ) ;
#9906 = TOROIDAL_SURFACE ( 'NONE', #2667, 3.200000000000001954, 0.2000000000000000111 ) ;
#9907 = CARTESIAN_POINT ( 'NONE',  ( 31.34570078321244679, -28.50000000000103384, 22.49999999998327027 ) ) ;
#9908 = FACE_OUTER_BOUND ( 'NONE', #9097, .T. ) ;
#9909 = DIRECTION ( 'NONE',  ( 0.000000000000000000, 0.000000000000000000, 1.000000000000000000 ) ) ;
#9910 = ORIENTED_EDGE ( 'NONE', *, *, #9409, .T. ) ;
#9911 = CARTESIAN_POINT ( 'NONE',  ( -19.67937319653870887, 26.56527095544840122, 6.000000000000000000 ) ) ;
#9912 = DIRECTION ( 'NONE',  ( -0.7073707969387312833, 0.7068426668207460351, -0.000000000000000000 ) ) ;
#9913 = APPLICATION_PROTOCOL_DEFINITION ( 'draft international standard', 'automotive_design', 1998, #819 ) ;
#9914 = CARTESIAN_POINT ( 'NONE',  ( -30.55910140658816587, -28.29692540133514100, 21.67894529957721161 ) ) ;
#9915 = ORIENTED_EDGE ( 'NONE', *, *, #7545, .T. ) ;
#9916 = DIRECTION ( 'NONE',  ( -1.000000000000000000, 0.000000000000000000, 0.000000000000000000 ) ) ;
#9917 = CARTESIAN_POINT ( 'NONE',  ( -1.826024711554549444E-16, -33.79999999999999716, 16.00000000000000000 ) ) ;
#9918 = EDGE_CURVE ( 'NONE', #1693, #10275, #7454, .T. ) ;
#9919 = VERTEX_POINT ( 'NONE', #6609 ) ;
#9920 = B_SPLINE_CURVE_WITH_KNOTS ( 'NONE', 3,
 ( #8522, #3029, #4708, #7623, #349, #10214 ),
 .UNSPECIFIED., .F., .F.,
 ( 4, 2, 4 ),
 ( 0.000000000000000000, 0.0002749191556021926856, 0.0005498383112043853712 ),
 .UNSPECIFIED. ) ;
#9921 = EDGE_CURVE ( 'NONE', #8559, #9086, #9577, .T. ) ;
#9922 = FACE_OUTER_BOUND ( 'NONE', #4018, .T. ) ;
#9923 = AXIS2_PLACEMENT_3D ( 'NONE', #2439, #1605, #5173 ) ;
#9924 = DIRECTION ( 'NONE',  ( -1.000000000000000000, 0.000000000000000000, 0.000000000000000000 ) ) ;
#9925 = CARTESIAN_POINT ( 'NONE',  ( 26.80167382587014657, -36.83386115025442109, 0.1169384136568408089 ) ) ;
#9926 = EDGE_LOOP ( 'NONE', ( #8683, #10453, #9348, #1477, #3965, #6763, #8746 ) ) ;
#9927 = DIRECTION ( 'NONE',  ( -0.000000000000000000, -0.000000000000000000, 1.000000000000000000 ) ) ;
#9928 = EDGE_CURVE ( 'NONE', #10913, #2934, #6381, .T. ) ;
#9929 = DIRECTION ( 'NONE',  ( -1.000000000000000000, 0.000000000000000000, 0.000000000000000000 ) ) ;
#9930 = ORIENTED_EDGE ( 'NONE', *, *, #2326, .F. ) ;
#9931 = CIRCLE ( 'NONE', #4771, 1.000000000000000888 ) ;
#9932 = VERTEX_POINT ( 'NONE', #6661 ) ;
#9933 = CIRCLE ( 'NONE', #3640, 0.5000000000000004441 ) ;
#9934 = CARTESIAN_POINT ( 'NONE',  ( -30.51337204287209204, 7.043355396594622952, 5.999999999999999112 ) ) ;
#9935 = CARTESIAN_POINT ( 'NONE',  ( -26.54775779477855480, -36.50000000000000000, 50.00000000000000000 ) ) ;
#9936 = ORIENTED_EDGE ( 'NONE', *, *, #5029, .T. ) ;
#9937 = CIRCLE ( 'NONE', #11087, 0.5000000000000004441 ) ;
#9938 = ORIENTED_EDGE ( 'NONE', *, *, #6363, .T. ) ;
#9939 = FACE_OUTER_BOUND ( 'NONE', #11587, .T. ) ;
#9940 = CARTESIAN_POINT ( 'NONE',  ( -49.99999999999999289, -37.50000000000000000, 10.50000000000000711 ) ) ;
#9941 = EDGE_LOOP ( 'NONE', ( #881, #11356, #11659, #7559 ) ) ;
#9942 = ADVANCED_FACE ( 'NONE', ( #8476 ), #11454, .T. ) ;
#9943 = EDGE_CURVE ( 'NONE', #8451, #889, #1822, .T. ) ;
#9944 = FACE_OUTER_BOUND ( 'NONE', #2973, .T. ) ;
#9945 = ADVANCED_FACE ( 'NONE', ( #9526 ), #4154, .F. ) ;
#9946 = AXIS2_PLACEMENT_3D ( 'NONE', #6571, #1208, #10222 ) ;
#9947 = DIRECTION ( 'NONE',  ( 0.000000000000000000, 0.000000000000000000, -1.000000000000000000 ) ) ;
#9948 = ORIENTED_EDGE ( 'NONE', *, *, #1471, .F. ) ;
#9949 = CARTESIAN_POINT ( 'NONE',  ( -19.65107118924617069, -32.49429388176298517, 5.832232153849673750 ) ) ;
#9950 = CARTESIAN_POINT ( 'NONE',  ( -48.99999999999999289, -29.50000000000000000, 45.00000000000000711 ) ) ;
#9951 = AXIS2_PLACEMENT_3D ( 'NONE', #8740, #7919, #11373 ) ;
#9952 = CARTESIAN_POINT ( 'NONE',  ( -18.94498614546985493, -26.27499677924237531, 5.700000000000000178 ) ) ;
#9953 = VERTEX_POINT ( 'NONE', #11380 ) ;
#9954 = CIRCLE ( 'NONE', #11464, 0.5000000000000004441 ) ;
#9955 = TOROIDAL_SURFACE ( 'NONE', #11465, 2.000000000000000000, 1.000000000000000000 ) ;
#9956 = CARTESIAN_POINT ( 'NONE',  ( 11.88379308764715780, 27.58294234767709341, 5.700000000000000178 ) ) ;
#9957 = ORIENTED_EDGE ( 'NONE', *, *, #674, .F. ) ;
#9958 = ORIENTED_EDGE ( 'NONE', *, *, #108, .T. ) ;
#9959 = EDGE_CURVE ( 'NONE', #3081, #10233, #4849, .T. ) ;
#9960 = AXIS2_PLACEMENT_3D ( 'NONE', #7876, #8881, #4288 ) ;
#9961 = DIRECTION ( 'NONE',  ( 1.000000000000000000, 0.000000000000000000, 0.000000000000000000 ) ) ;
#9962 = ORIENTED_EDGE ( 'NONE', *, *, #5157, .T. ) ;
#9963 = DIRECTION ( 'NONE',  ( -1.200108019483769278E-15, 1.000000000000000000, 0.000000000000000000 ) ) ;
#9964 = CARTESIAN_POINT ( 'NONE',  ( 33.99999999999997868, -16.10783521469172541, 15.36658938351599524 ) ) ;
#9965 = DIRECTION ( 'NONE',  ( -0.5194048246657393397, 0.8545283073801316354, 0.000000000000000000 ) ) ;
#9966 = CARTESIAN_POINT ( 'NONE',  ( 26.56527095544953099, 19.67937319653712436, 6.000000000000000000 ) ) ;
#9967 = EDGE_LOOP ( 'NONE', ( #11457, #1126, #914, #3552, #11389 ) ) ;
#9968 = AXIS2_PLACEMENT_3D ( 'NONE', #4351, #7037, #7820 ) ;
#9969 = AXIS2_PLACEMENT_3D ( 'NONE', #7716, #9332, #1327 ) ;
#9970 = DIRECTION ( 'NONE',  ( -0.000000000000000000, -0.000000000000000000, 1.000000000000000000 ) ) ;
#9971 = CARTESIAN_POINT ( 'NONE',  ( 3.481854229239047971, -32.80000000000226379, 6.112106957428455445 ) ) ;
#9972 = AXIS2_PLACEMENT_3D ( 'NONE', #4526, #9248, #10082 ) ;
#9973 = CARTESIAN_POINT ( 'NONE',  ( 30.91399482062600512, -28.49999999999999645, 22.68041234772800863 ) ) ;
#9974 = FACE_OUTER_BOUND ( 'NONE', #995, .T. ) ;
#9975 = CIRCLE ( 'NONE', #4436, 0.4999999999999989453 ) ;
#9976 = DIRECTION ( 'NONE',  ( -1.000000000000000000, 7.285838599102549407E-13, -7.109806484998951731E-13 ) ) ;
#9977 = VECTOR ( 'NONE', #599, 1000.000000000000000 ) ;
#9978 = FACE_OUTER_BOUND ( 'NONE', #8800, .T. ) ;
#9979 = ORIENTED_EDGE ( 'NONE', *, *, #8902, .T. ) ;
#9980 = CARTESIAN_POINT ( 'NONE',  ( 29.99999999999997868, 3.168151255152563461, 6.000000000000000000 ) ) ;
#9981 = CIRCLE ( 'NONE', #1399, 0.5000000000000004441 ) ;
#9982 = CARTESIAN_POINT ( 'NONE',  ( -30.53169660693152565, -28.30307891812818610, 21.58659792141692790 ) ) ;
#9983 = ORIENTED_EDGE ( 'NONE', *, *, #7603, .F. ) ;
#9984 = CARTESIAN_POINT ( 'NONE',  ( 30.85482207986443726, 4.619407162181742521, 6.152905453025466542 ) ) ;
#9985 = CIRCLE ( 'NONE', #7498, 0.5000000000000004441 ) ;
#9986 = CIRCLE ( 'NONE', #5759, 3.200000000000001510 ) ;
#9987 = DIRECTION ( 'NONE',  ( 0.000000000000000000, 0.000000000000000000, 1.000000000000000000 ) ) ;
#9988 = VECTOR ( 'NONE', #207, 1000.000000000000000 ) ;
#9989 = ORIENTED_EDGE ( 'NONE', *, *, #7240, .F. ) ;
#9990 = FACE_OUTER_BOUND ( 'NONE', #5536, .T. ) ;
#9991 = DIRECTION ( 'NONE',  ( -1.000000000000000000, 0.000000000000000000, 0.000000000000000000 ) ) ;
#9992 = CARTESIAN_POINT ( 'NONE',  ( 26.98483832697889895, -36.58898067485565520, 5.831821841845855862E-16 ) ) ;
#9993 = ORIENTED_EDGE ( 'NONE', *, *, #178, .T. ) ;
#9994 = CARTESIAN_POINT ( 'NONE',  ( 3.244874193390045125, -30.97010467188755456, 6.000000000000000000 ) ) ;
#9995 = CIRCLE ( 'NONE', #4460, 0.1999999999999987899 ) ;
#9996 = VECTOR ( 'NONE', #201, 1000.000000000000000 ) ;
#9997 = CARTESIAN_POINT ( 'NONE',  ( -25.49999999999997868, 26.00000000000000355, 0.5000000000000004441 ) ) ;
#9998 = ORIENTED_EDGE ( 'NONE', *, *, #7968, .T. ) ;
#9999 = VECTOR ( 'NONE', #5701, 1000.000000000000000 ) ;
#10000 = ADVANCED_FACE ( 'NONE', ( #11733 ), #5272, .F. ) ;
#10001 = ADVANCED_FACE ( 'NONE', ( #6775 ), #8665, .T. ) ;
#10002 = ORIENTED_EDGE ( 'NONE', *, *, #7331, .T. ) ;
#10003 = CARTESIAN_POINT ( 'NONE',  ( -30.49999999999997868, 8.130517918516057208, 5.499999999998539835 ) ) ;
#10004 = CARTESIAN_POINT ( 'NONE',  ( -3.903587267792825610, -32.29999999999999716, 6.500000000000000888 ) ) ;
#10005 = ORIENTED_EDGE ( 'NONE', *, *, #2261, .F. ) ;
#10006 = ORIENTED_EDGE ( 'NONE', *, *, #7794, .F. ) ;
#10007 = CARTESIAN_POINT ( 'NONE',  ( 38.48674648294750966, -35.00000000000002842, 49.89999999999999858 ) ) ;
#10008 = CYLINDRICAL_SURFACE ( 'NONE', #5876, 2.999999999999999112 ) ;
#10009 = ORIENTED_EDGE ( 'NONE', *, *, #2476, .T. ) ;
#10010 = DIRECTION ( 'NONE',  ( 0.000000000000000000, 1.000000000000000000, -1.204669080539449344E-16 ) ) ;
#10011 = ORIENTED_EDGE ( 'NONE', *, *, #11670, .T. ) ;
#10012 = CARTESIAN_POINT ( 'NONE',  ( 0.000000000000000000, -32.29999999999999716, 6.500000000000000888 ) ) ;
#10013 = CARTESIAN_POINT ( 'NONE',  ( 19.45953934036124622, 25.78780555777416694, 5.999999999999999112 ) ) ;
#10014 = B_SPLINE_CURVE_WITH_KNOTS ( 'NONE', 3,
 ( #8446, #3914, #10459, #3962, #7599 ),
 .UNSPECIFIED., .F., .F.,
 ( 4, 1, 4 ),
 ( 0.1618301273291479492, 0.4359087420549495606, 0.7562947540289826076 ),
 .UNSPECIFIED. ) ;
#10015 = DIRECTION ( 'NONE',  ( 0.000000000000000000, 0.000000000000000000, 1.000000000000000000 ) ) ;
#10016 = ORIENTED_EDGE ( 'NONE', *, *, #7601, .F. ) ;
#10017 = CIRCLE ( 'NONE', #11727, 1.000000000000000888 ) ;
#10018 = FACE_OUTER_BOUND ( 'NONE', #1946, .T. ) ;
#10019 = EDGE_CURVE ( 'NONE', #11777, #800, #11079, .T. ) ;
#10020 = EDGE_CURVE ( 'NONE', #5691, #7658, #11534, .T. ) ;
#10021 = VERTEX_POINT ( 'NONE', #5865 ) ;
#10022 = EDGE_LOOP ( 'NONE', ( #5671, #6296, #2720, #5728 ) ) ;
#10023 = CIRCLE ( 'NONE', #8495, 27.54471522829317109 ) ;
#10024 = FACE_OUTER_BOUND ( 'NONE', #7053, .T. ) ;
#10025 = ORIENTED_EDGE ( 'NONE', *, *, #9625, .T. ) ;
#10026 = CARTESIAN_POINT ( 'NONE',  ( 0.000000000000000000, 0.000000000000000000, 5.700000000000000178 ) ) ;
#10027 = LINE ( 'NONE', #4471, #6360 ) ;
#10028 = DIRECTION ( 'NONE',  ( -1.000000000000000000, 0.000000000000000000, 0.000000000000000000 ) ) ;
#10029 = ORIENTED_EDGE ( 'NONE', *, *, #3531, .T. ) ;
#10030 = CARTESIAN_POINT ( 'NONE',  ( -19.96629138838773443, -32.79999999999999716, 6.146043489586701547 ) ) ;
#10031 = EDGE_CURVE ( 'NONE', #3171, #532, #10208, .T. ) ;
#10032 = FACE_OUTER_BOUND ( 'NONE', #111, .T. ) ;
#10033 = EDGE_CURVE ( 'NONE', #7479, #2611, #2607, .T. ) ;
#10034 = DIRECTION ( 'NONE',  ( 0.000000000000000000, -0.4370537414983350355, -0.8994353934787681082 ) ) ;
#10035 = CARTESIAN_POINT ( 'NONE',  ( 19.39069158978168517, 26.64689772752831942, 5.700000000000000178 ) ) ;
#10036 = DIRECTION ( 'NONE',  ( 0.000000000000000000, 0.000000000000000000, -1.000000000000000000 ) ) ;
#10037 = LINE ( 'NONE', #8299, #7499 ) ;
#10038 = ORIENTED_EDGE ( 'NONE', *, *, #4542, .T. ) ;
#10039 = DIRECTION ( 'NONE',  ( -0.7367510141004708357, 0.000000000000000000, 0.6761641392605258760 ) ) ;
#10040 = CARTESIAN_POINT ( 'NONE',  ( 30.49999999999997868, -13.12679400932128182, 12.02985011956905836 ) ) ;
#10041 =( NAMED_UNIT ( * ) SI_UNIT ( $, .STERADIAN. ) SOLID_ANGLE_UNIT ( ) );
#10042 = CARTESIAN_POINT ( 'NONE',  ( 11.88379308764715958, 26.28294234767709270, 4.000000000000000000 ) ) ;
#10043 = VERTEX_POINT ( 'NONE', #6829 ) ;
#10044 = FACE_OUTER_BOUND ( 'NONE', #5146, .T. ) ;
#10045 = CARTESIAN_POINT ( 'NONE',  ( 3.244874193390045125, -29.48601421031708014, 4.000000000000000000 ) ) ;
#10046 = ORIENTED_EDGE ( 'NONE', *, *, #3577, .T. ) ;
#10047 = CYLINDRICAL_SURFACE ( 'NONE', #11647, 0.9999999999999991118 ) ;
#10048 = DIRECTION ( 'NONE',  ( 0.000000000000000000, 1.000000000000000000, -0.000000000000000000 ) ) ;
#10049 = DIRECTION ( 'NONE',  ( 0.000000000000000000, 1.000000000000000000, 0.000000000000000000 ) ) ;
#10050 = ORIENTED_EDGE ( 'NONE', *, *, #10076, .T. ) ;
#10051 = LINE ( 'NONE', #2645, #6686 ) ;
#10052 = PLANE ( 'NONE',  #606 ) ;
#10053 = ORIENTED_EDGE ( 'NONE', *, *, #9336, .F. ) ;
#10054 = ORIENTED_EDGE ( 'NONE', *, *, #8672, .F. ) ;
#10055 = CARTESIAN_POINT ( 'NONE',  ( 21.82807647903735671, 18.53459485037958743, 4.000000000000000000 ) ) ;
#10056 = DIRECTION ( 'NONE',  ( -1.000000000000000000, 0.000000000000000000, 0.000000000000000000 ) ) ;
#10057 = ORIENTED_EDGE ( 'NONE', *, *, #5155, .F. ) ;
#10058 = EDGE_CURVE ( 'NONE', #8416, #10505, #6390, .T. ) ;
#10059 = ORIENTED_EDGE ( 'NONE', *, *, #649, .T. ) ;
#10060 = DIRECTION ( 'NONE',  ( -0.000000000000000000, -0.000000000000000000, -1.000000000000000000 ) ) ;
#10061 = LINE ( 'NONE', #8206, #1773 ) ;
#10062 = EDGE_LOOP ( 'NONE', ( #6926, #10784, #9993, #4354 ) ) ;
#10063 = CARTESIAN_POINT ( 'NONE',  ( -48.99999999999999289, -29.50000000000000000, -6.123233995736766085E-15 ) ) ;
#10064 = CARTESIAN_POINT ( 'NONE',  ( 33.15084564380264709, -28.50000000000000000, 22.49999999998262012 ) ) ;
#10065 = FACE_OUTER_BOUND ( 'NONE', #8372, .T. ) ;
#10066 = ORIENTED_EDGE ( 'NONE', *, *, #4693, .T. ) ;
#10067 = DIRECTION ( 'NONE',  ( -0.000000000000000000, 0.000000000000000000, 1.000000000000000000 ) ) ;
#10068 = EDGE_CURVE ( 'NONE', #11608, #2959, #10971, .T. ) ;
#10069 = EDGE_CURVE ( 'NONE', #2803, #889, #4100, .T. ) ;
#10070 = EDGE_LOOP ( 'NONE', ( #2693, #5000, #79 ) ) ;
#10071 = EDGE_CURVE ( 'NONE', #5030, #11785, #6760, .T. ) ;
#10072 = EDGE_CURVE ( 'NONE', #8044, #6997, #9472, .T. ) ;
#10073 = CARTESIAN_POINT ( 'NONE',  ( 30.50000000000001421, 7.075205936000648954, 5.268155867655391233 ) ) ;
#10074 = ORIENTED_EDGE ( 'NONE', *, *, #1246, .T. ) ;
#10075 = CARTESIAN_POINT ( 'NONE',  ( 27.04775779477855835, -36.99999999999999289, 6.000000000000000000 ) ) ;
#10076 = EDGE_CURVE ( 'NONE', #724, #6341, #485, .T. ) ;
#10077 = CARTESIAN_POINT ( 'NONE',  ( -31.19088210917966109, -28.49999999999999645, 22.45989477664786094 ) ) ;
#10078 = CARTESIAN_POINT ( 'NONE',  ( -30.37955643504164627, -28.62035364058705156, 21.57037164422649766 ) ) ;
#10079 = TOROIDAL_SURFACE ( 'NONE', #11023, 2.000000000000000000, 1.000000000000000000 ) ;
#10080 = VERTEX_POINT ( 'NONE', #4917 ) ;
#10081 = CIRCLE ( 'NONE', #1297, 25.25000000000000355 ) ;
#10082 = DIRECTION ( 'NONE',  ( -1.000000000000000000, 0.000000000000000000, 0.000000000000000000 ) ) ;
#10083 = DIRECTION ( 'NONE',  ( -1.000000000000000000, 0.000000000000000000, -0.000000000000000000 ) ) ;
#10084 = DIRECTION ( 'NONE',  ( 1.000000000000000000, 0.000000000000000000, 0.000000000000000000 ) ) ;
#10085 = AXIS2_PLACEMENT_3D ( 'NONE', #7318, #6352, #11006 ) ;
#10086 = CARTESIAN_POINT ( 'NONE',  ( -30.36769272179242307, -28.10301967916149835, 22.28909803235629994 ) ) ;
#10087 = VECTOR ( 'NONE', #5824, 999.9999999999998863 ) ;
#10088 = ADVANCED_FACE ( 'NONE', ( #8570 ), #404, .T. ) ;
#10089 = DIRECTION ( 'NONE',  ( -0.000000000000000000, -1.204669080539449344E-16, -1.000000000000000000 ) ) ;
#10090 = CARTESIAN_POINT ( 'NONE',  ( -26.19678717823081371, -32.79999999999999716, 6.500000000000000888 ) ) ;
#10091 = ORIENTED_EDGE ( 'NONE', *, *, #512, .T. ) ;
#10092 = EDGE_CURVE ( 'NONE', #8460, #4800, #1627, .T. ) ;
#10093 = CARTESIAN_POINT ( 'NONE',  ( 26.69420440418528528, -37.35355339059326241, 49.50000000000000000 ) ) ;
#10094 = EDGE_CURVE ( 'NONE', #4525, #5848, #4587, .T. ) ;
#10095 = CARTESIAN_POINT ( 'NONE',  ( -31.49999999999997868, 5.559677934766194873, 5.949717696739383221 ) ) ;
#10096 = DIRECTION ( 'NONE',  ( 0.000000000000000000, 0.000000000000000000, 1.000000000000000000 ) ) ;
#10097 = CYLINDRICAL_SURFACE ( 'NONE', #9162, 0.9999999999999991118 ) ;
#10098 = ORIENTED_EDGE ( 'NONE', *, *, #8888, .T. ) ;
#10099 = CARTESIAN_POINT ( 'NONE',  ( 27.04775779477855835, -37.49999999999999289, 1.000000000000000000 ) ) ;
#10100 = DIRECTION ( 'NONE',  ( 0.000000000000000000, 1.204669080539449344E-16, 1.000000000000000000 ) ) ;
#10101 = AXIS2_PLACEMENT_3D ( 'NONE', #10584, #1689, #7910 ) ;
#10102 = DIRECTION ( 'NONE',  ( -0.000000000000000000, -0.000000000000000000, 1.000000000000000000 ) ) ;
#10103 = ORIENTED_EDGE ( 'NONE', *, *, #4076, .F. ) ;
#10104 = FACE_OUTER_BOUND ( 'NONE', #497, .T. ) ;
#10105 = DIRECTION ( 'NONE',  ( 0.000000000000000000, 0.000000000000000000, 1.000000000000000000 ) ) ;
#10106 = CARTESIAN_POINT ( 'NONE',  ( 15.76277455163462449, -32.55872636749531779, 6.000000000000000000 ) ) ;
#10107 = VERTEX_POINT ( 'NONE', #6354 ) ;
#10108 = EDGE_CURVE ( 'NONE', #5551, #10409, #11348, .T. ) ;
#10109 = CARTESIAN_POINT ( 'NONE',  ( -40.99999999999998579, -28.69999999999999574, 37.29999999999999716 ) ) ;
#10110 = AXIS2_PLACEMENT_3D ( 'NONE', #5541, #2877, #2818 ) ;
#10111 = CARTESIAN_POINT ( 'NONE',  ( 33.79966683782727443, -28.30049974325908835, 0.8854532754542039363 ) ) ;
#10112 = ORIENTED_EDGE ( 'NONE', *, *, #5628, .T. ) ;
#10113 = CARTESIAN_POINT ( 'NONE',  ( -10.39816519068723899, -31.05872636749531068, 6.000000000000000000 ) ) ;
#10114 = DIRECTION ( 'NONE',  ( -0.000000000000000000, -1.000000000000000000, -0.000000000000000000 ) ) ;
#10115 = EDGE_LOOP ( 'NONE', ( #8547, #2098, #20, #9140 ) ) ;
#10116 = ORIENTED_EDGE ( 'NONE', *, *, #5156, .F. ) ;
#10117 = CARTESIAN_POINT ( 'NONE',  ( -10.27685437981359229, -32.55872636749531068, 5.855295987570292127 ) ) ;
#10118 = FACE_OUTER_BOUND ( 'NONE', #1561, .T. ) ;
#10119 = VERTEX_POINT ( 'NONE', #3557 ) ;
#10120 = CYLINDRICAL_SURFACE ( 'NONE', #8675, 1.000000000000000888 ) ;
#10121 = CIRCLE ( 'NONE', #9374, 1.000000000000000888 ) ;
#10122 = DIRECTION ( 'NONE',  ( -6.120550899367223059E-14, 1.000000000000000000, 0.000000000000000000 ) ) ;
#10123 = CIRCLE ( 'NONE', #10310, 0.1999999999999996503 ) ;
#10124 = CARTESIAN_POINT ( 'NONE',  ( -20.50193465468132104, -31.07548501245124228, 6.000000000000000000 ) ) ;
#10125 = EDGE_LOOP ( 'NONE', ( #3834, #5374, #99, #9915 ) ) ;
#10126 = CIRCLE ( 'NONE', #7265, 0.5000000000000004441 ) ;
#10127 = CARTESIAN_POINT ( 'NONE',  ( 33.99999999999997868, -11.01986028694750885, 12.89424006866458505 ) ) ;
#10128 = CIRCLE ( 'NONE', #774, 0.5000000000000004441 ) ;
#10129 = EDGE_LOOP ( 'NONE', ( #9211, #7906, #9385, #7085, #10694, #11307, #4317, #10512 ) ) ;
#10130 = VECTOR ( 'NONE', #9462, 1000.000000000000000 ) ;
#10131 = CARTESIAN_POINT ( 'NONE',  ( -19.29508843714771515, -32.55872636749531779, 5.855295988587729816 ) ) ;
#10132 = ORIENTED_EDGE ( 'NONE', *, *, #1388, .T. ) ;
#10133 = DIRECTION ( 'NONE',  ( 1.000000000000000000, 0.000000000000000000, 0.000000000000000000 ) ) ;
#10134 = CARTESIAN_POINT ( 'NONE',  ( -45.00000000000000000, -29.50000000000000000, 50.00000000000000000 ) ) ;
#10135 = CIRCLE ( 'NONE', #9372, 0.5000000000000004441 ) ;
#10136 = VECTOR ( 'NONE', #778, 1000.000000000000000 ) ;
#10137 = EDGE_CURVE ( 'NONE', #2221, #5511, #6713, .T. ) ;
#10138 = CARTESIAN_POINT ( 'NONE',  ( -3.244874193390045125, -32.45419513345802898, 4.000000000000000000 ) ) ;
#10139 = ORIENTED_EDGE ( 'NONE', *, *, #4531, .F. ) ;
#10140 = EDGE_CURVE ( 'NONE', #9176, #199, #3610, .T. ) ;
#10141 = LINE ( 'NONE', #2974, #9772 ) ;
#10142 = CARTESIAN_POINT ( 'NONE',  ( -18.99999999999999645, -32.79999999999999716, 27.00000000000000711 ) ) ;
#10143 = ADVANCED_FACE ( 'NONE', ( #2723, #160, #3734 ), #7194, .T. ) ;
#10144 = AXIS2_PLACEMENT_3D ( 'NONE', #5534, #1975, #10 ) ;
#10145 = CARTESIAN_POINT ( 'NONE',  ( 25.91927170679086245, -19.18495017096926603, 5.700000000000000178 ) ) ;
#10146 = VECTOR ( 'NONE', #11190, 1000.000000000000000 ) ;
#10147 = DIRECTION ( 'NONE',  ( 0.6536975734347971745, -0.2556344932300053108, -0.7122713586523723439 ) ) ;
#10148 = DIRECTION ( 'NONE',  ( 1.000000000000000000, 0.000000000000000000, 0.000000000000000000 ) ) ;
#10149 = CARTESIAN_POINT ( 'NONE',  ( 9.000000000000012434, -33.79999999999999716, 27.00000000000000355 ) ) ;
#10150 = ORIENTED_EDGE ( 'NONE', *, *, #10591, .F. ) ;
#10151 = DIRECTION ( 'NONE',  ( 0.6363104671251464950, -0.7714330751445506174, -7.358818035545070041E-15 ) ) ;
#10152 = DIRECTION ( 'NONE',  ( 0.000000000000000000, 1.000000000000000000, 0.000000000000000000 ) ) ;
#10153 = FACE_OUTER_BOUND ( 'NONE', #9152, .T. ) ;
#10154 = DIRECTION ( 'NONE',  ( -1.000000000000000000, 0.000000000000000000, 0.000000000000000000 ) ) ;
#10155 = EDGE_LOOP ( 'NONE', ( #298, #1347, #6823, #11729 ) ) ;
#10156 = TOROIDAL_SURFACE ( 'NONE', #7664, 3.200000000000001510, 0.2000000000000000111 ) ;
#10157 = B_SPLINE_CURVE_WITH_KNOTS ( 'NONE', 3,
 ( #7862, #11434, #8639, #11330, #468, #11503, #4981, #11561 ),
 .UNSPECIFIED., .F., .F.,
 ( 4, 2, 2, 4 ),
 ( 0.0008038938176367569884, 0.001098248000817628753, 0.001392602183998500410, 0.001981310550360254781 ),
 .UNSPECIFIED. ) ;
#10158 = DIRECTION ( 'NONE',  ( 1.000000000000000000, 0.000000000000000000, 0.000000000000000000 ) ) ;
#10159 = DIRECTION ( 'NONE',  ( -1.000000000000000000, 0.000000000000000000, 0.000000000000000000 ) ) ;
#10160 = DIRECTION ( 'NONE',  ( -0.000000000000000000, -0.000000000000000000, 1.000000000000000000 ) ) ;
#10161 = EDGE_CURVE ( 'NONE', #5030, #4707, #1245, .T. ) ;
#10162 = EDGE_CURVE ( 'NONE', #7347, #10968, #11067, .T. ) ;
#10163 = CIRCLE ( 'NONE', #4625, 27.84471522829317180 ) ;
#10164 = ADVANCED_FACE ( 'NONE', ( #10191 ), #10777, .T. ) ;
#10165 = AXIS2_PLACEMENT_3D ( 'NONE', #9678, #1449, #8781 ) ;
#10166 = ORIENTED_EDGE ( 'NONE', *, *, #10245, .F. ) ;
#10167 = CARTESIAN_POINT ( 'NONE',  ( 25.50000000000000355, 30.50000000000000711, 5.500000000000000000 ) ) ;
#10168 = CIRCLE ( 'NONE', #9582, 1.000000000000000000 ) ;
#10169 = DIRECTION ( 'NONE',  ( 6.360652745248256918E-14, -1.000000000000000000, 0.000000000000000000 ) ) ;
#10170 = FACE_OUTER_BOUND ( 'NONE', #2003, .T. ) ;
#10171 = EDGE_LOOP ( 'NONE', ( #7421, #9461, #3573, #9370 ) ) ;
#10172 = CARTESIAN_POINT ( 'NONE',  ( -21.95126265846939617, -24.74873734153059246, 5.799999999999999822 ) ) ;
#10173 = DIRECTION ( 'NONE',  ( -0.000000000000000000, -0.000000000000000000, 1.000000000000000000 ) ) ;
#10174 = DIRECTION ( 'NONE',  ( -1.000000000000000000, 0.000000000000000000, 0.000000000000000000 ) ) ;
#10175 = ORIENTED_EDGE ( 'NONE', *, *, #968, .F. ) ;
#10176 = AXIS2_PLACEMENT_3D ( 'NONE', #11688, #8928, #831 ) ;
#10177 = AXIS2_PLACEMENT_3D ( 'NONE', #8062, #6384, #73 ) ;
#10178 = AXIS2_PLACEMENT_3D ( 'NONE', #5576, #9161, #882 ) ;
#10179 = CARTESIAN_POINT ( 'NONE',  ( 24.32813405080369762, 18.81287924088970342, 4.000000000000000000 ) ) ;
#10180 = CYLINDRICAL_SURFACE ( 'NONE', #10357, 1.000000000000000888 ) ;
#10181 = EDGE_CURVE ( 'NONE', #6690, #8743, #6192, .T. ) ;
#10182 = EDGE_CURVE ( 'NONE', #8963, #5163, #679, .T. ) ;
#10183 = ORIENTED_EDGE ( 'NONE', *, *, #3676, .F. ) ;
#10184 = AXIS2_PLACEMENT_3D ( 'NONE', #1787, #7445, #832 ) ;
#10185 = ORIENTED_EDGE ( 'NONE', *, *, #5042, .F. ) ;
#10186 = VECTOR ( 'NONE', #10725, 1000.000000000000000 ) ;
#10187 = CARTESIAN_POINT ( 'NONE',  ( -19.16813678315594771, 25.85980940434447106, 5.700000000000000178 ) ) ;
#10188 = CARTESIAN_POINT ( 'NONE',  ( -34.49999999999997868, -28.49999999999999645, 1.500000000000007550 ) ) ;
#10189 = ORIENTED_EDGE ( 'NONE', *, *, #2477, .T. ) ;
#10190 =( BOUNDED_SURFACE ( )  B_SPLINE_SURFACE ( 3, 2, ( 
 ( #1109, #6282, #4734 ),
 ( #9153, #1879, #8382 ),
 ( #991, #5392, #9044 ),
 ( #4624, #2175, #1394 ) ),
 .UNSPECIFIED., .F., .F., .F. ) 
 B_SPLINE_SURFACE_WITH_KNOTS ( ( 4, 4 ),
 ( 3, 3 ),
 ( 3.374085396528922143, 3.553902616229914102 ),
 ( 0.000000000000000000, 1.000000000000000000 ),
 .UNSPECIFIED. ) 
 GEOMETRIC_REPRESENTATION_ITEM ( )  RATIONAL_B_SPLINE_SURFACE ( (
 ( 1.000000000000000000, 0.9356117878981715652, 1.000000000000000000),
 ( 1.000000000000000000, 0.9327650768343362930, 1.000000000000000000),
 ( 1.000000000000000000, 0.9288230485230248856, 1.000000000000000000),
 ( 1.000000000000000000, 0.9238080609143728417, 1.000000000000000000) ) ) 
 REPRESENTATION_ITEM ( '' )  SURFACE ( )  );
#10191 = FACE_OUTER_BOUND ( 'NONE', #3022, .T. ) ;
#10192 = CIRCLE ( 'NONE', #4261, 0.5000000000000004441 ) ;
#10193 = CARTESIAN_POINT ( 'NONE',  ( 34.98674648294750966, -35.00000000000002842, 49.89999999999999858 ) ) ;
#10194 = VERTEX_POINT ( 'NONE', #1763 ) ;
#10195 = CARTESIAN_POINT ( 'NONE',  ( -11.88379308764716136, 26.28294234767709270, 5.700000000000000178 ) ) ;
#10196 = AXIS2_PLACEMENT_3D ( 'NONE', #8326, #11005, #807 ) ;
#10197 = ORIENTED_EDGE ( 'NONE', *, *, #1588, .T. ) ;
#10198 = ORIENTED_EDGE ( 'NONE', *, *, #1410, .T. ) ;
#10199 = CARTESIAN_POINT ( 'NONE',  ( -30.49999999999997868, 7.310599156099908846, 6.210718465498662688 ) ) ;
#10200 = VERTEX_POINT ( 'NONE', #6410 ) ;
#10201 = DIRECTION ( 'NONE',  ( 1.000000000000000000, 0.000000000000000000, -0.000000000000000000 ) ) ;
#10202 = CARTESIAN_POINT ( 'NONE',  ( -30.54979342140361354, -28.56867978610766912, 22.28909803235629994 ) ) ;
#10203 = VECTOR ( 'NONE', #5373, 1000.000000000000000 ) ;
#10204 = CARTESIAN_POINT ( 'NONE',  ( 32.99999999999997868, -28.21852687074916943, 22.36322654727371173 ) ) ;
#10205 = CARTESIAN_POINT ( 'NONE',  ( 27.04775779477855124, -36.99999999999999289, 50.00000000000000000 ) ) ;
#10206 = ORIENTED_EDGE ( 'NONE', *, *, #7241, .T. ) ;
#10207 = CARTESIAN_POINT ( 'NONE',  ( 3.244874193390045125, -30.97010467188755456, 4.000000000000000000 ) ) ;
#10208 = CIRCLE ( 'NONE', #10383, 10.00000000000000000 ) ;
#10209 = ADVANCED_FACE ( 'NONE', ( #9944 ), #10120, .T. ) ;
#10210 = DIRECTION ( 'NONE',  ( -0.7367510141004708357, 0.000000000000000000, -0.6761641392605258760 ) ) ;
#10211 = CARTESIAN_POINT ( 'NONE',  ( 3.464638979553948506, -32.79999999999999716, 6.475629962069173295 ) ) ;
#10212 = CARTESIAN_POINT ( 'NONE',  ( -31.48674648294754519, -35.00000000000000000, 49.89999999999999858 ) ) ;
#10213 = ORIENTED_EDGE ( 'NONE', *, *, #1473, .F. ) ;
#10214 = CARTESIAN_POINT ( 'NONE',  ( -26.54775779477856901, -37.00000000000000000, 0.4999999999999814593 ) ) ;
#10215 = DIRECTION ( 'NONE',  ( -0.9971117258661704730, -0.07594870729766847739, 0.000000000000000000 ) ) ;
#10216 = DIRECTION ( 'NONE',  ( 0.000000000000000000, 0.000000000000000000, 1.000000000000000000 ) ) ;
#10217 = ORIENTED_EDGE ( 'NONE', *, *, #1185, .T. ) ;
#10218 = AXIS2_PLACEMENT_3D ( 'NONE', #5505, #3671, #11786 ) ;
#10219 = DIRECTION ( 'NONE',  ( 0.000000000000000000, 0.000000000000000000, 1.000000000000000000 ) ) ;
#10220 = CARTESIAN_POINT ( 'NONE',  ( -25.78279235760479793, -31.79999999999999361, 6.000000000000000000 ) ) ;
#10221 = DIRECTION ( 'NONE',  ( -0.7071067811865475727, -0.7071067811865475727, 0.000000000000000000 ) ) ;
#10222 = DIRECTION ( 'NONE',  ( 0.000000000000000000, -1.000000000000000000, 0.000000000000000000 ) ) ;
#10223 = CARTESIAN_POINT ( 'NONE',  ( 19.29508843714771871, -32.55872636749531779, 4.000000000000000000 ) ) ;
#10224 = DIRECTION ( 'NONE',  ( -0.4119920406074620289, 0.9111874442045937439, 0.000000000000000000 ) ) ;
#10225 = ORIENTED_EDGE ( 'NONE', *, *, #6260, .F. ) ;
#10226 = ADVANCED_FACE ( 'NONE', ( #2661 ), #10190, .F. ) ;
#10227 = EDGE_CURVE ( 'NONE', #847, #2422, #10014, .T. ) ;
#10228 = CARTESIAN_POINT ( 'NONE',  ( -33.61454672454578230, -28.57817991318126616, 0.7003331621727082457 ) ) ;
#10229 = DIRECTION ( 'NONE',  ( -1.000000000000000000, 0.000000000000000000, 0.000000000000000000 ) ) ;
#10230 = VERTEX_POINT ( 'NONE', #5906 ) ;
#10231 = ADVANCED_FACE ( 'NONE', ( #6593 ), #9470, .T. ) ;
#10232 = CARTESIAN_POINT ( 'NONE',  ( 31.37500000000000711, 7.476470224947663112, 4.388610099474774984 ) ) ;
#10233 = VERTEX_POINT ( 'NONE', #9453 ) ;
#10234 = ADVANCED_FACE ( 'NONE', ( #2111 ), #3727, .T. ) ;
#10235 = DIRECTION ( 'NONE',  ( 0.000000000000000000, -0.000000000000000000, 1.000000000000000000 ) ) ;
#10236 = CARTESIAN_POINT ( 'NONE',  ( -1.540743955509788682E-30, -76.30000000000001137, 17.00000000000000000 ) ) ;
#10237 = VERTEX_POINT ( 'NONE', #332 ) ;
#10238 = ORIENTED_EDGE ( 'NONE', *, *, #8109, .F. ) ;
#10239 = CARTESIAN_POINT ( 'NONE',  ( 30.52128291834203466, -28.57975734830250047, 22.20504793957698553 ) ) ;
#10240 = CARTESIAN_POINT ( 'NONE',  ( 9.000000000000012434, -36.50000000000000000, 27.00000000000000355 ) ) ;
#10241 = VERTEX_POINT ( 'NONE', #1278 ) ;
#10242 = CARTESIAN_POINT ( 'NONE',  ( 31.47351802014871325, 6.895249532782064428, 5.300736604618808911 ) ) ;
#10243 = EDGE_CURVE ( 'NONE', #864, #1630, #4677, .T. ) ;
#10244 = EDGE_CURVE ( 'NONE', #3410, #7518, #9506, .T. ) ;
#10245 = EDGE_CURVE ( 'NONE', #5212, #6742, #5018, .T. ) ;
#10246 = CARTESIAN_POINT ( 'NONE',  ( 32.99999999999997868, 4.500000000000001776, 5.352827917084654885 ) ) ;
#10247 = ORIENTED_EDGE ( 'NONE', *, *, #9840, .F. ) ;
#10248 = DIRECTION ( 'NONE',  ( -1.000000000000000000, 0.000000000000000000, 0.000000000000000000 ) ) ;
#10249 = EDGE_LOOP ( 'NONE', ( #6154, #3356, #9896, #10855 ) ) ;
#10250 = ORIENTED_EDGE ( 'NONE', *, *, #6138, .T. ) ;
#10251 = CARTESIAN_POINT ( 'NONE',  ( -22.70891192219859889, -18.60168694398918987, 4.000000000000000000 ) ) ;
#10252 = EDGE_LOOP ( 'NONE', ( #6827, #6159 ) ) ;
#10253 = DIRECTION ( 'NONE',  ( -0.000000000000000000, -1.000000000000000000, -0.000000000000000000 ) ) ;
#10254 = CARTESIAN_POINT ( 'NONE',  ( -18.94446863683308280, -26.27032172386167730, 5.699999999999997513 ) ) ;
#10255 = CARTESIAN_POINT ( 'NONE',  ( -27.58294234767707209, -1.688228025932691617E-12, 6.000000000000000000 ) ) ;
#10256 = ORIENTED_EDGE ( 'NONE', *, *, #610, .F. ) ;
#10257 = CYLINDRICAL_SURFACE ( 'NONE', #1574, 1.484090461570473307 ) ;
#10258 = DIRECTION ( 'NONE',  ( 1.000000000000000000, 0.000000000000000000, 0.000000000000000000 ) ) ;
#10259 = CARTESIAN_POINT ( 'NONE',  ( 32.27214629160819470, -37.21234470971598540, 49.96574146771300207 ) ) ;
#10260 = DIRECTION ( 'NONE',  ( 0.000000000000000000, 0.000000000000000000, 1.000000000000000000 ) ) ;
#10261 = ORIENTED_EDGE ( 'NONE', *, *, #5560, .T. ) ;
#10262 = CARTESIAN_POINT ( 'NONE',  ( 11.88379308764715958, 26.28294234767709270, 5.700000000000000178 ) ) ;
#10263 = CARTESIAN_POINT ( 'NONE',  ( -30.49999999999998224, 6.887940722520167647, 0.5000000000000028866 ) ) ;
#10264 = DIRECTION ( 'NONE',  ( -0.000000000000000000, -0.000000000000000000, 1.000000000000000000 ) ) ;
#10265 = CARTESIAN_POINT ( 'NONE',  ( -20.59508843714771587, -31.55872636749531424, 5.700000000000000178 ) ) ;
#10266 = ORIENTED_EDGE ( 'NONE', *, *, #7794, .T. ) ;
#10267 = DIRECTION ( 'NONE',  ( 1.000000000000000000, 0.000000000000000000, 0.000000000000000000 ) ) ;
#10268 = ORIENTED_EDGE ( 'NONE', *, *, #5735, .T. ) ;
#10269 = CARTESIAN_POINT ( 'NONE',  ( 41.00000000000000711, -28.69999999999999574, 17.20000000000000284 ) ) ;
#10270 = DIRECTION ( 'NONE',  ( -0.000000000000000000, -0.000000000000000000, 1.000000000000000000 ) ) ;
#10271 = CIRCLE ( 'NONE', #739, 1.300000000000000711 ) ;
#10272 = CARTESIAN_POINT ( 'NONE',  ( 0.000000000000000000, 0.000000000000000000, 5.700000000000000178 ) ) ;
#10273 = CARTESIAN_POINT ( 'NONE',  ( -40.99999999999999289, -28.69999999999999574, 14.00000000000000178 ) ) ;
#10274 = CARTESIAN_POINT ( 'NONE',  ( -26.34065101359200511, -37.00000000000000000, 51.83453822009710876 ) ) ;
#10275 = VERTEX_POINT ( 'NONE', #1329 ) ;
#10276 = FACE_OUTER_BOUND ( 'NONE', #7730, .T. ) ;
#10277 = LINE ( 'NONE', #6628, #620 ) ;
#10278 = ORIENTED_EDGE ( 'NONE', *, *, #887, .T. ) ;
#10279 = DIRECTION ( 'NONE',  ( 1.000000000000000000, 0.000000000000000000, 0.000000000000000000 ) ) ;
#10280 = ORIENTED_EDGE ( 'NONE', *, *, #10724, .F. ) ;
#10281 = VECTOR ( 'NONE', #4769, 1000.000000000000000 ) ;
#10282 = CARTESIAN_POINT ( 'NONE',  ( -30.49460037870391815, -28.50539558988482725, 21.37122379935513905 ) ) ;
#10283 = CARTESIAN_POINT ( 'NONE',  ( -29.99999999999997868, 26.00000000000000355, 5.500000000000000000 ) ) ;
#10284 = EDGE_CURVE ( 'NONE', #1827, #11441, #9442, .T. ) ;
#10285 = EDGE_CURVE ( 'NONE', #5662, #3008, #11139, .T. ) ;
#10286 = VERTEX_POINT ( 'NONE', #499 ) ;
#10287 = ORIENTED_EDGE ( 'NONE', *, *, #4381, .F. ) ;
#10288 = CARTESIAN_POINT ( 'NONE',  ( -23.46003738052403165, 18.65889919623467463, 5.700000000000000178 ) ) ;
#10289 = FACE_BOUND ( 'NONE', #2245, .T. ) ;
#10290 = ORIENTED_EDGE ( 'NONE', *, *, #3755, .F. ) ;
#10291 = CARTESIAN_POINT ( 'NONE',  ( 33.94839407334163184, 5.268729662711558959, 6.091095311859163530 ) ) ;
#10292 = LINE ( 'NONE', #2117, #11662 ) ;
#10293 = ORIENTED_EDGE ( 'NONE', *, *, #4221, .T. ) ;
#10294 = AXIS2_PLACEMENT_3D ( 'NONE', #9145, #5558, #9219 ) ;
#10295 = CARTESIAN_POINT ( 'NONE',  ( -26.48963502442554940, -32.50737079693872289, 48.99999999999999289 ) ) ;
#10296 = ADVANCED_FACE ( 'NONE', ( #617 ), #3411, .F. ) ;
#10297 = VERTEX_POINT ( 'NONE', #11592 ) ;
#10298 = ADVANCED_FACE ( 'NONE', ( #7051 ), #683, .T. ) ;
#10299 = EDGE_CURVE ( 'NONE', #5635, #10529, #11737, .T. ) ;
#10300 = CIRCLE ( 'NONE', #4610, 2.800000000000000266 ) ;
#10301 = ORIENTED_EDGE ( 'NONE', *, *, #5560, .F. ) ;
#10302 = CARTESIAN_POINT ( 'NONE',  ( -26.64689772752948116, -19.39069158978011842, 4.000000000000000000 ) ) ;
#10303 = ORIENTED_EDGE ( 'NONE', *, *, #9711, .F. ) ;
#10304 = DIRECTION ( 'NONE',  ( 1.000000000000000000, 0.000000000000000000, 0.000000000000000000 ) ) ;
#10305 = CARTESIAN_POINT ( 'NONE',  ( -30.37760673426211966, -28.62230188570046252, 21.57402752746414620 ) ) ;
#10306 = CARTESIAN_POINT ( 'NONE',  ( -27.35126265846939830, -24.74873734153059246, -37.50000000000001421 ) ) ;
#10307 = ORIENTED_EDGE ( 'NONE', *, *, #10420, .T. ) ;
#10308 = AXIS2_PLACEMENT_3D ( 'NONE', #711, #5104, #2435 ) ;
#10309 =( BOUNDED_SURFACE ( )  B_SPLINE_SURFACE ( 3, 2, ( 
 ( #2393, #6016, #1491 ),
 ( #3342, #5060, #5118 ),
 ( #8769, #6981, #601 ),
 ( #4238, #10618, #6139 ),
 ( #3464, #9798, #11638 ),
 ( #7109, #10748, #9013 ) ),
 .UNSPECIFIED., .F., .F., .F. ) 
 B_SPLINE_SURFACE_WITH_KNOTS ( ( 4, 2, 4 ),
 ( 3, 3 ),
 ( 0.000000000000000000, 0.0005933979136653387641, 0.001186795827330677528 ),
 ( 0.000000000000000000, 1.000000000000000000 ),
 .UNSPECIFIED. ) 
 GEOMETRIC_REPRESENTATION_ITEM ( )  RATIONAL_B_SPLINE_SURFACE ( (
 ( 1.000000000000000000, 0.8584323824077177978, 1.000000000000000000),
 ( 1.000000000000000000, 0.8351743869674415066, 1.000000000000000000),
 ( 1.000000000000000000, 0.8068872749050381987, 1.000000000000000000),
 ( 1.000000000000000000, 0.7538592051572639008, 1.000000000000000000),
 ( 1.000000000000000000, 0.7289293449538336578, 1.000000000000000000),
 ( 1.000000000000000000, 0.7071067811865469066, 1.000000000000000000) ) ) 
 REPRESENTATION_ITEM ( '' )  SURFACE ( )  );
#10310 = AXIS2_PLACEMENT_3D ( 'NONE', #673, #545, #10566 ) ;
#10311 = ADVANCED_FACE ( 'NONE', ( #1632 ), #2462, .F. ) ;
#10312 = AXIS2_PLACEMENT_3D ( 'NONE', #58, #5459, #3687 ) ;
#10313 = CIRCLE ( 'NONE', #3066, 0.5000000000000004441 ) ;
#10314 = CARTESIAN_POINT ( 'NONE',  ( -19.98049215409350055, -32.30437754820019336, 5.962999738695652141 ) ) ;
#10315 = DIRECTION ( 'NONE',  ( -1.000000000000000000, -5.687617954022319110E-17, 0.000000000000000000 ) ) ;
#10316 = ORIENTED_EDGE ( 'NONE', *, *, #7443, .F. ) ;
#10317 = CARTESIAN_POINT ( 'NONE',  ( -26.28294234767779969, -11.88379308764559106, 5.700000000000000178 ) ) ;
#10318 = CARTESIAN_POINT ( 'NONE',  ( 21.06605083265883138, -18.03603898744441381, 6.000000000000000000 ) ) ;
#10319 = FACE_OUTER_BOUND ( 'NONE', #5777, .T. ) ;
#10320 = LINE ( 'NONE', #7751, #1533 ) ;
#10321 = ORIENTED_EDGE ( 'NONE', *, *, #11338, .T. ) ;
#10322 = AXIS2_PLACEMENT_3D ( 'NONE', #293, #10133, #5582 ) ;
#10323 = DIRECTION ( 'NONE',  ( 0.000000000000000000, 0.8994353934787675531, -0.4370537414983364233 ) ) ;
#10324 = DIRECTION ( 'NONE',  ( -0.07594870729766847739, 0.9971117258661704730, 0.000000000000000000 ) ) ;
#10325 = TOROIDAL_SURFACE ( 'NONE', #794, 2.799999999999998934, 0.2000000000000000111 ) ;
#10326 = AXIS2_PLACEMENT_3D ( 'NONE', #10697, #5261, #9929 ) ;
#10327 = CARTESIAN_POINT ( 'NONE',  ( -30.49999999999997868, 26.00000000000000355, 6.000000000000000000 ) ) ;
#10328 = AXIS2_PLACEMENT_3D ( 'NONE', #5186, #722, #4352 ) ;
#10329 = CARTESIAN_POINT ( 'NONE',  ( 26.78294234767820825, 18.90955557852280933, 5.700000000000000178 ) ) ;
#10330 = LINE ( 'NONE', #10274, #2147 ) ;
#10331 = ORIENTED_EDGE ( 'NONE', *, *, #11247, .F. ) ;
#10332 = CARTESIAN_POINT ( 'NONE',  ( -9.000000000000000000, -32.79999999999999716, 16.00000000000000355 ) ) ;
#10333 = CARTESIAN_POINT ( 'NONE',  ( -9.534216377564714406, -29.83251576229562474, 4.000000000000000000 ) ) ;
#10334 = CARTESIAN_POINT ( 'NONE',  ( 20.22343168146353776, -31.18700224837849433, 6.000000000000000000 ) ) ;
#10335 = ORIENTED_EDGE ( 'NONE', *, *, #6956, .F. ) ;
#10336 = CIRCLE ( 'NONE', #7891, 2.600000000000001421 ) ;
#10337 = DIRECTION ( 'NONE',  ( -0.7068426668207459240, -0.7073707969387313943, 0.000000000000000000 ) ) ;
#10338 = DIRECTION ( 'NONE',  ( -1.000000000000000000, 0.000000000000000000, 0.000000000000000000 ) ) ;
#10339 = VECTOR ( 'NONE', #8101, 1000.000000000000000 ) ;
#10340 = VERTEX_POINT ( 'NONE', #7125 ) ;
#10341 = EDGE_LOOP ( 'NONE', ( #5265, #290, #5568, #669, #7056, #1221, #2811 ) ) ;
#10342 = DIRECTION ( 'NONE',  ( -1.000000000000000000, 0.000000000000000000, 0.000000000000000000 ) ) ;
#10343 = ORIENTED_EDGE ( 'NONE', *, *, #11338, .F. ) ;
#10344 = EDGE_CURVE ( 'NONE', #2221, #941, #3357, .T. ) ;
#10345 = CARTESIAN_POINT ( 'NONE',  ( 31.70894799688293730, 6.822824033047177217, 5.335929611107681936 ) ) ;
#10346 = AXIS2_PLACEMENT_3D ( 'NONE', #3091, #10428, #6731 ) ;
#10347 = AXIS2_PLACEMENT_3D ( 'NONE', #3830, #10224, #4775 ) ;
#10348 = EDGE_CURVE ( 'NONE', #6631, #2195, #2929, .T. ) ;
#10349 = EDGE_CURVE ( 'NONE', #3855, #413, #9870, .T. ) ;
#10350 = VECTOR ( 'NONE', #3853, 1000.000000000000114 ) ;
#10351 = DIRECTION ( 'NONE',  ( -0.000000000000000000, 0.000000000000000000, 1.000000000000000000 ) ) ;
#10352 = EDGE_LOOP ( 'NONE', ( #4761, #2595, #9690, #5336 ) ) ;
#10353 = CARTESIAN_POINT ( 'NONE',  ( 27.28294234767822601, 18.90955557852278091, 4.000000000000000000 ) ) ;
#10354 = CARTESIAN_POINT ( 'NONE',  ( -37.43623622573073106, -37.50000000000000000, 50.00000000000000000 ) ) ;
#10355 = VECTOR ( 'NONE', #7788, 1000.000000000000000 ) ;
#10356 = EDGE_LOOP ( 'NONE', ( #2471, #7863, #10112, #8558, #6162, #9207 ) ) ;
#10357 = AXIS2_PLACEMENT_3D ( 'NONE', #5622, #3551, #7186 ) ;
#10358 = ORIENTED_EDGE ( 'NONE', *, *, #8846, .F. ) ;
#10359 = CARTESIAN_POINT ( 'NONE',  ( -19.47757686674689026, -32.54613555760188603, 5.851422199398928825 ) ) ;
#10360 = VERTEX_POINT ( 'NONE', #10518 ) ;
#10361 = FACE_OUTER_BOUND ( 'NONE', #2544, .T. ) ;
#10362 = CARTESIAN_POINT ( 'NONE',  ( 19.59298340124280458, -32.52150865677499070, 5.999999976063837615 ) ) ;
#10363 = EDGE_CURVE ( 'NONE', #7964, #6967, #9636, .T. ) ;
#10364 = CARTESIAN_POINT ( 'NONE',  ( 30.50000000000001066, 10.04931321067359917, 0.5000000000000005551 ) ) ;
#10365 = VERTEX_POINT ( 'NONE', #6938 ) ;
#10366 = EDGE_CURVE ( 'NONE', #5511, #4133, #7544, .T. ) ;
#10367 = CARTESIAN_POINT ( 'NONE',  ( -25.00198839180657373, 19.27881548787107135, 6.000000000000000888 ) ) ;
#10368 = VERTEX_POINT ( 'NONE', #8315 ) ;
#10369 = VECTOR ( 'NONE', #263, 1000.000000000000000 ) ;
#10370 = DIRECTION ( 'NONE',  ( -1.137523590804463822E-16, 1.000000000000000000, 0.000000000000000000 ) ) ;
#10371 = DIRECTION ( 'NONE',  ( 0.4119920406075139874, -0.9111874442045700961, 0.000000000000000000 ) ) ;
#10372 = ORIENTED_EDGE ( 'NONE', *, *, #7983, .T. ) ;
#10373 = CYLINDRICAL_SURFACE ( 'NONE', #6106, 1.499999999999999556 ) ;
#10374 = CARTESIAN_POINT ( 'NONE',  ( 9.000000000000010658, -37.00000000000000000, 16.49999999999999645 ) ) ;
#10375 = CARTESIAN_POINT ( 'NONE',  ( -19.12410736914864273, -23.73562773868919606, 6.000000000000000000 ) ) ;
#10376 = ADVANCED_FACE ( 'NONE', ( #3545 ), #6267, .T. ) ;
#10378 =( BOUNDED_SURFACE ( )  B_SPLINE_SURFACE ( 3, 2, ( 
 ( #11391, #9717, #6127 ),
 ( #476, #3206, #2501 ),
 ( #1538, #9784, #6974 ),
 ( #8647, #5944, #3389 ),
 ( #3158, #9608, #11512 ),
 ( #5053, #1603, #4992 ),
 ( #3333, #7877, #10433 ),
 ( #589, #6839, #1484 ),
 ( #2318, #8705, #10492 ),
 ( #535, #4166, #4227 ) ),
 .UNSPECIFIED., .F., .F., .F. ) 
 B_SPLINE_SURFACE_WITH_KNOTS ( ( 4, 2, 2, 2, 4 ),
 ( 3, 3 ),
 ( 1.570796326794896558, 1.963495408493620697, 2.356194490192344837, 2.748893571891068976, 3.141592653589793116 ),
 ( 0.000000000000000000, 1.000000000000000000 ),
 .UNSPECIFIED. ) 
 GEOMETRIC_REPRESENTATION_ITEM ( )  RATIONAL_B_SPLINE_SURFACE ( (
 ( 1.000000000000000000, 1.000000000000000000, 1.000000000000000000),
 ( 1.000000000000000000, 1.000061422601949301, 1.000000000000000000),
 ( 1.000000000000000000, 0.9960735243018683516, 1.000000000000000000),
 ( 1.000000000000000000, 0.9823831698909990529, 1.000000000000000000),
 ( 1.000000000000000000, 0.9726737254461498283, 1.000000000000000000),
 ( 1.000000000000000000, 0.9527796749088756068, 1.000000000000000000),
 ( 1.000000000000000000, 0.9427130835493039429, 1.000000000000000000),
 ( 1.000000000000000000, 0.9282360614252175290, 1.000000000000000000),
 ( 1.000000000000000000, 0.9238731109532788421, 1.000000000000000000),
 ( 1.000000000000000000, 0.9239509718969765029, 1.000000000000000000) ) ) 
 REPRESENTATION_ITEM ( '' )  SURFACE ( )  );
#10377 = CARTESIAN_POINT ( 'NONE',  ( 19.29508843714771871, -31.55872636749531424, 4.000000000000000000 ) ) ;
#10379 = ORIENTED_EDGE ( 'NONE', *, *, #8337, .T. ) ;
#10380 = EDGE_CURVE ( 'NONE', #11501, #4645, #8958, .T. ) ;
#10381 = DIRECTION ( 'NONE',  ( 5.551115123125785858E-15, 0.000000000000000000, 1.000000000000000000 ) ) ;
#10382 = CARTESIAN_POINT ( 'NONE',  ( -3.903587267792825610, -32.29999999999999716, 6.000000000000000000 ) ) ;
#10383 = AXIS2_PLACEMENT_3D ( 'NONE', #2309, #810, #8095 ) ;
#10384 = CARTESIAN_POINT ( 'NONE',  ( -24.99999999999999289, -32.79999999999999716, 49.00000000000000000 ) ) ;
#10385 = DIRECTION ( 'NONE',  ( 1.000000000000000000, 0.000000000000000000, 0.000000000000000000 ) ) ;
#10386 = FACE_OUTER_BOUND ( 'NONE', #9221, .T. ) ;
#10387 = DIRECTION ( 'NONE',  ( 0.000000000000000000, 0.000000000000000000, -1.000000000000000000 ) ) ;
#10388 = B_SPLINE_SURFACE_WITH_KNOTS ( 'NONE', 3, 1, ( 
 ( #2859, #6484 ),
 ( #5592, #11032 ),
 ( #4703, #9250 ),
 ( #182, #10145 ),
 ( #8349, #3809 ) ),
 .UNSPECIFIED., .F., .F., .F.,
 ( 4, 1, 4 ),
 ( 2, 2 ),
 ( 0.2024315979464644255, 0.5228176099171815139, 0.7968962246422546247 ),
 ( 0.000000000000000000, 1.000000000000000000 ),
 .UNSPECIFIED. ) ;
#10389 = ORIENTED_EDGE ( 'NONE', *, *, #4371, .F. ) ;
#10390 = DIRECTION ( 'NONE',  ( 1.000000000000000000, 0.000000000000000000, 0.000000000000000000 ) ) ;
#10391 = AXIS2_PLACEMENT_3D ( 'NONE', #8913, #9597, #751 ) ;
#10392 = CARTESIAN_POINT ( 'NONE',  ( -3.244874193390045125, -29.48601421031708014, 4.000000000000000000 ) ) ;
#10393 = CARTESIAN_POINT ( 'NONE',  ( 26.28294234767779969, 11.88379308764559106, 6.000000000000000000 ) ) ;
#10394 = DIRECTION ( 'NONE',  ( 0.000000000000000000, 0.000000000000000000, -1.000000000000000000 ) ) ;
#10395 = ORIENTED_EDGE ( 'NONE', *, *, #512, .F. ) ;
#10396 = CARTESIAN_POINT ( 'NONE',  ( -22.70891192219859889, 18.60168694398918987, 5.700000000000000178 ) ) ;
#10397 = CYLINDRICAL_SURFACE ( 'NONE', #5764, 1.000000000000000000 ) ;
#10398 = ORIENTED_EDGE ( 'NONE', *, *, #10069, .T. ) ;
#10399 = ORIENTED_EDGE ( 'NONE', *, *, #8989, .T. ) ;
#10400 = CARTESIAN_POINT ( 'NONE',  ( 31.49999999999997868, -11.01986028694750530, 12.89424006866458505 ) ) ;
#10401 = FACE_OUTER_BOUND ( 'NONE', #4980, .T. ) ;
#10402 = ORIENTED_EDGE ( 'NONE', *, *, #5415, .F. ) ;
#10403 = CARTESIAN_POINT ( 'NONE',  ( 33.67467056849167761, 5.906518849726992926, 4.897190724969105347 ) ) ;
#10404 = DIRECTION ( 'NONE',  ( 0.000000000000000000, 0.000000000000000000, 1.000000000000000000 ) ) ;
#10405 = DIRECTION ( 'NONE',  ( -1.000000000000000000, 0.000000000000000000, 0.000000000000000000 ) ) ;
#10406 = EDGE_LOOP ( 'NONE', ( #9938, #1401, #1512, #3226 ) ) ;
#10407 = FACE_OUTER_BOUND ( 'NONE', #4022, .T. ) ;
#10408 = ORIENTED_EDGE ( 'NONE', *, *, #3336, .F. ) ;
#10409 = VERTEX_POINT ( 'NONE', #4498 ) ;
#10410 = DIRECTION ( 'NONE',  ( -1.000000000000000000, 0.000000000000000000, 0.000000000000000000 ) ) ;
#10411 = EDGE_LOOP ( 'NONE', ( #2009, #2233, #11579, #8534, #10681 ) ) ;
#10412 = CARTESIAN_POINT ( 'NONE',  ( 27.28294234767825444, 19.57972195055236853, 5.700000000000000178 ) ) ;
#10413 = CARTESIAN_POINT ( 'NONE',  ( -45.00000000000000000, -29.50000000000000000, 49.00000000000000000 ) ) ;
#10414 = VERTEX_POINT ( 'NONE', #146 ) ;
#10415 = CARTESIAN_POINT ( 'NONE',  ( 25.07199709173859858, 18.94537726338325712, 5.700000000000000178 ) ) ;
#10416 = ORIENTED_EDGE ( 'NONE', *, *, #4142, .T. ) ;
#10417 = AXIS2_PLACEMENT_3D ( 'NONE', #4650, #2029, #5645 ) ;
#10418 = EDGE_CURVE ( 'NONE', #9693, #5030, #10626, .T. ) ;
#10419 = CARTESIAN_POINT ( 'NONE',  ( 30.51612360056751783, -28.30769996194559823, 21.49359563289034014 ) ) ;
#10420 = EDGE_CURVE ( 'NONE', #10840, #1098, #1868, .T. ) ;
#10421 = EDGE_CURVE ( 'NONE', #8663, #10414, #3774, .T. ) ;
#10422 = ORIENTED_EDGE ( 'NONE', *, *, #10570, .F. ) ;
#10423 = ADVANCED_FACE ( 'NONE', ( #7304 ), #2824, .T. ) ;
#10424 = DIRECTION ( 'NONE',  ( -1.000000000000000000, 0.000000000000000000, 0.000000000000000000 ) ) ;
#10425 = CARTESIAN_POINT ( 'NONE',  ( 30.38110393696777933, -28.61880729404082047, 21.68472057741193382 ) ) ;
#10426 = ORIENTED_EDGE ( 'NONE', *, *, #4805, .F. ) ;
#10427 = CARTESIAN_POINT ( 'NONE',  ( -33.99999999999997868, -27.99999999999999645, 22.81294424401309229 ) ) ;
#10428 = DIRECTION ( 'NONE',  ( 0.000000000000000000, 0.000000000000000000, -1.000000000000000000 ) ) ;
#10429 = CARTESIAN_POINT ( 'NONE',  ( -33.99999999999997868, 4.500000000000001776, 0.5000000000000029976 ) ) ;
#10430 = CARTESIAN_POINT ( 'NONE',  ( 40.00000000000000711, -36.99999999999999289, 0.5000000000000083267 ) ) ;
#10431 = ORIENTED_EDGE ( 'NONE', *, *, #8692, .T. ) ;
#10432 = DIRECTION ( 'NONE',  ( 0.000000000000000000, 1.204669080539449344E-16, 1.000000000000000000 ) ) ;
#10433 = CARTESIAN_POINT ( 'NONE',  ( 26.50492542136210616, -32.67051819454411543, 49.50361897545617040 ) ) ;
#10434 = CARTESIAN_POINT ( 'NONE',  ( 21.82807647900999370, -18.53459485037749843, 4.000000000000000000 ) ) ;
#10435 = ADVANCED_FACE ( 'NONE', ( #9084 ), #3846, .T. ) ;
#10436 = EDGE_CURVE ( 'NONE', #7352, #1362, #3067, .T. ) ;
#10437 = DIRECTION ( 'NONE',  ( 1.000000000000000000, 0.000000000000000000, 0.000000000000000000 ) ) ;
#10438 = EDGE_CURVE ( 'NONE', #9893, #2901, #9745, .T. ) ;
#10439 = EDGE_CURVE ( 'NONE', #2218, #10237, #4602, .T. ) ;
#10440 = DIRECTION ( 'NONE',  ( -1.000000000000000000, 0.000000000000000000, 0.000000000000000000 ) ) ;
#10441 = DIRECTION ( 'NONE',  ( -0.000000000000000000, -0.000000000000000000, 1.000000000000000000 ) ) ;
#10442 = ORIENTED_EDGE ( 'NONE', *, *, #1684, .F. ) ;
#10443 = CARTESIAN_POINT ( 'NONE',  ( 0.000000000000000000, 30.50000000000000711, 0.5000000000000004441 ) ) ;
#10444 = DIRECTION ( 'NONE',  ( -0.000000000000000000, 0.000000000000000000, 1.000000000000000000 ) ) ;
#10445 = DIRECTION ( 'NONE',  ( 1.000000000000000000, 0.000000000000000000, 0.000000000000000000 ) ) ;
#10446 = FACE_OUTER_BOUND ( 'NONE', #10155, .T. ) ;
#10447 = ORIENTED_EDGE ( 'NONE', *, *, #7223, .F. ) ;
#10448 = CARTESIAN_POINT ( 'NONE',  ( -39.99999999999999289, -28.49999999999999645, 0.5000000000000073275 ) ) ;
#10449 = CIRCLE ( 'NONE', #6246, 0.5000000000000004441 ) ;
#10450 = CARTESIAN_POINT ( 'NONE',  ( -27.28294234767822601, 18.90955557852278801, 5.700000000000000178 ) ) ;
#10451 = FACE_OUTER_BOUND ( 'NONE', #8550, .T. ) ;
#10452 = ADVANCED_FACE ( 'NONE', ( #8195 ), #7413, .T. ) ;
#10453 = ORIENTED_EDGE ( 'NONE', *, *, #892, .T. ) ;
#10454 = CARTESIAN_POINT ( 'NONE',  ( -30.91399482062599446, -28.49999999999999645, 49.00000000000000000 ) ) ;
#10455 = ORIENTED_EDGE ( 'NONE', *, *, #8121, .T. ) ;
#10456 = CYLINDRICAL_SURFACE ( 'NONE', #4661, 27.84471522829317180 ) ;
#10457 = CARTESIAN_POINT ( 'NONE',  ( -9.361426614940215885, -29.58727364125569537, 6.000000000000000000 ) ) ;
#10458 = ORIENTED_EDGE ( 'NONE', *, *, #1999, .F. ) ;
#10459 = CARTESIAN_POINT ( 'NONE',  ( -18.81287924088932684, 24.32813405079570401, 4.000000000000000000 ) ) ;
#10460 = AXIS2_PLACEMENT_3D ( 'NONE', #10220, #4832, #4713 ) ;
#10461 = CARTESIAN_POINT ( 'NONE',  ( -30.20715215380524654, -28.79262920306126716, 22.28909803235630704 ) ) ;
#10462 = CARTESIAN_POINT ( 'NONE',  ( 9.536592924887919764, -29.83217189384346568, 6.000000000000000000 ) ) ;
#10463 = ORIENTED_EDGE ( 'NONE', *, *, #4591, .F. ) ;
#10464 = DIRECTION ( 'NONE',  ( -0.000000000000000000, -0.000000000000000000, 1.000000000000000000 ) ) ;
#10465 = DIRECTION ( 'NONE',  ( 0.000000000000000000, 0.000000000000000000, 1.000000000000000000 ) ) ;
#10466 = CIRCLE ( 'NONE', #5509, 2.800000000000000266 ) ;
#10467 = ORIENTED_EDGE ( 'NONE', *, *, #8337, .F. ) ;
#10468 = VERTEX_POINT ( 'NONE', #6519 ) ;
#10469 = CARTESIAN_POINT ( 'NONE',  ( 19.29508843714771871, -32.55872636749531779, 6.000000000000000000 ) ) ;
#10470 = LINE ( 'NONE', #5032, #83 ) ;
#10471 = ORIENTED_EDGE ( 'NONE', *, *, #7148, .F. ) ;
#10472 = DIRECTION ( 'NONE',  ( 0.000000000000000000, 0.000000000000000000, -1.000000000000000000 ) ) ;
#10473 = FACE_BOUND ( 'NONE', #1819, .T. ) ;
#10474 = VECTOR ( 'NONE', #4126, 1000.000000000000000 ) ;
#10475 = CARTESIAN_POINT ( 'NONE',  ( -49.99999999999999289, -29.50000000000000000, 50.00000000000000000 ) ) ;
#10476 = ORIENTED_EDGE ( 'NONE', *, *, #4025, .T. ) ;
#10477 = DIRECTION ( 'NONE',  ( 0.000000000000000000, 0.000000000000000000, 1.000000000000000000 ) ) ;
#10478 = CIRCLE ( 'NONE', #4937, 9.000000000000003553 ) ;
#10479 = EDGE_LOOP ( 'NONE', ( #10256, #10532, #10639, #7797, #7204 ) ) ;
#10480 = CARTESIAN_POINT ( 'NONE',  ( 31.23331835192928096, -28.21265965013061461, 22.33052463519103981 ) ) ;
#10481 = CARTESIAN_POINT ( 'NONE',  ( -19.18495017097079369, 25.91927170678971493, 4.000000000000000000 ) ) ;
#10482 = EDGE_LOOP ( 'NONE', ( #11653, #9333, #10818, #5899 ) ) ;
#10483 = DIRECTION ( 'NONE',  ( 0.000000000000000000, 0.000000000000000000, -1.000000000000000000 ) ) ;
#10485 = AXIS2_PLACEMENT_3D ( 'NONE', #1085, #4764, #252 ) ;
#10484 = CARTESIAN_POINT ( 'NONE',  ( -19.67887812412631376, -28.71084587790413778, 6.000000000000000000 ) ) ;
#10486 = EDGE_CURVE ( 'NONE', #4133, #10523, #10051, .T. ) ;
#10487 = EDGE_CURVE ( 'NONE', #2737, #11084, #10888, .T. ) ;
#10488 = FACE_OUTER_BOUND ( 'NONE', #5188, .T. ) ;
#10489 = ORIENTED_EDGE ( 'NONE', *, *, #500, .F. ) ;
#10490 = AXIS2_PLACEMENT_3D ( 'NONE', #1795, #8295, #10918 ) ;
#10491 = FACE_OUTER_BOUND ( 'NONE', #11606, .T. ) ;
#10492 = CARTESIAN_POINT ( 'NONE',  ( 26.48963502442326501, -32.50737079694099663, 49.13092329106675038 ) ) ;
#10493 = CIRCLE ( 'NONE', #5526, 1.000000000000000888 ) ;
#10494 = VECTOR ( 'NONE', #11802, 1000.000000000000000 ) ;
#10495 = DIRECTION ( 'NONE',  ( -1.000000000000000000, 0.000000000000000000, 0.000000000000000000 ) ) ;
#10496 = AXIS2_PLACEMENT_3D ( 'NONE', #9080, #261, #5608 ) ;
#10497 = CARTESIAN_POINT ( 'NONE',  ( 21.82807647901000436, 18.53459485037750198, 5.700000000000000178 ) ) ;
#10498 = CARTESIAN_POINT ( 'NONE',  ( -22.70891192218054044, -18.60168694398683087, 4.000000000000000000 ) ) ;
#10499 = ORIENTED_EDGE ( 'NONE', *, *, #9918, .T. ) ;
#10500 = LINE ( 'NONE', #5954, #406 ) ;
#10501 = DIRECTION ( 'NONE',  ( -0.5194048246657517742, -0.8545283073801240858, 0.000000000000000000 ) ) ;
#10502 = AXIS2_PLACEMENT_3D ( 'NONE', #6300, #9963, #708 ) ;
#10503 = CARTESIAN_POINT ( 'NONE',  ( 26.56527095544959494, -19.67937319653714212, 6.000000000000000000 ) ) ;
#10504 = DIRECTION ( 'NONE',  ( -1.000000000000000000, 0.000000000000000000, 0.000000000000000000 ) ) ;
#10505 = VERTEX_POINT ( 'NONE', #7181 ) ;
#10506 = VECTOR ( 'NONE', #2905, 1000.000000000000000 ) ;
#10507 = EDGE_CURVE ( 'NONE', #5636, #8416, #11263, .T. ) ;
#10508 = DIRECTION ( 'NONE',  ( 1.000000000000000000, 0.000000000000000000, 0.000000000000000000 ) ) ;
#10509 = EDGE_CURVE ( 'NONE', #6103, #4517, #234, .T. ) ;
#10510 = FACE_OUTER_BOUND ( 'NONE', #6578, .T. ) ;
#10511 = CARTESIAN_POINT ( 'NONE',  ( 0.000000000000000000, 0.000000000000000000, 5.700000000000000178 ) ) ;
#10512 = ORIENTED_EDGE ( 'NONE', *, *, #9841, .F. ) ;
#10513 = CARTESIAN_POINT ( 'NONE',  ( -32.13884401855499107, 6.598911483958140423, 5.444733220635755266 ) ) ;
#10514 = CIRCLE ( 'NONE', #1187, 2.800000000000000266 ) ;
#10515 = FACE_OUTER_BOUND ( 'NONE', #7783, .T. ) ;
#10516 = CARTESIAN_POINT ( 'NONE',  ( 26.28294234767779969, -11.88379308764559106, 4.000000000000000000 ) ) ;
#10517 = ORIENTED_EDGE ( 'NONE', *, *, #9216, .F. ) ;
#10518 = CARTESIAN_POINT ( 'NONE',  ( 27.54873734153059672, -24.74873734152912519, -6.098637220230962441E-16 ) ) ;
#10519 = CARTESIAN_POINT ( 'NONE',  ( -30.35602038747402887, -28.64387211590594973, 22.28909803235630704 ) ) ;
#10520 = AXIS2_PLACEMENT_3D ( 'NONE', #4060, #1374, #9491 ) ;
#10521 = ADVANCED_FACE ( 'NONE', ( #2214 ), #8368, .F. ) ;
#10522 = DIRECTION ( 'NONE',  ( -0.000000000000000000, -0.000000000000000000, 1.000000000000000000 ) ) ;
#10523 = VERTEX_POINT ( 'NONE', #1992 ) ;
#10524 = EDGE_CURVE ( 'NONE', #4690, #9412, #6881, .T. ) ;
#10525 = VECTOR ( 'NONE', #5351, 1000.000000000000000 ) ;
#10526 = LINE ( 'NONE', #3363, #2542 ) ;
#10527 = EDGE_LOOP ( 'NONE', ( #9606, #9883, #4391, #6417 ) ) ;
#10528 = CIRCLE ( 'NONE', #4052, 1.000000000000000888 ) ;
#10529 = VERTEX_POINT ( 'NONE', #10332 ) ;
#10530 = CARTESIAN_POINT ( 'NONE',  ( -30.99999999999998224, 4.500000000000001776, 1.500000000000003553 ) ) ;
#10531 = DIRECTION ( 'NONE',  ( 1.000000000000000000, 0.000000000000000000, 0.000000000000000000 ) ) ;
#10532 = ORIENTED_EDGE ( 'NONE', *, *, #10058, .F. ) ;
#10533 = CYLINDRICAL_SURFACE ( 'NONE', #10897, 3.000000000000000888 ) ;
#10534 = FACE_BOUND ( 'NONE', #9296, .T. ) ;
#10535 = CARTESIAN_POINT ( 'NONE',  ( 30.49999999999997868, 6.736576159028025756, 0.5000000000000031086 ) ) ;
#10536 = ORIENTED_EDGE ( 'NONE', *, *, #9959, .T. ) ;
#10537 = AXIS2_PLACEMENT_3D ( 'NONE', #3613, #756, #10776 ) ;
#10538 = CARTESIAN_POINT ( 'NONE',  ( 9.536592924887850486, -29.83217189384351187, 6.000000000000000000 ) ) ;
#10539 = TOROIDAL_SURFACE ( 'NONE', #4451, 3.200000000000001954, 0.2000000000000000111 ) ;
#10540 = ORIENTED_EDGE ( 'NONE', *, *, #3820, .T. ) ;
#10541 = VECTOR ( 'NONE', #2227, 1000.000000000000000 ) ;
#10542 = CARTESIAN_POINT ( 'NONE',  ( -42.10122905524186621, -37.46094236716038495, 0.7089844522561776774 ) ) ;
#10543 = AXIS2_PLACEMENT_3D ( 'NONE', #3775, #9947, #2543 ) ;
#10544 = FACE_OUTER_BOUND ( 'NONE', #10406, .T. ) ;
#10545 = VERTEX_POINT ( 'NONE', #9380 ) ;
#10546 = CARTESIAN_POINT ( 'NONE',  ( 9.774719012913351435, -32.43055543693245113, 6.000000009274496726 ) ) ;
#10547 = CARTESIAN_POINT ( 'NONE',  ( -31.47299692888729794, 5.500983093318970951, 5.978238700301344188 ) ) ;
#10548 = CIRCLE ( 'NONE', #283, 0.9999999999999991118 ) ;
#10549 = CARTESIAN_POINT ( 'NONE',  ( 31.50000000000000711, 5.559677934766185992, 5.949717696739386774 ) ) ;
#10550 = CARTESIAN_POINT ( 'NONE',  ( 27.04775779477855835, -37.49999999999999289, 49.50000000000000000 ) ) ;
#10551 = ORIENTED_EDGE ( 'NONE', *, *, #10438, .F. ) ;
#10552 = CARTESIAN_POINT ( 'NONE',  ( 30.73934493441232618, 6.617112288574953816, 5.801735673145917538 ) ) ;
#10553 = DIRECTION ( 'NONE',  ( 1.000000000000000000, 0.000000000000000000, 0.000000000000000000 ) ) ;
#10554 = DIRECTION ( 'NONE',  ( 0.000000000000000000, 0.000000000000000000, -1.000000000000000000 ) ) ;
#10555 = EDGE_CURVE ( 'NONE', #4417, #4690, #7586, .T. ) ;
#10556 = VECTOR ( 'NONE', #3354, 1000.000000000000000 ) ;
#10557 = CARTESIAN_POINT ( 'NONE',  ( -18.90955557852439028, 26.78294234767708559, 6.000000000000000000 ) ) ;
#10558 = DIRECTION ( 'NONE',  ( 0.000000000000000000, 0.000000000000000000, -1.000000000000000000 ) ) ;
#10559 = CARTESIAN_POINT ( 'NONE',  ( 32.99999999999997868, -11.72217152773876592, 13.60611008563274282 ) ) ;
#10560 = ORIENTED_EDGE ( 'NONE', *, *, #5241, .T. ) ;
#10561 = LINE ( 'NONE', #5885, #8598 ) ;
#10562 = DIRECTION ( 'NONE',  ( 1.000000000000000000, 0.000000000000000000, 0.000000000000000000 ) ) ;
#10563 = PLANE ( 'NONE',  #10328 ) ;
#10564 = VERTEX_POINT ( 'NONE', #3948 ) ;
#10565 = AXIS2_PLACEMENT_3D ( 'NONE', #11409, #4310, #4364 ) ;
#10566 = DIRECTION ( 'NONE',  ( 0.000000000000000000, 0.000000000000000000, -1.000000000000000000 ) ) ;
#10568 = ADVANCED_FACE ( 'NONE', ( #3899 ), #11221, .T. ) ;
#10567 = CYLINDRICAL_SURFACE ( 'NONE', #14, 1.000000000000000888 ) ;
#10569 = CARTESIAN_POINT ( 'NONE',  ( 27.04775779477855124, -37.00000000000000000, 49.50000000000000000 ) ) ;
#10570 = EDGE_CURVE ( 'NONE', #1184, #6799, #7646, .T. ) ;
#10571 = ORIENTED_EDGE ( 'NONE', *, *, #10969, .F. ) ;
#10572 = EDGE_CURVE ( 'NONE', #11642, #10726, #1543, .T. ) ;
#10573 = CARTESIAN_POINT ( 'NONE',  ( -31.96113848039837535, 7.362224433530009549, 5.073824111473221876 ) ) ;
#10574 = CIRCLE ( 'NONE', #302, 9.000000000000001776 ) ;
#10575 = CARTESIAN_POINT ( 'NONE',  ( 30.55221821945244898, -28.56773518201997675, 22.28909803235631060 ) ) ;
#10576 = CARTESIAN_POINT ( 'NONE',  ( -14.73873106045491177, -25.45417352786110499, 5.700000000000000178 ) ) ;
#10577 = ORIENTED_EDGE ( 'NONE', *, *, #9266, .T. ) ;
#10578 = EDGE_CURVE ( 'NONE', #4850, #2609, #11281, .T. ) ;
#10579 = CARTESIAN_POINT ( 'NONE',  ( -33.13092328825502619, -28.21852687074364496, 22.36322654727102943 ) ) ;
#10580 = EDGE_CURVE ( 'NONE', #9714, #10564, #2505, .T. ) ;
#10581 = DIRECTION ( 'NONE',  ( -0.2720892402858718362, -0.9622720225178829079, 0.000000000000000000 ) ) ;
#10582 = LINE ( 'NONE', #6875, #4618 ) ;
#10583 = EDGE_LOOP ( 'NONE', ( #3032, #5058, #4853, #4550 ) ) ;
#10584 = CARTESIAN_POINT ( 'NONE',  ( -26.78294234767822246, -18.90955557852281288, 5.700000000000000178 ) ) ;
#10585 = CARTESIAN_POINT ( 'NONE',  ( 26.56527095544953099, 19.67937319653712436, 5.700000000000000178 ) ) ;
#10586 = VERTEX_POINT ( 'NONE', #5660 ) ;
#10587 = ADVANCED_FACE ( 'NONE', ( #9320 ), #2161, .T. ) ;
#10588 = ORIENTED_EDGE ( 'NONE', *, *, #2416, .F. ) ;
#10589 = DIRECTION ( 'NONE',  ( 1.000000000000000000, -0.000000000000000000, -0.000000000000000000 ) ) ;
#10590 = ORIENTED_EDGE ( 'NONE', *, *, #730, .T. ) ;
#10591 = EDGE_CURVE ( 'NONE', #5405, #1595, #6508, .T. ) ;
#10592 = ADVANCED_FACE ( 'NONE', ( #10276 ), #5778, .F. ) ;
#10593 = DIRECTION ( 'NONE',  ( 0.000000000000000000, 0.000000000000000000, -1.000000000000000000 ) ) ;
#10594 = ORIENTED_EDGE ( 'NONE', *, *, #5983, .T. ) ;
#10595 = CARTESIAN_POINT ( 'NONE',  ( -12.03987644275959745, -27.52967587980463193, 6.000000000000000888 ) ) ;
#10596 = FACE_BOUND ( 'NONE', #9525, .T. ) ;
#10597 = CARTESIAN_POINT ( 'NONE',  ( 26.48963502442554940, -32.50737079693872289, 49.00000000000000000 ) ) ;
#10599 = ADVANCED_FACE ( 'NONE', ( #6743 ), #7418, .F. ) ;
#10598 = VERTEX_POINT ( 'NONE', #6627 ) ;
#10600 = CARTESIAN_POINT ( 'NONE',  ( 3.244874193390045125, -29.48601421031708014, 4.000000000000000000 ) ) ;
#10601 = ORIENTED_EDGE ( 'NONE', *, *, #314, .F. ) ;
#10602 = CARTESIAN_POINT ( 'NONE',  ( 18.83372836813861895, 21.80529186681926035, 6.000000000000000000 ) ) ;
#10603 = VERTEX_POINT ( 'NONE', #8889 ) ;
#10604 = CARTESIAN_POINT ( 'NONE',  ( 10.06169704220274319, -32.52790061654006593, 5.999999990725505050 ) ) ;
#10605 = CARTESIAN_POINT ( 'NONE',  ( 19.39069158978332297, 26.64689772753411745, 4.000000000000000000 ) ) ;
#10606 = DIRECTION ( 'NONE',  ( 0.000000000000000000, 0.000000000000000000, 1.000000000000000000 ) ) ;
#10607 = CARTESIAN_POINT ( 'NONE',  ( 34.49999999999997868, -28.49999999999999645, 21.38819140624178416 ) ) ;
#10608 = EDGE_LOOP ( 'NONE', ( #9688, #11352, #10771, #10713 ) ) ;
#10609 = DIRECTION ( 'NONE',  ( -0.000000000000000000, -0.000000000000000000, 1.000000000000000000 ) ) ;
#10610 = CARTESIAN_POINT ( 'NONE',  ( -21.86605083265882854, -18.03603898744441736, 4.000000000000000000 ) ) ;
#10611 = CARTESIAN_POINT ( 'NONE',  ( 21.06605083265884204, 18.03603898744442446, 5.700000000000000178 ) ) ;
#10612 = CARTESIAN_POINT ( 'NONE',  ( -10.39816519068723899, -32.64920397968453614, 6.070005953438200486 ) ) ;
#10613 =( BOUNDED_SURFACE ( )  B_SPLINE_SURFACE ( 3, 2, ( 
 ( #558, #1636, #11481 ),
 ( #8856, #3234, #2531 ),
 ( #6088, #1508, #5911 ),
 ( #5977, #11414, #6945 ) ),
 .UNSPECIFIED., .F., .F., .F. ) 
 B_SPLINE_SURFACE_WITH_KNOTS ( ( 4, 4 ),
 ( 3, 3 ),
 ( 0.001061129147367423885, 0.001722895188316720620 ),
 ( 0.000000000000000000, 1.000000000000000000 ),
 .UNSPECIFIED. ) 
 GEOMETRIC_REPRESENTATION_ITEM ( )  RATIONAL_B_SPLINE_SURFACE ( (
 ( 1.000000000000000000, 0.7071067811865493491, 1.000000000000000000),
 ( 1.000000000000000000, 0.7690243661730586933, 1.000000000000000000),
 ( 1.000000000000000000, 0.8093363552673147332, 1.000000000000000000),
 ( 1.000000000000000000, 0.8088233017526325064, 1.000000000000000000) ) ) 
 REPRESENTATION_ITEM ( '' )  SURFACE ( )  );
#10614 = CARTESIAN_POINT ( 'NONE',  ( -30.77568635844402323, -28.49999999999999645, 22.58252154426355673 ) ) ;
#10615 = CARTESIAN_POINT ( 'NONE',  ( -26.64689772753529340, -19.39069158978175977, 4.000000000000000000 ) ) ;
#10616 = ORIENTED_EDGE ( 'NONE', *, *, #4934, .F. ) ;
#10617 = CARTESIAN_POINT ( 'NONE',  ( -31.16533103740850663, 5.695904435042019820, 5.930653559939837116 ) ) ;
#10618 = CARTESIAN_POINT ( 'NONE',  ( 30.45733013510268350, 7.814533998351208766, 5.999999999999996447 ) ) ;
#10619 = CARTESIAN_POINT ( 'NONE',  ( 21.82807647900965975, -18.53459485037747712, 5.700000000000000178 ) ) ;
#10620 = DIRECTION ( 'NONE',  ( 0.000000000000000000, 1.000000000000000000, -0.000000000000000000 ) ) ;
#10621 = ORIENTED_EDGE ( 'NONE', *, *, #7066, .T. ) ;
#10622 = CARTESIAN_POINT ( 'NONE',  ( -29.99999999999909406, 7.929664604677834738, 5.999999999999999112 ) ) ;
#10623 = DIRECTION ( 'NONE',  ( 0.000000000000000000, 0.000000000000000000, 1.000000000000000000 ) ) ;
#10624 = CARTESIAN_POINT ( 'NONE',  ( 11.34820343485738903, 25.09839867021115012, 6.000000000000000000 ) ) ;
#10625 = VERTEX_POINT ( 'NONE', #1437 ) ;
#10626 = B_SPLINE_CURVE_WITH_KNOTS ( 'NONE', 3,
 ( #919, #10816, #1044, #2773, #5491, #4672 ),
 .UNSPECIFIED., .F., .F.,
 ( 4, 2, 4 ),
 ( 0.000000000000000000, 0.002418696264476009796, 0.004837392528952019592 ),
 .UNSPECIFIED. ) ;
#10627 = DIRECTION ( 'NONE',  ( 0.000000000000000000, 0.000000000000000000, -1.000000000000000000 ) ) ;
#10628 = FACE_OUTER_BOUND ( 'NONE', #2053, .T. ) ;
#10629 = CARTESIAN_POINT ( 'NONE',  ( -8.999999999999998224, -76.30000000000001137, 27.00000000000000355 ) ) ;
#10630 = VERTEX_POINT ( 'NONE', #3216 ) ;
#10631 = CARTESIAN_POINT ( 'NONE',  ( -34.49999999999997868, -28.49999999999999645, 21.14523135337576676 ) ) ;
#10632 = EDGE_CURVE ( 'NONE', #1233, #2655, #5542, .T. ) ;
#10633 = DIRECTION ( 'NONE',  ( 1.137523590804463822E-16, -1.000000000000000000, -0.000000000000000000 ) ) ;
#10634 = ORIENTED_EDGE ( 'NONE', *, *, #4755, .F. ) ;
#10635 = AXIS2_PLACEMENT_3D ( 'NONE', #8937, #8233, #69 ) ;
#10636 = EDGE_CURVE ( 'NONE', #8743, #7440, #10500, .T. ) ;
#10637 = EDGE_CURVE ( 'NONE', #2195, #3781, #10561, .T. ) ;
#10638 = LINE ( 'NONE', #502, #1556 ) ;
#10639 = ORIENTED_EDGE ( 'NONE', *, *, #10507, .F. ) ;
#10640 = CARTESIAN_POINT ( 'NONE',  ( -9.000000000000000000, -36.50000000000000000, 16.50000000000000000 ) ) ;
#10641 = ORIENTED_EDGE ( 'NONE', *, *, #6722, .F. ) ;
#10642 = CIRCLE ( 'NONE', #5679, 4.999999999999997335 ) ;
#10643 = ORIENTED_EDGE ( 'NONE', *, *, #3211, .F. ) ;
#10644 = CARTESIAN_POINT ( 'NONE',  ( -43.12249899919917340, -37.50000000000000000, 0.9999999999999991118 ) ) ;
#10645 = ORIENTED_EDGE ( 'NONE', *, *, #8278, .T. ) ;
#10646 = DIRECTION ( 'NONE',  ( -0.000000000000000000, -0.000000000000000000, 1.000000000000000000 ) ) ;
#10647 = ORIENTED_EDGE ( 'NONE', *, *, #5400, .F. ) ;
#10648 = CARTESIAN_POINT ( 'NONE',  ( 24.74873734152913229, 24.75126265847088547, 0.1999999999999987899 ) ) ;
#10649 = CARTESIAN_POINT ( 'NONE',  ( 30.49999999999997868, -28.29278383102050398, 21.38819140624178416 ) ) ;
#10650 = LINE ( 'NONE', #6173, #996 ) ;
#10651 = VERTEX_POINT ( 'NONE', #4300 ) ;
#10652 = VECTOR ( 'NONE', #11364, 1000.000000000000000 ) ;
#10653 = DIRECTION ( 'NONE',  ( -1.000000000000000000, 0.000000000000000000, 0.000000000000000000 ) ) ;
#10654 = ADVANCED_FACE ( 'NONE', ( #4237 ), #1746, .T. ) ;
#10655 = ADVANCED_FACE ( 'NONE', ( #541 ), #7024, .T. ) ;
#10656 = ADVANCED_FACE ( 'NONE', ( #5117 ), #2510, .F. ) ;
#10657 = ORIENTED_EDGE ( 'NONE', *, *, #10299, .F. ) ;
#10658 = CIRCLE ( 'NONE', #4916, 4.999999999999997335 ) ;
#10659 = CARTESIAN_POINT ( 'NONE',  ( 30.54203657206759104, -28.49395003377370372, 21.72457795138878467 ) ) ;
#10660 = EDGE_LOOP ( 'NONE', ( #579, #6999, #4865 ) ) ;
#10661 = CARTESIAN_POINT ( 'NONE',  ( -14.76172792831098235, -25.46903046660925796, 4.000000000000000000 ) ) ;
#10662 = CARTESIAN_POINT ( 'NONE',  ( -31.34714374987473917, 5.339799687093984559, 6.044586075968269689 ) ) ;
#10663 = DIRECTION ( 'NONE',  ( -1.519465818373845562E-16, 1.000000000000000000, 0.000000000000000000 ) ) ;
#10664 = DIRECTION ( 'NONE',  ( 8.673617379884033500E-16, 0.000000000000000000, 1.000000000000000000 ) ) ;
#10665 = VERTEX_POINT ( 'NONE', #1612 ) ;
#10666 = CARTESIAN_POINT ( 'NONE',  ( 32.99999999999997868, -11.01986028694750352, 12.89424006866458150 ) ) ;
#10667 = ADVANCED_FACE ( 'NONE', ( #7998 ), #11637, .T. ) ;
#10668 = DIRECTION ( 'NONE',  ( 0.000000000000000000, 0.000000000000000000, -1.000000000000000000 ) ) ;
#10669 = AXIS2_PLACEMENT_3D ( 'NONE', #3114, #3169, #3048 ) ;
#10670 = CARTESIAN_POINT ( 'NONE',  ( 26.28294234767779969, 11.88379308764559106, 4.000000000000000000 ) ) ;
#10671 = CARTESIAN_POINT ( 'NONE',  ( -30.91399482062599446, -29.50000000000000000, 49.00000000000000000 ) ) ;
#10672 = CIRCLE ( 'NONE', #4000, 0.5000000000000004441 ) ;
#10673 = DIRECTION ( 'NONE',  ( -0.000000000000000000, -0.000000000000000000, 1.000000000000000000 ) ) ;
#10674 = DIRECTION ( 'NONE',  ( -1.000000000000000000, 0.000000000000000000, 0.000000000000000000 ) ) ;
#10675 = VERTEX_POINT ( 'NONE', #6252 ) ;
#10676 = CARTESIAN_POINT ( 'NONE',  ( -34.46095901014736285, -28.52602732656828977, 1.238252107826870008 ) ) ;
#10677 = CARTESIAN_POINT ( 'NONE',  ( -30.49999999999997868, 6.736576159028010657, 0.5000000000000031086 ) ) ;
#10678 = VECTOR ( 'NONE', #5054, 1000.000000000000000 ) ;
#10679 = CARTESIAN_POINT ( 'NONE',  ( 23.46003738052396415, -18.65889919623467108, 5.700000000000000178 ) ) ;
#10680 = DIRECTION ( 'NONE',  ( 0.000000000000000000, 0.000000000000000000, 1.000000000000000000 ) ) ;
#10681 = ORIENTED_EDGE ( 'NONE', *, *, #6338, .F. ) ;
#10682 = AXIS2_PLACEMENT_3D ( 'NONE', #4762, #7519, #8355 ) ;
#10683 = CYLINDRICAL_SURFACE ( 'NONE', #3439, 2.600000000000001421 ) ;
#10684 = AXIS2_PLACEMENT_3D ( 'NONE', #11268, #2205, #3094 ) ;
#10685 = CARTESIAN_POINT ( 'NONE',  ( 30.50538904462859335, -28.31088527493773199, 21.42948866324744728 ) ) ;
#10686 = DIRECTION ( 'NONE',  ( 5.064886061246151462E-17, 1.000000000000000000, 0.000000000000000000 ) ) ;
#10687 =( BOUNDED_SURFACE ( )  B_SPLINE_SURFACE ( 3, 2, ( 
 ( #1956, #2801, #10078 ),
 ( #1895, #9172, #1007 ),
 ( #4642, #8290, #2286 ),
 ( #5908, #443, #6808 ),
 ( #4015, #9299, #618 ),
 ( #11361, #10519, #10461 ) ),
 .UNSPECIFIED., .F., .F., .F. ) 
 B_SPLINE_SURFACE_WITH_KNOTS ( ( 4, 2, 4 ),
 ( 3, 3 ),
 ( 0.0002425218489673677238, 0.0006261070399159894464, 0.001009692230864611250 ),
 ( 0.4719080805275932544, 1.000000000000000000 ),
 .UNSPECIFIED. ) 
 GEOMETRIC_REPRESENTATION_ITEM ( )  RATIONAL_B_SPLINE_SURFACE ( (
 ( 0.9958618806354300190, 0.9956155451291026637, 1.000000000000000000),
 ( 0.9920199893550696313, 0.9915449523178235802, 1.000000000000000000),
 ( 0.9863156322698212186, 0.9855010241455500752, 1.000000000000000000),
 ( 0.9744363654167902400, 0.9729146038836316013, 1.000000000000000000),
 ( 0.9680984307053159821, 0.9661993822409036259, 1.000000000000000000),
 ( 0.9620955150329510985, 0.9598391227750627808, 1.000000000000000000) ) ) 
 REPRESENTATION_ITEM ( '' )  SURFACE ( )  );
#10688 = AXIS2_PLACEMENT_3D ( 'NONE', #2342, #2455, #678 ) ;
#10689 = ORIENTED_EDGE ( 'NONE', *, *, #4144, .T. ) ;
#10690 = CARTESIAN_POINT ( 'NONE',  ( -31.71028105339751590, 7.437293215472915442, 4.401301363869550620 ) ) ;
#10691 = AXIS2_PLACEMENT_3D ( 'NONE', #3971, #10253, #3076 ) ;
#10692 = CARTESIAN_POINT ( 'NONE',  ( 26.44517301291460853, -37.00000000000000711, 0.6523585122252941737 ) ) ;
#10693 = CARTESIAN_POINT ( 'NONE',  ( -10.74469913653195086, -28.61266401807251114, 6.000000000000000000 ) ) ;
#10694 = ORIENTED_EDGE ( 'NONE', *, *, #9567, .F. ) ;
#10695 = AXIS2_PLACEMENT_3D ( 'NONE', #7510, #11151, #9351 ) ;
#10696 = AXIS2_PLACEMENT_3D ( 'NONE', #7535, #3106, #1212 ) ;
#10697 = CARTESIAN_POINT ( 'NONE',  ( 25.50000000000000355, 26.00000000000000711, 5.500000000000000000 ) ) ;
#10698 = ORIENTED_EDGE ( 'NONE', *, *, #5680, .T. ) ;
#10699 = ORIENTED_EDGE ( 'NONE', *, *, #7513, .T. ) ;
#10700 = AXIS2_PLACEMENT_3D ( 'NONE', #1287, #3187, #2236 ) ;
#10701 = DIRECTION ( 'NONE',  ( 0.000000000000000000, 0.000000000000000000, 1.000000000000000000 ) ) ;
#10702 = CARTESIAN_POINT ( 'NONE',  ( -27.35126265847086913, 24.75126265846941820, 5.799999999999999822 ) ) ;
#10703 = CIRCLE ( 'NONE', #1745, 0.9999999999999991118 ) ;
#10704 = ORIENTED_EDGE ( 'NONE', *, *, #6858, .T. ) ;
#10705 = ADVANCED_FACE ( 'NONE', ( #3582 ), #4135, .T. ) ;
#10706 = ORIENTED_EDGE ( 'NONE', *, *, #3241, .T. ) ;
#10707 = EDGE_CURVE ( 'NONE', #6616, #5278, #3692, .T. ) ;
#10708 = CARTESIAN_POINT ( 'NONE',  ( -30.49999999999997868, 8.240232331225113782, 5.335793471831745904 ) ) ;
#10709 = ORIENTED_EDGE ( 'NONE', *, *, #1036, .F. ) ;
#10710 = EDGE_CURVE ( 'NONE', #8789, #5126, #8039, .T. ) ;
#10711 = AXIS2_PLACEMENT_3D ( 'NONE', #10193, #1110, #7375 ) ;
#10712 = DIRECTION ( 'NONE',  ( -0.000000000000000000, -1.000000000000000000, -0.000000000000000000 ) ) ;
#10713 = ORIENTED_EDGE ( 'NONE', *, *, #3574, .F. ) ;
#10714 = CARTESIAN_POINT ( 'NONE',  ( -19.66655671569550634, -32.48860093456776355, 5.980597248452558468 ) ) ;
#10715 = FACE_BOUND ( 'NONE', #9926, .T. ) ;
#10716 = AXIS2_PLACEMENT_3D ( 'NONE', #4049, #5823, #4925 ) ;
#10717 = CARTESIAN_POINT ( 'NONE',  ( -26.48963502442554585, -32.50737079693872289, 49.00000000000000000 ) ) ;
#10718 = EDGE_LOOP ( 'NONE', ( #11138, #6545, #2823, #11724 ) ) ;
#10719 = LINE ( 'NONE', #6049, #4815 ) ;
#10720 = AXIS2_PLACEMENT_3D ( 'NONE', #6792, #2992, #5831 ) ;
#10721 = EDGE_CURVE ( 'NONE', #10545, #9392, #1855, .T. ) ;
#10722 = ORIENTED_EDGE ( 'NONE', *, *, #10932, .F. ) ;
#10723 = EDGE_CURVE ( 'NONE', #10275, #9306, #9556, .T. ) ;
#10724 = EDGE_CURVE ( 'NONE', #11497, #474, #11089, .T. ) ;
#10725 = DIRECTION ( 'NONE',  ( -1.000000000000000000, -0.000000000000000000, -0.000000000000000000 ) ) ;
#10726 = VERTEX_POINT ( 'NONE', #9126 ) ;
#10727 = EDGE_CURVE ( 'NONE', #7717, #7742, #795, .T. ) ;
#10728 = FACE_BOUND ( 'NONE', #11346, .T. ) ;
#10729 = EDGE_CURVE ( 'NONE', #2014, #9237, #2576, .T. ) ;
#10730 = LINE ( 'NONE', #11506, #6539 ) ;
#10731 = DIRECTION ( 'NONE',  ( 1.000000000000000000, -0.000000000000000000, -0.000000000000000000 ) ) ;
#10732 = CIRCLE ( 'NONE', #5577, 0.2999999999999997669 ) ;
#10733 = CARTESIAN_POINT ( 'NONE',  ( 33.99999999999997868, -10.58280654544917354, 13.79367546214335327 ) ) ;
#10734 = EDGE_LOOP ( 'NONE', ( #7242, #7013, #4087, #5929 ) ) ;
#10735 = CIRCLE ( 'NONE', #7119, 1.000000000000000888 ) ;
#10736 = LINE ( 'NONE', #9844, #1963 ) ;
#10737 = CARTESIAN_POINT ( 'NONE',  ( -9.230226719160627979, -32.38900878765532099, 6.000000000000000000 ) ) ;
#10738 = DIRECTION ( 'NONE',  ( -0.000000000000000000, -0.000000000000000000, 1.000000000000000000 ) ) ;
#10739 = VECTOR ( 'NONE', #1520, 1000.000000000000000 ) ;
#10740 = CARTESIAN_POINT ( 'NONE',  ( 31.49999999999997868, -28.49999999999999645, 22.81294424401309584 ) ) ;
#10741 = CIRCLE ( 'NONE', #4826, 4.999999999999997335 ) ;
#10742 = CARTESIAN_POINT ( 'NONE',  ( 0.000000000000000000, 0.000000000000000000, 5.700000000000000178 ) ) ;
#10743 = DIRECTION ( 'NONE',  ( 0.000000000000000000, 1.000000000000000000, -0.000000000000000000 ) ) ;
#10744 = ORIENTED_EDGE ( 'NONE', *, *, #10380, .F. ) ;
#10745 = ADVANCED_FACE ( 'NONE', ( #958 ), #9955, .T. ) ;
#10746 = CARTESIAN_POINT ( 'NONE',  ( -31.29796143940848197, -28.49999999999999645, 22.81294424401308873 ) ) ;
#10747 = EDGE_CURVE ( 'NONE', #6742, #8458, #2697, .T. ) ;
#10748 = CARTESIAN_POINT ( 'NONE',  ( 30.50000000000001066, 8.130517918508745723, 6.000000000000000000 ) ) ;
#10749 = CARTESIAN_POINT ( 'NONE',  ( 33.75542845756815780, -28.49999999999999645, 22.60245618287901337 ) ) ;
#10750 = FACE_OUTER_BOUND ( 'NONE', #9522, .T. ) ;
#10751 = ORIENTED_EDGE ( 'NONE', *, *, #6047, .T. ) ;
#10752 = FACE_OUTER_BOUND ( 'NONE', #6024, .T. ) ;
#10753 = AXIS2_PLACEMENT_3D ( 'NONE', #250, #10264, #4827 ) ;
#10754 = LINE ( 'NONE', #2338, #8202 ) ;
#10755 = VERTEX_POINT ( 'NONE', #4588 ) ;
#10756 = CARTESIAN_POINT ( 'NONE',  ( -11.88379308764716136, 27.58294234767708986, 6.000000000000000000 ) ) ;
#10757 = CARTESIAN_POINT ( 'NONE',  ( 31.49999999999997868, -11.72217152773876592, 13.60611008563274282 ) ) ;
#10758 = FACE_OUTER_BOUND ( 'NONE', #4564, .T. ) ;
#10759 = ORIENTED_EDGE ( 'NONE', *, *, #7089, .T. ) ;
#10760 = DIRECTION ( 'NONE',  ( -0.000000000000000000, -0.000000000000000000, 1.000000000000000000 ) ) ;
#10761 = AXIS2_PLACEMENT_3D ( 'NONE', #1923, #10996, #4495 ) ;
#10762 = CARTESIAN_POINT ( 'NONE',  ( 10.11871959800227216, -32.79999999999999716, 6.444443096206302179 ) ) ;
#10763 = VERTEX_POINT ( 'NONE', #8942 ) ;
#10764 = B_SPLINE_CURVE_WITH_KNOTS ( 'NONE', 3,
 ( #5692, #3807, #1849, #4647, #1898, #9177 ),
 .UNSPECIFIED., .F., .F.,
 ( 4, 2, 4 ),
 ( 0.000000000000000000, 0.002418693428769474324, 0.004837386857538948648 ),
 .UNSPECIFIED. ) ;
#10765 = ORIENTED_EDGE ( 'NONE', *, *, #7738, .T. ) ;
#10766 = CARTESIAN_POINT ( 'NONE',  ( -31.37499999999997868, 7.476470224947665777, 4.388610099474774096 ) ) ;
#10767 = CARTESIAN_POINT ( 'NONE',  ( 27.58294234767825515, 19.57972195055235076, 5.700000000000000178 ) ) ;
#10768 = AXIS2_PLACEMENT_3D ( 'NONE', #5326, #9653, #7688 ) ;
#10769 = ORIENTED_EDGE ( 'NONE', *, *, #5668, .F. ) ;
#10770 = ORIENTED_EDGE ( 'NONE', *, *, #4004, .T. ) ;
#10771 = ORIENTED_EDGE ( 'NONE', *, *, #6584, .F. ) ;
#10772 = CARTESIAN_POINT ( 'NONE',  ( 41.00000000000001421, -28.69999999999999574, 40.50000000000000000 ) ) ;
#10773 = CARTESIAN_POINT ( 'NONE',  ( 31.24325230736886994, 5.244997879939027108, 6.065357531000025837 ) ) ;
#10774 = EDGE_LOOP ( 'NONE', ( #8813, #275, #11778, #3351 ) ) ;
#10775 = CARTESIAN_POINT ( 'NONE',  ( -19.29508843714793542, -32.64920397968467114, 6.070005953438087687 ) ) ;
#10776 = DIRECTION ( 'NONE',  ( -1.000000000000000000, 0.000000000000000000, 0.000000000000000000 ) ) ;
#10777 = TOROIDAL_SURFACE ( 'NONE', #3147, 1.300000000000000044, 0.2999999999999999889 ) ;
#10778 = CARTESIAN_POINT ( 'NONE',  ( -25.78279235760479793, -32.29999999999999716, 6.500000000000000888 ) ) ;
#10779 = ORIENTED_EDGE ( 'NONE', *, *, #11750, .F. ) ;
#10780 = DIRECTION ( 'NONE',  ( 1.000000000000000000, 0.000000000000000000, 0.000000000000000000 ) ) ;
#10781 = ORIENTED_EDGE ( 'NONE', *, *, #10068, .F. ) ;
#10782 = VERTEX_POINT ( 'NONE', #5531 ) ;
#10783 = CARTESIAN_POINT ( 'NONE',  ( 30.50000000000001421, 7.510538814699498467, 4.808245235536904971 ) ) ;
#10784 = ORIENTED_EDGE ( 'NONE', *, *, #11369, .F. ) ;
#10785 = CARTESIAN_POINT ( 'NONE',  ( -30.91399482062599446, -29.50000000000000000, -55.15136956765560683 ) ) ;
#10786 = DIRECTION ( 'NONE',  ( 0.000000000000000000, 0.000000000000000000, -1.000000000000000000 ) ) ;
#10787 = DIRECTION ( 'NONE',  ( -1.000000000000000000, 0.000000000000000000, 0.000000000000000000 ) ) ;
#10788 = ADVANCED_FACE ( 'NONE', ( #8239 ), #7831, .T. ) ;
#10789 = CARTESIAN_POINT ( 'NONE',  ( 26.78294234767820825, 18.90955557852280933, 4.000000000000000000 ) ) ;
#10790 = EDGE_LOOP ( 'NONE', ( #6882, #11336, #9666, #4740 ) ) ;
#10791 = EDGE_CURVE ( 'NONE', #3380, #10603, #4399, .T. ) ;
#10792 = CARTESIAN_POINT ( 'NONE',  ( 0.000000000000000000, -28.49999999999999645, 49.00000000000000000 ) ) ;
#10793 = CARTESIAN_POINT ( 'NONE',  ( -27.58294234767776842, 11.34689094264124343, 5.700000000000000178 ) ) ;
#10794 = EDGE_CURVE ( 'NONE', #1339, #7347, #9187, .T. ) ;
#10795 = DIRECTION ( 'NONE',  ( 1.000000000000000000, 0.000000000000000000, -0.000000000000000000 ) ) ;
#10796 = EDGE_CURVE ( 'NONE', #10840, #934, #4655, .T. ) ;
#10797 = CARTESIAN_POINT ( 'NONE',  ( 30.91399482062600512, -28.49999999999999645, 22.68041234772800863 ) ) ;
#10798 = TOROIDAL_SURFACE ( 'NONE', #9087, 2.999999999999999556, 1.000000000000000000 ) ;
#10799 = CARTESIAN_POINT ( 'NONE',  ( 34.49999999999997868, -28.49999999999999645, 1.500000000000007550 ) ) ;
#10800 = CARTESIAN_POINT ( 'NONE',  ( -15.72612110261072083, 5.773878897389277398, 50.00000000000000000 ) ) ;
#10801 = EDGE_LOOP ( 'NONE', ( #5214, #5751, #10280, #5967 ) ) ;
#10802 = CARTESIAN_POINT ( 'NONE',  ( 17.71788375388311820, 21.48033429508550540, 4.000000000000000000 ) ) ;
#10803 = CARTESIAN_POINT ( 'NONE',  ( 30.54979342140361709, -28.56867978610767267, 22.28909803235630704 ) ) ;
#10804 = CARTESIAN_POINT ( 'NONE',  ( 25.50000000000000000, 30.50000000000000711, 0.000000000000000000 ) ) ;
#10805 = ORIENTED_EDGE ( 'NONE', *, *, #5339, .T. ) ;
#10806 = DIRECTION ( 'NONE',  ( -0.000000000000000000, -1.000000000000000000, -0.000000000000000000 ) ) ;
#10807 = FACE_OUTER_BOUND ( 'NONE', #11178, .T. ) ;
#10808 = EDGE_CURVE ( 'NONE', #2481, #6997, #2502, .T. ) ;
#10809 = EDGE_CURVE ( 'NONE', #5490, #941, #2119, .T. ) ;
#10810 = EDGE_CURVE ( 'NONE', #10119, #2047, #9920, .T. ) ;
#10811 = ORIENTED_EDGE ( 'NONE', *, *, #2698, .T. ) ;
#10812 = CARTESIAN_POINT ( 'NONE',  ( 21.36605083265883920, 18.03603898744442446, 5.700000000000000178 ) ) ;
#10813 = CARTESIAN_POINT ( 'NONE',  ( 33.87867965644033319, -28.91421356237308871, 0.5000000000000076605 ) ) ;
#10814 = SPHERICAL_SURFACE ( 'NONE', #7104, 0.5000000000000000000 ) ;
#10815 = ORIENTED_EDGE ( 'NONE', *, *, #4025, .F. ) ;
#10816 = CARTESIAN_POINT ( 'NONE',  ( 25.78780555777532513, -19.45953934035973276, 5.999999999999999112 ) ) ;
#10817 = CARTESIAN_POINT ( 'NONE',  ( 30.50000000000001066, 10.20067777416575439, 0.5000000000000004441 ) ) ;
#10818 = ORIENTED_EDGE ( 'NONE', *, *, #7719, .F. ) ;
#10819 = ORIENTED_EDGE ( 'NONE', *, *, #7391, .T. ) ;
#10820 = DIRECTION ( 'NONE',  ( 0.000000000000000000, -0.4370537414983364788, -0.8994353934787675531 ) ) ;
#10821 = CARTESIAN_POINT ( 'NONE',  ( 21.24890437254319053, -17.52699061374429590, 5.700000000000000178 ) ) ;
#10822 = EDGE_CURVE ( 'NONE', #5051, #7383, #4948, .T. ) ;
#10823 = ORIENTED_EDGE ( 'NONE', *, *, #4395, .T. ) ;
#10824 = ORIENTED_EDGE ( 'NONE', *, *, #6895, .T. ) ;
#10825 = FACE_OUTER_BOUND ( 'NONE', #8603, .T. ) ;
#10826 = DIRECTION ( 'NONE',  ( -1.000000000000000000, 0.000000000000000000, 0.000000000000000000 ) ) ;
#10827 = ORIENTED_EDGE ( 'NONE', *, *, #3366, .F. ) ;
#10828 = DIRECTION ( 'NONE',  ( -0.7071067811865474617, 0.7071067811865474617, -0.000000000000000000 ) ) ;
#10829 = CARTESIAN_POINT ( 'NONE',  ( -30.50538904462869638, -28.31088527493783147, 21.42948866324883284 ) ) ;
#10830 = ORIENTED_EDGE ( 'NONE', *, *, #3510, .T. ) ;
#10831 =( BOUNDED_CURVE ( )  B_SPLINE_CURVE ( 3, ( #9561, #612, #8664, #4309 ),
 .UNSPECIFIED., .F., .F. ) 
 B_SPLINE_CURVE_WITH_KNOTS ( ( 4, 4 ),
 ( 3.141592653589793116, 4.712388980384689674 ),
 .UNSPECIFIED. ) 
 CURVE ( )  GEOMETRIC_REPRESENTATION_ITEM ( )  RATIONAL_B_SPLINE_CURVE ( ( 1.000000000000000000, 0.8047378541243649375, 0.8047378541243649375, 1.000000000000000000 ) ) 
 REPRESENTATION_ITEM ( '' )  );
#10832 = CARTESIAN_POINT ( 'NONE',  ( -19.80272255194939746, -32.42284010159099950, 5.979886388150090326 ) ) ;
#10833 = CARTESIAN_POINT ( 'NONE',  ( -30.85482207986471082, 4.619407162181769166, 6.152905453025653948 ) ) ;
#10834 = CARTESIAN_POINT ( 'NONE',  ( -22.15126265846939546, -24.74873734153059246, 0.1999999999999987899 ) ) ;
#10835 = EDGE_LOOP ( 'NONE', ( #9590, #3598, #4427, #7188 ) ) ;
#10836 = CARTESIAN_POINT ( 'NONE',  ( 11.34689094264287945, 27.28294234767709270, 5.700000000000000178 ) ) ;
#10837 = AXIS2_PLACEMENT_3D ( 'NONE', #8761, #1370, #10495 ) ;
#10838 = VERTEX_POINT ( 'NONE', #9307 ) ;
#10839 = CARTESIAN_POINT ( 'NONE',  ( 30.50000000000001421, 7.653141664043081605, 6.044270185247559546 ) ) ;
#10840 = VERTEX_POINT ( 'NONE', #11265 ) ;
#10841 = CARTESIAN_POINT ( 'NONE',  ( -29.99999999999997868, -28.29278383102048977, 6.500000000000000888 ) ) ;
#10842 = DIRECTION ( 'NONE',  ( -1.000000000000000000, -6.938893903907222067E-15, 0.000000000000000000 ) ) ;
#10843 = CIRCLE ( 'NONE', #8929, 0.3000000000000012657 ) ;
#10844 = CARTESIAN_POINT ( 'NONE',  ( 37.70137747551949303, -37.21230937961480123, 49.96576796528889020 ) ) ;
#10845 = DIRECTION ( 'NONE',  ( 0.000000000000000000, 0.000000000000000000, 1.000000000000000000 ) ) ;
#10846 = EDGE_LOOP ( 'NONE', ( #4081, #5269, #4940, #5274, #10759, #3190, #5216 ) ) ;
#10847 = DIRECTION ( 'NONE',  ( 1.137523590804463822E-16, -1.000000000000000000, -0.000000000000000000 ) ) ;
#10848 = FACE_OUTER_BOUND ( 'NONE', #5027, .T. ) ;
#10849 = CARTESIAN_POINT ( 'NONE',  ( -18.90955557852439028, 26.78294234767708559, 4.000000000000000000 ) ) ;
#10850 = CIRCLE ( 'NONE', #1142, 0.9999999999999997780 ) ;
#10851 = EDGE_CURVE ( 'NONE', #2466, #9953, #10493, .T. ) ;
#10852 = DIRECTION ( 'NONE',  ( -1.000000000000000000, 0.000000000000000000, 0.000000000000000000 ) ) ;
#10853 = LINE ( 'NONE', #4347, #9251 ) ;
#10854 = CARTESIAN_POINT ( 'NONE',  ( 24.74873734153059601, -24.74873734152912519, 0.1999999999999987899 ) ) ;
#10855 = ORIENTED_EDGE ( 'NONE', *, *, #10137, .F. ) ;
#10856 = EDGE_CURVE ( 'NONE', #9919, #6356, #10126, .T. ) ;
#10857 = EDGE_CURVE ( 'NONE', #6768, #4765, #7060, .T. ) ;
#10858 = CARTESIAN_POINT ( 'NONE',  ( -31.49999999999997868, -28.49999999999999645, 22.81294424401309584 ) ) ;
#10859 = CARTESIAN_POINT ( 'NONE',  ( -40.99999999999998579, 6.000000000000012434, 43.50000000000000711 ) ) ;
#10860 = CARTESIAN_POINT ( 'NONE',  ( 18.76449676795771282, -27.54346043552175161, 4.000000000000000000 ) ) ;
#10861 = CARTESIAN_POINT ( 'NONE',  ( 22.61090848307685874, 18.89509114122984101, 5.999999999999999112 ) ) ;
#10862 = ORIENTED_EDGE ( 'NONE', *, *, #1778, .F. ) ;
#10863 = B_SPLINE_CURVE_WITH_KNOTS ( 'NONE', 3,
 ( #4481, #8122, #7216, #5472, #1799, #902 ),
 .UNSPECIFIED., .F., .F.,
 ( 4, 2, 4 ),
 ( 0.000000000000000000, 0.002452396976944313123, 0.004904793953888626247 ),
 .UNSPECIFIED. ) ;
#10864 = CARTESIAN_POINT ( 'NONE',  ( 31.24325230736887349, 5.244997879939027996, 6.065357531000025837 ) ) ;
#10865 = DIRECTION ( 'NONE',  ( 0.000000000000000000, 0.000000000000000000, -1.000000000000000000 ) ) ;
#10866 = AXIS2_PLACEMENT_3D ( 'NONE', #3167, #3219, #5004 ) ;
#10867 = ORIENTED_EDGE ( 'NONE', *, *, #9425, .F. ) ;
#10868 = CARTESIAN_POINT ( 'NONE',  ( 12.44838322223665372, -27.53561015025292846, 4.000000000000000000 ) ) ;
#10869 = PRESENTATION_LAYER_ASSIGNMENT (  '', '', ( #4193 ) ) ;
#10870 = DIRECTION ( 'NONE',  ( 0.7068426668207459240, -0.7073707969387313943, 0.000000000000000000 ) ) ;
#10871 = FACE_OUTER_BOUND ( 'NONE', #8720, .T. ) ;
#10872 = VERTEX_POINT ( 'NONE', #1134 ) ;
#10873 = DIRECTION ( 'NONE',  ( 5.941966010906629203E-14, -1.000000000000000000, 0.000000000000000000 ) ) ;
#10874 = EDGE_CURVE ( 'NONE', #7035, #6589, #11038, .T. ) ;
#10875 = DIRECTION ( 'NONE',  ( 0.000000000000000000, 0.000000000000000000, -1.000000000000000000 ) ) ;
#10876 = VERTEX_POINT ( 'NONE', #6664 ) ;
#10877 = ADVANCED_FACE ( 'NONE', ( #6497, #2143 ), #5818, .T. ) ;
#10878 = CIRCLE ( 'NONE', #5710, 0.2999999999999998779 ) ;
#10879 = ORIENTED_EDGE ( 'NONE', *, *, #5891, .T. ) ;
#10880 = CIRCLE ( 'NONE', #10490, 0.5000000000000004441 ) ;
#10881 = CARTESIAN_POINT ( 'NONE',  ( -26.64689772753529340, 19.39069158978175977, 4.000000000000000000 ) ) ;
#10882 = DIRECTION ( 'NONE',  ( 0.7714330751445562795, -0.6363104671251396116, 0.000000000000000000 ) ) ;
#10883 = VECTOR ( 'NONE', #1296, 1000.000000000000000 ) ;
#10884 = ORIENTED_EDGE ( 'NONE', *, *, #2185, .T. ) ;
#10885 = AXIS2_PLACEMENT_3D ( 'NONE', #9589, #2071, #8629 ) ;
#10886 = VERTEX_POINT ( 'NONE', #306 ) ;
#10887 = CARTESIAN_POINT ( 'NONE',  ( -9.696362071904088609, -32.38442330966054072, 5.780412673748681840 ) ) ;
#10888 = CIRCLE ( 'NONE', #2311, 0.1999999999999987899 ) ;
#10889 = B_SPLINE_CURVE_WITH_KNOTS ( 'NONE', 3,
 ( #4732, #158, #1877, #1826, #11784, #4558 ),
 .UNSPECIFIED., .F., .F.,
 ( 4, 2, 4 ),
 ( 0.001103084951622122735, 0.001694782805116212127, 0.002286480658610301735 ),
 .UNSPECIFIED. ) ;
#10890 = LINE ( 'NONE', #5567, #6063 ) ;
#10891 = ORIENTED_EDGE ( 'NONE', *, *, #10092, .F. ) ;
#10892 = CARTESIAN_POINT ( 'NONE',  ( 17.82432617406004738, -23.71144853936000629, 4.000000000000000000 ) ) ;
#10893 = ORIENTED_EDGE ( 'NONE', *, *, #6766, .T. ) ;
#10894 = EDGE_CURVE ( 'NONE', #413, #4946, #11073, .T. ) ;
#10895 = CARTESIAN_POINT ( 'NONE',  ( 21.82807647901000792, 18.53459485037750554, 4.000000000000000000 ) ) ;
#10896 = CARTESIAN_POINT ( 'NONE',  ( -30.80506898361312196, 5.203735349908066077, 6.000000000000000000 ) ) ;
#10897 = AXIS2_PLACEMENT_3D ( 'NONE', #4204, #7736, #10472 ) ;
#10898 = CARTESIAN_POINT ( 'NONE',  ( -18.82414313012440132, -23.73099575136106765, 6.000000000000000000 ) ) ;
#10899 = ORIENTED_EDGE ( 'NONE', *, *, #11040, .F. ) ;
#10900 = AXIS2_PLACEMENT_3D ( 'NONE', #5207, #4262, #8673 ) ;
#10901 = CIRCLE ( 'NONE', #10326, 5.000000000000000888 ) ;
#10902 = CARTESIAN_POINT ( 'NONE',  ( 22.14873734152913443, 24.75126265847088547, 0.1999999999999987899 ) ) ;
#10903 = ORIENTED_EDGE ( 'NONE', *, *, #7671, .F. ) ;
#10904 = AXIS2_PLACEMENT_3D ( 'NONE', #9855, #5298, #8944 ) ;
#10905 = EDGE_LOOP ( 'NONE', ( #7264, #2558, #777, #10709 ) ) ;
#10906 = TOROIDAL_SURFACE ( 'NONE', #10716, 1.300000000000000044, 0.2999999999999999889 ) ;
#10907 = FACE_OUTER_BOUND ( 'NONE', #1749, .T. ) ;
#10908 = VERTEX_POINT ( 'NONE', #187 ) ;
#10909 = FACE_OUTER_BOUND ( 'NONE', #2128, .T. ) ;
#10910 = DIRECTION ( 'NONE',  ( -1.000000000000000000, -1.137523590804463822E-16, -0.000000000000000000 ) ) ;
#10911 = CARTESIAN_POINT ( 'NONE',  ( -17.71788375388311820, 21.48033429508550540, 4.000000000000000000 ) ) ;
#10912 = CARTESIAN_POINT ( 'NONE',  ( 24.74873734153059601, -24.74873734152912519, -37.50000000000001421 ) ) ;
#10913 = VERTEX_POINT ( 'NONE', #2201 ) ;
#10914 = AXIS2_PLACEMENT_3D ( 'NONE', #366, #1312, #9549 ) ;
#10915 = TOROIDAL_SURFACE ( 'NONE', #5743, 27.54471522829317465, 0.2999999999999999889 ) ;
#10916 = DIRECTION ( 'NONE',  ( 0.000000000000000000, 0.000000000000000000, 1.000000000000000000 ) ) ;
#10917 = CARTESIAN_POINT ( 'NONE',  ( 24.09389133424060248, -18.81331172321356249, 4.000000000000000000 ) ) ;
#10918 = DIRECTION ( 'NONE',  ( 0.000000000000000000, 0.000000000000000000, 1.000000000000000000 ) ) ;
#10919 = CARTESIAN_POINT ( 'NONE',  ( 31.29917546176021048, -28.49999999999999645, 22.81294424399672494 ) ) ;
#10920 = VECTOR ( 'NONE', #7021, 1000.000000000000000 ) ;
#10921 = DIRECTION ( 'NONE',  ( -0.7073707969387312833, 0.7068426668207460351, 0.000000000000000000 ) ) ;
#10922 = CIRCLE ( 'NONE', #11128, 0.5000000000000004441 ) ;
#10923 = CARTESIAN_POINT ( 'NONE',  ( -30.35342133341034909, -28.64646922948985974, 21.38759697853848962 ) ) ;
#10924 = ORIENTED_EDGE ( 'NONE', *, *, #9712, .F. ) ;
#10925 = DIRECTION ( 'NONE',  ( 0.000000000000000000, 0.000000000000000000, 1.000000000000000000 ) ) ;
#10926 = LINE ( 'NONE', #7349, #11687 ) ;
#10927 = VECTOR ( 'NONE', #3379, 999.9999999999998863 ) ;
#10928 =( LENGTH_UNIT ( ) NAMED_UNIT ( * ) SI_UNIT ( .MILLI., .METRE. ) );
#10929 = DIRECTION ( 'NONE',  ( -0.000000000000000000, -0.000000000000000000, 1.000000000000000000 ) ) ;
#10930 = VERTEX_POINT ( 'NONE', #1251 ) ;
#10931 = FACE_OUTER_BOUND ( 'NONE', #11745, .T. ) ;
#10932 = EDGE_CURVE ( 'NONE', #5168, #1696, #5340, .T. ) ;
#10933 = CARTESIAN_POINT ( 'NONE',  ( 31.11487846105331911, 5.456199394431128447, 6.000000000000000000 ) ) ;
#10934 = AXIS2_PLACEMENT_3D ( 'NONE', #569, #4205, #6770 ) ;
#10935 = CIRCLE ( 'NONE', #7880, 27.54471522829317465 ) ;
#10936 = DIRECTION ( 'NONE',  ( -1.224646799147353207E-16, -1.393064624433290081E-32, 1.000000000000000000 ) ) ;
#10937 = VECTOR ( 'NONE', #5897, 1000.000000000000000 ) ;
#10938 = VERTEX_POINT ( 'NONE', #2033 ) ;
#10939 = DIRECTION ( 'NONE',  ( 1.000000000000000000, -0.000000000000000000, -0.000000000000000000 ) ) ;
#10940 = LINE ( 'NONE', #9867, #10203 ) ;
#10941 = CARTESIAN_POINT ( 'NONE',  ( 31.46929371285975208, 5.492861555225443837, 5.982185118950456015 ) ) ;
#10942 = EDGE_LOOP ( 'NONE', ( #1215, #7124, #11743, #5720, #1938, #4753, #8093 ) ) ;
#10943 = DIRECTION ( 'NONE',  ( 1.000000000000000000, 0.000000000000000000, 0.000000000000000000 ) ) ;
#10944 = AXIS2_PLACEMENT_3D ( 'NONE', #2577, #8837, #1670 ) ;
#10945 = CARTESIAN_POINT ( 'NONE',  ( 34.49999999999997868, -28.49999999999999645, 1.500000000000007550 ) ) ;
#10946 = ORIENTED_EDGE ( 'NONE', *, *, #7475, .F. ) ;
#10947 = AXIS2_PLACEMENT_3D ( 'NONE', #1427, #3607, #6351 ) ;
#10948 = VERTEX_POINT ( 'NONE', #5649 ) ;
#10949 = CARTESIAN_POINT ( 'NONE',  ( 31.25000000000000000, 6.484313483298441483, 1.500000000000003109 ) ) ;
#10950 = DIRECTION ( 'NONE',  ( -0.000000000000000000, 1.000000000000000000, 0.000000000000000000 ) ) ;
#10951 = EDGE_CURVE ( 'NONE', #7319, #1133, #6730, .T. ) ;
#10952 = ADVANCED_FACE ( 'NONE', ( #4872 ), #10373, .F. ) ;
#10953 = ORIENTED_EDGE ( 'NONE', *, *, #687, .T. ) ;
#10954 = EDGE_CURVE ( 'NONE', #4765, #8822, #1193, .T. ) ;
#10955 = VECTOR ( 'NONE', #6572, 1000.000000000000000 ) ;
#10956 = VERTEX_POINT ( 'NONE', #5600 ) ;
#10957 = CARTESIAN_POINT ( 'NONE',  ( -10.39816519068724077, -32.64920397968457166, 6.070005953438132096 ) ) ;
#10958 = DIRECTION ( 'NONE',  ( 1.137523590804463822E-16, -1.000000000000000000, -0.000000000000000000 ) ) ;
#10959 = ORIENTED_EDGE ( 'NONE', *, *, #2584, .F. ) ;
#10960 = CARTESIAN_POINT ( 'NONE',  ( 21.86605083265882854, -18.03603898744441381, 6.000000000000000000 ) ) ;
#10961 = CARTESIAN_POINT ( 'NONE',  ( 32.99999999999997868, -28.49999999999999645, 22.81294424401308873 ) ) ;
#10962 = CARTESIAN_POINT ( 'NONE',  ( 30.50000000000001776, -37.49999999999999289, 1.000000000000007772 ) ) ;
#10963 = VERTEX_POINT ( 'NONE', #11104 ) ;
#10964 = AXIS2_PLACEMENT_3D ( 'NONE', #8588, #420, #4056 ) ;
#10965 = DIRECTION ( 'NONE',  ( 1.000000000000000000, 0.000000000000000000, 0.000000000000000000 ) ) ;
#10966 = EDGE_CURVE ( 'NONE', #10665, #6209, #7641, .T. ) ;
#10967 = ADVANCED_FACE ( 'NONE', ( #7928 ), #1358, .F. ) ;
#10968 = VERTEX_POINT ( 'NONE', #4041 ) ;
#10969 = EDGE_CURVE ( 'NONE', #3932, #150, #4596, .T. ) ;
#10970 = ORIENTED_EDGE ( 'NONE', *, *, #6487, .F. ) ;
#10971 = CIRCLE ( 'NONE', #10391, 0.2999999999999988787 ) ;
#10972 = CARTESIAN_POINT ( 'NONE',  ( -30.91399482062599446, -29.50000000000000000, 49.00000000000000000 ) ) ;
#10973 = ORIENTED_EDGE ( 'NONE', *, *, #9228, .T. ) ;
#10974 = DIRECTION ( 'NONE',  ( 0.000000000000000000, 1.000000000000000000, -0.000000000000000000 ) ) ;
#10975 = CARTESIAN_POINT ( 'NONE',  ( -31.36610475469640136, -28.21852687074239086, 22.36322654727041126 ) ) ;
#10976 = DIRECTION ( 'NONE',  ( -1.000000000000000000, 0.000000000000000000, 0.000000000000000000 ) ) ;
#10977 = EDGE_CURVE ( 'NONE', #3086, #4010, #1539, .T. ) ;
#10978 = DIRECTION ( 'NONE',  ( 1.000000000000000000, 0.000000000000000000, 0.000000000000000000 ) ) ;
#10979 = ORIENTED_EDGE ( 'NONE', *, *, #1701, .F. ) ;
#10980 = CARTESIAN_POINT ( 'NONE',  ( 19.96629138838773798, -32.29999999999999716, 6.500000000000000888 ) ) ;
#10981 = CARTESIAN_POINT ( 'NONE',  ( 21.86605083265882854, -18.03603898744441381, 5.700000000000000178 ) ) ;
#10982 = CYLINDRICAL_SURFACE ( 'NONE', #5144, 1.000000000000000888 ) ;
#10983 = DIRECTION ( 'NONE',  ( 0.000000000000000000, 0.000000000000000000, -1.000000000000000000 ) ) ;
#10984 = DIRECTION ( 'NONE',  ( -0.000000000000000000, -0.000000000000000000, 1.000000000000000000 ) ) ;
#10985 = CARTESIAN_POINT ( 'NONE',  ( -18.47867789780852377, -32.55872636749531779, 4.000000000000000000 ) ) ;
#10986 = ORIENTED_EDGE ( 'NONE', *, *, #1514, .F. ) ;
#10987 = DIRECTION ( 'NONE',  ( -0.9921567416492216296, -0.1250000000000001665, -0.000000000000000000 ) ) ;
#10988 = CARTESIAN_POINT ( 'NONE',  ( 3.903587267792825610, -32.29999999999999716, 6.000000000000000000 ) ) ;
#10989 = CARTESIAN_POINT ( 'NONE',  ( 25.37175490347321016, 11.47180104703813264, 4.000000000000000000 ) ) ;
#10990 = ORIENTED_EDGE ( 'NONE', *, *, #10182, .F. ) ;
#10991 = LINE ( 'NONE', #2816, #11283 ) ;
#10992 = CARTESIAN_POINT ( 'NONE',  ( 41.00000000000001421, -37.29999999999999005, 40.50000000000000000 ) ) ;
#10993 = CARTESIAN_POINT ( 'NONE',  ( -27.28294234767779614, 11.88379308764553066, 4.000000000000000000 ) ) ;
#10994 = ORIENTED_EDGE ( 'NONE', *, *, #5178, .F. ) ;
#10995 = DIRECTION ( 'NONE',  ( 1.137523590804463822E-16, -1.000000000000000000, -0.000000000000000000 ) ) ;
#10996 = DIRECTION ( 'NONE',  ( 0.000000000000000000, 0.000000000000000000, -1.000000000000000000 ) ) ;
#10997 = DIRECTION ( 'NONE',  ( -0.000000000000000000, -0.000000000000000000, 1.000000000000000000 ) ) ;
#10998 = ORIENTED_EDGE ( 'NONE', *, *, #3729, .F. ) ;
#10999 = DIRECTION ( 'NONE',  ( 0.000000000000000000, 1.000000000000000000, -0.000000000000000000 ) ) ;
#11000 = VERTEX_POINT ( 'NONE', #4983 ) ;
#11001 = DIRECTION ( 'NONE',  ( 0.1250000000000070777, 0.9921567416492206304, 0.000000000000000000 ) ) ;
#11002 = DIRECTION ( 'NONE',  ( -8.673617379884027583E-16, -1.000000000000000000, 0.000000000000000000 ) ) ;
#11003 = VERTEX_POINT ( 'NONE', #4105 ) ;
#11004 = ORIENTED_EDGE ( 'NONE', *, *, #892, .F. ) ;
#11005 = DIRECTION ( 'NONE',  ( 0.000000000000000000, 0.000000000000000000, -1.000000000000000000 ) ) ;
#11006 = DIRECTION ( 'NONE',  ( -1.000000000000000000, 0.000000000000000000, 0.000000000000000000 ) ) ;
#11007 = ORIENTED_EDGE ( 'NONE', *, *, #2273, .T. ) ;
#11008 = ADVANCED_FACE ( 'NONE', ( #2249 ), #8181, .F. ) ;
#11009 =( BOUNDED_CURVE ( )  B_SPLINE_CURVE ( 3, ( #4888, #11286, #6746, #5889 ),
 .UNSPECIFIED., .F., .F. ) 
 B_SPLINE_CURVE_WITH_KNOTS ( ( 4, 4 ),
 ( 3.141592653589793116, 3.542952104821896153 ),
 .UNSPECIFIED. ) 
 CURVE ( )  GEOMETRIC_REPRESENTATION_ITEM ( )  RATIONAL_B_SPLINE_CURVE ( ( 1.000000000000000000, 0.9866208738732107353, 0.9866208738732107353, 1.000000000000000000 ) ) 
 REPRESENTATION_ITEM ( '' )  );
#11010 = CARTESIAN_POINT ( 'NONE',  ( -27.55126265846939759, -24.74873734153059246, 5.799999999999999822 ) ) ;
#11011 = ADVANCED_FACE ( 'NONE', ( #11386 ), #4890, .F. ) ;
#11012 = ADVANCED_FACE ( 'NONE', ( #6120 ), #6832, .F. ) ;
#11013 = CARTESIAN_POINT ( 'NONE',  ( 33.26174789301767021, -28.21283920044384530, 22.33152538817746091 ) ) ;
#11014 = CARTESIAN_POINT ( 'NONE',  ( -21.82807647900999370, -18.53459485037750554, 5.700000000000000178 ) ) ;
#11015 = ORIENTED_EDGE ( 'NONE', *, *, #4805, .T. ) ;
#11016 = DIRECTION ( 'NONE',  ( 0.000000000000000000, -6.938893903907222067E-15, 1.000000000000000000 ) ) ;
#11017 = ORIENTED_EDGE ( 'NONE', *, *, #3434, .T. ) ;
#11018 = CARTESIAN_POINT ( 'NONE',  ( -31.37499999999997868, 7.476470224947667553, 4.388610099474774096 ) ) ;
#11019 = ORIENTED_EDGE ( 'NONE', *, *, #1753, .T. ) ;
#11020 = CARTESIAN_POINT ( 'NONE',  ( -3.244874193390045125, -29.48601421031708014, 6.000000000000000000 ) ) ;
#11021 = DIRECTION ( 'NONE',  ( 0.000000000000000000, 0.000000000000000000, 1.000000000000000000 ) ) ;
#11022 = DIRECTION ( 'NONE',  ( -1.000000000000000000, 0.000000000000000000, 0.000000000000000000 ) ) ;
#11023 = AXIS2_PLACEMENT_3D ( 'NONE', #10530, #1581, #4325 ) ;
#11024 = EDGE_CURVE ( 'NONE', #2312, #7518, #3644, .T. ) ;
#11025 = ADVANCED_FACE ( 'NONE', ( #11505 ), #9708, .F. ) ;
#11026 = CARTESIAN_POINT ( 'NONE',  ( 30.50000000000001066, 8.468626966596882966, 1.500000000000003109 ) ) ;
#11027 = ORIENTED_EDGE ( 'NONE', *, *, #5893, .T. ) ;
#11028 = ADVANCED_FACE ( 'NONE', ( #650 ), #1596, .F. ) ;
#11029 = AXIS2_PLACEMENT_3D ( 'NONE', #2754, #4346, #4582 ) ;
#11030 = CARTESIAN_POINT ( 'NONE',  ( -19.85422029585715720, -32.79999999999999716, 6.499999924709820576 ) ) ;
#11031 = DIRECTION ( 'NONE',  ( -0.000000000000000000, -0.000000000000000000, 1.000000000000000000 ) ) ;
#11032 = CARTESIAN_POINT ( 'NONE',  ( 22.70891192219860244, -18.60168694398918632, 5.700000000000000178 ) ) ;
#11033 = DIRECTION ( 'NONE',  ( -1.000000000000000000, 0.000000000000000000, 0.000000000000000000 ) ) ;
#11034 = VECTOR ( 'NONE', #3453, 1000.000000000000000 ) ;
#11035 = CARTESIAN_POINT ( 'NONE',  ( 32.34856529129288560, -37.29999999999999005, 49.89999999999999858 ) ) ;
#11036 = FACE_OUTER_BOUND ( 'NONE', #10801, .T. ) ;
#11037 = ORIENTED_EDGE ( 'NONE', *, *, #10486, .F. ) ;
#11038 = LINE ( 'NONE', #11206, #9358 ) ;
#11039 = LINE ( 'NONE', #4043, #4812 ) ;
#11040 = EDGE_CURVE ( 'NONE', #918, #11608, #784, .T. ) ;
#11041 = CARTESIAN_POINT ( 'NONE',  ( 38.48674648294750966, -35.00000000000002842, 49.89999999999999858 ) ) ;
#11042 = LINE ( 'NONE', #5535, #2293 ) ;
#11043 = ORIENTED_EDGE ( 'NONE', *, *, #5893, .F. ) ;
#11044 = ADVANCED_FACE ( 'NONE', ( #3444 ), #1841, .F. ) ;
#11045 = CARTESIAN_POINT ( 'NONE',  ( -31.10932988041732017, -28.20116070374750805, 22.26643338004470962 ) ) ;
#11046 = CARTESIAN_POINT ( 'NONE',  ( -21.36605083265882854, -18.03603898744441736, 5.700000000000000178 ) ) ;
#11047 = VECTOR ( 'NONE', #7726, 1000.000000000000000 ) ;
#11048 = DIRECTION ( 'NONE',  ( 1.519465818373845562E-16, -1.000000000000000000, 0.000000000000000000 ) ) ;
#11049 = ORIENTED_EDGE ( 'NONE', *, *, #8972, .F. ) ;
#11050 = CARTESIAN_POINT ( 'NONE',  ( 26.28294234767779969, -11.88379308764559106, 4.000000000000000000 ) ) ;
#11051 = DIRECTION ( 'NONE',  ( 0.000000000000000000, 0.000000000000000000, -1.000000000000000000 ) ) ;
#11052 = CARTESIAN_POINT ( 'NONE',  ( 26.92163305801004469, -36.67831672417409550, 0.02418218564164272347 ) ) ;
#11053 = ORIENTED_EDGE ( 'NONE', *, *, #2794, .T. ) ;
#11054 = CARTESIAN_POINT ( 'NONE',  ( 30.99999999999998224, 4.500000000000001776, 5.006876193646772499 ) ) ;
#11055 = CARTESIAN_POINT ( 'NONE',  ( 25.78279235760480148, -31.79999999999999361, 6.499999999999999112 ) ) ;
#11056 = CIRCLE ( 'NONE', #5879, 1.000000000000000888 ) ;
#11057 = CARTESIAN_POINT ( 'NONE',  ( 31.39054111257340907, 7.415836561658257331, 4.777201867077596198 ) ) ;
#11058 = ORIENTED_EDGE ( 'NONE', *, *, #7090, .T. ) ;
#11059 = CARTESIAN_POINT ( 'NONE',  ( -30.22500549483220667, 6.965246764199677365, 6.000000000000000000 ) ) ;
#11060 = DIRECTION ( 'NONE',  ( 0.000000000000000000, 0.000000000000000000, -1.000000000000000000 ) ) ;
#11061 = AXIS2_PLACEMENT_3D ( 'NONE', #2807, #68, #952 ) ;
#11062 = ORIENTED_EDGE ( 'NONE', *, *, #8166, .F. ) ;
#11063 = ORIENTED_EDGE ( 'NONE', *, *, #5810, .T. ) ;
#11064 = CARTESIAN_POINT ( 'NONE',  ( -21.86605083265882854, 18.03603898744441381, 5.000000000000000000 ) ) ;
#11065 = PLANE ( 'NONE',  #3293 ) ;
#11066 = VERTEX_POINT ( 'NONE', #5406 ) ;
#11067 = LINE ( 'NONE', #2789, #8868 ) ;
#11068 = AXIS2_PLACEMENT_3D ( 'NONE', #5364, #10620, #8001 ) ;
#11069 = LINE ( 'NONE', #11284, #3083 ) ;
#11070 = VECTOR ( 'NONE', #9866, 1000.000000000000000 ) ;
#11071 = DIRECTION ( 'NONE',  ( -0.000000000000000000, -0.000000000000000000, -1.000000000000000000 ) ) ;
#11072 = EDGE_LOOP ( 'NONE', ( #9704, #5481, #2532, #5519 ) ) ;
#11073 = CIRCLE ( 'NONE', #6681, 1.000000000000000000 ) ;
#11074 = DIRECTION ( 'NONE',  ( -0.000000000000000000, -0.000000000000000000, 1.000000000000000000 ) ) ;
#11075 = ADVANCED_FACE ( 'NONE', ( #3514 ), #6181, .T. ) ;
#11076 = AXIS2_PLACEMENT_3D ( 'NONE', #1125, #8224, #2746 ) ;
#11077 = ORIENTED_EDGE ( 'NONE', *, *, #1198, .F. ) ;
#11078 = EDGE_CURVE ( 'NONE', #5005, #2036, #4521, .T. ) ;
#11079 =( BOUNDED_CURVE ( )  B_SPLINE_CURVE ( 3, ( #11329, #10480, #467, #3196 ),
 .UNSPECIFIED., .F., .F. ) 
 B_SPLINE_CURVE_WITH_KNOTS ( ( 4, 4 ),
 ( 2.740233202357697184, 3.141592653589793116 ),
 .UNSPECIFIED. ) 
 CURVE ( )  GEOMETRIC_REPRESENTATION_ITEM ( )  RATIONAL_B_SPLINE_CURVE ( ( 1.000000000000000000, 0.9866208738732110684, 0.9866208738732110684, 1.000000000000000000 ) ) 
 REPRESENTATION_ITEM ( '' )  );
#11080 = VECTOR ( 'NONE', #7121, 1000.000000000000000 ) ;
#11081 = VERTEX_POINT ( 'NONE', #7086 ) ;
#11082 = AXIS2_PLACEMENT_3D ( 'NONE', #6714, #3746, #5515 ) ;
#11083 = CARTESIAN_POINT ( 'NONE',  ( -30.49999999999998224, 7.586709862908693758, 4.388610099474774096 ) ) ;
#11084 = VERTEX_POINT ( 'NONE', #5343 ) ;
#11085 = CARTESIAN_POINT ( 'NONE',  ( -33.99999999999997868, -28.00000000000001421, 21.14523135337577386 ) ) ;
#11086 = CARTESIAN_POINT ( 'NONE',  ( -19.12426233348197258, -23.71555578679803133, 5.700000000000000178 ) ) ;
#11088 = CYLINDRICAL_SURFACE ( 'NONE', #2550, 0.5000000000000004441 ) ;
#11087 = AXIS2_PLACEMENT_3D ( 'NONE', #5167, #4341, #9780 ) ;
#11089 = CIRCLE ( 'NONE', #6312, 0.5000000000000005551 ) ;
#11090 = FACE_OUTER_BOUND ( 'NONE', #3254, .T. ) ;
#11091 = EDGE_LOOP ( 'NONE', ( #4844, #6887, #7523, #3556 ) ) ;
#11092 = ADVANCED_FACE ( 'NONE', ( #10909 ), #2887, .T. ) ;
#11093 = DIRECTION ( 'NONE',  ( -0.000000000000000000, 0.000000000000000000, -1.000000000000000000 ) ) ;
#11094 = CIRCLE ( 'NONE', #8425, 0.3000000000000016542 ) ;
#11095 = EDGE_CURVE ( 'NONE', #4700, #5511, #9837, .T. ) ;
#11096 = EDGE_CURVE ( 'NONE', #6385, #3017, #7450, .T. ) ;
#11097 = CIRCLE ( 'NONE', #7083, 0.1999999999999996503 ) ;
#11098 = ADVANCED_FACE ( 'NONE', ( #1714 ), #7154, .T. ) ;
#11099 = CARTESIAN_POINT ( 'NONE',  ( -18.53459485037879872, 21.82807647900889592, 4.000000000000000000 ) ) ;
#11100 = ADVANCED_FACE ( 'NONE', ( #6237, #10728, #6371 ), #9111, .T. ) ;
#11101 = DIRECTION ( 'NONE',  ( 0.000000000000000000, 0.000000000000000000, 1.000000000000000000 ) ) ;
#11102 = DIRECTION ( 'NONE',  ( -1.000000000000000000, 0.000000000000000000, 0.000000000000000000 ) ) ;
#11103 = EDGE_LOOP ( 'NONE', ( #5038, #6460, #6108, #1004 ) ) ;
#11104 = CARTESIAN_POINT ( 'NONE',  ( -18.90955557852439028, 27.58294234767709341, 6.000000000000000000 ) ) ;
#11105 = DIRECTION ( 'NONE',  ( 1.000000000000000000, 0.000000000000000000, 0.000000000000000000 ) ) ;
#11106 = CARTESIAN_POINT ( 'NONE',  ( 32.99999999999997868, -28.50000000000000355, 0.5000000000000073275 ) ) ;
#11107 = ORIENTED_EDGE ( 'NONE', *, *, #7907, .T. ) ;
#11108 = VECTOR ( 'NONE', #6973, 1000.000000000000000 ) ;
#11109 = CARTESIAN_POINT ( 'NONE',  ( -30.84599836002110251, -28.21254629844075268, 22.10679262676132950 ) ) ;
#11110 = DIRECTION ( 'NONE',  ( 0.000000000000000000, 0.000000000000000000, 1.000000000000000000 ) ) ;
#11111 = CARTESIAN_POINT ( 'NONE',  ( 30.50000000000001066, 8.468626966596886518, 4.388610099474774984 ) ) ;
#11112 = AXIS2_PLACEMENT_3D ( 'NONE', #6969, #11437, #6122 ) ;
#11113 = EDGE_CURVE ( 'NONE', #2655, #10233, #3835, .T. ) ;
#11114 = VECTOR ( 'NONE', #2159, 1000.000000000000000 ) ;
#11115 = ADVANCED_FACE ( 'NONE', ( #4468 ), #8110, .F. ) ;
#11116 = DIRECTION ( 'NONE',  ( -1.137523590804463822E-16, 1.000000000000000000, 0.000000000000000000 ) ) ;
#11117 = ADVANCED_FACE ( 'NONE', ( #5284 ), #2799, .T. ) ;
#11118 = CIRCLE ( 'NONE', #7300, 0.2999999999999991007 ) ;
#11119 = CARTESIAN_POINT ( 'NONE',  ( 32.99999999999997868, 4.500000000000000888, 6.464636510842875161 ) ) ;
#11120 = CARTESIAN_POINT ( 'NONE',  ( 32.99999999999997868, -28.21852687074916943, 22.36322654727371173 ) ) ;
#11121 = ORIENTED_EDGE ( 'NONE', *, *, #4737, .T. ) ;
#11122 = DIRECTION ( 'NONE',  ( 0.7073707969387323935, 0.7068426668207449248, 0.000000000000000000 ) ) ;
#11123 = CARTESIAN_POINT ( 'NONE',  ( 41.00000000000001421, -28.49999999999999645, 40.50000000000000000 ) ) ;
#11124 = ORIENTED_EDGE ( 'NONE', *, *, #2352, .F. ) ;
#11125 = CARTESIAN_POINT ( 'NONE',  ( 33.33066844702477027, -29.16933155297430247, 0.5413915956502372007 ) ) ;
#11126 = ORIENTED_EDGE ( 'NONE', *, *, #5827, .F. ) ;
#11127 = AXIS2_PLACEMENT_3D ( 'NONE', #3429, #6229, #11789 ) ;
#11128 = AXIS2_PLACEMENT_3D ( 'NONE', #7816, #7939, #1435 ) ;
#11129 = AXIS2_PLACEMENT_3D ( 'NONE', #6164, #6219, #692 ) ;
#11130 = LINE ( 'NONE', #2168, #6080 ) ;
#11131 = DIRECTION ( 'NONE',  ( -0.000000000000000000, 1.000000000000000000, 0.000000000000000000 ) ) ;
#11132 = ORIENTED_EDGE ( 'NONE', *, *, #8990, .F. ) ;
#11133 = CIRCLE ( 'NONE', #6927, 0.2999999999999987677 ) ;
#11134 = ORIENTED_EDGE ( 'NONE', *, *, #161, .T. ) ;
#11135 = VECTOR ( 'NONE', #4970, 1000.000000000000000 ) ;
#11136 = CARTESIAN_POINT ( 'NONE',  ( -18.98463951405291539, 25.06171376815123963, 5.700000000000001066 ) ) ;
#11137 = FACE_OUTER_BOUND ( 'NONE', #2594, .T. ) ;
#11138 = ORIENTED_EDGE ( 'NONE', *, *, #452, .F. ) ;
#11139 = LINE ( 'NONE', #9334, #2019 ) ;
#11140 = AXIS2_PLACEMENT_3D ( 'NONE', #10511, #1621, #11469 ) ;
#11141 = ORIENTED_EDGE ( 'NONE', *, *, #8691, .F. ) ;
#11142 = CARTESIAN_POINT ( 'NONE',  ( -26.49278815614608718, -32.54101447778651135, 49.26174788927401238 ) ) ;
#11143 = CIRCLE ( 'NONE', #853, 1.300000000000000711 ) ;
#11144 = ORIENTED_EDGE ( 'NONE', *, *, #3260, .F. ) ;
#11145 = ORIENTED_EDGE ( 'NONE', *, *, #1455, .F. ) ;
#11146 = CARTESIAN_POINT ( 'NONE',  ( 41.00000000000000711, -28.69999999999999574, 17.00000000000000355 ) ) ;
#11147 = EDGE_LOOP ( 'NONE', ( #2436, #11774, #10824, #5440, #2672, #2541, #10830, #7176, #2006, #5283, #10823, #5063, #11795, #1458, #748, #57, #8992, #7076, #9700, #4361, #1234, #10621, #2962, #11134 ) ) ;
#11148 = CARTESIAN_POINT ( 'NONE',  ( 41.00000000000000711, -37.29999999999999005, 14.00000000000000178 ) ) ;
#11149 = DIRECTION ( 'NONE',  ( -1.000000000000000000, 0.000000000000000000, 0.000000000000000000 ) ) ;
#11150 = CONICAL_SURFACE ( 'NONE', #9052, 0.5000000000000004441, 0.7853981633974473908 ) ;
#11151 = DIRECTION ( 'NONE',  ( 0.000000000000000000, 0.8994353934787675531, -0.4370537414983364233 ) ) ;
#11152 = ORIENTED_EDGE ( 'NONE', *, *, #151, .T. ) ;
#11153 = DIRECTION ( 'NONE',  ( -0.000000000000000000, -0.000000000000000000, 1.000000000000000000 ) ) ;
#11154 = CIRCLE ( 'NONE', #477, 1.000000000000000000 ) ;
#11155 = DIRECTION ( 'NONE',  ( -0.000000000000000000, -0.000000000000000000, 1.000000000000000000 ) ) ;
#11156 = CARTESIAN_POINT ( 'NONE',  ( 0.000000000000000000, 0.000000000000000000, 6.000000000000000000 ) ) ;
#11157 = CARTESIAN_POINT ( 'NONE',  ( 33.99999999999997868, -27.99999999999999645, 1.500000000000008216 ) ) ;
#11158 = ORIENTED_EDGE ( 'NONE', *, *, #10438, .T. ) ;
#11159 = DIRECTION ( 'NONE',  ( -0.000000000000000000, -0.000000000000000000, 1.000000000000000000 ) ) ;
#11160 = CARTESIAN_POINT ( 'NONE',  ( -30.47242681133372244, 9.469205895593926670, 0.6747604177291252059 ) ) ;
#11161 = CARTESIAN_POINT ( 'NONE',  ( -20.36303665768713245, -32.29999999999999716, 6.000000000000000000 ) ) ;
#11162 = EDGE_CURVE ( 'NONE', #8636, #10545, #1168, .T. ) ;
#11163 = ADVANCED_FACE ( 'NONE', ( #2673 ), #4338, .F. ) ;
#11164 = DIRECTION ( 'NONE',  ( -1.000000000000000000, 0.000000000000000000, 0.000000000000000000 ) ) ;
#11165 = ORIENTED_EDGE ( 'NONE', *, *, #8043, .F. ) ;
#11166 = AXIS2_PLACEMENT_3D ( 'NONE', #4256, #8783, #2407 ) ;
#11167 = CARTESIAN_POINT ( 'NONE',  ( 30.99228927374945286, 5.491853462682307452, 6.000000000000000000 ) ) ;
#11168 = ORIENTED_EDGE ( 'NONE', *, *, #8232, .F. ) ;
#11169 = DIRECTION ( 'NONE',  ( -1.519465818373845562E-16, 1.000000000000000000, 0.000000000000000000 ) ) ;
#11170 = CARTESIAN_POINT ( 'NONE',  ( -40.99999999999999289, -28.49999999999999645, 10.80000000000000071 ) ) ;
#11171 = CARTESIAN_POINT ( 'NONE',  ( -26.54775779477856901, -37.00000000000000000, 0.4999999999999814593 ) ) ;
#11172 = DIRECTION ( 'NONE',  ( 1.000000000000000000, 0.000000000000000000, 0.000000000000000000 ) ) ;
#11173 = DIRECTION ( 'NONE',  ( -1.000000000000000000, 0.000000000000000000, 0.000000000000000000 ) ) ;
#11174 = ORIENTED_EDGE ( 'NONE', *, *, #4078, .T. ) ;
#11175 = CARTESIAN_POINT ( 'NONE',  ( -26.78294234767822601, 18.90955557852281643, 4.000000000000000000 ) ) ;
#11176 = ORIENTED_EDGE ( 'NONE', *, *, #5020, .T. ) ;
#11177 = CARTESIAN_POINT ( 'NONE',  ( 32.99999999999997868, -29.50000000000000355, 0.5000000000000079936 ) ) ;
#11178 = EDGE_LOOP ( 'NONE', ( #5321, #8857, #10657, #6836 ) ) ;
#11179 = EDGE_CURVE ( 'NONE', #11658, #1953, #7872, .T. ) ;
#11180 = ADVANCED_FACE ( 'NONE', ( #4696 ), #1122, .T. ) ;
#11181 = EDGE_CURVE ( 'NONE', #3860, #2621, #6503, .T. ) ;
#11182 = CARTESIAN_POINT ( 'NONE',  ( -30.51612360056788731, -28.30769996194549165, 21.49359563289251795 ) ) ;
#11183 = FACE_OUTER_BOUND ( 'NONE', #1310, .T. ) ;
#11184 = ORIENTED_EDGE ( 'NONE', *, *, #8453, .F. ) ;
#11185 = ORIENTED_EDGE ( 'NONE', *, *, #11325, .T. ) ;
#11186 = CARTESIAN_POINT ( 'NONE',  ( -26.64689772753537511, 19.39069158978178109, 6.000000000000000000 ) ) ;
#11187 = ORIENTED_EDGE ( 'NONE', *, *, #11096, .T. ) ;
#11188 = CARTESIAN_POINT ( 'NONE',  ( 32.99973801336064128, 6.765657918113886282, 4.618875427002952172 ) ) ;
#11189 = EDGE_CURVE ( 'NONE', #10956, #8835, #3455, .T. ) ;
#11190 = DIRECTION ( 'NONE',  ( -0.000000000000000000, -0.000000000000000000, 1.000000000000000000 ) ) ;
#11191 = ORIENTED_EDGE ( 'NONE', *, *, #6188, .T. ) ;
#11192 = CARTESIAN_POINT ( 'NONE',  ( -25.94866613983966985, -33.00033316115388971, 49.61454672352698481 ) ) ;
#11193 = ORIENTED_EDGE ( 'NONE', *, *, #9135, .T. ) ;
#11194 = EDGE_LOOP ( 'NONE', ( #7589, #4373, #8100, #3769, #5588, #9083, #3857, #9362, #6028, #805, #5329, #104 ) ) ;
#11195 = CARTESIAN_POINT ( 'NONE',  ( -31.38072196816640869, 7.475749324720134759, 4.579208685135317758 ) ) ;
#11196 = ORIENTED_EDGE ( 'NONE', *, *, #3527, .T. ) ;
#11197 = FACE_OUTER_BOUND ( 'NONE', #1302, .T. ) ;
#11198 = CARTESIAN_POINT ( 'NONE',  ( -19.41825031451840644, -28.77513451548385959, 5.700000000000001066 ) ) ;
#11199 = CARTESIAN_POINT ( 'NONE',  ( 45.00000000000001421, -28.49999999999999645, 45.00000000000000711 ) ) ;
#11200 = EDGE_LOOP ( 'NONE', ( #11791, #9292, #4514, #7487 ) ) ;
#11201 = FACE_OUTER_BOUND ( 'NONE', #7704, .T. ) ;
#11202 = CARTESIAN_POINT ( 'NONE',  ( 18.53459485037879162, 21.82807647900889592, 4.000000000000000000 ) ) ;
#11203 = CARTESIAN_POINT ( 'NONE',  ( -19.96629138838773798, -32.53253043250172993, 6.057360645716451941 ) ) ;
#11204 = LINE ( 'NONE', #11157, #1397 ) ;
#11205 = ORIENTED_EDGE ( 'NONE', *, *, #1604, .T. ) ;
#11206 = CARTESIAN_POINT ( 'NONE',  ( -33.99999999999997868, -29.50000000000000000, 0.5000000000000074385 ) ) ;
#11207 = CARTESIAN_POINT ( 'NONE',  ( -30.47342405997526882, 7.461375907575558131, 0.6719222173037191492 ) ) ;
#11208 = CARTESIAN_POINT ( 'NONE',  ( -8.898165190687238990, -31.05872636749531068, 4.000000000000000000 ) ) ;
#11209 = DIRECTION ( 'NONE',  ( -0.7241938406972981968, 0.6895964625025973183, 0.000000000000000000 ) ) ;
#11210 = EDGE_LOOP ( 'NONE', ( #6955, #611, #9338, #6806 ) ) ;
#11211 = CARTESIAN_POINT ( 'NONE',  ( 19.29508843714771871, -32.79999999999999716, 6.427855894855588836 ) ) ;
#11212 = CARTESIAN_POINT ( 'NONE',  ( -18.03603898744571410, 21.86605083265776273, 5.700000000000000178 ) ) ;
#11213 = CARTESIAN_POINT ( 'NONE',  ( 19.00000000000001421, -37.49999999999999289, 27.00000000000000355 ) ) ;
#11214 = AXIS2_PLACEMENT_3D ( 'NONE', #2625, #7344, #11632 ) ;
#11215 = ADVANCED_FACE ( 'NONE', ( #10361 ), #3924, .F. ) ;
#11216 = ADVANCED_FACE ( 'NONE', ( #2069 ), #5353, .T. ) ;
#11217 = CARTESIAN_POINT ( 'NONE',  ( -37.79999999999999005, -37.50000000000000000, 14.00000000000000178 ) ) ;
#11218 = DIRECTION ( 'NONE',  ( 0.000000000000000000, 1.000000000000000000, -0.000000000000000000 ) ) ;
#11219 = CARTESIAN_POINT ( 'NONE',  ( 40.00000000000000711, -29.50000000000000000, 0.5000000000000074385 ) ) ;
#11220 = ORIENTED_EDGE ( 'NONE', *, *, #7002, .F. ) ;
#11221 = SPHERICAL_SURFACE ( 'NONE', #5918, 1.000000000000000000 ) ;
#11222 = DIRECTION ( 'NONE',  ( 1.000000000000000000, 1.137523590804463822E-16, 0.000000000000000000 ) ) ;
#11223 = CYLINDRICAL_SURFACE ( 'NONE', #8794, 0.5000000000000004441 ) ;
#11224 = ORIENTED_EDGE ( 'NONE', *, *, #8400, .F. ) ;
#11225 = CIRCLE ( 'NONE', #4168, 0.5000000000000004441 ) ;
#11226 = EDGE_CURVE ( 'NONE', #4187, #8354, #9368, .T. ) ;
#11227 = FACE_OUTER_BOUND ( 'NONE', #1759, .T. ) ;
#11228 = DIRECTION ( 'NONE',  ( 0.000000000000000000, -1.000000000000000000, -0.000000000000000000 ) ) ;
#11229 = ORIENTED_EDGE ( 'NONE', *, *, #11671, .T. ) ;
#11230 = VECTOR ( 'NONE', #9178, 1000.000000000000000 ) ;
#11231 = EDGE_LOOP ( 'NONE', ( #3814, #6306, #8273, #8194 ) ) ;
#11232 = CARTESIAN_POINT ( 'NONE',  ( -25.07448155175295668, 18.94607976196915899, 6.000000000000000000 ) ) ;
#11233 = DIRECTION ( 'NONE',  ( -0.9622720225178769127, 0.2720892402858933190, 0.000000000000000000 ) ) ;
#11234 = ORIENTED_EDGE ( 'NONE', *, *, #6862, .F. ) ;
#11235 = EDGE_CURVE ( 'NONE', #1121, #8268, #5914, .T. ) ;
#11236 = CARTESIAN_POINT ( 'NONE',  ( 32.70826602783255765, 6.992786613689728981, 4.545297827157087411 ) ) ;
#11237 = ADVANCED_FACE ( 'NONE', ( #8342 ), #173, .T. ) ;
#11238 = DIRECTION ( 'NONE',  ( -1.000000000000000000, 0.000000000000000000, 0.000000000000000000 ) ) ;
#11239 = EDGE_LOOP ( 'NONE', ( #4915, #8561, #5402, #7594 ) ) ;
#11240 = VECTOR ( 'NONE', #4601, 1000.000000000000000 ) ;
#11241 = FACE_OUTER_BOUND ( 'NONE', #2365, .T. ) ;
#11242 = CARTESIAN_POINT ( 'NONE',  ( 29.99999999999997868, -28.29278383102050398, 6.000000000000000000 ) ) ;
#11243 = B_SPLINE_CURVE_WITH_KNOTS ( 'NONE', 3,
 ( #4285, #9530, #8753, #5937, #5099, #3384 ),
 .UNSPECIFIED., .F., .F.,
 ( 4, 2, 4 ),
 ( 1.736890526760486189E-17, 0.0003682707699730299110, 0.0007365415399460424747 ),
 .UNSPECIFIED. ) ;
#11244 = ORIENTED_EDGE ( 'NONE', *, *, #2850, .T. ) ;
#11245 = CIRCLE ( 'NONE', #7814, 0.5000000000000004441 ) ;
#11246 = VERTEX_POINT ( 'NONE', #8461 ) ;
#11247 = EDGE_CURVE ( 'NONE', #1889, #600, #8228, .T. ) ;
#11248 = EDGE_CURVE ( 'NONE', #5556, #150, #47, .T. ) ;
#11249 = CIRCLE ( 'NONE', #4580, 3.000000000000002665 ) ;
#11250 = CYLINDRICAL_SURFACE ( 'NONE', #1796, 5.999999999999998224 ) ;
#11251 = ORIENTED_EDGE ( 'NONE', *, *, #10348, .F. ) ;
#11252 = CARTESIAN_POINT ( 'NONE',  ( -18.47867789780852377, -32.55872636749531779, 4.000000000000000000 ) ) ;
#11253 = CARTESIAN_POINT ( 'NONE',  ( 31.25000000000000000, 6.484313483298442371, 0.5000000000000031086 ) ) ;
#11254 = VERTEX_POINT ( 'NONE', #9297 ) ;
#11255 = AXIS2_PLACEMENT_3D ( 'NONE', #6439, #5602, #9193 ) ;
#11256 = CARTESIAN_POINT ( 'NONE',  ( 24.74873734153059601, -24.74873734152912519, 5.799999999999999822 ) ) ;
#11257 = CIRCLE ( 'NONE', #2499, 2.599999999999998312 ) ;
#11258 = AXIS2_PLACEMENT_3D ( 'NONE', #2812, #7348, #9852 ) ;
#11259 = ORIENTED_EDGE ( 'NONE', *, *, #10954, .F. ) ;
#11260 = CIRCLE ( 'NONE', #5152, 0.5000000000000004441 ) ;
#11261 = CARTESIAN_POINT ( 'NONE',  ( -20.11658706833188859, -32.12893685403738431, 6.000000000000000000 ) ) ;
#11262 = DIRECTION ( 'NONE',  ( 0.000000000000000000, 1.000000000000000000, 0.000000000000000000 ) ) ;
#11263 = CIRCLE ( 'NONE', #4966, 3.000000000000002665 ) ;
#11264 = ORIENTED_EDGE ( 'NONE', *, *, #3416, .T. ) ;
#11265 = CARTESIAN_POINT ( 'NONE',  ( -27.28294234767821536, 18.90955557852278801, 4.000000000000000000 ) ) ;
#11266 = CARTESIAN_POINT ( 'NONE',  ( 29.99999999999997868, -28.29278383102050398, 21.28750090350187918 ) ) ;
#11267 = DIRECTION ( 'NONE',  ( -0.000000000000000000, -0.000000000000000000, 1.000000000000000000 ) ) ;
#11268 = CARTESIAN_POINT ( 'NONE',  ( -27.58294234767825515, -19.57972195055235076, 5.700000000000000178 ) ) ;
#11269 = VERTEX_POINT ( 'NONE', #11020 ) ;
#11270 = CIRCLE ( 'NONE', #4212, 1.484090461570473307 ) ;
#11271 = CARTESIAN_POINT ( 'NONE',  ( 18.90955557852439384, 27.58294234767708986, 5.700000000000000178 ) ) ;
#11272 = DIRECTION ( 'NONE',  ( 0.000000000000000000, 0.000000000000000000, -1.000000000000000000 ) ) ;
#11273 = VECTOR ( 'NONE', #9647, 1000.000000000000000 ) ;
#11274 = PRESENTATION_STYLE_ASSIGNMENT (( #8486 ) ) ;
#11275 = CIRCLE ( 'NONE', #5730, 4.999999999999997335 ) ;
#11276 = DIRECTION ( 'NONE',  ( -0.000000000000000000, -0.000000000000000000, 1.000000000000000000 ) ) ;
#11277 =( GEOMETRIC_REPRESENTATION_CONTEXT ( 3 ) GLOBAL_UNCERTAINTY_ASSIGNED_CONTEXT ( ( #8650 ) ) GLOBAL_UNIT_ASSIGNED_CONTEXT ( ( #10928, #4592, #10041 ) ) REPRESENTATION_CONTEXT ( 'NONE', 'WORKASPACE' ) );
#11278 = DIRECTION ( 'NONE',  ( 0.000000000000000000, -1.000000000000000000, 0.000000000000000000 ) ) ;
#11279 = CARTESIAN_POINT ( 'NONE',  ( 26.34065101359200156, -37.00000000000000000, 49.79289321881346098 ) ) ;
#11280 = ORIENTED_EDGE ( 'NONE', *, *, #10727, .T. ) ;
#11281 = LINE ( 'NONE', #4886, #7079 ) ;
#11282 = DIRECTION ( 'NONE',  ( 0.000000000000000000, -0.000000000000000000, -1.000000000000000000 ) ) ;
#11283 = VECTOR ( 'NONE', #136, 1000.000000000000000 ) ;
#11284 = CARTESIAN_POINT ( 'NONE',  ( 15.76277455163462449, -32.55872636749531779, 4.000000000000000000 ) ) ;
#11285 = ADVANCED_FACE ( 'NONE', ( #9169 ), #1954, .T. ) ;
#11286 = CARTESIAN_POINT ( 'NONE',  ( -31.36530762627231539, -28.21852687074916233, 22.36322654727370463 ) ) ;
#11287 = ORIENTED_EDGE ( 'NONE', *, *, #6184, .F. ) ;
#11288 = AXIS2_PLACEMENT_3D ( 'NONE', #11175, #2996, #2096 ) ;
#11289 = CIRCLE ( 'NONE', #621, 3.200000000000001510 ) ;
#11290 = DIRECTION ( 'NONE',  ( 0.000000000000000000, 0.000000000000000000, 1.000000000000000000 ) ) ;
#11291 = FACE_OUTER_BOUND ( 'NONE', #9455, .T. ) ;
#11292 = VECTOR ( 'NONE', #8871, 999.9999999999998863 ) ;
#11293 = ORIENTED_EDGE ( 'NONE', *, *, #3010, .F. ) ;
#11294 = ORIENTED_EDGE ( 'NONE', *, *, #1588, .F. ) ;
#11295 = CARTESIAN_POINT ( 'NONE',  ( 30.32476592284621475, -28.67510324563762936, 21.67270854270261893 ) ) ;
#11296 = CARTESIAN_POINT ( 'NONE',  ( 26.90362984505155808, -33.50737079693872289, 50.00000000000000000 ) ) ;
#11297 = ORIENTED_EDGE ( 'NONE', *, *, #4292, .F. ) ;
#11298 = CARTESIAN_POINT ( 'NONE',  ( 27.28294234767822601, -18.90955557852278801, 6.000000000000000000 ) ) ;
#11299 = CIRCLE ( 'NONE', #1395, 27.84471522829317180 ) ;
#11300 = AXIS2_PLACEMENT_3D ( 'NONE', #2264, #4171, #2389 ) ;
#11301 = ADVANCED_FACE ( 'NONE', ( #9242 ), #9550, .T. ) ;
#11302 = FACE_OUTER_BOUND ( 'NONE', #3878, .T. ) ;
#11303 = CIRCLE ( 'NONE', #4055, 5.999999999999998224 ) ;
#11304 = EDGE_CURVE ( 'NONE', #10651, #2014, #1071, .T. ) ;
#11305 = ADVANCED_FACE ( 'NONE', ( #11197 ), #5725, .T. ) ;
#11306 = CARTESIAN_POINT ( 'NONE',  ( 14.76159781962969220, -25.46392358848637727, 6.000000000000000000 ) ) ;
#11307 = ORIENTED_EDGE ( 'NONE', *, *, #5455, .F. ) ;
#11308 = CARTESIAN_POINT ( 'NONE',  ( 31.49999999999997868, -13.12679400932128182, 13.02985011956905659 ) ) ;
#11309 = CARTESIAN_POINT ( 'NONE',  ( -25.78279235760798116, -32.79999999999999716, 49.13092329106655853 ) ) ;
#11310 = AXIS2_PLACEMENT_3D ( 'NONE', #3570, #175, #7270 ) ;
#11311 = EDGE_CURVE ( 'NONE', #8199, #7885, #3253, .T. ) ;
#11312 = AXIS2_PLACEMENT_3D ( 'NONE', #1069, #10593, #6817 ) ;
#11313 = ORIENTED_EDGE ( 'NONE', *, *, #451, .F. ) ;
#11314 = ORIENTED_EDGE ( 'NONE', *, *, #9428, .F. ) ;
#11315 = CARTESIAN_POINT ( 'NONE',  ( -30.49999999999997868, 26.00000000000000355, 5.500000000000000000 ) ) ;
#11316 = EDGE_LOOP ( 'NONE', ( #1871, #7676, #4242, #9051 ) ) ;
#11317 = LINE ( 'NONE', #9518, #1552 ) ;
#11318 = CARTESIAN_POINT ( 'NONE',  ( 41.00000000000001421, -37.29999999999999005, 40.50000000000000000 ) ) ;
#11319 = CARTESIAN_POINT ( 'NONE',  ( 19.16814017263116554, 25.85982139157841431, 5.700000000000001066 ) ) ;
#11320 = ORIENTED_EDGE ( 'NONE', *, *, #671, .F. ) ;
#11321 = AXIS2_PLACEMENT_3D ( 'NONE', #4107, #1298, #411 ) ;
#11322 = ADVANCED_FACE ( 'NONE', ( #9586 ), #10533, .F. ) ;
#11323 = CARTESIAN_POINT ( 'NONE',  ( 14.76159781963790785, -25.46392358847829485, 4.000000000000000000 ) ) ;
#11324 = ADVANCED_FACE ( 'NONE', ( #2367 ), #9645, .F. ) ;
#11325 = EDGE_CURVE ( 'NONE', #6618, #6799, #1541, .T. ) ;
#11326 = EDGE_CURVE ( 'NONE', #6518, #9265, #1414, .T. ) ;
#11327 = ORIENTED_EDGE ( 'NONE', *, *, #7603, .T. ) ;
#11328 = CIRCLE ( 'NONE', #11721, 3.000000000000002665 ) ;
#11329 = CARTESIAN_POINT ( 'NONE',  ( 31.10932988041733083, -28.20116070374750805, 22.26643338004471318 ) ) ;
#11330 = CARTESIAN_POINT ( 'NONE',  ( 30.41366507690885257, -37.12032955407537571, 0.2102106986638885011 ) ) ;
#11331 = ORIENTED_EDGE ( 'NONE', *, *, #3952, .F. ) ;
#11332 = DIRECTION ( 'NONE',  ( -0.000000000000000000, -0.000000000000000000, 1.000000000000000000 ) ) ;
#11333 = CARTESIAN_POINT ( 'NONE',  ( -18.82426233348197542, -23.71555578679803133, 5.700000000000000178 ) ) ;
#11334 = FACE_OUTER_BOUND ( 'NONE', #1461, .T. ) ;
#11335 = DIRECTION ( 'NONE',  ( 0.6895964625026003159, 0.7241938406972955322, -0.000000000000000000 ) ) ;
#11336 = ORIENTED_EDGE ( 'NONE', *, *, #4249, .F. ) ;
#11337 = DIRECTION ( 'NONE',  ( 0.000000000000000000, 0.4370537414983364788, 0.8994353934787675531 ) ) ;
#11338 = EDGE_CURVE ( 'NONE', #4517, #9807, #11270, .T. ) ;
#11339 = DIRECTION ( 'NONE',  ( -1.000000000000000000, 0.000000000000000000, 0.000000000000000000 ) ) ;
#11340 = AXIS2_PLACEMENT_3D ( 'NONE', #11705, #10921, #8885 ) ;
#11341 = CARTESIAN_POINT ( 'NONE',  ( 29.99999999999997868, -28.29278383102050753, 6.500000000000000888 ) ) ;
#11342 = B_SPLINE_CURVE_WITH_KNOTS ( 'NONE', 3,
 ( #2191, #4810, #5807, #5037, #11319, #3143 ),
 .UNSPECIFIED., .F., .F.,
 ( 4, 2, 4 ),
 ( 0.000000000000000000, 0.002452396976944304016, 0.004904793953888608032 ),
 .UNSPECIFIED. ) ;
#11343 = DIRECTION ( 'NONE',  ( -1.000000000000000000, 0.000000000000000000, 0.000000000000000000 ) ) ;
#11344 = CYLINDRICAL_SURFACE ( 'NONE', #9435, 3.500000000000003109 ) ;
#11345 = DIRECTION ( 'NONE',  ( 1.000000000000000000, -0.000000000000000000, -0.000000000000000000 ) ) ;
#11346 = EDGE_LOOP ( 'NONE', ( #9501, #11193 ) ) ;
#11347 = CARTESIAN_POINT ( 'NONE',  ( -33.39262183378821902, -29.23825211080808728, 0.5260273253334326604 ) ) ;
#11348 = CIRCLE ( 'NONE', #8306, 1.000000000000000888 ) ;
#11349 = DIRECTION ( 'NONE',  ( 0.000000000000000000, 0.000000000000000000, -1.000000000000000000 ) ) ;
#11350 = CARTESIAN_POINT ( 'NONE',  ( 27.54873734152913300, 24.75126265847088547, -6.098637220230962441E-16 ) ) ;
#11351 = DIRECTION ( 'NONE',  ( -1.000000000000000000, 0.000000000000000000, 0.000000000000000000 ) ) ;
#11352 = ORIENTED_EDGE ( 'NONE', *, *, #7066, .F. ) ;
#11353 = DIRECTION ( 'NONE',  ( -1.137523590804463822E-16, 1.000000000000000000, 0.000000000000000000 ) ) ;
#11354 = CARTESIAN_POINT ( 'NONE',  ( 49.00000000000000711, -29.50000000000000000, 50.00000000000000000 ) ) ;
#11355 = EDGE_LOOP ( 'NONE', ( #224, #5669, #4831, #2057 ) ) ;
#11356 = ORIENTED_EDGE ( 'NONE', *, *, #10572, .T. ) ;
#11357 = CARTESIAN_POINT ( 'NONE',  ( 30.36225261795653907, -28.63764453846906477, 21.84507382114041718 ) ) ;
#11358 = DIRECTION ( 'NONE',  ( -1.000000000000000000, 0.000000000000000000, 0.000000000000000000 ) ) ;
#11359 = ORIENTED_EDGE ( 'NONE', *, *, #464, .T. ) ;
#11360 = CARTESIAN_POINT ( 'NONE',  ( 31.71028105339756564, 7.437293215472908336, 4.401301363869316141 ) ) ;
#11361 = CARTESIAN_POINT ( 'NONE',  ( -30.55221821945247029, -28.56773518201996254, 22.28909803235629639 ) ) ;
#11362 = DIRECTION ( 'NONE',  ( 1.000000000000000000, 0.000000000000000000, 0.000000000000000000 ) ) ;
#11363 = ORIENTED_EDGE ( 'NONE', *, *, #8610, .F. ) ;
#11364 = DIRECTION ( 'NONE',  ( -5.941966010906629203E-14, -1.000000000000000000, 0.000000000000000000 ) ) ;
#11365 = CARTESIAN_POINT ( 'NONE',  ( -30.32357978444290225, -28.67628849845812766, 21.67573057422973548 ) ) ;
#11366 = ORIENTED_EDGE ( 'NONE', *, *, #10092, .T. ) ;
#11367 = EDGE_CURVE ( 'NONE', #10763, #8207, #11650, .T. ) ;
#11368 = EDGE_LOOP ( 'NONE', ( #4349, #3544, #9754, #4444 ) ) ;
#11369 = EDGE_CURVE ( 'NONE', #2657, #5556, #9750, .T. ) ;
#11370 = EDGE_CURVE ( 'NONE', #2422, #5486, #7465, .T. ) ;
#11371 = CARTESIAN_POINT ( 'NONE',  ( 34.49999999999997868, -28.49999999999999645, 21.14523135337576321 ) ) ;
#11372 = EDGE_LOOP ( 'NONE', ( #2360, #7834, #6717, #11126, #8864 ) ) ;
#11373 = DIRECTION ( 'NONE',  ( 1.000000000000000000, 0.000000000000000000, 0.000000000000000000 ) ) ;
#11374 = CARTESIAN_POINT ( 'NONE',  ( -18.90955557852439028, 26.78294234767708559, 6.000000000000000000 ) ) ;
#11375 = CARTESIAN_POINT ( 'NONE',  ( 21.82807647900966330, 18.53459485037747001, 5.700000000000000178 ) ) ;
#11376 = ORIENTED_EDGE ( 'NONE', *, *, #5026, .F. ) ;
#11377 = AXIS2_PLACEMENT_3D ( 'NONE', #5142, #3424, #8797 ) ;
#11378 = DIRECTION ( 'NONE',  ( 0.07594870729772684737, -0.9971117258661660321, -1.153142079354526139E-14 ) ) ;
#11379 = ORIENTED_EDGE ( 'NONE', *, *, #10951, .T. ) ;
#11380 = CARTESIAN_POINT ( 'NONE',  ( 19.96629138838773798, -32.29999999999999716, 6.000000000000000000 ) ) ;
#11381 = CARTESIAN_POINT ( 'NONE',  ( 30.51845909355813191, -28.49341576283835309, 21.62576078147410286 ) ) ;
#11382 = ORIENTED_EDGE ( 'NONE', *, *, #2498, .F. ) ;
#11383 = EDGE_CURVE ( 'NONE', #3855, #4746, #1175, .T. ) ;
#11384 = EDGE_CURVE ( 'NONE', #3781, #7093, #8801, .T. ) ;
#11385 =( BOUNDED_CURVE ( )  B_SPLINE_CURVE ( 3, ( #10204, #3177, #5021, #4751 ),
 .UNSPECIFIED., .F., .F. ) 
 B_SPLINE_CURVE_WITH_KNOTS ( ( 4, 4 ),
 ( 0.000000000000000000, 1.570796326794893893 ),
 .UNSPECIFIED. ) 
 CURVE ( )  GEOMETRIC_REPRESENTATION_ITEM ( )  RATIONAL_B_SPLINE_CURVE ( ( 1.000000000000000000, 0.8047378541243654926, 0.8047378541243654926, 1.000000000000000000 ) ) 
 REPRESENTATION_ITEM ( '' )  );
#11386 = FACE_OUTER_BOUND ( 'NONE', #11200, .T. ) ;
#11387 = EDGE_CURVE ( 'NONE', #8963, #2737, #2702, .T. ) ;
#11388 = DIRECTION ( 'NONE',  ( -1.000000000000000000, 0.000000000000000000, 0.000000000000000000 ) ) ;
#11389 = ORIENTED_EDGE ( 'NONE', *, *, #3225, .T. ) ;
#11390 = DIRECTION ( 'NONE',  ( 0.000000000000000000, 0.000000000000000000, -1.000000000000000000 ) ) ;
#11391 = CARTESIAN_POINT ( 'NONE',  ( 26.61078199885682238, -33.79999999999999716, 50.00000000000000000 ) ) ;
#11392 = CYLINDRICAL_SURFACE ( 'NONE', #8391, 1.000000000000000888 ) ;
#11393 = DIRECTION ( 'NONE',  ( 0.000000000000000000, 0.000000000000000000, -1.000000000000000000 ) ) ;
#11394 = FACE_OUTER_BOUND ( 'NONE', #1053, .T. ) ;
#11395 = DIRECTION ( 'NONE',  ( 0.000000000000000000, 6.938893903907222067E-15, -1.000000000000000000 ) ) ;
#11396 = EDGE_LOOP ( 'NONE', ( #11407, #7940, #8724, #6522, #9560 ) ) ;
#11397 = EDGE_CURVE ( 'NONE', #8765, #2221, #7074, .T. ) ;
#11398 = CARTESIAN_POINT ( 'NONE',  ( -33.91636408810795444, -28.58363591189115027, 1.034411514665346310 ) ) ;
#11399 = DIRECTION ( 'NONE',  ( -1.000000000000000000, -0.000000000000000000, 0.000000000000000000 ) ) ;
#11400 = DIRECTION ( 'NONE',  ( -0.000000000000000000, -0.000000000000000000, 1.000000000000000000 ) ) ;
#11401 = LINE ( 'NONE', #427, #6694 ) ;
#11402 = ORIENTED_EDGE ( 'NONE', *, *, #2995, .F. ) ;
#11403 = DIRECTION ( 'NONE',  ( 0.000000000000000000, 0.000000000000000000, 1.000000000000000000 ) ) ;
#11404 = AXIS2_PLACEMENT_3D ( 'NONE', #6130, #4231, #11571 ) ;
#11405 = CYLINDRICAL_SURFACE ( 'NONE', #5319, 0.5000000000000004441 ) ;
#11406 = FACE_OUTER_BOUND ( 'NONE', #8971, .T. ) ;
#11407 = ORIENTED_EDGE ( 'NONE', *, *, #5680, .F. ) ;
#11408 = CARTESIAN_POINT ( 'NONE',  ( 31.49999999999997868, -28.49999999999999645, 22.81294424401308873 ) ) ;
#11409 = CARTESIAN_POINT ( 'NONE',  ( -19.03511653581577434, -26.85782456059808965, 4.000000000000000000 ) ) ;
#11410 = DIRECTION ( 'NONE',  ( 0.000000000000000000, -0.4370537414983364788, -0.8994353934787675531 ) ) ;
#11411 = ORIENTED_EDGE ( 'NONE', *, *, #1623, .T. ) ;
#11412 = AXIS2_PLACEMENT_3D ( 'NONE', #10610, #7028, #10553 ) ;
#11413 = CARTESIAN_POINT ( 'NONE',  ( 0.000000000000000000, 0.000000000000000000, 4.000000000000000000 ) ) ;
#11414 = CARTESIAN_POINT ( 'NONE',  ( -3.244874193390043793, -32.79999999999999716, 6.112106956666302437 ) ) ;
#11415 = ORIENTED_EDGE ( 'NONE', *, *, #1622, .T. ) ;
#11416 = CARTESIAN_POINT ( 'NONE',  ( -26.19678717823081371, -32.79999999999999716, 6.427855894855588836 ) ) ;
#11417 = DIRECTION ( 'NONE',  ( -1.000000000000000000, 0.000000000000000000, 0.000000000000000000 ) ) ;
#11418 = AXIS2_PLACEMENT_3D ( 'NONE', #8791, #9751, #3419 ) ;
#11419 = VERTEX_POINT ( 'NONE', #2423 ) ;
#11420 = ORIENTED_EDGE ( 'NONE', *, *, #8262, .F. ) ;
#11421 = CARTESIAN_POINT ( 'NONE',  ( -26.61078199885683304, -33.79999999999999716, 50.00000000000000000 ) ) ;
#11422 = CARTESIAN_POINT ( 'NONE',  ( -10.39816519068724787, -32.79999999999999716, 6.216643855330916679 ) ) ;
#11423 = EDGE_LOOP ( 'NONE', ( #7225, #2265, #1748, #1295 ) ) ;
#11424 = LINE ( 'NONE', #7787, #10130 ) ;
#11425 = FACE_BOUND ( 'NONE', #7235, .T. ) ;
#11426 = VECTOR ( 'NONE', #10235, 1000.000000000000000 ) ;
#11427 = ADVANCED_FACE ( 'NONE', ( #11494 ), #3316, .F. ) ;
#11428 = CARTESIAN_POINT ( 'NONE',  ( 30.50000000000001066, 6.889810752776988956, 0.5000000000000056621 ) ) ;
#11429 = ORIENTED_EDGE ( 'NONE', *, *, #116, .T. ) ;
#11430 = CARTESIAN_POINT ( 'NONE',  ( -26.56527095544954165, 19.67937319653712791, 6.000000000000000000 ) ) ;
#11431 = AXIS2_PLACEMENT_3D ( 'NONE', #2090, #10270, #8423 ) ;
#11432 = ORIENTED_EDGE ( 'NONE', *, *, #8238, .F. ) ;
#11433 = DIRECTION ( 'NONE',  ( -0.000000000000000000, -0.000000000000000000, 1.000000000000000000 ) ) ;
#11434 = CARTESIAN_POINT ( 'NONE',  ( 30.50000000000001776, -37.31646619123965536, 0.4141609258893550471 ) ) ;
#11435 = ORIENTED_EDGE ( 'NONE', *, *, #6492, .T. ) ;
#11436 = CARTESIAN_POINT ( 'NONE',  ( 9.557889733366302210, -32.79999999999999716, 6.000000000000000000 ) ) ;
#11437 = DIRECTION ( 'NONE',  ( 1.000000000000000000, -0.000000000000000000, -0.000000000000000000 ) ) ;
#11439 = CARTESIAN_POINT ( 'NONE',  ( -31.11487846105330490, 5.456199394431116900, 6.000000000000000000 ) ) ;
#11438 = AXIS2_PLACEMENT_3D ( 'NONE', #7574, #5874, #3266 ) ;
#11440 = FACE_OUTER_BOUND ( 'NONE', #8606, .T. ) ;
#11441 = VERTEX_POINT ( 'NONE', #4273 ) ;
#11442 = CIRCLE ( 'NONE', #7827, 0.7999999999999986011 ) ;
#11443 = ADVANCED_FACE ( 'NONE', ( #3375 ), #2126, .T. ) ;
#11444 = CARTESIAN_POINT ( 'NONE',  ( -31.49999999999997868, 7.062946258501664687, 4.107440800168005168 ) ) ;
#11445 = DIRECTION ( 'NONE',  ( 0.000000000000000000, 0.000000000000000000, -1.000000000000000000 ) ) ;
#11446 = EDGE_CURVE ( 'NONE', #8158, #6103, #11424, .T. ) ;
#11447 = AXIS2_PLACEMENT_3D ( 'NONE', #8221, #10974, #9897 ) ;
#11448 = CARTESIAN_POINT ( 'NONE',  ( -22.70891192218053689, 18.60168694398683087, 4.000000000000000000 ) ) ;
#11449 = EDGE_CURVE ( 'NONE', #8822, #6631, #11317, .T. ) ;
#11450 = EDGE_CURVE ( 'NONE', #10119, #6019, #8627, .T. ) ;
#11451 = AXIS2_PLACEMENT_3D ( 'NONE', #8291, #7388, #1790 ) ;
#11452 = VECTOR ( 'NONE', #976, 1000.000000000000000 ) ;
#11453 = DIRECTION ( 'NONE',  ( -0.000000000000000000, -0.000000000000000000, 1.000000000000000000 ) ) ;
#11454 =( BOUNDED_SURFACE ( )  B_SPLINE_SURFACE ( 3, 2, ( 
 ( #4759, #3930, #11203 ),
 ( #3026, #10314, #2140 ),
 ( #5758, #9422, #7620 ),
 ( #1247, #11261, #5999 ) ),
 .UNSPECIFIED., .F., .F., .F. ) 
 B_SPLINE_SURFACE_WITH_KNOTS ( ( 4, 4 ),
 ( 3, 3 ),
 ( 6.884683795282953156E-18, 0.0005532340784462890654 ),
 ( 0.000000000000000000, 1.000000000000000000 ),
 .UNSPECIFIED. ) 
 GEOMETRIC_REPRESENTATION_ITEM ( )  RATIONAL_B_SPLINE_SURFACE ( (
 ( 1.000000000000000000, 0.8361456082394465028, 1.000000000000000000),
 ( 1.000000000000000000, 0.7970449612469894252, 1.000000000000000000),
 ( 1.000000000000000000, 0.7466961032743038018, 1.000000000000000000),
 ( 1.000000000000000000, 0.7071067811865475727, 1.000000000000000000) ) ) 
 REPRESENTATION_ITEM ( '' )  SURFACE ( )  );
#11455 = CARTESIAN_POINT ( 'NONE',  ( -26.28294234767779969, -11.88379308764559106, 6.000000000000000000 ) ) ;
#11456 = CARTESIAN_POINT ( 'NONE',  ( -21.82807647900999370, -18.53459485037750554, 5.700000000000000178 ) ) ;
#11457 = ORIENTED_EDGE ( 'NONE', *, *, #4542, .F. ) ;
#11458 = DIRECTION ( 'NONE',  ( 0.000000000000000000, 0.000000000000000000, -1.000000000000000000 ) ) ;
#11459 = CARTESIAN_POINT ( 'NONE',  ( 10.58379308764715709, 26.28294234767709270, 5.700000000000000178 ) ) ;
#11460 = AXIS2_PLACEMENT_3D ( 'NONE', #4862, #8514, #340 ) ;
#11461 = CARTESIAN_POINT ( 'NONE',  ( 34.49999999999997868, -28.49999999999999645, 21.14523135337575965 ) ) ;
#11462 = DIRECTION ( 'NONE',  ( -0.000000000000000000, -0.000000000000000000, 1.000000000000000000 ) ) ;
#11463 = ORIENTED_EDGE ( 'NONE', *, *, #10810, .F. ) ;
#11464 = AXIS2_PLACEMENT_3D ( 'NONE', #8385, #285, #5847 ) ;
#11465 = AXIS2_PLACEMENT_3D ( 'NONE', #1802, #6199, #5421 ) ;
#11466 = CARTESIAN_POINT ( 'NONE',  ( 21.24890437254318698, 17.52699061374429590, 6.000000000000000000 ) ) ;
#11467 = EDGE_CURVE ( 'NONE', #7093, #6536, #4604, .T. ) ;
#11468 = CARTESIAN_POINT ( 'NONE',  ( 11.88379308764715780, 27.28294234767709270, 4.000000000000000000 ) ) ;
#11469 = DIRECTION ( 'NONE',  ( -1.000000000000000000, 0.000000000000000000, 0.000000000000000000 ) ) ;
#11470 = ADVANCED_FACE ( 'NONE', ( #9761 ), #4410, .T. ) ;
#11471 = ADVANCED_FACE ( 'NONE', ( #11611 ), #6111, .T. ) ;
#11472 = ORIENTED_EDGE ( 'NONE', *, *, #2060, .T. ) ;
#11473 = CARTESIAN_POINT ( 'NONE',  ( -33.99999999999997868, 4.863583516386118966, 5.235046223268318144 ) ) ;
#11474 = DIRECTION ( 'NONE',  ( 0.6363104671251464950, -0.7714330751445506174, 0.000000000000000000 ) ) ;
#11475 = DIRECTION ( 'NONE',  ( 0.000000000000000000, -1.000000000000000000, 1.204669080539449344E-16 ) ) ;
#11476 = ORIENTED_EDGE ( 'NONE', *, *, #3952, .T. ) ;
#11477 = DIRECTION ( 'NONE',  ( -1.000000000000000000, 0.000000000000000000, 0.000000000000000000 ) ) ;
#11478 = DIRECTION ( 'NONE',  ( -1.224646799147353207E-16, 1.000000000000000000, 0.000000000000000000 ) ) ;
#11479 = AXIS2_PLACEMENT_3D ( 'NONE', #11123, #3165, #5779 ) ;
#11480 = VECTOR ( 'NONE', #8898, 1000.000000000000000 ) ;
#11481 = CARTESIAN_POINT ( 'NONE',  ( -3.903587267792826054, -32.79999999999999716, 6.499999999999999112 ) ) ;
#11482 = ORIENTED_EDGE ( 'NONE', *, *, #108, .F. ) ;
#11483 = AXIS2_PLACEMENT_3D ( 'NONE', #4814, #1291, #4914 ) ;
#11484 = DIRECTION ( 'NONE',  ( 0.000000000000000000, 0.000000000000000000, -1.000000000000000000 ) ) ;
#11485 = CARTESIAN_POINT ( 'NONE',  ( 30.50000000000001776, -36.49999999999999289, 1.000000000000000000 ) ) ;
#11486 = ORIENTED_EDGE ( 'NONE', *, *, #7070, .F. ) ;
#11487 = EDGE_LOOP ( 'NONE', ( #2164, #354, #1783, #203 ) ) ;
#11488 = CIRCLE ( 'NONE', #4462, 0.2000000000000000111 ) ;
#11489 = LINE ( 'NONE', #7970, #507 ) ;
#11490 = VERTEX_POINT ( 'NONE', #6171 ) ;
#11491 = AXIS2_PLACEMENT_3D ( 'NONE', #7328, #4631, #2793 ) ;
#11492 = DIRECTION ( 'NONE',  ( 0.000000000000000000, 0.000000000000000000, -1.000000000000000000 ) ) ;
#11493 = ORIENTED_EDGE ( 'NONE', *, *, #6989, .F. ) ;
#11494 = FACE_OUTER_BOUND ( 'NONE', #7898, .T. ) ;
#11495 = CARTESIAN_POINT ( 'NONE',  ( 19.85381713242686175, -32.79999999999999716, 6.499999913402385587 ) ) ;
#11496 = DIRECTION ( 'NONE',  ( -0.000000000000000000, -0.000000000000000000, 1.000000000000000000 ) ) ;
#11497 = VERTEX_POINT ( 'NONE', #7072 ) ;
#11498 = VECTOR ( 'NONE', #5858, 999.9999999999998863 ) ;
#11499 = AXIS2_PLACEMENT_3D ( 'NONE', #7332, #9895, #11684 ) ;
#11500 = CARTESIAN_POINT ( 'NONE',  ( -30.49999999999997868, 8.130517918513499254, 5.499999999992891020 ) ) ;
#11501 = VERTEX_POINT ( 'NONE', #3675 ) ;
#11502 = VECTOR ( 'NONE', #9682, 1000.000000000000000 ) ;
#11503 = CARTESIAN_POINT ( 'NONE',  ( 30.22740183556434346, -36.82072506563778802, 0.03748640754275042036 ) ) ;
#11504 = VERTEX_POINT ( 'NONE', #3499 ) ;
#11505 = FACE_OUTER_BOUND ( 'NONE', #8409, .T. ) ;
#11506 = CARTESIAN_POINT ( 'NONE',  ( -3.244874193390045125, -32.45419513345802898, 4.000000000000000000 ) ) ;
#11507 = CIRCLE ( 'NONE', #3517, 0.5000000000000004441 ) ;
#11508 = LINE ( 'NONE', #4220, #2742 ) ;
#11509 = FACE_OUTER_BOUND ( 'NONE', #8300, .T. ) ;
#11510 = ORIENTED_EDGE ( 'NONE', *, *, #10033, .T. ) ;
#11511 = DIRECTION ( 'NONE',  ( -0.000000000000000000, 0.8994353934787674421, -0.4370537414983363678 ) ) ;
#11512 = CARTESIAN_POINT ( 'NONE',  ( 26.53633152265526363, -33.00561895852248995, 49.79966683884575929 ) ) ;
#11513 = FACE_OUTER_BOUND ( 'NONE', #2815, .T. ) ;
#11514 = AXIS2_PLACEMENT_3D ( 'NONE', #2404, #7771, #5903 ) ;
#11515 = EDGE_CURVE ( 'NONE', #10956, #4028, #6538, .T. ) ;
#11516 = CARTESIAN_POINT ( 'NONE',  ( 21.94873734152913158, 24.75126265847088547, 6.000000000000000000 ) ) ;
#11517 = CARTESIAN_POINT ( 'NONE',  ( -30.49999999999997868, -28.49999999999999645, -55.15136956765560683 ) ) ;
#11518 = CARTESIAN_POINT ( 'NONE',  ( 26.78294234767823312, -18.90955557852281643, 4.000000000000000000 ) ) ;
#11519 = VERTEX_POINT ( 'NONE', #10895 ) ;
#11520 = ADVANCED_FACE ( 'NONE', ( #8152 ), #993, .T. ) ;
#11521 = EDGE_CURVE ( 'NONE', #1867, #10297, #931, .T. ) ;
#11522 = CARTESIAN_POINT ( 'NONE',  ( -30.58886137687976969, 6.580539740984970187, 6.000000000001715073 ) ) ;
#11523 = FACE_OUTER_BOUND ( 'NONE', #6249, .T. ) ;
#11524 = CARTESIAN_POINT ( 'NONE',  ( -11.88379308764716136, 27.28294234767709270, 4.000000000000000000 ) ) ;
#11525 = CARTESIAN_POINT ( 'NONE',  ( -10.39816519068723899, -31.05872636749531068, 4.000000000000000000 ) ) ;
#11526 = ORIENTED_EDGE ( 'NONE', *, *, #5543, .T. ) ;
#11527 = AXIS2_PLACEMENT_3D ( 'NONE', #8978, #11433, #4450 ) ;
#11528 = CARTESIAN_POINT ( 'NONE',  ( -32.99999999999997868, -27.99999999999999645, 22.81294424401309229 ) ) ;
#11529 = CARTESIAN_POINT ( 'NONE',  ( -21.86605083265882854, -18.03603898744441736, 5.700000000000000178 ) ) ;
#11530 = CARTESIAN_POINT ( 'NONE',  ( -24.99999999999999289, -32.79999999999999716, 44.00000000000000711 ) ) ;
#11531 =( BOUNDED_CURVE ( )  B_SPLINE_CURVE ( 3, ( #2744, #9113, #944, #4574 ),
 .UNSPECIFIED., .F., .F. ) 
 B_SPLINE_CURVE_WITH_KNOTS ( ( 4, 4 ),
 ( 4.712388980384691450, 6.283185307179586232 ),
 .UNSPECIFIED. ) 
 CURVE ( )  GEOMETRIC_REPRESENTATION_ITEM ( )  RATIONAL_B_SPLINE_CURVE ( ( 1.000000000000000000, 0.8047378541243654926, 0.8047378541243654926, 1.000000000000000000 ) ) 
 REPRESENTATION_ITEM ( '' )  );
#11532 = VERTEX_POINT ( 'NONE', #4561 ) ;
#11533 = CARTESIAN_POINT ( 'NONE',  ( -31.63964049625063168, 7.449908692389218601, 5.031216567137509976 ) ) ;
#11534 = CIRCLE ( 'NONE', #1239, 1.499999999999999556 ) ;
#11535 = DIRECTION ( 'NONE',  ( 0.000000000000000000, -0.000000000000000000, 1.000000000000000000 ) ) ;
#11536 = DIRECTION ( 'NONE',  ( -1.000000000000000000, 0.000000000000000000, 0.000000000000000000 ) ) ;
#11537 = ORIENTED_EDGE ( 'NONE', *, *, #4314, .F. ) ;
#11538 = CARTESIAN_POINT ( 'NONE',  ( -33.57499415939743415, -28.49999999999964473, 22.31734653074686392 ) ) ;
#11539 = ADVANCED_FACE ( 'NONE', ( #6357 ), #4330, .F. ) ;
#11540 = EDGE_CURVE ( 'NONE', #10726, #8139, #5557, .T. ) ;
#11541 = CARTESIAN_POINT ( 'NONE',  ( 41.00000000000000711, -28.49999999999999645, 10.80000000000000071 ) ) ;
#11542 = VERTEX_POINT ( 'NONE', #8277 ) ;
#11543 = ADVANCED_FACE ( 'NONE', ( #5630 ), #8330, .T. ) ;
#11544 = CARTESIAN_POINT ( 'NONE',  ( -18.82414313167752340, -23.73099565078226902, 5.700000000000000178 ) ) ;
#11545 = ORIENTED_EDGE ( 'NONE', *, *, #6366, .T. ) ;
#11546 = DIRECTION ( 'NONE',  ( -0.000000000000000000, -0.000000000000000000, 1.000000000000000000 ) ) ;
#11547 = DIRECTION ( 'NONE',  ( -0.4119920406075139874, -0.9111874442045700961, 0.000000000000000000 ) ) ;
#11548 = ORIENTED_EDGE ( 'NONE', *, *, #1043, .T. ) ;
#11549 = ORIENTED_EDGE ( 'NONE', *, *, #11600, .T. ) ;
#11550 = CARTESIAN_POINT ( 'NONE',  ( -33.58578643762687932, -28.62132034355964549, 0.5000000000000075495 ) ) ;
#11551 = ORIENTED_EDGE ( 'NONE', *, *, #11095, .F. ) ;
#11552 = CARTESIAN_POINT ( 'NONE',  ( 19.29508843714771871, -32.79999999999999716, 6.427855894855588836 ) ) ;
#11553 = ORIENTED_EDGE ( 'NONE', *, *, #9928, .T. ) ;
#11554 = EDGE_CURVE ( 'NONE', #7389, #8765, #162, .T. ) ;
#11555 = DIRECTION ( 'NONE',  ( 1.000000000000000000, 0.000000000000000000, 0.000000000000000000 ) ) ;
#11556 = CARTESIAN_POINT ( 'NONE',  ( 19.90732476903432513, -32.79999999999999716, 6.053392629045195150 ) ) ;
#11557 = CARTESIAN_POINT ( 'NONE',  ( -25.49999999999997868, 31.00000000000000711, 6.000000000000000000 ) ) ;
#11558 = ORIENTED_EDGE ( 'NONE', *, *, #11387, .F. ) ;
#11559 = ORIENTED_EDGE ( 'NONE', *, *, #5106, .F. ) ;
#11560 = PRODUCT_DEFINITION ( 'æœ', '', #7081, #4114 ) ;
#11561 = CARTESIAN_POINT ( 'NONE',  ( 30.00000000000001776, -36.49999999999999289, 0.000000000000000000 ) ) ;
#11562 = ORIENTED_EDGE ( 'NONE', *, *, #10071, .T. ) ;
#11563 = DIRECTION ( 'NONE',  ( 1.000000000000000000, 0.000000000000000000, 0.000000000000000000 ) ) ;
#11564 = DIRECTION ( 'NONE',  ( 0.000000000000000000, 0.000000000000000000, -1.000000000000000000 ) ) ;
#11565 = CARTESIAN_POINT ( 'NONE',  ( 31.11487846105331201, 5.456199394431126670, 6.500000000000000000 ) ) ;
#11566 = DIRECTION ( 'NONE',  ( 0.000000000000000000, 0.000000000000000000, 1.000000000000000000 ) ) ;
#11567 = VERTEX_POINT ( 'NONE', #7642 ) ;
#11568 = DIRECTION ( 'NONE',  ( -1.000000000000000000, 0.000000000000000000, 0.000000000000000000 ) ) ;
#11569 = CARTESIAN_POINT ( 'NONE',  ( -49.99999999999999289, -29.50000000000000000, -6.123233995736766085E-15 ) ) ;
#11570 = DIRECTION ( 'NONE',  ( 1.000000000000000000, 5.782411586589324585E-14, 0.000000000000000000 ) ) ;
#11571 = DIRECTION ( 'NONE',  ( 0.000000000000000000, 1.000000000000000000, 0.000000000000000000 ) ) ;
#11572 = CARTESIAN_POINT ( 'NONE',  ( 26.56527095544952033, -19.67937319653712080, 6.000000000000000000 ) ) ;
#11573 = CARTESIAN_POINT ( 'NONE',  ( -22.64365201678702277, -18.59671618160942685, 5.700000000000001066 ) ) ;
#11574 = ORIENTED_EDGE ( 'NONE', *, *, #9285, .T. ) ;
#11575 = CARTESIAN_POINT ( 'NONE',  ( -31.29679003359682454, 5.452759797864749736, 6.000000000000000000 ) ) ;
#11576 = DIRECTION ( 'NONE',  ( 1.000000000000000000, 0.000000000000000000, 0.000000000000000000 ) ) ;
#11577 = CARTESIAN_POINT ( 'NONE',  ( 0.000000000000000000, 0.000000000000000000, 4.000000000000000000 ) ) ;
#11578 = CARTESIAN_POINT ( 'NONE',  ( -30.74512848119494279, -28.24634548648489130, 21.99414047527504223 ) ) ;
#11579 = ORIENTED_EDGE ( 'NONE', *, *, #10723, .F. ) ;
#11580 = B_SPLINE_CURVE_WITH_KNOTS ( 'NONE', 3,
 ( #8666, #5257, #10692, #680, #5198, #7832 ),
 .UNSPECIFIED., .F., .F.,
 ( 4, 2, 4 ),
 ( 0.0004687835786740381181, 0.0007439844196797273284, 0.001019185260685416539 ),
 .UNSPECIFIED. ) ;
#11581 = EDGE_CURVE ( 'NONE', #864, #3842, #6515, .T. ) ;
#11582 = FACE_OUTER_BOUND ( 'NONE', #6321, .T. ) ;
#11583 = LINE ( 'NONE', #2518, #3421 ) ;
#11584 = DIRECTION ( 'NONE',  ( -0.000000000000000000, 1.000000000000000000, -0.000000000000000000 ) ) ;
#11585 = ADVANCED_FACE ( 'NONE', ( #5835 ), #1881, .F. ) ;
#11586 = EDGE_CURVE ( 'NONE', #6967, #2737, #8657, .T. ) ;
#11587 = EDGE_LOOP ( 'NONE', ( #7557, #3553, #2585, #828 ) ) ;
#11588 = CARTESIAN_POINT ( 'NONE',  ( -33.52341172370550026, 6.186145048336073593, 5.645304730675827720 ) ) ;
#11589 = DIRECTION ( 'NONE',  ( 0.000000000000000000, 0.000000000000000000, -1.000000000000000000 ) ) ;
#11590 = CARTESIAN_POINT ( 'NONE',  ( 30.22500549483233812, 6.965246764199698681, 6.000000000000000000 ) ) ;
#11591 = ORIENTED_EDGE ( 'NONE', *, *, #9620, .F. ) ;
#11592 = CARTESIAN_POINT ( 'NONE',  ( -21.48033429508655345, -17.71788375388184278, 5.700000000000000178 ) ) ;
#11593 = LINE ( 'NONE', #11657, #7279 ) ;
#11594 = ORIENTED_EDGE ( 'NONE', *, *, #7226, .F. ) ;
#11595 = CARTESIAN_POINT ( 'NONE',  ( -18.76524300107631049, -27.54532408424808310, 5.700000000000000178 ) ) ;
#11596 =( BOUNDED_SURFACE ( )  B_SPLINE_SURFACE ( 3, 2, ( 
 ( #6245, #9121, #10797 ),
 ( #6432, #8171, #8884 ),
 ( #6195, #9907, #10919 ),
 ( #11703, #2, #10740 ) ),
 .UNSPECIFIED., .F., .F., .F. ) 
 B_SPLINE_SURFACE_WITH_KNOTS ( ( 4, 4 ),
 ( 3, 3 ),
 ( 2.740233202357695852, 3.141592653589793116 ),
 ( 0.000000000000000000, 1.000000000000000000 ),
 .UNSPECIFIED. ) 
 GEOMETRIC_REPRESENTATION_ITEM ( )  RATIONAL_B_SPLINE_SURFACE ( (
 ( 1.000000000000000000, 0.8373533923902806153, 1.000000000000000000),
 ( 1.000000000000000000, 0.8441789461466451261, 1.000000000000000000),
 ( 1.000000000000000000, 0.8476651013988428796, 1.000000000000000000),
 ( 1.000000000000000000, 0.8476596432231346956, 1.000000000000000000) ) ) 
 REPRESENTATION_ITEM ( '' )  SURFACE ( )  );
#11597 = ORIENTED_EDGE ( 'NONE', *, *, #8121, .F. ) ;
#11598 = CARTESIAN_POINT ( 'NONE',  ( 22.64365201678702988, 18.59671618160942685, 5.700000000000001066 ) ) ;
#11599 = CARTESIAN_POINT ( 'NONE',  ( -26.62707119834832525, -36.99001430965535064, 0.3827937248792674385 ) ) ;
#11600 = EDGE_CURVE ( 'NONE', #11497, #11777, #984, .T. ) ;
#11601 = EDGE_CURVE ( 'NONE', #4547, #9471, #11069, .T. ) ;
#11602 = ADVANCED_FACE ( 'NONE', ( #9287 ), #5572, .F. ) ;
#11603 = ORIENTED_EDGE ( 'NONE', *, *, #890, .T. ) ;
#11604 = ADVANCED_FACE ( 'NONE', ( #8594 ), #9231, .T. ) ;
#11605 = CIRCLE ( 'NONE', #7792, 0.9999999999999988898 ) ;
#11606 = EDGE_LOOP ( 'NONE', ( #3382, #630, #9614, #6078 ) ) ;
#11607 = DIRECTION ( 'NONE',  ( -1.973877827711729513E-16, -0.000000000000000000, -1.000000000000000000 ) ) ;
#11608 = VERTEX_POINT ( 'NONE', #5003 ) ;
#11609 = DIRECTION ( 'NONE',  ( -1.000000000000000000, 0.000000000000000000, 0.000000000000000000 ) ) ;
#11610 = EDGE_LOOP ( 'NONE', ( #7149, #3401, #7889, #10990 ) ) ;
#11611 = FACE_OUTER_BOUND ( 'NONE', #3041, .T. ) ;
#11612 = CARTESIAN_POINT ( 'NONE',  ( -30.93098496042292922, 5.092267879663758379, 6.000000000000001776 ) ) ;
#11613 = CARTESIAN_POINT ( 'NONE',  ( 30.50122577271748625, 9.902210231442191812, 0.5259409467772238056 ) ) ;
#11614 = ORIENTED_EDGE ( 'NONE', *, *, #8105, .T. ) ;
#11615 = AXIS2_PLACEMENT_3D ( 'NONE', #8965, #2467, #11725 ) ;
#11616 = DIRECTION ( 'NONE',  ( -0.9622720225178670317, 0.2720892402859284576, 0.000000000000000000 ) ) ;
#11617 = ADVANCED_FACE ( 'NONE', ( #7707 ), #4627, .T. ) ;
#11618 = ORIENTED_EDGE ( 'NONE', *, *, #8324, .F. ) ;
#11619 = TOROIDAL_SURFACE ( 'NONE', #10669, 0.5000000000000012212, 0.5000000000000000000 ) ;
#11620 = DIRECTION ( 'NONE',  ( -1.000000000000000000, 0.000000000000000000, 0.000000000000000000 ) ) ;
#11621 = ORIENTED_EDGE ( 'NONE', *, *, #10580, .F. ) ;
#11622 = DIRECTION ( 'NONE',  ( 1.000000000000000000, 0.000000000000000000, -0.000000000000000000 ) ) ;
#11623 = CARTESIAN_POINT ( 'NONE',  ( 21.86605083265883920, 18.03603898744442446, 5.700000000000000178 ) ) ;
#11624 = CARTESIAN_POINT ( 'NONE',  ( -21.48033429508655345, 17.71788375388184278, 4.000000000000000000 ) ) ;
#11625 = FACE_OUTER_BOUND ( 'NONE', #6, .T. ) ;
#11626 = ORIENTED_EDGE ( 'NONE', *, *, #3892, .F. ) ;
#11627 = LINE ( 'NONE', #3332, #10525 ) ;
#11628 = CARTESIAN_POINT ( 'NONE',  ( 3.493108154803698628, -32.45419513431001945, 6.000000000276210166 ) ) ;
#11629 = VECTOR ( 'NONE', #2208, 1000.000000000000000 ) ;
#11630 = DIRECTION ( 'NONE',  ( 1.000000000000000000, 0.000000000000000000, 0.000000000000000000 ) ) ;
#11631 = B_SPLINE_CURVE_WITH_KNOTS ( 'NONE', 3,
 ( #9444, #1314, #7588, #1268, #5062 ),
 .UNSPECIFIED., .F., .F.,
 ( 4, 1, 4 ),
 ( 0.1618301273291484488, 0.4359087420549495606, 0.7562947540289813864 ),
 .UNSPECIFIED. ) ;
#11632 = DIRECTION ( 'NONE',  ( 1.000000000000000000, 0.000000000000000000, 0.000000000000000000 ) ) ;
#11633 = AXIS2_PLACEMENT_3D ( 'NONE', #2269, #6683, #7643 ) ;
#11634 = CARTESIAN_POINT ( 'NONE',  ( 30.62090731233995911, 7.256211199320807381, 5.703656020620068823 ) ) ;
#11635 = CARTESIAN_POINT ( 'NONE',  ( -20.50193465475827992, -31.07548501264342633, 6.000000000000000000 ) ) ;
#11636 = EDGE_LOOP ( 'NONE', ( #3028, #9811, #6234, #2027 ) ) ;
#11637 = CYLINDRICAL_SURFACE ( 'NONE', #593, 0.5000000000000000000 ) ;
#11638 = CARTESIAN_POINT ( 'NONE',  ( 30.00000002529338872, 7.929052754433550732, 6.000000000000000000 ) ) ;
#11639 = VECTOR ( 'NONE', #11753, 999.9999999999998863 ) ;
#11640 = CARTESIAN_POINT ( 'NONE',  ( 10.58379308764715709, 26.28294234767709270, 6.000000000000000000 ) ) ;
#11641 = DIRECTION ( 'NONE',  ( 1.137523590804463822E-16, -1.000000000000000000, -0.000000000000000000 ) ) ;
#11642 = VERTEX_POINT ( 'NONE', #11350 ) ;
#11643 = AXIS2_PLACEMENT_3D ( 'NONE', #3152, #1425, #9776 ) ;
#11644 = DIRECTION ( 'NONE',  ( -1.000000000000000000, -0.000000000000000000, 0.000000000000000000 ) ) ;
#11645 = AXIS2_PLACEMENT_3D ( 'NONE', #10265, #3764, #189 ) ;
#11646 = CARTESIAN_POINT ( 'NONE',  ( -30.91399482062599446, -29.50000000000000355, 49.00000000000000000 ) ) ;
#11647 = AXIS2_PLACEMENT_3D ( 'NONE', #8074, #10939, #5371 ) ;
#11648 = VERTEX_POINT ( 'NONE', #5888 ) ;
#11649 = CARTESIAN_POINT ( 'NONE',  ( 9.000000000000012434, -33.79999999999999716, 27.00000000000000355 ) ) ;
#11650 = CIRCLE ( 'NONE', #3073, 0.4999999999999983902 ) ;
#11651 = CARTESIAN_POINT ( 'NONE',  ( 29.99999999999997868, -28.29278383102050753, 6.500000000000000888 ) ) ;
#11652 = CARTESIAN_POINT ( 'NONE',  ( 27.54873734152913300, 24.75126265847088547, 6.000000000000000000 ) ) ;
#11653 = ORIENTED_EDGE ( 'NONE', *, *, #11446, .T. ) ;
#11654 = DIRECTION ( 'NONE',  ( 0.000000000000000000, 0.000000000000000000, 1.000000000000000000 ) ) ;
#11655 = CIRCLE ( 'NONE', #2304, 0.5000000000000004441 ) ;
#11656 = AXIS2_PLACEMENT_3D ( 'NONE', #1266, #2948, #10390 ) ;
#11657 = CARTESIAN_POINT ( 'NONE',  ( 25.00000000000001066, -33.79999999999999716, 50.00000000000000000 ) ) ;
#11658 = VERTEX_POINT ( 'NONE', #1313 ) ;
#11659 = ORIENTED_EDGE ( 'NONE', *, *, #1789, .F. ) ;
#11660 = DIRECTION ( 'NONE',  ( -1.137523590804463822E-16, 1.000000000000000000, 0.000000000000000000 ) ) ;
#11661 = CARTESIAN_POINT ( 'NONE',  ( -19.29508843714771515, -31.55872636749531424, 5.700000000000000178 ) ) ;
#11662 = VECTOR ( 'NONE', #7662, 1000.000000000000000 ) ;
#11663 = ORIENTED_EDGE ( 'NONE', *, *, #907, .T. ) ;
#11664 = ORIENTED_EDGE ( 'NONE', *, *, #8470, .F. ) ;
#11665 = CARTESIAN_POINT ( 'NONE',  ( -11.47180104703964965, 25.37175490347252449, 5.700000000000000178 ) ) ;
#11666 = EDGE_LOOP ( 'NONE', ( #4603, #1518, #10016, #8773 ) ) ;
#11667 = CARTESIAN_POINT ( 'NONE',  ( -27.28294234767779614, -11.88379308764553244, 6.000000000000000000 ) ) ;
#11668 = DIRECTION ( 'NONE',  ( 0.000000000000000000, 0.000000000000000000, 1.000000000000000000 ) ) ;
#11669 = ORIENTED_EDGE ( 'NONE', *, *, #11692, .T. ) ;
#11670 = EDGE_CURVE ( 'NONE', #8578, #156, #487, .T. ) ;
#11671 = EDGE_CURVE ( 'NONE', #7440, #8546, #4420, .T. ) ;
#11672 = CARTESIAN_POINT ( 'NONE',  ( -19.29508843714787147, -32.55872636749531779, 5.855295988586890488 ) ) ;
#11673 = CARTESIAN_POINT ( 'NONE',  ( -31.13772720743786948, 5.154912446662160086, 6.077964483545142294 ) ) ;
#11674 = AXIS2_PLACEMENT_3D ( 'NONE', #9536, #7630, #9481 ) ;
#11675 = DIRECTION ( 'NONE',  ( -1.000000000000000000, 0.000000000000000000, 0.000000000000000000 ) ) ;
#11676 = ORIENTED_EDGE ( 'NONE', *, *, #1676, .T. ) ;
#11677 = ADVANCED_FACE ( 'NONE', ( #2268 ), #5347, .F. ) ;
#11678 = LINE ( 'NONE', #10836, #2157 ) ;
#11679 = AXIS2_PLACEMENT_3D ( 'NONE', #11055, #9885, #11609 ) ;
#11680 = VECTOR ( 'NONE', #5672, 1000.000000000000000 ) ;
#11681 = VERTEX_POINT ( 'NONE', #11640 ) ;
#11682 = CIRCLE ( 'NONE', #9014, 0.1999999999999987899 ) ;
#11683 = VERTEX_POINT ( 'NONE', #11524 ) ;
#11684 = DIRECTION ( 'NONE',  ( 0.000000000000000000, 0.000000000000000000, -1.000000000000000000 ) ) ;
#11685 = ORIENTED_EDGE ( 'NONE', *, *, #4095, .T. ) ;
#11686 = DIRECTION ( 'NONE',  ( 0.000000000000000000, 0.000000000000000000, 1.000000000000000000 ) ) ;
#11687 = VECTOR ( 'NONE', #9912, 999.9999999999998863 ) ;
#11688 = CARTESIAN_POINT ( 'NONE',  ( -27.28294234767825444, -19.57972195055236853, 4.000000000000000000 ) ) ;
#11689 = CARTESIAN_POINT ( 'NONE',  ( 37.43623622573073106, -37.49999999999999289, 49.50000000000000000 ) ) ;
#11690 = ADVANCED_FACE ( 'NONE', ( #7944 ), #3343, .T. ) ;
#11691 = CIRCLE ( 'NONE', #6540, 0.5000000000000004441 ) ;
#11692 = EDGE_CURVE ( 'NONE', #10233, #4797, #3218, .T. ) ;
#11693 = ADVANCED_FACE ( 'NONE', ( #6982 ), #6583, .T. ) ;
#11694 = DIRECTION ( 'NONE',  ( -1.000000000000000000, 0.000000000000000000, 0.000000000000000000 ) ) ;
#11695 = EDGE_LOOP ( 'NONE', ( #4919, #8569, #10029, #11327 ) ) ;
#11696 = EDGE_CURVE ( 'NONE', #5626, #2218, #7262, .T. ) ;
#11697 = CIRCLE ( 'NONE', #3290, 0.2999999999999999334 ) ;
#11698 = CARTESIAN_POINT ( 'NONE',  ( -1.540743955509788682E-30, -33.79999999999999716, 17.00000000000000000 ) ) ;
#11699 = DIRECTION ( 'NONE',  ( -1.000000000000000000, 0.000000000000000000, 0.000000000000000000 ) ) ;
#11700 = DIRECTION ( 'NONE',  ( -0.000000000000000000, -0.000000000000000000, 1.000000000000000000 ) ) ;
#11701 = CIRCLE ( 'NONE', #5583, 1.000000000000000888 ) ;
#11702 = AXIS2_PLACEMENT_3D ( 'NONE', #5697, #4706, #1191 ) ;
#11703 = CARTESIAN_POINT ( 'NONE',  ( 31.49999999999997868, -28.21852687074916943, 22.36322654727371173 ) ) ;
#11704 = AXIS2_PLACEMENT_3D ( 'NONE', #6688, #2052, #10338 ) ;
#11705 = CARTESIAN_POINT ( 'NONE',  ( -31.20684266682072661, -29.20737079693872928, 49.00000000000000000 ) ) ;
#11706 = DIRECTION ( 'NONE',  ( 1.000000000000000000, 0.000000000000000000, 0.000000000000000000 ) ) ;
#11707 = ORIENTED_EDGE ( 'NONE', *, *, #9426, .T. ) ;
#11708 = CARTESIAN_POINT ( 'NONE',  ( -30.91399482062599446, -28.49999999999999645, 22.68041234772800152 ) ) ;
#11709 = CARTESIAN_POINT ( 'NONE',  ( -31.34515039226148403, 5.511638695907093322, 5.978747199255172617 ) ) ;
#11710 = ADVANCED_FACE ( 'NONE', ( #8891 ), #10563, .T. ) ;
#11711 = DIRECTION ( 'NONE',  ( 0.000000000000000000, -1.000000000000000000, 0.000000000000000000 ) ) ;
#11712 = ORIENTED_EDGE ( 'NONE', *, *, #2244, .T. ) ;
#11713 = DIRECTION ( 'NONE',  ( 1.000000000000000000, 0.000000000000000000, 0.000000000000000000 ) ) ;
#11714 = FACE_OUTER_BOUND ( 'NONE', #5808, .T. ) ;
#11715 = ORIENTED_EDGE ( 'NONE', *, *, #8967, .F. ) ;
#11716 = CARTESIAN_POINT ( 'NONE',  ( -30.11374844961544994, -36.66086513598723684, 2.168404344970931708E-16 ) ) ;
#11717 = FACE_OUTER_BOUND ( 'NONE', #2411, .T. ) ;
#11718 = CARTESIAN_POINT ( 'NONE',  ( 31.42821024318904932, 5.435063559286997581, 6.008494866608709017 ) ) ;
#11719 = ORIENTED_EDGE ( 'NONE', *, *, #11515, .F. ) ;
#11720 = CARTESIAN_POINT ( 'NONE',  ( -10.39816519068723899, -32.29999999999999716, 6.427855894855660779 ) ) ;
#11721 = AXIS2_PLACEMENT_3D ( 'NONE', #7178, #10048, #1865 ) ;
#11722 = CARTESIAN_POINT ( 'NONE',  ( -9.000000000000000000, -33.79999999999999716, 17.00000000000000000 ) ) ;
#11723 = ORIENTED_EDGE ( 'NONE', *, *, #6208, .T. ) ;
#11724 = ORIENTED_EDGE ( 'NONE', *, *, #9959, .F. ) ;
#11725 = DIRECTION ( 'NONE',  ( -1.000000000000000000, 0.000000000000000000, 0.000000000000000000 ) ) ;
#11726 = FACE_OUTER_BOUND ( 'NONE', #978, .T. ) ;
#11727 = AXIS2_PLACEMENT_3D ( 'NONE', #1487, #2323, #9664 ) ;
#11728 = EDGE_LOOP ( 'NONE', ( #8872, #6552, #11062, #6601 ) ) ;
#11729 = ORIENTED_EDGE ( 'NONE', *, *, #265, .F. ) ;
#11730 = CARTESIAN_POINT ( 'NONE',  ( -19.96629138838773443, -32.79999999999999716, 6.500000000000000888 ) ) ;
#11731 = CARTESIAN_POINT ( 'NONE',  ( 41.00000000000001421, 6.000000000000012434, 40.50000000000000000 ) ) ;
#11732 = VERTEX_POINT ( 'NONE', #2394 ) ;
#11733 = FACE_OUTER_BOUND ( 'NONE', #6678, .T. ) ;
#11734 = CARTESIAN_POINT ( 'NONE',  ( -25.78279235760479793, -31.79999999999999361, 6.499999999999999112 ) ) ;
#11735 = ORIENTED_EDGE ( 'NONE', *, *, #181, .F. ) ;
#11736 = CARTESIAN_POINT ( 'NONE',  ( -19.88760626352581085, -32.55037792065117230, 6.066736414270011757 ) ) ;
#11737 = CIRCLE ( 'NONE', #6586, 1.000000000000000888 ) ;
#11738 = CARTESIAN_POINT ( 'NONE',  ( -19.12410736912477915, -23.73562774023452349, 6.000000000000000000 ) ) ;
#11739 = EDGE_LOOP ( 'NONE', ( #503, #6256 ) ) ;
#11740 = CARTESIAN_POINT ( 'NONE',  ( 26.28294234767779969, 11.88379308764559106, 5.700000000000000178 ) ) ;
#11741 = ADVANCED_FACE ( 'NONE', ( #7112 ), #2578, .F. ) ;
#11742 = ADVANCED_FACE ( 'NONE', ( #6017 ), #114, .T. ) ;
#11743 = ORIENTED_EDGE ( 'NONE', *, *, #11078, .T. ) ;
#11744 = CARTESIAN_POINT ( 'NONE',  ( 21.94873734152913158, 24.75126265847088547, -6.098637220230962441E-16 ) ) ;
#11745 = EDGE_LOOP ( 'NONE', ( #7807, #682, #6527, #9255 ) ) ;
#11746 = DIRECTION ( 'NONE',  ( 0.000000000000000000, 1.000000000000000000, 0.000000000000000000 ) ) ;
#11747 = DIRECTION ( 'NONE',  ( -1.000000000000000000, 0.000000000000000000, 0.000000000000000000 ) ) ;
#11748 = DIRECTION ( 'NONE',  ( -0.000000000000000000, -0.000000000000000000, 1.000000000000000000 ) ) ;
#11749 = CARTESIAN_POINT ( 'NONE',  ( 25.25000000000000355, 3.092233167847067224E-15, 0.5000000000000004441 ) ) ;
#11750 = EDGE_CURVE ( 'NONE', #9042, #6409, #3763, .T. ) ;
#11751 = ORIENTED_EDGE ( 'NONE', *, *, #3212, .T. ) ;
#11752 = DIRECTION ( 'NONE',  ( 1.000000000000000000, -0.000000000000000000, -0.000000000000000000 ) ) ;
#11753 = DIRECTION ( 'NONE',  ( 1.366661336226617434E-16, -0.8994353934787675531, 0.4370537414983364233 ) ) ;
#11754 = ADVANCED_FACE ( 'NONE', ( #8178, #133, #10153 ), #3584, .F. ) ;
#11755 = CARTESIAN_POINT ( 'NONE',  ( 18.53459485038087706, 21.82807647903624826, 4.000000000000000000 ) ) ;
#11756 = EDGE_CURVE ( 'NONE', #11269, #243, #2520, .T. ) ;
#11757 = DIRECTION ( 'NONE',  ( -0.4678687458560825685, 0.8837979614431434872, 0.000000000000000000 ) ) ;
#11758 = CARTESIAN_POINT ( 'NONE',  ( -19.99999999999999645, -33.79999999999999716, 27.00000000000000711 ) ) ;
#11759 = ORIENTED_EDGE ( 'NONE', *, *, #10436, .T. ) ;
#11760 = B_SPLINE_CURVE_WITH_KNOTS ( 'NONE', 3,
 ( #4334, #3564, #7201, #760, #6962, #7080 ),
 .UNSPECIFIED., .F., .F.,
 ( 4, 2, 4 ),
 ( 0.000000000000000000, 0.002452396976944316159, 0.004904793953888632319 ),
 .UNSPECIFIED. ) ;
#11761 = CARTESIAN_POINT ( 'NONE',  ( -18.65870338886178459, 23.45746667537884989, 6.000000000000000000 ) ) ;
#11762 = CARTESIAN_POINT ( 'NONE',  ( -31.24325230736886283, 5.244997879939020002, 6.065357531000026725 ) ) ;
#11763 = CARTESIAN_POINT ( 'NONE',  ( -23.41495870644369859, -18.95633460412666693, 6.000000000000000000 ) ) ;
#11764 = DIRECTION ( 'NONE',  ( 0.000000000000000000, 0.000000000000000000, -1.000000000000000000 ) ) ;
#11765 = ORIENTED_EDGE ( 'NONE', *, *, #10243, .T. ) ;
#11766 = CARTESIAN_POINT ( 'NONE',  ( 30.80506898361309709, 5.203735349908026997, 6.000000000000000000 ) ) ;
#11767 = CARTESIAN_POINT ( 'NONE',  ( -27.55126265847086842, 24.75126265846941820, -6.098637220230962441E-16 ) ) ;
#11768 = ADVANCED_FACE ( 'NONE', ( #8241 ), #9191, .F. ) ;
#11769 = VERTEX_POINT ( 'NONE', #6387 ) ;
#11770 = DIRECTION ( 'NONE',  ( 0.000000000000000000, 0.000000000000000000, -1.000000000000000000 ) ) ;
#11771 = EDGE_CURVE ( 'NONE', #1616, #5551, #554, .T. ) ;
#11772 = DIRECTION ( 'NONE',  ( -0.000000000000000000, -0.000000000000000000, 1.000000000000000000 ) ) ;
#11773 = CARTESIAN_POINT ( 'NONE',  ( 26.69420440418528884, -36.94470591141597993, 0.2714466094067318758 ) ) ;
#11774 = ORIENTED_EDGE ( 'NONE', *, *, #2867, .T. ) ;
#11775 = DIRECTION ( 'NONE',  ( 0.000000000000000000, 0.000000000000000000, 1.000000000000000000 ) ) ;
#11776 = CARTESIAN_POINT ( 'NONE',  ( -9.311874429641301631, -32.09312106124921371, 5.700000000000000178 ) ) ;
#11777 = VERTEX_POINT ( 'NONE', #3707 ) ;
#11778 = ORIENTED_EDGE ( 'NONE', *, *, #2850, .F. ) ;
#11779 = FACE_OUTER_BOUND ( 'NONE', #8482, .T. ) ;
#11780 = DIRECTION ( 'NONE',  ( 5.941966010906629203E-14, 1.000000000000000000, 0.000000000000000000 ) ) ;
#11781 = ORIENTED_EDGE ( 'NONE', *, *, #1102, .F. ) ;
#11782 = ORIENTED_EDGE ( 'NONE', *, *, #1905, .F. ) ;
#11783 = CARTESIAN_POINT ( 'NONE',  ( -27.28294234767779614, 11.88379308764553066, 5.700000000000000178 ) ) ;
#11784 = CARTESIAN_POINT ( 'NONE',  ( 30.50000000000001066, 8.468626966596886518, 4.586374857727045118 ) ) ;
#11785 = VERTEX_POINT ( 'NONE', #2691 ) ;
#11786 = DIRECTION ( 'NONE',  ( -1.000000000000000000, 0.000000000000000000, 0.000000000000000000 ) ) ;
#11787 = EDGE_LOOP ( 'NONE', ( #6038, #11234, #7061, #9726 ) ) ;
#11788 = DIRECTION ( 'NONE',  ( -0.000000000000000000, -0.000000000000000000, 1.000000000000000000 ) ) ;
#11789 = DIRECTION ( 'NONE',  ( 0.000000000000000000, 0.000000000000000000, -1.000000000000000000 ) ) ;
#11790 = DIRECTION ( 'NONE',  ( -0.000000000000000000, -1.000000000000000000, -0.000000000000000000 ) ) ;
#11791 = ORIENTED_EDGE ( 'NONE', *, *, #1514, .T. ) ;
#11792 = CARTESIAN_POINT ( 'NONE',  ( -26.53633152265466677, -33.00561895852322181, 49.79966683884583034 ) ) ;
#11793 = VECTOR ( 'NONE', #4530, 1000.000000000000000 ) ;
#11794 = ORIENTED_EDGE ( 'NONE', *, *, #4004, .F. ) ;
#11795 = ORIENTED_EDGE ( 'NONE', *, *, #533, .T. ) ;
#11796 = DIRECTION ( 'NONE',  ( 1.000000000000000000, 0.000000000000000000, 0.000000000000000000 ) ) ;
#11797 = ORIENTED_EDGE ( 'NONE', *, *, #3436, .T. ) ;
#11798 = EDGE_CURVE ( 'NONE', #6997, #8946, #11094, .T. ) ;
#11799 = DIRECTION ( 'NONE',  ( 0.000000000000000000, 0.000000000000000000, -1.000000000000000000 ) ) ;
#11800 = CIRCLE ( 'NONE', #9702, 5.999999999999998224 ) ;
#11801 = DIRECTION ( 'NONE',  ( -0.000000000000000000, -1.000000000000000000, -0.000000000000000000 ) ) ;
#11802 = DIRECTION ( 'NONE',  ( 1.000000000000000000, -0.000000000000000000, -0.000000000000000000 ) ) ;
#11803 = ORIENTED_EDGE ( 'NONE', *, *, #745, .F. ) ;
#11804 = DIRECTION ( 'NONE',  ( -1.000000000000000000, -6.071532165918819782E-14, 0.000000000000000000 ) ) ;
#11805 = DIRECTION ( 'NONE',  ( -0.000000000000000000, -0.000000000000000000, -1.000000000000000000 ) ) ;
#11806 = CARTESIAN_POINT ( 'NONE',  ( -20.00000000000000000, -33.79999999999999716, 17.00000000000000355 ) ) ;
ENDSEC;
END-ISO-10303-21;
