ISO-10303-21;
HEADER;
/* Generated by software containing ST-Developer
 * from STEP Tools, Inc. (www.steptools.com) 
 */

FILE_DESCRIPTION(
/* description */ (''),
/* implementation_level */ '2;1');

FILE_NAME(
/* name */ 'RT_ELE_MC_020_ExtPowerFilterCaseBottom.stp',
/* time_stamp */ '2026-08-13T20:57:46+02:00',
/* author */ ('louis'),
/* organization */ (''),
/* preprocessor_version */ 'ST-DEVELOPER v20',
/* originating_system */ 'Autodesk Inventor 2025',
/* authorisation */ '');

FILE_SCHEMA (('AUTOMOTIVE_DESIGN { 1 0 10303 214 3 1 1 }'));
ENDSEC;

DATA;
#10=MECHANICAL_DESIGN_GEOMETRIC_PRESENTATION_REPRESENTATION('',(#13),#4847);
#11=SHAPE_REPRESENTATION_RELATIONSHIP('SRR','None',#4854,#12);
#12=ADVANCED_BREP_SHAPE_REPRESENTATION('',(#14),#4846);
#13=STYLED_ITEM('',(#4863),#14);
#14=MANIFOLD_SOLID_BREP('Solid1',#2590);
#15=ELLIPSE('',#2689,7.07106781186549,5.);
#16=ELLIPSE('',#2690,7.07106781186549,5.);
#17=ELLIPSE('',#2706,7.07106781186549,5.);
#18=ELLIPSE('',#2710,7.07106781186547,5.);
#19=ELLIPSE('',#2716,7.07106781186547,5.);
#20=ELLIPSE('',#2717,7.07106781186547,5.);
#21=ELLIPSE('',#2719,7.07106781186547,5.);
#22=ELLIPSE('',#2720,7.07106781186547,5.);
#23=ELLIPSE('',#2724,7.07106781186547,5.);
#24=ELLIPSE('',#2732,7.07106781186549,5.);
#25=ELLIPSE('',#2733,7.07106781186549,5.);
#26=ELLIPSE('',#2741,7.07106781186549,5.);
#27=ELLIPSE('',#2749,7.07106781186546,5.);
#28=ELLIPSE('',#2755,7.07106781186546,5.);
#29=ELLIPSE('',#2758,7.07106781186546,5.);
#30=ELLIPSE('',#2762,7.07106781186546,5.);
#31=ELLIPSE('',#2763,7.07106781186546,5.);
#32=ELLIPSE('',#2765,7.07106781186546,5.);
#33=ELLIPSE('',#2784,7.07106781186549,5.);
#34=ELLIPSE('',#2808,7.07106781186549,5.);
#35=ELLIPSE('',#2820,3.95979797464466,2.8);
#36=ELLIPSE('',#2825,3.95979797464467,2.8);
#37=ELLIPSE('',#2830,3.95979797464467,2.8);
#38=ELLIPSE('',#2834,3.95979797464467,2.8);
#39=ELLIPSE('',#2836,3.95979797464467,2.8);
#40=ELLIPSE('',#2840,3.95979797464466,2.8);
#41=ELLIPSE('',#2845,3.95979797464465,2.8);
#42=ELLIPSE('',#2850,3.95979797464466,2.8);
#43=ELLIPSE('',#2855,3.95979797464467,2.8);
#44=ELLIPSE('',#2859,3.95979797464468,2.8);
#45=ELLIPSE('',#2861,3.95979797464468,2.8);
#46=ELLIPSE('',#2865,3.95979797464468,2.8);
#47=B_SPLINE_CURVE_WITH_KNOTS('',3,(#3900,#3901,#3902,#3903,#3904,#3905,
#3906,#3907,#3908,#3909),.UNSPECIFIED.,.F.,.F.,(4,2,2,2,4),(2.55420952247763,
2.64008927086291,2.72596901924819,2.85439368730569,2.88680988886863),
 .UNSPECIFIED.);
#48=B_SPLINE_CURVE_WITH_KNOTS('',3,(#3913,#3914,#3915,#3916,#3917,#3918,
#3919,#3920,#3921,#3922),.UNSPECIFIED.,.F.,.F.,(4,2,2,2,4),(4.74985481316975,
4.78227101473268,4.91069568279018,4.99657543117546,5.08245517956074),
 .UNSPECIFIED.);
#49=B_SPLINE_CURVE_WITH_KNOTS('',3,(#3924,#3925,#3926,#3927,#3928,#3929,
#3930,#3931,#3932,#3933),.UNSPECIFIED.,.F.,.F.,(4,2,2,2,4),(-0.00122579757703225,
0.,0.352162897862404,0.490131978114805,0.495289803345758),.UNSPECIFIED.);
#50=B_SPLINE_CURVE_WITH_KNOTS('',3,(#3936,#3937,#3938,#3939,#3940,#3941,
#3942,#3943,#3944,#3945),.UNSPECIFIED.,.F.,.F.,(4,2,2,2,4),(0.346570202454295,
0.352345956071731,0.506844291839367,0.901197734411802,0.902570387520004),
 .UNSPECIFIED.);
#51=B_SPLINE_CURVE_WITH_KNOTS('',3,(#3950,#3951,#3952,#3953,#3954,#3955,
#3956,#3957,#3958,#3959),.UNSPECIFIED.,.F.,.F.,(4,2,2,2,4),(2.55420952247762,
2.6400892708629,2.72596901924818,2.85439368730567,2.88680988886861),
 .UNSPECIFIED.);
#52=B_SPLINE_CURVE_WITH_KNOTS('',3,(#4025,#4026,#4027,#4028,#4029,#4030,
#4031,#4032,#4033,#4034),.UNSPECIFIED.,.F.,.F.,(4,2,2,2,4),(2.55674915658069,
2.64262890496597,2.72850865335124,2.85693332140873,2.88934952297168),
 .UNSPECIFIED.);
#53=B_SPLINE_CURVE_WITH_KNOTS('',3,(#4036,#4037,#4038,#4039,#4040,#4041,
#4042,#4043,#4044,#4045),.UNSPECIFIED.,.F.,.F.,(4,2,2,2,4),(4.75239444727272,
4.78481064883566,4.91323531689315,4.99911506527843,5.08499481366371),
 .UNSPECIFIED.);
#54=B_SPLINE_CURVE_WITH_KNOTS('',3,(#4047,#4048,#4049,#4050,#4051,#4052,
#4053,#4054,#4055,#4056),.UNSPECIFIED.,.F.,.F.,(4,2,2,2,4),(-0.00122579757331241,
0.,0.352162896489258,0.490131975883632,0.495289801082488),.UNSPECIFIED.);
#55=B_SPLINE_CURVE_WITH_KNOTS('',3,(#4059,#4060,#4061,#4062,#4063,#4064,
#4065,#4066,#4067,#4068),.UNSPECIFIED.,.F.,.F.,(4,2,2,2,4),(0.346570202454437,
0.352345956071863,0.506844291839631,0.901197734435356,0.902570387542711),
 .UNSPECIFIED.);
#56=B_SPLINE_CURVE_WITH_KNOTS('',3,(#4083,#4084,#4085,#4086,#4087,#4088,
#4089,#4090,#4091,#4092),.UNSPECIFIED.,.F.,.F.,(4,2,2,2,4),(2.55674915658071,
2.64262890496599,2.72850865335127,2.85693332140876,2.8893495229717),
 .UNSPECIFIED.);
#57=B_SPLINE_CURVE_WITH_KNOTS('',3,(#4094,#4095,#4096,#4097,#4098,#4099,
#4100,#4101,#4102,#4103),.UNSPECIFIED.,.F.,.F.,(4,2,2,2,4),(4.75239444727279,
4.78481064883574,4.91323531689323,4.99911506527851,5.08499481366379),
 .UNSPECIFIED.);
#58=B_SPLINE_CURVE_WITH_KNOTS('',3,(#4105,#4106,#4107,#4108,#4109,#4110,
#4111,#4112,#4113,#4114),.UNSPECIFIED.,.F.,.F.,(4,2,2,2,4),(-0.00122579757717415,
0.,0.352162899254471,0.490131980376102,0.495289805639548),.UNSPECIFIED.);
#59=B_SPLINE_CURVE_WITH_KNOTS('',3,(#4117,#4118,#4119,#4120,#4121,#4122,
#4123,#4124,#4125,#4126),.UNSPECIFIED.,.F.,.F.,(4,2,2,2,4),(0.346570202454572,
0.352345956072013,0.506844291839815,0.901197732694282,0.902570385786378),
 .UNSPECIFIED.);
#60=B_SPLINE_CURVE_WITH_KNOTS('',3,(#4140,#4141,#4142,#4143,#4144,#4145,
#4146,#4147,#4148,#4149),.UNSPECIFIED.,.F.,.F.,(4,2,2,2,4),(4.74985481316978,
4.78227101473272,4.91069568279022,4.9965754311755,5.08245517956078),
 .UNSPECIFIED.);
#61=B_SPLINE_CURVE_WITH_KNOTS('',3,(#4152,#4153,#4154,#4155,#4156,#4157,
#4158,#4159,#4160,#4161),.UNSPECIFIED.,.F.,.F.,(4,2,2,2,4),(2.55420952247764,
2.64008927086292,2.72596901924821,2.8543936873057,2.88680988886864),
 .UNSPECIFIED.);
#62=B_SPLINE_CURVE_WITH_KNOTS('',3,(#4163,#4164,#4165,#4166,#4167,#4168,
#4169,#4170,#4171,#4172),.UNSPECIFIED.,.F.,.F.,(4,2,2,2,4),(-0.00122579757480137,
0.,0.352162896455599,0.490131975829474,0.495289801027584),.UNSPECIFIED.);
#63=B_SPLINE_CURVE_WITH_KNOTS('',3,(#4175,#4176,#4177,#4178,#4179,#4180,
#4181,#4182,#4183,#4184),.UNSPECIFIED.,.F.,.F.,(4,2,2,2,4),(0.346570202454097,
0.352345956071512,0.506844291839032,0.901197734083248,0.902570387187409),
 .UNSPECIFIED.);
#64=B_SPLINE_CURVE_WITH_KNOTS('',3,(#4203,#4204,#4205,#4206,#4207,#4208,
#4209,#4210,#4211,#4212),.UNSPECIFIED.,.F.,.F.,(4,2,2,2,4),(2.5567491565807,
2.64262890496598,2.72850865335126,2.85693332140875,2.88934952297169),
 .UNSPECIFIED.);
#65=B_SPLINE_CURVE_WITH_KNOTS('',3,(#4214,#4215,#4216,#4217,#4218,#4219,
#4220,#4221,#4222,#4223),.UNSPECIFIED.,.F.,.F.,(4,2,2,2,4),(4.75239444727276,
4.78481064883571,4.9132353168932,4.99911506527847,5.08499481366375),
 .UNSPECIFIED.);
#66=B_SPLINE_CURVE_WITH_KNOTS('',3,(#4225,#4226,#4227,#4228,#4229,#4230,
#4231,#4232,#4233,#4234),.UNSPECIFIED.,.F.,.F.,(4,2,2,2,4),(-0.00122579757647883,
0.,0.352162899227039,0.490131980331498,0.495289805594298),.UNSPECIFIED.);
#67=B_SPLINE_CURVE_WITH_KNOTS('',3,(#4237,#4238,#4239,#4240,#4241,#4242,
#4243,#4244,#4245,#4246),.UNSPECIFIED.,.F.,.F.,(4,2,2,2,4),(0.346570202454332,
0.352345956071748,0.506844291839369,0.901197734415784,0.902570387523333),
 .UNSPECIFIED.);
#68=B_SPLINE_CURVE_WITH_KNOTS('',3,(#4254,#4255,#4256,#4257,#4258,#4259,
#4260,#4261,#4262,#4263),.UNSPECIFIED.,.F.,.F.,(4,2,2,2,4),(4.7498548131697,
4.78227101473264,4.91069568279014,4.99657543117541,5.08245517956069),
 .UNSPECIFIED.);
#69=B_SPLINE_CURVE_WITH_KNOTS('',3,(#4276,#4277,#4278,#4279,#4280,#4281,
#4282,#4283,#4284,#4285),.UNSPECIFIED.,.F.,.F.,(4,2,2,2,4),(2.55420952247762,
2.6400892708629,2.72596901924817,2.85439368730567,2.88680988886861),
 .UNSPECIFIED.);
#70=B_SPLINE_CURVE_WITH_KNOTS('',3,(#4287,#4288,#4289,#4290,#4291,#4292,
#4293,#4294,#4295,#4296),.UNSPECIFIED.,.F.,.F.,(4,2,2,2,4),(-0.00122579757672924,
0.,0.352162899262002,0.490131980388218,0.495289805651824),.UNSPECIFIED.);
#71=B_SPLINE_CURVE_WITH_KNOTS('',3,(#4299,#4300,#4301,#4302,#4303,#4304,
#4305,#4306,#4307,#4308),.UNSPECIFIED.,.F.,.F.,(4,2,2,2,4),(0.346570202454286,
0.35234595607172,0.506844291839295,0.901197732577339,0.90257038566876),
 .UNSPECIFIED.);
#72=B_SPLINE_CURVE_WITH_KNOTS('',3,(#4327,#4328,#4329,#4330,#4331,#4332,
#4333,#4334,#4335,#4336),.UNSPECIFIED.,.F.,.F.,(4,2,2,2,4),(2.55420952247762,
2.6400892708629,2.72596901924818,2.85439368730567,2.88680988886861),
 .UNSPECIFIED.);
#73=B_SPLINE_CURVE_WITH_KNOTS('',3,(#4338,#4339,#4340,#4341,#4342,#4343,
#4344,#4345,#4346,#4347),.UNSPECIFIED.,.F.,.F.,(4,2,2,2,4),(4.74985481316971,
4.78227101473266,4.91069568279015,4.99657543117543,5.08245517956071),
 .UNSPECIFIED.);
#74=B_SPLINE_CURVE_WITH_KNOTS('',3,(#4349,#4350,#4351,#4352,#4353,#4354,
#4355,#4356,#4357,#4358),.UNSPECIFIED.,.F.,.F.,(4,2,2,2,4),(-0.00122579757684393,
0.,0.352162896481565,0.490131975871688,0.495289801070387),.UNSPECIFIED.);
#75=B_SPLINE_CURVE_WITH_KNOTS('',3,(#4361,#4362,#4363,#4364,#4365,#4366,
#4367,#4368,#4369,#4370),.UNSPECIFIED.,.F.,.F.,(4,2,2,2,4),(0.346570202454451,
0.352345956071871,0.506844291839617,0.901197734426098,0.902570387533471),
 .UNSPECIFIED.);
#76=B_SPLINE_CURVE_WITH_KNOTS('',3,(#4385,#4386,#4387,#4388,#4389,#4390,
#4391,#4392,#4393,#4394),.UNSPECIFIED.,.F.,.F.,(4,2,2,2,4),(2.55420952247762,
2.6400892708629,2.72596901924818,2.85439368730567,2.88680988886861),
 .UNSPECIFIED.);
#77=B_SPLINE_CURVE_WITH_KNOTS('',3,(#4396,#4397,#4398,#4399,#4400,#4401,
#4402,#4403,#4404,#4405),.UNSPECIFIED.,.F.,.F.,(4,2,2,2,4),(4.7498548131697,
4.78227101473265,4.91069568279014,4.99657543117542,5.0824551795607),
 .UNSPECIFIED.);
#78=B_SPLINE_CURVE_WITH_KNOTS('',3,(#4407,#4408,#4409,#4410,#4411,#4412,
#4413,#4414,#4415,#4416),.UNSPECIFIED.,.F.,.F.,(4,2,2,2,4),(-0.00122579757675966,
0.,0.352162898540544,0.490131979216261,0.495289804463025),.UNSPECIFIED.);
#79=B_SPLINE_CURVE_WITH_KNOTS('',3,(#4419,#4420,#4421,#4422,#4423,#4424,
#4425,#4426,#4427,#4428),.UNSPECIFIED.,.F.,.F.,(4,2,2,2,4),(0.346570202454406,
0.35234595607184,0.506844291839525,0.901197732230887,0.902570385318807),
 .UNSPECIFIED.);
#80=B_SPLINE_CURVE_WITH_KNOTS('',3,(#4443,#4444,#4445,#4446,#4447,#4448,
#4449,#4450,#4451,#4452),.UNSPECIFIED.,.F.,.F.,(4,2,2,2,4),(2.55674915658071,
2.64262890496599,2.72850865335127,2.85693332140877,2.88934952297171),
 .UNSPECIFIED.);
#81=B_SPLINE_CURVE_WITH_KNOTS('',3,(#4454,#4455,#4456,#4457,#4458,#4459,
#4460,#4461,#4462,#4463),.UNSPECIFIED.,.F.,.F.,(4,2,2,2,4),(4.75239444727281,
4.78481064883575,4.91323531689324,4.99911506527852,5.0849948136638),
 .UNSPECIFIED.);
#82=B_SPLINE_CURVE_WITH_KNOTS('',3,(#4465,#4466,#4467,#4468,#4469,#4470,
#4471,#4472,#4473,#4474),.UNSPECIFIED.,.F.,.F.,(4,2,2,2,4),(-0.00122579757618088,
0.,0.352162899780346,0.490131981230436,0.495289806506157),.UNSPECIFIED.);
#83=B_SPLINE_CURVE_WITH_KNOTS('',3,(#4477,#4478,#4479,#4480,#4481,#4482,
#4483,#4484,#4485,#4486),.UNSPECIFIED.,.F.,.F.,(4,2,2,2,4),(0.346570202454179,
0.352345956071616,0.506844291839203,0.901197730382842,0.902570383455657),
 .UNSPECIFIED.);
#84=B_SPLINE_CURVE_WITH_KNOTS('',3,(#4501,#4502,#4503,#4504,#4505,#4506,
#4507,#4508,#4509,#4510),.UNSPECIFIED.,.F.,.F.,(4,2,2,2,4),(4.7498548131697,
4.78227101473265,4.91069568279014,4.99657543117542,5.0824551795607),
 .UNSPECIFIED.);
#85=B_SPLINE_CURVE_WITH_KNOTS('',3,(#4512,#4513,#4514,#4515,#4516,#4517,
#4518,#4519,#4520,#4521),.UNSPECIFIED.,.F.,.F.,(4,2,2,2,4),(-0.00122579757705308,
0.,0.352162899240858,0.490131980354058,0.495289805617195),.UNSPECIFIED.);
#86=B_SPLINE_CURVE_WITH_KNOTS('',3,(#4524,#4525,#4526,#4527,#4528,#4529,
#4530,#4531,#4532,#4533),.UNSPECIFIED.,.F.,.F.,(4,2,2,2,4),(0.346570202454397,
0.352345956071835,0.506844291839491,0.901197733509157,0.902570386610019),
 .UNSPECIFIED.);
#87=TOROIDAL_SURFACE('',#2685,11.,5.);
#88=TOROIDAL_SURFACE('',#2707,11.,5.);
#89=TOROIDAL_SURFACE('',#2713,11.,5.);
#90=TOROIDAL_SURFACE('',#2721,11.,5.);
#91=TOROIDAL_SURFACE('',#2729,11.,5.);
#92=TOROIDAL_SURFACE('',#2738,11.,5.);
#93=TOROIDAL_SURFACE('',#2746,11.,5.);
#94=TOROIDAL_SURFACE('',#2752,11.,5.);
#95=TOROIDAL_SURFACE('',#2759,11.,5.);
#96=TOROIDAL_SURFACE('',#2766,11.,5.);
#97=FACE_BOUND('',#372,.T.);
#98=FACE_BOUND('',#373,.T.);
#99=FACE_BOUND('',#374,.T.);
#100=FACE_BOUND('',#375,.T.);
#101=FACE_BOUND('',#376,.T.);
#102=FACE_BOUND('',#377,.T.);
#103=FACE_BOUND('',#378,.T.);
#104=FACE_BOUND('',#379,.T.);
#105=FACE_BOUND('',#380,.T.);
#106=FACE_BOUND('',#392,.T.);
#107=FACE_BOUND('',#393,.T.);
#108=FACE_BOUND('',#394,.T.);
#109=FACE_BOUND('',#491,.T.);
#110=FACE_BOUND('',#492,.T.);
#111=FACE_BOUND('',#493,.T.);
#112=FACE_BOUND('',#494,.T.);
#113=FACE_BOUND('',#495,.T.);
#114=FACE_BOUND('',#496,.T.);
#115=FACE_BOUND('',#497,.T.);
#116=FACE_BOUND('',#498,.T.);
#117=FACE_BOUND('',#499,.T.);
#118=FACE_BOUND('',#500,.T.);
#119=FACE_BOUND('',#501,.T.);
#120=FACE_BOUND('',#516,.T.);
#121=FACE_BOUND('',#517,.T.);
#122=FACE_BOUND('',#518,.T.);
#123=FACE_BOUND('',#519,.T.);
#124=FACE_BOUND('',#520,.T.);
#125=FACE_BOUND('',#521,.T.);
#126=FACE_BOUND('',#522,.T.);
#127=FACE_BOUND('',#523,.T.);
#128=FACE_BOUND('',#524,.T.);
#129=FACE_BOUND('',#525,.T.);
#130=FACE_BOUND('',#526,.T.);
#131=CONICAL_SURFACE('',#2647,13.5,0.785398163397447);
#132=CONICAL_SURFACE('',#2651,13.5,0.785398163397445);
#133=CONICAL_SURFACE('',#2655,13.5,0.785398163397448);
#134=CONICAL_SURFACE('',#2659,13.5,0.785398163397447);
#135=CONICAL_SURFACE('',#2899,4.,0.785398163397447);
#136=CONICAL_SURFACE('',#2901,4.,0.785398163397447);
#137=CONICAL_SURFACE('',#2904,4.,0.785398163397447);
#138=CONICAL_SURFACE('',#2907,4.,0.785398163397447);
#139=PLANE('',#2646);
#140=PLANE('',#2650);
#141=PLANE('',#2654);
#142=PLANE('',#2658);
#143=PLANE('',#2664);
#144=PLANE('',#2667);
#145=PLANE('',#2668);
#146=PLANE('',#2675);
#147=PLANE('',#2678);
#148=PLANE('',#2681);
#149=PLANE('',#2684);
#150=PLANE('',#2688);
#151=PLANE('',#2691);
#152=PLANE('',#2705);
#153=PLANE('',#2712);
#154=PLANE('',#2715);
#155=PLANE('',#2718);
#156=PLANE('',#2723);
#157=PLANE('',#2731);
#158=PLANE('',#2740);
#159=PLANE('',#2751);
#160=PLANE('',#2757);
#161=PLANE('',#2761);
#162=PLANE('',#2764);
#163=PLANE('',#2780);
#164=PLANE('',#2792);
#165=PLANE('',#2799);
#166=PLANE('',#2806);
#167=PLANE('',#2816);
#168=PLANE('',#2867);
#169=PLANE('',#2868);
#170=PLANE('',#2869);
#171=PLANE('',#2870);
#172=PLANE('',#2871);
#173=PLANE('',#2872);
#174=PLANE('',#2873);
#175=PLANE('',#2874);
#176=PLANE('',#2875);
#177=PLANE('',#2876);
#178=PLANE('',#2877);
#179=PLANE('',#2878);
#180=PLANE('',#2879);
#181=PLANE('',#2880);
#182=PLANE('',#2881);
#183=PLANE('',#2882);
#184=PLANE('',#2883);
#185=PLANE('',#2884);
#186=PLANE('',#2885);
#187=PLANE('',#2886);
#188=PLANE('',#2887);
#189=PLANE('',#2888);
#190=PLANE('',#2889);
#191=PLANE('',#2890);
#192=PLANE('',#2891);
#193=PLANE('',#2892);
#194=PLANE('',#2893);
#195=PLANE('',#2894);
#196=PLANE('',#2897);
#197=PLANE('',#2898);
#198=PLANE('',#2903);
#199=PLANE('',#2906);
#200=PLANE('',#2911);
#201=PLANE('',#2920);
#202=PLANE('',#2921);
#203=FACE_OUTER_BOUND('',#348,.T.);
#204=FACE_OUTER_BOUND('',#349,.T.);
#205=FACE_OUTER_BOUND('',#350,.T.);
#206=FACE_OUTER_BOUND('',#351,.T.);
#207=FACE_OUTER_BOUND('',#352,.T.);
#208=FACE_OUTER_BOUND('',#353,.T.);
#209=FACE_OUTER_BOUND('',#354,.T.);
#210=FACE_OUTER_BOUND('',#355,.T.);
#211=FACE_OUTER_BOUND('',#356,.T.);
#212=FACE_OUTER_BOUND('',#357,.T.);
#213=FACE_OUTER_BOUND('',#358,.T.);
#214=FACE_OUTER_BOUND('',#359,.T.);
#215=FACE_OUTER_BOUND('',#360,.T.);
#216=FACE_OUTER_BOUND('',#361,.T.);
#217=FACE_OUTER_BOUND('',#362,.T.);
#218=FACE_OUTER_BOUND('',#363,.T.);
#219=FACE_OUTER_BOUND('',#364,.T.);
#220=FACE_OUTER_BOUND('',#365,.T.);
#221=FACE_OUTER_BOUND('',#366,.T.);
#222=FACE_OUTER_BOUND('',#367,.T.);
#223=FACE_OUTER_BOUND('',#368,.T.);
#224=FACE_OUTER_BOUND('',#369,.T.);
#225=FACE_OUTER_BOUND('',#370,.T.);
#226=FACE_OUTER_BOUND('',#371,.T.);
#227=FACE_OUTER_BOUND('',#381,.T.);
#228=FACE_OUTER_BOUND('',#382,.T.);
#229=FACE_OUTER_BOUND('',#383,.T.);
#230=FACE_OUTER_BOUND('',#384,.T.);
#231=FACE_OUTER_BOUND('',#385,.T.);
#232=FACE_OUTER_BOUND('',#386,.T.);
#233=FACE_OUTER_BOUND('',#387,.T.);
#234=FACE_OUTER_BOUND('',#388,.T.);
#235=FACE_OUTER_BOUND('',#389,.T.);
#236=FACE_OUTER_BOUND('',#390,.T.);
#237=FACE_OUTER_BOUND('',#391,.T.);
#238=FACE_OUTER_BOUND('',#395,.T.);
#239=FACE_OUTER_BOUND('',#396,.T.);
#240=FACE_OUTER_BOUND('',#397,.T.);
#241=FACE_OUTER_BOUND('',#398,.T.);
#242=FACE_OUTER_BOUND('',#399,.T.);
#243=FACE_OUTER_BOUND('',#400,.T.);
#244=FACE_OUTER_BOUND('',#401,.T.);
#245=FACE_OUTER_BOUND('',#402,.T.);
#246=FACE_OUTER_BOUND('',#403,.T.);
#247=FACE_OUTER_BOUND('',#404,.T.);
#248=FACE_OUTER_BOUND('',#405,.T.);
#249=FACE_OUTER_BOUND('',#406,.T.);
#250=FACE_OUTER_BOUND('',#407,.T.);
#251=FACE_OUTER_BOUND('',#408,.T.);
#252=FACE_OUTER_BOUND('',#409,.T.);
#253=FACE_OUTER_BOUND('',#410,.T.);
#254=FACE_OUTER_BOUND('',#411,.T.);
#255=FACE_OUTER_BOUND('',#412,.T.);
#256=FACE_OUTER_BOUND('',#413,.T.);
#257=FACE_OUTER_BOUND('',#414,.T.);
#258=FACE_OUTER_BOUND('',#415,.T.);
#259=FACE_OUTER_BOUND('',#416,.T.);
#260=FACE_OUTER_BOUND('',#417,.T.);
#261=FACE_OUTER_BOUND('',#418,.T.);
#262=FACE_OUTER_BOUND('',#419,.T.);
#263=FACE_OUTER_BOUND('',#420,.T.);
#264=FACE_OUTER_BOUND('',#421,.T.);
#265=FACE_OUTER_BOUND('',#422,.T.);
#266=FACE_OUTER_BOUND('',#423,.T.);
#267=FACE_OUTER_BOUND('',#424,.T.);
#268=FACE_OUTER_BOUND('',#425,.T.);
#269=FACE_OUTER_BOUND('',#426,.T.);
#270=FACE_OUTER_BOUND('',#427,.T.);
#271=FACE_OUTER_BOUND('',#428,.T.);
#272=FACE_OUTER_BOUND('',#429,.T.);
#273=FACE_OUTER_BOUND('',#430,.T.);
#274=FACE_OUTER_BOUND('',#431,.T.);
#275=FACE_OUTER_BOUND('',#432,.T.);
#276=FACE_OUTER_BOUND('',#433,.T.);
#277=FACE_OUTER_BOUND('',#434,.T.);
#278=FACE_OUTER_BOUND('',#435,.T.);
#279=FACE_OUTER_BOUND('',#436,.T.);
#280=FACE_OUTER_BOUND('',#437,.T.);
#281=FACE_OUTER_BOUND('',#438,.T.);
#282=FACE_OUTER_BOUND('',#439,.T.);
#283=FACE_OUTER_BOUND('',#440,.T.);
#284=FACE_OUTER_BOUND('',#441,.T.);
#285=FACE_OUTER_BOUND('',#442,.T.);
#286=FACE_OUTER_BOUND('',#443,.T.);
#287=FACE_OUTER_BOUND('',#444,.T.);
#288=FACE_OUTER_BOUND('',#445,.T.);
#289=FACE_OUTER_BOUND('',#446,.T.);
#290=FACE_OUTER_BOUND('',#447,.T.);
#291=FACE_OUTER_BOUND('',#448,.T.);
#292=FACE_OUTER_BOUND('',#449,.T.);
#293=FACE_OUTER_BOUND('',#450,.T.);
#294=FACE_OUTER_BOUND('',#451,.T.);
#295=FACE_OUTER_BOUND('',#452,.T.);
#296=FACE_OUTER_BOUND('',#453,.T.);
#297=FACE_OUTER_BOUND('',#454,.T.);
#298=FACE_OUTER_BOUND('',#455,.T.);
#299=FACE_OUTER_BOUND('',#456,.T.);
#300=FACE_OUTER_BOUND('',#457,.T.);
#301=FACE_OUTER_BOUND('',#458,.T.);
#302=FACE_OUTER_BOUND('',#459,.T.);
#303=FACE_OUTER_BOUND('',#460,.T.);
#304=FACE_OUTER_BOUND('',#461,.T.);
#305=FACE_OUTER_BOUND('',#462,.T.);
#306=FACE_OUTER_BOUND('',#463,.T.);
#307=FACE_OUTER_BOUND('',#464,.T.);
#308=FACE_OUTER_BOUND('',#465,.T.);
#309=FACE_OUTER_BOUND('',#466,.T.);
#310=FACE_OUTER_BOUND('',#467,.T.);
#311=FACE_OUTER_BOUND('',#468,.T.);
#312=FACE_OUTER_BOUND('',#469,.T.);
#313=FACE_OUTER_BOUND('',#470,.T.);
#314=FACE_OUTER_BOUND('',#471,.T.);
#315=FACE_OUTER_BOUND('',#472,.T.);
#316=FACE_OUTER_BOUND('',#473,.T.);
#317=FACE_OUTER_BOUND('',#474,.T.);
#318=FACE_OUTER_BOUND('',#475,.T.);
#319=FACE_OUTER_BOUND('',#476,.T.);
#320=FACE_OUTER_BOUND('',#477,.T.);
#321=FACE_OUTER_BOUND('',#478,.T.);
#322=FACE_OUTER_BOUND('',#479,.T.);
#323=FACE_OUTER_BOUND('',#480,.T.);
#324=FACE_OUTER_BOUND('',#481,.T.);
#325=FACE_OUTER_BOUND('',#482,.T.);
#326=FACE_OUTER_BOUND('',#483,.T.);
#327=FACE_OUTER_BOUND('',#484,.T.);
#328=FACE_OUTER_BOUND('',#485,.T.);
#329=FACE_OUTER_BOUND('',#486,.T.);
#330=FACE_OUTER_BOUND('',#487,.T.);
#331=FACE_OUTER_BOUND('',#488,.T.);
#332=FACE_OUTER_BOUND('',#489,.T.);
#333=FACE_OUTER_BOUND('',#490,.T.);
#334=FACE_OUTER_BOUND('',#502,.T.);
#335=FACE_OUTER_BOUND('',#503,.T.);
#336=FACE_OUTER_BOUND('',#504,.T.);
#337=FACE_OUTER_BOUND('',#505,.T.);
#338=FACE_OUTER_BOUND('',#506,.T.);
#339=FACE_OUTER_BOUND('',#507,.T.);
#340=FACE_OUTER_BOUND('',#508,.T.);
#341=FACE_OUTER_BOUND('',#509,.T.);
#342=FACE_OUTER_BOUND('',#510,.T.);
#343=FACE_OUTER_BOUND('',#511,.T.);
#344=FACE_OUTER_BOUND('',#512,.T.);
#345=FACE_OUTER_BOUND('',#513,.T.);
#346=FACE_OUTER_BOUND('',#514,.T.);
#347=FACE_OUTER_BOUND('',#515,.T.);
#348=EDGE_LOOP('',(#1628,#1629,#1630,#1631));
#349=EDGE_LOOP('',(#1632,#1633,#1634,#1635));
#350=EDGE_LOOP('',(#1636,#1637,#1638,#1639));
#351=EDGE_LOOP('',(#1640,#1641,#1642,#1643));
#352=EDGE_LOOP('',(#1644,#1645,#1646,#1647));
#353=EDGE_LOOP('',(#1648,#1649,#1650,#1651));
#354=EDGE_LOOP('',(#1652,#1653,#1654,#1655));
#355=EDGE_LOOP('',(#1656,#1657,#1658,#1659));
#356=EDGE_LOOP('',(#1660,#1661,#1662,#1663));
#357=EDGE_LOOP('',(#1664,#1665,#1666,#1667));
#358=EDGE_LOOP('',(#1668,#1669,#1670,#1671));
#359=EDGE_LOOP('',(#1672,#1673,#1674,#1675));
#360=EDGE_LOOP('',(#1676,#1677,#1678,#1679));
#361=EDGE_LOOP('',(#1680,#1681,#1682,#1683));
#362=EDGE_LOOP('',(#1684,#1685,#1686,#1687));
#363=EDGE_LOOP('',(#1688,#1689,#1690,#1691));
#364=EDGE_LOOP('',(#1692,#1693,#1694,#1695));
#365=EDGE_LOOP('',(#1696,#1697,#1698,#1699));
#366=EDGE_LOOP('',(#1700,#1701,#1702,#1703));
#367=EDGE_LOOP('',(#1704,#1705,#1706,#1707));
#368=EDGE_LOOP('',(#1708,#1709,#1710,#1711));
#369=EDGE_LOOP('',(#1712,#1713,#1714,#1715));
#370=EDGE_LOOP('',(#1716,#1717,#1718,#1719));
#371=EDGE_LOOP('',(#1720,#1721,#1722,#1723,#1724,#1725,#1726,#1727));
#372=EDGE_LOOP('',(#1728));
#373=EDGE_LOOP('',(#1729));
#374=EDGE_LOOP('',(#1730));
#375=EDGE_LOOP('',(#1731));
#376=EDGE_LOOP('',(#1732));
#377=EDGE_LOOP('',(#1733));
#378=EDGE_LOOP('',(#1734));
#379=EDGE_LOOP('',(#1735));
#380=EDGE_LOOP('',(#1736,#1737,#1738,#1739,#1740,#1741,#1742,#1743));
#381=EDGE_LOOP('',(#1744,#1745,#1746,#1747));
#382=EDGE_LOOP('',(#1748,#1749,#1750,#1751));
#383=EDGE_LOOP('',(#1752,#1753,#1754,#1755));
#384=EDGE_LOOP('',(#1756,#1757,#1758,#1759));
#385=EDGE_LOOP('',(#1760,#1761,#1762,#1763));
#386=EDGE_LOOP('',(#1764,#1765,#1766,#1767));
#387=EDGE_LOOP('',(#1768,#1769,#1770,#1771));
#388=EDGE_LOOP('',(#1772,#1773,#1774,#1775));
#389=EDGE_LOOP('',(#1776,#1777,#1778,#1779,#1780,#1781));
#390=EDGE_LOOP('',(#1782,#1783,#1784,#1785,#1786,#1787));
#391=EDGE_LOOP('',(#1788,#1789,#1790,#1791,#1792,#1793,#1794,#1795,#1796,
#1797,#1798,#1799,#1800,#1801,#1802,#1803,#1804,#1805,#1806,#1807,#1808,
#1809,#1810,#1811,#1812,#1813,#1814,#1815));
#392=EDGE_LOOP('',(#1816));
#393=EDGE_LOOP('',(#1817));
#394=EDGE_LOOP('',(#1818));
#395=EDGE_LOOP('',(#1819,#1820,#1821,#1822,#1823));
#396=EDGE_LOOP('',(#1824,#1825,#1826,#1827,#1828,#1829));
#397=EDGE_LOOP('',(#1830,#1831,#1832,#1833,#1834));
#398=EDGE_LOOP('',(#1835,#1836,#1837,#1838,#1839));
#399=EDGE_LOOP('',(#1840,#1841,#1842,#1843,#1844,#1845));
#400=EDGE_LOOP('',(#1846,#1847,#1848,#1849,#1850,#1851));
#401=EDGE_LOOP('',(#1852,#1853,#1854,#1855,#1856,#1857));
#402=EDGE_LOOP('',(#1858,#1859,#1860,#1861,#1862,#1863));
#403=EDGE_LOOP('',(#1864,#1865,#1866,#1867,#1868));
#404=EDGE_LOOP('',(#1869,#1870,#1871,#1872,#1873));
#405=EDGE_LOOP('',(#1874,#1875,#1876,#1877));
#406=EDGE_LOOP('',(#1878,#1879,#1880,#1881,#1882,#1883));
#407=EDGE_LOOP('',(#1884,#1885,#1886,#1887,#1888,#1889));
#408=EDGE_LOOP('',(#1890,#1891,#1892,#1893,#1894));
#409=EDGE_LOOP('',(#1895,#1896,#1897,#1898));
#410=EDGE_LOOP('',(#1899,#1900,#1901,#1902,#1903,#1904));
#411=EDGE_LOOP('',(#1905,#1906,#1907,#1908,#1909));
#412=EDGE_LOOP('',(#1910,#1911,#1912,#1913,#1914));
#413=EDGE_LOOP('',(#1915,#1916,#1917,#1918));
#414=EDGE_LOOP('',(#1919,#1920,#1921,#1922,#1923,#1924));
#415=EDGE_LOOP('',(#1925,#1926,#1927,#1928,#1929));
#416=EDGE_LOOP('',(#1930,#1931,#1932,#1933,#1934));
#417=EDGE_LOOP('',(#1935,#1936,#1937,#1938,#1939,#1940));
#418=EDGE_LOOP('',(#1941,#1942,#1943,#1944,#1945));
#419=EDGE_LOOP('',(#1946,#1947,#1948,#1949,#1950,#1951));
#420=EDGE_LOOP('',(#1952,#1953,#1954,#1955,#1956,#1957));
#421=EDGE_LOOP('',(#1958,#1959,#1960,#1961,#1962,#1963));
#422=EDGE_LOOP('',(#1964,#1965,#1966,#1967,#1968));
#423=EDGE_LOOP('',(#1969,#1970,#1971,#1972,#1973,#1974));
#424=EDGE_LOOP('',(#1975,#1976,#1977,#1978,#1979));
#425=EDGE_LOOP('',(#1980,#1981,#1982,#1983));
#426=EDGE_LOOP('',(#1984,#1985,#1986,#1987,#1988));
#427=EDGE_LOOP('',(#1989,#1990,#1991,#1992));
#428=EDGE_LOOP('',(#1993,#1994,#1995,#1996,#1997));
#429=EDGE_LOOP('',(#1998,#1999,#2000,#2001));
#430=EDGE_LOOP('',(#2002,#2003,#2004,#2005));
#431=EDGE_LOOP('',(#2006,#2007,#2008,#2009,#2010));
#432=EDGE_LOOP('',(#2011,#2012,#2013,#2014,#2015));
#433=EDGE_LOOP('',(#2016,#2017,#2018,#2019,#2020));
#434=EDGE_LOOP('',(#2021,#2022,#2023,#2024));
#435=EDGE_LOOP('',(#2025,#2026,#2027,#2028,#2029));
#436=EDGE_LOOP('',(#2030,#2031,#2032,#2033));
#437=EDGE_LOOP('',(#2034,#2035,#2036,#2037,#2038));
#438=EDGE_LOOP('',(#2039,#2040,#2041,#2042,#2043));
#439=EDGE_LOOP('',(#2044,#2045,#2046,#2047));
#440=EDGE_LOOP('',(#2048,#2049,#2050,#2051));
#441=EDGE_LOOP('',(#2052,#2053,#2054,#2055,#2056));
#442=EDGE_LOOP('',(#2057,#2058,#2059,#2060));
#443=EDGE_LOOP('',(#2061,#2062,#2063,#2064,#2065));
#444=EDGE_LOOP('',(#2066,#2067,#2068,#2069));
#445=EDGE_LOOP('',(#2070,#2071,#2072,#2073,#2074));
#446=EDGE_LOOP('',(#2075,#2076,#2077,#2078,#2079));
#447=EDGE_LOOP('',(#2080,#2081,#2082,#2083));
#448=EDGE_LOOP('',(#2084,#2085,#2086,#2087,#2088));
#449=EDGE_LOOP('',(#2089,#2090,#2091,#2092));
#450=EDGE_LOOP('',(#2093,#2094,#2095,#2096,#2097,#2098));
#451=EDGE_LOOP('',(#2099,#2100,#2101,#2102,#2103,#2104));
#452=EDGE_LOOP('',(#2105,#2106,#2107,#2108,#2109,#2110));
#453=EDGE_LOOP('',(#2111,#2112,#2113,#2114,#2115,#2116));
#454=EDGE_LOOP('',(#2117,#2118,#2119,#2120,#2121,#2122));
#455=EDGE_LOOP('',(#2123,#2124,#2125,#2126,#2127,#2128));
#456=EDGE_LOOP('',(#2129,#2130,#2131,#2132,#2133,#2134));
#457=EDGE_LOOP('',(#2135,#2136,#2137,#2138,#2139,#2140));
#458=EDGE_LOOP('',(#2141,#2142,#2143,#2144,#2145,#2146));
#459=EDGE_LOOP('',(#2147,#2148,#2149,#2150,#2151,#2152));
#460=EDGE_LOOP('',(#2153,#2154,#2155,#2156));
#461=EDGE_LOOP('',(#2157,#2158,#2159,#2160));
#462=EDGE_LOOP('',(#2161,#2162));
#463=EDGE_LOOP('',(#2163,#2164));
#464=EDGE_LOOP('',(#2165,#2166,#2167,#2168));
#465=EDGE_LOOP('',(#2169,#2170,#2171,#2172));
#466=EDGE_LOOP('',(#2173,#2174));
#467=EDGE_LOOP('',(#2175,#2176));
#468=EDGE_LOOP('',(#2177,#2178));
#469=EDGE_LOOP('',(#2179,#2180,#2181,#2182));
#470=EDGE_LOOP('',(#2183,#2184,#2185,#2186));
#471=EDGE_LOOP('',(#2187,#2188,#2189));
#472=EDGE_LOOP('',(#2190,#2191,#2192,#2193,#2194));
#473=EDGE_LOOP('',(#2195,#2196,#2197,#2198));
#474=EDGE_LOOP('',(#2199,#2200,#2201,#2202));
#475=EDGE_LOOP('',(#2203,#2204,#2205));
#476=EDGE_LOOP('',(#2206,#2207));
#477=EDGE_LOOP('',(#2208,#2209,#2210));
#478=EDGE_LOOP('',(#2211,#2212,#2213));
#479=EDGE_LOOP('',(#2214,#2215,#2216));
#480=EDGE_LOOP('',(#2217,#2218,#2219));
#481=EDGE_LOOP('',(#2220,#2221));
#482=EDGE_LOOP('',(#2222,#2223,#2224));
#483=EDGE_LOOP('',(#2225,#2226,#2227));
#484=EDGE_LOOP('',(#2228,#2229,#2230));
#485=EDGE_LOOP('',(#2231,#2232,#2233,#2234,#2235));
#486=EDGE_LOOP('',(#2236,#2237));
#487=EDGE_LOOP('',(#2238,#2239));
#488=EDGE_LOOP('',(#2240,#2241,#2242,#2243));
#489=EDGE_LOOP('',(#2244,#2245,#2246,#2247));
#490=EDGE_LOOP('',(#2248,#2249,#2250,#2251,#2252,#2253,#2254,#2255));
#491=EDGE_LOOP('',(#2256));
#492=EDGE_LOOP('',(#2257));
#493=EDGE_LOOP('',(#2258));
#494=EDGE_LOOP('',(#2259));
#495=EDGE_LOOP('',(#2260));
#496=EDGE_LOOP('',(#2261));
#497=EDGE_LOOP('',(#2262));
#498=EDGE_LOOP('',(#2263));
#499=EDGE_LOOP('',(#2264));
#500=EDGE_LOOP('',(#2265));
#501=EDGE_LOOP('',(#2266));
#502=EDGE_LOOP('',(#2267,#2268,#2269,#2270));
#503=EDGE_LOOP('',(#2271,#2272,#2273,#2274));
#504=EDGE_LOOP('',(#2275,#2276));
#505=EDGE_LOOP('',(#2277,#2278,#2279,#2280));
#506=EDGE_LOOP('',(#2281,#2282,#2283));
#507=EDGE_LOOP('',(#2284,#2285,#2286,#2287));
#508=EDGE_LOOP('',(#2288,#2289,#2290,#2291));
#509=EDGE_LOOP('',(#2292,#2293,#2294,#2295));
#510=EDGE_LOOP('',(#2296,#2297,#2298,#2299));
#511=EDGE_LOOP('',(#2300,#2301,#2302,#2303));
#512=EDGE_LOOP('',(#2304,#2305,#2306,#2307));
#513=EDGE_LOOP('',(#2308,#2309,#2310,#2311));
#514=EDGE_LOOP('',(#2312,#2313,#2314,#2315));
#515=EDGE_LOOP('',(#2316,#2317,#2318,#2319,#2320,#2321,#2322,#2323));
#516=EDGE_LOOP('',(#2324));
#517=EDGE_LOOP('',(#2325));
#518=EDGE_LOOP('',(#2326));
#519=EDGE_LOOP('',(#2327));
#520=EDGE_LOOP('',(#2328));
#521=EDGE_LOOP('',(#2329));
#522=EDGE_LOOP('',(#2330));
#523=EDGE_LOOP('',(#2331));
#524=EDGE_LOOP('',(#2332));
#525=EDGE_LOOP('',(#2333));
#526=EDGE_LOOP('',(#2334,#2335,#2336,#2337,#2338,#2339,#2340,#2341,#2342,
#2343,#2344,#2345,#2346,#2347,#2348,#2349,#2350,#2351,#2352,#2353,#2354,
#2355,#2356,#2357,#2358,#2359,#2360,#2361,#2362,#2363,#2364,#2365,#2366,
#2367,#2368,#2369,#2370,#2371,#2372,#2373,#2374,#2375,#2376,#2377,#2378,
#2379,#2380,#2381));
#527=LINE('',#3720,#700);
#528=LINE('',#3726,#701);
#529=LINE('',#3732,#702);
#530=LINE('',#3738,#703);
#531=LINE('',#3744,#704);
#532=LINE('',#3750,#705);
#533=LINE('',#3756,#706);
#534=LINE('',#3762,#707);
#535=LINE('',#3768,#708);
#536=LINE('',#3774,#709);
#537=LINE('',#3780,#710);
#538=LINE('',#3785,#711);
#539=LINE('',#3787,#712);
#540=LINE('',#3789,#713);
#541=LINE('',#3790,#714);
#542=LINE('',#3794,#715);
#543=LINE('',#3800,#716);
#544=LINE('',#3801,#717);
#545=LINE('',#3802,#718);
#546=LINE('',#3806,#719);
#547=LINE('',#3812,#720);
#548=LINE('',#3813,#721);
#549=LINE('',#3814,#722);
#550=LINE('',#3818,#723);
#551=LINE('',#3824,#724);
#552=LINE('',#3825,#725);
#553=LINE('',#3826,#726);
#554=LINE('',#3832,#727);
#555=LINE('',#3835,#728);
#556=LINE('',#3838,#729);
#557=LINE('',#3839,#730);
#558=LINE('',#3842,#731);
#559=LINE('',#3846,#732);
#560=LINE('',#3847,#733);
#561=LINE('',#3851,#734);
#562=LINE('',#3855,#735);
#563=LINE('',#3859,#736);
#564=LINE('',#3863,#737);
#565=LINE('',#3869,#738);
#566=LINE('',#3870,#739);
#567=LINE('',#3873,#740);
#568=LINE('',#3874,#741);
#569=LINE('',#3878,#742);
#570=LINE('',#3881,#743);
#571=LINE('',#3882,#744);
#572=LINE('',#3886,#745);
#573=LINE('',#3889,#746);
#574=LINE('',#3890,#747);
#575=LINE('',#3894,#748);
#576=LINE('',#3896,#749);
#577=LINE('',#3948,#750);
#578=LINE('',#3963,#751);
#579=LINE('',#3967,#752);
#580=LINE('',#3971,#753);
#581=LINE('',#3975,#754);
#582=LINE('',#3979,#755);
#583=LINE('',#3983,#756);
#584=LINE('',#3987,#757);
#585=LINE('',#3991,#758);
#586=LINE('',#3995,#759);
#587=LINE('',#3999,#760);
#588=LINE('',#4003,#761);
#589=LINE('',#4007,#762);
#590=LINE('',#4011,#763);
#591=LINE('',#4015,#764);
#592=LINE('',#4021,#765);
#593=LINE('',#4022,#766);
#594=LINE('',#4073,#767);
#595=LINE('',#4076,#768);
#596=LINE('',#4079,#769);
#597=LINE('',#4080,#770);
#598=LINE('',#4131,#771);
#599=LINE('',#4137,#772);
#600=LINE('',#4189,#773);
#601=LINE('',#4190,#774);
#602=LINE('',#4193,#775);
#603=LINE('',#4196,#776);
#604=LINE('',#4199,#777);
#605=LINE('',#4251,#778);
#606=LINE('',#4266,#779);
#607=LINE('',#4269,#780);
#608=LINE('',#4272,#781);
#609=LINE('',#4313,#782);
#610=LINE('',#4314,#783);
#611=LINE('',#4317,#784);
#612=LINE('',#4320,#785);
#613=LINE('',#4323,#786);
#614=LINE('',#4375,#787);
#615=LINE('',#4378,#788);
#616=LINE('',#4381,#789);
#617=LINE('',#4382,#790);
#618=LINE('',#4433,#791);
#619=LINE('',#4436,#792);
#620=LINE('',#4440,#793);
#621=LINE('',#4491,#794);
#622=LINE('',#4497,#795);
#623=LINE('',#4498,#796);
#624=LINE('',#4536,#797);
#625=LINE('',#4539,#798);
#626=LINE('',#4542,#799);
#627=LINE('',#4546,#800);
#628=LINE('',#4549,#801);
#629=LINE('',#4554,#802);
#630=LINE('',#4557,#803);
#631=LINE('',#4562,#804);
#632=LINE('',#4563,#805);
#633=LINE('',#4566,#806);
#634=LINE('',#4572,#807);
#635=LINE('',#4576,#808);
#636=LINE('',#4579,#809);
#637=LINE('',#4582,#810);
#638=LINE('',#4586,#811);
#639=LINE('',#4590,#812);
#640=LINE('',#4591,#813);
#641=LINE('',#4594,#814);
#642=LINE('',#4598,#815);
#643=LINE('',#4604,#816);
#644=LINE('',#4605,#817);
#645=LINE('',#4608,#818);
#646=LINE('',#4611,#819);
#647=LINE('',#4614,#820);
#648=LINE('',#4618,#821);
#649=LINE('',#4621,#822);
#650=LINE('',#4626,#823);
#651=LINE('',#4630,#824);
#652=LINE('',#4633,#825);
#653=LINE('',#4636,#826);
#654=LINE('',#4640,#827);
#655=LINE('',#4643,#828);
#656=LINE('',#4648,#829);
#657=LINE('',#4658,#830);
#658=LINE('',#4668,#831);
#659=LINE('',#4678,#832);
#660=LINE('',#4688,#833);
#661=LINE('',#4698,#834);
#662=LINE('',#4708,#835);
#663=LINE('',#4718,#836);
#664=LINE('',#4728,#837);
#665=LINE('',#4738,#838);
#666=LINE('',#4745,#839);
#667=LINE('',#4748,#840);
#668=LINE('',#4749,#841);
#669=LINE('',#4751,#842);
#670=LINE('',#4753,#843);
#671=LINE('',#4756,#844);
#672=LINE('',#4757,#845);
#673=LINE('',#4759,#846);
#674=LINE('',#4761,#847);
#675=LINE('',#4763,#848);
#676=LINE('',#4765,#849);
#677=LINE('',#4768,#850);
#678=LINE('',#4770,#851);
#679=LINE('',#4771,#852);
#680=LINE('',#4774,#853);
#681=LINE('',#4775,#854);
#682=LINE('',#4777,#855);
#683=LINE('',#4779,#856);
#684=LINE('',#4782,#857);
#685=LINE('',#4784,#858);
#686=LINE('',#4785,#859);
#687=LINE('',#4788,#860);
#688=LINE('',#4789,#861);
#689=LINE('',#4791,#862);
#690=LINE('',#4798,#863);
#691=LINE('',#4800,#864);
#692=LINE('',#4803,#865);
#693=LINE('',#4805,#866);
#694=LINE('',#4810,#867);
#695=LINE('',#4813,#868);
#696=LINE('',#4815,#869);
#697=LINE('',#4830,#870);
#698=LINE('',#4835,#871);
#699=LINE('',#4842,#872);
#700=VECTOR('',#2928,2.8);
#701=VECTOR('',#2935,2.8);
#702=VECTOR('',#2942,2.8);
#703=VECTOR('',#2949,2.55);
#704=VECTOR('',#2956,2.55);
#705=VECTOR('',#2963,2.55);
#706=VECTOR('',#2970,2.55);
#707=VECTOR('',#2977,2.55);
#708=VECTOR('',#2984,2.55);
#709=VECTOR('',#2991,2.55);
#710=VECTOR('',#2998,2.55);
#711=VECTOR('',#3003,10.);
#712=VECTOR('',#3004,10.);
#713=VECTOR('',#3005,10.);
#714=VECTOR('',#3006,10.);
#715=VECTOR('',#3009,10.);
#716=VECTOR('',#3016,10.);
#717=VECTOR('',#3017,10.);
#718=VECTOR('',#3018,10.);
#719=VECTOR('',#3021,10.);
#720=VECTOR('',#3028,10.);
#721=VECTOR('',#3029,10.);
#722=VECTOR('',#3030,10.);
#723=VECTOR('',#3033,10.);
#724=VECTOR('',#3040,10.);
#725=VECTOR('',#3041,10.);
#726=VECTOR('',#3042,10.);
#727=VECTOR('',#3051,10.);
#728=VECTOR('',#3054,10.);
#729=VECTOR('',#3057,10.);
#730=VECTOR('',#3058,10.);
#731=VECTOR('',#3061,10.);
#732=VECTOR('',#3066,10.);
#733=VECTOR('',#3067,10.);
#734=VECTOR('',#3070,10.);
#735=VECTOR('',#3073,10.);
#736=VECTOR('',#3076,10.);
#737=VECTOR('',#3079,10.);
#738=VECTOR('',#3086,10.);
#739=VECTOR('',#3087,10.);
#740=VECTOR('',#3090,10.);
#741=VECTOR('',#3091,10.);
#742=VECTOR('',#3096,10.);
#743=VECTOR('',#3099,10.);
#744=VECTOR('',#3100,10.);
#745=VECTOR('',#3105,10.);
#746=VECTOR('',#3108,10.);
#747=VECTOR('',#3109,10.);
#748=VECTOR('',#3114,10.);
#749=VECTOR('',#3117,10.);
#750=VECTOR('',#3126,10.);
#751=VECTOR('',#3129,10.);
#752=VECTOR('',#3134,10.);
#753=VECTOR('',#3137,10.);
#754=VECTOR('',#3140,10.);
#755=VECTOR('',#3143,10.);
#756=VECTOR('',#3146,10.);
#757=VECTOR('',#3149,10.);
#758=VECTOR('',#3152,10.);
#759=VECTOR('',#3155,10.);
#760=VECTOR('',#3158,10.);
#761=VECTOR('',#3161,10.);
#762=VECTOR('',#3164,10.);
#763=VECTOR('',#3167,10.);
#764=VECTOR('',#3170,10.);
#765=VECTOR('',#3177,10.);
#766=VECTOR('',#3178,10.);
#767=VECTOR('',#3187,10.);
#768=VECTOR('',#3190,10.);
#769=VECTOR('',#3193,10.);
#770=VECTOR('',#3194,10.);
#771=VECTOR('',#3203,10.);
#772=VECTOR('',#3210,10.);
#773=VECTOR('',#3221,10.);
#774=VECTOR('',#3222,10.);
#775=VECTOR('',#3225,10.);
#776=VECTOR('',#3228,10.);
#777=VECTOR('',#3231,10.);
#778=VECTOR('',#3242,10.);
#779=VECTOR('',#3247,10.);
#780=VECTOR('',#3250,10.);
#781=VECTOR('',#3253,10.);
#782=VECTOR('',#3264,10.);
#783=VECTOR('',#3265,10.);
#784=VECTOR('',#3268,10.);
#785=VECTOR('',#3271,10.);
#786=VECTOR('',#3274,10.);
#787=VECTOR('',#3285,10.);
#788=VECTOR('',#3288,10.);
#789=VECTOR('',#3291,10.);
#790=VECTOR('',#3292,10.);
#791=VECTOR('',#3301,10.);
#792=VECTOR('',#3304,10.);
#793=VECTOR('',#3309,10.);
#794=VECTOR('',#3318,10.);
#795=VECTOR('',#3325,10.);
#796=VECTOR('',#3326,10.);
#797=VECTOR('',#3333,10.);
#798=VECTOR('',#3336,10.);
#799=VECTOR('',#3339,10.);
#800=VECTOR('',#3344,10.);
#801=VECTOR('',#3347,10.);
#802=VECTOR('',#3354,10.);
#803=VECTOR('',#3357,10.);
#804=VECTOR('',#3364,10.);
#805=VECTOR('',#3365,10.);
#806=VECTOR('',#3368,10.);
#807=VECTOR('',#3375,10.);
#808=VECTOR('',#3380,10.);
#809=VECTOR('',#3383,10.);
#810=VECTOR('',#3386,10.);
#811=VECTOR('',#3391,10.);
#812=VECTOR('',#3396,10.);
#813=VECTOR('',#3397,10.);
#814=VECTOR('',#3400,10.);
#815=VECTOR('',#3405,10.);
#816=VECTOR('',#3414,10.);
#817=VECTOR('',#3415,10.);
#818=VECTOR('',#3418,10.);
#819=VECTOR('',#3421,10.);
#820=VECTOR('',#3424,10.);
#821=VECTOR('',#3429,10.);
#822=VECTOR('',#3434,10.);
#823=VECTOR('',#3439,10.);
#824=VECTOR('',#3444,10.);
#825=VECTOR('',#3447,10.);
#826=VECTOR('',#3450,10.);
#827=VECTOR('',#3455,10.);
#828=VECTOR('',#3460,10.);
#829=VECTOR('',#3465,2.8);
#830=VECTOR('',#3476,2.8);
#831=VECTOR('',#3487,2.8);
#832=VECTOR('',#3498,2.8);
#833=VECTOR('',#3509,2.8);
#834=VECTOR('',#3520,2.8);
#835=VECTOR('',#3531,2.8);
#836=VECTOR('',#3542,2.8);
#837=VECTOR('',#3553,2.8);
#838=VECTOR('',#3564,2.8);
#839=VECTOR('',#3573,10.);
#840=VECTOR('',#3576,10.);
#841=VECTOR('',#3577,10.);
#842=VECTOR('',#3580,10.);
#843=VECTOR('',#3583,10.);
#844=VECTOR('',#3586,10.);
#845=VECTOR('',#3587,10.);
#846=VECTOR('',#3590,10.);
#847=VECTOR('',#3593,10.);
#848=VECTOR('',#3596,10.);
#849=VECTOR('',#3599,10.);
#850=VECTOR('',#3602,10.);
#851=VECTOR('',#3603,10.);
#852=VECTOR('',#3604,10.);
#853=VECTOR('',#3607,10.);
#854=VECTOR('',#3608,10.);
#855=VECTOR('',#3611,10.);
#856=VECTOR('',#3614,10.);
#857=VECTOR('',#3617,10.);
#858=VECTOR('',#3618,10.);
#859=VECTOR('',#3619,10.);
#860=VECTOR('',#3622,10.);
#861=VECTOR('',#3623,10.);
#862=VECTOR('',#3626,10.);
#863=VECTOR('',#3639,10.);
#864=VECTOR('',#3642,10.);
#865=VECTOR('',#3647,10.);
#866=VECTOR('',#3650,10.);
#867=VECTOR('',#3657,10.);
#868=VECTOR('',#3660,10.);
#869=VECTOR('',#3663,10.);
#870=VECTOR('',#3692,10.);
#871=VECTOR('',#3699,10.);
#872=VECTOR('',#3712,10.);
#873=CIRCLE('',#2614,2.8);
#874=CIRCLE('',#2615,2.8);
#875=CIRCLE('',#2617,2.8);
#876=CIRCLE('',#2618,2.8);
#877=CIRCLE('',#2620,2.8);
#878=CIRCLE('',#2621,2.8);
#879=CIRCLE('',#2623,2.55);
#880=CIRCLE('',#2624,2.55);
#881=CIRCLE('',#2626,2.55);
#882=CIRCLE('',#2627,2.55);
#883=CIRCLE('',#2629,2.55);
#884=CIRCLE('',#2630,2.55);
#885=CIRCLE('',#2632,2.55);
#886=CIRCLE('',#2633,2.55);
#887=CIRCLE('',#2635,2.55);
#888=CIRCLE('',#2636,2.55);
#889=CIRCLE('',#2638,2.55);
#890=CIRCLE('',#2639,2.55);
#891=CIRCLE('',#2641,2.55);
#892=CIRCLE('',#2642,2.55);
#893=CIRCLE('',#2644,2.55);
#894=CIRCLE('',#2645,2.55);
#895=CIRCLE('',#2648,14.5);
#896=CIRCLE('',#2649,12.5);
#897=CIRCLE('',#2652,14.5);
#898=CIRCLE('',#2653,12.5);
#899=CIRCLE('',#2656,14.5);
#900=CIRCLE('',#2657,12.5);
#901=CIRCLE('',#2660,14.5);
#902=CIRCLE('',#2661,12.5);
#903=CIRCLE('',#2663,12.5);
#904=CIRCLE('',#2666,12.5);
#905=CIRCLE('',#2669,27.5);
#906=CIRCLE('',#2670,27.5);
#907=CIRCLE('',#2671,27.5);
#908=CIRCLE('',#2672,27.5);
#909=CIRCLE('',#2674,27.5);
#910=CIRCLE('',#2677,27.5);
#911=CIRCLE('',#2680,27.5);
#912=CIRCLE('',#2683,27.5);
#913=CIRCLE('',#2686,11.);
#914=CIRCLE('',#2687,6.);
#915=CIRCLE('',#2692,3.);
#916=CIRCLE('',#2693,11.);
#917=CIRCLE('',#2694,11.);
#918=CIRCLE('',#2695,11.);
#919=CIRCLE('',#2696,3.);
#920=CIRCLE('',#2697,11.);
#921=CIRCLE('',#2698,11.);
#922=CIRCLE('',#2699,3.);
#923=CIRCLE('',#2700,11.);
#924=CIRCLE('',#2701,11.);
#925=CIRCLE('',#2702,11.);
#926=CIRCLE('',#2703,3.);
#927=CIRCLE('',#2704,11.);
#928=CIRCLE('',#2708,6.);
#929=CIRCLE('',#2711,5.);
#930=CIRCLE('',#2714,6.);
#931=CIRCLE('',#2722,6.);
#932=CIRCLE('',#2726,5.);
#933=CIRCLE('',#2728,6.);
#934=CIRCLE('',#2730,6.);
#935=CIRCLE('',#2735,5.);
#936=CIRCLE('',#2737,6.);
#937=CIRCLE('',#2739,6.);
#938=CIRCLE('',#2743,5.);
#939=CIRCLE('',#2745,6.);
#940=CIRCLE('',#2747,6.);
#941=CIRCLE('',#2750,5.);
#942=CIRCLE('',#2753,6.);
#943=CIRCLE('',#2756,5.);
#944=CIRCLE('',#2760,6.);
#945=CIRCLE('',#2767,6.);
#946=CIRCLE('',#2769,5.);
#947=CIRCLE('',#2771,6.);
#948=CIRCLE('',#2773,5.);
#949=CIRCLE('',#2775,6.);
#950=CIRCLE('',#2777,5.);
#951=CIRCLE('',#2779,6.);
#952=CIRCLE('',#2782,5.);
#953=CIRCLE('',#2785,5.);
#954=CIRCLE('',#2787,5.);
#955=CIRCLE('',#2789,6.);
#956=CIRCLE('',#2791,5.);
#957=CIRCLE('',#2794,5.);
#958=CIRCLE('',#2796,5.);
#959=CIRCLE('',#2798,6.);
#960=CIRCLE('',#2801,5.);
#961=CIRCLE('',#2803,6.);
#962=CIRCLE('',#2805,5.);
#963=CIRCLE('',#2809,5.);
#964=CIRCLE('',#2811,5.);
#965=CIRCLE('',#2813,6.);
#966=CIRCLE('',#2815,5.);
#967=CIRCLE('',#2818,2.8);
#968=CIRCLE('',#2819,2.8);
#969=CIRCLE('',#2821,2.8);
#970=CIRCLE('',#2823,2.8);
#971=CIRCLE('',#2824,2.8);
#972=CIRCLE('',#2826,2.8);
#973=CIRCLE('',#2828,2.8);
#974=CIRCLE('',#2829,2.8);
#975=CIRCLE('',#2831,2.8);
#976=CIRCLE('',#2833,2.8);
#977=CIRCLE('',#2835,2.8);
#978=CIRCLE('',#2838,2.8);
#979=CIRCLE('',#2839,2.8);
#980=CIRCLE('',#2841,2.8);
#981=CIRCLE('',#2843,2.8);
#982=CIRCLE('',#2844,2.8);
#983=CIRCLE('',#2846,2.8);
#984=CIRCLE('',#2848,2.8);
#985=CIRCLE('',#2849,2.8);
#986=CIRCLE('',#2851,2.8);
#987=CIRCLE('',#2853,2.8);
#988=CIRCLE('',#2854,2.8);
#989=CIRCLE('',#2856,2.8);
#990=CIRCLE('',#2858,2.8);
#991=CIRCLE('',#2860,2.8);
#992=CIRCLE('',#2863,2.8);
#993=CIRCLE('',#2864,2.8);
#994=CIRCLE('',#2866,2.8);
#995=CIRCLE('',#2896,12.5);
#996=CIRCLE('',#2900,5.);
#997=CIRCLE('',#2902,5.);
#998=CIRCLE('',#2905,5.);
#999=CIRCLE('',#2908,5.);
#1000=CIRCLE('',#2910,5.);
#1001=CIRCLE('',#2913,5.);
#1002=CIRCLE('',#2915,12.5);
#1003=CIRCLE('',#2917,5.);
#1004=CIRCLE('',#2919,5.);
#1005=VERTEX_POINT('',#3717);
#1006=VERTEX_POINT('',#3719);
#1007=VERTEX_POINT('',#3723);
#1008=VERTEX_POINT('',#3725);
#1009=VERTEX_POINT('',#3729);
#1010=VERTEX_POINT('',#3731);
#1011=VERTEX_POINT('',#3735);
#1012=VERTEX_POINT('',#3737);
#1013=VERTEX_POINT('',#3741);
#1014=VERTEX_POINT('',#3743);
#1015=VERTEX_POINT('',#3747);
#1016=VERTEX_POINT('',#3749);
#1017=VERTEX_POINT('',#3753);
#1018=VERTEX_POINT('',#3755);
#1019=VERTEX_POINT('',#3759);
#1020=VERTEX_POINT('',#3761);
#1021=VERTEX_POINT('',#3765);
#1022=VERTEX_POINT('',#3767);
#1023=VERTEX_POINT('',#3771);
#1024=VERTEX_POINT('',#3773);
#1025=VERTEX_POINT('',#3777);
#1026=VERTEX_POINT('',#3779);
#1027=VERTEX_POINT('',#3783);
#1028=VERTEX_POINT('',#3784);
#1029=VERTEX_POINT('',#3786);
#1030=VERTEX_POINT('',#3788);
#1031=VERTEX_POINT('',#3792);
#1032=VERTEX_POINT('',#3793);
#1033=VERTEX_POINT('',#3798);
#1034=VERTEX_POINT('',#3799);
#1035=VERTEX_POINT('',#3804);
#1036=VERTEX_POINT('',#3805);
#1037=VERTEX_POINT('',#3810);
#1038=VERTEX_POINT('',#3811);
#1039=VERTEX_POINT('',#3816);
#1040=VERTEX_POINT('',#3817);
#1041=VERTEX_POINT('',#3822);
#1042=VERTEX_POINT('',#3823);
#1043=VERTEX_POINT('',#3831);
#1044=VERTEX_POINT('',#3833);
#1045=VERTEX_POINT('',#3837);
#1046=VERTEX_POINT('',#3841);
#1047=VERTEX_POINT('',#3845);
#1048=VERTEX_POINT('',#3849);
#1049=VERTEX_POINT('',#3850);
#1050=VERTEX_POINT('',#3852);
#1051=VERTEX_POINT('',#3854);
#1052=VERTEX_POINT('',#3856);
#1053=VERTEX_POINT('',#3858);
#1054=VERTEX_POINT('',#3860);
#1055=VERTEX_POINT('',#3862);
#1056=VERTEX_POINT('',#3866);
#1057=VERTEX_POINT('',#3867);
#1058=VERTEX_POINT('',#3872);
#1059=VERTEX_POINT('',#3876);
#1060=VERTEX_POINT('',#3880);
#1061=VERTEX_POINT('',#3884);
#1062=VERTEX_POINT('',#3888);
#1063=VERTEX_POINT('',#3892);
#1064=VERTEX_POINT('',#3898);
#1065=VERTEX_POINT('',#3899);
#1066=VERTEX_POINT('',#3910);
#1067=VERTEX_POINT('',#3912);
#1068=VERTEX_POINT('',#3923);
#1069=VERTEX_POINT('',#3934);
#1070=VERTEX_POINT('',#3947);
#1071=VERTEX_POINT('',#3949);
#1072=VERTEX_POINT('',#3960);
#1073=VERTEX_POINT('',#3962);
#1074=VERTEX_POINT('',#3966);
#1075=VERTEX_POINT('',#3968);
#1076=VERTEX_POINT('',#3970);
#1077=VERTEX_POINT('',#3972);
#1078=VERTEX_POINT('',#3974);
#1079=VERTEX_POINT('',#3976);
#1080=VERTEX_POINT('',#3978);
#1081=VERTEX_POINT('',#3980);
#1082=VERTEX_POINT('',#3982);
#1083=VERTEX_POINT('',#3984);
#1084=VERTEX_POINT('',#3986);
#1085=VERTEX_POINT('',#3988);
#1086=VERTEX_POINT('',#3990);
#1087=VERTEX_POINT('',#3992);
#1088=VERTEX_POINT('',#3994);
#1089=VERTEX_POINT('',#3996);
#1090=VERTEX_POINT('',#3998);
#1091=VERTEX_POINT('',#4000);
#1092=VERTEX_POINT('',#4002);
#1093=VERTEX_POINT('',#4004);
#1094=VERTEX_POINT('',#4006);
#1095=VERTEX_POINT('',#4008);
#1096=VERTEX_POINT('',#4010);
#1097=VERTEX_POINT('',#4012);
#1098=VERTEX_POINT('',#4014);
#1099=VERTEX_POINT('',#4018);
#1100=VERTEX_POINT('',#4020);
#1101=VERTEX_POINT('',#4024);
#1102=VERTEX_POINT('',#4035);
#1103=VERTEX_POINT('',#4046);
#1104=VERTEX_POINT('',#4057);
#1105=VERTEX_POINT('',#4070);
#1106=VERTEX_POINT('',#4072);
#1107=VERTEX_POINT('',#4074);
#1108=VERTEX_POINT('',#4078);
#1109=VERTEX_POINT('',#4082);
#1110=VERTEX_POINT('',#4093);
#1111=VERTEX_POINT('',#4104);
#1112=VERTEX_POINT('',#4115);
#1113=VERTEX_POINT('',#4128);
#1114=VERTEX_POINT('',#4130);
#1115=VERTEX_POINT('',#4134);
#1116=VERTEX_POINT('',#4136);
#1117=VERTEX_POINT('',#4138);
#1118=VERTEX_POINT('',#4151);
#1119=VERTEX_POINT('',#4162);
#1120=VERTEX_POINT('',#4173);
#1121=VERTEX_POINT('',#4186);
#1122=VERTEX_POINT('',#4188);
#1123=VERTEX_POINT('',#4192);
#1124=VERTEX_POINT('',#4194);
#1125=VERTEX_POINT('',#4198);
#1126=VERTEX_POINT('',#4202);
#1127=VERTEX_POINT('',#4213);
#1128=VERTEX_POINT('',#4224);
#1129=VERTEX_POINT('',#4235);
#1130=VERTEX_POINT('',#4248);
#1131=VERTEX_POINT('',#4250);
#1132=VERTEX_POINT('',#4252);
#1133=VERTEX_POINT('',#4265);
#1134=VERTEX_POINT('',#4267);
#1135=VERTEX_POINT('',#4271);
#1136=VERTEX_POINT('',#4275);
#1137=VERTEX_POINT('',#4286);
#1138=VERTEX_POINT('',#4297);
#1139=VERTEX_POINT('',#4310);
#1140=VERTEX_POINT('',#4312);
#1141=VERTEX_POINT('',#4316);
#1142=VERTEX_POINT('',#4318);
#1143=VERTEX_POINT('',#4322);
#1144=VERTEX_POINT('',#4326);
#1145=VERTEX_POINT('',#4337);
#1146=VERTEX_POINT('',#4348);
#1147=VERTEX_POINT('',#4359);
#1148=VERTEX_POINT('',#4372);
#1149=VERTEX_POINT('',#4374);
#1150=VERTEX_POINT('',#4376);
#1151=VERTEX_POINT('',#4380);
#1152=VERTEX_POINT('',#4384);
#1153=VERTEX_POINT('',#4395);
#1154=VERTEX_POINT('',#4406);
#1155=VERTEX_POINT('',#4417);
#1156=VERTEX_POINT('',#4430);
#1157=VERTEX_POINT('',#4432);
#1158=VERTEX_POINT('',#4434);
#1159=VERTEX_POINT('',#4438);
#1160=VERTEX_POINT('',#4442);
#1161=VERTEX_POINT('',#4453);
#1162=VERTEX_POINT('',#4464);
#1163=VERTEX_POINT('',#4475);
#1164=VERTEX_POINT('',#4488);
#1165=VERTEX_POINT('',#4490);
#1166=VERTEX_POINT('',#4494);
#1167=VERTEX_POINT('',#4496);
#1168=VERTEX_POINT('',#4500);
#1169=VERTEX_POINT('',#4511);
#1170=VERTEX_POINT('',#4522);
#1171=VERTEX_POINT('',#4535);
#1172=VERTEX_POINT('',#4537);
#1173=VERTEX_POINT('',#4541);
#1174=VERTEX_POINT('',#4545);
#1175=VERTEX_POINT('',#4547);
#1176=VERTEX_POINT('',#4553);
#1177=VERTEX_POINT('',#4555);
#1178=VERTEX_POINT('',#4561);
#1179=VERTEX_POINT('',#4565);
#1180=VERTEX_POINT('',#4569);
#1181=VERTEX_POINT('',#4571);
#1182=VERTEX_POINT('',#4575);
#1183=VERTEX_POINT('',#4577);
#1184=VERTEX_POINT('',#4581);
#1185=VERTEX_POINT('',#4585);
#1186=VERTEX_POINT('',#4589);
#1187=VERTEX_POINT('',#4593);
#1188=VERTEX_POINT('',#4597);
#1189=VERTEX_POINT('',#4603);
#1190=VERTEX_POINT('',#4607);
#1191=VERTEX_POINT('',#4609);
#1192=VERTEX_POINT('',#4613);
#1193=VERTEX_POINT('',#4617);
#1194=VERTEX_POINT('',#4623);
#1195=VERTEX_POINT('',#4625);
#1196=VERTEX_POINT('',#4629);
#1197=VERTEX_POINT('',#4631);
#1198=VERTEX_POINT('',#4635);
#1199=VERTEX_POINT('',#4639);
#1200=VERTEX_POINT('',#4645);
#1201=VERTEX_POINT('',#4647);
#1202=VERTEX_POINT('',#4649);
#1203=VERTEX_POINT('',#4651);
#1204=VERTEX_POINT('',#4655);
#1205=VERTEX_POINT('',#4657);
#1206=VERTEX_POINT('',#4659);
#1207=VERTEX_POINT('',#4661);
#1208=VERTEX_POINT('',#4665);
#1209=VERTEX_POINT('',#4667);
#1210=VERTEX_POINT('',#4669);
#1211=VERTEX_POINT('',#4671);
#1212=VERTEX_POINT('',#4675);
#1213=VERTEX_POINT('',#4677);
#1214=VERTEX_POINT('',#4679);
#1215=VERTEX_POINT('',#4681);
#1216=VERTEX_POINT('',#4685);
#1217=VERTEX_POINT('',#4687);
#1218=VERTEX_POINT('',#4689);
#1219=VERTEX_POINT('',#4691);
#1220=VERTEX_POINT('',#4695);
#1221=VERTEX_POINT('',#4697);
#1222=VERTEX_POINT('',#4699);
#1223=VERTEX_POINT('',#4701);
#1224=VERTEX_POINT('',#4705);
#1225=VERTEX_POINT('',#4707);
#1226=VERTEX_POINT('',#4709);
#1227=VERTEX_POINT('',#4711);
#1228=VERTEX_POINT('',#4715);
#1229=VERTEX_POINT('',#4717);
#1230=VERTEX_POINT('',#4719);
#1231=VERTEX_POINT('',#4721);
#1232=VERTEX_POINT('',#4725);
#1233=VERTEX_POINT('',#4727);
#1234=VERTEX_POINT('',#4729);
#1235=VERTEX_POINT('',#4731);
#1236=VERTEX_POINT('',#4735);
#1237=VERTEX_POINT('',#4737);
#1238=VERTEX_POINT('',#4739);
#1239=VERTEX_POINT('',#4741);
#1240=VERTEX_POINT('',#4747);
#1241=VERTEX_POINT('',#4755);
#1242=VERTEX_POINT('',#4767);
#1243=VERTEX_POINT('',#4769);
#1244=VERTEX_POINT('',#4773);
#1245=VERTEX_POINT('',#4781);
#1246=VERTEX_POINT('',#4783);
#1247=VERTEX_POINT('',#4787);
#1248=VERTEX_POINT('',#4809);
#1249=VERTEX_POINT('',#4811);
#1250=VERTEX_POINT('',#4834);
#1251=EDGE_CURVE('',#1005,#1005,#873,.T.);
#1252=EDGE_CURVE('',#1005,#1006,#527,.T.);
#1253=EDGE_CURVE('',#1006,#1006,#874,.T.);
#1254=EDGE_CURVE('',#1007,#1007,#875,.T.);
#1255=EDGE_CURVE('',#1007,#1008,#528,.T.);
#1256=EDGE_CURVE('',#1008,#1008,#876,.T.);
#1257=EDGE_CURVE('',#1009,#1009,#877,.T.);
#1258=EDGE_CURVE('',#1009,#1010,#529,.T.);
#1259=EDGE_CURVE('',#1010,#1010,#878,.T.);
#1260=EDGE_CURVE('',#1011,#1011,#879,.T.);
#1261=EDGE_CURVE('',#1011,#1012,#530,.T.);
#1262=EDGE_CURVE('',#1012,#1012,#880,.T.);
#1263=EDGE_CURVE('',#1013,#1013,#881,.T.);
#1264=EDGE_CURVE('',#1013,#1014,#531,.T.);
#1265=EDGE_CURVE('',#1014,#1014,#882,.T.);
#1266=EDGE_CURVE('',#1015,#1015,#883,.T.);
#1267=EDGE_CURVE('',#1015,#1016,#532,.T.);
#1268=EDGE_CURVE('',#1016,#1016,#884,.T.);
#1269=EDGE_CURVE('',#1017,#1017,#885,.T.);
#1270=EDGE_CURVE('',#1017,#1018,#533,.T.);
#1271=EDGE_CURVE('',#1018,#1018,#886,.T.);
#1272=EDGE_CURVE('',#1019,#1019,#887,.T.);
#1273=EDGE_CURVE('',#1019,#1020,#534,.T.);
#1274=EDGE_CURVE('',#1020,#1020,#888,.T.);
#1275=EDGE_CURVE('',#1021,#1021,#889,.T.);
#1276=EDGE_CURVE('',#1021,#1022,#535,.T.);
#1277=EDGE_CURVE('',#1022,#1022,#890,.T.);
#1278=EDGE_CURVE('',#1023,#1023,#891,.T.);
#1279=EDGE_CURVE('',#1023,#1024,#536,.T.);
#1280=EDGE_CURVE('',#1024,#1024,#892,.T.);
#1281=EDGE_CURVE('',#1025,#1025,#893,.T.);
#1282=EDGE_CURVE('',#1025,#1026,#537,.T.);
#1283=EDGE_CURVE('',#1026,#1026,#894,.T.);
#1284=EDGE_CURVE('',#1027,#1028,#538,.T.);
#1285=EDGE_CURVE('',#1028,#1029,#539,.T.);
#1286=EDGE_CURVE('',#1029,#1030,#540,.T.);
#1287=EDGE_CURVE('',#1030,#1027,#541,.T.);
#1288=EDGE_CURVE('',#1031,#1032,#542,.T.);
#1289=EDGE_CURVE('',#1032,#1028,#895,.T.);
#1290=EDGE_CURVE('',#1027,#1031,#896,.T.);
#1291=EDGE_CURVE('',#1033,#1034,#543,.T.);
#1292=EDGE_CURVE('',#1034,#1032,#544,.T.);
#1293=EDGE_CURVE('',#1031,#1033,#545,.T.);
#1294=EDGE_CURVE('',#1035,#1036,#546,.T.);
#1295=EDGE_CURVE('',#1036,#1034,#897,.T.);
#1296=EDGE_CURVE('',#1033,#1035,#898,.T.);
#1297=EDGE_CURVE('',#1037,#1038,#547,.T.);
#1298=EDGE_CURVE('',#1038,#1036,#548,.T.);
#1299=EDGE_CURVE('',#1035,#1037,#549,.T.);
#1300=EDGE_CURVE('',#1039,#1040,#550,.T.);
#1301=EDGE_CURVE('',#1040,#1038,#899,.T.);
#1302=EDGE_CURVE('',#1037,#1039,#900,.T.);
#1303=EDGE_CURVE('',#1041,#1042,#551,.T.);
#1304=EDGE_CURVE('',#1042,#1040,#552,.T.);
#1305=EDGE_CURVE('',#1039,#1041,#553,.T.);
#1306=EDGE_CURVE('',#1029,#1042,#901,.T.);
#1307=EDGE_CURVE('',#1041,#1030,#902,.T.);
#1308=EDGE_CURVE('',#1033,#1043,#554,.T.);
#1309=EDGE_CURVE('',#1043,#1044,#903,.T.);
#1310=EDGE_CURVE('',#1044,#1035,#555,.T.);
#1311=EDGE_CURVE('',#1045,#1031,#556,.T.);
#1312=EDGE_CURVE('',#1043,#1045,#557,.T.);
#1313=EDGE_CURVE('',#1027,#1046,#558,.T.);
#1314=EDGE_CURVE('',#1046,#1045,#904,.T.);
#1315=EDGE_CURVE('',#1047,#1030,#559,.T.);
#1316=EDGE_CURVE('',#1046,#1047,#560,.T.);
#1317=EDGE_CURVE('',#1048,#1049,#561,.T.);
#1318=EDGE_CURVE('',#1049,#1050,#905,.T.);
#1319=EDGE_CURVE('',#1050,#1051,#562,.T.);
#1320=EDGE_CURVE('',#1051,#1052,#906,.T.);
#1321=EDGE_CURVE('',#1052,#1053,#563,.T.);
#1322=EDGE_CURVE('',#1053,#1054,#907,.T.);
#1323=EDGE_CURVE('',#1054,#1055,#564,.T.);
#1324=EDGE_CURVE('',#1055,#1048,#908,.T.);
#1325=EDGE_CURVE('',#1056,#1057,#909,.T.);
#1326=EDGE_CURVE('',#1056,#1048,#565,.T.);
#1327=EDGE_CURVE('',#1057,#1055,#566,.T.);
#1328=EDGE_CURVE('',#1057,#1058,#567,.T.);
#1329=EDGE_CURVE('',#1058,#1054,#568,.T.);
#1330=EDGE_CURVE('',#1058,#1059,#910,.T.);
#1331=EDGE_CURVE('',#1059,#1053,#569,.T.);
#1332=EDGE_CURVE('',#1059,#1060,#570,.T.);
#1333=EDGE_CURVE('',#1060,#1052,#571,.T.);
#1334=EDGE_CURVE('',#1060,#1061,#911,.T.);
#1335=EDGE_CURVE('',#1061,#1051,#572,.T.);
#1336=EDGE_CURVE('',#1061,#1062,#573,.T.);
#1337=EDGE_CURVE('',#1062,#1050,#574,.T.);
#1338=EDGE_CURVE('',#1062,#1063,#912,.T.);
#1339=EDGE_CURVE('',#1063,#1049,#575,.T.);
#1340=EDGE_CURVE('',#1063,#1056,#576,.T.);
#1341=EDGE_CURVE('',#1064,#1065,#47,.T.);
#1342=EDGE_CURVE('',#1064,#1066,#913,.T.);
#1343=EDGE_CURVE('',#1067,#1066,#48,.T.);
#1344=EDGE_CURVE('',#1068,#1067,#49,.T.);
#1345=EDGE_CURVE('',#1068,#1069,#914,.T.);
#1346=EDGE_CURVE('',#1065,#1069,#50,.T.);
#1347=EDGE_CURVE('',#1066,#1070,#577,.T.);
#1348=EDGE_CURVE('',#1070,#1071,#51,.T.);
#1349=EDGE_CURVE('',#1071,#1072,#15,.T.);
#1350=EDGE_CURVE('',#1072,#1073,#578,.T.);
#1351=EDGE_CURVE('',#1073,#1067,#16,.T.);
#1352=EDGE_CURVE('',#1074,#1064,#579,.T.);
#1353=EDGE_CURVE('',#1075,#1074,#915,.T.);
#1354=EDGE_CURVE('',#1076,#1075,#580,.T.);
#1355=EDGE_CURVE('',#1077,#1076,#916,.T.);
#1356=EDGE_CURVE('',#1078,#1077,#581,.T.);
#1357=EDGE_CURVE('',#1079,#1078,#917,.T.);
#1358=EDGE_CURVE('',#1080,#1079,#582,.T.);
#1359=EDGE_CURVE('',#1081,#1080,#918,.T.);
#1360=EDGE_CURVE('',#1082,#1081,#583,.T.);
#1361=EDGE_CURVE('',#1083,#1082,#919,.T.);
#1362=EDGE_CURVE('',#1084,#1083,#584,.T.);
#1363=EDGE_CURVE('',#1085,#1084,#920,.T.);
#1364=EDGE_CURVE('',#1086,#1085,#585,.T.);
#1365=EDGE_CURVE('',#1087,#1086,#921,.T.);
#1366=EDGE_CURVE('',#1088,#1087,#586,.T.);
#1367=EDGE_CURVE('',#1089,#1088,#922,.T.);
#1368=EDGE_CURVE('',#1090,#1089,#587,.T.);
#1369=EDGE_CURVE('',#1091,#1090,#923,.T.);
#1370=EDGE_CURVE('',#1092,#1091,#588,.T.);
#1371=EDGE_CURVE('',#1093,#1092,#924,.T.);
#1372=EDGE_CURVE('',#1094,#1093,#589,.T.);
#1373=EDGE_CURVE('',#1095,#1094,#925,.T.);
#1374=EDGE_CURVE('',#1096,#1095,#590,.T.);
#1375=EDGE_CURVE('',#1097,#1096,#926,.T.);
#1376=EDGE_CURVE('',#1098,#1097,#591,.T.);
#1377=EDGE_CURVE('',#1070,#1098,#927,.T.);
#1378=EDGE_CURVE('',#1065,#1099,#17,.T.);
#1379=EDGE_CURVE('',#1099,#1100,#592,.T.);
#1380=EDGE_CURVE('',#1074,#1100,#593,.T.);
#1381=EDGE_CURVE('',#1077,#1101,#52,.T.);
#1382=EDGE_CURVE('',#1102,#1076,#53,.T.);
#1383=EDGE_CURVE('',#1103,#1102,#54,.T.);
#1384=EDGE_CURVE('',#1103,#1104,#928,.T.);
#1385=EDGE_CURVE('',#1101,#1104,#55,.T.);
#1386=EDGE_CURVE('',#1105,#1102,#18,.T.);
#1387=EDGE_CURVE('',#1105,#1106,#594,.T.);
#1388=EDGE_CURVE('',#1106,#1107,#929,.T.);
#1389=EDGE_CURVE('',#1107,#1103,#595,.T.);
#1390=EDGE_CURVE('',#1075,#1108,#596,.T.);
#1391=EDGE_CURVE('',#1108,#1105,#597,.T.);
#1392=EDGE_CURVE('',#1079,#1109,#56,.T.);
#1393=EDGE_CURVE('',#1110,#1078,#57,.T.);
#1394=EDGE_CURVE('',#1111,#1110,#58,.T.);
#1395=EDGE_CURVE('',#1111,#1112,#930,.T.);
#1396=EDGE_CURVE('',#1109,#1112,#59,.T.);
#1397=EDGE_CURVE('',#1101,#1113,#19,.T.);
#1398=EDGE_CURVE('',#1113,#1114,#598,.T.);
#1399=EDGE_CURVE('',#1114,#1110,#20,.T.);
#1400=EDGE_CURVE('',#1109,#1115,#21,.T.);
#1401=EDGE_CURVE('',#1115,#1116,#599,.T.);
#1402=EDGE_CURVE('',#1116,#1117,#22,.T.);
#1403=EDGE_CURVE('',#1117,#1080,#60,.T.);
#1404=EDGE_CURVE('',#1081,#1118,#61,.T.);
#1405=EDGE_CURVE('',#1119,#1117,#62,.T.);
#1406=EDGE_CURVE('',#1119,#1120,#931,.T.);
#1407=EDGE_CURVE('',#1118,#1120,#63,.T.);
#1408=EDGE_CURVE('',#1118,#1121,#23,.T.);
#1409=EDGE_CURVE('',#1121,#1122,#600,.T.);
#1410=EDGE_CURVE('',#1122,#1082,#601,.T.);
#1411=EDGE_CURVE('',#1120,#1123,#602,.T.);
#1412=EDGE_CURVE('',#1123,#1124,#932,.T.);
#1413=EDGE_CURVE('',#1124,#1121,#603,.T.);
#1414=EDGE_CURVE('',#1125,#1119,#604,.T.);
#1415=EDGE_CURVE('',#1123,#1125,#933,.T.);
#1416=EDGE_CURVE('',#1085,#1126,#64,.T.);
#1417=EDGE_CURVE('',#1127,#1084,#65,.T.);
#1418=EDGE_CURVE('',#1128,#1127,#66,.T.);
#1419=EDGE_CURVE('',#1128,#1129,#934,.T.);
#1420=EDGE_CURVE('',#1126,#1129,#67,.T.);
#1421=EDGE_CURVE('',#1126,#1130,#24,.T.);
#1422=EDGE_CURVE('',#1130,#1131,#605,.T.);
#1423=EDGE_CURVE('',#1131,#1132,#25,.T.);
#1424=EDGE_CURVE('',#1132,#1086,#68,.T.);
#1425=EDGE_CURVE('',#1129,#1133,#606,.T.);
#1426=EDGE_CURVE('',#1133,#1134,#935,.T.);
#1427=EDGE_CURVE('',#1134,#1130,#607,.T.);
#1428=EDGE_CURVE('',#1135,#1128,#608,.T.);
#1429=EDGE_CURVE('',#1133,#1135,#936,.T.);
#1430=EDGE_CURVE('',#1087,#1136,#69,.T.);
#1431=EDGE_CURVE('',#1137,#1132,#70,.T.);
#1432=EDGE_CURVE('',#1137,#1138,#937,.T.);
#1433=EDGE_CURVE('',#1136,#1138,#71,.T.);
#1434=EDGE_CURVE('',#1136,#1139,#26,.T.);
#1435=EDGE_CURVE('',#1139,#1140,#609,.T.);
#1436=EDGE_CURVE('',#1088,#1140,#610,.T.);
#1437=EDGE_CURVE('',#1138,#1141,#611,.T.);
#1438=EDGE_CURVE('',#1141,#1142,#938,.T.);
#1439=EDGE_CURVE('',#1142,#1139,#612,.T.);
#1440=EDGE_CURVE('',#1143,#1137,#613,.T.);
#1441=EDGE_CURVE('',#1141,#1143,#939,.T.);
#1442=EDGE_CURVE('',#1091,#1144,#72,.T.);
#1443=EDGE_CURVE('',#1145,#1090,#73,.T.);
#1444=EDGE_CURVE('',#1146,#1145,#74,.T.);
#1445=EDGE_CURVE('',#1146,#1147,#940,.T.);
#1446=EDGE_CURVE('',#1144,#1147,#75,.T.);
#1447=EDGE_CURVE('',#1148,#1145,#27,.T.);
#1448=EDGE_CURVE('',#1148,#1149,#614,.T.);
#1449=EDGE_CURVE('',#1149,#1150,#941,.T.);
#1450=EDGE_CURVE('',#1150,#1146,#615,.T.);
#1451=EDGE_CURVE('',#1089,#1151,#616,.T.);
#1452=EDGE_CURVE('',#1151,#1148,#617,.T.);
#1453=EDGE_CURVE('',#1093,#1152,#76,.T.);
#1454=EDGE_CURVE('',#1153,#1092,#77,.T.);
#1455=EDGE_CURVE('',#1154,#1153,#78,.T.);
#1456=EDGE_CURVE('',#1154,#1155,#942,.T.);
#1457=EDGE_CURVE('',#1152,#1155,#79,.T.);
#1458=EDGE_CURVE('',#1156,#1153,#28,.T.);
#1459=EDGE_CURVE('',#1156,#1157,#618,.T.);
#1460=EDGE_CURVE('',#1157,#1158,#943,.T.);
#1461=EDGE_CURVE('',#1158,#1154,#619,.T.);
#1462=EDGE_CURVE('',#1144,#1159,#29,.T.);
#1463=EDGE_CURVE('',#1159,#1156,#620,.T.);
#1464=EDGE_CURVE('',#1095,#1160,#80,.T.);
#1465=EDGE_CURVE('',#1161,#1094,#81,.T.);
#1466=EDGE_CURVE('',#1162,#1161,#82,.T.);
#1467=EDGE_CURVE('',#1162,#1163,#944,.T.);
#1468=EDGE_CURVE('',#1160,#1163,#83,.T.);
#1469=EDGE_CURVE('',#1152,#1164,#30,.T.);
#1470=EDGE_CURVE('',#1164,#1165,#621,.T.);
#1471=EDGE_CURVE('',#1165,#1161,#31,.T.);
#1472=EDGE_CURVE('',#1160,#1166,#32,.T.);
#1473=EDGE_CURVE('',#1166,#1167,#622,.T.);
#1474=EDGE_CURVE('',#1096,#1167,#623,.T.);
#1475=EDGE_CURVE('',#1168,#1098,#84,.T.);
#1476=EDGE_CURVE('',#1169,#1168,#85,.T.);
#1477=EDGE_CURVE('',#1169,#1170,#945,.T.);
#1478=EDGE_CURVE('',#1071,#1170,#86,.T.);
#1479=EDGE_CURVE('',#1170,#1171,#624,.T.);
#1480=EDGE_CURVE('',#1171,#1172,#946,.T.);
#1481=EDGE_CURVE('',#1172,#1072,#625,.T.);
#1482=EDGE_CURVE('',#1173,#1169,#626,.T.);
#1483=EDGE_CURVE('',#1171,#1173,#947,.T.);
#1484=EDGE_CURVE('',#1155,#1174,#627,.T.);
#1485=EDGE_CURVE('',#1174,#1175,#948,.T.);
#1486=EDGE_CURVE('',#1175,#1164,#628,.T.);
#1487=EDGE_CURVE('',#1174,#1158,#949,.T.);
#1488=EDGE_CURVE('',#1147,#1176,#629,.T.);
#1489=EDGE_CURVE('',#1176,#1177,#950,.T.);
#1490=EDGE_CURVE('',#1177,#1159,#630,.T.);
#1491=EDGE_CURVE('',#1176,#1150,#951,.T.);
#1492=EDGE_CURVE('',#1178,#1151,#631,.T.);
#1493=EDGE_CURVE('',#1149,#1178,#632,.T.);
#1494=EDGE_CURVE('',#1131,#1179,#633,.T.);
#1495=EDGE_CURVE('',#1179,#1143,#952,.T.);
#1496=EDGE_CURVE('',#1180,#1127,#33,.T.);
#1497=EDGE_CURVE('',#1180,#1181,#634,.T.);
#1498=EDGE_CURVE('',#1181,#1135,#953,.T.);
#1499=EDGE_CURVE('',#1112,#1182,#635,.T.);
#1500=EDGE_CURVE('',#1182,#1183,#954,.T.);
#1501=EDGE_CURVE('',#1183,#1115,#636,.T.);
#1502=EDGE_CURVE('',#1184,#1111,#637,.T.);
#1503=EDGE_CURVE('',#1182,#1184,#955,.T.);
#1504=EDGE_CURVE('',#1114,#1185,#638,.T.);
#1505=EDGE_CURVE('',#1185,#1184,#956,.T.);
#1506=EDGE_CURVE('',#1186,#1113,#639,.T.);
#1507=EDGE_CURVE('',#1185,#1186,#640,.T.);
#1508=EDGE_CURVE('',#1116,#1187,#641,.T.);
#1509=EDGE_CURVE('',#1187,#1125,#957,.T.);
#1510=EDGE_CURVE('',#1104,#1188,#642,.T.);
#1511=EDGE_CURVE('',#1188,#1186,#958,.T.);
#1512=EDGE_CURVE('',#1188,#1107,#959,.T.);
#1513=EDGE_CURVE('',#1189,#1108,#643,.T.);
#1514=EDGE_CURVE('',#1106,#1189,#644,.T.);
#1515=EDGE_CURVE('',#1069,#1190,#645,.T.);
#1516=EDGE_CURVE('',#1190,#1191,#960,.T.);
#1517=EDGE_CURVE('',#1191,#1099,#646,.T.);
#1518=EDGE_CURVE('',#1192,#1068,#647,.T.);
#1519=EDGE_CURVE('',#1190,#1192,#961,.T.);
#1520=EDGE_CURVE('',#1073,#1193,#648,.T.);
#1521=EDGE_CURVE('',#1193,#1192,#962,.T.);
#1522=EDGE_CURVE('',#1193,#1172,#649,.T.);
#1523=EDGE_CURVE('',#1194,#1168,#34,.T.);
#1524=EDGE_CURVE('',#1194,#1195,#650,.T.);
#1525=EDGE_CURVE('',#1195,#1173,#963,.T.);
#1526=EDGE_CURVE('',#1163,#1196,#651,.T.);
#1527=EDGE_CURVE('',#1196,#1197,#964,.T.);
#1528=EDGE_CURVE('',#1197,#1166,#652,.T.);
#1529=EDGE_CURVE('',#1198,#1162,#653,.T.);
#1530=EDGE_CURVE('',#1196,#1198,#965,.T.);
#1531=EDGE_CURVE('',#1165,#1199,#654,.T.);
#1532=EDGE_CURVE('',#1199,#1198,#966,.T.);
#1533=EDGE_CURVE('',#1199,#1175,#655,.T.);
#1534=EDGE_CURVE('',#1200,#1200,#967,.T.);
#1535=EDGE_CURVE('',#1200,#1201,#656,.T.);
#1536=EDGE_CURVE('',#1202,#1201,#968,.T.);
#1537=EDGE_CURVE('',#1203,#1202,#35,.T.);
#1538=EDGE_CURVE('',#1201,#1203,#969,.T.);
#1539=EDGE_CURVE('',#1204,#1204,#970,.T.);
#1540=EDGE_CURVE('',#1204,#1205,#657,.T.);
#1541=EDGE_CURVE('',#1206,#1205,#971,.T.);
#1542=EDGE_CURVE('',#1207,#1206,#36,.T.);
#1543=EDGE_CURVE('',#1205,#1207,#972,.T.);
#1544=EDGE_CURVE('',#1208,#1208,#973,.T.);
#1545=EDGE_CURVE('',#1208,#1209,#658,.T.);
#1546=EDGE_CURVE('',#1210,#1209,#974,.T.);
#1547=EDGE_CURVE('',#1211,#1210,#37,.T.);
#1548=EDGE_CURVE('',#1209,#1211,#975,.T.);
#1549=EDGE_CURVE('',#1212,#1212,#976,.T.);
#1550=EDGE_CURVE('',#1212,#1213,#659,.T.);
#1551=EDGE_CURVE('',#1214,#1213,#38,.T.);
#1552=EDGE_CURVE('',#1215,#1214,#977,.T.);
#1553=EDGE_CURVE('',#1213,#1215,#39,.T.);
#1554=EDGE_CURVE('',#1216,#1216,#978,.T.);
#1555=EDGE_CURVE('',#1216,#1217,#660,.T.);
#1556=EDGE_CURVE('',#1218,#1217,#979,.T.);
#1557=EDGE_CURVE('',#1219,#1218,#40,.T.);
#1558=EDGE_CURVE('',#1217,#1219,#980,.T.);
#1559=EDGE_CURVE('',#1220,#1220,#981,.T.);
#1560=EDGE_CURVE('',#1220,#1221,#661,.T.);
#1561=EDGE_CURVE('',#1222,#1221,#982,.T.);
#1562=EDGE_CURVE('',#1223,#1222,#41,.T.);
#1563=EDGE_CURVE('',#1221,#1223,#983,.T.);
#1564=EDGE_CURVE('',#1224,#1224,#984,.T.);
#1565=EDGE_CURVE('',#1224,#1225,#662,.T.);
#1566=EDGE_CURVE('',#1226,#1225,#985,.T.);
#1567=EDGE_CURVE('',#1227,#1226,#42,.T.);
#1568=EDGE_CURVE('',#1225,#1227,#986,.T.);
#1569=EDGE_CURVE('',#1228,#1228,#987,.T.);
#1570=EDGE_CURVE('',#1228,#1229,#663,.T.);
#1571=EDGE_CURVE('',#1230,#1229,#988,.T.);
#1572=EDGE_CURVE('',#1231,#1230,#43,.T.);
#1573=EDGE_CURVE('',#1229,#1231,#989,.T.);
#1574=EDGE_CURVE('',#1232,#1232,#990,.T.);
#1575=EDGE_CURVE('',#1232,#1233,#664,.T.);
#1576=EDGE_CURVE('',#1234,#1233,#44,.T.);
#1577=EDGE_CURVE('',#1235,#1234,#991,.T.);
#1578=EDGE_CURVE('',#1233,#1235,#45,.T.);
#1579=EDGE_CURVE('',#1236,#1236,#992,.T.);
#1580=EDGE_CURVE('',#1236,#1237,#665,.T.);
#1581=EDGE_CURVE('',#1238,#1237,#993,.T.);
#1582=EDGE_CURVE('',#1239,#1238,#46,.T.);
#1583=EDGE_CURVE('',#1237,#1239,#994,.T.);
#1584=EDGE_CURVE('',#1157,#1177,#666,.T.);
#1585=EDGE_CURVE('',#1240,#1197,#667,.T.);
#1586=EDGE_CURVE('',#1167,#1240,#668,.T.);
#1587=EDGE_CURVE('',#1222,#1223,#669,.T.);
#1588=EDGE_CURVE('',#1218,#1219,#670,.T.);
#1589=EDGE_CURVE('',#1241,#1124,#671,.T.);
#1590=EDGE_CURVE('',#1122,#1241,#672,.T.);
#1591=EDGE_CURVE('',#1187,#1183,#673,.T.);
#1592=EDGE_CURVE('',#1230,#1231,#674,.T.);
#1593=EDGE_CURVE('',#1226,#1227,#675,.T.);
#1594=EDGE_CURVE('',#1206,#1207,#676,.T.);
#1595=EDGE_CURVE('',#1242,#1180,#677,.T.);
#1596=EDGE_CURVE('',#1243,#1242,#678,.T.);
#1597=EDGE_CURVE('',#1181,#1243,#679,.T.);
#1598=EDGE_CURVE('',#1244,#1142,#680,.T.);
#1599=EDGE_CURVE('',#1140,#1244,#681,.T.);
#1600=EDGE_CURVE('',#1235,#1234,#682,.T.);
#1601=EDGE_CURVE('',#1083,#1242,#683,.T.);
#1602=EDGE_CURVE('',#1245,#1194,#684,.T.);
#1603=EDGE_CURVE('',#1246,#1245,#685,.T.);
#1604=EDGE_CURVE('',#1195,#1246,#686,.T.);
#1605=EDGE_CURVE('',#1247,#1191,#687,.T.);
#1606=EDGE_CURVE('',#1100,#1247,#688,.T.);
#1607=EDGE_CURVE('',#1238,#1239,#689,.T.);
#1608=EDGE_CURVE('',#1215,#1214,#690,.T.);
#1609=EDGE_CURVE('',#1210,#1211,#691,.T.);
#1610=EDGE_CURVE('',#1202,#1203,#692,.T.);
#1611=EDGE_CURVE('',#1097,#1245,#693,.T.);
#1612=EDGE_CURVE('',#1037,#1248,#694,.T.);
#1613=EDGE_CURVE('',#1248,#1249,#995,.T.);
#1614=EDGE_CURVE('',#1249,#1039,#695,.T.);
#1615=EDGE_CURVE('',#1248,#1044,#696,.T.);
#1616=EDGE_CURVE('',#1100,#1108,#996,.T.);
#1617=EDGE_CURVE('',#1167,#1245,#997,.T.);
#1618=EDGE_CURVE('',#1140,#1151,#998,.T.);
#1619=EDGE_CURVE('',#1122,#1242,#999,.T.);
#1620=EDGE_CURVE('',#1244,#1178,#1000,.T.);
#1621=EDGE_CURVE('',#1179,#1134,#697,.T.);
#1622=EDGE_CURVE('',#1241,#1243,#1001,.T.);
#1623=EDGE_CURVE('',#1041,#1250,#698,.T.);
#1624=EDGE_CURVE('',#1250,#1047,#1002,.T.);
#1625=EDGE_CURVE('',#1247,#1189,#1003,.T.);
#1626=EDGE_CURVE('',#1240,#1246,#1004,.T.);
#1627=EDGE_CURVE('',#1250,#1249,#699,.T.);
#1628=ORIENTED_EDGE('',*,*,#1251,.F.);
#1629=ORIENTED_EDGE('',*,*,#1252,.T.);
#1630=ORIENTED_EDGE('',*,*,#1253,.F.);
#1631=ORIENTED_EDGE('',*,*,#1252,.F.);
#1632=ORIENTED_EDGE('',*,*,#1254,.F.);
#1633=ORIENTED_EDGE('',*,*,#1255,.T.);
#1634=ORIENTED_EDGE('',*,*,#1256,.F.);
#1635=ORIENTED_EDGE('',*,*,#1255,.F.);
#1636=ORIENTED_EDGE('',*,*,#1257,.F.);
#1637=ORIENTED_EDGE('',*,*,#1258,.T.);
#1638=ORIENTED_EDGE('',*,*,#1259,.F.);
#1639=ORIENTED_EDGE('',*,*,#1258,.F.);
#1640=ORIENTED_EDGE('',*,*,#1260,.F.);
#1641=ORIENTED_EDGE('',*,*,#1261,.T.);
#1642=ORIENTED_EDGE('',*,*,#1262,.F.);
#1643=ORIENTED_EDGE('',*,*,#1261,.F.);
#1644=ORIENTED_EDGE('',*,*,#1263,.F.);
#1645=ORIENTED_EDGE('',*,*,#1264,.T.);
#1646=ORIENTED_EDGE('',*,*,#1265,.F.);
#1647=ORIENTED_EDGE('',*,*,#1264,.F.);
#1648=ORIENTED_EDGE('',*,*,#1266,.F.);
#1649=ORIENTED_EDGE('',*,*,#1267,.T.);
#1650=ORIENTED_EDGE('',*,*,#1268,.F.);
#1651=ORIENTED_EDGE('',*,*,#1267,.F.);
#1652=ORIENTED_EDGE('',*,*,#1269,.F.);
#1653=ORIENTED_EDGE('',*,*,#1270,.T.);
#1654=ORIENTED_EDGE('',*,*,#1271,.F.);
#1655=ORIENTED_EDGE('',*,*,#1270,.F.);
#1656=ORIENTED_EDGE('',*,*,#1272,.F.);
#1657=ORIENTED_EDGE('',*,*,#1273,.T.);
#1658=ORIENTED_EDGE('',*,*,#1274,.F.);
#1659=ORIENTED_EDGE('',*,*,#1273,.F.);
#1660=ORIENTED_EDGE('',*,*,#1275,.F.);
#1661=ORIENTED_EDGE('',*,*,#1276,.T.);
#1662=ORIENTED_EDGE('',*,*,#1277,.F.);
#1663=ORIENTED_EDGE('',*,*,#1276,.F.);
#1664=ORIENTED_EDGE('',*,*,#1278,.F.);
#1665=ORIENTED_EDGE('',*,*,#1279,.T.);
#1666=ORIENTED_EDGE('',*,*,#1280,.F.);
#1667=ORIENTED_EDGE('',*,*,#1279,.F.);
#1668=ORIENTED_EDGE('',*,*,#1281,.F.);
#1669=ORIENTED_EDGE('',*,*,#1282,.T.);
#1670=ORIENTED_EDGE('',*,*,#1283,.F.);
#1671=ORIENTED_EDGE('',*,*,#1282,.F.);
#1672=ORIENTED_EDGE('',*,*,#1284,.T.);
#1673=ORIENTED_EDGE('',*,*,#1285,.T.);
#1674=ORIENTED_EDGE('',*,*,#1286,.T.);
#1675=ORIENTED_EDGE('',*,*,#1287,.T.);
#1676=ORIENTED_EDGE('',*,*,#1288,.T.);
#1677=ORIENTED_EDGE('',*,*,#1289,.T.);
#1678=ORIENTED_EDGE('',*,*,#1284,.F.);
#1679=ORIENTED_EDGE('',*,*,#1290,.T.);
#1680=ORIENTED_EDGE('',*,*,#1291,.T.);
#1681=ORIENTED_EDGE('',*,*,#1292,.T.);
#1682=ORIENTED_EDGE('',*,*,#1288,.F.);
#1683=ORIENTED_EDGE('',*,*,#1293,.T.);
#1684=ORIENTED_EDGE('',*,*,#1294,.T.);
#1685=ORIENTED_EDGE('',*,*,#1295,.T.);
#1686=ORIENTED_EDGE('',*,*,#1291,.F.);
#1687=ORIENTED_EDGE('',*,*,#1296,.T.);
#1688=ORIENTED_EDGE('',*,*,#1297,.T.);
#1689=ORIENTED_EDGE('',*,*,#1298,.T.);
#1690=ORIENTED_EDGE('',*,*,#1294,.F.);
#1691=ORIENTED_EDGE('',*,*,#1299,.T.);
#1692=ORIENTED_EDGE('',*,*,#1300,.T.);
#1693=ORIENTED_EDGE('',*,*,#1301,.T.);
#1694=ORIENTED_EDGE('',*,*,#1297,.F.);
#1695=ORIENTED_EDGE('',*,*,#1302,.T.);
#1696=ORIENTED_EDGE('',*,*,#1303,.T.);
#1697=ORIENTED_EDGE('',*,*,#1304,.T.);
#1698=ORIENTED_EDGE('',*,*,#1300,.F.);
#1699=ORIENTED_EDGE('',*,*,#1305,.T.);
#1700=ORIENTED_EDGE('',*,*,#1286,.F.);
#1701=ORIENTED_EDGE('',*,*,#1306,.T.);
#1702=ORIENTED_EDGE('',*,*,#1303,.F.);
#1703=ORIENTED_EDGE('',*,*,#1307,.T.);
#1704=ORIENTED_EDGE('',*,*,#1296,.F.);
#1705=ORIENTED_EDGE('',*,*,#1308,.T.);
#1706=ORIENTED_EDGE('',*,*,#1309,.T.);
#1707=ORIENTED_EDGE('',*,*,#1310,.T.);
#1708=ORIENTED_EDGE('',*,*,#1293,.F.);
#1709=ORIENTED_EDGE('',*,*,#1311,.F.);
#1710=ORIENTED_EDGE('',*,*,#1312,.F.);
#1711=ORIENTED_EDGE('',*,*,#1308,.F.);
#1712=ORIENTED_EDGE('',*,*,#1290,.F.);
#1713=ORIENTED_EDGE('',*,*,#1313,.T.);
#1714=ORIENTED_EDGE('',*,*,#1314,.T.);
#1715=ORIENTED_EDGE('',*,*,#1311,.T.);
#1716=ORIENTED_EDGE('',*,*,#1287,.F.);
#1717=ORIENTED_EDGE('',*,*,#1315,.F.);
#1718=ORIENTED_EDGE('',*,*,#1316,.F.);
#1719=ORIENTED_EDGE('',*,*,#1313,.F.);
#1720=ORIENTED_EDGE('',*,*,#1317,.T.);
#1721=ORIENTED_EDGE('',*,*,#1318,.T.);
#1722=ORIENTED_EDGE('',*,*,#1319,.T.);
#1723=ORIENTED_EDGE('',*,*,#1320,.T.);
#1724=ORIENTED_EDGE('',*,*,#1321,.T.);
#1725=ORIENTED_EDGE('',*,*,#1322,.T.);
#1726=ORIENTED_EDGE('',*,*,#1323,.T.);
#1727=ORIENTED_EDGE('',*,*,#1324,.T.);
#1728=ORIENTED_EDGE('',*,*,#1260,.T.);
#1729=ORIENTED_EDGE('',*,*,#1263,.T.);
#1730=ORIENTED_EDGE('',*,*,#1266,.T.);
#1731=ORIENTED_EDGE('',*,*,#1269,.T.);
#1732=ORIENTED_EDGE('',*,*,#1272,.T.);
#1733=ORIENTED_EDGE('',*,*,#1275,.T.);
#1734=ORIENTED_EDGE('',*,*,#1278,.T.);
#1735=ORIENTED_EDGE('',*,*,#1281,.T.);
#1736=ORIENTED_EDGE('',*,*,#1285,.F.);
#1737=ORIENTED_EDGE('',*,*,#1289,.F.);
#1738=ORIENTED_EDGE('',*,*,#1292,.F.);
#1739=ORIENTED_EDGE('',*,*,#1295,.F.);
#1740=ORIENTED_EDGE('',*,*,#1298,.F.);
#1741=ORIENTED_EDGE('',*,*,#1301,.F.);
#1742=ORIENTED_EDGE('',*,*,#1304,.F.);
#1743=ORIENTED_EDGE('',*,*,#1306,.F.);
#1744=ORIENTED_EDGE('',*,*,#1325,.F.);
#1745=ORIENTED_EDGE('',*,*,#1326,.T.);
#1746=ORIENTED_EDGE('',*,*,#1324,.F.);
#1747=ORIENTED_EDGE('',*,*,#1327,.F.);
#1748=ORIENTED_EDGE('',*,*,#1328,.F.);
#1749=ORIENTED_EDGE('',*,*,#1327,.T.);
#1750=ORIENTED_EDGE('',*,*,#1323,.F.);
#1751=ORIENTED_EDGE('',*,*,#1329,.F.);
#1752=ORIENTED_EDGE('',*,*,#1330,.F.);
#1753=ORIENTED_EDGE('',*,*,#1329,.T.);
#1754=ORIENTED_EDGE('',*,*,#1322,.F.);
#1755=ORIENTED_EDGE('',*,*,#1331,.F.);
#1756=ORIENTED_EDGE('',*,*,#1332,.F.);
#1757=ORIENTED_EDGE('',*,*,#1331,.T.);
#1758=ORIENTED_EDGE('',*,*,#1321,.F.);
#1759=ORIENTED_EDGE('',*,*,#1333,.F.);
#1760=ORIENTED_EDGE('',*,*,#1334,.F.);
#1761=ORIENTED_EDGE('',*,*,#1333,.T.);
#1762=ORIENTED_EDGE('',*,*,#1320,.F.);
#1763=ORIENTED_EDGE('',*,*,#1335,.F.);
#1764=ORIENTED_EDGE('',*,*,#1336,.F.);
#1765=ORIENTED_EDGE('',*,*,#1335,.T.);
#1766=ORIENTED_EDGE('',*,*,#1319,.F.);
#1767=ORIENTED_EDGE('',*,*,#1337,.F.);
#1768=ORIENTED_EDGE('',*,*,#1338,.F.);
#1769=ORIENTED_EDGE('',*,*,#1337,.T.);
#1770=ORIENTED_EDGE('',*,*,#1318,.F.);
#1771=ORIENTED_EDGE('',*,*,#1339,.F.);
#1772=ORIENTED_EDGE('',*,*,#1340,.F.);
#1773=ORIENTED_EDGE('',*,*,#1339,.T.);
#1774=ORIENTED_EDGE('',*,*,#1317,.F.);
#1775=ORIENTED_EDGE('',*,*,#1326,.F.);
#1776=ORIENTED_EDGE('',*,*,#1341,.F.);
#1777=ORIENTED_EDGE('',*,*,#1342,.T.);
#1778=ORIENTED_EDGE('',*,*,#1343,.F.);
#1779=ORIENTED_EDGE('',*,*,#1344,.F.);
#1780=ORIENTED_EDGE('',*,*,#1345,.T.);
#1781=ORIENTED_EDGE('',*,*,#1346,.F.);
#1782=ORIENTED_EDGE('',*,*,#1343,.T.);
#1783=ORIENTED_EDGE('',*,*,#1347,.T.);
#1784=ORIENTED_EDGE('',*,*,#1348,.T.);
#1785=ORIENTED_EDGE('',*,*,#1349,.T.);
#1786=ORIENTED_EDGE('',*,*,#1350,.T.);
#1787=ORIENTED_EDGE('',*,*,#1351,.T.);
#1788=ORIENTED_EDGE('',*,*,#1342,.F.);
#1789=ORIENTED_EDGE('',*,*,#1352,.F.);
#1790=ORIENTED_EDGE('',*,*,#1353,.F.);
#1791=ORIENTED_EDGE('',*,*,#1354,.F.);
#1792=ORIENTED_EDGE('',*,*,#1355,.F.);
#1793=ORIENTED_EDGE('',*,*,#1356,.F.);
#1794=ORIENTED_EDGE('',*,*,#1357,.F.);
#1795=ORIENTED_EDGE('',*,*,#1358,.F.);
#1796=ORIENTED_EDGE('',*,*,#1359,.F.);
#1797=ORIENTED_EDGE('',*,*,#1360,.F.);
#1798=ORIENTED_EDGE('',*,*,#1361,.F.);
#1799=ORIENTED_EDGE('',*,*,#1362,.F.);
#1800=ORIENTED_EDGE('',*,*,#1363,.F.);
#1801=ORIENTED_EDGE('',*,*,#1364,.F.);
#1802=ORIENTED_EDGE('',*,*,#1365,.F.);
#1803=ORIENTED_EDGE('',*,*,#1366,.F.);
#1804=ORIENTED_EDGE('',*,*,#1367,.F.);
#1805=ORIENTED_EDGE('',*,*,#1368,.F.);
#1806=ORIENTED_EDGE('',*,*,#1369,.F.);
#1807=ORIENTED_EDGE('',*,*,#1370,.F.);
#1808=ORIENTED_EDGE('',*,*,#1371,.F.);
#1809=ORIENTED_EDGE('',*,*,#1372,.F.);
#1810=ORIENTED_EDGE('',*,*,#1373,.F.);
#1811=ORIENTED_EDGE('',*,*,#1374,.F.);
#1812=ORIENTED_EDGE('',*,*,#1375,.F.);
#1813=ORIENTED_EDGE('',*,*,#1376,.F.);
#1814=ORIENTED_EDGE('',*,*,#1377,.F.);
#1815=ORIENTED_EDGE('',*,*,#1347,.F.);
#1816=ORIENTED_EDGE('',*,*,#1251,.T.);
#1817=ORIENTED_EDGE('',*,*,#1254,.T.);
#1818=ORIENTED_EDGE('',*,*,#1257,.T.);
#1819=ORIENTED_EDGE('',*,*,#1341,.T.);
#1820=ORIENTED_EDGE('',*,*,#1378,.T.);
#1821=ORIENTED_EDGE('',*,*,#1379,.T.);
#1822=ORIENTED_EDGE('',*,*,#1380,.F.);
#1823=ORIENTED_EDGE('',*,*,#1352,.T.);
#1824=ORIENTED_EDGE('',*,*,#1381,.F.);
#1825=ORIENTED_EDGE('',*,*,#1355,.T.);
#1826=ORIENTED_EDGE('',*,*,#1382,.F.);
#1827=ORIENTED_EDGE('',*,*,#1383,.F.);
#1828=ORIENTED_EDGE('',*,*,#1384,.T.);
#1829=ORIENTED_EDGE('',*,*,#1385,.F.);
#1830=ORIENTED_EDGE('',*,*,#1383,.T.);
#1831=ORIENTED_EDGE('',*,*,#1386,.F.);
#1832=ORIENTED_EDGE('',*,*,#1387,.T.);
#1833=ORIENTED_EDGE('',*,*,#1388,.T.);
#1834=ORIENTED_EDGE('',*,*,#1389,.T.);
#1835=ORIENTED_EDGE('',*,*,#1382,.T.);
#1836=ORIENTED_EDGE('',*,*,#1354,.T.);
#1837=ORIENTED_EDGE('',*,*,#1390,.T.);
#1838=ORIENTED_EDGE('',*,*,#1391,.T.);
#1839=ORIENTED_EDGE('',*,*,#1386,.T.);
#1840=ORIENTED_EDGE('',*,*,#1392,.F.);
#1841=ORIENTED_EDGE('',*,*,#1357,.T.);
#1842=ORIENTED_EDGE('',*,*,#1393,.F.);
#1843=ORIENTED_EDGE('',*,*,#1394,.F.);
#1844=ORIENTED_EDGE('',*,*,#1395,.T.);
#1845=ORIENTED_EDGE('',*,*,#1396,.F.);
#1846=ORIENTED_EDGE('',*,*,#1381,.T.);
#1847=ORIENTED_EDGE('',*,*,#1397,.T.);
#1848=ORIENTED_EDGE('',*,*,#1398,.T.);
#1849=ORIENTED_EDGE('',*,*,#1399,.T.);
#1850=ORIENTED_EDGE('',*,*,#1393,.T.);
#1851=ORIENTED_EDGE('',*,*,#1356,.T.);
#1852=ORIENTED_EDGE('',*,*,#1392,.T.);
#1853=ORIENTED_EDGE('',*,*,#1400,.T.);
#1854=ORIENTED_EDGE('',*,*,#1401,.T.);
#1855=ORIENTED_EDGE('',*,*,#1402,.T.);
#1856=ORIENTED_EDGE('',*,*,#1403,.T.);
#1857=ORIENTED_EDGE('',*,*,#1358,.T.);
#1858=ORIENTED_EDGE('',*,*,#1404,.F.);
#1859=ORIENTED_EDGE('',*,*,#1359,.T.);
#1860=ORIENTED_EDGE('',*,*,#1403,.F.);
#1861=ORIENTED_EDGE('',*,*,#1405,.F.);
#1862=ORIENTED_EDGE('',*,*,#1406,.T.);
#1863=ORIENTED_EDGE('',*,*,#1407,.F.);
#1864=ORIENTED_EDGE('',*,*,#1404,.T.);
#1865=ORIENTED_EDGE('',*,*,#1408,.T.);
#1866=ORIENTED_EDGE('',*,*,#1409,.T.);
#1867=ORIENTED_EDGE('',*,*,#1410,.T.);
#1868=ORIENTED_EDGE('',*,*,#1360,.T.);
#1869=ORIENTED_EDGE('',*,*,#1407,.T.);
#1870=ORIENTED_EDGE('',*,*,#1411,.T.);
#1871=ORIENTED_EDGE('',*,*,#1412,.T.);
#1872=ORIENTED_EDGE('',*,*,#1413,.T.);
#1873=ORIENTED_EDGE('',*,*,#1408,.F.);
#1874=ORIENTED_EDGE('',*,*,#1406,.F.);
#1875=ORIENTED_EDGE('',*,*,#1414,.F.);
#1876=ORIENTED_EDGE('',*,*,#1415,.F.);
#1877=ORIENTED_EDGE('',*,*,#1411,.F.);
#1878=ORIENTED_EDGE('',*,*,#1416,.F.);
#1879=ORIENTED_EDGE('',*,*,#1363,.T.);
#1880=ORIENTED_EDGE('',*,*,#1417,.F.);
#1881=ORIENTED_EDGE('',*,*,#1418,.F.);
#1882=ORIENTED_EDGE('',*,*,#1419,.T.);
#1883=ORIENTED_EDGE('',*,*,#1420,.F.);
#1884=ORIENTED_EDGE('',*,*,#1416,.T.);
#1885=ORIENTED_EDGE('',*,*,#1421,.T.);
#1886=ORIENTED_EDGE('',*,*,#1422,.T.);
#1887=ORIENTED_EDGE('',*,*,#1423,.T.);
#1888=ORIENTED_EDGE('',*,*,#1424,.T.);
#1889=ORIENTED_EDGE('',*,*,#1364,.T.);
#1890=ORIENTED_EDGE('',*,*,#1420,.T.);
#1891=ORIENTED_EDGE('',*,*,#1425,.T.);
#1892=ORIENTED_EDGE('',*,*,#1426,.T.);
#1893=ORIENTED_EDGE('',*,*,#1427,.T.);
#1894=ORIENTED_EDGE('',*,*,#1421,.F.);
#1895=ORIENTED_EDGE('',*,*,#1419,.F.);
#1896=ORIENTED_EDGE('',*,*,#1428,.F.);
#1897=ORIENTED_EDGE('',*,*,#1429,.F.);
#1898=ORIENTED_EDGE('',*,*,#1425,.F.);
#1899=ORIENTED_EDGE('',*,*,#1430,.F.);
#1900=ORIENTED_EDGE('',*,*,#1365,.T.);
#1901=ORIENTED_EDGE('',*,*,#1424,.F.);
#1902=ORIENTED_EDGE('',*,*,#1431,.F.);
#1903=ORIENTED_EDGE('',*,*,#1432,.T.);
#1904=ORIENTED_EDGE('',*,*,#1433,.F.);
#1905=ORIENTED_EDGE('',*,*,#1430,.T.);
#1906=ORIENTED_EDGE('',*,*,#1434,.T.);
#1907=ORIENTED_EDGE('',*,*,#1435,.T.);
#1908=ORIENTED_EDGE('',*,*,#1436,.F.);
#1909=ORIENTED_EDGE('',*,*,#1366,.T.);
#1910=ORIENTED_EDGE('',*,*,#1433,.T.);
#1911=ORIENTED_EDGE('',*,*,#1437,.T.);
#1912=ORIENTED_EDGE('',*,*,#1438,.T.);
#1913=ORIENTED_EDGE('',*,*,#1439,.T.);
#1914=ORIENTED_EDGE('',*,*,#1434,.F.);
#1915=ORIENTED_EDGE('',*,*,#1432,.F.);
#1916=ORIENTED_EDGE('',*,*,#1440,.F.);
#1917=ORIENTED_EDGE('',*,*,#1441,.F.);
#1918=ORIENTED_EDGE('',*,*,#1437,.F.);
#1919=ORIENTED_EDGE('',*,*,#1442,.F.);
#1920=ORIENTED_EDGE('',*,*,#1369,.T.);
#1921=ORIENTED_EDGE('',*,*,#1443,.F.);
#1922=ORIENTED_EDGE('',*,*,#1444,.F.);
#1923=ORIENTED_EDGE('',*,*,#1445,.T.);
#1924=ORIENTED_EDGE('',*,*,#1446,.F.);
#1925=ORIENTED_EDGE('',*,*,#1444,.T.);
#1926=ORIENTED_EDGE('',*,*,#1447,.F.);
#1927=ORIENTED_EDGE('',*,*,#1448,.T.);
#1928=ORIENTED_EDGE('',*,*,#1449,.T.);
#1929=ORIENTED_EDGE('',*,*,#1450,.T.);
#1930=ORIENTED_EDGE('',*,*,#1443,.T.);
#1931=ORIENTED_EDGE('',*,*,#1368,.T.);
#1932=ORIENTED_EDGE('',*,*,#1451,.T.);
#1933=ORIENTED_EDGE('',*,*,#1452,.T.);
#1934=ORIENTED_EDGE('',*,*,#1447,.T.);
#1935=ORIENTED_EDGE('',*,*,#1453,.F.);
#1936=ORIENTED_EDGE('',*,*,#1371,.T.);
#1937=ORIENTED_EDGE('',*,*,#1454,.F.);
#1938=ORIENTED_EDGE('',*,*,#1455,.F.);
#1939=ORIENTED_EDGE('',*,*,#1456,.T.);
#1940=ORIENTED_EDGE('',*,*,#1457,.F.);
#1941=ORIENTED_EDGE('',*,*,#1455,.T.);
#1942=ORIENTED_EDGE('',*,*,#1458,.F.);
#1943=ORIENTED_EDGE('',*,*,#1459,.T.);
#1944=ORIENTED_EDGE('',*,*,#1460,.T.);
#1945=ORIENTED_EDGE('',*,*,#1461,.T.);
#1946=ORIENTED_EDGE('',*,*,#1442,.T.);
#1947=ORIENTED_EDGE('',*,*,#1462,.T.);
#1948=ORIENTED_EDGE('',*,*,#1463,.T.);
#1949=ORIENTED_EDGE('',*,*,#1458,.T.);
#1950=ORIENTED_EDGE('',*,*,#1454,.T.);
#1951=ORIENTED_EDGE('',*,*,#1370,.T.);
#1952=ORIENTED_EDGE('',*,*,#1464,.F.);
#1953=ORIENTED_EDGE('',*,*,#1373,.T.);
#1954=ORIENTED_EDGE('',*,*,#1465,.F.);
#1955=ORIENTED_EDGE('',*,*,#1466,.F.);
#1956=ORIENTED_EDGE('',*,*,#1467,.T.);
#1957=ORIENTED_EDGE('',*,*,#1468,.F.);
#1958=ORIENTED_EDGE('',*,*,#1453,.T.);
#1959=ORIENTED_EDGE('',*,*,#1469,.T.);
#1960=ORIENTED_EDGE('',*,*,#1470,.T.);
#1961=ORIENTED_EDGE('',*,*,#1471,.T.);
#1962=ORIENTED_EDGE('',*,*,#1465,.T.);
#1963=ORIENTED_EDGE('',*,*,#1372,.T.);
#1964=ORIENTED_EDGE('',*,*,#1464,.T.);
#1965=ORIENTED_EDGE('',*,*,#1472,.T.);
#1966=ORIENTED_EDGE('',*,*,#1473,.T.);
#1967=ORIENTED_EDGE('',*,*,#1474,.F.);
#1968=ORIENTED_EDGE('',*,*,#1374,.T.);
#1969=ORIENTED_EDGE('',*,*,#1348,.F.);
#1970=ORIENTED_EDGE('',*,*,#1377,.T.);
#1971=ORIENTED_EDGE('',*,*,#1475,.F.);
#1972=ORIENTED_EDGE('',*,*,#1476,.F.);
#1973=ORIENTED_EDGE('',*,*,#1477,.T.);
#1974=ORIENTED_EDGE('',*,*,#1478,.F.);
#1975=ORIENTED_EDGE('',*,*,#1478,.T.);
#1976=ORIENTED_EDGE('',*,*,#1479,.T.);
#1977=ORIENTED_EDGE('',*,*,#1480,.T.);
#1978=ORIENTED_EDGE('',*,*,#1481,.T.);
#1979=ORIENTED_EDGE('',*,*,#1349,.F.);
#1980=ORIENTED_EDGE('',*,*,#1477,.F.);
#1981=ORIENTED_EDGE('',*,*,#1482,.F.);
#1982=ORIENTED_EDGE('',*,*,#1483,.F.);
#1983=ORIENTED_EDGE('',*,*,#1479,.F.);
#1984=ORIENTED_EDGE('',*,*,#1457,.T.);
#1985=ORIENTED_EDGE('',*,*,#1484,.T.);
#1986=ORIENTED_EDGE('',*,*,#1485,.T.);
#1987=ORIENTED_EDGE('',*,*,#1486,.T.);
#1988=ORIENTED_EDGE('',*,*,#1469,.F.);
#1989=ORIENTED_EDGE('',*,*,#1456,.F.);
#1990=ORIENTED_EDGE('',*,*,#1461,.F.);
#1991=ORIENTED_EDGE('',*,*,#1487,.F.);
#1992=ORIENTED_EDGE('',*,*,#1484,.F.);
#1993=ORIENTED_EDGE('',*,*,#1446,.T.);
#1994=ORIENTED_EDGE('',*,*,#1488,.T.);
#1995=ORIENTED_EDGE('',*,*,#1489,.T.);
#1996=ORIENTED_EDGE('',*,*,#1490,.T.);
#1997=ORIENTED_EDGE('',*,*,#1462,.F.);
#1998=ORIENTED_EDGE('',*,*,#1445,.F.);
#1999=ORIENTED_EDGE('',*,*,#1450,.F.);
#2000=ORIENTED_EDGE('',*,*,#1491,.F.);
#2001=ORIENTED_EDGE('',*,*,#1488,.F.);
#2002=ORIENTED_EDGE('',*,*,#1448,.F.);
#2003=ORIENTED_EDGE('',*,*,#1452,.F.);
#2004=ORIENTED_EDGE('',*,*,#1492,.F.);
#2005=ORIENTED_EDGE('',*,*,#1493,.F.);
#2006=ORIENTED_EDGE('',*,*,#1431,.T.);
#2007=ORIENTED_EDGE('',*,*,#1423,.F.);
#2008=ORIENTED_EDGE('',*,*,#1494,.T.);
#2009=ORIENTED_EDGE('',*,*,#1495,.T.);
#2010=ORIENTED_EDGE('',*,*,#1440,.T.);
#2011=ORIENTED_EDGE('',*,*,#1418,.T.);
#2012=ORIENTED_EDGE('',*,*,#1496,.F.);
#2013=ORIENTED_EDGE('',*,*,#1497,.T.);
#2014=ORIENTED_EDGE('',*,*,#1498,.T.);
#2015=ORIENTED_EDGE('',*,*,#1428,.T.);
#2016=ORIENTED_EDGE('',*,*,#1396,.T.);
#2017=ORIENTED_EDGE('',*,*,#1499,.T.);
#2018=ORIENTED_EDGE('',*,*,#1500,.T.);
#2019=ORIENTED_EDGE('',*,*,#1501,.T.);
#2020=ORIENTED_EDGE('',*,*,#1400,.F.);
#2021=ORIENTED_EDGE('',*,*,#1395,.F.);
#2022=ORIENTED_EDGE('',*,*,#1502,.F.);
#2023=ORIENTED_EDGE('',*,*,#1503,.F.);
#2024=ORIENTED_EDGE('',*,*,#1499,.F.);
#2025=ORIENTED_EDGE('',*,*,#1394,.T.);
#2026=ORIENTED_EDGE('',*,*,#1399,.F.);
#2027=ORIENTED_EDGE('',*,*,#1504,.T.);
#2028=ORIENTED_EDGE('',*,*,#1505,.T.);
#2029=ORIENTED_EDGE('',*,*,#1502,.T.);
#2030=ORIENTED_EDGE('',*,*,#1504,.F.);
#2031=ORIENTED_EDGE('',*,*,#1398,.F.);
#2032=ORIENTED_EDGE('',*,*,#1506,.F.);
#2033=ORIENTED_EDGE('',*,*,#1507,.F.);
#2034=ORIENTED_EDGE('',*,*,#1405,.T.);
#2035=ORIENTED_EDGE('',*,*,#1402,.F.);
#2036=ORIENTED_EDGE('',*,*,#1508,.T.);
#2037=ORIENTED_EDGE('',*,*,#1509,.T.);
#2038=ORIENTED_EDGE('',*,*,#1414,.T.);
#2039=ORIENTED_EDGE('',*,*,#1385,.T.);
#2040=ORIENTED_EDGE('',*,*,#1510,.T.);
#2041=ORIENTED_EDGE('',*,*,#1511,.T.);
#2042=ORIENTED_EDGE('',*,*,#1506,.T.);
#2043=ORIENTED_EDGE('',*,*,#1397,.F.);
#2044=ORIENTED_EDGE('',*,*,#1384,.F.);
#2045=ORIENTED_EDGE('',*,*,#1389,.F.);
#2046=ORIENTED_EDGE('',*,*,#1512,.F.);
#2047=ORIENTED_EDGE('',*,*,#1510,.F.);
#2048=ORIENTED_EDGE('',*,*,#1387,.F.);
#2049=ORIENTED_EDGE('',*,*,#1391,.F.);
#2050=ORIENTED_EDGE('',*,*,#1513,.F.);
#2051=ORIENTED_EDGE('',*,*,#1514,.F.);
#2052=ORIENTED_EDGE('',*,*,#1346,.T.);
#2053=ORIENTED_EDGE('',*,*,#1515,.T.);
#2054=ORIENTED_EDGE('',*,*,#1516,.T.);
#2055=ORIENTED_EDGE('',*,*,#1517,.T.);
#2056=ORIENTED_EDGE('',*,*,#1378,.F.);
#2057=ORIENTED_EDGE('',*,*,#1345,.F.);
#2058=ORIENTED_EDGE('',*,*,#1518,.F.);
#2059=ORIENTED_EDGE('',*,*,#1519,.F.);
#2060=ORIENTED_EDGE('',*,*,#1515,.F.);
#2061=ORIENTED_EDGE('',*,*,#1344,.T.);
#2062=ORIENTED_EDGE('',*,*,#1351,.F.);
#2063=ORIENTED_EDGE('',*,*,#1520,.T.);
#2064=ORIENTED_EDGE('',*,*,#1521,.T.);
#2065=ORIENTED_EDGE('',*,*,#1518,.T.);
#2066=ORIENTED_EDGE('',*,*,#1520,.F.);
#2067=ORIENTED_EDGE('',*,*,#1350,.F.);
#2068=ORIENTED_EDGE('',*,*,#1481,.F.);
#2069=ORIENTED_EDGE('',*,*,#1522,.F.);
#2070=ORIENTED_EDGE('',*,*,#1476,.T.);
#2071=ORIENTED_EDGE('',*,*,#1523,.F.);
#2072=ORIENTED_EDGE('',*,*,#1524,.T.);
#2073=ORIENTED_EDGE('',*,*,#1525,.T.);
#2074=ORIENTED_EDGE('',*,*,#1482,.T.);
#2075=ORIENTED_EDGE('',*,*,#1468,.T.);
#2076=ORIENTED_EDGE('',*,*,#1526,.T.);
#2077=ORIENTED_EDGE('',*,*,#1527,.T.);
#2078=ORIENTED_EDGE('',*,*,#1528,.T.);
#2079=ORIENTED_EDGE('',*,*,#1472,.F.);
#2080=ORIENTED_EDGE('',*,*,#1467,.F.);
#2081=ORIENTED_EDGE('',*,*,#1529,.F.);
#2082=ORIENTED_EDGE('',*,*,#1530,.F.);
#2083=ORIENTED_EDGE('',*,*,#1526,.F.);
#2084=ORIENTED_EDGE('',*,*,#1466,.T.);
#2085=ORIENTED_EDGE('',*,*,#1471,.F.);
#2086=ORIENTED_EDGE('',*,*,#1531,.T.);
#2087=ORIENTED_EDGE('',*,*,#1532,.T.);
#2088=ORIENTED_EDGE('',*,*,#1529,.T.);
#2089=ORIENTED_EDGE('',*,*,#1486,.F.);
#2090=ORIENTED_EDGE('',*,*,#1533,.F.);
#2091=ORIENTED_EDGE('',*,*,#1531,.F.);
#2092=ORIENTED_EDGE('',*,*,#1470,.F.);
#2093=ORIENTED_EDGE('',*,*,#1534,.F.);
#2094=ORIENTED_EDGE('',*,*,#1535,.T.);
#2095=ORIENTED_EDGE('',*,*,#1536,.F.);
#2096=ORIENTED_EDGE('',*,*,#1537,.F.);
#2097=ORIENTED_EDGE('',*,*,#1538,.F.);
#2098=ORIENTED_EDGE('',*,*,#1535,.F.);
#2099=ORIENTED_EDGE('',*,*,#1539,.F.);
#2100=ORIENTED_EDGE('',*,*,#1540,.T.);
#2101=ORIENTED_EDGE('',*,*,#1541,.F.);
#2102=ORIENTED_EDGE('',*,*,#1542,.F.);
#2103=ORIENTED_EDGE('',*,*,#1543,.F.);
#2104=ORIENTED_EDGE('',*,*,#1540,.F.);
#2105=ORIENTED_EDGE('',*,*,#1544,.F.);
#2106=ORIENTED_EDGE('',*,*,#1545,.T.);
#2107=ORIENTED_EDGE('',*,*,#1546,.F.);
#2108=ORIENTED_EDGE('',*,*,#1547,.F.);
#2109=ORIENTED_EDGE('',*,*,#1548,.F.);
#2110=ORIENTED_EDGE('',*,*,#1545,.F.);
#2111=ORIENTED_EDGE('',*,*,#1549,.F.);
#2112=ORIENTED_EDGE('',*,*,#1550,.T.);
#2113=ORIENTED_EDGE('',*,*,#1551,.F.);
#2114=ORIENTED_EDGE('',*,*,#1552,.F.);
#2115=ORIENTED_EDGE('',*,*,#1553,.F.);
#2116=ORIENTED_EDGE('',*,*,#1550,.F.);
#2117=ORIENTED_EDGE('',*,*,#1554,.F.);
#2118=ORIENTED_EDGE('',*,*,#1555,.T.);
#2119=ORIENTED_EDGE('',*,*,#1556,.F.);
#2120=ORIENTED_EDGE('',*,*,#1557,.F.);
#2121=ORIENTED_EDGE('',*,*,#1558,.F.);
#2122=ORIENTED_EDGE('',*,*,#1555,.F.);
#2123=ORIENTED_EDGE('',*,*,#1559,.F.);
#2124=ORIENTED_EDGE('',*,*,#1560,.T.);
#2125=ORIENTED_EDGE('',*,*,#1561,.F.);
#2126=ORIENTED_EDGE('',*,*,#1562,.F.);
#2127=ORIENTED_EDGE('',*,*,#1563,.F.);
#2128=ORIENTED_EDGE('',*,*,#1560,.F.);
#2129=ORIENTED_EDGE('',*,*,#1564,.F.);
#2130=ORIENTED_EDGE('',*,*,#1565,.T.);
#2131=ORIENTED_EDGE('',*,*,#1566,.F.);
#2132=ORIENTED_EDGE('',*,*,#1567,.F.);
#2133=ORIENTED_EDGE('',*,*,#1568,.F.);
#2134=ORIENTED_EDGE('',*,*,#1565,.F.);
#2135=ORIENTED_EDGE('',*,*,#1569,.F.);
#2136=ORIENTED_EDGE('',*,*,#1570,.T.);
#2137=ORIENTED_EDGE('',*,*,#1571,.F.);
#2138=ORIENTED_EDGE('',*,*,#1572,.F.);
#2139=ORIENTED_EDGE('',*,*,#1573,.F.);
#2140=ORIENTED_EDGE('',*,*,#1570,.F.);
#2141=ORIENTED_EDGE('',*,*,#1574,.F.);
#2142=ORIENTED_EDGE('',*,*,#1575,.T.);
#2143=ORIENTED_EDGE('',*,*,#1576,.F.);
#2144=ORIENTED_EDGE('',*,*,#1577,.F.);
#2145=ORIENTED_EDGE('',*,*,#1578,.F.);
#2146=ORIENTED_EDGE('',*,*,#1575,.F.);
#2147=ORIENTED_EDGE('',*,*,#1579,.F.);
#2148=ORIENTED_EDGE('',*,*,#1580,.T.);
#2149=ORIENTED_EDGE('',*,*,#1581,.F.);
#2150=ORIENTED_EDGE('',*,*,#1582,.F.);
#2151=ORIENTED_EDGE('',*,*,#1583,.F.);
#2152=ORIENTED_EDGE('',*,*,#1580,.F.);
#2153=ORIENTED_EDGE('',*,*,#1490,.F.);
#2154=ORIENTED_EDGE('',*,*,#1584,.F.);
#2155=ORIENTED_EDGE('',*,*,#1459,.F.);
#2156=ORIENTED_EDGE('',*,*,#1463,.F.);
#2157=ORIENTED_EDGE('',*,*,#1528,.F.);
#2158=ORIENTED_EDGE('',*,*,#1585,.F.);
#2159=ORIENTED_EDGE('',*,*,#1586,.F.);
#2160=ORIENTED_EDGE('',*,*,#1473,.F.);
#2161=ORIENTED_EDGE('',*,*,#1562,.T.);
#2162=ORIENTED_EDGE('',*,*,#1587,.T.);
#2163=ORIENTED_EDGE('',*,*,#1557,.T.);
#2164=ORIENTED_EDGE('',*,*,#1588,.T.);
#2165=ORIENTED_EDGE('',*,*,#1413,.F.);
#2166=ORIENTED_EDGE('',*,*,#1589,.F.);
#2167=ORIENTED_EDGE('',*,*,#1590,.F.);
#2168=ORIENTED_EDGE('',*,*,#1409,.F.);
#2169=ORIENTED_EDGE('',*,*,#1501,.F.);
#2170=ORIENTED_EDGE('',*,*,#1591,.F.);
#2171=ORIENTED_EDGE('',*,*,#1508,.F.);
#2172=ORIENTED_EDGE('',*,*,#1401,.F.);
#2173=ORIENTED_EDGE('',*,*,#1572,.T.);
#2174=ORIENTED_EDGE('',*,*,#1592,.T.);
#2175=ORIENTED_EDGE('',*,*,#1567,.T.);
#2176=ORIENTED_EDGE('',*,*,#1593,.T.);
#2177=ORIENTED_EDGE('',*,*,#1542,.T.);
#2178=ORIENTED_EDGE('',*,*,#1594,.T.);
#2179=ORIENTED_EDGE('',*,*,#1497,.F.);
#2180=ORIENTED_EDGE('',*,*,#1595,.F.);
#2181=ORIENTED_EDGE('',*,*,#1596,.F.);
#2182=ORIENTED_EDGE('',*,*,#1597,.F.);
#2183=ORIENTED_EDGE('',*,*,#1439,.F.);
#2184=ORIENTED_EDGE('',*,*,#1598,.F.);
#2185=ORIENTED_EDGE('',*,*,#1599,.F.);
#2186=ORIENTED_EDGE('',*,*,#1435,.F.);
#2187=ORIENTED_EDGE('',*,*,#1576,.T.);
#2188=ORIENTED_EDGE('',*,*,#1578,.T.);
#2189=ORIENTED_EDGE('',*,*,#1600,.T.);
#2190=ORIENTED_EDGE('',*,*,#1417,.T.);
#2191=ORIENTED_EDGE('',*,*,#1362,.T.);
#2192=ORIENTED_EDGE('',*,*,#1601,.T.);
#2193=ORIENTED_EDGE('',*,*,#1595,.T.);
#2194=ORIENTED_EDGE('',*,*,#1496,.T.);
#2195=ORIENTED_EDGE('',*,*,#1524,.F.);
#2196=ORIENTED_EDGE('',*,*,#1602,.F.);
#2197=ORIENTED_EDGE('',*,*,#1603,.F.);
#2198=ORIENTED_EDGE('',*,*,#1604,.F.);
#2199=ORIENTED_EDGE('',*,*,#1517,.F.);
#2200=ORIENTED_EDGE('',*,*,#1605,.F.);
#2201=ORIENTED_EDGE('',*,*,#1606,.F.);
#2202=ORIENTED_EDGE('',*,*,#1379,.F.);
#2203=ORIENTED_EDGE('',*,*,#1581,.T.);
#2204=ORIENTED_EDGE('',*,*,#1583,.T.);
#2205=ORIENTED_EDGE('',*,*,#1607,.F.);
#2206=ORIENTED_EDGE('',*,*,#1577,.T.);
#2207=ORIENTED_EDGE('',*,*,#1600,.F.);
#2208=ORIENTED_EDGE('',*,*,#1571,.T.);
#2209=ORIENTED_EDGE('',*,*,#1573,.T.);
#2210=ORIENTED_EDGE('',*,*,#1592,.F.);
#2211=ORIENTED_EDGE('',*,*,#1566,.T.);
#2212=ORIENTED_EDGE('',*,*,#1568,.T.);
#2213=ORIENTED_EDGE('',*,*,#1593,.F.);
#2214=ORIENTED_EDGE('',*,*,#1561,.T.);
#2215=ORIENTED_EDGE('',*,*,#1563,.T.);
#2216=ORIENTED_EDGE('',*,*,#1587,.F.);
#2217=ORIENTED_EDGE('',*,*,#1556,.T.);
#2218=ORIENTED_EDGE('',*,*,#1558,.T.);
#2219=ORIENTED_EDGE('',*,*,#1588,.F.);
#2220=ORIENTED_EDGE('',*,*,#1552,.T.);
#2221=ORIENTED_EDGE('',*,*,#1608,.F.);
#2222=ORIENTED_EDGE('',*,*,#1546,.T.);
#2223=ORIENTED_EDGE('',*,*,#1548,.T.);
#2224=ORIENTED_EDGE('',*,*,#1609,.F.);
#2225=ORIENTED_EDGE('',*,*,#1541,.T.);
#2226=ORIENTED_EDGE('',*,*,#1543,.T.);
#2227=ORIENTED_EDGE('',*,*,#1594,.F.);
#2228=ORIENTED_EDGE('',*,*,#1536,.T.);
#2229=ORIENTED_EDGE('',*,*,#1538,.T.);
#2230=ORIENTED_EDGE('',*,*,#1610,.F.);
#2231=ORIENTED_EDGE('',*,*,#1475,.T.);
#2232=ORIENTED_EDGE('',*,*,#1376,.T.);
#2233=ORIENTED_EDGE('',*,*,#1611,.T.);
#2234=ORIENTED_EDGE('',*,*,#1602,.T.);
#2235=ORIENTED_EDGE('',*,*,#1523,.T.);
#2236=ORIENTED_EDGE('',*,*,#1582,.T.);
#2237=ORIENTED_EDGE('',*,*,#1607,.T.);
#2238=ORIENTED_EDGE('',*,*,#1547,.T.);
#2239=ORIENTED_EDGE('',*,*,#1609,.T.);
#2240=ORIENTED_EDGE('',*,*,#1302,.F.);
#2241=ORIENTED_EDGE('',*,*,#1612,.T.);
#2242=ORIENTED_EDGE('',*,*,#1613,.T.);
#2243=ORIENTED_EDGE('',*,*,#1614,.T.);
#2244=ORIENTED_EDGE('',*,*,#1299,.F.);
#2245=ORIENTED_EDGE('',*,*,#1310,.F.);
#2246=ORIENTED_EDGE('',*,*,#1615,.F.);
#2247=ORIENTED_EDGE('',*,*,#1612,.F.);
#2248=ORIENTED_EDGE('',*,*,#1340,.T.);
#2249=ORIENTED_EDGE('',*,*,#1325,.T.);
#2250=ORIENTED_EDGE('',*,*,#1328,.T.);
#2251=ORIENTED_EDGE('',*,*,#1330,.T.);
#2252=ORIENTED_EDGE('',*,*,#1332,.T.);
#2253=ORIENTED_EDGE('',*,*,#1334,.T.);
#2254=ORIENTED_EDGE('',*,*,#1336,.T.);
#2255=ORIENTED_EDGE('',*,*,#1338,.T.);
#2256=ORIENTED_EDGE('',*,*,#1253,.T.);
#2257=ORIENTED_EDGE('',*,*,#1256,.T.);
#2258=ORIENTED_EDGE('',*,*,#1259,.T.);
#2259=ORIENTED_EDGE('',*,*,#1262,.T.);
#2260=ORIENTED_EDGE('',*,*,#1265,.T.);
#2261=ORIENTED_EDGE('',*,*,#1268,.T.);
#2262=ORIENTED_EDGE('',*,*,#1271,.T.);
#2263=ORIENTED_EDGE('',*,*,#1274,.T.);
#2264=ORIENTED_EDGE('',*,*,#1277,.T.);
#2265=ORIENTED_EDGE('',*,*,#1280,.T.);
#2266=ORIENTED_EDGE('',*,*,#1283,.T.);
#2267=ORIENTED_EDGE('',*,*,#1390,.F.);
#2268=ORIENTED_EDGE('',*,*,#1353,.T.);
#2269=ORIENTED_EDGE('',*,*,#1380,.T.);
#2270=ORIENTED_EDGE('',*,*,#1616,.T.);
#2271=ORIENTED_EDGE('',*,*,#1611,.F.);
#2272=ORIENTED_EDGE('',*,*,#1375,.T.);
#2273=ORIENTED_EDGE('',*,*,#1474,.T.);
#2274=ORIENTED_EDGE('',*,*,#1617,.T.);
#2275=ORIENTED_EDGE('',*,*,#1537,.T.);
#2276=ORIENTED_EDGE('',*,*,#1610,.T.);
#2277=ORIENTED_EDGE('',*,*,#1451,.F.);
#2278=ORIENTED_EDGE('',*,*,#1367,.T.);
#2279=ORIENTED_EDGE('',*,*,#1436,.T.);
#2280=ORIENTED_EDGE('',*,*,#1618,.T.);
#2281=ORIENTED_EDGE('',*,*,#1551,.T.);
#2282=ORIENTED_EDGE('',*,*,#1553,.T.);
#2283=ORIENTED_EDGE('',*,*,#1608,.T.);
#2284=ORIENTED_EDGE('',*,*,#1601,.F.);
#2285=ORIENTED_EDGE('',*,*,#1361,.T.);
#2286=ORIENTED_EDGE('',*,*,#1410,.F.);
#2287=ORIENTED_EDGE('',*,*,#1619,.T.);
#2288=ORIENTED_EDGE('',*,*,#1618,.F.);
#2289=ORIENTED_EDGE('',*,*,#1599,.T.);
#2290=ORIENTED_EDGE('',*,*,#1620,.T.);
#2291=ORIENTED_EDGE('',*,*,#1492,.T.);
#2292=ORIENTED_EDGE('',*,*,#1494,.F.);
#2293=ORIENTED_EDGE('',*,*,#1422,.F.);
#2294=ORIENTED_EDGE('',*,*,#1427,.F.);
#2295=ORIENTED_EDGE('',*,*,#1621,.F.);
#2296=ORIENTED_EDGE('',*,*,#1619,.F.);
#2297=ORIENTED_EDGE('',*,*,#1590,.T.);
#2298=ORIENTED_EDGE('',*,*,#1622,.T.);
#2299=ORIENTED_EDGE('',*,*,#1596,.T.);
#2300=ORIENTED_EDGE('',*,*,#1307,.F.);
#2301=ORIENTED_EDGE('',*,*,#1623,.T.);
#2302=ORIENTED_EDGE('',*,*,#1624,.T.);
#2303=ORIENTED_EDGE('',*,*,#1315,.T.);
#2304=ORIENTED_EDGE('',*,*,#1616,.F.);
#2305=ORIENTED_EDGE('',*,*,#1606,.T.);
#2306=ORIENTED_EDGE('',*,*,#1625,.T.);
#2307=ORIENTED_EDGE('',*,*,#1513,.T.);
#2308=ORIENTED_EDGE('',*,*,#1617,.F.);
#2309=ORIENTED_EDGE('',*,*,#1586,.T.);
#2310=ORIENTED_EDGE('',*,*,#1626,.T.);
#2311=ORIENTED_EDGE('',*,*,#1603,.T.);
#2312=ORIENTED_EDGE('',*,*,#1305,.F.);
#2313=ORIENTED_EDGE('',*,*,#1614,.F.);
#2314=ORIENTED_EDGE('',*,*,#1627,.F.);
#2315=ORIENTED_EDGE('',*,*,#1623,.F.);
#2316=ORIENTED_EDGE('',*,*,#1624,.F.);
#2317=ORIENTED_EDGE('',*,*,#1627,.T.);
#2318=ORIENTED_EDGE('',*,*,#1613,.F.);
#2319=ORIENTED_EDGE('',*,*,#1615,.T.);
#2320=ORIENTED_EDGE('',*,*,#1309,.F.);
#2321=ORIENTED_EDGE('',*,*,#1312,.T.);
#2322=ORIENTED_EDGE('',*,*,#1314,.F.);
#2323=ORIENTED_EDGE('',*,*,#1316,.T.);
#2324=ORIENTED_EDGE('',*,*,#1534,.T.);
#2325=ORIENTED_EDGE('',*,*,#1539,.T.);
#2326=ORIENTED_EDGE('',*,*,#1544,.T.);
#2327=ORIENTED_EDGE('',*,*,#1549,.T.);
#2328=ORIENTED_EDGE('',*,*,#1554,.T.);
#2329=ORIENTED_EDGE('',*,*,#1559,.T.);
#2330=ORIENTED_EDGE('',*,*,#1564,.T.);
#2331=ORIENTED_EDGE('',*,*,#1569,.T.);
#2332=ORIENTED_EDGE('',*,*,#1574,.T.);
#2333=ORIENTED_EDGE('',*,*,#1579,.T.);
#2334=ORIENTED_EDGE('',*,*,#1585,.T.);
#2335=ORIENTED_EDGE('',*,*,#1527,.F.);
#2336=ORIENTED_EDGE('',*,*,#1530,.T.);
#2337=ORIENTED_EDGE('',*,*,#1532,.F.);
#2338=ORIENTED_EDGE('',*,*,#1533,.T.);
#2339=ORIENTED_EDGE('',*,*,#1485,.F.);
#2340=ORIENTED_EDGE('',*,*,#1487,.T.);
#2341=ORIENTED_EDGE('',*,*,#1460,.F.);
#2342=ORIENTED_EDGE('',*,*,#1584,.T.);
#2343=ORIENTED_EDGE('',*,*,#1489,.F.);
#2344=ORIENTED_EDGE('',*,*,#1491,.T.);
#2345=ORIENTED_EDGE('',*,*,#1449,.F.);
#2346=ORIENTED_EDGE('',*,*,#1493,.T.);
#2347=ORIENTED_EDGE('',*,*,#1620,.F.);
#2348=ORIENTED_EDGE('',*,*,#1598,.T.);
#2349=ORIENTED_EDGE('',*,*,#1438,.F.);
#2350=ORIENTED_EDGE('',*,*,#1441,.T.);
#2351=ORIENTED_EDGE('',*,*,#1495,.F.);
#2352=ORIENTED_EDGE('',*,*,#1621,.T.);
#2353=ORIENTED_EDGE('',*,*,#1426,.F.);
#2354=ORIENTED_EDGE('',*,*,#1429,.T.);
#2355=ORIENTED_EDGE('',*,*,#1498,.F.);
#2356=ORIENTED_EDGE('',*,*,#1597,.T.);
#2357=ORIENTED_EDGE('',*,*,#1622,.F.);
#2358=ORIENTED_EDGE('',*,*,#1589,.T.);
#2359=ORIENTED_EDGE('',*,*,#1412,.F.);
#2360=ORIENTED_EDGE('',*,*,#1415,.T.);
#2361=ORIENTED_EDGE('',*,*,#1509,.F.);
#2362=ORIENTED_EDGE('',*,*,#1591,.T.);
#2363=ORIENTED_EDGE('',*,*,#1500,.F.);
#2364=ORIENTED_EDGE('',*,*,#1503,.T.);
#2365=ORIENTED_EDGE('',*,*,#1505,.F.);
#2366=ORIENTED_EDGE('',*,*,#1507,.T.);
#2367=ORIENTED_EDGE('',*,*,#1511,.F.);
#2368=ORIENTED_EDGE('',*,*,#1512,.T.);
#2369=ORIENTED_EDGE('',*,*,#1388,.F.);
#2370=ORIENTED_EDGE('',*,*,#1514,.T.);
#2371=ORIENTED_EDGE('',*,*,#1625,.F.);
#2372=ORIENTED_EDGE('',*,*,#1605,.T.);
#2373=ORIENTED_EDGE('',*,*,#1516,.F.);
#2374=ORIENTED_EDGE('',*,*,#1519,.T.);
#2375=ORIENTED_EDGE('',*,*,#1521,.F.);
#2376=ORIENTED_EDGE('',*,*,#1522,.T.);
#2377=ORIENTED_EDGE('',*,*,#1480,.F.);
#2378=ORIENTED_EDGE('',*,*,#1483,.T.);
#2379=ORIENTED_EDGE('',*,*,#1525,.F.);
#2380=ORIENTED_EDGE('',*,*,#1604,.T.);
#2381=ORIENTED_EDGE('',*,*,#1626,.F.);
#2382=CYLINDRICAL_SURFACE('',#2613,2.8);
#2383=CYLINDRICAL_SURFACE('',#2616,2.8);
#2384=CYLINDRICAL_SURFACE('',#2619,2.8);
#2385=CYLINDRICAL_SURFACE('',#2622,2.55);
#2386=CYLINDRICAL_SURFACE('',#2625,2.55);
#2387=CYLINDRICAL_SURFACE('',#2628,2.55);
#2388=CYLINDRICAL_SURFACE('',#2631,2.55);
#2389=CYLINDRICAL_SURFACE('',#2634,2.55);
#2390=CYLINDRICAL_SURFACE('',#2637,2.55);
#2391=CYLINDRICAL_SURFACE('',#2640,2.55);
#2392=CYLINDRICAL_SURFACE('',#2643,2.55);
#2393=CYLINDRICAL_SURFACE('',#2662,12.5);
#2394=CYLINDRICAL_SURFACE('',#2665,12.5);
#2395=CYLINDRICAL_SURFACE('',#2673,27.5);
#2396=CYLINDRICAL_SURFACE('',#2676,27.5);
#2397=CYLINDRICAL_SURFACE('',#2679,27.5);
#2398=CYLINDRICAL_SURFACE('',#2682,27.5);
#2399=CYLINDRICAL_SURFACE('',#2709,5.);
#2400=CYLINDRICAL_SURFACE('',#2725,5.);
#2401=CYLINDRICAL_SURFACE('',#2727,6.);
#2402=CYLINDRICAL_SURFACE('',#2734,5.);
#2403=CYLINDRICAL_SURFACE('',#2736,6.);
#2404=CYLINDRICAL_SURFACE('',#2742,5.);
#2405=CYLINDRICAL_SURFACE('',#2744,6.);
#2406=CYLINDRICAL_SURFACE('',#2748,5.);
#2407=CYLINDRICAL_SURFACE('',#2754,5.);
#2408=CYLINDRICAL_SURFACE('',#2768,5.);
#2409=CYLINDRICAL_SURFACE('',#2770,6.);
#2410=CYLINDRICAL_SURFACE('',#2772,5.);
#2411=CYLINDRICAL_SURFACE('',#2774,6.);
#2412=CYLINDRICAL_SURFACE('',#2776,5.);
#2413=CYLINDRICAL_SURFACE('',#2778,6.);
#2414=CYLINDRICAL_SURFACE('',#2781,5.);
#2415=CYLINDRICAL_SURFACE('',#2783,5.);
#2416=CYLINDRICAL_SURFACE('',#2786,5.);
#2417=CYLINDRICAL_SURFACE('',#2788,6.);
#2418=CYLINDRICAL_SURFACE('',#2790,5.);
#2419=CYLINDRICAL_SURFACE('',#2793,5.);
#2420=CYLINDRICAL_SURFACE('',#2795,5.);
#2421=CYLINDRICAL_SURFACE('',#2797,6.);
#2422=CYLINDRICAL_SURFACE('',#2800,5.);
#2423=CYLINDRICAL_SURFACE('',#2802,6.);
#2424=CYLINDRICAL_SURFACE('',#2804,5.);
#2425=CYLINDRICAL_SURFACE('',#2807,5.);
#2426=CYLINDRICAL_SURFACE('',#2810,5.);
#2427=CYLINDRICAL_SURFACE('',#2812,6.);
#2428=CYLINDRICAL_SURFACE('',#2814,5.);
#2429=CYLINDRICAL_SURFACE('',#2817,2.8);
#2430=CYLINDRICAL_SURFACE('',#2822,2.8);
#2431=CYLINDRICAL_SURFACE('',#2827,2.8);
#2432=CYLINDRICAL_SURFACE('',#2832,2.8);
#2433=CYLINDRICAL_SURFACE('',#2837,2.8);
#2434=CYLINDRICAL_SURFACE('',#2842,2.8);
#2435=CYLINDRICAL_SURFACE('',#2847,2.8);
#2436=CYLINDRICAL_SURFACE('',#2852,2.8);
#2437=CYLINDRICAL_SURFACE('',#2857,2.8);
#2438=CYLINDRICAL_SURFACE('',#2862,2.8);
#2439=CYLINDRICAL_SURFACE('',#2895,12.5);
#2440=CYLINDRICAL_SURFACE('',#2909,5.);
#2441=CYLINDRICAL_SURFACE('',#2912,5.);
#2442=CYLINDRICAL_SURFACE('',#2914,12.5);
#2443=CYLINDRICAL_SURFACE('',#2916,5.);
#2444=CYLINDRICAL_SURFACE('',#2918,5.);
#2445=ADVANCED_FACE('',(#203),#2382,.F.);
#2446=ADVANCED_FACE('',(#204),#2383,.F.);
#2447=ADVANCED_FACE('',(#205),#2384,.F.);
#2448=ADVANCED_FACE('',(#206),#2385,.F.);
#2449=ADVANCED_FACE('',(#207),#2386,.F.);
#2450=ADVANCED_FACE('',(#208),#2387,.F.);
#2451=ADVANCED_FACE('',(#209),#2388,.F.);
#2452=ADVANCED_FACE('',(#210),#2389,.F.);
#2453=ADVANCED_FACE('',(#211),#2390,.F.);
#2454=ADVANCED_FACE('',(#212),#2391,.F.);
#2455=ADVANCED_FACE('',(#213),#2392,.F.);
#2456=ADVANCED_FACE('',(#214),#139,.T.);
#2457=ADVANCED_FACE('',(#215),#131,.T.);
#2458=ADVANCED_FACE('',(#216),#140,.T.);
#2459=ADVANCED_FACE('',(#217),#132,.T.);
#2460=ADVANCED_FACE('',(#218),#141,.T.);
#2461=ADVANCED_FACE('',(#219),#133,.T.);
#2462=ADVANCED_FACE('',(#220),#142,.T.);
#2463=ADVANCED_FACE('',(#221),#134,.T.);
#2464=ADVANCED_FACE('',(#222),#2393,.T.);
#2465=ADVANCED_FACE('',(#223),#143,.T.);
#2466=ADVANCED_FACE('',(#224),#2394,.T.);
#2467=ADVANCED_FACE('',(#225),#144,.T.);
#2468=ADVANCED_FACE('',(#226,#97,#98,#99,#100,#101,#102,#103,#104,#105),
#145,.F.);
#2469=ADVANCED_FACE('',(#227),#2395,.T.);
#2470=ADVANCED_FACE('',(#228),#146,.T.);
#2471=ADVANCED_FACE('',(#229),#2396,.T.);
#2472=ADVANCED_FACE('',(#230),#147,.T.);
#2473=ADVANCED_FACE('',(#231),#2397,.T.);
#2474=ADVANCED_FACE('',(#232),#148,.T.);
#2475=ADVANCED_FACE('',(#233),#2398,.T.);
#2476=ADVANCED_FACE('',(#234),#149,.T.);
#2477=ADVANCED_FACE('',(#235),#87,.F.);
#2478=ADVANCED_FACE('',(#236),#150,.T.);
#2479=ADVANCED_FACE('',(#237,#106,#107,#108),#151,.T.);
#2480=ADVANCED_FACE('',(#238),#152,.T.);
#2481=ADVANCED_FACE('',(#239),#88,.F.);
#2482=ADVANCED_FACE('',(#240),#2399,.F.);
#2483=ADVANCED_FACE('',(#241),#153,.T.);
#2484=ADVANCED_FACE('',(#242),#89,.F.);
#2485=ADVANCED_FACE('',(#243),#154,.T.);
#2486=ADVANCED_FACE('',(#244),#155,.T.);
#2487=ADVANCED_FACE('',(#245),#90,.F.);
#2488=ADVANCED_FACE('',(#246),#156,.T.);
#2489=ADVANCED_FACE('',(#247),#2400,.F.);
#2490=ADVANCED_FACE('',(#248),#2401,.T.);
#2491=ADVANCED_FACE('',(#249),#91,.F.);
#2492=ADVANCED_FACE('',(#250),#157,.T.);
#2493=ADVANCED_FACE('',(#251),#2402,.F.);
#2494=ADVANCED_FACE('',(#252),#2403,.T.);
#2495=ADVANCED_FACE('',(#253),#92,.F.);
#2496=ADVANCED_FACE('',(#254),#158,.T.);
#2497=ADVANCED_FACE('',(#255),#2404,.F.);
#2498=ADVANCED_FACE('',(#256),#2405,.T.);
#2499=ADVANCED_FACE('',(#257),#93,.F.);
#2500=ADVANCED_FACE('',(#258),#2406,.F.);
#2501=ADVANCED_FACE('',(#259),#159,.T.);
#2502=ADVANCED_FACE('',(#260),#94,.F.);
#2503=ADVANCED_FACE('',(#261),#2407,.F.);
#2504=ADVANCED_FACE('',(#262),#160,.T.);
#2505=ADVANCED_FACE('',(#263),#95,.F.);
#2506=ADVANCED_FACE('',(#264),#161,.T.);
#2507=ADVANCED_FACE('',(#265),#162,.T.);
#2508=ADVANCED_FACE('',(#266),#96,.F.);
#2509=ADVANCED_FACE('',(#267),#2408,.F.);
#2510=ADVANCED_FACE('',(#268),#2409,.T.);
#2511=ADVANCED_FACE('',(#269),#2410,.F.);
#2512=ADVANCED_FACE('',(#270),#2411,.T.);
#2513=ADVANCED_FACE('',(#271),#2412,.F.);
#2514=ADVANCED_FACE('',(#272),#2413,.T.);
#2515=ADVANCED_FACE('',(#273),#163,.T.);
#2516=ADVANCED_FACE('',(#274),#2414,.F.);
#2517=ADVANCED_FACE('',(#275),#2415,.F.);
#2518=ADVANCED_FACE('',(#276),#2416,.F.);
#2519=ADVANCED_FACE('',(#277),#2417,.T.);
#2520=ADVANCED_FACE('',(#278),#2418,.F.);
#2521=ADVANCED_FACE('',(#279),#164,.T.);
#2522=ADVANCED_FACE('',(#280),#2419,.F.);
#2523=ADVANCED_FACE('',(#281),#2420,.F.);
#2524=ADVANCED_FACE('',(#282),#2421,.T.);
#2525=ADVANCED_FACE('',(#283),#165,.T.);
#2526=ADVANCED_FACE('',(#284),#2422,.F.);
#2527=ADVANCED_FACE('',(#285),#2423,.T.);
#2528=ADVANCED_FACE('',(#286),#2424,.F.);
#2529=ADVANCED_FACE('',(#287),#166,.T.);
#2530=ADVANCED_FACE('',(#288),#2425,.F.);
#2531=ADVANCED_FACE('',(#289),#2426,.F.);
#2532=ADVANCED_FACE('',(#290),#2427,.T.);
#2533=ADVANCED_FACE('',(#291),#2428,.F.);
#2534=ADVANCED_FACE('',(#292),#167,.T.);
#2535=ADVANCED_FACE('',(#293),#2429,.F.);
#2536=ADVANCED_FACE('',(#294),#2430,.F.);
#2537=ADVANCED_FACE('',(#295),#2431,.F.);
#2538=ADVANCED_FACE('',(#296),#2432,.F.);
#2539=ADVANCED_FACE('',(#297),#2433,.F.);
#2540=ADVANCED_FACE('',(#298),#2434,.F.);
#2541=ADVANCED_FACE('',(#299),#2435,.F.);
#2542=ADVANCED_FACE('',(#300),#2436,.F.);
#2543=ADVANCED_FACE('',(#301),#2437,.F.);
#2544=ADVANCED_FACE('',(#302),#2438,.F.);
#2545=ADVANCED_FACE('',(#303),#168,.T.);
#2546=ADVANCED_FACE('',(#304),#169,.T.);
#2547=ADVANCED_FACE('',(#305),#170,.T.);
#2548=ADVANCED_FACE('',(#306),#171,.T.);
#2549=ADVANCED_FACE('',(#307),#172,.T.);
#2550=ADVANCED_FACE('',(#308),#173,.T.);
#2551=ADVANCED_FACE('',(#309),#174,.T.);
#2552=ADVANCED_FACE('',(#310),#175,.T.);
#2553=ADVANCED_FACE('',(#311),#176,.T.);
#2554=ADVANCED_FACE('',(#312),#177,.T.);
#2555=ADVANCED_FACE('',(#313),#178,.T.);
#2556=ADVANCED_FACE('',(#314),#179,.T.);
#2557=ADVANCED_FACE('',(#315),#180,.T.);
#2558=ADVANCED_FACE('',(#316),#181,.T.);
#2559=ADVANCED_FACE('',(#317),#182,.T.);
#2560=ADVANCED_FACE('',(#318),#183,.T.);
#2561=ADVANCED_FACE('',(#319),#184,.T.);
#2562=ADVANCED_FACE('',(#320),#185,.T.);
#2563=ADVANCED_FACE('',(#321),#186,.T.);
#2564=ADVANCED_FACE('',(#322),#187,.T.);
#2565=ADVANCED_FACE('',(#323),#188,.T.);
#2566=ADVANCED_FACE('',(#324),#189,.T.);
#2567=ADVANCED_FACE('',(#325),#190,.T.);
#2568=ADVANCED_FACE('',(#326),#191,.T.);
#2569=ADVANCED_FACE('',(#327),#192,.T.);
#2570=ADVANCED_FACE('',(#328),#193,.T.);
#2571=ADVANCED_FACE('',(#329),#194,.T.);
#2572=ADVANCED_FACE('',(#330),#195,.T.);
#2573=ADVANCED_FACE('',(#331),#2439,.T.);
#2574=ADVANCED_FACE('',(#332),#196,.T.);
#2575=ADVANCED_FACE('',(#333,#109,#110,#111,#112,#113,#114,#115,#116,#117,
#118,#119),#197,.T.);
#2576=ADVANCED_FACE('',(#334),#135,.F.);
#2577=ADVANCED_FACE('',(#335),#136,.F.);
#2578=ADVANCED_FACE('',(#336),#198,.T.);
#2579=ADVANCED_FACE('',(#337),#137,.F.);
#2580=ADVANCED_FACE('',(#338),#199,.T.);
#2581=ADVANCED_FACE('',(#339),#138,.F.);
#2582=ADVANCED_FACE('',(#340),#2440,.F.);
#2583=ADVANCED_FACE('',(#341),#200,.T.);
#2584=ADVANCED_FACE('',(#342),#2441,.F.);
#2585=ADVANCED_FACE('',(#343),#2442,.T.);
#2586=ADVANCED_FACE('',(#344),#2443,.F.);
#2587=ADVANCED_FACE('',(#345),#2444,.F.);
#2588=ADVANCED_FACE('',(#346),#201,.T.);
#2589=ADVANCED_FACE('',(#347,#120,#121,#122,#123,#124,#125,#126,#127,#128,
#129,#130),#202,.T.);
#2590=CLOSED_SHELL('',(#2445,#2446,#2447,#2448,#2449,#2450,#2451,#2452,
#2453,#2454,#2455,#2456,#2457,#2458,#2459,#2460,#2461,#2462,#2463,#2464,
#2465,#2466,#2467,#2468,#2469,#2470,#2471,#2472,#2473,#2474,#2475,#2476,
#2477,#2478,#2479,#2480,#2481,#2482,#2483,#2484,#2485,#2486,#2487,#2488,
#2489,#2490,#2491,#2492,#2493,#2494,#2495,#2496,#2497,#2498,#2499,#2500,
#2501,#2502,#2503,#2504,#2505,#2506,#2507,#2508,#2509,#2510,#2511,#2512,
#2513,#2514,#2515,#2516,#2517,#2518,#2519,#2520,#2521,#2522,#2523,#2524,
#2525,#2526,#2527,#2528,#2529,#2530,#2531,#2532,#2533,#2534,#2535,#2536,
#2537,#2538,#2539,#2540,#2541,#2542,#2543,#2544,#2545,#2546,#2547,#2548,
#2549,#2550,#2551,#2552,#2553,#2554,#2555,#2556,#2557,#2558,#2559,#2560,
#2561,#2562,#2563,#2564,#2565,#2566,#2567,#2568,#2569,#2570,#2571,#2572,
#2573,#2574,#2575,#2576,#2577,#2578,#2579,#2580,#2581,#2582,#2583,#2584,
#2585,#2586,#2587,#2588,#2589));
#2591=DERIVED_UNIT_ELEMENT(#2594,1.);
#2592=DERIVED_UNIT_ELEMENT(#4849,-3.);
#2593=DIMENSIONAL_EXPONENTS(0.,1.,0.,0.,0.,0.,0.);
#2594=(
CONVERSION_BASED_UNIT('gram',#2596)
MASS_UNIT()
NAMED_UNIT(#2593)
);
#2595=(
MASS_UNIT()
NAMED_UNIT(*)
SI_UNIT(.KILO.,.GRAM.)
);
#2596=MASS_MEASURE_WITH_UNIT(MASS_MEASURE(0.001),#2595);
#2597=DERIVED_UNIT((#2591,#2592));
#2598=MEASURE_REPRESENTATION_ITEM('density measure',
POSITIVE_RATIO_MEASURE(1.),#2597);
#2599=PROPERTY_DEFINITION_REPRESENTATION(#2604,#2601);
#2600=PROPERTY_DEFINITION_REPRESENTATION(#2605,#2602);
#2601=REPRESENTATION('material name',(#2603),#4846);
#2602=REPRESENTATION('density',(#2598),#4846);
#2603=DESCRIPTIVE_REPRESENTATION_ITEM('Generic','Generic');
#2604=PROPERTY_DEFINITION('material property','material name',#4856);
#2605=PROPERTY_DEFINITION('material property','density of part',#4856);
#2606=DATE_TIME_ROLE('creation_date');
#2607=APPLIED_DATE_AND_TIME_ASSIGNMENT(#2608,#2606,(#4856));
#2608=DATE_AND_TIME(#2609,#2610);
#2609=CALENDAR_DATE(2026,13,8);
#2610=LOCAL_TIME(0,0,0.,#2611);
#2611=COORDINATED_UNIVERSAL_TIME_OFFSET(0,0,.BEHIND.);
#2612=AXIS2_PLACEMENT_3D('',#3715,#2922,#2923);
#2613=AXIS2_PLACEMENT_3D('',#3716,#2924,#2925);
#2614=AXIS2_PLACEMENT_3D('',#3718,#2926,#2927);
#2615=AXIS2_PLACEMENT_3D('',#3721,#2929,#2930);
#2616=AXIS2_PLACEMENT_3D('',#3722,#2931,#2932);
#2617=AXIS2_PLACEMENT_3D('',#3724,#2933,#2934);
#2618=AXIS2_PLACEMENT_3D('',#3727,#2936,#2937);
#2619=AXIS2_PLACEMENT_3D('',#3728,#2938,#2939);
#2620=AXIS2_PLACEMENT_3D('',#3730,#2940,#2941);
#2621=AXIS2_PLACEMENT_3D('',#3733,#2943,#2944);
#2622=AXIS2_PLACEMENT_3D('',#3734,#2945,#2946);
#2623=AXIS2_PLACEMENT_3D('',#3736,#2947,#2948);
#2624=AXIS2_PLACEMENT_3D('',#3739,#2950,#2951);
#2625=AXIS2_PLACEMENT_3D('',#3740,#2952,#2953);
#2626=AXIS2_PLACEMENT_3D('',#3742,#2954,#2955);
#2627=AXIS2_PLACEMENT_3D('',#3745,#2957,#2958);
#2628=AXIS2_PLACEMENT_3D('',#3746,#2959,#2960);
#2629=AXIS2_PLACEMENT_3D('',#3748,#2961,#2962);
#2630=AXIS2_PLACEMENT_3D('',#3751,#2964,#2965);
#2631=AXIS2_PLACEMENT_3D('',#3752,#2966,#2967);
#2632=AXIS2_PLACEMENT_3D('',#3754,#2968,#2969);
#2633=AXIS2_PLACEMENT_3D('',#3757,#2971,#2972);
#2634=AXIS2_PLACEMENT_3D('',#3758,#2973,#2974);
#2635=AXIS2_PLACEMENT_3D('',#3760,#2975,#2976);
#2636=AXIS2_PLACEMENT_3D('',#3763,#2978,#2979);
#2637=AXIS2_PLACEMENT_3D('',#3764,#2980,#2981);
#2638=AXIS2_PLACEMENT_3D('',#3766,#2982,#2983);
#2639=AXIS2_PLACEMENT_3D('',#3769,#2985,#2986);
#2640=AXIS2_PLACEMENT_3D('',#3770,#2987,#2988);
#2641=AXIS2_PLACEMENT_3D('',#3772,#2989,#2990);
#2642=AXIS2_PLACEMENT_3D('',#3775,#2992,#2993);
#2643=AXIS2_PLACEMENT_3D('',#3776,#2994,#2995);
#2644=AXIS2_PLACEMENT_3D('',#3778,#2996,#2997);
#2645=AXIS2_PLACEMENT_3D('',#3781,#2999,#3000);
#2646=AXIS2_PLACEMENT_3D('',#3782,#3001,#3002);
#2647=AXIS2_PLACEMENT_3D('',#3791,#3007,#3008);
#2648=AXIS2_PLACEMENT_3D('',#3795,#3010,#3011);
#2649=AXIS2_PLACEMENT_3D('',#3796,#3012,#3013);
#2650=AXIS2_PLACEMENT_3D('',#3797,#3014,#3015);
#2651=AXIS2_PLACEMENT_3D('',#3803,#3019,#3020);
#2652=AXIS2_PLACEMENT_3D('',#3807,#3022,#3023);
#2653=AXIS2_PLACEMENT_3D('',#3808,#3024,#3025);
#2654=AXIS2_PLACEMENT_3D('',#3809,#3026,#3027);
#2655=AXIS2_PLACEMENT_3D('',#3815,#3031,#3032);
#2656=AXIS2_PLACEMENT_3D('',#3819,#3034,#3035);
#2657=AXIS2_PLACEMENT_3D('',#3820,#3036,#3037);
#2658=AXIS2_PLACEMENT_3D('',#3821,#3038,#3039);
#2659=AXIS2_PLACEMENT_3D('',#3827,#3043,#3044);
#2660=AXIS2_PLACEMENT_3D('',#3828,#3045,#3046);
#2661=AXIS2_PLACEMENT_3D('',#3829,#3047,#3048);
#2662=AXIS2_PLACEMENT_3D('',#3830,#3049,#3050);
#2663=AXIS2_PLACEMENT_3D('',#3834,#3052,#3053);
#2664=AXIS2_PLACEMENT_3D('',#3836,#3055,#3056);
#2665=AXIS2_PLACEMENT_3D('',#3840,#3059,#3060);
#2666=AXIS2_PLACEMENT_3D('',#3843,#3062,#3063);
#2667=AXIS2_PLACEMENT_3D('',#3844,#3064,#3065);
#2668=AXIS2_PLACEMENT_3D('',#3848,#3068,#3069);
#2669=AXIS2_PLACEMENT_3D('',#3853,#3071,#3072);
#2670=AXIS2_PLACEMENT_3D('',#3857,#3074,#3075);
#2671=AXIS2_PLACEMENT_3D('',#3861,#3077,#3078);
#2672=AXIS2_PLACEMENT_3D('',#3864,#3080,#3081);
#2673=AXIS2_PLACEMENT_3D('',#3865,#3082,#3083);
#2674=AXIS2_PLACEMENT_3D('',#3868,#3084,#3085);
#2675=AXIS2_PLACEMENT_3D('',#3871,#3088,#3089);
#2676=AXIS2_PLACEMENT_3D('',#3875,#3092,#3093);
#2677=AXIS2_PLACEMENT_3D('',#3877,#3094,#3095);
#2678=AXIS2_PLACEMENT_3D('',#3879,#3097,#3098);
#2679=AXIS2_PLACEMENT_3D('',#3883,#3101,#3102);
#2680=AXIS2_PLACEMENT_3D('',#3885,#3103,#3104);
#2681=AXIS2_PLACEMENT_3D('',#3887,#3106,#3107);
#2682=AXIS2_PLACEMENT_3D('',#3891,#3110,#3111);
#2683=AXIS2_PLACEMENT_3D('',#3893,#3112,#3113);
#2684=AXIS2_PLACEMENT_3D('',#3895,#3115,#3116);
#2685=AXIS2_PLACEMENT_3D('',#3897,#3118,#3119);
#2686=AXIS2_PLACEMENT_3D('',#3911,#3120,#3121);
#2687=AXIS2_PLACEMENT_3D('',#3935,#3122,#3123);
#2688=AXIS2_PLACEMENT_3D('',#3946,#3124,#3125);
#2689=AXIS2_PLACEMENT_3D('',#3961,#3127,#3128);
#2690=AXIS2_PLACEMENT_3D('',#3964,#3130,#3131);
#2691=AXIS2_PLACEMENT_3D('',#3965,#3132,#3133);
#2692=AXIS2_PLACEMENT_3D('',#3969,#3135,#3136);
#2693=AXIS2_PLACEMENT_3D('',#3973,#3138,#3139);
#2694=AXIS2_PLACEMENT_3D('',#3977,#3141,#3142);
#2695=AXIS2_PLACEMENT_3D('',#3981,#3144,#3145);
#2696=AXIS2_PLACEMENT_3D('',#3985,#3147,#3148);
#2697=AXIS2_PLACEMENT_3D('',#3989,#3150,#3151);
#2698=AXIS2_PLACEMENT_3D('',#3993,#3153,#3154);
#2699=AXIS2_PLACEMENT_3D('',#3997,#3156,#3157);
#2700=AXIS2_PLACEMENT_3D('',#4001,#3159,#3160);
#2701=AXIS2_PLACEMENT_3D('',#4005,#3162,#3163);
#2702=AXIS2_PLACEMENT_3D('',#4009,#3165,#3166);
#2703=AXIS2_PLACEMENT_3D('',#4013,#3168,#3169);
#2704=AXIS2_PLACEMENT_3D('',#4016,#3171,#3172);
#2705=AXIS2_PLACEMENT_3D('',#4017,#3173,#3174);
#2706=AXIS2_PLACEMENT_3D('',#4019,#3175,#3176);
#2707=AXIS2_PLACEMENT_3D('',#4023,#3179,#3180);
#2708=AXIS2_PLACEMENT_3D('',#4058,#3181,#3182);
#2709=AXIS2_PLACEMENT_3D('',#4069,#3183,#3184);
#2710=AXIS2_PLACEMENT_3D('',#4071,#3185,#3186);
#2711=AXIS2_PLACEMENT_3D('',#4075,#3188,#3189);
#2712=AXIS2_PLACEMENT_3D('',#4077,#3191,#3192);
#2713=AXIS2_PLACEMENT_3D('',#4081,#3195,#3196);
#2714=AXIS2_PLACEMENT_3D('',#4116,#3197,#3198);
#2715=AXIS2_PLACEMENT_3D('',#4127,#3199,#3200);
#2716=AXIS2_PLACEMENT_3D('',#4129,#3201,#3202);
#2717=AXIS2_PLACEMENT_3D('',#4132,#3204,#3205);
#2718=AXIS2_PLACEMENT_3D('',#4133,#3206,#3207);
#2719=AXIS2_PLACEMENT_3D('',#4135,#3208,#3209);
#2720=AXIS2_PLACEMENT_3D('',#4139,#3211,#3212);
#2721=AXIS2_PLACEMENT_3D('',#4150,#3213,#3214);
#2722=AXIS2_PLACEMENT_3D('',#4174,#3215,#3216);
#2723=AXIS2_PLACEMENT_3D('',#4185,#3217,#3218);
#2724=AXIS2_PLACEMENT_3D('',#4187,#3219,#3220);
#2725=AXIS2_PLACEMENT_3D('',#4191,#3223,#3224);
#2726=AXIS2_PLACEMENT_3D('',#4195,#3226,#3227);
#2727=AXIS2_PLACEMENT_3D('',#4197,#3229,#3230);
#2728=AXIS2_PLACEMENT_3D('',#4200,#3232,#3233);
#2729=AXIS2_PLACEMENT_3D('',#4201,#3234,#3235);
#2730=AXIS2_PLACEMENT_3D('',#4236,#3236,#3237);
#2731=AXIS2_PLACEMENT_3D('',#4247,#3238,#3239);
#2732=AXIS2_PLACEMENT_3D('',#4249,#3240,#3241);
#2733=AXIS2_PLACEMENT_3D('',#4253,#3243,#3244);
#2734=AXIS2_PLACEMENT_3D('',#4264,#3245,#3246);
#2735=AXIS2_PLACEMENT_3D('',#4268,#3248,#3249);
#2736=AXIS2_PLACEMENT_3D('',#4270,#3251,#3252);
#2737=AXIS2_PLACEMENT_3D('',#4273,#3254,#3255);
#2738=AXIS2_PLACEMENT_3D('',#4274,#3256,#3257);
#2739=AXIS2_PLACEMENT_3D('',#4298,#3258,#3259);
#2740=AXIS2_PLACEMENT_3D('',#4309,#3260,#3261);
#2741=AXIS2_PLACEMENT_3D('',#4311,#3262,#3263);
#2742=AXIS2_PLACEMENT_3D('',#4315,#3266,#3267);
#2743=AXIS2_PLACEMENT_3D('',#4319,#3269,#3270);
#2744=AXIS2_PLACEMENT_3D('',#4321,#3272,#3273);
#2745=AXIS2_PLACEMENT_3D('',#4324,#3275,#3276);
#2746=AXIS2_PLACEMENT_3D('',#4325,#3277,#3278);
#2747=AXIS2_PLACEMENT_3D('',#4360,#3279,#3280);
#2748=AXIS2_PLACEMENT_3D('',#4371,#3281,#3282);
#2749=AXIS2_PLACEMENT_3D('',#4373,#3283,#3284);
#2750=AXIS2_PLACEMENT_3D('',#4377,#3286,#3287);
#2751=AXIS2_PLACEMENT_3D('',#4379,#3289,#3290);
#2752=AXIS2_PLACEMENT_3D('',#4383,#3293,#3294);
#2753=AXIS2_PLACEMENT_3D('',#4418,#3295,#3296);
#2754=AXIS2_PLACEMENT_3D('',#4429,#3297,#3298);
#2755=AXIS2_PLACEMENT_3D('',#4431,#3299,#3300);
#2756=AXIS2_PLACEMENT_3D('',#4435,#3302,#3303);
#2757=AXIS2_PLACEMENT_3D('',#4437,#3305,#3306);
#2758=AXIS2_PLACEMENT_3D('',#4439,#3307,#3308);
#2759=AXIS2_PLACEMENT_3D('',#4441,#3310,#3311);
#2760=AXIS2_PLACEMENT_3D('',#4476,#3312,#3313);
#2761=AXIS2_PLACEMENT_3D('',#4487,#3314,#3315);
#2762=AXIS2_PLACEMENT_3D('',#4489,#3316,#3317);
#2763=AXIS2_PLACEMENT_3D('',#4492,#3319,#3320);
#2764=AXIS2_PLACEMENT_3D('',#4493,#3321,#3322);
#2765=AXIS2_PLACEMENT_3D('',#4495,#3323,#3324);
#2766=AXIS2_PLACEMENT_3D('',#4499,#3327,#3328);
#2767=AXIS2_PLACEMENT_3D('',#4523,#3329,#3330);
#2768=AXIS2_PLACEMENT_3D('',#4534,#3331,#3332);
#2769=AXIS2_PLACEMENT_3D('',#4538,#3334,#3335);
#2770=AXIS2_PLACEMENT_3D('',#4540,#3337,#3338);
#2771=AXIS2_PLACEMENT_3D('',#4543,#3340,#3341);
#2772=AXIS2_PLACEMENT_3D('',#4544,#3342,#3343);
#2773=AXIS2_PLACEMENT_3D('',#4548,#3345,#3346);
#2774=AXIS2_PLACEMENT_3D('',#4550,#3348,#3349);
#2775=AXIS2_PLACEMENT_3D('',#4551,#3350,#3351);
#2776=AXIS2_PLACEMENT_3D('',#4552,#3352,#3353);
#2777=AXIS2_PLACEMENT_3D('',#4556,#3355,#3356);
#2778=AXIS2_PLACEMENT_3D('',#4558,#3358,#3359);
#2779=AXIS2_PLACEMENT_3D('',#4559,#3360,#3361);
#2780=AXIS2_PLACEMENT_3D('',#4560,#3362,#3363);
#2781=AXIS2_PLACEMENT_3D('',#4564,#3366,#3367);
#2782=AXIS2_PLACEMENT_3D('',#4567,#3369,#3370);
#2783=AXIS2_PLACEMENT_3D('',#4568,#3371,#3372);
#2784=AXIS2_PLACEMENT_3D('',#4570,#3373,#3374);
#2785=AXIS2_PLACEMENT_3D('',#4573,#3376,#3377);
#2786=AXIS2_PLACEMENT_3D('',#4574,#3378,#3379);
#2787=AXIS2_PLACEMENT_3D('',#4578,#3381,#3382);
#2788=AXIS2_PLACEMENT_3D('',#4580,#3384,#3385);
#2789=AXIS2_PLACEMENT_3D('',#4583,#3387,#3388);
#2790=AXIS2_PLACEMENT_3D('',#4584,#3389,#3390);
#2791=AXIS2_PLACEMENT_3D('',#4587,#3392,#3393);
#2792=AXIS2_PLACEMENT_3D('',#4588,#3394,#3395);
#2793=AXIS2_PLACEMENT_3D('',#4592,#3398,#3399);
#2794=AXIS2_PLACEMENT_3D('',#4595,#3401,#3402);
#2795=AXIS2_PLACEMENT_3D('',#4596,#3403,#3404);
#2796=AXIS2_PLACEMENT_3D('',#4599,#3406,#3407);
#2797=AXIS2_PLACEMENT_3D('',#4600,#3408,#3409);
#2798=AXIS2_PLACEMENT_3D('',#4601,#3410,#3411);
#2799=AXIS2_PLACEMENT_3D('',#4602,#3412,#3413);
#2800=AXIS2_PLACEMENT_3D('',#4606,#3416,#3417);
#2801=AXIS2_PLACEMENT_3D('',#4610,#3419,#3420);
#2802=AXIS2_PLACEMENT_3D('',#4612,#3422,#3423);
#2803=AXIS2_PLACEMENT_3D('',#4615,#3425,#3426);
#2804=AXIS2_PLACEMENT_3D('',#4616,#3427,#3428);
#2805=AXIS2_PLACEMENT_3D('',#4619,#3430,#3431);
#2806=AXIS2_PLACEMENT_3D('',#4620,#3432,#3433);
#2807=AXIS2_PLACEMENT_3D('',#4622,#3435,#3436);
#2808=AXIS2_PLACEMENT_3D('',#4624,#3437,#3438);
#2809=AXIS2_PLACEMENT_3D('',#4627,#3440,#3441);
#2810=AXIS2_PLACEMENT_3D('',#4628,#3442,#3443);
#2811=AXIS2_PLACEMENT_3D('',#4632,#3445,#3446);
#2812=AXIS2_PLACEMENT_3D('',#4634,#3448,#3449);
#2813=AXIS2_PLACEMENT_3D('',#4637,#3451,#3452);
#2814=AXIS2_PLACEMENT_3D('',#4638,#3453,#3454);
#2815=AXIS2_PLACEMENT_3D('',#4641,#3456,#3457);
#2816=AXIS2_PLACEMENT_3D('',#4642,#3458,#3459);
#2817=AXIS2_PLACEMENT_3D('',#4644,#3461,#3462);
#2818=AXIS2_PLACEMENT_3D('',#4646,#3463,#3464);
#2819=AXIS2_PLACEMENT_3D('',#4650,#3466,#3467);
#2820=AXIS2_PLACEMENT_3D('',#4652,#3468,#3469);
#2821=AXIS2_PLACEMENT_3D('',#4653,#3470,#3471);
#2822=AXIS2_PLACEMENT_3D('',#4654,#3472,#3473);
#2823=AXIS2_PLACEMENT_3D('',#4656,#3474,#3475);
#2824=AXIS2_PLACEMENT_3D('',#4660,#3477,#3478);
#2825=AXIS2_PLACEMENT_3D('',#4662,#3479,#3480);
#2826=AXIS2_PLACEMENT_3D('',#4663,#3481,#3482);
#2827=AXIS2_PLACEMENT_3D('',#4664,#3483,#3484);
#2828=AXIS2_PLACEMENT_3D('',#4666,#3485,#3486);
#2829=AXIS2_PLACEMENT_3D('',#4670,#3488,#3489);
#2830=AXIS2_PLACEMENT_3D('',#4672,#3490,#3491);
#2831=AXIS2_PLACEMENT_3D('',#4673,#3492,#3493);
#2832=AXIS2_PLACEMENT_3D('',#4674,#3494,#3495);
#2833=AXIS2_PLACEMENT_3D('',#4676,#3496,#3497);
#2834=AXIS2_PLACEMENT_3D('',#4680,#3499,#3500);
#2835=AXIS2_PLACEMENT_3D('',#4682,#3501,#3502);
#2836=AXIS2_PLACEMENT_3D('',#4683,#3503,#3504);
#2837=AXIS2_PLACEMENT_3D('',#4684,#3505,#3506);
#2838=AXIS2_PLACEMENT_3D('',#4686,#3507,#3508);
#2839=AXIS2_PLACEMENT_3D('',#4690,#3510,#3511);
#2840=AXIS2_PLACEMENT_3D('',#4692,#3512,#3513);
#2841=AXIS2_PLACEMENT_3D('',#4693,#3514,#3515);
#2842=AXIS2_PLACEMENT_3D('',#4694,#3516,#3517);
#2843=AXIS2_PLACEMENT_3D('',#4696,#3518,#3519);
#2844=AXIS2_PLACEMENT_3D('',#4700,#3521,#3522);
#2845=AXIS2_PLACEMENT_3D('',#4702,#3523,#3524);
#2846=AXIS2_PLACEMENT_3D('',#4703,#3525,#3526);
#2847=AXIS2_PLACEMENT_3D('',#4704,#3527,#3528);
#2848=AXIS2_PLACEMENT_3D('',#4706,#3529,#3530);
#2849=AXIS2_PLACEMENT_3D('',#4710,#3532,#3533);
#2850=AXIS2_PLACEMENT_3D('',#4712,#3534,#3535);
#2851=AXIS2_PLACEMENT_3D('',#4713,#3536,#3537);
#2852=AXIS2_PLACEMENT_3D('',#4714,#3538,#3539);
#2853=AXIS2_PLACEMENT_3D('',#4716,#3540,#3541);
#2854=AXIS2_PLACEMENT_3D('',#4720,#3543,#3544);
#2855=AXIS2_PLACEMENT_3D('',#4722,#3545,#3546);
#2856=AXIS2_PLACEMENT_3D('',#4723,#3547,#3548);
#2857=AXIS2_PLACEMENT_3D('',#4724,#3549,#3550);
#2858=AXIS2_PLACEMENT_3D('',#4726,#3551,#3552);
#2859=AXIS2_PLACEMENT_3D('',#4730,#3554,#3555);
#2860=AXIS2_PLACEMENT_3D('',#4732,#3556,#3557);
#2861=AXIS2_PLACEMENT_3D('',#4733,#3558,#3559);
#2862=AXIS2_PLACEMENT_3D('',#4734,#3560,#3561);
#2863=AXIS2_PLACEMENT_3D('',#4736,#3562,#3563);
#2864=AXIS2_PLACEMENT_3D('',#4740,#3565,#3566);
#2865=AXIS2_PLACEMENT_3D('',#4742,#3567,#3568);
#2866=AXIS2_PLACEMENT_3D('',#4743,#3569,#3570);
#2867=AXIS2_PLACEMENT_3D('',#4744,#3571,#3572);
#2868=AXIS2_PLACEMENT_3D('',#4746,#3574,#3575);
#2869=AXIS2_PLACEMENT_3D('',#4750,#3578,#3579);
#2870=AXIS2_PLACEMENT_3D('',#4752,#3581,#3582);
#2871=AXIS2_PLACEMENT_3D('',#4754,#3584,#3585);
#2872=AXIS2_PLACEMENT_3D('',#4758,#3588,#3589);
#2873=AXIS2_PLACEMENT_3D('',#4760,#3591,#3592);
#2874=AXIS2_PLACEMENT_3D('',#4762,#3594,#3595);
#2875=AXIS2_PLACEMENT_3D('',#4764,#3597,#3598);
#2876=AXIS2_PLACEMENT_3D('',#4766,#3600,#3601);
#2877=AXIS2_PLACEMENT_3D('',#4772,#3605,#3606);
#2878=AXIS2_PLACEMENT_3D('',#4776,#3609,#3610);
#2879=AXIS2_PLACEMENT_3D('',#4778,#3612,#3613);
#2880=AXIS2_PLACEMENT_3D('',#4780,#3615,#3616);
#2881=AXIS2_PLACEMENT_3D('',#4786,#3620,#3621);
#2882=AXIS2_PLACEMENT_3D('',#4790,#3624,#3625);
#2883=AXIS2_PLACEMENT_3D('',#4792,#3627,#3628);
#2884=AXIS2_PLACEMENT_3D('',#4793,#3629,#3630);
#2885=AXIS2_PLACEMENT_3D('',#4794,#3631,#3632);
#2886=AXIS2_PLACEMENT_3D('',#4795,#3633,#3634);
#2887=AXIS2_PLACEMENT_3D('',#4796,#3635,#3636);
#2888=AXIS2_PLACEMENT_3D('',#4797,#3637,#3638);
#2889=AXIS2_PLACEMENT_3D('',#4799,#3640,#3641);
#2890=AXIS2_PLACEMENT_3D('',#4801,#3643,#3644);
#2891=AXIS2_PLACEMENT_3D('',#4802,#3645,#3646);
#2892=AXIS2_PLACEMENT_3D('',#4804,#3648,#3649);
#2893=AXIS2_PLACEMENT_3D('',#4806,#3651,#3652);
#2894=AXIS2_PLACEMENT_3D('',#4807,#3653,#3654);
#2895=AXIS2_PLACEMENT_3D('',#4808,#3655,#3656);
#2896=AXIS2_PLACEMENT_3D('',#4812,#3658,#3659);
#2897=AXIS2_PLACEMENT_3D('',#4814,#3661,#3662);
#2898=AXIS2_PLACEMENT_3D('',#4816,#3664,#3665);
#2899=AXIS2_PLACEMENT_3D('',#4817,#3666,#3667);
#2900=AXIS2_PLACEMENT_3D('',#4818,#3668,#3669);
#2901=AXIS2_PLACEMENT_3D('',#4819,#3670,#3671);
#2902=AXIS2_PLACEMENT_3D('',#4820,#3672,#3673);
#2903=AXIS2_PLACEMENT_3D('',#4821,#3674,#3675);
#2904=AXIS2_PLACEMENT_3D('',#4822,#3676,#3677);
#2905=AXIS2_PLACEMENT_3D('',#4823,#3678,#3679);
#2906=AXIS2_PLACEMENT_3D('',#4824,#3680,#3681);
#2907=AXIS2_PLACEMENT_3D('',#4825,#3682,#3683);
#2908=AXIS2_PLACEMENT_3D('',#4826,#3684,#3685);
#2909=AXIS2_PLACEMENT_3D('',#4827,#3686,#3687);
#2910=AXIS2_PLACEMENT_3D('',#4828,#3688,#3689);
#2911=AXIS2_PLACEMENT_3D('',#4829,#3690,#3691);
#2912=AXIS2_PLACEMENT_3D('',#4831,#3693,#3694);
#2913=AXIS2_PLACEMENT_3D('',#4832,#3695,#3696);
#2914=AXIS2_PLACEMENT_3D('',#4833,#3697,#3698);
#2915=AXIS2_PLACEMENT_3D('',#4836,#3700,#3701);
#2916=AXIS2_PLACEMENT_3D('',#4837,#3702,#3703);
#2917=AXIS2_PLACEMENT_3D('',#4838,#3704,#3705);
#2918=AXIS2_PLACEMENT_3D('',#4839,#3706,#3707);
#2919=AXIS2_PLACEMENT_3D('',#4840,#3708,#3709);
#2920=AXIS2_PLACEMENT_3D('',#4841,#3710,#3711);
#2921=AXIS2_PLACEMENT_3D('',#4843,#3713,#3714);
#2922=DIRECTION('axis',(0.,0.,1.));
#2923=DIRECTION('refdir',(1.,0.,0.));
#2924=DIRECTION('center_axis',(0.,0.,-1.));
#2925=DIRECTION('ref_axis',(1.,0.,0.));
#2926=DIRECTION('center_axis',(0.,0.,-1.));
#2927=DIRECTION('ref_axis',(1.,0.,0.));
#2928=DIRECTION('',(0.,0.,-1.));
#2929=DIRECTION('center_axis',(0.,0.,1.));
#2930=DIRECTION('ref_axis',(1.,0.,0.));
#2931=DIRECTION('center_axis',(0.,0.,-1.));
#2932=DIRECTION('ref_axis',(1.,0.,0.));
#2933=DIRECTION('center_axis',(0.,0.,-1.));
#2934=DIRECTION('ref_axis',(1.,0.,0.));
#2935=DIRECTION('',(0.,0.,-1.));
#2936=DIRECTION('center_axis',(0.,0.,1.));
#2937=DIRECTION('ref_axis',(1.,0.,0.));
#2938=DIRECTION('center_axis',(0.,0.,-1.));
#2939=DIRECTION('ref_axis',(1.,0.,0.));
#2940=DIRECTION('center_axis',(0.,0.,-1.));
#2941=DIRECTION('ref_axis',(1.,0.,0.));
#2942=DIRECTION('',(0.,0.,-1.));
#2943=DIRECTION('center_axis',(0.,0.,1.));
#2944=DIRECTION('ref_axis',(1.,0.,0.));
#2945=DIRECTION('center_axis',(0.,0.,-1.));
#2946=DIRECTION('ref_axis',(-1.,0.,0.));
#2947=DIRECTION('center_axis',(0.,0.,-1.));
#2948=DIRECTION('ref_axis',(-1.,0.,0.));
#2949=DIRECTION('',(0.,0.,-1.));
#2950=DIRECTION('center_axis',(0.,0.,1.));
#2951=DIRECTION('ref_axis',(-1.,0.,0.));
#2952=DIRECTION('center_axis',(0.,0.,-1.));
#2953=DIRECTION('ref_axis',(-1.,0.,0.));
#2954=DIRECTION('center_axis',(0.,0.,-1.));
#2955=DIRECTION('ref_axis',(-1.,0.,0.));
#2956=DIRECTION('',(0.,0.,-1.));
#2957=DIRECTION('center_axis',(0.,0.,1.));
#2958=DIRECTION('ref_axis',(-1.,0.,0.));
#2959=DIRECTION('center_axis',(0.,0.,1.));
#2960=DIRECTION('ref_axis',(-1.,0.,0.));
#2961=DIRECTION('center_axis',(0.,0.,-1.));
#2962=DIRECTION('ref_axis',(-1.,0.,0.));
#2963=DIRECTION('',(0.,0.,-1.));
#2964=DIRECTION('center_axis',(0.,0.,1.));
#2965=DIRECTION('ref_axis',(-1.,0.,0.));
#2966=DIRECTION('center_axis',(0.,0.,1.));
#2967=DIRECTION('ref_axis',(-1.,0.,0.));
#2968=DIRECTION('center_axis',(0.,0.,-1.));
#2969=DIRECTION('ref_axis',(-1.,0.,0.));
#2970=DIRECTION('',(0.,0.,-1.));
#2971=DIRECTION('center_axis',(0.,0.,1.));
#2972=DIRECTION('ref_axis',(-1.,0.,0.));
#2973=DIRECTION('center_axis',(0.,0.,1.));
#2974=DIRECTION('ref_axis',(1.,0.,0.));
#2975=DIRECTION('center_axis',(0.,0.,-1.));
#2976=DIRECTION('ref_axis',(1.,0.,0.));
#2977=DIRECTION('',(0.,0.,-1.));
#2978=DIRECTION('center_axis',(0.,0.,1.));
#2979=DIRECTION('ref_axis',(1.,0.,0.));
#2980=DIRECTION('center_axis',(0.,0.,1.));
#2981=DIRECTION('ref_axis',(1.,0.,0.));
#2982=DIRECTION('center_axis',(0.,0.,-1.));
#2983=DIRECTION('ref_axis',(1.,0.,0.));
#2984=DIRECTION('',(0.,0.,-1.));
#2985=DIRECTION('center_axis',(0.,0.,1.));
#2986=DIRECTION('ref_axis',(1.,0.,0.));
#2987=DIRECTION('center_axis',(0.,0.,-1.));
#2988=DIRECTION('ref_axis',(1.,0.,0.));
#2989=DIRECTION('center_axis',(0.,0.,-1.));
#2990=DIRECTION('ref_axis',(1.,0.,0.));
#2991=DIRECTION('',(0.,0.,-1.));
#2992=DIRECTION('center_axis',(0.,0.,1.));
#2993=DIRECTION('ref_axis',(1.,0.,0.));
#2994=DIRECTION('center_axis',(0.,0.,-1.));
#2995=DIRECTION('ref_axis',(1.,0.,0.));
#2996=DIRECTION('center_axis',(0.,0.,-1.));
#2997=DIRECTION('ref_axis',(1.,0.,0.));
#2998=DIRECTION('',(0.,0.,-1.));
#2999=DIRECTION('center_axis',(0.,0.,1.));
#3000=DIRECTION('ref_axis',(1.,0.,0.));
#3001=DIRECTION('center_axis',(0.707106781186549,0.,0.707106781186546));
#3002=DIRECTION('ref_axis',(0.707106781186546,0.,-0.707106781186549));
#3003=DIRECTION('',(0.707106781186546,0.,-0.707106781186549));
#3004=DIRECTION('',(0.,1.,0.));
#3005=DIRECTION('',(-0.707106781186546,0.,0.707106781186549));
#3006=DIRECTION('',(0.,-1.,0.));
#3007=DIRECTION('center_axis',(0.,0.,-1.));
#3008=DIRECTION('ref_axis',(0.707106781186547,-0.707106781186547,0.));
#3009=DIRECTION('',(0.,-0.707106781186546,-0.707106781186549));
#3010=DIRECTION('center_axis',(0.,0.,1.));
#3011=DIRECTION('ref_axis',(0.707106781186547,-0.707106781186547,0.));
#3012=DIRECTION('center_axis',(0.,0.,-1.));
#3013=DIRECTION('ref_axis',(0.707106781186548,-0.707106781186548,0.));
#3014=DIRECTION('center_axis',(0.,-0.707106781186547,0.707106781186548));
#3015=DIRECTION('ref_axis',(1.,0.,0.));
#3016=DIRECTION('',(0.,-0.707106781186548,-0.707106781186547));
#3017=DIRECTION('',(1.,0.,0.));
#3018=DIRECTION('',(-1.,0.,0.));
#3019=DIRECTION('center_axis',(0.,0.,-1.));
#3020=DIRECTION('ref_axis',(-0.707106781186547,-0.707106781186549,0.));
#3021=DIRECTION('',(-0.707106781186549,0.,-0.707106781186546));
#3022=DIRECTION('center_axis',(0.,0.,1.));
#3023=DIRECTION('ref_axis',(-0.707106781186547,-0.707106781186549,0.));
#3024=DIRECTION('center_axis',(0.,0.,-1.));
#3025=DIRECTION('ref_axis',(-0.707106781186547,-0.707106781186549,0.));
#3026=DIRECTION('center_axis',(-0.707106781186549,-2.69158707202933E-16,
0.707106781186546));
#3027=DIRECTION('ref_axis',(0.707106781186546,0.,0.707106781186549));
#3028=DIRECTION('',(-0.707106781186543,0.,-0.707106781186552));
#3029=DIRECTION('',(3.80647894157197E-16,-1.,0.));
#3030=DIRECTION('',(-3.80647894157197E-16,1.,0.));
#3031=DIRECTION('center_axis',(0.,0.,-1.));
#3032=DIRECTION('ref_axis',(-0.707106781186548,0.707106781186547,0.));
#3033=DIRECTION('',(0.,0.707106781186548,-0.707106781186547));
#3034=DIRECTION('center_axis',(0.,0.,1.));
#3035=DIRECTION('ref_axis',(-0.707106781186548,0.707106781186547,0.));
#3036=DIRECTION('center_axis',(0.,0.,-1.));
#3037=DIRECTION('ref_axis',(-0.707106781186548,0.707106781186547,0.));
#3038=DIRECTION('center_axis',(-5.2336415289459E-17,0.707106781186546,0.707106781186549));
#3039=DIRECTION('ref_axis',(1.,0.,7.40148683083434E-17));
#3040=DIRECTION('',(0.,0.707106781186549,-0.707106781186546));
#3041=DIRECTION('',(-1.,-7.40148683083438E-17,0.));
#3042=DIRECTION('',(1.,7.40148683083438E-17,0.));
#3043=DIRECTION('center_axis',(0.,0.,-1.));
#3044=DIRECTION('ref_axis',(0.707106781186547,0.707106781186547,0.));
#3045=DIRECTION('center_axis',(0.,0.,1.));
#3046=DIRECTION('ref_axis',(0.707106781186547,0.707106781186547,0.));
#3047=DIRECTION('center_axis',(0.,0.,-1.));
#3048=DIRECTION('ref_axis',(0.707106781186548,0.707106781186548,0.));
#3049=DIRECTION('center_axis',(0.,0.,1.));
#3050=DIRECTION('ref_axis',(-0.707106781186546,-0.707106781186549,0.));
#3051=DIRECTION('',(0.,0.,1.));
#3052=DIRECTION('center_axis',(0.,0.,-1.));
#3053=DIRECTION('ref_axis',(-0.707106781186546,-0.707106781186549,0.));
#3054=DIRECTION('',(0.,0.,-1.));
#3055=DIRECTION('center_axis',(0.,-1.,0.));
#3056=DIRECTION('ref_axis',(1.,0.,0.));
#3057=DIRECTION('',(0.,0.,-1.));
#3058=DIRECTION('',(1.,0.,0.));
#3059=DIRECTION('center_axis',(0.,0.,-1.));
#3060=DIRECTION('ref_axis',(0.707106781186547,-0.707106781186547,0.));
#3061=DIRECTION('',(0.,0.,1.));
#3062=DIRECTION('center_axis',(0.,0.,-1.));
#3063=DIRECTION('ref_axis',(0.707106781186547,-0.707106781186547,0.));
#3064=DIRECTION('center_axis',(1.,0.,0.));
#3065=DIRECTION('ref_axis',(0.,1.,0.));
#3066=DIRECTION('',(0.,0.,-1.));
#3067=DIRECTION('',(0.,1.,0.));
#3068=DIRECTION('center_axis',(0.,0.,-1.));
#3069=DIRECTION('ref_axis',(-1.,0.,0.));
#3070=DIRECTION('',(3.08931624243522E-16,-1.,0.));
#3071=DIRECTION('center_axis',(0.,0.,1.));
#3072=DIRECTION('ref_axis',(-6.45947941600091E-16,-1.,0.));
#3073=DIRECTION('',(1.,0.,0.));
#3074=DIRECTION('center_axis',(0.,0.,1.));
#3075=DIRECTION('ref_axis',(1.,6.45947941600091E-16,0.));
#3076=DIRECTION('',(0.,1.,0.));
#3077=DIRECTION('center_axis',(0.,0.,1.));
#3078=DIRECTION('ref_axis',(6.45947941600091E-16,1.,0.));
#3079=DIRECTION('',(-1.,8.26212483441977E-17,0.));
#3080=DIRECTION('center_axis',(0.,0.,1.));
#3081=DIRECTION('ref_axis',(-1.,9.68921912400137E-16,0.));
#3082=DIRECTION('center_axis',(0.,0.,1.));
#3083=DIRECTION('ref_axis',(-1.,9.68921912400137E-16,0.));
#3084=DIRECTION('center_axis',(0.,0.,-1.));
#3085=DIRECTION('ref_axis',(-1.,9.68921912400137E-16,0.));
#3086=DIRECTION('',(0.,0.,1.));
#3087=DIRECTION('',(0.,0.,1.));
#3088=DIRECTION('center_axis',(8.26212483441977E-17,1.,0.));
#3089=DIRECTION('ref_axis',(-1.,8.26212483441977E-17,0.));
#3090=DIRECTION('',(1.,-8.26212483441977E-17,0.));
#3091=DIRECTION('',(0.,0.,1.));
#3092=DIRECTION('center_axis',(0.,0.,1.));
#3093=DIRECTION('ref_axis',(6.45947941600091E-16,1.,0.));
#3094=DIRECTION('center_axis',(0.,0.,-1.));
#3095=DIRECTION('ref_axis',(6.45947941600091E-16,1.,0.));
#3096=DIRECTION('',(0.,0.,1.));
#3097=DIRECTION('center_axis',(1.,0.,0.));
#3098=DIRECTION('ref_axis',(0.,1.,0.));
#3099=DIRECTION('',(0.,-1.,0.));
#3100=DIRECTION('',(0.,0.,1.));
#3101=DIRECTION('center_axis',(0.,0.,1.));
#3102=DIRECTION('ref_axis',(1.,6.45947941600091E-16,0.));
#3103=DIRECTION('center_axis',(0.,0.,-1.));
#3104=DIRECTION('ref_axis',(1.,6.45947941600091E-16,0.));
#3105=DIRECTION('',(0.,0.,1.));
#3106=DIRECTION('center_axis',(0.,-1.,0.));
#3107=DIRECTION('ref_axis',(1.,0.,0.));
#3108=DIRECTION('',(-1.,0.,0.));
#3109=DIRECTION('',(0.,0.,1.));
#3110=DIRECTION('center_axis',(0.,0.,1.));
#3111=DIRECTION('ref_axis',(-6.45947941600091E-16,-1.,0.));
#3112=DIRECTION('center_axis',(0.,0.,-1.));
#3113=DIRECTION('ref_axis',(-6.45947941600091E-16,-1.,0.));
#3114=DIRECTION('',(0.,0.,1.));
#3115=DIRECTION('center_axis',(-1.,-3.08931624243522E-16,0.));
#3116=DIRECTION('ref_axis',(3.08931624243522E-16,-1.,0.));
#3117=DIRECTION('',(-3.08931624243522E-16,1.,0.));
#3118=DIRECTION('center_axis',(0.,0.,-1.));
#3119=DIRECTION('ref_axis',(1.,8.88178419700125E-16,0.));
#3120=DIRECTION('center_axis',(0.,0.,1.));
#3121=DIRECTION('ref_axis',(1.,0.,0.));
#3122=DIRECTION('center_axis',(0.,0.,-1.));
#3123=DIRECTION('ref_axis',(1.,0.,0.));
#3124=DIRECTION('center_axis',(0.707106781186549,4.01943669423047E-16,0.707106781186546));
#3125=DIRECTION('ref_axis',(0.707106781186546,0.,-0.707106781186549));
#3126=DIRECTION('',(-5.6843418860808E-16,1.,0.));
#3127=DIRECTION('center_axis',(0.707106781186549,4.01943669423047E-16,0.707106781186546));
#3128=DIRECTION('ref_axis',(-0.707106781186546,-3.92523114670943E-16,0.707106781186549));
#3129=DIRECTION('',(5.6843418860808E-16,-1.,0.));
#3130=DIRECTION('center_axis',(0.707106781186549,4.01943669423047E-16,0.707106781186546));
#3131=DIRECTION('ref_axis',(-0.707106781186546,-3.92523114670943E-16,0.707106781186549));
#3132=DIRECTION('center_axis',(0.,0.,1.));
#3133=DIRECTION('ref_axis',(1.,0.,0.));
#3134=DIRECTION('',(-5.6843418860808E-16,1.,0.));
#3135=DIRECTION('center_axis',(0.,0.,-1.));
#3136=DIRECTION('ref_axis',(-0.707106781186547,-0.707106781186547,0.));
#3137=DIRECTION('',(-1.,-1.57898385724467E-16,0.));
#3138=DIRECTION('center_axis',(0.,0.,1.));
#3139=DIRECTION('ref_axis',(0.,1.,0.));
#3140=DIRECTION('',(-1.,-1.57898385724467E-16,0.));
#3141=DIRECTION('center_axis',(0.,0.,1.));
#3142=DIRECTION('ref_axis',(-1.83697019872102E-16,1.,0.));
#3143=DIRECTION('',(-1.,-1.57898385724467E-16,0.));
#3144=DIRECTION('center_axis',(0.,0.,1.));
#3145=DIRECTION('ref_axis',(0.,1.,0.));
#3146=DIRECTION('',(-1.,-1.57898385724467E-16,0.));
#3147=DIRECTION('center_axis',(0.,0.,-1.));
#3148=DIRECTION('ref_axis',(0.707106781186548,-0.707106781186548,0.));
#3149=DIRECTION('',(0.,-1.,0.));
#3150=DIRECTION('center_axis',(0.,0.,1.));
#3151=DIRECTION('ref_axis',(-1.,0.,0.));
#3152=DIRECTION('',(0.,-1.,0.));
#3153=DIRECTION('center_axis',(0.,0.,1.));
#3154=DIRECTION('ref_axis',(-1.,0.,0.));
#3155=DIRECTION('',(0.,-1.,0.));
#3156=DIRECTION('center_axis',(0.,0.,-1.));
#3157=DIRECTION('ref_axis',(0.707106781186547,0.707106781186547,0.));
#3158=DIRECTION('',(1.,7.89491928622333E-17,0.));
#3159=DIRECTION('center_axis',(0.,0.,1.));
#3160=DIRECTION('ref_axis',(0.,-1.,0.));
#3161=DIRECTION('',(1.,7.89491928622333E-17,0.));
#3162=DIRECTION('center_axis',(0.,0.,1.));
#3163=DIRECTION('ref_axis',(6.12323399573678E-17,-1.,0.));
#3164=DIRECTION('',(1.,7.89491928622333E-17,0.));
#3165=DIRECTION('center_axis',(0.,0.,1.));
#3166=DIRECTION('ref_axis',(0.,-1.,0.));
#3167=DIRECTION('',(1.,7.89491928622333E-17,0.));
#3168=DIRECTION('center_axis',(0.,0.,-1.));
#3169=DIRECTION('ref_axis',(-0.707106781186547,0.707106781186547,0.));
#3170=DIRECTION('',(-5.6843418860808E-16,1.,0.));
#3171=DIRECTION('center_axis',(0.,0.,1.));
#3172=DIRECTION('ref_axis',(1.,0.,0.));
#3173=DIRECTION('center_axis',(0.707106781186549,4.01943669423047E-16,0.707106781186546));
#3174=DIRECTION('ref_axis',(0.707106781186546,0.,-0.707106781186549));
#3175=DIRECTION('center_axis',(0.707106781186549,4.01943669423047E-16,0.707106781186546));
#3176=DIRECTION('ref_axis',(-0.707106781186546,-4.31775426138037E-16,0.707106781186549));
#3177=DIRECTION('',(5.6843418860808E-16,-1.,0.));
#3178=DIRECTION('',(-0.707106781186546,0.,0.707106781186549));
#3179=DIRECTION('center_axis',(0.,0.,-1.));
#3180=DIRECTION('ref_axis',(8.88178419700125E-16,1.,0.));
#3181=DIRECTION('center_axis',(0.,0.,-1.));
#3182=DIRECTION('ref_axis',(0.,1.,0.));
#3183=DIRECTION('center_axis',(0.,0.,-1.));
#3184=DIRECTION('ref_axis',(0.639602149066843,-0.768706114785798,0.));
#3185=DIRECTION('center_axis',(-1.1165101928418E-16,0.707106781186547,0.707106781186548));
#3186=DIRECTION('ref_axis',(1.96261557335472E-16,-0.707106781186548,0.707106781186547));
#3187=DIRECTION('',(0.,0.,1.));
#3188=DIRECTION('center_axis',(0.,0.,1.));
#3189=DIRECTION('ref_axis',(0.639602149066843,-0.768706114785798,0.));
#3190=DIRECTION('',(0.,0.,-1.));
#3191=DIRECTION('center_axis',(-1.1165101928418E-16,0.707106781186547,0.707106781186548));
#3192=DIRECTION('ref_axis',(1.,0.,1.57898385724467E-16));
#3193=DIRECTION('',(0.,-0.707106781186548,0.707106781186547));
#3194=DIRECTION('',(1.,1.57898385724467E-16,0.));
#3195=DIRECTION('center_axis',(0.,0.,-1.));
#3196=DIRECTION('ref_axis',(1.83697019872103E-16,1.,0.));
#3197=DIRECTION('center_axis',(0.,0.,-1.));
#3198=DIRECTION('ref_axis',(-1.83697019872102E-16,1.,0.));
#3199=DIRECTION('center_axis',(-1.1165101928418E-16,0.707106781186547,0.707106781186548));
#3200=DIRECTION('ref_axis',(1.,0.,1.57898385724467E-16));
#3201=DIRECTION('center_axis',(-1.1165101928418E-16,0.707106781186547,0.707106781186548));
#3202=DIRECTION('ref_axis',(2.35513868802566E-16,-0.707106781186548,0.707106781186547));
#3203=DIRECTION('',(1.,1.57898385724467E-16,0.));
#3204=DIRECTION('center_axis',(-1.1165101928418E-16,0.707106781186547,0.707106781186548));
#3205=DIRECTION('ref_axis',(2.74766180269661E-16,-0.707106781186548,0.707106781186547));
#3206=DIRECTION('center_axis',(-1.1165101928418E-16,0.707106781186547,0.707106781186548));
#3207=DIRECTION('ref_axis',(1.,0.,1.57898385724467E-16));
#3208=DIRECTION('center_axis',(-1.1165101928418E-16,0.707106781186547,0.707106781186548));
#3209=DIRECTION('ref_axis',(1.57009245868378E-16,-0.707106781186548,0.707106781186547));
#3210=DIRECTION('',(1.,1.57898385724467E-16,0.));
#3211=DIRECTION('center_axis',(-1.1165101928418E-16,0.707106781186547,0.707106781186548));
#3212=DIRECTION('ref_axis',(3.92523114670944E-17,-0.707106781186548,0.707106781186547));
#3213=DIRECTION('center_axis',(0.,0.,-1.));
#3214=DIRECTION('ref_axis',(0.,1.,0.));
#3215=DIRECTION('center_axis',(0.,0.,-1.));
#3216=DIRECTION('ref_axis',(0.,1.,0.));
#3217=DIRECTION('center_axis',(-1.1165101928418E-16,0.707106781186547,0.707106781186548));
#3218=DIRECTION('ref_axis',(1.,0.,1.57898385724467E-16));
#3219=DIRECTION('center_axis',(-1.1165101928418E-16,0.707106781186547,0.707106781186548));
#3220=DIRECTION('ref_axis',(1.57009245868378E-16,-0.707106781186548,0.707106781186547));
#3221=DIRECTION('',(1.,1.57898385724467E-16,0.));
#3222=DIRECTION('',(0.,0.707106781186548,-0.707106781186547));
#3223=DIRECTION('center_axis',(0.,0.,1.));
#3224=DIRECTION('ref_axis',(-0.639602149066818,-0.768706114785819,0.));
#3225=DIRECTION('',(0.,0.,1.));
#3226=DIRECTION('center_axis',(0.,0.,1.));
#3227=DIRECTION('ref_axis',(-0.639602149066818,-0.768706114785819,0.));
#3228=DIRECTION('',(0.,0.,-1.));
#3229=DIRECTION('center_axis',(0.,0.,1.));
#3230=DIRECTION('ref_axis',(1.,0.,0.));
#3231=DIRECTION('',(0.,0.,-1.));
#3232=DIRECTION('center_axis',(0.,0.,1.));
#3233=DIRECTION('ref_axis',(1.,0.,0.));
#3234=DIRECTION('center_axis',(0.,0.,-1.));
#3235=DIRECTION('ref_axis',(-1.,0.,0.));
#3236=DIRECTION('center_axis',(0.,0.,-1.));
#3237=DIRECTION('ref_axis',(-1.,0.,0.));
#3238=DIRECTION('center_axis',(-0.707106781186549,0.,0.707106781186546));
#3239=DIRECTION('ref_axis',(0.707106781186546,0.,0.707106781186549));
#3240=DIRECTION('center_axis',(-0.707106781186549,0.,0.707106781186546));
#3241=DIRECTION('ref_axis',(0.707106781186546,1.96261557335472E-16,0.707106781186549));
#3242=DIRECTION('',(0.,1.,0.));
#3243=DIRECTION('center_axis',(-0.707106781186549,0.,0.707106781186546));
#3244=DIRECTION('ref_axis',(0.707106781186546,-7.85046229341886E-17,0.707106781186549));
#3245=DIRECTION('center_axis',(0.,0.,1.));
#3246=DIRECTION('ref_axis',(0.768706114785802,-0.639602149066837,0.));
#3247=DIRECTION('',(0.,0.,1.));
#3248=DIRECTION('center_axis',(0.,0.,1.));
#3249=DIRECTION('ref_axis',(0.768706114785802,-0.639602149066837,0.));
#3250=DIRECTION('',(0.,0.,-1.));
#3251=DIRECTION('center_axis',(0.,0.,1.));
#3252=DIRECTION('ref_axis',(-1.,1.22464679914735E-16,0.));
#3253=DIRECTION('',(0.,0.,-1.));
#3254=DIRECTION('center_axis',(0.,0.,1.));
#3255=DIRECTION('ref_axis',(1.,0.,0.));
#3256=DIRECTION('center_axis',(0.,0.,-1.));
#3257=DIRECTION('ref_axis',(-1.,0.,0.));
#3258=DIRECTION('center_axis',(0.,0.,-1.));
#3259=DIRECTION('ref_axis',(-1.,0.,0.));
#3260=DIRECTION('center_axis',(-0.707106781186549,0.,0.707106781186546));
#3261=DIRECTION('ref_axis',(0.707106781186546,0.,0.707106781186549));
#3262=DIRECTION('center_axis',(-0.707106781186549,0.,0.707106781186546));
#3263=DIRECTION('ref_axis',(0.707106781186546,7.85046229341886E-17,0.707106781186549));
#3264=DIRECTION('',(0.,1.,0.));
#3265=DIRECTION('',(0.707106781186546,0.,0.707106781186549));
#3266=DIRECTION('center_axis',(0.,0.,1.));
#3267=DIRECTION('ref_axis',(0.768706114785807,-0.639602149066832,0.));
#3268=DIRECTION('',(0.,0.,1.));
#3269=DIRECTION('center_axis',(0.,0.,1.));
#3270=DIRECTION('ref_axis',(0.768706114785807,-0.639602149066832,0.));
#3271=DIRECTION('',(0.,0.,-1.));
#3272=DIRECTION('center_axis',(0.,0.,1.));
#3273=DIRECTION('ref_axis',(-1.,1.22464679914735E-16,0.));
#3274=DIRECTION('',(0.,0.,-1.));
#3275=DIRECTION('center_axis',(0.,0.,1.));
#3276=DIRECTION('ref_axis',(1.,0.,0.));
#3277=DIRECTION('center_axis',(0.,0.,-1.));
#3278=DIRECTION('ref_axis',(0.,-1.,0.));
#3279=DIRECTION('center_axis',(0.,0.,-1.));
#3280=DIRECTION('ref_axis',(0.,-1.,0.));
#3281=DIRECTION('center_axis',(0.,0.,-1.));
#3282=DIRECTION('ref_axis',(-0.63960214906683,0.768706114785809,0.));
#3283=DIRECTION('center_axis',(5.58255096420896E-17,-0.707106781186546,
0.707106781186549));
#3284=DIRECTION('ref_axis',(-3.92523114670945E-17,0.707106781186549,0.707106781186546));
#3285=DIRECTION('',(0.,0.,1.));
#3286=DIRECTION('center_axis',(0.,0.,1.));
#3287=DIRECTION('ref_axis',(-0.63960214906683,0.768706114785809,0.));
#3288=DIRECTION('',(0.,0.,-1.));
#3289=DIRECTION('center_axis',(5.58255096420896E-17,-0.707106781186546,
0.707106781186549));
#3290=DIRECTION('ref_axis',(1.,0.,-7.89491928622329E-17));
#3291=DIRECTION('',(0.,0.707106781186549,0.707106781186546));
#3292=DIRECTION('',(-1.,-7.89491928622333E-17,0.));
#3293=DIRECTION('center_axis',(0.,0.,-1.));
#3294=DIRECTION('ref_axis',(8.26946079742757E-16,-1.,0.));
#3295=DIRECTION('center_axis',(0.,0.,-1.));
#3296=DIRECTION('ref_axis',(6.12323399573678E-17,-1.,0.));
#3297=DIRECTION('center_axis',(0.,0.,-1.));
#3298=DIRECTION('ref_axis',(-0.639602149066832,0.768706114785807,0.));
#3299=DIRECTION('center_axis',(5.58255096420896E-17,-0.707106781186546,
0.707106781186549));
#3300=DIRECTION('ref_axis',(0.,0.707106781186549,0.707106781186546));
#3301=DIRECTION('',(0.,0.,1.));
#3302=DIRECTION('center_axis',(0.,0.,1.));
#3303=DIRECTION('ref_axis',(-0.639602149066832,0.768706114785807,0.));
#3304=DIRECTION('',(0.,0.,-1.));
#3305=DIRECTION('center_axis',(5.58255096420896E-17,-0.707106781186546,
0.707106781186549));
#3306=DIRECTION('ref_axis',(1.,0.,-7.89491928622329E-17));
#3307=DIRECTION('center_axis',(5.58255096420896E-17,-0.707106781186546,
0.707106781186549));
#3308=DIRECTION('ref_axis',(-7.8504622934189E-17,0.707106781186549,0.707106781186546));
#3309=DIRECTION('',(-1.,-7.89491928622333E-17,0.));
#3310=DIRECTION('center_axis',(0.,0.,-1.));
#3311=DIRECTION('ref_axis',(-8.88178419700125E-16,-1.,0.));
#3312=DIRECTION('center_axis',(0.,0.,-1.));
#3313=DIRECTION('ref_axis',(0.,-1.,0.));
#3314=DIRECTION('center_axis',(5.58255096420896E-17,-0.707106781186546,
0.707106781186549));
#3315=DIRECTION('ref_axis',(1.,0.,-7.89491928622329E-17));
#3316=DIRECTION('center_axis',(5.58255096420896E-17,-0.707106781186546,
0.707106781186549));
#3317=DIRECTION('ref_axis',(-7.8504622934189E-17,0.707106781186549,0.707106781186546));
#3318=DIRECTION('',(-1.,-7.89491928622333E-17,0.));
#3319=DIRECTION('center_axis',(5.58255096420896E-17,-0.707106781186546,
0.707106781186549));
#3320=DIRECTION('ref_axis',(-7.8504622934189E-17,0.707106781186549,0.707106781186546));
#3321=DIRECTION('center_axis',(5.58255096420896E-17,-0.707106781186546,
0.707106781186549));
#3322=DIRECTION('ref_axis',(1.,0.,-7.89491928622329E-17));
#3323=DIRECTION('center_axis',(5.58255096420896E-17,-0.707106781186546,
0.707106781186549));
#3324=DIRECTION('ref_axis',(-1.17756934401283E-16,0.707106781186549,0.707106781186546));
#3325=DIRECTION('',(-1.,-7.89491928622333E-17,0.));
#3326=DIRECTION('',(0.,0.707106781186546,0.707106781186549));
#3327=DIRECTION('center_axis',(0.,0.,-1.));
#3328=DIRECTION('ref_axis',(1.,1.77635683940025E-15,0.));
#3329=DIRECTION('center_axis',(0.,0.,-1.));
#3330=DIRECTION('ref_axis',(1.,0.,0.));
#3331=DIRECTION('center_axis',(0.,0.,1.));
#3332=DIRECTION('ref_axis',(-0.768706114785807,0.639602149066831,0.));
#3333=DIRECTION('',(0.,0.,1.));
#3334=DIRECTION('center_axis',(0.,0.,1.));
#3335=DIRECTION('ref_axis',(-0.768706114785807,0.639602149066831,0.));
#3336=DIRECTION('',(0.,0.,-1.));
#3337=DIRECTION('center_axis',(0.,0.,1.));
#3338=DIRECTION('ref_axis',(1.,0.,0.));
#3339=DIRECTION('',(0.,0.,-1.));
#3340=DIRECTION('center_axis',(0.,0.,1.));
#3341=DIRECTION('ref_axis',(1.,0.,0.));
#3342=DIRECTION('center_axis',(0.,0.,1.));
#3343=DIRECTION('ref_axis',(0.639602149066832,0.768706114785807,0.));
#3344=DIRECTION('',(0.,0.,1.));
#3345=DIRECTION('center_axis',(0.,0.,1.));
#3346=DIRECTION('ref_axis',(0.639602149066832,0.768706114785807,0.));
#3347=DIRECTION('',(0.,0.,-1.));
#3348=DIRECTION('center_axis',(0.,0.,1.));
#3349=DIRECTION('ref_axis',(1.,0.,0.));
#3350=DIRECTION('center_axis',(0.,0.,1.));
#3351=DIRECTION('ref_axis',(1.,0.,0.));
#3352=DIRECTION('center_axis',(0.,0.,1.));
#3353=DIRECTION('ref_axis',(0.639602149066831,0.768706114785808,0.));
#3354=DIRECTION('',(0.,0.,1.));
#3355=DIRECTION('center_axis',(0.,0.,1.));
#3356=DIRECTION('ref_axis',(0.639602149066831,0.768706114785808,0.));
#3357=DIRECTION('',(0.,0.,-1.));
#3358=DIRECTION('center_axis',(0.,0.,1.));
#3359=DIRECTION('ref_axis',(1.,0.,0.));
#3360=DIRECTION('center_axis',(0.,0.,1.));
#3361=DIRECTION('ref_axis',(1.,0.,0.));
#3362=DIRECTION('center_axis',(7.89491928622333E-17,-1.,0.));
#3363=DIRECTION('ref_axis',(1.,7.89491928622333E-17,0.));
#3364=DIRECTION('',(0.,0.,-1.));
#3365=DIRECTION('',(1.,7.89491928622333E-17,0.));
#3366=DIRECTION('center_axis',(0.,0.,-1.));
#3367=DIRECTION('ref_axis',(0.768706114785807,0.639602149066832,0.));
#3368=DIRECTION('',(0.,0.,1.));
#3369=DIRECTION('center_axis',(0.,0.,1.));
#3370=DIRECTION('ref_axis',(0.768706114785807,0.639602149066832,0.));
#3371=DIRECTION('center_axis',(0.,0.,-1.));
#3372=DIRECTION('ref_axis',(0.768706114785803,0.639602149066837,0.));
#3373=DIRECTION('center_axis',(-0.707106781186549,0.,0.707106781186546));
#3374=DIRECTION('ref_axis',(0.707106781186546,7.85046229341886E-17,0.707106781186549));
#3375=DIRECTION('',(0.,0.,1.));
#3376=DIRECTION('center_axis',(0.,0.,1.));
#3377=DIRECTION('ref_axis',(0.768706114785803,0.639602149066837,0.));
#3378=DIRECTION('center_axis',(0.,0.,1.));
#3379=DIRECTION('ref_axis',(-0.639602149066832,-0.768706114785807,0.));
#3380=DIRECTION('',(0.,0.,1.));
#3381=DIRECTION('center_axis',(0.,0.,1.));
#3382=DIRECTION('ref_axis',(-0.639602149066832,-0.768706114785807,0.));
#3383=DIRECTION('',(0.,0.,-1.));
#3384=DIRECTION('center_axis',(0.,0.,1.));
#3385=DIRECTION('ref_axis',(1.,0.,0.));
#3386=DIRECTION('',(0.,0.,-1.));
#3387=DIRECTION('center_axis',(0.,0.,1.));
#3388=DIRECTION('ref_axis',(1.,0.,0.));
#3389=DIRECTION('center_axis',(0.,0.,-1.));
#3390=DIRECTION('ref_axis',(0.639602149066833,-0.768706114785806,0.));
#3391=DIRECTION('',(0.,0.,1.));
#3392=DIRECTION('center_axis',(0.,0.,1.));
#3393=DIRECTION('ref_axis',(0.639602149066833,-0.768706114785806,0.));
#3394=DIRECTION('center_axis',(-1.57898385724467E-16,1.,0.));
#3395=DIRECTION('ref_axis',(-1.,-1.57898385724467E-16,0.));
#3396=DIRECTION('',(0.,0.,-1.));
#3397=DIRECTION('',(-1.,-1.57898385724467E-16,0.));
#3398=DIRECTION('center_axis',(0.,0.,-1.));
#3399=DIRECTION('ref_axis',(0.639602149066819,-0.768706114785818,0.));
#3400=DIRECTION('',(0.,0.,1.));
#3401=DIRECTION('center_axis',(0.,0.,1.));
#3402=DIRECTION('ref_axis',(0.639602149066819,-0.768706114785818,0.));
#3403=DIRECTION('center_axis',(0.,0.,1.));
#3404=DIRECTION('ref_axis',(-0.639602149066844,-0.768706114785797,0.));
#3405=DIRECTION('',(0.,0.,1.));
#3406=DIRECTION('center_axis',(0.,0.,1.));
#3407=DIRECTION('ref_axis',(-0.639602149066844,-0.768706114785797,0.));
#3408=DIRECTION('center_axis',(0.,0.,1.));
#3409=DIRECTION('ref_axis',(1.,0.,0.));
#3410=DIRECTION('center_axis',(0.,0.,1.));
#3411=DIRECTION('ref_axis',(1.,0.,0.));
#3412=DIRECTION('center_axis',(-1.57898385724467E-16,1.,0.));
#3413=DIRECTION('ref_axis',(-1.,-1.57898385724467E-16,0.));
#3414=DIRECTION('',(0.,0.,-1.));
#3415=DIRECTION('',(-1.,-1.57898385724467E-16,0.));
#3416=DIRECTION('center_axis',(0.,0.,1.));
#3417=DIRECTION('ref_axis',(-0.768706114785812,0.639602149066826,0.));
#3418=DIRECTION('',(0.,0.,1.));
#3419=DIRECTION('center_axis',(0.,0.,1.));
#3420=DIRECTION('ref_axis',(-0.768706114785812,0.639602149066826,0.));
#3421=DIRECTION('',(0.,0.,-1.));
#3422=DIRECTION('center_axis',(0.,0.,1.));
#3423=DIRECTION('ref_axis',(1.,0.,0.));
#3424=DIRECTION('',(0.,0.,-1.));
#3425=DIRECTION('center_axis',(0.,0.,1.));
#3426=DIRECTION('ref_axis',(1.,0.,0.));
#3427=DIRECTION('center_axis',(0.,0.,-1.));
#3428=DIRECTION('ref_axis',(-0.768706114785811,-0.639602149066827,0.));
#3429=DIRECTION('',(0.,0.,1.));
#3430=DIRECTION('center_axis',(0.,0.,1.));
#3431=DIRECTION('ref_axis',(-0.768706114785811,-0.639602149066827,0.));
#3432=DIRECTION('center_axis',(1.,5.6843418860808E-16,0.));
#3433=DIRECTION('ref_axis',(-5.6843418860808E-16,1.,0.));
#3434=DIRECTION('',(-5.6843418860808E-16,1.,0.));
#3435=DIRECTION('center_axis',(0.,0.,-1.));
#3436=DIRECTION('ref_axis',(-0.768706114785807,-0.639602149066832,0.));
#3437=DIRECTION('center_axis',(0.707106781186549,4.01943669423047E-16,0.707106781186546));
#3438=DIRECTION('ref_axis',(-0.707106781186546,-4.31775426138037E-16,0.707106781186549));
#3439=DIRECTION('',(0.,0.,1.));
#3440=DIRECTION('center_axis',(0.,0.,1.));
#3441=DIRECTION('ref_axis',(-0.768706114785807,-0.639602149066832,0.));
#3442=DIRECTION('center_axis',(0.,0.,1.));
#3443=DIRECTION('ref_axis',(0.63960214906683,0.768706114785809,0.));
#3444=DIRECTION('',(0.,0.,1.));
#3445=DIRECTION('center_axis',(0.,0.,1.));
#3446=DIRECTION('ref_axis',(0.63960214906683,0.768706114785809,0.));
#3447=DIRECTION('',(0.,0.,-1.));
#3448=DIRECTION('center_axis',(0.,0.,1.));
#3449=DIRECTION('ref_axis',(1.,0.,0.));
#3450=DIRECTION('',(0.,0.,-1.));
#3451=DIRECTION('center_axis',(0.,0.,1.));
#3452=DIRECTION('ref_axis',(1.,0.,0.));
#3453=DIRECTION('center_axis',(0.,0.,-1.));
#3454=DIRECTION('ref_axis',(-0.639602149066831,0.768706114785808,0.));
#3455=DIRECTION('',(0.,0.,1.));
#3456=DIRECTION('center_axis',(0.,0.,1.));
#3457=DIRECTION('ref_axis',(-0.639602149066831,0.768706114785808,0.));
#3458=DIRECTION('center_axis',(7.89491928622333E-17,-1.,0.));
#3459=DIRECTION('ref_axis',(1.,7.89491928622333E-17,0.));
#3460=DIRECTION('',(1.,7.89491928622333E-17,0.));
#3461=DIRECTION('center_axis',(0.,0.,1.));
#3462=DIRECTION('ref_axis',(-1.,0.,0.));
#3463=DIRECTION('center_axis',(0.,0.,-1.));
#3464=DIRECTION('ref_axis',(-1.,0.,0.));
#3465=DIRECTION('',(0.,0.,-1.));
#3466=DIRECTION('center_axis',(0.,0.,1.));
#3467=DIRECTION('ref_axis',(-1.,0.,0.));
#3468=DIRECTION('center_axis',(5.58255096420896E-17,-0.707106781186546,
0.707106781186549));
#3469=DIRECTION('ref_axis',(0.,-0.707106781186549,-0.707106781186546));
#3470=DIRECTION('center_axis',(0.,0.,1.));
#3471=DIRECTION('ref_axis',(-1.,0.,0.));
#3472=DIRECTION('center_axis',(0.,0.,1.));
#3473=DIRECTION('ref_axis',(-1.,0.,0.));
#3474=DIRECTION('center_axis',(0.,0.,-1.));
#3475=DIRECTION('ref_axis',(-1.,0.,0.));
#3476=DIRECTION('',(0.,0.,-1.));
#3477=DIRECTION('center_axis',(0.,0.,1.));
#3478=DIRECTION('ref_axis',(-1.,0.,0.));
#3479=DIRECTION('center_axis',(-1.1165101928418E-16,0.707106781186547,0.707106781186548));
#3480=DIRECTION('ref_axis',(0.,-0.707106781186548,0.707106781186547));
#3481=DIRECTION('center_axis',(0.,0.,1.));
#3482=DIRECTION('ref_axis',(-1.,0.,0.));
#3483=DIRECTION('center_axis',(0.,0.,1.));
#3484=DIRECTION('ref_axis',(-1.,0.,0.));
#3485=DIRECTION('center_axis',(0.,0.,-1.));
#3486=DIRECTION('ref_axis',(-1.,0.,0.));
#3487=DIRECTION('',(0.,0.,-1.));
#3488=DIRECTION('center_axis',(0.,0.,1.));
#3489=DIRECTION('ref_axis',(-1.,0.,0.));
#3490=DIRECTION('center_axis',(0.707106781186549,4.01943669423047E-16,0.707106781186546));
#3491=DIRECTION('ref_axis',(-0.707106781186546,0.,0.707106781186549));
#3492=DIRECTION('center_axis',(0.,0.,1.));
#3493=DIRECTION('ref_axis',(-1.,0.,0.));
#3494=DIRECTION('center_axis',(0.,0.,1.));
#3495=DIRECTION('ref_axis',(-1.,0.,0.));
#3496=DIRECTION('center_axis',(0.,0.,-1.));
#3497=DIRECTION('ref_axis',(-1.,0.,0.));
#3498=DIRECTION('',(0.,0.,-1.));
#3499=DIRECTION('center_axis',(-0.707106781186549,0.,0.707106781186546));
#3500=DIRECTION('ref_axis',(-0.707106781186546,0.,-0.707106781186549));
#3501=DIRECTION('center_axis',(0.,0.,1.));
#3502=DIRECTION('ref_axis',(-1.,0.,0.));
#3503=DIRECTION('center_axis',(-0.707106781186549,0.,0.707106781186546));
#3504=DIRECTION('ref_axis',(-0.707106781186546,0.,-0.707106781186549));
#3505=DIRECTION('center_axis',(0.,0.,1.));
#3506=DIRECTION('ref_axis',(-1.,0.,0.));
#3507=DIRECTION('center_axis',(0.,0.,-1.));
#3508=DIRECTION('ref_axis',(-1.,0.,0.));
#3509=DIRECTION('',(0.,0.,-1.));
#3510=DIRECTION('center_axis',(0.,0.,1.));
#3511=DIRECTION('ref_axis',(-1.,0.,0.));
#3512=DIRECTION('center_axis',(5.58255096420896E-17,-0.707106781186546,
0.707106781186549));
#3513=DIRECTION('ref_axis',(0.,-0.707106781186549,-0.707106781186546));
#3514=DIRECTION('center_axis',(0.,0.,1.));
#3515=DIRECTION('ref_axis',(-1.,0.,0.));
#3516=DIRECTION('center_axis',(0.,0.,1.));
#3517=DIRECTION('ref_axis',(-1.,0.,0.));
#3518=DIRECTION('center_axis',(0.,0.,-1.));
#3519=DIRECTION('ref_axis',(-1.,0.,0.));
#3520=DIRECTION('',(0.,0.,-1.));
#3521=DIRECTION('center_axis',(0.,0.,1.));
#3522=DIRECTION('ref_axis',(-1.,0.,0.));
#3523=DIRECTION('center_axis',(5.58255096420896E-17,-0.707106781186546,
0.707106781186549));
#3524=DIRECTION('ref_axis',(0.,-0.707106781186549,-0.707106781186546));
#3525=DIRECTION('center_axis',(0.,0.,1.));
#3526=DIRECTION('ref_axis',(-1.,0.,0.));
#3527=DIRECTION('center_axis',(0.,0.,1.));
#3528=DIRECTION('ref_axis',(-1.,0.,0.));
#3529=DIRECTION('center_axis',(0.,0.,-1.));
#3530=DIRECTION('ref_axis',(-1.,0.,0.));
#3531=DIRECTION('',(0.,0.,-1.));
#3532=DIRECTION('center_axis',(0.,0.,1.));
#3533=DIRECTION('ref_axis',(-1.,0.,0.));
#3534=DIRECTION('center_axis',(-1.1165101928418E-16,0.707106781186547,0.707106781186548));
#3535=DIRECTION('ref_axis',(0.,-0.707106781186548,0.707106781186547));
#3536=DIRECTION('center_axis',(0.,0.,1.));
#3537=DIRECTION('ref_axis',(-1.,0.,0.));
#3538=DIRECTION('center_axis',(0.,0.,1.));
#3539=DIRECTION('ref_axis',(-1.,0.,0.));
#3540=DIRECTION('center_axis',(0.,0.,-1.));
#3541=DIRECTION('ref_axis',(-1.,0.,0.));
#3542=DIRECTION('',(0.,0.,-1.));
#3543=DIRECTION('center_axis',(0.,0.,1.));
#3544=DIRECTION('ref_axis',(-1.,0.,0.));
#3545=DIRECTION('center_axis',(-1.1165101928418E-16,0.707106781186547,0.707106781186548));
#3546=DIRECTION('ref_axis',(0.,-0.707106781186548,0.707106781186547));
#3547=DIRECTION('center_axis',(0.,0.,1.));
#3548=DIRECTION('ref_axis',(-1.,0.,0.));
#3549=DIRECTION('center_axis',(0.,0.,1.));
#3550=DIRECTION('ref_axis',(-1.,0.,0.));
#3551=DIRECTION('center_axis',(0.,0.,-1.));
#3552=DIRECTION('ref_axis',(-1.,0.,0.));
#3553=DIRECTION('',(0.,0.,-1.));
#3554=DIRECTION('center_axis',(-0.707106781186549,0.,0.707106781186546));
#3555=DIRECTION('ref_axis',(-0.707106781186546,0.,-0.707106781186549));
#3556=DIRECTION('center_axis',(0.,0.,1.));
#3557=DIRECTION('ref_axis',(-1.,0.,0.));
#3558=DIRECTION('center_axis',(-0.707106781186549,0.,0.707106781186546));
#3559=DIRECTION('ref_axis',(-0.707106781186546,0.,-0.707106781186549));
#3560=DIRECTION('center_axis',(0.,0.,1.));
#3561=DIRECTION('ref_axis',(-1.,0.,0.));
#3562=DIRECTION('center_axis',(0.,0.,-1.));
#3563=DIRECTION('ref_axis',(-1.,0.,0.));
#3564=DIRECTION('',(0.,0.,-1.));
#3565=DIRECTION('center_axis',(0.,0.,1.));
#3566=DIRECTION('ref_axis',(-1.,0.,0.));
#3567=DIRECTION('center_axis',(0.707106781186549,4.01943669423047E-16,0.707106781186546));
#3568=DIRECTION('ref_axis',(-0.707106781186546,0.,0.707106781186549));
#3569=DIRECTION('center_axis',(0.,0.,1.));
#3570=DIRECTION('ref_axis',(-1.,0.,0.));
#3571=DIRECTION('center_axis',(7.89491928622333E-17,-1.,0.));
#3572=DIRECTION('ref_axis',(1.,7.89491928622333E-17,0.));
#3573=DIRECTION('',(1.,7.89491928622333E-17,0.));
#3574=DIRECTION('center_axis',(7.89491928622333E-17,-1.,0.));
#3575=DIRECTION('ref_axis',(1.,7.89491928622333E-17,0.));
#3576=DIRECTION('',(1.,7.89491928622333E-17,0.));
#3577=DIRECTION('',(0.,0.,1.));
#3578=DIRECTION('center_axis',(5.58255096420896E-17,-0.707106781186546,
0.707106781186549));
#3579=DIRECTION('ref_axis',(1.,0.,-7.89491928622329E-17));
#3580=DIRECTION('',(1.,7.89491928622333E-17,0.));
#3581=DIRECTION('center_axis',(5.58255096420896E-17,-0.707106781186546,
0.707106781186549));
#3582=DIRECTION('ref_axis',(1.,0.,-7.89491928622329E-17));
#3583=DIRECTION('',(1.,7.89491928622333E-17,0.));
#3584=DIRECTION('center_axis',(-1.57898385724467E-16,1.,0.));
#3585=DIRECTION('ref_axis',(-1.,-1.57898385724467E-16,0.));
#3586=DIRECTION('',(-1.,-1.57898385724467E-16,0.));
#3587=DIRECTION('',(0.,0.,1.));
#3588=DIRECTION('center_axis',(-1.57898385724467E-16,1.,0.));
#3589=DIRECTION('ref_axis',(-1.,-1.57898385724467E-16,0.));
#3590=DIRECTION('',(-1.,-1.57898385724467E-16,0.));
#3591=DIRECTION('center_axis',(-1.1165101928418E-16,0.707106781186547,0.707106781186548));
#3592=DIRECTION('ref_axis',(1.,0.,1.57898385724467E-16));
#3593=DIRECTION('',(-1.,-1.57898385724467E-16,0.));
#3594=DIRECTION('center_axis',(-1.1165101928418E-16,0.707106781186547,0.707106781186548));
#3595=DIRECTION('ref_axis',(1.,0.,1.57898385724467E-16));
#3596=DIRECTION('',(-1.,-1.57898385724467E-16,0.));
#3597=DIRECTION('center_axis',(-1.1165101928418E-16,0.707106781186547,0.707106781186548));
#3598=DIRECTION('ref_axis',(1.,0.,1.57898385724467E-16));
#3599=DIRECTION('',(-1.,-1.57898385724467E-16,0.));
#3600=DIRECTION('center_axis',(-1.,0.,0.));
#3601=DIRECTION('ref_axis',(0.,-1.,0.));
#3602=DIRECTION('',(0.,1.,0.));
#3603=DIRECTION('',(0.,0.,-1.));
#3604=DIRECTION('',(0.,-1.,0.));
#3605=DIRECTION('center_axis',(-1.,0.,0.));
#3606=DIRECTION('ref_axis',(0.,-1.,0.));
#3607=DIRECTION('',(0.,-1.,0.));
#3608=DIRECTION('',(0.,0.,1.));
#3609=DIRECTION('center_axis',(-0.707106781186549,0.,0.707106781186546));
#3610=DIRECTION('ref_axis',(0.707106781186546,0.,0.707106781186549));
#3611=DIRECTION('',(0.,-1.,0.));
#3612=DIRECTION('center_axis',(-0.707106781186549,0.,0.707106781186546));
#3613=DIRECTION('ref_axis',(0.707106781186546,0.,0.707106781186549));
#3614=DIRECTION('',(0.707106781186546,0.,0.707106781186549));
#3615=DIRECTION('center_axis',(1.,5.6843418860808E-16,0.));
#3616=DIRECTION('ref_axis',(-5.6843418860808E-16,1.,0.));
#3617=DIRECTION('',(5.6843418860808E-16,-1.,0.));
#3618=DIRECTION('',(0.,0.,-1.));
#3619=DIRECTION('',(-5.6843418860808E-16,1.,0.));
#3620=DIRECTION('center_axis',(1.,5.6843418860808E-16,0.));
#3621=DIRECTION('ref_axis',(-5.6843418860808E-16,1.,0.));
#3622=DIRECTION('',(-5.6843418860808E-16,1.,0.));
#3623=DIRECTION('',(0.,0.,1.));
#3624=DIRECTION('center_axis',(0.,0.,1.));
#3625=DIRECTION('ref_axis',(1.,0.,0.));
#3626=DIRECTION('',(-5.6843418860808E-16,1.,0.));
#3627=DIRECTION('center_axis',(0.,0.,1.));
#3628=DIRECTION('ref_axis',(1.,0.,0.));
#3629=DIRECTION('center_axis',(0.,0.,1.));
#3630=DIRECTION('ref_axis',(1.,0.,0.));
#3631=DIRECTION('center_axis',(0.,0.,1.));
#3632=DIRECTION('ref_axis',(1.,0.,0.));
#3633=DIRECTION('center_axis',(0.,0.,1.));
#3634=DIRECTION('ref_axis',(1.,0.,0.));
#3635=DIRECTION('center_axis',(0.,0.,1.));
#3636=DIRECTION('ref_axis',(1.,0.,0.));
#3637=DIRECTION('center_axis',(0.,0.,1.));
#3638=DIRECTION('ref_axis',(1.,0.,0.));
#3639=DIRECTION('',(0.,-1.,0.));
#3640=DIRECTION('center_axis',(0.,0.,1.));
#3641=DIRECTION('ref_axis',(1.,0.,0.));
#3642=DIRECTION('',(-5.6843418860808E-16,1.,0.));
#3643=DIRECTION('center_axis',(0.,0.,1.));
#3644=DIRECTION('ref_axis',(1.,0.,0.));
#3645=DIRECTION('center_axis',(0.,0.,1.));
#3646=DIRECTION('ref_axis',(1.,0.,0.));
#3647=DIRECTION('',(1.,7.89491928622333E-17,0.));
#3648=DIRECTION('center_axis',(0.707106781186549,4.01943669423047E-16,0.707106781186546));
#3649=DIRECTION('ref_axis',(0.707106781186546,0.,-0.707106781186549));
#3650=DIRECTION('',(-0.707106781186546,3.14018491736756E-15,0.707106781186549));
#3651=DIRECTION('center_axis',(0.707106781186549,4.01943669423047E-16,0.707106781186546));
#3652=DIRECTION('ref_axis',(0.707106781186546,0.,-0.707106781186549));
#3653=DIRECTION('center_axis',(0.707106781186549,4.01943669423047E-16,0.707106781186546));
#3654=DIRECTION('ref_axis',(0.707106781186546,0.,-0.707106781186549));
#3655=DIRECTION('center_axis',(0.,0.,1.));
#3656=DIRECTION('ref_axis',(-0.707106781186548,0.707106781186547,0.));
#3657=DIRECTION('',(0.,0.,1.));
#3658=DIRECTION('center_axis',(0.,0.,-1.));
#3659=DIRECTION('ref_axis',(-0.707106781186548,0.707106781186547,0.));
#3660=DIRECTION('',(0.,0.,-1.));
#3661=DIRECTION('center_axis',(-1.,-3.80647894157197E-16,0.));
#3662=DIRECTION('ref_axis',(3.80647894157197E-16,-1.,0.));
#3663=DIRECTION('',(3.80647894157197E-16,-1.,0.));
#3664=DIRECTION('center_axis',(0.,0.,-1.));
#3665=DIRECTION('ref_axis',(-1.,0.,0.));
#3666=DIRECTION('center_axis',(0.,0.,1.));
#3667=DIRECTION('ref_axis',(-0.707106781186548,-0.707106781186548,0.));
#3668=DIRECTION('center_axis',(0.,0.,1.));
#3669=DIRECTION('ref_axis',(-0.707106781186547,-0.707106781186547,0.));
#3670=DIRECTION('center_axis',(0.,0.,1.));
#3671=DIRECTION('ref_axis',(-0.707106781186548,0.707106781186548,0.));
#3672=DIRECTION('center_axis',(0.,0.,1.));
#3673=DIRECTION('ref_axis',(-0.707106781186547,0.707106781186547,0.));
#3674=DIRECTION('center_axis',(5.58255096420896E-17,-0.707106781186546,
0.707106781186549));
#3675=DIRECTION('ref_axis',(1.,0.,-7.89491928622329E-17));
#3676=DIRECTION('center_axis',(0.,0.,1.));
#3677=DIRECTION('ref_axis',(0.707106781186548,0.707106781186548,0.));
#3678=DIRECTION('center_axis',(0.,0.,1.));
#3679=DIRECTION('ref_axis',(0.707106781186547,0.707106781186547,0.));
#3680=DIRECTION('center_axis',(-0.707106781186549,0.,0.707106781186546));
#3681=DIRECTION('ref_axis',(0.707106781186546,0.,0.707106781186549));
#3682=DIRECTION('center_axis',(0.,0.,1.));
#3683=DIRECTION('ref_axis',(0.707106781186548,-0.707106781186548,0.));
#3684=DIRECTION('center_axis',(0.,0.,1.));
#3685=DIRECTION('ref_axis',(0.707106781186547,-0.707106781186547,0.));
#3686=DIRECTION('center_axis',(0.,0.,1.));
#3687=DIRECTION('ref_axis',(0.707106781186547,0.707106781186547,0.));
#3688=DIRECTION('center_axis',(0.,0.,1.));
#3689=DIRECTION('ref_axis',(0.707106781186547,0.707106781186547,0.));
#3690=DIRECTION('center_axis',(-1.,0.,0.));
#3691=DIRECTION('ref_axis',(0.,-1.,0.));
#3692=DIRECTION('',(0.,-1.,0.));
#3693=DIRECTION('center_axis',(0.,0.,1.));
#3694=DIRECTION('ref_axis',(0.707106781186547,-0.707106781186547,0.));
#3695=DIRECTION('center_axis',(0.,0.,1.));
#3696=DIRECTION('ref_axis',(0.707106781186547,-0.707106781186547,0.));
#3697=DIRECTION('center_axis',(0.,0.,1.));
#3698=DIRECTION('ref_axis',(0.707106781186547,0.707106781186547,0.));
#3699=DIRECTION('',(0.,0.,1.));
#3700=DIRECTION('center_axis',(0.,0.,-1.));
#3701=DIRECTION('ref_axis',(0.707106781186547,0.707106781186547,0.));
#3702=DIRECTION('center_axis',(0.,0.,1.));
#3703=DIRECTION('ref_axis',(-0.707106781186547,-0.707106781186547,0.));
#3704=DIRECTION('center_axis',(0.,0.,1.));
#3705=DIRECTION('ref_axis',(-0.707106781186547,-0.707106781186547,0.));
#3706=DIRECTION('center_axis',(0.,0.,1.));
#3707=DIRECTION('ref_axis',(-0.707106781186547,0.707106781186547,0.));
#3708=DIRECTION('center_axis',(0.,0.,1.));
#3709=DIRECTION('ref_axis',(-0.707106781186547,0.707106781186547,0.));
#3710=DIRECTION('center_axis',(-7.40148683083438E-17,1.,0.));
#3711=DIRECTION('ref_axis',(-1.,-7.40148683083438E-17,0.));
#3712=DIRECTION('',(-1.,-7.40148683083438E-17,0.));
#3713=DIRECTION('center_axis',(0.,0.,1.));
#3714=DIRECTION('ref_axis',(1.,0.,0.));
#3715=CARTESIAN_POINT('',(0.,0.,0.));
#3716=CARTESIAN_POINT('Origin',(-102.5,0.,0.));
#3717=CARTESIAN_POINT('',(-105.3,3.42901103761259E-16,0.));
#3718=CARTESIAN_POINT('Origin',(-102.5,0.,0.));
#3719=CARTESIAN_POINT('',(-105.3,-3.42901103761259E-16,-7.5));
#3720=CARTESIAN_POINT('',(-105.3,3.42901103761259E-16,0.));
#3721=CARTESIAN_POINT('Origin',(-102.5,0.,-7.5));
#3722=CARTESIAN_POINT('Origin',(0.,0.,0.));
#3723=CARTESIAN_POINT('',(-2.8,3.42901103761259E-16,0.));
#3724=CARTESIAN_POINT('Origin',(0.,0.,0.));
#3725=CARTESIAN_POINT('',(-2.8,-3.42901103761259E-16,-7.5));
#3726=CARTESIAN_POINT('',(-2.8,3.42901103761259E-16,0.));
#3727=CARTESIAN_POINT('Origin',(0.,0.,-7.5));
#3728=CARTESIAN_POINT('Origin',(100.,0.,0.));
#3729=CARTESIAN_POINT('',(97.2,3.42901103761259E-16,0.));
#3730=CARTESIAN_POINT('Origin',(100.,0.,0.));
#3731=CARTESIAN_POINT('',(97.2,-3.42901103761259E-16,-7.5));
#3732=CARTESIAN_POINT('',(97.2,3.42901103761259E-16,0.));
#3733=CARTESIAN_POINT('Origin',(100.,0.,-7.5));
#3734=CARTESIAN_POINT('Origin',(-128.5,54.,-5.5));
#3735=CARTESIAN_POINT('',(-125.95,54.,-5.5));
#3736=CARTESIAN_POINT('Origin',(-128.5,54.,-5.5));
#3737=CARTESIAN_POINT('',(-125.95,54.,-7.5));
#3738=CARTESIAN_POINT('',(-125.95,54.,-5.5));
#3739=CARTESIAN_POINT('Origin',(-128.5,54.,-7.5));
#3740=CARTESIAN_POINT('Origin',(-104.,78.5,-5.5));
#3741=CARTESIAN_POINT('',(-101.45,78.5,-5.5));
#3742=CARTESIAN_POINT('Origin',(-104.,78.5,-5.5));
#3743=CARTESIAN_POINT('',(-101.45,78.5,-7.5));
#3744=CARTESIAN_POINT('',(-101.45,78.5,-5.5));
#3745=CARTESIAN_POINT('Origin',(-104.,78.5,-7.5));
#3746=CARTESIAN_POINT('Origin',(-128.5,-54.,-5.5));
#3747=CARTESIAN_POINT('',(-125.95,-54.,-5.5));
#3748=CARTESIAN_POINT('Origin',(-128.5,-54.,-5.5));
#3749=CARTESIAN_POINT('',(-125.95,-54.,-7.5));
#3750=CARTESIAN_POINT('',(-125.95,-54.,-5.5));
#3751=CARTESIAN_POINT('Origin',(-128.5,-54.,-7.5));
#3752=CARTESIAN_POINT('Origin',(-104.,-78.5,-5.5));
#3753=CARTESIAN_POINT('',(-101.45,-78.5,-5.5));
#3754=CARTESIAN_POINT('Origin',(-104.,-78.5,-5.5));
#3755=CARTESIAN_POINT('',(-101.45,-78.5,-7.5));
#3756=CARTESIAN_POINT('',(-101.45,-78.5,-5.5));
#3757=CARTESIAN_POINT('Origin',(-104.,-78.5,-7.5));
#3758=CARTESIAN_POINT('Origin',(128.5,54.,-5.5));
#3759=CARTESIAN_POINT('',(125.95,54.,-5.5));
#3760=CARTESIAN_POINT('Origin',(128.5,54.,-5.5));
#3761=CARTESIAN_POINT('',(125.95,54.,-7.5));
#3762=CARTESIAN_POINT('',(125.95,54.,-5.5));
#3763=CARTESIAN_POINT('Origin',(128.5,54.,-7.5));
#3764=CARTESIAN_POINT('Origin',(104.,78.5,-5.5));
#3765=CARTESIAN_POINT('',(101.45,78.5,-5.5));
#3766=CARTESIAN_POINT('Origin',(104.,78.5,-5.5));
#3767=CARTESIAN_POINT('',(101.45,78.5,-7.5));
#3768=CARTESIAN_POINT('',(101.45,78.5,-5.5));
#3769=CARTESIAN_POINT('Origin',(104.,78.5,-7.5));
#3770=CARTESIAN_POINT('Origin',(128.5,-54.,-5.5));
#3771=CARTESIAN_POINT('',(125.95,-54.,-5.5));
#3772=CARTESIAN_POINT('Origin',(128.5,-54.,-5.5));
#3773=CARTESIAN_POINT('',(125.95,-54.,-7.5));
#3774=CARTESIAN_POINT('',(125.95,-54.,-5.5));
#3775=CARTESIAN_POINT('Origin',(128.5,-54.,-7.5));
#3776=CARTESIAN_POINT('Origin',(104.,-78.5,-5.5));
#3777=CARTESIAN_POINT('',(101.45,-78.5,-5.5));
#3778=CARTESIAN_POINT('Origin',(104.,-78.5,-5.5));
#3779=CARTESIAN_POINT('',(101.45,-78.5,-7.5));
#3780=CARTESIAN_POINT('',(101.45,-78.5,-5.5));
#3781=CARTESIAN_POINT('Origin',(104.,-78.5,-7.5));
#3782=CARTESIAN_POINT('Origin',(121.,-35.,-4.5));
#3783=CARTESIAN_POINT('',(120.,-57.5,-3.5));
#3784=CARTESIAN_POINT('',(122.,-57.5,-5.5));
#3785=CARTESIAN_POINT('',(120.,-57.5,-3.5));
#3786=CARTESIAN_POINT('',(122.,57.5,-5.5));
#3787=CARTESIAN_POINT('',(122.,-35.,-5.5));
#3788=CARTESIAN_POINT('',(120.,57.5,-3.5));
#3789=CARTESIAN_POINT('',(122.,57.5,-5.5));
#3790=CARTESIAN_POINT('',(120.,-35.,-3.5));
#3791=CARTESIAN_POINT('Origin',(107.5,-57.5,-4.5));
#3792=CARTESIAN_POINT('',(107.5,-70.,-3.5));
#3793=CARTESIAN_POINT('',(107.5,-72.,-5.5));
#3794=CARTESIAN_POINT('',(107.5,-70.,-3.5));
#3795=CARTESIAN_POINT('Origin',(107.5,-57.5,-5.5));
#3796=CARTESIAN_POINT('Origin',(107.5,-57.5,-3.5));
#3797=CARTESIAN_POINT('Origin',(-60.,-71.,-4.5));
#3798=CARTESIAN_POINT('',(-107.5,-70.,-3.5));
#3799=CARTESIAN_POINT('',(-107.5,-72.,-5.5));
#3800=CARTESIAN_POINT('',(-107.5,-70.,-3.5));
#3801=CARTESIAN_POINT('',(-60.,-72.,-5.5));
#3802=CARTESIAN_POINT('',(-60.,-70.,-3.5));
#3803=CARTESIAN_POINT('Origin',(-107.5,-57.5,-4.5));
#3804=CARTESIAN_POINT('',(-120.,-57.5,-3.5));
#3805=CARTESIAN_POINT('',(-122.,-57.5,-5.5));
#3806=CARTESIAN_POINT('',(-120.,-57.5,-3.5));
#3807=CARTESIAN_POINT('Origin',(-107.5,-57.5,-5.5));
#3808=CARTESIAN_POINT('Origin',(-107.5,-57.5,-3.5));
#3809=CARTESIAN_POINT('Origin',(-121.,35.,-4.5));
#3810=CARTESIAN_POINT('',(-120.,57.5,-3.5));
#3811=CARTESIAN_POINT('',(-122.,57.5,-5.5));
#3812=CARTESIAN_POINT('',(-120.,57.5,-3.5));
#3813=CARTESIAN_POINT('',(-122.,35.,-5.5));
#3814=CARTESIAN_POINT('',(-120.,35.,-3.5));
#3815=CARTESIAN_POINT('Origin',(-107.5,57.5,-4.5));
#3816=CARTESIAN_POINT('',(-107.5,70.,-3.5));
#3817=CARTESIAN_POINT('',(-107.5,72.,-5.5));
#3818=CARTESIAN_POINT('',(-107.5,70.,-3.5));
#3819=CARTESIAN_POINT('Origin',(-107.5,57.5,-5.5));
#3820=CARTESIAN_POINT('Origin',(-107.5,57.5,-3.5));
#3821=CARTESIAN_POINT('Origin',(60.,71.,-4.5));
#3822=CARTESIAN_POINT('',(107.5,70.,-3.5));
#3823=CARTESIAN_POINT('',(107.5,72.,-5.5));
#3824=CARTESIAN_POINT('',(107.5,70.,-3.5));
#3825=CARTESIAN_POINT('',(60.,72.,-5.5));
#3826=CARTESIAN_POINT('',(60.,70.,-3.5));
#3827=CARTESIAN_POINT('Origin',(107.5,57.5,-4.5));
#3828=CARTESIAN_POINT('Origin',(107.5,57.5,-5.5));
#3829=CARTESIAN_POINT('Origin',(107.5,57.5,-3.5));
#3830=CARTESIAN_POINT('Origin',(-107.5,-57.5,0.));
#3831=CARTESIAN_POINT('',(-107.5,-70.,30.));
#3832=CARTESIAN_POINT('',(-107.5,-70.,0.));
#3833=CARTESIAN_POINT('',(-120.,-57.5,30.));
#3834=CARTESIAN_POINT('Origin',(-107.5,-57.5,30.));
#3835=CARTESIAN_POINT('',(-120.,-57.5,0.));
#3836=CARTESIAN_POINT('Origin',(-120.,-70.,0.));
#3837=CARTESIAN_POINT('',(107.5,-70.,30.));
#3838=CARTESIAN_POINT('',(107.5,-70.,0.));
#3839=CARTESIAN_POINT('',(-120.,-70.,30.));
#3840=CARTESIAN_POINT('Origin',(107.5,-57.5,0.));
#3841=CARTESIAN_POINT('',(120.,-57.5,30.));
#3842=CARTESIAN_POINT('',(120.,-57.5,0.));
#3843=CARTESIAN_POINT('Origin',(107.5,-57.5,30.));
#3844=CARTESIAN_POINT('Origin',(120.,-70.,0.));
#3845=CARTESIAN_POINT('',(120.,57.5,30.));
#3846=CARTESIAN_POINT('',(120.,57.5,0.));
#3847=CARTESIAN_POINT('',(120.,-70.,30.));
#3848=CARTESIAN_POINT('Origin',(-1.77635683940025E-14,-1.77635683940025E-14,
-5.5));
#3849=CARTESIAN_POINT('',(-135.,57.5,-5.5));
#3850=CARTESIAN_POINT('',(-135.,-57.5,-5.5));
#3851=CARTESIAN_POINT('',(-135.,-57.5,-5.5));
#3852=CARTESIAN_POINT('',(-107.5,-85.,-5.5));
#3853=CARTESIAN_POINT('Origin',(-107.5,-57.5,-5.5));
#3854=CARTESIAN_POINT('',(107.5,-85.,-5.5));
#3855=CARTESIAN_POINT('',(107.5,-85.,-5.5));
#3856=CARTESIAN_POINT('',(135.,-57.5,-5.5));
#3857=CARTESIAN_POINT('Origin',(107.5,-57.5,-5.5));
#3858=CARTESIAN_POINT('',(135.,57.5,-5.5));
#3859=CARTESIAN_POINT('',(135.,57.5,-5.5));
#3860=CARTESIAN_POINT('',(107.5,85.,-5.5));
#3861=CARTESIAN_POINT('Origin',(107.5,57.5,-5.5));
#3862=CARTESIAN_POINT('',(-107.5,85.,-5.5));
#3863=CARTESIAN_POINT('',(-107.5,85.,-5.5));
#3864=CARTESIAN_POINT('Origin',(-107.5,57.5,-5.5));
#3865=CARTESIAN_POINT('Origin',(-107.5,57.5,-7.5));
#3866=CARTESIAN_POINT('',(-135.,57.5,-7.5));
#3867=CARTESIAN_POINT('',(-107.5,85.,-7.5));
#3868=CARTESIAN_POINT('Origin',(-107.5,57.5,-7.5));
#3869=CARTESIAN_POINT('',(-135.,57.5,-7.5));
#3870=CARTESIAN_POINT('',(-107.5,85.,-7.5));
#3871=CARTESIAN_POINT('Origin',(107.5,85.,-7.5));
#3872=CARTESIAN_POINT('',(107.5,85.,-7.5));
#3873=CARTESIAN_POINT('',(-107.5,85.,-7.5));
#3874=CARTESIAN_POINT('',(107.5,85.,-7.5));
#3875=CARTESIAN_POINT('Origin',(107.5,57.5,-7.5));
#3876=CARTESIAN_POINT('',(135.,57.5,-7.5));
#3877=CARTESIAN_POINT('Origin',(107.5,57.5,-7.5));
#3878=CARTESIAN_POINT('',(135.,57.5,-7.5));
#3879=CARTESIAN_POINT('Origin',(135.,-57.5,-7.5));
#3880=CARTESIAN_POINT('',(135.,-57.5,-7.5));
#3881=CARTESIAN_POINT('',(135.,57.5,-7.5));
#3882=CARTESIAN_POINT('',(135.,-57.5,-7.5));
#3883=CARTESIAN_POINT('Origin',(107.5,-57.5,-7.5));
#3884=CARTESIAN_POINT('',(107.5,-85.,-7.5));
#3885=CARTESIAN_POINT('Origin',(107.5,-57.5,-7.5));
#3886=CARTESIAN_POINT('',(107.5,-85.,-7.5));
#3887=CARTESIAN_POINT('Origin',(-107.5,-85.,-7.5));
#3888=CARTESIAN_POINT('',(-107.5,-85.,-7.5));
#3889=CARTESIAN_POINT('',(107.5,-85.,-7.5));
#3890=CARTESIAN_POINT('',(-107.5,-85.,-7.5));
#3891=CARTESIAN_POINT('Origin',(-107.5,-57.5,-7.5));
#3892=CARTESIAN_POINT('',(-135.,-57.5,-7.5));
#3893=CARTESIAN_POINT('Origin',(-107.5,-57.5,-7.5));
#3894=CARTESIAN_POINT('',(-135.,-57.5,-7.5));
#3895=CARTESIAN_POINT('Origin',(-135.,57.5,-7.5));
#3896=CARTESIAN_POINT('',(-135.,-57.5,-7.5));
#3897=CARTESIAN_POINT('Origin',(-109.5,-37.4999999999995,5.));
#3898=CARTESIAN_POINT('',(-110.5,-48.4544511501029,0.));
#3899=CARTESIAN_POINT('',(-111.476169754311,-45.2851403289944,0.976169754311206));
#3900=CARTESIAN_POINT('Ctrl Pts',(-110.5,-48.4544511501029,-4.9439619065339E-16));
#3901=CARTESIAN_POINT('Ctrl Pts',(-110.5,-48.1681853221519,-4.14941462314761E-16));
#3902=CARTESIAN_POINT('Ctrl Pts',(-110.526191992984,-47.8572931124541,0.0261919929842772));
#3903=CARTESIAN_POINT('Ctrl Pts',(-110.632413511656,-47.2532236597721,0.132413511655944));
#3904=CARTESIAN_POINT('Ctrl Pts',(-110.712025813794,-46.9598998378994,0.212025813793964));
#3905=CARTESIAN_POINT('Ctrl Pts',(-110.932025417367,-46.3168652414231,0.432025417366622));
#3906=CARTESIAN_POINT('Ctrl Pts',(-111.112409191009,-45.9249891455412,0.612409191008559));
#3907=CARTESIAN_POINT('Ctrl Pts',(-111.368961824153,-45.4655775282172,0.868961824153473));
#3908=CARTESIAN_POINT('Ctrl Pts',(-111.422120030343,-45.3744624309695,0.922120030342703));
#3909=CARTESIAN_POINT('Ctrl Pts',(-111.476169754311,-45.2851403289944,0.976169754311204));
#3910=CARTESIAN_POINT('',(-110.5,-26.5455488498962,0.));
#3911=CARTESIAN_POINT('Origin',(-109.5,-37.4999999999995,0.));
#3912=CARTESIAN_POINT('',(-111.476169754311,-29.7148596710047,0.9761697543112));
#3913=CARTESIAN_POINT('Ctrl Pts',(-111.476169754311,-29.7148596710047,0.976169754311202));
#3914=CARTESIAN_POINT('Ctrl Pts',(-111.422120030343,-29.6255375690295,0.922120030342703));
#3915=CARTESIAN_POINT('Ctrl Pts',(-111.368961824153,-29.5344224717818,0.868961824153469));
#3916=CARTESIAN_POINT('Ctrl Pts',(-111.112409191009,-29.0750108544578,0.612409191008557));
#3917=CARTESIAN_POINT('Ctrl Pts',(-110.932025417367,-28.683134758576,0.432025417366622));
#3918=CARTESIAN_POINT('Ctrl Pts',(-110.712025813794,-28.0401001620996,0.212025813793964));
#3919=CARTESIAN_POINT('Ctrl Pts',(-110.632413511656,-27.7467763402269,0.132413511655945));
#3920=CARTESIAN_POINT('Ctrl Pts',(-110.526191992984,-27.142706887545,0.0261919929842759));
#3921=CARTESIAN_POINT('Ctrl Pts',(-110.5,-26.8318146778471,-4.03291149578423E-16));
#3922=CARTESIAN_POINT('Ctrl Pts',(-110.5,-26.5455488498962,-3.55618312575245E-16));
#3923=CARTESIAN_POINT('',(-108.409090909091,-31.6000070037857,5.));
#3924=CARTESIAN_POINT('Ctrl Pts',(-108.409090909091,-31.6000070037857,5.));
#3925=CARTESIAN_POINT('Ctrl Pts',(-108.411477889827,-31.5995656508915,4.9967132294593));
#3926=CARTESIAN_POINT('Ctrl Pts',(-108.413864551109,-31.5991225593598,4.99342645623116));
#3927=CARTESIAN_POINT('Ctrl Pts',(-109.101829325547,-31.4708812941657,4.04587494313532));
#3928=CARTESIAN_POINT('Ctrl Pts',(-109.883869839955,-31.1772507477955,2.93163557931308));
#3929=CARTESIAN_POINT('Ctrl Pts',(-110.903655975289,-30.3643638546068,1.6415313126429));
#3930=CARTESIAN_POINT('Ctrl Pts',(-111.186571045757,-30.0876467955914,1.30189978217257));
#3931=CARTESIAN_POINT('Ctrl Pts',(-111.456799167811,-29.7401405733222,0.997877388875494));
#3932=CARTESIAN_POINT('Ctrl Pts',(-111.466502486302,-29.7275393766027,0.986989131720944));
#3933=CARTESIAN_POINT('Ctrl Pts',(-111.476169754311,-29.7148596710047,0.976169754311204));
#3934=CARTESIAN_POINT('',(-108.409090909091,-43.3999929962133,5.));
#3935=CARTESIAN_POINT('Origin',(-109.5,-37.4999999999995,5.));
#3936=CARTESIAN_POINT('Ctrl Pts',(-111.476169754311,-45.2851403289944,0.976169754311207));
#3937=CARTESIAN_POINT('Ctrl Pts',(-111.466502486302,-45.2724606233963,0.986989131720943));
#3938=CARTESIAN_POINT('Ctrl Pts',(-111.456799167811,-45.2598594266768,0.997877388875491));
#3939=CARTESIAN_POINT('Ctrl Pts',(-111.186571045757,-44.9123532044077,1.30189978217256));
#3940=CARTESIAN_POINT('Ctrl Pts',(-110.903655975289,-44.6356361453922,1.64153131264289));
#3941=CARTESIAN_POINT('Ctrl Pts',(-109.883869838241,-43.8227492508377,2.93163558148074));
#3942=CARTESIAN_POINT('Ctrl Pts',(-109.10182932275,-43.529118705312,4.04587494678053));
#3943=CARTESIAN_POINT('Ctrl Pts',(-108.41386455111,-43.4008774406395,4.99342645623225));
#3944=CARTESIAN_POINT('Ctrl Pts',(-108.411477889827,-43.4004343491075,4.99671322945902));
#3945=CARTESIAN_POINT('Ctrl Pts',(-108.409090909091,-43.3999929962133,5.));
#3946=CARTESIAN_POINT('Origin',(-111.5,-31.25,1.));
#3947=CARTESIAN_POINT('',(-110.5,26.5455488498966,0.));
#3948=CARTESIAN_POINT('',(-110.5,-31.25,0.));
#3949=CARTESIAN_POINT('',(-111.476169754311,29.7148596710051,0.976169754311177));
#3950=CARTESIAN_POINT('Ctrl Pts',(-110.5,26.5455488498966,-2.51534904016637E-16));
#3951=CARTESIAN_POINT('Ctrl Pts',(-110.5,26.8318146778476,1.06656995008328E-17));
#3952=CARTESIAN_POINT('Ctrl Pts',(-110.526191992984,27.1427068875454,0.0261919929842739));
#3953=CARTESIAN_POINT('Ctrl Pts',(-110.632413511656,27.7467763402273,0.132413511655936));
#3954=CARTESIAN_POINT('Ctrl Pts',(-110.712025813794,28.0401001621,0.212025813793953));
#3955=CARTESIAN_POINT('Ctrl Pts',(-110.932025417367,28.6831347585764,0.432025417366602));
#3956=CARTESIAN_POINT('Ctrl Pts',(-111.112409191009,29.0750108544582,0.612409191008526));
#3957=CARTESIAN_POINT('Ctrl Pts',(-111.368961824153,29.5344224717822,0.868961824153437));
#3958=CARTESIAN_POINT('Ctrl Pts',(-111.422120030343,29.62553756903,0.922120030342666));
#3959=CARTESIAN_POINT('Ctrl Pts',(-111.476169754311,29.7148596710051,0.976169754311178));
#3960=CARTESIAN_POINT('',(-112.5,26.683346173608,2.));
#3961=CARTESIAN_POINT('Origin',(-107.5,26.683346173608,-3.00000000000002));
#3962=CARTESIAN_POINT('',(-112.5,-26.6833461736076,2.));
#3963=CARTESIAN_POINT('',(-112.5,-31.25,2.));
#3964=CARTESIAN_POINT('Origin',(-107.5,-26.6833461736076,-3.00000000000002));
#3965=CARTESIAN_POINT('Origin',(-1.77635683940025E-14,-1.77635683940025E-14,
0.));
#3966=CARTESIAN_POINT('',(-110.5,-57.5,0.));
#3967=CARTESIAN_POINT('',(-110.5,-31.25,0.));
#3968=CARTESIAN_POINT('',(-107.5,-60.5,0.));
#3969=CARTESIAN_POINT('Origin',(-107.5,-57.5,0.));
#3970=CARTESIAN_POINT('',(-88.4544511501036,-60.5,0.));
#3971=CARTESIAN_POINT('',(56.25,-60.5,0.));
#3972=CARTESIAN_POINT('',(-66.545548849897,-60.5,0.));
#3973=CARTESIAN_POINT('Origin',(-77.5000000000003,-59.4999999999996,0.));
#3974=CARTESIAN_POINT('',(-10.9544511501036,-60.5,0.));
#3975=CARTESIAN_POINT('',(56.25,-60.5,0.));
#3976=CARTESIAN_POINT('',(10.9544511501031,-60.5,0.));
#3977=CARTESIAN_POINT('Origin',(-2.52318570077973E-13,-59.5,0.));
#3978=CARTESIAN_POINT('',(66.5455488498964,-60.5,0.));
#3979=CARTESIAN_POINT('',(56.25,-60.5,0.));
#3980=CARTESIAN_POINT('',(88.4544511501031,-60.5,0.));
#3981=CARTESIAN_POINT('Origin',(77.4999999999997,-59.5000000000003,0.));
#3982=CARTESIAN_POINT('',(107.5,-60.5,0.));
#3983=CARTESIAN_POINT('',(56.25,-60.5,0.));
#3984=CARTESIAN_POINT('',(110.5,-57.5,0.));
#3985=CARTESIAN_POINT('Origin',(107.5,-57.5,0.));
#3986=CARTESIAN_POINT('',(110.5,-48.4544511501038,0.));
#3987=CARTESIAN_POINT('',(110.5,31.25,0.));
#3988=CARTESIAN_POINT('',(110.5,-26.5455488498971,0.));
#3989=CARTESIAN_POINT('Origin',(109.5,-37.5000000000005,0.));
#3990=CARTESIAN_POINT('',(110.5,26.5455488498967,0.));
#3991=CARTESIAN_POINT('',(110.5,31.25,0.));
#3992=CARTESIAN_POINT('',(110.5,48.4544511501033,0.));
#3993=CARTESIAN_POINT('Origin',(109.5,37.5,0.));
#3994=CARTESIAN_POINT('',(110.5,57.5,0.));
#3995=CARTESIAN_POINT('',(110.5,31.25,0.));
#3996=CARTESIAN_POINT('',(107.5,60.5,0.));
#3997=CARTESIAN_POINT('Origin',(107.5,57.5,0.));
#3998=CARTESIAN_POINT('',(88.4544511501033,60.5,0.));
#3999=CARTESIAN_POINT('',(-56.25,60.5,0.));
#4000=CARTESIAN_POINT('',(66.5455488498967,60.5,0.));
#4001=CARTESIAN_POINT('Origin',(77.5,59.5,0.));
#4002=CARTESIAN_POINT('',(10.9544511501033,60.5,0.));
#4003=CARTESIAN_POINT('',(-56.25,60.5,0.));
#4004=CARTESIAN_POINT('',(-10.9544511501033,60.5,0.));
#4005=CARTESIAN_POINT('Origin',(-1.69109171110904E-14,59.5,0.));
#4006=CARTESIAN_POINT('',(-66.5455488498967,60.5,0.));
#4007=CARTESIAN_POINT('',(-56.25,60.5,0.));
#4008=CARTESIAN_POINT('',(-88.4544511501034,60.5,0.));
#4009=CARTESIAN_POINT('Origin',(-77.5,59.5,0.));
#4010=CARTESIAN_POINT('',(-107.5,60.5,0.));
#4011=CARTESIAN_POINT('',(-56.25,60.5,0.));
#4012=CARTESIAN_POINT('',(-110.5,57.4999999999999,0.));
#4013=CARTESIAN_POINT('Origin',(-107.5,57.5,0.));
#4014=CARTESIAN_POINT('',(-110.5,48.4544511501033,0.));
#4015=CARTESIAN_POINT('',(-110.5,-31.25,0.));
#4016=CARTESIAN_POINT('Origin',(-109.5,37.5,0.));
#4017=CARTESIAN_POINT('Origin',(-111.5,-31.25,1.));
#4018=CARTESIAN_POINT('',(-112.5,-48.3166538263915,2.));
#4019=CARTESIAN_POINT('Origin',(-107.5,-48.3166538263915,-3.00000000000001));
#4020=CARTESIAN_POINT('',(-112.5,-57.5,2.));
#4021=CARTESIAN_POINT('',(-112.5,-31.25,2.));
#4022=CARTESIAN_POINT('',(-110.5,-57.5,0.));
#4023=CARTESIAN_POINT('Origin',(-77.5000000000003,-59.4999999999996,5.));
#4024=CARTESIAN_POINT('',(-69.7148596710054,-61.4761697543111,0.976169754311128));
#4025=CARTESIAN_POINT('Ctrl Pts',(-66.545548849897,-60.5,-1.17093834628434E-16));
#4026=CARTESIAN_POINT('Ctrl Pts',(-66.8318146778479,-60.5,3.75525481071037E-16));
#4027=CARTESIAN_POINT('Ctrl Pts',(-67.1427068875457,-60.5261919929843,0.026191992984274));
#4028=CARTESIAN_POINT('Ctrl Pts',(-67.7467763402276,-60.6324135116559,0.132413511655929));
#4029=CARTESIAN_POINT('Ctrl Pts',(-68.0401001621003,-60.7120258137939,0.212025813793934));
#4030=CARTESIAN_POINT('Ctrl Pts',(-68.6831347585767,-60.9320254173666,0.432025417366563));
#4031=CARTESIAN_POINT('Ctrl Pts',(-69.0750108544585,-61.1124091910085,0.612409191008469));
#4032=CARTESIAN_POINT('Ctrl Pts',(-69.5344224717825,-61.3689618241534,0.868961824153369));
#4033=CARTESIAN_POINT('Ctrl Pts',(-69.6255375690303,-61.4221200303426,0.922120030342613));
#4034=CARTESIAN_POINT('Ctrl Pts',(-69.7148596710054,-61.4761697543111,0.97616975431113));
#4035=CARTESIAN_POINT('',(-85.2851403289951,-61.4761697543111,0.976169754311123));
#4036=CARTESIAN_POINT('Ctrl Pts',(-85.2851403289951,-61.4761697543111,0.976169754311126));
#4037=CARTESIAN_POINT('Ctrl Pts',(-85.3744624309703,-61.4221200303426,0.922120030342611));
#4038=CARTESIAN_POINT('Ctrl Pts',(-85.465577528218,-61.3689618241534,0.868961824153371));
#4039=CARTESIAN_POINT('Ctrl Pts',(-85.924989145542,-61.1124091910085,0.612409191008473));
#4040=CARTESIAN_POINT('Ctrl Pts',(-86.3168652414239,-60.9320254173666,0.432025417366563));
#4041=CARTESIAN_POINT('Ctrl Pts',(-86.9598998379002,-60.7120258137939,0.212025813793934));
#4042=CARTESIAN_POINT('Ctrl Pts',(-87.2532236597729,-60.6324135116559,0.132413511655927));
#4043=CARTESIAN_POINT('Ctrl Pts',(-87.8572931124548,-60.5261919929843,0.0261919929842721));
#4044=CARTESIAN_POINT('Ctrl Pts',(-88.1681853221526,-60.5,-9.75825441648085E-16));
#4045=CARTESIAN_POINT('Ctrl Pts',(-88.4544511501036,-60.5,-5.03069808033274E-16));
#4046=CARTESIAN_POINT('',(-83.3999929962141,-58.4090909090908,5.));
#4047=CARTESIAN_POINT('Ctrl Pts',(-83.3999929962141,-58.4090909090908,5.));
#4048=CARTESIAN_POINT('Ctrl Pts',(-83.400434349107,-58.4114778898195,4.99671322946928));
#4049=CARTESIAN_POINT('Ctrl Pts',(-83.4008774406403,-58.4138645511097,4.99342645623221));
#4050=CARTESIAN_POINT('Ctrl Pts',(-83.5291187053153,-59.1018293227684,4.04587494675315));
#4051=CARTESIAN_POINT('Ctrl Pts',(-83.8227492508496,-59.8838698382554,2.93163558146275));
#4052=CARTESIAN_POINT('Ctrl Pts',(-84.6356361453933,-60.9036559752894,1.64153131264233));
#4053=CARTESIAN_POINT('Ctrl Pts',(-84.9123532044087,-61.1865710457572,1.30189978217222));
#4054=CARTESIAN_POINT('Ctrl Pts',(-85.2598594266777,-61.4567991678107,0.997877388875329));
#4055=CARTESIAN_POINT('Ctrl Pts',(-85.2724606233971,-61.4665024863024,0.986989131720818));
#4056=CARTESIAN_POINT('Ctrl Pts',(-85.2851403289951,-61.4761697543111,0.976169754311132));
#4057=CARTESIAN_POINT('',(-71.6000070037864,-58.4090909090908,5.));
#4058=CARTESIAN_POINT('Origin',(-77.5000000000003,-59.4999999999996,5.));
#4059=CARTESIAN_POINT('Ctrl Pts',(-69.7148596710054,-61.4761697543111,0.976169754311127));
#4060=CARTESIAN_POINT('Ctrl Pts',(-69.7275393766034,-61.4665024863024,0.986989131720822));
#4061=CARTESIAN_POINT('Ctrl Pts',(-69.7401405733229,-61.4567991678107,0.997877388875346));
#4062=CARTESIAN_POINT('Ctrl Pts',(-70.087646795592,-61.1865710457571,1.30189978217229));
#4063=CARTESIAN_POINT('Ctrl Pts',(-70.3643638546073,-60.9036559752893,1.6415313126425));
#4064=CARTESIAN_POINT('Ctrl Pts',(-71.1772507491957,-59.8838698381991,2.93163558153396));
#4065=CARTESIAN_POINT('Ctrl Pts',(-71.4708812946998,-59.1018293226832,4.04587494686992));
#4066=CARTESIAN_POINT('Ctrl Pts',(-71.5991225593595,-58.4138645511134,4.993426456227));
#4067=CARTESIAN_POINT('Ctrl Pts',(-71.5995656508925,-58.4114778898251,4.99671322946157));
#4068=CARTESIAN_POINT('Ctrl Pts',(-71.6000070037864,-58.4090909090908,5.));
#4069=CARTESIAN_POINT('Origin',(-88.3166538263923,-57.5,0.));
#4070=CARTESIAN_POINT('',(-88.3166538263923,-62.5,2.));
#4071=CARTESIAN_POINT('Origin',(-88.3166538263923,-57.5,-3.));
#4072=CARTESIAN_POINT('',(-88.3166538263923,-62.5,30.));
#4073=CARTESIAN_POINT('',(-88.3166538263923,-62.5,0.));
#4074=CARTESIAN_POINT('',(-83.3999929962141,-58.4090909090908,30.));
#4075=CARTESIAN_POINT('Origin',(-88.3166538263923,-57.5,30.));
#4076=CARTESIAN_POINT('',(-83.3999929962141,-58.4090909090908,0.));
#4077=CARTESIAN_POINT('Origin',(56.25,-61.5,1.));
#4078=CARTESIAN_POINT('',(-107.5,-62.5,2.));
#4079=CARTESIAN_POINT('',(-107.5,-60.5,0.));
#4080=CARTESIAN_POINT('',(56.25,-62.5,2.));
#4081=CARTESIAN_POINT('Origin',(-2.52318570077973E-13,-59.5,5.));
#4082=CARTESIAN_POINT('',(7.78514032899458,-61.4761697543112,0.976169754311176));
#4083=CARTESIAN_POINT('Ctrl Pts',(10.9544511501031,-60.5,-1.73472347597681E-16));
#4084=CARTESIAN_POINT('Ctrl Pts',(10.6681853221521,-60.5,-2.13199711766994E-16));
#4085=CARTESIAN_POINT('Ctrl Pts',(10.3572931124543,-60.5261919929843,0.0261919929842736));
#4086=CARTESIAN_POINT('Ctrl Pts',(9.75322365977238,-60.6324135116559,0.132413511655936));
#4087=CARTESIAN_POINT('Ctrl Pts',(9.45989983789967,-60.7120258137939,0.212025813793951));
#4088=CARTESIAN_POINT('Ctrl Pts',(8.81686524142332,-60.9320254173666,0.432025417366597));
#4089=CARTESIAN_POINT('Ctrl Pts',(8.42498914554149,-61.1124091910085,0.61240919100852));
#4090=CARTESIAN_POINT('Ctrl Pts',(7.96557752821748,-61.3689618241534,0.868961824153428));
#4091=CARTESIAN_POINT('Ctrl Pts',(7.87446243096973,-61.4221200303427,0.922120030342667));
#4092=CARTESIAN_POINT('Ctrl Pts',(7.78514032899458,-61.4761697543112,0.976169754311176));
#4093=CARTESIAN_POINT('',(-7.78514032899509,-61.4761697543112,0.976169754311174));
#4094=CARTESIAN_POINT('Ctrl Pts',(-7.78514032899509,-61.4761697543112,0.976169754311174));
#4095=CARTESIAN_POINT('Ctrl Pts',(-7.87446243097023,-61.4221200303427,0.922120030342667));
#4096=CARTESIAN_POINT('Ctrl Pts',(-7.96557752821799,-61.3689618241534,0.868961824153427));
#4097=CARTESIAN_POINT('Ctrl Pts',(-8.424989145542,-61.1124091910085,0.612409191008519));
#4098=CARTESIAN_POINT('Ctrl Pts',(-8.81686524142382,-60.9320254173666,0.432025417366597));
#4099=CARTESIAN_POINT('Ctrl Pts',(-9.45989983790017,-60.7120258137939,0.212025813793951));
#4100=CARTESIAN_POINT('Ctrl Pts',(-9.75322365977289,-60.6324135116559,0.132413511655935));
#4101=CARTESIAN_POINT('Ctrl Pts',(-10.3572931124548,-60.5261919929843,0.0261919929842731));
#4102=CARTESIAN_POINT('Ctrl Pts',(-10.6681853221526,-60.5,-3.04272694255777E-16));
#4103=CARTESIAN_POINT('Ctrl Pts',(-10.9544511501036,-60.5,-2.64545330086463E-16));
#4104=CARTESIAN_POINT('',(-5.89999299621406,-58.4090909090909,5.));
#4105=CARTESIAN_POINT('Ctrl Pts',(-5.89999299621406,-58.4090909090909,5.));
#4106=CARTESIAN_POINT('Ctrl Pts',(-5.90043434910832,-58.4114778898272,4.99671322945892));
#4107=CARTESIAN_POINT('Ctrl Pts',(-5.90087744063981,-58.4138645511074,4.99342645622967));
#4108=CARTESIAN_POINT('Ctrl Pts',(-6.02911870635771,-59.1018293283565,4.04587493947589));
#4109=CARTESIAN_POINT('Ctrl Pts',(-6.3227492535754,-59.8838698416749,2.93163557713699));
#4110=CARTESIAN_POINT('Ctrl Pts',(-7.13563614539297,-60.9036559752891,1.64153131264283));
#4111=CARTESIAN_POINT('Ctrl Pts',(-7.4123532044084,-61.186571045757,1.30189978217252));
#4112=CARTESIAN_POINT('Ctrl Pts',(-7.75985942667754,-61.4567991678107,0.997877388875462));
#4113=CARTESIAN_POINT('Ctrl Pts',(-7.77246062339705,-61.4665024863024,0.986989131720905));
#4114=CARTESIAN_POINT('Ctrl Pts',(-7.78514032899509,-61.4761697543112,0.976169754311174));
#4115=CARTESIAN_POINT('',(5.89999299621355,-58.4090909090909,5.));
#4116=CARTESIAN_POINT('Origin',(-2.52318570077973E-13,-59.5,5.));
#4117=CARTESIAN_POINT('Ctrl Pts',(7.78514032899458,-61.4761697543112,0.976169754311173));
#4118=CARTESIAN_POINT('Ctrl Pts',(7.77246062339655,-61.4665024863024,0.986989131720902));
#4119=CARTESIAN_POINT('Ctrl Pts',(7.75985942667705,-61.4567991678107,0.997877388875447));
#4120=CARTESIAN_POINT('Ctrl Pts',(7.41235320440793,-61.1865710457571,1.30189978217248));
#4121=CARTESIAN_POINT('Ctrl Pts',(7.1356361453925,-60.9036559752891,1.64153131264276));
#4122=CARTESIAN_POINT('Ctrl Pts',(6.32274925338309,-59.8838698414343,2.93163557744138));
#4123=CARTESIAN_POINT('Ctrl Pts',(6.02911870628419,-59.1018293279653,4.04587493998805));
#4124=CARTESIAN_POINT('Ctrl Pts',(5.90087744063923,-58.413864551107,4.99342645623056));
#4125=CARTESIAN_POINT('Ctrl Pts',(5.90043434910778,-58.411477889827,4.99671322945915));
#4126=CARTESIAN_POINT('Ctrl Pts',(5.89999299621355,-58.4090909090909,5.));
#4127=CARTESIAN_POINT('Origin',(56.25,-61.5,1.));
#4128=CARTESIAN_POINT('',(-66.6833461736082,-62.5,2.));
#4129=CARTESIAN_POINT('Origin',(-66.6833461736082,-57.5,-2.99999999999999));
#4130=CARTESIAN_POINT('',(-10.8166538263922,-62.5,2.));
#4131=CARTESIAN_POINT('',(56.25,-62.5,2.));
#4132=CARTESIAN_POINT('Origin',(-10.8166538263922,-57.5,-2.99999999999999));
#4133=CARTESIAN_POINT('Origin',(56.25,-61.5,1.));
#4134=CARTESIAN_POINT('',(10.8166538263917,-62.5,2.));
#4135=CARTESIAN_POINT('Origin',(10.8166538263917,-57.5,-2.99999999999999));
#4136=CARTESIAN_POINT('',(66.6833461736078,-62.5,2.));
#4137=CARTESIAN_POINT('',(56.25,-62.5,2.));
#4138=CARTESIAN_POINT('',(69.7148596710049,-61.4761697543112,0.976169754311229));
#4139=CARTESIAN_POINT('Origin',(66.6833461736078,-57.5,-2.99999999999999));
#4140=CARTESIAN_POINT('Ctrl Pts',(69.7148596710049,-61.4761697543112,0.976169754311237));
#4141=CARTESIAN_POINT('Ctrl Pts',(69.6255375690298,-61.4221200303427,0.922120030342733));
#4142=CARTESIAN_POINT('Ctrl Pts',(69.5344224717821,-61.3689618241535,0.8689618241535));
#4143=CARTESIAN_POINT('Ctrl Pts',(69.0750108544581,-61.1124091910086,0.612409191008578));
#4144=CARTESIAN_POINT('Ctrl Pts',(68.6831347585762,-60.9320254173666,0.432025417366636));
#4145=CARTESIAN_POINT('Ctrl Pts',(68.0401001620999,-60.712025813794,0.212025813793969));
#4146=CARTESIAN_POINT('Ctrl Pts',(67.7467763402271,-60.6324135116559,0.132413511655949));
#4147=CARTESIAN_POINT('Ctrl Pts',(67.1427068875452,-60.5261919929843,0.0261919929842768));
#4148=CARTESIAN_POINT('Ctrl Pts',(66.8318146778473,-60.5,4.26720009395832E-17));
#4149=CARTESIAN_POINT('Ctrl Pts',(66.5455488498964,-60.5,8.23993651088983E-17));
#4150=CARTESIAN_POINT('Origin',(77.4999999999997,-59.5000000000003,5.));
#4151=CARTESIAN_POINT('',(85.2851403289946,-61.4761697543112,0.976169754311232));
#4152=CARTESIAN_POINT('Ctrl Pts',(88.4544511501031,-60.5,-8.67361737988404E-18));
#4153=CARTESIAN_POINT('Ctrl Pts',(88.1681853221522,-60.5,9.85902658772672E-17));
#4154=CARTESIAN_POINT('Ctrl Pts',(87.8572931124543,-60.5261919929843,0.0261919929842747));
#4155=CARTESIAN_POINT('Ctrl Pts',(87.2532236597724,-60.6324135116559,0.132413511655945));
#4156=CARTESIAN_POINT('Ctrl Pts',(86.9598998378996,-60.712025813794,0.212025813793969));
#4157=CARTESIAN_POINT('Ctrl Pts',(86.3168652414233,-60.9320254173666,0.432025417366636));
#4158=CARTESIAN_POINT('Ctrl Pts',(85.9249891455414,-61.1124091910086,0.612409191008579));
#4159=CARTESIAN_POINT('Ctrl Pts',(85.4655775282175,-61.3689618241535,0.868961824153501));
#4160=CARTESIAN_POINT('Ctrl Pts',(85.3744624309697,-61.4221200303427,0.922120030342727));
#4161=CARTESIAN_POINT('Ctrl Pts',(85.2851403289946,-61.4761697543112,0.976169754311235));
#4162=CARTESIAN_POINT('',(71.600007003786,-58.409090909091,5.));
#4163=CARTESIAN_POINT('Ctrl Pts',(71.600007003786,-58.409090909091,5.));
#4164=CARTESIAN_POINT('Ctrl Pts',(71.5995656508926,-58.4114778898227,4.99671322946528));
#4165=CARTESIAN_POINT('Ctrl Pts',(71.5991225593592,-58.4138645511133,4.99342645622759));
#4166=CARTESIAN_POINT('Ctrl Pts',(71.470881294695,-59.1018293227091,4.04587494683467));
#4167=CARTESIAN_POINT('Ctrl Pts',(71.1772507491817,-59.8838698382161,2.93163558151281));
#4168=CARTESIAN_POINT('Ctrl Pts',(70.3643638546071,-60.9036559752891,1.64153131264297));
#4169=CARTESIAN_POINT('Ctrl Pts',(70.0876467955917,-61.186571045757,1.30189978217263));
#4170=CARTESIAN_POINT('Ctrl Pts',(69.7401405733225,-61.4567991678107,0.997877388875533));
#4171=CARTESIAN_POINT('Ctrl Pts',(69.727539376603,-61.4665024863024,0.986989131720965));
#4172=CARTESIAN_POINT('Ctrl Pts',(69.7148596710049,-61.4761697543112,0.97616975431123));
#4173=CARTESIAN_POINT('',(83.3999929962135,-58.409090909091,5.));
#4174=CARTESIAN_POINT('Origin',(77.4999999999997,-59.5000000000003,5.));
#4175=CARTESIAN_POINT('Ctrl Pts',(85.2851403289946,-61.4761697543112,0.976169754311232));
#4176=CARTESIAN_POINT('Ctrl Pts',(85.2724606233966,-61.4665024863024,0.986989131720932));
#4177=CARTESIAN_POINT('Ctrl Pts',(85.2598594266771,-61.4567991678108,0.997877388875459));
#4178=CARTESIAN_POINT('Ctrl Pts',(84.912353204408,-61.1865710457572,1.30189978217246));
#4179=CARTESIAN_POINT('Ctrl Pts',(84.6356361453926,-60.9036559752893,1.64153131264274));
#4180=CARTESIAN_POINT('Ctrl Pts',(83.8227492513238,-59.883869838851,2.93163558070962));
#4181=CARTESIAN_POINT('Ctrl Pts',(83.5291187054979,-59.1018293237465,4.04587494548428));
#4182=CARTESIAN_POINT('Ctrl Pts',(83.4008774406398,-58.4138645511103,4.99342645623062));
#4183=CARTESIAN_POINT('Ctrl Pts',(83.4004343491075,-58.4114778898255,4.99671322946135));
#4184=CARTESIAN_POINT('Ctrl Pts',(83.3999929962135,-58.409090909091,5.));
#4185=CARTESIAN_POINT('Origin',(56.25,-61.5,1.));
#4186=CARTESIAN_POINT('',(88.3166538263917,-62.5,2.));
#4187=CARTESIAN_POINT('Origin',(88.3166538263917,-57.5,-2.99999999999999));
#4188=CARTESIAN_POINT('',(107.5,-62.5,2.));
#4189=CARTESIAN_POINT('',(56.25,-62.5,2.));
#4190=CARTESIAN_POINT('',(107.5,-62.5,2.));
#4191=CARTESIAN_POINT('Origin',(88.3166538263917,-57.5,0.));
#4192=CARTESIAN_POINT('',(83.3999929962135,-58.409090909091,30.));
#4193=CARTESIAN_POINT('',(83.3999929962135,-58.409090909091,0.));
#4194=CARTESIAN_POINT('',(88.3166538263917,-62.5,30.));
#4195=CARTESIAN_POINT('Origin',(88.3166538263917,-57.5,30.));
#4196=CARTESIAN_POINT('',(88.3166538263917,-62.5,0.));
#4197=CARTESIAN_POINT('Origin',(77.4999999999997,-59.5000000000003,0.));
#4198=CARTESIAN_POINT('',(71.600007003786,-58.409090909091,30.));
#4199=CARTESIAN_POINT('',(71.600007003786,-58.409090909091,0.));
#4200=CARTESIAN_POINT('Origin',(77.4999999999997,-59.5000000000003,30.));
#4201=CARTESIAN_POINT('Origin',(109.5,-37.5000000000005,5.));
#4202=CARTESIAN_POINT('',(111.476169754311,-29.7148596710056,0.976169754311153));
#4203=CARTESIAN_POINT('Ctrl Pts',(110.5,-26.5455488498971,-2.42861286636753E-16));
#4204=CARTESIAN_POINT('Ctrl Pts',(110.5,-26.8318146778481,-2.50806759470616E-16));
#4205=CARTESIAN_POINT('Ctrl Pts',(110.526191992984,-27.1427068875459,0.0261919929842729));
#4206=CARTESIAN_POINT('Ctrl Pts',(110.632413511656,-27.7467763402278,0.132413511655932));
#4207=CARTESIAN_POINT('Ctrl Pts',(110.712025813794,-28.0401001621005,0.212025813793945));
#4208=CARTESIAN_POINT('Ctrl Pts',(110.932025417367,-28.6831347585769,0.432025417366584));
#4209=CARTESIAN_POINT('Ctrl Pts',(111.112409191009,-29.0750108544587,0.612409191008503));
#4210=CARTESIAN_POINT('Ctrl Pts',(111.368961824153,-29.5344224717827,0.868961824153406));
#4211=CARTESIAN_POINT('Ctrl Pts',(111.422120030343,-29.6255375690305,0.922120030342644));
#4212=CARTESIAN_POINT('Ctrl Pts',(111.476169754311,-29.7148596710056,0.976169754311157));
#4213=CARTESIAN_POINT('',(111.476169754311,-45.2851403289953,0.976169754311154));
#4214=CARTESIAN_POINT('Ctrl Pts',(111.476169754311,-45.2851403289953,0.976169754311152));
#4215=CARTESIAN_POINT('Ctrl Pts',(111.422120030343,-45.3744624309704,0.922120030342641));
#4216=CARTESIAN_POINT('Ctrl Pts',(111.368961824153,-45.4655775282182,0.8689618241534));
#4217=CARTESIAN_POINT('Ctrl Pts',(111.112409191008,-45.9249891455422,0.612409191008497));
#4218=CARTESIAN_POINT('Ctrl Pts',(110.932025417367,-46.316865241424,0.432025417366583));
#4219=CARTESIAN_POINT('Ctrl Pts',(110.712025813794,-46.9598998379004,0.212025813793945));
#4220=CARTESIAN_POINT('Ctrl Pts',(110.632413511656,-47.2532236597731,0.132413511655931));
#4221=CARTESIAN_POINT('Ctrl Pts',(110.526191992984,-47.857293112455,0.0261919929842718));
#4222=CARTESIAN_POINT('Ctrl Pts',(110.5,-48.1681853221528,-2.01249443930013E-16));
#4223=CARTESIAN_POINT('Ctrl Pts',(110.5,-48.4544511501038,-1.25767452008319E-16));
#4224=CARTESIAN_POINT('',(108.409090909091,-43.3999929962143,5.));
#4225=CARTESIAN_POINT('Ctrl Pts',(108.409090909091,-43.3999929962143,5.));
#4226=CARTESIAN_POINT('Ctrl Pts',(108.411477889826,-43.4004343491083,4.99671322946078));
#4227=CARTESIAN_POINT('Ctrl Pts',(108.413864551109,-43.4008774406404,4.99342645622726));
#4228=CARTESIAN_POINT('Ctrl Pts',(109.101829328303,-43.5291187063481,4.04587493954877));
#4229=CARTESIAN_POINT('Ctrl Pts',(109.883869841641,-43.8227492535483,2.93163557718033));
#4230=CARTESIAN_POINT('Ctrl Pts',(110.903655975289,-44.6356361453933,1.64153131264264));
#4231=CARTESIAN_POINT('Ctrl Pts',(111.186571045757,-44.9123532044087,1.30189978217241));
#4232=CARTESIAN_POINT('Ctrl Pts',(111.456799167811,-45.2598594266778,0.997877388875422));
#4233=CARTESIAN_POINT('Ctrl Pts',(111.466502486302,-45.2724606233973,0.986989131720874));
#4234=CARTESIAN_POINT('Ctrl Pts',(111.476169754311,-45.2851403289953,0.976169754311155));
#4235=CARTESIAN_POINT('',(108.409090909091,-31.6000070037866,5.));
#4236=CARTESIAN_POINT('Origin',(109.5,-37.5000000000005,5.));
#4237=CARTESIAN_POINT('Ctrl Pts',(111.476169754311,-29.7148596710056,0.976169754311155));
#4238=CARTESIAN_POINT('Ctrl Pts',(111.466502486302,-29.7275393766036,0.986989131720843));
#4239=CARTESIAN_POINT('Ctrl Pts',(111.456799167811,-29.7401405733231,0.997877388875365));
#4240=CARTESIAN_POINT('Ctrl Pts',(111.186571045757,-30.0876467955921,1.30189978217232));
#4241=CARTESIAN_POINT('Ctrl Pts',(110.903655975289,-30.3643638546076,1.64153131264257));
#4242=CARTESIAN_POINT('Ctrl Pts',(109.883869838234,-31.1772507491678,2.93163558148926));
#4243=CARTESIAN_POINT('Ctrl Pts',(109.101829322738,-31.47088129469,4.04587494679518));
#4244=CARTESIAN_POINT('Ctrl Pts',(108.413864551111,-31.5991225593602,4.99342645623004));
#4245=CARTESIAN_POINT('Ctrl Pts',(108.411477889826,-31.5995656508926,4.99671322946067));
#4246=CARTESIAN_POINT('Ctrl Pts',(108.409090909091,-31.6000070037866,5.));
#4247=CARTESIAN_POINT('Origin',(111.5,31.25,1.));
#4248=CARTESIAN_POINT('',(112.5,-26.6833461736085,2.));
#4249=CARTESIAN_POINT('Origin',(107.5,-26.6833461736085,-3.00000000000002));
#4250=CARTESIAN_POINT('',(112.5,26.683346173608,2.));
#4251=CARTESIAN_POINT('',(112.5,31.25,2.));
#4252=CARTESIAN_POINT('',(111.476169754311,29.7148596710052,0.976169754311171));
#4253=CARTESIAN_POINT('Origin',(107.5,26.683346173608,-3.00000000000002));
#4254=CARTESIAN_POINT('Ctrl Pts',(111.476169754311,29.7148596710052,0.976169754311169));
#4255=CARTESIAN_POINT('Ctrl Pts',(111.422120030343,29.62553756903,0.922120030342659));
#4256=CARTESIAN_POINT('Ctrl Pts',(111.368961824153,29.5344224717823,0.868961824153428));
#4257=CARTESIAN_POINT('Ctrl Pts',(111.112409191009,29.0750108544583,0.612409191008519));
#4258=CARTESIAN_POINT('Ctrl Pts',(110.932025417367,28.6831347585765,0.432025417366599));
#4259=CARTESIAN_POINT('Ctrl Pts',(110.712025813794,28.0401001621001,0.212025813793953));
#4260=CARTESIAN_POINT('Ctrl Pts',(110.632413511656,27.7467763402274,0.132413511655936));
#4261=CARTESIAN_POINT('Ctrl Pts',(110.526191992984,27.1427068875454,0.0261919929842735));
#4262=CARTESIAN_POINT('Ctrl Pts',(110.5,26.8318146778476,-1.52912579553189E-16));
#4263=CARTESIAN_POINT('Ctrl Pts',(110.5,26.5455488498967,-2.12503625807159E-16));
#4264=CARTESIAN_POINT('Origin',(107.5,-26.6833461736085,0.));
#4265=CARTESIAN_POINT('',(108.409090909091,-31.6000070037866,30.));
#4266=CARTESIAN_POINT('',(108.409090909091,-31.6000070037866,0.));
#4267=CARTESIAN_POINT('',(112.5,-26.6833461736085,30.));
#4268=CARTESIAN_POINT('Origin',(107.5,-26.6833461736085,30.));
#4269=CARTESIAN_POINT('',(112.5,-26.6833461736085,0.));
#4270=CARTESIAN_POINT('Origin',(109.5,-37.5000000000005,0.));
#4271=CARTESIAN_POINT('',(108.409090909091,-43.3999929962143,30.));
#4272=CARTESIAN_POINT('',(108.409090909091,-43.3999929962143,0.));
#4273=CARTESIAN_POINT('Origin',(109.5,-37.5000000000005,30.));
#4274=CARTESIAN_POINT('Origin',(109.5,37.5,5.));
#4275=CARTESIAN_POINT('',(111.476169754311,45.2851403289949,0.976169754311171));
#4276=CARTESIAN_POINT('Ctrl Pts',(110.5,48.4544511501033,1.90819582357449E-16));
#4277=CARTESIAN_POINT('Ctrl Pts',(110.5,48.1681853221524,3.85483666787086E-16));
#4278=CARTESIAN_POINT('Ctrl Pts',(110.526191992984,47.8572931124546,0.0261919929842738));
#4279=CARTESIAN_POINT('Ctrl Pts',(110.632413511656,47.2532236597726,0.132413511655937));
#4280=CARTESIAN_POINT('Ctrl Pts',(110.712025813794,46.9598998378999,0.212025813793953));
#4281=CARTESIAN_POINT('Ctrl Pts',(110.932025417367,46.3168652414236,0.432025417366599));
#4282=CARTESIAN_POINT('Ctrl Pts',(111.112409191009,45.9249891455418,0.612409191008518));
#4283=CARTESIAN_POINT('Ctrl Pts',(111.368961824153,45.4655775282178,0.868961824153427));
#4284=CARTESIAN_POINT('Ctrl Pts',(111.422120030343,45.37446243097,0.922120030342655));
#4285=CARTESIAN_POINT('Ctrl Pts',(111.476169754311,45.2851403289949,0.976169754311166));
#4286=CARTESIAN_POINT('',(108.409090909091,31.6000070037862,5.));
#4287=CARTESIAN_POINT('Ctrl Pts',(108.409090909091,31.6000070037862,5.));
#4288=CARTESIAN_POINT('Ctrl Pts',(108.411477889826,31.5995656508921,4.99671322946011));
#4289=CARTESIAN_POINT('Ctrl Pts',(108.413864551107,31.5991225593605,4.99342645623008));
#4290=CARTESIAN_POINT('Ctrl Pts',(109.10182932837,31.4708812936402,4.04587493945756));
#4291=CARTESIAN_POINT('Ctrl Pts',(109.883869841684,31.1772507464178,2.93163557712573));
#4292=CARTESIAN_POINT('Ctrl Pts',(110.903655975289,30.3643638546072,1.64153131264269));
#4293=CARTESIAN_POINT('Ctrl Pts',(111.186571045757,30.0876467955918,1.30189978217241));
#4294=CARTESIAN_POINT('Ctrl Pts',(111.456799167811,29.7401405733227,0.997877388875415));
#4295=CARTESIAN_POINT('Ctrl Pts',(111.466502486302,29.7275393766032,0.986989131720878));
#4296=CARTESIAN_POINT('Ctrl Pts',(111.476169754311,29.7148596710052,0.976169754311171));
#4297=CARTESIAN_POINT('',(108.409090909091,43.3999929962138,5.));
#4298=CARTESIAN_POINT('Origin',(109.5,37.5,5.));
#4299=CARTESIAN_POINT('Ctrl Pts',(111.476169754311,45.2851403289949,0.976169754311171));
#4300=CARTESIAN_POINT('Ctrl Pts',(111.466502486302,45.2724606233968,0.986989131720893));
#4301=CARTESIAN_POINT('Ctrl Pts',(111.456799167811,45.2598594266773,0.997877388875454));
#4302=CARTESIAN_POINT('Ctrl Pts',(111.186571045757,44.9123532044082,1.30189978217251));
#4303=CARTESIAN_POINT('Ctrl Pts',(110.903655975289,44.6356361453927,1.64153131264284));
#4304=CARTESIAN_POINT('Ctrl Pts',(109.88386984165,43.822749253555,2.93163557716898));
#4305=CARTESIAN_POINT('Ctrl Pts',(109.101829328318,43.5291187063503,4.0458749395297));
#4306=CARTESIAN_POINT('Ctrl Pts',(108.413864551107,43.4008774406395,4.99342645622988));
#4307=CARTESIAN_POINT('Ctrl Pts',(108.411477889828,43.4004343491082,4.99671322945817));
#4308=CARTESIAN_POINT('Ctrl Pts',(108.409090909091,43.3999929962138,5.));
#4309=CARTESIAN_POINT('Origin',(111.5,31.25,1.));
#4310=CARTESIAN_POINT('',(112.5,48.316653826392,2.));
#4311=CARTESIAN_POINT('Origin',(107.5,48.316653826392,-3.00000000000002));
#4312=CARTESIAN_POINT('',(112.5,57.5,2.));
#4313=CARTESIAN_POINT('',(112.5,31.25,2.));
#4314=CARTESIAN_POINT('',(110.5,57.5,0.));
#4315=CARTESIAN_POINT('Origin',(107.5,48.316653826392,0.));
#4316=CARTESIAN_POINT('',(108.409090909091,43.3999929962138,30.));
#4317=CARTESIAN_POINT('',(108.409090909091,43.3999929962138,0.));
#4318=CARTESIAN_POINT('',(112.5,48.316653826392,30.));
#4319=CARTESIAN_POINT('Origin',(107.5,48.316653826392,30.));
#4320=CARTESIAN_POINT('',(112.5,48.316653826392,0.));
#4321=CARTESIAN_POINT('Origin',(109.5,37.5,0.));
#4322=CARTESIAN_POINT('',(108.409090909091,31.6000070037862,30.));
#4323=CARTESIAN_POINT('',(108.409090909091,31.6000070037862,0.));
#4324=CARTESIAN_POINT('Origin',(109.5,37.5,30.));
#4325=CARTESIAN_POINT('Origin',(77.5,59.5,5.));
#4326=CARTESIAN_POINT('',(69.7148596710052,61.4761697543112,0.976169754311186));
#4327=CARTESIAN_POINT('Ctrl Pts',(66.5455488498967,60.5,-4.68375338513738E-16));
#4328=CARTESIAN_POINT('Ctrl Pts',(66.8318146778476,60.5,-5.35911857601571E-16));
#4329=CARTESIAN_POINT('Ctrl Pts',(67.1427068875454,60.5261919929842,0.0261919929842729));
#4330=CARTESIAN_POINT('Ctrl Pts',(67.7467763402274,60.6324135116559,0.132413511655937));
#4331=CARTESIAN_POINT('Ctrl Pts',(68.0401001621001,60.7120258137939,0.212025813793954));
#4332=CARTESIAN_POINT('Ctrl Pts',(68.6831347585764,60.9320254173666,0.432025417366602));
#4333=CARTESIAN_POINT('Ctrl Pts',(69.0750108544582,61.1124091910085,0.612409191008528));
#4334=CARTESIAN_POINT('Ctrl Pts',(69.5344224717822,61.3689618241534,0.868961824153437));
#4335=CARTESIAN_POINT('Ctrl Pts',(69.62553756903,61.4221200303427,0.922120030342681));
#4336=CARTESIAN_POINT('Ctrl Pts',(69.7148596710052,61.4761697543112,0.976169754311187));
#4337=CARTESIAN_POINT('',(85.2851403289948,61.4761697543112,0.976169754311182));
#4338=CARTESIAN_POINT('Ctrl Pts',(85.2851403289948,61.4761697543112,0.976169754311185));
#4339=CARTESIAN_POINT('Ctrl Pts',(85.37446243097,61.4221200303426,0.92212003034267));
#4340=CARTESIAN_POINT('Ctrl Pts',(85.4655775282178,61.3689618241534,0.868961824153434));
#4341=CARTESIAN_POINT('Ctrl Pts',(85.9249891455418,61.1124091910085,0.612409191008522));
#4342=CARTESIAN_POINT('Ctrl Pts',(86.3168652414236,60.9320254173666,0.432025417366602));
#4343=CARTESIAN_POINT('Ctrl Pts',(86.9598998378999,60.7120258137939,0.212025813793954));
#4344=CARTESIAN_POINT('Ctrl Pts',(87.2532236597726,60.6324135116559,0.132413511655935));
#4345=CARTESIAN_POINT('Ctrl Pts',(87.8572931124546,60.5261919929842,0.0261919929842734));
#4346=CARTESIAN_POINT('Ctrl Pts',(88.1681853221524,60.5,-3.1804332345781E-16));
#4347=CARTESIAN_POINT('Ctrl Pts',(88.4544511501033,60.5,-3.33934269125535E-16));
#4348=CARTESIAN_POINT('',(83.3999929962138,58.4090909090909,5.));
#4349=CARTESIAN_POINT('Ctrl Pts',(83.3999929962138,58.4090909090909,5.));
#4350=CARTESIAN_POINT('Ctrl Pts',(83.4004343491079,58.4114778898265,4.9967132294598));
#4351=CARTESIAN_POINT('Ctrl Pts',(83.40087744064,58.4138645511098,4.99342645623227));
#4352=CARTESIAN_POINT('Ctrl Pts',(83.5291187053144,59.1018293227603,4.04587494676442));
#4353=CARTESIAN_POINT('Ctrl Pts',(83.8227492508443,59.8838698382491,2.93163558147088));
#4354=CARTESIAN_POINT('Ctrl Pts',(84.6356361453928,60.9036559752892,1.64153131264269));
#4355=CARTESIAN_POINT('Ctrl Pts',(84.9123532044082,61.1865710457571,1.30189978217239));
#4356=CARTESIAN_POINT('Ctrl Pts',(85.2598594266773,61.4567991678108,0.997877388875399));
#4357=CARTESIAN_POINT('Ctrl Pts',(85.2724606233968,61.4665024863024,0.986989131720876));
#4358=CARTESIAN_POINT('Ctrl Pts',(85.2851403289948,61.4761697543112,0.976169754311181));
#4359=CARTESIAN_POINT('',(71.6000070037862,58.4090909090909,5.));
#4360=CARTESIAN_POINT('Origin',(77.5,59.5,5.));
#4361=CARTESIAN_POINT('Ctrl Pts',(69.7148596710052,61.4761697543112,0.976169754311186));
#4362=CARTESIAN_POINT('Ctrl Pts',(69.7275393766031,61.4665024863024,0.986989131720877));
#4363=CARTESIAN_POINT('Ctrl Pts',(69.7401405733226,61.4567991678108,0.997877388875398));
#4364=CARTESIAN_POINT('Ctrl Pts',(70.0876467955917,61.1865710457572,1.30189978217235));
#4365=CARTESIAN_POINT('Ctrl Pts',(70.3643638546071,60.9036559752893,1.64153131264259));
#4366=CARTESIAN_POINT('Ctrl Pts',(71.1772507491819,59.8838698382162,2.93163558151254));
#4367=CARTESIAN_POINT('Ctrl Pts',(71.4708812946952,59.1018293227089,4.04587494683475));
#4368=CARTESIAN_POINT('Ctrl Pts',(71.5991225593599,58.4138645511103,4.99342645623156));
#4369=CARTESIAN_POINT('Ctrl Pts',(71.5995656508923,58.4114778898254,4.99671322946131));
#4370=CARTESIAN_POINT('Ctrl Pts',(71.6000070037862,58.4090909090909,5.));
#4371=CARTESIAN_POINT('Origin',(88.316653826392,57.5,0.));
#4372=CARTESIAN_POINT('',(88.3166538263919,62.5,2.));
#4373=CARTESIAN_POINT('Origin',(88.316653826392,57.5,-2.99999999999998));
#4374=CARTESIAN_POINT('',(88.316653826392,62.5,30.));
#4375=CARTESIAN_POINT('',(88.316653826392,62.5,0.));
#4376=CARTESIAN_POINT('',(83.3999929962138,58.4090909090909,30.));
#4377=CARTESIAN_POINT('Origin',(88.316653826392,57.5,30.));
#4378=CARTESIAN_POINT('',(83.3999929962138,58.4090909090909,0.));
#4379=CARTESIAN_POINT('Origin',(-56.25,61.5,1.));
#4380=CARTESIAN_POINT('',(107.5,62.5,2.));
#4381=CARTESIAN_POINT('',(107.5,60.5,0.));
#4382=CARTESIAN_POINT('',(-56.25,62.5,2.));
#4383=CARTESIAN_POINT('Origin',(-1.69109171110904E-14,59.5,5.));
#4384=CARTESIAN_POINT('',(-7.78514032899485,61.4761697543111,0.976169754311177));
#4385=CARTESIAN_POINT('Ctrl Pts',(-10.9544511501033,60.5,-2.25514051876985E-16));
#4386=CARTESIAN_POINT('Ctrl Pts',(-10.6681853221524,60.5,-2.57295943212436E-16));
#4387=CARTESIAN_POINT('Ctrl Pts',(-10.3572931124546,60.5261919929842,0.026191992984273));
#4388=CARTESIAN_POINT('Ctrl Pts',(-9.75322365977265,60.6324135116559,0.132413511655935));
#4389=CARTESIAN_POINT('Ctrl Pts',(-9.45989983789994,60.7120258137939,0.212025813793951));
#4390=CARTESIAN_POINT('Ctrl Pts',(-8.81686524142359,60.9320254173666,0.432025417366598));
#4391=CARTESIAN_POINT('Ctrl Pts',(-8.42498914554177,61.1124091910085,0.612409191008521));
#4392=CARTESIAN_POINT('Ctrl Pts',(-7.96557752821776,61.3689618241534,0.868961824153432));
#4393=CARTESIAN_POINT('Ctrl Pts',(-7.87446243097,61.4221200303426,0.92212003034267));
#4394=CARTESIAN_POINT('Ctrl Pts',(-7.78514032899486,61.4761697543111,0.976169754311177));
#4395=CARTESIAN_POINT('',(7.78514032899483,61.4761697543111,0.97616975431118));
#4396=CARTESIAN_POINT('Ctrl Pts',(7.78514032899482,61.4761697543111,0.976169754311179));
#4397=CARTESIAN_POINT('Ctrl Pts',(7.87446243096997,61.4221200303426,0.922120030342668));
#4398=CARTESIAN_POINT('Ctrl Pts',(7.96557752821772,61.3689618241534,0.868961824153432));
#4399=CARTESIAN_POINT('Ctrl Pts',(8.42498914554173,61.1124091910085,0.612409191008521));
#4400=CARTESIAN_POINT('Ctrl Pts',(8.81686524142355,60.9320254173666,0.432025417366598));
#4401=CARTESIAN_POINT('Ctrl Pts',(9.45989983789991,60.7120258137939,0.212025813793952));
#4402=CARTESIAN_POINT('Ctrl Pts',(9.75322365977262,60.6324135116559,0.132413511655935));
#4403=CARTESIAN_POINT('Ctrl Pts',(10.3572931124546,60.5261919929842,0.0261919929842728));
#4404=CARTESIAN_POINT('Ctrl Pts',(10.6681853221524,60.5,-3.07517286126687E-16));
#4405=CARTESIAN_POINT('Ctrl Pts',(10.9544511501033,60.5,-2.55871712706579E-16));
#4406=CARTESIAN_POINT('',(5.89999299621379,58.4090909090909,5.));
#4407=CARTESIAN_POINT('Ctrl Pts',(5.89999299621379,58.4090909090909,5.));
#4408=CARTESIAN_POINT('Ctrl Pts',(5.9004343491079,58.4114778898263,4.99671322946003));
#4409=CARTESIAN_POINT('Ctrl Pts',(5.90087744063972,58.4138645511084,4.99342645622976));
#4410=CARTESIAN_POINT('Ctrl Pts',(6.02911870608906,59.1018293269168,4.04587494135374));
#4411=CARTESIAN_POINT('Ctrl Pts',(6.32274925287159,59.8838698407923,2.93163557825344));
#4412=CARTESIAN_POINT('Ctrl Pts',(7.13563614539285,60.9036559752892,1.64153131264262));
#4413=CARTESIAN_POINT('Ctrl Pts',(7.41235320440827,61.1865710457571,1.30189978217238));
#4414=CARTESIAN_POINT('Ctrl Pts',(7.75985942667734,61.4567991678107,0.997877388875401));
#4415=CARTESIAN_POINT('Ctrl Pts',(7.77246062339682,61.4665024863024,0.986989131720878));
#4416=CARTESIAN_POINT('Ctrl Pts',(7.78514032899482,61.4761697543111,0.976169754311175));
#4417=CARTESIAN_POINT('',(-5.89999299621382,58.4090909090909,5.));
#4418=CARTESIAN_POINT('Origin',(-1.69109171110904E-14,59.5,5.));
#4419=CARTESIAN_POINT('Ctrl Pts',(-7.78514032899486,61.4761697543111,0.976169754311179));
#4420=CARTESIAN_POINT('Ctrl Pts',(-7.77246062339683,61.4665024863023,0.9869891317209));
#4421=CARTESIAN_POINT('Ctrl Pts',(-7.75985942667733,61.4567991678107,0.997877388875446));
#4422=CARTESIAN_POINT('Ctrl Pts',(-7.4123532044082,61.1865710457571,1.30189978217248));
#4423=CARTESIAN_POINT('Ctrl Pts',(-7.13563614539277,60.9036559752891,1.64153131264278));
#4424=CARTESIAN_POINT('Ctrl Pts',(-6.32274925406886,59.8838698422942,2.93163557635344));
#4425=CARTESIAN_POINT('Ctrl Pts',(-6.02911870654634,59.10182932937,4.04587493815836));
#4426=CARTESIAN_POINT('Ctrl Pts',(-5.90087744063945,58.4138645511067,4.99342645622943));
#4427=CARTESIAN_POINT('Ctrl Pts',(-5.9004343491081,58.4114778898272,4.99671322945879));
#4428=CARTESIAN_POINT('Ctrl Pts',(-5.89999299621382,58.4090909090909,5.));
#4429=CARTESIAN_POINT('Origin',(10.816653826392,57.5,0.));
#4430=CARTESIAN_POINT('',(10.816653826392,62.5,2.));
#4431=CARTESIAN_POINT('Origin',(10.816653826392,57.5,-2.99999999999998));
#4432=CARTESIAN_POINT('',(10.816653826392,62.5,30.));
#4433=CARTESIAN_POINT('',(10.816653826392,62.5,0.));
#4434=CARTESIAN_POINT('',(5.89999299621379,58.4090909090909,30.));
#4435=CARTESIAN_POINT('Origin',(10.816653826392,57.5,30.));
#4436=CARTESIAN_POINT('',(5.89999299621379,58.4090909090909,0.));
#4437=CARTESIAN_POINT('Origin',(-56.25,61.5,1.));
#4438=CARTESIAN_POINT('',(66.683346173608,62.5,2.));
#4439=CARTESIAN_POINT('Origin',(66.683346173608,57.5,-2.99999999999997));
#4440=CARTESIAN_POINT('',(-56.25,62.5,2.));
#4441=CARTESIAN_POINT('Origin',(-77.5,59.5,5.));
#4442=CARTESIAN_POINT('',(-85.2851403289949,61.4761697543111,0.97616975431118));
#4443=CARTESIAN_POINT('Ctrl Pts',(-88.4544511501034,60.4999999999999,4.59701721133854E-16));
#4444=CARTESIAN_POINT('Ctrl Pts',(-88.1681853221524,60.4999999999999,2.25310272534903E-16));
#4445=CARTESIAN_POINT('Ctrl Pts',(-87.8572931124546,60.5261919929842,0.0261919929842715));
#4446=CARTESIAN_POINT('Ctrl Pts',(-87.2532236597726,60.6324135116559,0.132413511655932));
#4447=CARTESIAN_POINT('Ctrl Pts',(-86.9598998378999,60.7120258137939,0.212025813793951));
#4448=CARTESIAN_POINT('Ctrl Pts',(-86.3168652414236,60.9320254173666,0.432025417366598));
#4449=CARTESIAN_POINT('Ctrl Pts',(-85.9249891455418,61.1124091910085,0.612409191008527));
#4450=CARTESIAN_POINT('Ctrl Pts',(-85.4655775282178,61.3689618241534,0.868961824153435));
#4451=CARTESIAN_POINT('Ctrl Pts',(-85.37446243097,61.4221200303426,0.922120030342684));
#4452=CARTESIAN_POINT('Ctrl Pts',(-85.2851403289949,61.4761697543111,0.976169754311189));
#4453=CARTESIAN_POINT('',(-69.7148596710052,61.4761697543111,0.976169754311177));
#4454=CARTESIAN_POINT('Ctrl Pts',(-69.7148596710052,61.4761697543111,0.976169754311179));
#4455=CARTESIAN_POINT('Ctrl Pts',(-69.62553756903,61.4221200303426,0.922120030342669));
#4456=CARTESIAN_POINT('Ctrl Pts',(-69.5344224717823,61.3689618241534,0.868961824153432));
#4457=CARTESIAN_POINT('Ctrl Pts',(-69.0750108544583,61.1124091910085,0.612409191008523));
#4458=CARTESIAN_POINT('Ctrl Pts',(-68.6831347585765,60.9320254173666,0.432025417366598));
#4459=CARTESIAN_POINT('Ctrl Pts',(-68.0401001621001,60.7120258137939,0.212025813793952));
#4460=CARTESIAN_POINT('Ctrl Pts',(-67.7467763402274,60.6324135116559,0.132413511655938));
#4461=CARTESIAN_POINT('Ctrl Pts',(-67.1427068875454,60.5261919929842,0.026191992984274));
#4462=CARTESIAN_POINT('Ctrl Pts',(-66.8318146778476,60.4999999999999,-4.38981660158432E-16));
#4463=CARTESIAN_POINT('Ctrl Pts',(-66.5455488498967,60.4999999999999,-2.60208521396521E-16));
#4464=CARTESIAN_POINT('',(-71.6000070037862,58.4090909090909,5.));
#4465=CARTESIAN_POINT('Ctrl Pts',(-71.6000070037862,58.4090909090909,5.));
#4466=CARTESIAN_POINT('Ctrl Pts',(-71.5995656508923,58.4114778898252,4.99671322946158));
#4467=CARTESIAN_POINT('Ctrl Pts',(-71.5991225593601,58.4138645511095,4.99342645622556));
#4468=CARTESIAN_POINT('Ctrl Pts',(-71.4708812934446,59.1018293294179,4.04587493809257));
#4469=CARTESIAN_POINT('Ctrl Pts',(-71.1772507459067,59.883869842325,2.93163557631451));
#4470=CARTESIAN_POINT('Ctrl Pts',(-70.3643638546072,60.9036559752891,1.64153131264271));
#4471=CARTESIAN_POINT('Ctrl Pts',(-70.0876467955918,61.1865710457571,1.30189978217246));
#4472=CARTESIAN_POINT('Ctrl Pts',(-69.7401405733227,61.4567991678107,0.997877388875448));
#4473=CARTESIAN_POINT('Ctrl Pts',(-69.7275393766032,61.4665024863023,0.986989131720897));
#4474=CARTESIAN_POINT('Ctrl Pts',(-69.7148596710052,61.4761697543111,0.976169754311177));
#4475=CARTESIAN_POINT('',(-83.3999929962138,58.4090909090909,5.));
#4476=CARTESIAN_POINT('Origin',(-77.5,59.5,5.));
#4477=CARTESIAN_POINT('Ctrl Pts',(-85.2851403289949,61.4761697543111,0.976169754311184));
#4478=CARTESIAN_POINT('Ctrl Pts',(-85.2724606233968,61.4665024863023,0.986989131720915));
#4479=CARTESIAN_POINT('Ctrl Pts',(-85.2598594266773,61.4567991678107,0.997877388875468));
#4480=CARTESIAN_POINT('Ctrl Pts',(-84.9123532044081,61.186571045757,1.30189978217254));
#4481=CARTESIAN_POINT('Ctrl Pts',(-84.6356361453927,60.903655975289,1.64153131264287));
#4482=CARTESIAN_POINT('Ctrl Pts',(-83.822749256805,59.8838698457268,2.93163557201106));
#4483=CARTESIAN_POINT('Ctrl Pts',(-83.5291187075916,59.101829334977,4.04587493085511));
#4484=CARTESIAN_POINT('Ctrl Pts',(-83.4008774406388,58.413864551103,4.99342645622869));
#4485=CARTESIAN_POINT('Ctrl Pts',(-83.4004343491088,58.411477889831,4.99671322945363));
#4486=CARTESIAN_POINT('Ctrl Pts',(-83.3999929962138,58.4090909090909,5.));
#4487=CARTESIAN_POINT('Origin',(-56.25,61.5,1.));
#4488=CARTESIAN_POINT('',(-10.816653826392,62.5,2.));
#4489=CARTESIAN_POINT('Origin',(-10.816653826392,57.5,-2.99999999999998));
#4490=CARTESIAN_POINT('',(-66.6833461736081,62.5,2.));
#4491=CARTESIAN_POINT('',(-56.25,62.5,2.));
#4492=CARTESIAN_POINT('Origin',(-66.6833461736081,57.5,-2.99999999999998));
#4493=CARTESIAN_POINT('Origin',(-56.25,61.5,1.));
#4494=CARTESIAN_POINT('',(-88.316653826392,62.5,2.));
#4495=CARTESIAN_POINT('Origin',(-88.316653826392,57.5,-2.99999999999998));
#4496=CARTESIAN_POINT('',(-107.5,62.5,2.));
#4497=CARTESIAN_POINT('',(-56.25,62.5,2.));
#4498=CARTESIAN_POINT('',(-107.5,60.5,0.));
#4499=CARTESIAN_POINT('Origin',(-109.5,37.5,5.));
#4500=CARTESIAN_POINT('',(-111.476169754311,45.2851403289948,0.976169754311171));
#4501=CARTESIAN_POINT('Ctrl Pts',(-111.476169754311,45.2851403289948,0.976169754311176));
#4502=CARTESIAN_POINT('Ctrl Pts',(-111.422120030343,45.3744624309699,0.922120030342672));
#4503=CARTESIAN_POINT('Ctrl Pts',(-111.368961824153,45.4655775282177,0.868961824153434));
#4504=CARTESIAN_POINT('Ctrl Pts',(-111.112409191009,45.9249891455417,0.612409191008525));
#4505=CARTESIAN_POINT('Ctrl Pts',(-110.932025417367,46.3168652414235,0.432025417366602));
#4506=CARTESIAN_POINT('Ctrl Pts',(-110.712025813794,46.9598998378999,0.212025813793953));
#4507=CARTESIAN_POINT('Ctrl Pts',(-110.632413511656,47.2532236597726,0.132413511655936));
#4508=CARTESIAN_POINT('Ctrl Pts',(-110.526191992984,47.8572931124545,0.0261919929842729));
#4509=CARTESIAN_POINT('Ctrl Pts',(-110.5,48.1681853221524,-8.98458971188989E-16));
#4510=CARTESIAN_POINT('Ctrl Pts',(-110.5,48.4544511501033,-3.8597597340484E-16));
#4511=CARTESIAN_POINT('',(-108.409090909091,43.3999929962138,5.));
#4512=CARTESIAN_POINT('Ctrl Pts',(-108.409090909091,43.3999929962138,5.));
#4513=CARTESIAN_POINT('Ctrl Pts',(-108.411477889827,43.400434349108,4.99671322945924));
#4514=CARTESIAN_POINT('Ctrl Pts',(-108.413864551109,43.4008774406398,4.99342645622721));
#4515=CARTESIAN_POINT('Ctrl Pts',(-109.101829328332,43.529118706353,4.04587493951045));
#4516=CARTESIAN_POINT('Ctrl Pts',(-109.883869841658,43.822749253562,2.93163557715791));
#4517=CARTESIAN_POINT('Ctrl Pts',(-110.903655975289,44.6356361453926,1.64153131264296));
#4518=CARTESIAN_POINT('Ctrl Pts',(-111.186571045757,44.912353204408,1.3018997821726));
#4519=CARTESIAN_POINT('Ctrl Pts',(-111.456799167811,45.2598594266772,0.997877388875494));
#4520=CARTESIAN_POINT('Ctrl Pts',(-111.466502486302,45.2724606233967,0.986989131720913));
#4521=CARTESIAN_POINT('Ctrl Pts',(-111.476169754311,45.2851403289948,0.976169754311171));
#4522=CARTESIAN_POINT('',(-108.409090909091,31.6000070037862,5.));
#4523=CARTESIAN_POINT('Origin',(-109.5,37.5,5.));
#4524=CARTESIAN_POINT('Ctrl Pts',(-111.476169754311,29.7148596710051,0.976169754311176));
#4525=CARTESIAN_POINT('Ctrl Pts',(-111.466502486302,29.7275393766032,0.986989131720906));
#4526=CARTESIAN_POINT('Ctrl Pts',(-111.456799167811,29.7401405733227,0.99787738887546));
#4527=CARTESIAN_POINT('Ctrl Pts',(-111.186571045757,30.0876467955918,1.30189978217251));
#4528=CARTESIAN_POINT('Ctrl Pts',(-110.903655975289,30.3643638546072,1.64153131264281));
#4529=CARTESIAN_POINT('Ctrl Pts',(-109.883869839919,31.1772507478246,2.93163557935854));
#4530=CARTESIAN_POINT('Ctrl Pts',(-109.101829325492,31.4708812941762,4.04587494321151));
#4531=CARTESIAN_POINT('Ctrl Pts',(-108.413864551108,31.5991225593604,4.99342645623246));
#4532=CARTESIAN_POINT('Ctrl Pts',(-108.411477889829,31.5995656508916,4.9967132294564));
#4533=CARTESIAN_POINT('Ctrl Pts',(-108.409090909091,31.6000070037862,5.));
#4534=CARTESIAN_POINT('Origin',(-107.5,26.683346173608,0.));
#4535=CARTESIAN_POINT('',(-108.409090909091,31.6000070037862,30.));
#4536=CARTESIAN_POINT('',(-108.409090909091,31.6000070037862,0.));
#4537=CARTESIAN_POINT('',(-112.5,26.683346173608,30.));
#4538=CARTESIAN_POINT('Origin',(-107.5,26.683346173608,30.));
#4539=CARTESIAN_POINT('',(-112.5,26.683346173608,0.));
#4540=CARTESIAN_POINT('Origin',(-109.5,37.5,0.));
#4541=CARTESIAN_POINT('',(-108.409090909091,43.3999929962138,30.));
#4542=CARTESIAN_POINT('',(-108.409090909091,43.3999929962138,0.));
#4543=CARTESIAN_POINT('Origin',(-109.5,37.5,30.));
#4544=CARTESIAN_POINT('Origin',(-10.816653826392,57.5,0.));
#4545=CARTESIAN_POINT('',(-5.89999299621382,58.4090909090909,30.));
#4546=CARTESIAN_POINT('',(-5.89999299621382,58.4090909090909,0.));
#4547=CARTESIAN_POINT('',(-10.816653826392,62.5,30.));
#4548=CARTESIAN_POINT('Origin',(-10.816653826392,57.5,30.));
#4549=CARTESIAN_POINT('',(-10.816653826392,62.5,0.));
#4550=CARTESIAN_POINT('Origin',(-1.69109171110904E-14,59.5,0.));
#4551=CARTESIAN_POINT('Origin',(-1.69109171110904E-14,59.5,30.));
#4552=CARTESIAN_POINT('Origin',(66.683346173608,57.5,0.));
#4553=CARTESIAN_POINT('',(71.6000070037862,58.4090909090909,30.));
#4554=CARTESIAN_POINT('',(71.6000070037862,58.4090909090909,0.));
#4555=CARTESIAN_POINT('',(66.683346173608,62.5,30.));
#4556=CARTESIAN_POINT('Origin',(66.683346173608,57.5,30.));
#4557=CARTESIAN_POINT('',(66.683346173608,62.5,0.));
#4558=CARTESIAN_POINT('Origin',(77.5,59.5,0.));
#4559=CARTESIAN_POINT('Origin',(77.5,59.5,30.));
#4560=CARTESIAN_POINT('Origin',(-112.5,62.5,0.));
#4561=CARTESIAN_POINT('',(107.5,62.5,30.));
#4562=CARTESIAN_POINT('',(107.5,62.5,0.));
#4563=CARTESIAN_POINT('',(-112.5,62.5,30.));
#4564=CARTESIAN_POINT('Origin',(107.5,26.683346173608,0.));
#4565=CARTESIAN_POINT('',(112.5,26.683346173608,30.));
#4566=CARTESIAN_POINT('',(112.5,26.683346173608,0.));
#4567=CARTESIAN_POINT('Origin',(107.5,26.683346173608,30.));
#4568=CARTESIAN_POINT('Origin',(107.5,-48.3166538263924,0.));
#4569=CARTESIAN_POINT('',(112.5,-48.3166538263924,2.));
#4570=CARTESIAN_POINT('Origin',(107.5,-48.3166538263924,-3.00000000000002));
#4571=CARTESIAN_POINT('',(112.5,-48.3166538263924,30.));
#4572=CARTESIAN_POINT('',(112.5,-48.3166538263924,0.));
#4573=CARTESIAN_POINT('Origin',(107.5,-48.3166538263924,30.));
#4574=CARTESIAN_POINT('Origin',(10.8166538263917,-57.5,0.));
#4575=CARTESIAN_POINT('',(5.89999299621355,-58.4090909090909,30.));
#4576=CARTESIAN_POINT('',(5.89999299621355,-58.4090909090909,0.));
#4577=CARTESIAN_POINT('',(10.8166538263917,-62.5,30.));
#4578=CARTESIAN_POINT('Origin',(10.8166538263917,-57.5,30.));
#4579=CARTESIAN_POINT('',(10.8166538263917,-62.5,0.));
#4580=CARTESIAN_POINT('Origin',(-2.52318570077973E-13,-59.5,0.));
#4581=CARTESIAN_POINT('',(-5.89999299621406,-58.4090909090909,30.));
#4582=CARTESIAN_POINT('',(-5.89999299621406,-58.4090909090909,0.));
#4583=CARTESIAN_POINT('Origin',(-2.52318570077973E-13,-59.5,30.));
#4584=CARTESIAN_POINT('Origin',(-10.8166538263922,-57.5,0.));
#4585=CARTESIAN_POINT('',(-10.8166538263922,-62.5,30.));
#4586=CARTESIAN_POINT('',(-10.8166538263922,-62.5,0.));
#4587=CARTESIAN_POINT('Origin',(-10.8166538263922,-57.5,30.));
#4588=CARTESIAN_POINT('Origin',(112.5,-62.5,0.));
#4589=CARTESIAN_POINT('',(-66.6833461736082,-62.5,30.));
#4590=CARTESIAN_POINT('',(-66.6833461736082,-62.5,0.));
#4591=CARTESIAN_POINT('',(112.5,-62.5,30.));
#4592=CARTESIAN_POINT('Origin',(66.6833461736078,-57.5,0.));
#4593=CARTESIAN_POINT('',(66.6833461736078,-62.5,30.));
#4594=CARTESIAN_POINT('',(66.6833461736078,-62.5,0.));
#4595=CARTESIAN_POINT('Origin',(66.6833461736078,-57.5,30.));
#4596=CARTESIAN_POINT('Origin',(-66.6833461736082,-57.5,0.));
#4597=CARTESIAN_POINT('',(-71.6000070037864,-58.4090909090908,30.));
#4598=CARTESIAN_POINT('',(-71.6000070037864,-58.4090909090908,0.));
#4599=CARTESIAN_POINT('Origin',(-66.6833461736082,-57.5,30.));
#4600=CARTESIAN_POINT('Origin',(-77.5000000000003,-59.4999999999996,0.));
#4601=CARTESIAN_POINT('Origin',(-77.5000000000003,-59.4999999999996,30.));
#4602=CARTESIAN_POINT('Origin',(112.5,-62.5,0.));
#4603=CARTESIAN_POINT('',(-107.5,-62.5,30.));
#4604=CARTESIAN_POINT('',(-107.5,-62.5,0.));
#4605=CARTESIAN_POINT('',(112.5,-62.5,30.));
#4606=CARTESIAN_POINT('Origin',(-107.5,-48.3166538263915,0.));
#4607=CARTESIAN_POINT('',(-108.409090909091,-43.3999929962133,30.));
#4608=CARTESIAN_POINT('',(-108.409090909091,-43.3999929962133,0.));
#4609=CARTESIAN_POINT('',(-112.5,-48.3166538263915,30.));
#4610=CARTESIAN_POINT('Origin',(-107.5,-48.3166538263915,30.));
#4611=CARTESIAN_POINT('',(-112.5,-48.3166538263915,0.));
#4612=CARTESIAN_POINT('Origin',(-109.5,-37.4999999999995,0.));
#4613=CARTESIAN_POINT('',(-108.409090909091,-31.6000070037857,30.));
#4614=CARTESIAN_POINT('',(-108.409090909091,-31.6000070037857,0.));
#4615=CARTESIAN_POINT('Origin',(-109.5,-37.4999999999995,30.));
#4616=CARTESIAN_POINT('Origin',(-107.5,-26.6833461736076,0.));
#4617=CARTESIAN_POINT('',(-112.5,-26.6833461736076,30.));
#4618=CARTESIAN_POINT('',(-112.5,-26.6833461736076,0.));
#4619=CARTESIAN_POINT('Origin',(-107.5,-26.6833461736076,30.));
#4620=CARTESIAN_POINT('Origin',(-112.5,-62.5,0.));
#4621=CARTESIAN_POINT('',(-112.5,-62.5,30.));
#4622=CARTESIAN_POINT('Origin',(-107.5,48.3166538263919,0.));
#4623=CARTESIAN_POINT('',(-112.5,48.3166538263919,2.));
#4624=CARTESIAN_POINT('Origin',(-107.5,48.3166538263919,-3.00000000000003));
#4625=CARTESIAN_POINT('',(-112.5,48.3166538263919,30.));
#4626=CARTESIAN_POINT('',(-112.5,48.3166538263919,0.));
#4627=CARTESIAN_POINT('Origin',(-107.5,48.3166538263919,30.));
#4628=CARTESIAN_POINT('Origin',(-88.316653826392,57.5,0.));
#4629=CARTESIAN_POINT('',(-83.3999929962138,58.4090909090909,30.));
#4630=CARTESIAN_POINT('',(-83.3999929962138,58.4090909090909,0.));
#4631=CARTESIAN_POINT('',(-88.316653826392,62.5,30.));
#4632=CARTESIAN_POINT('Origin',(-88.316653826392,57.5,30.));
#4633=CARTESIAN_POINT('',(-88.316653826392,62.5,0.));
#4634=CARTESIAN_POINT('Origin',(-77.5,59.5,0.));
#4635=CARTESIAN_POINT('',(-71.6000070037862,58.4090909090909,30.));
#4636=CARTESIAN_POINT('',(-71.6000070037862,58.4090909090909,0.));
#4637=CARTESIAN_POINT('Origin',(-77.5,59.5,30.));
#4638=CARTESIAN_POINT('Origin',(-66.6833461736081,57.5,0.));
#4639=CARTESIAN_POINT('',(-66.6833461736081,62.5,30.));
#4640=CARTESIAN_POINT('',(-66.6833461736081,62.5,0.));
#4641=CARTESIAN_POINT('Origin',(-66.6833461736081,57.5,30.));
#4642=CARTESIAN_POINT('Origin',(-112.5,62.5,0.));
#4643=CARTESIAN_POINT('',(-112.5,62.5,30.));
#4644=CARTESIAN_POINT('Origin',(-1.69109171110904E-14,59.5,0.));
#4645=CARTESIAN_POINT('',(2.79999999999998,59.5,30.));
#4646=CARTESIAN_POINT('Origin',(-1.69109171110904E-14,59.5,30.));
#4647=CARTESIAN_POINT('',(2.79999999999998,59.5,-3.60822483003176E-15));
#4648=CARTESIAN_POINT('',(2.79999999999998,59.5,0.));
#4649=CARTESIAN_POINT('',(-2.61533936612442,60.5,0.));
#4650=CARTESIAN_POINT('Origin',(-1.69109171110904E-14,59.5,0.));
#4651=CARTESIAN_POINT('',(2.61533936612439,60.5,0.));
#4652=CARTESIAN_POINT('Origin',(-1.69109171110904E-14,59.5,-0.999999999999996));
#4653=CARTESIAN_POINT('Origin',(-1.69109171110904E-14,59.5,0.));
#4654=CARTESIAN_POINT('Origin',(77.5,-59.5,0.));
#4655=CARTESIAN_POINT('',(80.3,-59.5,30.));
#4656=CARTESIAN_POINT('Origin',(77.5,-59.5,30.));
#4657=CARTESIAN_POINT('',(80.3,-59.5,-2.4980018054066E-15));
#4658=CARTESIAN_POINT('',(80.3,-59.5,0.));
#4659=CARTESIAN_POINT('',(80.1153393661244,-60.5,0.));
#4660=CARTESIAN_POINT('Origin',(77.5,-59.5,0.));
#4661=CARTESIAN_POINT('',(74.8846606338756,-60.5,0.));
#4662=CARTESIAN_POINT('Origin',(77.5,-59.5,-0.999999999999978));
#4663=CARTESIAN_POINT('Origin',(77.5,-59.5,0.));
#4664=CARTESIAN_POINT('Origin',(-109.5,-37.5,0.));
#4665=CARTESIAN_POINT('',(-106.7,-37.5,30.));
#4666=CARTESIAN_POINT('Origin',(-109.5,-37.5,30.));
#4667=CARTESIAN_POINT('',(-106.7,-37.5,0.));
#4668=CARTESIAN_POINT('',(-106.7,-37.5,0.));
#4669=CARTESIAN_POINT('',(-110.5,-40.1153393661244,0.));
#4670=CARTESIAN_POINT('Origin',(-109.5,-37.5,0.));
#4671=CARTESIAN_POINT('',(-110.5,-34.8846606338755,0.));
#4672=CARTESIAN_POINT('Origin',(-109.5,-37.5,-0.999999999999979));
#4673=CARTESIAN_POINT('Origin',(-109.5,-37.5,0.));
#4674=CARTESIAN_POINT('Origin',(109.5,-37.5,0.));
#4675=CARTESIAN_POINT('',(112.3,-37.5,30.));
#4676=CARTESIAN_POINT('Origin',(109.5,-37.5,30.));
#4677=CARTESIAN_POINT('',(112.3,-37.5,1.79999999999997));
#4678=CARTESIAN_POINT('',(112.3,-37.5,0.));
#4679=CARTESIAN_POINT('',(110.5,-40.1153393661244,0.));
#4680=CARTESIAN_POINT('Origin',(109.5,-37.5,-1.00000000000004));
#4681=CARTESIAN_POINT('',(110.5,-34.8846606338756,0.));
#4682=CARTESIAN_POINT('Origin',(109.5,-37.5,0.));
#4683=CARTESIAN_POINT('Origin',(109.5,-37.5,-1.00000000000004));
#4684=CARTESIAN_POINT('Origin',(-77.5,59.5,0.));
#4685=CARTESIAN_POINT('',(-74.7,59.5,30.));
#4686=CARTESIAN_POINT('Origin',(-77.5,59.5,30.));
#4687=CARTESIAN_POINT('',(-74.7,59.5,-8.32667268468867E-16));
#4688=CARTESIAN_POINT('',(-74.7,59.5,0.));
#4689=CARTESIAN_POINT('',(-80.1153393661244,60.5,0.));
#4690=CARTESIAN_POINT('Origin',(-77.5,59.5,0.));
#4691=CARTESIAN_POINT('',(-74.8846606338756,60.5,0.));
#4692=CARTESIAN_POINT('Origin',(-77.5,59.5,-0.99999999999999));
#4693=CARTESIAN_POINT('Origin',(-77.5,59.5,0.));
#4694=CARTESIAN_POINT('Origin',(77.5,59.5,0.));
#4695=CARTESIAN_POINT('',(80.3,59.5,30.));
#4696=CARTESIAN_POINT('Origin',(77.5,59.5,30.));
#4697=CARTESIAN_POINT('',(80.3,59.5,0.));
#4698=CARTESIAN_POINT('',(80.3,59.5,0.));
#4699=CARTESIAN_POINT('',(74.8846606338756,60.5,0.));
#4700=CARTESIAN_POINT('Origin',(77.5,59.5,0.));
#4701=CARTESIAN_POINT('',(80.1153393661244,60.5,0.));
#4702=CARTESIAN_POINT('Origin',(77.5,59.5,-0.999999999999957));
#4703=CARTESIAN_POINT('Origin',(77.5,59.5,0.));
#4704=CARTESIAN_POINT('Origin',(-2.46469511466785E-13,-59.5,0.));
#4705=CARTESIAN_POINT('',(2.79999999999975,-59.5,30.));
#4706=CARTESIAN_POINT('Origin',(-2.46469511466785E-13,-59.5,30.));
#4707=CARTESIAN_POINT('',(2.79999999999975,-59.5,-3.19189119579733E-15));
#4708=CARTESIAN_POINT('',(2.79999999999975,-59.5,0.));
#4709=CARTESIAN_POINT('',(2.61533936612414,-60.5,0.));
#4710=CARTESIAN_POINT('Origin',(-2.46469511466785E-13,-59.5,0.));
#4711=CARTESIAN_POINT('',(-2.61533936612464,-60.5,0.));
#4712=CARTESIAN_POINT('Origin',(-2.46469511466785E-13,-59.5,-1.00000000000004));
#4713=CARTESIAN_POINT('Origin',(-2.46469511466785E-13,-59.5,0.));
#4714=CARTESIAN_POINT('Origin',(-77.5,-59.5,0.));
#4715=CARTESIAN_POINT('',(-74.7,-59.5,30.));
#4716=CARTESIAN_POINT('Origin',(-77.5,-59.5,30.));
#4717=CARTESIAN_POINT('',(-74.7,-59.5,0.));
#4718=CARTESIAN_POINT('',(-74.7,-59.5,0.));
#4719=CARTESIAN_POINT('',(-74.8846606338756,-60.5,0.));
#4720=CARTESIAN_POINT('Origin',(-77.5,-59.5,0.));
#4721=CARTESIAN_POINT('',(-80.1153393661244,-60.5,0.));
#4722=CARTESIAN_POINT('Origin',(-77.5,-59.5,-1.00000000000005));
#4723=CARTESIAN_POINT('Origin',(-77.5,-59.5,0.));
#4724=CARTESIAN_POINT('Origin',(109.5,37.5,0.));
#4725=CARTESIAN_POINT('',(112.3,37.5,30.));
#4726=CARTESIAN_POINT('Origin',(109.5,37.5,30.));
#4727=CARTESIAN_POINT('',(112.3,37.5,1.79999999999998));
#4728=CARTESIAN_POINT('',(112.3,37.5,0.));
#4729=CARTESIAN_POINT('',(110.5,34.8846606338756,0.));
#4730=CARTESIAN_POINT('Origin',(109.5,37.5,-1.00000000000004));
#4731=CARTESIAN_POINT('',(110.5,40.1153393661244,0.));
#4732=CARTESIAN_POINT('Origin',(109.5,37.5,0.));
#4733=CARTESIAN_POINT('Origin',(109.5,37.5,-1.00000000000004));
#4734=CARTESIAN_POINT('Origin',(-109.5,37.5,0.));
#4735=CARTESIAN_POINT('',(-106.7,37.5,30.));
#4736=CARTESIAN_POINT('Origin',(-109.5,37.5,30.));
#4737=CARTESIAN_POINT('',(-106.7,37.5,-3.88578058618805E-15));
#4738=CARTESIAN_POINT('',(-106.7,37.5,0.));
#4739=CARTESIAN_POINT('',(-110.5,34.8846606338756,0.));
#4740=CARTESIAN_POINT('Origin',(-109.5,37.5,0.));
#4741=CARTESIAN_POINT('',(-110.5,40.1153393661244,0.));
#4742=CARTESIAN_POINT('Origin',(-109.5,37.5,-1.00000000000002));
#4743=CARTESIAN_POINT('Origin',(-109.5,37.5,0.));
#4744=CARTESIAN_POINT('Origin',(-112.5,62.5,0.));
#4745=CARTESIAN_POINT('',(-112.5,62.5,30.));
#4746=CARTESIAN_POINT('Origin',(-112.5,62.5,0.));
#4747=CARTESIAN_POINT('',(-107.5,62.5,30.));
#4748=CARTESIAN_POINT('',(-112.5,62.5,30.));
#4749=CARTESIAN_POINT('',(-107.5,62.5,0.));
#4750=CARTESIAN_POINT('Origin',(-56.25,61.5,1.));
#4751=CARTESIAN_POINT('',(-56.25,60.5,0.));
#4752=CARTESIAN_POINT('Origin',(-56.25,61.5,1.));
#4753=CARTESIAN_POINT('',(-56.25,60.5,0.));
#4754=CARTESIAN_POINT('Origin',(112.5,-62.5,0.));
#4755=CARTESIAN_POINT('',(107.5,-62.5,30.));
#4756=CARTESIAN_POINT('',(112.5,-62.5,30.));
#4757=CARTESIAN_POINT('',(107.5,-62.5,0.));
#4758=CARTESIAN_POINT('Origin',(112.5,-62.5,0.));
#4759=CARTESIAN_POINT('',(112.5,-62.5,30.));
#4760=CARTESIAN_POINT('Origin',(56.25,-61.5,1.));
#4761=CARTESIAN_POINT('',(56.25,-60.5,0.));
#4762=CARTESIAN_POINT('Origin',(56.25,-61.5,1.));
#4763=CARTESIAN_POINT('',(56.25,-60.5,0.));
#4764=CARTESIAN_POINT('Origin',(56.25,-61.5,1.));
#4765=CARTESIAN_POINT('',(56.25,-60.5,0.));
#4766=CARTESIAN_POINT('Origin',(112.5,62.5,0.));
#4767=CARTESIAN_POINT('',(112.5,-57.5,2.));
#4768=CARTESIAN_POINT('',(112.5,31.25,2.));
#4769=CARTESIAN_POINT('',(112.5,-57.5,30.));
#4770=CARTESIAN_POINT('',(112.5,-57.5,0.));
#4771=CARTESIAN_POINT('',(112.5,62.5,30.));
#4772=CARTESIAN_POINT('Origin',(112.5,62.5,0.));
#4773=CARTESIAN_POINT('',(112.5,57.5,30.));
#4774=CARTESIAN_POINT('',(112.5,62.5,30.));
#4775=CARTESIAN_POINT('',(112.5,57.5,0.));
#4776=CARTESIAN_POINT('Origin',(111.5,31.25,1.));
#4777=CARTESIAN_POINT('',(110.5,31.25,0.));
#4778=CARTESIAN_POINT('Origin',(111.5,31.25,1.));
#4779=CARTESIAN_POINT('',(110.5,-57.5,0.));
#4780=CARTESIAN_POINT('Origin',(-112.5,-62.5,0.));
#4781=CARTESIAN_POINT('',(-112.5,57.5,2.));
#4782=CARTESIAN_POINT('',(-112.5,-31.25,2.));
#4783=CARTESIAN_POINT('',(-112.5,57.4999999999999,30.));
#4784=CARTESIAN_POINT('',(-112.5,57.5,0.));
#4785=CARTESIAN_POINT('',(-112.5,-62.5,30.));
#4786=CARTESIAN_POINT('Origin',(-112.5,-62.5,0.));
#4787=CARTESIAN_POINT('',(-112.5,-57.5,30.));
#4788=CARTESIAN_POINT('',(-112.5,-62.5,30.));
#4789=CARTESIAN_POINT('',(-112.5,-57.5,0.));
#4790=CARTESIAN_POINT('Origin',(-1.77635683940025E-14,-1.77635683940025E-14,
0.));
#4791=CARTESIAN_POINT('',(-110.5,-31.25,0.));
#4792=CARTESIAN_POINT('Origin',(-1.77635683940025E-14,-1.77635683940025E-14,
0.));
#4793=CARTESIAN_POINT('Origin',(-1.77635683940025E-14,-1.77635683940025E-14,
0.));
#4794=CARTESIAN_POINT('Origin',(-1.77635683940025E-14,-1.77635683940025E-14,
0.));
#4795=CARTESIAN_POINT('Origin',(-1.77635683940025E-14,-1.77635683940025E-14,
0.));
#4796=CARTESIAN_POINT('Origin',(-1.77635683940025E-14,-1.77635683940025E-14,
0.));
#4797=CARTESIAN_POINT('Origin',(-1.77635683940025E-14,-1.77635683940025E-14,
0.));
#4798=CARTESIAN_POINT('',(110.5,31.25,0.));
#4799=CARTESIAN_POINT('Origin',(-1.77635683940025E-14,-1.77635683940025E-14,
0.));
#4800=CARTESIAN_POINT('',(-110.5,-31.25,0.));
#4801=CARTESIAN_POINT('Origin',(-1.77635683940025E-14,-1.77635683940025E-14,
0.));
#4802=CARTESIAN_POINT('Origin',(-1.77635683940025E-14,-1.77635683940025E-14,
0.));
#4803=CARTESIAN_POINT('',(-56.25,60.5,0.));
#4804=CARTESIAN_POINT('Origin',(-111.5,-31.25,1.));
#4805=CARTESIAN_POINT('',(-110.5,57.4999999999999,0.));
#4806=CARTESIAN_POINT('Origin',(-111.5,-31.25,1.));
#4807=CARTESIAN_POINT('Origin',(-111.5,-31.25,1.));
#4808=CARTESIAN_POINT('Origin',(-107.5,57.5,0.));
#4809=CARTESIAN_POINT('',(-120.,57.5,30.));
#4810=CARTESIAN_POINT('',(-120.,57.5,0.));
#4811=CARTESIAN_POINT('',(-107.5,70.,30.));
#4812=CARTESIAN_POINT('Origin',(-107.5,57.5,30.));
#4813=CARTESIAN_POINT('',(-107.5,70.,0.));
#4814=CARTESIAN_POINT('Origin',(-120.,70.,0.));
#4815=CARTESIAN_POINT('',(-120.,70.,30.));
#4816=CARTESIAN_POINT('Origin',(-1.77635683940025E-14,-1.77635683940025E-14,
-7.5));
#4817=CARTESIAN_POINT('Origin',(-107.5,-57.5,1.));
#4818=CARTESIAN_POINT('Origin',(-107.5,-57.5,2.));
#4819=CARTESIAN_POINT('Origin',(-107.5,57.5,1.));
#4820=CARTESIAN_POINT('Origin',(-107.5,57.5,2.));
#4821=CARTESIAN_POINT('Origin',(-56.25,61.5,1.));
#4822=CARTESIAN_POINT('Origin',(107.5,57.5,1.));
#4823=CARTESIAN_POINT('Origin',(107.5,57.5,2.));
#4824=CARTESIAN_POINT('Origin',(111.5,31.25,1.));
#4825=CARTESIAN_POINT('Origin',(107.5,-57.5,1.));
#4826=CARTESIAN_POINT('Origin',(107.5,-57.5,2.));
#4827=CARTESIAN_POINT('Origin',(107.5,57.5,0.));
#4828=CARTESIAN_POINT('Origin',(107.5,57.5,30.));
#4829=CARTESIAN_POINT('Origin',(112.5,62.5,0.));
#4830=CARTESIAN_POINT('',(112.5,62.5,30.));
#4831=CARTESIAN_POINT('Origin',(107.5,-57.5,0.));
#4832=CARTESIAN_POINT('Origin',(107.5,-57.5,30.));
#4833=CARTESIAN_POINT('Origin',(107.5,57.5,0.));
#4834=CARTESIAN_POINT('',(107.5,70.,30.));
#4835=CARTESIAN_POINT('',(107.5,70.,0.));
#4836=CARTESIAN_POINT('Origin',(107.5,57.5,30.));
#4837=CARTESIAN_POINT('Origin',(-107.5,-57.5,0.));
#4838=CARTESIAN_POINT('Origin',(-107.5,-57.5,30.));
#4839=CARTESIAN_POINT('Origin',(-107.5,57.5,0.));
#4840=CARTESIAN_POINT('Origin',(-107.5,57.5,30.));
#4841=CARTESIAN_POINT('Origin',(120.,70.,0.));
#4842=CARTESIAN_POINT('',(120.,70.,30.));
#4843=CARTESIAN_POINT('Origin',(-1.77635683940025E-14,-1.77635683940025E-14,
30.));
#4844=UNCERTAINTY_MEASURE_WITH_UNIT(LENGTH_MEASURE(0.01),#4848,
'DISTANCE_ACCURACY_VALUE',
'Maximum model space distance between geometric entities at asserted c
onnectivities');
#4845=UNCERTAINTY_MEASURE_WITH_UNIT(LENGTH_MEASURE(0.01),#4848,
'DISTANCE_ACCURACY_VALUE',
'Maximum model space distance between geometric entities at asserted c
onnectivities');
#4846=(
GEOMETRIC_REPRESENTATION_CONTEXT(3)
GLOBAL_UNCERTAINTY_ASSIGNED_CONTEXT((#4844))
GLOBAL_UNIT_ASSIGNED_CONTEXT((#4848,#4850,#4851))
REPRESENTATION_CONTEXT('','3D')
);
#4847=(
GEOMETRIC_REPRESENTATION_CONTEXT(3)
GLOBAL_UNCERTAINTY_ASSIGNED_CONTEXT((#4845))
GLOBAL_UNIT_ASSIGNED_CONTEXT((#4848,#4850,#4851))
REPRESENTATION_CONTEXT('','3D')
);
#4848=(
LENGTH_UNIT()
NAMED_UNIT(*)
SI_UNIT(.MILLI.,.METRE.)
);
#4849=(
LENGTH_UNIT()
NAMED_UNIT(*)
SI_UNIT(.CENTI.,.METRE.)
);
#4850=(
NAMED_UNIT(*)
PLANE_ANGLE_UNIT()
SI_UNIT($,.RADIAN.)
);
#4851=(
NAMED_UNIT(*)
SI_UNIT($,.STERADIAN.)
SOLID_ANGLE_UNIT()
);
#4852=SHAPE_DEFINITION_REPRESENTATION(#4853,#4854);
#4853=PRODUCT_DEFINITION_SHAPE('',$,#4856);
#4854=SHAPE_REPRESENTATION('',(#2612),#4846);
#4855=PRODUCT_DEFINITION_CONTEXT('part definition',#4860,'design');
#4856=PRODUCT_DEFINITION('RT_ELE_MC_020_ExtPowerFilterCaseBottom',
'RT_ELE_MC_020_ExtPowerFilterCaseBottom',#4857,#4855);
#4857=PRODUCT_DEFINITION_FORMATION('',$,#4862);
#4858=PRODUCT_RELATED_PRODUCT_CATEGORY(
'RT_ELE_MC_020_ExtPowerFilterCaseBottom',
'RT_ELE_MC_020_ExtPowerFilterCaseBottom',(#4862));
#4859=APPLICATION_PROTOCOL_DEFINITION('international standard',
'automotive_design',2009,#4860);
#4860=APPLICATION_CONTEXT(
'Core Data for Automotive Mechanical Design Process');
#4861=PRODUCT_CONTEXT('part definition',#4860,'mechanical');
#4862=PRODUCT('RT_ELE_MC_020_ExtPowerFilterCaseBottom',
'RT_ELE_MC_020_ExtPowerFilterCaseBottom',$,(#4861));
#4863=PRESENTATION_STYLE_ASSIGNMENT((#4864));
#4864=SURFACE_STYLE_USAGE(.BOTH.,#4867);
#4865=SURFACE_STYLE_RENDERING_WITH_PROPERTIES($,#4871,(#4866));
#4866=SURFACE_STYLE_TRANSPARENT(0.);
#4867=SURFACE_SIDE_STYLE('',(#4868,#4865));
#4868=SURFACE_STYLE_FILL_AREA(#4869);
#4869=FILL_AREA_STYLE('',(#4870));
#4870=FILL_AREA_STYLE_COLOUR('',#4871);
#4871=COLOUR_RGB('',0.749019607843137,0.749019607843137,0.749019607843137);
ENDSEC;
END-ISO-10303-21;
