ISO-10303-21;
HEADER;
/* Generated by software containing ST-Developer
 * from STEP Tools, Inc. (www.steptools.com) 
 */

FILE_DESCRIPTION(
/* description */ (''),
/* implementation_level */ '2;1');

FILE_NAME(
/* name */ 'RT_ELE_MC_021_ExtPowerFilterCaseTop.stp',
/* time_stamp */ '2026-08-13T21:08:23+02:00',
/* author */ ('louis'),
/* organization */ (''),
/* preprocessor_version */ 'ST-DEVELOPER v20',
/* originating_system */ 'Autodesk Inventor 2025',
/* authorisation */ '');

FILE_SCHEMA (('AUTOMOTIVE_DESIGN { 1 0 10303 214 3 1 1 }'));
ENDSEC;

DATA;
#10=MECHANICAL_DESIGN_GEOMETRIC_PRESENTATION_REPRESENTATION('',(#13),#12761);
#11=SHAPE_REPRESENTATION_RELATIONSHIP('SRR','None',#12768,#12);
#12=ADVANCED_BREP_SHAPE_REPRESENTATION('',(#14),#12760);
#13=STYLED_ITEM('',(#12777),#14);
#14=MANIFOLD_SOLID_BREP('Solid1',#6808);
#15=B_SPLINE_SURFACE_WITH_KNOTS('',3,3,((#11603,#11604,#11605,#11606),(#11607,
#11608,#11609,#11610),(#11611,#11612,#11613,#11614),(#11615,#11616,#11617,
#11618),(#11619,#11620,#11621,#11622),(#11623,#11624,#11625,#11626),(#11627,
#11628,#11629,#11630),(#11631,#11632,#11633,#11634),(#11635,#11636,#11637,
#11638),(#11639,#11640,#11641,#11642),(#11643,#11644,#11645,#11646),(#11647,
#11648,#11649,#11650),(#11651,#11652,#11653,#11654),(#11655,#11656,#11657,
#11658),(#11659,#11660,#11661,#11662),(#11663,#11664,#11665,#11666),(#11667,
#11668,#11669,#11670),(#11671,#11672,#11673,#11674),(#11675,#11676,#11677,
#11678),(#11679,#11680,#11681,#11682),(#11683,#11684,#11685,#11686),(#11687,
#11688,#11689,#11690),(#11691,#11692,#11693,#11694),(#11695,#11696,#11697,
#11698),(#11699,#11700,#11701,#11702),(#11703,#11704,#11705,#11706),(#11707,
#11708,#11709,#11710),(#11711,#11712,#11713,#11714),(#11715,#11716,#11717,
#11718),(#11719,#11720,#11721,#11722),(#11723,#11724,#11725,#11726),(#11727,
#11728,#11729,#11730),(#11731,#11732,#11733,#11734),(#11735,#11736,#11737,
#11738),(#11739,#11740,#11741,#11742),(#11743,#11744,#11745,#11746),(#11747,
#11748,#11749,#11750),(#11751,#11752,#11753,#11754),(#11755,#11756,#11757,
#11758),(#11759,#11760,#11761,#11762),(#11763,#11764,#11765,#11766),(#11767,
#11768,#11769,#11770),(#11771,#11772,#11773,#11774),(#11775,#11776,#11777,
#11778),(#11779,#11780,#11781,#11782),(#11783,#11784,#11785,#11786),(#11787,
#11788,#11789,#11790),(#11791,#11792,#11793,#11794)),.UNSPECIFIED.,.T.,
 .F.,.F.,(4,2,1,1,1,1,1,2,1,2,1,1,1,1,1,1,2,1,1,2,1,1,1,1,1,2,1,1,2,1,1,
1,1,1,1,1,1,1,4),(4,4),(0.,0.140354567807816,0.167765925855862,0.181471604879885,
0.195177283903908,0.208882962927931,0.222588641951954,0.25,0.320177283903908,
0.390354567807816,0.404060246831839,0.417765925855862,0.431471604879885,
0.445177283903908,0.458882962927931,0.472588641951954,0.5,0.535088641951954,
0.570177283903908,0.640354567807816,0.667765925855862,0.681471604879885,
0.695177283903908,0.708882962927931,0.722588641951954,0.75,0.820177283903908,
0.855265925855862,0.890354567807816,0.904060246831839,0.917765925855862,
0.931471604879885,0.938324444391896,0.941750864147902,0.943464074025905,
0.945177283903908,0.958882962927931,0.972588641951954,1.),(0.,0.882352949643763),
 .UNSPECIFIED.);
#16=B_SPLINE_CURVE_WITH_KNOTS('',3,(#10757,#10758,#10759,#10760,#10761,
#10762,#10763,#10764,#10765,#10766),.UNSPECIFIED.,.F.,.F.,(4,2,2,2,4),(0.346570202454586,
0.352345956072033,0.506844291839918,0.901197732563435,0.902570385655305),
 .UNSPECIFIED.);
#17=B_SPLINE_CURVE_WITH_KNOTS('',3,(#10783,#10784,#10785,#10786,#10787,
#10788,#10789,#10790,#10791,#10792),.UNSPECIFIED.,.F.,.F.,(4,2,2,2,4),(-0.00122579757914993,
0.,0.35216290253959,0.490131985712591,0.495289811052725),.UNSPECIFIED.);
#18=B_SPLINE_CURVE_WITH_KNOTS('',3,(#10803,#10804,#10805,#10806,#10807,
#10808,#10809,#10810,#10811,#10812),.UNSPECIFIED.,.F.,.F.,(4,2,2,2,4),(0.346570202454255,
0.352345956071687,0.50684429183927,0.901197732213348,0.902570385301643),
 .UNSPECIFIED.);
#19=B_SPLINE_CURVE_WITH_KNOTS('',3,(#10821,#10822,#10823,#10824,#10825,
#10826,#10827,#10828,#10829,#10830),.UNSPECIFIED.,.F.,.F.,(4,2,2,2,4),(-0.00122579757643516,
0.,0.352162898216271,0.490131978689575,0.495289803928781),.UNSPECIFIED.);
#20=B_SPLINE_CURVE_WITH_KNOTS('',3,(#10841,#10842,#10843,#10844,#10845,
#10846,#10847,#10848,#10849,#10850),.UNSPECIFIED.,.F.,.F.,(4,2,2,2,4),(0.34657020245455,
0.352345956071998,0.506844291839896,0.901197733722185,0.902570386823608),
 .UNSPECIFIED.);
#21=B_SPLINE_CURVE_WITH_KNOTS('',3,(#10859,#10860,#10861,#10862,#10863,
#10864,#10865,#10866,#10867,#10868),.UNSPECIFIED.,.F.,.F.,(4,2,2,2,4),(-0.00122579757796337,
0.,0.352162902558137,0.490131985742545,0.495289811083093),.UNSPECIFIED.);
#22=B_SPLINE_CURVE_WITH_KNOTS('',3,(#10879,#10880,#10881,#10882,#10883,
#10884,#10885,#10886,#10887,#10888),.UNSPECIFIED.,.F.,.F.,(4,2,2,2,4),(0.346570202454051,
0.352345956071476,0.506844291838864,0.901197734424269,0.90257038753195),
 .UNSPECIFIED.);
#23=B_SPLINE_CURVE_WITH_KNOTS('',3,(#10905,#10906,#10907,#10908,#10909,
#10910,#10911,#10912,#10913,#10914),.UNSPECIFIED.,.F.,.F.,(4,2,2,2,4),(-0.00122579757747796,
0.,0.352162899234582,0.490131980343797,0.495289805606781),.UNSPECIFIED.);
#24=B_SPLINE_CURVE_WITH_KNOTS('',3,(#10925,#10926,#10927,#10928,#10929,
#10930,#10931,#10932,#10933,#10934),.UNSPECIFIED.,.F.,.F.,(4,2,2,2,4),(0.346570202454209,
0.352345956071639,0.506844291839227,0.901197732583862,0.90257038567599),
 .UNSPECIFIED.);
#25=B_SPLINE_CURVE_WITH_KNOTS('',3,(#10943,#10944,#10945,#10946,#10947,
#10948,#10949,#10950,#10951,#10952),.UNSPECIFIED.,.F.,.F.,(4,2,2,2,4),(-0.00122579757749396,
0.,0.352162899229215,0.49013198033497,0.495289805597823),.UNSPECIFIED.);
#26=B_SPLINE_CURVE_WITH_KNOTS('',3,(#11064,#11065,#11066,#11067,#11068,
#11069,#11070,#11071,#11072,#11073),.UNSPECIFIED.,.F.,.F.,(4,2,2,2,4),(-0.00122579757864914,
0.,0.352162896985109,0.490131976689484,0.495289801899936),.UNSPECIFIED.);
#27=B_SPLINE_CURVE_WITH_KNOTS('',3,(#11084,#11085,#11086,#11087,#11088,
#11089,#11090,#11091,#11092,#11093),.UNSPECIFIED.,.F.,.F.,(4,2,2,2,4),(0.34657020245428,
0.352345956071699,0.506844291839239,0.901197732212671,0.902570385301203),
 .UNSPECIFIED.);
#28=B_SPLINE_CURVE_WITH_KNOTS('',3,(#11102,#11103,#11104,#11105,#11106,
#11107,#11108,#11109,#11110,#11111),.UNSPECIFIED.,.F.,.F.,(4,2,2,2,4),(-0.0012257975768155,
0.,0.35216289751919,0.490131977557267,0.495289802780195),.UNSPECIFIED.);
#29=B_SPLINE_CURVE_WITH_KNOTS('',3,(#11122,#11123,#11124,#11125,#11126,
#11127,#11128,#11129,#11130,#11131),.UNSPECIFIED.,.F.,.F.,(4,2,2,2,4),(0.346570202454348,
0.352345956071774,0.506844291839418,0.901197732448104,0.902570385538262),
 .UNSPECIFIED.);
#30=B_SPLINE_CURVE_WITH_KNOTS('',3,(#11140,#11141,#11142,#11143,#11144,
#11145,#11146,#11147,#11148,#11149),.UNSPECIFIED.,.F.,.F.,(4,2,2,2,4),(-0.00122579757914938,
0.,0.352162899251137,0.490131980370904,0.495289805634257),.UNSPECIFIED.);
#31=B_SPLINE_CURVE_WITH_KNOTS('',3,(#11160,#11161,#11162,#11163,#11164,
#11165,#11166,#11167,#11168,#11169),.UNSPECIFIED.,.F.,.F.,(4,2,2,2,4),(0.346570202454424,
0.352345956071846,0.506844291839597,0.901197730381835,0.902570383454257),
 .UNSPECIFIED.);
#32=B_SPLINE_CURVE_WITH_KNOTS('',3,(#11186,#11187,#11188,#11189,#11190,
#11191,#11192,#11193,#11194,#11195),.UNSPECIFIED.,.F.,.F.,(4,2,2,2,4),(-0.00122579757747344,
0.,0.352162899235264,0.490131980344855,0.495289805607849),.UNSPECIFIED.);
#33=B_SPLINE_CURVE_WITH_KNOTS('',3,(#11206,#11207,#11208,#11209,#11210,
#11211,#11212,#11213,#11214,#11215),.UNSPECIFIED.,.F.,.F.,(4,2,2,2,4),(0.346570202454354,
0.352345956071794,0.506844291839411,0.901197733480932,0.902570386580298),
 .UNSPECIFIED.);
#34=B_SPLINE_CURVE_WITH_KNOTS('',3,(#11222,#11223,#11224,#11225,#11226,
#11227,#11228,#11229,#11230,#11231),.UNSPECIFIED.,.F.,.F.,(4,2,2,2,4),(-0.00122579757580013,
0.,0.352162896451144,0.49013197582218,0.49528980102018),.UNSPECIFIED.);
#35=B_SPLINE_CURVE_WITH_KNOTS('',3,(#11797,#11798,#11799,#11800,#11801,
#11802,#11803,#11804,#11805,#11806,#11807,#11808,#11809,#11810,#11811,#11812,
#11813,#11814,#11815,#11816,#11817,#11818,#11819,#11820,#11821,#11822,#11823,
#11824,#11825,#11826,#11827,#11828,#11829,#11830,#11831,#11832,#11833,#11834,
#11835,#11836,#11837,#11838,#11839,#11840,#11841,#11842,#11843,#11844,#11845,
#11846,#11847,#11848,#11849,#11850,#11851,#11852,#11853,#11854,#11855,#11856,
#11857,#11858,#11859,#11860,#11861,#11862,#11863,#11864,#11865,#11866,#11867,
#11868,#11869,#11870,#11871,#11872,#11873,#11874,#11875,#11876,#11877,#11878,
#11879,#11880,#11881,#11882,#11883,#11884,#11885,#11886,#11887,#11888,#11889,
#11890),.UNSPECIFIED.,.F.,.F.,(4,3,3,3,3,3,3,3,3,3,3,3,3,3,3,3,3,3,3,3,
3,3,3,3,3,3,3,3,3,3,3,4),(3.2331299410851,4.43243025826333,5.87282868488753,
6.15413963629241,6.4354505876973,6.71676153910218,6.99807249050707,7.27938344191196,
7.56069439331684,8.12331629612661,8.84351550943871,9.56371472275081,11.004113149375,
11.5667350521848,11.8480460035897,12.1293569549945,12.4106679063994,12.6919788578043,
13.2546007606141,14.6949991872383,15.4151984005504,16.1353976138625,16.4167085652674,
16.6980195166722,16.9793304680771,17.1199859437796,17.1903136816308,17.2254775505564,
17.260641419482,17.5419523708869,17.8232633222918,18.3858852251017),
 .UNSPECIFIED.);
#36=B_SPLINE_CURVE_WITH_KNOTS('',3,(#11892,#11893,#11894,#11895,#11896,
#11897,#11898,#11899,#11900,#11901,#11902,#11903,#11904,#11905,#11906,#11907,
#11908,#11909,#11910,#11911,#11912,#11913,#11914,#11915,#11916,#11917,#11918,
#11919,#11920,#11921,#11922,#11923,#11924,#11925,#11926,#11927,#11928,#11929,
#11930,#11931,#11932,#11933,#11934,#11935,#11936,#11937,#11938,#11939,#11940,
#11941,#11942,#11943,#11944,#11945,#11946,#11947,#11948,#11949,#11950,#11951,
#11952,#11953,#11954,#11955,#11956,#11957,#11958,#11959,#11960,#11961,#11962,
#11963,#11964,#11965,#11966,#11967,#11968,#11969,#11970,#11971,#11972,#11973,
#11974,#11975,#11976,#11977,#11978,#11979,#11980,#11981,#11982,#11983,#11984,
#11985),.UNSPECIFIED.,.F.,.F.,(4,3,3,3,3,3,3,3,3,3,3,3,3,3,3,3,3,3,3,3,
3,3,3,3,3,3,3,3,3,3,3,4),(0.848253126375071,0.852588876444027,0.907072180515582,
0.912913388402178,0.968294959719644,0.987470257361122,1.04058802628191,
1.08716694643777,1.14337869185284,1.18361004813732,1.22741473292171,1.27068906772318,
1.31396340252464,1.34866275182444,1.3825495492556,1.40773462893719,1.44509813647238,
1.48161695880009,1.51676156376031,1.55112097070692,1.58426469453312,1.60783825281793,
1.62792881047152,1.64808898723853,1.66804321234227,1.68773225073454,1.70685646717285,
1.71467140346422,1.73887171226925,1.82312975014924,1.91437810037439,1.93396126777423),
 .UNSPECIFIED.);
#37=B_SPLINE_CURVE_WITH_KNOTS('',3,(#11987,#11988,#11989,#11990,#11991,
#11992,#11993,#11994,#11995,#11996,#11997,#11998,#11999,#12000,#12001,#12002),
 .UNSPECIFIED.,.F.,.F.,(4,3,3,3,3,4),(1.91024068772953,2.13457712362629,
2.30919003202507,2.48380294042385,2.65841584882264,2.72685905681558),
 .UNSPECIFIED.);
#38=B_SPLINE_CURVE_WITH_KNOTS('',3,(#12004,#12005,#12006,#12007,#12008,
#12009,#12010,#12011,#12012,#12013,#12014,#12015,#12016,#12017,#12018,#12019,
#12020,#12021,#12022,#12023,#12024,#12025,#12026,#12027,#12028,#12029,#12030,
#12031,#12032,#12033,#12034,#12035,#12036,#12037,#12038,#12039,#12040,#12041,
#12042,#12043,#12044,#12045,#12046,#12047,#12048,#12049,#12050,#12051,#12052,
#12053,#12054,#12055,#12056,#12057,#12058,#12059,#12060,#12061,#12062,#12063,
#12064,#12065,#12066,#12067,#12068,#12069,#12070,#12071,#12072,#12073,#12074,
#12075,#12076,#12077,#12078,#12079),.UNSPECIFIED.,.F.,.F.,(4,3,3,3,3,3,
3,3,3,3,3,3,3,3,3,3,3,3,3,3,3,3,3,3,3,4),(0.779888317010184,0.821513888795326,
0.877317751178073,0.94103192586743,0.970005593396707,1.02565584389791,1.07888357648248,
1.13101869122645,1.18234158777088,1.20476961958945,1.2541898143688,1.30361000914815,
1.37470429365835,1.42908387731461,1.47993200630041,1.48346346097088,1.53372886527972,
1.58355208655872,1.59868391545956,1.6222472718632,1.64646005472439,1.67172026039731,
1.69762345517537,1.72452537041605,1.73504751594392,1.76551018236375),
 .UNSPECIFIED.);
#39=B_SPLINE_CURVE_WITH_KNOTS('',3,(#12080,#12081,#12082,#12083),
 .UNSPECIFIED.,.F.,.F.,(4,4),(0.892138027626861,1.39519491532244),
 .UNSPECIFIED.);
#40=B_SPLINE_CURVE_WITH_KNOTS('',3,(#12086,#12087,#12088,#12089,#12090,
#12091,#12092,#12093,#12094,#12095,#12096,#12097,#12098,#12099,#12100,#12101,
#12102,#12103,#12104,#12105,#12106,#12107,#12108,#12109,#12110,#12111,#12112,
#12113,#12114,#12115,#12116,#12117,#12118,#12119,#12120,#12121,#12122,#12123,
#12124,#12125,#12126,#12127,#12128,#12129,#12130,#12131,#12132,#12133),
 .UNSPECIFIED.,.T.,.F.,(4,2,1,1,1,1,1,2,1,2,1,1,1,1,1,1,2,1,1,2,1,1,1,1,
1,2,1,1,2,1,1,1,1,1,1,1,1,1,4),(0.,0.140354567807816,0.167765925855862,
0.181471604879885,0.195177283903908,0.208882962927931,0.222588641951954,
0.25,0.320177283903908,0.390354567807816,0.404060246831839,0.417765925855862,
0.431471604879885,0.445177283903908,0.458882962927931,0.472588641951954,
0.5,0.535088641951954,0.570177283903908,0.640354567807816,0.667765925855862,
0.681471604879885,0.695177283903908,0.708882962927931,0.722588641951954,
0.75,0.820177283903908,0.855265925855862,0.890354567807816,0.904060246831839,
0.917765925855862,0.931471604879885,0.938324444391896,0.941750864147902,
0.943464074025905,0.945177283903908,0.958882962927931,0.972588641951954,
1.),.UNSPECIFIED.);
#41=B_SPLINE_CURVE_WITH_KNOTS('',3,(#12138,#12139,#12140,#12141,#12142,
#12143,#12144,#12145,#12146,#12147),.UNSPECIFIED.,.F.,.F.,(4,2,2,2,4),(4.74985481316977,
4.78227101473271,4.91069568279021,4.99657543117549,5.08245517956077),
 .UNSPECIFIED.);
#42=B_SPLINE_CURVE_WITH_KNOTS('',3,(#12151,#12152,#12153,#12154,#12155,
#12156,#12157,#12158,#12159,#12160),.UNSPECIFIED.,.F.,.F.,(4,2,2,2,4),(0.34657020245423,
0.35234595607167,0.506844291839232,0.901197732580431,0.902570385671925),
 .UNSPECIFIED.);
#43=B_SPLINE_CURVE_WITH_KNOTS('',3,(#12162,#12163,#12164,#12165,#12166,
#12167,#12168,#12169,#12170,#12171),.UNSPECIFIED.,.F.,.F.,(4,2,2,2,4),(2.55420952247764,
2.64008927086292,2.7259690192482,2.8543936873057,2.88680988886863),
 .UNSPECIFIED.);
#44=B_SPLINE_CURVE_WITH_KNOTS('',3,(#12463,#12464,#12465,#12466,#12467,
#12468,#12469,#12470,#12471,#12472),.UNSPECIFIED.,.F.,.F.,(4,2,2,2,4),(2.55420952247763,
2.64008927086291,2.72596901924819,2.85439368730569,2.88680988886863),
 .UNSPECIFIED.);
#45=B_SPLINE_CURVE_WITH_KNOTS('',3,(#12482,#12483,#12484,#12485,#12486,
#12487,#12488,#12489,#12490,#12491),.UNSPECIFIED.,.F.,.F.,(4,2,2,2,4),(4.75239444727268,
4.78481064883563,4.91323531689312,4.99911506527839,5.08499481366367),
 .UNSPECIFIED.);
#46=B_SPLINE_CURVE_WITH_KNOTS('',3,(#12492,#12493,#12494,#12495,#12496,
#12497,#12498,#12499,#12500,#12501),.UNSPECIFIED.,.F.,.F.,(4,2,2,2,4),(2.55674915658068,
2.64262890496595,2.72850865335123,2.85693332140871,2.88934952297166),
 .UNSPECIFIED.);
#47=B_SPLINE_CURVE_WITH_KNOTS('',3,(#12503,#12504,#12505,#12506,#12507,
#12508,#12509,#12510,#12511,#12512),.UNSPECIFIED.,.F.,.F.,(4,2,2,2,4),(4.75239444727274,
4.78481064883569,4.91323531689318,4.99911506527845,5.08499481366373),
 .UNSPECIFIED.);
#48=B_SPLINE_CURVE_WITH_KNOTS('',3,(#12514,#12515,#12516,#12517,#12518,
#12519,#12520,#12521,#12522,#12523),.UNSPECIFIED.,.F.,.F.,(4,2,2,2,4),(2.55674915658069,
2.64262890496597,2.72850865335125,2.85693332140874,2.88934952297168),
 .UNSPECIFIED.);
#49=B_SPLINE_CURVE_WITH_KNOTS('',3,(#12525,#12526,#12527,#12528,#12529,
#12530,#12531,#12532,#12533,#12534),.UNSPECIFIED.,.F.,.F.,(4,2,2,2,4),(4.75239444727269,
4.78481064883563,4.91323531689312,4.99911506527839,5.08499481366367),
 .UNSPECIFIED.);
#50=B_SPLINE_CURVE_WITH_KNOTS('',3,(#12536,#12537,#12538,#12539,#12540,
#12541,#12542,#12543,#12544,#12545),.UNSPECIFIED.,.F.,.F.,(4,2,2,2,4),(2.55420952247762,
2.6400892708629,2.72596901924818,2.85439368730567,2.88680988886861),
 .UNSPECIFIED.);
#51=B_SPLINE_CURVE_WITH_KNOTS('',3,(#12546,#12547,#12548,#12549,#12550,
#12551,#12552,#12553,#12554,#12555),.UNSPECIFIED.,.F.,.F.,(4,2,2,2,4),(4.7523944472728,
4.78481064883574,4.91323531689324,4.99911506527852,5.0849948136638),
 .UNSPECIFIED.);
#52=B_SPLINE_CURVE_WITH_KNOTS('',3,(#12557,#12558,#12559,#12560,#12561,
#12562,#12563,#12564,#12565,#12566),.UNSPECIFIED.,.F.,.F.,(4,2,2,2,4),(2.55420952247763,
2.64008927086291,2.72596901924819,2.85439368730568,2.88680988886862),
 .UNSPECIFIED.);
#53=B_SPLINE_CURVE_WITH_KNOTS('',3,(#12570,#12571,#12572,#12573,#12574,
#12575,#12576,#12577,#12578,#12579),.UNSPECIFIED.,.F.,.F.,(4,2,2,2,4),(2.55420952247762,
2.6400892708629,2.72596901924818,2.85439368730567,2.88680988886861),
 .UNSPECIFIED.);
#54=B_SPLINE_CURVE_WITH_KNOTS('',3,(#12580,#12581,#12582,#12583,#12584,
#12585,#12586,#12587,#12588,#12589),.UNSPECIFIED.,.F.,.F.,(4,2,2,2,4),(4.74985481316971,
4.78227101473265,4.91069568279015,4.99657543117543,5.08245517956071),
 .UNSPECIFIED.);
#55=B_SPLINE_CURVE_WITH_KNOTS('',3,(#12591,#12592,#12593,#12594,#12595,
#12596,#12597,#12598,#12599,#12600),.UNSPECIFIED.,.F.,.F.,(4,2,2,2,4),(2.55420952247762,
2.6400892708629,2.72596901924818,2.85439368730567,2.88680988886861),
 .UNSPECIFIED.);
#56=B_SPLINE_CURVE_WITH_KNOTS('',3,(#12602,#12603,#12604,#12605,#12606,
#12607,#12608,#12609,#12610,#12611),.UNSPECIFIED.,.F.,.F.,(4,2,2,2,4),(4.74985481316974,
4.78227101473268,4.91069568279018,4.99657543117546,5.08245517956074),
 .UNSPECIFIED.);
#57=B_SPLINE_CURVE_WITH_KNOTS('',3,(#12613,#12614,#12615,#12616,#12617,
#12618,#12619,#12620,#12621,#12622),.UNSPECIFIED.,.F.,.F.,(4,2,2,2,4),(2.55420952247762,
2.6400892708629,2.72596901924818,2.85439368730567,2.88680988886861),
 .UNSPECIFIED.);
#58=B_SPLINE_CURVE_WITH_KNOTS('',3,(#12623,#12624,#12625,#12626,#12627,
#12628,#12629,#12630,#12631,#12632),.UNSPECIFIED.,.F.,.F.,(4,2,2,2,4),(4.74985481316971,
4.78227101473265,4.91069568279015,4.99657543117542,5.0824551795607),
 .UNSPECIFIED.);
#59=B_SPLINE_CURVE_WITH_KNOTS('',3,(#12636,#12637,#12638,#12639,#12640,
#12641,#12642,#12643,#12644,#12645),.UNSPECIFIED.,.F.,.F.,(4,2,2,2,4),(4.75239444727281,
4.78481064883575,4.91323531689324,4.99911506527852,5.0849948136638),
 .UNSPECIFIED.);
#60=B_SPLINE_CURVE_WITH_KNOTS('',3,(#12647,#12648,#12649,#12650,#12651,
#12652,#12653,#12654,#12655,#12656),.UNSPECIFIED.,.F.,.F.,(4,2,2,2,4),(4.75239444727283,
4.78481064883577,4.91323531689326,4.99911506527854,5.08499481366383),
 .UNSPECIFIED.);
#61=B_SPLINE_CURVE_WITH_KNOTS('',3,(#12658,#12659,#12660,#12661,#12662,
#12663,#12664,#12665,#12666,#12667),.UNSPECIFIED.,.F.,.F.,(4,2,2,2,4),(2.55674915658068,
2.64262890496595,2.72850865335123,2.85693332140872,2.88934952297167),
 .UNSPECIFIED.);
#62=ELLIPSE('',#7231,7.07106781186552,5.);
#63=ELLIPSE('',#7237,7.07106781186547,5.);
#64=ELLIPSE('',#7241,7.07106781186547,5.);
#65=ELLIPSE('',#7244,7.07106781186547,5.);
#66=ELLIPSE('',#7248,7.07106781186547,5.);
#67=ELLIPSE('',#7251,7.07106781186547,5.);
#68=ELLIPSE('',#7255,7.07106781186547,5.);
#69=ELLIPSE('',#7261,7.07106781186549,5.);
#70=ELLIPSE('',#7265,7.07106781186549,5.);
#71=ELLIPSE('',#7268,7.07106781186549,5.);
#72=ELLIPSE('',#7321,7.07106781186547,5.);
#73=ELLIPSE('',#7325,7.07106781186547,5.);
#74=ELLIPSE('',#7328,7.07106781186547,5.);
#75=ELLIPSE('',#7332,7.07106781186547,5.);
#76=ELLIPSE('',#7335,7.07106781186547,5.);
#77=ELLIPSE('',#7339,7.07106781186547,5.);
#78=ELLIPSE('',#7345,7.07106781186549,5.);
#79=ELLIPSE('',#7349,7.07106781186546,5.);
#80=ELLIPSE('',#7352,7.07106781186546,5.);
#81=ELLIPSE('',#7642,7.07106781186549,5.);
#82=TOROIDAL_SURFACE('',#7064,3.,2.);
#83=TOROIDAL_SURFACE('',#7069,8.,2.);
#84=TOROIDAL_SURFACE('',#7073,3.,2.);
#85=TOROIDAL_SURFACE('',#7079,3.,2.);
#86=TOROIDAL_SURFACE('',#7085,3.,2.);
#87=TOROIDAL_SURFACE('',#7089,8.,2.);
#88=TOROIDAL_SURFACE('',#7093,3.,2.);
#89=TOROIDAL_SURFACE('',#7099,3.,2.);
#90=TOROIDAL_SURFACE('',#7103,8.,2.);
#91=TOROIDAL_SURFACE('',#7107,3.,2.);
#92=TOROIDAL_SURFACE('',#7113,3.,2.);
#93=TOROIDAL_SURFACE('',#7117,8.,2.);
#94=TOROIDAL_SURFACE('',#7121,3.,2.);
#95=TOROIDAL_SURFACE('',#7127,3.,2.);
#96=TOROIDAL_SURFACE('',#7133,3.,2.);
#97=TOROIDAL_SURFACE('',#7137,8.,2.);
#98=TOROIDAL_SURFACE('',#7141,3.,2.);
#99=TOROIDAL_SURFACE('',#7147,3.,2.);
#100=TOROIDAL_SURFACE('',#7151,8.,2.);
#101=TOROIDAL_SURFACE('',#7155,3.,2.);
#102=TOROIDAL_SURFACE('',#7161,3.,2.);
#103=TOROIDAL_SURFACE('',#7167,3.,2.);
#104=TOROIDAL_SURFACE('',#7171,8.,2.);
#105=TOROIDAL_SURFACE('',#7175,3.,2.);
#106=TOROIDAL_SURFACE('',#7181,3.,2.);
#107=TOROIDAL_SURFACE('',#7185,8.,2.);
#108=TOROIDAL_SURFACE('',#7189,3.,2.);
#109=TOROIDAL_SURFACE('',#7195,3.,2.);
#110=TOROIDAL_SURFACE('',#7199,8.,2.);
#111=TOROIDAL_SURFACE('',#7203,3.,2.);
#112=TOROIDAL_SURFACE('',#7209,3.,2.);
#113=TOROIDAL_SURFACE('',#7215,3.,2.);
#114=TOROIDAL_SURFACE('',#7219,8.,2.);
#115=TOROIDAL_SURFACE('',#7223,3.,2.);
#116=TOROIDAL_SURFACE('',#7507,11.,5.);
#117=TOROIDAL_SURFACE('',#7624,11.,5.);
#118=TOROIDAL_SURFACE('',#7626,11.,5.);
#119=TOROIDAL_SURFACE('',#7628,11.,5.);
#120=TOROIDAL_SURFACE('',#7631,11.,5.);
#121=TOROIDAL_SURFACE('',#7633,11.,5.);
#122=TOROIDAL_SURFACE('',#7634,11.,5.);
#123=TOROIDAL_SURFACE('',#7636,11.,5.);
#124=TOROIDAL_SURFACE('',#7637,11.,5.);
#125=TOROIDAL_SURFACE('',#7638,11.,5.);
#126=FACE_BOUND('',#952,.T.);
#127=FACE_BOUND('',#1120,.T.);
#128=FACE_BOUND('',#1124,.T.);
#129=FACE_BOUND('',#1128,.T.);
#130=FACE_BOUND('',#1132,.T.);
#131=FACE_BOUND('',#1136,.T.);
#132=FACE_BOUND('',#1140,.T.);
#133=FACE_BOUND('',#1144,.T.);
#134=FACE_BOUND('',#1148,.T.);
#135=FACE_BOUND('',#1152,.T.);
#136=FACE_BOUND('',#1156,.T.);
#137=FACE_BOUND('',#1171,.T.);
#138=FACE_BOUND('',#1172,.T.);
#139=FACE_BOUND('',#1173,.T.);
#140=FACE_BOUND('',#1174,.T.);
#141=FACE_BOUND('',#1175,.T.);
#142=FACE_BOUND('',#1176,.T.);
#143=FACE_BOUND('',#1177,.T.);
#144=FACE_BOUND('',#1178,.T.);
#145=FACE_BOUND('',#1179,.T.);
#146=FACE_BOUND('',#1180,.T.);
#147=FACE_BOUND('',#1181,.T.);
#148=FACE_BOUND('',#1182,.T.);
#149=FACE_BOUND('',#1183,.T.);
#150=FACE_BOUND('',#1184,.T.);
#151=FACE_BOUND('',#1197,.T.);
#152=FACE_BOUND('',#1209,.T.);
#153=FACE_BOUND('',#1212,.T.);
#154=FACE_BOUND('',#1213,.T.);
#155=FACE_BOUND('',#1214,.T.);
#156=FACE_BOUND('',#1215,.T.);
#157=FACE_BOUND('',#1216,.T.);
#158=FACE_BOUND('',#1248,.T.);
#159=FACE_BOUND('',#1249,.T.);
#160=FACE_BOUND('',#1250,.T.);
#161=FACE_BOUND('',#1260,.T.);
#162=FACE_BOUND('',#1263,.T.);
#163=FACE_BOUND('',#1320,.T.);
#164=FACE_BOUND('',#1321,.T.);
#165=FACE_BOUND('',#1322,.T.);
#166=FACE_BOUND('',#1323,.T.);
#167=FACE_BOUND('',#1324,.T.);
#168=FACE_BOUND('',#1325,.T.);
#169=FACE_BOUND('',#1326,.T.);
#170=FACE_BOUND('',#1327,.T.);
#171=FACE_BOUND('',#1328,.T.);
#172=FACE_BOUND('',#1329,.T.);
#173=FACE_BOUND('',#1330,.T.);
#174=CYLINDRICAL_SURFACE('',#6948,4.8);
#175=CYLINDRICAL_SURFACE('',#6950,6.2);
#176=CYLINDRICAL_SURFACE('',#6952,4.8);
#177=CYLINDRICAL_SURFACE('',#6955,4.8);
#178=CYLINDRICAL_SURFACE('',#6958,4.8);
#179=CYLINDRICAL_SURFACE('',#6960,6.2);
#180=CYLINDRICAL_SURFACE('',#6962,4.8);
#181=CYLINDRICAL_SURFACE('',#6965,4.8);
#182=CYLINDRICAL_SURFACE('',#6967,6.2);
#183=CYLINDRICAL_SURFACE('',#6969,4.8);
#184=CYLINDRICAL_SURFACE('',#6972,4.8);
#185=CYLINDRICAL_SURFACE('',#6975,4.8);
#186=CYLINDRICAL_SURFACE('',#6977,6.2);
#187=CYLINDRICAL_SURFACE('',#6979,4.8);
#188=CYLINDRICAL_SURFACE('',#6982,4.8);
#189=CYLINDRICAL_SURFACE('',#6984,6.2);
#190=CYLINDRICAL_SURFACE('',#6986,4.8);
#191=CYLINDRICAL_SURFACE('',#7024,4.8);
#192=CYLINDRICAL_SURFACE('',#7026,6.2);
#193=CYLINDRICAL_SURFACE('',#7028,4.8);
#194=CYLINDRICAL_SURFACE('',#7031,4.8);
#195=CYLINDRICAL_SURFACE('',#7034,4.8);
#196=CYLINDRICAL_SURFACE('',#7036,6.2);
#197=CYLINDRICAL_SURFACE('',#7038,4.8);
#198=CYLINDRICAL_SURFACE('',#7041,4.8);
#199=CYLINDRICAL_SURFACE('',#7043,6.2);
#200=CYLINDRICAL_SURFACE('',#7045,4.8);
#201=CYLINDRICAL_SURFACE('',#7048,4.8);
#202=CYLINDRICAL_SURFACE('',#7051,4.8);
#203=CYLINDRICAL_SURFACE('',#7053,6.2);
#204=CYLINDRICAL_SURFACE('',#7055,4.8);
#205=CYLINDRICAL_SURFACE('',#7058,4.8);
#206=CYLINDRICAL_SURFACE('',#7060,6.2);
#207=CYLINDRICAL_SURFACE('',#7062,4.8);
#208=CYLINDRICAL_SURFACE('',#7077,2.);
#209=CYLINDRICAL_SURFACE('',#7083,2.);
#210=CYLINDRICAL_SURFACE('',#7097,2.);
#211=CYLINDRICAL_SURFACE('',#7111,2.);
#212=CYLINDRICAL_SURFACE('',#7125,2.);
#213=CYLINDRICAL_SURFACE('',#7131,2.);
#214=CYLINDRICAL_SURFACE('',#7145,2.);
#215=CYLINDRICAL_SURFACE('',#7159,2.);
#216=CYLINDRICAL_SURFACE('',#7165,2.);
#217=CYLINDRICAL_SURFACE('',#7179,2.);
#218=CYLINDRICAL_SURFACE('',#7193,2.);
#219=CYLINDRICAL_SURFACE('',#7207,2.);
#220=CYLINDRICAL_SURFACE('',#7213,2.);
#221=CYLINDRICAL_SURFACE('',#7227,2.);
#222=CYLINDRICAL_SURFACE('',#7228,6.);
#223=CYLINDRICAL_SURFACE('',#7230,5.);
#224=CYLINDRICAL_SURFACE('',#7233,5.);
#225=CYLINDRICAL_SURFACE('',#7236,5.);
#226=CYLINDRICAL_SURFACE('',#7238,6.);
#227=CYLINDRICAL_SURFACE('',#7240,5.);
#228=CYLINDRICAL_SURFACE('',#7243,5.);
#229=CYLINDRICAL_SURFACE('',#7245,6.);
#230=CYLINDRICAL_SURFACE('',#7247,5.);
#231=CYLINDRICAL_SURFACE('',#7250,5.);
#232=CYLINDRICAL_SURFACE('',#7252,6.);
#233=CYLINDRICAL_SURFACE('',#7254,5.);
#234=CYLINDRICAL_SURFACE('',#7257,5.);
#235=CYLINDRICAL_SURFACE('',#7260,5.);
#236=CYLINDRICAL_SURFACE('',#7262,6.);
#237=CYLINDRICAL_SURFACE('',#7264,5.);
#238=CYLINDRICAL_SURFACE('',#7267,5.);
#239=CYLINDRICAL_SURFACE('',#7270,2.99999999999999);
#240=CYLINDRICAL_SURFACE('',#7271,8.00000000000001);
#241=CYLINDRICAL_SURFACE('',#7272,3.);
#242=CYLINDRICAL_SURFACE('',#7274,2.99999999999999);
#243=CYLINDRICAL_SURFACE('',#7275,8.00000000000001);
#244=CYLINDRICAL_SURFACE('',#7276,3.);
#245=CYLINDRICAL_SURFACE('',#7278,2.99999999999999);
#246=CYLINDRICAL_SURFACE('',#7280,2.99999999999999);
#247=CYLINDRICAL_SURFACE('',#7281,8.00000000000001);
#248=CYLINDRICAL_SURFACE('',#7282,2.99999999999999);
#249=CYLINDRICAL_SURFACE('',#7284,2.99999999999999);
#250=CYLINDRICAL_SURFACE('',#7285,8.00000000000001);
#251=CYLINDRICAL_SURFACE('',#7286,2.99999999999999);
#252=CYLINDRICAL_SURFACE('',#7288,2.99999999999999);
#253=CYLINDRICAL_SURFACE('',#7290,2.99999999999999);
#254=CYLINDRICAL_SURFACE('',#7291,8.00000000000001);
#255=CYLINDRICAL_SURFACE('',#7292,2.99999999999999);
#256=CYLINDRICAL_SURFACE('',#7294,2.99999999999999);
#257=CYLINDRICAL_SURFACE('',#7295,8.00000000000001);
#258=CYLINDRICAL_SURFACE('',#7296,2.99999999999999);
#259=CYLINDRICAL_SURFACE('',#7298,2.99999999999999);
#260=CYLINDRICAL_SURFACE('',#7299,8.00000000000001);
#261=CYLINDRICAL_SURFACE('',#7300,2.99999999999999);
#262=CYLINDRICAL_SURFACE('',#7302,2.99999999999999);
#263=CYLINDRICAL_SURFACE('',#7304,2.99999999999999);
#264=CYLINDRICAL_SURFACE('',#7305,8.00000000000001);
#265=CYLINDRICAL_SURFACE('',#7306,3.);
#266=CYLINDRICAL_SURFACE('',#7308,2.99999999999999);
#267=CYLINDRICAL_SURFACE('',#7309,8.);
#268=CYLINDRICAL_SURFACE('',#7310,3.);
#269=CYLINDRICAL_SURFACE('',#7312,2.99999999999999);
#270=CYLINDRICAL_SURFACE('',#7314,2.99999999999999);
#271=CYLINDRICAL_SURFACE('',#7315,8.00000000000001);
#272=CYLINDRICAL_SURFACE('',#7316,3.);
#273=CYLINDRICAL_SURFACE('',#7317,5.);
#274=CYLINDRICAL_SURFACE('',#7320,5.);
#275=CYLINDRICAL_SURFACE('',#7322,6.);
#276=CYLINDRICAL_SURFACE('',#7324,5.);
#277=CYLINDRICAL_SURFACE('',#7327,5.);
#278=CYLINDRICAL_SURFACE('',#7329,6.);
#279=CYLINDRICAL_SURFACE('',#7331,5.);
#280=CYLINDRICAL_SURFACE('',#7334,5.);
#281=CYLINDRICAL_SURFACE('',#7336,6.);
#282=CYLINDRICAL_SURFACE('',#7338,5.);
#283=CYLINDRICAL_SURFACE('',#7341,5.);
#284=CYLINDRICAL_SURFACE('',#7344,5.);
#285=CYLINDRICAL_SURFACE('',#7346,6.);
#286=CYLINDRICAL_SURFACE('',#7348,5.);
#287=CYLINDRICAL_SURFACE('',#7351,5.);
#288=CYLINDRICAL_SURFACE('',#7359,4.);
#289=CYLINDRICAL_SURFACE('',#7367,4.);
#290=CYLINDRICAL_SURFACE('',#7375,4.);
#291=CYLINDRICAL_SURFACE('',#7383,4.);
#292=CYLINDRICAL_SURFACE('',#7391,4.);
#293=CYLINDRICAL_SURFACE('',#7399,4.);
#294=CYLINDRICAL_SURFACE('',#7407,4.);
#295=CYLINDRICAL_SURFACE('',#7415,4.);
#296=CYLINDRICAL_SURFACE('',#7423,4.);
#297=CYLINDRICAL_SURFACE('',#7431,4.);
#298=CYLINDRICAL_SURFACE('',#7493,2.);
#299=CYLINDRICAL_SURFACE('',#7496,2.);
#300=CYLINDRICAL_SURFACE('',#7499,2.00000000000001);
#301=CYLINDRICAL_SURFACE('',#7502,2.);
#302=CYLINDRICAL_SURFACE('',#7535,1.);
#303=CYLINDRICAL_SURFACE('',#7538,1.);
#304=CYLINDRICAL_SURFACE('',#7541,1.);
#305=CYLINDRICAL_SURFACE('',#7544,1.);
#306=CYLINDRICAL_SURFACE('',#7547,1.);
#307=CYLINDRICAL_SURFACE('',#7550,1.);
#308=CYLINDRICAL_SURFACE('',#7553,1.);
#309=CYLINDRICAL_SURFACE('',#7556,1.);
#310=CYLINDRICAL_SURFACE('',#7559,1.65);
#311=CYLINDRICAL_SURFACE('',#7561,1.65);
#312=CYLINDRICAL_SURFACE('',#7563,3.);
#313=CYLINDRICAL_SURFACE('',#7566,3.);
#314=CYLINDRICAL_SURFACE('',#7569,5.60000000000001);
#315=CYLINDRICAL_SURFACE('',#7572,3.);
#316=CYLINDRICAL_SURFACE('',#7575,3.);
#317=CYLINDRICAL_SURFACE('',#7578,5.60000000000001);
#318=CYLINDRICAL_SURFACE('',#7583,5.);
#319=CYLINDRICAL_SURFACE('',#7586,5.);
#320=CYLINDRICAL_SURFACE('',#7589,5.);
#321=CYLINDRICAL_SURFACE('',#7592,5.);
#322=CYLINDRICAL_SURFACE('',#7595,15.1);
#323=CYLINDRICAL_SURFACE('',#7599,11.);
#324=CYLINDRICAL_SURFACE('',#7600,2.25);
#325=CYLINDRICAL_SURFACE('',#7602,2.25);
#326=CYLINDRICAL_SURFACE('',#7604,2.25);
#327=CYLINDRICAL_SURFACE('',#7606,2.25);
#328=CYLINDRICAL_SURFACE('',#7608,2.25);
#329=CYLINDRICAL_SURFACE('',#7610,2.25);
#330=CYLINDRICAL_SURFACE('',#7612,2.25);
#331=CYLINDRICAL_SURFACE('',#7614,2.25);
#332=CYLINDRICAL_SURFACE('',#7616,2.25);
#333=CYLINDRICAL_SURFACE('',#7618,2.25);
#334=CYLINDRICAL_SURFACE('',#7640,6.);
#335=CYLINDRICAL_SURFACE('',#7641,5.);
#336=CYLINDRICAL_SURFACE('',#7656,12.5);
#337=CYLINDRICAL_SURFACE('',#7659,12.5);
#338=CYLINDRICAL_SURFACE('',#7672,12.5);
#339=CYLINDRICAL_SURFACE('',#7677,12.5);
#340=PLANE('',#6840);
#341=PLANE('',#6850);
#342=PLANE('',#6854);
#343=PLANE('',#6864);
#344=PLANE('',#6874);
#345=PLANE('',#6878);
#346=PLANE('',#6888);
#347=PLANE('',#6898);
#348=PLANE('',#6908);
#349=PLANE('',#6912);
#350=PLANE('',#6922);
#351=PLANE('',#6932);
#352=PLANE('',#6936);
#353=PLANE('',#6946);
#354=PLANE('',#6947);
#355=PLANE('',#6954);
#356=PLANE('',#6957);
#357=PLANE('',#6964);
#358=PLANE('',#6971);
#359=PLANE('',#6974);
#360=PLANE('',#6981);
#361=PLANE('',#6988);
#362=PLANE('',#7023);
#363=PLANE('',#7030);
#364=PLANE('',#7033);
#365=PLANE('',#7040);
#366=PLANE('',#7047);
#367=PLANE('',#7050);
#368=PLANE('',#7057);
#369=PLANE('',#7232);
#370=PLANE('',#7235);
#371=PLANE('',#7242);
#372=PLANE('',#7249);
#373=PLANE('',#7256);
#374=PLANE('',#7259);
#375=PLANE('',#7266);
#376=PLANE('',#7269);
#377=PLANE('',#7273);
#378=PLANE('',#7277);
#379=PLANE('',#7279);
#380=PLANE('',#7283);
#381=PLANE('',#7287);
#382=PLANE('',#7289);
#383=PLANE('',#7293);
#384=PLANE('',#7297);
#385=PLANE('',#7301);
#386=PLANE('',#7303);
#387=PLANE('',#7307);
#388=PLANE('',#7311);
#389=PLANE('',#7313);
#390=PLANE('',#7319);
#391=PLANE('',#7326);
#392=PLANE('',#7333);
#393=PLANE('',#7340);
#394=PLANE('',#7343);
#395=PLANE('',#7350);
#396=PLANE('',#7357);
#397=PLANE('',#7365);
#398=PLANE('',#7373);
#399=PLANE('',#7381);
#400=PLANE('',#7389);
#401=PLANE('',#7397);
#402=PLANE('',#7405);
#403=PLANE('',#7413);
#404=PLANE('',#7421);
#405=PLANE('',#7429);
#406=PLANE('',#7436);
#407=PLANE('',#7440);
#408=PLANE('',#7444);
#409=PLANE('',#7448);
#410=PLANE('',#7449);
#411=PLANE('',#7452);
#412=PLANE('',#7455);
#413=PLANE('',#7473);
#414=PLANE('',#7476);
#415=PLANE('',#7480);
#416=PLANE('',#7484);
#417=PLANE('',#7485);
#418=PLANE('',#7487);
#419=PLANE('',#7488);
#420=PLANE('',#7495);
#421=PLANE('',#7498);
#422=PLANE('',#7501);
#423=PLANE('',#7504);
#424=PLANE('',#7506);
#425=PLANE('',#7511);
#426=PLANE('',#7537);
#427=PLANE('',#7540);
#428=PLANE('',#7543);
#429=PLANE('',#7546);
#430=PLANE('',#7549);
#431=PLANE('',#7552);
#432=PLANE('',#7555);
#433=PLANE('',#7558);
#434=PLANE('',#7565);
#435=PLANE('',#7568);
#436=PLANE('',#7571);
#437=PLANE('',#7574);
#438=PLANE('',#7577);
#439=PLANE('',#7580);
#440=PLANE('',#7581);
#441=PLANE('',#7582);
#442=PLANE('',#7585);
#443=PLANE('',#7588);
#444=PLANE('',#7591);
#445=PLANE('',#7594);
#446=PLANE('',#7597);
#447=PLANE('',#7620);
#448=PLANE('',#7621);
#449=PLANE('',#7625);
#450=PLANE('',#7627);
#451=PLANE('',#7629);
#452=PLANE('',#7630);
#453=PLANE('',#7632);
#454=PLANE('',#7635);
#455=PLANE('',#7639);
#456=PLANE('',#7643);
#457=PLANE('',#7644);
#458=PLANE('',#7647);
#459=PLANE('',#7650);
#460=PLANE('',#7653);
#461=PLANE('',#7658);
#462=PLANE('',#7661);
#463=PLANE('',#7663);
#464=PLANE('',#7664);
#465=PLANE('',#7666);
#466=PLANE('',#7667);
#467=PLANE('',#7669);
#468=PLANE('',#7671);
#469=PLANE('',#7674);
#470=PLANE('',#7676);
#471=PLANE('',#7678);
#472=FACE_OUTER_BOUND('',#879,.T.);
#473=FACE_OUTER_BOUND('',#880,.T.);
#474=FACE_OUTER_BOUND('',#881,.T.);
#475=FACE_OUTER_BOUND('',#882,.T.);
#476=FACE_OUTER_BOUND('',#883,.T.);
#477=FACE_OUTER_BOUND('',#884,.T.);
#478=FACE_OUTER_BOUND('',#885,.T.);
#479=FACE_OUTER_BOUND('',#886,.T.);
#480=FACE_OUTER_BOUND('',#887,.T.);
#481=FACE_OUTER_BOUND('',#888,.T.);
#482=FACE_OUTER_BOUND('',#889,.T.);
#483=FACE_OUTER_BOUND('',#890,.T.);
#484=FACE_OUTER_BOUND('',#891,.T.);
#485=FACE_OUTER_BOUND('',#892,.T.);
#486=FACE_OUTER_BOUND('',#893,.T.);
#487=FACE_OUTER_BOUND('',#894,.T.);
#488=FACE_OUTER_BOUND('',#895,.T.);
#489=FACE_OUTER_BOUND('',#896,.T.);
#490=FACE_OUTER_BOUND('',#897,.T.);
#491=FACE_OUTER_BOUND('',#898,.T.);
#492=FACE_OUTER_BOUND('',#899,.T.);
#493=FACE_OUTER_BOUND('',#900,.T.);
#494=FACE_OUTER_BOUND('',#901,.T.);
#495=FACE_OUTER_BOUND('',#902,.T.);
#496=FACE_OUTER_BOUND('',#903,.T.);
#497=FACE_OUTER_BOUND('',#904,.T.);
#498=FACE_OUTER_BOUND('',#905,.T.);
#499=FACE_OUTER_BOUND('',#906,.T.);
#500=FACE_OUTER_BOUND('',#907,.T.);
#501=FACE_OUTER_BOUND('',#908,.T.);
#502=FACE_OUTER_BOUND('',#909,.T.);
#503=FACE_OUTER_BOUND('',#910,.T.);
#504=FACE_OUTER_BOUND('',#911,.T.);
#505=FACE_OUTER_BOUND('',#912,.T.);
#506=FACE_OUTER_BOUND('',#913,.T.);
#507=FACE_OUTER_BOUND('',#914,.T.);
#508=FACE_OUTER_BOUND('',#915,.T.);
#509=FACE_OUTER_BOUND('',#916,.T.);
#510=FACE_OUTER_BOUND('',#917,.T.);
#511=FACE_OUTER_BOUND('',#918,.T.);
#512=FACE_OUTER_BOUND('',#919,.T.);
#513=FACE_OUTER_BOUND('',#920,.T.);
#514=FACE_OUTER_BOUND('',#921,.T.);
#515=FACE_OUTER_BOUND('',#922,.T.);
#516=FACE_OUTER_BOUND('',#923,.T.);
#517=FACE_OUTER_BOUND('',#924,.T.);
#518=FACE_OUTER_BOUND('',#925,.T.);
#519=FACE_OUTER_BOUND('',#926,.T.);
#520=FACE_OUTER_BOUND('',#927,.T.);
#521=FACE_OUTER_BOUND('',#928,.T.);
#522=FACE_OUTER_BOUND('',#929,.T.);
#523=FACE_OUTER_BOUND('',#930,.T.);
#524=FACE_OUTER_BOUND('',#931,.T.);
#525=FACE_OUTER_BOUND('',#932,.T.);
#526=FACE_OUTER_BOUND('',#933,.T.);
#527=FACE_OUTER_BOUND('',#934,.T.);
#528=FACE_OUTER_BOUND('',#935,.T.);
#529=FACE_OUTER_BOUND('',#936,.T.);
#530=FACE_OUTER_BOUND('',#937,.T.);
#531=FACE_OUTER_BOUND('',#938,.T.);
#532=FACE_OUTER_BOUND('',#939,.T.);
#533=FACE_OUTER_BOUND('',#940,.T.);
#534=FACE_OUTER_BOUND('',#941,.T.);
#535=FACE_OUTER_BOUND('',#942,.T.);
#536=FACE_OUTER_BOUND('',#943,.T.);
#537=FACE_OUTER_BOUND('',#944,.T.);
#538=FACE_OUTER_BOUND('',#945,.T.);
#539=FACE_OUTER_BOUND('',#946,.T.);
#540=FACE_OUTER_BOUND('',#947,.T.);
#541=FACE_OUTER_BOUND('',#948,.T.);
#542=FACE_OUTER_BOUND('',#949,.T.);
#543=FACE_OUTER_BOUND('',#950,.T.);
#544=FACE_OUTER_BOUND('',#951,.T.);
#545=FACE_OUTER_BOUND('',#953,.T.);
#546=FACE_OUTER_BOUND('',#954,.T.);
#547=FACE_OUTER_BOUND('',#955,.T.);
#548=FACE_OUTER_BOUND('',#956,.T.);
#549=FACE_OUTER_BOUND('',#957,.T.);
#550=FACE_OUTER_BOUND('',#958,.T.);
#551=FACE_OUTER_BOUND('',#959,.T.);
#552=FACE_OUTER_BOUND('',#960,.T.);
#553=FACE_OUTER_BOUND('',#961,.T.);
#554=FACE_OUTER_BOUND('',#962,.T.);
#555=FACE_OUTER_BOUND('',#963,.T.);
#556=FACE_OUTER_BOUND('',#964,.T.);
#557=FACE_OUTER_BOUND('',#965,.T.);
#558=FACE_OUTER_BOUND('',#966,.T.);
#559=FACE_OUTER_BOUND('',#967,.T.);
#560=FACE_OUTER_BOUND('',#968,.T.);
#561=FACE_OUTER_BOUND('',#969,.T.);
#562=FACE_OUTER_BOUND('',#970,.T.);
#563=FACE_OUTER_BOUND('',#971,.T.);
#564=FACE_OUTER_BOUND('',#972,.T.);
#565=FACE_OUTER_BOUND('',#973,.T.);
#566=FACE_OUTER_BOUND('',#974,.T.);
#567=FACE_OUTER_BOUND('',#975,.T.);
#568=FACE_OUTER_BOUND('',#976,.T.);
#569=FACE_OUTER_BOUND('',#977,.T.);
#570=FACE_OUTER_BOUND('',#978,.T.);
#571=FACE_OUTER_BOUND('',#979,.T.);
#572=FACE_OUTER_BOUND('',#980,.T.);
#573=FACE_OUTER_BOUND('',#981,.T.);
#574=FACE_OUTER_BOUND('',#982,.T.);
#575=FACE_OUTER_BOUND('',#983,.T.);
#576=FACE_OUTER_BOUND('',#984,.T.);
#577=FACE_OUTER_BOUND('',#985,.T.);
#578=FACE_OUTER_BOUND('',#986,.T.);
#579=FACE_OUTER_BOUND('',#987,.T.);
#580=FACE_OUTER_BOUND('',#988,.T.);
#581=FACE_OUTER_BOUND('',#989,.T.);
#582=FACE_OUTER_BOUND('',#990,.T.);
#583=FACE_OUTER_BOUND('',#991,.T.);
#584=FACE_OUTER_BOUND('',#992,.T.);
#585=FACE_OUTER_BOUND('',#993,.T.);
#586=FACE_OUTER_BOUND('',#994,.T.);
#587=FACE_OUTER_BOUND('',#995,.T.);
#588=FACE_OUTER_BOUND('',#996,.T.);
#589=FACE_OUTER_BOUND('',#997,.T.);
#590=FACE_OUTER_BOUND('',#998,.T.);
#591=FACE_OUTER_BOUND('',#999,.T.);
#592=FACE_OUTER_BOUND('',#1000,.T.);
#593=FACE_OUTER_BOUND('',#1001,.T.);
#594=FACE_OUTER_BOUND('',#1002,.T.);
#595=FACE_OUTER_BOUND('',#1003,.T.);
#596=FACE_OUTER_BOUND('',#1004,.T.);
#597=FACE_OUTER_BOUND('',#1005,.T.);
#598=FACE_OUTER_BOUND('',#1006,.T.);
#599=FACE_OUTER_BOUND('',#1007,.T.);
#600=FACE_OUTER_BOUND('',#1008,.T.);
#601=FACE_OUTER_BOUND('',#1009,.T.);
#602=FACE_OUTER_BOUND('',#1010,.T.);
#603=FACE_OUTER_BOUND('',#1011,.T.);
#604=FACE_OUTER_BOUND('',#1012,.T.);
#605=FACE_OUTER_BOUND('',#1013,.T.);
#606=FACE_OUTER_BOUND('',#1014,.T.);
#607=FACE_OUTER_BOUND('',#1015,.T.);
#608=FACE_OUTER_BOUND('',#1016,.T.);
#609=FACE_OUTER_BOUND('',#1017,.T.);
#610=FACE_OUTER_BOUND('',#1018,.T.);
#611=FACE_OUTER_BOUND('',#1019,.T.);
#612=FACE_OUTER_BOUND('',#1020,.T.);
#613=FACE_OUTER_BOUND('',#1021,.T.);
#614=FACE_OUTER_BOUND('',#1022,.T.);
#615=FACE_OUTER_BOUND('',#1023,.T.);
#616=FACE_OUTER_BOUND('',#1024,.T.);
#617=FACE_OUTER_BOUND('',#1025,.T.);
#618=FACE_OUTER_BOUND('',#1026,.T.);
#619=FACE_OUTER_BOUND('',#1027,.T.);
#620=FACE_OUTER_BOUND('',#1028,.T.);
#621=FACE_OUTER_BOUND('',#1029,.T.);
#622=FACE_OUTER_BOUND('',#1030,.T.);
#623=FACE_OUTER_BOUND('',#1031,.T.);
#624=FACE_OUTER_BOUND('',#1032,.T.);
#625=FACE_OUTER_BOUND('',#1033,.T.);
#626=FACE_OUTER_BOUND('',#1034,.T.);
#627=FACE_OUTER_BOUND('',#1035,.T.);
#628=FACE_OUTER_BOUND('',#1036,.T.);
#629=FACE_OUTER_BOUND('',#1037,.T.);
#630=FACE_OUTER_BOUND('',#1038,.T.);
#631=FACE_OUTER_BOUND('',#1039,.T.);
#632=FACE_OUTER_BOUND('',#1040,.T.);
#633=FACE_OUTER_BOUND('',#1041,.T.);
#634=FACE_OUTER_BOUND('',#1042,.T.);
#635=FACE_OUTER_BOUND('',#1043,.T.);
#636=FACE_OUTER_BOUND('',#1044,.T.);
#637=FACE_OUTER_BOUND('',#1045,.T.);
#638=FACE_OUTER_BOUND('',#1046,.T.);
#639=FACE_OUTER_BOUND('',#1047,.T.);
#640=FACE_OUTER_BOUND('',#1048,.T.);
#641=FACE_OUTER_BOUND('',#1049,.T.);
#642=FACE_OUTER_BOUND('',#1050,.T.);
#643=FACE_OUTER_BOUND('',#1051,.T.);
#644=FACE_OUTER_BOUND('',#1052,.T.);
#645=FACE_OUTER_BOUND('',#1053,.T.);
#646=FACE_OUTER_BOUND('',#1054,.T.);
#647=FACE_OUTER_BOUND('',#1055,.T.);
#648=FACE_OUTER_BOUND('',#1056,.T.);
#649=FACE_OUTER_BOUND('',#1057,.T.);
#650=FACE_OUTER_BOUND('',#1058,.T.);
#651=FACE_OUTER_BOUND('',#1059,.T.);
#652=FACE_OUTER_BOUND('',#1060,.T.);
#653=FACE_OUTER_BOUND('',#1061,.T.);
#654=FACE_OUTER_BOUND('',#1062,.T.);
#655=FACE_OUTER_BOUND('',#1063,.T.);
#656=FACE_OUTER_BOUND('',#1064,.T.);
#657=FACE_OUTER_BOUND('',#1065,.T.);
#658=FACE_OUTER_BOUND('',#1066,.T.);
#659=FACE_OUTER_BOUND('',#1067,.T.);
#660=FACE_OUTER_BOUND('',#1068,.T.);
#661=FACE_OUTER_BOUND('',#1069,.T.);
#662=FACE_OUTER_BOUND('',#1070,.T.);
#663=FACE_OUTER_BOUND('',#1071,.T.);
#664=FACE_OUTER_BOUND('',#1072,.T.);
#665=FACE_OUTER_BOUND('',#1073,.T.);
#666=FACE_OUTER_BOUND('',#1074,.T.);
#667=FACE_OUTER_BOUND('',#1075,.T.);
#668=FACE_OUTER_BOUND('',#1076,.T.);
#669=FACE_OUTER_BOUND('',#1077,.T.);
#670=FACE_OUTER_BOUND('',#1078,.T.);
#671=FACE_OUTER_BOUND('',#1079,.T.);
#672=FACE_OUTER_BOUND('',#1080,.T.);
#673=FACE_OUTER_BOUND('',#1081,.T.);
#674=FACE_OUTER_BOUND('',#1082,.T.);
#675=FACE_OUTER_BOUND('',#1083,.T.);
#676=FACE_OUTER_BOUND('',#1084,.T.);
#677=FACE_OUTER_BOUND('',#1085,.T.);
#678=FACE_OUTER_BOUND('',#1086,.T.);
#679=FACE_OUTER_BOUND('',#1087,.T.);
#680=FACE_OUTER_BOUND('',#1088,.T.);
#681=FACE_OUTER_BOUND('',#1089,.T.);
#682=FACE_OUTER_BOUND('',#1090,.T.);
#683=FACE_OUTER_BOUND('',#1091,.T.);
#684=FACE_OUTER_BOUND('',#1092,.T.);
#685=FACE_OUTER_BOUND('',#1093,.T.);
#686=FACE_OUTER_BOUND('',#1094,.T.);
#687=FACE_OUTER_BOUND('',#1095,.T.);
#688=FACE_OUTER_BOUND('',#1096,.T.);
#689=FACE_OUTER_BOUND('',#1097,.T.);
#690=FACE_OUTER_BOUND('',#1098,.T.);
#691=FACE_OUTER_BOUND('',#1099,.T.);
#692=FACE_OUTER_BOUND('',#1100,.T.);
#693=FACE_OUTER_BOUND('',#1101,.T.);
#694=FACE_OUTER_BOUND('',#1102,.T.);
#695=FACE_OUTER_BOUND('',#1103,.T.);
#696=FACE_OUTER_BOUND('',#1104,.T.);
#697=FACE_OUTER_BOUND('',#1105,.T.);
#698=FACE_OUTER_BOUND('',#1106,.T.);
#699=FACE_OUTER_BOUND('',#1107,.T.);
#700=FACE_OUTER_BOUND('',#1108,.T.);
#701=FACE_OUTER_BOUND('',#1109,.T.);
#702=FACE_OUTER_BOUND('',#1110,.T.);
#703=FACE_OUTER_BOUND('',#1111,.T.);
#704=FACE_OUTER_BOUND('',#1112,.T.);
#705=FACE_OUTER_BOUND('',#1113,.T.);
#706=FACE_OUTER_BOUND('',#1114,.T.);
#707=FACE_OUTER_BOUND('',#1115,.T.);
#708=FACE_OUTER_BOUND('',#1116,.T.);
#709=FACE_OUTER_BOUND('',#1117,.T.);
#710=FACE_OUTER_BOUND('',#1118,.T.);
#711=FACE_OUTER_BOUND('',#1119,.T.);
#712=FACE_OUTER_BOUND('',#1121,.T.);
#713=FACE_OUTER_BOUND('',#1122,.T.);
#714=FACE_OUTER_BOUND('',#1123,.T.);
#715=FACE_OUTER_BOUND('',#1125,.T.);
#716=FACE_OUTER_BOUND('',#1126,.T.);
#717=FACE_OUTER_BOUND('',#1127,.T.);
#718=FACE_OUTER_BOUND('',#1129,.T.);
#719=FACE_OUTER_BOUND('',#1130,.T.);
#720=FACE_OUTER_BOUND('',#1131,.T.);
#721=FACE_OUTER_BOUND('',#1133,.T.);
#722=FACE_OUTER_BOUND('',#1134,.T.);
#723=FACE_OUTER_BOUND('',#1135,.T.);
#724=FACE_OUTER_BOUND('',#1137,.T.);
#725=FACE_OUTER_BOUND('',#1138,.T.);
#726=FACE_OUTER_BOUND('',#1139,.T.);
#727=FACE_OUTER_BOUND('',#1141,.T.);
#728=FACE_OUTER_BOUND('',#1142,.T.);
#729=FACE_OUTER_BOUND('',#1143,.T.);
#730=FACE_OUTER_BOUND('',#1145,.T.);
#731=FACE_OUTER_BOUND('',#1146,.T.);
#732=FACE_OUTER_BOUND('',#1147,.T.);
#733=FACE_OUTER_BOUND('',#1149,.T.);
#734=FACE_OUTER_BOUND('',#1150,.T.);
#735=FACE_OUTER_BOUND('',#1151,.T.);
#736=FACE_OUTER_BOUND('',#1153,.T.);
#737=FACE_OUTER_BOUND('',#1154,.T.);
#738=FACE_OUTER_BOUND('',#1155,.T.);
#739=FACE_OUTER_BOUND('',#1157,.T.);
#740=FACE_OUTER_BOUND('',#1158,.T.);
#741=FACE_OUTER_BOUND('',#1159,.T.);
#742=FACE_OUTER_BOUND('',#1160,.T.);
#743=FACE_OUTER_BOUND('',#1161,.T.);
#744=FACE_OUTER_BOUND('',#1162,.T.);
#745=FACE_OUTER_BOUND('',#1163,.T.);
#746=FACE_OUTER_BOUND('',#1164,.T.);
#747=FACE_OUTER_BOUND('',#1165,.T.);
#748=FACE_OUTER_BOUND('',#1166,.T.);
#749=FACE_OUTER_BOUND('',#1167,.T.);
#750=FACE_OUTER_BOUND('',#1168,.T.);
#751=FACE_OUTER_BOUND('',#1169,.T.);
#752=FACE_OUTER_BOUND('',#1170,.T.);
#753=FACE_OUTER_BOUND('',#1185,.T.);
#754=FACE_OUTER_BOUND('',#1186,.T.);
#755=FACE_OUTER_BOUND('',#1187,.T.);
#756=FACE_OUTER_BOUND('',#1188,.T.);
#757=FACE_OUTER_BOUND('',#1189,.T.);
#758=FACE_OUTER_BOUND('',#1190,.T.);
#759=FACE_OUTER_BOUND('',#1191,.T.);
#760=FACE_OUTER_BOUND('',#1192,.T.);
#761=FACE_OUTER_BOUND('',#1193,.T.);
#762=FACE_OUTER_BOUND('',#1194,.T.);
#763=FACE_OUTER_BOUND('',#1195,.T.);
#764=FACE_OUTER_BOUND('',#1196,.T.);
#765=FACE_OUTER_BOUND('',#1198,.T.);
#766=FACE_OUTER_BOUND('',#1199,.T.);
#767=FACE_OUTER_BOUND('',#1200,.T.);
#768=FACE_OUTER_BOUND('',#1201,.T.);
#769=FACE_OUTER_BOUND('',#1202,.T.);
#770=FACE_OUTER_BOUND('',#1203,.T.);
#771=FACE_OUTER_BOUND('',#1204,.T.);
#772=FACE_OUTER_BOUND('',#1205,.T.);
#773=FACE_OUTER_BOUND('',#1206,.T.);
#774=FACE_OUTER_BOUND('',#1207,.T.);
#775=FACE_OUTER_BOUND('',#1208,.T.);
#776=FACE_OUTER_BOUND('',#1210,.T.);
#777=FACE_OUTER_BOUND('',#1211,.T.);
#778=FACE_OUTER_BOUND('',#1217,.T.);
#779=FACE_OUTER_BOUND('',#1218,.T.);
#780=FACE_OUTER_BOUND('',#1219,.T.);
#781=FACE_OUTER_BOUND('',#1220,.T.);
#782=FACE_OUTER_BOUND('',#1221,.T.);
#783=FACE_OUTER_BOUND('',#1222,.T.);
#784=FACE_OUTER_BOUND('',#1223,.T.);
#785=FACE_OUTER_BOUND('',#1224,.T.);
#786=FACE_OUTER_BOUND('',#1225,.T.);
#787=FACE_OUTER_BOUND('',#1226,.T.);
#788=FACE_OUTER_BOUND('',#1227,.T.);
#789=FACE_OUTER_BOUND('',#1228,.T.);
#790=FACE_OUTER_BOUND('',#1229,.T.);
#791=FACE_OUTER_BOUND('',#1230,.T.);
#792=FACE_OUTER_BOUND('',#1231,.T.);
#793=FACE_OUTER_BOUND('',#1232,.T.);
#794=FACE_OUTER_BOUND('',#1233,.T.);
#795=FACE_OUTER_BOUND('',#1234,.T.);
#796=FACE_OUTER_BOUND('',#1235,.T.);
#797=FACE_OUTER_BOUND('',#1236,.T.);
#798=FACE_OUTER_BOUND('',#1237,.T.);
#799=FACE_OUTER_BOUND('',#1238,.T.);
#800=FACE_OUTER_BOUND('',#1239,.T.);
#801=FACE_OUTER_BOUND('',#1240,.T.);
#802=FACE_OUTER_BOUND('',#1241,.T.);
#803=FACE_OUTER_BOUND('',#1242,.T.);
#804=FACE_OUTER_BOUND('',#1243,.T.);
#805=FACE_OUTER_BOUND('',#1244,.T.);
#806=FACE_OUTER_BOUND('',#1245,.T.);
#807=FACE_OUTER_BOUND('',#1246,.T.);
#808=FACE_OUTER_BOUND('',#1247,.T.);
#809=FACE_OUTER_BOUND('',#1251,.T.);
#810=FACE_OUTER_BOUND('',#1252,.T.);
#811=FACE_OUTER_BOUND('',#1253,.T.);
#812=FACE_OUTER_BOUND('',#1254,.T.);
#813=FACE_OUTER_BOUND('',#1255,.T.);
#814=FACE_OUTER_BOUND('',#1256,.T.);
#815=FACE_OUTER_BOUND('',#1257,.T.);
#816=FACE_OUTER_BOUND('',#1258,.T.);
#817=FACE_OUTER_BOUND('',#1259,.T.);
#818=FACE_OUTER_BOUND('',#1261,.T.);
#819=FACE_OUTER_BOUND('',#1262,.T.);
#820=FACE_OUTER_BOUND('',#1264,.T.);
#821=FACE_OUTER_BOUND('',#1265,.T.);
#822=FACE_OUTER_BOUND('',#1266,.T.);
#823=FACE_OUTER_BOUND('',#1267,.T.);
#824=FACE_OUTER_BOUND('',#1268,.T.);
#825=FACE_OUTER_BOUND('',#1269,.T.);
#826=FACE_OUTER_BOUND('',#1270,.T.);
#827=FACE_OUTER_BOUND('',#1271,.T.);
#828=FACE_OUTER_BOUND('',#1272,.T.);
#829=FACE_OUTER_BOUND('',#1273,.T.);
#830=FACE_OUTER_BOUND('',#1274,.T.);
#831=FACE_OUTER_BOUND('',#1275,.T.);
#832=FACE_OUTER_BOUND('',#1276,.T.);
#833=FACE_OUTER_BOUND('',#1277,.T.);
#834=FACE_OUTER_BOUND('',#1278,.T.);
#835=FACE_OUTER_BOUND('',#1279,.T.);
#836=FACE_OUTER_BOUND('',#1280,.T.);
#837=FACE_OUTER_BOUND('',#1281,.T.);
#838=FACE_OUTER_BOUND('',#1282,.T.);
#839=FACE_OUTER_BOUND('',#1283,.T.);
#840=FACE_OUTER_BOUND('',#1284,.T.);
#841=FACE_OUTER_BOUND('',#1285,.T.);
#842=FACE_OUTER_BOUND('',#1286,.T.);
#843=FACE_OUTER_BOUND('',#1287,.T.);
#844=FACE_OUTER_BOUND('',#1288,.T.);
#845=FACE_OUTER_BOUND('',#1289,.T.);
#846=FACE_OUTER_BOUND('',#1290,.T.);
#847=FACE_OUTER_BOUND('',#1291,.T.);
#848=FACE_OUTER_BOUND('',#1292,.T.);
#849=FACE_OUTER_BOUND('',#1293,.T.);
#850=FACE_OUTER_BOUND('',#1294,.T.);
#851=FACE_OUTER_BOUND('',#1295,.T.);
#852=FACE_OUTER_BOUND('',#1296,.T.);
#853=FACE_OUTER_BOUND('',#1297,.T.);
#854=FACE_OUTER_BOUND('',#1298,.T.);
#855=FACE_OUTER_BOUND('',#1299,.T.);
#856=FACE_OUTER_BOUND('',#1300,.T.);
#857=FACE_OUTER_BOUND('',#1301,.T.);
#858=FACE_OUTER_BOUND('',#1302,.T.);
#859=FACE_OUTER_BOUND('',#1303,.T.);
#860=FACE_OUTER_BOUND('',#1304,.T.);
#861=FACE_OUTER_BOUND('',#1305,.T.);
#862=FACE_OUTER_BOUND('',#1306,.T.);
#863=FACE_OUTER_BOUND('',#1307,.T.);
#864=FACE_OUTER_BOUND('',#1308,.T.);
#865=FACE_OUTER_BOUND('',#1309,.T.);
#866=FACE_OUTER_BOUND('',#1310,.T.);
#867=FACE_OUTER_BOUND('',#1311,.T.);
#868=FACE_OUTER_BOUND('',#1312,.T.);
#869=FACE_OUTER_BOUND('',#1313,.T.);
#870=FACE_OUTER_BOUND('',#1314,.T.);
#871=FACE_OUTER_BOUND('',#1315,.T.);
#872=FACE_OUTER_BOUND('',#1316,.T.);
#873=FACE_OUTER_BOUND('',#1317,.T.);
#874=FACE_OUTER_BOUND('',#1318,.T.);
#875=FACE_OUTER_BOUND('',#1319,.T.);
#876=FACE_OUTER_BOUND('',#1331,.T.);
#877=FACE_OUTER_BOUND('',#1332,.T.);
#878=FACE_OUTER_BOUND('',#1333,.T.);
#879=EDGE_LOOP('',(#4355,#4356,#4357,#4358));
#880=EDGE_LOOP('',(#4359,#4360,#4361,#4362));
#881=EDGE_LOOP('',(#4363,#4364,#4365,#4366));
#882=EDGE_LOOP('',(#4367,#4368,#4369,#4370));
#883=EDGE_LOOP('',(#4371,#4372,#4373,#4374));
#884=EDGE_LOOP('',(#4375,#4376,#4377,#4378));
#885=EDGE_LOOP('',(#4379,#4380,#4381,#4382));
#886=EDGE_LOOP('',(#4383,#4384,#4385,#4386));
#887=EDGE_LOOP('',(#4387,#4388,#4389,#4390));
#888=EDGE_LOOP('',(#4391,#4392,#4393,#4394));
#889=EDGE_LOOP('',(#4395,#4396,#4397,#4398));
#890=EDGE_LOOP('',(#4399,#4400,#4401,#4402));
#891=EDGE_LOOP('',(#4403,#4404,#4405,#4406));
#892=EDGE_LOOP('',(#4407,#4408,#4409,#4410));
#893=EDGE_LOOP('',(#4411,#4412,#4413,#4414));
#894=EDGE_LOOP('',(#4415,#4416,#4417,#4418));
#895=EDGE_LOOP('',(#4419,#4420,#4421,#4422));
#896=EDGE_LOOP('',(#4423,#4424,#4425,#4426));
#897=EDGE_LOOP('',(#4427,#4428,#4429,#4430));
#898=EDGE_LOOP('',(#4431,#4432,#4433,#4434));
#899=EDGE_LOOP('',(#4435,#4436,#4437,#4438));
#900=EDGE_LOOP('',(#4439,#4440,#4441,#4442));
#901=EDGE_LOOP('',(#4443,#4444,#4445,#4446));
#902=EDGE_LOOP('',(#4447,#4448,#4449,#4450));
#903=EDGE_LOOP('',(#4451,#4452,#4453,#4454));
#904=EDGE_LOOP('',(#4455,#4456,#4457,#4458));
#905=EDGE_LOOP('',(#4459,#4460,#4461,#4462));
#906=EDGE_LOOP('',(#4463,#4464,#4465,#4466));
#907=EDGE_LOOP('',(#4467,#4468,#4469,#4470));
#908=EDGE_LOOP('',(#4471,#4472,#4473,#4474));
#909=EDGE_LOOP('',(#4475,#4476,#4477,#4478));
#910=EDGE_LOOP('',(#4479,#4480,#4481,#4482));
#911=EDGE_LOOP('',(#4483,#4484,#4485,#4486));
#912=EDGE_LOOP('',(#4487,#4488,#4489,#4490));
#913=EDGE_LOOP('',(#4491,#4492,#4493,#4494));
#914=EDGE_LOOP('',(#4495,#4496,#4497,#4498));
#915=EDGE_LOOP('',(#4499,#4500,#4501,#4502));
#916=EDGE_LOOP('',(#4503,#4504,#4505,#4506));
#917=EDGE_LOOP('',(#4507,#4508,#4509,#4510));
#918=EDGE_LOOP('',(#4511,#4512,#4513,#4514));
#919=EDGE_LOOP('',(#4515,#4516,#4517,#4518));
#920=EDGE_LOOP('',(#4519,#4520,#4521,#4522));
#921=EDGE_LOOP('',(#4523,#4524,#4525,#4526));
#922=EDGE_LOOP('',(#4527,#4528,#4529,#4530));
#923=EDGE_LOOP('',(#4531,#4532,#4533,#4534));
#924=EDGE_LOOP('',(#4535,#4536,#4537,#4538));
#925=EDGE_LOOP('',(#4539,#4540,#4541,#4542));
#926=EDGE_LOOP('',(#4543,#4544,#4545,#4546));
#927=EDGE_LOOP('',(#4547,#4548,#4549,#4550));
#928=EDGE_LOOP('',(#4551,#4552,#4553,#4554));
#929=EDGE_LOOP('',(#4555,#4556,#4557,#4558));
#930=EDGE_LOOP('',(#4559,#4560,#4561,#4562));
#931=EDGE_LOOP('',(#4563,#4564,#4565,#4566));
#932=EDGE_LOOP('',(#4567,#4568,#4569,#4570));
#933=EDGE_LOOP('',(#4571,#4572,#4573,#4574));
#934=EDGE_LOOP('',(#4575,#4576,#4577,#4578));
#935=EDGE_LOOP('',(#4579,#4580,#4581,#4582));
#936=EDGE_LOOP('',(#4583,#4584,#4585,#4586));
#937=EDGE_LOOP('',(#4587,#4588,#4589,#4590));
#938=EDGE_LOOP('',(#4591,#4592,#4593,#4594));
#939=EDGE_LOOP('',(#4595,#4596,#4597,#4598));
#940=EDGE_LOOP('',(#4599,#4600,#4601,#4602));
#941=EDGE_LOOP('',(#4603,#4604,#4605,#4606));
#942=EDGE_LOOP('',(#4607,#4608,#4609,#4610));
#943=EDGE_LOOP('',(#4611,#4612,#4613,#4614));
#944=EDGE_LOOP('',(#4615,#4616,#4617,#4618));
#945=EDGE_LOOP('',(#4619,#4620,#4621,#4622));
#946=EDGE_LOOP('',(#4623,#4624,#4625,#4626));
#947=EDGE_LOOP('',(#4627,#4628,#4629,#4630));
#948=EDGE_LOOP('',(#4631,#4632,#4633,#4634));
#949=EDGE_LOOP('',(#4635,#4636,#4637,#4638));
#950=EDGE_LOOP('',(#4639,#4640,#4641,#4642));
#951=EDGE_LOOP('',(#4643,#4644,#4645,#4646,#4647,#4648,#4649,#4650,#4651,
#4652,#4653,#4654,#4655,#4656,#4657,#4658,#4659,#4660,#4661,#4662,#4663,
#4664,#4665,#4666,#4667,#4668,#4669,#4670,#4671,#4672,#4673,#4674,#4675,
#4676,#4677,#4678,#4679,#4680,#4681,#4682,#4683,#4684,#4685,#4686,#4687,
#4688,#4689,#4690));
#952=EDGE_LOOP('',(#4691,#4692,#4693,#4694,#4695,#4696,#4697,#4698,#4699,
#4700,#4701,#4702,#4703,#4704,#4705,#4706,#4707,#4708,#4709,#4710,#4711,
#4712,#4713,#4714,#4715,#4716,#4717,#4718,#4719,#4720,#4721,#4722,#4723,
#4724,#4725,#4726,#4727,#4728,#4729,#4730,#4731,#4732,#4733,#4734,#4735,
#4736,#4737,#4738));
#953=EDGE_LOOP('',(#4739,#4740,#4741,#4742));
#954=EDGE_LOOP('',(#4743,#4744,#4745,#4746));
#955=EDGE_LOOP('',(#4747,#4748,#4749,#4750));
#956=EDGE_LOOP('',(#4751,#4752,#4753,#4754));
#957=EDGE_LOOP('',(#4755,#4756,#4757,#4758));
#958=EDGE_LOOP('',(#4759,#4760,#4761,#4762));
#959=EDGE_LOOP('',(#4763,#4764,#4765,#4766));
#960=EDGE_LOOP('',(#4767,#4768,#4769,#4770));
#961=EDGE_LOOP('',(#4771,#4772,#4773,#4774));
#962=EDGE_LOOP('',(#4775,#4776,#4777,#4778));
#963=EDGE_LOOP('',(#4779,#4780,#4781,#4782));
#964=EDGE_LOOP('',(#4783,#4784,#4785,#4786));
#965=EDGE_LOOP('',(#4787,#4788,#4789,#4790));
#966=EDGE_LOOP('',(#4791,#4792,#4793,#4794));
#967=EDGE_LOOP('',(#4795,#4796,#4797,#4798));
#968=EDGE_LOOP('',(#4799,#4800,#4801,#4802));
#969=EDGE_LOOP('',(#4803,#4804,#4805,#4806));
#970=EDGE_LOOP('',(#4807,#4808,#4809,#4810));
#971=EDGE_LOOP('',(#4811,#4812,#4813,#4814));
#972=EDGE_LOOP('',(#4815,#4816,#4817,#4818));
#973=EDGE_LOOP('',(#4819,#4820,#4821,#4822));
#974=EDGE_LOOP('',(#4823,#4824,#4825,#4826));
#975=EDGE_LOOP('',(#4827,#4828,#4829,#4830));
#976=EDGE_LOOP('',(#4831,#4832,#4833,#4834));
#977=EDGE_LOOP('',(#4835,#4836,#4837,#4838));
#978=EDGE_LOOP('',(#4839,#4840,#4841,#4842));
#979=EDGE_LOOP('',(#4843,#4844,#4845,#4846));
#980=EDGE_LOOP('',(#4847,#4848,#4849,#4850));
#981=EDGE_LOOP('',(#4851,#4852,#4853,#4854));
#982=EDGE_LOOP('',(#4855,#4856,#4857,#4858));
#983=EDGE_LOOP('',(#4859,#4860,#4861,#4862));
#984=EDGE_LOOP('',(#4863,#4864,#4865,#4866));
#985=EDGE_LOOP('',(#4867,#4868,#4869,#4870));
#986=EDGE_LOOP('',(#4871,#4872,#4873,#4874));
#987=EDGE_LOOP('',(#4875,#4876,#4877,#4878));
#988=EDGE_LOOP('',(#4879,#4880,#4881,#4882));
#989=EDGE_LOOP('',(#4883,#4884,#4885,#4886));
#990=EDGE_LOOP('',(#4887,#4888,#4889,#4890));
#991=EDGE_LOOP('',(#4891,#4892,#4893,#4894));
#992=EDGE_LOOP('',(#4895,#4896,#4897,#4898));
#993=EDGE_LOOP('',(#4899,#4900,#4901,#4902));
#994=EDGE_LOOP('',(#4903,#4904,#4905,#4906));
#995=EDGE_LOOP('',(#4907,#4908,#4909,#4910));
#996=EDGE_LOOP('',(#4911,#4912,#4913,#4914));
#997=EDGE_LOOP('',(#4915,#4916,#4917,#4918));
#998=EDGE_LOOP('',(#4919,#4920,#4921,#4922));
#999=EDGE_LOOP('',(#4923,#4924,#4925,#4926));
#1000=EDGE_LOOP('',(#4927,#4928,#4929,#4930));
#1001=EDGE_LOOP('',(#4931,#4932,#4933,#4934));
#1002=EDGE_LOOP('',(#4935,#4936,#4937,#4938));
#1003=EDGE_LOOP('',(#4939,#4940,#4941,#4942));
#1004=EDGE_LOOP('',(#4943,#4944,#4945,#4946));
#1005=EDGE_LOOP('',(#4947,#4948,#4949,#4950));
#1006=EDGE_LOOP('',(#4951,#4952,#4953,#4954));
#1007=EDGE_LOOP('',(#4955,#4956,#4957,#4958));
#1008=EDGE_LOOP('',(#4959,#4960,#4961,#4962));
#1009=EDGE_LOOP('',(#4963,#4964,#4965,#4966));
#1010=EDGE_LOOP('',(#4967,#4968,#4969,#4970));
#1011=EDGE_LOOP('',(#4971,#4972,#4973,#4974));
#1012=EDGE_LOOP('',(#4975,#4976,#4977,#4978));
#1013=EDGE_LOOP('',(#4979,#4980,#4981,#4982));
#1014=EDGE_LOOP('',(#4983,#4984,#4985,#4986));
#1015=EDGE_LOOP('',(#4987,#4988,#4989,#4990));
#1016=EDGE_LOOP('',(#4991,#4992,#4993,#4994));
#1017=EDGE_LOOP('',(#4995,#4996,#4997,#4998));
#1018=EDGE_LOOP('',(#4999,#5000,#5001,#5002));
#1019=EDGE_LOOP('',(#5003,#5004,#5005,#5006));
#1020=EDGE_LOOP('',(#5007,#5008,#5009,#5010));
#1021=EDGE_LOOP('',(#5011,#5012,#5013,#5014));
#1022=EDGE_LOOP('',(#5015,#5016,#5017,#5018));
#1023=EDGE_LOOP('',(#5019,#5020,#5021,#5022));
#1024=EDGE_LOOP('',(#5023,#5024,#5025,#5026));
#1025=EDGE_LOOP('',(#5027,#5028,#5029,#5030));
#1026=EDGE_LOOP('',(#5031,#5032,#5033,#5034,#5035));
#1027=EDGE_LOOP('',(#5036,#5037,#5038,#5039));
#1028=EDGE_LOOP('',(#5040,#5041,#5042,#5043));
#1029=EDGE_LOOP('',(#5044,#5045,#5046,#5047));
#1030=EDGE_LOOP('',(#5048,#5049,#5050,#5051,#5052));
#1031=EDGE_LOOP('',(#5053,#5054,#5055,#5056));
#1032=EDGE_LOOP('',(#5057,#5058,#5059,#5060,#5061));
#1033=EDGE_LOOP('',(#5062,#5063,#5064,#5065));
#1034=EDGE_LOOP('',(#5066,#5067,#5068,#5069,#5070));
#1035=EDGE_LOOP('',(#5071,#5072,#5073,#5074));
#1036=EDGE_LOOP('',(#5075,#5076,#5077,#5078,#5079));
#1037=EDGE_LOOP('',(#5080,#5081,#5082,#5083));
#1038=EDGE_LOOP('',(#5084,#5085,#5086,#5087,#5088));
#1039=EDGE_LOOP('',(#5089,#5090,#5091,#5092));
#1040=EDGE_LOOP('',(#5093,#5094,#5095,#5096,#5097));
#1041=EDGE_LOOP('',(#5098,#5099,#5100,#5101));
#1042=EDGE_LOOP('',(#5102,#5103,#5104,#5105));
#1043=EDGE_LOOP('',(#5106,#5107,#5108,#5109));
#1044=EDGE_LOOP('',(#5110,#5111,#5112,#5113,#5114));
#1045=EDGE_LOOP('',(#5115,#5116,#5117,#5118));
#1046=EDGE_LOOP('',(#5119,#5120,#5121,#5122,#5123));
#1047=EDGE_LOOP('',(#5124,#5125,#5126,#5127));
#1048=EDGE_LOOP('',(#5128,#5129,#5130,#5131,#5132));
#1049=EDGE_LOOP('',(#5133,#5134,#5135,#5136));
#1050=EDGE_LOOP('',(#5137,#5138,#5139,#5140));
#1051=EDGE_LOOP('',(#5141,#5142,#5143,#5144));
#1052=EDGE_LOOP('',(#5145,#5146,#5147,#5148));
#1053=EDGE_LOOP('',(#5149,#5150,#5151,#5152));
#1054=EDGE_LOOP('',(#5153,#5154,#5155,#5156));
#1055=EDGE_LOOP('',(#5157,#5158,#5159,#5160));
#1056=EDGE_LOOP('',(#5161,#5162,#5163,#5164));
#1057=EDGE_LOOP('',(#5165,#5166,#5167,#5168));
#1058=EDGE_LOOP('',(#5169,#5170,#5171,#5172));
#1059=EDGE_LOOP('',(#5173,#5174,#5175,#5176));
#1060=EDGE_LOOP('',(#5177,#5178,#5179,#5180));
#1061=EDGE_LOOP('',(#5181,#5182,#5183,#5184));
#1062=EDGE_LOOP('',(#5185,#5186,#5187,#5188));
#1063=EDGE_LOOP('',(#5189,#5190,#5191,#5192));
#1064=EDGE_LOOP('',(#5193,#5194,#5195,#5196));
#1065=EDGE_LOOP('',(#5197,#5198,#5199,#5200));
#1066=EDGE_LOOP('',(#5201,#5202,#5203,#5204));
#1067=EDGE_LOOP('',(#5205,#5206,#5207,#5208));
#1068=EDGE_LOOP('',(#5209,#5210,#5211,#5212));
#1069=EDGE_LOOP('',(#5213,#5214,#5215,#5216));
#1070=EDGE_LOOP('',(#5217,#5218,#5219,#5220));
#1071=EDGE_LOOP('',(#5221,#5222,#5223,#5224));
#1072=EDGE_LOOP('',(#5225,#5226,#5227,#5228));
#1073=EDGE_LOOP('',(#5229,#5230,#5231,#5232));
#1074=EDGE_LOOP('',(#5233,#5234,#5235,#5236));
#1075=EDGE_LOOP('',(#5237,#5238,#5239,#5240));
#1076=EDGE_LOOP('',(#5241,#5242,#5243,#5244));
#1077=EDGE_LOOP('',(#5245,#5246,#5247,#5248));
#1078=EDGE_LOOP('',(#5249,#5250,#5251,#5252));
#1079=EDGE_LOOP('',(#5253,#5254,#5255,#5256));
#1080=EDGE_LOOP('',(#5257,#5258,#5259,#5260));
#1081=EDGE_LOOP('',(#5261,#5262,#5263,#5264));
#1082=EDGE_LOOP('',(#5265,#5266,#5267,#5268));
#1083=EDGE_LOOP('',(#5269,#5270,#5271,#5272));
#1084=EDGE_LOOP('',(#5273,#5274,#5275,#5276));
#1085=EDGE_LOOP('',(#5277,#5278,#5279,#5280));
#1086=EDGE_LOOP('',(#5281,#5282,#5283,#5284));
#1087=EDGE_LOOP('',(#5285,#5286,#5287,#5288));
#1088=EDGE_LOOP('',(#5289,#5290,#5291,#5292));
#1089=EDGE_LOOP('',(#5293,#5294,#5295,#5296));
#1090=EDGE_LOOP('',(#5297,#5298,#5299,#5300));
#1091=EDGE_LOOP('',(#5301,#5302,#5303,#5304));
#1092=EDGE_LOOP('',(#5305,#5306,#5307,#5308));
#1093=EDGE_LOOP('',(#5309,#5310,#5311,#5312));
#1094=EDGE_LOOP('',(#5313,#5314,#5315,#5316));
#1095=EDGE_LOOP('',(#5317,#5318,#5319,#5320));
#1096=EDGE_LOOP('',(#5321,#5322,#5323,#5324));
#1097=EDGE_LOOP('',(#5325,#5326,#5327,#5328));
#1098=EDGE_LOOP('',(#5329,#5330,#5331,#5332));
#1099=EDGE_LOOP('',(#5333,#5334,#5335,#5336,#5337));
#1100=EDGE_LOOP('',(#5338,#5339,#5340,#5341));
#1101=EDGE_LOOP('',(#5342,#5343,#5344,#5345,#5346));
#1102=EDGE_LOOP('',(#5347,#5348,#5349,#5350));
#1103=EDGE_LOOP('',(#5351,#5352,#5353,#5354,#5355));
#1104=EDGE_LOOP('',(#5356,#5357,#5358,#5359));
#1105=EDGE_LOOP('',(#5360,#5361,#5362,#5363,#5364));
#1106=EDGE_LOOP('',(#5365,#5366,#5367,#5368));
#1107=EDGE_LOOP('',(#5369,#5370,#5371,#5372,#5373));
#1108=EDGE_LOOP('',(#5374,#5375,#5376,#5377));
#1109=EDGE_LOOP('',(#5378,#5379,#5380,#5381,#5382));
#1110=EDGE_LOOP('',(#5383,#5384,#5385,#5386));
#1111=EDGE_LOOP('',(#5387,#5388,#5389,#5390));
#1112=EDGE_LOOP('',(#5391,#5392,#5393,#5394));
#1113=EDGE_LOOP('',(#5395,#5396,#5397,#5398,#5399));
#1114=EDGE_LOOP('',(#5400,#5401,#5402,#5403));
#1115=EDGE_LOOP('',(#5404,#5405,#5406,#5407,#5408));
#1116=EDGE_LOOP('',(#5409,#5410,#5411,#5412));
#1117=EDGE_LOOP('',(#5413,#5414,#5415,#5416,#5417));
#1118=EDGE_LOOP('',(#5418,#5419,#5420,#5421,#5422));
#1119=EDGE_LOOP('',(#5423));
#1120=EDGE_LOOP('',(#5424));
#1121=EDGE_LOOP('',(#5425,#5426,#5427,#5428,#5429));
#1122=EDGE_LOOP('',(#5430,#5431,#5432,#5433,#5434));
#1123=EDGE_LOOP('',(#5435));
#1124=EDGE_LOOP('',(#5436));
#1125=EDGE_LOOP('',(#5437,#5438,#5439,#5440,#5441));
#1126=EDGE_LOOP('',(#5442,#5443,#5444,#5445,#5446));
#1127=EDGE_LOOP('',(#5447));
#1128=EDGE_LOOP('',(#5448));
#1129=EDGE_LOOP('',(#5449,#5450,#5451,#5452,#5453));
#1130=EDGE_LOOP('',(#5454,#5455,#5456,#5457,#5458));
#1131=EDGE_LOOP('',(#5459));
#1132=EDGE_LOOP('',(#5460));
#1133=EDGE_LOOP('',(#5461,#5462,#5463,#5464,#5465));
#1134=EDGE_LOOP('',(#5466,#5467,#5468,#5469,#5470));
#1135=EDGE_LOOP('',(#5471));
#1136=EDGE_LOOP('',(#5472));
#1137=EDGE_LOOP('',(#5473,#5474,#5475,#5476,#5477));
#1138=EDGE_LOOP('',(#5478,#5479,#5480,#5481,#5482));
#1139=EDGE_LOOP('',(#5483));
#1140=EDGE_LOOP('',(#5484));
#1141=EDGE_LOOP('',(#5485,#5486,#5487,#5488,#5489));
#1142=EDGE_LOOP('',(#5490,#5491,#5492,#5493,#5494));
#1143=EDGE_LOOP('',(#5495));
#1144=EDGE_LOOP('',(#5496));
#1145=EDGE_LOOP('',(#5497,#5498,#5499,#5500,#5501));
#1146=EDGE_LOOP('',(#5502,#5503,#5504,#5505,#5506));
#1147=EDGE_LOOP('',(#5507));
#1148=EDGE_LOOP('',(#5508));
#1149=EDGE_LOOP('',(#5509,#5510,#5511,#5512,#5513));
#1150=EDGE_LOOP('',(#5514,#5515,#5516,#5517,#5518));
#1151=EDGE_LOOP('',(#5519));
#1152=EDGE_LOOP('',(#5520));
#1153=EDGE_LOOP('',(#5521,#5522,#5523,#5524,#5525));
#1154=EDGE_LOOP('',(#5526,#5527,#5528,#5529,#5530));
#1155=EDGE_LOOP('',(#5531));
#1156=EDGE_LOOP('',(#5532));
#1157=EDGE_LOOP('',(#5533,#5534,#5535,#5536,#5537));
#1158=EDGE_LOOP('',(#5538,#5539,#5540,#5541));
#1159=EDGE_LOOP('',(#5542,#5543,#5544,#5545));
#1160=EDGE_LOOP('',(#5546,#5547,#5548,#5549));
#1161=EDGE_LOOP('',(#5550,#5551,#5552,#5553));
#1162=EDGE_LOOP('',(#5554,#5555,#5556,#5557));
#1163=EDGE_LOOP('',(#5558,#5559,#5560,#5561));
#1164=EDGE_LOOP('',(#5562,#5563,#5564,#5565));
#1165=EDGE_LOOP('',(#5566,#5567,#5568,#5569));
#1166=EDGE_LOOP('',(#5570,#5571,#5572,#5573));
#1167=EDGE_LOOP('',(#5574,#5575,#5576,#5577));
#1168=EDGE_LOOP('',(#5578,#5579,#5580,#5581));
#1169=EDGE_LOOP('',(#5582,#5583,#5584,#5585));
#1170=EDGE_LOOP('',(#5586,#5587,#5588,#5589,#5590,#5591,#5592,#5593));
#1171=EDGE_LOOP('',(#5594));
#1172=EDGE_LOOP('',(#5595));
#1173=EDGE_LOOP('',(#5596));
#1174=EDGE_LOOP('',(#5597));
#1175=EDGE_LOOP('',(#5598));
#1176=EDGE_LOOP('',(#5599));
#1177=EDGE_LOOP('',(#5600));
#1178=EDGE_LOOP('',(#5601));
#1179=EDGE_LOOP('',(#5602));
#1180=EDGE_LOOP('',(#5603));
#1181=EDGE_LOOP('',(#5604));
#1182=EDGE_LOOP('',(#5605,#5606,#5607,#5608,#5609,#5610,#5611,#5612));
#1183=EDGE_LOOP('',(#5613,#5614,#5615,#5616,#5617,#5618,#5619,#5620,#5621,
#5622,#5623,#5624));
#1184=EDGE_LOOP('',(#5625,#5626,#5627,#5628,#5629,#5630,#5631,#5632));
#1185=EDGE_LOOP('',(#5633,#5634,#5635,#5636));
#1186=EDGE_LOOP('',(#5637,#5638,#5639,#5640));
#1187=EDGE_LOOP('',(#5641,#5642,#5643,#5644));
#1188=EDGE_LOOP('',(#5645,#5646,#5647,#5648));
#1189=EDGE_LOOP('',(#5649,#5650,#5651,#5652));
#1190=EDGE_LOOP('',(#5653,#5654,#5655,#5656));
#1191=EDGE_LOOP('',(#5657,#5658,#5659,#5660));
#1192=EDGE_LOOP('',(#5661,#5662,#5663,#5664));
#1193=EDGE_LOOP('',(#5665,#5666,#5667,#5668));
#1194=EDGE_LOOP('',(#5669,#5670,#5671,#5672));
#1195=EDGE_LOOP('',(#5673,#5674,#5675,#5676));
#1196=EDGE_LOOP('',(#5677,#5678,#5679,#5680,#5681,#5682,#5683,#5684));
#1197=EDGE_LOOP('',(#5685,#5686,#5687,#5688,#5689,#5690,#5691,#5692));
#1198=EDGE_LOOP('',(#5693,#5694,#5695,#5696));
#1199=EDGE_LOOP('',(#5697,#5698,#5699,#5700));
#1200=EDGE_LOOP('',(#5701,#5702,#5703,#5704));
#1201=EDGE_LOOP('',(#5705,#5706,#5707,#5708));
#1202=EDGE_LOOP('',(#5709,#5710,#5711,#5712));
#1203=EDGE_LOOP('',(#5713,#5714,#5715,#5716));
#1204=EDGE_LOOP('',(#5717,#5718,#5719,#5720));
#1205=EDGE_LOOP('',(#5721,#5722,#5723,#5724));
#1206=EDGE_LOOP('',(#5725,#5726,#5727,#5728));
#1207=EDGE_LOOP('',(#5729,#5730,#5731,#5732,#5733,#5734,#5735,#5736));
#1208=EDGE_LOOP('',(#5737));
#1209=EDGE_LOOP('',(#5738,#5739,#5740,#5741,#5742,#5743,#5744,#5745));
#1210=EDGE_LOOP('',(#5746,#5747,#5748,#5749,#5750,#5751,#5752,#5753));
#1211=EDGE_LOOP('',(#5754,#5755,#5756,#5757,#5758,#5759,#5760,#5761,#5762,
#5763,#5764,#5765,#5766,#5767,#5768,#5769,#5770,#5771,#5772,#5773,#5774,
#5775,#5776,#5777,#5778,#5779,#5780));
#1212=EDGE_LOOP('',(#5781));
#1213=EDGE_LOOP('',(#5782));
#1214=EDGE_LOOP('',(#5783,#5784,#5785,#5786,#5787,#5788,#5789,#5790));
#1215=EDGE_LOOP('',(#5791,#5792,#5793,#5794,#5795,#5796,#5797,#5798));
#1216=EDGE_LOOP('',(#5799));
#1217=EDGE_LOOP('',(#5800,#5801,#5802,#5803));
#1218=EDGE_LOOP('',(#5804,#5805,#5806,#5807));
#1219=EDGE_LOOP('',(#5808,#5809,#5810,#5811));
#1220=EDGE_LOOP('',(#5812,#5813,#5814,#5815));
#1221=EDGE_LOOP('',(#5816,#5817,#5818,#5819));
#1222=EDGE_LOOP('',(#5820,#5821,#5822,#5823));
#1223=EDGE_LOOP('',(#5824,#5825,#5826,#5827));
#1224=EDGE_LOOP('',(#5828,#5829,#5830,#5831));
#1225=EDGE_LOOP('',(#5832,#5833,#5834,#5835));
#1226=EDGE_LOOP('',(#5836,#5837,#5838,#5839));
#1227=EDGE_LOOP('',(#5840,#5841,#5842,#5843));
#1228=EDGE_LOOP('',(#5844,#5845,#5846,#5847));
#1229=EDGE_LOOP('',(#5848,#5849,#5850,#5851));
#1230=EDGE_LOOP('',(#5852,#5853,#5854,#5855));
#1231=EDGE_LOOP('',(#5856,#5857,#5858,#5859));
#1232=EDGE_LOOP('',(#5860,#5861,#5862,#5863));
#1233=EDGE_LOOP('',(#5864,#5865,#5866,#5867));
#1234=EDGE_LOOP('',(#5868,#5869,#5870,#5871));
#1235=EDGE_LOOP('',(#5872,#5873,#5874,#5875));
#1236=EDGE_LOOP('',(#5876,#5877,#5878,#5879));
#1237=EDGE_LOOP('',(#5880,#5881,#5882,#5883));
#1238=EDGE_LOOP('',(#5884,#5885,#5886,#5887));
#1239=EDGE_LOOP('',(#5888,#5889,#5890,#5891));
#1240=EDGE_LOOP('',(#5892,#5893,#5894,#5895));
#1241=EDGE_LOOP('',(#5896,#5897,#5898,#5899));
#1242=EDGE_LOOP('',(#5900,#5901,#5902,#5903));
#1243=EDGE_LOOP('',(#5904,#5905,#5906,#5907));
#1244=EDGE_LOOP('',(#5908,#5909,#5910,#5911));
#1245=EDGE_LOOP('',(#5912,#5913,#5914,#5915));
#1246=EDGE_LOOP('',(#5916,#5917,#5918,#5919));
#1247=EDGE_LOOP('',(#5920,#5921,#5922,#5923,#5924,#5925,#5926,#5927,#5928,
#5929,#5930,#5931));
#1248=EDGE_LOOP('',(#5932));
#1249=EDGE_LOOP('',(#5933));
#1250=EDGE_LOOP('',(#5934,#5935,#5936,#5937,#5938,#5939,#5940,#5941));
#1251=EDGE_LOOP('',(#5942,#5943,#5944,#5945));
#1252=EDGE_LOOP('',(#5946,#5947,#5948,#5949));
#1253=EDGE_LOOP('',(#5950,#5951,#5952,#5953));
#1254=EDGE_LOOP('',(#5954,#5955,#5956,#5957));
#1255=EDGE_LOOP('',(#5958,#5959,#5960,#5961));
#1256=EDGE_LOOP('',(#5962,#5963,#5964,#5965));
#1257=EDGE_LOOP('',(#5966,#5967,#5968,#5969));
#1258=EDGE_LOOP('',(#5970,#5971,#5972,#5973));
#1259=EDGE_LOOP('',(#5974,#5975,#5976,#5977,#5978,#5979,#5980,#5981));
#1260=EDGE_LOOP('',(#5982,#5983,#5984,#5985,#5986,#5987,#5988,#5989));
#1261=EDGE_LOOP('',(#5990,#5991,#5992,#5993));
#1262=EDGE_LOOP('',(#5994));
#1263=EDGE_LOOP('',(#5995));
#1264=EDGE_LOOP('',(#5996,#5997,#5998,#5999));
#1265=EDGE_LOOP('',(#6000,#6001,#6002,#6003));
#1266=EDGE_LOOP('',(#6004,#6005,#6006,#6007));
#1267=EDGE_LOOP('',(#6008,#6009,#6010,#6011));
#1268=EDGE_LOOP('',(#6012,#6013,#6014,#6015));
#1269=EDGE_LOOP('',(#6016,#6017,#6018,#6019));
#1270=EDGE_LOOP('',(#6020,#6021,#6022,#6023));
#1271=EDGE_LOOP('',(#6024,#6025,#6026,#6027));
#1272=EDGE_LOOP('',(#6028,#6029,#6030,#6031));
#1273=EDGE_LOOP('',(#6032,#6033,#6034,#6035));
#1274=EDGE_LOOP('',(#6036,#6037,#6038,#6039));
#1275=EDGE_LOOP('',(#6040,#6041,#6042,#6043,#6044,#6045));
#1276=EDGE_LOOP('',(#6046,#6047,#6048,#6049,#6050,#6051));
#1277=EDGE_LOOP('',(#6052,#6053,#6054,#6055,#6056,#6057,#6058,#6059));
#1278=EDGE_LOOP('',(#6060,#6061,#6062,#6063,#6064,#6065));
#1279=EDGE_LOOP('',(#6066,#6067,#6068,#6069,#6070,#6071));
#1280=EDGE_LOOP('',(#6072,#6073,#6074,#6075,#6076,#6077));
#1281=EDGE_LOOP('',(#6078,#6079,#6080,#6081,#6082,#6083));
#1282=EDGE_LOOP('',(#6084,#6085,#6086,#6087,#6088,#6089));
#1283=EDGE_LOOP('',(#6090,#6091,#6092,#6093,#6094));
#1284=EDGE_LOOP('',(#6095,#6096,#6097,#6098,#6099,#6100));
#1285=EDGE_LOOP('',(#6101,#6102,#6103,#6104,#6105,#6106));
#1286=EDGE_LOOP('',(#6107,#6108,#6109,#6110,#6111,#6112));
#1287=EDGE_LOOP('',(#6113,#6114,#6115,#6116,#6117,#6118));
#1288=EDGE_LOOP('',(#6119,#6120,#6121,#6122,#6123));
#1289=EDGE_LOOP('',(#6124,#6125,#6126,#6127,#6128,#6129));
#1290=EDGE_LOOP('',(#6130,#6131,#6132,#6133,#6134,#6135));
#1291=EDGE_LOOP('',(#6136,#6137,#6138,#6139,#6140,#6141));
#1292=EDGE_LOOP('',(#6142,#6143,#6144,#6145,#6146));
#1293=EDGE_LOOP('',(#6147,#6148,#6149,#6150));
#1294=EDGE_LOOP('',(#6151,#6152,#6153,#6154,#6155));
#1295=EDGE_LOOP('',(#6156,#6157,#6158,#6159,#6160));
#1296=EDGE_LOOP('',(#6161,#6162,#6163,#6164));
#1297=EDGE_LOOP('',(#6165,#6166,#6167,#6168));
#1298=EDGE_LOOP('',(#6169,#6170,#6171,#6172));
#1299=EDGE_LOOP('',(#6173,#6174,#6175,#6176));
#1300=EDGE_LOOP('',(#6177,#6178,#6179,#6180));
#1301=EDGE_LOOP('',(#6181,#6182,#6183,#6184));
#1302=EDGE_LOOP('',(#6185,#6186,#6187,#6188));
#1303=EDGE_LOOP('',(#6189,#6190,#6191,#6192));
#1304=EDGE_LOOP('',(#6193,#6194,#6195,#6196));
#1305=EDGE_LOOP('',(#6197,#6198,#6199,#6200));
#1306=EDGE_LOOP('',(#6201,#6202,#6203,#6204));
#1307=EDGE_LOOP('',(#6205,#6206,#6207,#6208));
#1308=EDGE_LOOP('',(#6209,#6210,#6211,#6212));
#1309=EDGE_LOOP('',(#6213,#6214,#6215,#6216,#6217,#6218));
#1310=EDGE_LOOP('',(#6219,#6220,#6221,#6222,#6223));
#1311=EDGE_LOOP('',(#6224,#6225,#6226,#6227));
#1312=EDGE_LOOP('',(#6228,#6229,#6230,#6231,#6232));
#1313=EDGE_LOOP('',(#6233,#6234,#6235,#6236,#6237));
#1314=EDGE_LOOP('',(#6238,#6239,#6240,#6241));
#1315=EDGE_LOOP('',(#6242,#6243,#6244,#6245,#6246));
#1316=EDGE_LOOP('',(#6247,#6248,#6249,#6250));
#1317=EDGE_LOOP('',(#6251,#6252,#6253,#6254));
#1318=EDGE_LOOP('',(#6255,#6256,#6257,#6258));
#1319=EDGE_LOOP('',(#6259,#6260,#6261,#6262,#6263,#6264,#6265,#6266));
#1320=EDGE_LOOP('',(#6267,#6268,#6269,#6270,#6271,#6272,#6273,#6274,#6275,
#6276,#6277,#6278,#6279,#6280,#6281,#6282,#6283,#6284,#6285,#6286,#6287,
#6288,#6289,#6290,#6291,#6292,#6293,#6294,#6295,#6296,#6297,#6298,#6299,
#6300,#6301,#6302,#6303,#6304,#6305,#6306,#6307,#6308,#6309,#6310,#6311,
#6312,#6313,#6314));
#1321=EDGE_LOOP('',(#6315));
#1322=EDGE_LOOP('',(#6316));
#1323=EDGE_LOOP('',(#6317));
#1324=EDGE_LOOP('',(#6318));
#1325=EDGE_LOOP('',(#6319));
#1326=EDGE_LOOP('',(#6320));
#1327=EDGE_LOOP('',(#6321));
#1328=EDGE_LOOP('',(#6322));
#1329=EDGE_LOOP('',(#6323));
#1330=EDGE_LOOP('',(#6324));
#1331=EDGE_LOOP('',(#6325,#6326,#6327,#6328));
#1332=EDGE_LOOP('',(#6329,#6330,#6331,#6332));
#1333=EDGE_LOOP('',(#6333,#6334,#6335,#6336));
#1334=CIRCLE('',#6832,3.8);
#1335=CIRCLE('',#6833,4.8);
#1336=CIRCLE('',#6835,7.2);
#1337=CIRCLE('',#6836,6.2);
#1338=CIRCLE('',#6838,3.79999999999999);
#1339=CIRCLE('',#6839,4.8);
#1340=CIRCLE('',#6842,3.8);
#1341=CIRCLE('',#6843,4.8);
#1342=CIRCLE('',#6845,7.19999999999999);
#1343=CIRCLE('',#6846,6.2);
#1344=CIRCLE('',#6848,3.8);
#1345=CIRCLE('',#6849,4.8);
#1346=CIRCLE('',#6852,3.8);
#1347=CIRCLE('',#6853,4.8);
#1348=CIRCLE('',#6856,3.8);
#1349=CIRCLE('',#6857,4.8);
#1350=CIRCLE('',#6859,7.2);
#1351=CIRCLE('',#6860,6.2);
#1352=CIRCLE('',#6862,3.8);
#1353=CIRCLE('',#6863,4.8);
#1354=CIRCLE('',#6866,3.79999999999999);
#1355=CIRCLE('',#6867,4.8);
#1356=CIRCLE('',#6869,7.19999999999998);
#1357=CIRCLE('',#6870,6.2);
#1358=CIRCLE('',#6872,3.8);
#1359=CIRCLE('',#6873,4.8);
#1360=CIRCLE('',#6876,3.8);
#1361=CIRCLE('',#6877,4.8);
#1362=CIRCLE('',#6880,3.8);
#1363=CIRCLE('',#6881,4.8);
#1364=CIRCLE('',#6883,7.2);
#1365=CIRCLE('',#6884,6.2);
#1366=CIRCLE('',#6886,3.8);
#1367=CIRCLE('',#6887,4.8);
#1368=CIRCLE('',#6890,3.8);
#1369=CIRCLE('',#6891,4.8);
#1370=CIRCLE('',#6893,7.2);
#1371=CIRCLE('',#6894,6.2);
#1372=CIRCLE('',#6896,3.8);
#1373=CIRCLE('',#6897,4.8);
#1374=CIRCLE('',#6900,3.8);
#1375=CIRCLE('',#6901,4.8);
#1376=CIRCLE('',#6903,7.2);
#1377=CIRCLE('',#6904,6.2);
#1378=CIRCLE('',#6906,3.8);
#1379=CIRCLE('',#6907,4.8);
#1380=CIRCLE('',#6910,3.8);
#1381=CIRCLE('',#6911,4.8);
#1382=CIRCLE('',#6914,3.8);
#1383=CIRCLE('',#6915,4.8);
#1384=CIRCLE('',#6917,7.20000000000002);
#1385=CIRCLE('',#6918,6.2);
#1386=CIRCLE('',#6920,3.8);
#1387=CIRCLE('',#6921,4.8);
#1388=CIRCLE('',#6924,3.8);
#1389=CIRCLE('',#6925,4.8);
#1390=CIRCLE('',#6927,7.20000000000001);
#1391=CIRCLE('',#6928,6.2);
#1392=CIRCLE('',#6930,3.80000000000001);
#1393=CIRCLE('',#6931,4.8);
#1394=CIRCLE('',#6934,3.8);
#1395=CIRCLE('',#6935,4.8);
#1396=CIRCLE('',#6938,3.8);
#1397=CIRCLE('',#6939,4.8);
#1398=CIRCLE('',#6941,7.2);
#1399=CIRCLE('',#6942,6.2);
#1400=CIRCLE('',#6944,3.8);
#1401=CIRCLE('',#6945,4.8);
#1402=CIRCLE('',#6949,4.8);
#1403=CIRCLE('',#6951,6.2);
#1404=CIRCLE('',#6953,4.8);
#1405=CIRCLE('',#6956,4.8);
#1406=CIRCLE('',#6959,4.8);
#1407=CIRCLE('',#6961,6.2);
#1408=CIRCLE('',#6963,4.8);
#1409=CIRCLE('',#6966,4.8);
#1410=CIRCLE('',#6968,6.2);
#1411=CIRCLE('',#6970,4.8);
#1412=CIRCLE('',#6973,4.8);
#1413=CIRCLE('',#6976,4.8);
#1414=CIRCLE('',#6978,6.2);
#1415=CIRCLE('',#6980,4.8);
#1416=CIRCLE('',#6983,4.8);
#1417=CIRCLE('',#6985,6.2);
#1418=CIRCLE('',#6987,4.8);
#1419=CIRCLE('',#6989,3.);
#1420=CIRCLE('',#6990,8.00000000000001);
#1421=CIRCLE('',#6991,2.99999999999999);
#1422=CIRCLE('',#6992,2.99999999999999);
#1423=CIRCLE('',#6993,3.);
#1424=CIRCLE('',#6994,8.);
#1425=CIRCLE('',#6995,2.99999999999999);
#1426=CIRCLE('',#6996,3.);
#1427=CIRCLE('',#6997,8.00000000000001);
#1428=CIRCLE('',#6998,2.99999999999999);
#1429=CIRCLE('',#6999,2.99999999999999);
#1430=CIRCLE('',#7000,2.99999999999999);
#1431=CIRCLE('',#7001,8.00000000000001);
#1432=CIRCLE('',#7002,2.99999999999999);
#1433=CIRCLE('',#7003,2.99999999999999);
#1434=CIRCLE('',#7004,8.00000000000001);
#1435=CIRCLE('',#7005,2.99999999999999);
#1436=CIRCLE('',#7006,2.99999999999999);
#1437=CIRCLE('',#7007,8.00000000000001);
#1438=CIRCLE('',#7008,2.99999999999999);
#1439=CIRCLE('',#7009,2.99999999999999);
#1440=CIRCLE('',#7010,2.99999999999999);
#1441=CIRCLE('',#7011,8.00000000000001);
#1442=CIRCLE('',#7012,2.99999999999999);
#1443=CIRCLE('',#7013,2.99999999999999);
#1444=CIRCLE('',#7014,8.00000000000001);
#1445=CIRCLE('',#7015,2.99999999999999);
#1446=CIRCLE('',#7016,2.99999999999999);
#1447=CIRCLE('',#7017,3.);
#1448=CIRCLE('',#7018,8.00000000000001);
#1449=CIRCLE('',#7019,2.99999999999999);
#1450=CIRCLE('',#7020,3.);
#1451=CIRCLE('',#7021,8.00000000000001);
#1452=CIRCLE('',#7022,2.99999999999999);
#1453=CIRCLE('',#7025,4.8);
#1454=CIRCLE('',#7027,6.2);
#1455=CIRCLE('',#7029,4.8);
#1456=CIRCLE('',#7032,4.8);
#1457=CIRCLE('',#7035,4.8);
#1458=CIRCLE('',#7037,6.2);
#1459=CIRCLE('',#7039,4.8);
#1460=CIRCLE('',#7042,4.8);
#1461=CIRCLE('',#7044,6.2);
#1462=CIRCLE('',#7046,4.8);
#1463=CIRCLE('',#7049,4.8);
#1464=CIRCLE('',#7052,4.8);
#1465=CIRCLE('',#7054,6.2);
#1466=CIRCLE('',#7056,4.8);
#1467=CIRCLE('',#7059,4.8);
#1468=CIRCLE('',#7061,6.2);
#1469=CIRCLE('',#7063,4.8);
#1470=CIRCLE('',#7065,1.99999999999999);
#1471=CIRCLE('',#7066,2.99999999999999);
#1472=CIRCLE('',#7067,2.);
#1473=CIRCLE('',#7068,5.);
#1474=CIRCLE('',#7070,8.);
#1475=CIRCLE('',#7071,2.);
#1476=CIRCLE('',#7072,6.);
#1477=CIRCLE('',#7074,3.);
#1478=CIRCLE('',#7075,2.);
#1479=CIRCLE('',#7076,5.);
#1480=CIRCLE('',#7078,2.);
#1481=CIRCLE('',#7080,2.99999999999999);
#1482=CIRCLE('',#7081,2.);
#1483=CIRCLE('',#7082,5.);
#1484=CIRCLE('',#7084,2.);
#1485=CIRCLE('',#7086,2.99999999999999);
#1486=CIRCLE('',#7087,2.);
#1487=CIRCLE('',#7088,5.);
#1488=CIRCLE('',#7090,8.00000000000001);
#1489=CIRCLE('',#7091,2.);
#1490=CIRCLE('',#7092,6.);
#1491=CIRCLE('',#7094,3.);
#1492=CIRCLE('',#7095,2.);
#1493=CIRCLE('',#7096,5.);
#1494=CIRCLE('',#7098,2.);
#1495=CIRCLE('',#7100,2.99999999999999);
#1496=CIRCLE('',#7101,2.);
#1497=CIRCLE('',#7102,5.);
#1498=CIRCLE('',#7104,8.00000000000001);
#1499=CIRCLE('',#7105,2.);
#1500=CIRCLE('',#7106,6.);
#1501=CIRCLE('',#7108,3.);
#1502=CIRCLE('',#7109,2.);
#1503=CIRCLE('',#7110,5.);
#1504=CIRCLE('',#7112,2.);
#1505=CIRCLE('',#7114,2.99999999999999);
#1506=CIRCLE('',#7115,2.);
#1507=CIRCLE('',#7116,5.);
#1508=CIRCLE('',#7118,8.00000000000001);
#1509=CIRCLE('',#7119,2.);
#1510=CIRCLE('',#7120,6.);
#1511=CIRCLE('',#7122,3.);
#1512=CIRCLE('',#7123,2.);
#1513=CIRCLE('',#7124,5.);
#1514=CIRCLE('',#7126,2.);
#1515=CIRCLE('',#7128,2.99999999999999);
#1516=CIRCLE('',#7129,2.);
#1517=CIRCLE('',#7130,5.);
#1518=CIRCLE('',#7132,2.);
#1519=CIRCLE('',#7134,2.99999999999999);
#1520=CIRCLE('',#7135,2.);
#1521=CIRCLE('',#7136,5.);
#1522=CIRCLE('',#7138,8.00000000000001);
#1523=CIRCLE('',#7139,2.);
#1524=CIRCLE('',#7140,6.);
#1525=CIRCLE('',#7142,2.99999999999999);
#1526=CIRCLE('',#7143,2.);
#1527=CIRCLE('',#7144,5.);
#1528=CIRCLE('',#7146,2.);
#1529=CIRCLE('',#7148,2.99999999999999);
#1530=CIRCLE('',#7149,2.);
#1531=CIRCLE('',#7150,5.);
#1532=CIRCLE('',#7152,8.00000000000001);
#1533=CIRCLE('',#7153,2.);
#1534=CIRCLE('',#7154,6.);
#1535=CIRCLE('',#7156,2.99999999999999);
#1536=CIRCLE('',#7157,2.);
#1537=CIRCLE('',#7158,5.);
#1538=CIRCLE('',#7160,2.);
#1539=CIRCLE('',#7162,2.99999999999999);
#1540=CIRCLE('',#7163,2.);
#1541=CIRCLE('',#7164,5.);
#1542=CIRCLE('',#7166,2.);
#1543=CIRCLE('',#7168,2.99999999999999);
#1544=CIRCLE('',#7169,2.);
#1545=CIRCLE('',#7170,5.);
#1546=CIRCLE('',#7172,8.00000000000001);
#1547=CIRCLE('',#7173,2.);
#1548=CIRCLE('',#7174,6.);
#1549=CIRCLE('',#7176,2.99999999999999);
#1550=CIRCLE('',#7177,2.);
#1551=CIRCLE('',#7178,5.);
#1552=CIRCLE('',#7180,2.);
#1553=CIRCLE('',#7182,2.99999999999999);
#1554=CIRCLE('',#7183,2.);
#1555=CIRCLE('',#7184,5.);
#1556=CIRCLE('',#7186,8.00000000000001);
#1557=CIRCLE('',#7187,2.);
#1558=CIRCLE('',#7188,6.);
#1559=CIRCLE('',#7190,2.99999999999999);
#1560=CIRCLE('',#7191,2.);
#1561=CIRCLE('',#7192,5.);
#1562=CIRCLE('',#7194,2.);
#1563=CIRCLE('',#7196,2.99999999999999);
#1564=CIRCLE('',#7197,2.);
#1565=CIRCLE('',#7198,5.);
#1566=CIRCLE('',#7200,8.00000000000001);
#1567=CIRCLE('',#7201,2.);
#1568=CIRCLE('',#7202,6.);
#1569=CIRCLE('',#7204,2.99999999999999);
#1570=CIRCLE('',#7205,2.);
#1571=CIRCLE('',#7206,5.);
#1572=CIRCLE('',#7208,2.);
#1573=CIRCLE('',#7210,2.99999999999999);
#1574=CIRCLE('',#7211,2.);
#1575=CIRCLE('',#7212,5.);
#1576=CIRCLE('',#7214,2.);
#1577=CIRCLE('',#7216,2.99999999999999);
#1578=CIRCLE('',#7217,2.);
#1579=CIRCLE('',#7218,5.);
#1580=CIRCLE('',#7220,8.00000000000001);
#1581=CIRCLE('',#7221,2.);
#1582=CIRCLE('',#7222,6.);
#1583=CIRCLE('',#7224,3.);
#1584=CIRCLE('',#7225,2.);
#1585=CIRCLE('',#7226,5.);
#1586=CIRCLE('',#7229,6.);
#1587=CIRCLE('',#7234,5.);
#1588=CIRCLE('',#7239,6.);
#1589=CIRCLE('',#7246,6.);
#1590=CIRCLE('',#7253,6.);
#1591=CIRCLE('',#7258,5.);
#1592=CIRCLE('',#7263,6.);
#1593=CIRCLE('',#7318,5.);
#1594=CIRCLE('',#7323,6.);
#1595=CIRCLE('',#7330,6.);
#1596=CIRCLE('',#7337,6.);
#1597=CIRCLE('',#7342,5.);
#1598=CIRCLE('',#7347,6.);
#1599=CIRCLE('',#7354,3.);
#1600=CIRCLE('',#7355,4.);
#1601=CIRCLE('',#7356,4.);
#1602=CIRCLE('',#7358,2.25);
#1603=CIRCLE('',#7360,4.);
#1604=CIRCLE('',#7362,3.);
#1605=CIRCLE('',#7363,4.);
#1606=CIRCLE('',#7364,4.);
#1607=CIRCLE('',#7366,2.25);
#1608=CIRCLE('',#7368,4.);
#1609=CIRCLE('',#7370,3.);
#1610=CIRCLE('',#7371,4.);
#1611=CIRCLE('',#7372,4.);
#1612=CIRCLE('',#7374,2.25);
#1613=CIRCLE('',#7376,4.);
#1614=CIRCLE('',#7378,3.);
#1615=CIRCLE('',#7379,4.);
#1616=CIRCLE('',#7380,4.);
#1617=CIRCLE('',#7382,2.25);
#1618=CIRCLE('',#7384,4.);
#1619=CIRCLE('',#7386,3.);
#1620=CIRCLE('',#7387,4.);
#1621=CIRCLE('',#7388,4.);
#1622=CIRCLE('',#7390,2.25);
#1623=CIRCLE('',#7392,4.);
#1624=CIRCLE('',#7394,3.);
#1625=CIRCLE('',#7395,4.);
#1626=CIRCLE('',#7396,4.);
#1627=CIRCLE('',#7398,2.25);
#1628=CIRCLE('',#7400,4.);
#1629=CIRCLE('',#7402,3.);
#1630=CIRCLE('',#7403,4.);
#1631=CIRCLE('',#7404,4.);
#1632=CIRCLE('',#7406,2.25);
#1633=CIRCLE('',#7408,4.);
#1634=CIRCLE('',#7410,3.);
#1635=CIRCLE('',#7411,4.);
#1636=CIRCLE('',#7412,4.);
#1637=CIRCLE('',#7414,2.25);
#1638=CIRCLE('',#7416,4.);
#1639=CIRCLE('',#7418,3.);
#1640=CIRCLE('',#7419,4.);
#1641=CIRCLE('',#7420,4.);
#1642=CIRCLE('',#7422,2.25);
#1643=CIRCLE('',#7424,4.);
#1644=CIRCLE('',#7426,3.);
#1645=CIRCLE('',#7427,4.);
#1646=CIRCLE('',#7428,4.);
#1647=CIRCLE('',#7430,2.25);
#1648=CIRCLE('',#7432,4.);
#1649=CIRCLE('',#7434,19.);
#1650=CIRCLE('',#7435,16.309868710738);
#1651=CIRCLE('',#7438,19.);
#1652=CIRCLE('',#7439,16.3098687107381);
#1653=CIRCLE('',#7442,19.);
#1654=CIRCLE('',#7443,16.3098687107381);
#1655=CIRCLE('',#7446,19.);
#1656=CIRCLE('',#7447,16.3098687107381);
#1657=CIRCLE('',#7451,6.3395041804662);
#1658=CIRCLE('',#7454,6.33950418046619);
#1659=CIRCLE('',#7456,10.5);
#1660=CIRCLE('',#7457,10.5);
#1661=CIRCLE('',#7458,10.5);
#1662=CIRCLE('',#7459,10.5);
#1663=CIRCLE('',#7460,15.1);
#1664=CIRCLE('',#7461,5.);
#1665=CIRCLE('',#7462,5.);
#1666=CIRCLE('',#7463,5.);
#1667=CIRCLE('',#7464,5.);
#1668=CIRCLE('',#7465,3.);
#1669=CIRCLE('',#7466,5.60000000000001);
#1670=CIRCLE('',#7467,3.);
#1671=CIRCLE('',#7468,3.);
#1672=CIRCLE('',#7469,5.60000000000001);
#1673=CIRCLE('',#7470,3.);
#1674=CIRCLE('',#7472,2.03529411764706);
#1675=CIRCLE('',#7475,2.03529411764708);
#1676=CIRCLE('',#7478,6.33950418046618);
#1677=CIRCLE('',#7479,2.03529411764706);
#1678=CIRCLE('',#7482,6.33950418046618);
#1679=CIRCLE('',#7483,2.03529411764708);
#1680=CIRCLE('',#7489,2.);
#1681=CIRCLE('',#7490,2.00000000000001);
#1682=CIRCLE('',#7491,2.);
#1683=CIRCLE('',#7492,2.);
#1684=CIRCLE('',#7494,2.);
#1685=CIRCLE('',#7497,2.);
#1686=CIRCLE('',#7500,2.00000000000001);
#1687=CIRCLE('',#7503,2.);
#1688=CIRCLE('',#7508,11.);
#1689=CIRCLE('',#7509,6.);
#1690=CIRCLE('',#7510,11.);
#1691=CIRCLE('',#7512,11.);
#1692=CIRCLE('',#7513,11.);
#1693=CIRCLE('',#7514,11.);
#1694=CIRCLE('',#7515,3.);
#1695=CIRCLE('',#7516,11.);
#1696=CIRCLE('',#7517,11.);
#1697=CIRCLE('',#7518,3.);
#1698=CIRCLE('',#7519,11.);
#1699=CIRCLE('',#7520,11.);
#1700=CIRCLE('',#7521,11.);
#1701=CIRCLE('',#7522,3.);
#1702=CIRCLE('',#7523,11.);
#1703=CIRCLE('',#7524,1.65);
#1704=CIRCLE('',#7525,1.65);
#1705=CIRCLE('',#7526,1.);
#1706=CIRCLE('',#7527,1.);
#1707=CIRCLE('',#7528,1.);
#1708=CIRCLE('',#7529,1.);
#1709=CIRCLE('',#7530,1.);
#1710=CIRCLE('',#7531,1.);
#1711=CIRCLE('',#7532,1.);
#1712=CIRCLE('',#7533,1.);
#1713=CIRCLE('',#7534,11.);
#1714=CIRCLE('',#7536,1.);
#1715=CIRCLE('',#7539,1.);
#1716=CIRCLE('',#7542,1.);
#1717=CIRCLE('',#7545,1.);
#1718=CIRCLE('',#7548,1.);
#1719=CIRCLE('',#7551,1.);
#1720=CIRCLE('',#7554,1.);
#1721=CIRCLE('',#7557,1.);
#1722=CIRCLE('',#7560,1.65);
#1723=CIRCLE('',#7562,1.65);
#1724=CIRCLE('',#7564,3.);
#1725=CIRCLE('',#7567,3.);
#1726=CIRCLE('',#7570,5.60000000000001);
#1727=CIRCLE('',#7573,3.);
#1728=CIRCLE('',#7576,3.);
#1729=CIRCLE('',#7579,5.60000000000001);
#1730=CIRCLE('',#7584,5.);
#1731=CIRCLE('',#7587,5.);
#1732=CIRCLE('',#7590,5.);
#1733=CIRCLE('',#7593,5.);
#1734=CIRCLE('',#7596,15.1);
#1735=CIRCLE('',#7598,11.);
#1736=CIRCLE('',#7601,2.25);
#1737=CIRCLE('',#7603,2.25);
#1738=CIRCLE('',#7605,2.25);
#1739=CIRCLE('',#7607,2.25);
#1740=CIRCLE('',#7609,2.25);
#1741=CIRCLE('',#7611,2.25);
#1742=CIRCLE('',#7613,2.25);
#1743=CIRCLE('',#7615,2.25);
#1744=CIRCLE('',#7617,2.25);
#1745=CIRCLE('',#7619,2.25);
#1746=CIRCLE('',#7622,3.);
#1747=CIRCLE('',#7623,11.);
#1748=CIRCLE('',#7646,12.5);
#1749=CIRCLE('',#7649,12.5);
#1750=CIRCLE('',#7652,12.5);
#1751=CIRCLE('',#7655,12.5);
#1752=CIRCLE('',#7657,12.5);
#1753=CIRCLE('',#7660,12.5);
#1754=CIRCLE('',#7673,12.5);
#1755=CIRCLE('',#7675,12.5);
#1756=LINE('',#9884,#2259);
#1757=LINE('',#9888,#2260);
#1758=LINE('',#9893,#2261);
#1759=LINE('',#9899,#2262);
#1760=LINE('',#9905,#2263);
#1761=LINE('',#9906,#2264);
#1762=LINE('',#9907,#2265);
#1763=LINE('',#9911,#2266);
#1764=LINE('',#9917,#2267);
#1765=LINE('',#9923,#2268);
#1766=LINE('',#9929,#2269);
#1767=LINE('',#9930,#2270);
#1768=LINE('',#9931,#2271);
#1769=LINE('',#9935,#2272);
#1770=LINE('',#9941,#2273);
#1771=LINE('',#9942,#2274);
#1772=LINE('',#9943,#2275);
#1773=LINE('',#9947,#2276);
#1774=LINE('',#9953,#2277);
#1775=LINE('',#9959,#2278);
#1776=LINE('',#9965,#2279);
#1777=LINE('',#9966,#2280);
#1778=LINE('',#9967,#2281);
#1779=LINE('',#9971,#2282);
#1780=LINE('',#9977,#2283);
#1781=LINE('',#9983,#2284);
#1782=LINE('',#9989,#2285);
#1783=LINE('',#9990,#2286);
#1784=LINE('',#9991,#2287);
#1785=LINE('',#9995,#2288);
#1786=LINE('',#10001,#2289);
#1787=LINE('',#10002,#2290);
#1788=LINE('',#10003,#2291);
#1789=LINE('',#10007,#2292);
#1790=LINE('',#10013,#2293);
#1791=LINE('',#10019,#2294);
#1792=LINE('',#10025,#2295);
#1793=LINE('',#10026,#2296);
#1794=LINE('',#10027,#2297);
#1795=LINE('',#10031,#2298);
#1796=LINE('',#10037,#2299);
#1797=LINE('',#10043,#2300);
#1798=LINE('',#10049,#2301);
#1799=LINE('',#10050,#2302);
#1800=LINE('',#10051,#2303);
#1801=LINE('',#10055,#2304);
#1802=LINE('',#10061,#2305);
#1803=LINE('',#10067,#2306);
#1804=LINE('',#10073,#2307);
#1805=LINE('',#10074,#2308);
#1806=LINE('',#10075,#2309);
#1807=LINE('',#10079,#2310);
#1808=LINE('',#10085,#2311);
#1809=LINE('',#10086,#2312);
#1810=LINE('',#10087,#2313);
#1811=LINE('',#10091,#2314);
#1812=LINE('',#10097,#2315);
#1813=LINE('',#10103,#2316);
#1814=LINE('',#10109,#2317);
#1815=LINE('',#10110,#2318);
#1816=LINE('',#10111,#2319);
#1817=LINE('',#10115,#2320);
#1818=LINE('',#10121,#2321);
#1819=LINE('',#10127,#2322);
#1820=LINE('',#10133,#2323);
#1821=LINE('',#10134,#2324);
#1822=LINE('',#10135,#2325);
#1823=LINE('',#10139,#2326);
#1824=LINE('',#10145,#2327);
#1825=LINE('',#10146,#2328);
#1826=LINE('',#10147,#2329);
#1827=LINE('',#10151,#2330);
#1828=LINE('',#10157,#2331);
#1829=LINE('',#10163,#2332);
#1830=LINE('',#10167,#2333);
#1831=LINE('',#10168,#2334);
#1832=LINE('',#10171,#2335);
#1833=LINE('',#10173,#2336);
#1834=LINE('',#10174,#2337);
#1835=LINE('',#10177,#2338);
#1836=LINE('',#10181,#2339);
#1837=LINE('',#10185,#2340);
#1838=LINE('',#10189,#2341);
#1839=LINE('',#10190,#2342);
#1840=LINE('',#10193,#2343);
#1841=LINE('',#10197,#2344);
#1842=LINE('',#10198,#2345);
#1843=LINE('',#10201,#2346);
#1844=LINE('',#10205,#2347);
#1845=LINE('',#10209,#2348);
#1846=LINE('',#10213,#2349);
#1847=LINE('',#10214,#2350);
#1848=LINE('',#10217,#2351);
#1849=LINE('',#10221,#2352);
#1850=LINE('',#10225,#2353);
#1851=LINE('',#10229,#2354);
#1852=LINE('',#10230,#2355);
#1853=LINE('',#10233,#2356);
#1854=LINE('',#10237,#2357);
#1855=LINE('',#10238,#2358);
#1856=LINE('',#10241,#2359);
#1857=LINE('',#10245,#2360);
#1858=LINE('',#10249,#2361);
#1859=LINE('',#10253,#2362);
#1860=LINE('',#10254,#2363);
#1861=LINE('',#10257,#2364);
#1862=LINE('',#10261,#2365);
#1863=LINE('',#10265,#2366);
#1864=LINE('',#10276,#2367);
#1865=LINE('',#10280,#2368);
#1866=LINE('',#10288,#2369);
#1867=LINE('',#10296,#2370);
#1868=LINE('',#10300,#2371);
#1869=LINE('',#10308,#2372);
#1870=LINE('',#10316,#2373);
#1871=LINE('',#10324,#2374);
#1872=LINE('',#10328,#2375);
#1873=LINE('',#10336,#2376);
#1874=LINE('',#10344,#2377);
#1875=LINE('',#10348,#2378);
#1876=LINE('',#10356,#2379);
#1877=LINE('',#10363,#2380);
#1878=LINE('',#10366,#2381);
#1879=LINE('',#10367,#2382);
#1880=LINE('',#10370,#2383);
#1881=LINE('',#10374,#2384);
#1882=LINE('',#10378,#2385);
#1883=LINE('',#10382,#2386);
#1884=LINE('',#10383,#2387);
#1885=LINE('',#10386,#2388);
#1886=LINE('',#10390,#2389);
#1887=LINE('',#10391,#2390);
#1888=LINE('',#10394,#2391);
#1889=LINE('',#10398,#2392);
#1890=LINE('',#10402,#2393);
#1891=LINE('',#10406,#2394);
#1892=LINE('',#10407,#2395);
#1893=LINE('',#10410,#2396);
#1894=LINE('',#10414,#2397);
#1895=LINE('',#10418,#2398);
#1896=LINE('',#10422,#2399);
#1897=LINE('',#10423,#2400);
#1898=LINE('',#10426,#2401);
#1899=LINE('',#10430,#2402);
#1900=LINE('',#10431,#2403);
#1901=LINE('',#10434,#2404);
#1902=LINE('',#10438,#2405);
#1903=LINE('',#10442,#2406);
#1904=LINE('',#10446,#2407);
#1905=LINE('',#10447,#2408);
#1906=LINE('',#10450,#2409);
#1907=LINE('',#10454,#2410);
#1908=LINE('',#10481,#2411);
#1909=LINE('',#10484,#2412);
#1910=LINE('',#10493,#2413);
#1911=LINE('',#10496,#2414);
#1912=LINE('',#10517,#2415);
#1913=LINE('',#10520,#2416);
#1914=LINE('',#10541,#2417);
#1915=LINE('',#10544,#2418);
#1916=LINE('',#10565,#2419);
#1917=LINE('',#10568,#2420);
#1918=LINE('',#10577,#2421);
#1919=LINE('',#10580,#2422);
#1920=LINE('',#10601,#2423);
#1921=LINE('',#10604,#2424);
#1922=LINE('',#10625,#2425);
#1923=LINE('',#10628,#2426);
#1924=LINE('',#10637,#2427);
#1925=LINE('',#10640,#2428);
#1926=LINE('',#10661,#2429);
#1927=LINE('',#10664,#2430);
#1928=LINE('',#10685,#2431);
#1929=LINE('',#10688,#2432);
#1930=LINE('',#10709,#2433);
#1931=LINE('',#10712,#2434);
#1932=LINE('',#10721,#2435);
#1933=LINE('',#10724,#2436);
#1934=LINE('',#10744,#2437);
#1935=LINE('',#10745,#2438);
#1936=LINE('',#10748,#2439);
#1937=LINE('',#10751,#2440);
#1938=LINE('',#10754,#2441);
#1939=LINE('',#10769,#2442);
#1940=LINE('',#10770,#2443);
#1941=LINE('',#10773,#2444);
#1942=LINE('',#10777,#2445);
#1943=LINE('',#10778,#2446);
#1944=LINE('',#10781,#2447);
#1945=LINE('',#10796,#2448);
#1946=LINE('',#10800,#2449);
#1947=LINE('',#10815,#2450);
#1948=LINE('',#10816,#2451);
#1949=LINE('',#10819,#2452);
#1950=LINE('',#10834,#2453);
#1951=LINE('',#10838,#2454);
#1952=LINE('',#10853,#2455);
#1953=LINE('',#10854,#2456);
#1954=LINE('',#10857,#2457);
#1955=LINE('',#10872,#2458);
#1956=LINE('',#10876,#2459);
#1957=LINE('',#10891,#2460);
#1958=LINE('',#10892,#2461);
#1959=LINE('',#10895,#2462);
#1960=LINE('',#10899,#2463);
#1961=LINE('',#10900,#2464);
#1962=LINE('',#10903,#2465);
#1963=LINE('',#10918,#2466);
#1964=LINE('',#10922,#2467);
#1965=LINE('',#10937,#2468);
#1966=LINE('',#10938,#2469);
#1967=LINE('',#10941,#2470);
#1968=LINE('',#10955,#2471);
#1969=LINE('',#10956,#2472);
#1970=LINE('',#10958,#2473);
#1971=LINE('',#10960,#2474);
#1972=LINE('',#10962,#2475);
#1973=LINE('',#10964,#2476);
#1974=LINE('',#10966,#2477);
#1975=LINE('',#10968,#2478);
#1976=LINE('',#10970,#2479);
#1977=LINE('',#10972,#2480);
#1978=LINE('',#10974,#2481);
#1979=LINE('',#10976,#2482);
#1980=LINE('',#10978,#2483);
#1981=LINE('',#10980,#2484);
#1982=LINE('',#10982,#2485);
#1983=LINE('',#10984,#2486);
#1984=LINE('',#10986,#2487);
#1985=LINE('',#10988,#2488);
#1986=LINE('',#10990,#2489);
#1987=LINE('',#10992,#2490);
#1988=LINE('',#10994,#2491);
#1989=LINE('',#10996,#2492);
#1990=LINE('',#10998,#2493);
#1991=LINE('',#11000,#2494);
#1992=LINE('',#11002,#2495);
#1993=LINE('',#11004,#2496);
#1994=LINE('',#11006,#2497);
#1995=LINE('',#11008,#2498);
#1996=LINE('',#11010,#2499);
#1997=LINE('',#11012,#2500);
#1998=LINE('',#11014,#2501);
#1999=LINE('',#11016,#2502);
#2000=LINE('',#11018,#2503);
#2001=LINE('',#11020,#2504);
#2002=LINE('',#11022,#2505);
#2003=LINE('',#11024,#2506);
#2004=LINE('',#11026,#2507);
#2005=LINE('',#11028,#2508);
#2006=LINE('',#11030,#2509);
#2007=LINE('',#11032,#2510);
#2008=LINE('',#11034,#2511);
#2009=LINE('',#11036,#2512);
#2010=LINE('',#11038,#2513);
#2011=LINE('',#11040,#2514);
#2012=LINE('',#11042,#2515);
#2013=LINE('',#11044,#2516);
#2014=LINE('',#11046,#2517);
#2015=LINE('',#11048,#2518);
#2016=LINE('',#11052,#2519);
#2017=LINE('',#11055,#2520);
#2018=LINE('',#11058,#2521);
#2019=LINE('',#11059,#2522);
#2020=LINE('',#11062,#2523);
#2021=LINE('',#11077,#2524);
#2022=LINE('',#11081,#2525);
#2023=LINE('',#11096,#2526);
#2024=LINE('',#11097,#2527);
#2025=LINE('',#11100,#2528);
#2026=LINE('',#11115,#2529);
#2027=LINE('',#11119,#2530);
#2028=LINE('',#11134,#2531);
#2029=LINE('',#11135,#2532);
#2030=LINE('',#11138,#2533);
#2031=LINE('',#11153,#2534);
#2032=LINE('',#11157,#2535);
#2033=LINE('',#11172,#2536);
#2034=LINE('',#11173,#2537);
#2035=LINE('',#11176,#2538);
#2036=LINE('',#11180,#2539);
#2037=LINE('',#11181,#2540);
#2038=LINE('',#11184,#2541);
#2039=LINE('',#11199,#2542);
#2040=LINE('',#11203,#2543);
#2041=LINE('',#11218,#2544);
#2042=LINE('',#11219,#2545);
#2043=LINE('',#11237,#2546);
#2044=LINE('',#11247,#2547);
#2045=LINE('',#11252,#2548);
#2046=LINE('',#11262,#2549);
#2047=LINE('',#11267,#2550);
#2048=LINE('',#11277,#2551);
#2049=LINE('',#11282,#2552);
#2050=LINE('',#11292,#2553);
#2051=LINE('',#11297,#2554);
#2052=LINE('',#11307,#2555);
#2053=LINE('',#11312,#2556);
#2054=LINE('',#11322,#2557);
#2055=LINE('',#11327,#2558);
#2056=LINE('',#11337,#2559);
#2057=LINE('',#11342,#2560);
#2058=LINE('',#11352,#2561);
#2059=LINE('',#11357,#2562);
#2060=LINE('',#11367,#2563);
#2061=LINE('',#11372,#2564);
#2062=LINE('',#11382,#2565);
#2063=LINE('',#11386,#2566);
#2064=LINE('',#11390,#2567);
#2065=LINE('',#11395,#2568);
#2066=LINE('',#11396,#2569);
#2067=LINE('',#11397,#2570);
#2068=LINE('',#11401,#2571);
#2069=LINE('',#11407,#2572);
#2070=LINE('',#11408,#2573);
#2071=LINE('',#11409,#2574);
#2072=LINE('',#11413,#2575);
#2073=LINE('',#11419,#2576);
#2074=LINE('',#11420,#2577);
#2075=LINE('',#11421,#2578);
#2076=LINE('',#11425,#2579);
#2077=LINE('',#11429,#2580);
#2078=LINE('',#11430,#2581);
#2079=LINE('',#11433,#2582);
#2080=LINE('',#11435,#2583);
#2081=LINE('',#11436,#2584);
#2082=LINE('',#11439,#2585);
#2083=LINE('',#11443,#2586);
#2084=LINE('',#11444,#2587);
#2085=LINE('',#11447,#2588);
#2086=LINE('',#11452,#2589);
#2087=LINE('',#11456,#2590);
#2088=LINE('',#11460,#2591);
#2089=LINE('',#11464,#2592);
#2090=LINE('',#11470,#2593);
#2091=LINE('',#11474,#2594);
#2092=LINE('',#11478,#2595);
#2093=LINE('',#11482,#2596);
#2094=LINE('',#11488,#2597);
#2095=LINE('',#11492,#2598);
#2096=LINE('',#11496,#2599);
#2097=LINE('',#11500,#2600);
#2098=LINE('',#11504,#2601);
#2099=LINE('',#11507,#2602);
#2100=LINE('',#11510,#2603);
#2101=LINE('',#11512,#2604);
#2102=LINE('',#11516,#2605);
#2103=LINE('',#11517,#2606);
#2104=LINE('',#11520,#2607);
#2105=LINE('',#11524,#2608);
#2106=LINE('',#11525,#2609);
#2107=LINE('',#11529,#2610);
#2108=LINE('',#11535,#2611);
#2109=LINE('',#11536,#2612);
#2110=LINE('',#11537,#2613);
#2111=LINE('',#11541,#2614);
#2112=LINE('',#11545,#2615);
#2113=LINE('',#11546,#2616);
#2114=LINE('',#11548,#2617);
#2115=LINE('',#11549,#2618);
#2116=LINE('',#11551,#2619);
#2117=LINE('',#11556,#2620);
#2118=LINE('',#11560,#2621);
#2119=LINE('',#11564,#2622);
#2120=LINE('',#11568,#2623);
#2121=LINE('',#11574,#2624);
#2122=LINE('',#11575,#2625);
#2123=LINE('',#11578,#2626);
#2124=LINE('',#11579,#2627);
#2125=LINE('',#11583,#2628);
#2126=LINE('',#11586,#2629);
#2127=LINE('',#11587,#2630);
#2128=LINE('',#11591,#2631);
#2129=LINE('',#11594,#2632);
#2130=LINE('',#11595,#2633);
#2131=LINE('',#11599,#2634);
#2132=LINE('',#11601,#2635);
#2133=LINE('',#12085,#2636);
#2134=LINE('',#12177,#2637);
#2135=LINE('',#12181,#2638);
#2136=LINE('',#12185,#2639);
#2137=LINE('',#12189,#2640);
#2138=LINE('',#12193,#2641);
#2139=LINE('',#12197,#2642);
#2140=LINE('',#12201,#2643);
#2141=LINE('',#12205,#2644);
#2142=LINE('',#12209,#2645);
#2143=LINE('',#12213,#2646);
#2144=LINE('',#12217,#2647);
#2145=LINE('',#12220,#2648);
#2146=LINE('',#12227,#2649);
#2147=LINE('',#12231,#2650);
#2148=LINE('',#12235,#2651);
#2149=LINE('',#12239,#2652);
#2150=LINE('',#12243,#2653);
#2151=LINE('',#12247,#2654);
#2152=LINE('',#12251,#2655);
#2153=LINE('',#12255,#2656);
#2154=LINE('',#12263,#2657);
#2155=LINE('',#12264,#2658);
#2156=LINE('',#12267,#2659);
#2157=LINE('',#12268,#2660);
#2158=LINE('',#12273,#2661);
#2159=LINE('',#12274,#2662);
#2160=LINE('',#12276,#2663);
#2161=LINE('',#12281,#2664);
#2162=LINE('',#12282,#2665);
#2163=LINE('',#12284,#2666);
#2164=LINE('',#12288,#2667);
#2165=LINE('',#12290,#2668);
#2166=LINE('',#12295,#2669);
#2167=LINE('',#12296,#2670);
#2168=LINE('',#12299,#2671);
#2169=LINE('',#12300,#2672);
#2170=LINE('',#12305,#2673);
#2171=LINE('',#12306,#2674);
#2172=LINE('',#12308,#2675);
#2173=LINE('',#12313,#2676);
#2174=LINE('',#12314,#2677);
#2175=LINE('',#12316,#2678);
#2176=LINE('',#12320,#2679);
#2177=LINE('',#12322,#2680);
#2178=LINE('',#12326,#2681);
#2179=LINE('',#12330,#2682);
#2180=LINE('',#12333,#2683);
#2181=LINE('',#12336,#2684);
#2182=LINE('',#12339,#2685);
#2183=LINE('',#12340,#2686);
#2184=LINE('',#12343,#2687);
#2185=LINE('',#12347,#2688);
#2186=LINE('',#12348,#2689);
#2187=LINE('',#12351,#2690);
#2188=LINE('',#12355,#2691);
#2189=LINE('',#12356,#2692);
#2190=LINE('',#12359,#2693);
#2191=LINE('',#12363,#2694);
#2192=LINE('',#12364,#2695);
#2193=LINE('',#12367,#2696);
#2194=LINE('',#12371,#2697);
#2195=LINE('',#12372,#2698);
#2196=LINE('',#12375,#2699);
#2197=LINE('',#12378,#2700);
#2198=LINE('',#12382,#2701);
#2199=LINE('',#12384,#2702);
#2200=LINE('',#12385,#2703);
#2201=LINE('',#12388,#2704);
#2202=LINE('',#12392,#2705);
#2203=LINE('',#12393,#2706);
#2204=LINE('',#12396,#2707);
#2205=LINE('',#12400,#2708);
#2206=LINE('',#12401,#2709);
#2207=LINE('',#12404,#2710);
#2208=LINE('',#12408,#2711);
#2209=LINE('',#12409,#2712);
#2210=LINE('',#12415,#2713);
#2211=LINE('',#12421,#2714);
#2212=LINE('',#12424,#2715);
#2213=LINE('',#12428,#2716);
#2214=LINE('',#12432,#2717);
#2215=LINE('',#12436,#2718);
#2216=LINE('',#12440,#2719);
#2217=LINE('',#12444,#2720);
#2218=LINE('',#12448,#2721);
#2219=LINE('',#12452,#2722);
#2220=LINE('',#12456,#2723);
#2221=LINE('',#12460,#2724);
#2222=LINE('',#12475,#2725);
#2223=LINE('',#12479,#2726);
#2224=LINE('',#12568,#2727);
#2225=LINE('',#12634,#2728);
#2226=LINE('',#12669,#2729);
#2227=LINE('',#12671,#2730);
#2228=LINE('',#12674,#2731);
#2229=LINE('',#12677,#2732);
#2230=LINE('',#12680,#2733);
#2231=LINE('',#12682,#2734);
#2232=LINE('',#12683,#2735);
#2233=LINE('',#12687,#2736);
#2234=LINE('',#12690,#2737);
#2235=LINE('',#12691,#2738);
#2236=LINE('',#12695,#2739);
#2237=LINE('',#12698,#2740);
#2238=LINE('',#12699,#2741);
#2239=LINE('',#12703,#2742);
#2240=LINE('',#12706,#2743);
#2241=LINE('',#12707,#2744);
#2242=LINE('',#12712,#2745);
#2243=LINE('',#12715,#2746);
#2244=LINE('',#12718,#2747);
#2245=LINE('',#12719,#2748);
#2246=LINE('',#12722,#2749);
#2247=LINE('',#12726,#2750);
#2248=LINE('',#12727,#2751);
#2249=LINE('',#12731,#2752);
#2250=LINE('',#12733,#2753);
#2251=LINE('',#12736,#2754);
#2252=LINE('',#12737,#2755);
#2253=LINE('',#12739,#2756);
#2254=LINE('',#12745,#2757);
#2255=LINE('',#12748,#2758);
#2256=LINE('',#12750,#2759);
#2257=LINE('',#12753,#2760);
#2258=LINE('',#12756,#2761);
#2259=VECTOR('',#7683,10.);
#2260=VECTOR('',#7686,10.);
#2261=VECTOR('',#7691,10.);
#2262=VECTOR('',#7698,10.);
#2263=VECTOR('',#7705,10.);
#2264=VECTOR('',#7706,10.);
#2265=VECTOR('',#7707,10.);
#2266=VECTOR('',#7710,10.);
#2267=VECTOR('',#7717,10.);
#2268=VECTOR('',#7724,10.);
#2269=VECTOR('',#7731,10.);
#2270=VECTOR('',#7732,10.);
#2271=VECTOR('',#7733,10.);
#2272=VECTOR('',#7736,10.);
#2273=VECTOR('',#7743,10.);
#2274=VECTOR('',#7744,10.);
#2275=VECTOR('',#7745,10.);
#2276=VECTOR('',#7748,10.);
#2277=VECTOR('',#7755,10.);
#2278=VECTOR('',#7762,10.);
#2279=VECTOR('',#7769,10.);
#2280=VECTOR('',#7770,10.);
#2281=VECTOR('',#7771,10.);
#2282=VECTOR('',#7774,10.);
#2283=VECTOR('',#7781,10.);
#2284=VECTOR('',#7788,10.);
#2285=VECTOR('',#7795,10.);
#2286=VECTOR('',#7796,10.);
#2287=VECTOR('',#7797,10.);
#2288=VECTOR('',#7800,10.);
#2289=VECTOR('',#7807,10.);
#2290=VECTOR('',#7808,10.);
#2291=VECTOR('',#7809,10.);
#2292=VECTOR('',#7812,10.);
#2293=VECTOR('',#7819,10.);
#2294=VECTOR('',#7826,10.);
#2295=VECTOR('',#7833,10.);
#2296=VECTOR('',#7834,10.);
#2297=VECTOR('',#7835,10.);
#2298=VECTOR('',#7838,10.);
#2299=VECTOR('',#7845,10.);
#2300=VECTOR('',#7852,10.);
#2301=VECTOR('',#7859,10.);
#2302=VECTOR('',#7860,10.);
#2303=VECTOR('',#7861,10.);
#2304=VECTOR('',#7864,10.);
#2305=VECTOR('',#7871,10.);
#2306=VECTOR('',#7878,10.);
#2307=VECTOR('',#7885,10.);
#2308=VECTOR('',#7886,10.);
#2309=VECTOR('',#7887,10.);
#2310=VECTOR('',#7890,10.);
#2311=VECTOR('',#7897,10.);
#2312=VECTOR('',#7898,10.);
#2313=VECTOR('',#7899,10.);
#2314=VECTOR('',#7902,10.);
#2315=VECTOR('',#7909,10.);
#2316=VECTOR('',#7916,10.);
#2317=VECTOR('',#7923,10.);
#2318=VECTOR('',#7924,10.);
#2319=VECTOR('',#7925,10.);
#2320=VECTOR('',#7928,10.);
#2321=VECTOR('',#7935,10.);
#2322=VECTOR('',#7942,10.);
#2323=VECTOR('',#7949,10.);
#2324=VECTOR('',#7950,10.);
#2325=VECTOR('',#7951,10.);
#2326=VECTOR('',#7954,10.);
#2327=VECTOR('',#7961,10.);
#2328=VECTOR('',#7962,10.);
#2329=VECTOR('',#7963,10.);
#2330=VECTOR('',#7966,10.);
#2331=VECTOR('',#7973,10.);
#2332=VECTOR('',#7980,10.);
#2333=VECTOR('',#7987,10.);
#2334=VECTOR('',#7988,10.);
#2335=VECTOR('',#7991,10.);
#2336=VECTOR('',#7992,10.);
#2337=VECTOR('',#7993,10.);
#2338=VECTOR('',#7996,10.);
#2339=VECTOR('',#8001,10.);
#2340=VECTOR('',#8006,10.);
#2341=VECTOR('',#8011,10.);
#2342=VECTOR('',#8012,10.);
#2343=VECTOR('',#8015,10.);
#2344=VECTOR('',#8020,10.);
#2345=VECTOR('',#8021,10.);
#2346=VECTOR('',#8024,10.);
#2347=VECTOR('',#8029,10.);
#2348=VECTOR('',#8034,10.);
#2349=VECTOR('',#8039,10.);
#2350=VECTOR('',#8040,10.);
#2351=VECTOR('',#8043,10.);
#2352=VECTOR('',#8048,10.);
#2353=VECTOR('',#8053,10.);
#2354=VECTOR('',#8058,10.);
#2355=VECTOR('',#8059,10.);
#2356=VECTOR('',#8062,10.);
#2357=VECTOR('',#8067,10.);
#2358=VECTOR('',#8068,10.);
#2359=VECTOR('',#8071,10.);
#2360=VECTOR('',#8076,10.);
#2361=VECTOR('',#8081,10.);
#2362=VECTOR('',#8086,10.);
#2363=VECTOR('',#8087,10.);
#2364=VECTOR('',#8090,10.);
#2365=VECTOR('',#8095,10.);
#2366=VECTOR('',#8100,10.);
#2367=VECTOR('',#8111,10.);
#2368=VECTOR('',#8114,10.);
#2369=VECTOR('',#8121,10.);
#2370=VECTOR('',#8128,10.);
#2371=VECTOR('',#8131,10.);
#2372=VECTOR('',#8138,10.);
#2373=VECTOR('',#8145,10.);
#2374=VECTOR('',#8152,10.);
#2375=VECTOR('',#8155,10.);
#2376=VECTOR('',#8162,10.);
#2377=VECTOR('',#8169,10.);
#2378=VECTOR('',#8172,10.);
#2379=VECTOR('',#8179,10.);
#2380=VECTOR('',#8186,10.);
#2381=VECTOR('',#8189,10.);
#2382=VECTOR('',#8190,10.);
#2383=VECTOR('',#8193,10.);
#2384=VECTOR('',#8198,10.);
#2385=VECTOR('',#8203,10.);
#2386=VECTOR('',#8208,10.);
#2387=VECTOR('',#8209,10.);
#2388=VECTOR('',#8212,10.);
#2389=VECTOR('',#8217,10.);
#2390=VECTOR('',#8218,10.);
#2391=VECTOR('',#8221,10.);
#2392=VECTOR('',#8226,10.);
#2393=VECTOR('',#8231,10.);
#2394=VECTOR('',#8236,10.);
#2395=VECTOR('',#8237,10.);
#2396=VECTOR('',#8240,10.);
#2397=VECTOR('',#8245,10.);
#2398=VECTOR('',#8250,10.);
#2399=VECTOR('',#8255,10.);
#2400=VECTOR('',#8256,10.);
#2401=VECTOR('',#8259,10.);
#2402=VECTOR('',#8264,10.);
#2403=VECTOR('',#8265,10.);
#2404=VECTOR('',#8268,10.);
#2405=VECTOR('',#8273,10.);
#2406=VECTOR('',#8278,10.);
#2407=VECTOR('',#8283,10.);
#2408=VECTOR('',#8284,10.);
#2409=VECTOR('',#8287,10.);
#2410=VECTOR('',#8292,10.);
#2411=VECTOR('',#8327,10.);
#2412=VECTOR('',#8330,10.);
#2413=VECTOR('',#8341,10.);
#2414=VECTOR('',#8344,10.);
#2415=VECTOR('',#8371,10.);
#2416=VECTOR('',#8374,10.);
#2417=VECTOR('',#8401,10.);
#2418=VECTOR('',#8404,10.);
#2419=VECTOR('',#8431,10.);
#2420=VECTOR('',#8434,10.);
#2421=VECTOR('',#8445,10.);
#2422=VECTOR('',#8448,10.);
#2423=VECTOR('',#8475,10.);
#2424=VECTOR('',#8478,10.);
#2425=VECTOR('',#8505,10.);
#2426=VECTOR('',#8508,10.);
#2427=VECTOR('',#8519,10.);
#2428=VECTOR('',#8522,10.);
#2429=VECTOR('',#8549,10.);
#2430=VECTOR('',#8552,10.);
#2431=VECTOR('',#8579,10.);
#2432=VECTOR('',#8582,10.);
#2433=VECTOR('',#8609,10.);
#2434=VECTOR('',#8612,10.);
#2435=VECTOR('',#8623,10.);
#2436=VECTOR('',#8626,10.);
#2437=VECTOR('',#8653,10.);
#2438=VECTOR('',#8654,10.);
#2439=VECTOR('',#8657,10.);
#2440=VECTOR('',#8660,10.);
#2441=VECTOR('',#8663,10.);
#2442=VECTOR('',#8668,10.);
#2443=VECTOR('',#8669,10.);
#2444=VECTOR('',#8672,10.);
#2445=VECTOR('',#8677,10.);
#2446=VECTOR('',#8678,10.);
#2447=VECTOR('',#8681,10.);
#2448=VECTOR('',#8686,10.);
#2449=VECTOR('',#8691,10.);
#2450=VECTOR('',#8696,10.);
#2451=VECTOR('',#8697,10.);
#2452=VECTOR('',#8700,10.);
#2453=VECTOR('',#8705,10.);
#2454=VECTOR('',#8710,10.);
#2455=VECTOR('',#8715,10.);
#2456=VECTOR('',#8716,10.);
#2457=VECTOR('',#8719,10.);
#2458=VECTOR('',#8724,10.);
#2459=VECTOR('',#8729,10.);
#2460=VECTOR('',#8734,10.);
#2461=VECTOR('',#8735,10.);
#2462=VECTOR('',#8738,10.);
#2463=VECTOR('',#8743,10.);
#2464=VECTOR('',#8744,10.);
#2465=VECTOR('',#8747,10.);
#2466=VECTOR('',#8752,10.);
#2467=VECTOR('',#8757,10.);
#2468=VECTOR('',#8762,10.);
#2469=VECTOR('',#8763,10.);
#2470=VECTOR('',#8766,10.);
#2471=VECTOR('',#8771,10.);
#2472=VECTOR('',#8772,10.);
#2473=VECTOR('',#8775,10.);
#2474=VECTOR('',#8778,10.);
#2475=VECTOR('',#8781,10.);
#2476=VECTOR('',#8784,10.);
#2477=VECTOR('',#8787,10.);
#2478=VECTOR('',#8790,10.);
#2479=VECTOR('',#8793,10.);
#2480=VECTOR('',#8796,10.);
#2481=VECTOR('',#8799,10.);
#2482=VECTOR('',#8802,10.);
#2483=VECTOR('',#8805,10.);
#2484=VECTOR('',#8808,10.);
#2485=VECTOR('',#8811,10.);
#2486=VECTOR('',#8814,10.);
#2487=VECTOR('',#8817,10.);
#2488=VECTOR('',#8820,10.);
#2489=VECTOR('',#8823,10.);
#2490=VECTOR('',#8826,10.);
#2491=VECTOR('',#8829,10.);
#2492=VECTOR('',#8832,10.);
#2493=VECTOR('',#8835,10.);
#2494=VECTOR('',#8838,10.);
#2495=VECTOR('',#8841,10.);
#2496=VECTOR('',#8844,10.);
#2497=VECTOR('',#8847,10.);
#2498=VECTOR('',#8850,10.);
#2499=VECTOR('',#8853,10.);
#2500=VECTOR('',#8856,10.);
#2501=VECTOR('',#8859,10.);
#2502=VECTOR('',#8862,10.);
#2503=VECTOR('',#8865,10.);
#2504=VECTOR('',#8868,10.);
#2505=VECTOR('',#8871,10.);
#2506=VECTOR('',#8874,10.);
#2507=VECTOR('',#8877,10.);
#2508=VECTOR('',#8880,10.);
#2509=VECTOR('',#8883,10.);
#2510=VECTOR('',#8886,10.);
#2511=VECTOR('',#8889,10.);
#2512=VECTOR('',#8892,10.);
#2513=VECTOR('',#8895,10.);
#2514=VECTOR('',#8898,10.);
#2515=VECTOR('',#8901,10.);
#2516=VECTOR('',#8904,10.);
#2517=VECTOR('',#8907,10.);
#2518=VECTOR('',#8910,10.);
#2519=VECTOR('',#8915,10.);
#2520=VECTOR('',#8918,10.);
#2521=VECTOR('',#8921,10.);
#2522=VECTOR('',#8922,10.);
#2523=VECTOR('',#8925,10.);
#2524=VECTOR('',#8930,10.);
#2525=VECTOR('',#8935,10.);
#2526=VECTOR('',#8940,10.);
#2527=VECTOR('',#8941,10.);
#2528=VECTOR('',#8944,10.);
#2529=VECTOR('',#8949,10.);
#2530=VECTOR('',#8954,10.);
#2531=VECTOR('',#8959,10.);
#2532=VECTOR('',#8960,10.);
#2533=VECTOR('',#8963,10.);
#2534=VECTOR('',#8968,10.);
#2535=VECTOR('',#8973,10.);
#2536=VECTOR('',#8978,10.);
#2537=VECTOR('',#8979,10.);
#2538=VECTOR('',#8982,10.);
#2539=VECTOR('',#8987,10.);
#2540=VECTOR('',#8988,10.);
#2541=VECTOR('',#8991,10.);
#2542=VECTOR('',#8996,10.);
#2543=VECTOR('',#9001,10.);
#2544=VECTOR('',#9006,10.);
#2545=VECTOR('',#9007,10.);
#2546=VECTOR('',#9016,3.5);
#2547=VECTOR('',#9029,4.);
#2548=VECTOR('',#9034,3.5);
#2549=VECTOR('',#9047,4.);
#2550=VECTOR('',#9052,3.5);
#2551=VECTOR('',#9065,4.);
#2552=VECTOR('',#9070,3.5);
#2553=VECTOR('',#9083,4.);
#2554=VECTOR('',#9088,3.5);
#2555=VECTOR('',#9101,4.);
#2556=VECTOR('',#9106,3.5);
#2557=VECTOR('',#9119,4.);
#2558=VECTOR('',#9124,3.5);
#2559=VECTOR('',#9137,4.);
#2560=VECTOR('',#9142,3.5);
#2561=VECTOR('',#9155,4.);
#2562=VECTOR('',#9160,3.5);
#2563=VECTOR('',#9173,4.);
#2564=VECTOR('',#9178,3.5);
#2565=VECTOR('',#9191,4.);
#2566=VECTOR('',#9194,10.);
#2567=VECTOR('',#9197,10.);
#2568=VECTOR('',#9202,10.);
#2569=VECTOR('',#9203,10.);
#2570=VECTOR('',#9204,10.);
#2571=VECTOR('',#9207,10.);
#2572=VECTOR('',#9214,10.);
#2573=VECTOR('',#9215,10.);
#2574=VECTOR('',#9216,10.);
#2575=VECTOR('',#9219,10.);
#2576=VECTOR('',#9226,10.);
#2577=VECTOR('',#9227,10.);
#2578=VECTOR('',#9228,10.);
#2579=VECTOR('',#9231,10.);
#2580=VECTOR('',#9238,10.);
#2581=VECTOR('',#9239,10.);
#2582=VECTOR('',#9242,10.);
#2583=VECTOR('',#9243,10.);
#2584=VECTOR('',#9244,10.);
#2585=VECTOR('',#9247,10.);
#2586=VECTOR('',#9252,10.);
#2587=VECTOR('',#9253,10.);
#2588=VECTOR('',#9256,10.);
#2589=VECTOR('',#9261,10.);
#2590=VECTOR('',#9264,10.);
#2591=VECTOR('',#9267,10.);
#2592=VECTOR('',#9270,10.);
#2593=VECTOR('',#9275,10.);
#2594=VECTOR('',#9278,10.);
#2595=VECTOR('',#9281,10.);
#2596=VECTOR('',#9284,10.);
#2597=VECTOR('',#9289,10.);
#2598=VECTOR('',#9292,10.);
#2599=VECTOR('',#9295,10.);
#2600=VECTOR('',#9298,10.);
#2601=VECTOR('',#9301,10.);
#2602=VECTOR('',#9304,10.);
#2603=VECTOR('',#9307,10.);
#2604=VECTOR('',#9308,10.);
#2605=VECTOR('',#9313,10.);
#2606=VECTOR('',#9314,10.);
#2607=VECTOR('',#9317,10.);
#2608=VECTOR('',#9322,10.);
#2609=VECTOR('',#9323,10.);
#2610=VECTOR('',#9326,10.);
#2611=VECTOR('',#9333,10.);
#2612=VECTOR('',#9334,10.);
#2613=VECTOR('',#9335,10.);
#2614=VECTOR('',#9338,10.);
#2615=VECTOR('',#9345,10.);
#2616=VECTOR('',#9346,10.);
#2617=VECTOR('',#9349,10.);
#2618=VECTOR('',#9350,10.);
#2619=VECTOR('',#9353,10.);
#2620=VECTOR('',#9358,10.);
#2621=VECTOR('',#9361,10.);
#2622=VECTOR('',#9364,10.);
#2623=VECTOR('',#9367,10.);
#2624=VECTOR('',#9374,10.);
#2625=VECTOR('',#9375,10.);
#2626=VECTOR('',#9378,10.);
#2627=VECTOR('',#9379,10.);
#2628=VECTOR('',#9384,10.);
#2629=VECTOR('',#9387,10.);
#2630=VECTOR('',#9388,10.);
#2631=VECTOR('',#9393,10.);
#2632=VECTOR('',#9396,10.);
#2633=VECTOR('',#9397,10.);
#2634=VECTOR('',#9402,10.);
#2635=VECTOR('',#9405,10.);
#2636=VECTOR('',#9408,36.2249913733599);
#2637=VECTOR('',#9423,10.);
#2638=VECTOR('',#9426,10.);
#2639=VECTOR('',#9429,10.);
#2640=VECTOR('',#9432,10.);
#2641=VECTOR('',#9435,10.);
#2642=VECTOR('',#9438,10.);
#2643=VECTOR('',#9441,10.);
#2644=VECTOR('',#9444,10.);
#2645=VECTOR('',#9447,10.);
#2646=VECTOR('',#9450,10.);
#2647=VECTOR('',#9453,10.);
#2648=VECTOR('',#9456,10.);
#2649=VECTOR('',#9461,10.);
#2650=VECTOR('',#9464,10.);
#2651=VECTOR('',#9467,10.);
#2652=VECTOR('',#9470,10.);
#2653=VECTOR('',#9473,10.);
#2654=VECTOR('',#9476,10.);
#2655=VECTOR('',#9479,10.);
#2656=VECTOR('',#9482,10.);
#2657=VECTOR('',#9491,10.);
#2658=VECTOR('',#9492,10.);
#2659=VECTOR('',#9495,10.);
#2660=VECTOR('',#9496,10.);
#2661=VECTOR('',#9501,10.);
#2662=VECTOR('',#9502,10.);
#2663=VECTOR('',#9505,10.);
#2664=VECTOR('',#9510,10.);
#2665=VECTOR('',#9511,10.);
#2666=VECTOR('',#9514,10.);
#2667=VECTOR('',#9519,10.);
#2668=VECTOR('',#9522,10.);
#2669=VECTOR('',#9527,10.);
#2670=VECTOR('',#9528,10.);
#2671=VECTOR('',#9531,10.);
#2672=VECTOR('',#9532,10.);
#2673=VECTOR('',#9537,10.);
#2674=VECTOR('',#9538,10.);
#2675=VECTOR('',#9541,10.);
#2676=VECTOR('',#9546,10.);
#2677=VECTOR('',#9547,10.);
#2678=VECTOR('',#9550,10.);
#2679=VECTOR('',#9555,10.);
#2680=VECTOR('',#9558,10.);
#2681=VECTOR('',#9563,1.65);
#2682=VECTOR('',#9568,1.65);
#2683=VECTOR('',#9571,10.);
#2684=VECTOR('',#9574,10.);
#2685=VECTOR('',#9577,10.);
#2686=VECTOR('',#9578,10.);
#2687=VECTOR('',#9581,10.);
#2688=VECTOR('',#9586,10.);
#2689=VECTOR('',#9587,10.);
#2690=VECTOR('',#9590,10.);
#2691=VECTOR('',#9595,10.);
#2692=VECTOR('',#9596,10.);
#2693=VECTOR('',#9599,10.);
#2694=VECTOR('',#9604,10.);
#2695=VECTOR('',#9605,10.);
#2696=VECTOR('',#9608,10.);
#2697=VECTOR('',#9613,10.);
#2698=VECTOR('',#9614,10.);
#2699=VECTOR('',#9617,10.);
#2700=VECTOR('',#9622,10.);
#2701=VECTOR('',#9627,10.);
#2702=VECTOR('',#9628,10.);
#2703=VECTOR('',#9629,10.);
#2704=VECTOR('',#9632,10.);
#2705=VECTOR('',#9637,10.);
#2706=VECTOR('',#9638,10.);
#2707=VECTOR('',#9641,10.);
#2708=VECTOR('',#9646,10.);
#2709=VECTOR('',#9647,10.);
#2710=VECTOR('',#9650,10.);
#2711=VECTOR('',#9655,10.);
#2712=VECTOR('',#9656,10.);
#2713=VECTOR('',#9665,15.1);
#2714=VECTOR('',#9674,11.);
#2715=VECTOR('',#9677,2.25);
#2716=VECTOR('',#9682,2.25);
#2717=VECTOR('',#9687,2.25);
#2718=VECTOR('',#9692,2.25);
#2719=VECTOR('',#9697,2.25);
#2720=VECTOR('',#9702,2.25);
#2721=VECTOR('',#9707,2.25);
#2722=VECTOR('',#9712,2.25);
#2723=VECTOR('',#9717,2.25);
#2724=VECTOR('',#9722,2.25);
#2725=VECTOR('',#9729,10.);
#2726=VECTOR('',#9732,10.);
#2727=VECTOR('',#9749,10.);
#2728=VECTOR('',#9760,10.);
#2729=VECTOR('',#9769,10.);
#2730=VECTOR('',#9772,10.);
#2731=VECTOR('',#9775,10.);
#2732=VECTOR('',#9780,10.);
#2733=VECTOR('',#9783,10.);
#2734=VECTOR('',#9784,10.);
#2735=VECTOR('',#9785,10.);
#2736=VECTOR('',#9790,10.);
#2737=VECTOR('',#9793,10.);
#2738=VECTOR('',#9794,10.);
#2739=VECTOR('',#9799,10.);
#2740=VECTOR('',#9802,10.);
#2741=VECTOR('',#9803,10.);
#2742=VECTOR('',#9808,10.);
#2743=VECTOR('',#9811,10.);
#2744=VECTOR('',#9812,10.);
#2745=VECTOR('',#9819,10.);
#2746=VECTOR('',#9822,10.);
#2747=VECTOR('',#9825,10.);
#2748=VECTOR('',#9826,10.);
#2749=VECTOR('',#9829,10.);
#2750=VECTOR('',#9834,10.);
#2751=VECTOR('',#9835,10.);
#2752=VECTOR('',#9842,10.);
#2753=VECTOR('',#9845,10.);
#2754=VECTOR('',#9850,10.);
#2755=VECTOR('',#9851,10.);
#2756=VECTOR('',#9854,10.);
#2757=VECTOR('',#9863,10.);
#2758=VECTOR('',#9866,10.);
#2759=VECTOR('',#9869,10.);
#2760=VECTOR('',#9872,10.);
#2761=VECTOR('',#9877,10.);
#2762=VERTEX_POINT('',#9882);
#2763=VERTEX_POINT('',#9883);
#2764=VERTEX_POINT('',#9885);
#2765=VERTEX_POINT('',#9887);
#2766=VERTEX_POINT('',#9891);
#2767=VERTEX_POINT('',#9892);
#2768=VERTEX_POINT('',#9897);
#2769=VERTEX_POINT('',#9898);
#2770=VERTEX_POINT('',#9903);
#2771=VERTEX_POINT('',#9904);
#2772=VERTEX_POINT('',#9909);
#2773=VERTEX_POINT('',#9910);
#2774=VERTEX_POINT('',#9915);
#2775=VERTEX_POINT('',#9916);
#2776=VERTEX_POINT('',#9921);
#2777=VERTEX_POINT('',#9922);
#2778=VERTEX_POINT('',#9927);
#2779=VERTEX_POINT('',#9928);
#2780=VERTEX_POINT('',#9933);
#2781=VERTEX_POINT('',#9934);
#2782=VERTEX_POINT('',#9939);
#2783=VERTEX_POINT('',#9940);
#2784=VERTEX_POINT('',#9945);
#2785=VERTEX_POINT('',#9946);
#2786=VERTEX_POINT('',#9951);
#2787=VERTEX_POINT('',#9952);
#2788=VERTEX_POINT('',#9957);
#2789=VERTEX_POINT('',#9958);
#2790=VERTEX_POINT('',#9963);
#2791=VERTEX_POINT('',#9964);
#2792=VERTEX_POINT('',#9969);
#2793=VERTEX_POINT('',#9970);
#2794=VERTEX_POINT('',#9975);
#2795=VERTEX_POINT('',#9976);
#2796=VERTEX_POINT('',#9981);
#2797=VERTEX_POINT('',#9982);
#2798=VERTEX_POINT('',#9987);
#2799=VERTEX_POINT('',#9988);
#2800=VERTEX_POINT('',#9993);
#2801=VERTEX_POINT('',#9994);
#2802=VERTEX_POINT('',#9999);
#2803=VERTEX_POINT('',#10000);
#2804=VERTEX_POINT('',#10005);
#2805=VERTEX_POINT('',#10006);
#2806=VERTEX_POINT('',#10011);
#2807=VERTEX_POINT('',#10012);
#2808=VERTEX_POINT('',#10017);
#2809=VERTEX_POINT('',#10018);
#2810=VERTEX_POINT('',#10023);
#2811=VERTEX_POINT('',#10024);
#2812=VERTEX_POINT('',#10029);
#2813=VERTEX_POINT('',#10030);
#2814=VERTEX_POINT('',#10035);
#2815=VERTEX_POINT('',#10036);
#2816=VERTEX_POINT('',#10041);
#2817=VERTEX_POINT('',#10042);
#2818=VERTEX_POINT('',#10047);
#2819=VERTEX_POINT('',#10048);
#2820=VERTEX_POINT('',#10053);
#2821=VERTEX_POINT('',#10054);
#2822=VERTEX_POINT('',#10059);
#2823=VERTEX_POINT('',#10060);
#2824=VERTEX_POINT('',#10065);
#2825=VERTEX_POINT('',#10066);
#2826=VERTEX_POINT('',#10071);
#2827=VERTEX_POINT('',#10072);
#2828=VERTEX_POINT('',#10077);
#2829=VERTEX_POINT('',#10078);
#2830=VERTEX_POINT('',#10083);
#2831=VERTEX_POINT('',#10084);
#2832=VERTEX_POINT('',#10089);
#2833=VERTEX_POINT('',#10090);
#2834=VERTEX_POINT('',#10095);
#2835=VERTEX_POINT('',#10096);
#2836=VERTEX_POINT('',#10101);
#2837=VERTEX_POINT('',#10102);
#2838=VERTEX_POINT('',#10107);
#2839=VERTEX_POINT('',#10108);
#2840=VERTEX_POINT('',#10113);
#2841=VERTEX_POINT('',#10114);
#2842=VERTEX_POINT('',#10119);
#2843=VERTEX_POINT('',#10120);
#2844=VERTEX_POINT('',#10125);
#2845=VERTEX_POINT('',#10126);
#2846=VERTEX_POINT('',#10131);
#2847=VERTEX_POINT('',#10132);
#2848=VERTEX_POINT('',#10137);
#2849=VERTEX_POINT('',#10138);
#2850=VERTEX_POINT('',#10143);
#2851=VERTEX_POINT('',#10144);
#2852=VERTEX_POINT('',#10149);
#2853=VERTEX_POINT('',#10150);
#2854=VERTEX_POINT('',#10155);
#2855=VERTEX_POINT('',#10156);
#2856=VERTEX_POINT('',#10161);
#2857=VERTEX_POINT('',#10162);
#2858=VERTEX_POINT('',#10170);
#2859=VERTEX_POINT('',#10172);
#2860=VERTEX_POINT('',#10176);
#2861=VERTEX_POINT('',#10180);
#2862=VERTEX_POINT('',#10184);
#2863=VERTEX_POINT('',#10188);
#2864=VERTEX_POINT('',#10192);
#2865=VERTEX_POINT('',#10196);
#2866=VERTEX_POINT('',#10200);
#2867=VERTEX_POINT('',#10204);
#2868=VERTEX_POINT('',#10208);
#2869=VERTEX_POINT('',#10212);
#2870=VERTEX_POINT('',#10216);
#2871=VERTEX_POINT('',#10220);
#2872=VERTEX_POINT('',#10224);
#2873=VERTEX_POINT('',#10228);
#2874=VERTEX_POINT('',#10232);
#2875=VERTEX_POINT('',#10236);
#2876=VERTEX_POINT('',#10240);
#2877=VERTEX_POINT('',#10244);
#2878=VERTEX_POINT('',#10248);
#2879=VERTEX_POINT('',#10252);
#2880=VERTEX_POINT('',#10256);
#2881=VERTEX_POINT('',#10260);
#2882=VERTEX_POINT('',#10264);
#2883=VERTEX_POINT('',#10268);
#2884=VERTEX_POINT('',#10269);
#2885=VERTEX_POINT('',#10271);
#2886=VERTEX_POINT('',#10273);
#2887=VERTEX_POINT('',#10275);
#2888=VERTEX_POINT('',#10277);
#2889=VERTEX_POINT('',#10279);
#2890=VERTEX_POINT('',#10281);
#2891=VERTEX_POINT('',#10283);
#2892=VERTEX_POINT('',#10285);
#2893=VERTEX_POINT('',#10287);
#2894=VERTEX_POINT('',#10289);
#2895=VERTEX_POINT('',#10291);
#2896=VERTEX_POINT('',#10293);
#2897=VERTEX_POINT('',#10295);
#2898=VERTEX_POINT('',#10297);
#2899=VERTEX_POINT('',#10299);
#2900=VERTEX_POINT('',#10301);
#2901=VERTEX_POINT('',#10303);
#2902=VERTEX_POINT('',#10305);
#2903=VERTEX_POINT('',#10307);
#2904=VERTEX_POINT('',#10309);
#2905=VERTEX_POINT('',#10311);
#2906=VERTEX_POINT('',#10313);
#2907=VERTEX_POINT('',#10315);
#2908=VERTEX_POINT('',#10317);
#2909=VERTEX_POINT('',#10319);
#2910=VERTEX_POINT('',#10321);
#2911=VERTEX_POINT('',#10323);
#2912=VERTEX_POINT('',#10325);
#2913=VERTEX_POINT('',#10327);
#2914=VERTEX_POINT('',#10329);
#2915=VERTEX_POINT('',#10331);
#2916=VERTEX_POINT('',#10333);
#2917=VERTEX_POINT('',#10335);
#2918=VERTEX_POINT('',#10337);
#2919=VERTEX_POINT('',#10339);
#2920=VERTEX_POINT('',#10341);
#2921=VERTEX_POINT('',#10343);
#2922=VERTEX_POINT('',#10345);
#2923=VERTEX_POINT('',#10347);
#2924=VERTEX_POINT('',#10349);
#2925=VERTEX_POINT('',#10351);
#2926=VERTEX_POINT('',#10353);
#2927=VERTEX_POINT('',#10355);
#2928=VERTEX_POINT('',#10357);
#2929=VERTEX_POINT('',#10359);
#2930=VERTEX_POINT('',#10361);
#2931=VERTEX_POINT('',#10365);
#2932=VERTEX_POINT('',#10369);
#2933=VERTEX_POINT('',#10373);
#2934=VERTEX_POINT('',#10377);
#2935=VERTEX_POINT('',#10381);
#2936=VERTEX_POINT('',#10385);
#2937=VERTEX_POINT('',#10389);
#2938=VERTEX_POINT('',#10393);
#2939=VERTEX_POINT('',#10397);
#2940=VERTEX_POINT('',#10401);
#2941=VERTEX_POINT('',#10405);
#2942=VERTEX_POINT('',#10409);
#2943=VERTEX_POINT('',#10413);
#2944=VERTEX_POINT('',#10417);
#2945=VERTEX_POINT('',#10421);
#2946=VERTEX_POINT('',#10425);
#2947=VERTEX_POINT('',#10429);
#2948=VERTEX_POINT('',#10433);
#2949=VERTEX_POINT('',#10437);
#2950=VERTEX_POINT('',#10441);
#2951=VERTEX_POINT('',#10445);
#2952=VERTEX_POINT('',#10449);
#2953=VERTEX_POINT('',#10453);
#2954=VERTEX_POINT('',#10459);
#2955=VERTEX_POINT('',#10460);
#2956=VERTEX_POINT('',#10462);
#2957=VERTEX_POINT('',#10464);
#2958=VERTEX_POINT('',#10468);
#2959=VERTEX_POINT('',#10470);
#2960=VERTEX_POINT('',#10474);
#2961=VERTEX_POINT('',#10476);
#2962=VERTEX_POINT('',#10480);
#2963=VERTEX_POINT('',#10482);
#2964=VERTEX_POINT('',#10486);
#2965=VERTEX_POINT('',#10488);
#2966=VERTEX_POINT('',#10492);
#2967=VERTEX_POINT('',#10494);
#2968=VERTEX_POINT('',#10498);
#2969=VERTEX_POINT('',#10500);
#2970=VERTEX_POINT('',#10504);
#2971=VERTEX_POINT('',#10506);
#2972=VERTEX_POINT('',#10510);
#2973=VERTEX_POINT('',#10512);
#2974=VERTEX_POINT('',#10516);
#2975=VERTEX_POINT('',#10518);
#2976=VERTEX_POINT('',#10522);
#2977=VERTEX_POINT('',#10524);
#2978=VERTEX_POINT('',#10528);
#2979=VERTEX_POINT('',#10530);
#2980=VERTEX_POINT('',#10534);
#2981=VERTEX_POINT('',#10536);
#2982=VERTEX_POINT('',#10540);
#2983=VERTEX_POINT('',#10542);
#2984=VERTEX_POINT('',#10546);
#2985=VERTEX_POINT('',#10548);
#2986=VERTEX_POINT('',#10552);
#2987=VERTEX_POINT('',#10554);
#2988=VERTEX_POINT('',#10558);
#2989=VERTEX_POINT('',#10560);
#2990=VERTEX_POINT('',#10564);
#2991=VERTEX_POINT('',#10566);
#2992=VERTEX_POINT('',#10570);
#2993=VERTEX_POINT('',#10572);
#2994=VERTEX_POINT('',#10576);
#2995=VERTEX_POINT('',#10578);
#2996=VERTEX_POINT('',#10582);
#2997=VERTEX_POINT('',#10584);
#2998=VERTEX_POINT('',#10588);
#2999=VERTEX_POINT('',#10590);
#3000=VERTEX_POINT('',#10594);
#3001=VERTEX_POINT('',#10596);
#3002=VERTEX_POINT('',#10600);
#3003=VERTEX_POINT('',#10602);
#3004=VERTEX_POINT('',#10606);
#3005=VERTEX_POINT('',#10608);
#3006=VERTEX_POINT('',#10612);
#3007=VERTEX_POINT('',#10614);
#3008=VERTEX_POINT('',#10618);
#3009=VERTEX_POINT('',#10620);
#3010=VERTEX_POINT('',#10624);
#3011=VERTEX_POINT('',#10626);
#3012=VERTEX_POINT('',#10630);
#3013=VERTEX_POINT('',#10632);
#3014=VERTEX_POINT('',#10636);
#3015=VERTEX_POINT('',#10638);
#3016=VERTEX_POINT('',#10642);
#3017=VERTEX_POINT('',#10644);
#3018=VERTEX_POINT('',#10648);
#3019=VERTEX_POINT('',#10650);
#3020=VERTEX_POINT('',#10654);
#3021=VERTEX_POINT('',#10656);
#3022=VERTEX_POINT('',#10660);
#3023=VERTEX_POINT('',#10662);
#3024=VERTEX_POINT('',#10666);
#3025=VERTEX_POINT('',#10668);
#3026=VERTEX_POINT('',#10672);
#3027=VERTEX_POINT('',#10674);
#3028=VERTEX_POINT('',#10678);
#3029=VERTEX_POINT('',#10680);
#3030=VERTEX_POINT('',#10684);
#3031=VERTEX_POINT('',#10686);
#3032=VERTEX_POINT('',#10690);
#3033=VERTEX_POINT('',#10692);
#3034=VERTEX_POINT('',#10696);
#3035=VERTEX_POINT('',#10698);
#3036=VERTEX_POINT('',#10702);
#3037=VERTEX_POINT('',#10704);
#3038=VERTEX_POINT('',#10708);
#3039=VERTEX_POINT('',#10710);
#3040=VERTEX_POINT('',#10714);
#3041=VERTEX_POINT('',#10716);
#3042=VERTEX_POINT('',#10720);
#3043=VERTEX_POINT('',#10722);
#3044=VERTEX_POINT('',#10726);
#3045=VERTEX_POINT('',#10728);
#3046=VERTEX_POINT('',#10732);
#3047=VERTEX_POINT('',#10734);
#3048=VERTEX_POINT('',#10738);
#3049=VERTEX_POINT('',#10740);
#3050=VERTEX_POINT('',#10747);
#3051=VERTEX_POINT('',#10749);
#3052=VERTEX_POINT('',#10753);
#3053=VERTEX_POINT('',#10755);
#3054=VERTEX_POINT('',#10768);
#3055=VERTEX_POINT('',#10772);
#3056=VERTEX_POINT('',#10776);
#3057=VERTEX_POINT('',#10780);
#3058=VERTEX_POINT('',#10782);
#3059=VERTEX_POINT('',#10795);
#3060=VERTEX_POINT('',#10799);
#3061=VERTEX_POINT('',#10801);
#3062=VERTEX_POINT('',#10814);
#3063=VERTEX_POINT('',#10818);
#3064=VERTEX_POINT('',#10820);
#3065=VERTEX_POINT('',#10833);
#3066=VERTEX_POINT('',#10837);
#3067=VERTEX_POINT('',#10839);
#3068=VERTEX_POINT('',#10852);
#3069=VERTEX_POINT('',#10856);
#3070=VERTEX_POINT('',#10858);
#3071=VERTEX_POINT('',#10871);
#3072=VERTEX_POINT('',#10875);
#3073=VERTEX_POINT('',#10877);
#3074=VERTEX_POINT('',#10890);
#3075=VERTEX_POINT('',#10894);
#3076=VERTEX_POINT('',#10898);
#3077=VERTEX_POINT('',#10902);
#3078=VERTEX_POINT('',#10904);
#3079=VERTEX_POINT('',#10917);
#3080=VERTEX_POINT('',#10921);
#3081=VERTEX_POINT('',#10923);
#3082=VERTEX_POINT('',#10936);
#3083=VERTEX_POINT('',#10940);
#3084=VERTEX_POINT('',#10942);
#3085=VERTEX_POINT('',#11051);
#3086=VERTEX_POINT('',#11053);
#3087=VERTEX_POINT('',#11057);
#3088=VERTEX_POINT('',#11061);
#3089=VERTEX_POINT('',#11063);
#3090=VERTEX_POINT('',#11076);
#3091=VERTEX_POINT('',#11080);
#3092=VERTEX_POINT('',#11082);
#3093=VERTEX_POINT('',#11095);
#3094=VERTEX_POINT('',#11099);
#3095=VERTEX_POINT('',#11101);
#3096=VERTEX_POINT('',#11114);
#3097=VERTEX_POINT('',#11118);
#3098=VERTEX_POINT('',#11120);
#3099=VERTEX_POINT('',#11133);
#3100=VERTEX_POINT('',#11137);
#3101=VERTEX_POINT('',#11139);
#3102=VERTEX_POINT('',#11152);
#3103=VERTEX_POINT('',#11156);
#3104=VERTEX_POINT('',#11158);
#3105=VERTEX_POINT('',#11171);
#3106=VERTEX_POINT('',#11175);
#3107=VERTEX_POINT('',#11179);
#3108=VERTEX_POINT('',#11183);
#3109=VERTEX_POINT('',#11185);
#3110=VERTEX_POINT('',#11198);
#3111=VERTEX_POINT('',#11202);
#3112=VERTEX_POINT('',#11204);
#3113=VERTEX_POINT('',#11217);
#3114=VERTEX_POINT('',#11221);
#3115=VERTEX_POINT('',#11234);
#3116=VERTEX_POINT('',#11236);
#3117=VERTEX_POINT('',#11238);
#3118=VERTEX_POINT('',#11242);
#3119=VERTEX_POINT('',#11245);
#3120=VERTEX_POINT('',#11249);
#3121=VERTEX_POINT('',#11251);
#3122=VERTEX_POINT('',#11253);
#3123=VERTEX_POINT('',#11257);
#3124=VERTEX_POINT('',#11260);
#3125=VERTEX_POINT('',#11264);
#3126=VERTEX_POINT('',#11266);
#3127=VERTEX_POINT('',#11268);
#3128=VERTEX_POINT('',#11272);
#3129=VERTEX_POINT('',#11275);
#3130=VERTEX_POINT('',#11279);
#3131=VERTEX_POINT('',#11281);
#3132=VERTEX_POINT('',#11283);
#3133=VERTEX_POINT('',#11287);
#3134=VERTEX_POINT('',#11290);
#3135=VERTEX_POINT('',#11294);
#3136=VERTEX_POINT('',#11296);
#3137=VERTEX_POINT('',#11298);
#3138=VERTEX_POINT('',#11302);
#3139=VERTEX_POINT('',#11305);
#3140=VERTEX_POINT('',#11309);
#3141=VERTEX_POINT('',#11311);
#3142=VERTEX_POINT('',#11313);
#3143=VERTEX_POINT('',#11317);
#3144=VERTEX_POINT('',#11320);
#3145=VERTEX_POINT('',#11324);
#3146=VERTEX_POINT('',#11326);
#3147=VERTEX_POINT('',#11328);
#3148=VERTEX_POINT('',#11332);
#3149=VERTEX_POINT('',#11335);
#3150=VERTEX_POINT('',#11339);
#3151=VERTEX_POINT('',#11341);
#3152=VERTEX_POINT('',#11343);
#3153=VERTEX_POINT('',#11347);
#3154=VERTEX_POINT('',#11350);
#3155=VERTEX_POINT('',#11354);
#3156=VERTEX_POINT('',#11356);
#3157=VERTEX_POINT('',#11358);
#3158=VERTEX_POINT('',#11362);
#3159=VERTEX_POINT('',#11365);
#3160=VERTEX_POINT('',#11369);
#3161=VERTEX_POINT('',#11371);
#3162=VERTEX_POINT('',#11373);
#3163=VERTEX_POINT('',#11377);
#3164=VERTEX_POINT('',#11380);
#3165=VERTEX_POINT('',#11384);
#3166=VERTEX_POINT('',#11385);
#3167=VERTEX_POINT('',#11387);
#3168=VERTEX_POINT('',#11389);
#3169=VERTEX_POINT('',#11393);
#3170=VERTEX_POINT('',#11394);
#3171=VERTEX_POINT('',#11399);
#3172=VERTEX_POINT('',#11400);
#3173=VERTEX_POINT('',#11405);
#3174=VERTEX_POINT('',#11406);
#3175=VERTEX_POINT('',#11411);
#3176=VERTEX_POINT('',#11412);
#3177=VERTEX_POINT('',#11417);
#3178=VERTEX_POINT('',#11418);
#3179=VERTEX_POINT('',#11423);
#3180=VERTEX_POINT('',#11424);
#3181=VERTEX_POINT('',#11432);
#3182=VERTEX_POINT('',#11434);
#3183=VERTEX_POINT('',#11438);
#3184=VERTEX_POINT('',#11442);
#3185=VERTEX_POINT('',#11446);
#3186=VERTEX_POINT('',#11450);
#3187=VERTEX_POINT('',#11451);
#3188=VERTEX_POINT('',#11453);
#3189=VERTEX_POINT('',#11455);
#3190=VERTEX_POINT('',#11457);
#3191=VERTEX_POINT('',#11459);
#3192=VERTEX_POINT('',#11461);
#3193=VERTEX_POINT('',#11463);
#3194=VERTEX_POINT('',#11466);
#3195=VERTEX_POINT('',#11468);
#3196=VERTEX_POINT('',#11469);
#3197=VERTEX_POINT('',#11471);
#3198=VERTEX_POINT('',#11473);
#3199=VERTEX_POINT('',#11475);
#3200=VERTEX_POINT('',#11477);
#3201=VERTEX_POINT('',#11479);
#3202=VERTEX_POINT('',#11481);
#3203=VERTEX_POINT('',#11484);
#3204=VERTEX_POINT('',#11485);
#3205=VERTEX_POINT('',#11487);
#3206=VERTEX_POINT('',#11489);
#3207=VERTEX_POINT('',#11491);
#3208=VERTEX_POINT('',#11493);
#3209=VERTEX_POINT('',#11495);
#3210=VERTEX_POINT('',#11497);
#3211=VERTEX_POINT('',#11499);
#3212=VERTEX_POINT('',#11501);
#3213=VERTEX_POINT('',#11503);
#3214=VERTEX_POINT('',#11505);
#3215=VERTEX_POINT('',#11509);
#3216=VERTEX_POINT('',#11511);
#3217=VERTEX_POINT('',#11515);
#3218=VERTEX_POINT('',#11519);
#3219=VERTEX_POINT('',#11523);
#3220=VERTEX_POINT('',#11527);
#3221=VERTEX_POINT('',#11528);
#3222=VERTEX_POINT('',#11533);
#3223=VERTEX_POINT('',#11534);
#3224=VERTEX_POINT('',#11539);
#3225=VERTEX_POINT('',#11540);
#3226=VERTEX_POINT('',#11554);
#3227=VERTEX_POINT('',#11555);
#3228=VERTEX_POINT('',#11557);
#3229=VERTEX_POINT('',#11559);
#3230=VERTEX_POINT('',#11561);
#3231=VERTEX_POINT('',#11563);
#3232=VERTEX_POINT('',#11565);
#3233=VERTEX_POINT('',#11567);
#3234=VERTEX_POINT('',#11571);
#3235=VERTEX_POINT('',#11572);
#3236=VERTEX_POINT('',#11577);
#3237=VERTEX_POINT('',#11581);
#3238=VERTEX_POINT('',#11585);
#3239=VERTEX_POINT('',#11589);
#3240=VERTEX_POINT('',#11593);
#3241=VERTEX_POINT('',#11597);
#3242=VERTEX_POINT('',#11795);
#3243=VERTEX_POINT('',#11796);
#3244=VERTEX_POINT('',#11891);
#3245=VERTEX_POINT('',#11986);
#3246=VERTEX_POINT('',#12003);
#3247=VERTEX_POINT('',#12084);
#3248=VERTEX_POINT('',#12136);
#3249=VERTEX_POINT('',#12148);
#3250=VERTEX_POINT('',#12150);
#3251=VERTEX_POINT('',#12161);
#3252=VERTEX_POINT('',#12174);
#3253=VERTEX_POINT('',#12176);
#3254=VERTEX_POINT('',#12178);
#3255=VERTEX_POINT('',#12180);
#3256=VERTEX_POINT('',#12182);
#3257=VERTEX_POINT('',#12184);
#3258=VERTEX_POINT('',#12186);
#3259=VERTEX_POINT('',#12188);
#3260=VERTEX_POINT('',#12190);
#3261=VERTEX_POINT('',#12192);
#3262=VERTEX_POINT('',#12194);
#3263=VERTEX_POINT('',#12196);
#3264=VERTEX_POINT('',#12198);
#3265=VERTEX_POINT('',#12200);
#3266=VERTEX_POINT('',#12202);
#3267=VERTEX_POINT('',#12204);
#3268=VERTEX_POINT('',#12206);
#3269=VERTEX_POINT('',#12208);
#3270=VERTEX_POINT('',#12210);
#3271=VERTEX_POINT('',#12212);
#3272=VERTEX_POINT('',#12214);
#3273=VERTEX_POINT('',#12216);
#3274=VERTEX_POINT('',#12218);
#3275=VERTEX_POINT('',#12221);
#3276=VERTEX_POINT('',#12223);
#3277=VERTEX_POINT('',#12225);
#3278=VERTEX_POINT('',#12226);
#3279=VERTEX_POINT('',#12228);
#3280=VERTEX_POINT('',#12230);
#3281=VERTEX_POINT('',#12232);
#3282=VERTEX_POINT('',#12234);
#3283=VERTEX_POINT('',#12236);
#3284=VERTEX_POINT('',#12238);
#3285=VERTEX_POINT('',#12241);
#3286=VERTEX_POINT('',#12242);
#3287=VERTEX_POINT('',#12244);
#3288=VERTEX_POINT('',#12246);
#3289=VERTEX_POINT('',#12248);
#3290=VERTEX_POINT('',#12250);
#3291=VERTEX_POINT('',#12252);
#3292=VERTEX_POINT('',#12254);
#3293=VERTEX_POINT('',#12257);
#3294=VERTEX_POINT('',#12260);
#3295=VERTEX_POINT('',#12261);
#3296=VERTEX_POINT('',#12266);
#3297=VERTEX_POINT('',#12270);
#3298=VERTEX_POINT('',#12271);
#3299=VERTEX_POINT('',#12278);
#3300=VERTEX_POINT('',#12279);
#3301=VERTEX_POINT('',#12286);
#3302=VERTEX_POINT('',#12292);
#3303=VERTEX_POINT('',#12293);
#3304=VERTEX_POINT('',#12298);
#3305=VERTEX_POINT('',#12302);
#3306=VERTEX_POINT('',#12303);
#3307=VERTEX_POINT('',#12310);
#3308=VERTEX_POINT('',#12311);
#3309=VERTEX_POINT('',#12318);
#3310=VERTEX_POINT('',#12324);
#3311=VERTEX_POINT('',#12328);
#3312=VERTEX_POINT('',#12332);
#3313=VERTEX_POINT('',#12334);
#3314=VERTEX_POINT('',#12338);
#3315=VERTEX_POINT('',#12342);
#3316=VERTEX_POINT('',#12346);
#3317=VERTEX_POINT('',#12350);
#3318=VERTEX_POINT('',#12354);
#3319=VERTEX_POINT('',#12358);
#3320=VERTEX_POINT('',#12362);
#3321=VERTEX_POINT('',#12366);
#3322=VERTEX_POINT('',#12370);
#3323=VERTEX_POINT('',#12374);
#3324=VERTEX_POINT('',#12381);
#3325=VERTEX_POINT('',#12383);
#3326=VERTEX_POINT('',#12387);
#3327=VERTEX_POINT('',#12391);
#3328=VERTEX_POINT('',#12395);
#3329=VERTEX_POINT('',#12399);
#3330=VERTEX_POINT('',#12403);
#3331=VERTEX_POINT('',#12407);
#3332=VERTEX_POINT('',#12414);
#3333=VERTEX_POINT('',#12418);
#3334=VERTEX_POINT('',#12423);
#3335=VERTEX_POINT('',#12427);
#3336=VERTEX_POINT('',#12431);
#3337=VERTEX_POINT('',#12435);
#3338=VERTEX_POINT('',#12439);
#3339=VERTEX_POINT('',#12443);
#3340=VERTEX_POINT('',#12447);
#3341=VERTEX_POINT('',#12451);
#3342=VERTEX_POINT('',#12455);
#3343=VERTEX_POINT('',#12459);
#3344=VERTEX_POINT('',#12474);
#3345=VERTEX_POINT('',#12476);
#3346=VERTEX_POINT('',#12478);
#3347=VERTEX_POINT('',#12673);
#3348=VERTEX_POINT('',#12679);
#3349=VERTEX_POINT('',#12681);
#3350=VERTEX_POINT('',#12685);
#3351=VERTEX_POINT('',#12689);
#3352=VERTEX_POINT('',#12693);
#3353=VERTEX_POINT('',#12697);
#3354=VERTEX_POINT('',#12701);
#3355=VERTEX_POINT('',#12705);
#3356=VERTEX_POINT('',#12711);
#3357=VERTEX_POINT('',#12713);
#3358=VERTEX_POINT('',#12717);
#3359=VERTEX_POINT('',#12721);
#3360=VERTEX_POINT('',#12725);
#3361=VERTEX_POINT('',#12744);
#3362=VERTEX_POINT('',#12746);
#3363=VERTEX_POINT('',#12751);
#3364=EDGE_CURVE('',#2762,#2763,#1756,.T.);
#3365=EDGE_CURVE('',#2763,#2764,#1334,.T.);
#3366=EDGE_CURVE('',#2764,#2765,#1757,.T.);
#3367=EDGE_CURVE('',#2765,#2762,#1335,.T.);
#3368=EDGE_CURVE('',#2766,#2767,#1758,.T.);
#3369=EDGE_CURVE('',#2767,#2763,#1336,.T.);
#3370=EDGE_CURVE('',#2762,#2766,#1337,.T.);
#3371=EDGE_CURVE('',#2768,#2769,#1759,.T.);
#3372=EDGE_CURVE('',#2769,#2767,#1338,.T.);
#3373=EDGE_CURVE('',#2766,#2768,#1339,.T.);
#3374=EDGE_CURVE('',#2770,#2771,#1760,.T.);
#3375=EDGE_CURVE('',#2771,#2769,#1761,.T.);
#3376=EDGE_CURVE('',#2768,#2770,#1762,.T.);
#3377=EDGE_CURVE('',#2772,#2773,#1763,.T.);
#3378=EDGE_CURVE('',#2773,#2771,#1340,.T.);
#3379=EDGE_CURVE('',#2770,#2772,#1341,.T.);
#3380=EDGE_CURVE('',#2774,#2775,#1764,.T.);
#3381=EDGE_CURVE('',#2775,#2773,#1342,.T.);
#3382=EDGE_CURVE('',#2772,#2774,#1343,.T.);
#3383=EDGE_CURVE('',#2776,#2777,#1765,.T.);
#3384=EDGE_CURVE('',#2777,#2775,#1344,.T.);
#3385=EDGE_CURVE('',#2774,#2776,#1345,.T.);
#3386=EDGE_CURVE('',#2778,#2779,#1766,.T.);
#3387=EDGE_CURVE('',#2779,#2777,#1767,.T.);
#3388=EDGE_CURVE('',#2776,#2778,#1768,.T.);
#3389=EDGE_CURVE('',#2780,#2781,#1769,.T.);
#3390=EDGE_CURVE('',#2781,#2779,#1346,.T.);
#3391=EDGE_CURVE('',#2778,#2780,#1347,.T.);
#3392=EDGE_CURVE('',#2782,#2783,#1770,.T.);
#3393=EDGE_CURVE('',#2783,#2781,#1771,.T.);
#3394=EDGE_CURVE('',#2780,#2782,#1772,.T.);
#3395=EDGE_CURVE('',#2784,#2785,#1773,.T.);
#3396=EDGE_CURVE('',#2785,#2783,#1348,.T.);
#3397=EDGE_CURVE('',#2782,#2784,#1349,.T.);
#3398=EDGE_CURVE('',#2786,#2787,#1774,.T.);
#3399=EDGE_CURVE('',#2787,#2785,#1350,.T.);
#3400=EDGE_CURVE('',#2784,#2786,#1351,.T.);
#3401=EDGE_CURVE('',#2788,#2789,#1775,.T.);
#3402=EDGE_CURVE('',#2789,#2787,#1352,.T.);
#3403=EDGE_CURVE('',#2786,#2788,#1353,.T.);
#3404=EDGE_CURVE('',#2790,#2791,#1776,.T.);
#3405=EDGE_CURVE('',#2791,#2789,#1777,.T.);
#3406=EDGE_CURVE('',#2788,#2790,#1778,.T.);
#3407=EDGE_CURVE('',#2792,#2793,#1779,.T.);
#3408=EDGE_CURVE('',#2793,#2791,#1354,.T.);
#3409=EDGE_CURVE('',#2790,#2792,#1355,.T.);
#3410=EDGE_CURVE('',#2794,#2795,#1780,.T.);
#3411=EDGE_CURVE('',#2795,#2793,#1356,.T.);
#3412=EDGE_CURVE('',#2792,#2794,#1357,.T.);
#3413=EDGE_CURVE('',#2796,#2797,#1781,.T.);
#3414=EDGE_CURVE('',#2797,#2795,#1358,.T.);
#3415=EDGE_CURVE('',#2794,#2796,#1359,.T.);
#3416=EDGE_CURVE('',#2798,#2799,#1782,.T.);
#3417=EDGE_CURVE('',#2799,#2797,#1783,.T.);
#3418=EDGE_CURVE('',#2796,#2798,#1784,.T.);
#3419=EDGE_CURVE('',#2800,#2801,#1785,.T.);
#3420=EDGE_CURVE('',#2801,#2799,#1360,.T.);
#3421=EDGE_CURVE('',#2798,#2800,#1361,.T.);
#3422=EDGE_CURVE('',#2802,#2803,#1786,.T.);
#3423=EDGE_CURVE('',#2803,#2801,#1787,.T.);
#3424=EDGE_CURVE('',#2800,#2802,#1788,.T.);
#3425=EDGE_CURVE('',#2804,#2805,#1789,.T.);
#3426=EDGE_CURVE('',#2805,#2803,#1362,.T.);
#3427=EDGE_CURVE('',#2802,#2804,#1363,.T.);
#3428=EDGE_CURVE('',#2806,#2807,#1790,.T.);
#3429=EDGE_CURVE('',#2807,#2805,#1364,.T.);
#3430=EDGE_CURVE('',#2804,#2806,#1365,.T.);
#3431=EDGE_CURVE('',#2808,#2809,#1791,.T.);
#3432=EDGE_CURVE('',#2809,#2807,#1366,.T.);
#3433=EDGE_CURVE('',#2806,#2808,#1367,.T.);
#3434=EDGE_CURVE('',#2810,#2811,#1792,.T.);
#3435=EDGE_CURVE('',#2811,#2809,#1793,.T.);
#3436=EDGE_CURVE('',#2808,#2810,#1794,.T.);
#3437=EDGE_CURVE('',#2812,#2813,#1795,.T.);
#3438=EDGE_CURVE('',#2813,#2811,#1368,.T.);
#3439=EDGE_CURVE('',#2810,#2812,#1369,.T.);
#3440=EDGE_CURVE('',#2814,#2815,#1796,.T.);
#3441=EDGE_CURVE('',#2815,#2813,#1370,.T.);
#3442=EDGE_CURVE('',#2812,#2814,#1371,.T.);
#3443=EDGE_CURVE('',#2816,#2817,#1797,.T.);
#3444=EDGE_CURVE('',#2817,#2815,#1372,.T.);
#3445=EDGE_CURVE('',#2814,#2816,#1373,.T.);
#3446=EDGE_CURVE('',#2818,#2819,#1798,.T.);
#3447=EDGE_CURVE('',#2819,#2817,#1799,.T.);
#3448=EDGE_CURVE('',#2816,#2818,#1800,.T.);
#3449=EDGE_CURVE('',#2820,#2821,#1801,.T.);
#3450=EDGE_CURVE('',#2821,#2819,#1374,.T.);
#3451=EDGE_CURVE('',#2818,#2820,#1375,.T.);
#3452=EDGE_CURVE('',#2822,#2823,#1802,.T.);
#3453=EDGE_CURVE('',#2823,#2821,#1376,.T.);
#3454=EDGE_CURVE('',#2820,#2822,#1377,.T.);
#3455=EDGE_CURVE('',#2824,#2825,#1803,.T.);
#3456=EDGE_CURVE('',#2825,#2823,#1378,.T.);
#3457=EDGE_CURVE('',#2822,#2824,#1379,.T.);
#3458=EDGE_CURVE('',#2826,#2827,#1804,.T.);
#3459=EDGE_CURVE('',#2827,#2825,#1805,.T.);
#3460=EDGE_CURVE('',#2824,#2826,#1806,.T.);
#3461=EDGE_CURVE('',#2828,#2829,#1807,.T.);
#3462=EDGE_CURVE('',#2829,#2827,#1380,.T.);
#3463=EDGE_CURVE('',#2826,#2828,#1381,.T.);
#3464=EDGE_CURVE('',#2830,#2831,#1808,.T.);
#3465=EDGE_CURVE('',#2831,#2829,#1809,.T.);
#3466=EDGE_CURVE('',#2828,#2830,#1810,.T.);
#3467=EDGE_CURVE('',#2832,#2833,#1811,.T.);
#3468=EDGE_CURVE('',#2833,#2831,#1382,.T.);
#3469=EDGE_CURVE('',#2830,#2832,#1383,.T.);
#3470=EDGE_CURVE('',#2834,#2835,#1812,.T.);
#3471=EDGE_CURVE('',#2835,#2833,#1384,.T.);
#3472=EDGE_CURVE('',#2832,#2834,#1385,.T.);
#3473=EDGE_CURVE('',#2836,#2837,#1813,.T.);
#3474=EDGE_CURVE('',#2837,#2835,#1386,.T.);
#3475=EDGE_CURVE('',#2834,#2836,#1387,.T.);
#3476=EDGE_CURVE('',#2838,#2839,#1814,.T.);
#3477=EDGE_CURVE('',#2839,#2837,#1815,.T.);
#3478=EDGE_CURVE('',#2836,#2838,#1816,.T.);
#3479=EDGE_CURVE('',#2840,#2841,#1817,.T.);
#3480=EDGE_CURVE('',#2841,#2839,#1388,.T.);
#3481=EDGE_CURVE('',#2838,#2840,#1389,.T.);
#3482=EDGE_CURVE('',#2842,#2843,#1818,.T.);
#3483=EDGE_CURVE('',#2843,#2841,#1390,.T.);
#3484=EDGE_CURVE('',#2840,#2842,#1391,.T.);
#3485=EDGE_CURVE('',#2844,#2845,#1819,.T.);
#3486=EDGE_CURVE('',#2845,#2843,#1392,.T.);
#3487=EDGE_CURVE('',#2842,#2844,#1393,.T.);
#3488=EDGE_CURVE('',#2846,#2847,#1820,.T.);
#3489=EDGE_CURVE('',#2847,#2845,#1821,.T.);
#3490=EDGE_CURVE('',#2844,#2846,#1822,.T.);
#3491=EDGE_CURVE('',#2848,#2849,#1823,.T.);
#3492=EDGE_CURVE('',#2849,#2847,#1394,.T.);
#3493=EDGE_CURVE('',#2846,#2848,#1395,.T.);
#3494=EDGE_CURVE('',#2850,#2851,#1824,.T.);
#3495=EDGE_CURVE('',#2851,#2849,#1825,.T.);
#3496=EDGE_CURVE('',#2848,#2850,#1826,.T.);
#3497=EDGE_CURVE('',#2852,#2853,#1827,.T.);
#3498=EDGE_CURVE('',#2853,#2851,#1396,.T.);
#3499=EDGE_CURVE('',#2850,#2852,#1397,.T.);
#3500=EDGE_CURVE('',#2854,#2855,#1828,.T.);
#3501=EDGE_CURVE('',#2855,#2853,#1398,.T.);
#3502=EDGE_CURVE('',#2852,#2854,#1399,.T.);
#3503=EDGE_CURVE('',#2856,#2857,#1829,.T.);
#3504=EDGE_CURVE('',#2857,#2855,#1400,.T.);
#3505=EDGE_CURVE('',#2854,#2856,#1401,.T.);
#3506=EDGE_CURVE('',#2764,#2857,#1830,.T.);
#3507=EDGE_CURVE('',#2856,#2765,#1831,.T.);
#3508=EDGE_CURVE('',#2808,#2858,#1832,.T.);
#3509=EDGE_CURVE('',#2859,#2858,#1833,.T.);
#3510=EDGE_CURVE('',#2810,#2859,#1834,.T.);
#3511=EDGE_CURVE('',#2806,#2860,#1835,.T.);
#3512=EDGE_CURVE('',#2858,#2860,#1402,.T.);
#3513=EDGE_CURVE('',#2804,#2861,#1836,.T.);
#3514=EDGE_CURVE('',#2860,#2861,#1403,.T.);
#3515=EDGE_CURVE('',#2802,#2862,#1837,.T.);
#3516=EDGE_CURVE('',#2861,#2862,#1404,.T.);
#3517=EDGE_CURVE('',#2800,#2863,#1838,.T.);
#3518=EDGE_CURVE('',#2862,#2863,#1839,.T.);
#3519=EDGE_CURVE('',#2798,#2864,#1840,.T.);
#3520=EDGE_CURVE('',#2863,#2864,#1405,.T.);
#3521=EDGE_CURVE('',#2796,#2865,#1841,.T.);
#3522=EDGE_CURVE('',#2864,#2865,#1842,.T.);
#3523=EDGE_CURVE('',#2794,#2866,#1843,.T.);
#3524=EDGE_CURVE('',#2865,#2866,#1406,.T.);
#3525=EDGE_CURVE('',#2792,#2867,#1844,.T.);
#3526=EDGE_CURVE('',#2866,#2867,#1407,.T.);
#3527=EDGE_CURVE('',#2790,#2868,#1845,.T.);
#3528=EDGE_CURVE('',#2867,#2868,#1408,.T.);
#3529=EDGE_CURVE('',#2788,#2869,#1846,.T.);
#3530=EDGE_CURVE('',#2868,#2869,#1847,.T.);
#3531=EDGE_CURVE('',#2786,#2870,#1848,.T.);
#3532=EDGE_CURVE('',#2869,#2870,#1409,.T.);
#3533=EDGE_CURVE('',#2784,#2871,#1849,.T.);
#3534=EDGE_CURVE('',#2870,#2871,#1410,.T.);
#3535=EDGE_CURVE('',#2782,#2872,#1850,.T.);
#3536=EDGE_CURVE('',#2871,#2872,#1411,.T.);
#3537=EDGE_CURVE('',#2780,#2873,#1851,.T.);
#3538=EDGE_CURVE('',#2872,#2873,#1852,.T.);
#3539=EDGE_CURVE('',#2778,#2874,#1853,.T.);
#3540=EDGE_CURVE('',#2873,#2874,#1412,.T.);
#3541=EDGE_CURVE('',#2776,#2875,#1854,.T.);
#3542=EDGE_CURVE('',#2874,#2875,#1855,.T.);
#3543=EDGE_CURVE('',#2774,#2876,#1856,.T.);
#3544=EDGE_CURVE('',#2875,#2876,#1413,.T.);
#3545=EDGE_CURVE('',#2772,#2877,#1857,.T.);
#3546=EDGE_CURVE('',#2876,#2877,#1414,.T.);
#3547=EDGE_CURVE('',#2770,#2878,#1858,.T.);
#3548=EDGE_CURVE('',#2877,#2878,#1415,.T.);
#3549=EDGE_CURVE('',#2768,#2879,#1859,.T.);
#3550=EDGE_CURVE('',#2878,#2879,#1860,.T.);
#3551=EDGE_CURVE('',#2766,#2880,#1861,.T.);
#3552=EDGE_CURVE('',#2879,#2880,#1416,.T.);
#3553=EDGE_CURVE('',#2762,#2881,#1862,.T.);
#3554=EDGE_CURVE('',#2880,#2881,#1417,.T.);
#3555=EDGE_CURVE('',#2765,#2882,#1863,.T.);
#3556=EDGE_CURVE('',#2881,#2882,#1418,.T.);
#3557=EDGE_CURVE('',#2883,#2884,#1419,.T.);
#3558=EDGE_CURVE('',#2884,#2885,#1420,.T.);
#3559=EDGE_CURVE('',#2885,#2886,#1421,.T.);
#3560=EDGE_CURVE('',#2886,#2887,#1864,.T.);
#3561=EDGE_CURVE('',#2887,#2888,#1422,.T.);
#3562=EDGE_CURVE('',#2888,#2889,#1865,.T.);
#3563=EDGE_CURVE('',#2889,#2890,#1423,.T.);
#3564=EDGE_CURVE('',#2890,#2891,#1424,.T.);
#3565=EDGE_CURVE('',#2891,#2892,#1425,.T.);
#3566=EDGE_CURVE('',#2892,#2893,#1866,.T.);
#3567=EDGE_CURVE('',#2893,#2894,#1426,.T.);
#3568=EDGE_CURVE('',#2894,#2895,#1427,.T.);
#3569=EDGE_CURVE('',#2895,#2896,#1428,.T.);
#3570=EDGE_CURVE('',#2896,#2897,#1867,.T.);
#3571=EDGE_CURVE('',#2897,#2898,#1429,.T.);
#3572=EDGE_CURVE('',#2898,#2899,#1868,.T.);
#3573=EDGE_CURVE('',#2899,#2900,#1430,.T.);
#3574=EDGE_CURVE('',#2900,#2901,#1431,.T.);
#3575=EDGE_CURVE('',#2901,#2902,#1432,.T.);
#3576=EDGE_CURVE('',#2902,#2903,#1869,.T.);
#3577=EDGE_CURVE('',#2903,#2904,#1433,.T.);
#3578=EDGE_CURVE('',#2904,#2905,#1434,.T.);
#3579=EDGE_CURVE('',#2905,#2906,#1435,.T.);
#3580=EDGE_CURVE('',#2906,#2907,#1870,.T.);
#3581=EDGE_CURVE('',#2907,#2908,#1436,.T.);
#3582=EDGE_CURVE('',#2908,#2909,#1437,.T.);
#3583=EDGE_CURVE('',#2909,#2910,#1438,.T.);
#3584=EDGE_CURVE('',#2910,#2911,#1871,.T.);
#3585=EDGE_CURVE('',#2911,#2912,#1439,.T.);
#3586=EDGE_CURVE('',#2912,#2913,#1872,.T.);
#3587=EDGE_CURVE('',#2913,#2914,#1440,.T.);
#3588=EDGE_CURVE('',#2914,#2915,#1441,.T.);
#3589=EDGE_CURVE('',#2915,#2916,#1442,.T.);
#3590=EDGE_CURVE('',#2916,#2917,#1873,.T.);
#3591=EDGE_CURVE('',#2917,#2918,#1443,.T.);
#3592=EDGE_CURVE('',#2918,#2919,#1444,.T.);
#3593=EDGE_CURVE('',#2919,#2920,#1445,.T.);
#3594=EDGE_CURVE('',#2920,#2921,#1874,.T.);
#3595=EDGE_CURVE('',#2921,#2922,#1446,.T.);
#3596=EDGE_CURVE('',#2922,#2923,#1875,.T.);
#3597=EDGE_CURVE('',#2923,#2924,#1447,.T.);
#3598=EDGE_CURVE('',#2924,#2925,#1448,.T.);
#3599=EDGE_CURVE('',#2925,#2926,#1449,.T.);
#3600=EDGE_CURVE('',#2926,#2927,#1876,.T.);
#3601=EDGE_CURVE('',#2927,#2928,#1450,.T.);
#3602=EDGE_CURVE('',#2928,#2929,#1451,.T.);
#3603=EDGE_CURVE('',#2929,#2930,#1452,.T.);
#3604=EDGE_CURVE('',#2930,#2883,#1877,.T.);
#3605=EDGE_CURVE('',#2856,#2931,#1878,.T.);
#3606=EDGE_CURVE('',#2882,#2931,#1879,.T.);
#3607=EDGE_CURVE('',#2854,#2932,#1880,.T.);
#3608=EDGE_CURVE('',#2931,#2932,#1453,.T.);
#3609=EDGE_CURVE('',#2852,#2933,#1881,.T.);
#3610=EDGE_CURVE('',#2932,#2933,#1454,.T.);
#3611=EDGE_CURVE('',#2850,#2934,#1882,.T.);
#3612=EDGE_CURVE('',#2933,#2934,#1455,.T.);
#3613=EDGE_CURVE('',#2848,#2935,#1883,.T.);
#3614=EDGE_CURVE('',#2934,#2935,#1884,.T.);
#3615=EDGE_CURVE('',#2846,#2936,#1885,.T.);
#3616=EDGE_CURVE('',#2935,#2936,#1456,.T.);
#3617=EDGE_CURVE('',#2844,#2937,#1886,.T.);
#3618=EDGE_CURVE('',#2936,#2937,#1887,.T.);
#3619=EDGE_CURVE('',#2842,#2938,#1888,.T.);
#3620=EDGE_CURVE('',#2937,#2938,#1457,.T.);
#3621=EDGE_CURVE('',#2840,#2939,#1889,.T.);
#3622=EDGE_CURVE('',#2938,#2939,#1458,.T.);
#3623=EDGE_CURVE('',#2838,#2940,#1890,.T.);
#3624=EDGE_CURVE('',#2939,#2940,#1459,.T.);
#3625=EDGE_CURVE('',#2836,#2941,#1891,.T.);
#3626=EDGE_CURVE('',#2940,#2941,#1892,.T.);
#3627=EDGE_CURVE('',#2834,#2942,#1893,.T.);
#3628=EDGE_CURVE('',#2941,#2942,#1460,.T.);
#3629=EDGE_CURVE('',#2832,#2943,#1894,.T.);
#3630=EDGE_CURVE('',#2942,#2943,#1461,.T.);
#3631=EDGE_CURVE('',#2830,#2944,#1895,.T.);
#3632=EDGE_CURVE('',#2943,#2944,#1462,.T.);
#3633=EDGE_CURVE('',#2828,#2945,#1896,.T.);
#3634=EDGE_CURVE('',#2944,#2945,#1897,.T.);
#3635=EDGE_CURVE('',#2826,#2946,#1898,.T.);
#3636=EDGE_CURVE('',#2945,#2946,#1463,.T.);
#3637=EDGE_CURVE('',#2824,#2947,#1899,.T.);
#3638=EDGE_CURVE('',#2946,#2947,#1900,.T.);
#3639=EDGE_CURVE('',#2822,#2948,#1901,.T.);
#3640=EDGE_CURVE('',#2947,#2948,#1464,.T.);
#3641=EDGE_CURVE('',#2820,#2949,#1902,.T.);
#3642=EDGE_CURVE('',#2948,#2949,#1465,.T.);
#3643=EDGE_CURVE('',#2818,#2950,#1903,.T.);
#3644=EDGE_CURVE('',#2949,#2950,#1466,.T.);
#3645=EDGE_CURVE('',#2816,#2951,#1904,.T.);
#3646=EDGE_CURVE('',#2950,#2951,#1905,.T.);
#3647=EDGE_CURVE('',#2814,#2952,#1906,.T.);
#3648=EDGE_CURVE('',#2951,#2952,#1467,.T.);
#3649=EDGE_CURVE('',#2812,#2953,#1907,.T.);
#3650=EDGE_CURVE('',#2952,#2953,#1468,.T.);
#3651=EDGE_CURVE('',#2953,#2859,#1469,.T.);
#3652=EDGE_CURVE('',#2954,#2955,#1470,.T.);
#3653=EDGE_CURVE('',#2955,#2956,#1471,.T.);
#3654=EDGE_CURVE('',#2956,#2957,#1472,.T.);
#3655=EDGE_CURVE('',#2957,#2954,#1473,.T.);
#3656=EDGE_CURVE('',#2956,#2958,#1474,.T.);
#3657=EDGE_CURVE('',#2958,#2959,#1475,.T.);
#3658=EDGE_CURVE('',#2959,#2957,#1476,.T.);
#3659=EDGE_CURVE('',#2958,#2960,#1477,.T.);
#3660=EDGE_CURVE('',#2960,#2961,#1478,.T.);
#3661=EDGE_CURVE('',#2961,#2959,#1479,.T.);
#3662=EDGE_CURVE('',#2960,#2962,#1908,.T.);
#3663=EDGE_CURVE('',#2962,#2963,#1480,.T.);
#3664=EDGE_CURVE('',#2963,#2961,#1909,.T.);
#3665=EDGE_CURVE('',#2962,#2964,#1481,.T.);
#3666=EDGE_CURVE('',#2964,#2965,#1482,.T.);
#3667=EDGE_CURVE('',#2965,#2963,#1483,.T.);
#3668=EDGE_CURVE('',#2964,#2966,#1910,.T.);
#3669=EDGE_CURVE('',#2966,#2967,#1484,.T.);
#3670=EDGE_CURVE('',#2967,#2965,#1911,.T.);
#3671=EDGE_CURVE('',#2966,#2968,#1485,.T.);
#3672=EDGE_CURVE('',#2968,#2969,#1486,.T.);
#3673=EDGE_CURVE('',#2969,#2967,#1487,.T.);
#3674=EDGE_CURVE('',#2968,#2970,#1488,.T.);
#3675=EDGE_CURVE('',#2970,#2971,#1489,.T.);
#3676=EDGE_CURVE('',#2971,#2969,#1490,.T.);
#3677=EDGE_CURVE('',#2970,#2972,#1491,.T.);
#3678=EDGE_CURVE('',#2972,#2973,#1492,.T.);
#3679=EDGE_CURVE('',#2973,#2971,#1493,.T.);
#3680=EDGE_CURVE('',#2972,#2974,#1912,.T.);
#3681=EDGE_CURVE('',#2974,#2975,#1494,.T.);
#3682=EDGE_CURVE('',#2975,#2973,#1913,.T.);
#3683=EDGE_CURVE('',#2974,#2976,#1495,.T.);
#3684=EDGE_CURVE('',#2976,#2977,#1496,.T.);
#3685=EDGE_CURVE('',#2977,#2975,#1497,.T.);
#3686=EDGE_CURVE('',#2976,#2978,#1498,.T.);
#3687=EDGE_CURVE('',#2978,#2979,#1499,.T.);
#3688=EDGE_CURVE('',#2979,#2977,#1500,.T.);
#3689=EDGE_CURVE('',#2978,#2980,#1501,.T.);
#3690=EDGE_CURVE('',#2980,#2981,#1502,.T.);
#3691=EDGE_CURVE('',#2981,#2979,#1503,.T.);
#3692=EDGE_CURVE('',#2980,#2982,#1914,.T.);
#3693=EDGE_CURVE('',#2982,#2983,#1504,.T.);
#3694=EDGE_CURVE('',#2983,#2981,#1915,.T.);
#3695=EDGE_CURVE('',#2982,#2984,#1505,.T.);
#3696=EDGE_CURVE('',#2984,#2985,#1506,.T.);
#3697=EDGE_CURVE('',#2985,#2983,#1507,.T.);
#3698=EDGE_CURVE('',#2984,#2986,#1508,.T.);
#3699=EDGE_CURVE('',#2986,#2987,#1509,.T.);
#3700=EDGE_CURVE('',#2987,#2985,#1510,.T.);
#3701=EDGE_CURVE('',#2986,#2988,#1511,.T.);
#3702=EDGE_CURVE('',#2988,#2989,#1512,.T.);
#3703=EDGE_CURVE('',#2989,#2987,#1513,.T.);
#3704=EDGE_CURVE('',#2988,#2990,#1916,.T.);
#3705=EDGE_CURVE('',#2990,#2991,#1514,.T.);
#3706=EDGE_CURVE('',#2991,#2989,#1917,.T.);
#3707=EDGE_CURVE('',#2990,#2992,#1515,.T.);
#3708=EDGE_CURVE('',#2992,#2993,#1516,.T.);
#3709=EDGE_CURVE('',#2993,#2991,#1517,.T.);
#3710=EDGE_CURVE('',#2992,#2994,#1918,.T.);
#3711=EDGE_CURVE('',#2994,#2995,#1518,.T.);
#3712=EDGE_CURVE('',#2995,#2993,#1919,.T.);
#3713=EDGE_CURVE('',#2994,#2996,#1519,.T.);
#3714=EDGE_CURVE('',#2996,#2997,#1520,.T.);
#3715=EDGE_CURVE('',#2997,#2995,#1521,.T.);
#3716=EDGE_CURVE('',#2996,#2998,#1522,.T.);
#3717=EDGE_CURVE('',#2998,#2999,#1523,.T.);
#3718=EDGE_CURVE('',#2999,#2997,#1524,.T.);
#3719=EDGE_CURVE('',#2998,#3000,#1525,.T.);
#3720=EDGE_CURVE('',#3000,#3001,#1526,.T.);
#3721=EDGE_CURVE('',#3001,#2999,#1527,.T.);
#3722=EDGE_CURVE('',#3000,#3002,#1920,.T.);
#3723=EDGE_CURVE('',#3002,#3003,#1528,.T.);
#3724=EDGE_CURVE('',#3003,#3001,#1921,.T.);
#3725=EDGE_CURVE('',#3002,#3004,#1529,.T.);
#3726=EDGE_CURVE('',#3004,#3005,#1530,.T.);
#3727=EDGE_CURVE('',#3005,#3003,#1531,.T.);
#3728=EDGE_CURVE('',#3004,#3006,#1532,.T.);
#3729=EDGE_CURVE('',#3006,#3007,#1533,.T.);
#3730=EDGE_CURVE('',#3007,#3005,#1534,.T.);
#3731=EDGE_CURVE('',#3006,#3008,#1535,.T.);
#3732=EDGE_CURVE('',#3008,#3009,#1536,.T.);
#3733=EDGE_CURVE('',#3009,#3007,#1537,.T.);
#3734=EDGE_CURVE('',#3008,#3010,#1922,.T.);
#3735=EDGE_CURVE('',#3010,#3011,#1538,.T.);
#3736=EDGE_CURVE('',#3011,#3009,#1923,.T.);
#3737=EDGE_CURVE('',#3010,#3012,#1539,.T.);
#3738=EDGE_CURVE('',#3012,#3013,#1540,.T.);
#3739=EDGE_CURVE('',#3013,#3011,#1541,.T.);
#3740=EDGE_CURVE('',#3012,#3014,#1924,.T.);
#3741=EDGE_CURVE('',#3014,#3015,#1542,.T.);
#3742=EDGE_CURVE('',#3015,#3013,#1925,.T.);
#3743=EDGE_CURVE('',#3014,#3016,#1543,.T.);
#3744=EDGE_CURVE('',#3016,#3017,#1544,.T.);
#3745=EDGE_CURVE('',#3017,#3015,#1545,.T.);
#3746=EDGE_CURVE('',#3016,#3018,#1546,.T.);
#3747=EDGE_CURVE('',#3018,#3019,#1547,.T.);
#3748=EDGE_CURVE('',#3019,#3017,#1548,.T.);
#3749=EDGE_CURVE('',#3018,#3020,#1549,.T.);
#3750=EDGE_CURVE('',#3020,#3021,#1550,.T.);
#3751=EDGE_CURVE('',#3021,#3019,#1551,.T.);
#3752=EDGE_CURVE('',#3020,#3022,#1926,.T.);
#3753=EDGE_CURVE('',#3022,#3023,#1552,.T.);
#3754=EDGE_CURVE('',#3023,#3021,#1927,.T.);
#3755=EDGE_CURVE('',#3022,#3024,#1553,.T.);
#3756=EDGE_CURVE('',#3024,#3025,#1554,.T.);
#3757=EDGE_CURVE('',#3025,#3023,#1555,.T.);
#3758=EDGE_CURVE('',#3024,#3026,#1556,.T.);
#3759=EDGE_CURVE('',#3026,#3027,#1557,.T.);
#3760=EDGE_CURVE('',#3027,#3025,#1558,.T.);
#3761=EDGE_CURVE('',#3026,#3028,#1559,.T.);
#3762=EDGE_CURVE('',#3028,#3029,#1560,.T.);
#3763=EDGE_CURVE('',#3029,#3027,#1561,.T.);
#3764=EDGE_CURVE('',#3028,#3030,#1928,.T.);
#3765=EDGE_CURVE('',#3030,#3031,#1562,.T.);
#3766=EDGE_CURVE('',#3031,#3029,#1929,.T.);
#3767=EDGE_CURVE('',#3030,#3032,#1563,.T.);
#3768=EDGE_CURVE('',#3032,#3033,#1564,.T.);
#3769=EDGE_CURVE('',#3033,#3031,#1565,.T.);
#3770=EDGE_CURVE('',#3032,#3034,#1566,.T.);
#3771=EDGE_CURVE('',#3034,#3035,#1567,.T.);
#3772=EDGE_CURVE('',#3035,#3033,#1568,.T.);
#3773=EDGE_CURVE('',#3034,#3036,#1569,.T.);
#3774=EDGE_CURVE('',#3036,#3037,#1570,.T.);
#3775=EDGE_CURVE('',#3037,#3035,#1571,.T.);
#3776=EDGE_CURVE('',#3036,#3038,#1930,.T.);
#3777=EDGE_CURVE('',#3038,#3039,#1572,.T.);
#3778=EDGE_CURVE('',#3039,#3037,#1931,.T.);
#3779=EDGE_CURVE('',#3038,#3040,#1573,.T.);
#3780=EDGE_CURVE('',#3040,#3041,#1574,.T.);
#3781=EDGE_CURVE('',#3041,#3039,#1575,.T.);
#3782=EDGE_CURVE('',#3040,#3042,#1932,.T.);
#3783=EDGE_CURVE('',#3042,#3043,#1576,.T.);
#3784=EDGE_CURVE('',#3043,#3041,#1933,.T.);
#3785=EDGE_CURVE('',#3042,#3044,#1577,.T.);
#3786=EDGE_CURVE('',#3044,#3045,#1578,.T.);
#3787=EDGE_CURVE('',#3045,#3043,#1579,.T.);
#3788=EDGE_CURVE('',#3044,#3046,#1580,.T.);
#3789=EDGE_CURVE('',#3046,#3047,#1581,.T.);
#3790=EDGE_CURVE('',#3047,#3045,#1582,.T.);
#3791=EDGE_CURVE('',#3046,#3048,#1583,.T.);
#3792=EDGE_CURVE('',#3048,#3049,#1584,.T.);
#3793=EDGE_CURVE('',#3049,#3047,#1585,.T.);
#3794=EDGE_CURVE('',#3048,#2955,#1934,.T.);
#3795=EDGE_CURVE('',#2954,#3049,#1935,.T.);
#3796=EDGE_CURVE('',#3050,#3007,#1936,.T.);
#3797=EDGE_CURVE('',#3051,#3050,#1586,.T.);
#3798=EDGE_CURVE('',#3005,#3051,#1937,.T.);
#3799=EDGE_CURVE('',#3009,#3052,#1938,.T.);
#3800=EDGE_CURVE('',#3053,#3052,#62,.T.);
#3801=EDGE_CURVE('',#3053,#3050,#16,.T.);
#3802=EDGE_CURVE('',#3054,#3011,#1939,.T.);
#3803=EDGE_CURVE('',#3052,#3054,#1940,.T.);
#3804=EDGE_CURVE('',#3013,#3055,#1941,.T.);
#3805=EDGE_CURVE('',#3054,#3055,#1587,.T.);
#3806=EDGE_CURVE('',#3056,#3015,#1942,.T.);
#3807=EDGE_CURVE('',#3055,#3056,#1943,.T.);
#3808=EDGE_CURVE('',#3017,#3057,#1944,.T.);
#3809=EDGE_CURVE('',#3057,#3058,#17,.T.);
#3810=EDGE_CURVE('',#3056,#3058,#63,.T.);
#3811=EDGE_CURVE('',#3059,#3019,#1945,.T.);
#3812=EDGE_CURVE('',#3057,#3059,#1588,.T.);
#3813=EDGE_CURVE('',#3021,#3060,#1946,.T.);
#3814=EDGE_CURVE('',#3061,#3060,#64,.T.);
#3815=EDGE_CURVE('',#3061,#3059,#18,.T.);
#3816=EDGE_CURVE('',#3062,#3023,#1947,.T.);
#3817=EDGE_CURVE('',#3060,#3062,#1948,.T.);
#3818=EDGE_CURVE('',#3025,#3063,#1949,.T.);
#3819=EDGE_CURVE('',#3063,#3064,#19,.T.);
#3820=EDGE_CURVE('',#3062,#3064,#65,.T.);
#3821=EDGE_CURVE('',#3065,#3027,#1950,.T.);
#3822=EDGE_CURVE('',#3063,#3065,#1589,.T.);
#3823=EDGE_CURVE('',#3029,#3066,#1951,.T.);
#3824=EDGE_CURVE('',#3067,#3066,#66,.T.);
#3825=EDGE_CURVE('',#3067,#3065,#20,.T.);
#3826=EDGE_CURVE('',#3068,#3031,#1952,.T.);
#3827=EDGE_CURVE('',#3066,#3068,#1953,.T.);
#3828=EDGE_CURVE('',#3033,#3069,#1954,.T.);
#3829=EDGE_CURVE('',#3069,#3070,#21,.T.);
#3830=EDGE_CURVE('',#3068,#3070,#67,.T.);
#3831=EDGE_CURVE('',#3071,#3035,#1955,.T.);
#3832=EDGE_CURVE('',#3069,#3071,#1590,.T.);
#3833=EDGE_CURVE('',#3037,#3072,#1956,.T.);
#3834=EDGE_CURVE('',#3073,#3072,#68,.T.);
#3835=EDGE_CURVE('',#3073,#3071,#22,.T.);
#3836=EDGE_CURVE('',#3074,#3039,#1957,.T.);
#3837=EDGE_CURVE('',#3072,#3074,#1958,.T.);
#3838=EDGE_CURVE('',#3041,#3075,#1959,.T.);
#3839=EDGE_CURVE('',#3074,#3075,#1591,.T.);
#3840=EDGE_CURVE('',#3076,#3043,#1960,.T.);
#3841=EDGE_CURVE('',#3075,#3076,#1961,.T.);
#3842=EDGE_CURVE('',#3045,#3077,#1962,.T.);
#3843=EDGE_CURVE('',#3077,#3078,#23,.T.);
#3844=EDGE_CURVE('',#3076,#3078,#69,.T.);
#3845=EDGE_CURVE('',#3079,#3047,#1963,.T.);
#3846=EDGE_CURVE('',#3077,#3079,#1592,.T.);
#3847=EDGE_CURVE('',#3049,#3080,#1964,.T.);
#3848=EDGE_CURVE('',#3081,#3080,#70,.T.);
#3849=EDGE_CURVE('',#3081,#3079,#24,.T.);
#3850=EDGE_CURVE('',#3082,#2954,#1965,.T.);
#3851=EDGE_CURVE('',#3080,#3082,#1966,.T.);
#3852=EDGE_CURVE('',#2957,#3083,#1967,.T.);
#3853=EDGE_CURVE('',#3083,#3084,#25,.T.);
#3854=EDGE_CURVE('',#3082,#3084,#71,.T.);
#3855=EDGE_CURVE('',#2883,#2972,#1968,.T.);
#3856=EDGE_CURVE('',#2974,#2930,#1969,.T.);
#3857=EDGE_CURVE('',#2976,#2929,#1970,.T.);
#3858=EDGE_CURVE('',#2978,#2928,#1971,.T.);
#3859=EDGE_CURVE('',#2980,#2927,#1972,.T.);
#3860=EDGE_CURVE('',#2982,#2926,#1973,.T.);
#3861=EDGE_CURVE('',#2984,#2925,#1974,.T.);
#3862=EDGE_CURVE('',#2986,#2924,#1975,.T.);
#3863=EDGE_CURVE('',#2988,#2923,#1976,.T.);
#3864=EDGE_CURVE('',#2990,#2922,#1977,.T.);
#3865=EDGE_CURVE('',#2992,#2921,#1978,.T.);
#3866=EDGE_CURVE('',#2994,#2920,#1979,.T.);
#3867=EDGE_CURVE('',#2996,#2919,#1980,.T.);
#3868=EDGE_CURVE('',#2998,#2918,#1981,.T.);
#3869=EDGE_CURVE('',#3000,#2917,#1982,.T.);
#3870=EDGE_CURVE('',#3002,#2916,#1983,.T.);
#3871=EDGE_CURVE('',#3004,#2915,#1984,.T.);
#3872=EDGE_CURVE('',#3006,#2914,#1985,.T.);
#3873=EDGE_CURVE('',#3008,#2913,#1986,.T.);
#3874=EDGE_CURVE('',#3010,#2912,#1987,.T.);
#3875=EDGE_CURVE('',#3012,#2911,#1988,.T.);
#3876=EDGE_CURVE('',#3014,#2910,#1989,.T.);
#3877=EDGE_CURVE('',#3016,#2909,#1990,.T.);
#3878=EDGE_CURVE('',#3018,#2908,#1991,.T.);
#3879=EDGE_CURVE('',#3020,#2907,#1992,.T.);
#3880=EDGE_CURVE('',#3022,#2906,#1993,.T.);
#3881=EDGE_CURVE('',#3024,#2905,#1994,.T.);
#3882=EDGE_CURVE('',#3026,#2904,#1995,.T.);
#3883=EDGE_CURVE('',#3028,#2903,#1996,.T.);
#3884=EDGE_CURVE('',#3030,#2902,#1997,.T.);
#3885=EDGE_CURVE('',#3032,#2901,#1998,.T.);
#3886=EDGE_CURVE('',#3034,#2900,#1999,.T.);
#3887=EDGE_CURVE('',#3036,#2899,#2000,.T.);
#3888=EDGE_CURVE('',#3038,#2898,#2001,.T.);
#3889=EDGE_CURVE('',#3040,#2897,#2002,.T.);
#3890=EDGE_CURVE('',#3042,#2896,#2003,.T.);
#3891=EDGE_CURVE('',#3044,#2895,#2004,.T.);
#3892=EDGE_CURVE('',#3046,#2894,#2005,.T.);
#3893=EDGE_CURVE('',#3048,#2893,#2006,.T.);
#3894=EDGE_CURVE('',#2955,#2892,#2007,.T.);
#3895=EDGE_CURVE('',#2956,#2891,#2008,.T.);
#3896=EDGE_CURVE('',#2958,#2890,#2009,.T.);
#3897=EDGE_CURVE('',#2960,#2889,#2010,.T.);
#3898=EDGE_CURVE('',#2962,#2888,#2011,.T.);
#3899=EDGE_CURVE('',#2964,#2887,#2012,.T.);
#3900=EDGE_CURVE('',#2966,#2886,#2013,.T.);
#3901=EDGE_CURVE('',#2968,#2885,#2014,.T.);
#3902=EDGE_CURVE('',#2970,#2884,#2015,.T.);
#3903=EDGE_CURVE('',#2965,#3085,#2016,.T.);
#3904=EDGE_CURVE('',#3086,#3085,#1593,.T.);
#3905=EDGE_CURVE('',#3086,#2963,#2017,.T.);
#3906=EDGE_CURVE('',#3087,#2967,#2018,.T.);
#3907=EDGE_CURVE('',#3085,#3087,#2019,.T.);
#3908=EDGE_CURVE('',#2969,#3088,#2020,.T.);
#3909=EDGE_CURVE('',#3088,#3089,#26,.T.);
#3910=EDGE_CURVE('',#3087,#3089,#72,.T.);
#3911=EDGE_CURVE('',#3090,#2971,#2021,.T.);
#3912=EDGE_CURVE('',#3088,#3090,#1594,.T.);
#3913=EDGE_CURVE('',#2973,#3091,#2022,.T.);
#3914=EDGE_CURVE('',#3092,#3091,#73,.T.);
#3915=EDGE_CURVE('',#3092,#3090,#27,.T.);
#3916=EDGE_CURVE('',#3093,#2975,#2023,.T.);
#3917=EDGE_CURVE('',#3091,#3093,#2024,.T.);
#3918=EDGE_CURVE('',#2977,#3094,#2025,.T.);
#3919=EDGE_CURVE('',#3094,#3095,#28,.T.);
#3920=EDGE_CURVE('',#3093,#3095,#74,.T.);
#3921=EDGE_CURVE('',#3096,#2979,#2026,.T.);
#3922=EDGE_CURVE('',#3094,#3096,#1595,.T.);
#3923=EDGE_CURVE('',#2981,#3097,#2027,.T.);
#3924=EDGE_CURVE('',#3098,#3097,#75,.T.);
#3925=EDGE_CURVE('',#3098,#3096,#29,.T.);
#3926=EDGE_CURVE('',#3099,#2983,#2028,.T.);
#3927=EDGE_CURVE('',#3097,#3099,#2029,.T.);
#3928=EDGE_CURVE('',#2985,#3100,#2030,.T.);
#3929=EDGE_CURVE('',#3100,#3101,#30,.T.);
#3930=EDGE_CURVE('',#3099,#3101,#76,.T.);
#3931=EDGE_CURVE('',#3102,#2987,#2031,.T.);
#3932=EDGE_CURVE('',#3100,#3102,#1596,.T.);
#3933=EDGE_CURVE('',#2989,#3103,#2032,.T.);
#3934=EDGE_CURVE('',#3104,#3103,#77,.T.);
#3935=EDGE_CURVE('',#3104,#3102,#31,.T.);
#3936=EDGE_CURVE('',#3105,#2991,#2033,.T.);
#3937=EDGE_CURVE('',#3103,#3105,#2034,.T.);
#3938=EDGE_CURVE('',#2993,#3106,#2035,.T.);
#3939=EDGE_CURVE('',#3105,#3106,#1597,.T.);
#3940=EDGE_CURVE('',#3107,#2995,#2036,.T.);
#3941=EDGE_CURVE('',#3106,#3107,#2037,.T.);
#3942=EDGE_CURVE('',#2997,#3108,#2038,.T.);
#3943=EDGE_CURVE('',#3108,#3109,#32,.T.);
#3944=EDGE_CURVE('',#3107,#3109,#78,.T.);
#3945=EDGE_CURVE('',#3110,#2999,#2039,.T.);
#3946=EDGE_CURVE('',#3108,#3110,#1598,.T.);
#3947=EDGE_CURVE('',#3001,#3111,#2040,.T.);
#3948=EDGE_CURVE('',#3112,#3111,#79,.T.);
#3949=EDGE_CURVE('',#3112,#3110,#33,.T.);
#3950=EDGE_CURVE('',#3113,#3003,#2041,.T.);
#3951=EDGE_CURVE('',#3111,#3113,#2042,.T.);
#3952=EDGE_CURVE('',#3051,#3114,#34,.T.);
#3953=EDGE_CURVE('',#3113,#3114,#80,.T.);
#3954=EDGE_CURVE('',#3115,#3115,#1599,.T.);
#3955=EDGE_CURVE('',#3115,#3116,#2043,.T.);
#3956=EDGE_CURVE('',#3116,#3117,#1600,.T.);
#3957=EDGE_CURVE('',#3117,#3116,#1601,.T.);
#3958=EDGE_CURVE('',#3118,#3118,#1602,.T.);
#3959=EDGE_CURVE('',#3119,#3119,#1603,.T.);
#3960=EDGE_CURVE('',#3119,#3117,#2044,.T.);
#3961=EDGE_CURVE('',#3120,#3120,#1604,.T.);
#3962=EDGE_CURVE('',#3120,#3121,#2045,.T.);
#3963=EDGE_CURVE('',#3121,#3122,#1605,.T.);
#3964=EDGE_CURVE('',#3122,#3121,#1606,.T.);
#3965=EDGE_CURVE('',#3123,#3123,#1607,.T.);
#3966=EDGE_CURVE('',#3124,#3124,#1608,.T.);
#3967=EDGE_CURVE('',#3124,#3122,#2046,.T.);
#3968=EDGE_CURVE('',#3125,#3125,#1609,.T.);
#3969=EDGE_CURVE('',#3125,#3126,#2047,.T.);
#3970=EDGE_CURVE('',#3126,#3127,#1610,.T.);
#3971=EDGE_CURVE('',#3127,#3126,#1611,.T.);
#3972=EDGE_CURVE('',#3128,#3128,#1612,.T.);
#3973=EDGE_CURVE('',#3129,#3129,#1613,.T.);
#3974=EDGE_CURVE('',#3129,#3127,#2048,.T.);
#3975=EDGE_CURVE('',#3130,#3130,#1614,.T.);
#3976=EDGE_CURVE('',#3130,#3131,#2049,.T.);
#3977=EDGE_CURVE('',#3131,#3132,#1615,.T.);
#3978=EDGE_CURVE('',#3132,#3131,#1616,.T.);
#3979=EDGE_CURVE('',#3133,#3133,#1617,.T.);
#3980=EDGE_CURVE('',#3134,#3134,#1618,.T.);
#3981=EDGE_CURVE('',#3134,#3132,#2050,.T.);
#3982=EDGE_CURVE('',#3135,#3135,#1619,.T.);
#3983=EDGE_CURVE('',#3135,#3136,#2051,.T.);
#3984=EDGE_CURVE('',#3136,#3137,#1620,.T.);
#3985=EDGE_CURVE('',#3137,#3136,#1621,.T.);
#3986=EDGE_CURVE('',#3138,#3138,#1622,.T.);
#3987=EDGE_CURVE('',#3139,#3139,#1623,.T.);
#3988=EDGE_CURVE('',#3139,#3137,#2052,.T.);
#3989=EDGE_CURVE('',#3140,#3140,#1624,.T.);
#3990=EDGE_CURVE('',#3140,#3141,#2053,.T.);
#3991=EDGE_CURVE('',#3141,#3142,#1625,.T.);
#3992=EDGE_CURVE('',#3142,#3141,#1626,.T.);
#3993=EDGE_CURVE('',#3143,#3143,#1627,.T.);
#3994=EDGE_CURVE('',#3144,#3144,#1628,.T.);
#3995=EDGE_CURVE('',#3144,#3142,#2054,.T.);
#3996=EDGE_CURVE('',#3145,#3145,#1629,.T.);
#3997=EDGE_CURVE('',#3145,#3146,#2055,.T.);
#3998=EDGE_CURVE('',#3146,#3147,#1630,.T.);
#3999=EDGE_CURVE('',#3147,#3146,#1631,.T.);
#4000=EDGE_CURVE('',#3148,#3148,#1632,.T.);
#4001=EDGE_CURVE('',#3149,#3149,#1633,.T.);
#4002=EDGE_CURVE('',#3149,#3147,#2056,.T.);
#4003=EDGE_CURVE('',#3150,#3150,#1634,.T.);
#4004=EDGE_CURVE('',#3150,#3151,#2057,.T.);
#4005=EDGE_CURVE('',#3151,#3152,#1635,.T.);
#4006=EDGE_CURVE('',#3152,#3151,#1636,.T.);
#4007=EDGE_CURVE('',#3153,#3153,#1637,.T.);
#4008=EDGE_CURVE('',#3154,#3154,#1638,.T.);
#4009=EDGE_CURVE('',#3154,#3152,#2058,.T.);
#4010=EDGE_CURVE('',#3155,#3155,#1639,.T.);
#4011=EDGE_CURVE('',#3155,#3156,#2059,.T.);
#4012=EDGE_CURVE('',#3156,#3157,#1640,.T.);
#4013=EDGE_CURVE('',#3157,#3156,#1641,.T.);
#4014=EDGE_CURVE('',#3158,#3158,#1642,.T.);
#4015=EDGE_CURVE('',#3159,#3159,#1643,.T.);
#4016=EDGE_CURVE('',#3159,#3157,#2060,.T.);
#4017=EDGE_CURVE('',#3160,#3160,#1644,.T.);
#4018=EDGE_CURVE('',#3160,#3161,#2061,.T.);
#4019=EDGE_CURVE('',#3161,#3162,#1645,.T.);
#4020=EDGE_CURVE('',#3162,#3161,#1646,.T.);
#4021=EDGE_CURVE('',#3163,#3163,#1647,.T.);
#4022=EDGE_CURVE('',#3164,#3164,#1648,.T.);
#4023=EDGE_CURVE('',#3164,#3162,#2062,.T.);
#4024=EDGE_CURVE('',#3165,#3166,#2063,.T.);
#4025=EDGE_CURVE('',#3166,#3167,#1649,.T.);
#4026=EDGE_CURVE('',#3167,#3168,#2064,.T.);
#4027=EDGE_CURVE('',#3168,#3165,#1650,.T.);
#4028=EDGE_CURVE('',#3169,#3170,#2065,.T.);
#4029=EDGE_CURVE('',#3170,#3166,#2066,.T.);
#4030=EDGE_CURVE('',#3165,#3169,#2067,.T.);
#4031=EDGE_CURVE('',#3171,#3172,#2068,.T.);
#4032=EDGE_CURVE('',#3172,#3170,#1651,.T.);
#4033=EDGE_CURVE('',#3169,#3171,#1652,.T.);
#4034=EDGE_CURVE('',#3173,#3174,#2069,.T.);
#4035=EDGE_CURVE('',#3174,#3172,#2070,.T.);
#4036=EDGE_CURVE('',#3171,#3173,#2071,.T.);
#4037=EDGE_CURVE('',#3175,#3176,#2072,.T.);
#4038=EDGE_CURVE('',#3176,#3174,#1653,.T.);
#4039=EDGE_CURVE('',#3173,#3175,#1654,.T.);
#4040=EDGE_CURVE('',#3177,#3178,#2073,.T.);
#4041=EDGE_CURVE('',#3178,#3176,#2074,.T.);
#4042=EDGE_CURVE('',#3175,#3177,#2075,.T.);
#4043=EDGE_CURVE('',#3179,#3180,#2076,.T.);
#4044=EDGE_CURVE('',#3180,#3178,#1655,.T.);
#4045=EDGE_CURVE('',#3177,#3179,#1656,.T.);
#4046=EDGE_CURVE('',#3167,#3180,#2077,.T.);
#4047=EDGE_CURVE('',#3179,#3168,#2078,.T.);
#4048=EDGE_CURVE('',#3181,#3171,#2079,.T.);
#4049=EDGE_CURVE('',#3182,#3181,#2080,.T.);
#4050=EDGE_CURVE('',#3182,#3173,#2081,.T.);
#4051=EDGE_CURVE('',#3183,#3169,#2082,.T.);
#4052=EDGE_CURVE('',#3181,#3183,#1657,.T.);
#4053=EDGE_CURVE('',#3184,#3165,#2083,.T.);
#4054=EDGE_CURVE('',#3183,#3184,#2084,.T.);
#4055=EDGE_CURVE('',#3185,#3168,#2085,.T.);
#4056=EDGE_CURVE('',#3184,#3185,#1658,.T.);
#4057=EDGE_CURVE('',#3186,#3187,#2086,.T.);
#4058=EDGE_CURVE('',#3188,#3186,#1659,.T.);
#4059=EDGE_CURVE('',#3189,#3188,#2087,.T.);
#4060=EDGE_CURVE('',#3190,#3189,#1660,.T.);
#4061=EDGE_CURVE('',#3191,#3190,#2088,.T.);
#4062=EDGE_CURVE('',#3192,#3191,#1661,.T.);
#4063=EDGE_CURVE('',#3193,#3192,#2089,.T.);
#4064=EDGE_CURVE('',#3187,#3193,#1662,.T.);
#4065=EDGE_CURVE('',#3194,#3194,#1663,.T.);
#4066=EDGE_CURVE('',#3195,#3196,#2090,.T.);
#4067=EDGE_CURVE('',#3196,#3197,#1664,.T.);
#4068=EDGE_CURVE('',#3197,#3198,#2091,.T.);
#4069=EDGE_CURVE('',#3198,#3199,#1665,.T.);
#4070=EDGE_CURVE('',#3199,#3200,#2092,.T.);
#4071=EDGE_CURVE('',#3200,#3201,#1666,.T.);
#4072=EDGE_CURVE('',#3201,#3202,#2093,.T.);
#4073=EDGE_CURVE('',#3202,#3195,#1667,.T.);
#4074=EDGE_CURVE('',#3203,#3204,#1668,.T.);
#4075=EDGE_CURVE('',#3204,#3205,#2094,.T.);
#4076=EDGE_CURVE('',#3205,#3206,#1669,.T.);
#4077=EDGE_CURVE('',#3206,#3207,#2095,.T.);
#4078=EDGE_CURVE('',#3207,#3208,#1670,.T.);
#4079=EDGE_CURVE('',#3208,#3209,#2096,.T.);
#4080=EDGE_CURVE('',#3209,#3210,#1671,.T.);
#4081=EDGE_CURVE('',#3210,#3211,#2097,.T.);
#4082=EDGE_CURVE('',#3211,#3212,#1672,.T.);
#4083=EDGE_CURVE('',#3212,#3213,#2098,.T.);
#4084=EDGE_CURVE('',#3213,#3214,#1673,.T.);
#4085=EDGE_CURVE('',#3214,#3203,#2099,.T.);
#4086=EDGE_CURVE('',#3215,#3184,#2100,.T.);
#4087=EDGE_CURVE('',#3185,#3216,#2101,.T.);
#4088=EDGE_CURVE('',#3216,#3215,#1674,.T.);
#4089=EDGE_CURVE('',#3217,#3183,#2102,.T.);
#4090=EDGE_CURVE('',#3215,#3217,#2103,.T.);
#4091=EDGE_CURVE('',#3218,#3181,#2104,.T.);
#4092=EDGE_CURVE('',#3217,#3218,#1675,.T.);
#4093=EDGE_CURVE('',#3219,#3182,#2105,.T.);
#4094=EDGE_CURVE('',#3218,#3219,#2106,.T.);
#4095=EDGE_CURVE('',#3220,#3221,#2107,.T.);
#4096=EDGE_CURVE('',#3221,#3182,#1676,.T.);
#4097=EDGE_CURVE('',#3219,#3220,#1677,.T.);
#4098=EDGE_CURVE('',#3222,#3223,#2108,.T.);
#4099=EDGE_CURVE('',#3223,#3221,#2109,.T.);
#4100=EDGE_CURVE('',#3220,#3222,#2110,.T.);
#4101=EDGE_CURVE('',#3224,#3225,#2111,.T.);
#4102=EDGE_CURVE('',#3225,#3223,#1678,.T.);
#4103=EDGE_CURVE('',#3222,#3224,#1679,.T.);
#4104=EDGE_CURVE('',#3185,#3225,#2112,.T.);
#4105=EDGE_CURVE('',#3224,#3216,#2113,.T.);
#4106=EDGE_CURVE('',#3175,#3221,#2114,.T.);
#4107=EDGE_CURVE('',#3223,#3177,#2115,.T.);
#4108=EDGE_CURVE('',#3225,#3179,#2116,.T.);
#4109=EDGE_CURVE('',#3226,#3227,#2117,.T.);
#4110=EDGE_CURVE('',#3227,#3228,#1680,.T.);
#4111=EDGE_CURVE('',#3228,#3229,#2118,.T.);
#4112=EDGE_CURVE('',#3229,#3230,#1681,.T.);
#4113=EDGE_CURVE('',#3230,#3231,#2119,.T.);
#4114=EDGE_CURVE('',#3231,#3232,#1682,.T.);
#4115=EDGE_CURVE('',#3232,#3233,#2120,.T.);
#4116=EDGE_CURVE('',#3233,#3226,#1683,.T.);
#4117=EDGE_CURVE('',#3234,#3235,#1684,.T.);
#4118=EDGE_CURVE('',#3234,#3226,#2121,.T.);
#4119=EDGE_CURVE('',#3235,#3233,#2122,.T.);
#4120=EDGE_CURVE('',#3235,#3236,#2123,.T.);
#4121=EDGE_CURVE('',#3236,#3232,#2124,.T.);
#4122=EDGE_CURVE('',#3236,#3237,#1685,.T.);
#4123=EDGE_CURVE('',#3237,#3231,#2125,.T.);
#4124=EDGE_CURVE('',#3237,#3238,#2126,.T.);
#4125=EDGE_CURVE('',#3238,#3230,#2127,.T.);
#4126=EDGE_CURVE('',#3238,#3239,#1686,.T.);
#4127=EDGE_CURVE('',#3239,#3229,#2128,.T.);
#4128=EDGE_CURVE('',#3239,#3240,#2129,.T.);
#4129=EDGE_CURVE('',#3240,#3228,#2130,.T.);
#4130=EDGE_CURVE('',#3240,#3241,#1687,.T.);
#4131=EDGE_CURVE('',#3241,#3227,#2131,.T.);
#4132=EDGE_CURVE('',#3241,#3234,#2132,.T.);
#4133=EDGE_CURVE('',#3242,#3243,#35,.T.);
#4134=EDGE_CURVE('',#3244,#3242,#36,.T.);
#4135=EDGE_CURVE('',#3245,#3244,#37,.T.);
#4136=EDGE_CURVE('',#3246,#3245,#38,.T.);
#4137=EDGE_CURVE('',#3243,#3246,#39,.T.);
#4138=EDGE_CURVE('',#3247,#3243,#2133,.T.);
#4139=EDGE_CURVE('',#3247,#3247,#40,.T.);
#4140=EDGE_CURVE('',#3242,#3248,#1688,.T.);
#4141=EDGE_CURVE('',#3084,#3248,#41,.T.);
#4142=EDGE_CURVE('',#3083,#3249,#1689,.T.);
#4143=EDGE_CURVE('',#3250,#3249,#42,.T.);
#4144=EDGE_CURVE('',#3251,#3250,#43,.T.);
#4145=EDGE_CURVE('',#3251,#3244,#1690,.T.);
#4146=EDGE_CURVE('',#3252,#3246,#1691,.T.);
#4147=EDGE_CURVE('',#3253,#3252,#2134,.T.);
#4148=EDGE_CURVE('',#3254,#3253,#1692,.T.);
#4149=EDGE_CURVE('',#3255,#3254,#2135,.T.);
#4150=EDGE_CURVE('',#3256,#3255,#1693,.T.);
#4151=EDGE_CURVE('',#3257,#3256,#2136,.T.);
#4152=EDGE_CURVE('',#3258,#3257,#1694,.T.);
#4153=EDGE_CURVE('',#3259,#3258,#2137,.T.);
#4154=EDGE_CURVE('',#3260,#3259,#1695,.T.);
#4155=EDGE_CURVE('',#3261,#3260,#2138,.T.);
#4156=EDGE_CURVE('',#3262,#3261,#1696,.T.);
#4157=EDGE_CURVE('',#3263,#3262,#2139,.T.);
#4158=EDGE_CURVE('',#3264,#3263,#1697,.T.);
#4159=EDGE_CURVE('',#3265,#3264,#2140,.T.);
#4160=EDGE_CURVE('',#3266,#3265,#1698,.T.);
#4161=EDGE_CURVE('',#3267,#3266,#2141,.T.);
#4162=EDGE_CURVE('',#3268,#3267,#1699,.T.);
#4163=EDGE_CURVE('',#3269,#3268,#2142,.T.);
#4164=EDGE_CURVE('',#3270,#3269,#1700,.T.);
#4165=EDGE_CURVE('',#3271,#3270,#2143,.T.);
#4166=EDGE_CURVE('',#3272,#3271,#1701,.T.);
#4167=EDGE_CURVE('',#3273,#3272,#2144,.T.);
#4168=EDGE_CURVE('',#3274,#3273,#1702,.T.);
#4169=EDGE_CURVE('',#3248,#3274,#2145,.T.);
#4170=EDGE_CURVE('',#3275,#3275,#1703,.T.);
#4171=EDGE_CURVE('',#3276,#3276,#1704,.T.);
#4172=EDGE_CURVE('',#3277,#3278,#2146,.T.);
#4173=EDGE_CURVE('',#3279,#3278,#1705,.T.);
#4174=EDGE_CURVE('',#3279,#3280,#2147,.T.);
#4175=EDGE_CURVE('',#3281,#3280,#1706,.T.);
#4176=EDGE_CURVE('',#3281,#3282,#2148,.T.);
#4177=EDGE_CURVE('',#3283,#3282,#1707,.T.);
#4178=EDGE_CURVE('',#3283,#3284,#2149,.T.);
#4179=EDGE_CURVE('',#3277,#3284,#1708,.T.);
#4180=EDGE_CURVE('',#3285,#3286,#2150,.T.);
#4181=EDGE_CURVE('',#3287,#3286,#1709,.T.);
#4182=EDGE_CURVE('',#3287,#3288,#2151,.T.);
#4183=EDGE_CURVE('',#3289,#3288,#1710,.T.);
#4184=EDGE_CURVE('',#3289,#3290,#2152,.T.);
#4185=EDGE_CURVE('',#3291,#3290,#1711,.T.);
#4186=EDGE_CURVE('',#3291,#3292,#2153,.T.);
#4187=EDGE_CURVE('',#3285,#3292,#1712,.T.);
#4188=EDGE_CURVE('',#3293,#3293,#1713,.T.);
#4189=EDGE_CURVE('',#3294,#3295,#1714,.T.);
#4190=EDGE_CURVE('',#3295,#3283,#2154,.T.);
#4191=EDGE_CURVE('',#3282,#3294,#2155,.T.);
#4192=EDGE_CURVE('',#3295,#3296,#2156,.T.);
#4193=EDGE_CURVE('',#3284,#3296,#2157,.T.);
#4194=EDGE_CURVE('',#3297,#3298,#1715,.T.);
#4195=EDGE_CURVE('',#3298,#3281,#2158,.T.);
#4196=EDGE_CURVE('',#3280,#3297,#2159,.T.);
#4197=EDGE_CURVE('',#3298,#3294,#2160,.T.);
#4198=EDGE_CURVE('',#3299,#3300,#1716,.T.);
#4199=EDGE_CURVE('',#3300,#3279,#2161,.T.);
#4200=EDGE_CURVE('',#3278,#3299,#2162,.T.);
#4201=EDGE_CURVE('',#3300,#3297,#2163,.T.);
#4202=EDGE_CURVE('',#3296,#3301,#1717,.T.);
#4203=EDGE_CURVE('',#3301,#3277,#2164,.T.);
#4204=EDGE_CURVE('',#3301,#3299,#2165,.T.);
#4205=EDGE_CURVE('',#3302,#3303,#1718,.T.);
#4206=EDGE_CURVE('',#3303,#3289,#2166,.T.);
#4207=EDGE_CURVE('',#3288,#3302,#2167,.T.);
#4208=EDGE_CURVE('',#3303,#3304,#2168,.T.);
#4209=EDGE_CURVE('',#3290,#3304,#2169,.T.);
#4210=EDGE_CURVE('',#3305,#3306,#1719,.T.);
#4211=EDGE_CURVE('',#3306,#3287,#2170,.T.);
#4212=EDGE_CURVE('',#3286,#3305,#2171,.T.);
#4213=EDGE_CURVE('',#3306,#3302,#2172,.T.);
#4214=EDGE_CURVE('',#3307,#3308,#1720,.T.);
#4215=EDGE_CURVE('',#3308,#3285,#2173,.T.);
#4216=EDGE_CURVE('',#3292,#3307,#2174,.T.);
#4217=EDGE_CURVE('',#3308,#3305,#2175,.T.);
#4218=EDGE_CURVE('',#3304,#3309,#1721,.T.);
#4219=EDGE_CURVE('',#3309,#3291,#2176,.T.);
#4220=EDGE_CURVE('',#3309,#3307,#2177,.T.);
#4221=EDGE_CURVE('',#3310,#3310,#1722,.T.);
#4222=EDGE_CURVE('',#3310,#3275,#2178,.T.);
#4223=EDGE_CURVE('',#3311,#3311,#1723,.T.);
#4224=EDGE_CURVE('',#3311,#3276,#2179,.T.);
#4225=EDGE_CURVE('',#3203,#3312,#2180,.T.);
#4226=EDGE_CURVE('',#3312,#3313,#1724,.T.);
#4227=EDGE_CURVE('',#3204,#3313,#2181,.T.);
#4228=EDGE_CURVE('',#3214,#3314,#2182,.T.);
#4229=EDGE_CURVE('',#3314,#3312,#2183,.T.);
#4230=EDGE_CURVE('',#3213,#3315,#2184,.T.);
#4231=EDGE_CURVE('',#3315,#3314,#1725,.T.);
#4232=EDGE_CURVE('',#3212,#3316,#2185,.T.);
#4233=EDGE_CURVE('',#3316,#3315,#2186,.T.);
#4234=EDGE_CURVE('',#3211,#3317,#2187,.T.);
#4235=EDGE_CURVE('',#3317,#3316,#1726,.T.);
#4236=EDGE_CURVE('',#3210,#3318,#2188,.T.);
#4237=EDGE_CURVE('',#3318,#3317,#2189,.T.);
#4238=EDGE_CURVE('',#3209,#3319,#2190,.T.);
#4239=EDGE_CURVE('',#3319,#3318,#1727,.T.);
#4240=EDGE_CURVE('',#3208,#3320,#2191,.T.);
#4241=EDGE_CURVE('',#3320,#3319,#2192,.T.);
#4242=EDGE_CURVE('',#3207,#3321,#2193,.T.);
#4243=EDGE_CURVE('',#3321,#3320,#1728,.T.);
#4244=EDGE_CURVE('',#3206,#3322,#2194,.T.);
#4245=EDGE_CURVE('',#3322,#3321,#2195,.T.);
#4246=EDGE_CURVE('',#3205,#3323,#2196,.T.);
#4247=EDGE_CURVE('',#3323,#3322,#1729,.T.);
#4248=EDGE_CURVE('',#3313,#3323,#2197,.T.);
#4249=EDGE_CURVE('',#3195,#3324,#2198,.T.);
#4250=EDGE_CURVE('',#3324,#3325,#2199,.T.);
#4251=EDGE_CURVE('',#3196,#3325,#2200,.T.);
#4252=EDGE_CURVE('',#3202,#3326,#2201,.T.);
#4253=EDGE_CURVE('',#3326,#3324,#1730,.T.);
#4254=EDGE_CURVE('',#3201,#3327,#2202,.T.);
#4255=EDGE_CURVE('',#3327,#3326,#2203,.T.);
#4256=EDGE_CURVE('',#3200,#3328,#2204,.T.);
#4257=EDGE_CURVE('',#3328,#3327,#1731,.T.);
#4258=EDGE_CURVE('',#3199,#3329,#2205,.T.);
#4259=EDGE_CURVE('',#3329,#3328,#2206,.T.);
#4260=EDGE_CURVE('',#3198,#3330,#2207,.T.);
#4261=EDGE_CURVE('',#3330,#3329,#1732,.T.);
#4262=EDGE_CURVE('',#3197,#3331,#2208,.T.);
#4263=EDGE_CURVE('',#3331,#3330,#2209,.T.);
#4264=EDGE_CURVE('',#3325,#3331,#1733,.T.);
#4265=EDGE_CURVE('',#3194,#3332,#2210,.T.);
#4266=EDGE_CURVE('',#3332,#3332,#1734,.T.);
#4267=EDGE_CURVE('',#3333,#3333,#1735,.T.);
#4268=EDGE_CURVE('',#3333,#3293,#2211,.T.);
#4269=EDGE_CURVE('',#3128,#3334,#2212,.T.);
#4270=EDGE_CURVE('',#3334,#3334,#1736,.T.);
#4271=EDGE_CURVE('',#3133,#3335,#2213,.T.);
#4272=EDGE_CURVE('',#3335,#3335,#1737,.T.);
#4273=EDGE_CURVE('',#3138,#3336,#2214,.T.);
#4274=EDGE_CURVE('',#3336,#3336,#1738,.T.);
#4275=EDGE_CURVE('',#3143,#3337,#2215,.T.);
#4276=EDGE_CURVE('',#3337,#3337,#1739,.T.);
#4277=EDGE_CURVE('',#3148,#3338,#2216,.T.);
#4278=EDGE_CURVE('',#3338,#3338,#1740,.T.);
#4279=EDGE_CURVE('',#3153,#3339,#2217,.T.);
#4280=EDGE_CURVE('',#3339,#3339,#1741,.T.);
#4281=EDGE_CURVE('',#3163,#3340,#2218,.T.);
#4282=EDGE_CURVE('',#3340,#3340,#1742,.T.);
#4283=EDGE_CURVE('',#3158,#3341,#2219,.T.);
#4284=EDGE_CURVE('',#3341,#3341,#1743,.T.);
#4285=EDGE_CURVE('',#3118,#3342,#2220,.T.);
#4286=EDGE_CURVE('',#3342,#3342,#1744,.T.);
#4287=EDGE_CURVE('',#3123,#3343,#2221,.T.);
#4288=EDGE_CURVE('',#3343,#3343,#1745,.T.);
#4289=EDGE_CURVE('',#3274,#3081,#44,.T.);
#4290=EDGE_CURVE('',#3344,#3251,#2222,.T.);
#4291=EDGE_CURVE('',#3345,#3344,#1746,.T.);
#4292=EDGE_CURVE('',#3346,#3345,#2223,.T.);
#4293=EDGE_CURVE('',#3245,#3346,#1747,.T.);
#4294=EDGE_CURVE('',#3089,#3346,#45,.T.);
#4295=EDGE_CURVE('',#3252,#3092,#46,.T.);
#4296=EDGE_CURVE('',#3095,#3253,#47,.T.);
#4297=EDGE_CURVE('',#3254,#3098,#48,.T.);
#4298=EDGE_CURVE('',#3101,#3255,#49,.T.);
#4299=EDGE_CURVE('',#3262,#3053,#50,.T.);
#4300=EDGE_CURVE('',#3114,#3261,#51,.T.);
#4301=EDGE_CURVE('',#3260,#3112,#52,.T.);
#4302=EDGE_CURVE('',#3054,#3263,#2224,.T.);
#4303=EDGE_CURVE('',#3270,#3073,#53,.T.);
#4304=EDGE_CURVE('',#3070,#3269,#54,.T.);
#4305=EDGE_CURVE('',#3268,#3067,#55,.T.);
#4306=EDGE_CURVE('',#3078,#3273,#56,.T.);
#4307=EDGE_CURVE('',#3266,#3061,#57,.T.);
#4308=EDGE_CURVE('',#3058,#3265,#58,.T.);
#4309=EDGE_CURVE('',#3055,#3264,#2225,.T.);
#4310=EDGE_CURVE('',#3064,#3267,#59,.T.);
#4311=EDGE_CURVE('',#3109,#3259,#60,.T.);
#4312=EDGE_CURVE('',#3256,#3104,#61,.T.);
#4313=EDGE_CURVE('',#3105,#3257,#2226,.T.);
#4314=EDGE_CURVE('',#3249,#2959,#2227,.T.);
#4315=EDGE_CURVE('',#2961,#3347,#2228,.T.);
#4316=EDGE_CURVE('',#3250,#3347,#81,.T.);
#4317=EDGE_CURVE('',#3106,#3258,#2229,.T.);
#4318=EDGE_CURVE('',#3348,#3186,#2230,.T.);
#4319=EDGE_CURVE('',#3187,#3349,#2231,.T.);
#4320=EDGE_CURVE('',#3349,#3348,#2232,.T.);
#4321=EDGE_CURVE('',#3348,#3350,#1748,.T.);
#4322=EDGE_CURVE('',#3350,#3188,#2233,.T.);
#4323=EDGE_CURVE('',#3351,#3189,#2234,.T.);
#4324=EDGE_CURVE('',#3350,#3351,#2235,.T.);
#4325=EDGE_CURVE('',#3351,#3352,#1749,.T.);
#4326=EDGE_CURVE('',#3352,#3190,#2236,.T.);
#4327=EDGE_CURVE('',#3353,#3191,#2237,.T.);
#4328=EDGE_CURVE('',#3352,#3353,#2238,.T.);
#4329=EDGE_CURVE('',#3353,#3354,#1750,.T.);
#4330=EDGE_CURVE('',#3354,#3192,#2239,.T.);
#4331=EDGE_CURVE('',#3355,#3193,#2240,.T.);
#4332=EDGE_CURVE('',#3354,#3355,#2241,.T.);
#4333=EDGE_CURVE('',#3355,#3349,#1751,.T.);
#4334=EDGE_CURVE('',#3351,#3356,#2242,.T.);
#4335=EDGE_CURVE('',#3356,#3357,#1752,.T.);
#4336=EDGE_CURVE('',#3357,#3352,#2243,.T.);
#4337=EDGE_CURVE('',#3358,#3350,#2244,.T.);
#4338=EDGE_CURVE('',#3356,#3358,#2245,.T.);
#4339=EDGE_CURVE('',#3348,#3359,#2246,.T.);
#4340=EDGE_CURVE('',#3359,#3358,#1753,.T.);
#4341=EDGE_CURVE('',#3360,#3349,#2247,.T.);
#4342=EDGE_CURVE('',#3359,#3360,#2248,.T.);
#4343=EDGE_CURVE('',#3074,#3271,#2249,.T.);
#4344=EDGE_CURVE('',#3075,#3272,#2250,.T.);
#4345=EDGE_CURVE('',#3347,#3086,#2251,.T.);
#4346=EDGE_CURVE('',#3086,#3344,#2252,.T.);
#4347=EDGE_CURVE('',#3085,#3345,#2253,.T.);
#4348=EDGE_CURVE('',#3353,#3361,#2254,.T.);
#4349=EDGE_CURVE('',#3361,#3362,#1754,.T.);
#4350=EDGE_CURVE('',#3362,#3354,#2255,.T.);
#4351=EDGE_CURVE('',#3361,#3357,#2256,.T.);
#4352=EDGE_CURVE('',#3363,#3360,#1755,.T.);
#4353=EDGE_CURVE('',#3363,#3362,#2257,.T.);
#4354=EDGE_CURVE('',#3355,#3363,#2258,.T.);
#4355=ORIENTED_EDGE('',*,*,#3364,.T.);
#4356=ORIENTED_EDGE('',*,*,#3365,.T.);
#4357=ORIENTED_EDGE('',*,*,#3366,.T.);
#4358=ORIENTED_EDGE('',*,*,#3367,.T.);
#4359=ORIENTED_EDGE('',*,*,#3368,.T.);
#4360=ORIENTED_EDGE('',*,*,#3369,.T.);
#4361=ORIENTED_EDGE('',*,*,#3364,.F.);
#4362=ORIENTED_EDGE('',*,*,#3370,.T.);
#4363=ORIENTED_EDGE('',*,*,#3371,.T.);
#4364=ORIENTED_EDGE('',*,*,#3372,.T.);
#4365=ORIENTED_EDGE('',*,*,#3368,.F.);
#4366=ORIENTED_EDGE('',*,*,#3373,.T.);
#4367=ORIENTED_EDGE('',*,*,#3374,.T.);
#4368=ORIENTED_EDGE('',*,*,#3375,.T.);
#4369=ORIENTED_EDGE('',*,*,#3371,.F.);
#4370=ORIENTED_EDGE('',*,*,#3376,.T.);
#4371=ORIENTED_EDGE('',*,*,#3377,.T.);
#4372=ORIENTED_EDGE('',*,*,#3378,.T.);
#4373=ORIENTED_EDGE('',*,*,#3374,.F.);
#4374=ORIENTED_EDGE('',*,*,#3379,.T.);
#4375=ORIENTED_EDGE('',*,*,#3380,.T.);
#4376=ORIENTED_EDGE('',*,*,#3381,.T.);
#4377=ORIENTED_EDGE('',*,*,#3377,.F.);
#4378=ORIENTED_EDGE('',*,*,#3382,.T.);
#4379=ORIENTED_EDGE('',*,*,#3383,.T.);
#4380=ORIENTED_EDGE('',*,*,#3384,.T.);
#4381=ORIENTED_EDGE('',*,*,#3380,.F.);
#4382=ORIENTED_EDGE('',*,*,#3385,.T.);
#4383=ORIENTED_EDGE('',*,*,#3386,.T.);
#4384=ORIENTED_EDGE('',*,*,#3387,.T.);
#4385=ORIENTED_EDGE('',*,*,#3383,.F.);
#4386=ORIENTED_EDGE('',*,*,#3388,.T.);
#4387=ORIENTED_EDGE('',*,*,#3389,.T.);
#4388=ORIENTED_EDGE('',*,*,#3390,.T.);
#4389=ORIENTED_EDGE('',*,*,#3386,.F.);
#4390=ORIENTED_EDGE('',*,*,#3391,.T.);
#4391=ORIENTED_EDGE('',*,*,#3392,.T.);
#4392=ORIENTED_EDGE('',*,*,#3393,.T.);
#4393=ORIENTED_EDGE('',*,*,#3389,.F.);
#4394=ORIENTED_EDGE('',*,*,#3394,.T.);
#4395=ORIENTED_EDGE('',*,*,#3395,.T.);
#4396=ORIENTED_EDGE('',*,*,#3396,.T.);
#4397=ORIENTED_EDGE('',*,*,#3392,.F.);
#4398=ORIENTED_EDGE('',*,*,#3397,.T.);
#4399=ORIENTED_EDGE('',*,*,#3398,.T.);
#4400=ORIENTED_EDGE('',*,*,#3399,.T.);
#4401=ORIENTED_EDGE('',*,*,#3395,.F.);
#4402=ORIENTED_EDGE('',*,*,#3400,.T.);
#4403=ORIENTED_EDGE('',*,*,#3401,.T.);
#4404=ORIENTED_EDGE('',*,*,#3402,.T.);
#4405=ORIENTED_EDGE('',*,*,#3398,.F.);
#4406=ORIENTED_EDGE('',*,*,#3403,.T.);
#4407=ORIENTED_EDGE('',*,*,#3404,.T.);
#4408=ORIENTED_EDGE('',*,*,#3405,.T.);
#4409=ORIENTED_EDGE('',*,*,#3401,.F.);
#4410=ORIENTED_EDGE('',*,*,#3406,.T.);
#4411=ORIENTED_EDGE('',*,*,#3407,.T.);
#4412=ORIENTED_EDGE('',*,*,#3408,.T.);
#4413=ORIENTED_EDGE('',*,*,#3404,.F.);
#4414=ORIENTED_EDGE('',*,*,#3409,.T.);
#4415=ORIENTED_EDGE('',*,*,#3410,.T.);
#4416=ORIENTED_EDGE('',*,*,#3411,.T.);
#4417=ORIENTED_EDGE('',*,*,#3407,.F.);
#4418=ORIENTED_EDGE('',*,*,#3412,.T.);
#4419=ORIENTED_EDGE('',*,*,#3413,.T.);
#4420=ORIENTED_EDGE('',*,*,#3414,.T.);
#4421=ORIENTED_EDGE('',*,*,#3410,.F.);
#4422=ORIENTED_EDGE('',*,*,#3415,.T.);
#4423=ORIENTED_EDGE('',*,*,#3416,.T.);
#4424=ORIENTED_EDGE('',*,*,#3417,.T.);
#4425=ORIENTED_EDGE('',*,*,#3413,.F.);
#4426=ORIENTED_EDGE('',*,*,#3418,.T.);
#4427=ORIENTED_EDGE('',*,*,#3419,.T.);
#4428=ORIENTED_EDGE('',*,*,#3420,.T.);
#4429=ORIENTED_EDGE('',*,*,#3416,.F.);
#4430=ORIENTED_EDGE('',*,*,#3421,.T.);
#4431=ORIENTED_EDGE('',*,*,#3422,.T.);
#4432=ORIENTED_EDGE('',*,*,#3423,.T.);
#4433=ORIENTED_EDGE('',*,*,#3419,.F.);
#4434=ORIENTED_EDGE('',*,*,#3424,.T.);
#4435=ORIENTED_EDGE('',*,*,#3425,.T.);
#4436=ORIENTED_EDGE('',*,*,#3426,.T.);
#4437=ORIENTED_EDGE('',*,*,#3422,.F.);
#4438=ORIENTED_EDGE('',*,*,#3427,.T.);
#4439=ORIENTED_EDGE('',*,*,#3428,.T.);
#4440=ORIENTED_EDGE('',*,*,#3429,.T.);
#4441=ORIENTED_EDGE('',*,*,#3425,.F.);
#4442=ORIENTED_EDGE('',*,*,#3430,.T.);
#4443=ORIENTED_EDGE('',*,*,#3431,.T.);
#4444=ORIENTED_EDGE('',*,*,#3432,.T.);
#4445=ORIENTED_EDGE('',*,*,#3428,.F.);
#4446=ORIENTED_EDGE('',*,*,#3433,.T.);
#4447=ORIENTED_EDGE('',*,*,#3434,.T.);
#4448=ORIENTED_EDGE('',*,*,#3435,.T.);
#4449=ORIENTED_EDGE('',*,*,#3431,.F.);
#4450=ORIENTED_EDGE('',*,*,#3436,.T.);
#4451=ORIENTED_EDGE('',*,*,#3437,.T.);
#4452=ORIENTED_EDGE('',*,*,#3438,.T.);
#4453=ORIENTED_EDGE('',*,*,#3434,.F.);
#4454=ORIENTED_EDGE('',*,*,#3439,.T.);
#4455=ORIENTED_EDGE('',*,*,#3440,.T.);
#4456=ORIENTED_EDGE('',*,*,#3441,.T.);
#4457=ORIENTED_EDGE('',*,*,#3437,.F.);
#4458=ORIENTED_EDGE('',*,*,#3442,.T.);
#4459=ORIENTED_EDGE('',*,*,#3443,.T.);
#4460=ORIENTED_EDGE('',*,*,#3444,.T.);
#4461=ORIENTED_EDGE('',*,*,#3440,.F.);
#4462=ORIENTED_EDGE('',*,*,#3445,.T.);
#4463=ORIENTED_EDGE('',*,*,#3446,.T.);
#4464=ORIENTED_EDGE('',*,*,#3447,.T.);
#4465=ORIENTED_EDGE('',*,*,#3443,.F.);
#4466=ORIENTED_EDGE('',*,*,#3448,.T.);
#4467=ORIENTED_EDGE('',*,*,#3449,.T.);
#4468=ORIENTED_EDGE('',*,*,#3450,.T.);
#4469=ORIENTED_EDGE('',*,*,#3446,.F.);
#4470=ORIENTED_EDGE('',*,*,#3451,.T.);
#4471=ORIENTED_EDGE('',*,*,#3452,.T.);
#4472=ORIENTED_EDGE('',*,*,#3453,.T.);
#4473=ORIENTED_EDGE('',*,*,#3449,.F.);
#4474=ORIENTED_EDGE('',*,*,#3454,.T.);
#4475=ORIENTED_EDGE('',*,*,#3455,.T.);
#4476=ORIENTED_EDGE('',*,*,#3456,.T.);
#4477=ORIENTED_EDGE('',*,*,#3452,.F.);
#4478=ORIENTED_EDGE('',*,*,#3457,.T.);
#4479=ORIENTED_EDGE('',*,*,#3458,.T.);
#4480=ORIENTED_EDGE('',*,*,#3459,.T.);
#4481=ORIENTED_EDGE('',*,*,#3455,.F.);
#4482=ORIENTED_EDGE('',*,*,#3460,.T.);
#4483=ORIENTED_EDGE('',*,*,#3461,.T.);
#4484=ORIENTED_EDGE('',*,*,#3462,.T.);
#4485=ORIENTED_EDGE('',*,*,#3458,.F.);
#4486=ORIENTED_EDGE('',*,*,#3463,.T.);
#4487=ORIENTED_EDGE('',*,*,#3464,.T.);
#4488=ORIENTED_EDGE('',*,*,#3465,.T.);
#4489=ORIENTED_EDGE('',*,*,#3461,.F.);
#4490=ORIENTED_EDGE('',*,*,#3466,.T.);
#4491=ORIENTED_EDGE('',*,*,#3467,.T.);
#4492=ORIENTED_EDGE('',*,*,#3468,.T.);
#4493=ORIENTED_EDGE('',*,*,#3464,.F.);
#4494=ORIENTED_EDGE('',*,*,#3469,.T.);
#4495=ORIENTED_EDGE('',*,*,#3470,.T.);
#4496=ORIENTED_EDGE('',*,*,#3471,.T.);
#4497=ORIENTED_EDGE('',*,*,#3467,.F.);
#4498=ORIENTED_EDGE('',*,*,#3472,.T.);
#4499=ORIENTED_EDGE('',*,*,#3473,.T.);
#4500=ORIENTED_EDGE('',*,*,#3474,.T.);
#4501=ORIENTED_EDGE('',*,*,#3470,.F.);
#4502=ORIENTED_EDGE('',*,*,#3475,.T.);
#4503=ORIENTED_EDGE('',*,*,#3476,.T.);
#4504=ORIENTED_EDGE('',*,*,#3477,.T.);
#4505=ORIENTED_EDGE('',*,*,#3473,.F.);
#4506=ORIENTED_EDGE('',*,*,#3478,.T.);
#4507=ORIENTED_EDGE('',*,*,#3479,.T.);
#4508=ORIENTED_EDGE('',*,*,#3480,.T.);
#4509=ORIENTED_EDGE('',*,*,#3476,.F.);
#4510=ORIENTED_EDGE('',*,*,#3481,.T.);
#4511=ORIENTED_EDGE('',*,*,#3482,.T.);
#4512=ORIENTED_EDGE('',*,*,#3483,.T.);
#4513=ORIENTED_EDGE('',*,*,#3479,.F.);
#4514=ORIENTED_EDGE('',*,*,#3484,.T.);
#4515=ORIENTED_EDGE('',*,*,#3485,.T.);
#4516=ORIENTED_EDGE('',*,*,#3486,.T.);
#4517=ORIENTED_EDGE('',*,*,#3482,.F.);
#4518=ORIENTED_EDGE('',*,*,#3487,.T.);
#4519=ORIENTED_EDGE('',*,*,#3488,.T.);
#4520=ORIENTED_EDGE('',*,*,#3489,.T.);
#4521=ORIENTED_EDGE('',*,*,#3485,.F.);
#4522=ORIENTED_EDGE('',*,*,#3490,.T.);
#4523=ORIENTED_EDGE('',*,*,#3491,.T.);
#4524=ORIENTED_EDGE('',*,*,#3492,.T.);
#4525=ORIENTED_EDGE('',*,*,#3488,.F.);
#4526=ORIENTED_EDGE('',*,*,#3493,.T.);
#4527=ORIENTED_EDGE('',*,*,#3494,.T.);
#4528=ORIENTED_EDGE('',*,*,#3495,.T.);
#4529=ORIENTED_EDGE('',*,*,#3491,.F.);
#4530=ORIENTED_EDGE('',*,*,#3496,.T.);
#4531=ORIENTED_EDGE('',*,*,#3497,.T.);
#4532=ORIENTED_EDGE('',*,*,#3498,.T.);
#4533=ORIENTED_EDGE('',*,*,#3494,.F.);
#4534=ORIENTED_EDGE('',*,*,#3499,.T.);
#4535=ORIENTED_EDGE('',*,*,#3500,.T.);
#4536=ORIENTED_EDGE('',*,*,#3501,.T.);
#4537=ORIENTED_EDGE('',*,*,#3497,.F.);
#4538=ORIENTED_EDGE('',*,*,#3502,.T.);
#4539=ORIENTED_EDGE('',*,*,#3503,.T.);
#4540=ORIENTED_EDGE('',*,*,#3504,.T.);
#4541=ORIENTED_EDGE('',*,*,#3500,.F.);
#4542=ORIENTED_EDGE('',*,*,#3505,.T.);
#4543=ORIENTED_EDGE('',*,*,#3366,.F.);
#4544=ORIENTED_EDGE('',*,*,#3506,.T.);
#4545=ORIENTED_EDGE('',*,*,#3503,.F.);
#4546=ORIENTED_EDGE('',*,*,#3507,.T.);
#4547=ORIENTED_EDGE('',*,*,#3436,.F.);
#4548=ORIENTED_EDGE('',*,*,#3508,.T.);
#4549=ORIENTED_EDGE('',*,*,#3509,.F.);
#4550=ORIENTED_EDGE('',*,*,#3510,.F.);
#4551=ORIENTED_EDGE('',*,*,#3433,.F.);
#4552=ORIENTED_EDGE('',*,*,#3511,.T.);
#4553=ORIENTED_EDGE('',*,*,#3512,.F.);
#4554=ORIENTED_EDGE('',*,*,#3508,.F.);
#4555=ORIENTED_EDGE('',*,*,#3430,.F.);
#4556=ORIENTED_EDGE('',*,*,#3513,.T.);
#4557=ORIENTED_EDGE('',*,*,#3514,.F.);
#4558=ORIENTED_EDGE('',*,*,#3511,.F.);
#4559=ORIENTED_EDGE('',*,*,#3427,.F.);
#4560=ORIENTED_EDGE('',*,*,#3515,.T.);
#4561=ORIENTED_EDGE('',*,*,#3516,.F.);
#4562=ORIENTED_EDGE('',*,*,#3513,.F.);
#4563=ORIENTED_EDGE('',*,*,#3424,.F.);
#4564=ORIENTED_EDGE('',*,*,#3517,.T.);
#4565=ORIENTED_EDGE('',*,*,#3518,.F.);
#4566=ORIENTED_EDGE('',*,*,#3515,.F.);
#4567=ORIENTED_EDGE('',*,*,#3421,.F.);
#4568=ORIENTED_EDGE('',*,*,#3519,.T.);
#4569=ORIENTED_EDGE('',*,*,#3520,.F.);
#4570=ORIENTED_EDGE('',*,*,#3517,.F.);
#4571=ORIENTED_EDGE('',*,*,#3418,.F.);
#4572=ORIENTED_EDGE('',*,*,#3521,.T.);
#4573=ORIENTED_EDGE('',*,*,#3522,.F.);
#4574=ORIENTED_EDGE('',*,*,#3519,.F.);
#4575=ORIENTED_EDGE('',*,*,#3415,.F.);
#4576=ORIENTED_EDGE('',*,*,#3523,.T.);
#4577=ORIENTED_EDGE('',*,*,#3524,.F.);
#4578=ORIENTED_EDGE('',*,*,#3521,.F.);
#4579=ORIENTED_EDGE('',*,*,#3412,.F.);
#4580=ORIENTED_EDGE('',*,*,#3525,.T.);
#4581=ORIENTED_EDGE('',*,*,#3526,.F.);
#4582=ORIENTED_EDGE('',*,*,#3523,.F.);
#4583=ORIENTED_EDGE('',*,*,#3409,.F.);
#4584=ORIENTED_EDGE('',*,*,#3527,.T.);
#4585=ORIENTED_EDGE('',*,*,#3528,.F.);
#4586=ORIENTED_EDGE('',*,*,#3525,.F.);
#4587=ORIENTED_EDGE('',*,*,#3406,.F.);
#4588=ORIENTED_EDGE('',*,*,#3529,.T.);
#4589=ORIENTED_EDGE('',*,*,#3530,.F.);
#4590=ORIENTED_EDGE('',*,*,#3527,.F.);
#4591=ORIENTED_EDGE('',*,*,#3403,.F.);
#4592=ORIENTED_EDGE('',*,*,#3531,.T.);
#4593=ORIENTED_EDGE('',*,*,#3532,.F.);
#4594=ORIENTED_EDGE('',*,*,#3529,.F.);
#4595=ORIENTED_EDGE('',*,*,#3400,.F.);
#4596=ORIENTED_EDGE('',*,*,#3533,.T.);
#4597=ORIENTED_EDGE('',*,*,#3534,.F.);
#4598=ORIENTED_EDGE('',*,*,#3531,.F.);
#4599=ORIENTED_EDGE('',*,*,#3397,.F.);
#4600=ORIENTED_EDGE('',*,*,#3535,.T.);
#4601=ORIENTED_EDGE('',*,*,#3536,.F.);
#4602=ORIENTED_EDGE('',*,*,#3533,.F.);
#4603=ORIENTED_EDGE('',*,*,#3394,.F.);
#4604=ORIENTED_EDGE('',*,*,#3537,.T.);
#4605=ORIENTED_EDGE('',*,*,#3538,.F.);
#4606=ORIENTED_EDGE('',*,*,#3535,.F.);
#4607=ORIENTED_EDGE('',*,*,#3391,.F.);
#4608=ORIENTED_EDGE('',*,*,#3539,.T.);
#4609=ORIENTED_EDGE('',*,*,#3540,.F.);
#4610=ORIENTED_EDGE('',*,*,#3537,.F.);
#4611=ORIENTED_EDGE('',*,*,#3388,.F.);
#4612=ORIENTED_EDGE('',*,*,#3541,.T.);
#4613=ORIENTED_EDGE('',*,*,#3542,.F.);
#4614=ORIENTED_EDGE('',*,*,#3539,.F.);
#4615=ORIENTED_EDGE('',*,*,#3385,.F.);
#4616=ORIENTED_EDGE('',*,*,#3543,.T.);
#4617=ORIENTED_EDGE('',*,*,#3544,.F.);
#4618=ORIENTED_EDGE('',*,*,#3541,.F.);
#4619=ORIENTED_EDGE('',*,*,#3382,.F.);
#4620=ORIENTED_EDGE('',*,*,#3545,.T.);
#4621=ORIENTED_EDGE('',*,*,#3546,.F.);
#4622=ORIENTED_EDGE('',*,*,#3543,.F.);
#4623=ORIENTED_EDGE('',*,*,#3379,.F.);
#4624=ORIENTED_EDGE('',*,*,#3547,.T.);
#4625=ORIENTED_EDGE('',*,*,#3548,.F.);
#4626=ORIENTED_EDGE('',*,*,#3545,.F.);
#4627=ORIENTED_EDGE('',*,*,#3376,.F.);
#4628=ORIENTED_EDGE('',*,*,#3549,.T.);
#4629=ORIENTED_EDGE('',*,*,#3550,.F.);
#4630=ORIENTED_EDGE('',*,*,#3547,.F.);
#4631=ORIENTED_EDGE('',*,*,#3373,.F.);
#4632=ORIENTED_EDGE('',*,*,#3551,.T.);
#4633=ORIENTED_EDGE('',*,*,#3552,.F.);
#4634=ORIENTED_EDGE('',*,*,#3549,.F.);
#4635=ORIENTED_EDGE('',*,*,#3370,.F.);
#4636=ORIENTED_EDGE('',*,*,#3553,.T.);
#4637=ORIENTED_EDGE('',*,*,#3554,.F.);
#4638=ORIENTED_EDGE('',*,*,#3551,.F.);
#4639=ORIENTED_EDGE('',*,*,#3367,.F.);
#4640=ORIENTED_EDGE('',*,*,#3555,.T.);
#4641=ORIENTED_EDGE('',*,*,#3556,.F.);
#4642=ORIENTED_EDGE('',*,*,#3553,.F.);
#4643=ORIENTED_EDGE('',*,*,#3365,.F.);
#4644=ORIENTED_EDGE('',*,*,#3369,.F.);
#4645=ORIENTED_EDGE('',*,*,#3372,.F.);
#4646=ORIENTED_EDGE('',*,*,#3375,.F.);
#4647=ORIENTED_EDGE('',*,*,#3378,.F.);
#4648=ORIENTED_EDGE('',*,*,#3381,.F.);
#4649=ORIENTED_EDGE('',*,*,#3384,.F.);
#4650=ORIENTED_EDGE('',*,*,#3387,.F.);
#4651=ORIENTED_EDGE('',*,*,#3390,.F.);
#4652=ORIENTED_EDGE('',*,*,#3393,.F.);
#4653=ORIENTED_EDGE('',*,*,#3396,.F.);
#4654=ORIENTED_EDGE('',*,*,#3399,.F.);
#4655=ORIENTED_EDGE('',*,*,#3402,.F.);
#4656=ORIENTED_EDGE('',*,*,#3405,.F.);
#4657=ORIENTED_EDGE('',*,*,#3408,.F.);
#4658=ORIENTED_EDGE('',*,*,#3411,.F.);
#4659=ORIENTED_EDGE('',*,*,#3414,.F.);
#4660=ORIENTED_EDGE('',*,*,#3417,.F.);
#4661=ORIENTED_EDGE('',*,*,#3420,.F.);
#4662=ORIENTED_EDGE('',*,*,#3423,.F.);
#4663=ORIENTED_EDGE('',*,*,#3426,.F.);
#4664=ORIENTED_EDGE('',*,*,#3429,.F.);
#4665=ORIENTED_EDGE('',*,*,#3432,.F.);
#4666=ORIENTED_EDGE('',*,*,#3435,.F.);
#4667=ORIENTED_EDGE('',*,*,#3438,.F.);
#4668=ORIENTED_EDGE('',*,*,#3441,.F.);
#4669=ORIENTED_EDGE('',*,*,#3444,.F.);
#4670=ORIENTED_EDGE('',*,*,#3447,.F.);
#4671=ORIENTED_EDGE('',*,*,#3450,.F.);
#4672=ORIENTED_EDGE('',*,*,#3453,.F.);
#4673=ORIENTED_EDGE('',*,*,#3456,.F.);
#4674=ORIENTED_EDGE('',*,*,#3459,.F.);
#4675=ORIENTED_EDGE('',*,*,#3462,.F.);
#4676=ORIENTED_EDGE('',*,*,#3465,.F.);
#4677=ORIENTED_EDGE('',*,*,#3468,.F.);
#4678=ORIENTED_EDGE('',*,*,#3471,.F.);
#4679=ORIENTED_EDGE('',*,*,#3474,.F.);
#4680=ORIENTED_EDGE('',*,*,#3477,.F.);
#4681=ORIENTED_EDGE('',*,*,#3480,.F.);
#4682=ORIENTED_EDGE('',*,*,#3483,.F.);
#4683=ORIENTED_EDGE('',*,*,#3486,.F.);
#4684=ORIENTED_EDGE('',*,*,#3489,.F.);
#4685=ORIENTED_EDGE('',*,*,#3492,.F.);
#4686=ORIENTED_EDGE('',*,*,#3495,.F.);
#4687=ORIENTED_EDGE('',*,*,#3498,.F.);
#4688=ORIENTED_EDGE('',*,*,#3501,.F.);
#4689=ORIENTED_EDGE('',*,*,#3504,.F.);
#4690=ORIENTED_EDGE('',*,*,#3506,.F.);
#4691=ORIENTED_EDGE('',*,*,#3557,.T.);
#4692=ORIENTED_EDGE('',*,*,#3558,.T.);
#4693=ORIENTED_EDGE('',*,*,#3559,.T.);
#4694=ORIENTED_EDGE('',*,*,#3560,.T.);
#4695=ORIENTED_EDGE('',*,*,#3561,.T.);
#4696=ORIENTED_EDGE('',*,*,#3562,.T.);
#4697=ORIENTED_EDGE('',*,*,#3563,.T.);
#4698=ORIENTED_EDGE('',*,*,#3564,.T.);
#4699=ORIENTED_EDGE('',*,*,#3565,.T.);
#4700=ORIENTED_EDGE('',*,*,#3566,.T.);
#4701=ORIENTED_EDGE('',*,*,#3567,.T.);
#4702=ORIENTED_EDGE('',*,*,#3568,.T.);
#4703=ORIENTED_EDGE('',*,*,#3569,.T.);
#4704=ORIENTED_EDGE('',*,*,#3570,.T.);
#4705=ORIENTED_EDGE('',*,*,#3571,.T.);
#4706=ORIENTED_EDGE('',*,*,#3572,.T.);
#4707=ORIENTED_EDGE('',*,*,#3573,.T.);
#4708=ORIENTED_EDGE('',*,*,#3574,.T.);
#4709=ORIENTED_EDGE('',*,*,#3575,.T.);
#4710=ORIENTED_EDGE('',*,*,#3576,.T.);
#4711=ORIENTED_EDGE('',*,*,#3577,.T.);
#4712=ORIENTED_EDGE('',*,*,#3578,.T.);
#4713=ORIENTED_EDGE('',*,*,#3579,.T.);
#4714=ORIENTED_EDGE('',*,*,#3580,.T.);
#4715=ORIENTED_EDGE('',*,*,#3581,.T.);
#4716=ORIENTED_EDGE('',*,*,#3582,.T.);
#4717=ORIENTED_EDGE('',*,*,#3583,.T.);
#4718=ORIENTED_EDGE('',*,*,#3584,.T.);
#4719=ORIENTED_EDGE('',*,*,#3585,.T.);
#4720=ORIENTED_EDGE('',*,*,#3586,.T.);
#4721=ORIENTED_EDGE('',*,*,#3587,.T.);
#4722=ORIENTED_EDGE('',*,*,#3588,.T.);
#4723=ORIENTED_EDGE('',*,*,#3589,.T.);
#4724=ORIENTED_EDGE('',*,*,#3590,.T.);
#4725=ORIENTED_EDGE('',*,*,#3591,.T.);
#4726=ORIENTED_EDGE('',*,*,#3592,.T.);
#4727=ORIENTED_EDGE('',*,*,#3593,.T.);
#4728=ORIENTED_EDGE('',*,*,#3594,.T.);
#4729=ORIENTED_EDGE('',*,*,#3595,.T.);
#4730=ORIENTED_EDGE('',*,*,#3596,.T.);
#4731=ORIENTED_EDGE('',*,*,#3597,.T.);
#4732=ORIENTED_EDGE('',*,*,#3598,.T.);
#4733=ORIENTED_EDGE('',*,*,#3599,.T.);
#4734=ORIENTED_EDGE('',*,*,#3600,.T.);
#4735=ORIENTED_EDGE('',*,*,#3601,.T.);
#4736=ORIENTED_EDGE('',*,*,#3602,.T.);
#4737=ORIENTED_EDGE('',*,*,#3603,.T.);
#4738=ORIENTED_EDGE('',*,*,#3604,.T.);
#4739=ORIENTED_EDGE('',*,*,#3507,.F.);
#4740=ORIENTED_EDGE('',*,*,#3605,.T.);
#4741=ORIENTED_EDGE('',*,*,#3606,.F.);
#4742=ORIENTED_EDGE('',*,*,#3555,.F.);
#4743=ORIENTED_EDGE('',*,*,#3505,.F.);
#4744=ORIENTED_EDGE('',*,*,#3607,.T.);
#4745=ORIENTED_EDGE('',*,*,#3608,.F.);
#4746=ORIENTED_EDGE('',*,*,#3605,.F.);
#4747=ORIENTED_EDGE('',*,*,#3502,.F.);
#4748=ORIENTED_EDGE('',*,*,#3609,.T.);
#4749=ORIENTED_EDGE('',*,*,#3610,.F.);
#4750=ORIENTED_EDGE('',*,*,#3607,.F.);
#4751=ORIENTED_EDGE('',*,*,#3499,.F.);
#4752=ORIENTED_EDGE('',*,*,#3611,.T.);
#4753=ORIENTED_EDGE('',*,*,#3612,.F.);
#4754=ORIENTED_EDGE('',*,*,#3609,.F.);
#4755=ORIENTED_EDGE('',*,*,#3496,.F.);
#4756=ORIENTED_EDGE('',*,*,#3613,.T.);
#4757=ORIENTED_EDGE('',*,*,#3614,.F.);
#4758=ORIENTED_EDGE('',*,*,#3611,.F.);
#4759=ORIENTED_EDGE('',*,*,#3493,.F.);
#4760=ORIENTED_EDGE('',*,*,#3615,.T.);
#4761=ORIENTED_EDGE('',*,*,#3616,.F.);
#4762=ORIENTED_EDGE('',*,*,#3613,.F.);
#4763=ORIENTED_EDGE('',*,*,#3490,.F.);
#4764=ORIENTED_EDGE('',*,*,#3617,.T.);
#4765=ORIENTED_EDGE('',*,*,#3618,.F.);
#4766=ORIENTED_EDGE('',*,*,#3615,.F.);
#4767=ORIENTED_EDGE('',*,*,#3487,.F.);
#4768=ORIENTED_EDGE('',*,*,#3619,.T.);
#4769=ORIENTED_EDGE('',*,*,#3620,.F.);
#4770=ORIENTED_EDGE('',*,*,#3617,.F.);
#4771=ORIENTED_EDGE('',*,*,#3484,.F.);
#4772=ORIENTED_EDGE('',*,*,#3621,.T.);
#4773=ORIENTED_EDGE('',*,*,#3622,.F.);
#4774=ORIENTED_EDGE('',*,*,#3619,.F.);
#4775=ORIENTED_EDGE('',*,*,#3481,.F.);
#4776=ORIENTED_EDGE('',*,*,#3623,.T.);
#4777=ORIENTED_EDGE('',*,*,#3624,.F.);
#4778=ORIENTED_EDGE('',*,*,#3621,.F.);
#4779=ORIENTED_EDGE('',*,*,#3478,.F.);
#4780=ORIENTED_EDGE('',*,*,#3625,.T.);
#4781=ORIENTED_EDGE('',*,*,#3626,.F.);
#4782=ORIENTED_EDGE('',*,*,#3623,.F.);
#4783=ORIENTED_EDGE('',*,*,#3475,.F.);
#4784=ORIENTED_EDGE('',*,*,#3627,.T.);
#4785=ORIENTED_EDGE('',*,*,#3628,.F.);
#4786=ORIENTED_EDGE('',*,*,#3625,.F.);
#4787=ORIENTED_EDGE('',*,*,#3472,.F.);
#4788=ORIENTED_EDGE('',*,*,#3629,.T.);
#4789=ORIENTED_EDGE('',*,*,#3630,.F.);
#4790=ORIENTED_EDGE('',*,*,#3627,.F.);
#4791=ORIENTED_EDGE('',*,*,#3469,.F.);
#4792=ORIENTED_EDGE('',*,*,#3631,.T.);
#4793=ORIENTED_EDGE('',*,*,#3632,.F.);
#4794=ORIENTED_EDGE('',*,*,#3629,.F.);
#4795=ORIENTED_EDGE('',*,*,#3466,.F.);
#4796=ORIENTED_EDGE('',*,*,#3633,.T.);
#4797=ORIENTED_EDGE('',*,*,#3634,.F.);
#4798=ORIENTED_EDGE('',*,*,#3631,.F.);
#4799=ORIENTED_EDGE('',*,*,#3463,.F.);
#4800=ORIENTED_EDGE('',*,*,#3635,.T.);
#4801=ORIENTED_EDGE('',*,*,#3636,.F.);
#4802=ORIENTED_EDGE('',*,*,#3633,.F.);
#4803=ORIENTED_EDGE('',*,*,#3460,.F.);
#4804=ORIENTED_EDGE('',*,*,#3637,.T.);
#4805=ORIENTED_EDGE('',*,*,#3638,.F.);
#4806=ORIENTED_EDGE('',*,*,#3635,.F.);
#4807=ORIENTED_EDGE('',*,*,#3457,.F.);
#4808=ORIENTED_EDGE('',*,*,#3639,.T.);
#4809=ORIENTED_EDGE('',*,*,#3640,.F.);
#4810=ORIENTED_EDGE('',*,*,#3637,.F.);
#4811=ORIENTED_EDGE('',*,*,#3454,.F.);
#4812=ORIENTED_EDGE('',*,*,#3641,.T.);
#4813=ORIENTED_EDGE('',*,*,#3642,.F.);
#4814=ORIENTED_EDGE('',*,*,#3639,.F.);
#4815=ORIENTED_EDGE('',*,*,#3451,.F.);
#4816=ORIENTED_EDGE('',*,*,#3643,.T.);
#4817=ORIENTED_EDGE('',*,*,#3644,.F.);
#4818=ORIENTED_EDGE('',*,*,#3641,.F.);
#4819=ORIENTED_EDGE('',*,*,#3448,.F.);
#4820=ORIENTED_EDGE('',*,*,#3645,.T.);
#4821=ORIENTED_EDGE('',*,*,#3646,.F.);
#4822=ORIENTED_EDGE('',*,*,#3643,.F.);
#4823=ORIENTED_EDGE('',*,*,#3445,.F.);
#4824=ORIENTED_EDGE('',*,*,#3647,.T.);
#4825=ORIENTED_EDGE('',*,*,#3648,.F.);
#4826=ORIENTED_EDGE('',*,*,#3645,.F.);
#4827=ORIENTED_EDGE('',*,*,#3442,.F.);
#4828=ORIENTED_EDGE('',*,*,#3649,.T.);
#4829=ORIENTED_EDGE('',*,*,#3650,.F.);
#4830=ORIENTED_EDGE('',*,*,#3647,.F.);
#4831=ORIENTED_EDGE('',*,*,#3439,.F.);
#4832=ORIENTED_EDGE('',*,*,#3510,.T.);
#4833=ORIENTED_EDGE('',*,*,#3651,.F.);
#4834=ORIENTED_EDGE('',*,*,#3649,.F.);
#4835=ORIENTED_EDGE('',*,*,#3652,.T.);
#4836=ORIENTED_EDGE('',*,*,#3653,.T.);
#4837=ORIENTED_EDGE('',*,*,#3654,.T.);
#4838=ORIENTED_EDGE('',*,*,#3655,.T.);
#4839=ORIENTED_EDGE('',*,*,#3654,.F.);
#4840=ORIENTED_EDGE('',*,*,#3656,.T.);
#4841=ORIENTED_EDGE('',*,*,#3657,.T.);
#4842=ORIENTED_EDGE('',*,*,#3658,.T.);
#4843=ORIENTED_EDGE('',*,*,#3657,.F.);
#4844=ORIENTED_EDGE('',*,*,#3659,.T.);
#4845=ORIENTED_EDGE('',*,*,#3660,.T.);
#4846=ORIENTED_EDGE('',*,*,#3661,.T.);
#4847=ORIENTED_EDGE('',*,*,#3660,.F.);
#4848=ORIENTED_EDGE('',*,*,#3662,.T.);
#4849=ORIENTED_EDGE('',*,*,#3663,.T.);
#4850=ORIENTED_EDGE('',*,*,#3664,.T.);
#4851=ORIENTED_EDGE('',*,*,#3663,.F.);
#4852=ORIENTED_EDGE('',*,*,#3665,.T.);
#4853=ORIENTED_EDGE('',*,*,#3666,.T.);
#4854=ORIENTED_EDGE('',*,*,#3667,.T.);
#4855=ORIENTED_EDGE('',*,*,#3666,.F.);
#4856=ORIENTED_EDGE('',*,*,#3668,.T.);
#4857=ORIENTED_EDGE('',*,*,#3669,.T.);
#4858=ORIENTED_EDGE('',*,*,#3670,.T.);
#4859=ORIENTED_EDGE('',*,*,#3669,.F.);
#4860=ORIENTED_EDGE('',*,*,#3671,.T.);
#4861=ORIENTED_EDGE('',*,*,#3672,.T.);
#4862=ORIENTED_EDGE('',*,*,#3673,.T.);
#4863=ORIENTED_EDGE('',*,*,#3672,.F.);
#4864=ORIENTED_EDGE('',*,*,#3674,.T.);
#4865=ORIENTED_EDGE('',*,*,#3675,.T.);
#4866=ORIENTED_EDGE('',*,*,#3676,.T.);
#4867=ORIENTED_EDGE('',*,*,#3675,.F.);
#4868=ORIENTED_EDGE('',*,*,#3677,.T.);
#4869=ORIENTED_EDGE('',*,*,#3678,.T.);
#4870=ORIENTED_EDGE('',*,*,#3679,.T.);
#4871=ORIENTED_EDGE('',*,*,#3678,.F.);
#4872=ORIENTED_EDGE('',*,*,#3680,.T.);
#4873=ORIENTED_EDGE('',*,*,#3681,.T.);
#4874=ORIENTED_EDGE('',*,*,#3682,.T.);
#4875=ORIENTED_EDGE('',*,*,#3681,.F.);
#4876=ORIENTED_EDGE('',*,*,#3683,.T.);
#4877=ORIENTED_EDGE('',*,*,#3684,.T.);
#4878=ORIENTED_EDGE('',*,*,#3685,.T.);
#4879=ORIENTED_EDGE('',*,*,#3684,.F.);
#4880=ORIENTED_EDGE('',*,*,#3686,.T.);
#4881=ORIENTED_EDGE('',*,*,#3687,.T.);
#4882=ORIENTED_EDGE('',*,*,#3688,.T.);
#4883=ORIENTED_EDGE('',*,*,#3687,.F.);
#4884=ORIENTED_EDGE('',*,*,#3689,.T.);
#4885=ORIENTED_EDGE('',*,*,#3690,.T.);
#4886=ORIENTED_EDGE('',*,*,#3691,.T.);
#4887=ORIENTED_EDGE('',*,*,#3690,.F.);
#4888=ORIENTED_EDGE('',*,*,#3692,.T.);
#4889=ORIENTED_EDGE('',*,*,#3693,.T.);
#4890=ORIENTED_EDGE('',*,*,#3694,.T.);
#4891=ORIENTED_EDGE('',*,*,#3693,.F.);
#4892=ORIENTED_EDGE('',*,*,#3695,.T.);
#4893=ORIENTED_EDGE('',*,*,#3696,.T.);
#4894=ORIENTED_EDGE('',*,*,#3697,.T.);
#4895=ORIENTED_EDGE('',*,*,#3696,.F.);
#4896=ORIENTED_EDGE('',*,*,#3698,.T.);
#4897=ORIENTED_EDGE('',*,*,#3699,.T.);
#4898=ORIENTED_EDGE('',*,*,#3700,.T.);
#4899=ORIENTED_EDGE('',*,*,#3699,.F.);
#4900=ORIENTED_EDGE('',*,*,#3701,.T.);
#4901=ORIENTED_EDGE('',*,*,#3702,.T.);
#4902=ORIENTED_EDGE('',*,*,#3703,.T.);
#4903=ORIENTED_EDGE('',*,*,#3702,.F.);
#4904=ORIENTED_EDGE('',*,*,#3704,.T.);
#4905=ORIENTED_EDGE('',*,*,#3705,.T.);
#4906=ORIENTED_EDGE('',*,*,#3706,.T.);
#4907=ORIENTED_EDGE('',*,*,#3705,.F.);
#4908=ORIENTED_EDGE('',*,*,#3707,.T.);
#4909=ORIENTED_EDGE('',*,*,#3708,.T.);
#4910=ORIENTED_EDGE('',*,*,#3709,.T.);
#4911=ORIENTED_EDGE('',*,*,#3708,.F.);
#4912=ORIENTED_EDGE('',*,*,#3710,.T.);
#4913=ORIENTED_EDGE('',*,*,#3711,.T.);
#4914=ORIENTED_EDGE('',*,*,#3712,.T.);
#4915=ORIENTED_EDGE('',*,*,#3711,.F.);
#4916=ORIENTED_EDGE('',*,*,#3713,.T.);
#4917=ORIENTED_EDGE('',*,*,#3714,.T.);
#4918=ORIENTED_EDGE('',*,*,#3715,.T.);
#4919=ORIENTED_EDGE('',*,*,#3714,.F.);
#4920=ORIENTED_EDGE('',*,*,#3716,.T.);
#4921=ORIENTED_EDGE('',*,*,#3717,.T.);
#4922=ORIENTED_EDGE('',*,*,#3718,.T.);
#4923=ORIENTED_EDGE('',*,*,#3717,.F.);
#4924=ORIENTED_EDGE('',*,*,#3719,.T.);
#4925=ORIENTED_EDGE('',*,*,#3720,.T.);
#4926=ORIENTED_EDGE('',*,*,#3721,.T.);
#4927=ORIENTED_EDGE('',*,*,#3720,.F.);
#4928=ORIENTED_EDGE('',*,*,#3722,.T.);
#4929=ORIENTED_EDGE('',*,*,#3723,.T.);
#4930=ORIENTED_EDGE('',*,*,#3724,.T.);
#4931=ORIENTED_EDGE('',*,*,#3723,.F.);
#4932=ORIENTED_EDGE('',*,*,#3725,.T.);
#4933=ORIENTED_EDGE('',*,*,#3726,.T.);
#4934=ORIENTED_EDGE('',*,*,#3727,.T.);
#4935=ORIENTED_EDGE('',*,*,#3726,.F.);
#4936=ORIENTED_EDGE('',*,*,#3728,.T.);
#4937=ORIENTED_EDGE('',*,*,#3729,.T.);
#4938=ORIENTED_EDGE('',*,*,#3730,.T.);
#4939=ORIENTED_EDGE('',*,*,#3729,.F.);
#4940=ORIENTED_EDGE('',*,*,#3731,.T.);
#4941=ORIENTED_EDGE('',*,*,#3732,.T.);
#4942=ORIENTED_EDGE('',*,*,#3733,.T.);
#4943=ORIENTED_EDGE('',*,*,#3732,.F.);
#4944=ORIENTED_EDGE('',*,*,#3734,.T.);
#4945=ORIENTED_EDGE('',*,*,#3735,.T.);
#4946=ORIENTED_EDGE('',*,*,#3736,.T.);
#4947=ORIENTED_EDGE('',*,*,#3735,.F.);
#4948=ORIENTED_EDGE('',*,*,#3737,.T.);
#4949=ORIENTED_EDGE('',*,*,#3738,.T.);
#4950=ORIENTED_EDGE('',*,*,#3739,.T.);
#4951=ORIENTED_EDGE('',*,*,#3738,.F.);
#4952=ORIENTED_EDGE('',*,*,#3740,.T.);
#4953=ORIENTED_EDGE('',*,*,#3741,.T.);
#4954=ORIENTED_EDGE('',*,*,#3742,.T.);
#4955=ORIENTED_EDGE('',*,*,#3741,.F.);
#4956=ORIENTED_EDGE('',*,*,#3743,.T.);
#4957=ORIENTED_EDGE('',*,*,#3744,.T.);
#4958=ORIENTED_EDGE('',*,*,#3745,.T.);
#4959=ORIENTED_EDGE('',*,*,#3744,.F.);
#4960=ORIENTED_EDGE('',*,*,#3746,.T.);
#4961=ORIENTED_EDGE('',*,*,#3747,.T.);
#4962=ORIENTED_EDGE('',*,*,#3748,.T.);
#4963=ORIENTED_EDGE('',*,*,#3747,.F.);
#4964=ORIENTED_EDGE('',*,*,#3749,.T.);
#4965=ORIENTED_EDGE('',*,*,#3750,.T.);
#4966=ORIENTED_EDGE('',*,*,#3751,.T.);
#4967=ORIENTED_EDGE('',*,*,#3750,.F.);
#4968=ORIENTED_EDGE('',*,*,#3752,.T.);
#4969=ORIENTED_EDGE('',*,*,#3753,.T.);
#4970=ORIENTED_EDGE('',*,*,#3754,.T.);
#4971=ORIENTED_EDGE('',*,*,#3753,.F.);
#4972=ORIENTED_EDGE('',*,*,#3755,.T.);
#4973=ORIENTED_EDGE('',*,*,#3756,.T.);
#4974=ORIENTED_EDGE('',*,*,#3757,.T.);
#4975=ORIENTED_EDGE('',*,*,#3756,.F.);
#4976=ORIENTED_EDGE('',*,*,#3758,.T.);
#4977=ORIENTED_EDGE('',*,*,#3759,.T.);
#4978=ORIENTED_EDGE('',*,*,#3760,.T.);
#4979=ORIENTED_EDGE('',*,*,#3759,.F.);
#4980=ORIENTED_EDGE('',*,*,#3761,.T.);
#4981=ORIENTED_EDGE('',*,*,#3762,.T.);
#4982=ORIENTED_EDGE('',*,*,#3763,.T.);
#4983=ORIENTED_EDGE('',*,*,#3762,.F.);
#4984=ORIENTED_EDGE('',*,*,#3764,.T.);
#4985=ORIENTED_EDGE('',*,*,#3765,.T.);
#4986=ORIENTED_EDGE('',*,*,#3766,.T.);
#4987=ORIENTED_EDGE('',*,*,#3765,.F.);
#4988=ORIENTED_EDGE('',*,*,#3767,.T.);
#4989=ORIENTED_EDGE('',*,*,#3768,.T.);
#4990=ORIENTED_EDGE('',*,*,#3769,.T.);
#4991=ORIENTED_EDGE('',*,*,#3768,.F.);
#4992=ORIENTED_EDGE('',*,*,#3770,.T.);
#4993=ORIENTED_EDGE('',*,*,#3771,.T.);
#4994=ORIENTED_EDGE('',*,*,#3772,.T.);
#4995=ORIENTED_EDGE('',*,*,#3771,.F.);
#4996=ORIENTED_EDGE('',*,*,#3773,.T.);
#4997=ORIENTED_EDGE('',*,*,#3774,.T.);
#4998=ORIENTED_EDGE('',*,*,#3775,.T.);
#4999=ORIENTED_EDGE('',*,*,#3774,.F.);
#5000=ORIENTED_EDGE('',*,*,#3776,.T.);
#5001=ORIENTED_EDGE('',*,*,#3777,.T.);
#5002=ORIENTED_EDGE('',*,*,#3778,.T.);
#5003=ORIENTED_EDGE('',*,*,#3777,.F.);
#5004=ORIENTED_EDGE('',*,*,#3779,.T.);
#5005=ORIENTED_EDGE('',*,*,#3780,.T.);
#5006=ORIENTED_EDGE('',*,*,#3781,.T.);
#5007=ORIENTED_EDGE('',*,*,#3780,.F.);
#5008=ORIENTED_EDGE('',*,*,#3782,.T.);
#5009=ORIENTED_EDGE('',*,*,#3783,.T.);
#5010=ORIENTED_EDGE('',*,*,#3784,.T.);
#5011=ORIENTED_EDGE('',*,*,#3783,.F.);
#5012=ORIENTED_EDGE('',*,*,#3785,.T.);
#5013=ORIENTED_EDGE('',*,*,#3786,.T.);
#5014=ORIENTED_EDGE('',*,*,#3787,.T.);
#5015=ORIENTED_EDGE('',*,*,#3786,.F.);
#5016=ORIENTED_EDGE('',*,*,#3788,.T.);
#5017=ORIENTED_EDGE('',*,*,#3789,.T.);
#5018=ORIENTED_EDGE('',*,*,#3790,.T.);
#5019=ORIENTED_EDGE('',*,*,#3789,.F.);
#5020=ORIENTED_EDGE('',*,*,#3791,.T.);
#5021=ORIENTED_EDGE('',*,*,#3792,.T.);
#5022=ORIENTED_EDGE('',*,*,#3793,.T.);
#5023=ORIENTED_EDGE('',*,*,#3792,.F.);
#5024=ORIENTED_EDGE('',*,*,#3794,.T.);
#5025=ORIENTED_EDGE('',*,*,#3652,.F.);
#5026=ORIENTED_EDGE('',*,*,#3795,.T.);
#5027=ORIENTED_EDGE('',*,*,#3730,.F.);
#5028=ORIENTED_EDGE('',*,*,#3796,.F.);
#5029=ORIENTED_EDGE('',*,*,#3797,.F.);
#5030=ORIENTED_EDGE('',*,*,#3798,.F.);
#5031=ORIENTED_EDGE('',*,*,#3733,.F.);
#5032=ORIENTED_EDGE('',*,*,#3799,.T.);
#5033=ORIENTED_EDGE('',*,*,#3800,.F.);
#5034=ORIENTED_EDGE('',*,*,#3801,.T.);
#5035=ORIENTED_EDGE('',*,*,#3796,.T.);
#5036=ORIENTED_EDGE('',*,*,#3736,.F.);
#5037=ORIENTED_EDGE('',*,*,#3802,.F.);
#5038=ORIENTED_EDGE('',*,*,#3803,.F.);
#5039=ORIENTED_EDGE('',*,*,#3799,.F.);
#5040=ORIENTED_EDGE('',*,*,#3739,.F.);
#5041=ORIENTED_EDGE('',*,*,#3804,.T.);
#5042=ORIENTED_EDGE('',*,*,#3805,.F.);
#5043=ORIENTED_EDGE('',*,*,#3802,.T.);
#5044=ORIENTED_EDGE('',*,*,#3742,.F.);
#5045=ORIENTED_EDGE('',*,*,#3806,.F.);
#5046=ORIENTED_EDGE('',*,*,#3807,.F.);
#5047=ORIENTED_EDGE('',*,*,#3804,.F.);
#5048=ORIENTED_EDGE('',*,*,#3745,.F.);
#5049=ORIENTED_EDGE('',*,*,#3808,.T.);
#5050=ORIENTED_EDGE('',*,*,#3809,.T.);
#5051=ORIENTED_EDGE('',*,*,#3810,.F.);
#5052=ORIENTED_EDGE('',*,*,#3806,.T.);
#5053=ORIENTED_EDGE('',*,*,#3748,.F.);
#5054=ORIENTED_EDGE('',*,*,#3811,.F.);
#5055=ORIENTED_EDGE('',*,*,#3812,.F.);
#5056=ORIENTED_EDGE('',*,*,#3808,.F.);
#5057=ORIENTED_EDGE('',*,*,#3751,.F.);
#5058=ORIENTED_EDGE('',*,*,#3813,.T.);
#5059=ORIENTED_EDGE('',*,*,#3814,.F.);
#5060=ORIENTED_EDGE('',*,*,#3815,.T.);
#5061=ORIENTED_EDGE('',*,*,#3811,.T.);
#5062=ORIENTED_EDGE('',*,*,#3754,.F.);
#5063=ORIENTED_EDGE('',*,*,#3816,.F.);
#5064=ORIENTED_EDGE('',*,*,#3817,.F.);
#5065=ORIENTED_EDGE('',*,*,#3813,.F.);
#5066=ORIENTED_EDGE('',*,*,#3757,.F.);
#5067=ORIENTED_EDGE('',*,*,#3818,.T.);
#5068=ORIENTED_EDGE('',*,*,#3819,.T.);
#5069=ORIENTED_EDGE('',*,*,#3820,.F.);
#5070=ORIENTED_EDGE('',*,*,#3816,.T.);
#5071=ORIENTED_EDGE('',*,*,#3760,.F.);
#5072=ORIENTED_EDGE('',*,*,#3821,.F.);
#5073=ORIENTED_EDGE('',*,*,#3822,.F.);
#5074=ORIENTED_EDGE('',*,*,#3818,.F.);
#5075=ORIENTED_EDGE('',*,*,#3763,.F.);
#5076=ORIENTED_EDGE('',*,*,#3823,.T.);
#5077=ORIENTED_EDGE('',*,*,#3824,.F.);
#5078=ORIENTED_EDGE('',*,*,#3825,.T.);
#5079=ORIENTED_EDGE('',*,*,#3821,.T.);
#5080=ORIENTED_EDGE('',*,*,#3766,.F.);
#5081=ORIENTED_EDGE('',*,*,#3826,.F.);
#5082=ORIENTED_EDGE('',*,*,#3827,.F.);
#5083=ORIENTED_EDGE('',*,*,#3823,.F.);
#5084=ORIENTED_EDGE('',*,*,#3769,.F.);
#5085=ORIENTED_EDGE('',*,*,#3828,.T.);
#5086=ORIENTED_EDGE('',*,*,#3829,.T.);
#5087=ORIENTED_EDGE('',*,*,#3830,.F.);
#5088=ORIENTED_EDGE('',*,*,#3826,.T.);
#5089=ORIENTED_EDGE('',*,*,#3772,.F.);
#5090=ORIENTED_EDGE('',*,*,#3831,.F.);
#5091=ORIENTED_EDGE('',*,*,#3832,.F.);
#5092=ORIENTED_EDGE('',*,*,#3828,.F.);
#5093=ORIENTED_EDGE('',*,*,#3775,.F.);
#5094=ORIENTED_EDGE('',*,*,#3833,.T.);
#5095=ORIENTED_EDGE('',*,*,#3834,.F.);
#5096=ORIENTED_EDGE('',*,*,#3835,.T.);
#5097=ORIENTED_EDGE('',*,*,#3831,.T.);
#5098=ORIENTED_EDGE('',*,*,#3778,.F.);
#5099=ORIENTED_EDGE('',*,*,#3836,.F.);
#5100=ORIENTED_EDGE('',*,*,#3837,.F.);
#5101=ORIENTED_EDGE('',*,*,#3833,.F.);
#5102=ORIENTED_EDGE('',*,*,#3781,.F.);
#5103=ORIENTED_EDGE('',*,*,#3838,.T.);
#5104=ORIENTED_EDGE('',*,*,#3839,.F.);
#5105=ORIENTED_EDGE('',*,*,#3836,.T.);
#5106=ORIENTED_EDGE('',*,*,#3784,.F.);
#5107=ORIENTED_EDGE('',*,*,#3840,.F.);
#5108=ORIENTED_EDGE('',*,*,#3841,.F.);
#5109=ORIENTED_EDGE('',*,*,#3838,.F.);
#5110=ORIENTED_EDGE('',*,*,#3787,.F.);
#5111=ORIENTED_EDGE('',*,*,#3842,.T.);
#5112=ORIENTED_EDGE('',*,*,#3843,.T.);
#5113=ORIENTED_EDGE('',*,*,#3844,.F.);
#5114=ORIENTED_EDGE('',*,*,#3840,.T.);
#5115=ORIENTED_EDGE('',*,*,#3790,.F.);
#5116=ORIENTED_EDGE('',*,*,#3845,.F.);
#5117=ORIENTED_EDGE('',*,*,#3846,.F.);
#5118=ORIENTED_EDGE('',*,*,#3842,.F.);
#5119=ORIENTED_EDGE('',*,*,#3793,.F.);
#5120=ORIENTED_EDGE('',*,*,#3847,.T.);
#5121=ORIENTED_EDGE('',*,*,#3848,.F.);
#5122=ORIENTED_EDGE('',*,*,#3849,.T.);
#5123=ORIENTED_EDGE('',*,*,#3845,.T.);
#5124=ORIENTED_EDGE('',*,*,#3795,.F.);
#5125=ORIENTED_EDGE('',*,*,#3850,.F.);
#5126=ORIENTED_EDGE('',*,*,#3851,.F.);
#5127=ORIENTED_EDGE('',*,*,#3847,.F.);
#5128=ORIENTED_EDGE('',*,*,#3655,.F.);
#5129=ORIENTED_EDGE('',*,*,#3852,.T.);
#5130=ORIENTED_EDGE('',*,*,#3853,.T.);
#5131=ORIENTED_EDGE('',*,*,#3854,.F.);
#5132=ORIENTED_EDGE('',*,*,#3850,.T.);
#5133=ORIENTED_EDGE('',*,*,#3855,.F.);
#5134=ORIENTED_EDGE('',*,*,#3604,.F.);
#5135=ORIENTED_EDGE('',*,*,#3856,.F.);
#5136=ORIENTED_EDGE('',*,*,#3680,.F.);
#5137=ORIENTED_EDGE('',*,*,#3856,.T.);
#5138=ORIENTED_EDGE('',*,*,#3603,.F.);
#5139=ORIENTED_EDGE('',*,*,#3857,.F.);
#5140=ORIENTED_EDGE('',*,*,#3683,.F.);
#5141=ORIENTED_EDGE('',*,*,#3857,.T.);
#5142=ORIENTED_EDGE('',*,*,#3602,.F.);
#5143=ORIENTED_EDGE('',*,*,#3858,.F.);
#5144=ORIENTED_EDGE('',*,*,#3686,.F.);
#5145=ORIENTED_EDGE('',*,*,#3858,.T.);
#5146=ORIENTED_EDGE('',*,*,#3601,.F.);
#5147=ORIENTED_EDGE('',*,*,#3859,.F.);
#5148=ORIENTED_EDGE('',*,*,#3689,.F.);
#5149=ORIENTED_EDGE('',*,*,#3859,.T.);
#5150=ORIENTED_EDGE('',*,*,#3600,.F.);
#5151=ORIENTED_EDGE('',*,*,#3860,.F.);
#5152=ORIENTED_EDGE('',*,*,#3692,.F.);
#5153=ORIENTED_EDGE('',*,*,#3860,.T.);
#5154=ORIENTED_EDGE('',*,*,#3599,.F.);
#5155=ORIENTED_EDGE('',*,*,#3861,.F.);
#5156=ORIENTED_EDGE('',*,*,#3695,.F.);
#5157=ORIENTED_EDGE('',*,*,#3861,.T.);
#5158=ORIENTED_EDGE('',*,*,#3598,.F.);
#5159=ORIENTED_EDGE('',*,*,#3862,.F.);
#5160=ORIENTED_EDGE('',*,*,#3698,.F.);
#5161=ORIENTED_EDGE('',*,*,#3862,.T.);
#5162=ORIENTED_EDGE('',*,*,#3597,.F.);
#5163=ORIENTED_EDGE('',*,*,#3863,.F.);
#5164=ORIENTED_EDGE('',*,*,#3701,.F.);
#5165=ORIENTED_EDGE('',*,*,#3863,.T.);
#5166=ORIENTED_EDGE('',*,*,#3596,.F.);
#5167=ORIENTED_EDGE('',*,*,#3864,.F.);
#5168=ORIENTED_EDGE('',*,*,#3704,.F.);
#5169=ORIENTED_EDGE('',*,*,#3864,.T.);
#5170=ORIENTED_EDGE('',*,*,#3595,.F.);
#5171=ORIENTED_EDGE('',*,*,#3865,.F.);
#5172=ORIENTED_EDGE('',*,*,#3707,.F.);
#5173=ORIENTED_EDGE('',*,*,#3865,.T.);
#5174=ORIENTED_EDGE('',*,*,#3594,.F.);
#5175=ORIENTED_EDGE('',*,*,#3866,.F.);
#5176=ORIENTED_EDGE('',*,*,#3710,.F.);
#5177=ORIENTED_EDGE('',*,*,#3866,.T.);
#5178=ORIENTED_EDGE('',*,*,#3593,.F.);
#5179=ORIENTED_EDGE('',*,*,#3867,.F.);
#5180=ORIENTED_EDGE('',*,*,#3713,.F.);
#5181=ORIENTED_EDGE('',*,*,#3867,.T.);
#5182=ORIENTED_EDGE('',*,*,#3592,.F.);
#5183=ORIENTED_EDGE('',*,*,#3868,.F.);
#5184=ORIENTED_EDGE('',*,*,#3716,.F.);
#5185=ORIENTED_EDGE('',*,*,#3868,.T.);
#5186=ORIENTED_EDGE('',*,*,#3591,.F.);
#5187=ORIENTED_EDGE('',*,*,#3869,.F.);
#5188=ORIENTED_EDGE('',*,*,#3719,.F.);
#5189=ORIENTED_EDGE('',*,*,#3869,.T.);
#5190=ORIENTED_EDGE('',*,*,#3590,.F.);
#5191=ORIENTED_EDGE('',*,*,#3870,.F.);
#5192=ORIENTED_EDGE('',*,*,#3722,.F.);
#5193=ORIENTED_EDGE('',*,*,#3870,.T.);
#5194=ORIENTED_EDGE('',*,*,#3589,.F.);
#5195=ORIENTED_EDGE('',*,*,#3871,.F.);
#5196=ORIENTED_EDGE('',*,*,#3725,.F.);
#5197=ORIENTED_EDGE('',*,*,#3871,.T.);
#5198=ORIENTED_EDGE('',*,*,#3588,.F.);
#5199=ORIENTED_EDGE('',*,*,#3872,.F.);
#5200=ORIENTED_EDGE('',*,*,#3728,.F.);
#5201=ORIENTED_EDGE('',*,*,#3872,.T.);
#5202=ORIENTED_EDGE('',*,*,#3587,.F.);
#5203=ORIENTED_EDGE('',*,*,#3873,.F.);
#5204=ORIENTED_EDGE('',*,*,#3731,.F.);
#5205=ORIENTED_EDGE('',*,*,#3873,.T.);
#5206=ORIENTED_EDGE('',*,*,#3586,.F.);
#5207=ORIENTED_EDGE('',*,*,#3874,.F.);
#5208=ORIENTED_EDGE('',*,*,#3734,.F.);
#5209=ORIENTED_EDGE('',*,*,#3874,.T.);
#5210=ORIENTED_EDGE('',*,*,#3585,.F.);
#5211=ORIENTED_EDGE('',*,*,#3875,.F.);
#5212=ORIENTED_EDGE('',*,*,#3737,.F.);
#5213=ORIENTED_EDGE('',*,*,#3875,.T.);
#5214=ORIENTED_EDGE('',*,*,#3584,.F.);
#5215=ORIENTED_EDGE('',*,*,#3876,.F.);
#5216=ORIENTED_EDGE('',*,*,#3740,.F.);
#5217=ORIENTED_EDGE('',*,*,#3876,.T.);
#5218=ORIENTED_EDGE('',*,*,#3583,.F.);
#5219=ORIENTED_EDGE('',*,*,#3877,.F.);
#5220=ORIENTED_EDGE('',*,*,#3743,.F.);
#5221=ORIENTED_EDGE('',*,*,#3877,.T.);
#5222=ORIENTED_EDGE('',*,*,#3582,.F.);
#5223=ORIENTED_EDGE('',*,*,#3878,.F.);
#5224=ORIENTED_EDGE('',*,*,#3746,.F.);
#5225=ORIENTED_EDGE('',*,*,#3878,.T.);
#5226=ORIENTED_EDGE('',*,*,#3581,.F.);
#5227=ORIENTED_EDGE('',*,*,#3879,.F.);
#5228=ORIENTED_EDGE('',*,*,#3749,.F.);
#5229=ORIENTED_EDGE('',*,*,#3879,.T.);
#5230=ORIENTED_EDGE('',*,*,#3580,.F.);
#5231=ORIENTED_EDGE('',*,*,#3880,.F.);
#5232=ORIENTED_EDGE('',*,*,#3752,.F.);
#5233=ORIENTED_EDGE('',*,*,#3880,.T.);
#5234=ORIENTED_EDGE('',*,*,#3579,.F.);
#5235=ORIENTED_EDGE('',*,*,#3881,.F.);
#5236=ORIENTED_EDGE('',*,*,#3755,.F.);
#5237=ORIENTED_EDGE('',*,*,#3881,.T.);
#5238=ORIENTED_EDGE('',*,*,#3578,.F.);
#5239=ORIENTED_EDGE('',*,*,#3882,.F.);
#5240=ORIENTED_EDGE('',*,*,#3758,.F.);
#5241=ORIENTED_EDGE('',*,*,#3882,.T.);
#5242=ORIENTED_EDGE('',*,*,#3577,.F.);
#5243=ORIENTED_EDGE('',*,*,#3883,.F.);
#5244=ORIENTED_EDGE('',*,*,#3761,.F.);
#5245=ORIENTED_EDGE('',*,*,#3883,.T.);
#5246=ORIENTED_EDGE('',*,*,#3576,.F.);
#5247=ORIENTED_EDGE('',*,*,#3884,.F.);
#5248=ORIENTED_EDGE('',*,*,#3764,.F.);
#5249=ORIENTED_EDGE('',*,*,#3884,.T.);
#5250=ORIENTED_EDGE('',*,*,#3575,.F.);
#5251=ORIENTED_EDGE('',*,*,#3885,.F.);
#5252=ORIENTED_EDGE('',*,*,#3767,.F.);
#5253=ORIENTED_EDGE('',*,*,#3885,.T.);
#5254=ORIENTED_EDGE('',*,*,#3574,.F.);
#5255=ORIENTED_EDGE('',*,*,#3886,.F.);
#5256=ORIENTED_EDGE('',*,*,#3770,.F.);
#5257=ORIENTED_EDGE('',*,*,#3886,.T.);
#5258=ORIENTED_EDGE('',*,*,#3573,.F.);
#5259=ORIENTED_EDGE('',*,*,#3887,.F.);
#5260=ORIENTED_EDGE('',*,*,#3773,.F.);
#5261=ORIENTED_EDGE('',*,*,#3887,.T.);
#5262=ORIENTED_EDGE('',*,*,#3572,.F.);
#5263=ORIENTED_EDGE('',*,*,#3888,.F.);
#5264=ORIENTED_EDGE('',*,*,#3776,.F.);
#5265=ORIENTED_EDGE('',*,*,#3888,.T.);
#5266=ORIENTED_EDGE('',*,*,#3571,.F.);
#5267=ORIENTED_EDGE('',*,*,#3889,.F.);
#5268=ORIENTED_EDGE('',*,*,#3779,.F.);
#5269=ORIENTED_EDGE('',*,*,#3889,.T.);
#5270=ORIENTED_EDGE('',*,*,#3570,.F.);
#5271=ORIENTED_EDGE('',*,*,#3890,.F.);
#5272=ORIENTED_EDGE('',*,*,#3782,.F.);
#5273=ORIENTED_EDGE('',*,*,#3890,.T.);
#5274=ORIENTED_EDGE('',*,*,#3569,.F.);
#5275=ORIENTED_EDGE('',*,*,#3891,.F.);
#5276=ORIENTED_EDGE('',*,*,#3785,.F.);
#5277=ORIENTED_EDGE('',*,*,#3891,.T.);
#5278=ORIENTED_EDGE('',*,*,#3568,.F.);
#5279=ORIENTED_EDGE('',*,*,#3892,.F.);
#5280=ORIENTED_EDGE('',*,*,#3788,.F.);
#5281=ORIENTED_EDGE('',*,*,#3892,.T.);
#5282=ORIENTED_EDGE('',*,*,#3567,.F.);
#5283=ORIENTED_EDGE('',*,*,#3893,.F.);
#5284=ORIENTED_EDGE('',*,*,#3791,.F.);
#5285=ORIENTED_EDGE('',*,*,#3893,.T.);
#5286=ORIENTED_EDGE('',*,*,#3566,.F.);
#5287=ORIENTED_EDGE('',*,*,#3894,.F.);
#5288=ORIENTED_EDGE('',*,*,#3794,.F.);
#5289=ORIENTED_EDGE('',*,*,#3894,.T.);
#5290=ORIENTED_EDGE('',*,*,#3565,.F.);
#5291=ORIENTED_EDGE('',*,*,#3895,.F.);
#5292=ORIENTED_EDGE('',*,*,#3653,.F.);
#5293=ORIENTED_EDGE('',*,*,#3895,.T.);
#5294=ORIENTED_EDGE('',*,*,#3564,.F.);
#5295=ORIENTED_EDGE('',*,*,#3896,.F.);
#5296=ORIENTED_EDGE('',*,*,#3656,.F.);
#5297=ORIENTED_EDGE('',*,*,#3896,.T.);
#5298=ORIENTED_EDGE('',*,*,#3563,.F.);
#5299=ORIENTED_EDGE('',*,*,#3897,.F.);
#5300=ORIENTED_EDGE('',*,*,#3659,.F.);
#5301=ORIENTED_EDGE('',*,*,#3897,.T.);
#5302=ORIENTED_EDGE('',*,*,#3562,.F.);
#5303=ORIENTED_EDGE('',*,*,#3898,.F.);
#5304=ORIENTED_EDGE('',*,*,#3662,.F.);
#5305=ORIENTED_EDGE('',*,*,#3898,.T.);
#5306=ORIENTED_EDGE('',*,*,#3561,.F.);
#5307=ORIENTED_EDGE('',*,*,#3899,.F.);
#5308=ORIENTED_EDGE('',*,*,#3665,.F.);
#5309=ORIENTED_EDGE('',*,*,#3899,.T.);
#5310=ORIENTED_EDGE('',*,*,#3560,.F.);
#5311=ORIENTED_EDGE('',*,*,#3900,.F.);
#5312=ORIENTED_EDGE('',*,*,#3668,.F.);
#5313=ORIENTED_EDGE('',*,*,#3900,.T.);
#5314=ORIENTED_EDGE('',*,*,#3559,.F.);
#5315=ORIENTED_EDGE('',*,*,#3901,.F.);
#5316=ORIENTED_EDGE('',*,*,#3671,.F.);
#5317=ORIENTED_EDGE('',*,*,#3901,.T.);
#5318=ORIENTED_EDGE('',*,*,#3558,.F.);
#5319=ORIENTED_EDGE('',*,*,#3902,.F.);
#5320=ORIENTED_EDGE('',*,*,#3674,.F.);
#5321=ORIENTED_EDGE('',*,*,#3902,.T.);
#5322=ORIENTED_EDGE('',*,*,#3557,.F.);
#5323=ORIENTED_EDGE('',*,*,#3855,.T.);
#5324=ORIENTED_EDGE('',*,*,#3677,.F.);
#5325=ORIENTED_EDGE('',*,*,#3667,.F.);
#5326=ORIENTED_EDGE('',*,*,#3903,.T.);
#5327=ORIENTED_EDGE('',*,*,#3904,.F.);
#5328=ORIENTED_EDGE('',*,*,#3905,.T.);
#5329=ORIENTED_EDGE('',*,*,#3670,.F.);
#5330=ORIENTED_EDGE('',*,*,#3906,.F.);
#5331=ORIENTED_EDGE('',*,*,#3907,.F.);
#5332=ORIENTED_EDGE('',*,*,#3903,.F.);
#5333=ORIENTED_EDGE('',*,*,#3673,.F.);
#5334=ORIENTED_EDGE('',*,*,#3908,.T.);
#5335=ORIENTED_EDGE('',*,*,#3909,.T.);
#5336=ORIENTED_EDGE('',*,*,#3910,.F.);
#5337=ORIENTED_EDGE('',*,*,#3906,.T.);
#5338=ORIENTED_EDGE('',*,*,#3676,.F.);
#5339=ORIENTED_EDGE('',*,*,#3911,.F.);
#5340=ORIENTED_EDGE('',*,*,#3912,.F.);
#5341=ORIENTED_EDGE('',*,*,#3908,.F.);
#5342=ORIENTED_EDGE('',*,*,#3679,.F.);
#5343=ORIENTED_EDGE('',*,*,#3913,.T.);
#5344=ORIENTED_EDGE('',*,*,#3914,.F.);
#5345=ORIENTED_EDGE('',*,*,#3915,.T.);
#5346=ORIENTED_EDGE('',*,*,#3911,.T.);
#5347=ORIENTED_EDGE('',*,*,#3682,.F.);
#5348=ORIENTED_EDGE('',*,*,#3916,.F.);
#5349=ORIENTED_EDGE('',*,*,#3917,.F.);
#5350=ORIENTED_EDGE('',*,*,#3913,.F.);
#5351=ORIENTED_EDGE('',*,*,#3685,.F.);
#5352=ORIENTED_EDGE('',*,*,#3918,.T.);
#5353=ORIENTED_EDGE('',*,*,#3919,.T.);
#5354=ORIENTED_EDGE('',*,*,#3920,.F.);
#5355=ORIENTED_EDGE('',*,*,#3916,.T.);
#5356=ORIENTED_EDGE('',*,*,#3688,.F.);
#5357=ORIENTED_EDGE('',*,*,#3921,.F.);
#5358=ORIENTED_EDGE('',*,*,#3922,.F.);
#5359=ORIENTED_EDGE('',*,*,#3918,.F.);
#5360=ORIENTED_EDGE('',*,*,#3691,.F.);
#5361=ORIENTED_EDGE('',*,*,#3923,.T.);
#5362=ORIENTED_EDGE('',*,*,#3924,.F.);
#5363=ORIENTED_EDGE('',*,*,#3925,.T.);
#5364=ORIENTED_EDGE('',*,*,#3921,.T.);
#5365=ORIENTED_EDGE('',*,*,#3694,.F.);
#5366=ORIENTED_EDGE('',*,*,#3926,.F.);
#5367=ORIENTED_EDGE('',*,*,#3927,.F.);
#5368=ORIENTED_EDGE('',*,*,#3923,.F.);
#5369=ORIENTED_EDGE('',*,*,#3697,.F.);
#5370=ORIENTED_EDGE('',*,*,#3928,.T.);
#5371=ORIENTED_EDGE('',*,*,#3929,.T.);
#5372=ORIENTED_EDGE('',*,*,#3930,.F.);
#5373=ORIENTED_EDGE('',*,*,#3926,.T.);
#5374=ORIENTED_EDGE('',*,*,#3700,.F.);
#5375=ORIENTED_EDGE('',*,*,#3931,.F.);
#5376=ORIENTED_EDGE('',*,*,#3932,.F.);
#5377=ORIENTED_EDGE('',*,*,#3928,.F.);
#5378=ORIENTED_EDGE('',*,*,#3703,.F.);
#5379=ORIENTED_EDGE('',*,*,#3933,.T.);
#5380=ORIENTED_EDGE('',*,*,#3934,.F.);
#5381=ORIENTED_EDGE('',*,*,#3935,.T.);
#5382=ORIENTED_EDGE('',*,*,#3931,.T.);
#5383=ORIENTED_EDGE('',*,*,#3706,.F.);
#5384=ORIENTED_EDGE('',*,*,#3936,.F.);
#5385=ORIENTED_EDGE('',*,*,#3937,.F.);
#5386=ORIENTED_EDGE('',*,*,#3933,.F.);
#5387=ORIENTED_EDGE('',*,*,#3709,.F.);
#5388=ORIENTED_EDGE('',*,*,#3938,.T.);
#5389=ORIENTED_EDGE('',*,*,#3939,.F.);
#5390=ORIENTED_EDGE('',*,*,#3936,.T.);
#5391=ORIENTED_EDGE('',*,*,#3712,.F.);
#5392=ORIENTED_EDGE('',*,*,#3940,.F.);
#5393=ORIENTED_EDGE('',*,*,#3941,.F.);
#5394=ORIENTED_EDGE('',*,*,#3938,.F.);
#5395=ORIENTED_EDGE('',*,*,#3715,.F.);
#5396=ORIENTED_EDGE('',*,*,#3942,.T.);
#5397=ORIENTED_EDGE('',*,*,#3943,.T.);
#5398=ORIENTED_EDGE('',*,*,#3944,.F.);
#5399=ORIENTED_EDGE('',*,*,#3940,.T.);
#5400=ORIENTED_EDGE('',*,*,#3718,.F.);
#5401=ORIENTED_EDGE('',*,*,#3945,.F.);
#5402=ORIENTED_EDGE('',*,*,#3946,.F.);
#5403=ORIENTED_EDGE('',*,*,#3942,.F.);
#5404=ORIENTED_EDGE('',*,*,#3721,.F.);
#5405=ORIENTED_EDGE('',*,*,#3947,.T.);
#5406=ORIENTED_EDGE('',*,*,#3948,.F.);
#5407=ORIENTED_EDGE('',*,*,#3949,.T.);
#5408=ORIENTED_EDGE('',*,*,#3945,.T.);
#5409=ORIENTED_EDGE('',*,*,#3724,.F.);
#5410=ORIENTED_EDGE('',*,*,#3950,.F.);
#5411=ORIENTED_EDGE('',*,*,#3951,.F.);
#5412=ORIENTED_EDGE('',*,*,#3947,.F.);
#5413=ORIENTED_EDGE('',*,*,#3727,.F.);
#5414=ORIENTED_EDGE('',*,*,#3798,.T.);
#5415=ORIENTED_EDGE('',*,*,#3952,.T.);
#5416=ORIENTED_EDGE('',*,*,#3953,.F.);
#5417=ORIENTED_EDGE('',*,*,#3950,.T.);
#5418=ORIENTED_EDGE('',*,*,#3954,.T.);
#5419=ORIENTED_EDGE('',*,*,#3955,.T.);
#5420=ORIENTED_EDGE('',*,*,#3956,.T.);
#5421=ORIENTED_EDGE('',*,*,#3957,.T.);
#5422=ORIENTED_EDGE('',*,*,#3955,.F.);
#5423=ORIENTED_EDGE('',*,*,#3954,.F.);
#5424=ORIENTED_EDGE('',*,*,#3958,.F.);
#5425=ORIENTED_EDGE('',*,*,#3959,.F.);
#5426=ORIENTED_EDGE('',*,*,#3960,.T.);
#5427=ORIENTED_EDGE('',*,*,#3956,.F.);
#5428=ORIENTED_EDGE('',*,*,#3957,.F.);
#5429=ORIENTED_EDGE('',*,*,#3960,.F.);
#5430=ORIENTED_EDGE('',*,*,#3961,.T.);
#5431=ORIENTED_EDGE('',*,*,#3962,.T.);
#5432=ORIENTED_EDGE('',*,*,#3963,.T.);
#5433=ORIENTED_EDGE('',*,*,#3964,.T.);
#5434=ORIENTED_EDGE('',*,*,#3962,.F.);
#5435=ORIENTED_EDGE('',*,*,#3961,.F.);
#5436=ORIENTED_EDGE('',*,*,#3965,.F.);
#5437=ORIENTED_EDGE('',*,*,#3966,.F.);
#5438=ORIENTED_EDGE('',*,*,#3967,.T.);
#5439=ORIENTED_EDGE('',*,*,#3963,.F.);
#5440=ORIENTED_EDGE('',*,*,#3964,.F.);
#5441=ORIENTED_EDGE('',*,*,#3967,.F.);
#5442=ORIENTED_EDGE('',*,*,#3968,.T.);
#5443=ORIENTED_EDGE('',*,*,#3969,.T.);
#5444=ORIENTED_EDGE('',*,*,#3970,.T.);
#5445=ORIENTED_EDGE('',*,*,#3971,.T.);
#5446=ORIENTED_EDGE('',*,*,#3969,.F.);
#5447=ORIENTED_EDGE('',*,*,#3968,.F.);
#5448=ORIENTED_EDGE('',*,*,#3972,.F.);
#5449=ORIENTED_EDGE('',*,*,#3973,.F.);
#5450=ORIENTED_EDGE('',*,*,#3974,.T.);
#5451=ORIENTED_EDGE('',*,*,#3970,.F.);
#5452=ORIENTED_EDGE('',*,*,#3971,.F.);
#5453=ORIENTED_EDGE('',*,*,#3974,.F.);
#5454=ORIENTED_EDGE('',*,*,#3975,.T.);
#5455=ORIENTED_EDGE('',*,*,#3976,.T.);
#5456=ORIENTED_EDGE('',*,*,#3977,.T.);
#5457=ORIENTED_EDGE('',*,*,#3978,.T.);
#5458=ORIENTED_EDGE('',*,*,#3976,.F.);
#5459=ORIENTED_EDGE('',*,*,#3975,.F.);
#5460=ORIENTED_EDGE('',*,*,#3979,.F.);
#5461=ORIENTED_EDGE('',*,*,#3980,.F.);
#5462=ORIENTED_EDGE('',*,*,#3981,.T.);
#5463=ORIENTED_EDGE('',*,*,#3977,.F.);
#5464=ORIENTED_EDGE('',*,*,#3978,.F.);
#5465=ORIENTED_EDGE('',*,*,#3981,.F.);
#5466=ORIENTED_EDGE('',*,*,#3982,.T.);
#5467=ORIENTED_EDGE('',*,*,#3983,.T.);
#5468=ORIENTED_EDGE('',*,*,#3984,.T.);
#5469=ORIENTED_EDGE('',*,*,#3985,.T.);
#5470=ORIENTED_EDGE('',*,*,#3983,.F.);
#5471=ORIENTED_EDGE('',*,*,#3982,.F.);
#5472=ORIENTED_EDGE('',*,*,#3986,.F.);
#5473=ORIENTED_EDGE('',*,*,#3987,.F.);
#5474=ORIENTED_EDGE('',*,*,#3988,.T.);
#5475=ORIENTED_EDGE('',*,*,#3984,.F.);
#5476=ORIENTED_EDGE('',*,*,#3985,.F.);
#5477=ORIENTED_EDGE('',*,*,#3988,.F.);
#5478=ORIENTED_EDGE('',*,*,#3989,.T.);
#5479=ORIENTED_EDGE('',*,*,#3990,.T.);
#5480=ORIENTED_EDGE('',*,*,#3991,.T.);
#5481=ORIENTED_EDGE('',*,*,#3992,.T.);
#5482=ORIENTED_EDGE('',*,*,#3990,.F.);
#5483=ORIENTED_EDGE('',*,*,#3989,.F.);
#5484=ORIENTED_EDGE('',*,*,#3993,.F.);
#5485=ORIENTED_EDGE('',*,*,#3994,.F.);
#5486=ORIENTED_EDGE('',*,*,#3995,.T.);
#5487=ORIENTED_EDGE('',*,*,#3991,.F.);
#5488=ORIENTED_EDGE('',*,*,#3992,.F.);
#5489=ORIENTED_EDGE('',*,*,#3995,.F.);
#5490=ORIENTED_EDGE('',*,*,#3996,.T.);
#5491=ORIENTED_EDGE('',*,*,#3997,.T.);
#5492=ORIENTED_EDGE('',*,*,#3998,.T.);
#5493=ORIENTED_EDGE('',*,*,#3999,.T.);
#5494=ORIENTED_EDGE('',*,*,#3997,.F.);
#5495=ORIENTED_EDGE('',*,*,#3996,.F.);
#5496=ORIENTED_EDGE('',*,*,#4000,.F.);
#5497=ORIENTED_EDGE('',*,*,#4001,.F.);
#5498=ORIENTED_EDGE('',*,*,#4002,.T.);
#5499=ORIENTED_EDGE('',*,*,#3998,.F.);
#5500=ORIENTED_EDGE('',*,*,#3999,.F.);
#5501=ORIENTED_EDGE('',*,*,#4002,.F.);
#5502=ORIENTED_EDGE('',*,*,#4003,.T.);
#5503=ORIENTED_EDGE('',*,*,#4004,.T.);
#5504=ORIENTED_EDGE('',*,*,#4005,.T.);
#5505=ORIENTED_EDGE('',*,*,#4006,.T.);
#5506=ORIENTED_EDGE('',*,*,#4004,.F.);
#5507=ORIENTED_EDGE('',*,*,#4003,.F.);
#5508=ORIENTED_EDGE('',*,*,#4007,.F.);
#5509=ORIENTED_EDGE('',*,*,#4008,.F.);
#5510=ORIENTED_EDGE('',*,*,#4009,.T.);
#5511=ORIENTED_EDGE('',*,*,#4005,.F.);
#5512=ORIENTED_EDGE('',*,*,#4006,.F.);
#5513=ORIENTED_EDGE('',*,*,#4009,.F.);
#5514=ORIENTED_EDGE('',*,*,#4010,.T.);
#5515=ORIENTED_EDGE('',*,*,#4011,.T.);
#5516=ORIENTED_EDGE('',*,*,#4012,.T.);
#5517=ORIENTED_EDGE('',*,*,#4013,.T.);
#5518=ORIENTED_EDGE('',*,*,#4011,.F.);
#5519=ORIENTED_EDGE('',*,*,#4010,.F.);
#5520=ORIENTED_EDGE('',*,*,#4014,.F.);
#5521=ORIENTED_EDGE('',*,*,#4015,.F.);
#5522=ORIENTED_EDGE('',*,*,#4016,.T.);
#5523=ORIENTED_EDGE('',*,*,#4012,.F.);
#5524=ORIENTED_EDGE('',*,*,#4013,.F.);
#5525=ORIENTED_EDGE('',*,*,#4016,.F.);
#5526=ORIENTED_EDGE('',*,*,#4017,.T.);
#5527=ORIENTED_EDGE('',*,*,#4018,.T.);
#5528=ORIENTED_EDGE('',*,*,#4019,.T.);
#5529=ORIENTED_EDGE('',*,*,#4020,.T.);
#5530=ORIENTED_EDGE('',*,*,#4018,.F.);
#5531=ORIENTED_EDGE('',*,*,#4017,.F.);
#5532=ORIENTED_EDGE('',*,*,#4021,.F.);
#5533=ORIENTED_EDGE('',*,*,#4022,.F.);
#5534=ORIENTED_EDGE('',*,*,#4023,.T.);
#5535=ORIENTED_EDGE('',*,*,#4019,.F.);
#5536=ORIENTED_EDGE('',*,*,#4020,.F.);
#5537=ORIENTED_EDGE('',*,*,#4023,.F.);
#5538=ORIENTED_EDGE('',*,*,#4024,.T.);
#5539=ORIENTED_EDGE('',*,*,#4025,.T.);
#5540=ORIENTED_EDGE('',*,*,#4026,.T.);
#5541=ORIENTED_EDGE('',*,*,#4027,.T.);
#5542=ORIENTED_EDGE('',*,*,#4028,.T.);
#5543=ORIENTED_EDGE('',*,*,#4029,.T.);
#5544=ORIENTED_EDGE('',*,*,#4024,.F.);
#5545=ORIENTED_EDGE('',*,*,#4030,.T.);
#5546=ORIENTED_EDGE('',*,*,#4031,.T.);
#5547=ORIENTED_EDGE('',*,*,#4032,.T.);
#5548=ORIENTED_EDGE('',*,*,#4028,.F.);
#5549=ORIENTED_EDGE('',*,*,#4033,.T.);
#5550=ORIENTED_EDGE('',*,*,#4034,.T.);
#5551=ORIENTED_EDGE('',*,*,#4035,.T.);
#5552=ORIENTED_EDGE('',*,*,#4031,.F.);
#5553=ORIENTED_EDGE('',*,*,#4036,.T.);
#5554=ORIENTED_EDGE('',*,*,#4037,.T.);
#5555=ORIENTED_EDGE('',*,*,#4038,.T.);
#5556=ORIENTED_EDGE('',*,*,#4034,.F.);
#5557=ORIENTED_EDGE('',*,*,#4039,.T.);
#5558=ORIENTED_EDGE('',*,*,#4040,.T.);
#5559=ORIENTED_EDGE('',*,*,#4041,.T.);
#5560=ORIENTED_EDGE('',*,*,#4037,.F.);
#5561=ORIENTED_EDGE('',*,*,#4042,.T.);
#5562=ORIENTED_EDGE('',*,*,#4043,.T.);
#5563=ORIENTED_EDGE('',*,*,#4044,.T.);
#5564=ORIENTED_EDGE('',*,*,#4040,.F.);
#5565=ORIENTED_EDGE('',*,*,#4045,.T.);
#5566=ORIENTED_EDGE('',*,*,#4026,.F.);
#5567=ORIENTED_EDGE('',*,*,#4046,.T.);
#5568=ORIENTED_EDGE('',*,*,#4043,.F.);
#5569=ORIENTED_EDGE('',*,*,#4047,.T.);
#5570=ORIENTED_EDGE('',*,*,#4036,.F.);
#5571=ORIENTED_EDGE('',*,*,#4048,.F.);
#5572=ORIENTED_EDGE('',*,*,#4049,.F.);
#5573=ORIENTED_EDGE('',*,*,#4050,.T.);
#5574=ORIENTED_EDGE('',*,*,#4033,.F.);
#5575=ORIENTED_EDGE('',*,*,#4051,.F.);
#5576=ORIENTED_EDGE('',*,*,#4052,.F.);
#5577=ORIENTED_EDGE('',*,*,#4048,.T.);
#5578=ORIENTED_EDGE('',*,*,#4030,.F.);
#5579=ORIENTED_EDGE('',*,*,#4053,.F.);
#5580=ORIENTED_EDGE('',*,*,#4054,.F.);
#5581=ORIENTED_EDGE('',*,*,#4051,.T.);
#5582=ORIENTED_EDGE('',*,*,#4027,.F.);
#5583=ORIENTED_EDGE('',*,*,#4055,.F.);
#5584=ORIENTED_EDGE('',*,*,#4056,.F.);
#5585=ORIENTED_EDGE('',*,*,#4053,.T.);
#5586=ORIENTED_EDGE('',*,*,#4057,.F.);
#5587=ORIENTED_EDGE('',*,*,#4058,.F.);
#5588=ORIENTED_EDGE('',*,*,#4059,.F.);
#5589=ORIENTED_EDGE('',*,*,#4060,.F.);
#5590=ORIENTED_EDGE('',*,*,#4061,.F.);
#5591=ORIENTED_EDGE('',*,*,#4062,.F.);
#5592=ORIENTED_EDGE('',*,*,#4063,.F.);
#5593=ORIENTED_EDGE('',*,*,#4064,.F.);
#5594=ORIENTED_EDGE('',*,*,#3966,.T.);
#5595=ORIENTED_EDGE('',*,*,#3959,.T.);
#5596=ORIENTED_EDGE('',*,*,#4015,.T.);
#5597=ORIENTED_EDGE('',*,*,#4022,.T.);
#5598=ORIENTED_EDGE('',*,*,#4008,.T.);
#5599=ORIENTED_EDGE('',*,*,#4001,.T.);
#5600=ORIENTED_EDGE('',*,*,#3994,.T.);
#5601=ORIENTED_EDGE('',*,*,#3987,.T.);
#5602=ORIENTED_EDGE('',*,*,#3980,.T.);
#5603=ORIENTED_EDGE('',*,*,#3973,.T.);
#5604=ORIENTED_EDGE('',*,*,#4065,.T.);
#5605=ORIENTED_EDGE('',*,*,#4066,.T.);
#5606=ORIENTED_EDGE('',*,*,#4067,.T.);
#5607=ORIENTED_EDGE('',*,*,#4068,.T.);
#5608=ORIENTED_EDGE('',*,*,#4069,.T.);
#5609=ORIENTED_EDGE('',*,*,#4070,.T.);
#5610=ORIENTED_EDGE('',*,*,#4071,.T.);
#5611=ORIENTED_EDGE('',*,*,#4072,.T.);
#5612=ORIENTED_EDGE('',*,*,#4073,.T.);
#5613=ORIENTED_EDGE('',*,*,#4074,.T.);
#5614=ORIENTED_EDGE('',*,*,#4075,.T.);
#5615=ORIENTED_EDGE('',*,*,#4076,.T.);
#5616=ORIENTED_EDGE('',*,*,#4077,.T.);
#5617=ORIENTED_EDGE('',*,*,#4078,.T.);
#5618=ORIENTED_EDGE('',*,*,#4079,.T.);
#5619=ORIENTED_EDGE('',*,*,#4080,.T.);
#5620=ORIENTED_EDGE('',*,*,#4081,.T.);
#5621=ORIENTED_EDGE('',*,*,#4082,.T.);
#5622=ORIENTED_EDGE('',*,*,#4083,.T.);
#5623=ORIENTED_EDGE('',*,*,#4084,.T.);
#5624=ORIENTED_EDGE('',*,*,#4085,.T.);
#5625=ORIENTED_EDGE('',*,*,#4025,.F.);
#5626=ORIENTED_EDGE('',*,*,#4029,.F.);
#5627=ORIENTED_EDGE('',*,*,#4032,.F.);
#5628=ORIENTED_EDGE('',*,*,#4035,.F.);
#5629=ORIENTED_EDGE('',*,*,#4038,.F.);
#5630=ORIENTED_EDGE('',*,*,#4041,.F.);
#5631=ORIENTED_EDGE('',*,*,#4044,.F.);
#5632=ORIENTED_EDGE('',*,*,#4046,.F.);
#5633=ORIENTED_EDGE('',*,*,#4086,.T.);
#5634=ORIENTED_EDGE('',*,*,#4056,.T.);
#5635=ORIENTED_EDGE('',*,*,#4087,.T.);
#5636=ORIENTED_EDGE('',*,*,#4088,.T.);
#5637=ORIENTED_EDGE('',*,*,#4089,.T.);
#5638=ORIENTED_EDGE('',*,*,#4054,.T.);
#5639=ORIENTED_EDGE('',*,*,#4086,.F.);
#5640=ORIENTED_EDGE('',*,*,#4090,.T.);
#5641=ORIENTED_EDGE('',*,*,#4091,.T.);
#5642=ORIENTED_EDGE('',*,*,#4052,.T.);
#5643=ORIENTED_EDGE('',*,*,#4089,.F.);
#5644=ORIENTED_EDGE('',*,*,#4092,.T.);
#5645=ORIENTED_EDGE('',*,*,#4093,.T.);
#5646=ORIENTED_EDGE('',*,*,#4049,.T.);
#5647=ORIENTED_EDGE('',*,*,#4091,.F.);
#5648=ORIENTED_EDGE('',*,*,#4094,.T.);
#5649=ORIENTED_EDGE('',*,*,#4095,.T.);
#5650=ORIENTED_EDGE('',*,*,#4096,.T.);
#5651=ORIENTED_EDGE('',*,*,#4093,.F.);
#5652=ORIENTED_EDGE('',*,*,#4097,.T.);
#5653=ORIENTED_EDGE('',*,*,#4098,.T.);
#5654=ORIENTED_EDGE('',*,*,#4099,.T.);
#5655=ORIENTED_EDGE('',*,*,#4095,.F.);
#5656=ORIENTED_EDGE('',*,*,#4100,.T.);
#5657=ORIENTED_EDGE('',*,*,#4101,.T.);
#5658=ORIENTED_EDGE('',*,*,#4102,.T.);
#5659=ORIENTED_EDGE('',*,*,#4098,.F.);
#5660=ORIENTED_EDGE('',*,*,#4103,.T.);
#5661=ORIENTED_EDGE('',*,*,#4087,.F.);
#5662=ORIENTED_EDGE('',*,*,#4104,.T.);
#5663=ORIENTED_EDGE('',*,*,#4101,.F.);
#5664=ORIENTED_EDGE('',*,*,#4105,.T.);
#5665=ORIENTED_EDGE('',*,*,#4042,.F.);
#5666=ORIENTED_EDGE('',*,*,#4106,.T.);
#5667=ORIENTED_EDGE('',*,*,#4099,.F.);
#5668=ORIENTED_EDGE('',*,*,#4107,.T.);
#5669=ORIENTED_EDGE('',*,*,#4045,.F.);
#5670=ORIENTED_EDGE('',*,*,#4107,.F.);
#5671=ORIENTED_EDGE('',*,*,#4102,.F.);
#5672=ORIENTED_EDGE('',*,*,#4108,.T.);
#5673=ORIENTED_EDGE('',*,*,#4047,.F.);
#5674=ORIENTED_EDGE('',*,*,#4108,.F.);
#5675=ORIENTED_EDGE('',*,*,#4104,.F.);
#5676=ORIENTED_EDGE('',*,*,#4055,.T.);
#5677=ORIENTED_EDGE('',*,*,#4088,.F.);
#5678=ORIENTED_EDGE('',*,*,#4105,.F.);
#5679=ORIENTED_EDGE('',*,*,#4103,.F.);
#5680=ORIENTED_EDGE('',*,*,#4100,.F.);
#5681=ORIENTED_EDGE('',*,*,#4097,.F.);
#5682=ORIENTED_EDGE('',*,*,#4094,.F.);
#5683=ORIENTED_EDGE('',*,*,#4092,.F.);
#5684=ORIENTED_EDGE('',*,*,#4090,.F.);
#5685=ORIENTED_EDGE('',*,*,#4109,.T.);
#5686=ORIENTED_EDGE('',*,*,#4110,.T.);
#5687=ORIENTED_EDGE('',*,*,#4111,.T.);
#5688=ORIENTED_EDGE('',*,*,#4112,.T.);
#5689=ORIENTED_EDGE('',*,*,#4113,.T.);
#5690=ORIENTED_EDGE('',*,*,#4114,.T.);
#5691=ORIENTED_EDGE('',*,*,#4115,.T.);
#5692=ORIENTED_EDGE('',*,*,#4116,.T.);
#5693=ORIENTED_EDGE('',*,*,#4117,.F.);
#5694=ORIENTED_EDGE('',*,*,#4118,.T.);
#5695=ORIENTED_EDGE('',*,*,#4116,.F.);
#5696=ORIENTED_EDGE('',*,*,#4119,.F.);
#5697=ORIENTED_EDGE('',*,*,#4120,.F.);
#5698=ORIENTED_EDGE('',*,*,#4119,.T.);
#5699=ORIENTED_EDGE('',*,*,#4115,.F.);
#5700=ORIENTED_EDGE('',*,*,#4121,.F.);
#5701=ORIENTED_EDGE('',*,*,#4122,.F.);
#5702=ORIENTED_EDGE('',*,*,#4121,.T.);
#5703=ORIENTED_EDGE('',*,*,#4114,.F.);
#5704=ORIENTED_EDGE('',*,*,#4123,.F.);
#5705=ORIENTED_EDGE('',*,*,#4124,.F.);
#5706=ORIENTED_EDGE('',*,*,#4123,.T.);
#5707=ORIENTED_EDGE('',*,*,#4113,.F.);
#5708=ORIENTED_EDGE('',*,*,#4125,.F.);
#5709=ORIENTED_EDGE('',*,*,#4126,.F.);
#5710=ORIENTED_EDGE('',*,*,#4125,.T.);
#5711=ORIENTED_EDGE('',*,*,#4112,.F.);
#5712=ORIENTED_EDGE('',*,*,#4127,.F.);
#5713=ORIENTED_EDGE('',*,*,#4128,.F.);
#5714=ORIENTED_EDGE('',*,*,#4127,.T.);
#5715=ORIENTED_EDGE('',*,*,#4111,.F.);
#5716=ORIENTED_EDGE('',*,*,#4129,.F.);
#5717=ORIENTED_EDGE('',*,*,#4130,.F.);
#5718=ORIENTED_EDGE('',*,*,#4129,.T.);
#5719=ORIENTED_EDGE('',*,*,#4110,.F.);
#5720=ORIENTED_EDGE('',*,*,#4131,.F.);
#5721=ORIENTED_EDGE('',*,*,#4132,.F.);
#5722=ORIENTED_EDGE('',*,*,#4131,.T.);
#5723=ORIENTED_EDGE('',*,*,#4109,.F.);
#5724=ORIENTED_EDGE('',*,*,#4118,.F.);
#5725=ORIENTED_EDGE('',*,*,#4039,.F.);
#5726=ORIENTED_EDGE('',*,*,#4050,.F.);
#5727=ORIENTED_EDGE('',*,*,#4096,.F.);
#5728=ORIENTED_EDGE('',*,*,#4106,.F.);
#5729=ORIENTED_EDGE('',*,*,#4133,.F.);
#5730=ORIENTED_EDGE('',*,*,#4134,.F.);
#5731=ORIENTED_EDGE('',*,*,#4135,.F.);
#5732=ORIENTED_EDGE('',*,*,#4136,.F.);
#5733=ORIENTED_EDGE('',*,*,#4137,.F.);
#5734=ORIENTED_EDGE('',*,*,#4138,.F.);
#5735=ORIENTED_EDGE('',*,*,#4139,.T.);
#5736=ORIENTED_EDGE('',*,*,#4138,.T.);
#5737=ORIENTED_EDGE('',*,*,#4139,.F.);
#5738=ORIENTED_EDGE('',*,*,#4132,.T.);
#5739=ORIENTED_EDGE('',*,*,#4117,.T.);
#5740=ORIENTED_EDGE('',*,*,#4120,.T.);
#5741=ORIENTED_EDGE('',*,*,#4122,.T.);
#5742=ORIENTED_EDGE('',*,*,#4124,.T.);
#5743=ORIENTED_EDGE('',*,*,#4126,.T.);
#5744=ORIENTED_EDGE('',*,*,#4128,.T.);
#5745=ORIENTED_EDGE('',*,*,#4130,.T.);
#5746=ORIENTED_EDGE('',*,*,#4134,.T.);
#5747=ORIENTED_EDGE('',*,*,#4140,.T.);
#5748=ORIENTED_EDGE('',*,*,#4141,.F.);
#5749=ORIENTED_EDGE('',*,*,#3853,.F.);
#5750=ORIENTED_EDGE('',*,*,#4142,.T.);
#5751=ORIENTED_EDGE('',*,*,#4143,.F.);
#5752=ORIENTED_EDGE('',*,*,#4144,.F.);
#5753=ORIENTED_EDGE('',*,*,#4145,.T.);
#5754=ORIENTED_EDGE('',*,*,#4133,.T.);
#5755=ORIENTED_EDGE('',*,*,#4137,.T.);
#5756=ORIENTED_EDGE('',*,*,#4146,.F.);
#5757=ORIENTED_EDGE('',*,*,#4147,.F.);
#5758=ORIENTED_EDGE('',*,*,#4148,.F.);
#5759=ORIENTED_EDGE('',*,*,#4149,.F.);
#5760=ORIENTED_EDGE('',*,*,#4150,.F.);
#5761=ORIENTED_EDGE('',*,*,#4151,.F.);
#5762=ORIENTED_EDGE('',*,*,#4152,.F.);
#5763=ORIENTED_EDGE('',*,*,#4153,.F.);
#5764=ORIENTED_EDGE('',*,*,#4154,.F.);
#5765=ORIENTED_EDGE('',*,*,#4155,.F.);
#5766=ORIENTED_EDGE('',*,*,#4156,.F.);
#5767=ORIENTED_EDGE('',*,*,#4157,.F.);
#5768=ORIENTED_EDGE('',*,*,#4158,.F.);
#5769=ORIENTED_EDGE('',*,*,#4159,.F.);
#5770=ORIENTED_EDGE('',*,*,#4160,.F.);
#5771=ORIENTED_EDGE('',*,*,#4161,.F.);
#5772=ORIENTED_EDGE('',*,*,#4162,.F.);
#5773=ORIENTED_EDGE('',*,*,#4163,.F.);
#5774=ORIENTED_EDGE('',*,*,#4164,.F.);
#5775=ORIENTED_EDGE('',*,*,#4165,.F.);
#5776=ORIENTED_EDGE('',*,*,#4166,.F.);
#5777=ORIENTED_EDGE('',*,*,#4167,.F.);
#5778=ORIENTED_EDGE('',*,*,#4168,.F.);
#5779=ORIENTED_EDGE('',*,*,#4169,.F.);
#5780=ORIENTED_EDGE('',*,*,#4140,.F.);
#5781=ORIENTED_EDGE('',*,*,#4170,.T.);
#5782=ORIENTED_EDGE('',*,*,#4171,.T.);
#5783=ORIENTED_EDGE('',*,*,#4172,.T.);
#5784=ORIENTED_EDGE('',*,*,#4173,.F.);
#5785=ORIENTED_EDGE('',*,*,#4174,.T.);
#5786=ORIENTED_EDGE('',*,*,#4175,.F.);
#5787=ORIENTED_EDGE('',*,*,#4176,.T.);
#5788=ORIENTED_EDGE('',*,*,#4177,.F.);
#5789=ORIENTED_EDGE('',*,*,#4178,.T.);
#5790=ORIENTED_EDGE('',*,*,#4179,.F.);
#5791=ORIENTED_EDGE('',*,*,#4180,.T.);
#5792=ORIENTED_EDGE('',*,*,#4181,.F.);
#5793=ORIENTED_EDGE('',*,*,#4182,.T.);
#5794=ORIENTED_EDGE('',*,*,#4183,.F.);
#5795=ORIENTED_EDGE('',*,*,#4184,.T.);
#5796=ORIENTED_EDGE('',*,*,#4185,.F.);
#5797=ORIENTED_EDGE('',*,*,#4186,.T.);
#5798=ORIENTED_EDGE('',*,*,#4187,.F.);
#5799=ORIENTED_EDGE('',*,*,#4188,.T.);
#5800=ORIENTED_EDGE('',*,*,#4189,.T.);
#5801=ORIENTED_EDGE('',*,*,#4190,.T.);
#5802=ORIENTED_EDGE('',*,*,#4177,.T.);
#5803=ORIENTED_EDGE('',*,*,#4191,.T.);
#5804=ORIENTED_EDGE('',*,*,#4190,.F.);
#5805=ORIENTED_EDGE('',*,*,#4192,.T.);
#5806=ORIENTED_EDGE('',*,*,#4193,.F.);
#5807=ORIENTED_EDGE('',*,*,#4178,.F.);
#5808=ORIENTED_EDGE('',*,*,#4194,.T.);
#5809=ORIENTED_EDGE('',*,*,#4195,.T.);
#5810=ORIENTED_EDGE('',*,*,#4175,.T.);
#5811=ORIENTED_EDGE('',*,*,#4196,.T.);
#5812=ORIENTED_EDGE('',*,*,#4191,.F.);
#5813=ORIENTED_EDGE('',*,*,#4176,.F.);
#5814=ORIENTED_EDGE('',*,*,#4195,.F.);
#5815=ORIENTED_EDGE('',*,*,#4197,.T.);
#5816=ORIENTED_EDGE('',*,*,#4198,.T.);
#5817=ORIENTED_EDGE('',*,*,#4199,.T.);
#5818=ORIENTED_EDGE('',*,*,#4173,.T.);
#5819=ORIENTED_EDGE('',*,*,#4200,.T.);
#5820=ORIENTED_EDGE('',*,*,#4196,.F.);
#5821=ORIENTED_EDGE('',*,*,#4174,.F.);
#5822=ORIENTED_EDGE('',*,*,#4199,.F.);
#5823=ORIENTED_EDGE('',*,*,#4201,.T.);
#5824=ORIENTED_EDGE('',*,*,#4202,.T.);
#5825=ORIENTED_EDGE('',*,*,#4203,.T.);
#5826=ORIENTED_EDGE('',*,*,#4179,.T.);
#5827=ORIENTED_EDGE('',*,*,#4193,.T.);
#5828=ORIENTED_EDGE('',*,*,#4200,.F.);
#5829=ORIENTED_EDGE('',*,*,#4172,.F.);
#5830=ORIENTED_EDGE('',*,*,#4203,.F.);
#5831=ORIENTED_EDGE('',*,*,#4204,.T.);
#5832=ORIENTED_EDGE('',*,*,#4205,.T.);
#5833=ORIENTED_EDGE('',*,*,#4206,.T.);
#5834=ORIENTED_EDGE('',*,*,#4183,.T.);
#5835=ORIENTED_EDGE('',*,*,#4207,.T.);
#5836=ORIENTED_EDGE('',*,*,#4206,.F.);
#5837=ORIENTED_EDGE('',*,*,#4208,.T.);
#5838=ORIENTED_EDGE('',*,*,#4209,.F.);
#5839=ORIENTED_EDGE('',*,*,#4184,.F.);
#5840=ORIENTED_EDGE('',*,*,#4210,.T.);
#5841=ORIENTED_EDGE('',*,*,#4211,.T.);
#5842=ORIENTED_EDGE('',*,*,#4181,.T.);
#5843=ORIENTED_EDGE('',*,*,#4212,.T.);
#5844=ORIENTED_EDGE('',*,*,#4207,.F.);
#5845=ORIENTED_EDGE('',*,*,#4182,.F.);
#5846=ORIENTED_EDGE('',*,*,#4211,.F.);
#5847=ORIENTED_EDGE('',*,*,#4213,.T.);
#5848=ORIENTED_EDGE('',*,*,#4214,.T.);
#5849=ORIENTED_EDGE('',*,*,#4215,.T.);
#5850=ORIENTED_EDGE('',*,*,#4187,.T.);
#5851=ORIENTED_EDGE('',*,*,#4216,.T.);
#5852=ORIENTED_EDGE('',*,*,#4212,.F.);
#5853=ORIENTED_EDGE('',*,*,#4180,.F.);
#5854=ORIENTED_EDGE('',*,*,#4215,.F.);
#5855=ORIENTED_EDGE('',*,*,#4217,.T.);
#5856=ORIENTED_EDGE('',*,*,#4218,.T.);
#5857=ORIENTED_EDGE('',*,*,#4219,.T.);
#5858=ORIENTED_EDGE('',*,*,#4185,.T.);
#5859=ORIENTED_EDGE('',*,*,#4209,.T.);
#5860=ORIENTED_EDGE('',*,*,#4216,.F.);
#5861=ORIENTED_EDGE('',*,*,#4186,.F.);
#5862=ORIENTED_EDGE('',*,*,#4219,.F.);
#5863=ORIENTED_EDGE('',*,*,#4220,.T.);
#5864=ORIENTED_EDGE('',*,*,#4221,.F.);
#5865=ORIENTED_EDGE('',*,*,#4222,.T.);
#5866=ORIENTED_EDGE('',*,*,#4170,.F.);
#5867=ORIENTED_EDGE('',*,*,#4222,.F.);
#5868=ORIENTED_EDGE('',*,*,#4223,.F.);
#5869=ORIENTED_EDGE('',*,*,#4224,.T.);
#5870=ORIENTED_EDGE('',*,*,#4171,.F.);
#5871=ORIENTED_EDGE('',*,*,#4224,.F.);
#5872=ORIENTED_EDGE('',*,*,#4074,.F.);
#5873=ORIENTED_EDGE('',*,*,#4225,.T.);
#5874=ORIENTED_EDGE('',*,*,#4226,.T.);
#5875=ORIENTED_EDGE('',*,*,#4227,.F.);
#5876=ORIENTED_EDGE('',*,*,#4085,.F.);
#5877=ORIENTED_EDGE('',*,*,#4228,.T.);
#5878=ORIENTED_EDGE('',*,*,#4229,.T.);
#5879=ORIENTED_EDGE('',*,*,#4225,.F.);
#5880=ORIENTED_EDGE('',*,*,#4084,.F.);
#5881=ORIENTED_EDGE('',*,*,#4230,.T.);
#5882=ORIENTED_EDGE('',*,*,#4231,.T.);
#5883=ORIENTED_EDGE('',*,*,#4228,.F.);
#5884=ORIENTED_EDGE('',*,*,#4083,.F.);
#5885=ORIENTED_EDGE('',*,*,#4232,.T.);
#5886=ORIENTED_EDGE('',*,*,#4233,.T.);
#5887=ORIENTED_EDGE('',*,*,#4230,.F.);
#5888=ORIENTED_EDGE('',*,*,#4082,.F.);
#5889=ORIENTED_EDGE('',*,*,#4234,.T.);
#5890=ORIENTED_EDGE('',*,*,#4235,.T.);
#5891=ORIENTED_EDGE('',*,*,#4232,.F.);
#5892=ORIENTED_EDGE('',*,*,#4081,.F.);
#5893=ORIENTED_EDGE('',*,*,#4236,.T.);
#5894=ORIENTED_EDGE('',*,*,#4237,.T.);
#5895=ORIENTED_EDGE('',*,*,#4234,.F.);
#5896=ORIENTED_EDGE('',*,*,#4080,.F.);
#5897=ORIENTED_EDGE('',*,*,#4238,.T.);
#5898=ORIENTED_EDGE('',*,*,#4239,.T.);
#5899=ORIENTED_EDGE('',*,*,#4236,.F.);
#5900=ORIENTED_EDGE('',*,*,#4079,.F.);
#5901=ORIENTED_EDGE('',*,*,#4240,.T.);
#5902=ORIENTED_EDGE('',*,*,#4241,.T.);
#5903=ORIENTED_EDGE('',*,*,#4238,.F.);
#5904=ORIENTED_EDGE('',*,*,#4078,.F.);
#5905=ORIENTED_EDGE('',*,*,#4242,.T.);
#5906=ORIENTED_EDGE('',*,*,#4243,.T.);
#5907=ORIENTED_EDGE('',*,*,#4240,.F.);
#5908=ORIENTED_EDGE('',*,*,#4077,.F.);
#5909=ORIENTED_EDGE('',*,*,#4244,.T.);
#5910=ORIENTED_EDGE('',*,*,#4245,.T.);
#5911=ORIENTED_EDGE('',*,*,#4242,.F.);
#5912=ORIENTED_EDGE('',*,*,#4076,.F.);
#5913=ORIENTED_EDGE('',*,*,#4246,.T.);
#5914=ORIENTED_EDGE('',*,*,#4247,.T.);
#5915=ORIENTED_EDGE('',*,*,#4244,.F.);
#5916=ORIENTED_EDGE('',*,*,#4075,.F.);
#5917=ORIENTED_EDGE('',*,*,#4227,.T.);
#5918=ORIENTED_EDGE('',*,*,#4248,.T.);
#5919=ORIENTED_EDGE('',*,*,#4246,.F.);
#5920=ORIENTED_EDGE('',*,*,#4248,.F.);
#5921=ORIENTED_EDGE('',*,*,#4226,.F.);
#5922=ORIENTED_EDGE('',*,*,#4229,.F.);
#5923=ORIENTED_EDGE('',*,*,#4231,.F.);
#5924=ORIENTED_EDGE('',*,*,#4233,.F.);
#5925=ORIENTED_EDGE('',*,*,#4235,.F.);
#5926=ORIENTED_EDGE('',*,*,#4237,.F.);
#5927=ORIENTED_EDGE('',*,*,#4239,.F.);
#5928=ORIENTED_EDGE('',*,*,#4241,.F.);
#5929=ORIENTED_EDGE('',*,*,#4243,.F.);
#5930=ORIENTED_EDGE('',*,*,#4245,.F.);
#5931=ORIENTED_EDGE('',*,*,#4247,.F.);
#5932=ORIENTED_EDGE('',*,*,#4221,.T.);
#5933=ORIENTED_EDGE('',*,*,#4223,.T.);
#5934=ORIENTED_EDGE('',*,*,#4194,.F.);
#5935=ORIENTED_EDGE('',*,*,#4201,.F.);
#5936=ORIENTED_EDGE('',*,*,#4198,.F.);
#5937=ORIENTED_EDGE('',*,*,#4204,.F.);
#5938=ORIENTED_EDGE('',*,*,#4202,.F.);
#5939=ORIENTED_EDGE('',*,*,#4192,.F.);
#5940=ORIENTED_EDGE('',*,*,#4189,.F.);
#5941=ORIENTED_EDGE('',*,*,#4197,.F.);
#5942=ORIENTED_EDGE('',*,*,#4066,.F.);
#5943=ORIENTED_EDGE('',*,*,#4249,.T.);
#5944=ORIENTED_EDGE('',*,*,#4250,.T.);
#5945=ORIENTED_EDGE('',*,*,#4251,.F.);
#5946=ORIENTED_EDGE('',*,*,#4073,.F.);
#5947=ORIENTED_EDGE('',*,*,#4252,.T.);
#5948=ORIENTED_EDGE('',*,*,#4253,.T.);
#5949=ORIENTED_EDGE('',*,*,#4249,.F.);
#5950=ORIENTED_EDGE('',*,*,#4072,.F.);
#5951=ORIENTED_EDGE('',*,*,#4254,.T.);
#5952=ORIENTED_EDGE('',*,*,#4255,.T.);
#5953=ORIENTED_EDGE('',*,*,#4252,.F.);
#5954=ORIENTED_EDGE('',*,*,#4071,.F.);
#5955=ORIENTED_EDGE('',*,*,#4256,.T.);
#5956=ORIENTED_EDGE('',*,*,#4257,.T.);
#5957=ORIENTED_EDGE('',*,*,#4254,.F.);
#5958=ORIENTED_EDGE('',*,*,#4070,.F.);
#5959=ORIENTED_EDGE('',*,*,#4258,.T.);
#5960=ORIENTED_EDGE('',*,*,#4259,.T.);
#5961=ORIENTED_EDGE('',*,*,#4256,.F.);
#5962=ORIENTED_EDGE('',*,*,#4069,.F.);
#5963=ORIENTED_EDGE('',*,*,#4260,.T.);
#5964=ORIENTED_EDGE('',*,*,#4261,.T.);
#5965=ORIENTED_EDGE('',*,*,#4258,.F.);
#5966=ORIENTED_EDGE('',*,*,#4068,.F.);
#5967=ORIENTED_EDGE('',*,*,#4262,.T.);
#5968=ORIENTED_EDGE('',*,*,#4263,.T.);
#5969=ORIENTED_EDGE('',*,*,#4260,.F.);
#5970=ORIENTED_EDGE('',*,*,#4067,.F.);
#5971=ORIENTED_EDGE('',*,*,#4251,.T.);
#5972=ORIENTED_EDGE('',*,*,#4264,.T.);
#5973=ORIENTED_EDGE('',*,*,#4262,.F.);
#5974=ORIENTED_EDGE('',*,*,#4264,.F.);
#5975=ORIENTED_EDGE('',*,*,#4250,.F.);
#5976=ORIENTED_EDGE('',*,*,#4253,.F.);
#5977=ORIENTED_EDGE('',*,*,#4255,.F.);
#5978=ORIENTED_EDGE('',*,*,#4257,.F.);
#5979=ORIENTED_EDGE('',*,*,#4259,.F.);
#5980=ORIENTED_EDGE('',*,*,#4261,.F.);
#5981=ORIENTED_EDGE('',*,*,#4263,.F.);
#5982=ORIENTED_EDGE('',*,*,#4205,.F.);
#5983=ORIENTED_EDGE('',*,*,#4213,.F.);
#5984=ORIENTED_EDGE('',*,*,#4210,.F.);
#5985=ORIENTED_EDGE('',*,*,#4217,.F.);
#5986=ORIENTED_EDGE('',*,*,#4214,.F.);
#5987=ORIENTED_EDGE('',*,*,#4220,.F.);
#5988=ORIENTED_EDGE('',*,*,#4218,.F.);
#5989=ORIENTED_EDGE('',*,*,#4208,.F.);
#5990=ORIENTED_EDGE('',*,*,#4065,.F.);
#5991=ORIENTED_EDGE('',*,*,#4265,.T.);
#5992=ORIENTED_EDGE('',*,*,#4266,.T.);
#5993=ORIENTED_EDGE('',*,*,#4265,.F.);
#5994=ORIENTED_EDGE('',*,*,#4266,.F.);
#5995=ORIENTED_EDGE('',*,*,#4267,.F.);
#5996=ORIENTED_EDGE('',*,*,#4267,.T.);
#5997=ORIENTED_EDGE('',*,*,#4268,.T.);
#5998=ORIENTED_EDGE('',*,*,#4188,.F.);
#5999=ORIENTED_EDGE('',*,*,#4268,.F.);
#6000=ORIENTED_EDGE('',*,*,#3972,.T.);
#6001=ORIENTED_EDGE('',*,*,#4269,.T.);
#6002=ORIENTED_EDGE('',*,*,#4270,.F.);
#6003=ORIENTED_EDGE('',*,*,#4269,.F.);
#6004=ORIENTED_EDGE('',*,*,#3979,.T.);
#6005=ORIENTED_EDGE('',*,*,#4271,.T.);
#6006=ORIENTED_EDGE('',*,*,#4272,.F.);
#6007=ORIENTED_EDGE('',*,*,#4271,.F.);
#6008=ORIENTED_EDGE('',*,*,#3986,.T.);
#6009=ORIENTED_EDGE('',*,*,#4273,.T.);
#6010=ORIENTED_EDGE('',*,*,#4274,.F.);
#6011=ORIENTED_EDGE('',*,*,#4273,.F.);
#6012=ORIENTED_EDGE('',*,*,#3993,.T.);
#6013=ORIENTED_EDGE('',*,*,#4275,.T.);
#6014=ORIENTED_EDGE('',*,*,#4276,.F.);
#6015=ORIENTED_EDGE('',*,*,#4275,.F.);
#6016=ORIENTED_EDGE('',*,*,#4000,.T.);
#6017=ORIENTED_EDGE('',*,*,#4277,.T.);
#6018=ORIENTED_EDGE('',*,*,#4278,.F.);
#6019=ORIENTED_EDGE('',*,*,#4277,.F.);
#6020=ORIENTED_EDGE('',*,*,#4007,.T.);
#6021=ORIENTED_EDGE('',*,*,#4279,.T.);
#6022=ORIENTED_EDGE('',*,*,#4280,.F.);
#6023=ORIENTED_EDGE('',*,*,#4279,.F.);
#6024=ORIENTED_EDGE('',*,*,#4021,.T.);
#6025=ORIENTED_EDGE('',*,*,#4281,.T.);
#6026=ORIENTED_EDGE('',*,*,#4282,.F.);
#6027=ORIENTED_EDGE('',*,*,#4281,.F.);
#6028=ORIENTED_EDGE('',*,*,#4014,.T.);
#6029=ORIENTED_EDGE('',*,*,#4283,.T.);
#6030=ORIENTED_EDGE('',*,*,#4284,.F.);
#6031=ORIENTED_EDGE('',*,*,#4283,.F.);
#6032=ORIENTED_EDGE('',*,*,#3958,.T.);
#6033=ORIENTED_EDGE('',*,*,#4285,.T.);
#6034=ORIENTED_EDGE('',*,*,#4286,.F.);
#6035=ORIENTED_EDGE('',*,*,#4285,.F.);
#6036=ORIENTED_EDGE('',*,*,#3965,.T.);
#6037=ORIENTED_EDGE('',*,*,#4287,.T.);
#6038=ORIENTED_EDGE('',*,*,#4288,.F.);
#6039=ORIENTED_EDGE('',*,*,#4287,.F.);
#6040=ORIENTED_EDGE('',*,*,#4141,.T.);
#6041=ORIENTED_EDGE('',*,*,#4169,.T.);
#6042=ORIENTED_EDGE('',*,*,#4289,.T.);
#6043=ORIENTED_EDGE('',*,*,#3848,.T.);
#6044=ORIENTED_EDGE('',*,*,#3851,.T.);
#6045=ORIENTED_EDGE('',*,*,#3854,.T.);
#6046=ORIENTED_EDGE('',*,*,#4135,.T.);
#6047=ORIENTED_EDGE('',*,*,#4145,.F.);
#6048=ORIENTED_EDGE('',*,*,#4290,.F.);
#6049=ORIENTED_EDGE('',*,*,#4291,.F.);
#6050=ORIENTED_EDGE('',*,*,#4292,.F.);
#6051=ORIENTED_EDGE('',*,*,#4293,.F.);
#6052=ORIENTED_EDGE('',*,*,#4136,.T.);
#6053=ORIENTED_EDGE('',*,*,#4293,.T.);
#6054=ORIENTED_EDGE('',*,*,#4294,.F.);
#6055=ORIENTED_EDGE('',*,*,#3909,.F.);
#6056=ORIENTED_EDGE('',*,*,#3912,.T.);
#6057=ORIENTED_EDGE('',*,*,#3915,.F.);
#6058=ORIENTED_EDGE('',*,*,#4295,.F.);
#6059=ORIENTED_EDGE('',*,*,#4146,.T.);
#6060=ORIENTED_EDGE('',*,*,#4295,.T.);
#6061=ORIENTED_EDGE('',*,*,#3914,.T.);
#6062=ORIENTED_EDGE('',*,*,#3917,.T.);
#6063=ORIENTED_EDGE('',*,*,#3920,.T.);
#6064=ORIENTED_EDGE('',*,*,#4296,.T.);
#6065=ORIENTED_EDGE('',*,*,#4147,.T.);
#6066=ORIENTED_EDGE('',*,*,#4297,.F.);
#6067=ORIENTED_EDGE('',*,*,#4148,.T.);
#6068=ORIENTED_EDGE('',*,*,#4296,.F.);
#6069=ORIENTED_EDGE('',*,*,#3919,.F.);
#6070=ORIENTED_EDGE('',*,*,#3922,.T.);
#6071=ORIENTED_EDGE('',*,*,#3925,.F.);
#6072=ORIENTED_EDGE('',*,*,#4297,.T.);
#6073=ORIENTED_EDGE('',*,*,#3924,.T.);
#6074=ORIENTED_EDGE('',*,*,#3927,.T.);
#6075=ORIENTED_EDGE('',*,*,#3930,.T.);
#6076=ORIENTED_EDGE('',*,*,#4298,.T.);
#6077=ORIENTED_EDGE('',*,*,#4149,.T.);
#6078=ORIENTED_EDGE('',*,*,#4299,.F.);
#6079=ORIENTED_EDGE('',*,*,#4156,.T.);
#6080=ORIENTED_EDGE('',*,*,#4300,.F.);
#6081=ORIENTED_EDGE('',*,*,#3952,.F.);
#6082=ORIENTED_EDGE('',*,*,#3797,.T.);
#6083=ORIENTED_EDGE('',*,*,#3801,.F.);
#6084=ORIENTED_EDGE('',*,*,#4300,.T.);
#6085=ORIENTED_EDGE('',*,*,#4155,.T.);
#6086=ORIENTED_EDGE('',*,*,#4301,.T.);
#6087=ORIENTED_EDGE('',*,*,#3948,.T.);
#6088=ORIENTED_EDGE('',*,*,#3951,.T.);
#6089=ORIENTED_EDGE('',*,*,#3953,.T.);
#6090=ORIENTED_EDGE('',*,*,#4299,.T.);
#6091=ORIENTED_EDGE('',*,*,#3800,.T.);
#6092=ORIENTED_EDGE('',*,*,#3803,.T.);
#6093=ORIENTED_EDGE('',*,*,#4302,.T.);
#6094=ORIENTED_EDGE('',*,*,#4157,.T.);
#6095=ORIENTED_EDGE('',*,*,#4303,.F.);
#6096=ORIENTED_EDGE('',*,*,#4164,.T.);
#6097=ORIENTED_EDGE('',*,*,#4304,.F.);
#6098=ORIENTED_EDGE('',*,*,#3829,.F.);
#6099=ORIENTED_EDGE('',*,*,#3832,.T.);
#6100=ORIENTED_EDGE('',*,*,#3835,.F.);
#6101=ORIENTED_EDGE('',*,*,#4304,.T.);
#6102=ORIENTED_EDGE('',*,*,#4163,.T.);
#6103=ORIENTED_EDGE('',*,*,#4305,.T.);
#6104=ORIENTED_EDGE('',*,*,#3824,.T.);
#6105=ORIENTED_EDGE('',*,*,#3827,.T.);
#6106=ORIENTED_EDGE('',*,*,#3830,.T.);
#6107=ORIENTED_EDGE('',*,*,#4289,.F.);
#6108=ORIENTED_EDGE('',*,*,#4168,.T.);
#6109=ORIENTED_EDGE('',*,*,#4306,.F.);
#6110=ORIENTED_EDGE('',*,*,#3843,.F.);
#6111=ORIENTED_EDGE('',*,*,#3846,.T.);
#6112=ORIENTED_EDGE('',*,*,#3849,.F.);
#6113=ORIENTED_EDGE('',*,*,#4307,.F.);
#6114=ORIENTED_EDGE('',*,*,#4160,.T.);
#6115=ORIENTED_EDGE('',*,*,#4308,.F.);
#6116=ORIENTED_EDGE('',*,*,#3809,.F.);
#6117=ORIENTED_EDGE('',*,*,#3812,.T.);
#6118=ORIENTED_EDGE('',*,*,#3815,.F.);
#6119=ORIENTED_EDGE('',*,*,#4308,.T.);
#6120=ORIENTED_EDGE('',*,*,#4159,.T.);
#6121=ORIENTED_EDGE('',*,*,#4309,.F.);
#6122=ORIENTED_EDGE('',*,*,#3807,.T.);
#6123=ORIENTED_EDGE('',*,*,#3810,.T.);
#6124=ORIENTED_EDGE('',*,*,#4305,.F.);
#6125=ORIENTED_EDGE('',*,*,#4162,.T.);
#6126=ORIENTED_EDGE('',*,*,#4310,.F.);
#6127=ORIENTED_EDGE('',*,*,#3819,.F.);
#6128=ORIENTED_EDGE('',*,*,#3822,.T.);
#6129=ORIENTED_EDGE('',*,*,#3825,.F.);
#6130=ORIENTED_EDGE('',*,*,#4301,.F.);
#6131=ORIENTED_EDGE('',*,*,#4154,.T.);
#6132=ORIENTED_EDGE('',*,*,#4311,.F.);
#6133=ORIENTED_EDGE('',*,*,#3943,.F.);
#6134=ORIENTED_EDGE('',*,*,#3946,.T.);
#6135=ORIENTED_EDGE('',*,*,#3949,.F.);
#6136=ORIENTED_EDGE('',*,*,#4312,.F.);
#6137=ORIENTED_EDGE('',*,*,#4150,.T.);
#6138=ORIENTED_EDGE('',*,*,#4298,.F.);
#6139=ORIENTED_EDGE('',*,*,#3929,.F.);
#6140=ORIENTED_EDGE('',*,*,#3932,.T.);
#6141=ORIENTED_EDGE('',*,*,#3935,.F.);
#6142=ORIENTED_EDGE('',*,*,#4312,.T.);
#6143=ORIENTED_EDGE('',*,*,#3934,.T.);
#6144=ORIENTED_EDGE('',*,*,#3937,.T.);
#6145=ORIENTED_EDGE('',*,*,#4313,.T.);
#6146=ORIENTED_EDGE('',*,*,#4151,.T.);
#6147=ORIENTED_EDGE('',*,*,#3658,.F.);
#6148=ORIENTED_EDGE('',*,*,#4314,.F.);
#6149=ORIENTED_EDGE('',*,*,#4142,.F.);
#6150=ORIENTED_EDGE('',*,*,#3852,.F.);
#6151=ORIENTED_EDGE('',*,*,#3661,.F.);
#6152=ORIENTED_EDGE('',*,*,#4315,.T.);
#6153=ORIENTED_EDGE('',*,*,#4316,.F.);
#6154=ORIENTED_EDGE('',*,*,#4143,.T.);
#6155=ORIENTED_EDGE('',*,*,#4314,.T.);
#6156=ORIENTED_EDGE('',*,*,#4311,.T.);
#6157=ORIENTED_EDGE('',*,*,#4153,.T.);
#6158=ORIENTED_EDGE('',*,*,#4317,.F.);
#6159=ORIENTED_EDGE('',*,*,#3941,.T.);
#6160=ORIENTED_EDGE('',*,*,#3944,.T.);
#6161=ORIENTED_EDGE('',*,*,#4318,.T.);
#6162=ORIENTED_EDGE('',*,*,#4057,.T.);
#6163=ORIENTED_EDGE('',*,*,#4319,.T.);
#6164=ORIENTED_EDGE('',*,*,#4320,.T.);
#6165=ORIENTED_EDGE('',*,*,#4318,.F.);
#6166=ORIENTED_EDGE('',*,*,#4321,.T.);
#6167=ORIENTED_EDGE('',*,*,#4322,.T.);
#6168=ORIENTED_EDGE('',*,*,#4058,.T.);
#6169=ORIENTED_EDGE('',*,*,#4323,.T.);
#6170=ORIENTED_EDGE('',*,*,#4059,.T.);
#6171=ORIENTED_EDGE('',*,*,#4322,.F.);
#6172=ORIENTED_EDGE('',*,*,#4324,.T.);
#6173=ORIENTED_EDGE('',*,*,#4323,.F.);
#6174=ORIENTED_EDGE('',*,*,#4325,.T.);
#6175=ORIENTED_EDGE('',*,*,#4326,.T.);
#6176=ORIENTED_EDGE('',*,*,#4060,.T.);
#6177=ORIENTED_EDGE('',*,*,#4327,.T.);
#6178=ORIENTED_EDGE('',*,*,#4061,.T.);
#6179=ORIENTED_EDGE('',*,*,#4326,.F.);
#6180=ORIENTED_EDGE('',*,*,#4328,.T.);
#6181=ORIENTED_EDGE('',*,*,#4327,.F.);
#6182=ORIENTED_EDGE('',*,*,#4329,.T.);
#6183=ORIENTED_EDGE('',*,*,#4330,.T.);
#6184=ORIENTED_EDGE('',*,*,#4062,.T.);
#6185=ORIENTED_EDGE('',*,*,#4331,.T.);
#6186=ORIENTED_EDGE('',*,*,#4063,.T.);
#6187=ORIENTED_EDGE('',*,*,#4330,.F.);
#6188=ORIENTED_EDGE('',*,*,#4332,.T.);
#6189=ORIENTED_EDGE('',*,*,#4331,.F.);
#6190=ORIENTED_EDGE('',*,*,#4333,.T.);
#6191=ORIENTED_EDGE('',*,*,#4319,.F.);
#6192=ORIENTED_EDGE('',*,*,#4064,.T.);
#6193=ORIENTED_EDGE('',*,*,#4325,.F.);
#6194=ORIENTED_EDGE('',*,*,#4334,.T.);
#6195=ORIENTED_EDGE('',*,*,#4335,.T.);
#6196=ORIENTED_EDGE('',*,*,#4336,.T.);
#6197=ORIENTED_EDGE('',*,*,#4324,.F.);
#6198=ORIENTED_EDGE('',*,*,#4337,.F.);
#6199=ORIENTED_EDGE('',*,*,#4338,.F.);
#6200=ORIENTED_EDGE('',*,*,#4334,.F.);
#6201=ORIENTED_EDGE('',*,*,#4321,.F.);
#6202=ORIENTED_EDGE('',*,*,#4339,.T.);
#6203=ORIENTED_EDGE('',*,*,#4340,.T.);
#6204=ORIENTED_EDGE('',*,*,#4337,.T.);
#6205=ORIENTED_EDGE('',*,*,#4320,.F.);
#6206=ORIENTED_EDGE('',*,*,#4341,.F.);
#6207=ORIENTED_EDGE('',*,*,#4342,.F.);
#6208=ORIENTED_EDGE('',*,*,#4339,.F.);
#6209=ORIENTED_EDGE('',*,*,#4309,.T.);
#6210=ORIENTED_EDGE('',*,*,#4158,.T.);
#6211=ORIENTED_EDGE('',*,*,#4302,.F.);
#6212=ORIENTED_EDGE('',*,*,#3805,.T.);
#6213=ORIENTED_EDGE('',*,*,#4307,.T.);
#6214=ORIENTED_EDGE('',*,*,#3814,.T.);
#6215=ORIENTED_EDGE('',*,*,#3817,.T.);
#6216=ORIENTED_EDGE('',*,*,#3820,.T.);
#6217=ORIENTED_EDGE('',*,*,#4310,.T.);
#6218=ORIENTED_EDGE('',*,*,#4161,.T.);
#6219=ORIENTED_EDGE('',*,*,#4303,.T.);
#6220=ORIENTED_EDGE('',*,*,#3834,.T.);
#6221=ORIENTED_EDGE('',*,*,#3837,.T.);
#6222=ORIENTED_EDGE('',*,*,#4343,.T.);
#6223=ORIENTED_EDGE('',*,*,#4165,.T.);
#6224=ORIENTED_EDGE('',*,*,#4344,.T.);
#6225=ORIENTED_EDGE('',*,*,#4166,.T.);
#6226=ORIENTED_EDGE('',*,*,#4343,.F.);
#6227=ORIENTED_EDGE('',*,*,#3839,.T.);
#6228=ORIENTED_EDGE('',*,*,#4306,.T.);
#6229=ORIENTED_EDGE('',*,*,#4167,.T.);
#6230=ORIENTED_EDGE('',*,*,#4344,.F.);
#6231=ORIENTED_EDGE('',*,*,#3841,.T.);
#6232=ORIENTED_EDGE('',*,*,#3844,.T.);
#6233=ORIENTED_EDGE('',*,*,#4144,.T.);
#6234=ORIENTED_EDGE('',*,*,#4316,.T.);
#6235=ORIENTED_EDGE('',*,*,#4345,.T.);
#6236=ORIENTED_EDGE('',*,*,#4346,.T.);
#6237=ORIENTED_EDGE('',*,*,#4290,.T.);
#6238=ORIENTED_EDGE('',*,*,#4347,.T.);
#6239=ORIENTED_EDGE('',*,*,#4291,.T.);
#6240=ORIENTED_EDGE('',*,*,#4346,.F.);
#6241=ORIENTED_EDGE('',*,*,#3904,.T.);
#6242=ORIENTED_EDGE('',*,*,#4294,.T.);
#6243=ORIENTED_EDGE('',*,*,#4292,.T.);
#6244=ORIENTED_EDGE('',*,*,#4347,.F.);
#6245=ORIENTED_EDGE('',*,*,#3907,.T.);
#6246=ORIENTED_EDGE('',*,*,#3910,.T.);
#6247=ORIENTED_EDGE('',*,*,#4317,.T.);
#6248=ORIENTED_EDGE('',*,*,#4152,.T.);
#6249=ORIENTED_EDGE('',*,*,#4313,.F.);
#6250=ORIENTED_EDGE('',*,*,#3939,.T.);
#6251=ORIENTED_EDGE('',*,*,#3664,.F.);
#6252=ORIENTED_EDGE('',*,*,#3905,.F.);
#6253=ORIENTED_EDGE('',*,*,#4345,.F.);
#6254=ORIENTED_EDGE('',*,*,#4315,.F.);
#6255=ORIENTED_EDGE('',*,*,#4329,.F.);
#6256=ORIENTED_EDGE('',*,*,#4348,.T.);
#6257=ORIENTED_EDGE('',*,*,#4349,.T.);
#6258=ORIENTED_EDGE('',*,*,#4350,.T.);
#6259=ORIENTED_EDGE('',*,*,#4349,.F.);
#6260=ORIENTED_EDGE('',*,*,#4351,.T.);
#6261=ORIENTED_EDGE('',*,*,#4335,.F.);
#6262=ORIENTED_EDGE('',*,*,#4338,.T.);
#6263=ORIENTED_EDGE('',*,*,#4340,.F.);
#6264=ORIENTED_EDGE('',*,*,#4342,.T.);
#6265=ORIENTED_EDGE('',*,*,#4352,.F.);
#6266=ORIENTED_EDGE('',*,*,#4353,.T.);
#6267=ORIENTED_EDGE('',*,*,#3612,.T.);
#6268=ORIENTED_EDGE('',*,*,#3614,.T.);
#6269=ORIENTED_EDGE('',*,*,#3616,.T.);
#6270=ORIENTED_EDGE('',*,*,#3618,.T.);
#6271=ORIENTED_EDGE('',*,*,#3620,.T.);
#6272=ORIENTED_EDGE('',*,*,#3622,.T.);
#6273=ORIENTED_EDGE('',*,*,#3624,.T.);
#6274=ORIENTED_EDGE('',*,*,#3626,.T.);
#6275=ORIENTED_EDGE('',*,*,#3628,.T.);
#6276=ORIENTED_EDGE('',*,*,#3630,.T.);
#6277=ORIENTED_EDGE('',*,*,#3632,.T.);
#6278=ORIENTED_EDGE('',*,*,#3634,.T.);
#6279=ORIENTED_EDGE('',*,*,#3636,.T.);
#6280=ORIENTED_EDGE('',*,*,#3638,.T.);
#6281=ORIENTED_EDGE('',*,*,#3640,.T.);
#6282=ORIENTED_EDGE('',*,*,#3642,.T.);
#6283=ORIENTED_EDGE('',*,*,#3644,.T.);
#6284=ORIENTED_EDGE('',*,*,#3646,.T.);
#6285=ORIENTED_EDGE('',*,*,#3648,.T.);
#6286=ORIENTED_EDGE('',*,*,#3650,.T.);
#6287=ORIENTED_EDGE('',*,*,#3651,.T.);
#6288=ORIENTED_EDGE('',*,*,#3509,.T.);
#6289=ORIENTED_EDGE('',*,*,#3512,.T.);
#6290=ORIENTED_EDGE('',*,*,#3514,.T.);
#6291=ORIENTED_EDGE('',*,*,#3516,.T.);
#6292=ORIENTED_EDGE('',*,*,#3518,.T.);
#6293=ORIENTED_EDGE('',*,*,#3520,.T.);
#6294=ORIENTED_EDGE('',*,*,#3522,.T.);
#6295=ORIENTED_EDGE('',*,*,#3524,.T.);
#6296=ORIENTED_EDGE('',*,*,#3526,.T.);
#6297=ORIENTED_EDGE('',*,*,#3528,.T.);
#6298=ORIENTED_EDGE('',*,*,#3530,.T.);
#6299=ORIENTED_EDGE('',*,*,#3532,.T.);
#6300=ORIENTED_EDGE('',*,*,#3534,.T.);
#6301=ORIENTED_EDGE('',*,*,#3536,.T.);
#6302=ORIENTED_EDGE('',*,*,#3538,.T.);
#6303=ORIENTED_EDGE('',*,*,#3540,.T.);
#6304=ORIENTED_EDGE('',*,*,#3542,.T.);
#6305=ORIENTED_EDGE('',*,*,#3544,.T.);
#6306=ORIENTED_EDGE('',*,*,#3546,.T.);
#6307=ORIENTED_EDGE('',*,*,#3548,.T.);
#6308=ORIENTED_EDGE('',*,*,#3550,.T.);
#6309=ORIENTED_EDGE('',*,*,#3552,.T.);
#6310=ORIENTED_EDGE('',*,*,#3554,.T.);
#6311=ORIENTED_EDGE('',*,*,#3556,.T.);
#6312=ORIENTED_EDGE('',*,*,#3606,.T.);
#6313=ORIENTED_EDGE('',*,*,#3608,.T.);
#6314=ORIENTED_EDGE('',*,*,#3610,.T.);
#6315=ORIENTED_EDGE('',*,*,#4270,.T.);
#6316=ORIENTED_EDGE('',*,*,#4272,.T.);
#6317=ORIENTED_EDGE('',*,*,#4274,.T.);
#6318=ORIENTED_EDGE('',*,*,#4276,.T.);
#6319=ORIENTED_EDGE('',*,*,#4278,.T.);
#6320=ORIENTED_EDGE('',*,*,#4280,.T.);
#6321=ORIENTED_EDGE('',*,*,#4282,.T.);
#6322=ORIENTED_EDGE('',*,*,#4284,.T.);
#6323=ORIENTED_EDGE('',*,*,#4286,.T.);
#6324=ORIENTED_EDGE('',*,*,#4288,.T.);
#6325=ORIENTED_EDGE('',*,*,#4328,.F.);
#6326=ORIENTED_EDGE('',*,*,#4336,.F.);
#6327=ORIENTED_EDGE('',*,*,#4351,.F.);
#6328=ORIENTED_EDGE('',*,*,#4348,.F.);
#6329=ORIENTED_EDGE('',*,*,#4333,.F.);
#6330=ORIENTED_EDGE('',*,*,#4354,.T.);
#6331=ORIENTED_EDGE('',*,*,#4352,.T.);
#6332=ORIENTED_EDGE('',*,*,#4341,.T.);
#6333=ORIENTED_EDGE('',*,*,#4332,.F.);
#6334=ORIENTED_EDGE('',*,*,#4350,.F.);
#6335=ORIENTED_EDGE('',*,*,#4353,.F.);
#6336=ORIENTED_EDGE('',*,*,#4354,.F.);
#6337=CONICAL_SURFACE('',#6831,4.3,0.785398163397451);
#6338=CONICAL_SURFACE('',#6834,6.7,0.785398163397448);
#6339=CONICAL_SURFACE('',#6837,4.3,0.785398163397452);
#6340=CONICAL_SURFACE('',#6841,4.3,0.785398163397451);
#6341=CONICAL_SURFACE('',#6844,6.69999999999999,0.785398163397444);
#6342=CONICAL_SURFACE('',#6847,4.3,0.785398163397449);
#6343=CONICAL_SURFACE('',#6851,4.3,0.785398163397449);
#6344=CONICAL_SURFACE('',#6855,4.3,0.785398163397449);
#6345=CONICAL_SURFACE('',#6858,6.7,0.785398163397449);
#6346=CONICAL_SURFACE('',#6861,4.3,0.78539816339745);
#6347=CONICAL_SURFACE('',#6865,4.3,0.785398163397452);
#6348=CONICAL_SURFACE('',#6868,6.69999999999999,0.78539816339744);
#6349=CONICAL_SURFACE('',#6871,4.3,0.785398163397452);
#6350=CONICAL_SURFACE('',#6875,4.3,0.785398163397449);
#6351=CONICAL_SURFACE('',#6879,4.3,0.785398163397449);
#6352=CONICAL_SURFACE('',#6882,6.7,0.785398163397448);
#6353=CONICAL_SURFACE('',#6885,4.3,0.785398163397452);
#6354=CONICAL_SURFACE('',#6889,4.3,0.785398163397451);
#6355=CONICAL_SURFACE('',#6892,6.7,0.785398163397448);
#6356=CONICAL_SURFACE('',#6895,4.3,0.785398163397451);
#6357=CONICAL_SURFACE('',#6899,4.3,0.785398163397452);
#6358=CONICAL_SURFACE('',#6902,6.7,0.785398163397448);
#6359=CONICAL_SURFACE('',#6905,4.3,0.78539816339745);
#6360=CONICAL_SURFACE('',#6909,4.3,0.785398163397449);
#6361=CONICAL_SURFACE('',#6913,4.3,0.785398163397449);
#6362=CONICAL_SURFACE('',#6916,6.70000000000001,0.785398163397457);
#6363=CONICAL_SURFACE('',#6919,4.3,0.78539816339745);
#6364=CONICAL_SURFACE('',#6923,4.3,0.785398163397448);
#6365=CONICAL_SURFACE('',#6926,6.70000000000001,0.785398163397457);
#6366=CONICAL_SURFACE('',#6929,4.3,0.785398163397447);
#6367=CONICAL_SURFACE('',#6933,4.3,0.785398163397449);
#6368=CONICAL_SURFACE('',#6937,4.3,0.785398163397448);
#6369=CONICAL_SURFACE('',#6940,6.7,0.785398163397448);
#6370=CONICAL_SURFACE('',#6943,4.3,0.785398163397451);
#6371=CONICAL_SURFACE('',#7353,3.5,0.785398163397448);
#6372=CONICAL_SURFACE('',#7361,3.5,0.785398163397448);
#6373=CONICAL_SURFACE('',#7369,3.5,0.78539816339745);
#6374=CONICAL_SURFACE('',#7377,3.5,0.785398163397448);
#6375=CONICAL_SURFACE('',#7385,3.5,0.785398163397448);
#6376=CONICAL_SURFACE('',#7393,3.5,0.785398163397448);
#6377=CONICAL_SURFACE('',#7401,3.5,0.785398163397448);
#6378=CONICAL_SURFACE('',#7409,3.5,0.78539816339745);
#6379=CONICAL_SURFACE('',#7417,3.5,0.785398163397448);
#6380=CONICAL_SURFACE('',#7425,3.5,0.785398163397448);
#6381=CONICAL_SURFACE('',#7433,17.654934355369,0.961552525734518);
#6382=CONICAL_SURFACE('',#7437,17.654934355369,0.961552525734518);
#6383=CONICAL_SURFACE('',#7441,17.654934355369,0.961552525734518);
#6384=CONICAL_SURFACE('',#7445,17.654934355369,0.961552525734518);
#6385=CONICAL_SURFACE('',#7450,17.,0.352308724674142);
#6386=CONICAL_SURFACE('',#7453,17.,0.352308724674142);
#6387=CONICAL_SURFACE('',#7471,4.18739914905663,0.96155252573452);
#6388=CONICAL_SURFACE('',#7474,4.18739914905664,0.961552525734517);
#6389=CONICAL_SURFACE('',#7477,4.18739914905662,0.961552525734521);
#6390=CONICAL_SURFACE('',#7481,4.18739914905663,0.961552525734519);
#6391=CONICAL_SURFACE('',#7486,17.,0.352308724674142);
#6392=CONICAL_SURFACE('',#7505,17.,0.352308724674142);
#6393=CONICAL_SURFACE('',#7645,11.5,0.785398163397447);
#6394=CONICAL_SURFACE('',#7648,11.5,0.785398163397446);
#6395=CONICAL_SURFACE('',#7651,11.5,0.785398163397447);
#6396=CONICAL_SURFACE('',#7654,11.5,0.785398163397447);
#6397=CONICAL_SURFACE('',#7662,4.,0.785398163397447);
#6398=CONICAL_SURFACE('',#7665,4.,0.785398163397447);
#6399=CONICAL_SURFACE('',#7668,4.,0.785398163397447);
#6400=CONICAL_SURFACE('',#7670,4.,0.785398163397447);
#6401=ADVANCED_FACE('',(#472),#6337,.T.);
#6402=ADVANCED_FACE('',(#473),#6338,.F.);
#6403=ADVANCED_FACE('',(#474),#6339,.T.);
#6404=ADVANCED_FACE('',(#475),#340,.T.);
#6405=ADVANCED_FACE('',(#476),#6340,.T.);
#6406=ADVANCED_FACE('',(#477),#6341,.F.);
#6407=ADVANCED_FACE('',(#478),#6342,.T.);
#6408=ADVANCED_FACE('',(#479),#341,.T.);
#6409=ADVANCED_FACE('',(#480),#6343,.T.);
#6410=ADVANCED_FACE('',(#481),#342,.T.);
#6411=ADVANCED_FACE('',(#482),#6344,.T.);
#6412=ADVANCED_FACE('',(#483),#6345,.F.);
#6413=ADVANCED_FACE('',(#484),#6346,.T.);
#6414=ADVANCED_FACE('',(#485),#343,.T.);
#6415=ADVANCED_FACE('',(#486),#6347,.T.);
#6416=ADVANCED_FACE('',(#487),#6348,.F.);
#6417=ADVANCED_FACE('',(#488),#6349,.T.);
#6418=ADVANCED_FACE('',(#489),#344,.T.);
#6419=ADVANCED_FACE('',(#490),#6350,.T.);
#6420=ADVANCED_FACE('',(#491),#345,.T.);
#6421=ADVANCED_FACE('',(#492),#6351,.T.);
#6422=ADVANCED_FACE('',(#493),#6352,.F.);
#6423=ADVANCED_FACE('',(#494),#6353,.T.);
#6424=ADVANCED_FACE('',(#495),#346,.T.);
#6425=ADVANCED_FACE('',(#496),#6354,.T.);
#6426=ADVANCED_FACE('',(#497),#6355,.F.);
#6427=ADVANCED_FACE('',(#498),#6356,.T.);
#6428=ADVANCED_FACE('',(#499),#347,.T.);
#6429=ADVANCED_FACE('',(#500),#6357,.T.);
#6430=ADVANCED_FACE('',(#501),#6358,.F.);
#6431=ADVANCED_FACE('',(#502),#6359,.T.);
#6432=ADVANCED_FACE('',(#503),#348,.T.);
#6433=ADVANCED_FACE('',(#504),#6360,.T.);
#6434=ADVANCED_FACE('',(#505),#349,.T.);
#6435=ADVANCED_FACE('',(#506),#6361,.T.);
#6436=ADVANCED_FACE('',(#507),#6362,.F.);
#6437=ADVANCED_FACE('',(#508),#6363,.T.);
#6438=ADVANCED_FACE('',(#509),#350,.T.);
#6439=ADVANCED_FACE('',(#510),#6364,.T.);
#6440=ADVANCED_FACE('',(#511),#6365,.F.);
#6441=ADVANCED_FACE('',(#512),#6366,.T.);
#6442=ADVANCED_FACE('',(#513),#351,.T.);
#6443=ADVANCED_FACE('',(#514),#6367,.T.);
#6444=ADVANCED_FACE('',(#515),#352,.T.);
#6445=ADVANCED_FACE('',(#516),#6368,.T.);
#6446=ADVANCED_FACE('',(#517),#6369,.F.);
#6447=ADVANCED_FACE('',(#518),#6370,.T.);
#6448=ADVANCED_FACE('',(#519),#353,.T.);
#6449=ADVANCED_FACE('',(#520),#354,.F.);
#6450=ADVANCED_FACE('',(#521),#174,.T.);
#6451=ADVANCED_FACE('',(#522),#175,.F.);
#6452=ADVANCED_FACE('',(#523),#176,.T.);
#6453=ADVANCED_FACE('',(#524),#355,.F.);
#6454=ADVANCED_FACE('',(#525),#177,.T.);
#6455=ADVANCED_FACE('',(#526),#356,.F.);
#6456=ADVANCED_FACE('',(#527),#178,.T.);
#6457=ADVANCED_FACE('',(#528),#179,.F.);
#6458=ADVANCED_FACE('',(#529),#180,.T.);
#6459=ADVANCED_FACE('',(#530),#357,.F.);
#6460=ADVANCED_FACE('',(#531),#181,.T.);
#6461=ADVANCED_FACE('',(#532),#182,.F.);
#6462=ADVANCED_FACE('',(#533),#183,.T.);
#6463=ADVANCED_FACE('',(#534),#358,.F.);
#6464=ADVANCED_FACE('',(#535),#184,.T.);
#6465=ADVANCED_FACE('',(#536),#359,.F.);
#6466=ADVANCED_FACE('',(#537),#185,.T.);
#6467=ADVANCED_FACE('',(#538),#186,.F.);
#6468=ADVANCED_FACE('',(#539),#187,.T.);
#6469=ADVANCED_FACE('',(#540),#360,.F.);
#6470=ADVANCED_FACE('',(#541),#188,.T.);
#6471=ADVANCED_FACE('',(#542),#189,.F.);
#6472=ADVANCED_FACE('',(#543),#190,.T.);
#6473=ADVANCED_FACE('',(#544,#126),#361,.T.);
#6474=ADVANCED_FACE('',(#545),#362,.F.);
#6475=ADVANCED_FACE('',(#546),#191,.T.);
#6476=ADVANCED_FACE('',(#547),#192,.F.);
#6477=ADVANCED_FACE('',(#548),#193,.T.);
#6478=ADVANCED_FACE('',(#549),#363,.F.);
#6479=ADVANCED_FACE('',(#550),#194,.T.);
#6480=ADVANCED_FACE('',(#551),#364,.F.);
#6481=ADVANCED_FACE('',(#552),#195,.T.);
#6482=ADVANCED_FACE('',(#553),#196,.F.);
#6483=ADVANCED_FACE('',(#554),#197,.T.);
#6484=ADVANCED_FACE('',(#555),#365,.F.);
#6485=ADVANCED_FACE('',(#556),#198,.T.);
#6486=ADVANCED_FACE('',(#557),#199,.F.);
#6487=ADVANCED_FACE('',(#558),#200,.T.);
#6488=ADVANCED_FACE('',(#559),#366,.F.);
#6489=ADVANCED_FACE('',(#560),#201,.T.);
#6490=ADVANCED_FACE('',(#561),#367,.F.);
#6491=ADVANCED_FACE('',(#562),#202,.T.);
#6492=ADVANCED_FACE('',(#563),#203,.F.);
#6493=ADVANCED_FACE('',(#564),#204,.T.);
#6494=ADVANCED_FACE('',(#565),#368,.F.);
#6495=ADVANCED_FACE('',(#566),#205,.T.);
#6496=ADVANCED_FACE('',(#567),#206,.F.);
#6497=ADVANCED_FACE('',(#568),#207,.T.);
#6498=ADVANCED_FACE('',(#569),#82,.F.);
#6499=ADVANCED_FACE('',(#570),#83,.F.);
#6500=ADVANCED_FACE('',(#571),#84,.F.);
#6501=ADVANCED_FACE('',(#572),#208,.F.);
#6502=ADVANCED_FACE('',(#573),#85,.F.);
#6503=ADVANCED_FACE('',(#574),#209,.F.);
#6504=ADVANCED_FACE('',(#575),#86,.F.);
#6505=ADVANCED_FACE('',(#576),#87,.F.);
#6506=ADVANCED_FACE('',(#577),#88,.F.);
#6507=ADVANCED_FACE('',(#578),#210,.F.);
#6508=ADVANCED_FACE('',(#579),#89,.F.);
#6509=ADVANCED_FACE('',(#580),#90,.F.);
#6510=ADVANCED_FACE('',(#581),#91,.F.);
#6511=ADVANCED_FACE('',(#582),#211,.F.);
#6512=ADVANCED_FACE('',(#583),#92,.F.);
#6513=ADVANCED_FACE('',(#584),#93,.F.);
#6514=ADVANCED_FACE('',(#585),#94,.F.);
#6515=ADVANCED_FACE('',(#586),#212,.F.);
#6516=ADVANCED_FACE('',(#587),#95,.F.);
#6517=ADVANCED_FACE('',(#588),#213,.F.);
#6518=ADVANCED_FACE('',(#589),#96,.F.);
#6519=ADVANCED_FACE('',(#590),#97,.F.);
#6520=ADVANCED_FACE('',(#591),#98,.F.);
#6521=ADVANCED_FACE('',(#592),#214,.F.);
#6522=ADVANCED_FACE('',(#593),#99,.F.);
#6523=ADVANCED_FACE('',(#594),#100,.F.);
#6524=ADVANCED_FACE('',(#595),#101,.F.);
#6525=ADVANCED_FACE('',(#596),#215,.F.);
#6526=ADVANCED_FACE('',(#597),#102,.F.);
#6527=ADVANCED_FACE('',(#598),#216,.F.);
#6528=ADVANCED_FACE('',(#599),#103,.F.);
#6529=ADVANCED_FACE('',(#600),#104,.F.);
#6530=ADVANCED_FACE('',(#601),#105,.F.);
#6531=ADVANCED_FACE('',(#602),#217,.F.);
#6532=ADVANCED_FACE('',(#603),#106,.F.);
#6533=ADVANCED_FACE('',(#604),#107,.F.);
#6534=ADVANCED_FACE('',(#605),#108,.F.);
#6535=ADVANCED_FACE('',(#606),#218,.F.);
#6536=ADVANCED_FACE('',(#607),#109,.F.);
#6537=ADVANCED_FACE('',(#608),#110,.F.);
#6538=ADVANCED_FACE('',(#609),#111,.F.);
#6539=ADVANCED_FACE('',(#610),#219,.F.);
#6540=ADVANCED_FACE('',(#611),#112,.F.);
#6541=ADVANCED_FACE('',(#612),#220,.F.);
#6542=ADVANCED_FACE('',(#613),#113,.F.);
#6543=ADVANCED_FACE('',(#614),#114,.F.);
#6544=ADVANCED_FACE('',(#615),#115,.F.);
#6545=ADVANCED_FACE('',(#616),#221,.F.);
#6546=ADVANCED_FACE('',(#617),#222,.T.);
#6547=ADVANCED_FACE('',(#618),#223,.F.);
#6548=ADVANCED_FACE('',(#619),#369,.T.);
#6549=ADVANCED_FACE('',(#620),#224,.F.);
#6550=ADVANCED_FACE('',(#621),#370,.T.);
#6551=ADVANCED_FACE('',(#622),#225,.F.);
#6552=ADVANCED_FACE('',(#623),#226,.T.);
#6553=ADVANCED_FACE('',(#624),#227,.F.);
#6554=ADVANCED_FACE('',(#625),#371,.T.);
#6555=ADVANCED_FACE('',(#626),#228,.F.);
#6556=ADVANCED_FACE('',(#627),#229,.T.);
#6557=ADVANCED_FACE('',(#628),#230,.F.);
#6558=ADVANCED_FACE('',(#629),#372,.T.);
#6559=ADVANCED_FACE('',(#630),#231,.F.);
#6560=ADVANCED_FACE('',(#631),#232,.T.);
#6561=ADVANCED_FACE('',(#632),#233,.F.);
#6562=ADVANCED_FACE('',(#633),#373,.T.);
#6563=ADVANCED_FACE('',(#634),#234,.F.);
#6564=ADVANCED_FACE('',(#635),#374,.T.);
#6565=ADVANCED_FACE('',(#636),#235,.F.);
#6566=ADVANCED_FACE('',(#637),#236,.T.);
#6567=ADVANCED_FACE('',(#638),#237,.F.);
#6568=ADVANCED_FACE('',(#639),#375,.T.);
#6569=ADVANCED_FACE('',(#640),#238,.F.);
#6570=ADVANCED_FACE('',(#641),#376,.T.);
#6571=ADVANCED_FACE('',(#642),#239,.F.);
#6572=ADVANCED_FACE('',(#643),#240,.T.);
#6573=ADVANCED_FACE('',(#644),#241,.F.);
#6574=ADVANCED_FACE('',(#645),#377,.T.);
#6575=ADVANCED_FACE('',(#646),#242,.F.);
#6576=ADVANCED_FACE('',(#647),#243,.T.);
#6577=ADVANCED_FACE('',(#648),#244,.F.);
#6578=ADVANCED_FACE('',(#649),#378,.T.);
#6579=ADVANCED_FACE('',(#650),#245,.F.);
#6580=ADVANCED_FACE('',(#651),#379,.T.);
#6581=ADVANCED_FACE('',(#652),#246,.F.);
#6582=ADVANCED_FACE('',(#653),#247,.T.);
#6583=ADVANCED_FACE('',(#654),#248,.F.);
#6584=ADVANCED_FACE('',(#655),#380,.T.);
#6585=ADVANCED_FACE('',(#656),#249,.F.);
#6586=ADVANCED_FACE('',(#657),#250,.T.);
#6587=ADVANCED_FACE('',(#658),#251,.F.);
#6588=ADVANCED_FACE('',(#659),#381,.T.);
#6589=ADVANCED_FACE('',(#660),#252,.F.);
#6590=ADVANCED_FACE('',(#661),#382,.T.);
#6591=ADVANCED_FACE('',(#662),#253,.F.);
#6592=ADVANCED_FACE('',(#663),#254,.T.);
#6593=ADVANCED_FACE('',(#664),#255,.F.);
#6594=ADVANCED_FACE('',(#665),#383,.T.);
#6595=ADVANCED_FACE('',(#666),#256,.F.);
#6596=ADVANCED_FACE('',(#667),#257,.T.);
#6597=ADVANCED_FACE('',(#668),#258,.F.);
#6598=ADVANCED_FACE('',(#669),#384,.T.);
#6599=ADVANCED_FACE('',(#670),#259,.F.);
#6600=ADVANCED_FACE('',(#671),#260,.T.);
#6601=ADVANCED_FACE('',(#672),#261,.F.);
#6602=ADVANCED_FACE('',(#673),#385,.T.);
#6603=ADVANCED_FACE('',(#674),#262,.F.);
#6604=ADVANCED_FACE('',(#675),#386,.T.);
#6605=ADVANCED_FACE('',(#676),#263,.F.);
#6606=ADVANCED_FACE('',(#677),#264,.T.);
#6607=ADVANCED_FACE('',(#678),#265,.F.);
#6608=ADVANCED_FACE('',(#679),#387,.T.);
#6609=ADVANCED_FACE('',(#680),#266,.F.);
#6610=ADVANCED_FACE('',(#681),#267,.T.);
#6611=ADVANCED_FACE('',(#682),#268,.F.);
#6612=ADVANCED_FACE('',(#683),#388,.T.);
#6613=ADVANCED_FACE('',(#684),#269,.F.);
#6614=ADVANCED_FACE('',(#685),#389,.T.);
#6615=ADVANCED_FACE('',(#686),#270,.F.);
#6616=ADVANCED_FACE('',(#687),#271,.T.);
#6617=ADVANCED_FACE('',(#688),#272,.F.);
#6618=ADVANCED_FACE('',(#689),#273,.F.);
#6619=ADVANCED_FACE('',(#690),#390,.T.);
#6620=ADVANCED_FACE('',(#691),#274,.F.);
#6621=ADVANCED_FACE('',(#692),#275,.T.);
#6622=ADVANCED_FACE('',(#693),#276,.F.);
#6623=ADVANCED_FACE('',(#694),#391,.T.);
#6624=ADVANCED_FACE('',(#695),#277,.F.);
#6625=ADVANCED_FACE('',(#696),#278,.T.);
#6626=ADVANCED_FACE('',(#697),#279,.F.);
#6627=ADVANCED_FACE('',(#698),#392,.T.);
#6628=ADVANCED_FACE('',(#699),#280,.F.);
#6629=ADVANCED_FACE('',(#700),#281,.T.);
#6630=ADVANCED_FACE('',(#701),#282,.F.);
#6631=ADVANCED_FACE('',(#702),#393,.T.);
#6632=ADVANCED_FACE('',(#703),#283,.F.);
#6633=ADVANCED_FACE('',(#704),#394,.T.);
#6634=ADVANCED_FACE('',(#705),#284,.F.);
#6635=ADVANCED_FACE('',(#706),#285,.T.);
#6636=ADVANCED_FACE('',(#707),#286,.F.);
#6637=ADVANCED_FACE('',(#708),#395,.T.);
#6638=ADVANCED_FACE('',(#709),#287,.F.);
#6639=ADVANCED_FACE('',(#710),#6371,.F.);
#6640=ADVANCED_FACE('',(#711,#127),#396,.T.);
#6641=ADVANCED_FACE('',(#712),#288,.F.);
#6642=ADVANCED_FACE('',(#713),#6372,.F.);
#6643=ADVANCED_FACE('',(#714,#128),#397,.T.);
#6644=ADVANCED_FACE('',(#715),#289,.F.);
#6645=ADVANCED_FACE('',(#716),#6373,.F.);
#6646=ADVANCED_FACE('',(#717,#129),#398,.T.);
#6647=ADVANCED_FACE('',(#718),#290,.F.);
#6648=ADVANCED_FACE('',(#719),#6374,.F.);
#6649=ADVANCED_FACE('',(#720,#130),#399,.T.);
#6650=ADVANCED_FACE('',(#721),#291,.F.);
#6651=ADVANCED_FACE('',(#722),#6375,.F.);
#6652=ADVANCED_FACE('',(#723,#131),#400,.T.);
#6653=ADVANCED_FACE('',(#724),#292,.F.);
#6654=ADVANCED_FACE('',(#725),#6376,.F.);
#6655=ADVANCED_FACE('',(#726,#132),#401,.T.);
#6656=ADVANCED_FACE('',(#727),#293,.F.);
#6657=ADVANCED_FACE('',(#728),#6377,.F.);
#6658=ADVANCED_FACE('',(#729,#133),#402,.T.);
#6659=ADVANCED_FACE('',(#730),#294,.F.);
#6660=ADVANCED_FACE('',(#731),#6378,.F.);
#6661=ADVANCED_FACE('',(#732,#134),#403,.T.);
#6662=ADVANCED_FACE('',(#733),#295,.F.);
#6663=ADVANCED_FACE('',(#734),#6379,.F.);
#6664=ADVANCED_FACE('',(#735,#135),#404,.T.);
#6665=ADVANCED_FACE('',(#736),#296,.F.);
#6666=ADVANCED_FACE('',(#737),#6380,.F.);
#6667=ADVANCED_FACE('',(#738,#136),#405,.T.);
#6668=ADVANCED_FACE('',(#739),#297,.F.);
#6669=ADVANCED_FACE('',(#740),#6381,.F.);
#6670=ADVANCED_FACE('',(#741),#406,.T.);
#6671=ADVANCED_FACE('',(#742),#6382,.F.);
#6672=ADVANCED_FACE('',(#743),#407,.T.);
#6673=ADVANCED_FACE('',(#744),#6383,.F.);
#6674=ADVANCED_FACE('',(#745),#408,.T.);
#6675=ADVANCED_FACE('',(#746),#6384,.F.);
#6676=ADVANCED_FACE('',(#747),#409,.T.);
#6677=ADVANCED_FACE('',(#748),#410,.T.);
#6678=ADVANCED_FACE('',(#749),#6385,.F.);
#6679=ADVANCED_FACE('',(#750),#411,.T.);
#6680=ADVANCED_FACE('',(#751),#6386,.F.);
#6681=ADVANCED_FACE('',(#752,#137,#138,#139,#140,#141,#142,#143,#144,#145,
#146,#147,#148,#149,#150),#412,.T.);
#6682=ADVANCED_FACE('',(#753),#6387,.F.);
#6683=ADVANCED_FACE('',(#754),#413,.T.);
#6684=ADVANCED_FACE('',(#755),#6388,.F.);
#6685=ADVANCED_FACE('',(#756),#414,.T.);
#6686=ADVANCED_FACE('',(#757),#6389,.F.);
#6687=ADVANCED_FACE('',(#758),#415,.T.);
#6688=ADVANCED_FACE('',(#759),#6390,.F.);
#6689=ADVANCED_FACE('',(#760),#416,.T.);
#6690=ADVANCED_FACE('',(#761),#417,.T.);
#6691=ADVANCED_FACE('',(#762),#6391,.F.);
#6692=ADVANCED_FACE('',(#763),#418,.T.);
#6693=ADVANCED_FACE('',(#764,#151),#419,.F.);
#6694=ADVANCED_FACE('',(#765),#298,.F.);
#6695=ADVANCED_FACE('',(#766),#420,.T.);
#6696=ADVANCED_FACE('',(#767),#299,.F.);
#6697=ADVANCED_FACE('',(#768),#421,.T.);
#6698=ADVANCED_FACE('',(#769),#300,.F.);
#6699=ADVANCED_FACE('',(#770),#422,.T.);
#6700=ADVANCED_FACE('',(#771),#301,.F.);
#6701=ADVANCED_FACE('',(#772),#423,.T.);
#6702=ADVANCED_FACE('',(#773),#6392,.F.);
#6703=ADVANCED_FACE('',(#774),#15,.T.);
#6704=ADVANCED_FACE('',(#775,#152),#424,.F.);
#6705=ADVANCED_FACE('',(#776),#116,.F.);
#6706=ADVANCED_FACE('',(#777,#153,#154,#155,#156,#157),#425,.T.);
#6707=ADVANCED_FACE('',(#778),#302,.F.);
#6708=ADVANCED_FACE('',(#779),#426,.F.);
#6709=ADVANCED_FACE('',(#780),#303,.F.);
#6710=ADVANCED_FACE('',(#781),#427,.F.);
#6711=ADVANCED_FACE('',(#782),#304,.F.);
#6712=ADVANCED_FACE('',(#783),#428,.F.);
#6713=ADVANCED_FACE('',(#784),#305,.F.);
#6714=ADVANCED_FACE('',(#785),#429,.F.);
#6715=ADVANCED_FACE('',(#786),#306,.F.);
#6716=ADVANCED_FACE('',(#787),#430,.F.);
#6717=ADVANCED_FACE('',(#788),#307,.F.);
#6718=ADVANCED_FACE('',(#789),#431,.F.);
#6719=ADVANCED_FACE('',(#790),#308,.F.);
#6720=ADVANCED_FACE('',(#791),#432,.F.);
#6721=ADVANCED_FACE('',(#792),#309,.F.);
#6722=ADVANCED_FACE('',(#793),#433,.F.);
#6723=ADVANCED_FACE('',(#794),#310,.F.);
#6724=ADVANCED_FACE('',(#795),#311,.F.);
#6725=ADVANCED_FACE('',(#796),#312,.F.);
#6726=ADVANCED_FACE('',(#797),#434,.F.);
#6727=ADVANCED_FACE('',(#798),#313,.F.);
#6728=ADVANCED_FACE('',(#799),#435,.F.);
#6729=ADVANCED_FACE('',(#800),#314,.F.);
#6730=ADVANCED_FACE('',(#801),#436,.F.);
#6731=ADVANCED_FACE('',(#802),#315,.F.);
#6732=ADVANCED_FACE('',(#803),#437,.F.);
#6733=ADVANCED_FACE('',(#804),#316,.F.);
#6734=ADVANCED_FACE('',(#805),#438,.F.);
#6735=ADVANCED_FACE('',(#806),#317,.F.);
#6736=ADVANCED_FACE('',(#807),#439,.F.);
#6737=ADVANCED_FACE('',(#808,#158,#159,#160),#440,.T.);
#6738=ADVANCED_FACE('',(#809),#441,.F.);
#6739=ADVANCED_FACE('',(#810),#318,.F.);
#6740=ADVANCED_FACE('',(#811),#442,.F.);
#6741=ADVANCED_FACE('',(#812),#319,.F.);
#6742=ADVANCED_FACE('',(#813),#443,.F.);
#6743=ADVANCED_FACE('',(#814),#320,.F.);
#6744=ADVANCED_FACE('',(#815),#444,.F.);
#6745=ADVANCED_FACE('',(#816),#321,.F.);
#6746=ADVANCED_FACE('',(#817,#161),#445,.T.);
#6747=ADVANCED_FACE('',(#818),#322,.F.);
#6748=ADVANCED_FACE('',(#819,#162),#446,.T.);
#6749=ADVANCED_FACE('',(#820),#323,.F.);
#6750=ADVANCED_FACE('',(#821),#324,.F.);
#6751=ADVANCED_FACE('',(#822),#325,.F.);
#6752=ADVANCED_FACE('',(#823),#326,.F.);
#6753=ADVANCED_FACE('',(#824),#327,.F.);
#6754=ADVANCED_FACE('',(#825),#328,.F.);
#6755=ADVANCED_FACE('',(#826),#329,.F.);
#6756=ADVANCED_FACE('',(#827),#330,.F.);
#6757=ADVANCED_FACE('',(#828),#331,.F.);
#6758=ADVANCED_FACE('',(#829),#332,.F.);
#6759=ADVANCED_FACE('',(#830),#333,.F.);
#6760=ADVANCED_FACE('',(#831),#447,.T.);
#6761=ADVANCED_FACE('',(#832),#448,.T.);
#6762=ADVANCED_FACE('',(#833),#117,.F.);
#6763=ADVANCED_FACE('',(#834),#449,.T.);
#6764=ADVANCED_FACE('',(#835),#118,.F.);
#6765=ADVANCED_FACE('',(#836),#450,.T.);
#6766=ADVANCED_FACE('',(#837),#119,.F.);
#6767=ADVANCED_FACE('',(#838),#451,.T.);
#6768=ADVANCED_FACE('',(#839),#452,.T.);
#6769=ADVANCED_FACE('',(#840),#120,.F.);
#6770=ADVANCED_FACE('',(#841),#453,.T.);
#6771=ADVANCED_FACE('',(#842),#121,.F.);
#6772=ADVANCED_FACE('',(#843),#122,.F.);
#6773=ADVANCED_FACE('',(#844),#454,.T.);
#6774=ADVANCED_FACE('',(#845),#123,.F.);
#6775=ADVANCED_FACE('',(#846),#124,.F.);
#6776=ADVANCED_FACE('',(#847),#125,.F.);
#6777=ADVANCED_FACE('',(#848),#455,.T.);
#6778=ADVANCED_FACE('',(#849),#334,.T.);
#6779=ADVANCED_FACE('',(#850),#335,.F.);
#6780=ADVANCED_FACE('',(#851),#456,.T.);
#6781=ADVANCED_FACE('',(#852),#457,.T.);
#6782=ADVANCED_FACE('',(#853),#6393,.T.);
#6783=ADVANCED_FACE('',(#854),#458,.T.);
#6784=ADVANCED_FACE('',(#855),#6394,.T.);
#6785=ADVANCED_FACE('',(#856),#459,.T.);
#6786=ADVANCED_FACE('',(#857),#6395,.T.);
#6787=ADVANCED_FACE('',(#858),#460,.T.);
#6788=ADVANCED_FACE('',(#859),#6396,.T.);
#6789=ADVANCED_FACE('',(#860),#336,.T.);
#6790=ADVANCED_FACE('',(#861),#461,.T.);
#6791=ADVANCED_FACE('',(#862),#337,.T.);
#6792=ADVANCED_FACE('',(#863),#462,.T.);
#6793=ADVANCED_FACE('',(#864),#6397,.F.);
#6794=ADVANCED_FACE('',(#865),#463,.T.);
#6795=ADVANCED_FACE('',(#866),#464,.T.);
#6796=ADVANCED_FACE('',(#867),#6398,.F.);
#6797=ADVANCED_FACE('',(#868),#465,.T.);
#6798=ADVANCED_FACE('',(#869),#466,.T.);
#6799=ADVANCED_FACE('',(#870),#6399,.F.);
#6800=ADVANCED_FACE('',(#871),#467,.T.);
#6801=ADVANCED_FACE('',(#872),#6400,.F.);
#6802=ADVANCED_FACE('',(#873),#468,.T.);
#6803=ADVANCED_FACE('',(#874),#338,.T.);
#6804=ADVANCED_FACE('',(#875,#163,#164,#165,#166,#167,#168,#169,#170,#171,
#172,#173),#469,.F.);
#6805=ADVANCED_FACE('',(#876),#470,.T.);
#6806=ADVANCED_FACE('',(#877),#339,.T.);
#6807=ADVANCED_FACE('',(#878),#471,.T.);
#6808=CLOSED_SHELL('',(#6401,#6402,#6403,#6404,#6405,#6406,#6407,#6408,
#6409,#6410,#6411,#6412,#6413,#6414,#6415,#6416,#6417,#6418,#6419,#6420,
#6421,#6422,#6423,#6424,#6425,#6426,#6427,#6428,#6429,#6430,#6431,#6432,
#6433,#6434,#6435,#6436,#6437,#6438,#6439,#6440,#6441,#6442,#6443,#6444,
#6445,#6446,#6447,#6448,#6449,#6450,#6451,#6452,#6453,#6454,#6455,#6456,
#6457,#6458,#6459,#6460,#6461,#6462,#6463,#6464,#6465,#6466,#6467,#6468,
#6469,#6470,#6471,#6472,#6473,#6474,#6475,#6476,#6477,#6478,#6479,#6480,
#6481,#6482,#6483,#6484,#6485,#6486,#6487,#6488,#6489,#6490,#6491,#6492,
#6493,#6494,#6495,#6496,#6497,#6498,#6499,#6500,#6501,#6502,#6503,#6504,
#6505,#6506,#6507,#6508,#6509,#6510,#6511,#6512,#6513,#6514,#6515,#6516,
#6517,#6518,#6519,#6520,#6521,#6522,#6523,#6524,#6525,#6526,#6527,#6528,
#6529,#6530,#6531,#6532,#6533,#6534,#6535,#6536,#6537,#6538,#6539,#6540,
#6541,#6542,#6543,#6544,#6545,#6546,#6547,#6548,#6549,#6550,#6551,#6552,
#6553,#6554,#6555,#6556,#6557,#6558,#6559,#6560,#6561,#6562,#6563,#6564,
#6565,#6566,#6567,#6568,#6569,#6570,#6571,#6572,#6573,#6574,#6575,#6576,
#6577,#6578,#6579,#6580,#6581,#6582,#6583,#6584,#6585,#6586,#6587,#6588,
#6589,#6590,#6591,#6592,#6593,#6594,#6595,#6596,#6597,#6598,#6599,#6600,
#6601,#6602,#6603,#6604,#6605,#6606,#6607,#6608,#6609,#6610,#6611,#6612,
#6613,#6614,#6615,#6616,#6617,#6618,#6619,#6620,#6621,#6622,#6623,#6624,
#6625,#6626,#6627,#6628,#6629,#6630,#6631,#6632,#6633,#6634,#6635,#6636,
#6637,#6638,#6639,#6640,#6641,#6642,#6643,#6644,#6645,#6646,#6647,#6648,
#6649,#6650,#6651,#6652,#6653,#6654,#6655,#6656,#6657,#6658,#6659,#6660,
#6661,#6662,#6663,#6664,#6665,#6666,#6667,#6668,#6669,#6670,#6671,#6672,
#6673,#6674,#6675,#6676,#6677,#6678,#6679,#6680,#6681,#6682,#6683,#6684,
#6685,#6686,#6687,#6688,#6689,#6690,#6691,#6692,#6693,#6694,#6695,#6696,
#6697,#6698,#6699,#6700,#6701,#6702,#6703,#6704,#6705,#6706,#6707,#6708,
#6709,#6710,#6711,#6712,#6713,#6714,#6715,#6716,#6717,#6718,#6719,#6720,
#6721,#6722,#6723,#6724,#6725,#6726,#6727,#6728,#6729,#6730,#6731,#6732,
#6733,#6734,#6735,#6736,#6737,#6738,#6739,#6740,#6741,#6742,#6743,#6744,
#6745,#6746,#6747,#6748,#6749,#6750,#6751,#6752,#6753,#6754,#6755,#6756,
#6757,#6758,#6759,#6760,#6761,#6762,#6763,#6764,#6765,#6766,#6767,#6768,
#6769,#6770,#6771,#6772,#6773,#6774,#6775,#6776,#6777,#6778,#6779,#6780,
#6781,#6782,#6783,#6784,#6785,#6786,#6787,#6788,#6789,#6790,#6791,#6792,
#6793,#6794,#6795,#6796,#6797,#6798,#6799,#6800,#6801,#6802,#6803,#6804,
#6805,#6806,#6807));
#6809=DERIVED_UNIT_ELEMENT(#6812,1.);
#6810=DERIVED_UNIT_ELEMENT(#12763,-3.);
#6811=DIMENSIONAL_EXPONENTS(0.,1.,0.,0.,0.,0.,0.);
#6812=(
CONVERSION_BASED_UNIT('gram',#6814)
MASS_UNIT()
NAMED_UNIT(#6811)
);
#6813=(
MASS_UNIT()
NAMED_UNIT(*)
SI_UNIT(.KILO.,.GRAM.)
);
#6814=MASS_MEASURE_WITH_UNIT(MASS_MEASURE(0.001),#6813);
#6815=DERIVED_UNIT((#6809,#6810));
#6816=MEASURE_REPRESENTATION_ITEM('density measure',
POSITIVE_RATIO_MEASURE(1.),#6815);
#6817=PROPERTY_DEFINITION_REPRESENTATION(#6822,#6819);
#6818=PROPERTY_DEFINITION_REPRESENTATION(#6823,#6820);
#6819=REPRESENTATION('material name',(#6821),#12760);
#6820=REPRESENTATION('density',(#6816),#12760);
#6821=DESCRIPTIVE_REPRESENTATION_ITEM('Generic','Generic');
#6822=PROPERTY_DEFINITION('material property','material name',#12770);
#6823=PROPERTY_DEFINITION('material property','density of part',#12770);
#6824=DATE_TIME_ROLE('creation_date');
#6825=APPLIED_DATE_AND_TIME_ASSIGNMENT(#6826,#6824,(#12770));
#6826=DATE_AND_TIME(#6827,#6828);
#6827=CALENDAR_DATE(2026,13,8);
#6828=LOCAL_TIME(0,0,0.,#6829);
#6829=COORDINATED_UNIVERSAL_TIME_OFFSET(0,0,.BEHIND.);
#6830=AXIS2_PLACEMENT_3D('',#9880,#7679,#7680);
#6831=AXIS2_PLACEMENT_3D('',#9881,#7681,#7682);
#6832=AXIS2_PLACEMENT_3D('',#9886,#7684,#7685);
#6833=AXIS2_PLACEMENT_3D('',#9889,#7687,#7688);
#6834=AXIS2_PLACEMENT_3D('',#9890,#7689,#7690);
#6835=AXIS2_PLACEMENT_3D('',#9894,#7692,#7693);
#6836=AXIS2_PLACEMENT_3D('',#9895,#7694,#7695);
#6837=AXIS2_PLACEMENT_3D('',#9896,#7696,#7697);
#6838=AXIS2_PLACEMENT_3D('',#9900,#7699,#7700);
#6839=AXIS2_PLACEMENT_3D('',#9901,#7701,#7702);
#6840=AXIS2_PLACEMENT_3D('',#9902,#7703,#7704);
#6841=AXIS2_PLACEMENT_3D('',#9908,#7708,#7709);
#6842=AXIS2_PLACEMENT_3D('',#9912,#7711,#7712);
#6843=AXIS2_PLACEMENT_3D('',#9913,#7713,#7714);
#6844=AXIS2_PLACEMENT_3D('',#9914,#7715,#7716);
#6845=AXIS2_PLACEMENT_3D('',#9918,#7718,#7719);
#6846=AXIS2_PLACEMENT_3D('',#9919,#7720,#7721);
#6847=AXIS2_PLACEMENT_3D('',#9920,#7722,#7723);
#6848=AXIS2_PLACEMENT_3D('',#9924,#7725,#7726);
#6849=AXIS2_PLACEMENT_3D('',#9925,#7727,#7728);
#6850=AXIS2_PLACEMENT_3D('',#9926,#7729,#7730);
#6851=AXIS2_PLACEMENT_3D('',#9932,#7734,#7735);
#6852=AXIS2_PLACEMENT_3D('',#9936,#7737,#7738);
#6853=AXIS2_PLACEMENT_3D('',#9937,#7739,#7740);
#6854=AXIS2_PLACEMENT_3D('',#9938,#7741,#7742);
#6855=AXIS2_PLACEMENT_3D('',#9944,#7746,#7747);
#6856=AXIS2_PLACEMENT_3D('',#9948,#7749,#7750);
#6857=AXIS2_PLACEMENT_3D('',#9949,#7751,#7752);
#6858=AXIS2_PLACEMENT_3D('',#9950,#7753,#7754);
#6859=AXIS2_PLACEMENT_3D('',#9954,#7756,#7757);
#6860=AXIS2_PLACEMENT_3D('',#9955,#7758,#7759);
#6861=AXIS2_PLACEMENT_3D('',#9956,#7760,#7761);
#6862=AXIS2_PLACEMENT_3D('',#9960,#7763,#7764);
#6863=AXIS2_PLACEMENT_3D('',#9961,#7765,#7766);
#6864=AXIS2_PLACEMENT_3D('',#9962,#7767,#7768);
#6865=AXIS2_PLACEMENT_3D('',#9968,#7772,#7773);
#6866=AXIS2_PLACEMENT_3D('',#9972,#7775,#7776);
#6867=AXIS2_PLACEMENT_3D('',#9973,#7777,#7778);
#6868=AXIS2_PLACEMENT_3D('',#9974,#7779,#7780);
#6869=AXIS2_PLACEMENT_3D('',#9978,#7782,#7783);
#6870=AXIS2_PLACEMENT_3D('',#9979,#7784,#7785);
#6871=AXIS2_PLACEMENT_3D('',#9980,#7786,#7787);
#6872=AXIS2_PLACEMENT_3D('',#9984,#7789,#7790);
#6873=AXIS2_PLACEMENT_3D('',#9985,#7791,#7792);
#6874=AXIS2_PLACEMENT_3D('',#9986,#7793,#7794);
#6875=AXIS2_PLACEMENT_3D('',#9992,#7798,#7799);
#6876=AXIS2_PLACEMENT_3D('',#9996,#7801,#7802);
#6877=AXIS2_PLACEMENT_3D('',#9997,#7803,#7804);
#6878=AXIS2_PLACEMENT_3D('',#9998,#7805,#7806);
#6879=AXIS2_PLACEMENT_3D('',#10004,#7810,#7811);
#6880=AXIS2_PLACEMENT_3D('',#10008,#7813,#7814);
#6881=AXIS2_PLACEMENT_3D('',#10009,#7815,#7816);
#6882=AXIS2_PLACEMENT_3D('',#10010,#7817,#7818);
#6883=AXIS2_PLACEMENT_3D('',#10014,#7820,#7821);
#6884=AXIS2_PLACEMENT_3D('',#10015,#7822,#7823);
#6885=AXIS2_PLACEMENT_3D('',#10016,#7824,#7825);
#6886=AXIS2_PLACEMENT_3D('',#10020,#7827,#7828);
#6887=AXIS2_PLACEMENT_3D('',#10021,#7829,#7830);
#6888=AXIS2_PLACEMENT_3D('',#10022,#7831,#7832);
#6889=AXIS2_PLACEMENT_3D('',#10028,#7836,#7837);
#6890=AXIS2_PLACEMENT_3D('',#10032,#7839,#7840);
#6891=AXIS2_PLACEMENT_3D('',#10033,#7841,#7842);
#6892=AXIS2_PLACEMENT_3D('',#10034,#7843,#7844);
#6893=AXIS2_PLACEMENT_3D('',#10038,#7846,#7847);
#6894=AXIS2_PLACEMENT_3D('',#10039,#7848,#7849);
#6895=AXIS2_PLACEMENT_3D('',#10040,#7850,#7851);
#6896=AXIS2_PLACEMENT_3D('',#10044,#7853,#7854);
#6897=AXIS2_PLACEMENT_3D('',#10045,#7855,#7856);
#6898=AXIS2_PLACEMENT_3D('',#10046,#7857,#7858);
#6899=AXIS2_PLACEMENT_3D('',#10052,#7862,#7863);
#6900=AXIS2_PLACEMENT_3D('',#10056,#7865,#7866);
#6901=AXIS2_PLACEMENT_3D('',#10057,#7867,#7868);
#6902=AXIS2_PLACEMENT_3D('',#10058,#7869,#7870);
#6903=AXIS2_PLACEMENT_3D('',#10062,#7872,#7873);
#6904=AXIS2_PLACEMENT_3D('',#10063,#7874,#7875);
#6905=AXIS2_PLACEMENT_3D('',#10064,#7876,#7877);
#6906=AXIS2_PLACEMENT_3D('',#10068,#7879,#7880);
#6907=AXIS2_PLACEMENT_3D('',#10069,#7881,#7882);
#6908=AXIS2_PLACEMENT_3D('',#10070,#7883,#7884);
#6909=AXIS2_PLACEMENT_3D('',#10076,#7888,#7889);
#6910=AXIS2_PLACEMENT_3D('',#10080,#7891,#7892);
#6911=AXIS2_PLACEMENT_3D('',#10081,#7893,#7894);
#6912=AXIS2_PLACEMENT_3D('',#10082,#7895,#7896);
#6913=AXIS2_PLACEMENT_3D('',#10088,#7900,#7901);
#6914=AXIS2_PLACEMENT_3D('',#10092,#7903,#7904);
#6915=AXIS2_PLACEMENT_3D('',#10093,#7905,#7906);
#6916=AXIS2_PLACEMENT_3D('',#10094,#7907,#7908);
#6917=AXIS2_PLACEMENT_3D('',#10098,#7910,#7911);
#6918=AXIS2_PLACEMENT_3D('',#10099,#7912,#7913);
#6919=AXIS2_PLACEMENT_3D('',#10100,#7914,#7915);
#6920=AXIS2_PLACEMENT_3D('',#10104,#7917,#7918);
#6921=AXIS2_PLACEMENT_3D('',#10105,#7919,#7920);
#6922=AXIS2_PLACEMENT_3D('',#10106,#7921,#7922);
#6923=AXIS2_PLACEMENT_3D('',#10112,#7926,#7927);
#6924=AXIS2_PLACEMENT_3D('',#10116,#7929,#7930);
#6925=AXIS2_PLACEMENT_3D('',#10117,#7931,#7932);
#6926=AXIS2_PLACEMENT_3D('',#10118,#7933,#7934);
#6927=AXIS2_PLACEMENT_3D('',#10122,#7936,#7937);
#6928=AXIS2_PLACEMENT_3D('',#10123,#7938,#7939);
#6929=AXIS2_PLACEMENT_3D('',#10124,#7940,#7941);
#6930=AXIS2_PLACEMENT_3D('',#10128,#7943,#7944);
#6931=AXIS2_PLACEMENT_3D('',#10129,#7945,#7946);
#6932=AXIS2_PLACEMENT_3D('',#10130,#7947,#7948);
#6933=AXIS2_PLACEMENT_3D('',#10136,#7952,#7953);
#6934=AXIS2_PLACEMENT_3D('',#10140,#7955,#7956);
#6935=AXIS2_PLACEMENT_3D('',#10141,#7957,#7958);
#6936=AXIS2_PLACEMENT_3D('',#10142,#7959,#7960);
#6937=AXIS2_PLACEMENT_3D('',#10148,#7964,#7965);
#6938=AXIS2_PLACEMENT_3D('',#10152,#7967,#7968);
#6939=AXIS2_PLACEMENT_3D('',#10153,#7969,#7970);
#6940=AXIS2_PLACEMENT_3D('',#10154,#7971,#7972);
#6941=AXIS2_PLACEMENT_3D('',#10158,#7974,#7975);
#6942=AXIS2_PLACEMENT_3D('',#10159,#7976,#7977);
#6943=AXIS2_PLACEMENT_3D('',#10160,#7978,#7979);
#6944=AXIS2_PLACEMENT_3D('',#10164,#7981,#7982);
#6945=AXIS2_PLACEMENT_3D('',#10165,#7983,#7984);
#6946=AXIS2_PLACEMENT_3D('',#10166,#7985,#7986);
#6947=AXIS2_PLACEMENT_3D('',#10169,#7989,#7990);
#6948=AXIS2_PLACEMENT_3D('',#10175,#7994,#7995);
#6949=AXIS2_PLACEMENT_3D('',#10178,#7997,#7998);
#6950=AXIS2_PLACEMENT_3D('',#10179,#7999,#8000);
#6951=AXIS2_PLACEMENT_3D('',#10182,#8002,#8003);
#6952=AXIS2_PLACEMENT_3D('',#10183,#8004,#8005);
#6953=AXIS2_PLACEMENT_3D('',#10186,#8007,#8008);
#6954=AXIS2_PLACEMENT_3D('',#10187,#8009,#8010);
#6955=AXIS2_PLACEMENT_3D('',#10191,#8013,#8014);
#6956=AXIS2_PLACEMENT_3D('',#10194,#8016,#8017);
#6957=AXIS2_PLACEMENT_3D('',#10195,#8018,#8019);
#6958=AXIS2_PLACEMENT_3D('',#10199,#8022,#8023);
#6959=AXIS2_PLACEMENT_3D('',#10202,#8025,#8026);
#6960=AXIS2_PLACEMENT_3D('',#10203,#8027,#8028);
#6961=AXIS2_PLACEMENT_3D('',#10206,#8030,#8031);
#6962=AXIS2_PLACEMENT_3D('',#10207,#8032,#8033);
#6963=AXIS2_PLACEMENT_3D('',#10210,#8035,#8036);
#6964=AXIS2_PLACEMENT_3D('',#10211,#8037,#8038);
#6965=AXIS2_PLACEMENT_3D('',#10215,#8041,#8042);
#6966=AXIS2_PLACEMENT_3D('',#10218,#8044,#8045);
#6967=AXIS2_PLACEMENT_3D('',#10219,#8046,#8047);
#6968=AXIS2_PLACEMENT_3D('',#10222,#8049,#8050);
#6969=AXIS2_PLACEMENT_3D('',#10223,#8051,#8052);
#6970=AXIS2_PLACEMENT_3D('',#10226,#8054,#8055);
#6971=AXIS2_PLACEMENT_3D('',#10227,#8056,#8057);
#6972=AXIS2_PLACEMENT_3D('',#10231,#8060,#8061);
#6973=AXIS2_PLACEMENT_3D('',#10234,#8063,#8064);
#6974=AXIS2_PLACEMENT_3D('',#10235,#8065,#8066);
#6975=AXIS2_PLACEMENT_3D('',#10239,#8069,#8070);
#6976=AXIS2_PLACEMENT_3D('',#10242,#8072,#8073);
#6977=AXIS2_PLACEMENT_3D('',#10243,#8074,#8075);
#6978=AXIS2_PLACEMENT_3D('',#10246,#8077,#8078);
#6979=AXIS2_PLACEMENT_3D('',#10247,#8079,#8080);
#6980=AXIS2_PLACEMENT_3D('',#10250,#8082,#8083);
#6981=AXIS2_PLACEMENT_3D('',#10251,#8084,#8085);
#6982=AXIS2_PLACEMENT_3D('',#10255,#8088,#8089);
#6983=AXIS2_PLACEMENT_3D('',#10258,#8091,#8092);
#6984=AXIS2_PLACEMENT_3D('',#10259,#8093,#8094);
#6985=AXIS2_PLACEMENT_3D('',#10262,#8096,#8097);
#6986=AXIS2_PLACEMENT_3D('',#10263,#8098,#8099);
#6987=AXIS2_PLACEMENT_3D('',#10266,#8101,#8102);
#6988=AXIS2_PLACEMENT_3D('',#10267,#8103,#8104);
#6989=AXIS2_PLACEMENT_3D('',#10270,#8105,#8106);
#6990=AXIS2_PLACEMENT_3D('',#10272,#8107,#8108);
#6991=AXIS2_PLACEMENT_3D('',#10274,#8109,#8110);
#6992=AXIS2_PLACEMENT_3D('',#10278,#8112,#8113);
#6993=AXIS2_PLACEMENT_3D('',#10282,#8115,#8116);
#6994=AXIS2_PLACEMENT_3D('',#10284,#8117,#8118);
#6995=AXIS2_PLACEMENT_3D('',#10286,#8119,#8120);
#6996=AXIS2_PLACEMENT_3D('',#10290,#8122,#8123);
#6997=AXIS2_PLACEMENT_3D('',#10292,#8124,#8125);
#6998=AXIS2_PLACEMENT_3D('',#10294,#8126,#8127);
#6999=AXIS2_PLACEMENT_3D('',#10298,#8129,#8130);
#7000=AXIS2_PLACEMENT_3D('',#10302,#8132,#8133);
#7001=AXIS2_PLACEMENT_3D('',#10304,#8134,#8135);
#7002=AXIS2_PLACEMENT_3D('',#10306,#8136,#8137);
#7003=AXIS2_PLACEMENT_3D('',#10310,#8139,#8140);
#7004=AXIS2_PLACEMENT_3D('',#10312,#8141,#8142);
#7005=AXIS2_PLACEMENT_3D('',#10314,#8143,#8144);
#7006=AXIS2_PLACEMENT_3D('',#10318,#8146,#8147);
#7007=AXIS2_PLACEMENT_3D('',#10320,#8148,#8149);
#7008=AXIS2_PLACEMENT_3D('',#10322,#8150,#8151);
#7009=AXIS2_PLACEMENT_3D('',#10326,#8153,#8154);
#7010=AXIS2_PLACEMENT_3D('',#10330,#8156,#8157);
#7011=AXIS2_PLACEMENT_3D('',#10332,#8158,#8159);
#7012=AXIS2_PLACEMENT_3D('',#10334,#8160,#8161);
#7013=AXIS2_PLACEMENT_3D('',#10338,#8163,#8164);
#7014=AXIS2_PLACEMENT_3D('',#10340,#8165,#8166);
#7015=AXIS2_PLACEMENT_3D('',#10342,#8167,#8168);
#7016=AXIS2_PLACEMENT_3D('',#10346,#8170,#8171);
#7017=AXIS2_PLACEMENT_3D('',#10350,#8173,#8174);
#7018=AXIS2_PLACEMENT_3D('',#10352,#8175,#8176);
#7019=AXIS2_PLACEMENT_3D('',#10354,#8177,#8178);
#7020=AXIS2_PLACEMENT_3D('',#10358,#8180,#8181);
#7021=AXIS2_PLACEMENT_3D('',#10360,#8182,#8183);
#7022=AXIS2_PLACEMENT_3D('',#10362,#8184,#8185);
#7023=AXIS2_PLACEMENT_3D('',#10364,#8187,#8188);
#7024=AXIS2_PLACEMENT_3D('',#10368,#8191,#8192);
#7025=AXIS2_PLACEMENT_3D('',#10371,#8194,#8195);
#7026=AXIS2_PLACEMENT_3D('',#10372,#8196,#8197);
#7027=AXIS2_PLACEMENT_3D('',#10375,#8199,#8200);
#7028=AXIS2_PLACEMENT_3D('',#10376,#8201,#8202);
#7029=AXIS2_PLACEMENT_3D('',#10379,#8204,#8205);
#7030=AXIS2_PLACEMENT_3D('',#10380,#8206,#8207);
#7031=AXIS2_PLACEMENT_3D('',#10384,#8210,#8211);
#7032=AXIS2_PLACEMENT_3D('',#10387,#8213,#8214);
#7033=AXIS2_PLACEMENT_3D('',#10388,#8215,#8216);
#7034=AXIS2_PLACEMENT_3D('',#10392,#8219,#8220);
#7035=AXIS2_PLACEMENT_3D('',#10395,#8222,#8223);
#7036=AXIS2_PLACEMENT_3D('',#10396,#8224,#8225);
#7037=AXIS2_PLACEMENT_3D('',#10399,#8227,#8228);
#7038=AXIS2_PLACEMENT_3D('',#10400,#8229,#8230);
#7039=AXIS2_PLACEMENT_3D('',#10403,#8232,#8233);
#7040=AXIS2_PLACEMENT_3D('',#10404,#8234,#8235);
#7041=AXIS2_PLACEMENT_3D('',#10408,#8238,#8239);
#7042=AXIS2_PLACEMENT_3D('',#10411,#8241,#8242);
#7043=AXIS2_PLACEMENT_3D('',#10412,#8243,#8244);
#7044=AXIS2_PLACEMENT_3D('',#10415,#8246,#8247);
#7045=AXIS2_PLACEMENT_3D('',#10416,#8248,#8249);
#7046=AXIS2_PLACEMENT_3D('',#10419,#8251,#8252);
#7047=AXIS2_PLACEMENT_3D('',#10420,#8253,#8254);
#7048=AXIS2_PLACEMENT_3D('',#10424,#8257,#8258);
#7049=AXIS2_PLACEMENT_3D('',#10427,#8260,#8261);
#7050=AXIS2_PLACEMENT_3D('',#10428,#8262,#8263);
#7051=AXIS2_PLACEMENT_3D('',#10432,#8266,#8267);
#7052=AXIS2_PLACEMENT_3D('',#10435,#8269,#8270);
#7053=AXIS2_PLACEMENT_3D('',#10436,#8271,#8272);
#7054=AXIS2_PLACEMENT_3D('',#10439,#8274,#8275);
#7055=AXIS2_PLACEMENT_3D('',#10440,#8276,#8277);
#7056=AXIS2_PLACEMENT_3D('',#10443,#8279,#8280);
#7057=AXIS2_PLACEMENT_3D('',#10444,#8281,#8282);
#7058=AXIS2_PLACEMENT_3D('',#10448,#8285,#8286);
#7059=AXIS2_PLACEMENT_3D('',#10451,#8288,#8289);
#7060=AXIS2_PLACEMENT_3D('',#10452,#8290,#8291);
#7061=AXIS2_PLACEMENT_3D('',#10455,#8293,#8294);
#7062=AXIS2_PLACEMENT_3D('',#10456,#8295,#8296);
#7063=AXIS2_PLACEMENT_3D('',#10457,#8297,#8298);
#7064=AXIS2_PLACEMENT_3D('',#10458,#8299,#8300);
#7065=AXIS2_PLACEMENT_3D('',#10461,#8301,#8302);
#7066=AXIS2_PLACEMENT_3D('',#10463,#8303,#8304);
#7067=AXIS2_PLACEMENT_3D('',#10465,#8305,#8306);
#7068=AXIS2_PLACEMENT_3D('',#10466,#8307,#8308);
#7069=AXIS2_PLACEMENT_3D('',#10467,#8309,#8310);
#7070=AXIS2_PLACEMENT_3D('',#10469,#8311,#8312);
#7071=AXIS2_PLACEMENT_3D('',#10471,#8313,#8314);
#7072=AXIS2_PLACEMENT_3D('',#10472,#8315,#8316);
#7073=AXIS2_PLACEMENT_3D('',#10473,#8317,#8318);
#7074=AXIS2_PLACEMENT_3D('',#10475,#8319,#8320);
#7075=AXIS2_PLACEMENT_3D('',#10477,#8321,#8322);
#7076=AXIS2_PLACEMENT_3D('',#10478,#8323,#8324);
#7077=AXIS2_PLACEMENT_3D('',#10479,#8325,#8326);
#7078=AXIS2_PLACEMENT_3D('',#10483,#8328,#8329);
#7079=AXIS2_PLACEMENT_3D('',#10485,#8331,#8332);
#7080=AXIS2_PLACEMENT_3D('',#10487,#8333,#8334);
#7081=AXIS2_PLACEMENT_3D('',#10489,#8335,#8336);
#7082=AXIS2_PLACEMENT_3D('',#10490,#8337,#8338);
#7083=AXIS2_PLACEMENT_3D('',#10491,#8339,#8340);
#7084=AXIS2_PLACEMENT_3D('',#10495,#8342,#8343);
#7085=AXIS2_PLACEMENT_3D('',#10497,#8345,#8346);
#7086=AXIS2_PLACEMENT_3D('',#10499,#8347,#8348);
#7087=AXIS2_PLACEMENT_3D('',#10501,#8349,#8350);
#7088=AXIS2_PLACEMENT_3D('',#10502,#8351,#8352);
#7089=AXIS2_PLACEMENT_3D('',#10503,#8353,#8354);
#7090=AXIS2_PLACEMENT_3D('',#10505,#8355,#8356);
#7091=AXIS2_PLACEMENT_3D('',#10507,#8357,#8358);
#7092=AXIS2_PLACEMENT_3D('',#10508,#8359,#8360);
#7093=AXIS2_PLACEMENT_3D('',#10509,#8361,#8362);
#7094=AXIS2_PLACEMENT_3D('',#10511,#8363,#8364);
#7095=AXIS2_PLACEMENT_3D('',#10513,#8365,#8366);
#7096=AXIS2_PLACEMENT_3D('',#10514,#8367,#8368);
#7097=AXIS2_PLACEMENT_3D('',#10515,#8369,#8370);
#7098=AXIS2_PLACEMENT_3D('',#10519,#8372,#8373);
#7099=AXIS2_PLACEMENT_3D('',#10521,#8375,#8376);
#7100=AXIS2_PLACEMENT_3D('',#10523,#8377,#8378);
#7101=AXIS2_PLACEMENT_3D('',#10525,#8379,#8380);
#7102=AXIS2_PLACEMENT_3D('',#10526,#8381,#8382);
#7103=AXIS2_PLACEMENT_3D('',#10527,#8383,#8384);
#7104=AXIS2_PLACEMENT_3D('',#10529,#8385,#8386);
#7105=AXIS2_PLACEMENT_3D('',#10531,#8387,#8388);
#7106=AXIS2_PLACEMENT_3D('',#10532,#8389,#8390);
#7107=AXIS2_PLACEMENT_3D('',#10533,#8391,#8392);
#7108=AXIS2_PLACEMENT_3D('',#10535,#8393,#8394);
#7109=AXIS2_PLACEMENT_3D('',#10537,#8395,#8396);
#7110=AXIS2_PLACEMENT_3D('',#10538,#8397,#8398);
#7111=AXIS2_PLACEMENT_3D('',#10539,#8399,#8400);
#7112=AXIS2_PLACEMENT_3D('',#10543,#8402,#8403);
#7113=AXIS2_PLACEMENT_3D('',#10545,#8405,#8406);
#7114=AXIS2_PLACEMENT_3D('',#10547,#8407,#8408);
#7115=AXIS2_PLACEMENT_3D('',#10549,#8409,#8410);
#7116=AXIS2_PLACEMENT_3D('',#10550,#8411,#8412);
#7117=AXIS2_PLACEMENT_3D('',#10551,#8413,#8414);
#7118=AXIS2_PLACEMENT_3D('',#10553,#8415,#8416);
#7119=AXIS2_PLACEMENT_3D('',#10555,#8417,#8418);
#7120=AXIS2_PLACEMENT_3D('',#10556,#8419,#8420);
#7121=AXIS2_PLACEMENT_3D('',#10557,#8421,#8422);
#7122=AXIS2_PLACEMENT_3D('',#10559,#8423,#8424);
#7123=AXIS2_PLACEMENT_3D('',#10561,#8425,#8426);
#7124=AXIS2_PLACEMENT_3D('',#10562,#8427,#8428);
#7125=AXIS2_PLACEMENT_3D('',#10563,#8429,#8430);
#7126=AXIS2_PLACEMENT_3D('',#10567,#8432,#8433);
#7127=AXIS2_PLACEMENT_3D('',#10569,#8435,#8436);
#7128=AXIS2_PLACEMENT_3D('',#10571,#8437,#8438);
#7129=AXIS2_PLACEMENT_3D('',#10573,#8439,#8440);
#7130=AXIS2_PLACEMENT_3D('',#10574,#8441,#8442);
#7131=AXIS2_PLACEMENT_3D('',#10575,#8443,#8444);
#7132=AXIS2_PLACEMENT_3D('',#10579,#8446,#8447);
#7133=AXIS2_PLACEMENT_3D('',#10581,#8449,#8450);
#7134=AXIS2_PLACEMENT_3D('',#10583,#8451,#8452);
#7135=AXIS2_PLACEMENT_3D('',#10585,#8453,#8454);
#7136=AXIS2_PLACEMENT_3D('',#10586,#8455,#8456);
#7137=AXIS2_PLACEMENT_3D('',#10587,#8457,#8458);
#7138=AXIS2_PLACEMENT_3D('',#10589,#8459,#8460);
#7139=AXIS2_PLACEMENT_3D('',#10591,#8461,#8462);
#7140=AXIS2_PLACEMENT_3D('',#10592,#8463,#8464);
#7141=AXIS2_PLACEMENT_3D('',#10593,#8465,#8466);
#7142=AXIS2_PLACEMENT_3D('',#10595,#8467,#8468);
#7143=AXIS2_PLACEMENT_3D('',#10597,#8469,#8470);
#7144=AXIS2_PLACEMENT_3D('',#10598,#8471,#8472);
#7145=AXIS2_PLACEMENT_3D('',#10599,#8473,#8474);
#7146=AXIS2_PLACEMENT_3D('',#10603,#8476,#8477);
#7147=AXIS2_PLACEMENT_3D('',#10605,#8479,#8480);
#7148=AXIS2_PLACEMENT_3D('',#10607,#8481,#8482);
#7149=AXIS2_PLACEMENT_3D('',#10609,#8483,#8484);
#7150=AXIS2_PLACEMENT_3D('',#10610,#8485,#8486);
#7151=AXIS2_PLACEMENT_3D('',#10611,#8487,#8488);
#7152=AXIS2_PLACEMENT_3D('',#10613,#8489,#8490);
#7153=AXIS2_PLACEMENT_3D('',#10615,#8491,#8492);
#7154=AXIS2_PLACEMENT_3D('',#10616,#8493,#8494);
#7155=AXIS2_PLACEMENT_3D('',#10617,#8495,#8496);
#7156=AXIS2_PLACEMENT_3D('',#10619,#8497,#8498);
#7157=AXIS2_PLACEMENT_3D('',#10621,#8499,#8500);
#7158=AXIS2_PLACEMENT_3D('',#10622,#8501,#8502);
#7159=AXIS2_PLACEMENT_3D('',#10623,#8503,#8504);
#7160=AXIS2_PLACEMENT_3D('',#10627,#8506,#8507);
#7161=AXIS2_PLACEMENT_3D('',#10629,#8509,#8510);
#7162=AXIS2_PLACEMENT_3D('',#10631,#8511,#8512);
#7163=AXIS2_PLACEMENT_3D('',#10633,#8513,#8514);
#7164=AXIS2_PLACEMENT_3D('',#10634,#8515,#8516);
#7165=AXIS2_PLACEMENT_3D('',#10635,#8517,#8518);
#7166=AXIS2_PLACEMENT_3D('',#10639,#8520,#8521);
#7167=AXIS2_PLACEMENT_3D('',#10641,#8523,#8524);
#7168=AXIS2_PLACEMENT_3D('',#10643,#8525,#8526);
#7169=AXIS2_PLACEMENT_3D('',#10645,#8527,#8528);
#7170=AXIS2_PLACEMENT_3D('',#10646,#8529,#8530);
#7171=AXIS2_PLACEMENT_3D('',#10647,#8531,#8532);
#7172=AXIS2_PLACEMENT_3D('',#10649,#8533,#8534);
#7173=AXIS2_PLACEMENT_3D('',#10651,#8535,#8536);
#7174=AXIS2_PLACEMENT_3D('',#10652,#8537,#8538);
#7175=AXIS2_PLACEMENT_3D('',#10653,#8539,#8540);
#7176=AXIS2_PLACEMENT_3D('',#10655,#8541,#8542);
#7177=AXIS2_PLACEMENT_3D('',#10657,#8543,#8544);
#7178=AXIS2_PLACEMENT_3D('',#10658,#8545,#8546);
#7179=AXIS2_PLACEMENT_3D('',#10659,#8547,#8548);
#7180=AXIS2_PLACEMENT_3D('',#10663,#8550,#8551);
#7181=AXIS2_PLACEMENT_3D('',#10665,#8553,#8554);
#7182=AXIS2_PLACEMENT_3D('',#10667,#8555,#8556);
#7183=AXIS2_PLACEMENT_3D('',#10669,#8557,#8558);
#7184=AXIS2_PLACEMENT_3D('',#10670,#8559,#8560);
#7185=AXIS2_PLACEMENT_3D('',#10671,#8561,#8562);
#7186=AXIS2_PLACEMENT_3D('',#10673,#8563,#8564);
#7187=AXIS2_PLACEMENT_3D('',#10675,#8565,#8566);
#7188=AXIS2_PLACEMENT_3D('',#10676,#8567,#8568);
#7189=AXIS2_PLACEMENT_3D('',#10677,#8569,#8570);
#7190=AXIS2_PLACEMENT_3D('',#10679,#8571,#8572);
#7191=AXIS2_PLACEMENT_3D('',#10681,#8573,#8574);
#7192=AXIS2_PLACEMENT_3D('',#10682,#8575,#8576);
#7193=AXIS2_PLACEMENT_3D('',#10683,#8577,#8578);
#7194=AXIS2_PLACEMENT_3D('',#10687,#8580,#8581);
#7195=AXIS2_PLACEMENT_3D('',#10689,#8583,#8584);
#7196=AXIS2_PLACEMENT_3D('',#10691,#8585,#8586);
#7197=AXIS2_PLACEMENT_3D('',#10693,#8587,#8588);
#7198=AXIS2_PLACEMENT_3D('',#10694,#8589,#8590);
#7199=AXIS2_PLACEMENT_3D('',#10695,#8591,#8592);
#7200=AXIS2_PLACEMENT_3D('',#10697,#8593,#8594);
#7201=AXIS2_PLACEMENT_3D('',#10699,#8595,#8596);
#7202=AXIS2_PLACEMENT_3D('',#10700,#8597,#8598);
#7203=AXIS2_PLACEMENT_3D('',#10701,#8599,#8600);
#7204=AXIS2_PLACEMENT_3D('',#10703,#8601,#8602);
#7205=AXIS2_PLACEMENT_3D('',#10705,#8603,#8604);
#7206=AXIS2_PLACEMENT_3D('',#10706,#8605,#8606);
#7207=AXIS2_PLACEMENT_3D('',#10707,#8607,#8608);
#7208=AXIS2_PLACEMENT_3D('',#10711,#8610,#8611);
#7209=AXIS2_PLACEMENT_3D('',#10713,#8613,#8614);
#7210=AXIS2_PLACEMENT_3D('',#10715,#8615,#8616);
#7211=AXIS2_PLACEMENT_3D('',#10717,#8617,#8618);
#7212=AXIS2_PLACEMENT_3D('',#10718,#8619,#8620);
#7213=AXIS2_PLACEMENT_3D('',#10719,#8621,#8622);
#7214=AXIS2_PLACEMENT_3D('',#10723,#8624,#8625);
#7215=AXIS2_PLACEMENT_3D('',#10725,#8627,#8628);
#7216=AXIS2_PLACEMENT_3D('',#10727,#8629,#8630);
#7217=AXIS2_PLACEMENT_3D('',#10729,#8631,#8632);
#7218=AXIS2_PLACEMENT_3D('',#10730,#8633,#8634);
#7219=AXIS2_PLACEMENT_3D('',#10731,#8635,#8636);
#7220=AXIS2_PLACEMENT_3D('',#10733,#8637,#8638);
#7221=AXIS2_PLACEMENT_3D('',#10735,#8639,#8640);
#7222=AXIS2_PLACEMENT_3D('',#10736,#8641,#8642);
#7223=AXIS2_PLACEMENT_3D('',#10737,#8643,#8644);
#7224=AXIS2_PLACEMENT_3D('',#10739,#8645,#8646);
#7225=AXIS2_PLACEMENT_3D('',#10741,#8647,#8648);
#7226=AXIS2_PLACEMENT_3D('',#10742,#8649,#8650);
#7227=AXIS2_PLACEMENT_3D('',#10743,#8651,#8652);
#7228=AXIS2_PLACEMENT_3D('',#10746,#8655,#8656);
#7229=AXIS2_PLACEMENT_3D('',#10750,#8658,#8659);
#7230=AXIS2_PLACEMENT_3D('',#10752,#8661,#8662);
#7231=AXIS2_PLACEMENT_3D('',#10756,#8664,#8665);
#7232=AXIS2_PLACEMENT_3D('',#10767,#8666,#8667);
#7233=AXIS2_PLACEMENT_3D('',#10771,#8670,#8671);
#7234=AXIS2_PLACEMENT_3D('',#10774,#8673,#8674);
#7235=AXIS2_PLACEMENT_3D('',#10775,#8675,#8676);
#7236=AXIS2_PLACEMENT_3D('',#10779,#8679,#8680);
#7237=AXIS2_PLACEMENT_3D('',#10793,#8682,#8683);
#7238=AXIS2_PLACEMENT_3D('',#10794,#8684,#8685);
#7239=AXIS2_PLACEMENT_3D('',#10797,#8687,#8688);
#7240=AXIS2_PLACEMENT_3D('',#10798,#8689,#8690);
#7241=AXIS2_PLACEMENT_3D('',#10802,#8692,#8693);
#7242=AXIS2_PLACEMENT_3D('',#10813,#8694,#8695);
#7243=AXIS2_PLACEMENT_3D('',#10817,#8698,#8699);
#7244=AXIS2_PLACEMENT_3D('',#10831,#8701,#8702);
#7245=AXIS2_PLACEMENT_3D('',#10832,#8703,#8704);
#7246=AXIS2_PLACEMENT_3D('',#10835,#8706,#8707);
#7247=AXIS2_PLACEMENT_3D('',#10836,#8708,#8709);
#7248=AXIS2_PLACEMENT_3D('',#10840,#8711,#8712);
#7249=AXIS2_PLACEMENT_3D('',#10851,#8713,#8714);
#7250=AXIS2_PLACEMENT_3D('',#10855,#8717,#8718);
#7251=AXIS2_PLACEMENT_3D('',#10869,#8720,#8721);
#7252=AXIS2_PLACEMENT_3D('',#10870,#8722,#8723);
#7253=AXIS2_PLACEMENT_3D('',#10873,#8725,#8726);
#7254=AXIS2_PLACEMENT_3D('',#10874,#8727,#8728);
#7255=AXIS2_PLACEMENT_3D('',#10878,#8730,#8731);
#7256=AXIS2_PLACEMENT_3D('',#10889,#8732,#8733);
#7257=AXIS2_PLACEMENT_3D('',#10893,#8736,#8737);
#7258=AXIS2_PLACEMENT_3D('',#10896,#8739,#8740);
#7259=AXIS2_PLACEMENT_3D('',#10897,#8741,#8742);
#7260=AXIS2_PLACEMENT_3D('',#10901,#8745,#8746);
#7261=AXIS2_PLACEMENT_3D('',#10915,#8748,#8749);
#7262=AXIS2_PLACEMENT_3D('',#10916,#8750,#8751);
#7263=AXIS2_PLACEMENT_3D('',#10919,#8753,#8754);
#7264=AXIS2_PLACEMENT_3D('',#10920,#8755,#8756);
#7265=AXIS2_PLACEMENT_3D('',#10924,#8758,#8759);
#7266=AXIS2_PLACEMENT_3D('',#10935,#8760,#8761);
#7267=AXIS2_PLACEMENT_3D('',#10939,#8764,#8765);
#7268=AXIS2_PLACEMENT_3D('',#10953,#8767,#8768);
#7269=AXIS2_PLACEMENT_3D('',#10954,#8769,#8770);
#7270=AXIS2_PLACEMENT_3D('',#10957,#8773,#8774);
#7271=AXIS2_PLACEMENT_3D('',#10959,#8776,#8777);
#7272=AXIS2_PLACEMENT_3D('',#10961,#8779,#8780);
#7273=AXIS2_PLACEMENT_3D('',#10963,#8782,#8783);
#7274=AXIS2_PLACEMENT_3D('',#10965,#8785,#8786);
#7275=AXIS2_PLACEMENT_3D('',#10967,#8788,#8789);
#7276=AXIS2_PLACEMENT_3D('',#10969,#8791,#8792);
#7277=AXIS2_PLACEMENT_3D('',#10971,#8794,#8795);
#7278=AXIS2_PLACEMENT_3D('',#10973,#8797,#8798);
#7279=AXIS2_PLACEMENT_3D('',#10975,#8800,#8801);
#7280=AXIS2_PLACEMENT_3D('',#10977,#8803,#8804);
#7281=AXIS2_PLACEMENT_3D('',#10979,#8806,#8807);
#7282=AXIS2_PLACEMENT_3D('',#10981,#8809,#8810);
#7283=AXIS2_PLACEMENT_3D('',#10983,#8812,#8813);
#7284=AXIS2_PLACEMENT_3D('',#10985,#8815,#8816);
#7285=AXIS2_PLACEMENT_3D('',#10987,#8818,#8819);
#7286=AXIS2_PLACEMENT_3D('',#10989,#8821,#8822);
#7287=AXIS2_PLACEMENT_3D('',#10991,#8824,#8825);
#7288=AXIS2_PLACEMENT_3D('',#10993,#8827,#8828);
#7289=AXIS2_PLACEMENT_3D('',#10995,#8830,#8831);
#7290=AXIS2_PLACEMENT_3D('',#10997,#8833,#8834);
#7291=AXIS2_PLACEMENT_3D('',#10999,#8836,#8837);
#7292=AXIS2_PLACEMENT_3D('',#11001,#8839,#8840);
#7293=AXIS2_PLACEMENT_3D('',#11003,#8842,#8843);
#7294=AXIS2_PLACEMENT_3D('',#11005,#8845,#8846);
#7295=AXIS2_PLACEMENT_3D('',#11007,#8848,#8849);
#7296=AXIS2_PLACEMENT_3D('',#11009,#8851,#8852);
#7297=AXIS2_PLACEMENT_3D('',#11011,#8854,#8855);
#7298=AXIS2_PLACEMENT_3D('',#11013,#8857,#8858);
#7299=AXIS2_PLACEMENT_3D('',#11015,#8860,#8861);
#7300=AXIS2_PLACEMENT_3D('',#11017,#8863,#8864);
#7301=AXIS2_PLACEMENT_3D('',#11019,#8866,#8867);
#7302=AXIS2_PLACEMENT_3D('',#11021,#8869,#8870);
#7303=AXIS2_PLACEMENT_3D('',#11023,#8872,#8873);
#7304=AXIS2_PLACEMENT_3D('',#11025,#8875,#8876);
#7305=AXIS2_PLACEMENT_3D('',#11027,#8878,#8879);
#7306=AXIS2_PLACEMENT_3D('',#11029,#8881,#8882);
#7307=AXIS2_PLACEMENT_3D('',#11031,#8884,#8885);
#7308=AXIS2_PLACEMENT_3D('',#11033,#8887,#8888);
#7309=AXIS2_PLACEMENT_3D('',#11035,#8890,#8891);
#7310=AXIS2_PLACEMENT_3D('',#11037,#8893,#8894);
#7311=AXIS2_PLACEMENT_3D('',#11039,#8896,#8897);
#7312=AXIS2_PLACEMENT_3D('',#11041,#8899,#8900);
#7313=AXIS2_PLACEMENT_3D('',#11043,#8902,#8903);
#7314=AXIS2_PLACEMENT_3D('',#11045,#8905,#8906);
#7315=AXIS2_PLACEMENT_3D('',#11047,#8908,#8909);
#7316=AXIS2_PLACEMENT_3D('',#11049,#8911,#8912);
#7317=AXIS2_PLACEMENT_3D('',#11050,#8913,#8914);
#7318=AXIS2_PLACEMENT_3D('',#11054,#8916,#8917);
#7319=AXIS2_PLACEMENT_3D('',#11056,#8919,#8920);
#7320=AXIS2_PLACEMENT_3D('',#11060,#8923,#8924);
#7321=AXIS2_PLACEMENT_3D('',#11074,#8926,#8927);
#7322=AXIS2_PLACEMENT_3D('',#11075,#8928,#8929);
#7323=AXIS2_PLACEMENT_3D('',#11078,#8931,#8932);
#7324=AXIS2_PLACEMENT_3D('',#11079,#8933,#8934);
#7325=AXIS2_PLACEMENT_3D('',#11083,#8936,#8937);
#7326=AXIS2_PLACEMENT_3D('',#11094,#8938,#8939);
#7327=AXIS2_PLACEMENT_3D('',#11098,#8942,#8943);
#7328=AXIS2_PLACEMENT_3D('',#11112,#8945,#8946);
#7329=AXIS2_PLACEMENT_3D('',#11113,#8947,#8948);
#7330=AXIS2_PLACEMENT_3D('',#11116,#8950,#8951);
#7331=AXIS2_PLACEMENT_3D('',#11117,#8952,#8953);
#7332=AXIS2_PLACEMENT_3D('',#11121,#8955,#8956);
#7333=AXIS2_PLACEMENT_3D('',#11132,#8957,#8958);
#7334=AXIS2_PLACEMENT_3D('',#11136,#8961,#8962);
#7335=AXIS2_PLACEMENT_3D('',#11150,#8964,#8965);
#7336=AXIS2_PLACEMENT_3D('',#11151,#8966,#8967);
#7337=AXIS2_PLACEMENT_3D('',#11154,#8969,#8970);
#7338=AXIS2_PLACEMENT_3D('',#11155,#8971,#8972);
#7339=AXIS2_PLACEMENT_3D('',#11159,#8974,#8975);
#7340=AXIS2_PLACEMENT_3D('',#11170,#8976,#8977);
#7341=AXIS2_PLACEMENT_3D('',#11174,#8980,#8981);
#7342=AXIS2_PLACEMENT_3D('',#11177,#8983,#8984);
#7343=AXIS2_PLACEMENT_3D('',#11178,#8985,#8986);
#7344=AXIS2_PLACEMENT_3D('',#11182,#8989,#8990);
#7345=AXIS2_PLACEMENT_3D('',#11196,#8992,#8993);
#7346=AXIS2_PLACEMENT_3D('',#11197,#8994,#8995);
#7347=AXIS2_PLACEMENT_3D('',#11200,#8997,#8998);
#7348=AXIS2_PLACEMENT_3D('',#11201,#8999,#9000);
#7349=AXIS2_PLACEMENT_3D('',#11205,#9002,#9003);
#7350=AXIS2_PLACEMENT_3D('',#11216,#9004,#9005);
#7351=AXIS2_PLACEMENT_3D('',#11220,#9008,#9009);
#7352=AXIS2_PLACEMENT_3D('',#11232,#9010,#9011);
#7353=AXIS2_PLACEMENT_3D('',#11233,#9012,#9013);
#7354=AXIS2_PLACEMENT_3D('',#11235,#9014,#9015);
#7355=AXIS2_PLACEMENT_3D('',#11239,#9017,#9018);
#7356=AXIS2_PLACEMENT_3D('',#11240,#9019,#9020);
#7357=AXIS2_PLACEMENT_3D('',#11241,#9021,#9022);
#7358=AXIS2_PLACEMENT_3D('',#11243,#9023,#9024);
#7359=AXIS2_PLACEMENT_3D('',#11244,#9025,#9026);
#7360=AXIS2_PLACEMENT_3D('',#11246,#9027,#9028);
#7361=AXIS2_PLACEMENT_3D('',#11248,#9030,#9031);
#7362=AXIS2_PLACEMENT_3D('',#11250,#9032,#9033);
#7363=AXIS2_PLACEMENT_3D('',#11254,#9035,#9036);
#7364=AXIS2_PLACEMENT_3D('',#11255,#9037,#9038);
#7365=AXIS2_PLACEMENT_3D('',#11256,#9039,#9040);
#7366=AXIS2_PLACEMENT_3D('',#11258,#9041,#9042);
#7367=AXIS2_PLACEMENT_3D('',#11259,#9043,#9044);
#7368=AXIS2_PLACEMENT_3D('',#11261,#9045,#9046);
#7369=AXIS2_PLACEMENT_3D('',#11263,#9048,#9049);
#7370=AXIS2_PLACEMENT_3D('',#11265,#9050,#9051);
#7371=AXIS2_PLACEMENT_3D('',#11269,#9053,#9054);
#7372=AXIS2_PLACEMENT_3D('',#11270,#9055,#9056);
#7373=AXIS2_PLACEMENT_3D('',#11271,#9057,#9058);
#7374=AXIS2_PLACEMENT_3D('',#11273,#9059,#9060);
#7375=AXIS2_PLACEMENT_3D('',#11274,#9061,#9062);
#7376=AXIS2_PLACEMENT_3D('',#11276,#9063,#9064);
#7377=AXIS2_PLACEMENT_3D('',#11278,#9066,#9067);
#7378=AXIS2_PLACEMENT_3D('',#11280,#9068,#9069);
#7379=AXIS2_PLACEMENT_3D('',#11284,#9071,#9072);
#7380=AXIS2_PLACEMENT_3D('',#11285,#9073,#9074);
#7381=AXIS2_PLACEMENT_3D('',#11286,#9075,#9076);
#7382=AXIS2_PLACEMENT_3D('',#11288,#9077,#9078);
#7383=AXIS2_PLACEMENT_3D('',#11289,#9079,#9080);
#7384=AXIS2_PLACEMENT_3D('',#11291,#9081,#9082);
#7385=AXIS2_PLACEMENT_3D('',#11293,#9084,#9085);
#7386=AXIS2_PLACEMENT_3D('',#11295,#9086,#9087);
#7387=AXIS2_PLACEMENT_3D('',#11299,#9089,#9090);
#7388=AXIS2_PLACEMENT_3D('',#11300,#9091,#9092);
#7389=AXIS2_PLACEMENT_3D('',#11301,#9093,#9094);
#7390=AXIS2_PLACEMENT_3D('',#11303,#9095,#9096);
#7391=AXIS2_PLACEMENT_3D('',#11304,#9097,#9098);
#7392=AXIS2_PLACEMENT_3D('',#11306,#9099,#9100);
#7393=AXIS2_PLACEMENT_3D('',#11308,#9102,#9103);
#7394=AXIS2_PLACEMENT_3D('',#11310,#9104,#9105);
#7395=AXIS2_PLACEMENT_3D('',#11314,#9107,#9108);
#7396=AXIS2_PLACEMENT_3D('',#11315,#9109,#9110);
#7397=AXIS2_PLACEMENT_3D('',#11316,#9111,#9112);
#7398=AXIS2_PLACEMENT_3D('',#11318,#9113,#9114);
#7399=AXIS2_PLACEMENT_3D('',#11319,#9115,#9116);
#7400=AXIS2_PLACEMENT_3D('',#11321,#9117,#9118);
#7401=AXIS2_PLACEMENT_3D('',#11323,#9120,#9121);
#7402=AXIS2_PLACEMENT_3D('',#11325,#9122,#9123);
#7403=AXIS2_PLACEMENT_3D('',#11329,#9125,#9126);
#7404=AXIS2_PLACEMENT_3D('',#11330,#9127,#9128);
#7405=AXIS2_PLACEMENT_3D('',#11331,#9129,#9130);
#7406=AXIS2_PLACEMENT_3D('',#11333,#9131,#9132);
#7407=AXIS2_PLACEMENT_3D('',#11334,#9133,#9134);
#7408=AXIS2_PLACEMENT_3D('',#11336,#9135,#9136);
#7409=AXIS2_PLACEMENT_3D('',#11338,#9138,#9139);
#7410=AXIS2_PLACEMENT_3D('',#11340,#9140,#9141);
#7411=AXIS2_PLACEMENT_3D('',#11344,#9143,#9144);
#7412=AXIS2_PLACEMENT_3D('',#11345,#9145,#9146);
#7413=AXIS2_PLACEMENT_3D('',#11346,#9147,#9148);
#7414=AXIS2_PLACEMENT_3D('',#11348,#9149,#9150);
#7415=AXIS2_PLACEMENT_3D('',#11349,#9151,#9152);
#7416=AXIS2_PLACEMENT_3D('',#11351,#9153,#9154);
#7417=AXIS2_PLACEMENT_3D('',#11353,#9156,#9157);
#7418=AXIS2_PLACEMENT_3D('',#11355,#9158,#9159);
#7419=AXIS2_PLACEMENT_3D('',#11359,#9161,#9162);
#7420=AXIS2_PLACEMENT_3D('',#11360,#9163,#9164);
#7421=AXIS2_PLACEMENT_3D('',#11361,#9165,#9166);
#7422=AXIS2_PLACEMENT_3D('',#11363,#9167,#9168);
#7423=AXIS2_PLACEMENT_3D('',#11364,#9169,#9170);
#7424=AXIS2_PLACEMENT_3D('',#11366,#9171,#9172);
#7425=AXIS2_PLACEMENT_3D('',#11368,#9174,#9175);
#7426=AXIS2_PLACEMENT_3D('',#11370,#9176,#9177);
#7427=AXIS2_PLACEMENT_3D('',#11374,#9179,#9180);
#7428=AXIS2_PLACEMENT_3D('',#11375,#9181,#9182);
#7429=AXIS2_PLACEMENT_3D('',#11376,#9183,#9184);
#7430=AXIS2_PLACEMENT_3D('',#11378,#9185,#9186);
#7431=AXIS2_PLACEMENT_3D('',#11379,#9187,#9188);
#7432=AXIS2_PLACEMENT_3D('',#11381,#9189,#9190);
#7433=AXIS2_PLACEMENT_3D('',#11383,#9192,#9193);
#7434=AXIS2_PLACEMENT_3D('',#11388,#9195,#9196);
#7435=AXIS2_PLACEMENT_3D('',#11391,#9198,#9199);
#7436=AXIS2_PLACEMENT_3D('',#11392,#9200,#9201);
#7437=AXIS2_PLACEMENT_3D('',#11398,#9205,#9206);
#7438=AXIS2_PLACEMENT_3D('',#11402,#9208,#9209);
#7439=AXIS2_PLACEMENT_3D('',#11403,#9210,#9211);
#7440=AXIS2_PLACEMENT_3D('',#11404,#9212,#9213);
#7441=AXIS2_PLACEMENT_3D('',#11410,#9217,#9218);
#7442=AXIS2_PLACEMENT_3D('',#11414,#9220,#9221);
#7443=AXIS2_PLACEMENT_3D('',#11415,#9222,#9223);
#7444=AXIS2_PLACEMENT_3D('',#11416,#9224,#9225);
#7445=AXIS2_PLACEMENT_3D('',#11422,#9229,#9230);
#7446=AXIS2_PLACEMENT_3D('',#11426,#9232,#9233);
#7447=AXIS2_PLACEMENT_3D('',#11427,#9234,#9235);
#7448=AXIS2_PLACEMENT_3D('',#11428,#9236,#9237);
#7449=AXIS2_PLACEMENT_3D('',#11431,#9240,#9241);
#7450=AXIS2_PLACEMENT_3D('',#11437,#9245,#9246);
#7451=AXIS2_PLACEMENT_3D('',#11440,#9248,#9249);
#7452=AXIS2_PLACEMENT_3D('',#11441,#9250,#9251);
#7453=AXIS2_PLACEMENT_3D('',#11445,#9254,#9255);
#7454=AXIS2_PLACEMENT_3D('',#11448,#9257,#9258);
#7455=AXIS2_PLACEMENT_3D('',#11449,#9259,#9260);
#7456=AXIS2_PLACEMENT_3D('',#11454,#9262,#9263);
#7457=AXIS2_PLACEMENT_3D('',#11458,#9265,#9266);
#7458=AXIS2_PLACEMENT_3D('',#11462,#9268,#9269);
#7459=AXIS2_PLACEMENT_3D('',#11465,#9271,#9272);
#7460=AXIS2_PLACEMENT_3D('',#11467,#9273,#9274);
#7461=AXIS2_PLACEMENT_3D('',#11472,#9276,#9277);
#7462=AXIS2_PLACEMENT_3D('',#11476,#9279,#9280);
#7463=AXIS2_PLACEMENT_3D('',#11480,#9282,#9283);
#7464=AXIS2_PLACEMENT_3D('',#11483,#9285,#9286);
#7465=AXIS2_PLACEMENT_3D('',#11486,#9287,#9288);
#7466=AXIS2_PLACEMENT_3D('',#11490,#9290,#9291);
#7467=AXIS2_PLACEMENT_3D('',#11494,#9293,#9294);
#7468=AXIS2_PLACEMENT_3D('',#11498,#9296,#9297);
#7469=AXIS2_PLACEMENT_3D('',#11502,#9299,#9300);
#7470=AXIS2_PLACEMENT_3D('',#11506,#9302,#9303);
#7471=AXIS2_PLACEMENT_3D('',#11508,#9305,#9306);
#7472=AXIS2_PLACEMENT_3D('',#11513,#9309,#9310);
#7473=AXIS2_PLACEMENT_3D('',#11514,#9311,#9312);
#7474=AXIS2_PLACEMENT_3D('',#11518,#9315,#9316);
#7475=AXIS2_PLACEMENT_3D('',#11521,#9318,#9319);
#7476=AXIS2_PLACEMENT_3D('',#11522,#9320,#9321);
#7477=AXIS2_PLACEMENT_3D('',#11526,#9324,#9325);
#7478=AXIS2_PLACEMENT_3D('',#11530,#9327,#9328);
#7479=AXIS2_PLACEMENT_3D('',#11531,#9329,#9330);
#7480=AXIS2_PLACEMENT_3D('',#11532,#9331,#9332);
#7481=AXIS2_PLACEMENT_3D('',#11538,#9336,#9337);
#7482=AXIS2_PLACEMENT_3D('',#11542,#9339,#9340);
#7483=AXIS2_PLACEMENT_3D('',#11543,#9341,#9342);
#7484=AXIS2_PLACEMENT_3D('',#11544,#9343,#9344);
#7485=AXIS2_PLACEMENT_3D('',#11547,#9347,#9348);
#7486=AXIS2_PLACEMENT_3D('',#11550,#9351,#9352);
#7487=AXIS2_PLACEMENT_3D('',#11552,#9354,#9355);
#7488=AXIS2_PLACEMENT_3D('',#11553,#9356,#9357);
#7489=AXIS2_PLACEMENT_3D('',#11558,#9359,#9360);
#7490=AXIS2_PLACEMENT_3D('',#11562,#9362,#9363);
#7491=AXIS2_PLACEMENT_3D('',#11566,#9365,#9366);
#7492=AXIS2_PLACEMENT_3D('',#11569,#9368,#9369);
#7493=AXIS2_PLACEMENT_3D('',#11570,#9370,#9371);
#7494=AXIS2_PLACEMENT_3D('',#11573,#9372,#9373);
#7495=AXIS2_PLACEMENT_3D('',#11576,#9376,#9377);
#7496=AXIS2_PLACEMENT_3D('',#11580,#9380,#9381);
#7497=AXIS2_PLACEMENT_3D('',#11582,#9382,#9383);
#7498=AXIS2_PLACEMENT_3D('',#11584,#9385,#9386);
#7499=AXIS2_PLACEMENT_3D('',#11588,#9389,#9390);
#7500=AXIS2_PLACEMENT_3D('',#11590,#9391,#9392);
#7501=AXIS2_PLACEMENT_3D('',#11592,#9394,#9395);
#7502=AXIS2_PLACEMENT_3D('',#11596,#9398,#9399);
#7503=AXIS2_PLACEMENT_3D('',#11598,#9400,#9401);
#7504=AXIS2_PLACEMENT_3D('',#11600,#9403,#9404);
#7505=AXIS2_PLACEMENT_3D('',#11602,#9406,#9407);
#7506=AXIS2_PLACEMENT_3D('',#12134,#9409,#9410);
#7507=AXIS2_PLACEMENT_3D('',#12135,#9411,#9412);
#7508=AXIS2_PLACEMENT_3D('',#12137,#9413,#9414);
#7509=AXIS2_PLACEMENT_3D('',#12149,#9415,#9416);
#7510=AXIS2_PLACEMENT_3D('',#12172,#9417,#9418);
#7511=AXIS2_PLACEMENT_3D('',#12173,#9419,#9420);
#7512=AXIS2_PLACEMENT_3D('',#12175,#9421,#9422);
#7513=AXIS2_PLACEMENT_3D('',#12179,#9424,#9425);
#7514=AXIS2_PLACEMENT_3D('',#12183,#9427,#9428);
#7515=AXIS2_PLACEMENT_3D('',#12187,#9430,#9431);
#7516=AXIS2_PLACEMENT_3D('',#12191,#9433,#9434);
#7517=AXIS2_PLACEMENT_3D('',#12195,#9436,#9437);
#7518=AXIS2_PLACEMENT_3D('',#12199,#9439,#9440);
#7519=AXIS2_PLACEMENT_3D('',#12203,#9442,#9443);
#7520=AXIS2_PLACEMENT_3D('',#12207,#9445,#9446);
#7521=AXIS2_PLACEMENT_3D('',#12211,#9448,#9449);
#7522=AXIS2_PLACEMENT_3D('',#12215,#9451,#9452);
#7523=AXIS2_PLACEMENT_3D('',#12219,#9454,#9455);
#7524=AXIS2_PLACEMENT_3D('',#12222,#9457,#9458);
#7525=AXIS2_PLACEMENT_3D('',#12224,#9459,#9460);
#7526=AXIS2_PLACEMENT_3D('',#12229,#9462,#9463);
#7527=AXIS2_PLACEMENT_3D('',#12233,#9465,#9466);
#7528=AXIS2_PLACEMENT_3D('',#12237,#9468,#9469);
#7529=AXIS2_PLACEMENT_3D('',#12240,#9471,#9472);
#7530=AXIS2_PLACEMENT_3D('',#12245,#9474,#9475);
#7531=AXIS2_PLACEMENT_3D('',#12249,#9477,#9478);
#7532=AXIS2_PLACEMENT_3D('',#12253,#9480,#9481);
#7533=AXIS2_PLACEMENT_3D('',#12256,#9483,#9484);
#7534=AXIS2_PLACEMENT_3D('',#12258,#9485,#9486);
#7535=AXIS2_PLACEMENT_3D('',#12259,#9487,#9488);
#7536=AXIS2_PLACEMENT_3D('',#12262,#9489,#9490);
#7537=AXIS2_PLACEMENT_3D('',#12265,#9493,#9494);
#7538=AXIS2_PLACEMENT_3D('',#12269,#9497,#9498);
#7539=AXIS2_PLACEMENT_3D('',#12272,#9499,#9500);
#7540=AXIS2_PLACEMENT_3D('',#12275,#9503,#9504);
#7541=AXIS2_PLACEMENT_3D('',#12277,#9506,#9507);
#7542=AXIS2_PLACEMENT_3D('',#12280,#9508,#9509);
#7543=AXIS2_PLACEMENT_3D('',#12283,#9512,#9513);
#7544=AXIS2_PLACEMENT_3D('',#12285,#9515,#9516);
#7545=AXIS2_PLACEMENT_3D('',#12287,#9517,#9518);
#7546=AXIS2_PLACEMENT_3D('',#12289,#9520,#9521);
#7547=AXIS2_PLACEMENT_3D('',#12291,#9523,#9524);
#7548=AXIS2_PLACEMENT_3D('',#12294,#9525,#9526);
#7549=AXIS2_PLACEMENT_3D('',#12297,#9529,#9530);
#7550=AXIS2_PLACEMENT_3D('',#12301,#9533,#9534);
#7551=AXIS2_PLACEMENT_3D('',#12304,#9535,#9536);
#7552=AXIS2_PLACEMENT_3D('',#12307,#9539,#9540);
#7553=AXIS2_PLACEMENT_3D('',#12309,#9542,#9543);
#7554=AXIS2_PLACEMENT_3D('',#12312,#9544,#9545);
#7555=AXIS2_PLACEMENT_3D('',#12315,#9548,#9549);
#7556=AXIS2_PLACEMENT_3D('',#12317,#9551,#9552);
#7557=AXIS2_PLACEMENT_3D('',#12319,#9553,#9554);
#7558=AXIS2_PLACEMENT_3D('',#12321,#9556,#9557);
#7559=AXIS2_PLACEMENT_3D('',#12323,#9559,#9560);
#7560=AXIS2_PLACEMENT_3D('',#12325,#9561,#9562);
#7561=AXIS2_PLACEMENT_3D('',#12327,#9564,#9565);
#7562=AXIS2_PLACEMENT_3D('',#12329,#9566,#9567);
#7563=AXIS2_PLACEMENT_3D('',#12331,#9569,#9570);
#7564=AXIS2_PLACEMENT_3D('',#12335,#9572,#9573);
#7565=AXIS2_PLACEMENT_3D('',#12337,#9575,#9576);
#7566=AXIS2_PLACEMENT_3D('',#12341,#9579,#9580);
#7567=AXIS2_PLACEMENT_3D('',#12344,#9582,#9583);
#7568=AXIS2_PLACEMENT_3D('',#12345,#9584,#9585);
#7569=AXIS2_PLACEMENT_3D('',#12349,#9588,#9589);
#7570=AXIS2_PLACEMENT_3D('',#12352,#9591,#9592);
#7571=AXIS2_PLACEMENT_3D('',#12353,#9593,#9594);
#7572=AXIS2_PLACEMENT_3D('',#12357,#9597,#9598);
#7573=AXIS2_PLACEMENT_3D('',#12360,#9600,#9601);
#7574=AXIS2_PLACEMENT_3D('',#12361,#9602,#9603);
#7575=AXIS2_PLACEMENT_3D('',#12365,#9606,#9607);
#7576=AXIS2_PLACEMENT_3D('',#12368,#9609,#9610);
#7577=AXIS2_PLACEMENT_3D('',#12369,#9611,#9612);
#7578=AXIS2_PLACEMENT_3D('',#12373,#9615,#9616);
#7579=AXIS2_PLACEMENT_3D('',#12376,#9618,#9619);
#7580=AXIS2_PLACEMENT_3D('',#12377,#9620,#9621);
#7581=AXIS2_PLACEMENT_3D('',#12379,#9623,#9624);
#7582=AXIS2_PLACEMENT_3D('',#12380,#9625,#9626);
#7583=AXIS2_PLACEMENT_3D('',#12386,#9630,#9631);
#7584=AXIS2_PLACEMENT_3D('',#12389,#9633,#9634);
#7585=AXIS2_PLACEMENT_3D('',#12390,#9635,#9636);
#7586=AXIS2_PLACEMENT_3D('',#12394,#9639,#9640);
#7587=AXIS2_PLACEMENT_3D('',#12397,#9642,#9643);
#7588=AXIS2_PLACEMENT_3D('',#12398,#9644,#9645);
#7589=AXIS2_PLACEMENT_3D('',#12402,#9648,#9649);
#7590=AXIS2_PLACEMENT_3D('',#12405,#9651,#9652);
#7591=AXIS2_PLACEMENT_3D('',#12406,#9653,#9654);
#7592=AXIS2_PLACEMENT_3D('',#12410,#9657,#9658);
#7593=AXIS2_PLACEMENT_3D('',#12411,#9659,#9660);
#7594=AXIS2_PLACEMENT_3D('',#12412,#9661,#9662);
#7595=AXIS2_PLACEMENT_3D('',#12413,#9663,#9664);
#7596=AXIS2_PLACEMENT_3D('',#12416,#9666,#9667);
#7597=AXIS2_PLACEMENT_3D('',#12417,#9668,#9669);
#7598=AXIS2_PLACEMENT_3D('',#12419,#9670,#9671);
#7599=AXIS2_PLACEMENT_3D('',#12420,#9672,#9673);
#7600=AXIS2_PLACEMENT_3D('',#12422,#9675,#9676);
#7601=AXIS2_PLACEMENT_3D('',#12425,#9678,#9679);
#7602=AXIS2_PLACEMENT_3D('',#12426,#9680,#9681);
#7603=AXIS2_PLACEMENT_3D('',#12429,#9683,#9684);
#7604=AXIS2_PLACEMENT_3D('',#12430,#9685,#9686);
#7605=AXIS2_PLACEMENT_3D('',#12433,#9688,#9689);
#7606=AXIS2_PLACEMENT_3D('',#12434,#9690,#9691);
#7607=AXIS2_PLACEMENT_3D('',#12437,#9693,#9694);
#7608=AXIS2_PLACEMENT_3D('',#12438,#9695,#9696);
#7609=AXIS2_PLACEMENT_3D('',#12441,#9698,#9699);
#7610=AXIS2_PLACEMENT_3D('',#12442,#9700,#9701);
#7611=AXIS2_PLACEMENT_3D('',#12445,#9703,#9704);
#7612=AXIS2_PLACEMENT_3D('',#12446,#9705,#9706);
#7613=AXIS2_PLACEMENT_3D('',#12449,#9708,#9709);
#7614=AXIS2_PLACEMENT_3D('',#12450,#9710,#9711);
#7615=AXIS2_PLACEMENT_3D('',#12453,#9713,#9714);
#7616=AXIS2_PLACEMENT_3D('',#12454,#9715,#9716);
#7617=AXIS2_PLACEMENT_3D('',#12457,#9718,#9719);
#7618=AXIS2_PLACEMENT_3D('',#12458,#9720,#9721);
#7619=AXIS2_PLACEMENT_3D('',#12461,#9723,#9724);
#7620=AXIS2_PLACEMENT_3D('',#12462,#9725,#9726);
#7621=AXIS2_PLACEMENT_3D('',#12473,#9727,#9728);
#7622=AXIS2_PLACEMENT_3D('',#12477,#9730,#9731);
#7623=AXIS2_PLACEMENT_3D('',#12480,#9733,#9734);
#7624=AXIS2_PLACEMENT_3D('',#12481,#9735,#9736);
#7625=AXIS2_PLACEMENT_3D('',#12502,#9737,#9738);
#7626=AXIS2_PLACEMENT_3D('',#12513,#9739,#9740);
#7627=AXIS2_PLACEMENT_3D('',#12524,#9741,#9742);
#7628=AXIS2_PLACEMENT_3D('',#12535,#9743,#9744);
#7629=AXIS2_PLACEMENT_3D('',#12556,#9745,#9746);
#7630=AXIS2_PLACEMENT_3D('',#12567,#9747,#9748);
#7631=AXIS2_PLACEMENT_3D('',#12569,#9750,#9751);
#7632=AXIS2_PLACEMENT_3D('',#12590,#9752,#9753);
#7633=AXIS2_PLACEMENT_3D('',#12601,#9754,#9755);
#7634=AXIS2_PLACEMENT_3D('',#12612,#9756,#9757);
#7635=AXIS2_PLACEMENT_3D('',#12633,#9758,#9759);
#7636=AXIS2_PLACEMENT_3D('',#12635,#9761,#9762);
#7637=AXIS2_PLACEMENT_3D('',#12646,#9763,#9764);
#7638=AXIS2_PLACEMENT_3D('',#12657,#9765,#9766);
#7639=AXIS2_PLACEMENT_3D('',#12668,#9767,#9768);
#7640=AXIS2_PLACEMENT_3D('',#12670,#9770,#9771);
#7641=AXIS2_PLACEMENT_3D('',#12672,#9773,#9774);
#7642=AXIS2_PLACEMENT_3D('',#12675,#9776,#9777);
#7643=AXIS2_PLACEMENT_3D('',#12676,#9778,#9779);
#7644=AXIS2_PLACEMENT_3D('',#12678,#9781,#9782);
#7645=AXIS2_PLACEMENT_3D('',#12684,#9786,#9787);
#7646=AXIS2_PLACEMENT_3D('',#12686,#9788,#9789);
#7647=AXIS2_PLACEMENT_3D('',#12688,#9791,#9792);
#7648=AXIS2_PLACEMENT_3D('',#12692,#9795,#9796);
#7649=AXIS2_PLACEMENT_3D('',#12694,#9797,#9798);
#7650=AXIS2_PLACEMENT_3D('',#12696,#9800,#9801);
#7651=AXIS2_PLACEMENT_3D('',#12700,#9804,#9805);
#7652=AXIS2_PLACEMENT_3D('',#12702,#9806,#9807);
#7653=AXIS2_PLACEMENT_3D('',#12704,#9809,#9810);
#7654=AXIS2_PLACEMENT_3D('',#12708,#9813,#9814);
#7655=AXIS2_PLACEMENT_3D('',#12709,#9815,#9816);
#7656=AXIS2_PLACEMENT_3D('',#12710,#9817,#9818);
#7657=AXIS2_PLACEMENT_3D('',#12714,#9820,#9821);
#7658=AXIS2_PLACEMENT_3D('',#12716,#9823,#9824);
#7659=AXIS2_PLACEMENT_3D('',#12720,#9827,#9828);
#7660=AXIS2_PLACEMENT_3D('',#12723,#9830,#9831);
#7661=AXIS2_PLACEMENT_3D('',#12724,#9832,#9833);
#7662=AXIS2_PLACEMENT_3D('',#12728,#9836,#9837);
#7663=AXIS2_PLACEMENT_3D('',#12729,#9838,#9839);
#7664=AXIS2_PLACEMENT_3D('',#12730,#9840,#9841);
#7665=AXIS2_PLACEMENT_3D('',#12732,#9843,#9844);
#7666=AXIS2_PLACEMENT_3D('',#12734,#9846,#9847);
#7667=AXIS2_PLACEMENT_3D('',#12735,#9848,#9849);
#7668=AXIS2_PLACEMENT_3D('',#12738,#9852,#9853);
#7669=AXIS2_PLACEMENT_3D('',#12740,#9855,#9856);
#7670=AXIS2_PLACEMENT_3D('',#12741,#9857,#9858);
#7671=AXIS2_PLACEMENT_3D('',#12742,#9859,#9860);
#7672=AXIS2_PLACEMENT_3D('',#12743,#9861,#9862);
#7673=AXIS2_PLACEMENT_3D('',#12747,#9864,#9865);
#7674=AXIS2_PLACEMENT_3D('',#12749,#9867,#9868);
#7675=AXIS2_PLACEMENT_3D('',#12752,#9870,#9871);
#7676=AXIS2_PLACEMENT_3D('',#12754,#9873,#9874);
#7677=AXIS2_PLACEMENT_3D('',#12755,#9875,#9876);
#7678=AXIS2_PLACEMENT_3D('',#12757,#9878,#9879);
#7679=DIRECTION('axis',(0.,0.,1.));
#7680=DIRECTION('refdir',(1.,0.,0.));
#7681=DIRECTION('center_axis',(0.,0.,1.));
#7682=DIRECTION('ref_axis',(0.,-1.,0.));
#7683=DIRECTION('',(0.695320842762658,0.128564869306629,-0.707106781186545));
#7684=DIRECTION('center_axis',(0.,0.,1.));
#7685=DIRECTION('ref_axis',(0.,-1.,0.));
#7686=DIRECTION('',(0.,-0.707106781186541,0.707106781186554));
#7687=DIRECTION('center_axis',(0.,0.,-1.));
#7688=DIRECTION('ref_axis',(0.,-1.,0.));
#7689=DIRECTION('center_axis',(0.,0.,-1.));
#7690=DIRECTION('ref_axis',(-0.983332166035638,0.181818181818157,0.));
#7691=DIRECTION('',(-0.695320842762655,0.128564869306629,-0.707106781186548));
#7692=DIRECTION('center_axis',(0.,0.,-1.));
#7693=DIRECTION('ref_axis',(-0.983332166035638,0.181818181818157,0.));
#7694=DIRECTION('center_axis',(0.,0.,1.));
#7695=DIRECTION('ref_axis',(-0.983332166035638,0.181818181818157,0.));
#7696=DIRECTION('center_axis',(0.,0.,1.));
#7697=DIRECTION('ref_axis',(0.983332166035638,-0.181818181818157,0.));
#7698=DIRECTION('',(0.,0.707106781186551,-0.707106781186544));
#7699=DIRECTION('center_axis',(0.,0.,1.));
#7700=DIRECTION('ref_axis',(0.983332166035638,-0.181818181818157,0.));
#7701=DIRECTION('center_axis',(0.,0.,-1.));
#7702=DIRECTION('ref_axis',(0.983332166035638,-0.181818181818157,0.));
#7703=DIRECTION('center_axis',(0.,-0.707106781186548,-0.707106781186548));
#7704=DIRECTION('ref_axis',(-1.,0.,0.));
#7705=DIRECTION('',(0.,0.707106781186548,-0.707106781186548));
#7706=DIRECTION('',(1.,0.,0.));
#7707=DIRECTION('',(-1.,0.,0.));
#7708=DIRECTION('center_axis',(0.,0.,1.));
#7709=DIRECTION('ref_axis',(0.,-1.,0.));
#7710=DIRECTION('',(0.695320842762661,0.128564869306616,-0.707106781186544));
#7711=DIRECTION('center_axis',(0.,0.,1.));
#7712=DIRECTION('ref_axis',(0.,-1.,0.));
#7713=DIRECTION('center_axis',(0.,0.,-1.));
#7714=DIRECTION('ref_axis',(0.,-1.,0.));
#7715=DIRECTION('center_axis',(0.,0.,-1.));
#7716=DIRECTION('ref_axis',(-0.983332166035642,0.181818181818137,0.));
#7717=DIRECTION('',(-0.695320842762658,0.12856486930661,-0.707106781186548));
#7718=DIRECTION('center_axis',(0.,0.,-1.));
#7719=DIRECTION('ref_axis',(-0.983332166035642,0.181818181818137,0.));
#7720=DIRECTION('center_axis',(0.,0.,1.));
#7721=DIRECTION('ref_axis',(-0.983332166035642,0.181818181818137,0.));
#7722=DIRECTION('center_axis',(0.,0.,1.));
#7723=DIRECTION('ref_axis',(0.983332166035642,-0.181818181818136,0.));
#7724=DIRECTION('',(0.,0.707106781186544,-0.707106781186551));
#7725=DIRECTION('center_axis',(0.,0.,1.));
#7726=DIRECTION('ref_axis',(0.983332166035642,-0.181818181818136,0.));
#7727=DIRECTION('center_axis',(0.,0.,-1.));
#7728=DIRECTION('ref_axis',(0.983332166035642,-0.181818181818136,0.));
#7729=DIRECTION('center_axis',(0.,-0.707106781186548,-0.707106781186548));
#7730=DIRECTION('ref_axis',(-1.,0.,0.));
#7731=DIRECTION('',(0.,0.707106781186548,-0.707106781186548));
#7732=DIRECTION('',(1.,0.,0.));
#7733=DIRECTION('',(-1.,0.,0.));
#7734=DIRECTION('center_axis',(0.,0.,1.));
#7735=DIRECTION('ref_axis',(0.,-1.,0.));
#7736=DIRECTION('',(0.707106781186548,0.,-0.707106781186548));
#7737=DIRECTION('center_axis',(0.,0.,1.));
#7738=DIRECTION('ref_axis',(0.,-1.,0.));
#7739=DIRECTION('center_axis',(0.,0.,-1.));
#7740=DIRECTION('ref_axis',(0.,-1.,0.));
#7741=DIRECTION('center_axis',(-0.707106781186548,0.,-0.707106781186548));
#7742=DIRECTION('ref_axis',(-0.707106781186548,0.,0.707106781186548));
#7743=DIRECTION('',(0.707106781186548,0.,-0.707106781186548));
#7744=DIRECTION('',(0.,-1.,0.));
#7745=DIRECTION('',(0.,1.,0.));
#7746=DIRECTION('center_axis',(0.,0.,1.));
#7747=DIRECTION('ref_axis',(-1.,0.,0.));
#7748=DIRECTION('',(0.128564869306654,-0.695320842762651,-0.707106781186547));
#7749=DIRECTION('center_axis',(0.,0.,1.));
#7750=DIRECTION('ref_axis',(-1.,0.,0.));
#7751=DIRECTION('center_axis',(0.,0.,-1.));
#7752=DIRECTION('ref_axis',(-1.,0.,0.));
#7753=DIRECTION('center_axis',(0.,0.,-1.));
#7754=DIRECTION('ref_axis',(0.181818181818191,0.983332166035632,0.));
#7755=DIRECTION('',(0.128564869306654,0.695320842762653,-0.707106781186546));
#7756=DIRECTION('center_axis',(0.,0.,-1.));
#7757=DIRECTION('ref_axis',(0.181818181818191,0.983332166035632,0.));
#7758=DIRECTION('center_axis',(0.,0.,1.));
#7759=DIRECTION('ref_axis',(0.181818181818191,0.983332166035632,0.));
#7760=DIRECTION('center_axis',(0.,0.,1.));
#7761=DIRECTION('ref_axis',(-0.181818181818198,-0.983332166035631,0.));
#7762=DIRECTION('',(0.707106781186541,0.,-0.707106781186554));
#7763=DIRECTION('center_axis',(0.,0.,1.));
#7764=DIRECTION('ref_axis',(-0.181818181818198,-0.983332166035631,0.));
#7765=DIRECTION('center_axis',(0.,0.,-1.));
#7766=DIRECTION('ref_axis',(-0.181818181818198,-0.98333216603563,0.));
#7767=DIRECTION('center_axis',(-0.707106781186548,0.,-0.707106781186548));
#7768=DIRECTION('ref_axis',(-0.707106781186548,0.,0.707106781186548));
#7769=DIRECTION('',(0.707106781186548,0.,-0.707106781186548));
#7770=DIRECTION('',(0.,-1.,0.));
#7771=DIRECTION('',(0.,1.,0.));
#7772=DIRECTION('center_axis',(0.,0.,1.));
#7773=DIRECTION('ref_axis',(-1.,0.,0.));
#7774=DIRECTION('',(0.128564869306641,-0.695320842762656,-0.707106781186545));
#7775=DIRECTION('center_axis',(0.,0.,1.));
#7776=DIRECTION('ref_axis',(-1.,0.,0.));
#7777=DIRECTION('center_axis',(0.,0.,-1.));
#7778=DIRECTION('ref_axis',(-1.,0.,0.));
#7779=DIRECTION('center_axis',(0.,0.,-1.));
#7780=DIRECTION('ref_axis',(0.181818181818183,0.983332166035633,0.));
#7781=DIRECTION('',(0.128564869306642,0.695320842762649,-0.707106781186551));
#7782=DIRECTION('center_axis',(0.,0.,-1.));
#7783=DIRECTION('ref_axis',(0.181818181818183,0.983332166035633,0.));
#7784=DIRECTION('center_axis',(0.,0.,1.));
#7785=DIRECTION('ref_axis',(0.181818181818183,0.983332166035633,0.));
#7786=DIRECTION('center_axis',(0.,0.,1.));
#7787=DIRECTION('ref_axis',(-0.181818181818183,-0.983332166035633,0.));
#7788=DIRECTION('',(0.707106781186529,6.28036983473529E-15,-0.707106781186566));
#7789=DIRECTION('center_axis',(0.,0.,1.));
#7790=DIRECTION('ref_axis',(-0.181818181818183,-0.983332166035633,0.));
#7791=DIRECTION('center_axis',(0.,0.,-1.));
#7792=DIRECTION('ref_axis',(-0.181818181818183,-0.983332166035633,0.));
#7793=DIRECTION('center_axis',(-0.707106781186548,0.,-0.707106781186548));
#7794=DIRECTION('ref_axis',(-0.707106781186548,0.,0.707106781186548));
#7795=DIRECTION('',(0.707106781186548,0.,-0.707106781186548));
#7796=DIRECTION('',(0.,-1.,0.));
#7797=DIRECTION('',(0.,1.,0.));
#7798=DIRECTION('center_axis',(0.,0.,1.));
#7799=DIRECTION('ref_axis',(-1.,0.,0.));
#7800=DIRECTION('',(0.,-0.707106781186535,-0.70710678118656));
#7801=DIRECTION('center_axis',(0.,0.,1.));
#7802=DIRECTION('ref_axis',(-1.,0.,0.));
#7803=DIRECTION('center_axis',(0.,0.,-1.));
#7804=DIRECTION('ref_axis',(-1.,0.,0.));
#7805=DIRECTION('center_axis',(-6.54773132684792E-16,0.707106781186544,
-0.707106781186551));
#7806=DIRECTION('ref_axis',(-1.,0.,9.25989044520347E-16));
#7807=DIRECTION('',(0.,-0.707106781186551,-0.707106781186544));
#7808=DIRECTION('',(-1.,-9.25989044520355E-16,0.));
#7809=DIRECTION('',(1.,9.25989044520355E-16,0.));
#7810=DIRECTION('center_axis',(0.,0.,1.));
#7811=DIRECTION('ref_axis',(0.,1.,0.));
#7812=DIRECTION('',(-0.695320842762655,-0.128564869306647,-0.707106781186545));
#7813=DIRECTION('center_axis',(0.,0.,1.));
#7814=DIRECTION('ref_axis',(0.,1.,0.));
#7815=DIRECTION('center_axis',(0.,0.,-1.));
#7816=DIRECTION('ref_axis',(0.,1.,0.));
#7817=DIRECTION('center_axis',(0.,0.,-1.));
#7818=DIRECTION('ref_axis',(0.983332166035633,-0.181818181818183,0.));
#7819=DIRECTION('',(0.695320842762652,-0.128564869306648,-0.707106781186548));
#7820=DIRECTION('center_axis',(0.,0.,-1.));
#7821=DIRECTION('ref_axis',(0.983332166035633,-0.181818181818183,0.));
#7822=DIRECTION('center_axis',(0.,0.,1.));
#7823=DIRECTION('ref_axis',(0.983332166035633,-0.181818181818183,0.));
#7824=DIRECTION('center_axis',(0.,0.,1.));
#7825=DIRECTION('ref_axis',(-0.983332166035633,0.181818181818185,0.));
#7826=DIRECTION('',(0.,-0.707106781186541,-0.707106781186554));
#7827=DIRECTION('center_axis',(0.,0.,1.));
#7828=DIRECTION('ref_axis',(-0.983332166035633,0.181818181818185,0.));
#7829=DIRECTION('center_axis',(0.,0.,-1.));
#7830=DIRECTION('ref_axis',(-0.983332166035633,0.181818181818185,0.));
#7831=DIRECTION('center_axis',(0.,0.707106781186548,-0.707106781186548));
#7832=DIRECTION('ref_axis',(-1.,0.,0.));
#7833=DIRECTION('',(0.,-0.707106781186548,-0.707106781186548));
#7834=DIRECTION('',(-1.,0.,0.));
#7835=DIRECTION('',(1.,0.,0.));
#7836=DIRECTION('center_axis',(0.,0.,1.));
#7837=DIRECTION('ref_axis',(0.,1.,0.));
#7838=DIRECTION('',(-0.695320842762655,-0.128564869306647,-0.707106781186545));
#7839=DIRECTION('center_axis',(0.,0.,1.));
#7840=DIRECTION('ref_axis',(0.,1.,0.));
#7841=DIRECTION('center_axis',(0.,0.,-1.));
#7842=DIRECTION('ref_axis',(0.,1.,0.));
#7843=DIRECTION('center_axis',(0.,0.,-1.));
#7844=DIRECTION('ref_axis',(0.983332166035633,-0.181818181818184,0.));
#7845=DIRECTION('',(0.695320842762652,-0.128564869306648,-0.707106781186548));
#7846=DIRECTION('center_axis',(0.,0.,-1.));
#7847=DIRECTION('ref_axis',(0.983332166035633,-0.181818181818184,0.));
#7848=DIRECTION('center_axis',(0.,0.,1.));
#7849=DIRECTION('ref_axis',(0.983332166035633,-0.181818181818184,0.));
#7850=DIRECTION('center_axis',(0.,0.,1.));
#7851=DIRECTION('ref_axis',(-0.983332166035633,0.181818181818185,0.));
#7852=DIRECTION('',(0.,-0.707106781186544,-0.707106781186551));
#7853=DIRECTION('center_axis',(0.,0.,1.));
#7854=DIRECTION('ref_axis',(-0.983332166035633,0.181818181818185,0.));
#7855=DIRECTION('center_axis',(0.,0.,-1.));
#7856=DIRECTION('ref_axis',(-0.983332166035633,0.181818181818185,0.));
#7857=DIRECTION('center_axis',(0.,0.707106781186548,-0.707106781186548));
#7858=DIRECTION('ref_axis',(-1.,0.,0.));
#7859=DIRECTION('',(0.,-0.707106781186548,-0.707106781186548));
#7860=DIRECTION('',(-1.,0.,0.));
#7861=DIRECTION('',(1.,0.,0.));
#7862=DIRECTION('center_axis',(0.,0.,1.));
#7863=DIRECTION('ref_axis',(0.,1.,0.));
#7864=DIRECTION('',(-0.695320842762655,-0.128564869306647,-0.707106781186545));
#7865=DIRECTION('center_axis',(0.,0.,1.));
#7866=DIRECTION('ref_axis',(0.,1.,0.));
#7867=DIRECTION('center_axis',(0.,0.,-1.));
#7868=DIRECTION('ref_axis',(0.,1.,0.));
#7869=DIRECTION('center_axis',(0.,0.,-1.));
#7870=DIRECTION('ref_axis',(0.983332166035633,-0.181818181818184,0.));
#7871=DIRECTION('',(0.695320842762648,-0.128564869306648,-0.707106781186551));
#7872=DIRECTION('center_axis',(0.,0.,-1.));
#7873=DIRECTION('ref_axis',(0.983332166035633,-0.181818181818184,0.));
#7874=DIRECTION('center_axis',(0.,0.,1.));
#7875=DIRECTION('ref_axis',(0.983332166035633,-0.181818181818184,0.));
#7876=DIRECTION('center_axis',(0.,0.,1.));
#7877=DIRECTION('ref_axis',(-0.983332166035633,0.181818181818185,0.));
#7878=DIRECTION('',(0.,-0.707106781186544,-0.707106781186551));
#7879=DIRECTION('center_axis',(0.,0.,1.));
#7880=DIRECTION('ref_axis',(-0.983332166035633,0.181818181818185,0.));
#7881=DIRECTION('center_axis',(0.,0.,-1.));
#7882=DIRECTION('ref_axis',(-0.983332166035633,0.181818181818185,0.));
#7883=DIRECTION('center_axis',(0.,0.707106781186548,-0.707106781186548));
#7884=DIRECTION('ref_axis',(-1.,0.,0.));
#7885=DIRECTION('',(0.,-0.707106781186548,-0.707106781186548));
#7886=DIRECTION('',(-1.,0.,0.));
#7887=DIRECTION('',(1.,0.,0.));
#7888=DIRECTION('center_axis',(0.,0.,1.));
#7889=DIRECTION('ref_axis',(0.,1.,0.));
#7890=DIRECTION('',(-0.707106781186541,0.,-0.707106781186554));
#7891=DIRECTION('center_axis',(0.,0.,1.));
#7892=DIRECTION('ref_axis',(0.,1.,0.));
#7893=DIRECTION('center_axis',(0.,0.,-1.));
#7894=DIRECTION('ref_axis',(0.,1.,0.));
#7895=DIRECTION('center_axis',(0.707106781186548,0.,-0.707106781186548));
#7896=DIRECTION('ref_axis',(-0.707106781186548,0.,-0.707106781186548));
#7897=DIRECTION('',(-0.707106781186548,0.,-0.707106781186548));
#7898=DIRECTION('',(0.,1.,0.));
#7899=DIRECTION('',(0.,-1.,0.));
#7900=DIRECTION('center_axis',(0.,0.,1.));
#7901=DIRECTION('ref_axis',(1.,0.,0.));
#7902=DIRECTION('',(-0.128564869306654,0.695320842762651,-0.707106781186547));
#7903=DIRECTION('center_axis',(0.,0.,1.));
#7904=DIRECTION('ref_axis',(1.,0.,0.));
#7905=DIRECTION('center_axis',(0.,0.,-1.));
#7906=DIRECTION('ref_axis',(1.,0.,0.));
#7907=DIRECTION('center_axis',(0.,0.,-1.));
#7908=DIRECTION('ref_axis',(-0.181818181818197,-0.983332166035631,0.));
#7909=DIRECTION('',(-0.128564869306653,-0.695320842762656,-0.707106781186543));
#7910=DIRECTION('center_axis',(0.,0.,-1.));
#7911=DIRECTION('ref_axis',(-0.181818181818197,-0.983332166035631,0.));
#7912=DIRECTION('center_axis',(0.,0.,1.));
#7913=DIRECTION('ref_axis',(-0.181818181818197,-0.983332166035631,0.));
#7914=DIRECTION('center_axis',(0.,0.,1.));
#7915=DIRECTION('ref_axis',(0.181818181818198,0.983332166035631,0.));
#7916=DIRECTION('',(-0.707106781186541,0.,-0.707106781186554));
#7917=DIRECTION('center_axis',(0.,0.,1.));
#7918=DIRECTION('ref_axis',(0.181818181818198,0.98333216603563,0.));
#7919=DIRECTION('center_axis',(0.,0.,-1.));
#7920=DIRECTION('ref_axis',(0.181818181818198,0.98333216603563,0.));
#7921=DIRECTION('center_axis',(0.707106781186554,-4.70733302628064E-16,
-0.707106781186541));
#7922=DIRECTION('ref_axis',(-0.707106781186541,0.,-0.707106781186554));
#7923=DIRECTION('',(-0.707106781186541,0.,-0.707106781186554));
#7924=DIRECTION('',(6.65717420837281E-16,1.,0.));
#7925=DIRECTION('',(-6.65717420837281E-16,-1.,0.));
#7926=DIRECTION('center_axis',(0.,0.,1.));
#7927=DIRECTION('ref_axis',(1.,-9.25185853854303E-16,0.));
#7928=DIRECTION('',(-0.128564869306666,0.69532084276265,-0.707106781186546));
#7929=DIRECTION('center_axis',(0.,0.,1.));
#7930=DIRECTION('ref_axis',(1.,-9.25185853854303E-16,0.));
#7931=DIRECTION('center_axis',(0.,0.,-1.));
#7932=DIRECTION('ref_axis',(1.,-9.25185853854303E-16,0.));
#7933=DIRECTION('center_axis',(0.,0.,-1.));
#7934=DIRECTION('ref_axis',(-0.181818181818205,-0.983332166035629,0.));
#7935=DIRECTION('',(-0.128564869306666,-0.695320842762653,-0.707106781186543));
#7936=DIRECTION('center_axis',(0.,0.,-1.));
#7937=DIRECTION('ref_axis',(-0.181818181818205,-0.983332166035629,0.));
#7938=DIRECTION('center_axis',(0.,0.,1.));
#7939=DIRECTION('ref_axis',(-0.181818181818205,-0.983332166035629,0.));
#7940=DIRECTION('center_axis',(0.,0.,1.));
#7941=DIRECTION('ref_axis',(0.181818181818209,0.983332166035628,0.));
#7942=DIRECTION('',(-0.707106781186541,0.,-0.707106781186554));
#7943=DIRECTION('center_axis',(0.,0.,1.));
#7944=DIRECTION('ref_axis',(0.181818181818209,0.983332166035628,0.));
#7945=DIRECTION('center_axis',(0.,0.,-1.));
#7946=DIRECTION('ref_axis',(0.181818181818209,0.983332166035628,0.));
#7947=DIRECTION('center_axis',(0.707106781186548,0.,-0.707106781186548));
#7948=DIRECTION('ref_axis',(-0.707106781186548,0.,-0.707106781186548));
#7949=DIRECTION('',(-0.707106781186548,0.,-0.707106781186548));
#7950=DIRECTION('',(0.,1.,0.));
#7951=DIRECTION('',(0.,-1.,0.));
#7952=DIRECTION('center_axis',(0.,0.,1.));
#7953=DIRECTION('ref_axis',(1.,0.,0.));
#7954=DIRECTION('',(0.,0.707106781186541,-0.707106781186554));
#7955=DIRECTION('center_axis',(0.,0.,1.));
#7956=DIRECTION('ref_axis',(1.,0.,0.));
#7957=DIRECTION('center_axis',(0.,0.,-1.));
#7958=DIRECTION('ref_axis',(1.,0.,0.));
#7959=DIRECTION('center_axis',(0.,-0.707106781186548,-0.707106781186548));
#7960=DIRECTION('ref_axis',(-1.,0.,0.));
#7961=DIRECTION('',(0.,0.707106781186548,-0.707106781186548));
#7962=DIRECTION('',(1.,0.,0.));
#7963=DIRECTION('',(-1.,0.,0.));
#7964=DIRECTION('center_axis',(0.,0.,1.));
#7965=DIRECTION('ref_axis',(0.,-1.,0.));
#7966=DIRECTION('',(0.695320842762665,0.128564869306609,-0.707106781186542));
#7967=DIRECTION('center_axis',(0.,0.,1.));
#7968=DIRECTION('ref_axis',(0.,-1.,0.));
#7969=DIRECTION('center_axis',(0.,0.,-1.));
#7970=DIRECTION('ref_axis',(0.,-1.,0.));
#7971=DIRECTION('center_axis',(0.,0.,-1.));
#7972=DIRECTION('ref_axis',(-0.983332166035642,0.181818181818135,0.));
#7973=DIRECTION('',(-0.695320842762658,0.12856486930661,-0.707106781186548));
#7974=DIRECTION('center_axis',(0.,0.,-1.));
#7975=DIRECTION('ref_axis',(-0.983332166035642,0.181818181818135,0.));
#7976=DIRECTION('center_axis',(0.,0.,1.));
#7977=DIRECTION('ref_axis',(-0.983332166035642,0.181818181818135,0.));
#7978=DIRECTION('center_axis',(0.,0.,1.));
#7979=DIRECTION('ref_axis',(0.983332166035642,-0.181818181818137,0.));
#7980=DIRECTION('',(0.,0.707106781186548,-0.707106781186548));
#7981=DIRECTION('center_axis',(0.,0.,1.));
#7982=DIRECTION('ref_axis',(0.983332166035642,-0.181818181818137,0.));
#7983=DIRECTION('center_axis',(0.,0.,-1.));
#7984=DIRECTION('ref_axis',(0.983332166035642,-0.181818181818137,0.));
#7985=DIRECTION('center_axis',(0.,-0.707106781186548,-0.707106781186548));
#7986=DIRECTION('ref_axis',(-1.,0.,0.));
#7987=DIRECTION('',(1.,0.,0.));
#7988=DIRECTION('',(-1.,0.,0.));
#7989=DIRECTION('center_axis',(0.,-1.,0.));
#7990=DIRECTION('ref_axis',(1.,0.,0.));
#7991=DIRECTION('',(0.,0.,1.));
#7992=DIRECTION('',(-1.,0.,0.));
#7993=DIRECTION('',(0.,0.,1.));
#7994=DIRECTION('center_axis',(0.,0.,1.));
#7995=DIRECTION('ref_axis',(0.983332166035633,-0.181818181818185,0.));
#7996=DIRECTION('',(0.,0.,1.));
#7997=DIRECTION('center_axis',(0.,0.,1.));
#7998=DIRECTION('ref_axis',(0.983332166035633,-0.181818181818185,0.));
#7999=DIRECTION('center_axis',(0.,0.,1.));
#8000=DIRECTION('ref_axis',(0.983332166035633,-0.181818181818183,0.));
#8001=DIRECTION('',(0.,0.,1.));
#8002=DIRECTION('center_axis',(0.,0.,-1.));
#8003=DIRECTION('ref_axis',(0.983332166035633,-0.181818181818183,0.));
#8004=DIRECTION('center_axis',(0.,0.,1.));
#8005=DIRECTION('ref_axis',(0.,-1.,0.));
#8006=DIRECTION('',(0.,0.,1.));
#8007=DIRECTION('center_axis',(0.,0.,1.));
#8008=DIRECTION('ref_axis',(0.,-1.,0.));
#8009=DIRECTION('center_axis',(9.25989044520355E-16,-1.,0.));
#8010=DIRECTION('ref_axis',(1.,9.25989044520355E-16,0.));
#8011=DIRECTION('',(0.,0.,1.));
#8012=DIRECTION('',(-1.,-9.25989044520355E-16,0.));
#8013=DIRECTION('center_axis',(0.,0.,1.));
#8014=DIRECTION('ref_axis',(1.,0.,0.));
#8015=DIRECTION('',(0.,0.,1.));
#8016=DIRECTION('center_axis',(0.,0.,1.));
#8017=DIRECTION('ref_axis',(1.,0.,0.));
#8018=DIRECTION('center_axis',(1.,0.,0.));
#8019=DIRECTION('ref_axis',(0.,1.,0.));
#8020=DIRECTION('',(0.,0.,1.));
#8021=DIRECTION('',(0.,-1.,0.));
#8022=DIRECTION('center_axis',(0.,0.,1.));
#8023=DIRECTION('ref_axis',(0.181818181818183,0.983332166035633,0.));
#8024=DIRECTION('',(0.,0.,1.));
#8025=DIRECTION('center_axis',(0.,0.,1.));
#8026=DIRECTION('ref_axis',(0.181818181818183,0.983332166035633,0.));
#8027=DIRECTION('center_axis',(0.,0.,1.));
#8028=DIRECTION('ref_axis',(0.181818181818183,0.983332166035633,0.));
#8029=DIRECTION('',(0.,0.,1.));
#8030=DIRECTION('center_axis',(0.,0.,-1.));
#8031=DIRECTION('ref_axis',(0.181818181818183,0.983332166035633,0.));
#8032=DIRECTION('center_axis',(0.,0.,1.));
#8033=DIRECTION('ref_axis',(1.,0.,0.));
#8034=DIRECTION('',(0.,0.,1.));
#8035=DIRECTION('center_axis',(0.,0.,1.));
#8036=DIRECTION('ref_axis',(1.,0.,0.));
#8037=DIRECTION('center_axis',(1.,0.,0.));
#8038=DIRECTION('ref_axis',(0.,1.,0.));
#8039=DIRECTION('',(0.,0.,1.));
#8040=DIRECTION('',(0.,-1.,0.));
#8041=DIRECTION('center_axis',(0.,0.,1.));
#8042=DIRECTION('ref_axis',(0.181818181818198,0.983332166035631,0.));
#8043=DIRECTION('',(0.,0.,1.));
#8044=DIRECTION('center_axis',(0.,0.,1.));
#8045=DIRECTION('ref_axis',(0.181818181818198,0.983332166035631,0.));
#8046=DIRECTION('center_axis',(0.,0.,1.));
#8047=DIRECTION('ref_axis',(0.181818181818191,0.983332166035632,0.));
#8048=DIRECTION('',(0.,0.,1.));
#8049=DIRECTION('center_axis',(0.,0.,-1.));
#8050=DIRECTION('ref_axis',(0.181818181818191,0.983332166035632,0.));
#8051=DIRECTION('center_axis',(0.,0.,1.));
#8052=DIRECTION('ref_axis',(1.,0.,0.));
#8053=DIRECTION('',(0.,0.,1.));
#8054=DIRECTION('center_axis',(0.,0.,1.));
#8055=DIRECTION('ref_axis',(1.,0.,0.));
#8056=DIRECTION('center_axis',(1.,0.,0.));
#8057=DIRECTION('ref_axis',(0.,1.,0.));
#8058=DIRECTION('',(0.,0.,1.));
#8059=DIRECTION('',(0.,-1.,0.));
#8060=DIRECTION('center_axis',(0.,0.,1.));
#8061=DIRECTION('ref_axis',(0.,1.,0.));
#8062=DIRECTION('',(0.,0.,1.));
#8063=DIRECTION('center_axis',(0.,0.,1.));
#8064=DIRECTION('ref_axis',(0.,1.,0.));
#8065=DIRECTION('center_axis',(0.,1.,0.));
#8066=DIRECTION('ref_axis',(-1.,0.,0.));
#8067=DIRECTION('',(0.,0.,1.));
#8068=DIRECTION('',(1.,0.,0.));
#8069=DIRECTION('center_axis',(0.,0.,1.));
#8070=DIRECTION('ref_axis',(-0.983332166035642,0.181818181818136,0.));
#8071=DIRECTION('',(0.,0.,1.));
#8072=DIRECTION('center_axis',(0.,0.,1.));
#8073=DIRECTION('ref_axis',(-0.983332166035642,0.181818181818136,0.));
#8074=DIRECTION('center_axis',(0.,0.,1.));
#8075=DIRECTION('ref_axis',(-0.983332166035642,0.181818181818137,0.));
#8076=DIRECTION('',(0.,0.,1.));
#8077=DIRECTION('center_axis',(0.,0.,-1.));
#8078=DIRECTION('ref_axis',(-0.983332166035642,0.181818181818137,0.));
#8079=DIRECTION('center_axis',(0.,0.,1.));
#8080=DIRECTION('ref_axis',(0.,1.,0.));
#8081=DIRECTION('',(0.,0.,1.));
#8082=DIRECTION('center_axis',(0.,0.,1.));
#8083=DIRECTION('ref_axis',(0.,1.,0.));
#8084=DIRECTION('center_axis',(0.,1.,0.));
#8085=DIRECTION('ref_axis',(-1.,0.,0.));
#8086=DIRECTION('',(0.,0.,1.));
#8087=DIRECTION('',(1.,0.,0.));
#8088=DIRECTION('center_axis',(0.,0.,1.));
#8089=DIRECTION('ref_axis',(-0.983332166035638,0.181818181818157,0.));
#8090=DIRECTION('',(0.,0.,1.));
#8091=DIRECTION('center_axis',(0.,0.,1.));
#8092=DIRECTION('ref_axis',(-0.983332166035638,0.181818181818157,0.));
#8093=DIRECTION('center_axis',(0.,0.,1.));
#8094=DIRECTION('ref_axis',(-0.983332166035638,0.181818181818157,0.));
#8095=DIRECTION('',(0.,0.,1.));
#8096=DIRECTION('center_axis',(0.,0.,-1.));
#8097=DIRECTION('ref_axis',(-0.983332166035638,0.181818181818157,0.));
#8098=DIRECTION('center_axis',(0.,0.,1.));
#8099=DIRECTION('ref_axis',(0.,1.,0.));
#8100=DIRECTION('',(0.,0.,1.));
#8101=DIRECTION('center_axis',(0.,0.,1.));
#8102=DIRECTION('ref_axis',(0.,1.,0.));
#8103=DIRECTION('center_axis',(0.,0.,-1.));
#8104=DIRECTION('ref_axis',(-1.,0.,0.));
#8105=DIRECTION('center_axis',(0.,0.,1.));
#8106=DIRECTION('ref_axis',(-0.983332166035642,0.181818181818135,0.));
#8107=DIRECTION('center_axis',(0.,0.,-1.));
#8108=DIRECTION('ref_axis',(-0.983332166035642,0.181818181818136,0.));
#8109=DIRECTION('center_axis',(0.,0.,1.));
#8110=DIRECTION('ref_axis',(2.00432263378995E-11,1.,0.));
#8111=DIRECTION('',(1.,4.62994522258735E-16,0.));
#8112=DIRECTION('center_axis',(0.,0.,1.));
#8113=DIRECTION('ref_axis',(-1.,-4.73695157173402E-14,0.));
#8114=DIRECTION('',(0.,1.,0.));
#8115=DIRECTION('center_axis',(0.,0.,1.));
#8116=DIRECTION('ref_axis',(-0.181818181818207,-0.983332166035629,0.));
#8117=DIRECTION('center_axis',(0.,0.,-1.));
#8118=DIRECTION('ref_axis',(-0.181818181818207,-0.983332166035629,0.));
#8119=DIRECTION('center_axis',(0.,0.,1.));
#8120=DIRECTION('ref_axis',(-1.,2.00698716904906E-11,0.));
#8121=DIRECTION('',(3.32858710417892E-16,1.,0.));
#8122=DIRECTION('center_axis',(0.,0.,1.));
#8123=DIRECTION('ref_axis',(-0.181818181818195,-0.983332166035631,0.));
#8124=DIRECTION('center_axis',(0.,0.,-1.));
#8125=DIRECTION('ref_axis',(-0.181818181818198,-0.98333216603563,0.));
#8126=DIRECTION('center_axis',(0.,0.,1.));
#8127=DIRECTION('ref_axis',(-1.,1.98833542223535E-11,0.));
#8128=DIRECTION('',(0.,1.,0.));
#8129=DIRECTION('center_axis',(0.,0.,1.));
#8130=DIRECTION('ref_axis',(-3.5527136788005E-14,-1.,0.));
#8131=DIRECTION('',(-1.,-4.62994522258735E-16,0.));
#8132=DIRECTION('center_axis',(0.,0.,1.));
#8133=DIRECTION('ref_axis',(0.983332166035633,-0.181818181818185,0.));
#8134=DIRECTION('center_axis',(0.,0.,-1.));
#8135=DIRECTION('ref_axis',(0.983332166035633,-0.181818181818184,0.));
#8136=DIRECTION('center_axis',(0.,0.,1.));
#8137=DIRECTION('ref_axis',(-1.99129601696768E-11,-1.,0.));
#8138=DIRECTION('',(-1.,-1.58981744288372E-16,0.));
#8139=DIRECTION('center_axis',(0.,0.,1.));
#8140=DIRECTION('ref_axis',(0.983332166035633,-0.181818181818186,0.));
#8141=DIRECTION('center_axis',(0.,0.,-1.));
#8142=DIRECTION('ref_axis',(0.983332166035633,-0.181818181818184,0.));
#8143=DIRECTION('center_axis',(0.,0.,1.));
#8144=DIRECTION('ref_axis',(-1.9932204035437E-11,-1.,0.));
#8145=DIRECTION('',(-1.,-1.58981744288372E-16,0.));
#8146=DIRECTION('center_axis',(0.,0.,1.));
#8147=DIRECTION('ref_axis',(0.983332166035633,-0.181818181818183,0.));
#8148=DIRECTION('center_axis',(0.,0.,-1.));
#8149=DIRECTION('ref_axis',(0.983332166035633,-0.181818181818184,0.));
#8150=DIRECTION('center_axis',(0.,0.,1.));
#8151=DIRECTION('ref_axis',(-1.99544084959295E-11,-1.,0.));
#8152=DIRECTION('',(-1.,-4.62994522258735E-16,0.));
#8153=DIRECTION('center_axis',(0.,0.,1.));
#8154=DIRECTION('ref_axis',(1.,-5.32907051820077E-14,0.));
#8155=DIRECTION('',(0.,-1.,0.));
#8156=DIRECTION('center_axis',(0.,0.,1.));
#8157=DIRECTION('ref_axis',(0.181818181818183,0.983332166035633,0.));
#8158=DIRECTION('center_axis',(0.,0.,-1.));
#8159=DIRECTION('ref_axis',(0.181818181818183,0.983332166035633,0.));
#8160=DIRECTION('center_axis',(0.,0.,1.));
#8161=DIRECTION('ref_axis',(1.,-1.99810538485206E-11,0.));
#8162=DIRECTION('',(3.32858710417892E-16,-1.,0.));
#8163=DIRECTION('center_axis',(0.,0.,1.));
#8164=DIRECTION('ref_axis',(0.181818181818194,0.983332166035631,0.));
#8165=DIRECTION('center_axis',(0.,0.,-1.));
#8166=DIRECTION('ref_axis',(0.181818181818194,0.983332166035631,0.));
#8167=DIRECTION('center_axis',(0.,0.,1.));
#8168=DIRECTION('ref_axis',(1.,-1.97826940014542E-11,0.));
#8169=DIRECTION('',(0.,-1.,0.));
#8170=DIRECTION('center_axis',(0.,0.,1.));
#8171=DIRECTION('ref_axis',(-5.9211894646675E-15,1.,0.));
#8172=DIRECTION('',(1.,4.62994522258735E-16,0.));
#8173=DIRECTION('center_axis',(0.,0.,1.));
#8174=DIRECTION('ref_axis',(-0.983332166035642,0.181818181818137,0.));
#8175=DIRECTION('center_axis',(0.,0.,-1.));
#8176=DIRECTION('ref_axis',(-0.983332166035642,0.181818181818136,0.));
#8177=DIRECTION('center_axis',(0.,0.,1.));
#8178=DIRECTION('ref_axis',(1.98863148170858E-11,1.,0.));
#8179=DIRECTION('',(1.,1.58981744288372E-16,0.));
#8180=DIRECTION('center_axis',(0.,0.,1.));
#8181=DIRECTION('ref_axis',(-0.983332166035638,0.181818181818156,0.));
#8182=DIRECTION('center_axis',(0.,0.,-1.));
#8183=DIRECTION('ref_axis',(-0.983332166035638,0.181818181818157,0.));
#8184=DIRECTION('center_axis',(0.,0.,1.));
#8185=DIRECTION('ref_axis',(1.98937163039167E-11,1.,0.));
#8186=DIRECTION('',(1.,1.58981744288372E-16,0.));
#8187=DIRECTION('center_axis',(0.,1.,0.));
#8188=DIRECTION('ref_axis',(-1.,0.,0.));
#8189=DIRECTION('',(0.,0.,1.));
#8190=DIRECTION('',(1.,0.,0.));
#8191=DIRECTION('center_axis',(0.,0.,1.));
#8192=DIRECTION('ref_axis',(-0.983332166035642,0.181818181818137,0.));
#8193=DIRECTION('',(0.,0.,1.));
#8194=DIRECTION('center_axis',(0.,0.,1.));
#8195=DIRECTION('ref_axis',(-0.983332166035642,0.181818181818137,0.));
#8196=DIRECTION('center_axis',(0.,0.,1.));
#8197=DIRECTION('ref_axis',(-0.983332166035642,0.181818181818135,0.));
#8198=DIRECTION('',(0.,0.,1.));
#8199=DIRECTION('center_axis',(0.,0.,-1.));
#8200=DIRECTION('ref_axis',(-0.983332166035642,0.181818181818135,0.));
#8201=DIRECTION('center_axis',(0.,0.,1.));
#8202=DIRECTION('ref_axis',(0.,1.,0.));
#8203=DIRECTION('',(0.,0.,1.));
#8204=DIRECTION('center_axis',(0.,0.,1.));
#8205=DIRECTION('ref_axis',(0.,1.,0.));
#8206=DIRECTION('center_axis',(0.,1.,0.));
#8207=DIRECTION('ref_axis',(-1.,0.,0.));
#8208=DIRECTION('',(0.,0.,1.));
#8209=DIRECTION('',(1.,0.,0.));
#8210=DIRECTION('center_axis',(0.,0.,1.));
#8211=DIRECTION('ref_axis',(-1.,0.,0.));
#8212=DIRECTION('',(0.,0.,1.));
#8213=DIRECTION('center_axis',(0.,0.,1.));
#8214=DIRECTION('ref_axis',(-1.,0.,0.));
#8215=DIRECTION('center_axis',(-1.,0.,0.));
#8216=DIRECTION('ref_axis',(0.,-1.,0.));
#8217=DIRECTION('',(0.,0.,1.));
#8218=DIRECTION('',(0.,1.,0.));
#8219=DIRECTION('center_axis',(0.,0.,1.));
#8220=DIRECTION('ref_axis',(-0.181818181818209,-0.983332166035628,0.));
#8221=DIRECTION('',(0.,0.,1.));
#8222=DIRECTION('center_axis',(0.,0.,1.));
#8223=DIRECTION('ref_axis',(-0.181818181818209,-0.983332166035628,0.));
#8224=DIRECTION('center_axis',(0.,0.,1.));
#8225=DIRECTION('ref_axis',(-0.181818181818205,-0.983332166035629,0.));
#8226=DIRECTION('',(0.,0.,1.));
#8227=DIRECTION('center_axis',(0.,0.,-1.));
#8228=DIRECTION('ref_axis',(-0.181818181818205,-0.983332166035629,0.));
#8229=DIRECTION('center_axis',(0.,0.,1.));
#8230=DIRECTION('ref_axis',(-1.,9.25185853854303E-16,0.));
#8231=DIRECTION('',(0.,0.,1.));
#8232=DIRECTION('center_axis',(0.,0.,1.));
#8233=DIRECTION('ref_axis',(-1.,9.25185853854303E-16,0.));
#8234=DIRECTION('center_axis',(-1.,6.65717420837281E-16,0.));
#8235=DIRECTION('ref_axis',(-6.65717420837281E-16,-1.,0.));
#8236=DIRECTION('',(0.,0.,1.));
#8237=DIRECTION('',(6.65717420837281E-16,1.,0.));
#8238=DIRECTION('center_axis',(0.,0.,1.));
#8239=DIRECTION('ref_axis',(-0.181818181818198,-0.98333216603563,0.));
#8240=DIRECTION('',(0.,0.,1.));
#8241=DIRECTION('center_axis',(0.,0.,1.));
#8242=DIRECTION('ref_axis',(-0.181818181818198,-0.98333216603563,0.));
#8243=DIRECTION('center_axis',(0.,0.,1.));
#8244=DIRECTION('ref_axis',(-0.181818181818197,-0.983332166035631,0.));
#8245=DIRECTION('',(0.,0.,1.));
#8246=DIRECTION('center_axis',(0.,0.,-1.));
#8247=DIRECTION('ref_axis',(-0.181818181818197,-0.983332166035631,0.));
#8248=DIRECTION('center_axis',(0.,0.,1.));
#8249=DIRECTION('ref_axis',(-1.,0.,0.));
#8250=DIRECTION('',(0.,0.,1.));
#8251=DIRECTION('center_axis',(0.,0.,1.));
#8252=DIRECTION('ref_axis',(-1.,0.,0.));
#8253=DIRECTION('center_axis',(-1.,0.,0.));
#8254=DIRECTION('ref_axis',(0.,-1.,0.));
#8255=DIRECTION('',(0.,0.,1.));
#8256=DIRECTION('',(0.,1.,0.));
#8257=DIRECTION('center_axis',(0.,0.,1.));
#8258=DIRECTION('ref_axis',(0.,-1.,0.));
#8259=DIRECTION('',(0.,0.,1.));
#8260=DIRECTION('center_axis',(0.,0.,1.));
#8261=DIRECTION('ref_axis',(0.,-1.,0.));
#8262=DIRECTION('center_axis',(0.,-1.,0.));
#8263=DIRECTION('ref_axis',(1.,0.,0.));
#8264=DIRECTION('',(0.,0.,1.));
#8265=DIRECTION('',(-1.,0.,0.));
#8266=DIRECTION('center_axis',(0.,0.,1.));
#8267=DIRECTION('ref_axis',(0.983332166035633,-0.181818181818185,0.));
#8268=DIRECTION('',(0.,0.,1.));
#8269=DIRECTION('center_axis',(0.,0.,1.));
#8270=DIRECTION('ref_axis',(0.983332166035633,-0.181818181818185,0.));
#8271=DIRECTION('center_axis',(0.,0.,1.));
#8272=DIRECTION('ref_axis',(0.983332166035633,-0.181818181818184,0.));
#8273=DIRECTION('',(0.,0.,1.));
#8274=DIRECTION('center_axis',(0.,0.,-1.));
#8275=DIRECTION('ref_axis',(0.983332166035633,-0.181818181818184,0.));
#8276=DIRECTION('center_axis',(0.,0.,1.));
#8277=DIRECTION('ref_axis',(0.,-1.,0.));
#8278=DIRECTION('',(0.,0.,1.));
#8279=DIRECTION('center_axis',(0.,0.,1.));
#8280=DIRECTION('ref_axis',(0.,-1.,0.));
#8281=DIRECTION('center_axis',(0.,-1.,0.));
#8282=DIRECTION('ref_axis',(1.,0.,0.));
#8283=DIRECTION('',(0.,0.,1.));
#8284=DIRECTION('',(-1.,0.,0.));
#8285=DIRECTION('center_axis',(0.,0.,1.));
#8286=DIRECTION('ref_axis',(0.983332166035633,-0.181818181818185,0.));
#8287=DIRECTION('',(0.,0.,1.));
#8288=DIRECTION('center_axis',(0.,0.,1.));
#8289=DIRECTION('ref_axis',(0.983332166035633,-0.181818181818185,0.));
#8290=DIRECTION('center_axis',(0.,0.,1.));
#8291=DIRECTION('ref_axis',(0.983332166035633,-0.181818181818184,0.));
#8292=DIRECTION('',(0.,0.,1.));
#8293=DIRECTION('center_axis',(0.,0.,-1.));
#8294=DIRECTION('ref_axis',(0.983332166035633,-0.181818181818184,0.));
#8295=DIRECTION('center_axis',(0.,0.,1.));
#8296=DIRECTION('ref_axis',(0.,-1.,0.));
#8297=DIRECTION('center_axis',(0.,0.,1.));
#8298=DIRECTION('ref_axis',(0.,-1.,0.));
#8299=DIRECTION('center_axis',(0.,0.,-1.));
#8300=DIRECTION('ref_axis',(-1.,0.,0.));
#8301=DIRECTION('center_axis',(0.,1.,-3.01003666436372E-11));
#8302=DIRECTION('ref_axis',(1.,0.,0.));
#8303=DIRECTION('center_axis',(0.,0.,-1.));
#8304=DIRECTION('ref_axis',(-1.,2.00698716904906E-11,0.));
#8305=DIRECTION('center_axis',(-0.983332166035626,-0.181818181818221,4.03717463500143E-16));
#8306=DIRECTION('ref_axis',(0.,-2.22044604925031E-15,-1.));
#8307=DIRECTION('center_axis',(0.,0.,1.));
#8308=DIRECTION('ref_axis',(0.768706114785815,-0.639602149066822,0.));
#8309=DIRECTION('center_axis',(0.,0.,1.));
#8310=DIRECTION('ref_axis',(-1.,0.,0.));
#8311=DIRECTION('center_axis',(0.,0.,1.));
#8312=DIRECTION('ref_axis',(-0.181818181818207,-0.983332166035629,0.));
#8313=DIRECTION('center_axis',(0.983332166035626,-0.181818181818221,8.07434927000288E-16));
#8314=DIRECTION('ref_axis',(0.,-4.44089209850062E-15,-1.));
#8315=DIRECTION('center_axis',(0.,0.,-1.));
#8316=DIRECTION('ref_axis',(-1.,7.40148683083438E-16,0.));
#8317=DIRECTION('center_axis',(0.,0.,-1.));
#8318=DIRECTION('ref_axis',(-1.,0.,0.));
#8319=DIRECTION('center_axis',(0.,0.,-1.));
#8320=DIRECTION('ref_axis',(-0.181818181818207,-0.983332166035629,0.));
#8321=DIRECTION('center_axis',(-2.96340729732945E-11,-1.,0.));
#8322=DIRECTION('ref_axis',(0.,0.,-1.));
#8323=DIRECTION('center_axis',(0.,0.,1.));
#8324=DIRECTION('ref_axis',(0.768706114785816,0.639602149066821,0.));
#8325=DIRECTION('center_axis',(-1.4210854715202E-16,-1.,0.));
#8326=DIRECTION('ref_axis',(0.707106781186544,0.,-0.707106781186551));
#8327=DIRECTION('',(0.,-1.,0.));
#8328=DIRECTION('center_axis',(-7.54951656745109E-14,-1.,6.70531769437862E-28));
#8329=DIRECTION('ref_axis',(-8.88178419700124E-15,0.,-1.));
#8330=DIRECTION('',(1.4210854715202E-16,1.,0.));
#8331=DIRECTION('center_axis',(0.,0.,-1.));
#8332=DIRECTION('ref_axis',(-1.,0.,0.));
#8333=DIRECTION('center_axis',(0.,0.,-1.));
#8334=DIRECTION('ref_axis',(-1.,-4.73695157173402E-14,0.));
#8335=DIRECTION('center_axis',(-1.,6.2172489379009E-14,0.));
#8336=DIRECTION('ref_axis',(0.,0.,-1.));
#8337=DIRECTION('center_axis',(0.,0.,1.));
#8338=DIRECTION('ref_axis',(0.707106781186547,-0.707106781186548,0.));
#8339=DIRECTION('center_axis',(-1.,-1.97372982155583E-16,0.));
#8340=DIRECTION('ref_axis',(0.,-0.707106781186544,-0.707106781186551));
#8341=DIRECTION('',(-1.,-4.62994522258735E-16,0.));
#8342=DIRECTION('center_axis',(-1.,-3.00648395068492E-11,0.));
#8343=DIRECTION('ref_axis',(0.,0.,-1.));
#8344=DIRECTION('',(1.,1.97372982155583E-16,0.));
#8345=DIRECTION('center_axis',(0.,0.,-1.));
#8346=DIRECTION('ref_axis',(-1.,0.,0.));
#8347=DIRECTION('center_axis',(0.,0.,-1.));
#8348=DIRECTION('ref_axis',(2.00432263378995E-11,1.,0.));
#8349=DIRECTION('center_axis',(-0.181818181818141,0.983332166035641,0.));
#8350=DIRECTION('ref_axis',(0.,0.,-1.));
#8351=DIRECTION('center_axis',(0.,0.,1.));
#8352=DIRECTION('ref_axis',(-0.63960214906685,-0.768706114785792,0.));
#8353=DIRECTION('center_axis',(0.,0.,1.));
#8354=DIRECTION('ref_axis',(1.,0.,0.));
#8355=DIRECTION('center_axis',(0.,0.,1.));
#8356=DIRECTION('ref_axis',(-0.983332166035642,0.181818181818136,0.));
#8357=DIRECTION('center_axis',(-0.181818181818136,-0.983332166035642,0.));
#8358=DIRECTION('ref_axis',(0.,0.,-1.));
#8359=DIRECTION('center_axis',(0.,0.,-1.));
#8360=DIRECTION('ref_axis',(0.,1.,0.));
#8361=DIRECTION('center_axis',(0.,0.,-1.));
#8362=DIRECTION('ref_axis',(-1.,0.,0.));
#8363=DIRECTION('center_axis',(0.,0.,-1.));
#8364=DIRECTION('ref_axis',(-0.983332166035642,0.181818181818135,0.));
#8365=DIRECTION('center_axis',(-1.,2.98161495493332E-11,0.));
#8366=DIRECTION('ref_axis',(0.,0.,-1.));
#8367=DIRECTION('center_axis',(0.,0.,1.));
#8368=DIRECTION('ref_axis',(0.63960214906685,-0.768706114785792,0.));
#8369=DIRECTION('center_axis',(-1.,-1.97372982155583E-16,0.));
#8370=DIRECTION('ref_axis',(3.92523114670943E-16,-0.707106781186544,-0.707106781186551));
#8371=DIRECTION('',(-1.,-1.58981744288372E-16,0.));
#8372=DIRECTION('center_axis',(-1.,-2.98405744558749E-11,-1.32518771315814E-25));
#8373=DIRECTION('ref_axis',(0.,4.44089209850062E-15,-1.));
#8374=DIRECTION('',(1.,1.97372982155583E-16,0.));
#8375=DIRECTION('center_axis',(0.,0.,-1.));
#8376=DIRECTION('ref_axis',(-1.,0.,0.));
#8377=DIRECTION('center_axis',(0.,0.,-1.));
#8378=DIRECTION('ref_axis',(1.98937163039167E-11,1.,0.));
#8379=DIRECTION('center_axis',(-0.181818181818163,0.983332166035637,-7.06505561125026E-16));
#8380=DIRECTION('ref_axis',(3.88578058618804E-15,0.,-1.));
#8381=DIRECTION('center_axis',(0.,0.,1.));
#8382=DIRECTION('ref_axis',(-0.639602149066842,-0.768706114785799,0.));
#8383=DIRECTION('center_axis',(0.,0.,1.));
#8384=DIRECTION('ref_axis',(1.,0.,0.));
#8385=DIRECTION('center_axis',(0.,0.,1.));
#8386=DIRECTION('ref_axis',(-0.983332166035638,0.181818181818157,0.));
#8387=DIRECTION('center_axis',(-0.181818181818163,-0.983332166035637,5.04646829375019E-16));
#8388=DIRECTION('ref_axis',(-2.77555756156289E-15,0.,-1.));
#8389=DIRECTION('center_axis',(0.,0.,-1.));
#8390=DIRECTION('ref_axis',(6.12323399573654E-17,1.,0.));
#8391=DIRECTION('center_axis',(0.,0.,-1.));
#8392=DIRECTION('ref_axis',(-1.,0.,0.));
#8393=DIRECTION('center_axis',(0.,0.,-1.));
#8394=DIRECTION('ref_axis',(-0.983332166035638,0.181818181818156,0.));
#8395=DIRECTION('center_axis',(-1.,2.99937852332732E-11,0.));
#8396=DIRECTION('ref_axis',(0.,0.,-1.));
#8397=DIRECTION('center_axis',(0.,0.,1.));
#8398=DIRECTION('ref_axis',(0.639602149066842,-0.768706114785799,0.));
#8399=DIRECTION('center_axis',(-1.,-1.97372982155583E-16,0.));
#8400=DIRECTION('ref_axis',(0.,-0.707106781186548,-0.707106781186548));
#8401=DIRECTION('',(-1.,-1.58981744288372E-16,0.));
#8402=DIRECTION('center_axis',(-1.,-2.98294722256287E-11,1.32469467509238E-25));
#8403=DIRECTION('ref_axis',(0.,-4.44089209850062E-15,-1.));
#8404=DIRECTION('',(1.,1.97372982155583E-16,0.));
#8405=DIRECTION('center_axis',(0.,0.,-1.));
#8406=DIRECTION('ref_axis',(-1.,0.,0.));
#8407=DIRECTION('center_axis',(0.,0.,-1.));
#8408=DIRECTION('ref_axis',(1.98863148170858E-11,1.,0.));
#8409=DIRECTION('center_axis',(-0.181818181818141,0.983332166035641,0.));
#8410=DIRECTION('ref_axis',(0.,0.,-1.));
#8411=DIRECTION('center_axis',(0.,0.,1.));
#8412=DIRECTION('ref_axis',(-0.639602149066848,-0.768706114785793,0.));
#8413=DIRECTION('center_axis',(0.,0.,1.));
#8414=DIRECTION('ref_axis',(1.,0.,0.));
#8415=DIRECTION('center_axis',(0.,0.,1.));
#8416=DIRECTION('ref_axis',(-0.983332166035642,0.181818181818136,0.));
#8417=DIRECTION('center_axis',(-0.181818181818141,-0.983332166035641,0.));
#8418=DIRECTION('ref_axis',(0.,0.,-1.));
#8419=DIRECTION('center_axis',(0.,0.,-1.));
#8420=DIRECTION('ref_axis',(0.,1.,0.));
#8421=DIRECTION('center_axis',(0.,0.,-1.));
#8422=DIRECTION('ref_axis',(-1.,0.,0.));
#8423=DIRECTION('center_axis',(0.,0.,-1.));
#8424=DIRECTION('ref_axis',(-0.983332166035642,0.181818181818137,0.));
#8425=DIRECTION('center_axis',(-1.,3.00470759384551E-11,-1.33435822118133E-25));
#8426=DIRECTION('ref_axis',(0.,-4.44089209850062E-15,-1.));
#8427=DIRECTION('center_axis',(0.,0.,1.));
#8428=DIRECTION('ref_axis',(0.639602149066849,-0.768706114785793,0.));
#8429=DIRECTION('center_axis',(-1.,-1.97372982155583E-16,0.));
#8430=DIRECTION('ref_axis',(0.,-0.707106781186544,-0.707106781186551));
#8431=DIRECTION('',(-1.,-4.62994522258735E-16,0.));
#8432=DIRECTION('center_axis',(-1.,8.88178419700124E-15,0.));
#8433=DIRECTION('ref_axis',(0.,0.,-1.));
#8434=DIRECTION('',(1.,1.97372982155583E-16,0.));
#8435=DIRECTION('center_axis',(0.,0.,-1.));
#8436=DIRECTION('ref_axis',(-1.,0.,0.));
#8437=DIRECTION('center_axis',(0.,0.,-1.));
#8438=DIRECTION('ref_axis',(-5.9211894646675E-15,1.,0.));
#8439=DIRECTION('center_axis',(-9.32587340685126E-14,1.,0.));
#8440=DIRECTION('ref_axis',(0.,0.,-1.));
#8441=DIRECTION('center_axis',(0.,0.,1.));
#8442=DIRECTION('ref_axis',(-0.707106781186547,-0.707106781186548,0.));
#8443=DIRECTION('center_axis',(-4.2632564145606E-16,1.,0.));
#8444=DIRECTION('ref_axis',(-0.707106781186544,0.,-0.707106781186551));
#8445=DIRECTION('',(0.,1.,0.));
#8446=DIRECTION('center_axis',(-2.96784818942798E-11,1.,-2.63597871479602E-25));
#8447=DIRECTION('ref_axis',(8.88178419700124E-15,0.,-1.));
#8448=DIRECTION('',(4.2632564145606E-16,-1.,0.));
#8449=DIRECTION('center_axis',(0.,0.,-1.));
#8450=DIRECTION('ref_axis',(-1.,0.,0.));
#8451=DIRECTION('center_axis',(0.,0.,-1.));
#8452=DIRECTION('ref_axis',(1.,-1.97826940014542E-11,0.));
#8453=DIRECTION('center_axis',(0.983332166035631,0.181818181818194,8.07434927000166E-16));
#8454=DIRECTION('ref_axis',(0.,4.44089209850062E-15,-1.));
#8455=DIRECTION('center_axis',(0.,0.,1.));
#8456=DIRECTION('ref_axis',(-0.768706114785811,0.639602149066827,0.));
#8457=DIRECTION('center_axis',(0.,0.,1.));
#8458=DIRECTION('ref_axis',(1.,0.,0.));
#8459=DIRECTION('center_axis',(0.,0.,1.));
#8460=DIRECTION('ref_axis',(0.181818181818194,0.983332166035631,0.));
#8461=DIRECTION('center_axis',(-0.983332166035631,0.181818181818194,0.));
#8462=DIRECTION('ref_axis',(0.,0.,-1.));
#8463=DIRECTION('center_axis',(0.,0.,-1.));
#8464=DIRECTION('ref_axis',(1.,0.,0.));
#8465=DIRECTION('center_axis',(0.,0.,-1.));
#8466=DIRECTION('ref_axis',(-1.,0.,0.));
#8467=DIRECTION('center_axis',(0.,0.,-1.));
#8468=DIRECTION('ref_axis',(0.181818181818194,0.983332166035631,0.));
#8469=DIRECTION('center_axis',(3.00803826291938E-11,1.,0.));
#8470=DIRECTION('ref_axis',(0.,0.,-1.));
#8471=DIRECTION('center_axis',(0.,0.,1.));
#8472=DIRECTION('ref_axis',(-0.768706114785811,-0.639602149066827,0.));
#8473=DIRECTION('center_axis',(-4.2632564145606E-16,1.,0.));
#8474=DIRECTION('ref_axis',(-0.707106781186551,0.,-0.707106781186544));
#8475=DIRECTION('',(-3.32858710417892E-16,1.,0.));
#8476=DIRECTION('center_axis',(-2.99715807727806E-11,1.,0.));
#8477=DIRECTION('ref_axis',(0.,0.,-1.));
#8478=DIRECTION('',(4.2632564145606E-16,-1.,0.));
#8479=DIRECTION('center_axis',(0.,0.,-1.));
#8480=DIRECTION('ref_axis',(-1.,0.,0.));
#8481=DIRECTION('center_axis',(0.,0.,-1.));
#8482=DIRECTION('ref_axis',(1.,-1.99810538485206E-11,0.));
#8483=DIRECTION('center_axis',(0.983332166035633,0.181818181818186,-8.0743492700013E-16));
#8484=DIRECTION('ref_axis',(0.,-4.44089209850062E-15,-1.));
#8485=DIRECTION('center_axis',(0.,0.,1.));
#8486=DIRECTION('ref_axis',(-0.768706114785808,0.639602149066831,0.));
#8487=DIRECTION('center_axis',(0.,0.,1.));
#8488=DIRECTION('ref_axis',(1.,0.,0.));
#8489=DIRECTION('center_axis',(0.,0.,1.));
#8490=DIRECTION('ref_axis',(0.181818181818183,0.983332166035633,0.));
#8491=DIRECTION('center_axis',(-0.983332166035633,0.181818181818185,0.));
#8492=DIRECTION('ref_axis',(0.,0.,-1.));
#8493=DIRECTION('center_axis',(0.,0.,-1.));
#8494=DIRECTION('ref_axis',(1.,0.,0.));
#8495=DIRECTION('center_axis',(0.,0.,-1.));
#8496=DIRECTION('ref_axis',(-1.,0.,0.));
#8497=DIRECTION('center_axis',(0.,0.,-1.));
#8498=DIRECTION('ref_axis',(0.181818181818183,0.983332166035633,0.));
#8499=DIRECTION('center_axis',(2.98072677651358E-11,1.,-2.64741719792168E-25));
#8500=DIRECTION('ref_axis',(-8.88178419700124E-15,0.,-1.));
#8501=DIRECTION('center_axis',(0.,0.,1.));
#8502=DIRECTION('ref_axis',(-0.76870611478581,-0.639602149066829,0.));
#8503=DIRECTION('center_axis',(-4.2632564145606E-16,1.,0.));
#8504=DIRECTION('ref_axis',(-0.707106781186538,0.,-0.707106781186557));
#8505=DIRECTION('',(0.,1.,0.));
#8506=DIRECTION('center_axis',(-7.99360577730123E-14,1.,-1.41994962939784E-27));
#8507=DIRECTION('ref_axis',(1.77635683940025E-14,0.,-1.));
#8508=DIRECTION('',(4.2632564145606E-16,-1.,0.));
#8509=DIRECTION('center_axis',(0.,0.,-1.));
#8510=DIRECTION('ref_axis',(-1.,0.,0.));
#8511=DIRECTION('center_axis',(0.,0.,-1.));
#8512=DIRECTION('ref_axis',(1.,-5.32907051820077E-14,0.));
#8513=DIRECTION('center_axis',(1.,3.55271367880051E-14,-1.57772181044203E-28));
#8514=DIRECTION('ref_axis',(0.,-4.44089209850062E-15,-1.));
#8515=DIRECTION('center_axis',(0.,0.,1.));
#8516=DIRECTION('ref_axis',(-0.707106781186547,0.707106781186548,0.));
#8517=DIRECTION('center_axis',(1.,1.97372982155583E-16,0.));
#8518=DIRECTION('ref_axis',(0.,0.707106781186544,-0.707106781186551));
#8519=DIRECTION('',(1.,4.62994522258735E-16,0.));
#8520=DIRECTION('center_axis',(1.,2.99316127438942E-11,0.));
#8521=DIRECTION('ref_axis',(0.,0.,-1.));
#8522=DIRECTION('',(-1.,-1.97372982155583E-16,0.));
#8523=DIRECTION('center_axis',(0.,0.,-1.));
#8524=DIRECTION('ref_axis',(-1.,0.,0.));
#8525=DIRECTION('center_axis',(0.,0.,-1.));
#8526=DIRECTION('ref_axis',(-1.99544084959295E-11,-1.,0.));
#8527=DIRECTION('center_axis',(0.181818181818184,-0.983332166035633,0.));
#8528=DIRECTION('ref_axis',(0.,0.,-1.));
#8529=DIRECTION('center_axis',(0.,0.,1.));
#8530=DIRECTION('ref_axis',(0.639602149066832,0.768706114785807,0.));
#8531=DIRECTION('center_axis',(0.,0.,1.));
#8532=DIRECTION('ref_axis',(1.,0.,0.));
#8533=DIRECTION('center_axis',(0.,0.,1.));
#8534=DIRECTION('ref_axis',(0.983332166035633,-0.181818181818184,0.));
#8535=DIRECTION('center_axis',(0.181818181818185,0.983332166035633,8.07434927000128E-16));
#8536=DIRECTION('ref_axis',(4.44089209850062E-15,0.,-1.));
#8537=DIRECTION('center_axis',(0.,0.,-1.));
#8538=DIRECTION('ref_axis',(-1.48029736616688E-15,-1.,0.));
#8539=DIRECTION('center_axis',(0.,0.,-1.));
#8540=DIRECTION('ref_axis',(-1.,0.,0.));
#8541=DIRECTION('center_axis',(0.,0.,-1.));
#8542=DIRECTION('ref_axis',(0.983332166035633,-0.181818181818183,0.));
#8543=DIRECTION('center_axis',(1.,-2.9851676686121E-11,-1.3256807512239E-25));
#8544=DIRECTION('ref_axis',(0.,4.44089209850062E-15,-1.));
#8545=DIRECTION('center_axis',(0.,0.,1.));
#8546=DIRECTION('ref_axis',(-0.639602149066832,0.768706114785807,0.));
#8547=DIRECTION('center_axis',(1.,1.97372982155583E-16,0.));
#8548=DIRECTION('ref_axis',(-3.92523114670943E-16,0.707106781186544,-0.707106781186551));
#8549=DIRECTION('',(1.,1.58981744288372E-16,0.));
#8550=DIRECTION('center_axis',(1.,2.98983060531554E-11,0.));
#8551=DIRECTION('ref_axis',(0.,0.,-1.));
#8552=DIRECTION('',(-1.,-1.97372982155583E-16,0.));
#8553=DIRECTION('center_axis',(0.,0.,-1.));
#8554=DIRECTION('ref_axis',(-1.,0.,0.));
#8555=DIRECTION('center_axis',(0.,0.,-1.));
#8556=DIRECTION('ref_axis',(-1.9932204035437E-11,-1.,0.));
#8557=DIRECTION('center_axis',(0.181818181818185,-0.983332166035633,1.00929365875016E-16));
#8558=DIRECTION('ref_axis',(5.55111512312578E-16,0.,-1.));
#8559=DIRECTION('center_axis',(0.,0.,1.));
#8560=DIRECTION('ref_axis',(0.639602149066831,0.768706114785808,0.));
#8561=DIRECTION('center_axis',(0.,0.,1.));
#8562=DIRECTION('ref_axis',(1.,0.,0.));
#8563=DIRECTION('center_axis',(0.,0.,1.));
#8564=DIRECTION('ref_axis',(0.983332166035633,-0.181818181818184,0.));
#8565=DIRECTION('center_axis',(0.181818181818185,0.983332166035633,0.));
#8566=DIRECTION('ref_axis',(0.,0.,-1.));
#8567=DIRECTION('center_axis',(0.,0.,-1.));
#8568=DIRECTION('ref_axis',(6.12323399573677E-17,-1.,0.));
#8569=DIRECTION('center_axis',(0.,0.,-1.));
#8570=DIRECTION('ref_axis',(-1.,0.,0.));
#8571=DIRECTION('center_axis',(0.,0.,-1.));
#8572=DIRECTION('ref_axis',(0.983332166035633,-0.181818181818186,0.));
#8573=DIRECTION('center_axis',(1.,-2.98794322617367E-11,-1.32691334638831E-25));
#8574=DIRECTION('ref_axis',(0.,4.44089209850062E-15,-1.));
#8575=DIRECTION('center_axis',(0.,0.,1.));
#8576=DIRECTION('ref_axis',(-0.63960214906683,0.768706114785809,0.));
#8577=DIRECTION('center_axis',(1.,1.97372982155583E-16,0.));
#8578=DIRECTION('ref_axis',(0.,0.707106781186548,-0.707106781186548));
#8579=DIRECTION('',(1.,1.58981744288372E-16,0.));
#8580=DIRECTION('center_axis',(1.,2.98694402545152E-11,0.));
#8581=DIRECTION('ref_axis',(0.,0.,-1.));
#8582=DIRECTION('',(-1.,-1.97372982155583E-16,0.));
#8583=DIRECTION('center_axis',(0.,0.,-1.));
#8584=DIRECTION('ref_axis',(-1.,0.,0.));
#8585=DIRECTION('center_axis',(0.,0.,-1.));
#8586=DIRECTION('ref_axis',(-1.99129601696768E-11,-1.,0.));
#8587=DIRECTION('center_axis',(0.181818181818184,-0.983332166035633,0.));
#8588=DIRECTION('ref_axis',(0.,0.,-1.));
#8589=DIRECTION('center_axis',(0.,0.,1.));
#8590=DIRECTION('ref_axis',(0.63960214906683,0.768706114785809,0.));
#8591=DIRECTION('center_axis',(0.,0.,1.));
#8592=DIRECTION('ref_axis',(1.,0.,0.));
#8593=DIRECTION('center_axis',(0.,0.,1.));
#8594=DIRECTION('ref_axis',(0.983332166035633,-0.181818181818184,0.));
#8595=DIRECTION('center_axis',(0.181818181818186,0.983332166035633,0.));
#8596=DIRECTION('ref_axis',(0.,0.,-1.));
#8597=DIRECTION('center_axis',(0.,0.,-1.));
#8598=DIRECTION('ref_axis',(0.,-1.,0.));
#8599=DIRECTION('center_axis',(0.,0.,-1.));
#8600=DIRECTION('ref_axis',(-1.,0.,0.));
#8601=DIRECTION('center_axis',(0.,0.,-1.));
#8602=DIRECTION('ref_axis',(0.983332166035633,-0.181818181818185,0.));
#8603=DIRECTION('center_axis',(1.,-2.99138491755001E-11,0.));
#8604=DIRECTION('ref_axis',(0.,0.,-1.));
#8605=DIRECTION('center_axis',(0.,0.,1.));
#8606=DIRECTION('ref_axis',(-0.639602149066832,0.768706114785807,0.));
#8607=DIRECTION('center_axis',(1.,1.97372982155583E-16,0.));
#8608=DIRECTION('ref_axis',(0.,0.707106781186544,-0.707106781186551));
#8609=DIRECTION('',(1.,4.62994522258735E-16,0.));
#8610=DIRECTION('center_axis',(1.,5.32907051820075E-14,0.));
#8611=DIRECTION('ref_axis',(0.,0.,-1.));
#8612=DIRECTION('',(-1.,-1.97372982155583E-16,0.));
#8613=DIRECTION('center_axis',(0.,0.,-1.));
#8614=DIRECTION('ref_axis',(-1.,0.,0.));
#8615=DIRECTION('center_axis',(0.,0.,-1.));
#8616=DIRECTION('ref_axis',(-3.5527136788005E-14,-1.,0.));
#8617=DIRECTION('center_axis',(-6.2172489379009E-14,-1.,0.));
#8618=DIRECTION('ref_axis',(0.,0.,-1.));
#8619=DIRECTION('center_axis',(0.,0.,1.));
#8620=DIRECTION('ref_axis',(0.707106781186547,0.707106781186548,0.));
#8621=DIRECTION('center_axis',(-1.4210854715202E-16,-1.,0.));
#8622=DIRECTION('ref_axis',(0.707106781186544,0.,-0.707106781186551));
#8623=DIRECTION('',(0.,-1.,0.));
#8624=DIRECTION('center_axis',(2.98250313335303E-11,-1.,0.));
#8625=DIRECTION('ref_axis',(0.,0.,-1.));
#8626=DIRECTION('',(1.4210854715202E-16,1.,0.));
#8627=DIRECTION('center_axis',(0.,0.,-1.));
#8628=DIRECTION('ref_axis',(-1.,0.,0.));
#8629=DIRECTION('center_axis',(0.,0.,-1.));
#8630=DIRECTION('ref_axis',(-1.,1.98833542223535E-11,0.));
#8631=DIRECTION('center_axis',(-0.98333216603563,-0.181818181818203,-8.07434927000208E-16));
#8632=DIRECTION('ref_axis',(0.,4.44089209850062E-15,-1.));
#8633=DIRECTION('center_axis',(0.,0.,1.));
#8634=DIRECTION('ref_axis',(0.768706114785811,-0.639602149066827,0.));
#8635=DIRECTION('center_axis',(0.,0.,1.));
#8636=DIRECTION('ref_axis',(-1.,0.,0.));
#8637=DIRECTION('center_axis',(0.,0.,1.));
#8638=DIRECTION('ref_axis',(-0.181818181818198,-0.98333216603563,0.));
#8639=DIRECTION('center_axis',(0.98333216603563,-0.181818181818203,8.07434927000208E-16));
#8640=DIRECTION('ref_axis',(0.,-4.44089209850062E-15,-1.));
#8641=DIRECTION('center_axis',(0.,0.,-1.));
#8642=DIRECTION('ref_axis',(-1.,0.,0.));
#8643=DIRECTION('center_axis',(0.,0.,-1.));
#8644=DIRECTION('ref_axis',(-1.,0.,0.));
#8645=DIRECTION('center_axis',(0.,0.,-1.));
#8646=DIRECTION('ref_axis',(-0.181818181818195,-0.983332166035631,0.));
#8647=DIRECTION('center_axis',(-2.99271718517958E-11,-1.,-2.65806682014221E-25));
#8648=DIRECTION('ref_axis',(8.88178419700124E-15,0.,-1.));
#8649=DIRECTION('center_axis',(0.,0.,1.));
#8650=DIRECTION('ref_axis',(0.768706114785811,0.639602149066827,0.));
#8651=DIRECTION('center_axis',(-1.4210854715202E-16,-1.,0.));
#8652=DIRECTION('ref_axis',(0.707106781186544,0.,-0.707106781186551));
#8653=DIRECTION('',(-3.32858710417892E-16,-1.,0.));
#8654=DIRECTION('',(1.4210854715202E-16,1.,0.));
#8655=DIRECTION('center_axis',(0.,0.,-1.));
#8656=DIRECTION('ref_axis',(1.,0.,0.));
#8657=DIRECTION('',(0.,0.,-1.));
#8658=DIRECTION('center_axis',(0.,0.,1.));
#8659=DIRECTION('ref_axis',(1.,0.,0.));
#8660=DIRECTION('',(0.,0.,1.));
#8661=DIRECTION('center_axis',(0.,0.,-1.));
#8662=DIRECTION('ref_axis',(-0.76870611478581,-0.639602149066829,0.));
#8663=DIRECTION('',(0.,0.,1.));
#8664=DIRECTION('center_axis',(0.707106781186552,3.01457752067287E-16,-0.707106781186543));
#8665=DIRECTION('ref_axis',(-0.707106781186543,-3.14018491736753E-16,-0.707106781186552));
#8666=DIRECTION('center_axis',(1.,4.2632564145606E-16,0.));
#8667=DIRECTION('ref_axis',(4.2632564145606E-16,-1.,0.));
#8668=DIRECTION('',(0.,0.,-1.));
#8669=DIRECTION('',(-4.2632564145606E-16,1.,0.));
#8670=DIRECTION('center_axis',(0.,0.,-1.));
#8671=DIRECTION('ref_axis',(-0.707106781186547,0.707106781186547,0.));
#8672=DIRECTION('',(0.,0.,1.));
#8673=DIRECTION('center_axis',(0.,0.,-1.));
#8674=DIRECTION('ref_axis',(-0.707106781186547,0.707106781186547,0.));
#8675=DIRECTION('center_axis',(1.97372982155583E-16,-1.,0.));
#8676=DIRECTION('ref_axis',(-1.,-1.97372982155583E-16,0.));
#8677=DIRECTION('',(0.,0.,-1.));
#8678=DIRECTION('',(1.,1.97372982155583E-16,0.));
#8679=DIRECTION('center_axis',(0.,0.,-1.));
#8680=DIRECTION('ref_axis',(0.639602149066832,0.768706114785807,0.));
#8681=DIRECTION('',(0.,0.,1.));
#8682=DIRECTION('center_axis',(1.39563774105224E-16,-0.707106781186547,
-0.707106781186548));
#8683=DIRECTION('ref_axis',(-1.96261557335472E-16,0.707106781186548,-0.707106781186547));
#8684=DIRECTION('center_axis',(0.,0.,-1.));
#8685=DIRECTION('ref_axis',(1.,0.,0.));
#8686=DIRECTION('',(0.,0.,-1.));
#8687=DIRECTION('center_axis',(0.,0.,1.));
#8688=DIRECTION('ref_axis',(-1.48029736616688E-15,-1.,0.));
#8689=DIRECTION('center_axis',(0.,0.,-1.));
#8690=DIRECTION('ref_axis',(-0.639602149066831,0.768706114785808,0.));
#8691=DIRECTION('',(0.,0.,1.));
#8692=DIRECTION('center_axis',(1.39563774105224E-16,-0.707106781186547,
-0.707106781186548));
#8693=DIRECTION('ref_axis',(-1.17756934401283E-16,0.707106781186548,-0.707106781186547));
#8694=DIRECTION('center_axis',(1.97372982155583E-16,-1.,0.));
#8695=DIRECTION('ref_axis',(-1.,-1.97372982155583E-16,0.));
#8696=DIRECTION('',(0.,0.,-1.));
#8697=DIRECTION('',(1.,1.97372982155583E-16,0.));
#8698=DIRECTION('center_axis',(0.,0.,-1.));
#8699=DIRECTION('ref_axis',(0.639602149066831,0.768706114785808,0.));
#8700=DIRECTION('',(0.,0.,1.));
#8701=DIRECTION('center_axis',(1.39563774105224E-16,-0.707106781186547,
-0.707106781186548));
#8702=DIRECTION('ref_axis',(-1.57009245868378E-16,0.707106781186548,-0.707106781186547));
#8703=DIRECTION('center_axis',(0.,0.,-1.));
#8704=DIRECTION('ref_axis',(1.,0.,0.));
#8705=DIRECTION('',(0.,0.,-1.));
#8706=DIRECTION('center_axis',(0.,0.,1.));
#8707=DIRECTION('ref_axis',(-1.83697019872103E-16,-1.,0.));
#8708=DIRECTION('center_axis',(0.,0.,-1.));
#8709=DIRECTION('ref_axis',(-0.639602149066829,0.768706114785809,0.));
#8710=DIRECTION('',(0.,0.,1.));
#8711=DIRECTION('center_axis',(1.39563774105224E-16,-0.707106781186547,
-0.707106781186548));
#8712=DIRECTION('ref_axis',(-1.57009245868378E-16,0.707106781186548,-0.707106781186547));
#8713=DIRECTION('center_axis',(1.97372982155583E-16,-1.,0.));
#8714=DIRECTION('ref_axis',(-1.,-1.97372982155583E-16,0.));
#8715=DIRECTION('',(0.,0.,-1.));
#8716=DIRECTION('',(1.,1.97372982155583E-16,0.));
#8717=DIRECTION('center_axis',(0.,0.,-1.));
#8718=DIRECTION('ref_axis',(0.639602149066831,0.768706114785808,0.));
#8719=DIRECTION('',(0.,0.,1.));
#8720=DIRECTION('center_axis',(1.39563774105224E-16,-0.707106781186547,
-0.707106781186548));
#8721=DIRECTION('ref_axis',(-1.17756934401283E-16,0.707106781186548,-0.707106781186547));
#8722=DIRECTION('center_axis',(0.,0.,-1.));
#8723=DIRECTION('ref_axis',(1.,0.,0.));
#8724=DIRECTION('',(0.,0.,-1.));
#8725=DIRECTION('center_axis',(0.,0.,1.));
#8726=DIRECTION('ref_axis',(0.,-1.,0.));
#8727=DIRECTION('center_axis',(0.,0.,-1.));
#8728=DIRECTION('ref_axis',(-0.639602149066831,0.768706114785807,0.));
#8729=DIRECTION('',(0.,0.,1.));
#8730=DIRECTION('center_axis',(1.39563774105224E-16,-0.707106781186547,
-0.707106781186548));
#8731=DIRECTION('ref_axis',(-1.17756934401283E-16,0.707106781186548,-0.707106781186547));
#8732=DIRECTION('center_axis',(1.97372982155583E-16,-1.,0.));
#8733=DIRECTION('ref_axis',(-1.,-1.97372982155583E-16,0.));
#8734=DIRECTION('',(0.,0.,-1.));
#8735=DIRECTION('',(1.,1.97372982155583E-16,0.));
#8736=DIRECTION('center_axis',(0.,0.,-1.));
#8737=DIRECTION('ref_axis',(0.707106781186547,0.707106781186547,0.));
#8738=DIRECTION('',(0.,0.,1.));
#8739=DIRECTION('center_axis',(0.,0.,-1.));
#8740=DIRECTION('ref_axis',(0.707106781186547,0.707106781186547,0.));
#8741=DIRECTION('center_axis',(-1.,1.4210854715202E-16,0.));
#8742=DIRECTION('ref_axis',(1.4210854715202E-16,1.,0.));
#8743=DIRECTION('',(0.,0.,-1.));
#8744=DIRECTION('',(-1.4210854715202E-16,-1.,0.));
#8745=DIRECTION('center_axis',(0.,0.,-1.));
#8746=DIRECTION('ref_axis',(0.768706114785814,-0.639602149066824,0.));
#8747=DIRECTION('',(0.,0.,1.));
#8748=DIRECTION('center_axis',(-0.707106781186549,1.00485917355762E-16,
-0.707106781186546));
#8749=DIRECTION('ref_axis',(0.707106781186546,-3.92523114670943E-17,-0.707106781186549));
#8750=DIRECTION('center_axis',(0.,0.,-1.));
#8751=DIRECTION('ref_axis',(-1.,-1.22464679914735E-16,0.));
#8752=DIRECTION('',(0.,0.,-1.));
#8753=DIRECTION('center_axis',(0.,0.,1.));
#8754=DIRECTION('ref_axis',(-1.,0.,0.));
#8755=DIRECTION('center_axis',(0.,0.,-1.));
#8756=DIRECTION('ref_axis',(0.768706114785812,0.639602149066826,0.));
#8757=DIRECTION('',(0.,0.,1.));
#8758=DIRECTION('center_axis',(-0.707106781186549,1.00485917355762E-16,
-0.707106781186546));
#8759=DIRECTION('ref_axis',(0.707106781186546,0.,-0.707106781186549));
#8760=DIRECTION('center_axis',(-1.,1.4210854715202E-16,0.));
#8761=DIRECTION('ref_axis',(1.4210854715202E-16,1.,0.));
#8762=DIRECTION('',(0.,0.,-1.));
#8763=DIRECTION('',(-1.4210854715202E-16,-1.,0.));
#8764=DIRECTION('center_axis',(0.,0.,-1.));
#8765=DIRECTION('ref_axis',(0.768706114785816,-0.639602149066821,0.));
#8766=DIRECTION('',(0.,0.,1.));
#8767=DIRECTION('center_axis',(-0.707106781186549,1.00485917355762E-16,
-0.707106781186546));
#8768=DIRECTION('ref_axis',(0.707106781186546,-1.17756934401283E-16,-0.707106781186549));
#8769=DIRECTION('center_axis',(-1.58981744288372E-16,1.,0.));
#8770=DIRECTION('ref_axis',(1.,1.58981744288372E-16,0.));
#8771=DIRECTION('',(0.,0.,1.));
#8772=DIRECTION('',(0.,0.,-1.));
#8773=DIRECTION('center_axis',(0.,0.,-1.));
#8774=DIRECTION('ref_axis',(1.98937163039167E-11,1.,0.));
#8775=DIRECTION('',(0.,0.,-1.));
#8776=DIRECTION('center_axis',(0.,0.,-1.));
#8777=DIRECTION('ref_axis',(-0.983332166035638,0.181818181818157,0.));
#8778=DIRECTION('',(0.,0.,-1.));
#8779=DIRECTION('center_axis',(0.,0.,-1.));
#8780=DIRECTION('ref_axis',(-0.983332166035638,0.181818181818156,0.));
#8781=DIRECTION('',(0.,0.,-1.));
#8782=DIRECTION('center_axis',(-1.58981744288372E-16,1.,0.));
#8783=DIRECTION('ref_axis',(1.,1.58981744288372E-16,0.));
#8784=DIRECTION('',(0.,0.,-1.));
#8785=DIRECTION('center_axis',(0.,0.,-1.));
#8786=DIRECTION('ref_axis',(1.98863148170858E-11,1.,0.));
#8787=DIRECTION('',(0.,0.,-1.));
#8788=DIRECTION('center_axis',(0.,0.,-1.));
#8789=DIRECTION('ref_axis',(-0.983332166035642,0.181818181818136,0.));
#8790=DIRECTION('',(0.,0.,-1.));
#8791=DIRECTION('center_axis',(0.,0.,-1.));
#8792=DIRECTION('ref_axis',(-0.983332166035642,0.181818181818137,0.));
#8793=DIRECTION('',(0.,0.,-1.));
#8794=DIRECTION('center_axis',(-4.62994522258735E-16,1.,0.));
#8795=DIRECTION('ref_axis',(1.,4.62994522258735E-16,0.));
#8796=DIRECTION('',(0.,0.,-1.));
#8797=DIRECTION('center_axis',(0.,0.,-1.));
#8798=DIRECTION('ref_axis',(-5.9211894646675E-15,1.,0.));
#8799=DIRECTION('',(0.,0.,-1.));
#8800=DIRECTION('center_axis',(1.,0.,0.));
#8801=DIRECTION('ref_axis',(0.,-1.,0.));
#8802=DIRECTION('',(0.,0.,-1.));
#8803=DIRECTION('center_axis',(0.,0.,-1.));
#8804=DIRECTION('ref_axis',(1.,-1.97826940014542E-11,0.));
#8805=DIRECTION('',(0.,0.,-1.));
#8806=DIRECTION('center_axis',(0.,0.,-1.));
#8807=DIRECTION('ref_axis',(0.181818181818194,0.983332166035631,0.));
#8808=DIRECTION('',(0.,0.,-1.));
#8809=DIRECTION('center_axis',(0.,0.,-1.));
#8810=DIRECTION('ref_axis',(0.181818181818194,0.983332166035631,0.));
#8811=DIRECTION('',(0.,0.,-1.));
#8812=DIRECTION('center_axis',(1.,3.32858710417892E-16,0.));
#8813=DIRECTION('ref_axis',(3.32858710417892E-16,-1.,0.));
#8814=DIRECTION('',(0.,0.,-1.));
#8815=DIRECTION('center_axis',(0.,0.,-1.));
#8816=DIRECTION('ref_axis',(1.,-1.99810538485206E-11,0.));
#8817=DIRECTION('',(0.,0.,-1.));
#8818=DIRECTION('center_axis',(0.,0.,-1.));
#8819=DIRECTION('ref_axis',(0.181818181818183,0.983332166035633,0.));
#8820=DIRECTION('',(0.,0.,-1.));
#8821=DIRECTION('center_axis',(0.,0.,-1.));
#8822=DIRECTION('ref_axis',(0.181818181818183,0.983332166035633,0.));
#8823=DIRECTION('',(0.,0.,-1.));
#8824=DIRECTION('center_axis',(1.,0.,0.));
#8825=DIRECTION('ref_axis',(0.,-1.,0.));
#8826=DIRECTION('',(0.,0.,-1.));
#8827=DIRECTION('center_axis',(0.,0.,-1.));
#8828=DIRECTION('ref_axis',(1.,-5.32907051820077E-14,0.));
#8829=DIRECTION('',(0.,0.,-1.));
#8830=DIRECTION('center_axis',(4.62994522258735E-16,-1.,0.));
#8831=DIRECTION('ref_axis',(-1.,-4.62994522258735E-16,0.));
#8832=DIRECTION('',(0.,0.,-1.));
#8833=DIRECTION('center_axis',(0.,0.,-1.));
#8834=DIRECTION('ref_axis',(-1.99544084959295E-11,-1.,0.));
#8835=DIRECTION('',(0.,0.,-1.));
#8836=DIRECTION('center_axis',(0.,0.,-1.));
#8837=DIRECTION('ref_axis',(0.983332166035633,-0.181818181818184,0.));
#8838=DIRECTION('',(0.,0.,-1.));
#8839=DIRECTION('center_axis',(0.,0.,-1.));
#8840=DIRECTION('ref_axis',(0.983332166035633,-0.181818181818183,0.));
#8841=DIRECTION('',(0.,0.,-1.));
#8842=DIRECTION('center_axis',(1.58981744288372E-16,-1.,0.));
#8843=DIRECTION('ref_axis',(-1.,-1.58981744288372E-16,0.));
#8844=DIRECTION('',(0.,0.,-1.));
#8845=DIRECTION('center_axis',(0.,0.,-1.));
#8846=DIRECTION('ref_axis',(-1.9932204035437E-11,-1.,0.));
#8847=DIRECTION('',(0.,0.,-1.));
#8848=DIRECTION('center_axis',(0.,0.,-1.));
#8849=DIRECTION('ref_axis',(0.983332166035633,-0.181818181818184,0.));
#8850=DIRECTION('',(0.,0.,-1.));
#8851=DIRECTION('center_axis',(0.,0.,-1.));
#8852=DIRECTION('ref_axis',(0.983332166035633,-0.181818181818186,0.));
#8853=DIRECTION('',(0.,0.,-1.));
#8854=DIRECTION('center_axis',(1.58981744288372E-16,-1.,0.));
#8855=DIRECTION('ref_axis',(-1.,-1.58981744288372E-16,0.));
#8856=DIRECTION('',(0.,0.,-1.));
#8857=DIRECTION('center_axis',(0.,0.,-1.));
#8858=DIRECTION('ref_axis',(-1.99129601696768E-11,-1.,0.));
#8859=DIRECTION('',(0.,0.,-1.));
#8860=DIRECTION('center_axis',(0.,0.,-1.));
#8861=DIRECTION('ref_axis',(0.983332166035633,-0.181818181818184,0.));
#8862=DIRECTION('',(0.,0.,-1.));
#8863=DIRECTION('center_axis',(0.,0.,-1.));
#8864=DIRECTION('ref_axis',(0.983332166035633,-0.181818181818185,0.));
#8865=DIRECTION('',(0.,0.,-1.));
#8866=DIRECTION('center_axis',(4.62994522258735E-16,-1.,0.));
#8867=DIRECTION('ref_axis',(-1.,-4.62994522258735E-16,0.));
#8868=DIRECTION('',(0.,0.,-1.));
#8869=DIRECTION('center_axis',(0.,0.,-1.));
#8870=DIRECTION('ref_axis',(-3.5527136788005E-14,-1.,0.));
#8871=DIRECTION('',(0.,0.,-1.));
#8872=DIRECTION('center_axis',(-1.,0.,0.));
#8873=DIRECTION('ref_axis',(0.,1.,0.));
#8874=DIRECTION('',(0.,0.,-1.));
#8875=DIRECTION('center_axis',(0.,0.,-1.));
#8876=DIRECTION('ref_axis',(-1.,1.98833542223535E-11,0.));
#8877=DIRECTION('',(0.,0.,-1.));
#8878=DIRECTION('center_axis',(0.,0.,-1.));
#8879=DIRECTION('ref_axis',(-0.181818181818198,-0.98333216603563,0.));
#8880=DIRECTION('',(0.,0.,-1.));
#8881=DIRECTION('center_axis',(0.,0.,-1.));
#8882=DIRECTION('ref_axis',(-0.181818181818195,-0.983332166035631,0.));
#8883=DIRECTION('',(0.,0.,-1.));
#8884=DIRECTION('center_axis',(-1.,3.32858710417892E-16,0.));
#8885=DIRECTION('ref_axis',(3.32858710417892E-16,1.,0.));
#8886=DIRECTION('',(0.,0.,-1.));
#8887=DIRECTION('center_axis',(0.,0.,-1.));
#8888=DIRECTION('ref_axis',(-1.,2.00698716904906E-11,0.));
#8889=DIRECTION('',(0.,0.,-1.));
#8890=DIRECTION('center_axis',(0.,0.,-1.));
#8891=DIRECTION('ref_axis',(-0.181818181818207,-0.983332166035629,0.));
#8892=DIRECTION('',(0.,0.,-1.));
#8893=DIRECTION('center_axis',(0.,0.,-1.));
#8894=DIRECTION('ref_axis',(-0.181818181818207,-0.983332166035629,0.));
#8895=DIRECTION('',(0.,0.,-1.));
#8896=DIRECTION('center_axis',(-1.,0.,0.));
#8897=DIRECTION('ref_axis',(0.,1.,0.));
#8898=DIRECTION('',(0.,0.,-1.));
#8899=DIRECTION('center_axis',(0.,0.,-1.));
#8900=DIRECTION('ref_axis',(-1.,-4.73695157173402E-14,0.));
#8901=DIRECTION('',(0.,0.,-1.));
#8902=DIRECTION('center_axis',(-4.62994522258735E-16,1.,0.));
#8903=DIRECTION('ref_axis',(1.,4.62994522258735E-16,0.));
#8904=DIRECTION('',(0.,0.,-1.));
#8905=DIRECTION('center_axis',(0.,0.,-1.));
#8906=DIRECTION('ref_axis',(2.00432263378995E-11,1.,0.));
#8907=DIRECTION('',(0.,0.,-1.));
#8908=DIRECTION('center_axis',(0.,0.,-1.));
#8909=DIRECTION('ref_axis',(-0.983332166035642,0.181818181818136,0.));
#8910=DIRECTION('',(0.,0.,-1.));
#8911=DIRECTION('center_axis',(0.,0.,-1.));
#8912=DIRECTION('ref_axis',(-0.983332166035642,0.181818181818135,0.));
#8913=DIRECTION('center_axis',(0.,0.,-1.));
#8914=DIRECTION('ref_axis',(0.707106781186547,-0.707106781186547,0.));
#8915=DIRECTION('',(0.,0.,1.));
#8916=DIRECTION('center_axis',(0.,0.,-1.));
#8917=DIRECTION('ref_axis',(0.707106781186547,-0.707106781186547,0.));
#8918=DIRECTION('',(0.,0.,-1.));
#8919=DIRECTION('center_axis',(-1.97372982155583E-16,1.,0.));
#8920=DIRECTION('ref_axis',(1.,1.97372982155583E-16,0.));
#8921=DIRECTION('',(0.,0.,-1.));
#8922=DIRECTION('',(-1.,-1.97372982155583E-16,0.));
#8923=DIRECTION('center_axis',(0.,0.,-1.));
#8924=DIRECTION('ref_axis',(-0.63960214906685,-0.768706114785792,0.));
#8925=DIRECTION('',(0.,0.,1.));
#8926=DIRECTION('center_axis',(-1.39563774105224E-16,0.707106781186547,
-0.707106781186548));
#8927=DIRECTION('ref_axis',(3.92523114670944E-17,-0.707106781186548,-0.707106781186547));
#8928=DIRECTION('center_axis',(0.,0.,-1.));
#8929=DIRECTION('ref_axis',(1.,0.,0.));
#8930=DIRECTION('',(0.,0.,-1.));
#8931=DIRECTION('center_axis',(0.,0.,1.));
#8932=DIRECTION('ref_axis',(0.,1.,0.));
#8933=DIRECTION('center_axis',(0.,0.,-1.));
#8934=DIRECTION('ref_axis',(0.63960214906685,-0.768706114785792,0.));
#8935=DIRECTION('',(0.,0.,1.));
#8936=DIRECTION('center_axis',(-1.39563774105224E-16,0.707106781186547,
-0.707106781186548));
#8937=DIRECTION('ref_axis',(1.96261557335472E-16,-0.707106781186548,-0.707106781186547));
#8938=DIRECTION('center_axis',(-1.97372982155583E-16,1.,0.));
#8939=DIRECTION('ref_axis',(1.,1.97372982155583E-16,0.));
#8940=DIRECTION('',(0.,0.,-1.));
#8941=DIRECTION('',(-1.,-1.97372982155583E-16,0.));
#8942=DIRECTION('center_axis',(0.,0.,-1.));
#8943=DIRECTION('ref_axis',(-0.639602149066842,-0.768706114785799,0.));
#8944=DIRECTION('',(0.,0.,1.));
#8945=DIRECTION('center_axis',(-1.39563774105224E-16,0.707106781186547,
-0.707106781186548));
#8946=DIRECTION('ref_axis',(7.85046229341888E-17,-0.707106781186548,-0.707106781186547));
#8947=DIRECTION('center_axis',(0.,0.,-1.));
#8948=DIRECTION('ref_axis',(1.,0.,0.));
#8949=DIRECTION('',(0.,0.,-1.));
#8950=DIRECTION('center_axis',(0.,0.,1.));
#8951=DIRECTION('ref_axis',(6.12323399573654E-17,1.,0.));
#8952=DIRECTION('center_axis',(0.,0.,-1.));
#8953=DIRECTION('ref_axis',(0.639602149066841,-0.7687061147858,0.));
#8954=DIRECTION('',(0.,0.,1.));
#8955=DIRECTION('center_axis',(-1.39563774105224E-16,0.707106781186547,
-0.707106781186548));
#8956=DIRECTION('ref_axis',(1.57009245868378E-16,-0.707106781186548,-0.707106781186547));
#8957=DIRECTION('center_axis',(-1.97372982155583E-16,1.,0.));
#8958=DIRECTION('ref_axis',(1.,1.97372982155583E-16,0.));
#8959=DIRECTION('',(0.,0.,-1.));
#8960=DIRECTION('',(-1.,-1.97372982155583E-16,0.));
#8961=DIRECTION('center_axis',(0.,0.,-1.));
#8962=DIRECTION('ref_axis',(-0.639602149066848,-0.768706114785793,0.));
#8963=DIRECTION('',(0.,0.,1.));
#8964=DIRECTION('center_axis',(-1.39563774105224E-16,0.707106781186547,
-0.707106781186548));
#8965=DIRECTION('ref_axis',(7.85046229341888E-17,-0.707106781186548,-0.707106781186547));
#8966=DIRECTION('center_axis',(0.,0.,-1.));
#8967=DIRECTION('ref_axis',(1.,0.,0.));
#8968=DIRECTION('',(0.,0.,-1.));
#8969=DIRECTION('center_axis',(0.,0.,1.));
#8970=DIRECTION('ref_axis',(0.,1.,0.));
#8971=DIRECTION('center_axis',(0.,0.,-1.));
#8972=DIRECTION('ref_axis',(0.639602149066849,-0.768706114785793,0.));
#8973=DIRECTION('',(0.,0.,1.));
#8974=DIRECTION('center_axis',(-1.39563774105224E-16,0.707106781186547,
-0.707106781186548));
#8975=DIRECTION('ref_axis',(2.35513868802566E-16,-0.707106781186548,-0.707106781186547));
#8976=DIRECTION('center_axis',(-1.97372982155583E-16,1.,0.));
#8977=DIRECTION('ref_axis',(1.,1.97372982155583E-16,0.));
#8978=DIRECTION('',(0.,0.,-1.));
#8979=DIRECTION('',(-1.,-1.97372982155583E-16,0.));
#8980=DIRECTION('center_axis',(0.,0.,-1.));
#8981=DIRECTION('ref_axis',(-0.707106781186547,-0.707106781186547,0.));
#8982=DIRECTION('',(0.,0.,1.));
#8983=DIRECTION('center_axis',(0.,0.,-1.));
#8984=DIRECTION('ref_axis',(-0.707106781186547,-0.707106781186547,0.));
#8985=DIRECTION('center_axis',(1.,4.2632564145606E-16,0.));
#8986=DIRECTION('ref_axis',(4.2632564145606E-16,-1.,0.));
#8987=DIRECTION('',(0.,0.,-1.));
#8988=DIRECTION('',(-4.2632564145606E-16,1.,0.));
#8989=DIRECTION('center_axis',(0.,0.,-1.));
#8990=DIRECTION('ref_axis',(-0.768706114785812,0.639602149066826,0.));
#8991=DIRECTION('',(0.,0.,1.));
#8992=DIRECTION('center_axis',(0.707106781186549,3.01457752067285E-16,-0.707106781186546));
#8993=DIRECTION('ref_axis',(-0.707106781186546,-1.96261557335471E-16,-0.707106781186549));
#8994=DIRECTION('center_axis',(0.,0.,-1.));
#8995=DIRECTION('ref_axis',(1.,0.,0.));
#8996=DIRECTION('',(0.,0.,-1.));
#8997=DIRECTION('center_axis',(0.,0.,1.));
#8998=DIRECTION('ref_axis',(1.,0.,0.));
#8999=DIRECTION('center_axis',(0.,0.,-1.));
#9000=DIRECTION('ref_axis',(-0.768706114785811,-0.639602149066827,0.));
#9001=DIRECTION('',(0.,0.,1.));
#9002=DIRECTION('center_axis',(0.707106781186546,3.01457752067284E-16,-0.707106781186549));
#9003=DIRECTION('ref_axis',(-0.707106781186549,-3.14018491736756E-16,-0.707106781186546));
#9004=DIRECTION('center_axis',(1.,4.2632564145606E-16,0.));
#9005=DIRECTION('ref_axis',(4.2632564145606E-16,-1.,0.));
#9006=DIRECTION('',(0.,0.,-1.));
#9007=DIRECTION('',(-4.2632564145606E-16,1.,0.));
#9008=DIRECTION('center_axis',(0.,0.,-1.));
#9009=DIRECTION('ref_axis',(-0.768706114785807,0.639602149066832,0.));
#9010=DIRECTION('center_axis',(0.707106781186546,3.01457752067284E-16,-0.707106781186549));
#9011=DIRECTION('ref_axis',(-0.707106781186549,-2.35513868802567E-16,-0.707106781186546));
#9012=DIRECTION('center_axis',(0.,0.,1.));
#9013=DIRECTION('ref_axis',(-1.,0.,0.));
#9014=DIRECTION('center_axis',(0.,0.,-1.));
#9015=DIRECTION('ref_axis',(-1.,0.,0.));
#9016=DIRECTION('',(0.707106781186548,-8.65956056235494E-17,0.707106781186548));
#9017=DIRECTION('center_axis',(0.,0.,1.));
#9018=DIRECTION('ref_axis',(-1.,0.,0.));
#9019=DIRECTION('center_axis',(0.,0.,1.));
#9020=DIRECTION('ref_axis',(-1.,0.,0.));
#9021=DIRECTION('center_axis',(0.,0.,1.));
#9022=DIRECTION('ref_axis',(1.,0.,0.));
#9023=DIRECTION('center_axis',(0.,0.,1.));
#9024=DIRECTION('ref_axis',(1.,0.,0.));
#9025=DIRECTION('center_axis',(0.,0.,1.));
#9026=DIRECTION('ref_axis',(1.,0.,0.));
#9027=DIRECTION('center_axis',(0.,0.,-1.));
#9028=DIRECTION('ref_axis',(1.,0.,0.));
#9029=DIRECTION('',(0.,0.,-1.));
#9030=DIRECTION('center_axis',(0.,0.,1.));
#9031=DIRECTION('ref_axis',(-1.,0.,0.));
#9032=DIRECTION('center_axis',(0.,0.,-1.));
#9033=DIRECTION('ref_axis',(-1.,0.,0.));
#9034=DIRECTION('',(0.707106781186548,-8.65956056235494E-17,0.707106781186548));
#9035=DIRECTION('center_axis',(0.,0.,1.));
#9036=DIRECTION('ref_axis',(-1.,0.,0.));
#9037=DIRECTION('center_axis',(0.,0.,1.));
#9038=DIRECTION('ref_axis',(-1.,0.,0.));
#9039=DIRECTION('center_axis',(0.,0.,1.));
#9040=DIRECTION('ref_axis',(1.,0.,0.));
#9041=DIRECTION('center_axis',(0.,0.,1.));
#9042=DIRECTION('ref_axis',(1.,0.,0.));
#9043=DIRECTION('center_axis',(0.,0.,1.));
#9044=DIRECTION('ref_axis',(1.,0.,0.));
#9045=DIRECTION('center_axis',(0.,0.,-1.));
#9046=DIRECTION('ref_axis',(1.,0.,0.));
#9047=DIRECTION('',(0.,0.,-1.));
#9048=DIRECTION('center_axis',(0.,0.,1.));
#9049=DIRECTION('ref_axis',(-1.,0.,0.));
#9050=DIRECTION('center_axis',(0.,0.,-1.));
#9051=DIRECTION('ref_axis',(-1.,0.,0.));
#9052=DIRECTION('',(0.707106781186549,-8.65956056235495E-17,0.707106781186546));
#9053=DIRECTION('center_axis',(0.,0.,1.));
#9054=DIRECTION('ref_axis',(-1.,0.,0.));
#9055=DIRECTION('center_axis',(0.,0.,1.));
#9056=DIRECTION('ref_axis',(-1.,0.,0.));
#9057=DIRECTION('center_axis',(0.,0.,1.));
#9058=DIRECTION('ref_axis',(1.,0.,0.));
#9059=DIRECTION('center_axis',(0.,0.,1.));
#9060=DIRECTION('ref_axis',(1.,0.,0.));
#9061=DIRECTION('center_axis',(0.,0.,1.));
#9062=DIRECTION('ref_axis',(1.,0.,0.));
#9063=DIRECTION('center_axis',(0.,0.,-1.));
#9064=DIRECTION('ref_axis',(1.,0.,0.));
#9065=DIRECTION('',(0.,0.,-1.));
#9066=DIRECTION('center_axis',(0.,0.,1.));
#9067=DIRECTION('ref_axis',(-1.,0.,0.));
#9068=DIRECTION('center_axis',(0.,0.,-1.));
#9069=DIRECTION('ref_axis',(-1.,0.,0.));
#9070=DIRECTION('',(0.707106781186548,-8.65956056235494E-17,0.707106781186548));
#9071=DIRECTION('center_axis',(0.,0.,1.));
#9072=DIRECTION('ref_axis',(-1.,0.,0.));
#9073=DIRECTION('center_axis',(0.,0.,1.));
#9074=DIRECTION('ref_axis',(-1.,0.,0.));
#9075=DIRECTION('center_axis',(0.,0.,1.));
#9076=DIRECTION('ref_axis',(1.,0.,0.));
#9077=DIRECTION('center_axis',(0.,0.,1.));
#9078=DIRECTION('ref_axis',(1.,0.,0.));
#9079=DIRECTION('center_axis',(0.,0.,1.));
#9080=DIRECTION('ref_axis',(1.,0.,0.));
#9081=DIRECTION('center_axis',(0.,0.,-1.));
#9082=DIRECTION('ref_axis',(1.,0.,0.));
#9083=DIRECTION('',(0.,0.,-1.));
#9084=DIRECTION('center_axis',(0.,0.,1.));
#9085=DIRECTION('ref_axis',(-1.,0.,0.));
#9086=DIRECTION('center_axis',(0.,0.,-1.));
#9087=DIRECTION('ref_axis',(-1.,0.,0.));
#9088=DIRECTION('',(0.707106781186548,-8.65956056235494E-17,0.707106781186548));
#9089=DIRECTION('center_axis',(0.,0.,1.));
#9090=DIRECTION('ref_axis',(-1.,0.,0.));
#9091=DIRECTION('center_axis',(0.,0.,1.));
#9092=DIRECTION('ref_axis',(-1.,0.,0.));
#9093=DIRECTION('center_axis',(0.,0.,1.));
#9094=DIRECTION('ref_axis',(1.,0.,0.));
#9095=DIRECTION('center_axis',(0.,0.,1.));
#9096=DIRECTION('ref_axis',(1.,0.,0.));
#9097=DIRECTION('center_axis',(0.,0.,1.));
#9098=DIRECTION('ref_axis',(1.,0.,0.));
#9099=DIRECTION('center_axis',(0.,0.,-1.));
#9100=DIRECTION('ref_axis',(1.,0.,0.));
#9101=DIRECTION('',(0.,0.,-1.));
#9102=DIRECTION('center_axis',(0.,0.,1.));
#9103=DIRECTION('ref_axis',(-1.,0.,0.));
#9104=DIRECTION('center_axis',(0.,0.,-1.));
#9105=DIRECTION('ref_axis',(-1.,0.,0.));
#9106=DIRECTION('',(0.707106781186548,-8.65956056235494E-17,0.707106781186548));
#9107=DIRECTION('center_axis',(0.,0.,1.));
#9108=DIRECTION('ref_axis',(-1.,0.,0.));
#9109=DIRECTION('center_axis',(0.,0.,1.));
#9110=DIRECTION('ref_axis',(-1.,0.,0.));
#9111=DIRECTION('center_axis',(0.,0.,1.));
#9112=DIRECTION('ref_axis',(1.,0.,0.));
#9113=DIRECTION('center_axis',(0.,0.,1.));
#9114=DIRECTION('ref_axis',(1.,0.,0.));
#9115=DIRECTION('center_axis',(0.,0.,1.));
#9116=DIRECTION('ref_axis',(1.,0.,0.));
#9117=DIRECTION('center_axis',(0.,0.,-1.));
#9118=DIRECTION('ref_axis',(1.,0.,0.));
#9119=DIRECTION('',(0.,0.,-1.));
#9120=DIRECTION('center_axis',(0.,0.,1.));
#9121=DIRECTION('ref_axis',(-1.,0.,0.));
#9122=DIRECTION('center_axis',(0.,0.,-1.));
#9123=DIRECTION('ref_axis',(-1.,0.,0.));
#9124=DIRECTION('',(0.707106781186547,-8.65956056235494E-17,0.707106781186547));
#9125=DIRECTION('center_axis',(0.,0.,1.));
#9126=DIRECTION('ref_axis',(-1.,0.,0.));
#9127=DIRECTION('center_axis',(0.,0.,1.));
#9128=DIRECTION('ref_axis',(-1.,0.,0.));
#9129=DIRECTION('center_axis',(0.,0.,1.));
#9130=DIRECTION('ref_axis',(1.,0.,0.));
#9131=DIRECTION('center_axis',(0.,0.,1.));
#9132=DIRECTION('ref_axis',(1.,0.,0.));
#9133=DIRECTION('center_axis',(0.,0.,1.));
#9134=DIRECTION('ref_axis',(1.,0.,0.));
#9135=DIRECTION('center_axis',(0.,0.,-1.));
#9136=DIRECTION('ref_axis',(1.,0.,0.));
#9137=DIRECTION('',(0.,0.,-1.));
#9138=DIRECTION('center_axis',(0.,0.,1.));
#9139=DIRECTION('ref_axis',(-1.,0.,0.));
#9140=DIRECTION('center_axis',(0.,0.,-1.));
#9141=DIRECTION('ref_axis',(-1.,0.,0.));
#9142=DIRECTION('',(0.707106781186549,-8.65956056235495E-17,0.707106781186546));
#9143=DIRECTION('center_axis',(0.,0.,1.));
#9144=DIRECTION('ref_axis',(-1.,0.,0.));
#9145=DIRECTION('center_axis',(0.,0.,1.));
#9146=DIRECTION('ref_axis',(-1.,0.,0.));
#9147=DIRECTION('center_axis',(0.,0.,1.));
#9148=DIRECTION('ref_axis',(1.,0.,0.));
#9149=DIRECTION('center_axis',(0.,0.,1.));
#9150=DIRECTION('ref_axis',(1.,0.,0.));
#9151=DIRECTION('center_axis',(0.,0.,1.));
#9152=DIRECTION('ref_axis',(1.,0.,0.));
#9153=DIRECTION('center_axis',(0.,0.,-1.));
#9154=DIRECTION('ref_axis',(1.,0.,0.));
#9155=DIRECTION('',(0.,0.,-1.));
#9156=DIRECTION('center_axis',(0.,0.,1.));
#9157=DIRECTION('ref_axis',(-1.,0.,0.));
#9158=DIRECTION('center_axis',(0.,0.,-1.));
#9159=DIRECTION('ref_axis',(-1.,0.,0.));
#9160=DIRECTION('',(0.707106781186548,-8.65956056235494E-17,0.707106781186548));
#9161=DIRECTION('center_axis',(0.,0.,1.));
#9162=DIRECTION('ref_axis',(-1.,0.,0.));
#9163=DIRECTION('center_axis',(0.,0.,1.));
#9164=DIRECTION('ref_axis',(-1.,0.,0.));
#9165=DIRECTION('center_axis',(0.,0.,1.));
#9166=DIRECTION('ref_axis',(1.,0.,0.));
#9167=DIRECTION('center_axis',(0.,0.,1.));
#9168=DIRECTION('ref_axis',(1.,0.,0.));
#9169=DIRECTION('center_axis',(0.,0.,1.));
#9170=DIRECTION('ref_axis',(1.,0.,0.));
#9171=DIRECTION('center_axis',(0.,0.,-1.));
#9172=DIRECTION('ref_axis',(1.,0.,0.));
#9173=DIRECTION('',(0.,0.,-1.));
#9174=DIRECTION('center_axis',(0.,0.,1.));
#9175=DIRECTION('ref_axis',(-1.,0.,0.));
#9176=DIRECTION('center_axis',(0.,0.,-1.));
#9177=DIRECTION('ref_axis',(-1.,0.,0.));
#9178=DIRECTION('',(0.707106781186548,-8.65956056235494E-17,0.707106781186548));
#9179=DIRECTION('center_axis',(0.,0.,1.));
#9180=DIRECTION('ref_axis',(-1.,0.,0.));
#9181=DIRECTION('center_axis',(0.,0.,1.));
#9182=DIRECTION('ref_axis',(-1.,0.,0.));
#9183=DIRECTION('center_axis',(0.,0.,1.));
#9184=DIRECTION('ref_axis',(1.,0.,0.));
#9185=DIRECTION('center_axis',(0.,0.,1.));
#9186=DIRECTION('ref_axis',(1.,0.,0.));
#9187=DIRECTION('center_axis',(0.,0.,1.));
#9188=DIRECTION('ref_axis',(1.,0.,0.));
#9189=DIRECTION('center_axis',(0.,0.,-1.));
#9190=DIRECTION('ref_axis',(1.,0.,0.));
#9191=DIRECTION('',(0.,0.,-1.));
#9192=DIRECTION('center_axis',(0.,0.,1.));
#9193=DIRECTION('ref_axis',(-1.71157013855662E-12,1.,0.));
#9194=DIRECTION('',(-1.46210055861373E-12,0.820080985217612,0.572247479404245));
#9195=DIRECTION('center_axis',(0.,0.,1.));
#9196=DIRECTION('ref_axis',(-1.71157206055154E-12,1.,0.));
#9197=DIRECTION('',(0.820080985217611,-1.4627774570205E-12,-0.572247479404245));
#9198=DIRECTION('center_axis',(6.80706291580514E-17,1.16507503769096E-28,
-1.));
#9199=DIRECTION('ref_axis',(-1.71156789955005E-12,1.,0.));
#9200=DIRECTION('center_axis',(0.,-0.572247479404244,0.820080985217612));
#9201=DIRECTION('ref_axis',(1.,0.,0.));
#9202=DIRECTION('',(0.,0.820080985217611,0.572247479404246));
#9203=DIRECTION('',(-1.,0.,0.));
#9204=DIRECTION('',(1.,0.,0.));
#9205=DIRECTION('center_axis',(0.,0.,1.));
#9206=DIRECTION('ref_axis',(1.,1.71236914255474E-12,7.86057174072363E-18));
#9207=DIRECTION('',(0.820080985217616,1.46345435542725E-12,0.572247479404239));
#9208=DIRECTION('center_axis',(0.,0.,1.));
#9209=DIRECTION('ref_axis',(1.,1.71235574739245E-12,0.));
#9210=DIRECTION('center_axis',(1.70176572894837E-17,1.7017657289542E-17,
-1.));
#9211=DIRECTION('ref_axis',(1.,1.71238474709994E-12,1.70176572895129E-17));
#9212=DIRECTION('center_axis',(-0.572247479404247,0.,0.82008098521761));
#9213=DIRECTION('ref_axis',(0.82008098521761,0.,0.572247479404247));
#9214=DIRECTION('',(0.820080985217608,0.,0.572247479404251));
#9215=DIRECTION('',(0.,1.,0.));
#9216=DIRECTION('',(0.,-1.,0.));
#9217=DIRECTION('center_axis',(0.,0.,1.));
#9218=DIRECTION('ref_axis',(1.71316814655286E-12,-1.,0.));
#9219=DIRECTION('',(1.4648081522408E-12,-0.820080985217611,0.572247479404246));
#9220=DIRECTION('center_axis',(0.,0.,1.));
#9221=DIRECTION('ref_axis',(1.71313943423336E-12,-1.,0.));
#9222=DIRECTION('center_axis',(0.,0.,-1.));
#9223=DIRECTION('ref_axis',(1.71320159464984E-12,-1.,0.));
#9224=DIRECTION('center_axis',(1.58830581853997E-16,0.572247479404241,0.820080985217614));
#9225=DIRECTION('ref_axis',(1.,0.,-1.9367670354148E-16));
#9226=DIRECTION('',(0.,-0.820080985217614,0.572247479404242));
#9227=DIRECTION('',(1.,-2.77555756155279E-16,0.));
#9228=DIRECTION('',(-1.,2.77555756155279E-16,0.));
#9229=DIRECTION('center_axis',(0.,0.,1.));
#9230=DIRECTION('ref_axis',(-1.,-1.71183647322266E-12,0.));
#9231=DIRECTION('',(-0.820080985217611,-1.46345435542726E-12,0.572247479404245));
#9232=DIRECTION('center_axis',(0.,0.,1.));
#9233=DIRECTION('ref_axis',(-1.,-1.71183328949851E-12,0.));
#9234=DIRECTION('center_axis',(1.16526038211312E-28,-6.80706291580515E-17,
-1.));
#9235=DIRECTION('ref_axis',(-1.,-1.71184018206668E-12,0.));
#9236=DIRECTION('center_axis',(0.572247479404243,-6.3532232741599E-16,0.820080985217613));
#9237=DIRECTION('ref_axis',(0.820080985217613,0.,-0.572247479404243));
#9238=DIRECTION('',(-1.11022302462112E-15,-1.,0.));
#9239=DIRECTION('',(1.11022302462112E-15,1.,0.));
#9240=DIRECTION('center_axis',(-0.938578553396256,0.,0.345065644630976));
#9241=DIRECTION('ref_axis',(0.345065644630976,0.,0.938578553396256));
#9242=DIRECTION('',(0.345065644630976,0.,0.938578553396256));
#9243=DIRECTION('',(0.,1.,0.));
#9244=DIRECTION('',(0.345065644630976,0.,0.938578553396256));
#9245=DIRECTION('center_axis',(0.,0.,1.));
#9246=DIRECTION('ref_axis',(1.,1.71235574739245E-12,0.));
#9247=DIRECTION('',(0.,0.345065644630976,0.938578553396256));
#9248=DIRECTION('center_axis',(1.19979962152394E-27,-7.00510950396447E-16,
1.));
#9249=DIRECTION('ref_axis',(1.,1.71274927371931E-12,0.));
#9250=DIRECTION('center_axis',(0.,-0.938578553396256,0.345065644630976));
#9251=DIRECTION('ref_axis',(0.,-0.345065644630976,-0.938578553396256));
#9252=DIRECTION('',(0.,0.345065644630976,0.938578553396256));
#9253=DIRECTION('',(-1.,0.,0.));
#9254=DIRECTION('center_axis',(0.,0.,1.));
#9255=DIRECTION('ref_axis',(-1.71157206055154E-12,1.,0.));
#9256=DIRECTION('',(-0.345065644630976,6.12959717882291E-17,0.938578553396256));
#9257=DIRECTION('center_axis',(0.,0.,1.));
#9258=DIRECTION('ref_axis',(-1.71064774086813E-12,1.,0.));
#9259=DIRECTION('center_axis',(0.,0.,1.));
#9260=DIRECTION('ref_axis',(1.,0.,0.));
#9261=DIRECTION('',(1.,7.40148683083438E-17,0.));
#9262=DIRECTION('center_axis',(0.,0.,-1.));
#9263=DIRECTION('ref_axis',(-0.707106781186547,0.707106781186547,0.));
#9264=DIRECTION('',(-3.80647894157197E-16,1.,0.));
#9265=DIRECTION('center_axis',(0.,0.,-1.));
#9266=DIRECTION('ref_axis',(-0.707106781186548,-0.707106781186548,0.));
#9267=DIRECTION('',(-1.,0.,0.));
#9268=DIRECTION('center_axis',(0.,0.,-1.));
#9269=DIRECTION('ref_axis',(0.707106781186547,-0.707106781186547,0.));
#9270=DIRECTION('',(0.,-1.,0.));
#9271=DIRECTION('center_axis',(0.,0.,-1.));
#9272=DIRECTION('ref_axis',(0.707106781186547,0.707106781186547,0.));
#9273=DIRECTION('center_axis',(0.,0.,-1.));
#9274=DIRECTION('ref_axis',(1.,0.,0.));
#9275=DIRECTION('',(2.71891352969426E-16,-1.,0.));
#9276=DIRECTION('center_axis',(0.,0.,-1.));
#9277=DIRECTION('ref_axis',(0.,-1.,0.));
#9278=DIRECTION('',(-1.,-1.11022302462516E-16,0.));
#9279=DIRECTION('center_axis',(0.,0.,-1.));
#9280=DIRECTION('ref_axis',(-1.,-1.11022302462516E-16,0.));
#9281=DIRECTION('',(0.,1.,0.));
#9282=DIRECTION('center_axis',(0.,0.,-1.));
#9283=DIRECTION('ref_axis',(0.,1.,0.));
#9284=DIRECTION('',(1.,0.,0.));
#9285=DIRECTION('center_axis',(0.,0.,-1.));
#9286=DIRECTION('ref_axis',(1.,0.,0.));
#9287=DIRECTION('center_axis',(0.,0.,-1.));
#9288=DIRECTION('ref_axis',(0.,-1.,0.));
#9289=DIRECTION('',(-0.552091878505713,-0.833783279808388,0.));
#9290=DIRECTION('center_axis',(0.,0.,-1.));
#9291=DIRECTION('ref_axis',(1.,0.,0.));
#9292=DIRECTION('',(-0.552091878505705,0.833783279808394,0.));
#9293=DIRECTION('center_axis',(0.,0.,-1.));
#9294=DIRECTION('ref_axis',(-1.,0.,0.));
#9295=DIRECTION('',(0.,1.,0.));
#9296=DIRECTION('center_axis',(0.,0.,-1.));
#9297=DIRECTION('ref_axis',(0.,1.,0.));
#9298=DIRECTION('',(0.552091878505704,0.833783279808394,0.));
#9299=DIRECTION('center_axis',(0.,0.,-1.));
#9300=DIRECTION('ref_axis',(1.,0.,0.));
#9301=DIRECTION('',(0.552091878505711,-0.83378327980839,0.));
#9302=DIRECTION('center_axis',(0.,0.,-1.));
#9303=DIRECTION('ref_axis',(1.,0.,0.));
#9304=DIRECTION('',(0.,-1.,0.));
#9305=DIRECTION('center_axis',(0.,0.,1.));
#9306=DIRECTION('ref_axis',(-1.71087237462616E-12,1.,0.));
#9307=DIRECTION('',(-3.76355514161683E-12,0.820080985217611,0.572247479404245));
#9308=DIRECTION('',(0.820080985217611,-3.76567044913797E-12,-0.572247479404245));
#9309=DIRECTION('center_axis',(0.,0.,-1.));
#9310=DIRECTION('ref_axis',(-1.71157206055154E-12,1.,0.));
#9311=DIRECTION('center_axis',(0.,-0.572247479404244,0.820080985217612));
#9312=DIRECTION('ref_axis',(1.,0.,0.));
#9313=DIRECTION('',(0.,0.820080985217612,0.572247479404244));
#9314=DIRECTION('',(1.,0.,0.));
#9315=DIRECTION('center_axis',(-2.95719260952587E-15,0.,1.));
#9316=DIRECTION('ref_axis',(1.,1.71265363657204E-12,0.));
#9317=DIRECTION('',(0.82008098521761,3.76567044913798E-12,0.572247479404247));
#9318=DIRECTION('center_axis',(0.,0.,-1.));
#9319=DIRECTION('ref_axis',(1.,1.71235574739245E-12,0.));
#9320=DIRECTION('center_axis',(-0.572247479404245,0.,0.820080985217611));
#9321=DIRECTION('ref_axis',(0.820080985217611,0.,0.572247479404245));
#9322=DIRECTION('',(0.820080985217611,0.,0.572247479404245));
#9323=DIRECTION('',(0.,-1.,0.));
#9324=DIRECTION('center_axis',(0.,0.,1.));
#9325=DIRECTION('ref_axis',(1.71443489851793E-12,-1.,0.));
#9326=DIRECTION('',(3.76693963365066E-12,-0.820080985217613,0.572247479404243));
#9327=DIRECTION('center_axis',(0.,0.,1.));
#9328=DIRECTION('ref_axis',(1.71485080657051E-12,-1.,0.));
#9329=DIRECTION('center_axis',(0.,0.,-1.));
#9330=DIRECTION('ref_axis',(1.71313943423336E-12,-1.,0.));
#9331=DIRECTION('center_axis',(1.58830581853998E-16,0.572247479404246,0.820080985217611));
#9332=DIRECTION('ref_axis',(1.,0.,-1.93676703541483E-16));
#9333=DIRECTION('',(0.,-0.820080985217611,0.572247479404246));
#9334=DIRECTION('',(1.,-2.77555756155279E-16,0.));
#9335=DIRECTION('',(-1.,2.77555756155279E-16,0.));
#9336=DIRECTION('center_axis',(0.,0.,1.));
#9337=DIRECTION('ref_axis',(-1.,-1.7125266656958E-12,0.));
#9338=DIRECTION('',(-0.820080985217612,-3.76440126462529E-12,0.572247479404244));
#9339=DIRECTION('center_axis',(1.19979962152395E-27,-7.00510950396448E-16,
1.));
#9340=DIRECTION('ref_axis',(-1.,-1.71274927371932E-12,0.));
#9341=DIRECTION('center_axis',(0.,0.,-1.));
#9342=DIRECTION('ref_axis',(-1.,-1.7118332894985E-12,0.));
#9343=DIRECTION('center_axis',(0.572247479404245,-6.35322327415992E-16,
0.820080985217611));
#9344=DIRECTION('ref_axis',(0.820080985217611,0.,-0.572247479404245));
#9345=DIRECTION('',(-1.11022302462112E-15,-1.,0.));
#9346=DIRECTION('',(1.11022302462112E-15,1.,0.));
#9347=DIRECTION('center_axis',(2.60507880099026E-16,0.938578553396256,0.345065644630976));
#9348=DIRECTION('ref_axis',(0.,-0.345065644630976,0.938578553396256));
#9349=DIRECTION('',(0.,0.345065644630976,-0.938578553396256));
#9350=DIRECTION('',(0.,-0.345065644630976,0.938578553396256));
#9351=DIRECTION('center_axis',(0.,0.,1.));
#9352=DIRECTION('ref_axis',(-1.,-1.71183328949851E-12,0.));
#9353=DIRECTION('',(-0.345065644630976,0.,0.938578553396256));
#9354=DIRECTION('center_axis',(0.938578553396256,-1.0420315203961E-15,0.345065644630977));
#9355=DIRECTION('ref_axis',(0.345065644630977,0.,-0.938578553396256));
#9356=DIRECTION('center_axis',(0.,0.,-1.));
#9357=DIRECTION('ref_axis',(-1.,0.,0.));
#9358=DIRECTION('',(5.55111512312578E-16,1.,0.));
#9359=DIRECTION('center_axis',(0.,0.,-1.));
#9360=DIRECTION('ref_axis',(1.,0.,0.));
#9361=DIRECTION('',(1.,0.,0.));
#9362=DIRECTION('center_axis',(0.,0.,-1.));
#9363=DIRECTION('ref_axis',(0.,-1.,0.));
#9364=DIRECTION('',(-5.55111512312578E-16,-1.,0.));
#9365=DIRECTION('center_axis',(0.,0.,-1.));
#9366=DIRECTION('ref_axis',(-1.,0.,0.));
#9367=DIRECTION('',(-1.,2.77555756156289E-16,0.));
#9368=DIRECTION('center_axis',(0.,0.,-1.));
#9369=DIRECTION('ref_axis',(0.,1.,0.));
#9370=DIRECTION('center_axis',(0.,0.,1.));
#9371=DIRECTION('ref_axis',(0.,1.,0.));
#9372=DIRECTION('center_axis',(0.,0.,1.));
#9373=DIRECTION('ref_axis',(0.,1.,0.));
#9374=DIRECTION('',(0.,0.,1.));
#9375=DIRECTION('',(0.,0.,1.));
#9376=DIRECTION('center_axis',(2.77555756156289E-16,1.,0.));
#9377=DIRECTION('ref_axis',(-1.,2.77555756156289E-16,0.));
#9378=DIRECTION('',(1.,-2.77555756156289E-16,0.));
#9379=DIRECTION('',(0.,0.,1.));
#9380=DIRECTION('center_axis',(0.,0.,1.));
#9381=DIRECTION('ref_axis',(-1.,0.,0.));
#9382=DIRECTION('center_axis',(0.,0.,1.));
#9383=DIRECTION('ref_axis',(-1.,0.,0.));
#9384=DIRECTION('',(0.,0.,1.));
#9385=DIRECTION('center_axis',(-1.,5.55111512312578E-16,0.));
#9386=DIRECTION('ref_axis',(-5.55111512312578E-16,-1.,0.));
#9387=DIRECTION('',(5.55111512312578E-16,1.,0.));
#9388=DIRECTION('',(0.,0.,1.));
#9389=DIRECTION('center_axis',(0.,0.,1.));
#9390=DIRECTION('ref_axis',(0.,-1.,0.));
#9391=DIRECTION('center_axis',(0.,0.,1.));
#9392=DIRECTION('ref_axis',(0.,-1.,0.));
#9393=DIRECTION('',(0.,0.,1.));
#9394=DIRECTION('center_axis',(0.,-1.,0.));
#9395=DIRECTION('ref_axis',(1.,0.,0.));
#9396=DIRECTION('',(-1.,0.,0.));
#9397=DIRECTION('',(0.,0.,1.));
#9398=DIRECTION('center_axis',(0.,0.,1.));
#9399=DIRECTION('ref_axis',(1.,0.,0.));
#9400=DIRECTION('center_axis',(0.,0.,1.));
#9401=DIRECTION('ref_axis',(1.,0.,0.));
#9402=DIRECTION('',(0.,0.,1.));
#9403=DIRECTION('center_axis',(1.,-5.55111512312578E-16,0.));
#9404=DIRECTION('ref_axis',(5.55111512312578E-16,1.,0.));
#9405=DIRECTION('',(-5.55111512312578E-16,-1.,0.));
#9406=DIRECTION('center_axis',(0.,0.,1.));
#9407=DIRECTION('ref_axis',(1.71313943423336E-12,-1.,0.));
#9408=DIRECTION('',(0.,-0.345065644630977,0.938578553396256));
#9409=DIRECTION('center_axis',(-6.02981052349364E-32,-1.51383527500611E-31,
1.));
#9410=DIRECTION('ref_axis',(1.,0.,6.02981052349364E-32));
#9411=DIRECTION('center_axis',(0.,0.,1.));
#9412=DIRECTION('ref_axis',(-1.,0.,0.));
#9413=DIRECTION('center_axis',(0.,0.,-1.));
#9414=DIRECTION('ref_axis',(-1.,0.,0.));
#9415=DIRECTION('center_axis',(0.,0.,1.));
#9416=DIRECTION('ref_axis',(-1.,0.,0.));
#9417=DIRECTION('center_axis',(0.,0.,-1.));
#9418=DIRECTION('ref_axis',(-1.,0.,0.));
#9419=DIRECTION('center_axis',(0.,0.,-1.));
#9420=DIRECTION('ref_axis',(-1.,0.,0.));
#9421=DIRECTION('center_axis',(0.,0.,-1.));
#9422=DIRECTION('ref_axis',(0.,1.,0.));
#9423=DIRECTION('',(1.,1.97372982155583E-16,0.));
#9424=DIRECTION('center_axis',(0.,0.,-1.));
#9425=DIRECTION('ref_axis',(6.12323399573654E-17,1.,0.));
#9426=DIRECTION('',(1.,1.97372982155583E-16,0.));
#9427=DIRECTION('center_axis',(0.,0.,-1.));
#9428=DIRECTION('ref_axis',(0.,1.,0.));
#9429=DIRECTION('',(1.,1.97372982155583E-16,0.));
#9430=DIRECTION('center_axis',(0.,0.,1.));
#9431=DIRECTION('ref_axis',(-0.707106781186547,-0.707106781186547,0.));
#9432=DIRECTION('',(4.2632564145606E-16,-1.,0.));
#9433=DIRECTION('center_axis',(0.,0.,-1.));
#9434=DIRECTION('ref_axis',(1.,0.,0.));
#9435=DIRECTION('',(4.2632564145606E-16,-1.,0.));
#9436=DIRECTION('center_axis',(0.,0.,-1.));
#9437=DIRECTION('ref_axis',(1.,0.,0.));
#9438=DIRECTION('',(4.2632564145606E-16,-1.,0.));
#9439=DIRECTION('center_axis',(0.,0.,1.));
#9440=DIRECTION('ref_axis',(-0.707106781186547,0.707106781186547,0.));
#9441=DIRECTION('',(-1.,-1.97372982155583E-16,0.));
#9442=DIRECTION('center_axis',(0.,0.,-1.));
#9443=DIRECTION('ref_axis',(-1.48029736616688E-15,-1.,0.));
#9444=DIRECTION('',(-1.,-1.97372982155583E-16,0.));
#9445=DIRECTION('center_axis',(0.,0.,-1.));
#9446=DIRECTION('ref_axis',(-1.83697019872103E-16,-1.,0.));
#9447=DIRECTION('',(-1.,-1.97372982155583E-16,0.));
#9448=DIRECTION('center_axis',(0.,0.,-1.));
#9449=DIRECTION('ref_axis',(0.,-1.,0.));
#9450=DIRECTION('',(-1.,-1.97372982155583E-16,0.));
#9451=DIRECTION('center_axis',(0.,0.,1.));
#9452=DIRECTION('ref_axis',(0.707106781186547,0.707106781186547,0.));
#9453=DIRECTION('',(1.4210854715202E-16,1.,0.));
#9454=DIRECTION('center_axis',(0.,0.,-1.));
#9455=DIRECTION('ref_axis',(-1.,0.,0.));
#9456=DIRECTION('',(1.4210854715202E-16,1.,0.));
#9457=DIRECTION('center_axis',(0.,0.,1.));
#9458=DIRECTION('ref_axis',(1.,0.,0.));
#9459=DIRECTION('center_axis',(0.,0.,1.));
#9460=DIRECTION('ref_axis',(1.,0.,0.));
#9461=DIRECTION('',(-1.,-2.22044604925031E-16,0.));
#9462=DIRECTION('center_axis',(0.,0.,-1.));
#9463=DIRECTION('ref_axis',(-0.70710678118654,0.707106781186555,0.));
#9464=DIRECTION('',(0.,-1.,0.));
#9465=DIRECTION('center_axis',(0.,0.,-1.));
#9466=DIRECTION('ref_axis',(-0.707106781186552,-0.707106781186543,0.));
#9467=DIRECTION('',(1.,2.22044604925031E-16,0.));
#9468=DIRECTION('center_axis',(0.,0.,-1.));
#9469=DIRECTION('ref_axis',(0.70710678118654,-0.707106781186555,0.));
#9470=DIRECTION('',(3.1720657846433E-16,1.,0.));
#9471=DIRECTION('center_axis',(0.,0.,-1.));
#9472=DIRECTION('ref_axis',(0.707106781186552,0.707106781186543,0.));
#9473=DIRECTION('',(1.,8.07434927000113E-16,0.));
#9474=DIRECTION('center_axis',(0.,0.,-1.));
#9475=DIRECTION('ref_axis',(0.707106781186548,-0.707106781186548,0.));
#9476=DIRECTION('',(-3.86164530304402E-16,1.,0.));
#9477=DIRECTION('center_axis',(0.,0.,-1.));
#9478=DIRECTION('ref_axis',(0.707106781186548,0.707106781186548,0.));
#9479=DIRECTION('',(-1.,-4.03717463500057E-16,0.));
#9480=DIRECTION('center_axis',(0.,0.,-1.));
#9481=DIRECTION('ref_axis',(-0.707106781186548,0.707106781186548,0.));
#9482=DIRECTION('',(0.,-1.,0.));
#9483=DIRECTION('center_axis',(0.,0.,-1.));
#9484=DIRECTION('ref_axis',(-0.707106781186546,-0.707106781186549,0.));
#9485=DIRECTION('center_axis',(0.,0.,1.));
#9486=DIRECTION('ref_axis',(1.,0.,0.));
#9487=DIRECTION('center_axis',(0.,0.,-1.));
#9488=DIRECTION('ref_axis',(0.70710678118654,-0.707106781186555,0.));
#9489=DIRECTION('center_axis',(0.,0.,1.));
#9490=DIRECTION('ref_axis',(0.70710678118654,-0.707106781186555,0.));
#9491=DIRECTION('',(0.,0.,-1.));
#9492=DIRECTION('',(0.,0.,1.));
#9493=DIRECTION('center_axis',(1.,-3.1720657846433E-16,0.));
#9494=DIRECTION('ref_axis',(-3.1720657846433E-16,-1.,0.));
#9495=DIRECTION('',(3.1720657846433E-16,1.,0.));
#9496=DIRECTION('',(0.,0.,1.));
#9497=DIRECTION('center_axis',(0.,0.,-1.));
#9498=DIRECTION('ref_axis',(-0.707106781186552,-0.707106781186543,0.));
#9499=DIRECTION('center_axis',(0.,0.,1.));
#9500=DIRECTION('ref_axis',(-0.707106781186552,-0.707106781186543,0.));
#9501=DIRECTION('',(0.,0.,-1.));
#9502=DIRECTION('',(0.,0.,1.));
#9503=DIRECTION('center_axis',(2.22044604925031E-16,-1.,0.));
#9504=DIRECTION('ref_axis',(-1.,-2.22044604925031E-16,0.));
#9505=DIRECTION('',(1.,2.22044604925031E-16,0.));
#9506=DIRECTION('center_axis',(0.,0.,-1.));
#9507=DIRECTION('ref_axis',(-0.70710678118654,0.707106781186555,0.));
#9508=DIRECTION('center_axis',(0.,0.,1.));
#9509=DIRECTION('ref_axis',(-0.70710678118654,0.707106781186555,0.));
#9510=DIRECTION('',(0.,0.,-1.));
#9511=DIRECTION('',(0.,0.,1.));
#9512=DIRECTION('center_axis',(-1.,0.,0.));
#9513=DIRECTION('ref_axis',(0.,1.,0.));
#9514=DIRECTION('',(0.,-1.,0.));
#9515=DIRECTION('center_axis',(0.,0.,-1.));
#9516=DIRECTION('ref_axis',(0.707106781186552,0.707106781186543,0.));
#9517=DIRECTION('center_axis',(0.,0.,1.));
#9518=DIRECTION('ref_axis',(0.707106781186552,0.707106781186543,0.));
#9519=DIRECTION('',(0.,0.,-1.));
#9520=DIRECTION('center_axis',(-2.22044604925031E-16,1.,0.));
#9521=DIRECTION('ref_axis',(1.,2.22044604925031E-16,0.));
#9522=DIRECTION('',(-1.,-2.22044604925031E-16,0.));
#9523=DIRECTION('center_axis',(0.,0.,-1.));
#9524=DIRECTION('ref_axis',(0.707106781186548,0.707106781186548,0.));
#9525=DIRECTION('center_axis',(0.,0.,1.));
#9526=DIRECTION('ref_axis',(0.707106781186548,0.707106781186548,0.));
#9527=DIRECTION('',(0.,0.,-1.));
#9528=DIRECTION('',(0.,0.,1.));
#9529=DIRECTION('center_axis',(-4.03717463500057E-16,1.,0.));
#9530=DIRECTION('ref_axis',(1.,4.03717463500057E-16,0.));
#9531=DIRECTION('',(-1.,-4.03717463500057E-16,0.));
#9532=DIRECTION('',(0.,0.,1.));
#9533=DIRECTION('center_axis',(0.,0.,-1.));
#9534=DIRECTION('ref_axis',(0.707106781186548,-0.707106781186548,0.));
#9535=DIRECTION('center_axis',(0.,0.,1.));
#9536=DIRECTION('ref_axis',(0.707106781186548,-0.707106781186548,0.));
#9537=DIRECTION('',(0.,0.,-1.));
#9538=DIRECTION('',(0.,0.,1.));
#9539=DIRECTION('center_axis',(1.,3.86164530304402E-16,0.));
#9540=DIRECTION('ref_axis',(3.86164530304402E-16,-1.,0.));
#9541=DIRECTION('',(-3.86164530304402E-16,1.,0.));
#9542=DIRECTION('center_axis',(0.,0.,-1.));
#9543=DIRECTION('ref_axis',(-0.707106781186546,-0.707106781186549,0.));
#9544=DIRECTION('center_axis',(0.,0.,1.));
#9545=DIRECTION('ref_axis',(-0.707106781186546,-0.707106781186549,0.));
#9546=DIRECTION('',(0.,0.,-1.));
#9547=DIRECTION('',(0.,0.,1.));
#9548=DIRECTION('center_axis',(8.07434927000113E-16,-1.,0.));
#9549=DIRECTION('ref_axis',(-1.,-8.07434927000113E-16,0.));
#9550=DIRECTION('',(1.,8.07434927000113E-16,0.));
#9551=DIRECTION('center_axis',(0.,0.,-1.));
#9552=DIRECTION('ref_axis',(-0.707106781186548,0.707106781186548,0.));
#9553=DIRECTION('center_axis',(0.,0.,1.));
#9554=DIRECTION('ref_axis',(-0.707106781186548,0.707106781186548,0.));
#9555=DIRECTION('',(0.,0.,-1.));
#9556=DIRECTION('center_axis',(-1.,0.,0.));
#9557=DIRECTION('ref_axis',(0.,1.,0.));
#9558=DIRECTION('',(0.,-1.,0.));
#9559=DIRECTION('center_axis',(0.,0.,1.));
#9560=DIRECTION('ref_axis',(1.,0.,0.));
#9561=DIRECTION('center_axis',(0.,0.,-1.));
#9562=DIRECTION('ref_axis',(1.,0.,0.));
#9563=DIRECTION('',(0.,0.,-1.));
#9564=DIRECTION('center_axis',(0.,0.,1.));
#9565=DIRECTION('ref_axis',(1.,0.,0.));
#9566=DIRECTION('center_axis',(0.,0.,-1.));
#9567=DIRECTION('ref_axis',(1.,0.,0.));
#9568=DIRECTION('',(0.,0.,-1.));
#9569=DIRECTION('center_axis',(0.,0.,-1.));
#9570=DIRECTION('ref_axis',(0.,-1.,0.));
#9571=DIRECTION('',(0.,0.,-1.));
#9572=DIRECTION('center_axis',(0.,0.,-1.));
#9573=DIRECTION('ref_axis',(0.,-1.,0.));
#9574=DIRECTION('',(0.,0.,-1.));
#9575=DIRECTION('center_axis',(1.,0.,0.));
#9576=DIRECTION('ref_axis',(0.,-1.,0.));
#9577=DIRECTION('',(0.,0.,-1.));
#9578=DIRECTION('',(0.,-1.,0.));
#9579=DIRECTION('center_axis',(0.,0.,-1.));
#9580=DIRECTION('ref_axis',(1.,0.,0.));
#9581=DIRECTION('',(0.,0.,-1.));
#9582=DIRECTION('center_axis',(0.,0.,-1.));
#9583=DIRECTION('ref_axis',(1.,0.,0.));
#9584=DIRECTION('center_axis',(0.83378327980839,0.552091878505711,0.));
#9585=DIRECTION('ref_axis',(0.552091878505711,-0.83378327980839,0.));
#9586=DIRECTION('',(0.,0.,-1.));
#9587=DIRECTION('',(0.552091878505711,-0.83378327980839,0.));
#9588=DIRECTION('center_axis',(0.,0.,-1.));
#9589=DIRECTION('ref_axis',(1.,0.,0.));
#9590=DIRECTION('',(0.,0.,-1.));
#9591=DIRECTION('center_axis',(0.,0.,-1.));
#9592=DIRECTION('ref_axis',(1.,0.,0.));
#9593=DIRECTION('center_axis',(-0.833783279808395,0.552091878505704,0.));
#9594=DIRECTION('ref_axis',(0.552091878505704,0.833783279808394,0.));
#9595=DIRECTION('',(0.,0.,-1.));
#9596=DIRECTION('',(0.552091878505704,0.833783279808394,0.));
#9597=DIRECTION('center_axis',(0.,0.,-1.));
#9598=DIRECTION('ref_axis',(0.,1.,0.));
#9599=DIRECTION('',(0.,0.,-1.));
#9600=DIRECTION('center_axis',(0.,0.,-1.));
#9601=DIRECTION('ref_axis',(0.,1.,0.));
#9602=DIRECTION('center_axis',(-1.,0.,0.));
#9603=DIRECTION('ref_axis',(0.,1.,0.));
#9604=DIRECTION('',(0.,0.,-1.));
#9605=DIRECTION('',(0.,1.,0.));
#9606=DIRECTION('center_axis',(0.,0.,-1.));
#9607=DIRECTION('ref_axis',(-1.,0.,0.));
#9608=DIRECTION('',(0.,0.,-1.));
#9609=DIRECTION('center_axis',(0.,0.,-1.));
#9610=DIRECTION('ref_axis',(-1.,0.,0.));
#9611=DIRECTION('center_axis',(-0.833783279808394,-0.552091878505705,0.));
#9612=DIRECTION('ref_axis',(-0.552091878505705,0.833783279808394,0.));
#9613=DIRECTION('',(0.,0.,-1.));
#9614=DIRECTION('',(-0.552091878505705,0.833783279808394,0.));
#9615=DIRECTION('center_axis',(0.,0.,-1.));
#9616=DIRECTION('ref_axis',(1.,0.,0.));
#9617=DIRECTION('',(0.,0.,-1.));
#9618=DIRECTION('center_axis',(0.,0.,-1.));
#9619=DIRECTION('ref_axis',(1.,0.,0.));
#9620=DIRECTION('center_axis',(0.833783279808388,-0.552091878505713,0.));
#9621=DIRECTION('ref_axis',(-0.552091878505713,-0.833783279808388,0.));
#9622=DIRECTION('',(-0.552091878505713,-0.833783279808388,0.));
#9623=DIRECTION('center_axis',(0.,0.,1.));
#9624=DIRECTION('ref_axis',(1.,0.,0.));
#9625=DIRECTION('center_axis',(1.,2.71891352969426E-16,0.));
#9626=DIRECTION('ref_axis',(2.71891352969426E-16,-1.,0.));
#9627=DIRECTION('',(0.,0.,-1.));
#9628=DIRECTION('',(2.71891352969426E-16,-1.,0.));
#9629=DIRECTION('',(0.,0.,-1.));
#9630=DIRECTION('center_axis',(0.,0.,-1.));
#9631=DIRECTION('ref_axis',(1.,0.,0.));
#9632=DIRECTION('',(0.,0.,-1.));
#9633=DIRECTION('center_axis',(0.,0.,-1.));
#9634=DIRECTION('ref_axis',(1.,0.,0.));
#9635=DIRECTION('center_axis',(0.,1.,0.));
#9636=DIRECTION('ref_axis',(1.,0.,0.));
#9637=DIRECTION('',(0.,0.,-1.));
#9638=DIRECTION('',(1.,0.,0.));
#9639=DIRECTION('center_axis',(0.,0.,-1.));
#9640=DIRECTION('ref_axis',(0.,1.,0.));
#9641=DIRECTION('',(0.,0.,-1.));
#9642=DIRECTION('center_axis',(0.,0.,-1.));
#9643=DIRECTION('ref_axis',(0.,1.,0.));
#9644=DIRECTION('center_axis',(-1.,0.,0.));
#9645=DIRECTION('ref_axis',(0.,1.,0.));
#9646=DIRECTION('',(0.,0.,-1.));
#9647=DIRECTION('',(0.,1.,0.));
#9648=DIRECTION('center_axis',(0.,0.,-1.));
#9649=DIRECTION('ref_axis',(-1.,-1.11022302462516E-16,0.));
#9650=DIRECTION('',(0.,0.,-1.));
#9651=DIRECTION('center_axis',(0.,0.,-1.));
#9652=DIRECTION('ref_axis',(-1.,-1.11022302462516E-16,0.));
#9653=DIRECTION('center_axis',(1.11022302462516E-16,-1.,0.));
#9654=DIRECTION('ref_axis',(-1.,-1.11022302462516E-16,0.));
#9655=DIRECTION('',(0.,0.,-1.));
#9656=DIRECTION('',(-1.,-1.11022302462516E-16,0.));
#9657=DIRECTION('center_axis',(0.,0.,-1.));
#9658=DIRECTION('ref_axis',(0.,-1.,0.));
#9659=DIRECTION('center_axis',(0.,0.,-1.));
#9660=DIRECTION('ref_axis',(0.,-1.,0.));
#9661=DIRECTION('center_axis',(0.,0.,1.));
#9662=DIRECTION('ref_axis',(1.,0.,0.));
#9663=DIRECTION('center_axis',(0.,0.,-1.));
#9664=DIRECTION('ref_axis',(1.,0.,0.));
#9665=DIRECTION('',(0.,0.,-1.));
#9666=DIRECTION('center_axis',(0.,0.,-1.));
#9667=DIRECTION('ref_axis',(1.,0.,0.));
#9668=DIRECTION('center_axis',(0.,0.,1.));
#9669=DIRECTION('ref_axis',(1.,0.,0.));
#9670=DIRECTION('center_axis',(0.,0.,1.));
#9671=DIRECTION('ref_axis',(1.,0.,0.));
#9672=DIRECTION('center_axis',(0.,0.,-1.));
#9673=DIRECTION('ref_axis',(1.,0.,0.));
#9674=DIRECTION('',(0.,0.,-1.));
#9675=DIRECTION('center_axis',(0.,0.,1.));
#9676=DIRECTION('ref_axis',(1.,0.,0.));
#9677=DIRECTION('',(0.,0.,-1.));
#9678=DIRECTION('center_axis',(0.,0.,1.));
#9679=DIRECTION('ref_axis',(1.,0.,0.));
#9680=DIRECTION('center_axis',(0.,0.,1.));
#9681=DIRECTION('ref_axis',(1.,0.,0.));
#9682=DIRECTION('',(0.,0.,-1.));
#9683=DIRECTION('center_axis',(0.,0.,1.));
#9684=DIRECTION('ref_axis',(1.,0.,0.));
#9685=DIRECTION('center_axis',(0.,0.,1.));
#9686=DIRECTION('ref_axis',(1.,0.,0.));
#9687=DIRECTION('',(0.,0.,-1.));
#9688=DIRECTION('center_axis',(0.,0.,1.));
#9689=DIRECTION('ref_axis',(1.,0.,0.));
#9690=DIRECTION('center_axis',(0.,0.,1.));
#9691=DIRECTION('ref_axis',(1.,0.,0.));
#9692=DIRECTION('',(0.,0.,-1.));
#9693=DIRECTION('center_axis',(0.,0.,1.));
#9694=DIRECTION('ref_axis',(1.,0.,0.));
#9695=DIRECTION('center_axis',(0.,0.,1.));
#9696=DIRECTION('ref_axis',(1.,0.,0.));
#9697=DIRECTION('',(0.,0.,-1.));
#9698=DIRECTION('center_axis',(0.,0.,1.));
#9699=DIRECTION('ref_axis',(1.,0.,0.));
#9700=DIRECTION('center_axis',(0.,0.,1.));
#9701=DIRECTION('ref_axis',(1.,0.,0.));
#9702=DIRECTION('',(0.,0.,-1.));
#9703=DIRECTION('center_axis',(0.,0.,1.));
#9704=DIRECTION('ref_axis',(1.,0.,0.));
#9705=DIRECTION('center_axis',(0.,0.,1.));
#9706=DIRECTION('ref_axis',(1.,0.,0.));
#9707=DIRECTION('',(0.,0.,-1.));
#9708=DIRECTION('center_axis',(0.,0.,1.));
#9709=DIRECTION('ref_axis',(1.,0.,0.));
#9710=DIRECTION('center_axis',(0.,0.,1.));
#9711=DIRECTION('ref_axis',(1.,0.,0.));
#9712=DIRECTION('',(0.,0.,-1.));
#9713=DIRECTION('center_axis',(0.,0.,1.));
#9714=DIRECTION('ref_axis',(1.,0.,0.));
#9715=DIRECTION('center_axis',(0.,0.,1.));
#9716=DIRECTION('ref_axis',(1.,0.,0.));
#9717=DIRECTION('',(0.,0.,-1.));
#9718=DIRECTION('center_axis',(0.,0.,1.));
#9719=DIRECTION('ref_axis',(1.,0.,0.));
#9720=DIRECTION('center_axis',(0.,0.,1.));
#9721=DIRECTION('ref_axis',(1.,0.,0.));
#9722=DIRECTION('',(0.,0.,-1.));
#9723=DIRECTION('center_axis',(0.,0.,1.));
#9724=DIRECTION('ref_axis',(1.,0.,0.));
#9725=DIRECTION('center_axis',(-0.707106781186549,1.00485917355762E-16,
-0.707106781186546));
#9726=DIRECTION('ref_axis',(-0.707106781186546,0.,0.707106781186549));
#9727=DIRECTION('center_axis',(0.,0.,-1.));
#9728=DIRECTION('ref_axis',(-1.,0.,0.));
#9729=DIRECTION('',(1.4210854715202E-16,1.,0.));
#9730=DIRECTION('center_axis',(0.,0.,1.));
#9731=DIRECTION('ref_axis',(0.707106781186547,-0.707106781186547,0.));
#9732=DIRECTION('',(1.,1.97372982155583E-16,0.));
#9733=DIRECTION('center_axis',(0.,0.,-1.));
#9734=DIRECTION('ref_axis',(0.,1.,0.));
#9735=DIRECTION('center_axis',(0.,0.,1.));
#9736=DIRECTION('ref_axis',(0.,1.,0.));
#9737=DIRECTION('center_axis',(-1.39563774105224E-16,0.707106781186547,
-0.707106781186548));
#9738=DIRECTION('ref_axis',(-1.,0.,1.97372982155583E-16));
#9739=DIRECTION('center_axis',(0.,0.,1.));
#9740=DIRECTION('ref_axis',(-1.83697019872104E-16,1.,0.));
#9741=DIRECTION('center_axis',(-1.39563774105224E-16,0.707106781186547,
-0.707106781186548));
#9742=DIRECTION('ref_axis',(-1.,0.,1.97372982155583E-16));
#9743=DIRECTION('center_axis',(0.,0.,1.));
#9744=DIRECTION('ref_axis',(1.,0.,0.));
#9745=DIRECTION('center_axis',(0.707106781186546,3.01457752067284E-16,-0.707106781186549));
#9746=DIRECTION('ref_axis',(-0.707106781186549,0.,-0.707106781186546));
#9747=DIRECTION('center_axis',(0.707106781186552,3.01457752067287E-16,-0.707106781186543));
#9748=DIRECTION('ref_axis',(-0.707106781186543,0.,-0.707106781186552));
#9749=DIRECTION('',(0.707106781186543,0.,0.707106781186552));
#9750=DIRECTION('center_axis',(0.,0.,1.));
#9751=DIRECTION('ref_axis',(0.,-1.,0.));
#9752=DIRECTION('center_axis',(1.39563774105224E-16,-0.707106781186547,
-0.707106781186548));
#9753=DIRECTION('ref_axis',(-1.,0.,-1.97372982155583E-16));
#9754=DIRECTION('center_axis',(0.,0.,1.));
#9755=DIRECTION('ref_axis',(-1.,8.88178419700125E-16,0.));
#9756=DIRECTION('center_axis',(0.,0.,1.));
#9757=DIRECTION('ref_axis',(0.,-1.,0.));
#9758=DIRECTION('center_axis',(1.39563774105224E-16,-0.707106781186547,
-0.707106781186548));
#9759=DIRECTION('ref_axis',(-1.,0.,-1.97372982155583E-16));
#9760=DIRECTION('',(0.,-0.707106781186544,0.70710678118655));
#9761=DIRECTION('center_axis',(0.,0.,1.));
#9762=DIRECTION('ref_axis',(9.49410759657493E-16,-1.,0.));
#9763=DIRECTION('center_axis',(0.,0.,1.));
#9764=DIRECTION('ref_axis',(1.,0.,0.));
#9765=DIRECTION('center_axis',(0.,0.,1.));
#9766=DIRECTION('ref_axis',(0.,1.,0.));
#9767=DIRECTION('center_axis',(-1.39563774105224E-16,0.707106781186547,
-0.707106781186548));
#9768=DIRECTION('ref_axis',(-1.,0.,1.97372982155583E-16));
#9769=DIRECTION('',(0.,0.707106781186548,0.707106781186547));
#9770=DIRECTION('center_axis',(0.,0.,-1.));
#9771=DIRECTION('ref_axis',(-1.,-1.22464679914735E-16,0.));
#9772=DIRECTION('',(0.,0.,-1.));
#9773=DIRECTION('center_axis',(0.,0.,-1.));
#9774=DIRECTION('ref_axis',(0.768706114785815,0.639602149066822,0.));
#9775=DIRECTION('',(0.,0.,1.));
#9776=DIRECTION('center_axis',(-0.707106781186549,1.00485917355762E-16,
-0.707106781186546));
#9777=DIRECTION('ref_axis',(0.707106781186546,-1.17756934401283E-16,-0.707106781186549));
#9778=DIRECTION('center_axis',(0.707106781186549,3.01457752067285E-16,-0.707106781186546));
#9779=DIRECTION('ref_axis',(-0.707106781186546,0.,-0.707106781186549));
#9780=DIRECTION('',(0.707106781186546,0.,0.707106781186549));
#9781=DIRECTION('center_axis',(-5.23364152894593E-17,0.707106781186549,
0.707106781186546));
#9782=DIRECTION('ref_axis',(1.,0.,7.4014868308344E-17));
#9783=DIRECTION('',(0.,-0.707106781186546,0.707106781186549));
#9784=DIRECTION('',(0.,0.707106781186548,-0.707106781186547));
#9785=DIRECTION('',(-1.,-7.40148683083438E-17,0.));
#9786=DIRECTION('center_axis',(0.,0.,-1.));
#9787=DIRECTION('ref_axis',(-0.707106781186547,0.707106781186547,0.));
#9788=DIRECTION('center_axis',(0.,0.,1.));
#9789=DIRECTION('ref_axis',(-0.707106781186547,0.707106781186547,0.));
#9790=DIRECTION('',(0.707106781186546,0.,0.707106781186549));
#9791=DIRECTION('center_axis',(-0.707106781186552,-2.69158707202935E-16,
0.707106781186543));
#9792=DIRECTION('ref_axis',(0.707106781186543,0.,0.707106781186552));
#9793=DIRECTION('',(0.70710678118654,0.,0.707106781186555));
#9794=DIRECTION('',(3.80647894157197E-16,-1.,0.));
#9795=DIRECTION('center_axis',(0.,0.,-1.));
#9796=DIRECTION('ref_axis',(-0.707106781186547,-0.707106781186547,0.));
#9797=DIRECTION('center_axis',(0.,0.,1.));
#9798=DIRECTION('ref_axis',(-0.707106781186547,-0.707106781186547,0.));
#9799=DIRECTION('',(0.,0.707106781186546,0.707106781186549));
#9800=DIRECTION('center_axis',(0.,-0.707106781186547,0.707106781186548));
#9801=DIRECTION('ref_axis',(1.,0.,0.));
#9802=DIRECTION('',(0.,0.707106781186548,0.707106781186547));
#9803=DIRECTION('',(1.,0.,0.));
#9804=DIRECTION('center_axis',(0.,0.,-1.));
#9805=DIRECTION('ref_axis',(0.707106781186547,-0.707106781186547,0.));
#9806=DIRECTION('center_axis',(0.,0.,1.));
#9807=DIRECTION('ref_axis',(0.707106781186547,-0.707106781186547,0.));
#9808=DIRECTION('',(-0.707106781186549,0.,0.707106781186546));
#9809=DIRECTION('center_axis',(0.707106781186549,0.,0.707106781186546));
#9810=DIRECTION('ref_axis',(0.707106781186546,0.,-0.707106781186549));
#9811=DIRECTION('',(-0.707106781186546,0.,0.707106781186549));
#9812=DIRECTION('',(0.,1.,0.));
#9813=DIRECTION('center_axis',(0.,0.,-1.));
#9814=DIRECTION('ref_axis',(0.707106781186547,0.707106781186547,0.));
#9815=DIRECTION('center_axis',(0.,0.,1.));
#9816=DIRECTION('ref_axis',(0.707106781186547,0.707106781186547,0.));
#9817=DIRECTION('center_axis',(0.,0.,-1.));
#9818=DIRECTION('ref_axis',(-0.707106781186547,-0.707106781186547,0.));
#9819=DIRECTION('',(0.,0.,-1.));
#9820=DIRECTION('center_axis',(0.,0.,1.));
#9821=DIRECTION('ref_axis',(-0.707106781186547,-0.707106781186547,0.));
#9822=DIRECTION('',(0.,0.,1.));
#9823=DIRECTION('center_axis',(-1.,-3.80647894157197E-16,0.));
#9824=DIRECTION('ref_axis',(-3.80647894157197E-16,1.,0.));
#9825=DIRECTION('',(0.,0.,1.));
#9826=DIRECTION('',(-3.80647894157197E-16,1.,0.));
#9827=DIRECTION('center_axis',(0.,0.,-1.));
#9828=DIRECTION('ref_axis',(-0.707106781186547,0.707106781186547,0.));
#9829=DIRECTION('',(0.,0.,-1.));
#9830=DIRECTION('center_axis',(0.,0.,1.));
#9831=DIRECTION('ref_axis',(-0.707106781186547,0.707106781186547,0.));
#9832=DIRECTION('center_axis',(-7.40148683083438E-17,1.,0.));
#9833=DIRECTION('ref_axis',(1.,7.40148683083438E-17,0.));
#9834=DIRECTION('',(0.,0.,1.));
#9835=DIRECTION('',(1.,7.40148683083438E-17,0.));
#9836=DIRECTION('center_axis',(0.,0.,-1.));
#9837=DIRECTION('ref_axis',(-0.707106781186548,0.707106781186548,0.));
#9838=DIRECTION('center_axis',(1.39563774105224E-16,-0.707106781186547,
-0.707106781186548));
#9839=DIRECTION('ref_axis',(-1.,0.,-1.97372982155583E-16));
#9840=DIRECTION('center_axis',(1.39563774105224E-16,-0.707106781186547,
-0.707106781186548));
#9841=DIRECTION('ref_axis',(-1.,0.,-1.97372982155583E-16));
#9842=DIRECTION('',(0.,-0.707106781186548,0.707106781186547));
#9843=DIRECTION('center_axis',(0.,0.,-1.));
#9844=DIRECTION('ref_axis',(0.707106781186548,0.707106781186548,0.));
#9845=DIRECTION('',(-0.707106781186546,0.,0.707106781186549));
#9846=DIRECTION('center_axis',(-0.707106781186549,1.00485917355762E-16,
-0.707106781186546));
#9847=DIRECTION('ref_axis',(-0.707106781186546,0.,0.707106781186549));
#9848=DIRECTION('center_axis',(-0.707106781186549,1.00485917355762E-16,
-0.707106781186546));
#9849=DIRECTION('ref_axis',(-0.707106781186546,0.,0.707106781186549));
#9850=DIRECTION('',(-1.4210854715202E-16,-1.,0.));
#9851=DIRECTION('',(-0.707106781186546,0.,0.707106781186549));
#9852=DIRECTION('center_axis',(0.,0.,-1.));
#9853=DIRECTION('ref_axis',(0.707106781186548,-0.707106781186548,0.));
#9854=DIRECTION('',(0.,0.707106781186544,0.70710678118655));
#9855=DIRECTION('center_axis',(-1.39563774105224E-16,0.707106781186547,
-0.707106781186548));
#9856=DIRECTION('ref_axis',(-1.,0.,1.97372982155583E-16));
#9857=DIRECTION('center_axis',(0.,0.,-1.));
#9858=DIRECTION('ref_axis',(-0.707106781186548,-0.707106781186548,0.));
#9859=DIRECTION('center_axis',(-1.,1.4210854715202E-16,0.));
#9860=DIRECTION('ref_axis',(1.4210854715202E-16,1.,0.));
#9861=DIRECTION('center_axis',(0.,0.,-1.));
#9862=DIRECTION('ref_axis',(0.707106781186547,-0.707106781186547,0.));
#9863=DIRECTION('',(0.,0.,-1.));
#9864=DIRECTION('center_axis',(0.,0.,1.));
#9865=DIRECTION('ref_axis',(0.707106781186547,-0.707106781186547,0.));
#9866=DIRECTION('',(0.,0.,1.));
#9867=DIRECTION('center_axis',(0.,0.,1.));
#9868=DIRECTION('ref_axis',(1.,0.,0.));
#9869=DIRECTION('',(-1.,0.,0.));
#9870=DIRECTION('center_axis',(0.,0.,1.));
#9871=DIRECTION('ref_axis',(0.707106781186547,0.707106781186547,0.));
#9872=DIRECTION('',(0.,-1.,0.));
#9873=DIRECTION('center_axis',(0.,-1.,0.));
#9874=DIRECTION('ref_axis',(-1.,0.,0.));
#9875=DIRECTION('center_axis',(0.,0.,-1.));
#9876=DIRECTION('ref_axis',(0.707106781186547,0.707106781186547,0.));
#9877=DIRECTION('',(0.,0.,-1.));
#9878=DIRECTION('center_axis',(1.,0.,0.));
#9879=DIRECTION('ref_axis',(0.,-1.,0.));
#9880=CARTESIAN_POINT('',(0.,0.,0.));
#9881=CARTESIAN_POINT('Origin',(10.8166538263919,-57.5000000000001,-58.5));
#9882=CARTESIAN_POINT('',(6.0966594294208,-58.3727272727273,-58.));
#9883=CARTESIAN_POINT('',(7.07999159545644,-58.1909090909091,-59.));
#9884=CARTESIAN_POINT('',(6.0966594294208,-58.3727272727273,-58.));
#9885=CARTESIAN_POINT('',(10.8166538263919,-61.3000000000002,-59.));
#9886=CARTESIAN_POINT('Origin',(10.8166538263919,-57.5000000000001,-59.));
#9887=CARTESIAN_POINT('',(10.8166538263919,-62.3000000000001,-58.));
#9888=CARTESIAN_POINT('',(10.8166538263919,-61.3000000000002,-59.));
#9889=CARTESIAN_POINT('Origin',(10.8166538263919,-57.5000000000001,-58.));
#9890=CARTESIAN_POINT('Origin',(-1.52100554373646E-13,-59.4999999999999,
-58.5));
#9891=CARTESIAN_POINT('',(-6.09665942942111,-58.3727272727273,-58.));
#9892=CARTESIAN_POINT('',(-7.07999159545674,-58.1909090909091,-59.));
#9893=CARTESIAN_POINT('',(-6.09665942942111,-58.3727272727273,-58.));
#9894=CARTESIAN_POINT('Origin',(-1.52100554373646E-13,-59.4999999999999,
-59.));
#9895=CARTESIAN_POINT('Origin',(-1.52100554373646E-13,-59.4999999999999,
-58.));
#9896=CARTESIAN_POINT('Origin',(-10.8166538263922,-57.5000000000001,-58.5));
#9897=CARTESIAN_POINT('',(-10.8166538263922,-62.3000000000001,-58.));
#9898=CARTESIAN_POINT('',(-10.8166538263922,-61.3000000000001,-59.));
#9899=CARTESIAN_POINT('',(-10.8166538263922,-62.3000000000001,-58.));
#9900=CARTESIAN_POINT('Origin',(-10.8166538263922,-57.5000000000001,-59.));
#9901=CARTESIAN_POINT('Origin',(-10.8166538263922,-57.5000000000001,-58.));
#9902=CARTESIAN_POINT('Origin',(-5.40832691319613,-61.8000000000001,-58.5));
#9903=CARTESIAN_POINT('',(-66.6833461736082,-62.3000000000001,-58.));
#9904=CARTESIAN_POINT('',(-66.6833461736082,-61.3000000000002,-59.));
#9905=CARTESIAN_POINT('',(-66.6833461736082,-62.3000000000001,-58.));
#9906=CARTESIAN_POINT('',(-5.40832691319613,-61.3000000000002,-59.));
#9907=CARTESIAN_POINT('',(-5.40832691319613,-62.3000000000001,-58.));
#9908=CARTESIAN_POINT('Origin',(-66.6833461736082,-57.5000000000002,-58.5));
#9909=CARTESIAN_POINT('',(-71.4033405705792,-58.3727272727272,-58.));
#9910=CARTESIAN_POINT('',(-70.4200084045436,-58.1909090909091,-59.));
#9911=CARTESIAN_POINT('',(-71.4033405705792,-58.3727272727272,-58.));
#9912=CARTESIAN_POINT('Origin',(-66.6833461736082,-57.5000000000002,-59.));
#9913=CARTESIAN_POINT('Origin',(-66.6833461736082,-57.5000000000002,-58.));
#9914=CARTESIAN_POINT('Origin',(-77.5000000000002,-59.4999999999997,-58.5));
#9915=CARTESIAN_POINT('',(-83.5966594294212,-58.3727272727272,-58.));
#9916=CARTESIAN_POINT('',(-84.5799915954568,-58.1909090909091,-59.));
#9917=CARTESIAN_POINT('',(-83.5966594294212,-58.3727272727272,-58.));
#9918=CARTESIAN_POINT('Origin',(-77.5000000000002,-59.4999999999997,-59.));
#9919=CARTESIAN_POINT('Origin',(-77.5000000000002,-59.4999999999997,-58.));
#9920=CARTESIAN_POINT('Origin',(-88.3166538263923,-57.5000000000002,-58.5));
#9921=CARTESIAN_POINT('',(-88.3166538263923,-62.3000000000002,-58.));
#9922=CARTESIAN_POINT('',(-88.3166538263923,-61.3000000000002,-59.));
#9923=CARTESIAN_POINT('',(-88.3166538263923,-62.3000000000002,-58.));
#9924=CARTESIAN_POINT('Origin',(-88.3166538263923,-57.5000000000002,-59.));
#9925=CARTESIAN_POINT('Origin',(-88.3166538263923,-57.5000000000002,-58.));
#9926=CARTESIAN_POINT('Origin',(-44.1583269131962,-61.8000000000002,-58.5));
#9927=CARTESIAN_POINT('',(-107.5,-62.3000000000002,-58.));
#9928=CARTESIAN_POINT('',(-107.5,-61.3000000000002,-59.));
#9929=CARTESIAN_POINT('',(-107.5,-62.3000000000002,-58.));
#9930=CARTESIAN_POINT('',(-44.1583269131962,-61.3000000000002,-59.));
#9931=CARTESIAN_POINT('',(-44.1583269131962,-62.3000000000002,-58.));
#9932=CARTESIAN_POINT('Origin',(-107.5,-57.5000000000002,-58.5));
#9933=CARTESIAN_POINT('',(-112.3,-57.5000000000002,-58.));
#9934=CARTESIAN_POINT('',(-111.3,-57.5000000000002,-59.));
#9935=CARTESIAN_POINT('',(-112.3,-57.5000000000002,-58.));
#9936=CARTESIAN_POINT('Origin',(-107.5,-57.5000000000002,-59.));
#9937=CARTESIAN_POINT('Origin',(-107.5,-57.5000000000002,-58.));
#9938=CARTESIAN_POINT('Origin',(-111.8,-28.7500000000002,-58.5));
#9939=CARTESIAN_POINT('',(-112.3,-48.3166538263915,-58.));
#9940=CARTESIAN_POINT('',(-111.3,-48.3166538263915,-59.));
#9941=CARTESIAN_POINT('',(-112.3,-48.3166538263915,-58.));
#9942=CARTESIAN_POINT('',(-111.3,-28.7500000000002,-59.));
#9943=CARTESIAN_POINT('',(-112.3,-28.7500000000002,-58.));
#9944=CARTESIAN_POINT('Origin',(-107.5,-48.3166538263915,-58.5));
#9945=CARTESIAN_POINT('',(-108.372727272727,-43.5966594294205,-58.));
#9946=CARTESIAN_POINT('',(-108.190909090909,-44.5799915954561,-59.));
#9947=CARTESIAN_POINT('',(-108.372727272727,-43.5966594294205,-58.));
#9948=CARTESIAN_POINT('Origin',(-107.5,-48.3166538263915,-59.));
#9949=CARTESIAN_POINT('Origin',(-107.5,-48.3166538263915,-58.));
#9950=CARTESIAN_POINT('Origin',(-109.5,-37.4999999999996,-58.5));
#9951=CARTESIAN_POINT('',(-108.372727272727,-31.4033405705787,-58.));
#9952=CARTESIAN_POINT('',(-108.190909090909,-30.420008404543,-59.));
#9953=CARTESIAN_POINT('',(-108.372727272727,-31.4033405705787,-58.));
#9954=CARTESIAN_POINT('Origin',(-109.5,-37.4999999999996,-59.));
#9955=CARTESIAN_POINT('Origin',(-109.5,-37.4999999999996,-58.));
#9956=CARTESIAN_POINT('Origin',(-107.5,-26.6833461736076,-58.5));
#9957=CARTESIAN_POINT('',(-112.3,-26.6833461736076,-58.));
#9958=CARTESIAN_POINT('',(-111.3,-26.6833461736076,-59.));
#9959=CARTESIAN_POINT('',(-112.3,-26.6833461736076,-58.));
#9960=CARTESIAN_POINT('Origin',(-107.5,-26.6833461736076,-59.));
#9961=CARTESIAN_POINT('Origin',(-107.5,-26.6833461736076,-58.));
#9962=CARTESIAN_POINT('Origin',(-111.8,-13.3416730868039,-58.5));
#9963=CARTESIAN_POINT('',(-112.3,26.6833461736079,-58.));
#9964=CARTESIAN_POINT('',(-111.3,26.6833461736079,-59.));
#9965=CARTESIAN_POINT('',(-112.3,26.6833461736079,-58.));
#9966=CARTESIAN_POINT('',(-111.3,-13.3416730868039,-59.));
#9967=CARTESIAN_POINT('',(-112.3,-13.3416730868039,-58.));
#9968=CARTESIAN_POINT('Origin',(-107.5,26.6833461736079,-58.5));
#9969=CARTESIAN_POINT('',(-108.372727272727,31.4033405705789,-58.));
#9970=CARTESIAN_POINT('',(-108.190909090909,30.4200084045433,-59.));
#9971=CARTESIAN_POINT('',(-108.372727272727,31.4033405705789,-58.));
#9972=CARTESIAN_POINT('Origin',(-107.5,26.6833461736079,-59.));
#9973=CARTESIAN_POINT('Origin',(-107.5,26.6833461736079,-58.));
#9974=CARTESIAN_POINT('Origin',(-109.5,37.4999999999998,-58.5));
#9975=CARTESIAN_POINT('',(-108.372727272727,43.5966594294208,-58.));
#9976=CARTESIAN_POINT('',(-108.190909090909,44.5799915954564,-59.));
#9977=CARTESIAN_POINT('',(-108.372727272727,43.5966594294208,-58.));
#9978=CARTESIAN_POINT('Origin',(-109.5,37.4999999999998,-59.));
#9979=CARTESIAN_POINT('Origin',(-109.5,37.4999999999998,-58.));
#9980=CARTESIAN_POINT('Origin',(-107.5,48.3166538263918,-58.5));
#9981=CARTESIAN_POINT('',(-112.3,48.3166538263918,-58.));
#9982=CARTESIAN_POINT('',(-111.3,48.3166538263918,-59.));
#9983=CARTESIAN_POINT('',(-112.3,48.3166538263918,-58.));
#9984=CARTESIAN_POINT('Origin',(-107.5,48.3166538263918,-59.));
#9985=CARTESIAN_POINT('Origin',(-107.5,48.3166538263918,-58.));
#9986=CARTESIAN_POINT('Origin',(-111.8,24.1583269131958,-58.5));
#9987=CARTESIAN_POINT('',(-112.3,57.4999999999998,-58.));
#9988=CARTESIAN_POINT('',(-111.3,57.4999999999998,-59.));
#9989=CARTESIAN_POINT('',(-112.3,57.4999999999998,-58.));
#9990=CARTESIAN_POINT('',(-111.3,24.1583269131958,-59.));
#9991=CARTESIAN_POINT('',(-112.3,24.1583269131958,-58.));
#9992=CARTESIAN_POINT('Origin',(-107.5,57.4999999999998,-58.5));
#9993=CARTESIAN_POINT('',(-107.5,62.2999999999998,-58.));
#9994=CARTESIAN_POINT('',(-107.5,61.2999999999998,-59.));
#9995=CARTESIAN_POINT('',(-107.5,62.2999999999998,-58.));
#9996=CARTESIAN_POINT('Origin',(-107.5,57.4999999999998,-59.));
#9997=CARTESIAN_POINT('Origin',(-107.5,57.4999999999998,-58.));
#9998=CARTESIAN_POINT('Origin',(-53.7500000000001,61.7999999999999,-58.5));
#9999=CARTESIAN_POINT('',(-88.316653826392,62.2999999999998,-58.));
#10000=CARTESIAN_POINT('',(-88.316653826392,61.2999999999998,-59.));
#10001=CARTESIAN_POINT('',(-88.316653826392,62.2999999999998,-58.));
#10002=CARTESIAN_POINT('',(-53.7500000000001,61.2999999999998,-59.));
#10003=CARTESIAN_POINT('',(-53.7500000000001,62.2999999999999,-58.));
#10004=CARTESIAN_POINT('Origin',(-88.316653826392,57.4999999999998,-58.5));
#10005=CARTESIAN_POINT('',(-83.596659429421,58.3727272727271,-58.));
#10006=CARTESIAN_POINT('',(-84.5799915954566,58.1909090909089,-59.));
#10007=CARTESIAN_POINT('',(-83.596659429421,58.3727272727271,-58.));
#10008=CARTESIAN_POINT('Origin',(-88.316653826392,57.4999999999998,-59.));
#10009=CARTESIAN_POINT('Origin',(-88.316653826392,57.4999999999998,-58.));
#10010=CARTESIAN_POINT('Origin',(-77.5000000000001,59.4999999999999,-58.5));
#10011=CARTESIAN_POINT('',(-71.4033405705791,58.3727272727271,-58.));
#10012=CARTESIAN_POINT('',(-70.4200084045435,58.1909090909089,-59.));
#10013=CARTESIAN_POINT('',(-71.4033405705791,58.3727272727271,-58.));
#10014=CARTESIAN_POINT('Origin',(-77.5000000000001,59.4999999999999,-59.));
#10015=CARTESIAN_POINT('Origin',(-77.5000000000001,59.4999999999999,-58.));
#10016=CARTESIAN_POINT('Origin',(-66.6833461736081,57.4999999999998,-58.5));
#10017=CARTESIAN_POINT('',(-66.6833461736081,62.2999999999998,-58.));
#10018=CARTESIAN_POINT('',(-66.6833461736081,61.2999999999998,-59.));
#10019=CARTESIAN_POINT('',(-66.6833461736081,62.2999999999998,-58.));
#10020=CARTESIAN_POINT('Origin',(-66.6833461736081,57.4999999999998,-59.));
#10021=CARTESIAN_POINT('Origin',(-66.6833461736081,57.4999999999998,-58.));
#10022=CARTESIAN_POINT('Origin',(-33.3416730868041,61.7999999999998,-58.5));
#10023=CARTESIAN_POINT('',(-10.816653826392,62.2999999999998,-58.));
#10024=CARTESIAN_POINT('',(-10.816653826392,61.2999999999998,-59.));
#10025=CARTESIAN_POINT('',(-10.816653826392,62.2999999999998,-58.));
#10026=CARTESIAN_POINT('',(-33.3416730868041,61.2999999999998,-59.));
#10027=CARTESIAN_POINT('',(-33.3416730868041,62.2999999999998,-58.));
#10028=CARTESIAN_POINT('Origin',(-10.816653826392,57.4999999999999,-58.5));
#10029=CARTESIAN_POINT('',(-6.09665942942094,58.3727272727271,-58.));
#10030=CARTESIAN_POINT('',(-7.07999159545658,58.190909090909,-59.));
#10031=CARTESIAN_POINT('',(-6.09665942942094,58.3727272727271,-58.));
#10032=CARTESIAN_POINT('Origin',(-10.816653826392,57.4999999999999,-59.));
#10033=CARTESIAN_POINT('Origin',(-10.816653826392,57.4999999999999,-58.));
#10034=CARTESIAN_POINT('Origin',(-1.77635683940025E-14,59.4999999999999,
-58.5));
#10035=CARTESIAN_POINT('',(6.09665942942091,58.3727272727271,-58.));
#10036=CARTESIAN_POINT('',(7.07999159545654,58.190909090909,-59.));
#10037=CARTESIAN_POINT('',(6.09665942942091,58.3727272727271,-58.));
#10038=CARTESIAN_POINT('Origin',(-1.77635683940025E-14,59.4999999999999,
-59.));
#10039=CARTESIAN_POINT('Origin',(-1.77635683940025E-14,59.4999999999999,
-58.));
#10040=CARTESIAN_POINT('Origin',(10.8166538263919,57.4999999999999,-58.5));
#10041=CARTESIAN_POINT('',(10.8166538263919,62.2999999999998,-58.));
#10042=CARTESIAN_POINT('',(10.8166538263919,61.2999999999998,-59.));
#10043=CARTESIAN_POINT('',(10.8166538263919,62.2999999999998,-58.));
#10044=CARTESIAN_POINT('Origin',(10.8166538263919,57.4999999999999,-59.));
#10045=CARTESIAN_POINT('Origin',(10.8166538263919,57.4999999999999,-58.));
#10046=CARTESIAN_POINT('Origin',(5.40832691319593,61.7999999999998,-58.5));
#10047=CARTESIAN_POINT('',(66.6833461736081,62.2999999999998,-58.));
#10048=CARTESIAN_POINT('',(66.6833461736081,61.2999999999998,-59.));
#10049=CARTESIAN_POINT('',(66.6833461736081,62.2999999999998,-58.));
#10050=CARTESIAN_POINT('',(5.40832691319593,61.2999999999998,-59.));
#10051=CARTESIAN_POINT('',(5.40832691319593,62.2999999999998,-58.));
#10052=CARTESIAN_POINT('Origin',(66.6833461736081,57.4999999999999,-58.5));
#10053=CARTESIAN_POINT('',(71.4033405705791,58.3727272727272,-58.));
#10054=CARTESIAN_POINT('',(70.4200084045435,58.190909090909,-59.));
#10055=CARTESIAN_POINT('',(71.4033405705791,58.3727272727272,-58.));
#10056=CARTESIAN_POINT('Origin',(66.6833461736081,57.4999999999999,-59.));
#10057=CARTESIAN_POINT('Origin',(66.6833461736081,57.4999999999999,-58.));
#10058=CARTESIAN_POINT('Origin',(77.5,59.4999999999999,-58.5));
#10059=CARTESIAN_POINT('',(83.596659429421,58.3727272727272,-58.));
#10060=CARTESIAN_POINT('',(84.5799915954566,58.190909090909,-59.));
#10061=CARTESIAN_POINT('',(83.596659429421,58.3727272727272,-58.));
#10062=CARTESIAN_POINT('Origin',(77.5,59.4999999999999,-59.));
#10063=CARTESIAN_POINT('Origin',(77.5,59.4999999999999,-58.));
#10064=CARTESIAN_POINT('Origin',(88.316653826392,57.4999999999999,-58.5));
#10065=CARTESIAN_POINT('',(88.316653826392,62.2999999999999,-58.));
#10066=CARTESIAN_POINT('',(88.316653826392,61.2999999999999,-59.));
#10067=CARTESIAN_POINT('',(88.316653826392,62.2999999999999,-58.));
#10068=CARTESIAN_POINT('Origin',(88.316653826392,57.4999999999999,-59.));
#10069=CARTESIAN_POINT('Origin',(88.316653826392,57.4999999999999,-58.));
#10070=CARTESIAN_POINT('Origin',(44.158326913196,61.7999999999999,-58.5));
#10071=CARTESIAN_POINT('',(107.5,62.2999999999999,-58.));
#10072=CARTESIAN_POINT('',(107.5,61.2999999999999,-59.));
#10073=CARTESIAN_POINT('',(107.5,62.2999999999999,-58.));
#10074=CARTESIAN_POINT('',(44.158326913196,61.2999999999999,-59.));
#10075=CARTESIAN_POINT('',(44.158326913196,62.2999999999999,-58.));
#10076=CARTESIAN_POINT('Origin',(107.5,57.4999999999999,-58.5));
#10077=CARTESIAN_POINT('',(112.3,57.4999999999999,-58.));
#10078=CARTESIAN_POINT('',(111.3,57.4999999999999,-59.));
#10079=CARTESIAN_POINT('',(112.3,57.4999999999999,-58.));
#10080=CARTESIAN_POINT('Origin',(107.5,57.4999999999999,-59.));
#10081=CARTESIAN_POINT('Origin',(107.5,57.4999999999999,-58.));
#10082=CARTESIAN_POINT('Origin',(111.8,28.7499999999999,-58.5));
#10083=CARTESIAN_POINT('',(112.3,48.3166538263918,-58.));
#10084=CARTESIAN_POINT('',(111.3,48.3166538263918,-59.));
#10085=CARTESIAN_POINT('',(112.3,48.3166538263918,-58.));
#10086=CARTESIAN_POINT('',(111.3,28.7499999999999,-59.));
#10087=CARTESIAN_POINT('',(112.3,28.7499999999999,-58.));
#10088=CARTESIAN_POINT('Origin',(107.5,48.3166538263918,-58.5));
#10089=CARTESIAN_POINT('',(108.372727272727,43.5966594294208,-58.));
#10090=CARTESIAN_POINT('',(108.190909090909,44.5799915954564,-59.));
#10091=CARTESIAN_POINT('',(108.372727272727,43.5966594294208,-58.));
#10092=CARTESIAN_POINT('Origin',(107.5,48.3166538263918,-59.));
#10093=CARTESIAN_POINT('Origin',(107.5,48.3166538263918,-58.));
#10094=CARTESIAN_POINT('Origin',(109.5,37.4999999999999,-58.5));
#10095=CARTESIAN_POINT('',(108.372727272727,31.403340570579,-58.));
#10096=CARTESIAN_POINT('',(108.190909090909,30.4200084045433,-59.));
#10097=CARTESIAN_POINT('',(108.372727272727,31.403340570579,-58.));
#10098=CARTESIAN_POINT('Origin',(109.5,37.4999999999999,-59.));
#10099=CARTESIAN_POINT('Origin',(109.5,37.4999999999999,-58.));
#10100=CARTESIAN_POINT('Origin',(107.5,26.683346173608,-58.5));
#10101=CARTESIAN_POINT('',(112.3,26.683346173608,-58.));
#10102=CARTESIAN_POINT('',(111.3,26.683346173608,-59.));
#10103=CARTESIAN_POINT('',(112.3,26.683346173608,-58.));
#10104=CARTESIAN_POINT('Origin',(107.5,26.683346173608,-59.));
#10105=CARTESIAN_POINT('Origin',(107.5,26.683346173608,-58.));
#10106=CARTESIAN_POINT('Origin',(111.8,13.3416730868039,-58.5));
#10107=CARTESIAN_POINT('',(112.3,-26.6833461736076,-58.));
#10108=CARTESIAN_POINT('',(111.3,-26.6833461736076,-59.));
#10109=CARTESIAN_POINT('',(112.3,-26.6833461736076,-58.));
#10110=CARTESIAN_POINT('',(111.3,13.3416730868039,-59.));
#10111=CARTESIAN_POINT('',(112.3,13.3416730868039,-58.));
#10112=CARTESIAN_POINT('Origin',(107.5,-26.6833461736076,-58.5));
#10113=CARTESIAN_POINT('',(108.372727272727,-31.4033405705786,-58.));
#10114=CARTESIAN_POINT('',(108.190909090909,-30.420008404543,-59.));
#10115=CARTESIAN_POINT('',(108.372727272727,-31.4033405705786,-58.));
#10116=CARTESIAN_POINT('Origin',(107.5,-26.6833461736076,-59.));
#10117=CARTESIAN_POINT('Origin',(107.5,-26.6833461736076,-58.));
#10118=CARTESIAN_POINT('Origin',(109.5,-37.4999999999995,-58.5));
#10119=CARTESIAN_POINT('',(108.372727272727,-43.5966594294204,-58.));
#10120=CARTESIAN_POINT('',(108.190909090909,-44.5799915954561,-59.));
#10121=CARTESIAN_POINT('',(108.372727272727,-43.5966594294204,-58.));
#10122=CARTESIAN_POINT('Origin',(109.5,-37.4999999999995,-59.));
#10123=CARTESIAN_POINT('Origin',(109.5,-37.4999999999995,-58.));
#10124=CARTESIAN_POINT('Origin',(107.5,-48.3166538263914,-58.5));
#10125=CARTESIAN_POINT('',(112.3,-48.3166538263914,-58.));
#10126=CARTESIAN_POINT('',(111.3,-48.3166538263914,-59.));
#10127=CARTESIAN_POINT('',(112.3,-48.3166538263914,-58.));
#10128=CARTESIAN_POINT('Origin',(107.5,-48.3166538263914,-59.));
#10129=CARTESIAN_POINT('Origin',(107.5,-48.3166538263914,-58.));
#10130=CARTESIAN_POINT('Origin',(111.8,-24.1583269131958,-58.5));
#10131=CARTESIAN_POINT('',(112.3,-57.5000000000001,-58.));
#10132=CARTESIAN_POINT('',(111.3,-57.5000000000001,-59.));
#10133=CARTESIAN_POINT('',(112.3,-57.5000000000001,-58.));
#10134=CARTESIAN_POINT('',(111.3,-24.1583269131958,-59.));
#10135=CARTESIAN_POINT('',(112.3,-24.1583269131958,-58.));
#10136=CARTESIAN_POINT('Origin',(107.5,-57.5000000000001,-58.5));
#10137=CARTESIAN_POINT('',(107.5,-62.3000000000001,-58.));
#10138=CARTESIAN_POINT('',(107.5,-61.3000000000001,-59.));
#10139=CARTESIAN_POINT('',(107.5,-62.3000000000001,-58.));
#10140=CARTESIAN_POINT('Origin',(107.5,-57.5000000000001,-59.));
#10141=CARTESIAN_POINT('Origin',(107.5,-57.5000000000001,-58.));
#10142=CARTESIAN_POINT('Origin',(53.7499999999999,-61.8000000000001,-58.5));
#10143=CARTESIAN_POINT('',(88.3166538263923,-62.3000000000001,-58.));
#10144=CARTESIAN_POINT('',(88.3166538263923,-61.3000000000001,-59.));
#10145=CARTESIAN_POINT('',(88.3166538263923,-62.3000000000001,-58.));
#10146=CARTESIAN_POINT('',(53.7499999999999,-61.3000000000001,-59.));
#10147=CARTESIAN_POINT('',(53.7499999999999,-62.3000000000001,-58.));
#10148=CARTESIAN_POINT('Origin',(88.3166538263923,-57.5000000000001,-58.5));
#10149=CARTESIAN_POINT('',(83.5966594294212,-58.3727272727272,-58.));
#10150=CARTESIAN_POINT('',(84.5799915954569,-58.1909090909091,-59.));
#10151=CARTESIAN_POINT('',(83.5966594294212,-58.3727272727272,-58.));
#10152=CARTESIAN_POINT('Origin',(88.3166538263923,-57.5000000000001,-59.));
#10153=CARTESIAN_POINT('Origin',(88.3166538263923,-57.5000000000001,-58.));
#10154=CARTESIAN_POINT('Origin',(77.5000000000003,-59.4999999999996,-58.5));
#10155=CARTESIAN_POINT('',(71.4033405705793,-58.3727272727272,-58.));
#10156=CARTESIAN_POINT('',(70.4200084045436,-58.1909090909091,-59.));
#10157=CARTESIAN_POINT('',(71.4033405705793,-58.3727272727272,-58.));
#10158=CARTESIAN_POINT('Origin',(77.5000000000003,-59.4999999999996,-59.));
#10159=CARTESIAN_POINT('Origin',(77.5000000000003,-59.4999999999996,-58.));
#10160=CARTESIAN_POINT('Origin',(66.6833461736082,-57.5000000000001,-58.5));
#10161=CARTESIAN_POINT('',(66.6833461736082,-62.3000000000001,-58.));
#10162=CARTESIAN_POINT('',(66.6833461736082,-61.3000000000001,-59.));
#10163=CARTESIAN_POINT('',(66.6833461736082,-62.3000000000001,-58.));
#10164=CARTESIAN_POINT('Origin',(66.6833461736082,-57.5000000000001,-59.));
#10165=CARTESIAN_POINT('Origin',(66.6833461736082,-57.5000000000001,-58.));
#10166=CARTESIAN_POINT('Origin',(33.3416730868041,-61.8000000000001,-58.5));
#10167=CARTESIAN_POINT('',(33.3416730868041,-61.3000000000001,-59.));
#10168=CARTESIAN_POINT('',(33.3416730868041,-62.3000000000001,-58.));
#10169=CARTESIAN_POINT('Origin',(-66.6833461736081,62.2999999999998,-59.));
#10170=CARTESIAN_POINT('',(-66.6833461736081,62.2999999999998,-54.));
#10171=CARTESIAN_POINT('',(-66.6833461736081,62.2999999999998,-59.));
#10172=CARTESIAN_POINT('',(-10.816653826392,62.2999999999998,-54.));
#10173=CARTESIAN_POINT('',(-33.3416730868041,62.2999999999998,-54.));
#10174=CARTESIAN_POINT('',(-10.816653826392,62.2999999999998,-59.));
#10175=CARTESIAN_POINT('Origin',(-66.6833461736081,57.4999999999998,-59.));
#10176=CARTESIAN_POINT('',(-71.4033405705791,58.3727272727271,-54.));
#10177=CARTESIAN_POINT('',(-71.4033405705791,58.3727272727271,-59.));
#10178=CARTESIAN_POINT('Origin',(-66.6833461736081,57.4999999999998,-54.));
#10179=CARTESIAN_POINT('Origin',(-77.5000000000001,59.4999999999999,-59.));
#10180=CARTESIAN_POINT('',(-83.596659429421,58.3727272727271,-54.));
#10181=CARTESIAN_POINT('',(-83.596659429421,58.3727272727271,-59.));
#10182=CARTESIAN_POINT('Origin',(-77.5000000000001,59.4999999999999,-54.));
#10183=CARTESIAN_POINT('Origin',(-88.316653826392,57.4999999999998,-59.));
#10184=CARTESIAN_POINT('',(-88.316653826392,62.2999999999998,-54.));
#10185=CARTESIAN_POINT('',(-88.316653826392,62.2999999999998,-59.));
#10186=CARTESIAN_POINT('Origin',(-88.316653826392,57.4999999999998,-54.));
#10187=CARTESIAN_POINT('Origin',(-107.5,62.2999999999998,-59.));
#10188=CARTESIAN_POINT('',(-107.5,62.2999999999998,-54.));
#10189=CARTESIAN_POINT('',(-107.5,62.2999999999998,-59.));
#10190=CARTESIAN_POINT('',(-53.7500000000001,62.2999999999998,-54.));
#10191=CARTESIAN_POINT('Origin',(-107.5,57.4999999999998,-59.));
#10192=CARTESIAN_POINT('',(-112.3,57.4999999999998,-54.));
#10193=CARTESIAN_POINT('',(-112.3,57.4999999999998,-59.));
#10194=CARTESIAN_POINT('Origin',(-107.5,57.4999999999998,-54.));
#10195=CARTESIAN_POINT('Origin',(-112.3,48.3166538263918,-59.));
#10196=CARTESIAN_POINT('',(-112.3,48.3166538263918,-54.));
#10197=CARTESIAN_POINT('',(-112.3,48.3166538263918,-59.));
#10198=CARTESIAN_POINT('',(-112.3,24.1583269131958,-54.));
#10199=CARTESIAN_POINT('Origin',(-107.5,48.3166538263918,-59.));
#10200=CARTESIAN_POINT('',(-108.372727272727,43.5966594294208,-54.));
#10201=CARTESIAN_POINT('',(-108.372727272727,43.5966594294208,-59.));
#10202=CARTESIAN_POINT('Origin',(-107.5,48.3166538263918,-54.));
#10203=CARTESIAN_POINT('Origin',(-109.5,37.4999999999998,-59.));
#10204=CARTESIAN_POINT('',(-108.372727272727,31.4033405705789,-54.));
#10205=CARTESIAN_POINT('',(-108.372727272727,31.4033405705789,-59.));
#10206=CARTESIAN_POINT('Origin',(-109.5,37.4999999999998,-54.));
#10207=CARTESIAN_POINT('Origin',(-107.5,26.6833461736079,-59.));
#10208=CARTESIAN_POINT('',(-112.3,26.6833461736079,-54.));
#10209=CARTESIAN_POINT('',(-112.3,26.6833461736079,-59.));
#10210=CARTESIAN_POINT('Origin',(-107.5,26.6833461736079,-54.));
#10211=CARTESIAN_POINT('Origin',(-112.3,-26.6833461736076,-59.));
#10212=CARTESIAN_POINT('',(-112.3,-26.6833461736076,-54.));
#10213=CARTESIAN_POINT('',(-112.3,-26.6833461736076,-59.));
#10214=CARTESIAN_POINT('',(-112.3,-13.3416730868039,-54.));
#10215=CARTESIAN_POINT('Origin',(-107.5,-26.6833461736076,-59.));
#10216=CARTESIAN_POINT('',(-108.372727272727,-31.4033405705787,-54.));
#10217=CARTESIAN_POINT('',(-108.372727272727,-31.4033405705787,-59.));
#10218=CARTESIAN_POINT('Origin',(-107.5,-26.6833461736076,-54.));
#10219=CARTESIAN_POINT('Origin',(-109.5,-37.4999999999996,-59.));
#10220=CARTESIAN_POINT('',(-108.372727272727,-43.5966594294205,-54.));
#10221=CARTESIAN_POINT('',(-108.372727272727,-43.5966594294205,-59.));
#10222=CARTESIAN_POINT('Origin',(-109.5,-37.4999999999996,-54.));
#10223=CARTESIAN_POINT('Origin',(-107.5,-48.3166538263915,-59.));
#10224=CARTESIAN_POINT('',(-112.3,-48.3166538263915,-54.));
#10225=CARTESIAN_POINT('',(-112.3,-48.3166538263915,-59.));
#10226=CARTESIAN_POINT('Origin',(-107.5,-48.3166538263915,-54.));
#10227=CARTESIAN_POINT('Origin',(-112.3,-57.5000000000002,-59.));
#10228=CARTESIAN_POINT('',(-112.3,-57.5000000000002,-54.));
#10229=CARTESIAN_POINT('',(-112.3,-57.5000000000002,-59.));
#10230=CARTESIAN_POINT('',(-112.3,-28.7500000000002,-54.));
#10231=CARTESIAN_POINT('Origin',(-107.5,-57.5000000000002,-59.));
#10232=CARTESIAN_POINT('',(-107.5,-62.3000000000002,-54.));
#10233=CARTESIAN_POINT('',(-107.5,-62.3000000000002,-59.));
#10234=CARTESIAN_POINT('Origin',(-107.5,-57.5000000000002,-54.));
#10235=CARTESIAN_POINT('Origin',(-88.3166538263923,-62.3000000000002,-59.));
#10236=CARTESIAN_POINT('',(-88.3166538263923,-62.3000000000002,-54.));
#10237=CARTESIAN_POINT('',(-88.3166538263923,-62.3000000000002,-59.));
#10238=CARTESIAN_POINT('',(-44.1583269131962,-62.3000000000002,-54.));
#10239=CARTESIAN_POINT('Origin',(-88.3166538263923,-57.5000000000002,-59.));
#10240=CARTESIAN_POINT('',(-83.5966594294212,-58.3727272727272,-54.));
#10241=CARTESIAN_POINT('',(-83.5966594294212,-58.3727272727272,-59.));
#10242=CARTESIAN_POINT('Origin',(-88.3166538263923,-57.5000000000002,-54.));
#10243=CARTESIAN_POINT('Origin',(-77.5000000000002,-59.4999999999997,-59.));
#10244=CARTESIAN_POINT('',(-71.4033405705792,-58.3727272727272,-54.));
#10245=CARTESIAN_POINT('',(-71.4033405705792,-58.3727272727272,-59.));
#10246=CARTESIAN_POINT('Origin',(-77.5000000000002,-59.4999999999997,-54.));
#10247=CARTESIAN_POINT('Origin',(-66.6833461736082,-57.5000000000002,-59.));
#10248=CARTESIAN_POINT('',(-66.6833461736082,-62.3000000000001,-54.));
#10249=CARTESIAN_POINT('',(-66.6833461736082,-62.3000000000001,-59.));
#10250=CARTESIAN_POINT('Origin',(-66.6833461736082,-57.5000000000002,-54.));
#10251=CARTESIAN_POINT('Origin',(-10.8166538263922,-62.3000000000001,-59.));
#10252=CARTESIAN_POINT('',(-10.8166538263922,-62.3000000000001,-54.));
#10253=CARTESIAN_POINT('',(-10.8166538263922,-62.3000000000001,-59.));
#10254=CARTESIAN_POINT('',(-5.40832691319613,-62.3000000000001,-54.));
#10255=CARTESIAN_POINT('Origin',(-10.8166538263922,-57.5000000000001,-59.));
#10256=CARTESIAN_POINT('',(-6.09665942942111,-58.3727272727273,-54.));
#10257=CARTESIAN_POINT('',(-6.09665942942111,-58.3727272727273,-59.));
#10258=CARTESIAN_POINT('Origin',(-10.8166538263922,-57.5000000000001,-54.));
#10259=CARTESIAN_POINT('Origin',(-1.52100554373646E-13,-59.4999999999999,
-59.));
#10260=CARTESIAN_POINT('',(6.0966594294208,-58.3727272727273,-54.));
#10261=CARTESIAN_POINT('',(6.0966594294208,-58.3727272727273,-59.));
#10262=CARTESIAN_POINT('Origin',(-1.52100554373646E-13,-59.4999999999999,
-54.));
#10263=CARTESIAN_POINT('Origin',(10.8166538263919,-57.5000000000001,-59.));
#10264=CARTESIAN_POINT('',(10.8166538263919,-62.3000000000001,-54.));
#10265=CARTESIAN_POINT('',(10.8166538263919,-62.3000000000001,-59.));
#10266=CARTESIAN_POINT('Origin',(10.8166538263919,-57.5000000000001,-54.));
#10267=CARTESIAN_POINT('Origin',(-8.88178419700125E-14,-1.50990331349021E-13,
-59.));
#10268=CARTESIAN_POINT('',(66.6833461736678,-60.5000000000001,-59.));
#10269=CARTESIAN_POINT('',(69.6333426717151,-58.0454545454545,-59.));
#10270=CARTESIAN_POINT('Origin',(66.6833461736082,-57.5000000000001,-59.));
#10271=CARTESIAN_POINT('',(85.3666573282854,-58.0454545454545,-59.));
#10272=CARTESIAN_POINT('Origin',(77.5000000000003,-59.4999999999996,-59.));
#10273=CARTESIAN_POINT('',(88.3166538263322,-60.5000000000001,-59.));
#10274=CARTESIAN_POINT('Origin',(88.3166538263923,-57.5000000000001,-59.));
#10275=CARTESIAN_POINT('',(107.5,-60.5000000000001,-59.));
#10276=CARTESIAN_POINT('',(88.3166538263322,-60.5000000000001,-59.));
#10277=CARTESIAN_POINT('',(110.5,-57.5,-59.));
#10278=CARTESIAN_POINT('Origin',(107.5,-57.5000000000001,-59.));
#10279=CARTESIAN_POINT('',(110.5,-48.3166538263322,-59.));
#10280=CARTESIAN_POINT('',(110.5,-57.5,-59.));
#10281=CARTESIAN_POINT('',(108.045454545454,-45.3666573282846,-59.));
#10282=CARTESIAN_POINT('Origin',(107.5,-48.3166538263914,-59.));
#10283=CARTESIAN_POINT('',(108.045454545454,-29.6333426717145,-59.));
#10284=CARTESIAN_POINT('Origin',(109.5,-37.4999999999995,-59.));
#10285=CARTESIAN_POINT('',(110.5,-26.6833461736678,-59.));
#10286=CARTESIAN_POINT('Origin',(107.5,-26.6833461736076,-59.));
#10287=CARTESIAN_POINT('',(110.5,26.6833461736678,-59.));
#10288=CARTESIAN_POINT('',(110.5,-26.6833461736678,-59.));
#10289=CARTESIAN_POINT('',(108.045454545454,29.6333426717148,-59.));
#10290=CARTESIAN_POINT('Origin',(107.5,26.683346173608,-59.));
#10291=CARTESIAN_POINT('',(108.045454545454,45.366657328285,-59.));
#10292=CARTESIAN_POINT('Origin',(109.5,37.4999999999999,-59.));
#10293=CARTESIAN_POINT('',(110.5,48.3166538263322,-59.));
#10294=CARTESIAN_POINT('Origin',(107.5,48.3166538263918,-59.));
#10295=CARTESIAN_POINT('',(110.5,57.5,-59.));
#10296=CARTESIAN_POINT('',(110.5,48.3166538263322,-59.));
#10297=CARTESIAN_POINT('',(107.5,60.4999999999999,-59.));
#10298=CARTESIAN_POINT('Origin',(107.5,57.4999999999999,-59.));
#10299=CARTESIAN_POINT('',(88.3166538263322,60.4999999999999,-59.));
#10300=CARTESIAN_POINT('',(107.5,60.4999999999999,-59.));
#10301=CARTESIAN_POINT('',(85.3666573282851,58.0454545454544,-59.));
#10302=CARTESIAN_POINT('Origin',(88.316653826392,57.4999999999999,-59.));
#10303=CARTESIAN_POINT('',(69.633342671715,58.0454545454544,-59.));
#10304=CARTESIAN_POINT('Origin',(77.5,59.4999999999999,-59.));
#10305=CARTESIAN_POINT('',(66.6833461736678,60.4999999999999,-59.));
#10306=CARTESIAN_POINT('Origin',(66.6833461736081,57.4999999999999,-59.));
#10307=CARTESIAN_POINT('',(10.8166538263322,60.4999999999999,-59.));
#10308=CARTESIAN_POINT('',(66.6833461736678,60.4999999999999,-59.));
#10309=CARTESIAN_POINT('',(7.86665732828505,58.0454545454544,-59.));
#10310=CARTESIAN_POINT('Origin',(10.8166538263919,57.4999999999999,-59.));
#10311=CARTESIAN_POINT('',(-7.86665732828508,58.0454545454544,-59.));
#10312=CARTESIAN_POINT('Origin',(-1.77635683940025E-14,59.4999999999999,
-59.));
#10313=CARTESIAN_POINT('',(-10.8166538263322,60.4999999999998,-59.));
#10314=CARTESIAN_POINT('Origin',(-10.816653826392,57.4999999999999,-59.));
#10315=CARTESIAN_POINT('',(-66.6833461736678,60.4999999999998,-59.));
#10316=CARTESIAN_POINT('',(-10.8166538263322,60.4999999999998,-59.));
#10317=CARTESIAN_POINT('',(-69.633342671715,58.0454545454544,-59.));
#10318=CARTESIAN_POINT('Origin',(-66.6833461736081,57.4999999999998,-59.));
#10319=CARTESIAN_POINT('',(-85.3666573282852,58.0454545454544,-59.));
#10320=CARTESIAN_POINT('Origin',(-77.5000000000001,59.4999999999999,-59.));
#10321=CARTESIAN_POINT('',(-88.3166538263322,60.4999999999998,-59.));
#10322=CARTESIAN_POINT('Origin',(-88.316653826392,57.4999999999998,-59.));
#10323=CARTESIAN_POINT('',(-107.5,60.4999999999998,-59.));
#10324=CARTESIAN_POINT('',(-88.3166538263322,60.4999999999998,-59.));
#10325=CARTESIAN_POINT('',(-110.5,57.5,-59.));
#10326=CARTESIAN_POINT('Origin',(-107.5,57.4999999999998,-59.));
#10327=CARTESIAN_POINT('',(-110.5,48.3166538263322,-59.));
#10328=CARTESIAN_POINT('',(-110.5,57.5,-59.));
#10329=CARTESIAN_POINT('',(-108.045454545455,45.3666573282849,-59.));
#10330=CARTESIAN_POINT('Origin',(-107.5,48.3166538263918,-59.));
#10331=CARTESIAN_POINT('',(-108.045454545455,29.6333426717148,-59.));
#10332=CARTESIAN_POINT('Origin',(-109.5,37.4999999999998,-59.));
#10333=CARTESIAN_POINT('',(-110.5,26.6833461736678,-59.));
#10334=CARTESIAN_POINT('Origin',(-107.5,26.6833461736079,-59.));
#10335=CARTESIAN_POINT('',(-110.5,-26.6833461736678,-59.));
#10336=CARTESIAN_POINT('',(-110.5,26.6833461736678,-59.));
#10337=CARTESIAN_POINT('',(-108.045454545455,-29.6333426717145,-59.));
#10338=CARTESIAN_POINT('Origin',(-107.5,-26.6833461736076,-59.));
#10339=CARTESIAN_POINT('',(-108.045454545455,-45.3666573282846,-59.));
#10340=CARTESIAN_POINT('Origin',(-109.5,-37.4999999999996,-59.));
#10341=CARTESIAN_POINT('',(-110.5,-48.3166538263322,-59.));
#10342=CARTESIAN_POINT('Origin',(-107.5,-48.3166538263915,-59.));
#10343=CARTESIAN_POINT('',(-110.5,-57.5,-59.));
#10344=CARTESIAN_POINT('',(-110.5,-48.3166538263322,-59.));
#10345=CARTESIAN_POINT('',(-107.5,-60.5000000000002,-59.));
#10346=CARTESIAN_POINT('Origin',(-107.5,-57.5000000000002,-59.));
#10347=CARTESIAN_POINT('',(-88.3166538263322,-60.5000000000002,-59.));
#10348=CARTESIAN_POINT('',(-107.5,-60.5000000000002,-59.));
#10349=CARTESIAN_POINT('',(-85.3666573282854,-58.0454545454546,-59.));
#10350=CARTESIAN_POINT('Origin',(-88.3166538263923,-57.5000000000002,-59.));
#10351=CARTESIAN_POINT('',(-69.6333426717151,-58.0454545454546,-59.));
#10352=CARTESIAN_POINT('Origin',(-77.5000000000002,-59.4999999999997,-59.));
#10353=CARTESIAN_POINT('',(-66.6833461736678,-60.5000000000002,-59.));
#10354=CARTESIAN_POINT('Origin',(-66.6833461736082,-57.5000000000002,-59.));
#10355=CARTESIAN_POINT('',(-10.8166538263322,-60.5000000000002,-59.));
#10356=CARTESIAN_POINT('',(-66.6833461736678,-60.5000000000002,-59.));
#10357=CARTESIAN_POINT('',(-7.86665732828526,-58.0454545454546,-59.));
#10358=CARTESIAN_POINT('Origin',(-10.8166538263922,-57.5000000000001,-59.));
#10359=CARTESIAN_POINT('',(7.86665732828496,-58.0454545454546,-59.));
#10360=CARTESIAN_POINT('Origin',(-1.52100554373646E-13,-59.4999999999999,
-59.));
#10361=CARTESIAN_POINT('',(10.8166538263322,-60.5000000000001,-59.));
#10362=CARTESIAN_POINT('Origin',(10.8166538263919,-57.5000000000001,-59.));
#10363=CARTESIAN_POINT('',(10.8166538263322,-60.5000000000001,-59.));
#10364=CARTESIAN_POINT('Origin',(66.6833461736082,-62.3000000000001,-59.));
#10365=CARTESIAN_POINT('',(66.6833461736082,-62.3000000000001,-54.));
#10366=CARTESIAN_POINT('',(66.6833461736082,-62.3000000000001,-59.));
#10367=CARTESIAN_POINT('',(33.3416730868041,-62.3000000000001,-54.));
#10368=CARTESIAN_POINT('Origin',(66.6833461736082,-57.5000000000001,-59.));
#10369=CARTESIAN_POINT('',(71.4033405705793,-58.3727272727272,-54.));
#10370=CARTESIAN_POINT('',(71.4033405705793,-58.3727272727272,-59.));
#10371=CARTESIAN_POINT('Origin',(66.6833461736082,-57.5000000000001,-54.));
#10372=CARTESIAN_POINT('Origin',(77.5000000000003,-59.4999999999996,-59.));
#10373=CARTESIAN_POINT('',(83.5966594294212,-58.3727272727272,-54.));
#10374=CARTESIAN_POINT('',(83.5966594294212,-58.3727272727272,-59.));
#10375=CARTESIAN_POINT('Origin',(77.5000000000003,-59.4999999999996,-54.));
#10376=CARTESIAN_POINT('Origin',(88.3166538263923,-57.5000000000001,-59.));
#10377=CARTESIAN_POINT('',(88.3166538263923,-62.3000000000001,-54.));
#10378=CARTESIAN_POINT('',(88.3166538263923,-62.3000000000001,-59.));
#10379=CARTESIAN_POINT('Origin',(88.3166538263923,-57.5000000000001,-54.));
#10380=CARTESIAN_POINT('Origin',(107.5,-62.3000000000001,-59.));
#10381=CARTESIAN_POINT('',(107.5,-62.3000000000001,-54.));
#10382=CARTESIAN_POINT('',(107.5,-62.3000000000001,-59.));
#10383=CARTESIAN_POINT('',(53.7499999999999,-62.3000000000001,-54.));
#10384=CARTESIAN_POINT('Origin',(107.5,-57.5000000000001,-59.));
#10385=CARTESIAN_POINT('',(112.3,-57.5000000000001,-54.));
#10386=CARTESIAN_POINT('',(112.3,-57.5000000000001,-59.));
#10387=CARTESIAN_POINT('Origin',(107.5,-57.5000000000001,-54.));
#10388=CARTESIAN_POINT('Origin',(112.3,-48.3166538263914,-59.));
#10389=CARTESIAN_POINT('',(112.3,-48.3166538263914,-54.));
#10390=CARTESIAN_POINT('',(112.3,-48.3166538263914,-59.));
#10391=CARTESIAN_POINT('',(112.3,-24.1583269131958,-54.));
#10392=CARTESIAN_POINT('Origin',(107.5,-48.3166538263914,-59.));
#10393=CARTESIAN_POINT('',(108.372727272727,-43.5966594294204,-54.));
#10394=CARTESIAN_POINT('',(108.372727272727,-43.5966594294204,-59.));
#10395=CARTESIAN_POINT('Origin',(107.5,-48.3166538263914,-54.));
#10396=CARTESIAN_POINT('Origin',(109.5,-37.4999999999995,-59.));
#10397=CARTESIAN_POINT('',(108.372727272727,-31.4033405705786,-54.));
#10398=CARTESIAN_POINT('',(108.372727272727,-31.4033405705786,-59.));
#10399=CARTESIAN_POINT('Origin',(109.5,-37.4999999999995,-54.));
#10400=CARTESIAN_POINT('Origin',(107.5,-26.6833461736076,-59.));
#10401=CARTESIAN_POINT('',(112.3,-26.6833461736076,-54.));
#10402=CARTESIAN_POINT('',(112.3,-26.6833461736076,-59.));
#10403=CARTESIAN_POINT('Origin',(107.5,-26.6833461736076,-54.));
#10404=CARTESIAN_POINT('Origin',(112.3,26.683346173608,-59.));
#10405=CARTESIAN_POINT('',(112.3,26.683346173608,-54.));
#10406=CARTESIAN_POINT('',(112.3,26.683346173608,-59.));
#10407=CARTESIAN_POINT('',(112.3,13.3416730868039,-54.));
#10408=CARTESIAN_POINT('Origin',(107.5,26.683346173608,-59.));
#10409=CARTESIAN_POINT('',(108.372727272727,31.403340570579,-54.));
#10410=CARTESIAN_POINT('',(108.372727272727,31.403340570579,-59.));
#10411=CARTESIAN_POINT('Origin',(107.5,26.683346173608,-54.));
#10412=CARTESIAN_POINT('Origin',(109.5,37.4999999999999,-59.));
#10413=CARTESIAN_POINT('',(108.372727272727,43.5966594294208,-54.));
#10414=CARTESIAN_POINT('',(108.372727272727,43.5966594294208,-59.));
#10415=CARTESIAN_POINT('Origin',(109.5,37.4999999999999,-54.));
#10416=CARTESIAN_POINT('Origin',(107.5,48.3166538263918,-59.));
#10417=CARTESIAN_POINT('',(112.3,48.3166538263918,-54.));
#10418=CARTESIAN_POINT('',(112.3,48.3166538263918,-59.));
#10419=CARTESIAN_POINT('Origin',(107.5,48.3166538263918,-54.));
#10420=CARTESIAN_POINT('Origin',(112.3,57.4999999999999,-59.));
#10421=CARTESIAN_POINT('',(112.3,57.4999999999999,-54.));
#10422=CARTESIAN_POINT('',(112.3,57.4999999999999,-59.));
#10423=CARTESIAN_POINT('',(112.3,28.7499999999999,-54.));
#10424=CARTESIAN_POINT('Origin',(107.5,57.4999999999999,-59.));
#10425=CARTESIAN_POINT('',(107.5,62.2999999999999,-54.));
#10426=CARTESIAN_POINT('',(107.5,62.2999999999999,-59.));
#10427=CARTESIAN_POINT('Origin',(107.5,57.4999999999999,-54.));
#10428=CARTESIAN_POINT('Origin',(88.316653826392,62.2999999999999,-59.));
#10429=CARTESIAN_POINT('',(88.316653826392,62.2999999999999,-54.));
#10430=CARTESIAN_POINT('',(88.316653826392,62.2999999999999,-59.));
#10431=CARTESIAN_POINT('',(44.158326913196,62.2999999999999,-54.));
#10432=CARTESIAN_POINT('Origin',(88.316653826392,57.4999999999999,-59.));
#10433=CARTESIAN_POINT('',(83.596659429421,58.3727272727272,-54.));
#10434=CARTESIAN_POINT('',(83.596659429421,58.3727272727272,-59.));
#10435=CARTESIAN_POINT('Origin',(88.316653826392,57.4999999999999,-54.));
#10436=CARTESIAN_POINT('Origin',(77.5,59.4999999999999,-59.));
#10437=CARTESIAN_POINT('',(71.4033405705791,58.3727272727272,-54.));
#10438=CARTESIAN_POINT('',(71.4033405705791,58.3727272727272,-59.));
#10439=CARTESIAN_POINT('Origin',(77.5,59.4999999999999,-54.));
#10440=CARTESIAN_POINT('Origin',(66.6833461736081,57.4999999999999,-59.));
#10441=CARTESIAN_POINT('',(66.6833461736081,62.2999999999998,-54.));
#10442=CARTESIAN_POINT('',(66.6833461736081,62.2999999999998,-59.));
#10443=CARTESIAN_POINT('Origin',(66.6833461736081,57.4999999999999,-54.));
#10444=CARTESIAN_POINT('Origin',(10.8166538263919,62.2999999999998,-59.));
#10445=CARTESIAN_POINT('',(10.8166538263919,62.2999999999998,-54.));
#10446=CARTESIAN_POINT('',(10.8166538263919,62.2999999999998,-59.));
#10447=CARTESIAN_POINT('',(5.40832691319593,62.2999999999998,-54.));
#10448=CARTESIAN_POINT('Origin',(10.8166538263919,57.4999999999999,-59.));
#10449=CARTESIAN_POINT('',(6.09665942942091,58.3727272727271,-54.));
#10450=CARTESIAN_POINT('',(6.09665942942091,58.3727272727271,-59.));
#10451=CARTESIAN_POINT('Origin',(10.8166538263919,57.4999999999999,-54.));
#10452=CARTESIAN_POINT('Origin',(-1.77635683940025E-14,59.4999999999999,
-59.));
#10453=CARTESIAN_POINT('',(-6.09665942942094,58.3727272727271,-54.));
#10454=CARTESIAN_POINT('',(-6.09665942942094,58.3727272727271,-59.));
#10455=CARTESIAN_POINT('Origin',(-1.77635683940025E-14,59.4999999999999,
-54.));
#10456=CARTESIAN_POINT('Origin',(-10.816653826392,57.4999999999999,-59.));
#10457=CARTESIAN_POINT('Origin',(-10.816653826392,57.4999999999999,-54.));
#10458=CARTESIAN_POINT('Origin',(107.5,-26.6833461736076,-47.));
#10459=CARTESIAN_POINT('',(112.5,-26.6833461736076,-47.));
#10460=CARTESIAN_POINT('',(110.5,-26.6833461736678,-49.));
#10461=CARTESIAN_POINT('Origin',(110.5,-26.6833461736076,-47.));
#10462=CARTESIAN_POINT('',(108.045454545454,-29.6333426717145,-49.));
#10463=CARTESIAN_POINT('Origin',(107.5,-26.6833461736076,-49.));
#10464=CARTESIAN_POINT('',(108.409090909091,-31.6000070037857,-47.));
#10465=CARTESIAN_POINT('Origin',(108.045454545454,-29.6333426717145,-47.));
#10466=CARTESIAN_POINT('Origin',(107.5,-26.6833461736076,-47.));
#10467=CARTESIAN_POINT('Origin',(109.5,-37.4999999999995,-47.));
#10468=CARTESIAN_POINT('',(108.045454545454,-45.3666573282846,-49.));
#10469=CARTESIAN_POINT('Origin',(109.5,-37.4999999999995,-49.));
#10470=CARTESIAN_POINT('',(108.409090909091,-43.3999929962133,-47.));
#10471=CARTESIAN_POINT('Origin',(108.045454545454,-45.3666573282845,-47.));
#10472=CARTESIAN_POINT('Origin',(109.5,-37.4999999999995,-47.));
#10473=CARTESIAN_POINT('Origin',(107.5,-48.3166538263914,-47.));
#10474=CARTESIAN_POINT('',(110.5,-48.3166538263322,-49.));
#10475=CARTESIAN_POINT('Origin',(107.5,-48.3166538263914,-49.));
#10476=CARTESIAN_POINT('',(112.5,-48.3166538263914,-47.));
#10477=CARTESIAN_POINT('Origin',(110.5,-48.3166538263322,-47.));
#10478=CARTESIAN_POINT('Origin',(107.5,-48.3166538263914,-47.));
#10479=CARTESIAN_POINT('Origin',(110.5,-31.2500000000001,-47.));
#10480=CARTESIAN_POINT('',(110.5,-57.5,-49.));
#10481=CARTESIAN_POINT('',(110.5,-57.5,-49.));
#10482=CARTESIAN_POINT('',(112.5,-57.5000000000001,-47.));
#10483=CARTESIAN_POINT('Origin',(110.5,-57.5,-47.));
#10484=CARTESIAN_POINT('',(112.5,-31.2500000000001,-47.));
#10485=CARTESIAN_POINT('Origin',(107.5,-57.5000000000001,-47.));
#10486=CARTESIAN_POINT('',(107.5,-60.5000000000001,-49.));
#10487=CARTESIAN_POINT('Origin',(107.5,-57.5000000000001,-49.));
#10488=CARTESIAN_POINT('',(107.5,-62.5000000000001,-47.));
#10489=CARTESIAN_POINT('Origin',(107.5,-60.5000000000001,-47.));
#10490=CARTESIAN_POINT('Origin',(107.5,-57.5000000000001,-47.));
#10491=CARTESIAN_POINT('Origin',(41.3480762113533,-60.5000000000001,-47.));
#10492=CARTESIAN_POINT('',(88.3166538263322,-60.5000000000001,-49.));
#10493=CARTESIAN_POINT('',(88.3166538263322,-60.5000000000001,-49.));
#10494=CARTESIAN_POINT('',(88.3166538263923,-62.5000000000001,-47.));
#10495=CARTESIAN_POINT('Origin',(88.3166538263322,-60.5000000000001,-47.));
#10496=CARTESIAN_POINT('',(41.3480762113533,-62.5000000000001,-47.));
#10497=CARTESIAN_POINT('Origin',(88.3166538263923,-57.5000000000001,-47.));
#10498=CARTESIAN_POINT('',(85.3666573282854,-58.0454545454545,-49.));
#10499=CARTESIAN_POINT('Origin',(88.3166538263923,-57.5000000000001,-49.));
#10500=CARTESIAN_POINT('',(83.3999929962141,-58.4090909090908,-47.));
#10501=CARTESIAN_POINT('Origin',(85.3666573282854,-58.0454545454545,-47.));
#10502=CARTESIAN_POINT('Origin',(88.3166538263923,-57.5000000000001,-47.));
#10503=CARTESIAN_POINT('Origin',(77.5000000000003,-59.4999999999996,-47.));
#10504=CARTESIAN_POINT('',(69.6333426717151,-58.0454545454545,-49.));
#10505=CARTESIAN_POINT('Origin',(77.5000000000003,-59.4999999999996,-49.));
#10506=CARTESIAN_POINT('',(71.6000070037864,-58.4090909090908,-47.));
#10507=CARTESIAN_POINT('Origin',(69.6333426717151,-58.0454545454545,-47.));
#10508=CARTESIAN_POINT('Origin',(77.5000000000003,-59.4999999999996,-47.));
#10509=CARTESIAN_POINT('Origin',(66.6833461736082,-57.5000000000001,-47.));
#10510=CARTESIAN_POINT('',(66.6833461736678,-60.5000000000001,-49.));
#10511=CARTESIAN_POINT('Origin',(66.6833461736082,-57.5000000000001,-49.));
#10512=CARTESIAN_POINT('',(66.6833461736082,-62.5000000000001,-47.));
#10513=CARTESIAN_POINT('Origin',(66.6833461736678,-60.5000000000001,-47.));
#10514=CARTESIAN_POINT('Origin',(66.6833461736082,-57.5000000000001,-47.));
#10515=CARTESIAN_POINT('Origin',(2.59807621135312,-60.5000000000001,-47.));
#10516=CARTESIAN_POINT('',(10.8166538263322,-60.5000000000001,-49.));
#10517=CARTESIAN_POINT('',(10.8166538263322,-60.5000000000001,-49.));
#10518=CARTESIAN_POINT('',(10.8166538263919,-62.5000000000001,-47.));
#10519=CARTESIAN_POINT('Origin',(10.8166538263322,-60.5000000000001,-47.));
#10520=CARTESIAN_POINT('',(2.59807621135312,-62.5000000000001,-47.));
#10521=CARTESIAN_POINT('Origin',(10.8166538263919,-57.5000000000001,-47.));
#10522=CARTESIAN_POINT('',(7.86665732828496,-58.0454545454546,-49.));
#10523=CARTESIAN_POINT('Origin',(10.8166538263919,-57.5000000000001,-49.));
#10524=CARTESIAN_POINT('',(5.89999299621368,-58.4090909090909,-47.));
#10525=CARTESIAN_POINT('Origin',(7.86665732828495,-58.0454545454546,-47.));
#10526=CARTESIAN_POINT('Origin',(10.8166538263919,-57.5000000000001,-47.));
#10527=CARTESIAN_POINT('Origin',(-1.52100554373646E-13,-59.4999999999999,
-47.));
#10528=CARTESIAN_POINT('',(-7.86665732828526,-58.0454545454546,-49.));
#10529=CARTESIAN_POINT('Origin',(-1.52100554373646E-13,-59.4999999999999,
-49.));
#10530=CARTESIAN_POINT('',(-5.89999299621398,-58.4090909090909,-47.));
#10531=CARTESIAN_POINT('Origin',(-7.86665732828525,-58.0454545454546,-47.));
#10532=CARTESIAN_POINT('Origin',(-1.52100554373646E-13,-59.4999999999999,
-47.));
#10533=CARTESIAN_POINT('Origin',(-10.8166538263922,-57.5000000000001,-47.));
#10534=CARTESIAN_POINT('',(-10.8166538263322,-60.5000000000002,-49.));
#10535=CARTESIAN_POINT('Origin',(-10.8166538263922,-57.5000000000001,-49.));
#10536=CARTESIAN_POINT('',(-10.8166538263922,-62.5000000000002,-47.));
#10537=CARTESIAN_POINT('Origin',(-10.8166538263322,-60.5000000000002,-47.));
#10538=CARTESIAN_POINT('Origin',(-10.8166538263922,-57.5000000000001,-47.));
#10539=CARTESIAN_POINT('Origin',(-36.151923788647,-60.5000000000002,-47.));
#10540=CARTESIAN_POINT('',(-66.6833461736678,-60.5000000000002,-49.));
#10541=CARTESIAN_POINT('',(-66.6833461736678,-60.5000000000002,-49.));
#10542=CARTESIAN_POINT('',(-66.6833461736082,-62.5000000000002,-47.));
#10543=CARTESIAN_POINT('Origin',(-66.6833461736678,-60.5000000000002,-47.));
#10544=CARTESIAN_POINT('',(-36.151923788647,-62.5000000000002,-47.));
#10545=CARTESIAN_POINT('Origin',(-66.6833461736082,-57.5000000000002,-47.));
#10546=CARTESIAN_POINT('',(-69.6333426717151,-58.0454545454546,-49.));
#10547=CARTESIAN_POINT('Origin',(-66.6833461736082,-57.5000000000002,-49.));
#10548=CARTESIAN_POINT('',(-71.6000070037864,-58.4090909090909,-47.));
#10549=CARTESIAN_POINT('Origin',(-69.6333426717151,-58.0454545454546,-47.));
#10550=CARTESIAN_POINT('Origin',(-66.6833461736082,-57.5000000000002,-47.));
#10551=CARTESIAN_POINT('Origin',(-77.5000000000002,-59.4999999999997,-47.));
#10552=CARTESIAN_POINT('',(-85.3666573282854,-58.0454545454546,-49.));
#10553=CARTESIAN_POINT('Origin',(-77.5000000000002,-59.4999999999997,-49.));
#10554=CARTESIAN_POINT('',(-83.3999929962141,-58.4090909090909,-47.));
#10555=CARTESIAN_POINT('Origin',(-85.3666573282854,-58.0454545454546,-47.));
#10556=CARTESIAN_POINT('Origin',(-77.5000000000002,-59.4999999999997,-47.));
#10557=CARTESIAN_POINT('Origin',(-88.3166538263923,-57.5000000000002,-47.));
#10558=CARTESIAN_POINT('',(-88.3166538263322,-60.5000000000002,-49.));
#10559=CARTESIAN_POINT('Origin',(-88.3166538263923,-57.5000000000002,-49.));
#10560=CARTESIAN_POINT('',(-88.3166538263923,-62.5000000000002,-47.));
#10561=CARTESIAN_POINT('Origin',(-88.3166538263322,-60.5000000000002,-47.));
#10562=CARTESIAN_POINT('Origin',(-88.3166538263923,-57.5000000000002,-47.));
#10563=CARTESIAN_POINT('Origin',(-56.25,-60.5000000000002,-47.));
#10564=CARTESIAN_POINT('',(-107.5,-60.5000000000002,-49.));
#10565=CARTESIAN_POINT('',(-107.5,-60.5000000000002,-49.));
#10566=CARTESIAN_POINT('',(-107.5,-62.5000000000002,-47.));
#10567=CARTESIAN_POINT('Origin',(-107.5,-60.5000000000002,-47.));
#10568=CARTESIAN_POINT('',(-56.25,-62.5000000000002,-47.));
#10569=CARTESIAN_POINT('Origin',(-107.5,-57.5000000000002,-47.));
#10570=CARTESIAN_POINT('',(-110.5,-57.5,-49.));
#10571=CARTESIAN_POINT('Origin',(-107.5,-57.5000000000002,-49.));
#10572=CARTESIAN_POINT('',(-112.5,-57.5000000000002,-47.));
#10573=CARTESIAN_POINT('Origin',(-110.5,-57.5,-47.));
#10574=CARTESIAN_POINT('Origin',(-107.5,-57.5000000000002,-47.));
#10575=CARTESIAN_POINT('Origin',(-110.5,-21.3480762113532,-47.));
#10576=CARTESIAN_POINT('',(-110.5,-48.3166538263322,-49.));
#10577=CARTESIAN_POINT('',(-110.5,-48.3166538263322,-49.));
#10578=CARTESIAN_POINT('',(-112.5,-48.3166538263915,-47.));
#10579=CARTESIAN_POINT('Origin',(-110.5,-48.3166538263322,-47.));
#10580=CARTESIAN_POINT('',(-112.5,-21.3480762113532,-47.));
#10581=CARTESIAN_POINT('Origin',(-107.5,-48.3166538263915,-47.));
#10582=CARTESIAN_POINT('',(-108.045454545455,-45.3666573282846,-49.));
#10583=CARTESIAN_POINT('Origin',(-107.5,-48.3166538263915,-49.));
#10584=CARTESIAN_POINT('',(-108.409090909091,-43.3999929962134,-47.));
#10585=CARTESIAN_POINT('Origin',(-108.045454545455,-45.3666573282846,-47.));
#10586=CARTESIAN_POINT('Origin',(-107.5,-48.3166538263915,-47.));
#10587=CARTESIAN_POINT('Origin',(-109.5,-37.4999999999996,-47.));
#10588=CARTESIAN_POINT('',(-108.045454545455,-29.6333426717145,-49.));
#10589=CARTESIAN_POINT('Origin',(-109.5,-37.4999999999996,-49.));
#10590=CARTESIAN_POINT('',(-108.409090909091,-31.6000070037858,-47.));
#10591=CARTESIAN_POINT('Origin',(-108.045454545455,-29.6333426717145,-47.));
#10592=CARTESIAN_POINT('Origin',(-109.5,-37.4999999999996,-47.));
#10593=CARTESIAN_POINT('Origin',(-107.5,-26.6833461736076,-47.));
#10594=CARTESIAN_POINT('',(-110.5,-26.6833461736678,-49.));
#10595=CARTESIAN_POINT('Origin',(-107.5,-26.6833461736076,-49.));
#10596=CARTESIAN_POINT('',(-112.5,-26.6833461736076,-47.));
#10597=CARTESIAN_POINT('Origin',(-110.5,-26.6833461736678,-47.));
#10598=CARTESIAN_POINT('Origin',(-107.5,-26.6833461736076,-47.));
#10599=CARTESIAN_POINT('Origin',(-110.5,16.1519237886465,-47.));
#10600=CARTESIAN_POINT('',(-110.5,26.6833461736678,-49.));
#10601=CARTESIAN_POINT('',(-110.5,26.6833461736678,-49.));
#10602=CARTESIAN_POINT('',(-112.5,26.6833461736079,-47.));
#10603=CARTESIAN_POINT('Origin',(-110.5,26.6833461736678,-47.));
#10604=CARTESIAN_POINT('',(-112.5,16.1519237886465,-47.));
#10605=CARTESIAN_POINT('Origin',(-107.5,26.6833461736079,-47.));
#10606=CARTESIAN_POINT('',(-108.045454545455,29.6333426717148,-49.));
#10607=CARTESIAN_POINT('Origin',(-107.5,26.6833461736079,-49.));
#10608=CARTESIAN_POINT('',(-108.409090909091,31.600007003786,-47.));
#10609=CARTESIAN_POINT('Origin',(-108.045454545455,29.6333426717148,-47.));
#10610=CARTESIAN_POINT('Origin',(-107.5,26.6833461736079,-47.));
#10611=CARTESIAN_POINT('Origin',(-109.5,37.4999999999998,-47.));
#10612=CARTESIAN_POINT('',(-108.045454545455,45.3666573282849,-49.));
#10613=CARTESIAN_POINT('Origin',(-109.5,37.4999999999998,-49.));
#10614=CARTESIAN_POINT('',(-108.409090909091,43.3999929962136,-47.));
#10615=CARTESIAN_POINT('Origin',(-108.045454545455,45.3666573282849,-47.));
#10616=CARTESIAN_POINT('Origin',(-109.5,37.4999999999998,-47.));
#10617=CARTESIAN_POINT('Origin',(-107.5,48.3166538263918,-47.));
#10618=CARTESIAN_POINT('',(-110.5,48.3166538263322,-49.));
#10619=CARTESIAN_POINT('Origin',(-107.5,48.3166538263918,-49.));
#10620=CARTESIAN_POINT('',(-112.5,48.3166538263918,-47.));
#10621=CARTESIAN_POINT('Origin',(-110.5,48.3166538263322,-47.));
#10622=CARTESIAN_POINT('Origin',(-107.5,48.3166538263918,-47.));
#10623=CARTESIAN_POINT('Origin',(-110.5,31.2499999999998,-47.));
#10624=CARTESIAN_POINT('',(-110.5,57.5,-49.));
#10625=CARTESIAN_POINT('',(-110.5,57.5,-49.));
#10626=CARTESIAN_POINT('',(-112.5,57.4999999999998,-47.));
#10627=CARTESIAN_POINT('Origin',(-110.5,57.5,-47.));
#10628=CARTESIAN_POINT('',(-112.5,31.2499999999998,-47.));
#10629=CARTESIAN_POINT('Origin',(-107.5,57.4999999999998,-47.));
#10630=CARTESIAN_POINT('',(-107.5,60.4999999999998,-49.));
#10631=CARTESIAN_POINT('Origin',(-107.5,57.4999999999998,-49.));
#10632=CARTESIAN_POINT('',(-107.5,62.4999999999998,-47.));
#10633=CARTESIAN_POINT('Origin',(-107.5,60.4999999999998,-47.));
#10634=CARTESIAN_POINT('Origin',(-107.5,57.4999999999998,-47.));
#10635=CARTESIAN_POINT('Origin',(-41.3480762113534,60.4999999999998,-47.));
#10636=CARTESIAN_POINT('',(-88.3166538263322,60.4999999999998,-49.));
#10637=CARTESIAN_POINT('',(-88.3166538263322,60.4999999999998,-49.));
#10638=CARTESIAN_POINT('',(-88.316653826392,62.4999999999998,-47.));
#10639=CARTESIAN_POINT('Origin',(-88.3166538263322,60.4999999999998,-47.));
#10640=CARTESIAN_POINT('',(-41.3480762113534,62.4999999999999,-47.));
#10641=CARTESIAN_POINT('Origin',(-88.316653826392,57.4999999999998,-47.));
#10642=CARTESIAN_POINT('',(-85.3666573282852,58.0454545454544,-49.));
#10643=CARTESIAN_POINT('Origin',(-88.316653826392,57.4999999999998,-49.));
#10644=CARTESIAN_POINT('',(-83.3999929962139,58.4090909090908,-47.));
#10645=CARTESIAN_POINT('Origin',(-85.3666573282852,58.0454545454544,-47.));
#10646=CARTESIAN_POINT('Origin',(-88.316653826392,57.4999999999998,-47.));
#10647=CARTESIAN_POINT('Origin',(-77.5000000000001,59.4999999999999,-47.));
#10648=CARTESIAN_POINT('',(-69.633342671715,58.0454545454544,-49.));
#10649=CARTESIAN_POINT('Origin',(-77.5000000000001,59.4999999999999,-49.));
#10650=CARTESIAN_POINT('',(-71.6000070037863,58.4090909090908,-47.));
#10651=CARTESIAN_POINT('Origin',(-69.633342671715,58.0454545454544,-47.));
#10652=CARTESIAN_POINT('Origin',(-77.5000000000001,59.4999999999999,-47.));
#10653=CARTESIAN_POINT('Origin',(-66.6833461736081,57.4999999999998,-47.));
#10654=CARTESIAN_POINT('',(-66.6833461736678,60.4999999999998,-49.));
#10655=CARTESIAN_POINT('Origin',(-66.6833461736081,57.4999999999998,-49.));
#10656=CARTESIAN_POINT('',(-66.6833461736081,62.4999999999998,-47.));
#10657=CARTESIAN_POINT('Origin',(-66.6833461736678,60.4999999999998,-47.));
#10658=CARTESIAN_POINT('Origin',(-66.6833461736081,57.4999999999998,-47.));
#10659=CARTESIAN_POINT('Origin',(-2.59807621135338,60.4999999999998,-47.));
#10660=CARTESIAN_POINT('',(-10.8166538263322,60.4999999999998,-49.));
#10661=CARTESIAN_POINT('',(-10.8166538263322,60.4999999999998,-49.));
#10662=CARTESIAN_POINT('',(-10.816653826392,62.4999999999999,-47.));
#10663=CARTESIAN_POINT('Origin',(-10.8166538263322,60.4999999999998,-47.));
#10664=CARTESIAN_POINT('',(-2.59807621135338,62.4999999999999,-47.));
#10665=CARTESIAN_POINT('Origin',(-10.816653826392,57.4999999999999,-47.));
#10666=CARTESIAN_POINT('',(-7.86665732828508,58.0454545454544,-49.));
#10667=CARTESIAN_POINT('Origin',(-10.816653826392,57.4999999999999,-49.));
#10668=CARTESIAN_POINT('',(-5.89999299621382,58.4090909090908,-47.));
#10669=CARTESIAN_POINT('Origin',(-7.86665732828508,58.0454545454544,-47.));
#10670=CARTESIAN_POINT('Origin',(-10.816653826392,57.4999999999999,-47.));
#10671=CARTESIAN_POINT('Origin',(-1.77635683940025E-14,59.4999999999999,
-47.));
#10672=CARTESIAN_POINT('',(7.86665732828505,58.0454545454544,-49.));
#10673=CARTESIAN_POINT('Origin',(-1.77635683940025E-14,59.4999999999999,
-49.));
#10674=CARTESIAN_POINT('',(5.89999299621378,58.4090909090908,-47.));
#10675=CARTESIAN_POINT('Origin',(7.86665732828505,58.0454545454544,-47.));
#10676=CARTESIAN_POINT('Origin',(-1.77635683940025E-14,59.4999999999999,
-47.));
#10677=CARTESIAN_POINT('Origin',(10.8166538263919,57.4999999999999,-47.));
#10678=CARTESIAN_POINT('',(10.8166538263322,60.4999999999999,-49.));
#10679=CARTESIAN_POINT('Origin',(10.8166538263919,57.4999999999999,-49.));
#10680=CARTESIAN_POINT('',(10.8166538263919,62.4999999999999,-47.));
#10681=CARTESIAN_POINT('Origin',(10.8166538263322,60.4999999999998,-47.));
#10682=CARTESIAN_POINT('Origin',(10.8166538263919,57.4999999999999,-47.));
#10683=CARTESIAN_POINT('Origin',(36.1519237886466,60.4999999999999,-47.));
#10684=CARTESIAN_POINT('',(66.6833461736678,60.4999999999999,-49.));
#10685=CARTESIAN_POINT('',(66.6833461736678,60.4999999999999,-49.));
#10686=CARTESIAN_POINT('',(66.6833461736081,62.4999999999999,-47.));
#10687=CARTESIAN_POINT('Origin',(66.6833461736678,60.4999999999999,-47.));
#10688=CARTESIAN_POINT('',(36.1519237886466,62.4999999999999,-47.));
#10689=CARTESIAN_POINT('Origin',(66.6833461736081,57.4999999999999,-47.));
#10690=CARTESIAN_POINT('',(69.633342671715,58.0454545454544,-49.));
#10691=CARTESIAN_POINT('Origin',(66.6833461736081,57.4999999999999,-49.));
#10692=CARTESIAN_POINT('',(71.6000070037862,58.4090909090908,-47.));
#10693=CARTESIAN_POINT('Origin',(69.633342671715,58.0454545454544,-47.));
#10694=CARTESIAN_POINT('Origin',(66.6833461736081,57.4999999999999,-47.));
#10695=CARTESIAN_POINT('Origin',(77.5,59.4999999999999,-47.));
#10696=CARTESIAN_POINT('',(85.3666573282851,58.0454545454544,-49.));
#10697=CARTESIAN_POINT('Origin',(77.5,59.4999999999999,-49.));
#10698=CARTESIAN_POINT('',(83.3999929962138,58.4090909090908,-47.));
#10699=CARTESIAN_POINT('Origin',(85.3666573282851,58.0454545454544,-47.));
#10700=CARTESIAN_POINT('Origin',(77.5,59.4999999999999,-47.));
#10701=CARTESIAN_POINT('Origin',(88.316653826392,57.4999999999999,-47.));
#10702=CARTESIAN_POINT('',(88.3166538263322,60.4999999999999,-49.));
#10703=CARTESIAN_POINT('Origin',(88.316653826392,57.4999999999999,-49.));
#10704=CARTESIAN_POINT('',(88.316653826392,62.4999999999999,-47.));
#10705=CARTESIAN_POINT('Origin',(88.3166538263322,60.4999999999999,-47.));
#10706=CARTESIAN_POINT('Origin',(88.316653826392,57.4999999999999,-47.));
#10707=CARTESIAN_POINT('Origin',(56.2499999999999,60.4999999999999,-47.));
#10708=CARTESIAN_POINT('',(107.5,60.4999999999999,-49.));
#10709=CARTESIAN_POINT('',(107.5,60.4999999999999,-49.));
#10710=CARTESIAN_POINT('',(107.5,62.4999999999999,-47.));
#10711=CARTESIAN_POINT('Origin',(107.5,60.4999999999999,-47.));
#10712=CARTESIAN_POINT('',(56.2499999999999,62.4999999999999,-47.));
#10713=CARTESIAN_POINT('Origin',(107.5,57.4999999999999,-47.));
#10714=CARTESIAN_POINT('',(110.5,57.5,-49.));
#10715=CARTESIAN_POINT('Origin',(107.5,57.4999999999999,-49.));
#10716=CARTESIAN_POINT('',(112.5,57.4999999999999,-47.));
#10717=CARTESIAN_POINT('Origin',(110.5,57.5,-47.));
#10718=CARTESIAN_POINT('Origin',(107.5,57.4999999999999,-47.));
#10719=CARTESIAN_POINT('Origin',(110.5,21.3480762113532,-47.));
#10720=CARTESIAN_POINT('',(110.5,48.3166538263322,-49.));
#10721=CARTESIAN_POINT('',(110.5,48.3166538263322,-49.));
#10722=CARTESIAN_POINT('',(112.5,48.3166538263918,-47.));
#10723=CARTESIAN_POINT('Origin',(110.5,48.3166538263322,-47.));
#10724=CARTESIAN_POINT('',(112.5,21.3480762113532,-47.));
#10725=CARTESIAN_POINT('Origin',(107.5,48.3166538263918,-47.));
#10726=CARTESIAN_POINT('',(108.045454545454,45.366657328285,-49.));
#10727=CARTESIAN_POINT('Origin',(107.5,48.3166538263918,-49.));
#10728=CARTESIAN_POINT('',(108.409090909091,43.3999929962137,-47.));
#10729=CARTESIAN_POINT('Origin',(108.045454545454,45.3666573282849,-47.));
#10730=CARTESIAN_POINT('Origin',(107.5,48.3166538263918,-47.));
#10731=CARTESIAN_POINT('Origin',(109.5,37.4999999999999,-47.));
#10732=CARTESIAN_POINT('',(108.045454545454,29.6333426717148,-49.));
#10733=CARTESIAN_POINT('Origin',(109.5,37.4999999999999,-49.));
#10734=CARTESIAN_POINT('',(108.409090909091,31.6000070037861,-47.));
#10735=CARTESIAN_POINT('Origin',(108.045454545454,29.6333426717149,-47.));
#10736=CARTESIAN_POINT('Origin',(109.5,37.4999999999999,-47.));
#10737=CARTESIAN_POINT('Origin',(107.5,26.683346173608,-47.));
#10738=CARTESIAN_POINT('',(110.5,26.6833461736678,-49.));
#10739=CARTESIAN_POINT('Origin',(107.5,26.683346173608,-49.));
#10740=CARTESIAN_POINT('',(112.5,26.683346173608,-47.));
#10741=CARTESIAN_POINT('Origin',(110.5,26.6833461736678,-47.));
#10742=CARTESIAN_POINT('Origin',(107.5,26.683346173608,-47.));
#10743=CARTESIAN_POINT('Origin',(110.5,-16.1519237886465,-47.));
#10744=CARTESIAN_POINT('',(110.5,-26.6833461736678,-49.));
#10745=CARTESIAN_POINT('',(112.5,-16.1519237886465,-47.));
#10746=CARTESIAN_POINT('Origin',(-109.5,37.4999999999998,0.));
#10747=CARTESIAN_POINT('',(-108.409090909091,43.3999929962136,-9.));
#10748=CARTESIAN_POINT('',(-108.409090909091,43.3999929962136,0.));
#10749=CARTESIAN_POINT('',(-108.409090909091,31.600007003786,-9.));
#10750=CARTESIAN_POINT('Origin',(-109.5,37.4999999999998,-9.));
#10751=CARTESIAN_POINT('',(-108.409090909091,31.600007003786,0.));
#10752=CARTESIAN_POINT('Origin',(-107.5,48.3166538263918,0.));
#10753=CARTESIAN_POINT('',(-112.5,48.3166538263918,-6.));
#10754=CARTESIAN_POINT('',(-112.5,48.3166538263918,0.));
#10755=CARTESIAN_POINT('',(-111.476169754311,45.2851403289947,-4.97616975431118));
#10756=CARTESIAN_POINT('Origin',(-107.5,48.3166538263918,-0.999999999999939));
#10757=CARTESIAN_POINT('Ctrl Pts',(-111.476169754311,45.2851403289947,-4.97616975431118));
#10758=CARTESIAN_POINT('Ctrl Pts',(-111.466502486302,45.2724606233966,-4.98698913172091));
#10759=CARTESIAN_POINT('Ctrl Pts',(-111.456799167811,45.2598594266771,-4.99787738887547));
#10760=CARTESIAN_POINT('Ctrl Pts',(-111.186571045757,44.912353204408,-5.30189978217253));
#10761=CARTESIAN_POINT('Ctrl Pts',(-110.903655975289,44.6356361453925,-5.64153131264285));
#10762=CARTESIAN_POINT('Ctrl Pts',(-109.883869841678,43.8227492535774,-6.93163557713311));
#10763=CARTESIAN_POINT('Ctrl Pts',(-109.101829328362,43.5291187063589,-8.04587493946822));
#10764=CARTESIAN_POINT('Ctrl Pts',(-108.413864551109,43.4008774406398,-8.99342645622697));
#10765=CARTESIAN_POINT('Ctrl Pts',(-108.411477889829,43.4004343491082,-8.99671322945677));
#10766=CARTESIAN_POINT('Ctrl Pts',(-108.409090909091,43.3999929962136,-9.));
#10767=CARTESIAN_POINT('Origin',(-112.5,62.4999999999998,0.));
#10768=CARTESIAN_POINT('',(-112.5,57.4999999999998,-6.));
#10769=CARTESIAN_POINT('',(-112.5,57.4999999999998,0.));
#10770=CARTESIAN_POINT('',(-112.5,31.2499999999998,-6.));
#10771=CARTESIAN_POINT('Origin',(-107.5,57.4999999999998,0.));
#10772=CARTESIAN_POINT('',(-107.5,62.4999999999998,-6.));
#10773=CARTESIAN_POINT('',(-107.5,62.4999999999998,0.));
#10774=CARTESIAN_POINT('Origin',(-107.5,57.4999999999998,-6.));
#10775=CARTESIAN_POINT('Origin',(-82.6961524227067,62.4999999999998,0.));
#10776=CARTESIAN_POINT('',(-88.316653826392,62.4999999999998,-6.));
#10777=CARTESIAN_POINT('',(-88.316653826392,62.4999999999998,0.));
#10778=CARTESIAN_POINT('',(-41.3480762113534,62.4999999999999,-6.));
#10779=CARTESIAN_POINT('Origin',(-88.316653826392,57.4999999999998,0.));
#10780=CARTESIAN_POINT('',(-83.3999929962139,58.4090909090908,-9.));
#10781=CARTESIAN_POINT('',(-83.3999929962139,58.4090909090908,0.));
#10782=CARTESIAN_POINT('',(-85.2851403289949,61.476169754311,-4.97616975431118));
#10783=CARTESIAN_POINT('Ctrl Pts',(-83.3999929962139,58.4090909090908,-9.));
#10784=CARTESIAN_POINT('Ctrl Pts',(-83.4004343491088,58.4114778898309,-8.99671322945362));
#10785=CARTESIAN_POINT('Ctrl Pts',(-83.4008774406387,58.4138645511023,-8.9934264562295));
#10786=CARTESIAN_POINT('Ctrl Pts',(-83.5291187075935,59.1018293349872,-8.04587493083971));
#10787=CARTESIAN_POINT('Ctrl Pts',(-83.8227492568109,59.8838698457339,-6.93163557200183));
#10788=CARTESIAN_POINT('Ctrl Pts',(-84.6356361453928,60.9036559752888,-5.64153131264291));
#10789=CARTESIAN_POINT('Ctrl Pts',(-84.9123532044082,61.1865710457569,-5.30189978217257));
#10790=CARTESIAN_POINT('Ctrl Pts',(-85.2598594266773,61.4567991678105,-4.99787738887549));
#10791=CARTESIAN_POINT('Ctrl Pts',(-85.2724606233969,61.4665024863022,-4.98698913172092));
#10792=CARTESIAN_POINT('Ctrl Pts',(-85.2851403289949,61.476169754311,-4.97616975431119));
#10793=CARTESIAN_POINT('Origin',(-88.316653826392,57.4999999999998,-1.00000000000001));
#10794=CARTESIAN_POINT('Origin',(-77.5000000000001,59.4999999999999,0.));
#10795=CARTESIAN_POINT('',(-71.6000070037863,58.4090909090908,-9.));
#10796=CARTESIAN_POINT('',(-71.6000070037863,58.4090909090908,0.));
#10797=CARTESIAN_POINT('Origin',(-77.5000000000001,59.4999999999999,-9.));
#10798=CARTESIAN_POINT('Origin',(-66.6833461736081,57.4999999999998,0.));
#10799=CARTESIAN_POINT('',(-66.6833461736081,62.4999999999998,-6.));
#10800=CARTESIAN_POINT('',(-66.6833461736081,62.4999999999998,0.));
#10801=CARTESIAN_POINT('',(-69.7148596710052,61.476169754311,-4.97616975431118));
#10802=CARTESIAN_POINT('Origin',(-66.6833461736081,57.4999999999998,-1.));
#10803=CARTESIAN_POINT('Ctrl Pts',(-69.7148596710052,61.476169754311,-4.97616975431118));
#10804=CARTESIAN_POINT('Ctrl Pts',(-69.7275393766033,61.4665024863022,-4.98698913172091));
#10805=CARTESIAN_POINT('Ctrl Pts',(-69.7401405733228,61.4567991678105,-4.99787738887546));
#10806=CARTESIAN_POINT('Ctrl Pts',(-70.0876467955919,61.1865710457569,-5.3018997821725));
#10807=CARTESIAN_POINT('Ctrl Pts',(-70.3643638546073,60.903655975289,-5.6415313126428));
#10808=CARTESIAN_POINT('Ctrl Pts',(-71.1772507459061,59.8838698423256,-6.93163557631359));
#10809=CARTESIAN_POINT('Ctrl Pts',(-71.4708812934445,59.1018293294189,-8.04587493809098));
#10810=CARTESIAN_POINT('Ctrl Pts',(-71.5991225593607,58.4138645511064,-8.99342645622963));
#10811=CARTESIAN_POINT('Ctrl Pts',(-71.5995656508918,58.411477889828,-8.99671322945752));
#10812=CARTESIAN_POINT('Ctrl Pts',(-71.6000070037863,58.4090909090908,-9.));
#10813=CARTESIAN_POINT('Origin',(-5.19615242270666,62.4999999999999,0.));
#10814=CARTESIAN_POINT('',(-10.816653826392,62.4999999999999,-6.));
#10815=CARTESIAN_POINT('',(-10.816653826392,62.4999999999999,0.));
#10816=CARTESIAN_POINT('',(-2.59807621135338,62.4999999999999,-6.));
#10817=CARTESIAN_POINT('Origin',(-10.816653826392,57.4999999999999,0.));
#10818=CARTESIAN_POINT('',(-5.89999299621382,58.4090909090908,-9.));
#10819=CARTESIAN_POINT('',(-5.89999299621382,58.4090909090908,0.));
#10820=CARTESIAN_POINT('',(-7.78514032899485,61.476169754311,-4.97616975431119));
#10821=CARTESIAN_POINT('Ctrl Pts',(-5.89999299621382,58.4090909090908,-9.));
#10822=CARTESIAN_POINT('Ctrl Pts',(-5.90043434910782,58.4114778898256,-8.9967132294609));
#10823=CARTESIAN_POINT('Ctrl Pts',(-5.90087744063981,58.4138645511086,-8.99342645623003));
#10824=CARTESIAN_POINT('Ctrl Pts',(-6.02911870596672,59.1018293262604,-8.04587494220586));
#10825=CARTESIAN_POINT('Ctrl Pts',(-6.32274925255241,59.8838698403917,-6.93163557876017));
#10826=CARTESIAN_POINT('Ctrl Pts',(-7.13563614539276,60.903655975289,-5.6415313126428));
#10827=CARTESIAN_POINT('Ctrl Pts',(-7.41235320440819,61.1865710457569,-5.3018997821725));
#10828=CARTESIAN_POINT('Ctrl Pts',(-7.75985942667732,61.4567991678106,-4.99787738887546));
#10829=CARTESIAN_POINT('Ctrl Pts',(-7.77246062339682,61.4665024863022,-4.98698913172091));
#10830=CARTESIAN_POINT('Ctrl Pts',(-7.78514032899485,61.476169754311,-4.97616975431119));
#10831=CARTESIAN_POINT('Origin',(-10.816653826392,57.4999999999999,-1.00000000000001));
#10832=CARTESIAN_POINT('Origin',(-1.77635683940025E-14,59.4999999999999,
0.));
#10833=CARTESIAN_POINT('',(5.89999299621378,58.4090909090908,-9.));
#10834=CARTESIAN_POINT('',(5.89999299621378,58.4090909090908,0.));
#10835=CARTESIAN_POINT('Origin',(-1.77635683940025E-14,59.4999999999999,
-9.));
#10836=CARTESIAN_POINT('Origin',(10.8166538263919,57.4999999999999,0.));
#10837=CARTESIAN_POINT('',(10.8166538263919,62.4999999999999,-6.));
#10838=CARTESIAN_POINT('',(10.8166538263919,62.4999999999999,0.));
#10839=CARTESIAN_POINT('',(7.78514032899483,61.476169754311,-4.97616975431118));
#10840=CARTESIAN_POINT('Origin',(10.8166538263919,57.4999999999999,-0.999999999999994));
#10841=CARTESIAN_POINT('Ctrl Pts',(7.78514032899483,61.476169754311,-4.97616975431118));
#10842=CARTESIAN_POINT('Ctrl Pts',(7.77246062339678,61.4665024863022,-4.98698913172091));
#10843=CARTESIAN_POINT('Ctrl Pts',(7.75985942667727,61.4567991678106,-4.99787738887547));
#10844=CARTESIAN_POINT('Ctrl Pts',(7.41235320440813,61.1865710457569,-5.30189978217253));
#10845=CARTESIAN_POINT('Ctrl Pts',(7.13563614539269,60.9036559752889,-5.64153131264284));
#10846=CARTESIAN_POINT('Ctrl Pts',(6.32274925186137,59.8838698395248,-6.93163557985686));
#10847=CARTESIAN_POINT('Ctrl Pts',(6.02911870570315,59.1018293248455,-8.04587494404968));
#10848=CARTESIAN_POINT('Ctrl Pts',(5.90087744063995,58.4138645511095,-8.99342645623017));
#10849=CARTESIAN_POINT('Ctrl Pts',(5.90043434910793,58.4114778898264,-8.99671322945981));
#10850=CARTESIAN_POINT('Ctrl Pts',(5.89999299621378,58.4090909090908,-9.));
#10851=CARTESIAN_POINT('Origin',(72.3038475772934,62.4999999999999,0.));
#10852=CARTESIAN_POINT('',(66.6833461736081,62.4999999999999,-6.));
#10853=CARTESIAN_POINT('',(66.6833461736081,62.4999999999999,0.));
#10854=CARTESIAN_POINT('',(36.1519237886466,62.4999999999999,-6.));
#10855=CARTESIAN_POINT('Origin',(66.6833461736081,57.4999999999999,0.));
#10856=CARTESIAN_POINT('',(71.6000070037862,58.4090909090908,-9.));
#10857=CARTESIAN_POINT('',(71.6000070037862,58.4090909090908,0.));
#10858=CARTESIAN_POINT('',(69.7148596710052,61.4761697543111,-4.97616975431118));
#10859=CARTESIAN_POINT('Ctrl Pts',(71.6000070037862,58.4090909090908,-9.));
#10860=CARTESIAN_POINT('Ctrl Pts',(71.5995656508917,58.4114778898286,-8.9967132294568));
#10861=CARTESIAN_POINT('Ctrl Pts',(71.5991225593613,58.4138645511026,-8.99342645622903));
#10862=CARTESIAN_POINT('Ctrl Pts',(71.4708812924003,59.1018293350223,-8.04587493079335));
#10863=CARTESIAN_POINT('Ctrl Pts',(71.1772507431716,59.8838698457562,-6.93163557197374));
#10864=CARTESIAN_POINT('Ctrl Pts',(70.3643638546072,60.9036559752891,-5.64153131264267));
#10865=CARTESIAN_POINT('Ctrl Pts',(70.0876467955918,61.186571045757,-5.30189978217241));
#10866=CARTESIAN_POINT('Ctrl Pts',(69.7401405733227,61.4567991678106,-4.99787738887542));
#10867=CARTESIAN_POINT('Ctrl Pts',(69.7275393766032,61.4665024863023,-4.98698913172088));
#10868=CARTESIAN_POINT('Ctrl Pts',(69.7148596710052,61.4761697543111,-4.97616975431118));
#10869=CARTESIAN_POINT('Origin',(66.6833461736081,57.4999999999999,-1.));
#10870=CARTESIAN_POINT('Origin',(77.5,59.4999999999999,0.));
#10871=CARTESIAN_POINT('',(83.3999929962138,58.4090909090908,-9.));
#10872=CARTESIAN_POINT('',(83.3999929962138,58.4090909090908,0.));
#10873=CARTESIAN_POINT('Origin',(77.5,59.4999999999999,-9.));
#10874=CARTESIAN_POINT('Origin',(88.316653826392,57.4999999999999,0.));
#10875=CARTESIAN_POINT('',(88.316653826392,62.4999999999999,-6.));
#10876=CARTESIAN_POINT('',(88.316653826392,62.4999999999999,0.));
#10877=CARTESIAN_POINT('',(85.2851403289949,61.476169754311,-4.97616975431118));
#10878=CARTESIAN_POINT('Origin',(88.316653826392,57.4999999999999,-1.));
#10879=CARTESIAN_POINT('Ctrl Pts',(85.2851403289949,61.4761697543111,-4.97616975431118));
#10880=CARTESIAN_POINT('Ctrl Pts',(85.2724606233969,61.4665024863022,-4.98698913172091));
#10881=CARTESIAN_POINT('Ctrl Pts',(85.2598594266773,61.4567991678106,-4.99787738887547));
#10882=CARTESIAN_POINT('Ctrl Pts',(84.9123532044082,61.1865710457569,-5.30189978217252));
#10883=CARTESIAN_POINT('Ctrl Pts',(84.6356361453928,60.903655975289,-5.64153131264285));
#10884=CARTESIAN_POINT('Ctrl Pts',(83.8227492508181,59.883869838216,-6.93163558151262));
#10885=CARTESIAN_POINT('Ctrl Pts',(83.5291187053048,59.1018293227089,-8.04587494683457));
#10886=CARTESIAN_POINT('Ctrl Pts',(83.40087744064,58.4138645511096,-8.99342645623231));
#10887=CARTESIAN_POINT('Ctrl Pts',(83.4004343491079,58.4114778898259,-8.99671322946056));
#10888=CARTESIAN_POINT('Ctrl Pts',(83.3999929962138,58.4090909090908,-9.));
#10889=CARTESIAN_POINT('Origin',(112.5,62.4999999999999,0.));
#10890=CARTESIAN_POINT('',(107.5,62.4999999999999,-6.));
#10891=CARTESIAN_POINT('',(107.5,62.4999999999999,0.));
#10892=CARTESIAN_POINT('',(56.2499999999999,62.4999999999999,-6.));
#10893=CARTESIAN_POINT('Origin',(107.5,57.4999999999999,0.));
#10894=CARTESIAN_POINT('',(112.5,57.4999999999999,-6.));
#10895=CARTESIAN_POINT('',(112.5,57.4999999999999,0.));
#10896=CARTESIAN_POINT('Origin',(107.5,57.4999999999999,-6.));
#10897=CARTESIAN_POINT('Origin',(112.5,42.6961524227066,0.));
#10898=CARTESIAN_POINT('',(112.5,48.3166538263918,-6.));
#10899=CARTESIAN_POINT('',(112.5,48.3166538263918,0.));
#10900=CARTESIAN_POINT('',(112.5,21.3480762113532,-6.));
#10901=CARTESIAN_POINT('Origin',(107.5,48.3166538263918,0.));
#10902=CARTESIAN_POINT('',(108.409090909091,43.3999929962137,-9.));
#10903=CARTESIAN_POINT('',(108.409090909091,43.3999929962137,0.));
#10904=CARTESIAN_POINT('',(111.476169754311,45.2851403289947,-4.9761697543112));
#10905=CARTESIAN_POINT('Ctrl Pts',(108.409090909091,43.3999929962137,-9.));
#10906=CARTESIAN_POINT('Ctrl Pts',(108.411477889828,43.4004343491081,-8.99671322945811));
#10907=CARTESIAN_POINT('Ctrl Pts',(108.413864551107,43.4008774406394,-8.99342645622994));
#10908=CARTESIAN_POINT('Ctrl Pts',(109.101829328318,43.5291187063503,-8.04587493952886));
#10909=CARTESIAN_POINT('Ctrl Pts',(109.88386984165,43.8227492535552,-6.93163557716858));
#10910=CARTESIAN_POINT('Ctrl Pts',(110.903655975289,44.6356361453926,-5.64153131264283));
#10911=CARTESIAN_POINT('Ctrl Pts',(111.186571045757,44.912353204408,-5.30189978217255));
#10912=CARTESIAN_POINT('Ctrl Pts',(111.456799167811,45.2598594266772,-4.99787738887549));
#10913=CARTESIAN_POINT('Ctrl Pts',(111.466502486302,45.2724606233967,-4.98698913172094));
#10914=CARTESIAN_POINT('Ctrl Pts',(111.476169754311,45.2851403289947,-4.9761697543112));
#10915=CARTESIAN_POINT('Origin',(107.5,48.3166538263918,-0.999999999999976));
#10916=CARTESIAN_POINT('Origin',(109.5,37.4999999999999,0.));
#10917=CARTESIAN_POINT('',(108.409090909091,31.6000070037861,-9.));
#10918=CARTESIAN_POINT('',(108.409090909091,31.6000070037861,0.));
#10919=CARTESIAN_POINT('Origin',(109.5,37.4999999999999,-9.));
#10920=CARTESIAN_POINT('Origin',(107.5,26.683346173608,0.));
#10921=CARTESIAN_POINT('',(112.5,26.683346173608,-6.));
#10922=CARTESIAN_POINT('',(112.5,26.683346173608,0.));
#10923=CARTESIAN_POINT('',(111.476169754311,29.7148596710051,-4.97616975431121));
#10924=CARTESIAN_POINT('Origin',(107.5,26.683346173608,-0.999999999999992));
#10925=CARTESIAN_POINT('Ctrl Pts',(111.476169754311,29.7148596710051,-4.9761697543112));
#10926=CARTESIAN_POINT('Ctrl Pts',(111.466502486302,29.7275393766031,-4.98698913172093));
#10927=CARTESIAN_POINT('Ctrl Pts',(111.456799167811,29.7401405733226,-4.99787738887548));
#10928=CARTESIAN_POINT('Ctrl Pts',(111.186571045757,30.0876467955917,-5.30189978217254));
#10929=CARTESIAN_POINT('Ctrl Pts',(110.903655975289,30.3643638546072,-5.64153131264287));
#10930=CARTESIAN_POINT('Ctrl Pts',(109.883869841637,31.1772507464546,-6.93163557718443));
#10931=CARTESIAN_POINT('Ctrl Pts',(109.101829328298,31.4708812936533,-8.04587493955557));
#10932=CARTESIAN_POINT('Ctrl Pts',(108.413864551106,31.5991225593606,-8.99342645623143));
#10933=CARTESIAN_POINT('Ctrl Pts',(108.411477889829,31.5995656508915,-8.99671322945662));
#10934=CARTESIAN_POINT('Ctrl Pts',(108.409090909091,31.6000070037861,-9.));
#10935=CARTESIAN_POINT('Origin',(112.5,-32.3038475772927,0.));
#10936=CARTESIAN_POINT('',(112.5,-26.6833461736076,-6.));
#10937=CARTESIAN_POINT('',(112.5,-26.6833461736076,0.));
#10938=CARTESIAN_POINT('',(112.5,-16.1519237886465,-6.));
#10939=CARTESIAN_POINT('Origin',(107.5,-26.6833461736076,0.));
#10940=CARTESIAN_POINT('',(108.409090909091,-31.6000070037857,-9.));
#10941=CARTESIAN_POINT('',(108.409090909091,-31.6000070037857,0.));
#10942=CARTESIAN_POINT('',(111.476169754311,-29.7148596710047,-4.97616975431122));
#10943=CARTESIAN_POINT('Ctrl Pts',(108.409090909091,-31.6000070037857,-9.));
#10944=CARTESIAN_POINT('Ctrl Pts',(108.411477889828,-31.5995656508914,-8.99671322945806));
#10945=CARTESIAN_POINT('Ctrl Pts',(108.413864551106,-31.5991225593603,-8.99342645623158));
#10946=CARTESIAN_POINT('Ctrl Pts',(109.101829328306,-31.4708812936516,-8.04587493954412));
#10947=CARTESIAN_POINT('Ctrl Pts',(109.883869841643,-31.1772507464499,-6.9316355771775));
#10948=CARTESIAN_POINT('Ctrl Pts',(110.903655975289,-30.3643638546068,-5.64153131264292));
#10949=CARTESIAN_POINT('Ctrl Pts',(111.186571045757,-30.0876467955914,-5.30189978217259));
#10950=CARTESIAN_POINT('Ctrl Pts',(111.456799167811,-29.7401405733222,-4.99787738887551));
#10951=CARTESIAN_POINT('Ctrl Pts',(111.466502486302,-29.7275393766027,-4.98698913172095));
#10952=CARTESIAN_POINT('Ctrl Pts',(111.476169754311,-29.7148596710047,-4.97616975431122));
#10953=CARTESIAN_POINT('Origin',(107.5,-26.6833461736076,-0.999999999999982));
#10954=CARTESIAN_POINT('Origin',(10.8166538263322,-60.5000000000001,-54.));
#10955=CARTESIAN_POINT('',(66.6833461736678,-60.5000000000001,-54.));
#10956=CARTESIAN_POINT('',(10.8166538263322,-60.5000000000001,-54.));
#10957=CARTESIAN_POINT('Origin',(10.8166538263919,-57.5000000000001,-54.));
#10958=CARTESIAN_POINT('',(7.86665732828496,-58.0454545454546,-54.));
#10959=CARTESIAN_POINT('Origin',(-1.52100554373646E-13,-59.4999999999999,
-54.));
#10960=CARTESIAN_POINT('',(-7.86665732828526,-58.0454545454546,-54.));
#10961=CARTESIAN_POINT('Origin',(-10.8166538263922,-57.5000000000001,-54.));
#10962=CARTESIAN_POINT('',(-10.8166538263322,-60.5000000000002,-54.));
#10963=CARTESIAN_POINT('Origin',(-66.6833461736678,-60.5000000000002,-54.));
#10964=CARTESIAN_POINT('',(-66.6833461736678,-60.5000000000002,-54.));
#10965=CARTESIAN_POINT('Origin',(-66.6833461736082,-57.5000000000002,-54.));
#10966=CARTESIAN_POINT('',(-69.6333426717151,-58.0454545454546,-54.));
#10967=CARTESIAN_POINT('Origin',(-77.5000000000002,-59.4999999999997,-54.));
#10968=CARTESIAN_POINT('',(-85.3666573282854,-58.0454545454546,-54.));
#10969=CARTESIAN_POINT('Origin',(-88.3166538263923,-57.5000000000002,-54.));
#10970=CARTESIAN_POINT('',(-88.3166538263322,-60.5000000000002,-54.));
#10971=CARTESIAN_POINT('Origin',(-107.5,-60.5000000000002,-54.));
#10972=CARTESIAN_POINT('',(-107.5,-60.5000000000002,-54.));
#10973=CARTESIAN_POINT('Origin',(-107.5,-57.5000000000002,-54.));
#10974=CARTESIAN_POINT('',(-110.5,-57.5,-54.));
#10975=CARTESIAN_POINT('Origin',(-110.5,-48.3166538263322,-54.));
#10976=CARTESIAN_POINT('',(-110.5,-48.3166538263322,-54.));
#10977=CARTESIAN_POINT('Origin',(-107.5,-48.3166538263915,-54.));
#10978=CARTESIAN_POINT('',(-108.045454545455,-45.3666573282846,-54.));
#10979=CARTESIAN_POINT('Origin',(-109.5,-37.4999999999996,-54.));
#10980=CARTESIAN_POINT('',(-108.045454545455,-29.6333426717145,-54.));
#10981=CARTESIAN_POINT('Origin',(-107.5,-26.6833461736076,-54.));
#10982=CARTESIAN_POINT('',(-110.5,-26.6833461736678,-54.));
#10983=CARTESIAN_POINT('Origin',(-110.5,26.6833461736678,-54.));
#10984=CARTESIAN_POINT('',(-110.5,26.6833461736678,-54.));
#10985=CARTESIAN_POINT('Origin',(-107.5,26.6833461736079,-54.));
#10986=CARTESIAN_POINT('',(-108.045454545455,29.6333426717148,-54.));
#10987=CARTESIAN_POINT('Origin',(-109.5,37.4999999999998,-54.));
#10988=CARTESIAN_POINT('',(-108.045454545455,45.3666573282849,-54.));
#10989=CARTESIAN_POINT('Origin',(-107.5,48.3166538263918,-54.));
#10990=CARTESIAN_POINT('',(-110.5,48.3166538263322,-54.));
#10991=CARTESIAN_POINT('Origin',(-110.5,57.5,-54.));
#10992=CARTESIAN_POINT('',(-110.5,57.5,-54.));
#10993=CARTESIAN_POINT('Origin',(-107.5,57.4999999999998,-54.));
#10994=CARTESIAN_POINT('',(-107.5,60.4999999999998,-54.));
#10995=CARTESIAN_POINT('Origin',(-88.3166538263322,60.4999999999998,-54.));
#10996=CARTESIAN_POINT('',(-88.3166538263322,60.4999999999998,-54.));
#10997=CARTESIAN_POINT('Origin',(-88.316653826392,57.4999999999998,-54.));
#10998=CARTESIAN_POINT('',(-85.3666573282852,58.0454545454544,-54.));
#10999=CARTESIAN_POINT('Origin',(-77.5000000000001,59.4999999999999,-54.));
#11000=CARTESIAN_POINT('',(-69.633342671715,58.0454545454544,-54.));
#11001=CARTESIAN_POINT('Origin',(-66.6833461736081,57.4999999999998,-54.));
#11002=CARTESIAN_POINT('',(-66.6833461736678,60.4999999999998,-54.));
#11003=CARTESIAN_POINT('Origin',(-10.8166538263322,60.4999999999998,-54.));
#11004=CARTESIAN_POINT('',(-10.8166538263322,60.4999999999998,-54.));
#11005=CARTESIAN_POINT('Origin',(-10.816653826392,57.4999999999999,-54.));
#11006=CARTESIAN_POINT('',(-7.86665732828509,58.0454545454544,-54.));
#11007=CARTESIAN_POINT('Origin',(-1.77635683940025E-14,59.4999999999999,
-54.));
#11008=CARTESIAN_POINT('',(7.86665732828505,58.0454545454544,-54.));
#11009=CARTESIAN_POINT('Origin',(10.8166538263919,57.4999999999999,-54.));
#11010=CARTESIAN_POINT('',(10.8166538263322,60.4999999999999,-54.));
#11011=CARTESIAN_POINT('Origin',(66.6833461736678,60.4999999999999,-54.));
#11012=CARTESIAN_POINT('',(66.6833461736678,60.4999999999999,-54.));
#11013=CARTESIAN_POINT('Origin',(66.6833461736081,57.4999999999999,-54.));
#11014=CARTESIAN_POINT('',(69.633342671715,58.0454545454544,-54.));
#11015=CARTESIAN_POINT('Origin',(77.5,59.4999999999999,-54.));
#11016=CARTESIAN_POINT('',(85.3666573282851,58.0454545454544,-54.));
#11017=CARTESIAN_POINT('Origin',(88.316653826392,57.4999999999999,-54.));
#11018=CARTESIAN_POINT('',(88.3166538263322,60.4999999999999,-54.));
#11019=CARTESIAN_POINT('Origin',(107.5,60.4999999999999,-54.));
#11020=CARTESIAN_POINT('',(107.5,60.4999999999999,-54.));
#11021=CARTESIAN_POINT('Origin',(107.5,57.4999999999999,-54.));
#11022=CARTESIAN_POINT('',(110.5,57.5,-54.));
#11023=CARTESIAN_POINT('Origin',(110.5,48.3166538263322,-54.));
#11024=CARTESIAN_POINT('',(110.5,48.3166538263322,-54.));
#11025=CARTESIAN_POINT('Origin',(107.5,48.3166538263918,-54.));
#11026=CARTESIAN_POINT('',(108.045454545454,45.366657328285,-54.));
#11027=CARTESIAN_POINT('Origin',(109.5,37.4999999999999,-54.));
#11028=CARTESIAN_POINT('',(108.045454545454,29.6333426717148,-54.));
#11029=CARTESIAN_POINT('Origin',(107.5,26.683346173608,-54.));
#11030=CARTESIAN_POINT('',(110.5,26.6833461736678,-54.));
#11031=CARTESIAN_POINT('Origin',(110.5,-26.6833461736678,-54.));
#11032=CARTESIAN_POINT('',(110.5,-26.6833461736678,-54.));
#11033=CARTESIAN_POINT('Origin',(107.5,-26.6833461736076,-54.));
#11034=CARTESIAN_POINT('',(108.045454545454,-29.6333426717145,-54.));
#11035=CARTESIAN_POINT('Origin',(109.5,-37.4999999999995,-54.));
#11036=CARTESIAN_POINT('',(108.045454545454,-45.3666573282846,-54.));
#11037=CARTESIAN_POINT('Origin',(107.5,-48.3166538263914,-54.));
#11038=CARTESIAN_POINT('',(110.5,-48.3166538263322,-54.));
#11039=CARTESIAN_POINT('Origin',(110.5,-57.5,-54.));
#11040=CARTESIAN_POINT('',(110.5,-57.5,-54.));
#11041=CARTESIAN_POINT('Origin',(107.5,-57.5000000000001,-54.));
#11042=CARTESIAN_POINT('',(107.5,-60.5000000000001,-54.));
#11043=CARTESIAN_POINT('Origin',(88.3166538263322,-60.5000000000001,-54.));
#11044=CARTESIAN_POINT('',(88.3166538263322,-60.5000000000001,-54.));
#11045=CARTESIAN_POINT('Origin',(88.3166538263923,-57.5000000000001,-54.));
#11046=CARTESIAN_POINT('',(85.3666573282854,-58.0454545454545,-54.));
#11047=CARTESIAN_POINT('Origin',(77.5000000000003,-59.4999999999996,-54.));
#11048=CARTESIAN_POINT('',(69.6333426717151,-58.0454545454545,-54.));
#11049=CARTESIAN_POINT('Origin',(66.6833461736082,-57.5000000000001,-54.));
#11050=CARTESIAN_POINT('Origin',(107.5,-57.5000000000001,0.));
#11051=CARTESIAN_POINT('',(107.5,-62.5000000000001,-6.));
#11052=CARTESIAN_POINT('',(107.5,-62.5000000000001,0.));
#11053=CARTESIAN_POINT('',(112.5,-57.5000000000001,-6.));
#11054=CARTESIAN_POINT('Origin',(107.5,-57.5000000000001,-6.));
#11055=CARTESIAN_POINT('',(112.5,-57.5000000000001,0.));
#11056=CARTESIAN_POINT('Origin',(82.6961524227066,-62.5000000000001,0.));
#11057=CARTESIAN_POINT('',(88.3166538263923,-62.5000000000001,-6.));
#11058=CARTESIAN_POINT('',(88.3166538263923,-62.5000000000001,0.));
#11059=CARTESIAN_POINT('',(41.3480762113533,-62.5000000000001,-6.));
#11060=CARTESIAN_POINT('Origin',(88.3166538263923,-57.5000000000001,0.));
#11061=CARTESIAN_POINT('',(83.3999929962141,-58.4090909090908,-9.));
#11062=CARTESIAN_POINT('',(83.3999929962141,-58.4090909090908,0.));
#11063=CARTESIAN_POINT('',(85.2851403289951,-61.4761697543112,-4.97616975431111));
#11064=CARTESIAN_POINT('Ctrl Pts',(83.3999929962141,-58.4090909090908,-9.));
#11065=CARTESIAN_POINT('Ctrl Pts',(83.4004343491089,-58.41147788983,-8.99671322945496));
#11066=CARTESIAN_POINT('Ctrl Pts',(83.4008774406394,-58.4138645511049,-8.9934264562378));
#11067=CARTESIAN_POINT('Ctrl Pts',(83.5291187055039,-59.1018293237765,-8.04587494544293));
#11068=CARTESIAN_POINT('Ctrl Pts',(83.8227492513399,-59.8838698388704,-6.93163558068472));
#11069=CARTESIAN_POINT('Ctrl Pts',(84.6356361453931,-60.9036559752893,-5.64153131264256));
#11070=CARTESIAN_POINT('Ctrl Pts',(84.9123532044085,-61.1865710457572,-5.30189978217231));
#11071=CARTESIAN_POINT('Ctrl Pts',(85.2598594266776,-61.4567991678108,-4.99787738887534));
#11072=CARTESIAN_POINT('Ctrl Pts',(85.2724606233971,-61.4665024863025,-4.9869891317208));
#11073=CARTESIAN_POINT('Ctrl Pts',(85.2851403289951,-61.4761697543112,-4.9761697543111));
#11074=CARTESIAN_POINT('Origin',(88.3166538263923,-57.5000000000001,-1.00000000000001));
#11075=CARTESIAN_POINT('Origin',(77.5000000000003,-59.4999999999996,0.));
#11076=CARTESIAN_POINT('',(71.6000070037864,-58.4090909090908,-9.));
#11077=CARTESIAN_POINT('',(71.6000070037864,-58.4090909090908,0.));
#11078=CARTESIAN_POINT('Origin',(77.5000000000003,-59.4999999999996,-9.));
#11079=CARTESIAN_POINT('Origin',(66.6833461736082,-57.5000000000001,0.));
#11080=CARTESIAN_POINT('',(66.6833461736082,-62.5000000000001,-6.));
#11081=CARTESIAN_POINT('',(66.6833461736082,-62.5000000000001,0.));
#11082=CARTESIAN_POINT('',(69.7148596710054,-61.4761697543112,-4.9761697543111));
#11083=CARTESIAN_POINT('Origin',(66.6833461736082,-57.5000000000001,-1.));
#11084=CARTESIAN_POINT('Ctrl Pts',(69.7148596710054,-61.4761697543112,-4.9761697543111));
#11085=CARTESIAN_POINT('Ctrl Pts',(69.7275393766034,-61.4665024863024,-4.98698913172081));
#11086=CARTESIAN_POINT('Ctrl Pts',(69.7401405733229,-61.4567991678108,-4.99787738887533));
#11087=CARTESIAN_POINT('Ctrl Pts',(70.087646795592,-61.1865710457572,-5.30189978217229));
#11088=CARTESIAN_POINT('Ctrl Pts',(70.3643638546073,-60.9036559752893,-5.64153131264252));
#11089=CARTESIAN_POINT('Ctrl Pts',(71.1772507459051,-59.8838698423273,-6.93163557631152));
#11090=CARTESIAN_POINT('Ctrl Pts',(71.4708812934442,-59.1018293294212,-8.04587493808795));
#11091=CARTESIAN_POINT('Ctrl Pts',(71.5991225593609,-58.4138645511061,-8.99342645623021));
#11092=CARTESIAN_POINT('Ctrl Pts',(71.5995656508919,-58.4114778898285,-8.99671322945693));
#11093=CARTESIAN_POINT('Ctrl Pts',(71.6000070037864,-58.4090909090908,-9.));
#11094=CARTESIAN_POINT('Origin',(5.19615242270632,-62.5000000000001,0.));
#11095=CARTESIAN_POINT('',(10.8166538263919,-62.5000000000001,-6.));
#11096=CARTESIAN_POINT('',(10.8166538263919,-62.5000000000001,0.));
#11097=CARTESIAN_POINT('',(2.59807621135312,-62.5000000000001,-6.));
#11098=CARTESIAN_POINT('Origin',(10.8166538263919,-57.5000000000001,0.));
#11099=CARTESIAN_POINT('',(5.89999299621368,-58.4090909090909,-9.));
#11100=CARTESIAN_POINT('',(5.89999299621368,-58.4090909090909,0.));
#11101=CARTESIAN_POINT('',(7.78514032899468,-61.4761697543113,-4.97616975431114));
#11102=CARTESIAN_POINT('Ctrl Pts',(5.89999299621368,-58.4090909090909,-9.));
#11103=CARTESIAN_POINT('Ctrl Pts',(5.90043434910781,-58.4114778898265,-8.99671322945988));
#11104=CARTESIAN_POINT('Ctrl Pts',(5.90087744063978,-58.4138645511094,-8.99342645623063));
#11105=CARTESIAN_POINT('Ctrl Pts',(6.02911870570468,-59.1018293248548,-8.04587494403693));
#11106=CARTESIAN_POINT('Ctrl Pts',(6.32274925186606,-59.8838698395311,-6.93163557984904));
#11107=CARTESIAN_POINT('Ctrl Pts',(7.13563614539272,-60.9036559752894,-5.64153131264258));
#11108=CARTESIAN_POINT('Ctrl Pts',(7.41235320440812,-61.1865710457573,-5.30189978217235));
#11109=CARTESIAN_POINT('Ctrl Pts',(7.75985942667718,-61.4567991678109,-4.99787738887538));
#11110=CARTESIAN_POINT('Ctrl Pts',(7.77246062339666,-61.4665024863025,-4.98698913172085));
#11111=CARTESIAN_POINT('Ctrl Pts',(7.78514032899468,-61.4761697543113,-4.97616975431114));
#11112=CARTESIAN_POINT('Origin',(10.8166538263919,-57.5000000000001,-1.00000000000001));
#11113=CARTESIAN_POINT('Origin',(-1.52100554373646E-13,-59.4999999999999,
0.));
#11114=CARTESIAN_POINT('',(-5.89999299621398,-58.4090909090909,-9.));
#11115=CARTESIAN_POINT('',(-5.89999299621398,-58.4090909090909,0.));
#11116=CARTESIAN_POINT('Origin',(-1.52100554373646E-13,-59.4999999999999,
-9.));
#11117=CARTESIAN_POINT('Origin',(-10.8166538263922,-57.5000000000001,0.));
#11118=CARTESIAN_POINT('',(-10.8166538263922,-62.5000000000001,-6.));
#11119=CARTESIAN_POINT('',(-10.8166538263922,-62.5000000000002,0.));
#11120=CARTESIAN_POINT('',(-7.78514032899499,-61.4761697543113,-4.97616975431113));
#11121=CARTESIAN_POINT('Origin',(-10.8166538263922,-57.5000000000001,-0.999999999999994));
#11122=CARTESIAN_POINT('Ctrl Pts',(-7.78514032899499,-61.4761697543113,
-4.97616975431113));
#11123=CARTESIAN_POINT('Ctrl Pts',(-7.77246062339698,-61.4665024863025,
-4.98698913172084));
#11124=CARTESIAN_POINT('Ctrl Pts',(-7.75985942667749,-61.4567991678109,
-4.99787738887538));
#11125=CARTESIAN_POINT('Ctrl Pts',(-7.41235320440842,-61.1865710457573,
-5.30189978217235));
#11126=CARTESIAN_POINT('Ctrl Pts',(-7.13563614539302,-60.9036559752894,
-5.64153131264258));
#11127=CARTESIAN_POINT('Ctrl Pts',(-6.32274925374708,-59.8838698418906,
-6.9316355768642));
#11128=CARTESIAN_POINT('Ctrl Pts',(-6.02911870642313,-59.101829328708,-8.04587493901738));
#11129=CARTESIAN_POINT('Ctrl Pts',(-5.90087744063964,-58.4138645511069,
-8.99342645622999));
#11130=CARTESIAN_POINT('Ctrl Pts',(-5.90043434910833,-58.4114778898276,
-8.9967132294583));
#11131=CARTESIAN_POINT('Ctrl Pts',(-5.89999299621398,-58.4090909090909,
-9.));
#11132=CARTESIAN_POINT('Origin',(-72.3038475772939,-62.5000000000002,0.));
#11133=CARTESIAN_POINT('',(-66.6833461736082,-62.5000000000002,-6.));
#11134=CARTESIAN_POINT('',(-66.6833461736082,-62.5000000000002,0.));
#11135=CARTESIAN_POINT('',(-36.151923788647,-62.5000000000002,-6.));
#11136=CARTESIAN_POINT('Origin',(-66.6833461736082,-57.5000000000002,0.));
#11137=CARTESIAN_POINT('',(-71.6000070037864,-58.4090909090909,-9.));
#11138=CARTESIAN_POINT('',(-71.6000070037864,-58.4090909090909,0.));
#11139=CARTESIAN_POINT('',(-69.7148596710054,-61.4761697543113,-4.9761697543111));
#11140=CARTESIAN_POINT('Ctrl Pts',(-71.6000070037863,-58.4090909090909,
-9.));
#11141=CARTESIAN_POINT('Ctrl Pts',(-71.5995656508914,-58.411477889831,-8.99671322945362));
#11142=CARTESIAN_POINT('Ctrl Pts',(-71.5991225593607,-58.413864551107,-8.99342645623012));
#11143=CARTESIAN_POINT('Ctrl Pts',(-71.4708812936428,-59.1018293283534,
-8.04587493948002));
#11144=CARTESIAN_POINT('Ctrl Pts',(-71.177250746427,-59.8838698416726,-6.93163557713976));
#11145=CARTESIAN_POINT('Ctrl Pts',(-70.3643638546072,-60.9036559752895,
-5.64153131264236));
#11146=CARTESIAN_POINT('Ctrl Pts',(-70.0876467955918,-61.1865710457574,
-5.30189978217217));
#11147=CARTESIAN_POINT('Ctrl Pts',(-69.7401405733228,-61.4567991678109,
-4.99787738887528));
#11148=CARTESIAN_POINT('Ctrl Pts',(-69.7275393766034,-61.4665024863025,
-4.98698913172079));
#11149=CARTESIAN_POINT('Ctrl Pts',(-69.7148596710054,-61.4761697543113,
-4.97616975431111));
#11150=CARTESIAN_POINT('Origin',(-66.6833461736082,-57.5000000000002,-1.));
#11151=CARTESIAN_POINT('Origin',(-77.5000000000002,-59.4999999999997,0.));
#11152=CARTESIAN_POINT('',(-83.3999929962141,-58.4090909090909,-9.));
#11153=CARTESIAN_POINT('',(-83.3999929962141,-58.4090909090909,0.));
#11154=CARTESIAN_POINT('Origin',(-77.5000000000002,-59.4999999999997,-9.));
#11155=CARTESIAN_POINT('Origin',(-88.3166538263923,-57.5000000000002,0.));
#11156=CARTESIAN_POINT('',(-88.3166538263923,-62.5000000000002,-6.));
#11157=CARTESIAN_POINT('',(-88.3166538263923,-62.5000000000002,0.));
#11158=CARTESIAN_POINT('',(-85.2851403289951,-61.4761697543113,-4.9761697543111));
#11159=CARTESIAN_POINT('Origin',(-88.3166538263923,-57.5000000000002,-1.));
#11160=CARTESIAN_POINT('Ctrl Pts',(-85.2851403289951,-61.4761697543113,
-4.9761697543111));
#11161=CARTESIAN_POINT('Ctrl Pts',(-85.2724606233971,-61.4665024863025,
-4.9869891317208));
#11162=CARTESIAN_POINT('Ctrl Pts',(-85.2598594266776,-61.4567991678109,
-4.99787738887532));
#11163=CARTESIAN_POINT('Ctrl Pts',(-84.9123532044086,-61.1865710457573,
-5.30189978217223));
#11164=CARTESIAN_POINT('Ctrl Pts',(-84.6356361453932,-60.9036559752895,
-5.64153131264239));
#11165=CARTESIAN_POINT('Ctrl Pts',(-83.8227492568082,-59.8838698457307,
-6.93163557200601));
#11166=CARTESIAN_POINT('Ctrl Pts',(-83.529118707593,-59.1018293349832,-8.04587493084717));
#11167=CARTESIAN_POINT('Ctrl Pts',(-83.4008774406391,-58.4138645511036,
-8.99342645622779));
#11168=CARTESIAN_POINT('Ctrl Pts',(-83.4004343491089,-58.4114778898303,
-8.99671322945454));
#11169=CARTESIAN_POINT('Ctrl Pts',(-83.3999929962141,-58.4090909090909,
-9.));
#11170=CARTESIAN_POINT('Origin',(-112.5,-62.5000000000002,0.));
#11171=CARTESIAN_POINT('',(-107.5,-62.5000000000002,-6.));
#11172=CARTESIAN_POINT('',(-107.5,-62.5000000000002,0.));
#11173=CARTESIAN_POINT('',(-56.25,-62.5000000000002,-6.));
#11174=CARTESIAN_POINT('Origin',(-107.5,-57.5000000000002,0.));
#11175=CARTESIAN_POINT('',(-112.5,-57.5000000000002,-6.));
#11176=CARTESIAN_POINT('',(-112.5,-57.5000000000002,0.));
#11177=CARTESIAN_POINT('Origin',(-107.5,-57.5000000000002,-6.));
#11178=CARTESIAN_POINT('Origin',(-112.5,-42.6961524227063,0.));
#11179=CARTESIAN_POINT('',(-112.5,-48.3166538263915,-6.));
#11180=CARTESIAN_POINT('',(-112.5,-48.3166538263915,0.));
#11181=CARTESIAN_POINT('',(-112.5,-21.3480762113533,-6.));
#11182=CARTESIAN_POINT('Origin',(-107.5,-48.3166538263915,0.));
#11183=CARTESIAN_POINT('',(-108.409090909091,-43.3999929962134,-9.));
#11184=CARTESIAN_POINT('',(-108.409090909091,-43.3999929962134,0.));
#11185=CARTESIAN_POINT('',(-111.476169754311,-45.2851403289944,-4.97616975431119));
#11186=CARTESIAN_POINT('Ctrl Pts',(-108.409090909091,-43.3999929962134,
-9.));
#11187=CARTESIAN_POINT('Ctrl Pts',(-108.411477889828,-43.4004343491078,
-8.99671322945812));
#11188=CARTESIAN_POINT('Ctrl Pts',(-108.413864551107,-43.4008774406391,
-8.99342645622993));
#11189=CARTESIAN_POINT('Ctrl Pts',(-109.10182932832,-43.5291187063503,-8.04587493952713));
#11190=CARTESIAN_POINT('Ctrl Pts',(-109.883869841651,-43.8227492535555,
-6.93163557716746));
#11191=CARTESIAN_POINT('Ctrl Pts',(-110.903655975289,-44.6356361453924,
-5.64153131264277));
#11192=CARTESIAN_POINT('Ctrl Pts',(-111.186571045757,-44.9123532044078,
-5.3018997821725));
#11193=CARTESIAN_POINT('Ctrl Pts',(-111.456799167811,-45.2598594266769,
-4.99787738887546));
#11194=CARTESIAN_POINT('Ctrl Pts',(-111.466502486302,-45.2724606233964,
-4.98698913172092));
#11195=CARTESIAN_POINT('Ctrl Pts',(-111.476169754311,-45.2851403289944,
-4.97616975431119));
#11196=CARTESIAN_POINT('Origin',(-107.5,-48.3166538263915,-0.999999999999975));
#11197=CARTESIAN_POINT('Origin',(-109.5,-37.4999999999996,0.));
#11198=CARTESIAN_POINT('',(-108.409090909091,-31.6000070037858,-9.));
#11199=CARTESIAN_POINT('',(-108.409090909091,-31.6000070037858,0.));
#11200=CARTESIAN_POINT('Origin',(-109.5,-37.4999999999996,-9.));
#11201=CARTESIAN_POINT('Origin',(-107.5,-26.6833461736076,0.));
#11202=CARTESIAN_POINT('',(-112.5,-26.6833461736076,-6.));
#11203=CARTESIAN_POINT('',(-112.5,-26.6833461736076,0.));
#11204=CARTESIAN_POINT('',(-111.476169754311,-29.7148596710047,-4.97616975431119));
#11205=CARTESIAN_POINT('Origin',(-107.5,-26.6833461736076,-0.999999999999999));
#11206=CARTESIAN_POINT('Ctrl Pts',(-111.476169754311,-29.7148596710047,
-4.97616975431119));
#11207=CARTESIAN_POINT('Ctrl Pts',(-111.466502486302,-29.7275393766028,
-4.98698913172093));
#11208=CARTESIAN_POINT('Ctrl Pts',(-111.456799167811,-29.7401405733223,
-4.99787738887549));
#11209=CARTESIAN_POINT('Ctrl Pts',(-111.186571045757,-30.0876467955915,
-5.30189978217257));
#11210=CARTESIAN_POINT('Ctrl Pts',(-110.903655975289,-30.3643638546069,
-5.64153131264288));
#11211=CARTESIAN_POINT('Ctrl Pts',(-109.883869839971,-31.1772507477828,
-6.93163557929278));
#11212=CARTESIAN_POINT('Ctrl Pts',(-109.101829325573,-31.4708812941608,
-8.04587494310065));
#11213=CARTESIAN_POINT('Ctrl Pts',(-108.41386455111,-31.5991225593596,-8.99342645622894));
#11214=CARTESIAN_POINT('Ctrl Pts',(-108.411477889827,-31.5995656508916,
-8.99671322945937));
#11215=CARTESIAN_POINT('Ctrl Pts',(-108.409090909091,-31.6000070037858,
-9.));
#11216=CARTESIAN_POINT('Origin',(-112.5,32.3038475772932,0.));
#11217=CARTESIAN_POINT('',(-112.5,26.6833461736079,-6.));
#11218=CARTESIAN_POINT('',(-112.5,26.6833461736079,0.));
#11219=CARTESIAN_POINT('',(-112.5,16.1519237886465,-6.));
#11220=CARTESIAN_POINT('Origin',(-107.5,26.6833461736079,0.));
#11221=CARTESIAN_POINT('',(-111.476169754311,29.714859671005,-4.97616975431118));
#11222=CARTESIAN_POINT('Ctrl Pts',(-108.409090909091,31.600007003786,-9.));
#11223=CARTESIAN_POINT('Ctrl Pts',(-108.411477889825,31.5995656508923,-8.99671322946261));
#11224=CARTESIAN_POINT('Ctrl Pts',(-108.413864551111,31.5991225593596,-8.99342645623027));
#11225=CARTESIAN_POINT('Ctrl Pts',(-109.1018293227,31.4708812946967,-8.04587494684638));
#11226=CARTESIAN_POINT('Ctrl Pts',(-109.883869838211,31.1772507491862,-6.93163558151963));
#11227=CARTESIAN_POINT('Ctrl Pts',(-110.903655975289,30.3643638546071,-5.6415313126428));
#11228=CARTESIAN_POINT('Ctrl Pts',(-111.186571045757,30.0876467955917,-5.3018997821725));
#11229=CARTESIAN_POINT('Ctrl Pts',(-111.456799167811,29.7401405733225,-4.99787738887546));
#11230=CARTESIAN_POINT('Ctrl Pts',(-111.466502486302,29.727539376603,-4.9869891317209));
#11231=CARTESIAN_POINT('Ctrl Pts',(-111.476169754311,29.714859671005,-4.97616975431117));
#11232=CARTESIAN_POINT('Origin',(-107.5,26.6833461736079,-1.00000000000001));
#11233=CARTESIAN_POINT('Origin',(109.5,-37.4999999999995,-43.5));
#11234=CARTESIAN_POINT('',(112.5,-37.4999999999995,-44.));
#11235=CARTESIAN_POINT('Origin',(109.5,-37.4999999999995,-44.));
#11236=CARTESIAN_POINT('',(113.5,-37.4999999999995,-43.));
#11237=CARTESIAN_POINT('',(113.,-37.4999999999995,-43.5));
#11238=CARTESIAN_POINT('',(105.5,-37.4999999999995,-43.));
#11239=CARTESIAN_POINT('Origin',(109.5,-37.4999999999995,-43.));
#11240=CARTESIAN_POINT('Origin',(109.5,-37.4999999999995,-43.));
#11241=CARTESIAN_POINT('Origin',(109.5,-37.4999999999995,-44.));
#11242=CARTESIAN_POINT('',(107.25,-37.4999999999995,-44.));
#11243=CARTESIAN_POINT('Origin',(109.5,-37.4999999999995,-44.));
#11244=CARTESIAN_POINT('Origin',(109.5,-37.4999999999995,-22.));
#11245=CARTESIAN_POINT('',(105.5,-37.4999999999995,0.));
#11246=CARTESIAN_POINT('Origin',(109.5,-37.4999999999995,0.));
#11247=CARTESIAN_POINT('',(105.5,-37.4999999999995,-22.));
#11248=CARTESIAN_POINT('Origin',(77.5000000000003,-59.4999999999996,-43.5));
#11249=CARTESIAN_POINT('',(80.5000000000003,-59.4999999999996,-44.));
#11250=CARTESIAN_POINT('Origin',(77.5000000000003,-59.4999999999996,-44.));
#11251=CARTESIAN_POINT('',(81.5000000000003,-59.4999999999996,-43.));
#11252=CARTESIAN_POINT('',(81.0000000000002,-59.4999999999996,-43.5));
#11253=CARTESIAN_POINT('',(73.5000000000002,-59.4999999999996,-43.));
#11254=CARTESIAN_POINT('Origin',(77.5000000000003,-59.4999999999996,-43.));
#11255=CARTESIAN_POINT('Origin',(77.5000000000003,-59.4999999999996,-43.));
#11256=CARTESIAN_POINT('Origin',(77.5000000000003,-59.4999999999996,-44.));
#11257=CARTESIAN_POINT('',(75.2500000000003,-59.4999999999996,-44.));
#11258=CARTESIAN_POINT('Origin',(77.5000000000003,-59.4999999999996,-44.));
#11259=CARTESIAN_POINT('Origin',(77.5000000000003,-59.4999999999996,-22.));
#11260=CARTESIAN_POINT('',(73.5000000000002,-59.4999999999996,0.));
#11261=CARTESIAN_POINT('Origin',(77.5000000000003,-59.4999999999996,0.));
#11262=CARTESIAN_POINT('',(73.5000000000002,-59.4999999999996,-22.));
#11263=CARTESIAN_POINT('Origin',(-1.52100554373646E-13,-59.4999999999999,
-43.5));
#11264=CARTESIAN_POINT('',(2.99999999999985,-59.4999999999999,-44.));
#11265=CARTESIAN_POINT('Origin',(-1.52100554373646E-13,-59.4999999999999,
-44.));
#11266=CARTESIAN_POINT('',(3.99999999999985,-59.4999999999999,-43.));
#11267=CARTESIAN_POINT('',(3.49999999999985,-59.4999999999999,-43.5));
#11268=CARTESIAN_POINT('',(-4.00000000000015,-59.4999999999999,-43.));
#11269=CARTESIAN_POINT('Origin',(-1.52100554373646E-13,-59.4999999999999,
-43.));
#11270=CARTESIAN_POINT('Origin',(-1.52100554373646E-13,-59.4999999999999,
-43.));
#11271=CARTESIAN_POINT('Origin',(-1.52100554373646E-13,-59.4999999999999,
-44.));
#11272=CARTESIAN_POINT('',(-2.25000000000015,-59.4999999999999,-44.));
#11273=CARTESIAN_POINT('Origin',(-1.52100554373646E-13,-59.4999999999999,
-44.));
#11274=CARTESIAN_POINT('Origin',(-1.52100554373646E-13,-59.4999999999999,
-22.));
#11275=CARTESIAN_POINT('',(-4.00000000000015,-59.4999999999999,0.));
#11276=CARTESIAN_POINT('Origin',(-1.52100554373646E-13,-59.4999999999999,
0.));
#11277=CARTESIAN_POINT('',(-4.00000000000015,-59.4999999999999,-22.));
#11278=CARTESIAN_POINT('Origin',(-77.5000000000002,-59.4999999999997,-43.5));
#11279=CARTESIAN_POINT('',(-74.5000000000002,-59.4999999999997,-44.));
#11280=CARTESIAN_POINT('Origin',(-77.5000000000002,-59.4999999999997,-44.));
#11281=CARTESIAN_POINT('',(-73.5000000000002,-59.4999999999997,-43.));
#11282=CARTESIAN_POINT('',(-74.0000000000002,-59.4999999999997,-43.5));
#11283=CARTESIAN_POINT('',(-81.5000000000002,-59.4999999999997,-43.));
#11284=CARTESIAN_POINT('Origin',(-77.5000000000002,-59.4999999999997,-43.));
#11285=CARTESIAN_POINT('Origin',(-77.5000000000002,-59.4999999999997,-43.));
#11286=CARTESIAN_POINT('Origin',(-77.5000000000002,-59.4999999999997,-44.));
#11287=CARTESIAN_POINT('',(-79.7500000000002,-59.4999999999997,-44.));
#11288=CARTESIAN_POINT('Origin',(-77.5000000000002,-59.4999999999997,-44.));
#11289=CARTESIAN_POINT('Origin',(-77.5000000000002,-59.4999999999997,-22.));
#11290=CARTESIAN_POINT('',(-81.5000000000002,-59.4999999999997,0.));
#11291=CARTESIAN_POINT('Origin',(-77.5000000000002,-59.4999999999997,0.));
#11292=CARTESIAN_POINT('',(-81.5000000000002,-59.4999999999997,-22.));
#11293=CARTESIAN_POINT('Origin',(-109.5,-37.4999999999996,-43.5));
#11294=CARTESIAN_POINT('',(-106.5,-37.4999999999996,-44.));
#11295=CARTESIAN_POINT('Origin',(-109.5,-37.4999999999996,-44.));
#11296=CARTESIAN_POINT('',(-105.5,-37.4999999999996,-43.));
#11297=CARTESIAN_POINT('',(-106.,-37.4999999999996,-43.5));
#11298=CARTESIAN_POINT('',(-113.5,-37.4999999999996,-43.));
#11299=CARTESIAN_POINT('Origin',(-109.5,-37.4999999999996,-43.));
#11300=CARTESIAN_POINT('Origin',(-109.5,-37.4999999999996,-43.));
#11301=CARTESIAN_POINT('Origin',(-109.5,-37.4999999999996,-44.));
#11302=CARTESIAN_POINT('',(-111.75,-37.4999999999996,-44.));
#11303=CARTESIAN_POINT('Origin',(-109.5,-37.4999999999996,-44.));
#11304=CARTESIAN_POINT('Origin',(-109.5,-37.4999999999996,-22.));
#11305=CARTESIAN_POINT('',(-113.5,-37.4999999999996,0.));
#11306=CARTESIAN_POINT('Origin',(-109.5,-37.4999999999996,0.));
#11307=CARTESIAN_POINT('',(-113.5,-37.4999999999996,-22.));
#11308=CARTESIAN_POINT('Origin',(-109.5,37.4999999999998,-43.5));
#11309=CARTESIAN_POINT('',(-106.5,37.4999999999998,-44.));
#11310=CARTESIAN_POINT('Origin',(-109.5,37.4999999999998,-44.));
#11311=CARTESIAN_POINT('',(-105.5,37.4999999999998,-43.));
#11312=CARTESIAN_POINT('',(-106.,37.4999999999998,-43.5));
#11313=CARTESIAN_POINT('',(-113.5,37.4999999999998,-43.));
#11314=CARTESIAN_POINT('Origin',(-109.5,37.4999999999998,-43.));
#11315=CARTESIAN_POINT('Origin',(-109.5,37.4999999999998,-43.));
#11316=CARTESIAN_POINT('Origin',(-109.5,37.4999999999998,-44.));
#11317=CARTESIAN_POINT('',(-111.75,37.4999999999998,-44.));
#11318=CARTESIAN_POINT('Origin',(-109.5,37.4999999999998,-44.));
#11319=CARTESIAN_POINT('Origin',(-109.5,37.4999999999998,-22.));
#11320=CARTESIAN_POINT('',(-113.5,37.4999999999998,0.));
#11321=CARTESIAN_POINT('Origin',(-109.5,37.4999999999998,0.));
#11322=CARTESIAN_POINT('',(-113.5,37.4999999999998,-22.));
#11323=CARTESIAN_POINT('Origin',(-77.5000000000001,59.4999999999999,-43.5));
#11324=CARTESIAN_POINT('',(-74.5000000000001,59.4999999999999,-44.));
#11325=CARTESIAN_POINT('Origin',(-77.5000000000001,59.4999999999999,-44.));
#11326=CARTESIAN_POINT('',(-73.5000000000001,59.4999999999999,-43.));
#11327=CARTESIAN_POINT('',(-74.0000000000001,59.4999999999999,-43.5));
#11328=CARTESIAN_POINT('',(-81.5000000000001,59.4999999999999,-43.));
#11329=CARTESIAN_POINT('Origin',(-77.5000000000001,59.4999999999999,-43.));
#11330=CARTESIAN_POINT('Origin',(-77.5000000000001,59.4999999999999,-43.));
#11331=CARTESIAN_POINT('Origin',(-77.5000000000001,59.4999999999999,-44.));
#11332=CARTESIAN_POINT('',(-79.7500000000001,59.4999999999999,-44.));
#11333=CARTESIAN_POINT('Origin',(-77.5000000000001,59.4999999999999,-44.));
#11334=CARTESIAN_POINT('Origin',(-77.5000000000001,59.4999999999999,-22.));
#11335=CARTESIAN_POINT('',(-81.5000000000001,59.4999999999999,0.));
#11336=CARTESIAN_POINT('Origin',(-77.5000000000001,59.4999999999999,0.));
#11337=CARTESIAN_POINT('',(-81.5000000000001,59.4999999999999,-22.));
#11338=CARTESIAN_POINT('Origin',(-1.77635683940025E-14,59.4999999999999,
-43.5));
#11339=CARTESIAN_POINT('',(2.99999999999998,59.4999999999999,-44.));
#11340=CARTESIAN_POINT('Origin',(-1.77635683940025E-14,59.4999999999999,
-44.));
#11341=CARTESIAN_POINT('',(3.99999999999998,59.4999999999999,-43.));
#11342=CARTESIAN_POINT('',(3.49999999999998,59.4999999999999,-43.5));
#11343=CARTESIAN_POINT('',(-4.00000000000002,59.4999999999999,-43.));
#11344=CARTESIAN_POINT('Origin',(-1.77635683940025E-14,59.4999999999999,
-43.));
#11345=CARTESIAN_POINT('Origin',(-1.77635683940025E-14,59.4999999999999,
-43.));
#11346=CARTESIAN_POINT('Origin',(-1.77635683940025E-14,59.4999999999999,
-44.));
#11347=CARTESIAN_POINT('',(-2.25000000000002,59.4999999999999,-44.));
#11348=CARTESIAN_POINT('Origin',(-1.77635683940025E-14,59.4999999999999,
-44.));
#11349=CARTESIAN_POINT('Origin',(-1.77635683940025E-14,59.4999999999999,
-22.));
#11350=CARTESIAN_POINT('',(-4.00000000000002,59.4999999999999,0.));
#11351=CARTESIAN_POINT('Origin',(-1.77635683940025E-14,59.4999999999999,
0.));
#11352=CARTESIAN_POINT('',(-4.00000000000002,59.4999999999999,-22.));
#11353=CARTESIAN_POINT('Origin',(109.5,37.4999999999999,-43.5));
#11354=CARTESIAN_POINT('',(112.5,37.4999999999999,-44.));
#11355=CARTESIAN_POINT('Origin',(109.5,37.4999999999999,-44.));
#11356=CARTESIAN_POINT('',(113.5,37.4999999999999,-43.));
#11357=CARTESIAN_POINT('',(113.,37.4999999999999,-43.5));
#11358=CARTESIAN_POINT('',(105.5,37.4999999999999,-43.));
#11359=CARTESIAN_POINT('Origin',(109.5,37.4999999999999,-43.));
#11360=CARTESIAN_POINT('Origin',(109.5,37.4999999999999,-43.));
#11361=CARTESIAN_POINT('Origin',(109.5,37.4999999999999,-44.));
#11362=CARTESIAN_POINT('',(107.25,37.4999999999999,-44.));
#11363=CARTESIAN_POINT('Origin',(109.5,37.4999999999999,-44.));
#11364=CARTESIAN_POINT('Origin',(109.5,37.4999999999999,-22.));
#11365=CARTESIAN_POINT('',(105.5,37.4999999999999,0.));
#11366=CARTESIAN_POINT('Origin',(109.5,37.4999999999999,0.));
#11367=CARTESIAN_POINT('',(105.5,37.4999999999999,-22.));
#11368=CARTESIAN_POINT('Origin',(77.5,59.4999999999999,-43.5));
#11369=CARTESIAN_POINT('',(80.5,59.4999999999999,-44.));
#11370=CARTESIAN_POINT('Origin',(77.5,59.4999999999999,-44.));
#11371=CARTESIAN_POINT('',(81.5,59.4999999999999,-43.));
#11372=CARTESIAN_POINT('',(81.0000000000001,59.4999999999999,-43.5));
#11373=CARTESIAN_POINT('',(73.5,59.4999999999999,-43.));
#11374=CARTESIAN_POINT('Origin',(77.5,59.4999999999999,-43.));
#11375=CARTESIAN_POINT('Origin',(77.5,59.4999999999999,-43.));
#11376=CARTESIAN_POINT('Origin',(77.5,59.4999999999999,-44.));
#11377=CARTESIAN_POINT('',(75.25,59.4999999999999,-44.));
#11378=CARTESIAN_POINT('Origin',(77.5,59.4999999999999,-44.));
#11379=CARTESIAN_POINT('Origin',(77.5,59.4999999999999,-22.));
#11380=CARTESIAN_POINT('',(73.5,59.4999999999999,0.));
#11381=CARTESIAN_POINT('Origin',(77.5,59.4999999999999,0.));
#11382=CARTESIAN_POINT('',(73.5,59.4999999999999,-22.));
#11383=CARTESIAN_POINT('Origin',(62.,-12.,-0.938578553396258));
#11384=CARTESIAN_POINT('',(61.9999999999709,4.30986871073804,-1.87715710679251));
#11385=CARTESIAN_POINT('',(61.9999999999661,7.,0.));
#11386=CARTESIAN_POINT('',(61.9999999999709,4.30986871073804,-1.87715710679251));
#11387=CARTESIAN_POINT('',(43.,-11.9999999999661,0.));
#11388=CARTESIAN_POINT('Origin',(62.,-12.,0.));
#11389=CARTESIAN_POINT('',(45.6901312892619,-11.9999999999709,-1.87715710679251));
#11390=CARTESIAN_POINT('',(43.,-11.9999999999661,0.));
#11391=CARTESIAN_POINT('Origin',(62.,-12.,-1.87715710679252));
#11392=CARTESIAN_POINT('Origin',(30.9999999999854,5.65493435536902,-0.938578553396254));
#11393=CARTESIAN_POINT('',(78.0000000000291,4.30986871073805,-1.87715710679251));
#11394=CARTESIAN_POINT('',(78.0000000000291,6.99999999999999,0.));
#11395=CARTESIAN_POINT('',(78.0000000000291,4.30986871073805,-1.87715710679251));
#11396=CARTESIAN_POINT('',(30.9999999999854,6.99999999999999,0.));
#11397=CARTESIAN_POINT('',(30.9999999999854,4.30986871073804,-1.87715710679251));
#11398=CARTESIAN_POINT('Origin',(78.,-12.,-0.938578553396255));
#11399=CARTESIAN_POINT('',(94.309868710738,-11.9999999999709,-1.87715710679251));
#11400=CARTESIAN_POINT('',(97.,-11.9999999999661,0.));
#11401=CARTESIAN_POINT('',(94.309868710738,-11.9999999999709,-1.87715710679251));
#11402=CARTESIAN_POINT('Origin',(78.,-12.,0.));
#11403=CARTESIAN_POINT('Origin',(78.,-12.,-1.87715710679251));
#11404=CARTESIAN_POINT('Origin',(95.654934355369,-5.99999999998553,-0.93857855339626));
#11405=CARTESIAN_POINT('',(94.309868710738,-28.0000000000291,-1.87715710679253));
#11406=CARTESIAN_POINT('',(97.,-28.0000000000291,0.));
#11407=CARTESIAN_POINT('',(94.309868710738,-28.0000000000291,-1.87715710679253));
#11408=CARTESIAN_POINT('',(97.,-5.99999999998553,0.));
#11409=CARTESIAN_POINT('',(94.309868710738,-5.99999999998553,-1.87715710679252));
#11410=CARTESIAN_POINT('Origin',(78.,-28.,-0.938578553396255));
#11411=CARTESIAN_POINT('',(78.0000000000291,-44.3098687107381,-1.87715710679251));
#11412=CARTESIAN_POINT('',(78.0000000000339,-47.,0.));
#11413=CARTESIAN_POINT('',(78.0000000000291,-44.3098687107381,-1.87715710679251));
#11414=CARTESIAN_POINT('Origin',(78.,-28.,0.));
#11415=CARTESIAN_POINT('Origin',(78.,-28.,-1.87715710679251));
#11416=CARTESIAN_POINT('Origin',(39.0000000000145,-45.654934355369,-0.938578553396253));
#11417=CARTESIAN_POINT('',(61.9999999999709,-44.3098687107381,-1.87715710679251));
#11418=CARTESIAN_POINT('',(61.9999999999709,-47.,0.));
#11419=CARTESIAN_POINT('',(61.9999999999709,-44.3098687107381,-1.87715710679251));
#11420=CARTESIAN_POINT('',(39.0000000000145,-47.,0.));
#11421=CARTESIAN_POINT('',(39.0000000000145,-44.309868710738,-1.87715710679251));
#11422=CARTESIAN_POINT('Origin',(62.,-28.,-0.938578553396257));
#11423=CARTESIAN_POINT('',(45.6901312892619,-28.0000000000291,-1.87715710679251));
#11424=CARTESIAN_POINT('',(43.,-28.0000000000339,0.));
#11425=CARTESIAN_POINT('',(45.6901312892619,-28.0000000000291,-1.87715710679251));
#11426=CARTESIAN_POINT('Origin',(62.,-28.,0.));
#11427=CARTESIAN_POINT('Origin',(62.,-28.,-1.87715710679251));
#11428=CARTESIAN_POINT('Origin',(44.345065644631,-14.0000000000146,-0.938578553396255));
#11429=CARTESIAN_POINT('',(43.,-14.0000000000146,0.));
#11430=CARTESIAN_POINT('',(45.6901312892619,-14.0000000000146,-1.87715710679251));
#11431=CARTESIAN_POINT('Origin',(82.5,-11.9999999999709,-34.));
#11432=CARTESIAN_POINT('',(84.3395041804662,-11.9999999999709,-28.996548629132));
#11433=CARTESIAN_POINT('',(82.5,-11.9999999999709,-34.));
#11434=CARTESIAN_POINT('',(84.3395041804662,-28.0000000000291,-28.996548629132));
#11435=CARTESIAN_POINT('',(84.3395041804662,-15.9999999999854,-28.996548629132));
#11436=CARTESIAN_POINT('',(82.5,-28.0000000000291,-34.));
#11437=CARTESIAN_POINT('Origin',(78.,-12.,0.));
#11438=CARTESIAN_POINT('',(78.0000000000291,-5.66049581953381,-28.996548629132));
#11439=CARTESIAN_POINT('',(78.0000000000291,-7.49999999999999,-34.));
#11440=CARTESIAN_POINT('Origin',(78.,-12.,-28.996548629132));
#11441=CARTESIAN_POINT('Origin',(61.9999999999709,-7.5,-34.));
#11442=CARTESIAN_POINT('',(61.9999999999709,-5.66049581953382,-28.996548629132));
#11443=CARTESIAN_POINT('',(61.9999999999709,-7.5,-34.));
#11444=CARTESIAN_POINT('',(65.9999999999855,-5.66049581953382,-28.996548629132));
#11445=CARTESIAN_POINT('Origin',(62.,-12.,0.));
#11446=CARTESIAN_POINT('',(55.6604958195338,-11.9999999999709,-28.996548629132));
#11447=CARTESIAN_POINT('',(57.5,-11.9999999999709,-34.));
#11448=CARTESIAN_POINT('Origin',(62.,-12.,-28.996548629132));
#11449=CARTESIAN_POINT('Origin',(-8.88178419700125E-14,-1.59872115546023E-13,
0.));
#11450=CARTESIAN_POINT('',(-107.5,67.9999999999998,0.));
#11451=CARTESIAN_POINT('',(107.5,67.9999999999998,0.));
#11452=CARTESIAN_POINT('',(-60.0000000000001,67.9999999999998,0.));
#11453=CARTESIAN_POINT('',(-118.,57.4999999999998,0.));
#11454=CARTESIAN_POINT('Origin',(-107.5,57.4999999999998,0.));
#11455=CARTESIAN_POINT('',(-118.,-57.5000000000002,0.));
#11456=CARTESIAN_POINT('',(-118.,-35.0000000000002,0.));
#11457=CARTESIAN_POINT('',(-107.5,-68.0000000000002,0.));
#11458=CARTESIAN_POINT('Origin',(-107.5,-57.5000000000002,0.));
#11459=CARTESIAN_POINT('',(107.5,-68.0000000000002,0.));
#11460=CARTESIAN_POINT('',(59.9999999999999,-68.0000000000002,0.));
#11461=CARTESIAN_POINT('',(118.,-57.5000000000002,0.));
#11462=CARTESIAN_POINT('Origin',(107.5,-57.5000000000002,0.));
#11463=CARTESIAN_POINT('',(118.,57.4999999999998,0.));
#11464=CARTESIAN_POINT('',(118.,34.9999999999998,0.));
#11465=CARTESIAN_POINT('Origin',(107.5,57.4999999999998,0.));
#11466=CARTESIAN_POINT('',(-61.35,-42.2,0.));
#11467=CARTESIAN_POINT('Origin',(-46.25,-42.2,0.));
#11468=CARTESIAN_POINT('',(-28.75,52.3,0.));
#11469=CARTESIAN_POINT('',(-28.75,3.3,0.));
#11470=CARTESIAN_POINT('',(-28.75,26.1499999999999,0.));
#11471=CARTESIAN_POINT('',(-33.75,-1.70000000000001,0.));
#11472=CARTESIAN_POINT('Origin',(-33.75,3.29999999999999,0.));
#11473=CARTESIAN_POINT('',(-58.75,-1.70000000000001,0.));
#11474=CARTESIAN_POINT('',(-16.875,-1.7,0.));
#11475=CARTESIAN_POINT('',(-63.75,3.29999999999999,0.));
#11476=CARTESIAN_POINT('Origin',(-58.75,3.29999999999999,0.));
#11477=CARTESIAN_POINT('',(-63.75,52.3,0.));
#11478=CARTESIAN_POINT('',(-63.75,1.64999999999992,0.));
#11479=CARTESIAN_POINT('',(-58.75,57.3,0.));
#11480=CARTESIAN_POINT('Origin',(-58.75,52.3,0.));
#11481=CARTESIAN_POINT('',(-33.75,57.3,0.));
#11482=CARTESIAN_POINT('',(-29.375,57.3,0.));
#11483=CARTESIAN_POINT('Origin',(-33.75,52.3,0.));
#11484=CARTESIAN_POINT('',(-78.75,-12.25,0.));
#11485=CARTESIAN_POINT('',(-79.2486501605748,-13.9062756355171,0.));
#11486=CARTESIAN_POINT('Origin',(-81.75,-12.25,0.));
#11487=CARTESIAN_POINT('',(-85.3308136330731,-23.091714519632,0.));
#11488=CARTESIAN_POINT('',(-63.9702372206248,9.16757447402874,0.));
#11489=CARTESIAN_POINT('',(-94.669186366927,-23.0917145196319,0.));
#11490=CARTESIAN_POINT('Origin',(-90.0000000000001,-20.,0.));
#11491=CARTESIAN_POINT('',(-100.751349839425,-13.9062756355171,0.));
#11492=CARTESIAN_POINT('',(-85.5561912350495,-36.8543929174744,0.));
#11493=CARTESIAN_POINT('',(-101.25,-12.25,0.));
#11494=CARTESIAN_POINT('Origin',(-98.25,-12.25,0.));
#11495=CARTESIAN_POINT('',(-101.25,12.25,0.));
#11496=CARTESIAN_POINT('',(-101.25,-6.12500000000008,0.));
#11497=CARTESIAN_POINT('',(-100.751349839425,13.9062756355171,0.));
#11498=CARTESIAN_POINT('Origin',(-98.25,12.25,0.));
#11499=CARTESIAN_POINT('',(-94.669186366927,23.091714519632,0.));
#11500=CARTESIAN_POINT('',(-88.5972729712988,32.2616734754169,0.));
#11501=CARTESIAN_POINT('',(-85.330813633073,23.091714519632,0.));
#11502=CARTESIAN_POINT('Origin',(-90.,20.,0.));
#11503=CARTESIAN_POINT('',(-79.2486501605748,13.9062756355171,0.));
#11504=CARTESIAN_POINT('',(-67.0113189568739,-4.57485503197139,0.));
#11505=CARTESIAN_POINT('',(-78.75,12.25,0.));
#11506=CARTESIAN_POINT('Origin',(-81.75,12.25,0.));
#11507=CARTESIAN_POINT('',(-78.75,6.12499999999992,0.));
#11508=CARTESIAN_POINT('Origin',(62.,-12.,-30.498274314566));
#11509=CARTESIAN_POINT('',(61.9999999999906,-9.96470588235294,-32.));
#11510=CARTESIAN_POINT('',(61.9999999999906,-9.96470588235294,-32.));
#11511=CARTESIAN_POINT('',(59.9647058823529,-11.9999999999907,-32.));
#11512=CARTESIAN_POINT('',(55.6604958195338,-11.9999999999709,-28.996548629132));
#11513=CARTESIAN_POINT('Origin',(62.,-12.,-32.));
#11514=CARTESIAN_POINT('Origin',(65.9999999999855,-7.81260085094338,-30.498274314566));
#11515=CARTESIAN_POINT('',(78.0000000000291,-9.96470588235294,-32.));
#11516=CARTESIAN_POINT('',(78.0000000000291,-9.96470588235294,-32.));
#11517=CARTESIAN_POINT('',(65.9999999999855,-9.96470588235294,-32.));
#11518=CARTESIAN_POINT('Origin',(78.,-12.,-30.498274314566));
#11519=CARTESIAN_POINT('',(80.0352941176471,-11.9999999999907,-32.));
#11520=CARTESIAN_POINT('',(80.0352941176471,-11.9999999999907,-32.));
#11521=CARTESIAN_POINT('Origin',(78.,-12.,-32.));
#11522=CARTESIAN_POINT('Origin',(82.1873991490566,-15.9999999999854,-30.498274314566));
#11523=CARTESIAN_POINT('',(80.035294117647,-28.0000000000291,-32.));
#11524=CARTESIAN_POINT('',(80.035294117647,-28.0000000000291,-32.));
#11525=CARTESIAN_POINT('',(80.035294117647,-15.9999999999854,-32.));
#11526=CARTESIAN_POINT('Origin',(78.,-28.,-30.498274314566));
#11527=CARTESIAN_POINT('',(78.0000000000093,-30.0352941176471,-32.));
#11528=CARTESIAN_POINT('',(78.0000000000291,-34.3395041804662,-28.996548629132));
#11529=CARTESIAN_POINT('',(78.0000000000093,-30.0352941176471,-32.));
#11530=CARTESIAN_POINT('Origin',(78.,-28.,-28.996548629132));
#11531=CARTESIAN_POINT('Origin',(78.,-28.,-32.));
#11532=CARTESIAN_POINT('Origin',(74.0000000000146,-32.1873991490566,-30.498274314566));
#11533=CARTESIAN_POINT('',(61.9999999999709,-30.0352941176471,-32.));
#11534=CARTESIAN_POINT('',(61.9999999999709,-34.3395041804662,-28.996548629132));
#11535=CARTESIAN_POINT('',(61.9999999999709,-30.0352941176471,-32.));
#11536=CARTESIAN_POINT('',(74.0000000000146,-34.3395041804662,-28.996548629132));
#11537=CARTESIAN_POINT('',(74.0000000000146,-30.0352941176471,-32.));
#11538=CARTESIAN_POINT('Origin',(62.,-28.,-30.498274314566));
#11539=CARTESIAN_POINT('',(59.9647058823529,-28.0000000000093,-32.));
#11540=CARTESIAN_POINT('',(55.6604958195338,-28.0000000000291,-28.996548629132));
#11541=CARTESIAN_POINT('',(59.9647058823529,-28.0000000000093,-32.));
#11542=CARTESIAN_POINT('Origin',(62.,-28.,-28.996548629132));
#11543=CARTESIAN_POINT('Origin',(62.,-28.,-32.));
#11544=CARTESIAN_POINT('Origin',(57.8126008509434,-24.0000000000146,-30.498274314566));
#11545=CARTESIAN_POINT('',(55.6604958195338,-24.0000000000145,-28.996548629132));
#11546=CARTESIAN_POINT('',(59.9647058823529,-24.0000000000146,-32.));
#11547=CARTESIAN_POINT('Origin',(78.0000000000291,-32.5,-34.));
#11548=CARTESIAN_POINT('',(78.0000000000291,-45.,0.));
#11549=CARTESIAN_POINT('',(61.9999999999709,-32.5,-34.));
#11550=CARTESIAN_POINT('Origin',(62.,-28.,0.));
#11551=CARTESIAN_POINT('',(57.5,-28.0000000000291,-34.));
#11552=CARTESIAN_POINT('Origin',(57.5,-28.0000000000291,-34.));
#11553=CARTESIAN_POINT('Origin',(70.,-20.,-32.));
#11554=CARTESIAN_POINT('',(60.,-28.,-32.));
#11555=CARTESIAN_POINT('',(60.,-12.,-32.));
#11556=CARTESIAN_POINT('',(60.,-12.,-32.));
#11557=CARTESIAN_POINT('',(62.,-10.,-32.));
#11558=CARTESIAN_POINT('Origin',(62.,-12.,-32.));
#11559=CARTESIAN_POINT('',(78.,-10.,-32.));
#11560=CARTESIAN_POINT('',(78.,-10.,-32.));
#11561=CARTESIAN_POINT('',(80.,-12.,-32.));
#11562=CARTESIAN_POINT('Origin',(78.,-12.,-32.));
#11563=CARTESIAN_POINT('',(80.,-28.,-32.));
#11564=CARTESIAN_POINT('',(80.,-28.,-32.));
#11565=CARTESIAN_POINT('',(78.,-30.,-32.));
#11566=CARTESIAN_POINT('Origin',(78.,-28.,-32.));
#11567=CARTESIAN_POINT('',(62.,-30.,-32.));
#11568=CARTESIAN_POINT('',(62.,-30.,-32.));
#11569=CARTESIAN_POINT('Origin',(62.,-28.,-32.));
#11570=CARTESIAN_POINT('Origin',(62.,-28.,-34.));
#11571=CARTESIAN_POINT('',(60.,-28.,-34.));
#11572=CARTESIAN_POINT('',(62.,-30.,-34.));
#11573=CARTESIAN_POINT('Origin',(62.,-28.,-34.));
#11574=CARTESIAN_POINT('',(60.,-28.,-34.));
#11575=CARTESIAN_POINT('',(62.,-30.,-34.));
#11576=CARTESIAN_POINT('Origin',(78.,-30.,-34.));
#11577=CARTESIAN_POINT('',(78.,-30.,-34.));
#11578=CARTESIAN_POINT('',(62.,-30.,-34.));
#11579=CARTESIAN_POINT('',(78.,-30.,-34.));
#11580=CARTESIAN_POINT('Origin',(78.,-28.,-34.));
#11581=CARTESIAN_POINT('',(80.,-28.,-34.));
#11582=CARTESIAN_POINT('Origin',(78.,-28.,-34.));
#11583=CARTESIAN_POINT('',(80.,-28.,-34.));
#11584=CARTESIAN_POINT('Origin',(80.,-12.,-34.));
#11585=CARTESIAN_POINT('',(80.,-12.,-34.));
#11586=CARTESIAN_POINT('',(80.,-28.,-34.));
#11587=CARTESIAN_POINT('',(80.,-12.,-34.));
#11588=CARTESIAN_POINT('Origin',(78.,-12.,-34.));
#11589=CARTESIAN_POINT('',(78.,-10.,-34.));
#11590=CARTESIAN_POINT('Origin',(78.,-12.,-34.));
#11591=CARTESIAN_POINT('',(78.,-10.,-34.));
#11592=CARTESIAN_POINT('Origin',(62.,-10.,-34.));
#11593=CARTESIAN_POINT('',(62.,-10.,-34.));
#11594=CARTESIAN_POINT('',(78.,-10.,-34.));
#11595=CARTESIAN_POINT('',(62.,-10.,-34.));
#11596=CARTESIAN_POINT('Origin',(62.,-12.,-34.));
#11597=CARTESIAN_POINT('',(60.,-12.,-34.));
#11598=CARTESIAN_POINT('Origin',(62.,-12.,-34.));
#11599=CARTESIAN_POINT('',(60.,-12.,-34.));
#11600=CARTESIAN_POINT('Origin',(60.,-28.,-34.));
#11601=CARTESIAN_POINT('',(60.,-12.,-34.));
#11602=CARTESIAN_POINT('Origin',(78.,-28.,0.));
#11603=CARTESIAN_POINT('Ctrl Pts',(57.5,-40.,-34.));
#11604=CARTESIAN_POINT('Ctrl Pts',(57.5,-43.6764706235157,-23.9999999040374));
#11605=CARTESIAN_POINT('Ctrl Pts',(57.5,-47.3529412470314,-13.9999998080747));
#11606=CARTESIAN_POINT('Ctrl Pts',(57.5,-51.029411870547,-3.99999971211205));
#11607=CARTESIAN_POINT('Ctrl Pts',(62.5268496177517,-40.,-34.));
#11608=CARTESIAN_POINT('Ctrl Pts',(63.4984748946018,-43.6771620011059,-23.9999999040374));
#11609=CARTESIAN_POINT('Ctrl Pts',(64.4727100002941,-47.3522498694412,-13.9999998080747));
#11610=CARTESIAN_POINT('Ctrl Pts',(65.4443352771442,-51.029411870547,-3.99999971211205));
#11611=CARTESIAN_POINT('Ctrl Pts',(77.4730164567262,-39.9991002203333,-34.));
#11612=CARTESIAN_POINT('Ctrl Pts',(76.5019989854281,-43.6744017903105,-23.9999999040373));
#11613=CARTESIAN_POINT('Ctrl Pts',(75.5364459520929,-47.3453823589133,-13.9999998080747));
#11614=CARTESIAN_POINT('Ctrl Pts',(74.5654284807949,-51.0206839288905,-3.99999971211205));
#11615=CARTESIAN_POINT('Ctrl Pts',(83.4818567721125,-40.000449738655,-34.));
#11616=CARTESIAN_POINT('Ctrl Pts',(83.6705564622403,-43.6778816043665,-23.9999999040373));
#11617=CARTESIAN_POINT('Ctrl Pts',(83.8584708783976,-47.3558325283393,-13.9999998080747));
#11618=CARTESIAN_POINT('Ctrl Pts',(84.0471705685254,-51.0332643940509,-3.99999971211205));
#11619=CARTESIAN_POINT('Ctrl Pts',(84.9538221665282,-39.7068999507011,-34.));
#11620=CARTESIAN_POINT('Ctrl Pts',(85.7691986849792,-43.3730390405827,-23.9999999040373));
#11621=CARTESIAN_POINT('Ctrl Pts',(86.5873248012826,-47.0375891549205,-13.9999998080747));
#11622=CARTESIAN_POINT('Ctrl Pts',(87.4027013197336,-50.703728244802,-3.99999971211205));
#11623=CARTESIAN_POINT('Ctrl Pts',(86.6936104620623,-38.7760749943529,-34.));
#11624=CARTESIAN_POINT('Ctrl Pts',(88.5721276729395,-41.9825317137013,-23.9999999040373));
#11625=CARTESIAN_POINT('Ctrl Pts',(90.449262521025,-45.1895283931453,-13.9999998080747));
#11626=CARTESIAN_POINT('Ctrl Pts',(92.3277797319022,-48.3959851124937,-3.99999971211205));
#11627=CARTESIAN_POINT('Ctrl Pts',(87.8376649843389,-37.8376622433538,-34.));
#11628=CARTESIAN_POINT('Ctrl Pts',(90.4659815758277,-40.4660421350204,-23.9999999040373));
#11629=CARTESIAN_POINT('Ctrl Pts',(93.094144262374,-43.0940371594494,-13.9999998080747));
#11630=CARTESIAN_POINT('Ctrl Pts',(95.7224608538628,-45.722417051116,-3.99999971211205));
#11631=CARTESIAN_POINT('Ctrl Pts',(88.7760820493133,-36.6936072361547,-34.));
#11632=CARTESIAN_POINT('Ctrl Pts',(91.9826065056583,-38.5720448657051,-23.9999999040373));
#11633=CARTESIAN_POINT('Ctrl Pts',(95.1895621072599,-40.4492375829787,-13.9999998080747));
#11634=CARTESIAN_POINT('Ctrl Pts',(98.3960865636049,-42.3276752125291,-3.99999971211205));
#11635=CARTESIAN_POINT('Ctrl Pts',(89.7068990117546,-34.9538182695863,-34.));
#11636=CARTESIAN_POINT('Ctrl Pts',(93.3728919225193,-35.7693754277151,-23.9999999040374));
#11637=CARTESIAN_POINT('Ctrl Pts',(97.0377486226414,-36.5871378261276,-13.9999998080747));
#11638=CARTESIAN_POINT('Ctrl Pts',(100.703741533406,-37.4026949842564,-3.99999971211205));
#11639=CARTESIAN_POINT('Ctrl Pts',(90.0004742653176,-33.481856896222,-34.));
#11640=CARTESIAN_POINT('Ctrl Pts',(93.6781018388148,-33.6703089312407,-23.9999999040373));
#11641=CARTESIAN_POINT('Ctrl Pts',(97.3558957110834,-33.8584367854997,-13.9999998080747));
#11642=CARTESIAN_POINT('Ctrl Pts',(101.033523284581,-34.0468888205185,-3.99999971211205));
#11643=CARTESIAN_POINT('Ctrl Pts',(89.9995898598365,-29.9865231793097,-34.));
#11644=CARTESIAN_POINT('Ctrl Pts',(93.6750943600749,-29.5014973748754,-23.9999999040374));
#11645=CARTESIAN_POINT('Ctrl Pts',(97.3497616611374,-29.017499925033,-13.9999998080747));
#11646=CARTESIAN_POINT('Ctrl Pts',(101.025266161376,-28.5324741205986,-3.99999971211205));
#11647=CARTESIAN_POINT('Ctrl Pts',(90.000135925782,-20.0000225314669,-34.));
#11648=CARTESIAN_POINT('Ctrl Pts',(93.6776431112773,-19.9986977390867,-23.9999999040373));
#11649=CARTESIAN_POINT('Ctrl Pts',(97.3531153828818,-19.9999200383151,-13.9999998080747));
#11650=CARTESIAN_POINT('Ctrl Pts',(101.030622568377,-19.9985952459348,-3.99999971211205));
#11651=CARTESIAN_POINT('Ctrl Pts',(89.9999571976392,-10.0134037529555,-34.));
#11652=CARTESIAN_POINT('Ctrl Pts',(93.6758955406495,-10.500346871113,-23.9999999040374));
#11653=CARTESIAN_POINT('Ctrl Pts',(97.3529534765467,-10.9859459682884,-13.9999998080747));
#11654=CARTESIAN_POINT('Ctrl Pts',(101.028891819557,-11.4728890864458,-3.99999971211205));
#11655=CARTESIAN_POINT('Ctrl Pts',(90.0000110003951,-7.00910114445514,-34.));
#11656=CARTESIAN_POINT('Ctrl Pts',(93.6765258060685,-6.91404314795764,-23.9999999040374));
#11657=CARTESIAN_POINT('Ctrl Pts',(97.3526285689948,-6.81947636235915,-13.9999998080747));
#11658=CARTESIAN_POINT('Ctrl Pts',(101.029143374668,-6.72441836586165,-3.99999971211205));
#11659=CARTESIAN_POINT('Ctrl Pts',(89.9033084644226,-6.02737955410001,-34.));
#11660=CARTESIAN_POINT('Ctrl Pts',(93.5791105332563,-5.63248578678789,-23.9999999040374));
#11661=CARTESIAN_POINT('Ctrl Pts',(97.2546220030917,-5.23733150220681,-13.9999998080747));
#11662=CARTESIAN_POINT('Ctrl Pts',(100.930424071925,-4.8424377348947,-3.99999971211205));
#11663=CARTESIAN_POINT('Ctrl Pts',(89.4737960815344,-4.61131042949071,-34.));
#11664=CARTESIAN_POINT('Ctrl Pts',(93.023418235803,-3.52816189678087,-23.9999999040373));
#11665=CARTESIAN_POINT('Ctrl Pts',(96.5734307184404,-2.44532574948661,-13.9999998080747));
#11666=CARTESIAN_POINT('Ctrl Pts',(100.123052872709,-1.36217721677676,-3.99999971211205));
#11667=CARTESIAN_POINT('Ctrl Pts',(88.7762037150191,-3.30638227509748,-34.));
#11668=CARTESIAN_POINT('Ctrl Pts',(91.9835681613909,-1.42900712043931,-23.9999999040374));
#11669=CARTESIAN_POINT('Ctrl Pts',(95.1900066803694,0.448620642337302,-13.9999998080747));
#11670=CARTESIAN_POINT('Ctrl Pts',(98.3973711267412,2.32599579699546,-3.99999971211205));
#11671=CARTESIAN_POINT('Ctrl Pts',(87.8375030585371,-2.16238147740556,-34.));
#11672=CARTESIAN_POINT('Ctrl Pts',(90.4654870840653,0.466478712173448,-23.9999999040374));
#11673=CARTESIAN_POINT('Ctrl Pts',(93.0930664739445,3.0949004985298,-13.9999998080747));
#11674=CARTESIAN_POINT('Ctrl Pts',(95.7210504994727,5.72376068810881,-3.99999971211205));
#11675=CARTESIAN_POINT('Ctrl Pts',(86.6935938651746,-1.22394328393337,-34.));
#11676=CARTESIAN_POINT('Ctrl Pts',(88.572059119599,1.98243933640684,-23.9999999040374));
#11677=CARTESIAN_POINT('Ctrl Pts',(90.4492737157473,5.18944138109003,-13.9999998080747));
#11678=CARTESIAN_POINT('Ctrl Pts',(92.3277389701717,8.39582400143024,-3.99999971211205));
#11679=CARTESIAN_POINT('Ctrl Pts',(84.9537412925928,-0.293147056410693,
-34.));
#11680=CARTESIAN_POINT('Ctrl Pts',(85.7695345784348,3.37282446875593,-23.9999999040374));
#11681=CARTESIAN_POINT('Ctrl Pts',(86.5864579603628,7.03809562002109,-13.9999998080747));
#11682=CARTESIAN_POINT('Ctrl Pts',(87.4022512462047,10.7040671451877,-3.99999971211205));
#11683=CARTESIAN_POINT('Ctrl Pts',(83.4818220793032,0.000434588057250507,
-34.));
#11684=CARTESIAN_POINT('Ctrl Pts',(83.669769415497,3.67829383607818,-23.9999999040374));
#11685=CARTESIAN_POINT('Ctrl Pts',(83.8588362784625,7.35555859469584,-13.9999998080747));
#11686=CARTESIAN_POINT('Ctrl Pts',(84.0467836146563,11.0334178427168,-3.99999971211205));
#11687=CARTESIAN_POINT('Ctrl Pts',(81.243247211842,-0.000185986595448706,
-34.));
#11688=CARTESIAN_POINT('Ctrl Pts',(81.0014043627744,3.67562042218985,-23.9999999040374));
#11689=CARTESIAN_POINT('Ctrl Pts',(80.7574897095019,7.35186951047518,-13.9999998080747));
#11690=CARTESIAN_POINT('Ctrl Pts',(80.5156468604343,11.0276759192605,-3.99999971211205));
#11691=CARTESIAN_POINT('Ctrl Pts',(77.4899463255571,-2.3118621011386E-5,
-34.));
#11692=CARTESIAN_POINT('Ctrl Pts',(77.1242622318839,3.67650093433705,-23.9999999040374));
#11693=CARTESIAN_POINT('Ctrl Pts',(76.7601302548816,7.35260081457457,-13.9999998080747));
#11694=CARTESIAN_POINT('Ctrl Pts',(76.3944461612084,11.0291248675326,-3.99999971211205));
#11695=CARTESIAN_POINT('Ctrl Pts',(67.5033261786159,-3.0616089079035E-5,
-34.));
#11696=CARTESIAN_POINT('Ctrl Pts',(67.6263627170659,3.67681512570578,-23.9999999040374));
#11697=CARTESIAN_POINT('Ctrl Pts',(67.746345235786,7.35225571866094,-13.9999998080747));
#11698=CARTESIAN_POINT('Ctrl Pts',(67.869381774236,11.0291014604558,-3.99999971211205));
#11699=CARTESIAN_POINT('Ctrl Pts',(60.0134761441441,-0.000422516954673646,
-34.));
#11700=CARTESIAN_POINT('Ctrl Pts',(60.4979561157362,3.67518187743728,-23.9999999040373));
#11701=CARTESIAN_POINT('Ctrl Pts',(60.9828281004411,7.3495521114885,-13.9999998080747));
#11702=CARTESIAN_POINT('Ctrl Pts',(61.4673080720333,11.0251565058805,-3.99999971211205));
#11703=CARTESIAN_POINT('Ctrl Pts',(56.5181413264779,0.000470627750374,-34.));
#11704=CARTESIAN_POINT('Ctrl Pts',(56.3298246743021,3.67807041788731,-23.9999999040373));
#11705=CARTESIAN_POINT('Ctrl Pts',(56.1414037558084,7.35588630221427,-13.9999998080747));
#11706=CARTESIAN_POINT('Ctrl Pts',(55.9530871036326,11.0334860923512,-3.99999971211205));
#11707=CARTESIAN_POINT('Ctrl Pts',(55.0461807717961,-0.293104692385035,
-34.));
#11708=CARTESIAN_POINT('Ctrl Pts',(54.2305399677254,3.37291807813475,-23.9999999040373));
#11709=CARTESIAN_POINT('Ctrl Pts',(53.4128944823185,7.03768460164754,-13.9999998080747));
#11710=CARTESIAN_POINT('Ctrl Pts',(52.5972536782478,10.7037073721673,-3.99999971211205));
#11711=CARTESIAN_POINT('Ctrl Pts',(53.3063906778002,-1.22392043258687,-34.));
#11712=CARTESIAN_POINT('Ctrl Pts',(51.4279773970927,1.98258088202533,-23.9999999040373));
#11713=CARTESIAN_POINT('Ctrl Pts',(49.5506948300224,5.18954848901508,-13.9999998080747));
#11714=CARTESIAN_POINT('Ctrl Pts',(47.6722815493149,8.39604980362728,-3.99999971211205));
#11715=CARTESIAN_POINT('Ctrl Pts',(52.1623374544943,-2.16233751899459,-34.));
#11716=CARTESIAN_POINT('Ctrl Pts',(49.5339729684847,0.466025828564129,-23.9999999040373));
#11717=CARTESIAN_POINT('Ctrl Pts',(46.9059145449612,3.09408124835751,-13.9999998080747));
#11718=CARTESIAN_POINT('Ctrl Pts',(44.2775500589515,5.72244459591623,-3.99999971211205));
#11719=CARTESIAN_POINT('Ctrl Pts',(51.2239199961965,-3.30639076875017,-34.));
#11720=CARTESIAN_POINT('Ctrl Pts',(48.0174031145578,-1.42795926790434,-23.9999999040373));
#11721=CARTESIAN_POINT('Ctrl Pts',(44.8104577680347,0.449286180853919,-13.9999998080747));
#11722=CARTESIAN_POINT('Ctrl Pts',(41.6039408863959,2.32771768169975,-3.99999971211205));
#11723=CARTESIAN_POINT('Ctrl Pts',(50.293104637034,-5.04618059671469,-34.));
#11724=CARTESIAN_POINT('Ctrl Pts',(46.6271283028385,-4.23059214534823,-23.9999999040373));
#11725=CARTESIAN_POINT('Ctrl Pts',(42.9622598704069,-3.41284541988735,-13.9999998080747));
#11726=CARTESIAN_POINT('Ctrl Pts',(39.2962835362114,-2.59725696852089,-3.99999971211205));
#11727=CARTESIAN_POINT('Ctrl Pts',(49.9995277934798,-6.51814135380093,-34.));
#11728=CARTESIAN_POINT('Ctrl Pts',(46.3218557310081,-6.32974417818373,-23.9999999040374));
#11729=CARTESIAN_POINT('Ctrl Pts',(42.6441610708453,-6.14147092391342,-13.9999998080747));
#11730=CARTESIAN_POINT('Ctrl Pts',(38.9664890083736,-5.95307374829622,-3.99999971211205));
#11731=CARTESIAN_POINT('Ctrl Pts',(50.0004259955274,-10.0134743054614,-34.));
#11732=CARTESIAN_POINT('Ctrl Pts',(46.3251117199088,-10.4982768635109,-23.9999999040373));
#11733=CARTESIAN_POINT('Ctrl Pts',(42.650161062949,-10.9825416922727,-13.9999998080747));
#11734=CARTESIAN_POINT('Ctrl Pts',(38.9748467873304,-11.4673442503221,-3.99999971211205));
#11735=CARTESIAN_POINT('Ctrl Pts',(49.999942006823,-17.5033370716513,-34.));
#11736=CARTESIAN_POINT('Ctrl Pts',(46.3226693619715,-17.6258991118715,-23.9999999040374));
#11737=CARTESIAN_POINT('Ctrl Pts',(42.6472088950037,-17.7458727875513,-13.9999998080747));
#11738=CARTESIAN_POINT('Ctrl Pts',(38.9699362501522,-17.8684348277715,-3.99999971211205));
#11739=CARTESIAN_POINT('Ctrl Pts',(50.000068400347,-27.4899320428882,-34.));
#11740=CARTESIAN_POINT('Ctrl Pts',(46.3239959908959,-27.1247498723615,-23.9999999040373));
#11741=CARTESIAN_POINT('Ctrl Pts',(42.6472426731511,-26.7600898772977,-13.9999998080747));
#11742=CARTESIAN_POINT('Ctrl Pts',(38.9711702637001,-26.394907706771,-3.99999971211205));
#11743=CARTESIAN_POINT('Ctrl Pts',(49.9999911536444,-31.2432701514418,-34.));
#11744=CARTESIAN_POINT('Ctrl Pts',(46.3232905451186,-31.0004334886221,-23.9999999040373));
#11745=CARTESIAN_POINT('Ctrl Pts',(42.646886823438,-30.7563979713078,-13.9999998080747));
#11746=CARTESIAN_POINT('Ctrl Pts',(38.9701862149122,-30.5135613084881,-3.99999971211205));
#11747=CARTESIAN_POINT('Ctrl Pts',(49.9999867108432,-32.9908534941675,-34.));
#11748=CARTESIAN_POINT('Ctrl Pts',(46.3236074531127,-33.0856987160874,-23.9999999040373));
#11749=CARTESIAN_POINT('Ctrl Pts',(42.6465413647552,-33.1805500043303,-13.9999998080747));
#11750=CARTESIAN_POINT('Ctrl Pts',(38.9701621070248,-33.2753952262502,-3.99999971211205));
#11751=CARTESIAN_POINT('Ctrl Pts',(50.0966905101296,-33.9725796976973,-34.));
#11752=CARTESIAN_POINT('Ctrl Pts',(46.4208940373322,-34.3676737952511,-23.9999999040374));
#11753=CARTESIAN_POINT('Ctrl Pts',(42.7449439354689,-34.762280150654,-13.9999998080747));
#11754=CARTESIAN_POINT('Ctrl Pts',(39.0691474626715,-35.1573742482078,-3.99999971211205));
#11755=CARTESIAN_POINT('Ctrl Pts',(50.5261985980983,-35.3886232081684,-34.));
#11756=CARTESIAN_POINT('Ctrl Pts',(46.9764513699466,-36.4716071137282,-23.9999999040373));
#11757=CARTESIAN_POINT('Ctrl Pts',(43.425383067123,-37.5545511885104,-13.9999998080747));
#11758=CARTESIAN_POINT('Ctrl Pts',(39.8756358389712,-38.6375350940702,-3.99999971211205));
#11759=CARTESIAN_POINT('Ctrl Pts',(51.1075429701626,-36.4760871876591,-34.));
#11760=CARTESIAN_POINT('Ctrl Pts',(47.8433135218077,-38.2212120975213,-23.9999999040374));
#11761=CARTESIAN_POINT('Ctrl Pts',(44.5792857627779,-39.965813664935,-13.9999998080747));
#11762=CARTESIAN_POINT('Ctrl Pts',(41.3150563144229,-41.7109385747971,-3.99999971211205));
#11763=CARTESIAN_POINT('Ctrl Pts',(51.6199305182485,-37.1668633547422,-34.));
#11764=CARTESIAN_POINT('Ctrl Pts',(48.6588079151313,-39.3564461559977,-23.9999999040373));
#11765=CARTESIAN_POINT('Ctrl Pts',(45.6969275253287,-41.5458820677995,-13.9999998080747));
#11766=CARTESIAN_POINT('Ctrl Pts',(42.7358049222115,-43.735464869055,-3.99999971211205));
#11767=CARTESIAN_POINT('Ctrl Pts',(51.9005551786651,-37.4921991210188,-34.));
#11768=CARTESIAN_POINT('Ctrl Pts',(49.1132217411204,-39.8921924913,-23.9999999040373));
#11769=CARTESIAN_POINT('Ctrl Pts',(46.3256631687366,-42.2916034298418,-13.9999998080747));
#11770=CARTESIAN_POINT('Ctrl Pts',(43.5383297311919,-44.6915968001231,-3.99999971211205));
#11771=CARTESIAN_POINT('Ctrl Pts',(52.0676155794413,-37.6720269568422,-34.));
#11772=CARTESIAN_POINT('Ctrl Pts',(49.3857088107923,-40.1875772145296,-23.9999999040373));
#11773=CARTESIAN_POINT('Ctrl Pts',(46.7034126899186,-42.7030941779731,-13.9999998080747));
#11774=CARTESIAN_POINT('Ctrl Pts',(44.0215059212697,-45.2186444356604,-3.99999971211205));
#11775=CARTESIAN_POINT('Ctrl Pts',(52.4961501873064,-38.1112638587989,-34.));
#11776=CARTESIAN_POINT('Ctrl Pts',(50.0870157545611,-40.9090168295713,-23.9999999040373));
#11777=CARTESIAN_POINT('Ctrl Pts',(47.6773300976943,-43.7048156057298,-13.9999998080747));
#11778=CARTESIAN_POINT('Ctrl Pts',(45.2681956649491,-46.5025685765022,-3.99999971211205));
#11779=CARTESIAN_POINT('Ctrl Pts',(53.3064390197531,-38.775840191671,-34.));
#11780=CARTESIAN_POINT('Ctrl Pts',(51.4281605463374,-41.9822932712517,-23.9999999040374));
#11781=CARTESIAN_POINT('Ctrl Pts',(49.5480501429332,-45.1872744154416,-13.9999998080747));
#11782=CARTESIAN_POINT('Ctrl Pts',(47.6697716695174,-48.3937274950224,-3.99999971211205));
#11783=CARTESIAN_POINT('Ctrl Pts',(55.0462709101127,-39.7067763819076,-34.));
#11784=CARTESIAN_POINT('Ctrl Pts',(54.2297588379358,-43.3721821839615,-23.9999999040373));
#11785=CARTESIAN_POINT('Ctrl Pts',(53.413489653657,-47.0379927864881,-13.9999998080747));
#11786=CARTESIAN_POINT('Ctrl Pts',(52.59697758148,-50.7033985885421,-3.99999971211205));
#11787=CARTESIAN_POINT('Ctrl Pts',(56.5182522957532,-40.,-34.));
#11788=CARTESIAN_POINT('Ctrl Pts',(56.3315054813569,-43.6788982073547,-23.9999999040374));
#11789=CARTESIAN_POINT('Ctrl Pts',(56.135211854496,-47.3505136631923,-13.9999998080747));
#11790=CARTESIAN_POINT('Ctrl Pts',(55.9484650400997,-51.029411870547,-3.99999971211205));
#11791=CARTESIAN_POINT('Ctrl Pts',(57.5,-40.,-34.));
#11792=CARTESIAN_POINT('Ctrl Pts',(57.5,-43.6764706235157,-23.9999999040374));
#11793=CARTESIAN_POINT('Ctrl Pts',(57.5,-47.3529412470314,-13.9999998080747));
#11794=CARTESIAN_POINT('Ctrl Pts',(57.5,-51.029411870547,-3.99999971211205));
#11795=CARTESIAN_POINT('',(101.029411764706,-30.4822272088574,-4.));
#11796=CARTESIAN_POINT('',(57.5,-51.0294117647059,-4.));
#11797=CARTESIAN_POINT('Ctrl Pts',(101.028897670786,-30.4827833857723,-4.));
#11798=CARTESIAN_POINT('Ctrl Pts',(101.026112986362,-27.1041057232079,-4.));
#11799=CARTESIAN_POINT('Ctrl Pts',(101.028095977356,-23.5516638559225,-4.));
#11800=CARTESIAN_POINT('Ctrl Pts',(101.028850673576,-20.0006384247338,-4.));
#11801=CARTESIAN_POINT('Ctrl Pts',(101.029757088119,-15.7357421592001,-4.));
#11802=CARTESIAN_POINT('Ctrl Pts',(101.028891713731,-11.4728890724273,-4.));
#11803=CARTESIAN_POINT('Ctrl Pts',(101.029102167114,-7.50027335809802,-4.));
#11804=CARTESIAN_POINT('Ctrl Pts',(101.029143268826,-6.72441836859826,-3.99999999999999));
#11805=CARTESIAN_POINT('Ctrl Pts',(100.979783617465,-5.78342805743073,-3.99999999999999));
#11806=CARTESIAN_POINT('Ctrl Pts',(100.820541925853,-4.73288948546298,-3.99999999999999));
#11807=CARTESIAN_POINT('Ctrl Pts',(100.661300234242,-3.68235091349524,-4.));
#11808=CARTESIAN_POINT('Ctrl Pts',(100.392176502381,-2.52226408072728,-4.));
#11809=CARTESIAN_POINT('Ctrl Pts',(99.9700010137646,-1.32752516585873,-4.));
#11810=CARTESIAN_POINT('Ctrl Pts',(99.5478255251481,-0.132786250990184,
-4.));
#11811=CARTESIAN_POINT('Ctrl Pts',(98.9725982797766,1.09660474597896,-4.));
#11812=CARTESIAN_POINT('Ctrl Pts',(98.2389312219927,2.27759438937669,-4.));
#11813=CARTESIAN_POINT('Ctrl Pts',(97.5052641642088,3.45858403277443,-4.));
#11814=CARTESIAN_POINT('Ctrl Pts',(96.6131572940125,4.59117232260075,-4.));
#11815=CARTESIAN_POINT('Ctrl Pts',(95.6015519409605,5.60281035029647,-4.));
#11816=CARTESIAN_POINT('Ctrl Pts',(94.5899465879085,6.61444837799218,-3.99999999999999));
#11817=CARTESIAN_POINT('Ctrl Pts',(93.4588427520007,7.50513614355727,-3.99999999999999));
#11818=CARTESIAN_POINT('Ctrl Pts',(92.2776048723751,8.23901041765562,-3.99999999999999));
#11819=CARTESIAN_POINT('Ctrl Pts',(91.0963669927495,8.97288469175397,-4.));
#11820=CARTESIAN_POINT('Ctrl Pts',(89.864995069406,9.54994547438559,-4.));
#11821=CARTESIAN_POINT('Ctrl Pts',(88.6712507190133,9.97124718471631,-4.));
#11822=CARTESIAN_POINT('Ctrl Pts',(86.2837620182278,10.8138506053778,-3.99999999999999));
#11823=CARTESIAN_POINT('Ctrl Pts',(84.0467836092456,11.0334177368356,-3.99999999999999));
#11824=CARTESIAN_POINT('Ctrl Pts',(82.4980915524867,11.0308994341456,-3.99999999999999));
#11825=CARTESIAN_POINT('Ctrl Pts',(80.5156468673967,11.0276758134384,-4.));
#11826=CARTESIAN_POINT('Ctrl Pts',(78.4550465195663,11.0284002875642,-4.));
#11827=CARTESIAN_POINT('Ctrl Pts',(76.3591132955209,11.0287595987413,-4.));
#11828=CARTESIAN_POINT('Ctrl Pts',(74.2631800714755,11.0291189099184,-4.));
#11829=CARTESIAN_POINT('Ctrl Pts',(72.131913971215,11.0291130581469,-4.));
#11830=CARTESIAN_POINT('Ctrl Pts',(69.9997283807515,11.0286708286837,-4.));
#11831=CARTESIAN_POINT('Ctrl Pts',(65.7353571998245,11.0277863697573,-3.99999999999999));
#11832=CARTESIAN_POINT('Ctrl Pts',(61.4673080580857,11.0251564000642,-3.99999999999999));
#11833=CARTESIAN_POINT('Ctrl Pts',(57.5019587991054,11.0311463158868,-3.99999999999999));
#11834=CARTESIAN_POINT('Ctrl Pts',(55.953087109054,11.0334859864776,-3.99999999999999));
#11835=CARTESIAN_POINT('Ctrl Pts',(53.7158648375041,10.8136335065771,-3.99999999999999));
#11836=CARTESIAN_POINT('Ctrl Pts',(51.3284667142085,9.97113016150669,-3.99999999999999));
#11837=CARTESIAN_POINT('Ctrl Pts',(50.1347676525606,9.54987848897145,-3.99999999999999));
#11838=CARTESIAN_POINT('Ctrl Pts',(48.9035246279764,8.97296410014371,-3.99999999999999));
#11839=CARTESIAN_POINT('Ctrl Pts',(47.7221145375554,8.23890604055198,-3.99999999999999));
#11840=CARTESIAN_POINT('Ctrl Pts',(46.5407044471344,7.50484798096025,-3.99999999999999));
#11841=CARTESIAN_POINT('Ctrl Pts',(45.4091272908767,6.61364625060453,-3.99999999999999));
#11842=CARTESIAN_POINT('Ctrl Pts',(44.3977371867626,5.60225756998887,-3.99999999999999));
#11843=CARTESIAN_POINT('Ctrl Pts',(43.3863470826486,4.59086888937321,-3.99999999999999));
#11844=CARTESIAN_POINT('Ctrl Pts',(42.4951440306781,3.45929325849759,-3.99999999999999));
#11845=CARTESIAN_POINT('Ctrl Pts',(41.7610853375733,2.27788361560696,-3.99999999999999));
#11846=CARTESIAN_POINT('Ctrl Pts',(41.0270266444684,1.09647397271631,-3.99999999999999));
#11847=CARTESIAN_POINT('Ctrl Pts',(40.4501123102291,-0.134769682189353,
-3.99999999999999));
#11848=CARTESIAN_POINT('Ctrl Pts',(40.0288589176805,-1.32846731453972,-4.));
#11849=CARTESIAN_POINT('Ctrl Pts',(39.1863521325834,-3.71586257924044,-3.99999999999999));
#11850=CARTESIAN_POINT('Ctrl Pts',(38.9664891142493,-5.95307375371995,-3.99999999999999));
#11851=CARTESIAN_POINT('Ctrl Pts',(38.9688367037334,-7.5019593571079,-3.99999999999999));
#11852=CARTESIAN_POINT('Ctrl Pts',(38.9748468931383,-11.4673442363653,-3.99999999999999));
#11853=CARTESIAN_POINT('Ctrl Pts',(38.9715732017237,-15.7347379616171,-4.));
#11854=CARTESIAN_POINT('Ctrl Pts',(38.97089330909,-19.9993601677148,-4.));
#11855=CARTESIAN_POINT('Ctrl Pts',(38.9705533627731,-22.1316712707636,-4.));
#11856=CARTESIAN_POINT('Ctrl Pts',(38.9708618661514,-24.2632894940239,-4.));
#11857=CARTESIAN_POINT('Ctrl Pts',(38.9707701056481,-26.3587620052028,-4.));
#11858=CARTESIAN_POINT('Ctrl Pts',(38.9706783451449,-28.4542345163816,-3.99999999999999));
#11859=CARTESIAN_POINT('Ctrl Pts',(38.97018632076,-30.513561315479,-3.99999999999999));
#11860=CARTESIAN_POINT('Ctrl Pts',(38.9701689844524,-32.4996326285262,-3.99999999999999));
#11861=CARTESIAN_POINT('Ctrl Pts',(38.9701622128633,-33.2753952235197,-3.99999999999999));
#11862=CARTESIAN_POINT('Ctrl Pts',(39.0196548906783,-34.2163847301766,-4.));
#11863=CARTESIAN_POINT('Ctrl Pts',(39.1788159583642,-35.2669062878482,-4.));
#11864=CARTESIAN_POINT('Ctrl Pts',(39.3379770260502,-36.3174278455198,-3.99999999999999));
#11865=CARTESIAN_POINT('Ctrl Pts',(39.6068064836072,-37.4774814542061,-4.));
#11866=CARTESIAN_POINT('Ctrl Pts',(40.0291053058321,-38.6721889508822,-4.));
#11867=CARTESIAN_POINT('Ctrl Pts',(40.451404128057,-39.8668964475582,-4.));
#11868=CARTESIAN_POINT('Ctrl Pts',(41.0271723149498,-41.0962578322241,-4.));
#11869=CARTESIAN_POINT('Ctrl Pts',(41.7603326054617,-42.2772930676699,-4.));
#11870=CARTESIAN_POINT('Ctrl Pts',(42.1269127507176,-42.8678106853928,-4.));
#11871=CARTESIAN_POINT('Ctrl Pts',(42.5328409218783,-43.4462467658107,-4.));
#11872=CARTESIAN_POINT('Ctrl Pts',(42.9738740471137,-44.003299525954,-4.));
#11873=CARTESIAN_POINT('Ctrl Pts',(43.1943906097314,-44.2818259060257,-3.99999999999999));
#11874=CARTESIAN_POINT('Ctrl Pts',(43.4236834108677,-44.5550064560287,-3.99999999999999));
#11875=CARTESIAN_POINT('Ctrl Pts',(43.661173073594,-44.8217491834332,-3.99999999999999));
#11876=CARTESIAN_POINT('Ctrl Pts',(43.7799179049572,-44.9551205471355,-3.99999999999999));
#11877=CARTESIAN_POINT('Ctrl Pts',(43.9007119517179,-45.0868824551881,-3.99999999999999));
#11878=CARTESIAN_POINT('Ctrl Pts',(44.0234434618895,-45.2169596158503,-3.99999999999999));
#11879=CARTESIAN_POINT('Ctrl Pts',(44.1461749720612,-45.3470367765125,-3.99999999999999));
#11880=CARTESIAN_POINT('Ctrl Pts',(44.2708439456438,-45.4754291897843,-4.));
#11881=CARTESIAN_POINT('Ctrl Pts',(44.397357386144,-45.6019162950896,-3.99999999999999));
#11882=CARTESIAN_POINT('Ctrl Pts',(45.4094649101455,-46.613813137532,-3.99999999999999));
#11883=CARTESIAN_POINT('Ctrl Pts',(46.5396183168682,-47.5037702701223,-3.99999999999999));
#11884=CARTESIAN_POINT('Ctrl Pts',(47.720595755404,-48.2374577214558,-4.));
#11885=CARTESIAN_POINT('Ctrl Pts',(48.9015731939397,-48.9711451727892,-4.));
#11886=CARTESIAN_POINT('Ctrl Pts',(50.1333746642886,-49.548562942866,-4.));
#11887=CARTESIAN_POINT('Ctrl Pts',(51.326963137909,-49.9697318208745,-4.));
#11888=CARTESIAN_POINT('Ctrl Pts',(53.7141400851501,-50.8120695768918,-3.99999999999999));
#11889=CARTESIAN_POINT('Ctrl Pts',(55.9484650454768,-51.0294117646361,-3.99999999999999));
#11890=CARTESIAN_POINT('Ctrl Pts',(57.5000000000009,-51.0294117647059,-3.99999999999999));
#11891=CARTESIAN_POINT('',(99.0294594921581,-40.8716140754297,-4.));
#11892=CARTESIAN_POINT('Ctrl Pts',(99.0297876967533,-40.8708974074606,-4.00000000000001));
#11893=CARTESIAN_POINT('Ctrl Pts',(99.0363297708334,-40.857975298406,-4.00000000562896));
#11894=CARTESIAN_POINT('Ctrl Pts',(99.0428467721281,-40.8450401806828,-4.00003108229538));
#11895=CARTESIAN_POINT('Ctrl Pts',(99.0493388005704,-40.8320923632892,-4.0000926164181));
#11896=CARTESIAN_POINT('Ctrl Pts',(99.1309179612605,-40.669389429201,-4.00086585734427));
#11897=CARTESIAN_POINT('Ctrl Pts',(99.2085418178482,-40.5047045058844,-4.00644473889853));
#11898=CARTESIAN_POINT('Ctrl Pts',(99.28245036116,-40.3386132264904,-4.01559046763381));
#11899=CARTESIAN_POINT('Ctrl Pts',(99.290374167791,-40.3208064192928,-4.01657099008427));
#11900=CARTESIAN_POINT('Ctrl Pts',(99.2982553058414,-40.3029834133445,-4.01759251056149));
#11901=CARTESIAN_POINT('Ctrl Pts',(99.3060940965935,-40.2851448933065,-4.01865350249599));
#11902=CARTESIAN_POINT('Ctrl Pts',(99.3804151201737,-40.1160145886047,-4.0287129630782));
#11903=CARTESIAN_POINT('Ctrl Pts',(99.4510141338604,-39.9452943684271,-4.04233044386172));
#11904=CARTESIAN_POINT('Ctrl Pts',(99.5181333760185,-39.7735643623279,-4.05826516945249));
#11905=CARTESIAN_POINT('Ctrl Pts',(99.5413727210793,-39.7141046196267,-4.06378240377375));
#11906=CARTESIAN_POINT('Ctrl Pts',(99.5641952401237,-39.6545235082121,-4.06957743384558));
#11907=CARTESIAN_POINT('Ctrl Pts',(99.5866120229359,-39.5948440855005,-4.07559875771557));
#11908=CARTESIAN_POINT('Ctrl Pts',(99.6487090767407,-39.4295252547742,-4.09227851392605));
#11909=CARTESIAN_POINT('Ctrl Pts',(99.7078694358197,-39.2630526252717,-4.11067892544293));
#11910=CARTESIAN_POINT('Ctrl Pts',(99.7644063068691,-39.095379266457,-4.12991443097147));
#11911=CARTESIAN_POINT('Ctrl Pts',(99.8139834343724,-38.9483466603973,-4.1467820271521));
#11912=CARTESIAN_POINT('Ctrl Pts',(99.8615426998362,-38.8003902467711,-4.16429177047018));
#11913=CARTESIAN_POINT('Ctrl Pts',(99.9072623512801,-38.651481340481,-4.18184653297721));
#11914=CARTESIAN_POINT('Ctrl Pts',(99.962437125595,-38.4717770986823,-4.20303173515804));
#11915=CARTESIAN_POINT('Ctrl Pts',(100.014932593658,-38.2906850331369,-4.22428250247631));
#11916=CARTESIAN_POINT('Ctrl Pts',(100.065169970455,-38.1081039162221,-4.24454933995908));
#11917=CARTESIAN_POINT('Ctrl Pts',(100.101125406277,-37.9774286292126,-4.25905453551045));
#11918=CARTESIAN_POINT('Ctrl Pts',(100.135923157615,-37.8459907661956,-4.27305572084969));
#11919=CARTESIAN_POINT('Ctrl Pts',(100.169703554909,-37.7137618136039,-4.28616813309213));
#11920=CARTESIAN_POINT('Ctrl Pts',(100.206484309823,-37.5697883530352,-4.30044518308721));
#11921=CARTESIAN_POINT('Ctrl Pts',(100.241883206017,-37.4255654142974,-4.3136051856847));
#11922=CARTESIAN_POINT('Ctrl Pts',(100.276096030004,-37.2808379639562,-4.32536300595366));
#11923=CARTESIAN_POINT('Ctrl Pts',(100.309894634125,-37.1378627508745,-4.33697847250384));
#11924=CARTESIAN_POINT('Ctrl Pts',(100.342535426277,-36.9943945982655,-4.34722550405876));
#11925=CARTESIAN_POINT('Ctrl Pts',(100.374168562898,-36.8502207333883,-4.35582919732159));
#11926=CARTESIAN_POINT('Ctrl Pts',(100.40580169952,-36.7060468685112,-4.36443289058442));
#11927=CARTESIAN_POINT('Ctrl Pts',(100.43642696684,-36.5611665518547,-4.37139324555516));
#11928=CARTESIAN_POINT('Ctrl Pts',(100.466159273913,-36.4154101666532,-4.37643535893694));
#11929=CARTESIAN_POINT('Ctrl Pts',(100.490000003374,-36.2985360021862,-4.38047835703839));
#11930=CARTESIAN_POINT('Ctrl Pts',(100.513094153227,-36.1819133400028,-4.3832796022751));
#11931=CARTESIAN_POINT('Ctrl Pts',(100.53553314882,-36.0652096199579,-4.38482867978624));
#11932=CARTESIAN_POINT('Ctrl Pts',(100.557446692261,-35.9512387415286,-4.38634148267402));
#11933=CARTESIAN_POINT('Ctrl Pts',(100.578735094624,-35.8371902411458,-4.386660075029));
#11934=CARTESIAN_POINT('Ctrl Pts',(100.599451418506,-35.7227914131157,-4.38577475664292));
#11935=CARTESIAN_POINT('Ctrl Pts',(100.614848042184,-35.6377688138195,-4.38511677725899));
#11936=CARTESIAN_POINT('Ctrl Pts',(100.62992800446,-35.5525534058959,-4.38379380055582));
#11937=CARTESIAN_POINT('Ctrl Pts',(100.644702600237,-35.4670487617374,-4.3818018443664));
#11938=CARTESIAN_POINT('Ctrl Pts',(100.666621558907,-35.3401977270494,-4.37884666332136));
#11939=CARTESIAN_POINT('Ctrl Pts',(100.687725974415,-35.213723795163,-4.37435449140813));
#11940=CARTESIAN_POINT('Ctrl Pts',(100.707980339889,-35.0875350547321,-4.36853582075138));
#11941=CARTESIAN_POINT('Ctrl Pts',(100.727776810372,-34.9641990915008,-4.36284869408917));
#11942=CARTESIAN_POINT('Ctrl Pts',(100.746760958173,-34.8411353208319,-4.3558943676378));
#11943=CARTESIAN_POINT('Ctrl Pts',(100.764883802433,-34.7183050662001,-4.34786937790079));
#11944=CARTESIAN_POINT('Ctrl Pts',(100.782324677076,-34.600096961419,-4.34014637162237));
#11945=CARTESIAN_POINT('Ctrl Pts',(100.798967588155,-34.4821050119278,-4.33143176489459));
#11946=CARTESIAN_POINT('Ctrl Pts',(100.814757952845,-34.3643413535874,-4.32190073142909));
#11947=CARTESIAN_POINT('Ctrl Pts',(100.830195530443,-34.2492087616855,-4.31258263956737));
#11948=CARTESIAN_POINT('Ctrl Pts',(100.844818019536,-34.1342941375542,-4.30248419452374));
#11949=CARTESIAN_POINT('Ctrl Pts',(100.858567150638,-34.0196569830913,-4.2917690892241));
#11950=CARTESIAN_POINT('Ctrl Pts',(100.871829818554,-33.9090758489745,-4.28143309910146));
#11951=CARTESIAN_POINT('Ctrl Pts',(100.884279636932,-33.7987527823767,-4.27052331333933));
#11952=CARTESIAN_POINT('Ctrl Pts',(100.895860452056,-33.6887888766439,-4.2591866573231));
#11953=CARTESIAN_POINT('Ctrl Pts',(100.904097336413,-33.6105767676301,-4.25112343175572));
#11954=CARTESIAN_POINT('Ctrl Pts',(100.911894522097,-33.5325473076422,-4.24284426097953));
#11955=CARTESIAN_POINT('Ctrl Pts',(100.91923139114,-33.4547530213563,-4.2344020100094));
#11956=CARTESIAN_POINT('Ctrl Pts',(100.925484235481,-33.388452865272,-4.22720710426831));
#11957=CARTESIAN_POINT('Ctrl Pts',(100.931210719632,-33.3242179494318,-4.22014170724629));
#11958=CARTESIAN_POINT('Ctrl Pts',(100.936497745649,-33.2615138810901,-4.21318762563807));
#11959=CARTESIAN_POINT('Ctrl Pts',(100.941803092614,-33.1985925265126,-4.20620944629178));
#11960=CARTESIAN_POINT('Ctrl Pts',(100.946665649427,-33.1372125273884,-4.19934335517084));
#11961=CARTESIAN_POINT('Ctrl Pts',(100.951146893629,-33.0768791520674,-4.19257096917995));
#11962=CARTESIAN_POINT('Ctrl Pts',(100.955582358486,-33.0171621284353,-4.18586776830461));
#11963=CARTESIAN_POINT('Ctrl Pts',(100.95964401044,-32.9584703461822,-4.17925636779906));
#11964=CARTESIAN_POINT('Ctrl Pts',(100.963369740684,-32.900369840366,-4.17271894222431));
#11965=CARTESIAN_POINT('Ctrl Pts',(100.967045956895,-32.8430414758878,-4.16626839741695));
#11966=CARTESIAN_POINT('Ctrl Pts',(100.970394929275,-32.786288591991,-4.15988987438862));
#11967=CARTESIAN_POINT('Ctrl Pts',(100.973435057805,-32.7297411946189,-4.15356624898437));
#11968=CARTESIAN_POINT('Ctrl Pts',(100.976387973781,-32.6748159796428,-4.1474240302281));
#11969=CARTESIAN_POINT('Ctrl Pts',(100.979049334627,-32.6200844824109,-4.1413336045637));
#11970=CARTESIAN_POINT('Ctrl Pts',(100.981421626869,-32.565254438252,-4.13527927969185));
#11971=CARTESIAN_POINT('Ctrl Pts',(100.982391042416,-32.5428486417407,-4.13280523515709));
#11972=CARTESIAN_POINT('Ctrl Pts',(100.983312031525,-32.5204269556824,-4.13033721899816));
#11973=CARTESIAN_POINT('Ctrl Pts',(100.984184140685,-32.497971899261,-4.12787416040619));
#11974=CARTESIAN_POINT('Ctrl Pts',(100.98688477831,-32.4284359133778,-4.12024687128854));
#11975=CARTESIAN_POINT('Ctrl Pts',(100.989567983344,-32.3571005371889,-4.11266712220852));
#11976=CARTESIAN_POINT('Ctrl Pts',(100.992244775981,-32.2832005391473,-4.10510311527223));
#11977=CARTESIAN_POINT('Ctrl Pts',(101.001564545295,-32.0259034573419,-4.07876756773454));
#11978=CARTESIAN_POINT('Ctrl Pts',(101.009763756026,-31.7669149549896,-4.05557287525197));
#11979=CARTESIAN_POINT('Ctrl Pts',(101.016031880788,-31.5073720368127,-4.03771971824609));
#11980=CARTESIAN_POINT('Ctrl Pts',(101.022820028933,-31.2262966202453,-4.0183854070743));
#11981=CARTESIAN_POINT('Ctrl Pts',(101.027343386491,-30.9445739481981,-4.00531569778269));
#11982=CARTESIAN_POINT('Ctrl Pts',(101.028571453116,-30.6636919539369,-4.00130569467374));
#11983=CARTESIAN_POINT('Ctrl Pts',(101.028835013209,-30.6034107908329,-4.00044509251199));
#11984=CARTESIAN_POINT('Ctrl Pts',(101.028947382771,-30.5431024911639,-4.00000000716579));
#11985=CARTESIAN_POINT('Ctrl Pts',(101.028897670786,-30.4827833859114,-4.));
#11986=CARTESIAN_POINT('',(84.397656243832,-50.9313164172123,-4.));
#11987=CARTESIAN_POINT('Ctrl Pts',(84.399343428764,-50.9299943176395,-4.00000000000001));
#11988=CARTESIAN_POINT('Ctrl Pts',(85.6663952181601,-50.7964850393007,-4.00000000000001));
#11989=CARTESIAN_POINT('Ctrl Pts',(87.1379558184333,-50.5122883766472,-4.00000000000001));
#11990=CARTESIAN_POINT('Ctrl Pts',(88.6715573419843,-49.9710955605583,-4.00000000000001));
#11991=CARTESIAN_POINT('Ctrl Pts',(89.8652404870409,-49.549856579721,-4.00000000000001));
#11992=CARTESIAN_POINT('Ctrl Pts',(91.0965100824315,-48.9729207999523,-4.00000000000001));
#11993=CARTESIAN_POINT('Ctrl Pts',(92.2779250635225,-48.2388582359454,-4.00000000000001));
#11994=CARTESIAN_POINT('Ctrl Pts',(93.4593400446135,-47.5047956719385,-4.00000000000001));
#11995=CARTESIAN_POINT('Ctrl Pts',(94.5909004114051,-46.6136063236933,-4.00000000000001));
#11996=CARTESIAN_POINT('Ctrl Pts',(95.6022848769836,-45.6022213467379,-4.00000000000001));
#11997=CARTESIAN_POINT('Ctrl Pts',(96.6136693425621,-44.5908363697825,-4.00000000000001));
#11998=CARTESIAN_POINT('Ctrl Pts',(97.5048779069275,-43.4592557641168,-4.00000000000001));
#11999=CARTESIAN_POINT('Ctrl Pts',(98.2389390586819,-42.2778429365748,-4.00000000000001));
#12000=CARTESIAN_POINT('Ctrl Pts',(98.526669791477,-41.8147632901588,-4.00000000000001));
#12001=CARTESIAN_POINT('Ctrl Pts',(98.790256188795,-41.3440273555318,-4.00000000000001));
#12002=CARTESIAN_POINT('Ctrl Pts',(99.0297876967533,-40.8708974074606,-4.00000000000001));
#12003=CARTESIAN_POINT('',(70.4822272088575,-51.0294117647059,-4.));
#12004=CARTESIAN_POINT('Ctrl Pts',(70.4857340775544,-51.0262712228289,-3.99999999999999));
#12005=CARTESIAN_POINT('Ctrl Pts',(70.6906473410671,-51.0262345825541,-4.00000003940544));
#12006=CARTESIAN_POINT('Ctrl Pts',(70.8956404224864,-51.0243170901897,-4.00512522974239));
#12007=CARTESIAN_POINT('Ctrl Pts',(71.1001423069666,-51.0209339748477,-4.0142474379921));
#12008=CARTESIAN_POINT('Ctrl Pts',(71.374301162493,-51.0163985103816,-4.0264768322589));
#12009=CARTESIAN_POINT('Ctrl Pts',(71.6518722274378,-51.0090852923271,-4.04627909045476));
#12010=CARTESIAN_POINT('Ctrl Pts',(71.9290610105184,-51.0000269129718,-4.07085000895095));
#12011=CARTESIAN_POINT('Ctrl Pts',(72.2455418739038,-50.9896844897057,-4.09890390569751));
#12012=CARTESIAN_POINT('Ctrl Pts',(72.5615235678842,-50.9770671350156,-4.13317421733312));
#12013=CARTESIAN_POINT('Ctrl Pts',(72.8712872561973,-50.9637102777972,-4.16948720804704));
#12014=CARTESIAN_POINT('Ctrl Pts',(73.012150575256,-50.9576363210651,-4.18600033915278));
#12015=CARTESIAN_POINT('Ctrl Pts',(73.151727259345,-50.9514094165854,-4.20293588100796));
#12016=CARTESIAN_POINT('Ctrl Pts',(73.2894772371105,-50.9451738238718,-4.21990134488626));
#12017=CARTESIAN_POINT('Ctrl Pts',(73.5540561262497,-50.9331970074684,-4.25248722010357));
#12018=CARTESIAN_POINT('Ctrl Pts',(73.818260339015,-50.9209008860928,-4.28596482685614));
#12019=CARTESIAN_POINT('Ctrl Pts',(74.0840211469763,-50.9088894869042,-4.31869397932776));
#12020=CARTESIAN_POINT('Ctrl Pts',(74.3382130884361,-50.8974009574148,-4.3499983950274));
#12021=CARTESIAN_POINT('Ctrl Pts',(74.5938291460908,-50.8861728956555,-4.38061810026732));
#12022=CARTESIAN_POINT('Ctrl Pts',(74.8525114992977,-50.8757343887721,-4.40911791766961));
#12023=CARTESIAN_POINT('Ctrl Pts',(75.1058838206764,-50.8655101555068,-4.43703271280183));
#12024=CARTESIAN_POINT('Ctrl Pts',(75.3621980601332,-50.8560433864888,-4.46291375769037));
#12025=CARTESIAN_POINT('Ctrl Pts',(75.6229479590956,-50.8478319029003,-4.48541245380403));
#12026=CARTESIAN_POINT('Ctrl Pts',(75.8796356091399,-50.839748346841,-4.50756064046664));
#12027=CARTESIAN_POINT('Ctrl Pts',(76.1406218940094,-50.8328812575115,-4.52643104533393));
#12028=CARTESIAN_POINT('Ctrl Pts',(76.4072809526139,-50.8277063319259,-4.54073712288228));
#12029=CARTESIAN_POINT('Ctrl Pts',(76.5238105768901,-50.8254448969035,-4.54698885815165));
#12030=CARTESIAN_POINT('Ctrl Pts',(76.641422846338,-50.8235066217134,-4.55236895414688));
#12031=CARTESIAN_POINT('Ctrl Pts',(76.7602293034883,-50.8219312616259,-4.5567700452639));
#12032=CARTESIAN_POINT('Ctrl Pts',(77.022019473081,-50.8184599537997,-4.5664678547732));
#12033=CARTESIAN_POINT('Ctrl Pts',(77.2805411742035,-50.8168731896731,-4.57107003710226));
#12034=CARTESIAN_POINT('Ctrl Pts',(77.5390549391517,-50.8171663850514,-4.57059460865738));
#12035=CARTESIAN_POINT('Ctrl Pts',(77.7975687040998,-50.8174595804297,-4.5701191802125));
#12036=CARTESIAN_POINT('Ctrl Pts',(78.0560755800804,-50.819632718506,-4.56456614099366));
#12037=CARTESIAN_POINT('Ctrl Pts',(78.317783190385,-50.8236826464028,-4.55395350740719));
#12038=CARTESIAN_POINT('Ctrl Pts',(78.6942672449004,-50.8295087409259,-4.53868651797163));
#12039=CARTESIAN_POINT('Ctrl Pts',(79.0586425946393,-50.8389251906144,-4.51371890123538));
#12040=CARTESIAN_POINT('Ctrl Pts',(79.4151062198646,-50.8506701781783,-4.48248699642352));
#12041=CARTESIAN_POINT('Ctrl Pts',(79.6877630679066,-50.8596538473744,-4.45859790333873));
#12042=CARTESIAN_POINT('Ctrl Pts',(79.9557920536061,-50.8699998940094,-4.43104380921506));
#12043=CARTESIAN_POINT('Ctrl Pts',(80.2210390136207,-50.8811444882734,-4.401362513146));
#12044=CARTESIAN_POINT('Ctrl Pts',(80.4690606189564,-50.8915653434644,-4.37360874473679));
#12045=CARTESIAN_POINT('Ctrl Pts',(80.714650613599,-50.9026844003759,-4.3439950877831));
#12046=CARTESIAN_POINT('Ctrl Pts',(80.9592745371753,-50.9140413391301,-4.31377877854356));
#12047=CARTESIAN_POINT('Ctrl Pts',(80.9762639193739,-50.9148300901659,-4.31168022489927));
#12048=CARTESIAN_POINT('Ctrl Pts',(80.9932486204672,-50.9156199888756,-4.30957876439492));
#12049=CARTESIAN_POINT('Ctrl Pts',(81.0102291214368,-50.9164108811748,-4.30747481819607));
#12050=CARTESIAN_POINT('Ctrl Pts',(81.2519232181329,-50.9276681462106,-4.27752803529864));
#12051=CARTESIAN_POINT('Ctrl Pts',(81.481735528178,-50.9385392209427,-4.24864478527281));
#12052=CARTESIAN_POINT('Ctrl Pts',(81.7007513051696,-50.94882319472,-4.22136472331289));
#12053=CARTESIAN_POINT('Ctrl Pts',(81.917840407917,-50.9590167007343,-4.19432464311811));
#12054=CARTESIAN_POINT('Ctrl Pts',(82.1243221617372,-50.9686333886843,-4.16885966867417));
#12055=CARTESIAN_POINT('Ctrl Pts',(82.3212017293641,-50.9774780121095,-4.14549533810978));
#12056=CARTESIAN_POINT('Ctrl Pts',(82.3809960954233,-50.9801642159503,-4.13839934866135));
#12057=CARTESIAN_POINT('Ctrl Pts',(82.4399043913057,-50.9827792074893,-4.13149712257917));
#12058=CARTESIAN_POINT('Ctrl Pts',(82.4979538247212,-50.9853175247331,-4.12480338241493));
#12059=CARTESIAN_POINT('Ctrl Pts',(82.5883486803307,-50.9892702044966,-4.11437985818684));
#12060=CARTESIAN_POINT('Ctrl Pts',(82.6791549974815,-50.9922767666387,-4.10446188869857));
#12061=CARTESIAN_POINT('Ctrl Pts',(82.7700775342144,-50.9943399985371,-4.09510506697147));
#12062=CARTESIAN_POINT('Ctrl Pts',(82.8635059746026,-50.9964600948889,-4.08549036315473));
#12063=CARTESIAN_POINT('Ctrl Pts',(82.9570573187366,-50.9975842971428,-4.07646816478177));
#12064=CARTESIAN_POINT('Ctrl Pts',(83.0504659764442,-50.9977238867172,-4.06809878929846));
#12065=CARTESIAN_POINT('Ctrl Pts',(83.1479154071375,-50.9978695148088,-4.05936736229668));
#12066=CARTESIAN_POINT('Ctrl Pts',(83.2452096146722,-50.9969436487528,-4.05134646088427));
#12067=CARTESIAN_POINT('Ctrl Pts',(83.3421039197787,-50.9949656488179,-4.0441045738472));
#12068=CARTESIAN_POINT('Ctrl Pts',(83.4414646332487,-50.9929372996331,-4.03667834727918));
#12069=CARTESIAN_POINT('Ctrl Pts',(83.5404050796701,-50.9898027432354,-4.03007129887974));
#12070=CARTESIAN_POINT('Ctrl Pts',(83.6387171905383,-50.9855870780757,-4.02435728176337));
#12071=CARTESIAN_POINT('Ctrl Pts',(83.7408198113297,-50.981208874237,-4.01842295569026));
#12072=CARTESIAN_POINT('Ctrl Pts',(83.8422448690534,-50.9756647632504,-4.0134518516546));
#12073=CARTESIAN_POINT('Ctrl Pts',(83.9428156431156,-50.9689846581211,-4.00952669877955));
#12074=CARTESIAN_POINT('Ctrl Pts',(83.9821518878055,-50.9663718687459,-4.00799145382019));
#12075=CARTESIAN_POINT('Ctrl Pts',(84.0213580200142,-50.9635852964738,-4.00661622125165));
#12076=CARTESIAN_POINT('Ctrl Pts',(84.0604255974105,-50.9606267152749,-4.00540595126237));
#12077=CARTESIAN_POINT('Ctrl Pts',(84.1735279034938,-50.9520614962718,-4.0019021679235));
#12078=CARTESIAN_POINT('Ctrl Pts',(84.2865469026467,-50.9418797968386,-3.99999971211205));
#12079=CARTESIAN_POINT('Ctrl Pts',(84.3993434287659,-50.9299943176391,-4.00000000000034));
#12080=CARTESIAN_POINT('Ctrl Pts',(57.5000000000009,-51.0294117647059,-3.99999999999999));
#12081=CARTESIAN_POINT('Ctrl Pts',(61.6219164560573,-51.0294117646956,-3.99999999999999));
#12082=CARTESIAN_POINT('Ctrl Pts',(66.0606221416086,-51.027062158509,-3.99999999999999));
#12083=CARTESIAN_POINT('Ctrl Pts',(70.4857340775275,-51.0262712228289,-3.99999999999999));
#12084=CARTESIAN_POINT('',(57.5,-40.,-34.));
#12085=CARTESIAN_POINT('',(57.5,-40.,-34.));
#12086=CARTESIAN_POINT('Ctrl Pts',(57.5,-40.,-34.));
#12087=CARTESIAN_POINT('Ctrl Pts',(62.5268496177517,-40.,-34.));
#12088=CARTESIAN_POINT('Ctrl Pts',(77.4730164567262,-39.9991002203333,-34.));
#12089=CARTESIAN_POINT('Ctrl Pts',(83.4818567721125,-40.000449738655,-34.));
#12090=CARTESIAN_POINT('Ctrl Pts',(84.9538221665282,-39.7068999507011,-34.));
#12091=CARTESIAN_POINT('Ctrl Pts',(86.6936104620623,-38.7760749943529,-34.));
#12092=CARTESIAN_POINT('Ctrl Pts',(87.8376649843389,-37.8376622433538,-34.));
#12093=CARTESIAN_POINT('Ctrl Pts',(88.7760820493133,-36.6936072361547,-34.));
#12094=CARTESIAN_POINT('Ctrl Pts',(89.7068990117546,-34.9538182695863,-34.));
#12095=CARTESIAN_POINT('Ctrl Pts',(90.0004742653176,-33.481856896222,-34.));
#12096=CARTESIAN_POINT('Ctrl Pts',(89.9995898598365,-29.9865231793097,-34.));
#12097=CARTESIAN_POINT('Ctrl Pts',(90.000135925782,-20.0000225314669,-34.));
#12098=CARTESIAN_POINT('Ctrl Pts',(89.9999571976392,-10.0134037529555,-34.));
#12099=CARTESIAN_POINT('Ctrl Pts',(90.0000110003951,-7.00910114445514,-34.));
#12100=CARTESIAN_POINT('Ctrl Pts',(89.9033084644226,-6.02737955410001,-34.));
#12101=CARTESIAN_POINT('Ctrl Pts',(89.4737960815344,-4.61131042949071,-34.));
#12102=CARTESIAN_POINT('Ctrl Pts',(88.7762037150191,-3.30638227509748,-34.));
#12103=CARTESIAN_POINT('Ctrl Pts',(87.8375030585371,-2.16238147740556,-34.));
#12104=CARTESIAN_POINT('Ctrl Pts',(86.6935938651746,-1.22394328393337,-34.));
#12105=CARTESIAN_POINT('Ctrl Pts',(84.9537412925928,-0.293147056410693,
-34.));
#12106=CARTESIAN_POINT('Ctrl Pts',(83.4818220793032,0.000434588057250507,
-34.));
#12107=CARTESIAN_POINT('Ctrl Pts',(81.243247211842,-0.000185986595448706,
-34.));
#12108=CARTESIAN_POINT('Ctrl Pts',(77.4899463255571,-2.3118621011386E-5,
-34.));
#12109=CARTESIAN_POINT('Ctrl Pts',(67.5033261786159,-3.0616089079035E-5,
-34.));
#12110=CARTESIAN_POINT('Ctrl Pts',(60.0134761441441,-0.000422516954673646,
-34.));
#12111=CARTESIAN_POINT('Ctrl Pts',(56.5181413264779,0.000470627750374,-34.));
#12112=CARTESIAN_POINT('Ctrl Pts',(55.0461807717961,-0.293104692385035,
-34.));
#12113=CARTESIAN_POINT('Ctrl Pts',(53.3063906778002,-1.22392043258687,-34.));
#12114=CARTESIAN_POINT('Ctrl Pts',(52.1623374544943,-2.16233751899459,-34.));
#12115=CARTESIAN_POINT('Ctrl Pts',(51.2239199961965,-3.30639076875017,-34.));
#12116=CARTESIAN_POINT('Ctrl Pts',(50.293104637034,-5.04618059671469,-34.));
#12117=CARTESIAN_POINT('Ctrl Pts',(49.9995277934798,-6.51814135380093,-34.));
#12118=CARTESIAN_POINT('Ctrl Pts',(50.0004259955274,-10.0134743054614,-34.));
#12119=CARTESIAN_POINT('Ctrl Pts',(49.999942006823,-17.5033370716513,-34.));
#12120=CARTESIAN_POINT('Ctrl Pts',(50.000068400347,-27.4899320428882,-34.));
#12121=CARTESIAN_POINT('Ctrl Pts',(49.9999911536444,-31.2432701514418,-34.));
#12122=CARTESIAN_POINT('Ctrl Pts',(49.9999867108432,-32.9908534941675,-34.));
#12123=CARTESIAN_POINT('Ctrl Pts',(50.0966905101296,-33.9725796976973,-34.));
#12124=CARTESIAN_POINT('Ctrl Pts',(50.5261985980983,-35.3886232081684,-34.));
#12125=CARTESIAN_POINT('Ctrl Pts',(51.1075429701626,-36.4760871876591,-34.));
#12126=CARTESIAN_POINT('Ctrl Pts',(51.6199305182485,-37.1668633547422,-34.));
#12127=CARTESIAN_POINT('Ctrl Pts',(51.9005551786651,-37.4921991210188,-34.));
#12128=CARTESIAN_POINT('Ctrl Pts',(52.0676155794413,-37.6720269568422,-34.));
#12129=CARTESIAN_POINT('Ctrl Pts',(52.4961501873064,-38.1112638587989,-34.));
#12130=CARTESIAN_POINT('Ctrl Pts',(53.3064390197531,-38.775840191671,-34.));
#12131=CARTESIAN_POINT('Ctrl Pts',(55.0462709101127,-39.7067763819076,-34.));
#12132=CARTESIAN_POINT('Ctrl Pts',(56.5182522957532,-40.,-34.));
#12133=CARTESIAN_POINT('Ctrl Pts',(57.5,-40.,-34.));
#12134=CARTESIAN_POINT('Origin',(68.8636363636364,-21.8181818181818,-34.));
#12135=CARTESIAN_POINT('Origin',(109.5,-37.4999999999995,-9.));
#12136=CARTESIAN_POINT('',(110.5,-26.5455488498962,-4.));
#12137=CARTESIAN_POINT('Origin',(109.5,-37.4999999999995,-4.));
#12138=CARTESIAN_POINT('Ctrl Pts',(111.476169754311,-29.7148596710047,-4.97616975431122));
#12139=CARTESIAN_POINT('Ctrl Pts',(111.422120030343,-29.6255375690296,-4.92212003034272));
#12140=CARTESIAN_POINT('Ctrl Pts',(111.368961824153,-29.5344224717818,-4.86896182415349));
#12141=CARTESIAN_POINT('Ctrl Pts',(111.112409191008,-29.0750108544578,-4.61240919100857));
#12142=CARTESIAN_POINT('Ctrl Pts',(110.932025417367,-28.683134758576,-4.43202541736663));
#12143=CARTESIAN_POINT('Ctrl Pts',(110.712025813794,-28.0401001620996,-4.21202581379397));
#12144=CARTESIAN_POINT('Ctrl Pts',(110.632413511656,-27.7467763402269,-4.13241351165595));
#12145=CARTESIAN_POINT('Ctrl Pts',(110.526191992984,-27.1427068875449,-4.02619199298428));
#12146=CARTESIAN_POINT('Ctrl Pts',(110.5,-26.8318146778471,-4.));
#12147=CARTESIAN_POINT('Ctrl Pts',(110.5,-26.5455488498962,-4.));
#12148=CARTESIAN_POINT('',(108.409090909091,-43.3999929962133,-9.));
#12149=CARTESIAN_POINT('Origin',(109.5,-37.4999999999995,-9.));
#12150=CARTESIAN_POINT('',(111.476169754311,-45.2851403289944,-4.97616975431122));
#12151=CARTESIAN_POINT('Ctrl Pts',(111.476169754311,-45.2851403289944,-4.97616975431122));
#12152=CARTESIAN_POINT('Ctrl Pts',(111.466502486302,-45.2724606233963,-4.98698913172096));
#12153=CARTESIAN_POINT('Ctrl Pts',(111.456799167811,-45.2598594266768,-4.99787738887553));
#12154=CARTESIAN_POINT('Ctrl Pts',(111.186571045757,-44.9123532044076,-5.30189978217263));
#12155=CARTESIAN_POINT('Ctrl Pts',(110.903655975289,-44.6356361453922,-5.64153131264297));
#12156=CARTESIAN_POINT('Ctrl Pts',(109.883869841643,-43.8227492535495,-6.93163557717713));
#12157=CARTESIAN_POINT('Ctrl Pts',(109.101829328306,-43.5291187063475,-8.04587493954338));
#12158=CARTESIAN_POINT('Ctrl Pts',(108.413864551106,-43.4008774406388,-8.99342645623158));
#12159=CARTESIAN_POINT('Ctrl Pts',(108.411477889828,-43.4004343491077,-8.99671322945806));
#12160=CARTESIAN_POINT('Ctrl Pts',(108.409090909091,-43.3999929962133,-9.));
#12161=CARTESIAN_POINT('',(110.5,-48.4544511501029,-4.));
#12162=CARTESIAN_POINT('Ctrl Pts',(110.5,-48.4544511501029,-4.));
#12163=CARTESIAN_POINT('Ctrl Pts',(110.5,-48.1681853221519,-4.));
#12164=CARTESIAN_POINT('Ctrl Pts',(110.526191992984,-47.8572931124541,-4.02619199298428));
#12165=CARTESIAN_POINT('Ctrl Pts',(110.632413511656,-47.2532236597721,-4.13241351165595));
#12166=CARTESIAN_POINT('Ctrl Pts',(110.712025813794,-46.9598998378994,-4.21202581379397));
#12167=CARTESIAN_POINT('Ctrl Pts',(110.932025417367,-46.3168652414231,-4.43202541736663));
#12168=CARTESIAN_POINT('Ctrl Pts',(111.112409191008,-45.9249891455412,-4.61240919100857));
#12169=CARTESIAN_POINT('Ctrl Pts',(111.368961824153,-45.4655775282172,-4.86896182415349));
#12170=CARTESIAN_POINT('Ctrl Pts',(111.422120030343,-45.3744624309695,-4.92212003034272));
#12171=CARTESIAN_POINT('Ctrl Pts',(111.476169754311,-45.2851403289944,-4.97616975431122));
#12172=CARTESIAN_POINT('Origin',(109.5,-37.4999999999995,-4.));
#12173=CARTESIAN_POINT('Origin',(-8.88178419700125E-14,-1.59872115546023E-13,
-4.));
#12174=CARTESIAN_POINT('',(66.545548849897,-60.5000000000001,-4.));
#12175=CARTESIAN_POINT('Origin',(77.5000000000003,-59.4999999999996,-4.));
#12176=CARTESIAN_POINT('',(10.9544511501031,-60.5000000000001,-4.));
#12177=CARTESIAN_POINT('',(2.59807621135312,-60.5000000000001,-4.));
#12178=CARTESIAN_POINT('',(-10.9544511501035,-60.5000000000002,-4.));
#12179=CARTESIAN_POINT('Origin',(-1.52100554373646E-13,-59.4999999999999,
-4.));
#12180=CARTESIAN_POINT('',(-66.5455488498969,-60.5000000000002,-4.));
#12181=CARTESIAN_POINT('',(-36.151923788647,-60.5000000000002,-4.));
#12182=CARTESIAN_POINT('',(-88.4544511501035,-60.5000000000002,-4.));
#12183=CARTESIAN_POINT('Origin',(-77.5000000000002,-59.4999999999997,-4.));
#12184=CARTESIAN_POINT('',(-107.5,-60.5000000000002,-4.));
#12185=CARTESIAN_POINT('',(-56.25,-60.5000000000002,-4.));
#12186=CARTESIAN_POINT('',(-110.5,-57.5000000000002,-4.));
#12187=CARTESIAN_POINT('Origin',(-107.5,-57.5000000000002,-4.));
#12188=CARTESIAN_POINT('',(-110.5,-48.4544511501029,-4.));
#12189=CARTESIAN_POINT('',(-110.5,-21.3480762113533,-4.));
#12190=CARTESIAN_POINT('',(-110.5,-26.5455488498962,-4.));
#12191=CARTESIAN_POINT('Origin',(-109.5,-37.4999999999996,-4.));
#12192=CARTESIAN_POINT('',(-110.5,26.5455488498965,-4.));
#12193=CARTESIAN_POINT('',(-110.5,16.1519237886465,-4.));
#12194=CARTESIAN_POINT('',(-110.5,48.4544511501032,-4.));
#12195=CARTESIAN_POINT('Origin',(-109.5,37.4999999999998,-4.));
#12196=CARTESIAN_POINT('',(-110.5,57.4999999999998,-4.));
#12197=CARTESIAN_POINT('',(-110.5,31.2499999999998,-4.));
#12198=CARTESIAN_POINT('',(-107.5,60.4999999999998,-4.));
#12199=CARTESIAN_POINT('Origin',(-107.5,57.4999999999998,-4.));
#12200=CARTESIAN_POINT('',(-88.4544511501034,60.4999999999998,-4.));
#12201=CARTESIAN_POINT('',(-41.3480762113534,60.4999999999998,-4.));
#12202=CARTESIAN_POINT('',(-66.5455488498968,60.4999999999998,-4.));
#12203=CARTESIAN_POINT('Origin',(-77.5000000000001,59.4999999999999,-4.));
#12204=CARTESIAN_POINT('',(-10.9544511501033,60.4999999999998,-4.));
#12205=CARTESIAN_POINT('',(-2.59807621135338,60.4999999999998,-4.));
#12206=CARTESIAN_POINT('',(10.9544511501033,60.4999999999999,-4.));
#12207=CARTESIAN_POINT('Origin',(-1.77635683940025E-14,59.4999999999999,
-4.));
#12208=CARTESIAN_POINT('',(66.5455488498967,60.4999999999999,-4.));
#12209=CARTESIAN_POINT('',(36.1519237886466,60.4999999999999,-4.));
#12210=CARTESIAN_POINT('',(88.4544511501034,60.4999999999999,-4.));
#12211=CARTESIAN_POINT('Origin',(77.5,59.4999999999999,-4.));
#12212=CARTESIAN_POINT('',(107.5,60.4999999999999,-4.));
#12213=CARTESIAN_POINT('',(56.2499999999999,60.4999999999999,-4.));
#12214=CARTESIAN_POINT('',(110.5,57.4999999999999,-4.));
#12215=CARTESIAN_POINT('Origin',(107.5,57.4999999999999,-4.));
#12216=CARTESIAN_POINT('',(110.5,48.4544511501032,-4.));
#12217=CARTESIAN_POINT('',(110.5,21.3480762113532,-4.));
#12218=CARTESIAN_POINT('',(110.5,26.5455488498966,-4.));
#12219=CARTESIAN_POINT('Origin',(109.5,37.4999999999999,-4.));
#12220=CARTESIAN_POINT('',(110.5,-16.1519237886465,-4.));
#12221=CARTESIAN_POINT('',(-91.65,-20.,-3.99999999999999));
#12222=CARTESIAN_POINT('Origin',(-90.0000000000001,-20.,-3.99999999999999));
#12223=CARTESIAN_POINT('',(-91.65,20.,-3.99999999999999));
#12224=CARTESIAN_POINT('Origin',(-90.,20.,-3.99999999999999));
#12225=CARTESIAN_POINT('',(-81.,14.,-4.));
#12226=CARTESIAN_POINT('',(-99.,14.,-4.));
#12227=CARTESIAN_POINT('',(-50.,14.,-4.));
#12228=CARTESIAN_POINT('',(-100.,13.,-4.));
#12229=CARTESIAN_POINT('Origin',(-99.,13.,-4.));
#12230=CARTESIAN_POINT('',(-100.,-13.,-4.));
#12231=CARTESIAN_POINT('',(-100.,-7.00000000000009,-4.));
#12232=CARTESIAN_POINT('',(-99.,-14.,-4.));
#12233=CARTESIAN_POINT('Origin',(-99.,-13.,-4.));
#12234=CARTESIAN_POINT('',(-81.,-14.,-4.));
#12235=CARTESIAN_POINT('',(-40.,-14.,-4.));
#12236=CARTESIAN_POINT('',(-80.,-13.,-4.));
#12237=CARTESIAN_POINT('Origin',(-81.,-13.,-4.));
#12238=CARTESIAN_POINT('',(-80.,13.,-4.));
#12239=CARTESIAN_POINT('',(-80.,6.99999999999993,-4.));
#12240=CARTESIAN_POINT('Origin',(-81.,13.,-4.));
#12241=CARTESIAN_POINT('',(-56.25,4.79999999999998,-4.));
#12242=CARTESIAN_POINT('',(-36.25,4.8,-4.));
#12243=CARTESIAN_POINT('',(-17.625,4.80000000000001,-4.));
#12244=CARTESIAN_POINT('',(-35.25,5.8,-4.));
#12245=CARTESIAN_POINT('Origin',(-36.25,5.8,-4.));
#12246=CARTESIAN_POINT('',(-35.25,49.8,-4.));
#12247=CARTESIAN_POINT('',(-35.25,25.3999999999999,-4.));
#12248=CARTESIAN_POINT('',(-36.25,50.8,-4.));
#12249=CARTESIAN_POINT('Origin',(-36.25,49.8,-4.));
#12250=CARTESIAN_POINT('',(-56.25,50.8,-4.));
#12251=CARTESIAN_POINT('',(-28.625,50.8,-4.));
#12252=CARTESIAN_POINT('',(-57.25,49.8,-4.));
#12253=CARTESIAN_POINT('Origin',(-56.25,49.8,-4.));
#12254=CARTESIAN_POINT('',(-57.25,5.79999999999998,-4.));
#12255=CARTESIAN_POINT('',(-57.25,2.39999999999991,-4.));
#12256=CARTESIAN_POINT('Origin',(-56.25,5.79999999999998,-4.));
#12257=CARTESIAN_POINT('',(-57.25,-42.2,-4.));
#12258=CARTESIAN_POINT('Origin',(-46.25,-42.2,-4.));
#12259=CARTESIAN_POINT('Origin',(-81.,-13.,0.));
#12260=CARTESIAN_POINT('',(-81.,-14.,-2.));
#12261=CARTESIAN_POINT('',(-80.,-13.,-2.));
#12262=CARTESIAN_POINT('Origin',(-81.,-13.,-2.));
#12263=CARTESIAN_POINT('',(-80.,-13.,0.));
#12264=CARTESIAN_POINT('',(-81.,-14.,0.));
#12265=CARTESIAN_POINT('Origin',(-80.,14.,0.));
#12266=CARTESIAN_POINT('',(-80.,13.,-2.));
#12267=CARTESIAN_POINT('',(-80.,6.99999999999999,-2.));
#12268=CARTESIAN_POINT('',(-80.,13.,0.));
#12269=CARTESIAN_POINT('Origin',(-99.,-13.,0.));
#12270=CARTESIAN_POINT('',(-100.,-13.,-2.));
#12271=CARTESIAN_POINT('',(-99.,-14.,-2.));
#12272=CARTESIAN_POINT('Origin',(-99.,-13.,-2.));
#12273=CARTESIAN_POINT('',(-99.,-14.,0.));
#12274=CARTESIAN_POINT('',(-100.,-13.,0.));
#12275=CARTESIAN_POINT('Origin',(-80.,-14.,0.));
#12276=CARTESIAN_POINT('',(-85.,-14.,-2.));
#12277=CARTESIAN_POINT('Origin',(-99.,13.,0.));
#12278=CARTESIAN_POINT('',(-99.,14.,-2.));
#12279=CARTESIAN_POINT('',(-100.,13.,-2.));
#12280=CARTESIAN_POINT('Origin',(-99.,13.,-2.));
#12281=CARTESIAN_POINT('',(-100.,13.,0.));
#12282=CARTESIAN_POINT('',(-99.,14.,0.));
#12283=CARTESIAN_POINT('Origin',(-100.,-14.,0.));
#12284=CARTESIAN_POINT('',(-100.,-7.00000000000001,-2.));
#12285=CARTESIAN_POINT('Origin',(-81.,13.,0.));
#12286=CARTESIAN_POINT('',(-81.,14.,-2.));
#12287=CARTESIAN_POINT('Origin',(-81.,13.,-2.));
#12288=CARTESIAN_POINT('',(-81.,14.,0.));
#12289=CARTESIAN_POINT('Origin',(-100.,14.,0.));
#12290=CARTESIAN_POINT('',(-95.,14.,-2.));
#12291=CARTESIAN_POINT('Origin',(-36.25,49.8,0.));
#12292=CARTESIAN_POINT('',(-35.25,49.8,-2.));
#12293=CARTESIAN_POINT('',(-36.25,50.8,-2.));
#12294=CARTESIAN_POINT('Origin',(-36.25,49.8,-2.));
#12295=CARTESIAN_POINT('',(-36.25,50.8,0.));
#12296=CARTESIAN_POINT('',(-35.25,49.8,0.));
#12297=CARTESIAN_POINT('Origin',(-57.25,50.8,0.));
#12298=CARTESIAN_POINT('',(-56.25,50.8,-2.));
#12299=CARTESIAN_POINT('',(-51.75,50.8,-2.));
#12300=CARTESIAN_POINT('',(-56.25,50.8,0.));
#12301=CARTESIAN_POINT('Origin',(-36.25,5.8,0.));
#12302=CARTESIAN_POINT('',(-36.25,4.8,-2.));
#12303=CARTESIAN_POINT('',(-35.25,5.8,-2.));
#12304=CARTESIAN_POINT('Origin',(-36.25,5.8,-2.));
#12305=CARTESIAN_POINT('',(-35.25,5.8,0.));
#12306=CARTESIAN_POINT('',(-36.25,4.8,0.));
#12307=CARTESIAN_POINT('Origin',(-35.25,50.8,0.));
#12308=CARTESIAN_POINT('',(-35.25,39.3,-2.));
#12309=CARTESIAN_POINT('Origin',(-56.25,5.79999999999998,0.));
#12310=CARTESIAN_POINT('',(-57.25,5.79999999999998,-2.));
#12311=CARTESIAN_POINT('',(-56.25,4.79999999999998,-2.));
#12312=CARTESIAN_POINT('Origin',(-56.25,5.79999999999998,-2.));
#12313=CARTESIAN_POINT('',(-56.25,4.79999999999998,0.));
#12314=CARTESIAN_POINT('',(-57.25,5.79999999999998,0.));
#12315=CARTESIAN_POINT('Origin',(-35.25,4.8,0.));
#12316=CARTESIAN_POINT('',(-40.75,4.79999999999999,-2.));
#12317=CARTESIAN_POINT('Origin',(-56.25,49.8,0.));
#12318=CARTESIAN_POINT('',(-57.25,49.8,-2.));
#12319=CARTESIAN_POINT('Origin',(-56.25,49.8,-2.));
#12320=CARTESIAN_POINT('',(-57.25,49.8,0.));
#12321=CARTESIAN_POINT('Origin',(-57.25,4.79999999999998,0.));
#12322=CARTESIAN_POINT('',(-57.25,16.3,-2.));
#12323=CARTESIAN_POINT('Origin',(-90.0000000000001,-20.,-283.047699160407));
#12324=CARTESIAN_POINT('',(-91.65,-20.,-1.99999999999999));
#12325=CARTESIAN_POINT('Origin',(-90.0000000000001,-20.,-1.99999999999999));
#12326=CARTESIAN_POINT('',(-91.65,-20.,-283.047699160407));
#12327=CARTESIAN_POINT('Origin',(-90.,20.,-283.047699160407));
#12328=CARTESIAN_POINT('',(-91.65,20.,-1.99999999999999));
#12329=CARTESIAN_POINT('Origin',(-90.,20.,-1.99999999999999));
#12330=CARTESIAN_POINT('',(-91.65,20.,-283.047699160407));
#12331=CARTESIAN_POINT('Origin',(-81.75,-12.25,0.));
#12332=CARTESIAN_POINT('',(-78.75,-12.25,-2.));
#12333=CARTESIAN_POINT('',(-78.75,-12.25,0.));
#12334=CARTESIAN_POINT('',(-79.2486501605748,-13.9062756355171,-2.));
#12335=CARTESIAN_POINT('Origin',(-81.75,-12.25,-2.));
#12336=CARTESIAN_POINT('',(-79.2486501605748,-13.9062756355171,0.));
#12337=CARTESIAN_POINT('Origin',(-78.75,12.25,0.));
#12338=CARTESIAN_POINT('',(-78.75,12.25,-2.));
#12339=CARTESIAN_POINT('',(-78.75,12.25,0.));
#12340=CARTESIAN_POINT('',(-78.75,-12.25,-2.));
#12341=CARTESIAN_POINT('Origin',(-81.75,12.25,0.));
#12342=CARTESIAN_POINT('',(-79.2486501605748,13.9062756355171,-2.));
#12343=CARTESIAN_POINT('',(-79.2486501605748,13.9062756355171,0.));
#12344=CARTESIAN_POINT('Origin',(-81.75,12.25,-2.));
#12345=CARTESIAN_POINT('Origin',(-85.330813633073,23.091714519632,0.));
#12346=CARTESIAN_POINT('',(-85.330813633073,23.091714519632,-2.));
#12347=CARTESIAN_POINT('',(-85.330813633073,23.091714519632,0.));
#12348=CARTESIAN_POINT('',(-79.2486501605748,13.9062756355171,-2.));
#12349=CARTESIAN_POINT('Origin',(-90.,20.,0.));
#12350=CARTESIAN_POINT('',(-94.669186366927,23.091714519632,-2.));
#12351=CARTESIAN_POINT('',(-94.669186366927,23.091714519632,0.));
#12352=CARTESIAN_POINT('Origin',(-90.,20.,-2.));
#12353=CARTESIAN_POINT('Origin',(-100.751349839425,13.9062756355171,0.));
#12354=CARTESIAN_POINT('',(-100.751349839425,13.9062756355171,-2.));
#12355=CARTESIAN_POINT('',(-100.751349839425,13.9062756355171,0.));
#12356=CARTESIAN_POINT('',(-94.669186366927,23.091714519632,-2.));
#12357=CARTESIAN_POINT('Origin',(-98.25,12.25,0.));
#12358=CARTESIAN_POINT('',(-101.25,12.25,-2.));
#12359=CARTESIAN_POINT('',(-101.25,12.25,0.));
#12360=CARTESIAN_POINT('Origin',(-98.25,12.25,-2.));
#12361=CARTESIAN_POINT('Origin',(-101.25,-12.25,0.));
#12362=CARTESIAN_POINT('',(-101.25,-12.25,-2.));
#12363=CARTESIAN_POINT('',(-101.25,-12.25,0.));
#12364=CARTESIAN_POINT('',(-101.25,12.25,-2.));
#12365=CARTESIAN_POINT('Origin',(-98.25,-12.25,0.));
#12366=CARTESIAN_POINT('',(-100.751349839425,-13.9062756355171,-2.));
#12367=CARTESIAN_POINT('',(-100.751349839425,-13.9062756355171,0.));
#12368=CARTESIAN_POINT('Origin',(-98.25,-12.25,-2.));
#12369=CARTESIAN_POINT('Origin',(-94.669186366927,-23.0917145196319,0.));
#12370=CARTESIAN_POINT('',(-94.669186366927,-23.0917145196319,-2.));
#12371=CARTESIAN_POINT('',(-94.669186366927,-23.0917145196319,0.));
#12372=CARTESIAN_POINT('',(-100.751349839425,-13.9062756355171,-2.));
#12373=CARTESIAN_POINT('Origin',(-90.0000000000001,-20.,0.));
#12374=CARTESIAN_POINT('',(-85.3308136330731,-23.091714519632,-2.));
#12375=CARTESIAN_POINT('',(-85.3308136330731,-23.091714519632,0.));
#12376=CARTESIAN_POINT('Origin',(-90.0000000000001,-20.,-2.));
#12377=CARTESIAN_POINT('Origin',(-79.2486501605748,-13.9062756355171,0.));
#12378=CARTESIAN_POINT('',(-85.3308136330731,-23.091714519632,-2.));
#12379=CARTESIAN_POINT('Origin',(-90.,-4.44089209850063E-15,-2.));
#12380=CARTESIAN_POINT('Origin',(-28.75,52.3,0.));
#12381=CARTESIAN_POINT('',(-28.75,52.3,-2.));
#12382=CARTESIAN_POINT('',(-28.75,52.3,0.));
#12383=CARTESIAN_POINT('',(-28.75,3.29999999999999,-2.));
#12384=CARTESIAN_POINT('',(-28.75,3.29999999999999,-2.));
#12385=CARTESIAN_POINT('',(-28.75,3.3,0.));
#12386=CARTESIAN_POINT('Origin',(-33.75,52.3,0.));
#12387=CARTESIAN_POINT('',(-33.75,57.3,-2.));
#12388=CARTESIAN_POINT('',(-33.75,57.3,0.));
#12389=CARTESIAN_POINT('Origin',(-33.75,52.3,-2.));
#12390=CARTESIAN_POINT('Origin',(-58.75,57.3,0.));
#12391=CARTESIAN_POINT('',(-58.75,57.3,-2.));
#12392=CARTESIAN_POINT('',(-58.75,57.3,0.));
#12393=CARTESIAN_POINT('',(-33.75,57.3,-2.));
#12394=CARTESIAN_POINT('Origin',(-58.75,52.3,0.));
#12395=CARTESIAN_POINT('',(-63.75,52.3,-2.));
#12396=CARTESIAN_POINT('',(-63.75,52.3,0.));
#12397=CARTESIAN_POINT('Origin',(-58.75,52.3,-2.));
#12398=CARTESIAN_POINT('Origin',(-63.75,3.29999999999999,0.));
#12399=CARTESIAN_POINT('',(-63.75,3.29999999999999,-2.));
#12400=CARTESIAN_POINT('',(-63.75,3.29999999999999,0.));
#12401=CARTESIAN_POINT('',(-63.75,52.3,-2.));
#12402=CARTESIAN_POINT('Origin',(-58.75,3.29999999999999,0.));
#12403=CARTESIAN_POINT('',(-58.75,-1.70000000000001,-2.));
#12404=CARTESIAN_POINT('',(-58.75,-1.70000000000001,0.));
#12405=CARTESIAN_POINT('Origin',(-58.75,3.29999999999999,-2.));
#12406=CARTESIAN_POINT('Origin',(-33.75,-1.70000000000001,0.));
#12407=CARTESIAN_POINT('',(-33.75,-1.70000000000001,-2.));
#12408=CARTESIAN_POINT('',(-33.75,-1.70000000000001,0.));
#12409=CARTESIAN_POINT('',(-58.75,-1.70000000000001,-2.));
#12410=CARTESIAN_POINT('Origin',(-33.75,3.29999999999999,0.));
#12411=CARTESIAN_POINT('Origin',(-33.75,3.29999999999999,-2.));
#12412=CARTESIAN_POINT('Origin',(-46.25,27.8,-2.));
#12413=CARTESIAN_POINT('Origin',(-46.25,-42.2,0.));
#12414=CARTESIAN_POINT('',(-61.35,-42.2,-2.));
#12415=CARTESIAN_POINT('',(-61.35,-42.2,0.));
#12416=CARTESIAN_POINT('Origin',(-46.25,-42.2,-2.));
#12417=CARTESIAN_POINT('Origin',(-46.25,-42.2,-2.));
#12418=CARTESIAN_POINT('',(-57.25,-42.2,-2.));
#12419=CARTESIAN_POINT('Origin',(-46.25,-42.2,-2.));
#12420=CARTESIAN_POINT('Origin',(-46.25,-42.2,0.));
#12421=CARTESIAN_POINT('',(-57.25,-42.2,0.));
#12422=CARTESIAN_POINT('Origin',(-1.52100554373646E-13,-59.4999999999999,
-283.047699160407));
#12423=CARTESIAN_POINT('',(-2.25000000000015,-59.4999999999999,-54.));
#12424=CARTESIAN_POINT('',(-2.25000000000015,-59.4999999999999,-283.047699160407));
#12425=CARTESIAN_POINT('Origin',(-1.52100554373646E-13,-59.4999999999999,
-54.));
#12426=CARTESIAN_POINT('Origin',(-77.5000000000002,-59.4999999999997,-283.047699160407));
#12427=CARTESIAN_POINT('',(-79.7500000000002,-59.4999999999997,-54.));
#12428=CARTESIAN_POINT('',(-79.7500000000002,-59.4999999999997,-283.047699160407));
#12429=CARTESIAN_POINT('Origin',(-77.5000000000002,-59.4999999999997,-54.));
#12430=CARTESIAN_POINT('Origin',(-109.5,-37.4999999999996,-283.047699160407));
#12431=CARTESIAN_POINT('',(-111.75,-37.4999999999996,-54.));
#12432=CARTESIAN_POINT('',(-111.75,-37.4999999999996,-283.047699160407));
#12433=CARTESIAN_POINT('Origin',(-109.5,-37.4999999999996,-54.));
#12434=CARTESIAN_POINT('Origin',(-109.5,37.4999999999998,-283.047699160407));
#12435=CARTESIAN_POINT('',(-111.75,37.4999999999998,-54.));
#12436=CARTESIAN_POINT('',(-111.75,37.4999999999998,-283.047699160407));
#12437=CARTESIAN_POINT('Origin',(-109.5,37.4999999999998,-54.));
#12438=CARTESIAN_POINT('Origin',(-77.5000000000001,59.4999999999999,-283.047699160407));
#12439=CARTESIAN_POINT('',(-79.7500000000001,59.4999999999999,-54.));
#12440=CARTESIAN_POINT('',(-79.7500000000001,59.4999999999999,-283.047699160407));
#12441=CARTESIAN_POINT('Origin',(-77.5000000000001,59.4999999999999,-54.));
#12442=CARTESIAN_POINT('Origin',(-1.77635683940025E-14,59.4999999999999,
-283.047699160407));
#12443=CARTESIAN_POINT('',(-2.25000000000002,59.4999999999999,-54.));
#12444=CARTESIAN_POINT('',(-2.25000000000002,59.4999999999999,-283.047699160407));
#12445=CARTESIAN_POINT('Origin',(-1.77635683940025E-14,59.4999999999999,
-54.));
#12446=CARTESIAN_POINT('Origin',(77.5,59.4999999999999,-283.047699160407));
#12447=CARTESIAN_POINT('',(75.25,59.4999999999999,-54.));
#12448=CARTESIAN_POINT('',(75.25,59.4999999999999,-283.047699160407));
#12449=CARTESIAN_POINT('Origin',(77.5,59.4999999999999,-54.));
#12450=CARTESIAN_POINT('Origin',(109.5,37.4999999999999,-283.047699160407));
#12451=CARTESIAN_POINT('',(107.25,37.4999999999999,-54.));
#12452=CARTESIAN_POINT('',(107.25,37.4999999999999,-283.047699160407));
#12453=CARTESIAN_POINT('Origin',(109.5,37.4999999999999,-54.));
#12454=CARTESIAN_POINT('Origin',(109.5,-37.4999999999995,-283.047699160407));
#12455=CARTESIAN_POINT('',(107.25,-37.4999999999995,-54.));
#12456=CARTESIAN_POINT('',(107.25,-37.4999999999995,-283.047699160407));
#12457=CARTESIAN_POINT('Origin',(109.5,-37.4999999999995,-54.));
#12458=CARTESIAN_POINT('Origin',(77.5000000000003,-59.4999999999996,-283.047699160407));
#12459=CARTESIAN_POINT('',(75.2500000000003,-59.4999999999996,-54.));
#12460=CARTESIAN_POINT('',(75.2500000000003,-59.4999999999996,-283.047699160407));
#12461=CARTESIAN_POINT('Origin',(77.5000000000003,-59.4999999999996,-54.));
#12462=CARTESIAN_POINT('Origin',(111.5,-16.1519237886465,-5.));
#12463=CARTESIAN_POINT('Ctrl Pts',(110.5,26.5455488498966,-4.));
#12464=CARTESIAN_POINT('Ctrl Pts',(110.5,26.8318146778475,-4.));
#12465=CARTESIAN_POINT('Ctrl Pts',(110.526191992984,27.1427068875453,-4.02619199298428));
#12466=CARTESIAN_POINT('Ctrl Pts',(110.632413511656,27.7467763402273,-4.13241351165594));
#12467=CARTESIAN_POINT('Ctrl Pts',(110.712025813794,28.0401001621,-4.21202581379396));
#12468=CARTESIAN_POINT('Ctrl Pts',(110.932025417367,28.6831347585764,-4.43202541736662));
#12469=CARTESIAN_POINT('Ctrl Pts',(111.112409191008,29.0750108544582,-4.61240919100855));
#12470=CARTESIAN_POINT('Ctrl Pts',(111.368961824153,29.5344224717822,-4.86896182415347));
#12471=CARTESIAN_POINT('Ctrl Pts',(111.422120030343,29.6255375690299,-4.9221200303427));
#12472=CARTESIAN_POINT('Ctrl Pts',(111.476169754311,29.7148596710051,-4.97616975431121));
#12473=CARTESIAN_POINT('Origin',(-8.88178419700125E-14,-1.59872115546023E-13,
-4.));
#12474=CARTESIAN_POINT('',(110.5,-57.5000000000001,-4.));
#12475=CARTESIAN_POINT('',(110.5,-31.2500000000001,-4.));
#12476=CARTESIAN_POINT('',(107.5,-60.5000000000001,-4.));
#12477=CARTESIAN_POINT('Origin',(107.5,-57.5000000000001,-4.));
#12478=CARTESIAN_POINT('',(88.4544511501035,-60.5000000000001,-4.));
#12479=CARTESIAN_POINT('',(41.3480762113533,-60.5000000000001,-4.));
#12480=CARTESIAN_POINT('Origin',(77.5000000000003,-59.4999999999996,-4.));
#12481=CARTESIAN_POINT('Origin',(77.5000000000003,-59.4999999999996,-9.));
#12482=CARTESIAN_POINT('Ctrl Pts',(85.2851403289951,-61.4761697543112,-4.97616975431111));
#12483=CARTESIAN_POINT('Ctrl Pts',(85.3744624309702,-61.4221200303427,-4.92212003034259));
#12484=CARTESIAN_POINT('Ctrl Pts',(85.465577528218,-61.3689618241535,-4.86896182415333));
#12485=CARTESIAN_POINT('Ctrl Pts',(85.9249891455421,-61.1124091910086,-4.61240919100844));
#12486=CARTESIAN_POINT('Ctrl Pts',(86.3168652414239,-60.9320254173667,-4.43202541736654));
#12487=CARTESIAN_POINT('Ctrl Pts',(86.9598998379002,-60.7120258137941,-4.21202581379392));
#12488=CARTESIAN_POINT('Ctrl Pts',(87.2532236597729,-60.632413511656,-4.13241351165592));
#12489=CARTESIAN_POINT('Ctrl Pts',(87.8572931124548,-60.5261919929844,-4.02619199298427));
#12490=CARTESIAN_POINT('Ctrl Pts',(88.1681853221526,-60.5000000000001,-4.));
#12491=CARTESIAN_POINT('Ctrl Pts',(88.4544511501035,-60.5000000000001,-4.));
#12492=CARTESIAN_POINT('Ctrl Pts',(66.545548849897,-60.5000000000001,-4.));
#12493=CARTESIAN_POINT('Ctrl Pts',(66.8318146778479,-60.5000000000001,-4.));
#12494=CARTESIAN_POINT('Ctrl Pts',(67.1427068875457,-60.5261919929844,-4.02619199298427));
#12495=CARTESIAN_POINT('Ctrl Pts',(67.7467763402276,-60.6324135116561,-4.13241351165592));
#12496=CARTESIAN_POINT('Ctrl Pts',(68.0401001621003,-60.7120258137941,-4.21202581379393));
#12497=CARTESIAN_POINT('Ctrl Pts',(68.6831347585766,-60.9320254173667,-4.43202541736655));
#12498=CARTESIAN_POINT('Ctrl Pts',(69.0750108544585,-61.1124091910086,-4.61240919100845));
#12499=CARTESIAN_POINT('Ctrl Pts',(69.5344224717825,-61.3689618241535,-4.86896182415334));
#12500=CARTESIAN_POINT('Ctrl Pts',(69.6255375690303,-61.4221200303427,-4.92212003034259));
#12501=CARTESIAN_POINT('Ctrl Pts',(69.7148596710054,-61.4761697543112,-4.97616975431111));
#12502=CARTESIAN_POINT('Origin',(2.59807621135312,-61.5000000000001,-5.));
#12503=CARTESIAN_POINT('Ctrl Pts',(7.78514032899468,-61.4761697543113,-4.97616975431114));
#12504=CARTESIAN_POINT('Ctrl Pts',(7.87446243096984,-61.4221200303428,-4.92212003034263));
#12505=CARTESIAN_POINT('Ctrl Pts',(7.9655775282176,-61.3689618241535,-4.86896182415339));
#12506=CARTESIAN_POINT('Ctrl Pts',(8.42498914554162,-61.1124091910086,-4.61240919100849));
#12507=CARTESIAN_POINT('Ctrl Pts',(8.81686524142344,-60.9320254173667,-4.43202541736657));
#12508=CARTESIAN_POINT('Ctrl Pts',(9.45989983789978,-60.7120258137941,-4.21202581379394));
#12509=CARTESIAN_POINT('Ctrl Pts',(9.75322365977249,-60.6324135116561,-4.13241351165593));
#12510=CARTESIAN_POINT('Ctrl Pts',(10.3572931124544,-60.5261919929844,-4.02619199298427));
#12511=CARTESIAN_POINT('Ctrl Pts',(10.6681853221522,-60.5000000000001,-4.));
#12512=CARTESIAN_POINT('Ctrl Pts',(10.9544511501031,-60.5000000000001,-4.));
#12513=CARTESIAN_POINT('Origin',(-1.52100554373646E-13,-59.4999999999999,
-9.));
#12514=CARTESIAN_POINT('Ctrl Pts',(-10.9544511501035,-60.5000000000002,
-4.));
#12515=CARTESIAN_POINT('Ctrl Pts',(-10.6681853221525,-60.5000000000002,
-4.));
#12516=CARTESIAN_POINT('Ctrl Pts',(-10.3572931124547,-60.5261919929844,
-4.02619199298427));
#12517=CARTESIAN_POINT('Ctrl Pts',(-9.75322365977279,-60.6324135116561,
-4.13241351165593));
#12518=CARTESIAN_POINT('Ctrl Pts',(-9.45989983790009,-60.7120258137941,
-4.21202581379394));
#12519=CARTESIAN_POINT('Ctrl Pts',(-8.81686524142375,-60.9320254173667,
-4.43202541736657));
#12520=CARTESIAN_POINT('Ctrl Pts',(-8.42498914554193,-61.1124091910086,
-4.61240919100848));
#12521=CARTESIAN_POINT('Ctrl Pts',(-7.96557752821791,-61.3689618241535,
-4.86896182415338));
#12522=CARTESIAN_POINT('Ctrl Pts',(-7.87446243097015,-61.4221200303428,
-4.92212003034262));
#12523=CARTESIAN_POINT('Ctrl Pts',(-7.78514032899499,-61.4761697543113,
-4.97616975431113));
#12524=CARTESIAN_POINT('Origin',(-36.151923788647,-61.5000000000002,-5.));
#12525=CARTESIAN_POINT('Ctrl Pts',(-69.7148596710054,-61.4761697543113,
-4.97616975431111));
#12526=CARTESIAN_POINT('Ctrl Pts',(-69.6255375690302,-61.4221200303428,
-4.92212003034259));
#12527=CARTESIAN_POINT('Ctrl Pts',(-69.5344224717824,-61.3689618241535,
-4.86896182415335));
#12528=CARTESIAN_POINT('Ctrl Pts',(-69.0750108544584,-61.1124091910086,
-4.61240919100845));
#12529=CARTESIAN_POINT('Ctrl Pts',(-68.6831347585766,-60.9320254173667,
-4.43202541736655));
#12530=CARTESIAN_POINT('Ctrl Pts',(-68.0401001621003,-60.7120258137941,
-4.21202581379393));
#12531=CARTESIAN_POINT('Ctrl Pts',(-67.7467763402276,-60.6324135116561,
-4.13241351165592));
#12532=CARTESIAN_POINT('Ctrl Pts',(-67.1427068875456,-60.5261919929844,
-4.02619199298427));
#12533=CARTESIAN_POINT('Ctrl Pts',(-66.8318146778478,-60.5000000000002,
-4.));
#12534=CARTESIAN_POINT('Ctrl Pts',(-66.5455488498969,-60.5000000000002,
-4.));
#12535=CARTESIAN_POINT('Origin',(-109.5,37.4999999999998,-9.));
#12536=CARTESIAN_POINT('Ctrl Pts',(-110.5,48.4544511501031,-4.));
#12537=CARTESIAN_POINT('Ctrl Pts',(-110.5,48.1681853221522,-4.));
#12538=CARTESIAN_POINT('Ctrl Pts',(-110.526191992984,47.8572931124544,-4.02619199298427));
#12539=CARTESIAN_POINT('Ctrl Pts',(-110.632413511656,47.2532236597725,-4.13241351165594));
#12540=CARTESIAN_POINT('Ctrl Pts',(-110.712025813794,46.9598998378997,-4.21202581379396));
#12541=CARTESIAN_POINT('Ctrl Pts',(-110.932025417367,46.3168652414234,-4.43202541736661));
#12542=CARTESIAN_POINT('Ctrl Pts',(-111.112409191009,45.9249891455416,-4.61240919100852));
#12543=CARTESIAN_POINT('Ctrl Pts',(-111.368961824153,45.4655775282176,-4.86896182415344));
#12544=CARTESIAN_POINT('Ctrl Pts',(-111.422120030343,45.3744624309698,-4.92212003034267));
#12545=CARTESIAN_POINT('Ctrl Pts',(-111.476169754311,45.2851403289947,-4.97616975431118));
#12546=CARTESIAN_POINT('Ctrl Pts',(-111.476169754311,29.714859671005,-4.97616975431118));
#12547=CARTESIAN_POINT('Ctrl Pts',(-111.422120030343,29.6255375690299,-4.92212003034267));
#12548=CARTESIAN_POINT('Ctrl Pts',(-111.368961824153,29.5344224717821,-4.86896182415343));
#12549=CARTESIAN_POINT('Ctrl Pts',(-111.112409191009,29.0750108544581,-4.61240919100852));
#12550=CARTESIAN_POINT('Ctrl Pts',(-110.932025417367,28.6831347585763,-4.4320254173666));
#12551=CARTESIAN_POINT('Ctrl Pts',(-110.712025813794,28.0401001620999,-4.21202581379395));
#12552=CARTESIAN_POINT('Ctrl Pts',(-110.632413511656,27.7467763402272,-4.13241351165594));
#12553=CARTESIAN_POINT('Ctrl Pts',(-110.526191992984,27.1427068875453,-4.02619199298427));
#12554=CARTESIAN_POINT('Ctrl Pts',(-110.5,26.8318146778475,-4.));
#12555=CARTESIAN_POINT('Ctrl Pts',(-110.5,26.5455488498965,-4.));
#12556=CARTESIAN_POINT('Origin',(-111.5,16.1519237886465,-5.));
#12557=CARTESIAN_POINT('Ctrl Pts',(-110.5,-26.5455488498962,-4.));
#12558=CARTESIAN_POINT('Ctrl Pts',(-110.5,-26.8318146778472,-4.));
#12559=CARTESIAN_POINT('Ctrl Pts',(-110.526191992984,-27.142706887545,-4.02619199298427));
#12560=CARTESIAN_POINT('Ctrl Pts',(-110.632413511656,-27.746776340227,-4.13241351165594));
#12561=CARTESIAN_POINT('Ctrl Pts',(-110.712025813794,-28.0401001620997,
-4.21202581379396));
#12562=CARTESIAN_POINT('Ctrl Pts',(-110.932025417367,-28.683134758576,-4.43202541736661));
#12563=CARTESIAN_POINT('Ctrl Pts',(-111.112409191009,-29.0750108544579,
-4.61240919100854));
#12564=CARTESIAN_POINT('Ctrl Pts',(-111.368961824153,-29.5344224717819,
-4.86896182415345));
#12565=CARTESIAN_POINT('Ctrl Pts',(-111.422120030343,-29.6255375690296,
-4.92212003034269));
#12566=CARTESIAN_POINT('Ctrl Pts',(-111.476169754311,-29.7148596710047,
-4.97616975431119));
#12567=CARTESIAN_POINT('Origin',(-111.5,31.2499999999998,-5.));
#12568=CARTESIAN_POINT('',(-112.5,57.4999999999998,-6.));
#12569=CARTESIAN_POINT('Origin',(77.5,59.4999999999999,-9.));
#12570=CARTESIAN_POINT('Ctrl Pts',(88.4544511501034,60.4999999999999,-4.));
#12571=CARTESIAN_POINT('Ctrl Pts',(88.1681853221524,60.4999999999999,-4.));
#12572=CARTESIAN_POINT('Ctrl Pts',(87.8572931124546,60.5261919929841,-4.02619199298427));
#12573=CARTESIAN_POINT('Ctrl Pts',(87.2532236597727,60.6324135116558,-4.13241351165594));
#12574=CARTESIAN_POINT('Ctrl Pts',(86.9598998379,60.7120258137938,-4.21202581379395));
#12575=CARTESIAN_POINT('Ctrl Pts',(86.3168652414236,60.9320254173665,-4.4320254173666));
#12576=CARTESIAN_POINT('Ctrl Pts',(85.9249891455418,61.1124091910084,-4.61240919100853));
#12577=CARTESIAN_POINT('Ctrl Pts',(85.4655775282178,61.3689618241533,-4.86896182415343));
#12578=CARTESIAN_POINT('Ctrl Pts',(85.3744624309701,61.4221200303425,-4.92212003034267));
#12579=CARTESIAN_POINT('Ctrl Pts',(85.2851403289949,61.476169754311,-4.97616975431118));
#12580=CARTESIAN_POINT('Ctrl Pts',(69.7148596710052,61.4761697543111,-4.97616975431118));
#12581=CARTESIAN_POINT('Ctrl Pts',(69.6255375690301,61.4221200303425,-4.92212003034268));
#12582=CARTESIAN_POINT('Ctrl Pts',(69.5344224717823,61.3689618241533,-4.86896182415344));
#12583=CARTESIAN_POINT('Ctrl Pts',(69.0750108544583,61.1124091910084,-4.61240919100853));
#12584=CARTESIAN_POINT('Ctrl Pts',(68.6831347585765,60.9320254173665,-4.4320254173666));
#12585=CARTESIAN_POINT('Ctrl Pts',(68.0401001621001,60.7120258137938,-4.21202581379395));
#12586=CARTESIAN_POINT('Ctrl Pts',(67.7467763402274,60.6324135116558,-4.13241351165594));
#12587=CARTESIAN_POINT('Ctrl Pts',(67.1427068875455,60.5261919929841,-4.02619199298427));
#12588=CARTESIAN_POINT('Ctrl Pts',(66.8318146778477,60.4999999999999,-4.));
#12589=CARTESIAN_POINT('Ctrl Pts',(66.5455488498967,60.4999999999999,-4.));
#12590=CARTESIAN_POINT('Origin',(36.1519237886466,61.4999999999999,-5.));
#12591=CARTESIAN_POINT('Ctrl Pts',(10.9544511501033,60.4999999999999,-4.));
#12592=CARTESIAN_POINT('Ctrl Pts',(10.6681853221524,60.4999999999999,-4.));
#12593=CARTESIAN_POINT('Ctrl Pts',(10.3572931124546,60.5261919929841,-4.02619199298427));
#12594=CARTESIAN_POINT('Ctrl Pts',(9.75322365977261,60.6324135116558,-4.13241351165594));
#12595=CARTESIAN_POINT('Ctrl Pts',(9.4598998378999,60.7120258137938,-4.21202581379395));
#12596=CARTESIAN_POINT('Ctrl Pts',(8.81686524142355,60.9320254173665,-4.4320254173666));
#12597=CARTESIAN_POINT('Ctrl Pts',(8.42498914554172,61.1124091910084,-4.61240919100853));
#12598=CARTESIAN_POINT('Ctrl Pts',(7.96557752821772,61.3689618241533,-4.86896182415344));
#12599=CARTESIAN_POINT('Ctrl Pts',(7.87446243096997,61.4221200303425,-4.92212003034267));
#12600=CARTESIAN_POINT('Ctrl Pts',(7.78514032899482,61.476169754311,-4.97616975431118));
#12601=CARTESIAN_POINT('Origin',(109.5,37.4999999999999,-9.));
#12602=CARTESIAN_POINT('Ctrl Pts',(111.476169754311,45.2851403289947,-4.9761697543112));
#12603=CARTESIAN_POINT('Ctrl Pts',(111.422120030343,45.3744624309699,-4.9221200303427));
#12604=CARTESIAN_POINT('Ctrl Pts',(111.368961824153,45.4655775282176,-4.86896182415347));
#12605=CARTESIAN_POINT('Ctrl Pts',(111.112409191008,45.9249891455416,-4.61240919100855));
#12606=CARTESIAN_POINT('Ctrl Pts',(110.932025417367,46.3168652414234,-4.43202541736662));
#12607=CARTESIAN_POINT('Ctrl Pts',(110.712025813794,46.9598998378998,-4.21202581379396));
#12608=CARTESIAN_POINT('Ctrl Pts',(110.632413511656,47.2532236597725,-4.13241351165594));
#12609=CARTESIAN_POINT('Ctrl Pts',(110.526191992984,47.8572931124545,-4.02619199298427));
#12610=CARTESIAN_POINT('Ctrl Pts',(110.5,48.1681853221523,-4.));
#12611=CARTESIAN_POINT('Ctrl Pts',(110.5,48.4544511501032,-4.));
#12612=CARTESIAN_POINT('Origin',(-77.5000000000001,59.4999999999999,-9.));
#12613=CARTESIAN_POINT('Ctrl Pts',(-66.5455488498968,60.4999999999998,-4.));
#12614=CARTESIAN_POINT('Ctrl Pts',(-66.8318146778477,60.4999999999998,-4.));
#12615=CARTESIAN_POINT('Ctrl Pts',(-67.1427068875455,60.5261919929841,-4.02619199298427));
#12616=CARTESIAN_POINT('Ctrl Pts',(-67.7467763402275,60.6324135116558,-4.13241351165594));
#12617=CARTESIAN_POINT('Ctrl Pts',(-68.0401001621002,60.7120258137938,-4.21202581379395));
#12618=CARTESIAN_POINT('Ctrl Pts',(-68.6831347585765,60.9320254173664,-4.4320254173666));
#12619=CARTESIAN_POINT('Ctrl Pts',(-69.0750108544584,61.1124091910084,-4.61240919100853));
#12620=CARTESIAN_POINT('Ctrl Pts',(-69.5344224717823,61.3689618241533,-4.86896182415343));
#12621=CARTESIAN_POINT('Ctrl Pts',(-69.6255375690301,61.4221200303425,-4.92212003034269));
#12622=CARTESIAN_POINT('Ctrl Pts',(-69.7148596710053,61.476169754311,-4.97616975431119));
#12623=CARTESIAN_POINT('Ctrl Pts',(-85.2851403289949,61.476169754311,-4.97616975431118));
#12624=CARTESIAN_POINT('Ctrl Pts',(-85.3744624309701,61.4221200303425,-4.92212003034267));
#12625=CARTESIAN_POINT('Ctrl Pts',(-85.4655775282178,61.3689618241533,-4.86896182415343));
#12626=CARTESIAN_POINT('Ctrl Pts',(-85.9249891455418,61.1124091910084,-4.61240919100852));
#12627=CARTESIAN_POINT('Ctrl Pts',(-86.3168652414237,60.9320254173664,-4.4320254173666));
#12628=CARTESIAN_POINT('Ctrl Pts',(-86.9598998379,60.7120258137938,-4.21202581379395));
#12629=CARTESIAN_POINT('Ctrl Pts',(-87.2532236597727,60.6324135116558,-4.13241351165593));
#12630=CARTESIAN_POINT('Ctrl Pts',(-87.8572931124547,60.5261919929841,-4.02619199298427));
#12631=CARTESIAN_POINT('Ctrl Pts',(-88.1681853221525,60.4999999999998,-4.));
#12632=CARTESIAN_POINT('Ctrl Pts',(-88.4544511501034,60.4999999999998,-4.));
#12633=CARTESIAN_POINT('Origin',(-41.3480762113534,61.4999999999998,-5.));
#12634=CARTESIAN_POINT('',(-107.5,62.4999999999998,-6.));
#12635=CARTESIAN_POINT('Origin',(-1.77635683940025E-14,59.4999999999999,
-9.));
#12636=CARTESIAN_POINT('Ctrl Pts',(-7.78514032899485,61.476169754311,-4.97616975431119));
#12637=CARTESIAN_POINT('Ctrl Pts',(-7.87446243097,61.4221200303425,-4.92212003034268));
#12638=CARTESIAN_POINT('Ctrl Pts',(-7.96557752821775,61.3689618241533,-4.86896182415344));
#12639=CARTESIAN_POINT('Ctrl Pts',(-8.42498914554175,61.1124091910084,-4.61240919100853));
#12640=CARTESIAN_POINT('Ctrl Pts',(-8.81686524142358,60.9320254173664,-4.4320254173666));
#12641=CARTESIAN_POINT('Ctrl Pts',(-9.45989983789993,60.7120258137938,-4.21202581379396));
#12642=CARTESIAN_POINT('Ctrl Pts',(-9.75322365977265,60.6324135116558,-4.13241351165594));
#12643=CARTESIAN_POINT('Ctrl Pts',(-10.3572931124546,60.5261919929841,-4.02619199298427));
#12644=CARTESIAN_POINT('Ctrl Pts',(-10.6681853221524,60.4999999999998,-4.));
#12645=CARTESIAN_POINT('Ctrl Pts',(-10.9544511501033,60.4999999999998,-4.));
#12646=CARTESIAN_POINT('Origin',(-109.5,-37.4999999999996,-9.));
#12647=CARTESIAN_POINT('Ctrl Pts',(-111.476169754311,-45.2851403289944,
-4.97616975431119));
#12648=CARTESIAN_POINT('Ctrl Pts',(-111.422120030343,-45.3744624309696,
-4.92212003034268));
#12649=CARTESIAN_POINT('Ctrl Pts',(-111.368961824153,-45.4655775282173,
-4.86896182415346));
#12650=CARTESIAN_POINT('Ctrl Pts',(-111.112409191009,-45.9249891455413,
-4.61240919100855));
#12651=CARTESIAN_POINT('Ctrl Pts',(-110.932025417367,-46.3168652414231,
-4.43202541736662));
#12652=CARTESIAN_POINT('Ctrl Pts',(-110.712025813794,-46.9598998378995,
-4.21202581379396));
#12653=CARTESIAN_POINT('Ctrl Pts',(-110.632413511656,-47.2532236597722,
-4.13241351165594));
#12654=CARTESIAN_POINT('Ctrl Pts',(-110.526191992984,-47.8572931124542,
-4.02619199298428));
#12655=CARTESIAN_POINT('Ctrl Pts',(-110.5,-48.168185322152,-4.));
#12656=CARTESIAN_POINT('Ctrl Pts',(-110.5,-48.4544511501029,-4.));
#12657=CARTESIAN_POINT('Origin',(-77.5000000000002,-59.4999999999997,-9.));
#12658=CARTESIAN_POINT('Ctrl Pts',(-88.4544511501035,-60.5000000000002,
-4.));
#12659=CARTESIAN_POINT('Ctrl Pts',(-88.1681853221526,-60.5000000000002,
-4.));
#12660=CARTESIAN_POINT('Ctrl Pts',(-87.8572931124548,-60.5261919929844,
-4.02619199298427));
#12661=CARTESIAN_POINT('Ctrl Pts',(-87.2532236597729,-60.6324135116561,
-4.13241351165592));
#12662=CARTESIAN_POINT('Ctrl Pts',(-86.9598998379002,-60.7120258137941,
-4.21202581379393));
#12663=CARTESIAN_POINT('Ctrl Pts',(-86.3168652414238,-60.9320254173667,
-4.43202541736655));
#12664=CARTESIAN_POINT('Ctrl Pts',(-85.924989145542,-61.1124091910086,-4.61240919100844));
#12665=CARTESIAN_POINT('Ctrl Pts',(-85.465577528218,-61.3689618241535,-4.86896182415334));
#12666=CARTESIAN_POINT('Ctrl Pts',(-85.3744624309702,-61.4221200303428,
-4.92212003034259));
#12667=CARTESIAN_POINT('Ctrl Pts',(-85.285140328995,-61.4761697543113,-4.97616975431111));
#12668=CARTESIAN_POINT('Origin',(-56.25,-61.5000000000002,-5.));
#12669=CARTESIAN_POINT('',(-107.5,-62.5000000000002,-6.));
#12670=CARTESIAN_POINT('Origin',(109.5,-37.4999999999995,0.));
#12671=CARTESIAN_POINT('',(108.409090909091,-43.3999929962133,0.));
#12672=CARTESIAN_POINT('Origin',(107.5,-48.3166538263914,0.));
#12673=CARTESIAN_POINT('',(112.5,-48.3166538263914,-6.));
#12674=CARTESIAN_POINT('',(112.5,-48.3166538263914,0.));
#12675=CARTESIAN_POINT('Origin',(107.5,-48.3166538263914,-0.999999999999983));
#12676=CARTESIAN_POINT('Origin',(-111.5,-21.3480762113533,-5.));
#12677=CARTESIAN_POINT('',(-112.5,-57.5000000000002,-6.));
#12678=CARTESIAN_POINT('Origin',(-60.0000000000001,68.9999999999998,-1.));
#12679=CARTESIAN_POINT('',(-107.5,69.9999999999998,-2.));
#12680=CARTESIAN_POINT('',(-107.5,69.9999999999998,-2.));
#12681=CARTESIAN_POINT('',(107.5,69.9999999999998,-2.));
#12682=CARTESIAN_POINT('',(107.5,67.9999999999998,0.));
#12683=CARTESIAN_POINT('',(-60.0000000000001,69.9999999999998,-2.));
#12684=CARTESIAN_POINT('Origin',(-107.5,57.4999999999998,-1.));
#12685=CARTESIAN_POINT('',(-120.,57.4999999999998,-2.));
#12686=CARTESIAN_POINT('Origin',(-107.5,57.4999999999998,-2.));
#12687=CARTESIAN_POINT('',(-120.,57.4999999999998,-2.));
#12688=CARTESIAN_POINT('Origin',(-119.,-35.0000000000002,-1.));
#12689=CARTESIAN_POINT('',(-120.,-57.5000000000002,-2.));
#12690=CARTESIAN_POINT('',(-120.,-57.5000000000002,-2.));
#12691=CARTESIAN_POINT('',(-120.,-35.0000000000002,-2.));
#12692=CARTESIAN_POINT('Origin',(-107.5,-57.5000000000002,-1.));
#12693=CARTESIAN_POINT('',(-107.5,-70.0000000000002,-2.));
#12694=CARTESIAN_POINT('Origin',(-107.5,-57.5000000000002,-2.));
#12695=CARTESIAN_POINT('',(-107.5,-70.0000000000002,-2.));
#12696=CARTESIAN_POINT('Origin',(59.9999999999999,-69.0000000000002,-1.));
#12697=CARTESIAN_POINT('',(107.5,-70.0000000000002,-2.));
#12698=CARTESIAN_POINT('',(107.5,-70.0000000000002,-2.));
#12699=CARTESIAN_POINT('',(59.9999999999999,-70.0000000000002,-2.));
#12700=CARTESIAN_POINT('Origin',(107.5,-57.5000000000002,-1.));
#12701=CARTESIAN_POINT('',(120.,-57.5000000000002,-2.));
#12702=CARTESIAN_POINT('Origin',(107.5,-57.5000000000002,-2.));
#12703=CARTESIAN_POINT('',(120.,-57.5000000000002,-2.));
#12704=CARTESIAN_POINT('Origin',(119.,34.9999999999998,-1.));
#12705=CARTESIAN_POINT('',(120.,57.4999999999998,-2.));
#12706=CARTESIAN_POINT('',(120.,57.4999999999998,-2.));
#12707=CARTESIAN_POINT('',(120.,34.9999999999998,-2.));
#12708=CARTESIAN_POINT('Origin',(107.5,57.4999999999998,-1.));
#12709=CARTESIAN_POINT('Origin',(107.5,57.4999999999998,-2.));
#12710=CARTESIAN_POINT('Origin',(-107.5,-57.5000000000002,0.));
#12711=CARTESIAN_POINT('',(-120.,-57.5000000000002,-54.));
#12712=CARTESIAN_POINT('',(-120.,-57.5000000000002,0.));
#12713=CARTESIAN_POINT('',(-107.5,-70.0000000000002,-54.));
#12714=CARTESIAN_POINT('Origin',(-107.5,-57.5000000000002,-54.));
#12715=CARTESIAN_POINT('',(-107.5,-70.0000000000002,0.));
#12716=CARTESIAN_POINT('Origin',(-120.,-70.0000000000002,0.));
#12717=CARTESIAN_POINT('',(-120.,57.4999999999998,-54.));
#12718=CARTESIAN_POINT('',(-120.,57.4999999999998,0.));
#12719=CARTESIAN_POINT('',(-120.,69.9999999999998,-54.));
#12720=CARTESIAN_POINT('Origin',(-107.5,57.4999999999998,0.));
#12721=CARTESIAN_POINT('',(-107.5,69.9999999999998,-54.));
#12722=CARTESIAN_POINT('',(-107.5,69.9999999999998,0.));
#12723=CARTESIAN_POINT('Origin',(-107.5,57.4999999999998,-54.));
#12724=CARTESIAN_POINT('Origin',(-120.,69.9999999999998,0.));
#12725=CARTESIAN_POINT('',(107.5,69.9999999999998,-54.));
#12726=CARTESIAN_POINT('',(107.5,69.9999999999998,0.));
#12727=CARTESIAN_POINT('',(120.,69.9999999999998,-54.));
#12728=CARTESIAN_POINT('Origin',(-107.5,57.4999999999998,-5.));
#12729=CARTESIAN_POINT('Origin',(-2.59807621135338,61.4999999999998,-5.));
#12730=CARTESIAN_POINT('Origin',(56.2499999999999,61.4999999999999,-5.));
#12731=CARTESIAN_POINT('',(107.5,62.4999999999999,-6.));
#12732=CARTESIAN_POINT('Origin',(107.5,57.4999999999999,-5.));
#12733=CARTESIAN_POINT('',(112.5,57.4999999999999,-6.));
#12734=CARTESIAN_POINT('Origin',(111.5,21.3480762113532,-5.));
#12735=CARTESIAN_POINT('Origin',(111.5,-31.2500000000001,-5.));
#12736=CARTESIAN_POINT('',(112.5,-31.2500000000001,-6.));
#12737=CARTESIAN_POINT('',(112.5,-57.5000000000001,-6.));
#12738=CARTESIAN_POINT('Origin',(107.5,-57.5000000000001,-5.));
#12739=CARTESIAN_POINT('',(107.5,-62.5000000000001,-6.));
#12740=CARTESIAN_POINT('Origin',(41.3480762113533,-61.5000000000001,-5.));
#12741=CARTESIAN_POINT('Origin',(-107.5,-57.5000000000002,-5.));
#12742=CARTESIAN_POINT('Origin',(112.5,-62.5000000000001,0.));
#12743=CARTESIAN_POINT('Origin',(107.5,-57.5000000000002,0.));
#12744=CARTESIAN_POINT('',(107.5,-70.0000000000002,-54.));
#12745=CARTESIAN_POINT('',(107.5,-70.0000000000002,0.));
#12746=CARTESIAN_POINT('',(120.,-57.5000000000002,-54.));
#12747=CARTESIAN_POINT('Origin',(107.5,-57.5000000000002,-54.));
#12748=CARTESIAN_POINT('',(120.,-57.5000000000002,0.));
#12749=CARTESIAN_POINT('Origin',(-8.88178419700125E-14,-1.59872115546023E-13,
-54.));
#12750=CARTESIAN_POINT('',(-120.,-70.0000000000002,-54.));
#12751=CARTESIAN_POINT('',(120.,57.4999999999998,-54.));
#12752=CARTESIAN_POINT('Origin',(107.5,57.4999999999998,-54.));
#12753=CARTESIAN_POINT('',(120.,-70.0000000000002,-54.));
#12754=CARTESIAN_POINT('Origin',(120.,-70.0000000000002,0.));
#12755=CARTESIAN_POINT('Origin',(107.5,57.4999999999998,0.));
#12756=CARTESIAN_POINT('',(120.,57.4999999999998,0.));
#12757=CARTESIAN_POINT('Origin',(120.,69.9999999999998,0.));
#12758=UNCERTAINTY_MEASURE_WITH_UNIT(LENGTH_MEASURE(0.01),#12762,
'DISTANCE_ACCURACY_VALUE',
'Maximum model space distance between geometric entities at asserted c
onnectivities');
#12759=UNCERTAINTY_MEASURE_WITH_UNIT(LENGTH_MEASURE(0.01),#12762,
'DISTANCE_ACCURACY_VALUE',
'Maximum model space distance between geometric entities at asserted c
onnectivities');
#12760=(
GEOMETRIC_REPRESENTATION_CONTEXT(3)
GLOBAL_UNCERTAINTY_ASSIGNED_CONTEXT((#12758))
GLOBAL_UNIT_ASSIGNED_CONTEXT((#12762,#12764,#12765))
REPRESENTATION_CONTEXT('','3D')
);
#12761=(
GEOMETRIC_REPRESENTATION_CONTEXT(3)
GLOBAL_UNCERTAINTY_ASSIGNED_CONTEXT((#12759))
GLOBAL_UNIT_ASSIGNED_CONTEXT((#12762,#12764,#12765))
REPRESENTATION_CONTEXT('','3D')
);
#12762=(
LENGTH_UNIT()
NAMED_UNIT(*)
SI_UNIT(.MILLI.,.METRE.)
);
#12763=(
LENGTH_UNIT()
NAMED_UNIT(*)
SI_UNIT(.CENTI.,.METRE.)
);
#12764=(
NAMED_UNIT(*)
PLANE_ANGLE_UNIT()
SI_UNIT($,.RADIAN.)
);
#12765=(
NAMED_UNIT(*)
SI_UNIT($,.STERADIAN.)
SOLID_ANGLE_UNIT()
);
#12766=SHAPE_DEFINITION_REPRESENTATION(#12767,#12768);
#12767=PRODUCT_DEFINITION_SHAPE('',$,#12770);
#12768=SHAPE_REPRESENTATION('',(#6830),#12760);
#12769=PRODUCT_DEFINITION_CONTEXT('part definition',#12774,'design');
#12770=PRODUCT_DEFINITION('RT_ELE_MC_021_ExtPowerFilterCaseTop',
'RT_ELE_MC_021_ExtPowerFilterCaseTop',#12771,#12769);
#12771=PRODUCT_DEFINITION_FORMATION('',$,#12776);
#12772=PRODUCT_RELATED_PRODUCT_CATEGORY(
'RT_ELE_MC_021_ExtPowerFilterCaseTop',
'RT_ELE_MC_021_ExtPowerFilterCaseTop',(#12776));
#12773=APPLICATION_PROTOCOL_DEFINITION('international standard',
'automotive_design',2009,#12774);
#12774=APPLICATION_CONTEXT(
'Core Data for Automotive Mechanical Design Process');
#12775=PRODUCT_CONTEXT('part definition',#12774,'mechanical');
#12776=PRODUCT('RT_ELE_MC_021_ExtPowerFilterCaseTop',
'RT_ELE_MC_021_ExtPowerFilterCaseTop',$,(#12775));
#12777=PRESENTATION_STYLE_ASSIGNMENT((#12778));
#12778=SURFACE_STYLE_USAGE(.BOTH.,#12781);
#12779=SURFACE_STYLE_RENDERING_WITH_PROPERTIES($,#12785,(#12780));
#12780=SURFACE_STYLE_TRANSPARENT(0.);
#12781=SURFACE_SIDE_STYLE('',(#12782,#12779));
#12782=SURFACE_STYLE_FILL_AREA(#12783);
#12783=FILL_AREA_STYLE('',(#12784));
#12784=FILL_AREA_STYLE_COLOUR('',#12785);
#12785=COLOUR_RGB('',0.749019607843137,0.749019607843137,0.749019607843137);
ENDSEC;
END-ISO-10303-21;
