700 0 1 0           
30 Autodesk Translation Framework 20 ASM 231.6.1.65535 NT 24 Mon May  4 12:58:29 2026 
1 9.999999999999999547e-07 1.000000000000000036e-10 
body $1 -1 $-1 $2 $-1 $-1 #
rgb_color-st-attrib $-1 -1 $3 $-1 $0 0.8666666666666666963 0.9098039215686274384 1 #
lump $-1 -1 $-1 $-1 $4 $0 #
DXID-attrib $-1 -1 $-1 $1 $0 @18 ASM_BODY_FROM_STEP @83 2494131CE072DFD1BDFF57843F87A51FBA9F8B58|:|8CC2982E79A437143552756E66D671DF00EA7CD2 #
shell $-1 -1 $-1 $-1 $-1 $5 $-1 $2 #
face $6 -1 $-1 $7 $8 $4 $-1 $9 forward single #
DXID-attrib $-1 -1 $-1 $-1 $5 @10 ASM ENTITY @36 f53ff6ce-7fc7-4f92-8495-5931577dd338 #
face $10 -1 $-1 $11 $12 $4 $-1 $13 reversed single #
loop $-1 -1 $-1 $-1 $14 $5 #
cone-surface $-1 -1 $-1 -8.447664043757054486 31.00000000000000711 -3.50137046524542539 -0.9986295347545739443 0 0.0523359562429439526 -0.03700710955926799633 0.7071067811865460184 -0.7061377159181280172 1 I I 0 -1 1.000000000000000222 forward I I I I #
DXID-attrib $-1 -1 $-1 $-1 $7 @18 ASM_FACE_FROM_STEP @16 MD-JJ-K4080-1530 #
face $15 -1 $-1 $16 $17 $4 $-1 $18 forward single #
loop $-1 -1 $-1 $-1 $19 $7 #
plane-surface $-1 -1 $-1 -8.5 32 -4.5 0 1 0 0 0 1 forward_v I I I I #
coedge $-1 -1 $-1 $20 $21 $22 $23 forward $8 $-1 #
DXID-attrib $-1 -1 $-1 $-1 $11 @10 ASM ENTITY @36 5057432a-d590-40fa-a5de-ed2638c2395f #
face $24 -1 $-1 $25 $26 $4 $-1 $27 forward single #
loop $-1 -1 $-1 $-1 $28 $11 #
cone-surface $-1 -1 $-1 -8.682853086109275864 31 3.489044729824041013 -0.9986295347545739443 0 -0.0523359562429439526 -0.03700710955926785062 0.7071067811865494601 0.7061377159181243535 1 I I 0 -1 1 forward I I I I #
coedge $-1 -1 $-1 $29 $30 $20 $31 reversed $12 $-1 #
coedge $-1 -1 $-1 $32 $14 $19 $31 forward $8 $-1 #
coedge $-1 -1 $-1 $14 $32 $33 $34 forward $8 $-1 #
coedge $-1 -1 $-1 $35 $36 $14 $23 reversed $37 $-1 #
edge $-1 -1 $-1 $38 3.400058012914540643e-14 $39 1.570796326794928754 $14 $40 forward @7 unknown #
DXID-attrib $-1 -1 $-1 $-1 $16 @18 ASM_FACE_FROM_STEP @17 MD-JJ-K4080-10351 #
face $41 -1 $-1 $42 $43 $4 $-1 $44 reversed single #
loop $-1 -1 $-1 $-1 $45 $16 #
plane-surface $-1 -1 $-1 -8.499999999999996447 12.00000000000000355 4.5 0.0523359562429439526 7.894644515854768563e-18 -0.9986295347545739443 -0.9986295347545739443 -4.814824860968089633e-35 -0.0523359562429439526 forward_v I I I I #
coedge $-1 -1 $-1 $46 $47 $48 $49 forward $17 $-1 #
coedge $-1 -1 $-1 $50 $19 $36 $51 reversed $12 $-1 #
coedge $-1 -1 $-1 $19 $50 $52 $53 reversed $12 $-1 #
edge $-1 -1 $-1 $39 -0.9460629507697206897 $54 -0.04482783937159176557 $19 $55 forward @7 tangent #
coedge $-1 -1 $-1 $21 $20 $56 $57 forward $8 $-1 #
coedge $-1 -1 $-1 $58 $59 $21 $34 reversed $60 $-1 #
edge $-1 -1 $-1 $61 0.05006861729989647153 $38 0.9513037286980249307 $33 $62 forward @7 tangent #
coedge $-1 -1 $-1 $63 $22 $59 $64 forward $37 $-1 #
coedge $-1 -1 $-1 $22 $48 $29 $51 forward $37 $-1 #
loop $-1 -1 $-1 $-1 $35 $65 #
vertex $-1 -1 $-1 $23 $66 #
vertex $-1 -1 $-1 $23 $67 #
ellipse-curve $-1 -1 $-1 0.999999999999999778 31.00000000000000711 -3.996501557190970555 1 0 0 0 -3.400058012914541905e-14 -1.001372345997921354 0.9986295347545738332 I I #
DXID-attrib $-1 -1 $-1 $-1 $25 @18 ASM_FACE_FROM_STEP @16 MD-JJ-K4080-2568 #
face $68 -1 $-1 $69 $60 $4 $-1 $70 forward single #
loop $-1 -1 $-1 $71 $52 $25 #
plane-surface $-1 -1 $-1 -8.000000000000007105 87.09098727210174218 -130.1444400804976169 1 2.20728042258937219e-16 0 -2.20728042258937219e-16 1 0 forward_v I I I I #
coedge $-1 -1 $-1 $72 $73 $46 $74 reversed $26 $-1 #
coedge $-1 -1 $-1 $75 $28 $45 $74 forward $17 $-1 #
coedge $-1 -1 $-1 $28 $75 $50 $76 forward $17 $-1 #
coedge $-1 -1 $-1 $36 $77 $28 $49 reversed $37 $-1 #
edge $-1 -1 $-1 $78 -1.570796326794893893 $79 2.636779683484745995e-15 $28 $80 forward @7 unknown #
coedge $-1 -1 $-1 $30 $29 $47 $76 reversed $12 $-1 #
edge $-1 -1 $-1 $78 0.3253498442809029112 $39 1.124650155719097322 $29 $81 forward @7 unknown #
coedge $-1 -1 $-1 $82 $56 $30 $53 forward $43 $-1 #
edge $83 -1 $-1 $54 0.0009751684563564016681 $84 0.008024831543643601989 $30 $85 forward @7 unknown #
vertex $-1 -1 $-1 $31 $86 #
straight-curve $-1 -1 $-1 -8.447664043757054486 32 -3.50137046524542539 -9.986295347545739887 0 0.5233595624294394844 F -1.256214910201838064 F 0.2653241200605250816 #
coedge $-1 -1 $-1 $52 $87 $32 $57 reversed $43 $-1 #
edge $-1 -1 $-1 $54 -1.570796326794930975 $61 -3.400058012914540643e-14 $32 $88 forward @7 unknown #
coedge $-1 -1 $-1 $89 $33 $87 $90 forward $60 $-1 #
coedge $-1 -1 $-1 $33 $91 $35 $64 reversed $60 $-1 #
loop $-1 -1 $-1 $-1 $33 $42 #
vertex $-1 -1 $-1 $57 $92 #
straight-curve $-1 -1 $-1 -8.499999999999998224 31.00000000000000711 -4.5 9.986295347545739887 0 -0.5233595624294394844 F -0.2653241200605250816 F 1.256214910201838064 #
coedge $-1 -1 $-1 $93 $35 $94 $95 forward $37 $-1 #
edge $-1 -1 $-1 $38 -2.500000000000000444 $96 -0.1425360850666302914 $35 $97 reversed @7 unknown #
face $98 -1 $-1 $99 $37 $4 $-1 $100 reversed single #
point $-1 -1 $-1 0.999999999999999778 31.00000000000000711 -4.997873903188894573 #
point $-1 -1 $-1 1 32 -3.996501557190972331 #
DXID-attrib $-1 -1 $-1 $-1 $42 @18 ASM_FACE_FROM_STEP @16 MD-JJ-K4080-7233 #
face $101 -1 $-1 $102 $103 $4 $-1 $104 forward single #
plane-surface $-1 -1 $-1 -8.499999999999996447 12.00000000000000355 -4.5 0.0523359562429439526 7.894644515854768563e-18 0.9986295347545739443 0.9986295347545739443 4.814824860968089633e-35 -0.0523359562429439526 forward_v I I I I #
loop $-1 -1 $-1 $105 $106 $25 #
coedge $-1 -1 $-1 $107 $45 $77 $108 reversed $26 $-1 #
coedge $-1 -1 $-1 $45 $109 $110 $111 reversed $26 $-1 #
edge $-1 -1 $-1 $79 -0.9748549090073496126 $112 -0.07361979760922124361 $45 $113 forward @7 tangent #
coedge $-1 -1 $-1 $47 $46 $82 $114 forward $17 $-1 #
edge $-1 -1 $-1 $84 0.06837901968091654459 $78 0.9696141310790454826 $50 $115 forward @7 tangent #
coedge $-1 -1 $-1 $48 $116 $72 $108 forward $37 $-1 #
vertex $-1 -1 $-1 $51 $117 #
vertex $-1 -1 $-1 $49 $118 #
ellipse-curve $-1 -1 $-1 0.999999999999999778 31 3.996501557190971887 1 0 0 0 2.636779683484746784e-15 1.001372345997921354 0.9986295347545738332 I I #
straight-curve $-1 -1 $-1 1 32 7.250000000000000888 0 0 -10 I I #
coedge $-1 -1 $-1 $110 $52 $75 $114 reversed $43 $-1 #
DXID-attrib $-1 -1 $-1 $-1 $53 @18 ASM_EDGE_FROM_STEP @4 5980 #
vertex $-1 -1 $-1 $76 $119 #
straight-curve $-1 -1 $-1 -8 32 -4.5 0 0 1000 I I #
point $-1 -1 $-1 -8 32 -3.524831543643598408 #
coedge $-1 -1 $-1 $56 $120 $58 $90 reversed $43 $-1 #
ellipse-curve $-1 -1 $-1 -7.999999999999994671 31.00000000000000711 -3.524831543643598852 -1 -2.20728042258937219e-16 -0 6.994977558014440618e-30 -3.400058012914541905e-14 -1.001372345997921354 0.9986295347545738332 I I #
coedge $-1 -1 $-1 $121 $58 $122 $123 forward $60 $-1 #
edge $124 -1 $-1 $61 1.854549363605086931 $125 3.654549363605086754 $58 $126 forward @7 unknown #
coedge $-1 -1 $-1 $59 $121 $127 $128 reversed $60 $-1 #
point $-1 -1 $-1 -7.999999999999994671 31.00000000000000711 -4.526203889641529088 #
coedge $-1 -1 $-1 $129 $63 $130 $131 forward $37 $-1 #
coedge $-1 -1 $-1 $127 $132 $63 $95 reversed $133 $-1 #
edge $134 -1 $-1 $96 1.112287390318889457 $135 1.287500000000000089 $94 $136 forward @7 unknown #
vertex $-1 -1 $-1 $128 $137 #
straight-curve $-1 -1 $-1 0.999999999999999778 6.000000000000001776 -4.997873903188894573 0 10 -7.905478699661110396e-17 I I #
DXID-attrib $-1 -1 $-1 $-1 $65 @18 ASM_FACE_FROM_STEP @28 MD-JJ-K4080-8793-dup-dxid-48 #
face $138 -1 $-1 $139 $140 $4 $-1 $141 reversed single #
plane-surface $-1 -1 $-1 1 0 19 -1 0 0 0 0 1 forward_v I I I I #
DXID-attrib $-1 -1 $-1 $-1 $69 @10 ASM ENTITY @36 c9a28a21-2e06-4f1e-8aab-9aa3f12b1776 #
face $142 -1 $-1 $143 $144 $4 $-1 $145 reversed single #
loop $-1 -1 $-1 $-1 $146 $69 #
cone-surface $-1 -1 $-1 -31.00000000000001776 8.682853086109258101 3.489044729824041013 -8.152216930553201654e-16 0.9986295347545739443 -0.0523359562429439526 -0.7071067811865494601 0.03700710955926785062 0.7061377159181243535 1 I I 0 -1 1 forward I I I I #
loop $-1 -1 $-1 $-1 $147 $25 #
coedge $-1 -1 $-1 $148 $149 $150 $151 reversed $71 $-1 #
coedge $-1 -1 $-1 $152 $72 $153 $154 reversed $26 $-1 #
edge $-1 -1 $-1 $155 0.1425360850666302914 $79 2.5 $72 $156 reversed @7 unknown #
coedge $-1 -1 $-1 $73 $152 $157 $158 forward $26 $-1 #
coedge $-1 -1 $-1 $159 $82 $73 $111 forward $43 $-1 #
edge $160 -1 $-1 $112 1.854549363605087375 $161 3.654549363605086754 $73 $162 reversed @7 unknown #
vertex $-1 -1 $-1 $74 $163 #
straight-curve $-1 -1 $-1 -8.735189042352219602 31 4.48767426457861518 -9.986295347545739887 0 -0.5233595624294394844 F -1.279766090511162524 F 0.2417729397512003164 #
edge $-1 -1 $-1 $112 -2.636779683484745995e-15 $84 1.570796326794892783 $75 $164 forward @7 unknown #
straight-curve $-1 -1 $-1 -8.682853086109275864 32 3.489044729824041013 9.986295347545739887 0 0.5233595624294394844 F -0.2417729397512003164 F 1.279766090511162524 #
coedge $-1 -1 $-1 $77 $165 $166 $167 forward $37 $-1 #
point $-1 -1 $-1 1 32 3.996501557190971887 #
point $-1 -1 $-1 0.999999999999999778 31 4.997873903188891909 #
point $-1 -1 $-1 -8 32 3.524831543643601073 #
coedge $-1 -1 $-1 $87 $168 $169 $170 forward $43 $-1 #
coedge $-1 -1 $-1 $91 $89 $171 $172 forward $60 $-1 #
coedge $-1 -1 $-1 $169 $173 $89 $123 reversed $174 $-1 #
edge $175 -1 $-1 $125 -0.002926240442153010043 $176 0.0003934319138299339461 $122 $177 forward @7 tangent #
DXID-attrib $-1 -1 $-1 $-1 $90 @18 ASM_EDGE_FROM_STEP @4 6120 #
vertex $-1 -1 $-1 $170 $178 #
straight-curve $-1 -1 $-1 -7.999999999999999112 49.54549363605087819 -4.526203889641529088 2.20728042258937219e-15 -10 -3.662387820623088921e-17 I I #
coedge $-1 -1 $-1 $179 $94 $91 $128 forward $133 $-1 #
edge $-1 -1 $-1 $96 -0.4194074103541455822 $180 -0.3698530175977023937 $127 $181 forward @7 unknown #
coedge $-1 -1 $-1 $182 $93 $183 $184 reversed $37 $-1 #
coedge $-1 -1 $-1 $185 $186 $93 $131 reversed $187 $-1 #
edge $188 -1 $-1 $135 -0.7733700091903257245 $189 0.06974439959955543167 $130 $190 reversed @7 unknown #
coedge $-1 -1 $-1 $94 $191 $185 $192 reversed $133 $-1 #
loop $-1 -1 $-1 $-1 $127 $193 #
DXID-attrib $-1 -1 $-1 $-1 $95 @18 ASM_EDGE_FROM_STEP @4 6300 #
vertex $-1 -1 $-1 $95 $194 #
straight-curve $-1 -1 $-1 0.999999999999999889 7.425360850666304913 6.125 0 0 -10 F -9999.387501000001066 F 10000.61250099999961 #
point $-1 -1 $-1 0.999999999999999778 7.425360850666304913 -4.997873903188894573 #
DXID-attrib $-1 -1 $-1 $-1 $99 @18 ASM_FACE_FROM_STEP @15 MD-JJ-K4080-282 #
face $195 -1 $-1 $196 $197 $4 $-1 $198 reversed single #
loop $-1 -1 $-1 $-1 $199 $99 #
cone-surface $-1 -1 $-1 -36.33956379910012657 31.60408701479589411 -12.84232763728862636 0.7066217501846235871 0.7066217501846248084 0.03703247672027218385 -0.7071067811865455743 0.7071067811865443531 -3.122502256758240444e-17 1 I I 0 1 0.9999999999999963363 forward I I I I #
DXID-attrib $-1 -1 $-1 $-1 $102 @18 ASM_FACE_FROM_STEP @16 MD-JJ-K4080-1739 #
face $200 -1 $-1 $201 $202 $4 $-1 $203 forward single #
loop $-1 -1 $-1 $-1 $204 $102 #
plane-surface $-1 -1 $-1 -32.00000000000002132 8.499999999999985789 -4.5 -1 -8.163404592832029035e-16 0 8.163404592832029035e-16 -1 0 forward_v I I I I #
coedge $-1 -1 $-1 $205 $206 $207 $208 forward $103 $-1 #
coedge $-1 -1 $-1 $209 $210 $211 $212 reversed $105 $-1 #
coedge $-1 -1 $-1 $213 $106 $214 $215 forward $71 $-1 #
coedge $-1 -1 $-1 $106 $216 $217 $218 forward $71 $-1 #
coedge $-1 -1 $-1 $219 $220 $106 $151 forward $221 $-1 #
edge $222 -1 $-1 $223 0.0009751684563564005839 $224 0.008024831543643601989 $106 $225 forward @7 unknown #
coedge $-1 -1 $-1 $109 $107 $226 $227 forward $26 $-1 #
coedge $-1 -1 $-1 $166 $228 $107 $154 forward $133 $-1 #
edge $-1 -1 $-1 $229 0.3948499393838743043 $155 0.4444043321403293167 $153 $230 forward @7 unknown #
vertex $-1 -1 $-1 $108 $231 #
straight-curve $-1 -1 $-1 0.999999999999999778 6.000000000000001776 4.997873903188891909 -0 -10 -7.905478699661110396e-17 I I #
coedge $-1 -1 $-1 $232 $233 $109 $158 reversed $234 $-1 #
edge $235 -1 $-1 $236 -0.003820358528981911053 $161 -0.0005006861729989663589 $157 $237 forward @7 tangent #
coedge $-1 -1 $-1 $168 $110 $233 $238 forward $43 $-1 #
DXID-attrib $-1 -1 $-1 $-1 $111 @18 ASM_EDGE_FROM_STEP @4 7505 #
vertex $-1 -1 $-1 $158 $239 #
straight-curve $-1 -1 $-1 -7.999999999999999112 49.54549363605087819 4.526203889641529088 -2.20728042258937219e-15 10 -3.662387820623088921e-17 I I #
point $-1 -1 $-1 -7.999999999999994671 31 4.526203889641529088 #
ellipse-curve $-1 -1 $-1 -7.999999999999994671 31 3.524831543643600185 -1 -2.20728042258937219e-16 -0 0 2.636779683484746784e-15 1.001372345997921354 0.9986295347545738332 I I #
coedge $-1 -1 $-1 $116 $240 $241 $242 reversed $37 $-1 #
coedge $-1 -1 $-1 $243 $153 $116 $167 reversed $133 $-1 #
edge $244 -1 $-1 $245 -0.0625 $155 0.1127126096811108535 $166 $246 forward @7 unknown #
coedge $-1 -1 $-1 $120 $159 $247 $248 reversed $43 $-1 #
coedge $-1 -1 $-1 $249 $122 $120 $170 reversed $174 $-1 #
edge $250 -1 $-1 $251 -1.570796326794896558 $125 0 $169 $252 forward @7 unknown #
coedge $-1 -1 $-1 $253 $254 $121 $172 reversed $255 $-1 #
edge $256 -1 $-1 $176 -0.008026595706505790587 $180 -4.908859512797763463e-05 $171 $257 forward @7 tangent #
coedge $-1 -1 $-1 $122 $258 $253 $259 forward $174 $-1 #
loop $-1 -1 $-1 $-1 $169 $260 #
DXID-attrib $-1 -1 $-1 $-1 $123 @18 ASM_EDGE_FROM_STEP @5 10193 #
vertex $-1 -1 $-1 $123 $261 #
straight-curve $-1 -1 $-1 -5.077769868672712406 13.00000000000000711 -4.679351481378374089 998.6295347545740242 0 -52.33595624294395776 I I #
point $-1 -1 $-1 -7.999999999999991118 13.00000000000000711 -4.526203889641521094 #
coedge $-1 -1 $-1 $262 $127 $254 $263 forward $133 $-1 #
vertex $-1 -1 $-1 $172 $264 #
straight-curve $-1 -1 $-1 -1.963623983448470334 4.461736867217831914 -4.842556951586397318 -7.06621750184624009 -7.066217501846240978 0.3703247672027214499 I I #
coedge $-1 -1 $-1 $265 $129 $266 $267 forward $37 $-1 #
coedge $-1 -1 $-1 $268 $269 $129 $184 forward $270 $-1 #
edge $-1 -1 $-1 $271 -2.776638552176418973 $189 -2.606222614716037445 $129 $272 forward @7 unknown #
coedge $-1 -1 $-1 $273 $130 $132 $192 forward $187 $-1 #
coedge $-1 -1 $-1 $130 $274 $268 $275 reversed $187 $-1 #
loop $-1 -1 $-1 $-1 $130 $276 #
DXID-attrib $-1 -1 $-1 $-1 $131 @18 ASM_EDGE_FROM_STEP @4 2969 #
vertex $-1 -1 $-1 $131 $277 #
straight-curve $-1 -1 $-1 0.999999999999999778 -0.3030344069404146135 -7.036398068614973411 0 9.993140625789084908 0.3703247672027215054 F -10006.83375930145303 F 10006.89440778390417 #
coedge $-1 -1 $-1 $132 $243 $278 $279 reversed $133 $-1 #
edge $280 -1 $-1 $135 -0.004957629791449803987 $281 1.177569344012831552e-18 $185 $282 forward @7 unknown #
face $283 -1 $-1 $284 $133 $4 $-1 $285 reversed single #
point $-1 -1 $-1 0.999999999999999778 7.425360850666304913 -6.75 #
DXID-attrib $-1 -1 $-1 $-1 $139 @18 ASM_FACE_FROM_STEP @16 MD-JJ-K4080-9578 #
face $286 -1 $-1 $287 $288 $4 $-1 $289 forward single #
loop $-1 -1 $-1 $-1 $290 $139 #
cone-surface $-1 -1 $-1 -68.67599173077960018 -0.7323409168836292338 -9.462991984865942285 0.7066217501846235871 0.7066217501846248084 -0.03703247672027218385 -0.7071067811865466846 0.7071067811865454633 8.326672684688654332e-17 1 I I 0 1 0.9999999999999980016 forward I I I I #
coedge $-1 -1 $-1 $291 $292 $293 $294 reversed $140 $-1 #
DXID-attrib $-1 -1 $-1 $-1 $143 @10 ASM ENTITY @36 a44408fb-328e-4cf9-b9d0-c1cba9cab106 #
face $295 -1 $-1 $296 $297 $4 $-1 $298 forward single #
loop $-1 -1 $-1 $-1 $299 $143 #
cone-surface $-1 -1 $-1 -31.00000000000001776 8.447664043757038499 -3.501370465245425834 -8.152216930553201654e-16 0.9986295347545739443 0.0523359562429439526 -0.7071067811865492381 0.03700710955926625467 -0.7061377159181246865 1 I I 0 -1 1 forward I I I I #
coedge $-1 -1 $-1 $300 $301 $205 $302 reversed $144 $-1 #
coedge $-1 -1 $-1 $303 $146 $204 $302 forward $103 $-1 #
coedge $-1 -1 $-1 $146 $303 $304 $305 forward $103 $-1 #
coedge $-1 -1 $-1 $306 $307 $146 $208 reversed $270 $-1 #
edge $-1 -1 $-1 $308 1.804112415015878984e-15 $309 1.57079632679489456 $146 $310 forward @7 unknown #
coedge $-1 -1 $-1 $311 $147 $312 $313 reversed $105 $-1 #
coedge $-1 -1 $-1 $147 $314 $315 $316 reversed $105 $-1 #
coedge $-1 -1 $-1 $317 $318 $147 $212 forward $319 $-1 #
edge $-1 -1 $-1 $320 -14.1144440080497624 $321 -11.79775652279312226 $211 $322 forward @7 unknown #
coedge $-1 -1 $-1 $323 $148 $324 $325 reversed $71 $-1 #
coedge $-1 -1 $-1 $326 $327 $148 $215 reversed $328 $-1 #
edge $329 -1 $-1 $223 -1.57079632679489678 $330 -2.481908112669895472e-16 $148 $331 forward @7 unknown #
coedge $-1 -1 $-1 $149 $332 $333 $334 forward $71 $-1 #
coedge $-1 -1 $-1 $335 $336 $149 $218 reversed $337 $-1 #
edge $338 -1 $-1 $339 -3.141592653589793116 $224 -1.570796326794895892 $149 $340 forward @7 unknown #
coedge $-1 -1 $-1 $341 $150 $336 $342 forward $221 $-1 #
coedge $-1 -1 $-1 $150 $341 $326 $343 forward $221 $-1 #
loop $-1 -1 $-1 $-1 $150 $344 #
DXID-attrib $-1 -1 $-1 $-1 $151 @18 ASM_EDGE_FROM_STEP @5 10629 #
vertex $-1 -1 $-1 $151 $345 #
vertex $-1 -1 $-1 $151 $346 #
straight-curve $-1 -1 $-1 -8.000000000000001776 48.00000000000000711 -4.5 0 0 1000 F -99.99550001000000066 F 100.0045000100000152 #
coedge $-1 -1 $-1 $347 $348 $152 $227 reversed $349 $-1 #
edge $350 -1 $-1 $229 -0.009793073264624885602 $236 -0.001815566153244746114 $226 $351 forward @7 tangent #
coedge $-1 -1 $-1 $153 $352 $347 $353 forward $133 $-1 #
vertex $-1 -1 $-1 $154 $354 #
straight-curve $-1 -1 $-1 -2.140257669666282947 4.285103181000018857 4.833299972345144191 7.06621750184624009 7.066217501846240978 0.3703247672027214499 I I #
point $-1 -1 $-1 0.999999999999999778 7.425360850666304913 4.997873903188891909 #
coedge $-1 -1 $-1 $355 $157 $348 $356 forward $234 $-1 #
coedge $-1 -1 $-1 $157 $357 $159 $238 reversed $234 $-1 #
loop $-1 -1 $-1 $-1 $233 $358 #
DXID-attrib $-1 -1 $-1 $-1 $158 @18 ASM_EDGE_FROM_STEP @3 784 #
vertex $-1 -1 $-1 $227 $359 #
straight-curve $-1 -1 $-1 -8.499999999999996447 13.00000000000000711 4.5 -998.6295347545740242 -0 -52.33595624294395776 I I #
edge $360 -1 $-1 $161 -3.141592653589793116 $361 -1.570796326794896558 $233 $362 forward @7 unknown #
point $-1 -1 $-1 -7.99999999999999023 13.00000000000000711 4.526203889641521094 #
coedge $-1 -1 $-1 $165 $363 $364 $365 reversed $37 $-1 #
coedge $-1 -1 $-1 $366 $367 $165 $242 forward $368 $-1 #
edge $369 -1 $-1 $245 -0.8437317149588425824 $370 -0.0006173061689616462979 $165 $371 forward @7 unknown #
coedge $-1 -1 $-1 $191 $166 $367 $372 forward $133 $-1 #
DXID-attrib $-1 -1 $-1 $-1 $167 @18 ASM_EDGE_FROM_STEP @4 9806 #
vertex $-1 -1 $-1 $242 $373 #
straight-curve $-1 -1 $-1 0.999999999999999889 7.425360850666304913 6.125 0 0 -10 F -9999.387501000001066 F 10000.61250099999961 #
coedge $-1 -1 $-1 $374 $375 $168 $248 forward $376 $-1 #
edge $377 -1 $-1 $251 0.0009751684563564005839 $361 0.008024831543643601989 $247 $378 forward @7 unknown #
coedge $-1 -1 $-1 $258 $169 $375 $379 reversed $174 $-1 #
DXID-attrib $-1 -1 $-1 $-1 $170 @18 ASM_EDGE_FROM_STEP @4 8174 #
vertex $-1 -1 $-1 $248 $380 #
ellipse-curve $-1 -1 $-1 -7.99999999999999023 13.00000000000000711 -3.524831543643599296 1 2.20728042258937219e-16 0 0 0 -1.001372345997921354 0.9986295347545740553 I I #
coedge $-1 -1 $-1 $381 $171 $173 $259 reversed $255 $-1 #
coedge $-1 -1 $-1 $171 $382 $179 $263 reversed $255 $-1 #
loop $-1 -1 $-1 $-1 $254 $383 #
DXID-attrib $-1 -1 $-1 $-1 $172 @18 ASM_EDGE_FROM_STEP @2 91 #
straight-curve $-1 -1 $-1 0.6826643862017358622 7.038741207571304059 -4.981243048382303584 668.7195570917208443 -742.6883090171003232 -35.04610695031605161 I I #
coedge $-1 -1 $-1 $173 $249 $384 $385 reversed $174 $-1 #
edge $386 -1 $-1 $387 -3.10268964634296518 $176 -1.570796326793991948 $253 $388 forward @7 unknown #
face $389 -1 $-1 $358 $174 $4 $-1 $390 reversed single #
point $-1 -1 $-1 -4.684877139607123375 13.00000000000000711 -4.699942116805154058 #
coedge $-1 -1 $-1 $391 $179 $392 $393 forward $133 $-1 #
edge $394 -1 $-1 $180 2.199120745814165723 $395 3.687456739995842891 $254 $396 forward @7 unknown #
point $-1 -1 $-1 0.6498378826094998173 7.075198733278926788 -4.979522684227408291 #
coedge $-1 -1 $-1 $397 $182 $398 $399 forward $37 $-1 #
coedge $-1 -1 $-1 $400 $401 $182 $267 reversed $402 $-1 #
edge $403 -1 $-1 $271 -0.2640054813552355495 $404 0.2043891010274460907 $266 $405 reversed @7 unknown #
coedge $-1 -1 $-1 $406 $183 $186 $275 forward $270 $-1 #
coedge $-1 -1 $-1 $183 $407 $400 $408 forward $270 $-1 #
loop $-1 -1 $-1 $-1 $306 $409 #
vertex $-1 -1 $-1 $184 $410 #
straight-curve $-1 -1 $-1 1 -1 19 0 0 10 I I #
coedge $-1 -1 $-1 $411 $185 $412 $413 forward $187 $-1 #
coedge $-1 -1 $-1 $186 $414 $415 $416 forward $187 $-1 #
edge $417 -1 $-1 $189 -0.5488372147369031673 $418 0.2942771940529779195 $186 $419 reversed @7 unknown #
face $420 -1 $-1 $421 $187 $4 $-1 $422 forward single #
point $-1 -1 $-1 1.000000000000000444 -0.999999999999999889 -7.062226147160373557 #
coedge $-1 -1 $-1 $423 $412 $191 $279 forward $424 $-1 #
edge $425 -1 $-1 $281 0 $426 0.01350000000000000158 $191 $427 forward @7 unknown #
DXID-attrib $-1 -1 $-1 $-1 $192 @18 ASM_EDGE_FROM_STEP @3 861 #
vertex $-1 -1 $-1 $192 $428 #
straight-curve $-1 -1 $-1 -2.505573644146604551 3.919787206519699474 -6.75 -707.1067811865474368 -707.1067811865475505 -6.948409942015245019e-15 I I #
DXID-attrib $-1 -1 $-1 $-1 $193 @18 ASM_FACE_FROM_STEP @16 MD-JJ-K4080-9740 #
face $429 -1 $-1 $430 $349 $4 $-1 $431 reversed single #
plane-surface $-1 -1 $-1 -2.505573644146604551 3.919787206519699474 -6.75 -0.7071067811865475727 0.7071067811865474617 0 -0.7071067811865474617 -0.7071067811865476838 0 forward_v I I I I #
DXID-attrib $-1 -1 $-1 $-1 $196 @18 ASM_FACE_FROM_STEP @16 MD-JJ-K4080-4259 #
face $432 -1 $-1 $433 $434 $4 $-1 $435 reversed single #
loop $-1 -1 $-1 $-1 $436 $196 #
plane-surface $-1 -1 $-1 -69.35786437626903478 1.387778780781445676e-14 -8.5 0.7071067811865482389 -0.7071067811865469066 0 0.7071067811865470176 0.7071067811865482389 0 forward_v I I I I #
coedge $-1 -1 $-1 $437 $438 $439 $440 reversed $197 $-1 #
coedge $-1 -1 $-1 $441 $199 $442 $443 reversed $140 $-1 #
coedge $-1 -1 $-1 $199 $444 $445 $446 reversed $140 $-1 #
coedge $-1 -1 $-1 $447 $448 $199 $294 forward $449 $-1 #
edge $-1 -1 $-1 $450 1.28391922375857126 $451 1.299734739545217455 $199 $452 forward @7 unknown #
DXID-attrib $-1 -1 $-1 $-1 $201 @18 ASM_FACE_FROM_STEP @16 MD-JJ-K4080-3980 #
face $453 -1 $-1 $454 $455 $4 $-1 $456 reversed single #
loop $-1 -1 $-1 $-1 $457 $201 #
plane-surface $-1 -1 $-1 -12.00000000000000888 8.499999999999992895 -4.5 2.368393354756429336e-17 -0.0523359562429439526 0.9986295347545739443 0 -0.9986295347545739443 -0.0523359562429439526 forward_v I I I I #
coedge $-1 -1 $-1 $458 $459 $460 $461 forward $202 $-1 #
coedge $-1 -1 $-1 $462 $204 $307 $463 forward $144 $-1 #
coedge $-1 -1 $-1 $204 $462 $464 $465 forward $144 $-1 #
edge $-1 -1 $-1 $309 -0.9696141310790439283 $466 -0.06837901968091621152 $204 $467 forward @7 tangent #
coedge $-1 -1 $-1 $206 $205 $468 $469 forward $103 $-1 #
coedge $-1 -1 $-1 $470 $471 $206 $305 reversed $472 $-1 #
edge $-1 -1 $-1 $473 0.07361979760922013338 $308 0.9748549090073482803 $304 $474 forward @7 tangent #
coedge $-1 -1 $-1 $475 $207 $471 $476 forward $270 $-1 #
coedge $-1 -1 $-1 $207 $460 $300 $463 reversed $270 $-1 #
vertex $-1 -1 $-1 $208 $477 #
vertex $-1 -1 $-1 $208 $478 #
ellipse-curve $-1 -1 $-1 -31.00000000000001066 -1.000000000000003109 3.996501557190970999 1.224606353822377258e-16 -1 0 -2.636779683484746784e-15 0 1.001372345997921354 0.9986295347545738332 I I #
coedge $-1 -1 $-1 $479 $209 $480 $481 reversed $105 $-1 #
coedge $-1 -1 $-1 $482 $483 $209 $313 forward $484 $-1 #
edge $-1 -1 $-1 $485 2.748178513706608594 $320 3.979549363605087819 $312 $486 forward @7 unknown #
coedge $-1 -1 $-1 $210 $487 $488 $489 reversed $105 $-1 #
coedge $-1 -1 $-1 $490 $491 $210 $316 forward $492 $-1 #
edge $-1 -1 $-1 $321 -4.002566110786193398 $493 2.747948015938737942 $315 $494 reversed @7 unknown #
coedge $-1 -1 $-1 $495 $211 $491 $496 reversed $319 $-1 #
coedge $-1 -1 $-1 $211 $497 $482 $498 reversed $319 $-1 #
loop $-1 -1 $-1 $-1 $211 $296 #
vertex $-1 -1 $-1 $212 $499 #
vertex $-1 -1 $-1 $212 $500 #
straight-curve $-1 -1 $-1 -7.999999999999989342 7.999999999999991118 -130.1444400804976169 0 0 -10 I I #
coedge $-1 -1 $-1 $501 $213 $502 $503 forward $71 $-1 #
coedge $-1 -1 $-1 $504 $505 $213 $325 forward $506 $-1 #
edge $507 -1 $-1 $508 0.05454936360508710891 $330 1.854549363605086931 $213 $509 forward @7 unknown #
coedge $-1 -1 $-1 $510 $214 $220 $343 reversed $328 $-1 #
coedge $-1 -1 $-1 $214 $511 $504 $512 reversed $328 $-1 #
loop $-1 -1 $-1 $-1 $214 $513 #
DXID-attrib $-1 -1 $-1 $-1 $215 @18 ASM_EDGE_FROM_STEP @3 586 #
vertex $-1 -1 $-1 $215 $514 #
ellipse-curve $-1 -1 $-1 -7.999999999999998224 49 -3.524831543643600185 1 2.20728042258937219e-16 0 0 2.481908112669897937e-16 -1.001372345997921576 0.9986295347545740553 I I #
coedge $-1 -1 $-1 $216 $501 $515 $516 forward $71 $-1 #
coedge $-1 -1 $-1 $517 $518 $216 $334 reversed $519 $-1 #
edge $520 -1 $-1 $521 0.05454936360508710891 $339 1.854549363605086043 $216 $522 reversed @7 unknown #
coedge $-1 -1 $-1 $523 $217 $518 $524 reversed $337 $-1 #
coedge $-1 -1 $-1 $217 $525 $219 $342 reversed $337 $-1 #
loop $-1 -1 $-1 $-1 $217 $526 #
DXID-attrib $-1 -1 $-1 $-1 $218 @18 ASM_EDGE_FROM_STEP @4 8458 #
vertex $-1 -1 $-1 $334 $527 #
ellipse-curve $-1 -1 $-1 -7.999999999999998224 49 3.524831543643600629 1 2.20728042258937219e-16 0 0 -2.48190811266989843e-16 -1.001372345997921354 0.9986295347545740553 I I #
coedge $-1 -1 $-1 $220 $219 $528 $529 reversed $221 $-1 #
edge $530 -1 $-1 $224 0.0009193019999024182147 $531 0.003349038740854284966 $219 $532 forward @14 tangent_not_g2 #
edge $533 -1 $-1 $534 -0.002878015134667789767 $223 -0.0004482783937159230702 $220 $535 forward @14 tangent_not_g2 #
face $536 -1 $-1 $537 $221 $4 $-1 $538 reversed single #
point $-1 -1 $-1 -7.999999999999998224 48.00000000000000711 -3.524831543643599296 #
point $-1 -1 $-1 -7.999999999999998224 48.00000000000000711 3.524831543643602849 #
coedge $-1 -1 $-1 $539 $226 $228 $353 reversed $349 $-1 #
coedge $-1 -1 $-1 $226 $540 $232 $356 reversed $349 $-1 #
loop $-1 -1 $-1 $-1 $226 $284 #
DXID-attrib $-1 -1 $-1 $-1 $227 @18 ASM_EDGE_FROM_STEP @4 7504 #
straight-curve $-1 -1 $-1 -5.898981733475668676 14.34839975626202957 4.636313591223165886 -668.7195570917208443 742.6883090171003232 -35.04610695031605161 I I #
coedge $-1 -1 $-1 $228 $391 $541 $542 reversed $133 $-1 #
edge $543 -1 $-1 $544 2.595729552566265586 $229 4.084065537930600343 $347 $545 forward @7 unknown #
point $-1 -1 $-1 0.649837882611056239 7.075198733277198393 4.979522684227490892 #
coedge $-1 -1 $-1 $357 $232 $546 $547 reversed $234 $-1 #
edge $548 -1 $-1 $236 1.570796326795466769 $549 3.102689646344105601 $348 $550 forward @7 unknown #
coedge $-1 -1 $-1 $233 $355 $374 $551 reversed $234 $-1 #
face $552 -1 $-1 $553 $234 $4 $-1 $554 reversed single #
point $-1 -1 $-1 -4.684877139607122487 13.00000000000000711 4.699942116805154058 #
DXID-attrib $-1 -1 $-1 $-1 $238 @18 ASM_EDGE_FROM_STEP @4 9978 #
vertex $-1 -1 $-1 $238 $555 #
ellipse-curve $-1 -1 $-1 -7.99999999999999023 13.00000000000000711 3.524831543643600629 1 2.20728042258937219e-16 0 0 0 -1.001372345997921354 0.9986295347545740553 I I #
coedge $-1 -1 $-1 $240 $556 $557 $558 reversed $37 $-1 #
coedge $-1 -1 $-1 $559 $560 $240 $365 forward $270 $-1 #
edge $-1 -1 $-1 $370 -1.193777385283962822 $561 -1.023361447823581294 $240 $562 forward @7 unknown #
coedge $-1 -1 $-1 $563 $241 $560 $564 forward $368 $-1 #
coedge $-1 -1 $-1 $241 $565 $243 $372 reversed $368 $-1 #
loop $-1 -1 $-1 $-1 $241 $566 #
DXID-attrib $-1 -1 $-1 $-1 $242 @18 ASM_EDGE_FROM_STEP @4 5148 #
vertex $-1 -1 $-1 $365 $567 #
straight-curve $-1 -1 $-1 0.999999999999999778 -1.006168827355600648 7.062454750923686575 0 -9.993140625789084908 0.3703247672027215054 F -10006.96476948967211 F 10006.76339759568509 #
edge $568 -1 $-1 $245 -0.004957629791449803987 $426 1.177569344012831552e-18 $243 $569 forward @7 unknown #
point $-1 -1 $-1 0.999999999999999778 7.425360850666304913 6.75 #
coedge $-1 -1 $-1 $570 $247 $357 $551 forward $376 $-1 #
coedge $-1 -1 $-1 $247 $570 $249 $379 forward $376 $-1 #
loop $-1 -1 $-1 $-1 $570 $571 #
DXID-attrib $-1 -1 $-1 $-1 $248 @18 ASM_EDGE_FROM_STEP @4 8309 #
straight-curve $-1 -1 $-1 -7.999999999999996447 12.00000000000000355 -4.5 0 0 1000 I I #
edge $572 -1 $-1 $573 -0.003374518835868932191 $251 -0.0004482783937159252928 $375 $574 forward @14 tangent_not_g2 #
point $-1 -1 $-1 -7.99999999999999023 12.00000000000000355 -3.524831543643599296 #
coedge $-1 -1 $-1 $382 $253 $575 $576 reversed $255 $-1 #
coedge $-1 -1 $-1 $254 $381 $577 $578 reversed $255 $-1 #
face $579 -1 $-1 $260 $255 $4 $-1 $580 reversed single #
coedge $-1 -1 $-1 $581 $575 $258 $385 forward $582 $-1 #
edge $583 -1 $-1 $387 0.01915664595442506321 $573 0.05805965744714495363 $384 $584 forward @7 unknown #
DXID-attrib $-1 -1 $-1 $-1 $259 @18 ASM_EDGE_FROM_STEP @4 6541 #
vertex $-1 -1 $-1 $576 $585 #
ellipse-curve $-1 -1 $-1 -4.632541183364272008 12.99999999999983125 -3.701312582050748645 0.912431928382587909 -0.4064251027559472873 -0.04781853111346919677 0.4442105438543541562 0.999999999999825695 -0.02328008813839073723 0.9136841006878790861 F -3.10268964634296518 F -1.570796326793991948 #
DXID-attrib $-1 -1 $-1 $-1 $260 @18 ASM_FACE_FROM_STEP @16 MD-JJ-K4080-8922 #
cone-surface $-1 -1 $-1 -8.44766404375705271 13.00000000000000711 -3.501370465245425834 0.9986295347545740553 0 -0.05233595624294395954 -0.05233595624294395954 0 -0.9986295347545741663 1 I I 0 1 1.000000000000000444 forward I I I I #
coedge $-1 -1 $-1 $352 $262 $586 $587 reversed $133 $-1 #
coedge $-1 -1 $-1 $577 $588 $262 $393 reversed $589 $-1 #
edge $590 -1 $-1 $395 -0.01128099602700632052 $591 -0.009080046255470784755 $262 $592 forward @7 unknown #
DXID-attrib $-1 -1 $-1 $-1 $263 @18 ASM_EDGE_FROM_STEP @4 5149 #
vertex $-1 -1 $-1 $263 $593 #
ellipse-curve $-1 -1 $-1 0.6773772734899506931 7.102738124159833077 -3.979593615365732084 -0.7071067811883291476 0.7071067811847658868 -2.238547512552525784e-13 0.5885979739139303168 0.5885979739170730252 0.5577495504213274558 0.9980160705144611732 I I #
coedge $-1 -1 $-1 $594 $265 $595 $596 forward $37 $-1 #
coedge $-1 -1 $-1 $597 $598 $265 $399 reversed $599 $-1 #
edge $-1 -1 $-1 $404 0.4629044690874412615 $600 1.500348130808272673 $398 $601 forward @7 unknown #
coedge $-1 -1 $-1 $602 $266 $269 $408 reversed $402 $-1 #
coedge $-1 -1 $-1 $266 $603 $597 $604 forward $402 $-1 #
loop $-1 -1 $-1 $-1 $401 $605 #
DXID-attrib $-1 -1 $-1 $-1 $267 @18 ASM_EDGE_FROM_STEP @4 4836 #
vertex $-1 -1 $-1 $399 $606 #
straight-curve $-1 -1 $-1 1 1.638243901162006688 -8.864153290187308798 0 -9.993140625789084908 0.3703247672027214499 F -10006.70014670214914 F 10007.02802038320806 #
coedge $-1 -1 $-1 $607 $268 $608 $609 forward $270 $-1 #
coedge $-1 -1 $-1 $269 $610 $611 $612 forward $270 $-1 #
edge $613 -1 $-1 $614 -0.4194435112604931182 $271 0.04895107112218841094 $400 $615 reversed @7 unknown #
face $616 -1 $-1 $276 $270 $4 $-1 $617 reversed single #
point $-1 -1 $-1 1 -1.000000000000000444 -8.766385521764188837 #
coedge $-1 -1 $-1 $414 $273 $618 $619 forward $187 $-1 #
coedge $-1 -1 $-1 $278 $620 $273 $413 reversed $424 $-1 #
edge $621 -1 $-1 $281 0 $622 0.002005485627631133257 $273 $623 forward @7 unknown #
coedge $-1 -1 $-1 $274 $411 $624 $625 forward $187 $-1 #
coedge $-1 -1 $-1 $626 $608 $274 $416 reversed $627 $-1 #
edge $628 -1 $-1 $629 -0.005780046255470789977 $418 -0.0008224164640209874 $274 $630 forward @7 unknown #
DXID-attrib $-1 -1 $-1 $-1 $275 @18 ASM_EDGE_FROM_STEP @4 2733 #
vertex $-1 -1 $-1 $275 $631 #
straight-curve $-1 -1 $-1 -4.484607467532273795 -1.000000000000000666 -6.858978133380739806 9.993140625789084908 1.223766350498184033e-15 -0.3703247672027214499 I I #
DXID-attrib $-1 -1 $-1 $-1 $276 @18 ASM_FACE_FROM_STEP @16 MD-JJ-K4080-6094 #
face $632 -1 $-1 $633 $634 $4 $-1 $635 forward single #
plane-surface $-1 -1 $-1 -8.006897109335007201 -1.581536258668703399 -6.75 0.03700710955926810042 -0.03700710955926810042 0.9986295347545739443 0.9993140625789086462 0 -0.03703247672027214915 forward_v I I I I #
coedge $-1 -1 $-1 $620 $278 $565 $636 forward $424 $-1 #
loop $-1 -1 $-1 $-1 $423 $637 #
DXID-attrib $-1 -1 $-1 $-1 $279 @18 ASM_EDGE_FROM_STEP @4 4314 #
vertex $-1 -1 $-1 $372 $638 #
straight-curve $-1 -1 $-1 -2.505573644146605439 3.919787206519698142 -6.75 0 0 1000 F 0 F 0.01350000000000000158 #
point $-1 -1 $-1 -2.505573644146605439 3.919787206519698142 -6.75 #
DXID-attrib $-1 -1 $-1 $-1 $284 @18 ASM_FACE_FROM_STEP @16 MD-JJ-K4080-6525 #
face $639 -1 $-1 $640 $641 $4 $-1 $642 forward single #
cone-surface $-1 -1 $-1 0.4609429047050089823 7.343112827707005685 3.968250771919792363 -0.6687195570917208176 0.7426883090171003676 -0.03504610695031604856 -0.7431448254773942441 -0.6691306063588577935 6.938893903907225296e-18 1 I I 0 1 0.999999999999999778 forward I I I I #
DXID-attrib $-1 -1 $-1 $-1 $287 @18 ASM_FACE_FROM_STEP @16 MD-JJ-K4080-8686 #
face $643 -1 $-1 $644 $645 $4 $-1 $646 reversed single #
loop $-1 -1 $-1 $-1 $647 $287 #
cone-surface $-1 -1 $-1 -67.00000000000001421 8.918042128461479479 3.476718994402656637 0 -0.9986295347545740553 0.05233595624294395954 0 -0.05233595624294395954 -0.9986295347545741663 1 I I 0 1 1.000000000000000444 forward I I I I #
coedge $-1 -1 $-1 $648 $649 $650 $651 reversed $288 $-1 #
coedge $-1 -1 $-1 $652 $290 $649 $653 reversed $197 $-1 #
coedge $-1 -1 $-1 $290 $654 $655 $656 reversed $197 $-1 #
coedge $-1 -1 $-1 $657 $650 $290 $440 forward $658 $-1 #
edge $-1 -1 $-1 $659 -0.1373370605538783706 $660 0.12017732895582732 $290 $661 forward @7 unknown #
coedge $-1 -1 $-1 $662 $291 $663 $664 reversed $140 $-1 #
coedge $-1 -1 $-1 $665 $666 $291 $443 forward $667 $-1 #
edge $-1 -1 $-1 $668 -1.496765203188090254 $450 -0.2363143434929503017 $291 $669 forward @7 unknown #
coedge $-1 -1 $-1 $292 $662 $648 $670 reversed $140 $-1 #
coedge $-1 -1 $-1 $650 $671 $292 $446 forward $658 $-1 #
edge $-1 -1 $-1 $451 -0.1201773289558334679 $672 0.1373370605538755951 $292 $673 forward @7 unknown #
coedge $-1 -1 $-1 $674 $293 $671 $675 forward $449 $-1 #
coedge $-1 -1 $-1 $293 $676 $665 $677 forward $449 $-1 #
loop $-1 -1 $-1 $-1 $674 $678 #
vertex $-1 -1 $-1 $677 $679 #
vertex $-1 -1 $-1 $294 $680 #
ellipse-curve $-1 -1 $-1 -54.86188880007043167 13.08176201382554993 -13.81304155774823883 0.02616797812147205263 0.0453242676377401954 -0.9986295347545739443 -52.180788951327159 -52.16163090656547041 -3.734771838273624578 0.01353625082502884699 I I #
DXID-attrib $-1 -1 $-1 $-1 $296 @18 ASM_FACE_FROM_STEP @16 MD-JJ-K4080-9133 #
face $681 -1 $-1 $682 $472 $4 $-1 $683 forward single #
loop $-1 -1 $-1 $684 $685 $296 #
plane-surface $-1 -1 $-1 -8.499999999999989342 7.999999999999991118 -130.1444400804976169 1.324368253553623314e-16 -1 0 1 1.324368253553623314e-16 0 forward_v I I I I #
coedge $-1 -1 $-1 $686 $687 $458 $688 reversed $297 $-1 #
coedge $-1 -1 $-1 $689 $299 $457 $688 forward $202 $-1 #
coedge $-1 -1 $-1 $299 $689 $462 $690 forward $202 $-1 #
coedge $-1 -1 $-1 $307 $607 $299 $461 reversed $270 $-1 #
edge $-1 -1 $-1 $691 -1.570796326794957842 $692 -6.529499163576701903e-14 $299 $693 forward @7 unknown #
coedge $-1 -1 $-1 $301 $300 $459 $690 reversed $144 $-1 #
edge $-1 -1 $-1 $309 0.3253498442809030222 $691 1.1246501557190971 $307 $694 forward @7 unknown #
coedge $-1 -1 $-1 $695 $468 $301 $465 reversed $455 $-1 #
edge $696 -1 $-1 $697 0.000975168456356401126 $466 0.008024831543643600254 $301 $698 forward @7 unknown #
vertex $-1 -1 $-1 $302 $699 #
straight-curve $-1 -1 $-1 -32.00000000000002132 8.682853086109258101 3.489044729824041013 -8.152216930553201654e-15 9.986295347545739887 -0.5233595624294394844 F -1.279766090511161192 F 0.2417729397512015377 #
coedge $-1 -1 $-1 $464 $685 $303 $469 reversed $455 $-1 #
edge $-1 -1 $-1 $466 -1.570796326794893449 $473 -1.804112415015878984e-15 $303 $700 forward @7 unknown #
coedge $-1 -1 $-1 $701 $304 $685 $702 reversed $472 $-1 #
coedge $-1 -1 $-1 $304 $703 $306 $476 reversed $472 $-1 #
loop $-1 -1 $-1 $-1 $304 $454 #
vertex $-1 -1 $-1 $469 $704 #
straight-curve $-1 -1 $-1 -31.00000000000001776 8.735189042352203614 4.48767426457861518 8.152216930553201654e-15 -9.986295347545739887 0.5233595624294394844 F -0.2417729397512015377 F 1.279766090511161192 #
coedge $-1 -1 $-1 $560 $306 $705 $706 forward $270 $-1 #
edge $-1 -1 $-1 $308 -2.500000000000000888 $707 -0.1425360850666301804 $306 $708 reversed @7 unknown #
point $-1 -1 $-1 -31.00000000000001421 -1.000000000000003331 4.99787390318889102 #
point $-1 -1 $-1 -32.00000000000001421 -1.00000000000000222 3.996501557190970555 #
coedge $-1 -1 $-1 $709 $311 $710 $711 reversed $105 $-1 #
coedge $-1 -1 $-1 $712 $713 $311 $481 forward $714 $-1 #
edge $-1 -1 $-1 $715 -7.457222004024881556 $485 -7.057222004024881201 $480 $716 reversed @7 unknown #
coedge $-1 -1 $-1 $483 $312 $318 $498 forward $484 $-1 #
coedge $-1 -1 $-1 $312 $482 $712 $717 reversed $484 $-1 #
loop $-1 -1 $-1 $-1 $483 $718 #
vertex $-1 -1 $-1 $313 $719 #
straight-curve $-1 -1 $-1 -7.999999999999998224 47.79549363605086398 10.99999999999999645 2.20728042258937219e-15 -10 0 I I #
coedge $-1 -1 $-1 $314 $709 $720 $721 forward $105 $-1 #
coedge $-1 -1 $-1 $722 $723 $314 $489 forward $724 $-1 #
edge $725 -1 $-1 $493 4.257222004024880491 $726 7.357222004024881024 $314 $727 reversed @7 unknown #
coedge $-1 -1 $-1 $491 $315 $723 $728 reversed $492 $-1 #
coedge $-1 -1 $-1 $315 $490 $317 $496 forward $492 $-1 #
loop $-1 -1 $-1 $-1 $490 $682 #
vertex $-1 -1 $-1 $489 $729 #
straight-curve $-1 -1 $-1 -8.000000000000003553 48.02261270863301945 -12.66085774313762791 2.207112313637466095e-15 -9.999238388787460963 0.1234165475093677578 F -9995.959043177874264 F 10005.56429726652095 #
coedge $-1 -1 $-1 $730 $317 $731 $732 reversed $319 $-1 #
edge $-1 -1 $-1 $733 -3.252458952498567424 $321 3.498055174226366582 $491 $734 reversed @7 unknown #
coedge $-1 -1 $-1 $318 $735 $736 $737 reversed $319 $-1 #
edge $-1 -1 $-1 $320 -0.05000000000000026645 $738 1.181370849898474074 $482 $739 forward @7 unknown #
point $-1 -1 $-1 -7.999999999999989342 7.999999999999991118 10.99999999999999645 #
point $-1 -1 $-1 -7.999999999999989342 7.999999999999991118 -12.16687485256639611 #
coedge $-1 -1 $-1 $332 $323 $740 $741 forward $71 $-1 #
coedge $-1 -1 $-1 $742 $743 $323 $503 reversed $744 $-1 #
edge $745 -1 $-1 $508 -3.141592653589793116 $746 -1.570796326794896558 $323 $747 forward @7 unknown #
coedge $-1 -1 $-1 $748 $324 $327 $512 forward $506 $-1 #
coedge $-1 -1 $-1 $324 $749 $742 $750 forward $506 $-1 #
loop $-1 -1 $-1 $-1 $324 $537 #
DXID-attrib $-1 -1 $-1 $-1 $325 @18 ASM_EDGE_FROM_STEP @4 5979 #
vertex $-1 -1 $-1 $325 $751 #
straight-curve $-1 -1 $-1 -8.000000000000003553 67.54549363605087819 -4.526203889641529088 2.20728042258937219e-15 -10 -2.476566015673924334e-17 F -9993.245451636395956 F 10006.75455036360472 #
coedge $-1 -1 $-1 $511 $326 $752 $753 reversed $328 $-1 #
coedge $-1 -1 $-1 $327 $510 $754 $755 forward $328 $-1 #
edge $756 -1 $-1 $330 -0.002429736740951863715 $757 0.0003623742274146575775 $327 $758 forward @7 tangent #
face $759 -1 $-1 $383 $328 $4 $-1 $760 reversed single #
point $-1 -1 $-1 -7.999999999999998224 49.00000000000001421 -4.526203889641520206 #
coedge $-1 -1 $-1 $761 $762 $332 $516 reversed $763 $-1 #
edge $764 -1 $-1 $765 -1.570796326794896558 $521 0 $332 $766 forward @7 unknown #
coedge $-1 -1 $-1 $767 $333 $762 $768 forward $519 $-1 #
coedge $-1 -1 $-1 $333 $769 $335 $524 forward $519 $-1 #
loop $-1 -1 $-1 $-1 $767 $633 #
DXID-attrib $-1 -1 $-1 $-1 $334 @18 ASM_EDGE_FROM_STEP @4 5442 #
vertex $-1 -1 $-1 $516 $770 #
straight-curve $-1 -1 $-1 -8.000000000000003553 67.54549363605087819 4.526203889641529088 -2.20728042258937219e-15 10 -2.476566015673924334e-17 F -10006.75455036360472 F 9993.245451636395956 #
coedge $-1 -1 $-1 $525 $335 $771 $772 forward $337 $-1 #
edge $773 -1 $-1 $774 -0.003292797141365496651 $339 -0.00050068617299896972 $335 $775 forward @7 tangent #
coedge $-1 -1 $-1 $336 $523 $776 $777 reversed $337 $-1 #
face $778 -1 $-1 $513 $337 $4 $-1 $779 reversed single #
point $-1 -1 $-1 -7.999999999999998224 49 4.526203889641521094 #
coedge $-1 -1 $-1 $776 $752 $341 $529 forward $780 $-1 #
edge $781 -1 $-1 $534 0.0008480058606000701396 $531 0.008151994139399930048 $341 $782 forward @7 unknown #
DXID-attrib $-1 -1 $-1 $-1 $342 @18 ASM_EDGE_FROM_STEP @5 10789 #
vertex $-1 -1 $-1 $529 $783 #
straight-curve $-1 -1 $-1 -8.918042128461499018 48.00000000000000711 3.476718994402658858 998.6295347545740242 4.735762794423503344e-12 52.33595624294395776 I I #
DXID-attrib $-1 -1 $-1 $-1 $343 @18 ASM_EDGE_FROM_STEP @3 125 #
vertex $-1 -1 $-1 $753 $784 #
straight-curve $-1 -1 $-1 -8.447664043757058039 48.00000000000000711 -3.501370465245425834 -998.6295347545740242 -4.735762794423503344e-12 52.33595624294395776 I I #
DXID-attrib $-1 -1 $-1 $-1 $344 @18 ASM_FACE_FROM_STEP @17 MD-JJ-K4080-10508 #
face $785 -1 $-1 $786 $506 $4 $-1 $787 forward single #
plane-surface $-1 -1 $-1 -8.500000000000001776 48.00000000000000711 -4.5 4.742261899541532505e-15 -1 0 1 4.742261899541533294e-15 0 forward_v I I I I #
coedge $-1 -1 $-1 $540 $347 $788 $789 reversed $349 $-1 #
coedge $-1 -1 $-1 $348 $539 $790 $791 reversed $349 $-1 #
coedge $-1 -1 $-1 $792 $788 $352 $542 forward $793 $-1 #
edge $794 -1 $-1 $544 -0.01128099602700632052 $795 -0.009080046255470784755 $541 $796 forward @7 unknown #
DXID-attrib $-1 -1 $-1 $-1 $353 @18 ASM_EDGE_FROM_STEP @4 6653 #
vertex $-1 -1 $-1 $542 $797 #
ellipse-curve $-1 -1 $-1 0.6773772800283112128 7.102738130694424612 3.979593614546819147 -0.7071067811864533148 0.7071067811866418307 -1.526282394983474691e-14 0.5885983672800116917 0.5885983672798427158 -0.557748734921135858 0.9980160680379267513 I I #
coedge $-1 -1 $-1 $790 $581 $355 $547 forward $582 $-1 #
edge $798 -1 $-1 $799 -0.05805966264148526568 $549 -0.01915665009946034697 $546 $800 forward @7 unknown #
DXID-attrib $-1 -1 $-1 $-1 $356 @18 ASM_EDGE_FROM_STEP @4 6370 #
vertex $-1 -1 $-1 $791 $801 #
ellipse-curve $-1 -1 $-1 -4.632541183364136117 13.00000000000011369 3.701312582050451994 0.9124319283825900184 -0.4064251027559431795 0.04781853111346356933 0.4442105438545502771 1.000000000000110578 0.02328008813696741397 0.9136841006878982929 F 1.570796326795466769 F 3.102689646344105601 #
edge $802 -1 $-1 $361 0.0009193019999024204915 $799 0.003845542442055426089 $374 $803 forward @14 tangent_not_g2 #
DXID-attrib $-1 -1 $-1 $-1 $358 @18 ASM_FACE_FROM_STEP @16 MD-JJ-K4080-5985 #
face $804 -1 $-1 $805 $806 $4 $-1 $807 reversed single #
cone-surface $-1 -1 $-1 -8.918042128461493689 13.00000000000000711 3.476718994402656637 0.9986295347545740553 0 0.05233595624294395954 0.05233595624294395954 0 -0.9986295347545741663 1 I I 0 1 1.000000000000000444 forward I I I I #
point $-1 -1 $-1 -7.99999999999999023 12.00000000000000355 3.524831543643602849 #
coedge $-1 -1 $-1 $363 $808 $809 $810 forward $37 $-1 #
coedge $-1 -1 $-1 $811 $812 $363 $558 forward $634 $-1 #
edge $813 -1 $-1 $561 -0.3343671871237526294 $814 0.1340273952589291218 $363 $815 forward @7 unknown #
coedge $-1 -1 $-1 $816 $364 $812 $817 reversed $270 $-1 #
coedge $-1 -1 $-1 $364 $475 $366 $564 reversed $270 $-1 #
vertex $-1 -1 $-1 $558 $818 #
straight-curve $-1 -1 $-1 1 -1 19 0 0 10 I I #
coedge $-1 -1 $-1 $819 $366 $820 $821 reversed $368 $-1 #
edge $822 -1 $-1 $370 -0.4784755089683861984 $823 0.364638899821494944 $560 $824 forward @7 unknown #
coedge $-1 -1 $-1 $367 $825 $423 $636 reversed $368 $-1 #
face $826 -1 $-1 $827 $368 $4 $-1 $828 forward single #
point $-1 -1 $-1 1.000000000000000444 -1 7.062226147160374445 #
DXID-attrib $-1 -1 $-1 $-1 $372 @18 ASM_EDGE_FROM_STEP @4 3192 #
straight-curve $-1 -1 $-1 -2.505573644146604551 3.919787206519699474 6.75 -707.1067811865474368 -707.1067811865475505 6.948409942015245019e-15 I I #
coedge $-1 -1 $-1 $375 $374 $581 $829 reversed $376 $-1 #
face $830 -1 $-1 $831 $376 $4 $-1 $832 reversed single #
DXID-attrib $-1 -1 $-1 $-1 $379 @18 ASM_EDGE_FROM_STEP @4 7628 #
vertex $-1 -1 $-1 $385 $833 #
straight-curve $-1 -1 $-1 -8.44766404375705271 12.00000000000000355 -3.501370465245425834 -998.6295347545740242 0 52.33595624294395776 I I #
coedge $-1 -1 $-1 $384 $834 $381 $576 forward $582 $-1 #
edge $835 -1 $-1 $836 -0.008509358888894686876 $387 3.474804396410563755e-05 $575 $837 forward @14 tangent_not_g2 #
coedge $-1 -1 $-1 $838 $392 $382 $578 forward $589 $-1 #
edge $839 -1 $-1 $395 -0.001906746902943413143 $836 -7.809000330147039307e-17 $382 $840 forward @7 unknown #
DXID-attrib $-1 -1 $-1 $-1 $383 @18 ASM_FACE_FROM_STEP @16 MD-JJ-K4080-7959 #
cone-surface $-1 -1 $-1 -5.846645777232724051 14.34839975626202602 -3.637684056468591276 -0.6687195570917208176 0.7426883090171003676 0.03504610695031604856 -0.7431448254773941331 -0.6691306063588576825 -3.469446951953611878e-18 1 I I 0 1 0.9999999999999996669 forward I I I I #
coedge $-1 -1 $-1 $546 $384 $570 $829 forward $582 $-1 #
loop $-1 -1 $-1 $-1 $834 $841 #
DXID-attrib $-1 -1 $-1 $-1 $385 @18 ASM_EDGE_FROM_STEP @4 6232 #
ellipse-curve $-1 -1 $-1 -5.978173716455263076 12.99999978176667348 -3.630790974272297245 -0.7431448254837148548 -0.6691306063518385194 2.419034585076617851e-13 0.8988866776528201541 -0.9983147936334585415 -0.1052153202661725712 0.7421264521293235994 F 0.01915664595442506321 F 0.05805965744714495363 #
point $-1 -1 $-1 -5.078451138281224964 12.00075662655318887 -3.716890001542131117 #
coedge $-1 -1 $-1 $842 $843 $391 $587 forward $844 $-1 #
edge $845 -1 $-1 $795 -0.01077500000000000159 $591 -0.002724999999999999558 $586 $846 forward @7 unknown #
coedge $-1 -1 $-1 $392 $847 $842 $848 reversed $589 $-1 #
loop $-1 -1 $-1 $-1 $838 $849 #
DXID-attrib $-1 -1 $-1 $-1 $393 @18 ASM_EDGE_FROM_STEP @4 5287 #
vertex $-1 -1 $-1 $393 $850 #
straight-curve $-1 -1 $-1 -8.006897109335007201 -1.581536258668704287 -4.025000000000000355 -707.1067811865474368 -707.1067811865475505 8.67427792200473734e-16 F -0.01128099602700632052 F -0.009080046255470784755 #
point $-1 -1 $-1 -0.03002832010033824883 6.395332530565964291 -4.025000000000000355 #
coedge $-1 -1 $-1 $851 $397 $852 $853 forward $37 $-1 #
coedge $-1 -1 $-1 $854 $855 $397 $596 reversed $856 $-1 #
edge $-1 -1 $-1 $600 0.2639994026493256429 $857 6.669788973128259357 $595 $858 reversed @7 unknown #
coedge $-1 -1 $-1 $859 $398 $401 $604 reversed $599 $-1 #
coedge $-1 -1 $-1 $398 $860 $854 $861 reversed $599 $-1 #
loop $-1 -1 $-1 $-1 $859 $862 #
vertex $-1 -1 $-1 $861 $863 #
ellipse-curve $-1 -1 $-1 1 4.996216033328503059 -9.448964566714879609 -1 0 0 0 -1.493733035513699736 0.0704865380028865951 0.6687195570917210397 I I #
coedge $-1 -1 $-1 $603 $400 $864 $865 forward $402 $-1 #
coedge $-1 -1 $-1 $401 $602 $866 $867 reversed $402 $-1 #
edge $-1 -1 $-1 $868 -1.096030840553190444 $404 -1.073607206367737543 $597 $869 forward @7 unknown #
face $870 -1 $-1 $871 $402 $4 $-1 $872 forward single #
point $-1 -1 $-1 1 3.680732930107887491 -8.93984363644407054 #
coedge $-1 -1 $-1 $460 $406 $686 $873 forward $270 $-1 #
coedge $-1 -1 $-1 $415 $874 $406 $609 reversed $627 $-1 #
edge $875 -1 $-1 $418 -1.287500000000000089 $876 -1.112287390318889457 $608 $877 forward @7 unknown #
coedge $-1 -1 $-1 $407 $878 $879 $880 forward $270 $-1 #
coedge $-1 -1 $-1 $881 $864 $407 $612 reversed $882 $-1 #
edge $-1 -1 $-1 $883 -1.500348130808272895 $614 -0.4629044690874415946 $611 $884 forward @7 unknown #
DXID-attrib $-1 -1 $-1 $-1 $408 @18 ASM_EDGE_FROM_STEP @4 6419 #
vertex $-1 -1 $-1 $865 $885 #
straight-curve $-1 -1 $-1 0.5108250624929682182 -1.000000000000000444 -8.784513315781836695 -9.993140625789084908 -1.223766350498184033e-15 -0.3703247672027216164 I I #
DXID-attrib $-1 -1 $-1 $-1 $409 @18 ASM_FACE_FROM_STEP @29 MD-JJ-K4080-10040-dup-dxid-66 #
plane-surface $-1 -1 $-1 0 -1 19 -1.224606353822377258e-16 1 0 -1 -1.224606353822377258e-16 0 forward_v I I I I #
coedge $-1 -1 $-1 $886 $887 $411 $619 reversed $888 $-1 #
edge $889 -1 $-1 $622 -0.001895184441433917042 $890 -0.0001048155585660836365 $411 $891 forward @7 unknown #
coedge $-1 -1 $-1 $412 $423 $886 $892 reversed $424 $-1 #
DXID-attrib $-1 -1 $-1 $-1 $413 @18 ASM_EDGE_FROM_STEP @4 8447 #
vertex $-1 -1 $-1 $413 $893 #
straight-curve $-1 -1 $-1 -2.505573644146605439 3.919787206519698142 -6.75 668.2160927376365862 -742.1291552046839115 -52.26442768871404354 F 0 F 0.002005485627631133257 #
coedge $-1 -1 $-1 $894 $895 $414 $625 reversed $896 $-1 #
edge $897 -1 $-1 $890 -0.00200548562763113369 $629 0 $414 $898 forward @7 unknown #
coedge $-1 -1 $-1 $820 $415 $895 $899 forward $627 $-1 #
loop $-1 -1 $-1 $-1 $900 $901 #
DXID-attrib $-1 -1 $-1 $-1 $416 @18 ASM_EDGE_FROM_STEP @4 2227 #
vertex $-1 -1 $-1 $625 $902 #
straight-curve $-1 -1 $-1 -8.006897109335007201 -1.581536258668703399 -6.75 -707.1067811865475505 -707.1067811865475505 -0 I I #
point $-1 -1 $-1 -7.425360850666304913 -1.000000000000000888 -6.75 #
DXID-attrib $-1 -1 $-1 $-1 $421 @18 ASM_FACE_FROM_STEP @16 MD-JJ-K4080-6857 #
face $903 -1 $-1 $904 $519 $4 $-1 $905 forward single #
loop $-1 -1 $-1 $-1 $811 $421 #
plane-surface $-1 -1 $-1 0 4.304040507106659419 9 0.03700710955926812123 -0.03700710955926809348 0.9986295347545739443 0.9993140625789086462 0 -0.03703247672027216997 forward_v I I I I #
edge $906 -1 $-1 $426 0.0007055697737976396452 $907 0.00271105540142877301 $423 $908 forward @7 unknown #
face $909 -1 $-1 $910 $424 $4 $-1 $911 forward single #
point $-1 -1 $-1 -2.505573644146605439 3.919787206519698142 6.75 #
DXID-attrib $-1 -1 $-1 $-1 $430 @18 ASM_FACE_FROM_STEP @16 MD-JJ-K4080-9932 #
face $912 -1 $-1 $913 $914 $4 $-1 $915 forward single #
loop $-1 -1 $-1 $-1 $916 $430 #
plane-surface $-1 -1 $-1 2.699816011911280787e-18 4.596194077712561388 15.5 0.0523359562429439526 2.181806800411350207e-21 -0.9986295347545739443 -0.9986295347545739443 2.350988701644575016e-38 -0.0523359562429439526 forward_v I I I I #
DXID-attrib $-1 -1 $-1 $-1 $433 @18 ASM_FACE_FROM_STEP @16 MD-JJ-K4080-2786 #
face $917 -1 $-1 $918 $919 $4 $-1 $920 reversed single #
loop $-1 -1 $-1 $-1 $921 $433 #
plane-surface $-1 -1 $-1 -68.00000000000001421 8.49999999999998046 -4.5 -1 0 0 0 0 1 forward_v I I I I #
coedge $-1 -1 $-1 $922 $923 $924 $925 reversed $434 $-1 #
coedge $-1 -1 $-1 $926 $436 $444 $670 forward $288 $-1 #
coedge $-1 -1 $-1 $436 $926 $437 $653 forward $288 $-1 #
coedge $-1 -1 $-1 $439 $445 $436 $651 forward $658 $-1 #
edge $-1 -1 $-1 $672 -0.5695474915773570679 $659 -0.06045250842264326963 $436 $927 forward @7 unknown #
tcoedge-coedge $-1 -1 $-1 $928 $437 $929 $930 forward $197 $931 3.104577091786387744 4.638357856777882482 #
edge $932 -1 $-1 $933 -0.005489199172367562225 $659 0.0002286344686979796179 $437 $934 forward @7 tangent #
coedge $-1 -1 $-1 $438 $928 $878 $935 reversed $197 $-1 #
coedge $-1 -1 $-1 $936 $937 $438 $656 forward $938 $-1 #
edge $-1 -1 $-1 $660 -1.299734739545216788 $939 -1.283919223758570372 $438 $940 forward @7 unknown #
coedge $-1 -1 $-1 $941 $439 $937 $942 forward $658 $-1 #
loop $-1 -1 $-1 $-1 $941 $943 #
vertex $-1 -1 $-1 $440 $944 #
vertex $-1 -1 $-1 $440 $945 #
ellipse-curve $-1 -1 $-1 -68.64808112822197472 -0.704430314326016771 -9.46445471756443979 0.5000000000000017764 0.8660254037844377084 0 -0.8881333889855452801 0.5127640512071016676 0.146835847687589699 0.96526326161881848 I I #
tcoedge-coedge $-1 -1 $-1 $444 $441 $946 $947 forward $140 $948 1.64482745040171463 3.178608215393197156 #
coedge $-1 -1 $-1 $949 $950 $441 $664 forward $951 $-1 #
edge $952 -1 $-1 $953 0.03980949494629558438 $668 0.04621485676390012232 $441 $954 forward @7 tangent #
coedge $-1 -1 $-1 $955 $442 $448 $677 reversed $667 $-1 #
coedge $-1 -1 $-1 $442 $956 $949 $957 forward $667 $-1 #
loop $-1 -1 $-1 $-1 $665 $958 #
vertex $-1 -1 $-1 $957 $959 #
ellipse-curve $-1 -1 $-1 -68.94365081389597094 -1.00000000000000977 -14.55103543328512394 -1.224606353822377258e-16 1 0 -1.413244829349861842 -2.773656311045082202e-16 -0.07406502308946706636 0.7066217501846244753 I I #
edge $960 -1 $-1 $672 -0.0004878618057398811979 $961 0.00522997183532566013 $444 $962 forward @7 tangent #
coedge $-1 -1 $-1 $445 $941 $447 $675 reversed $658 $-1 #
vertex $-1 -1 $-1 $670 $963 #
ellipse-curve $-1 -1 $-1 -68.64808112822197472 -0.7044303143260188804 -14.53554528243556199 0.5000000000000017764 0.8660254037844377084 0 -0.8881333889855440589 0.5127640512071007795 -0.1468358476875889496 0.965263261618818369 I I #
coedge $-1 -1 $-1 $676 $447 $964 $965 forward $449 $-1 #
edge $966 -1 $-1 $451 -0.007488125701636180569 $967 0.002898773305148224285 $671 $968 forward @7 unknown #
coedge $-1 -1 $-1 $448 $674 $969 $970 forward $449 $-1 #
edge $971 -1 $-1 $972 -4.143608186397947257 $450 -3.273846235889659617 $665 $973 forward @7 unknown #
face $974 -1 $-1 $958 $449 $4 $-1 $975 forward single #
point $-1 -1 $-1 -70.30536504140934539 -1.000000000000009992 -14.85684214891000465 #
point $-1 -1 $-1 -69.51509291565190551 -0.2038608254627671812 -14.80000000000000426 #
DXID-attrib $-1 -1 $-1 $-1 $454 @18 ASM_FACE_FROM_STEP @16 MD-JJ-K4080-8468 #
face $976 -1 $-1 $977 $492 $4 $-1 $978 forward single #
plane-surface $-1 -1 $-1 -12.00000000000000888 8.499999999999992895 4.5 2.368393354756429336e-17 -0.0523359562429439526 -0.9986295347545739443 0 0.9986295347545739443 -0.0523359562429439526 forward_v I I I I #
loop $-1 -1 $-1 $319 $979 $296 #
coedge $-1 -1 $-1 $468 $980 $470 $702 forward $455 $-1 #
coedge $-1 -1 $-1 $981 $457 $607 $873 reversed $297 $-1 #
coedge $-1 -1 $-1 $457 $982 $983 $984 forward $297 $-1 #
edge $-1 -1 $-1 $692 -0.9513037286980235985 $985 -0.05006861729989536131 $457 $986 forward @7 tangent #
coedge $-1 -1 $-1 $459 $458 $695 $987 forward $202 $-1 #
edge $-1 -1 $-1 $697 0.0448278393715914325 $691 0.9460629507697191354 $462 $988 forward @7 tangent #
vertex $-1 -1 $-1 $463 $989 #
vertex $-1 -1 $-1 $461 $990 #
ellipse-curve $-1 -1 $-1 -31.00000000000001066 -1.000000000000003109 -3.996501557190970555 1.224606353822377258e-16 -1 0 6.085409953726639287e-14 7.757645815991786016e-30 -1.00137234599792091 0.9986295347545739443 I I #
straight-curve $-1 -1 $-1 -32.00000000000001421 -1.00000000000000222 7.250000000000000888 0 0 -10 I I #
coedge $-1 -1 $-1 $983 $464 $689 $987 reversed $455 $-1 #
DXID-attrib $-1 -1 $-1 $-1 $465 @18 ASM_EDGE_FROM_STEP @4 8669 #
vertex $-1 -1 $-1 $690 $991 #
straight-curve $-1 -1 $-1 -32.00000000000002132 7.999999999999985789 -4.5 0 0 1000 I I #
point $-1 -1 $-1 -32.00000000000002132 7.999999999999985789 3.524831543643600185 #
ellipse-curve $-1 -1 $-1 -31.00000000000001776 7.999999999999988454 3.524831543643599296 -1.324368253553623314e-16 1 0 -2.636779683484746784e-15 0 1.001372345997921354 0.9986295347545738332 I I #
coedge $-1 -1 $-1 $992 $470 $993 $994 forward $472 $-1 #
edge $995 -1 $-1 $996 0.2750000000000007994 $473 2.075000000000001954 $470 $997 reversed @7 unknown #
coedge $-1 -1 $-1 $471 $992 $900 $998 reversed $472 $-1 #
point $-1 -1 $-1 -31.00000000000002132 7.999999999999989342 4.5262038896415282 #
coedge $-1 -1 $-1 $900 $820 $475 $706 reversed $627 $-1 #
edge $999 -1 $-1 $707 -0.1127126096811108535 $823 0.0625 $705 $1000 forward @7 unknown #
vertex $-1 -1 $-1 $998 $1001 #
straight-curve $-1 -1 $-1 -6.000000000000003553 -1.000000000000000444 4.997873903188891909 -10 -1.224606353822377258e-15 -1.72985461490100003e-16 I I #
coedge $-1 -1 $-1 $487 $479 $1002 $1003 reversed $105 $-1 #
coedge $-1 -1 $-1 $1004 $1005 $479 $711 forward $1006 $-1 #
edge $-1 -1 $-1 $1007 -3.979549363605087819 $715 -2.748178513706609483 $710 $1008 forward @7 unknown #
coedge $-1 -1 $-1 $736 $480 $483 $717 forward $714 $-1 #
coedge $-1 -1 $-1 $480 $736 $1004 $1009 reversed $714 $-1 #
loop $-1 -1 $-1 $-1 $712 $1010 #
vertex $-1 -1 $-1 $481 $1011 #
straight-curve $-1 -1 $-1 -7.999999999999991118 20.3137084989847736 -59.57222004024881556 0 0 10 F -9994.042778995975823 F 10005.95722300402485 #
edge $-1 -1 $-1 $485 -0.4707106781186571887 $738 1.270710678118653014 $483 $1012 forward @7 unknown #
face $1013 -1 $-1 $1014 $484 $4 $-1 $1015 reversed single #
point $-1 -1 $-1 -7.999999999999992895 20.3137084989847807 10.99999999999999645 #
coedge $-1 -1 $-1 $1016 $1017 $487 $721 reversed $1018 $-1 #
edge $1019 -1 $-1 $1020 -0.0790909872721017454 $726 -0.01159098727210174096 $720 $1021 forward @7 unknown #
coedge $-1 -1 $-1 $1022 $488 $1017 $1023 reversed $724 $-1 #
coedge $-1 -1 $-1 $488 $731 $490 $728 forward $724 $-1 #
loop $-1 -1 $-1 $-1 $723 $1024 #
DXID-attrib $-1 -1 $-1 $-1 $489 @18 ASM_EDGE_FROM_STEP @4 1329 #
vertex $-1 -1 $-1 $721 $1025 #
straight-curve $-1 -1 $-1 -8.000000000000008882 75.5 -55.57222004024880846 0 0 -10 F -10005.55722300402522 F 9994.442778995975459 #
edge $1026 -1 $-1 $733 0.0007071067811865340688 $493 0.09616652224137048344 $490 $1027 forward @7 unknown #
point $-1 -1 $-1 -8.000000000000008882 75.5 -13.00000000000000711 #
coedge $-1 -1 $-1 $1002 $495 $1016 $1028 reversed $319 $-1 #
coedge $-1 -1 $-1 $723 $1029 $495 $732 forward $724 $-1 #
edge $1030 -1 $-1 $1031 -7.357222004024881024 $733 -4.257222004024880491 $495 $1032 reversed @7 unknown #
vertex $-1 -1 $-1 $496 $1033 #
straight-curve $-1 -1 $-1 -42.97788758422088051 7.999999999999987566 -12.59859274516669458 -9.999238388787460963 -1.324267388182479657e-15 -0.1234165475093677022 I I #
coedge $-1 -1 $-1 $497 $1002 $1005 $1034 reversed $319 $-1 #
coedge $-1 -1 $-1 $713 $712 $497 $737 forward $714 $-1 #
edge $-1 -1 $-1 $738 7.057222004024881201 $1035 7.457222004024881556 $736 $1036 reversed @7 unknown #
vertex $-1 -1 $-1 $737 $1037 #
straight-curve $-1 -1 $-1 -8.499999999999992895 7.999999999999991118 10.99999999999999645 -10 -1.324368253553623314e-15 0 I I #
coedge $-1 -1 $-1 $1038 $1039 $501 $741 reversed $1040 $-1 #
edge $1041 -1 $-1 $746 0.0009751684563564005839 $765 0.008024831543643601989 $501 $1042 forward @7 unknown #
coedge $-1 -1 $-1 $1043 $502 $505 $750 reversed $744 $-1 #
coedge $-1 -1 $-1 $502 $1044 $1038 $1045 reversed $744 $-1 #
loop $-1 -1 $-1 $-1 $1044 $1046 #
DXID-attrib $-1 -1 $-1 $-1 $503 @18 ASM_EDGE_FROM_STEP @4 6746 #
vertex $-1 -1 $-1 $503 $1047 #
ellipse-curve $-1 -1 $-1 -8.000000000000003553 67 -3.524831543643599296 1 2.20728042258937219e-16 0 0 0 1.001372345997921354 0.9986295347545740553 I I #
coedge $-1 -1 $-1 $749 $504 $1048 $1049 forward $506 $-1 #
coedge $-1 -1 $-1 $505 $748 $1050 $1051 reversed $506 $-1 #
edge $1052 -1 $-1 $1053 -0.009513037286980254026 $508 -0.0005006861729989629979 $742 $1054 forward @7 tangent #
point $-1 -1 $-1 -8.000000000000003553 67 -4.526203889641521094 #
coedge $-1 -1 $-1 $528 $1055 $510 $753 forward $780 $-1 #
edge $1056 -1 $-1 $1057 0.01527276266164772321 $534 0.05228835677030940765 $510 $1058 forward @7 unknown #
coedge $-1 -1 $-1 $1059 $1048 $511 $755 reversed $1060 $-1 #
edge $1061 -1 $-1 $1057 -3.104577091788935927 $757 -1.570796326798032716 $754 $1062 forward @7 unknown #
DXID-attrib $-1 -1 $-1 $-1 $512 @18 ASM_EDGE_FROM_STEP @4 5268 #
vertex $-1 -1 $-1 $1049 $1063 #
straight-curve $-1 -1 $-1 -5.573593128807143415 49.00000000000002132 -4.653366485397850028 998.6295347545740242 4.735762794423503344e-12 -52.33595624294395776 I I #
DXID-attrib $-1 -1 $-1 $-1 $513 @18 ASM_FACE_FROM_STEP @16 MD-JJ-K4080-7872 #
cone-surface $-1 -1 $-1 -8.447664043757063368 49 -3.501370465245425834 0.9986295347545740553 4.735762794423502574e-15 -0.05233595624294395954 -0.05233595624294398035 3.796393106376120014e-30 -0.9986295347545746104 1 I I 0 1 1.000000000000000666 forward I I I I #
coedge $-1 -1 $-1 $1064 $515 $1039 $1065 reversed $763 $-1 #
coedge $-1 -1 $-1 $515 $1066 $517 $768 reversed $763 $-1 #
loop $-1 -1 $-1 $-1 $1064 $1067 #
DXID-attrib $-1 -1 $-1 $-1 $516 @18 ASM_EDGE_FROM_STEP @4 3826 #
vertex $-1 -1 $-1 $741 $1068 #
ellipse-curve $-1 -1 $-1 -8.000000000000003553 67 3.524831543643600629 1 2.20728042258937219e-16 0 0 0 1.001372345997921354 0.9986295347545740553 I I #
coedge $-1 -1 $-1 $769 $517 $1069 $1070 reversed $519 $-1 #
edge $1071 -1 $-1 $521 0.0005006861729989597453 $1072 0.009513037286980250556 $762 $1073 forward @7 tangent #
coedge $-1 -1 $-1 $518 $767 $1074 $1075 forward $519 $-1 #
point $-1 -1 $-1 -8.000000000000003553 67 4.526203889641521094 #
coedge $-1 -1 $-1 $1074 $1076 $523 $772 reversed $1077 $-1 #
edge $1078 -1 $-1 $774 1.570796326793746367 $1079 3.104577091785450715 $771 $1080 forward @7 unknown #
DXID-attrib $-1 -1 $-1 $-1 $524 @18 ASM_EDGE_FROM_STEP @4 4756 #
vertex $-1 -1 $-1 $1075 $1081 #
straight-curve $-1 -1 $-1 -8.500000000000007105 49 4.5 -998.6295347545740242 -4.735762794423503344e-12 -52.33595624294395776 I I #
coedge $-1 -1 $-1 $1082 $528 $525 $777 forward $780 $-1 #
edge $1083 -1 $-1 $531 -0.05228835793356853556 $1079 -0.01527276386713400345 $525 $1084 forward @7 unknown #
DXID-attrib $-1 -1 $-1 $-1 $526 @18 ASM_FACE_FROM_STEP @16 MD-JJ-K4080-2449 #
cone-surface $-1 -1 $-1 -8.918042128461504348 49 3.476718994402656637 0.9986295347545740553 4.735762794423502574e-15 0.05233595624294395954 0.05233595624294395954 -3.895000719528745089e-30 -0.9986295347545741663 1 I I 0 1 1.000000000000000444 forward I I I I #
loop $-1 -1 $-1 $-1 $1085 $1086 #
DXID-attrib $-1 -1 $-1 $-1 $529 @18 ASM_EDGE_FROM_STEP @4 3671 #
straight-curve $-1 -1 $-1 -5.573593128807140751 48.00000000000001421 -4.5 0 0 1000 F 0.0008480058606000701396 F 0.008151994139399930048 #
point $-1 -1 $-1 -5.573593128807140751 48.00000000000001421 3.651994139399929118 #
point $-1 -1 $-1 -5.573593128807140751 48.00000000000001421 -3.651994139399930006 #
DXID-attrib $-1 -1 $-1 $-1 $537 @18 ASM_FACE_FROM_STEP @16 MD-JJ-K4080-7086 #
face $1087 -1 $-1 $1088 $1089 $4 $-1 $1090 reversed single #
plane-surface $-1 -1 $-1 -8.500000000000001776 48.00000000000000711 -4.5 0.0523359562429439526 9.078841193232982307e-18 0.9986295347545739443 0.9986295347545739443 0 -0.0523359562429439526 forward_v I I I I #
coedge $-1 -1 $-1 $541 $1091 $539 $789 forward $793 $-1 #
edge $1092 -1 $-1 $1093 -0.001906746902943999913 $544 1.126949975478114302e-16 $539 $1094 forward @7 unknown #
coedge $-1 -1 $-1 $1095 $546 $540 $791 forward $582 $-1 #
edge $1096 -1 $-1 $549 -0.007172287944393093521 $1093 0.001371818988465670986 $790 $1097 forward @14 tangent_not_g2 #
coedge $-1 -1 $-1 $1098 $541 $843 $1099 forward $793 $-1 #
loop $-1 -1 $-1 $-1 $1091 $1100 #
DXID-attrib $-1 -1 $-1 $-1 $542 @18 ASM_EDGE_FROM_STEP @4 1395 #
vertex $-1 -1 $-1 $587 $1101 #
straight-curve $-1 -1 $-1 -8.006897109335007201 -1.581536258668704287 4.025000000000000355 -707.1067811865474368 -707.1067811865475505 -8.67427792200473734e-16 F -0.01128099602700632052 F -0.009080046255470784755 #
point $-1 -1 $-1 -0.03002832010033824883 6.395332530565964291 4.025000000000000355 #
DXID-attrib $-1 -1 $-1 $-1 $547 @18 ASM_EDGE_FROM_STEP @4 5858 #
vertex $-1 -1 $-1 $829 $1102 #
ellipse-curve $-1 -1 $-1 -5.978173667884062681 12.99999972781963287 3.630790976983710561 -0.7431448254826323874 -0.6691306063530406689 -1.783666032751811019e-13 0.8988866288920638326 -0.9983147394758946636 0.1052153211711368552 0.7421264720339775245 F -0.05805966264148526568 F -0.01915665009946034697 #
point $-1 -1 $-1 -5.078451138281224075 12.00075662655318887 3.716890001542130229 #
DXID-attrib $-1 -1 $-1 $-1 $551 @18 ASM_EDGE_FROM_STEP @3 360 #
straight-curve $-1 -1 $-1 -8.918042128461493689 12.00000000000000355 3.476718994402658858 998.6295347545740242 0 52.33595624294395776 I I #
DXID-attrib $-1 -1 $-1 $-1 $553 @18 ASM_FACE_FROM_STEP @16 MD-JJ-K4080-4480 #
face $1103 -1 $-1 $1104 $1105 $4 $-1 $1106 reversed single #
loop $-1 -1 $-1 $-1 $1107 $553 #
cone-surface $-1 -1 $-1 -13.00000000000000888 8.447664043757049157 -3.501370465245425834 -6.048776778683658017e-16 0.9986295347545740553 0.05233595624294395954 -4.992010415851715331e-31 -0.05233595624294395954 0.9986295347545741663 1 I I 0 1 1.000000000000000444 forward I I I I #
coedge $-1 -1 $-1 $556 $1108 $1109 $1110 forward $37 $-1 #
coedge $-1 -1 $-1 $1111 $1112 $556 $810 reversed $1113 $-1 #
edge $-1 -1 $-1 $1114 -1.500348130808272673 $814 -0.4629044690874412615 $809 $1115 forward @7 unknown #
coedge $-1 -1 $-1 $1116 $557 $1112 $1117 forward $634 $-1 #
coedge $-1 -1 $-1 $557 $1118 $559 $817 forward $634 $-1 #
DXID-attrib $-1 -1 $-1 $-1 $558 @18 ASM_EDGE_FROM_STEP @4 4392 #
vertex $-1 -1 $-1 $1117 $1119 #
straight-curve $-1 -1 $-1 1 2.341378321577192612 8.890209972496021962 0 9.993140625789084908 0.3703247672027214499 F -10007.09838208897781 F 10006.62978499637939 #
coedge $-1 -1 $-1 $1120 $559 $1121 $1122 forward $270 $-1 #
edge $1123 -1 $-1 $1124 -0.3490818054919758717 $561 0.1193127768907055325 $559 $1125 forward @7 unknown #
point $-1 -1 $-1 1 -1.000000000000000222 8.766385521764188837 #
coedge $-1 -1 $-1 $825 $563 $1126 $1127 reversed $368 $-1 #
coedge $-1 -1 $-1 $705 $626 $563 $821 forward $627 $-1 #
edge $1128 -1 $-1 $1129 -0.005780046255470789977 $823 -0.0008224164640209874 $820 $1130 forward @7 unknown #
DXID-attrib $-1 -1 $-1 $-1 $564 @18 ASM_EDGE_FROM_STEP @4 7825 #
vertex $-1 -1 $-1 $706 $1131 #
straight-curve $-1 -1 $-1 -3.781473047117088093 -1.000000000000000666 6.885034815689452969 -9.993140625789084908 -1.223766350498184033e-15 -0.3703247672027214499 I I #
coedge $-1 -1 $-1 $565 $819 $1132 $1133 reversed $368 $-1 #
DXID-attrib $-1 -1 $-1 $-1 $566 @18 ASM_FACE_FROM_STEP @17 MD-JJ-K4080-10766 #
face $1134 -1 $-1 $1135 $896 $4 $-1 $1136 forward single #
plane-surface $-1 -1 $-1 -8.006897109335007201 -1.581536258668703399 6.75 0.03700710955926810042 -0.03700710955926810042 -0.9986295347545739443 -0.9993140625789086462 0 -0.03703247672027214915 forward_v I I I I #
edge $1137 -1 $-1 $573 0.003072020864619547358 $799 0.01042797913538045379 $581 $1138 forward @7 unknown #
DXID-attrib $-1 -1 $-1 $-1 $571 @18 ASM_FACE_FROM_STEP @16 MD-JJ-K4080-4952 #
face $1139 -1 $-1 $1140 $1141 $4 $-1 $1142 reversed single #
plane-surface $-1 -1 $-1 -8.499999999999996447 12.00000000000000355 -4.5 0 -1 0 0 0 -1 forward_v I I I I #
point $-1 -1 $-1 -5.077769868672714182 12.00000000000000355 -3.677979135380453179 #
coedge $-1 -1 $-1 $575 $1143 $838 $1144 forward $582 $-1 #
DXID-attrib $-1 -1 $-1 $-1 $576 @18 ASM_EDGE_FROM_STEP @4 6086 #
vertex $-1 -1 $-1 $1144 $1145 #
straight-curve $-1 -1 $-1 -5.055214441711743945 11.97494966053983489 -3.718107785207211968 -668.7195570917208443 742.6883090171003232 35.04610695031605871 F -0.008509358888894686876 F 3.474804396410563755e-05 #
coedge $-1 -1 $-1 $847 $577 $834 $1144 reversed $589 $-1 #
DXID-attrib $-1 -1 $-1 $-1 $578 @18 ASM_EDGE_FROM_STEP @5 10672 #
ellipse-curve $-1 -1 $-1 388.5079108953029845 354.9003680462991497 -3.777963866179128161 -0.006170592420090744226 0.006170592433522080131 0.9999619230641757506 -387.8727506296985439 -349.2452197497721613 -0.2383638207269095366 1 F -0.001906746902943413143 F -7.809000330147039307e-17 #
face $1146 -1 $-1 $571 $582 $4 $-1 $1147 forward single #
coedge $-1 -1 $-1 $1148 $586 $588 $848 forward $844 $-1 #
coedge $-1 -1 $-1 $586 $1148 $792 $1099 reversed $844 $-1 #
loop $-1 -1 $-1 $-1 $842 $1149 #
DXID-attrib $-1 -1 $-1 $-1 $587 @18 ASM_EDGE_FROM_STEP @4 4908 #
straight-curve $-1 -1 $-1 -1.586334828604098801 4.839026022062205001 -6.75 -0 -0 -1000 F -0.01077500000000000159 F -0.002724999999999999558 #
coedge $-1 -1 $-1 $588 $838 $1150 $1151 reversed $589 $-1 #
edge $1152 -1 $-1 $591 2.374722230763558553e-05 $1153 0.004730646831694727654 $842 $1154 forward @7 unknown #
face $1155 -1 $-1 $1156 $589 $4 $-1 $1157 forward single #
point $-1 -1 $-1 -1.586334828604098801 4.839026022062205001 -4.025000000000000355 #
coedge $-1 -1 $-1 $1158 $594 $1159 $1160 forward $37 $-1 #
coedge $-1 -1 $-1 $1161 $1162 $594 $853 reversed $1163 $-1 #
edge $-1 -1 $-1 $857 -1.496765203188090254 $1164 -0.2363143434929461939 $852 $1165 forward @7 unknown #
coedge $-1 -1 $-1 $1166 $595 $598 $861 forward $856 $-1 #
coedge $-1 -1 $-1 $595 $1166 $1161 $1167 forward $856 $-1 #
loop $-1 -1 $-1 $-1 $595 $1168 #
vertex $-1 -1 $-1 $853 $1169 #
straight-curve $-1 -1 $-1 1 2.298097038856280694 -8.447592220716961364 -0 -10 -2.184800994242131517e-20 F -9999.770191296114717 F 10000.22981070388596 #
coedge $-1 -1 $-1 $1170 $597 $1171 $1172 reversed $599 $-1 #
tcoedge-coedge $-1 -1 $-1 $598 $1170 $1173 $1174 forward $599 $1175 3.110047464849292176 4.641940784398065567 #
edge $1176 -1 $-1 $600 -0.006410214354201427753 $1177 0.000358195407591526294 $598 $1178 forward @7 tangent #
face $1179 -1 $-1 $1180 $599 $4 $-1 $1181 reversed single #
point $-1 -1 $-1 0.999999999999999778 4.938091065349537345 -8.447592220716961364 #
coedge $-1 -1 $-1 $611 $1182 $602 $865 reversed $882 $-1 #
edge $-1 -1 $-1 $614 1.073607206367737099 $1183 1.096030840553190222 $864 $1184 forward @7 unknown #
coedge $-1 -1 $-1 $1185 $1171 $603 $867 forward $1186 $-1 #
edge $1187 -1 $-1 $868 -0.0003160849378068836951 $1183 0.006402917395960294224 $866 $1188 forward @7 unknown #
vertex $-1 -1 $-1 $1172 $1189 #
ellipse-curve $-1 -1 $-1 -16.83897649135914065 24.80840657637572377 -10.38386570930939179 -0.03700710955926812123 0.03700710955926809348 0.9986295347545739443 38.77098456759518541 -43.06363473051371216 3.032618820802646109 0.01723404805514876931 I I #
DXID-attrib $-1 -1 $-1 $-1 $605 @18 ASM_FACE_FROM_STEP @16 MD-JJ-K4080-6623 #
face $1190 -1 $-1 $943 $1191 $4 $-1 $1192 forward single #
plane-surface $-1 -1 $-1 0 4.304040507106659419 -9 0.03700710955926812123 -0.03700710955926809348 -0.9986295347545739443 -0.9993140625789086462 0 -0.03703247672027216997 forward_v I I I I #
edge $-1 -1 $-1 $876 0.1425360850666301804 $692 2.500000000000000888 $686 $1193 reversed @7 unknown #
coedge $-1 -1 $-1 $608 $1194 $981 $1195 forward $627 $-1 #
DXID-attrib $-1 -1 $-1 $-1 $609 @18 ASM_EDGE_FROM_STEP @4 6258 #
vertex $-1 -1 $-1 $873 $1196 #
straight-curve $-1 -1 $-1 -7.425360850666304913 -1.00000000000000111 6.125 0 0 10 F -10000.61250099999961 F 9999.387501000001066 #
coedge $-1 -1 $-1 $610 $1197 $654 $935 forward $270 $-1 #
coedge $-1 -1 $-1 $1198 $1199 $610 $880 reversed $1200 $-1 #
edge $-1 -1 $-1 $1201 -6.66978897312826291 $883 -0.2639994026493254209 $879 $1202 reversed @7 unknown #
coedge $-1 -1 $-1 $1203 $611 $1199 $1204 reversed $882 $-1 #
loop $-1 -1 $-1 $-1 $864 $1205 #
vertex $-1 -1 $-1 $612 $1206 #
ellipse-curve $-1 -1 $-1 -4.996216033328502171 -1.000000000000000666 -9.448964566714879609 -1.224606353822377258e-16 1 0 1.49373303551370018 2.774176698892959986e-16 0.07048653800288648408 0.6687195570917205956 I I #
point $-1 -1 $-1 -3.680732930107886158 -1.000000000000000444 -8.93984363644407054 #
coedge $-1 -1 $-1 $1132 $618 $620 $892 forward $888 $-1 #
coedge $-1 -1 $-1 $618 $1132 $894 $1207 reversed $888 $-1 #
loop $-1 -1 $-1 $-1 $1132 $1135 #
DXID-attrib $-1 -1 $-1 $-1 $619 @18 ASM_EDGE_FROM_STEP @4 8594 #
vertex $-1 -1 $-1 $619 $1208 #
straight-curve $-1 -1 $-1 -2.505573644146604551 1.091360081773507629 -6.854815558566082601 -707.1067811865474368 -707.1067811865476642 -1.042737293207687427e-14 F -0.001895184441433917042 F -0.0001048155585660836365 #
edge $1209 -1 $-1 $622 -0.0001048155585660826065 $907 0.01360481555856608328 $886 $1210 forward @7 unknown #
point $-1 -1 $-1 -1.165475874009442858 2.431457851910669543 -6.854815558566082601 #
coedge $-1 -1 $-1 $1126 $624 $887 $1207 forward $896 $-1 #
coedge $-1 -1 $-1 $624 $1126 $626 $899 reversed $896 $-1 #
loop $-1 -1 $-1 $-1 $1126 $827 #
DXID-attrib $-1 -1 $-1 $-1 $625 @18 ASM_EDGE_FROM_STEP @4 7681 #
straight-curve $-1 -1 $-1 -3.919787206519700362 2.505573644146603662 -6.75 -742.1291552046839115 668.2160927376365862 52.26442768871404354 F -0.00200548562763113369 F 0 #
edge $1211 -1 $-1 $629 0 $1129 0.01350000000000000158 $626 $1212 forward @7 unknown #
coedge $-1 -1 $-1 $1213 $705 $703 $998 forward $627 $-1 #
face $1214 -1 $-1 $1215 $627 $4 $-1 $1216 reversed single #
point $-1 -1 $-1 -3.919787206519700362 2.505573644146603662 -6.75 #
DXID-attrib $-1 -1 $-1 $-1 $633 @18 ASM_FACE_FROM_STEP @16 MD-JJ-K4080-5020 #
face $1217 -1 $-1 $1218 $1060 $4 $-1 $1219 reversed single #
plane-surface $-1 -1 $-1 -8.500000000000001776 48.00000000000000711 4.5 0.0523359562429439526 9.078841193232982307e-18 -0.9986295347545739443 -0.9986295347545739443 0 -0.0523359562429439526 forward_v I I I I #
DXID-attrib $-1 -1 $-1 $-1 $636 @18 ASM_EDGE_FROM_STEP @4 1916 #
vertex $-1 -1 $-1 $1133 $1220 #
straight-curve $-1 -1 $-1 -2.977046721547442321 4.443411106686100176 6.713123799578011308 668.2160927376365862 -742.1291552046839115 52.26442768871404354 F 0.0007055697737976396452 F 0.00271105540142877301 #
DXID-attrib $-1 -1 $-1 $-1 $637 @18 ASM_FACE_FROM_STEP @16 MD-JJ-K4080-9504 #
face $1221 -1 $-1 $1222 $1223 $4 $-1 $1224 reversed single #
plane-surface $-1 -1 $-1 -2.505573644146605439 3.919787206519698142 -6.75 0.7431448254773943551 0.6691306063588581265 0 -0.6691306063588581265 0.7431448254773943551 0 forward_v I I I I #
DXID-attrib $-1 -1 $-1 $-1 $640 @18 ASM_FACE_FROM_STEP @16 MD-JJ-K4080-1671 #
face $1225 -1 $-1 $1168 $1226 $4 $-1 $1227 forward single #
loop $-1 -1 $-1 $-1 $1228 $640 #
plane-surface $-1 -1 $-1 2.699816011911280787e-18 4.596194077712561388 8.5 0.0523359562429439526 2.181806800411350207e-21 0.9986295347545739443 0.9986295347545739443 -2.350988701644575016e-38 -0.0523359562429439526 forward_v I I I I #
coedge $-1 -1 $-1 $1229 $1230 $1231 $1232 reversed $641 $-1 #
DXID-attrib $-1 -1 $-1 $-1 $644 @18 ASM_FACE_FROM_STEP @16 MD-JJ-K4080-9293 #
face $1233 -1 $-1 $1234 $1235 $4 $-1 $1236 reversed single #
loop $-1 -1 $-1 $-1 $1237 $644 #
cone-surface $-1 -1 $-1 -67.00000000000001421 8.447664043757027841 -3.501370465245426278 0 -0.9986295347545740553 -0.05233595624294395954 0 0.05233595624294398035 -0.9986295347545746104 1 I I 0 1 1.000000000000000666 forward I I I I #
coedge $-1 -1 $-1 $1238 $1239 $1240 $1241 reversed $645 $-1 #
coedge $-1 -1 $-1 $1242 $647 $1239 $1243 reversed $434 $-1 #
coedge $-1 -1 $-1 $647 $1244 $1245 $1246 reversed $434 $-1 #
coedge $-1 -1 $-1 $1247 $1240 $647 $925 forward $1248 $-1 #
edge $-1 -1 $-1 $1249 0.0522882509780510929 $1250 0.6199773719244071613 $647 $1251 forward @7 unknown #
coedge $-1 -1 $-1 $649 $648 $1252 $1253 forward $288 $-1 #
straight-curve $-1 -1 $-1 -69.54465660039002728 -0.1867922241209737932 -8.849999999999999645 0 0 10 I I #
coedge $-1 -1 $-1 $654 $652 $1198 $1254 reversed $197 $-1 #
tcoedge-coedge $-1 -1 $-1 $1255 $1256 $652 $930 reversed $1257 $1258 -4.638357856777882482 -3.104577091786387744 #
tedge-edge $1259 -1 $-1 $933 3.104577091786387744 $1260 4.638357856777882482 $652 $1261 forward @14 tangent_not_g2 0.001232446395448201851 #
pcurve $-1 -1 $-1 0 forward { exppc nubs 3 open 3 
	3.104577091786387744 3 3.871461556708341689 3 4.638357856777882482 3 
	5.489199172367587032 -5.204170427930431144e-16 
	5.484913463386524413 0.2312980315333092451 
	5.526899007634557215 0.498793306483048593 
	5.616402063271015876 0.7668903824957526982 
	5.705906500187082564 1.034991595987578172 
	5.837017559810083078 1.30247916389483076 
	5.952509864949947271 1.533780764991488743 
	0.0009586213861401747353 
	cone -68.67599173077960018 -0.7323409168836292338 -9.462991984865942285 0.7066217501846235871 0.7066217501846248084 -0.03703247672027218385 -0.7071067811865466846 0.7071067811865454633 8.326672684688654332e-17 1 I I 0 1 0.9999999999999980016 forward I I I I 
	} 0 0 #
DXID-attrib $-1 -1 $-1 $-1 $653 @18 ASM_EDGE_FROM_STEP @4 9854 #
tvertex-vertex $-1 -1 $-1 $653 $1262 1.001724530548492243e-11 #
straight-curve $-1 -1 $-1 -69.38309851196612499 -0.02523413569707979448 -9.462991984865942285 -706.6217501846234654 -706.621750184624716 37.03247672027218584 I I #
edge $-1 -1 $-1 $939 0.2363143434929462494 $1201 1.496765203188090254 $654 $1263 forward @7 unknown #
coedge $-1 -1 $-1 $1264 $655 $1197 $1265 reversed $938 $-1 #
coedge $-1 -1 $-1 $655 $1266 $657 $942 reversed $938 $-1 #
loop $-1 -1 $-1 $-1 $1266 $1267 #
vertex $-1 -1 $-1 $935 $1268 #
ellipse-curve $-1 -1 $-1 -54.86188880007038904 13.08176201382559789 -10.18695844225176472 0.02616797812147205263 0.0453242676377401954 0.9986295347545739443 -52.18078895132724426 -52.16163090656556278 3.734771838273630351 0.01353625082502884179 I I #
coedge $-1 -1 $-1 $671 $657 $1269 $1270 forward $658 $-1 #
edge $1271 -1 $-1 $660 -0.007488125701636172762 $1272 0.002898773305148224285 $657 $1273 forward @7 unknown #
face $1274 -1 $-1 $1267 $658 $4 $-1 $1275 forward single #
point $-1 -1 $-1 -69.54465660039002728 -0.1867922241209770962 -9.454525084226432341 #
point $-1 -1 $-1 -69.51509291565190551 -0.2038608254627667371 -9.200000000000001066 #
tcoedge-coedge $-1 -1 $-1 $1276 $1277 $662 $947 reversed $1278 $1279 -3.178608215393197156 -1.64482745040171463 #
tedge-edge $1280 -1 $-1 $953 1.64482745040171463 $961 3.178608215393197156 $662 $1281 forward @14 tangent_not_g2 0.001232446395677248233 #
pcurve $-1 -1 $-1 0 forward { exppc nubs 3 open 3 
	1.64482745040171463 3 2.411723750471102434 3 3.178608215393197156 3 
	-39.80949494629574303 -1.533780764991478751 
	-39.9249872514350912 -1.302479163894363801 
	-40.05609831105847718 -1.034991595987599711 
	-40.14560274797467798 -0.766890382495751366 
	-40.23510580361131872 -0.4987933064829216945 
	-40.27709134786125844 -0.2312980315332703041 
	-40.27280563887808995 -1.110223024625153188e-15 
	0.0009586213862094464721 
	cone -36.33956379910012657 31.60408701479589411 -12.84232763728862636 0.7066217501846235871 0.7066217501846248084 0.03703247672027218385 -0.7071067811865455743 0.7071067811865443531 -3.122502256758240444e-17 1 I I 0 1 0.9999999999999963363 forward I I I I 
	} 0 0 #
coedge $-1 -1 $-1 $1282 $663 $666 $957 reversed $951 $-1 #
coedge $-1 -1 $-1 $663 $1282 $1283 $1284 forward $951 $-1 #
loop $-1 -1 $-1 $-1 $949 $1285 #
DXID-attrib $-1 -1 $-1 $-1 $664 @18 ASM_EDGE_FROM_STEP @4 4317 #
tvertex-vertex $-1 -1 $-1 $664 $1286 1.001921423700393609e-11 #
straight-curve $-1 -1 $-1 -36.33956379910012657 31.65642297103883607 -13.84095717204320053 -706.6217501846235791 -706.621750184624716 -37.03247672027219295 I I #
coedge $-1 -1 $-1 $1287 $665 $1288 $1289 reversed $667 $-1 #
coedge $-1 -1 $-1 $666 $1290 $1291 $1292 forward $667 $-1 #
edge $-1 -1 $-1 $1293 0.2639994026493254209 $668 6.66978897312826291 $949 $1294 reversed @7 unknown #
face $1295 -1 $-1 $1296 $667 $4 $-1 $1297 reversed single #
point $-1 -1 $-1 -68.99598677013892711 -1.00000000000000977 -15.55240777928304396 #
DXID-attrib $-1 -1 $-1 $-1 $670 @18 ASM_EDGE_FROM_STEP @4 4015 #
tvertex-vertex $-1 -1 $-1 $947 $1298 1.001803352179074712e-11 #
straight-curve $-1 -1 $-1 -69.1999228373698827 0.1579415388991684266 -14.52740818480979712 706.6217501846234654 706.621750184624716 37.03247672027218584 I I #
point $-1 -1 $-1 -69.54465660039002728 -0.1867922241209770962 -14.54547491577357121 #
coedge $-1 -1 $-1 $1269 $1299 $674 $965 reversed $724 $-1 #
edge $-1 -1 $-1 $967 0.3001926112273688441 $1300 0.3695195639659833997 $964 $1301 forward @7 unknown #
DXID-attrib $-1 -1 $-1 $-1 $675 @18 ASM_EDGE_FROM_STEP @4 9193 #
vertex $-1 -1 $-1 $965 $1302 #
straight-curve $-1 -1 $-1 -76 3.54020202535533457 -14.80000000000000249 -866.025403784437799 500.0000000000017053 0 I I #
coedge $-1 -1 $-1 $1303 $1288 $676 $970 reversed $1304 $-1 #
edge $1305 -1 $-1 $1300 -0.1959259954060126874 $972 0.3546401943276589197 $969 $1306 forward @7 unknown #
DXID-attrib $-1 -1 $-1 $-1 $677 @18 ASM_EDGE_FROM_STEP @4 3911 #
vertex $-1 -1 $-1 $970 $1307 #
straight-curve $-1 -1 $-1 -37.57813672913164993 -1.000000000000004441 -13.99926146994222798 9.996568547876270472 1.224186136015021987e-15 0.2619489790224470704 I I #
DXID-attrib $-1 -1 $-1 $-1 $678 @18 ASM_FACE_FROM_STEP @16 MD-JJ-K4080-7462 #
plane-surface $-1 -1 $-1 -76 3.54020202535533457 -14.80000000000000249 -0.02616797812147205263 -0.0453242676377401954 0.9986295347545739443 0 -0.9989716227690165207 -0.0453397938045344423 forward_v I I I I #
DXID-attrib $-1 -1 $-1 $-1 $682 @18 ASM_FACE_FROM_STEP @17 MD-JJ-K4080-10289 #
face $1308 -1 $-1 $1024 $1018 $4 $-1 $1309 reversed single #
plane-surface $-1 -1 $-1 -76 7.499999999999991118 -13.00000000000000355 -0.01234071493982694806 0.01234071493982694806 0.9998476951563912696 0.9999238388787462517 0 0.01234165475093677161 forward_v I I I I #
coedge $-1 -1 $-1 $1310 $1311 $1312 $1313 reversed $684 $-1 #
coedge $-1 -1 $-1 $685 $1314 $1315 $1316 forward $455 $-1 #
coedge $-1 -1 $-1 $1317 $686 $874 $1195 reversed $297 $-1 #
coedge $-1 -1 $-1 $687 $1317 $1318 $1319 forward $297 $-1 #
coedge $-1 -1 $-1 $1320 $695 $687 $984 reversed $455 $-1 #
edge $1321 -1 $-1 $1322 0.2750000000000010214 $985 2.075000000000001954 $687 $1323 forward @7 unknown #
vertex $-1 -1 $-1 $688 $1324 #
straight-curve $-1 -1 $-1 -31.00000000000001776 8.499999999999982236 -4.500000000000000888 -8.152216930553201654e-15 9.986295347545739887 0.5233595624294394844 F -1.25621491020183651 F 0.2653241200605263028 #
edge $-1 -1 $-1 $985 6.085409953726639287e-14 $697 1.570796326794957842 $689 $1325 forward @7 unknown #
straight-curve $-1 -1 $-1 -32.00000000000002132 8.447664043757036723 -3.501370465245425834 8.152216930553201654e-15 -9.986295347545739887 -0.5233595624294394844 F -0.2653241200605263028 F 1.25621491020183651 #
point $-1 -1 $-1 -32.00000000000001421 -1.00000000000000222 -3.996501557190970111 #
point $-1 -1 $-1 -31.00000000000001421 -1.000000000000003331 -4.997873903188893685 #
point $-1 -1 $-1 -32.00000000000002132 7.999999999999985789 -3.524831543643598852 #
coedge $-1 -1 $-1 $703 $701 $1326 $1327 forward $472 $-1 #
coedge $-1 -1 $-1 $1315 $1328 $701 $994 reversed $1105 $-1 #
edge $1329 -1 $-1 $996 0.0005006861729989629979 $1330 0.003820358528981903246 $993 $1331 forward @7 tangent #
DXID-attrib $-1 -1 $-1 $-1 $702 @18 ASM_EDGE_FROM_STEP @4 8521 #
vertex $-1 -1 $-1 $702 $1332 #
straight-curve $-1 -1 $-1 -10.25000000000000178 7.999999999999991118 4.526203889641529088 10 1.324368253553623314e-15 1.677571618681279927e-16 I I #
edge $-1 -1 $-1 $707 -0.1556002568679028253 $1333 -0.1060458641114409156 $900 $1334 forward @7 unknown #
DXID-attrib $-1 -1 $-1 $-1 $706 @18 ASM_EDGE_FROM_STEP @4 2616 #
straight-curve $-1 -1 $-1 -7.425360850666304913 -1.00000000000000111 6.125 0 0 10 F -10000.61250099999961 F 9999.387501000001066 #
point $-1 -1 $-1 -7.425360850666304913 -1.000000000000000888 4.997873903188891909 #
coedge $-1 -1 $-1 $735 $730 $709 $1003 forward $319 $-1 #
edge $-1 -1 $-1 $1020 -14.81444400804976347 $1007 -14.51444400804976276 $1002 $1335 forward @7 unknown #
coedge $-1 -1 $-1 $1005 $710 $713 $1009 forward $1006 $-1 #
coedge $-1 -1 $-1 $710 $1004 $735 $1034 forward $1006 $-1 #
loop $-1 -1 $-1 $-1 $1004 $1014 #
vertex $-1 -1 $-1 $711 $1336 #
straight-curve $-1 -1 $-1 -7.999999999999998224 47.79549363605086398 15 -2.20728042258937219e-15 10 0 I I #
edge $-1 -1 $-1 $715 -0.4707106781186576328 $1035 1.270710678118653014 $713 $1337 forward @7 unknown #
face $1338 -1 $-1 $718 $714 $4 $-1 $1339 forward single #
point $-1 -1 $-1 -7.999999999999991118 20.3137084989847736 15 #
straight-curve $-1 -1 $-1 -11.32842712474619162 16.98528137423856776 11 -7.071067811865460406 -7.071067811865489716 0 I I #
DXID-attrib $-1 -1 $-1 $-1 $718 @18 ASM_FACE_FROM_STEP @16 MD-JJ-K4080-4028 #
face $1340 -1 $-1 $1341 $1006 $4 $-1 $1342 forward single #
plane-surface $-1 -1 $-1 -8.499999999999994671 8.499999999999992895 11 0 0 1 1 0 0 forward_v I I I I #
coedge $-1 -1 $-1 $1343 $720 $730 $1028 forward $1018 $-1 #
coedge $-1 -1 $-1 $720 $1344 $722 $1023 forward $1018 $-1 #
loop $-1 -1 $-1 $-1 $1016 $977 #
DXID-attrib $-1 -1 $-1 $-1 $721 @18 ASM_EDGE_FROM_STEP @3 619 #
vertex $-1 -1 $-1 $1003 $1345 #
straight-curve $-1 -1 $-1 -8.000000000000007105 87.09098727210174218 18 -2.207280422589372143e-13 1000 0 I I #
coedge $-1 -1 $-1 $1346 $722 $1347 $1348 forward $724 $-1 #
edge $-1 -1 $-1 $1349 -10.37679201391258665 $726 -9.881817267082002587 $722 $1350 forward @7 unknown #
face $1351 -1 $-1 $1352 $724 $4 $-1 $1353 reversed single #
point $-1 -1 $-1 -8.000000000000008882 75.5 18 #
DXID-attrib $-1 -1 $-1 $-1 $728 @18 ASM_EDGE_FROM_STEP @4 9291 #
straight-curve $-1 -1 $-1 -76 7.499999999999991118 -13.00000000000000355 707.1067811865475505 707.1067811865475505 0 I I #
edge $1354 -1 $-1 $1020 -0.06800000000000001876 $1031 -0.0004999999999999893852 $730 $1355 forward @7 unknown #
coedge $-1 -1 $-1 $731 $1356 $1343 $1357 reversed $724 $-1 #
DXID-attrib $-1 -1 $-1 $-1 $732 @18 ASM_EDGE_FROM_STEP @4 6958 #
vertex $-1 -1 $-1 $732 $1358 #
straight-curve $-1 -1 $-1 -75.5 7.999999999999982236 -55.57222004024880846 0 0 10 F -9994.442778995975459 F 10005.55722300402522 #
point $-1 -1 $-1 -75.50000000000001421 7.999999999999982236 -13.00000000000000355 #
edge $-1 -1 $-1 $1035 -1.181370849898474074 $1007 0.05000000000000026645 $1005 $1359 forward @7 unknown #
vertex $-1 -1 $-1 $1034 $1360 #
straight-curve $-1 -1 $-1 -20.31370849898473097 7.999999999999991118 -59.57222004024881556 -0 -0 -10 F -10005.95722300402485 F 9994.042778995975823 #
point $-1 -1 $-1 -20.31370849898473097 7.999999999999991118 10.99999999999999645 #
coedge $-1 -1 $-1 $1361 $740 $743 $1045 forward $1040 $-1 #
coedge $-1 -1 $-1 $740 $1361 $761 $1065 forward $1040 $-1 #
loop $-1 -1 $-1 $-1 $1361 $1362 #
DXID-attrib $-1 -1 $-1 $-1 $741 @18 ASM_EDGE_FROM_STEP @4 2497 #
straight-curve $-1 -1 $-1 -8.000000000000005329 68 -4.5 0 0 1000 F -99.99550001000000066 F 100.0045000100000152 #
coedge $-1 -1 $-1 $1044 $742 $1363 $1364 reversed $744 $-1 #
coedge $-1 -1 $-1 $743 $1043 $1365 $1366 reversed $744 $-1 #
edge $1367 -1 $-1 $746 -0.008063386547266414989 $1368 0.0007918950589209794574 $743 $1369 forward @7 tangent #
face $1370 -1 $-1 $1362 $744 $4 $-1 $1371 reversed single #
point $-1 -1 $-1 -8.000000000000003553 68 -3.524831543643598852 #
coedge $-1 -1 $-1 $754 $1372 $748 $1049 reversed $1060 $-1 #
edge $1373 -1 $-1 $757 -0.00833787027044996347 $1374 0.000452851952654564655 $1048 $1375 forward @7 tangent #
coedge $-1 -1 $-1 $1376 $1363 $749 $1051 forward $37 $-1 #
edge $-1 -1 $-1 $1053 -4.299999999999999822 $1374 -1.878828447732303175 $749 $1377 reversed @7 unknown #
DXID-attrib $-1 -1 $-1 $-1 $750 @18 ASM_EDGE_FROM_STEP @4 6097 #
vertex $-1 -1 $-1 $750 $1378 #
straight-curve $-1 -1 $-1 -8.500000000000005329 67 -4.5 -998.6295347545740242 0 52.33595624294395776 I I #
coedge $-1 -1 $-1 $752 $1085 $1059 $1379 forward $780 $-1 #
DXID-attrib $-1 -1 $-1 $-1 $753 @18 ASM_EDGE_FROM_STEP @5 10345 #
vertex $-1 -1 $-1 $755 $1380 #
ellipse-curve $-1 -1 $-1 -6.573591383647042541 48.999998254839916 -3.599586482327921999 -0.707106781186549127 -0.7071067811865460184 -4.235646707395950972e-14 0.9986315325345589411 -0.9986315325345569427 -0.1046722429074507243 0.7061383307414857979 F 0.01527276266164772321 F 0.05228835677030940765 #
coedge $-1 -1 $-1 $1372 $754 $1055 $1379 reversed $1060 $-1 #
loop $-1 -1 $-1 $-1 $1372 $904 #
DXID-attrib $-1 -1 $-1 $-1 $755 @18 ASM_EDGE_FROM_STEP @4 9092 #
ellipse-curve $-1 -1 $-1 -5.159379566433816677 49.00000000000055422 -3.673702152352307237 0.9227443571538374023 -0.3823666566820659307 -0.04835898260437804935 0.4132448293502308245 1.000000000000540679 -0.02165724380338606911 0.9240106816794654288 F -3.104577091788935927 F -1.570796326798032716 #
point $-1 -1 $-1 -5.21171552267699667 49.00000000000002132 -4.672331687107394771 #
coedge $-1 -1 $-1 $1066 $761 $1381 $1382 reversed $763 $-1 #
edge $1383 -1 $-1 $1384 -0.009774583606089811902 $765 -0.0009193019999024172389 $761 $1385 forward @7 tangent #
coedge $-1 -1 $-1 $762 $1064 $1386 $1387 reversed $763 $-1 #
face $1388 -1 $-1 $1046 $763 $4 $-1 $1389 reversed single #
point $-1 -1 $-1 -8.000000000000003553 68 3.524831543643600629 #
coedge $-1 -1 $-1 $1386 $1390 $767 $1070 forward $37 $-1 #
edge $-1 -1 $-1 $1391 1.878828447732304063 $1072 4.299999999999999822 $767 $1392 reversed @7 unknown #
DXID-attrib $-1 -1 $-1 $-1 $768 @18 ASM_EDGE_FROM_STEP @4 3754 #
vertex $-1 -1 $-1 $1387 $1393 #
straight-curve $-1 -1 $-1 -8.500000000000001776 67 4.5 998.6295347545740242 0 52.33595624294395776 I I #
coedge $-1 -1 $-1 $1394 $771 $769 $1075 reversed $1077 $-1 #
edge $1395 -1 $-1 $1391 -0.01041405567458177604 $774 -0.00162333345147725361 $1074 $1396 forward @7 tangent #
coedge $-1 -1 $-1 $771 $1394 $1082 $1397 reversed $1077 $-1 #
loop $-1 -1 $-1 $-1 $1394 $1218 #
DXID-attrib $-1 -1 $-1 $-1 $772 @18 ASM_EDGE_FROM_STEP @3 435 #
vertex $-1 -1 $-1 $1397 $1398 #
ellipse-curve $-1 -1 $-1 -5.159379566434139086 48.99999999999981526 3.673702152352995576 0.9227443571538302969 -0.3823666566820817514 0.04835898260438946383 0.4132448293497233971 0.9999999999997917222 0.02165724380752739181 0.9240106816795021771 F 1.570796326793746367 F 3.104577091785450715 #
point $-1 -1 $-1 -5.211715522676990453 49.00000000000002132 4.672331687107396547 #
coedge $-1 -1 $-1 $1085 $776 $1076 $1397 forward $780 $-1 #
DXID-attrib $-1 -1 $-1 $-1 $777 @18 ASM_EDGE_FROM_STEP @5 10654 #
ellipse-curve $-1 -1 $-1 -6.573591385886647487 48.99999825704063738 3.599586480861289406 -0.7071067811728116714 -0.707106781200283363 5.082928928935751423e-13 0.9986315347102637796 -0.9986315346713908747 0.1046722455931386325 0.7061383299013599402 F -0.05228835793356853556 F -0.01527276386713400345 #
coedge $-1 -1 $-1 $1055 $1082 $1399 $1400 reversed $780 $-1 #
face $1401 -1 $-1 $193 $780 $4 $-1 $1402 reversed single #
DXID-attrib $-1 -1 $-1 $-1 $786 @18 ASM_FACE_FROM_STEP @16 MD-JJ-K4080-5460 #
face $1403 -1 $-1 $841 $1404 $4 $-1 $1405 forward single #
loop $-1 -1 $-1 $-1 $1406 $786 #
plane-surface $-1 -1 $-1 -12.00000000000000888 8.499999999999992895 -4.5 1 6.057077793288201229e-16 0 -6.057077793288201229e-16 1 0 forward_v I I I I #
coedge $-1 -1 $-1 $788 $1098 $1095 $1407 forward $793 $-1 #
DXID-attrib $-1 -1 $-1 $-1 $789 @18 ASM_EDGE_FROM_STEP @4 9953 #
vertex $-1 -1 $-1 $789 $1408 #
ellipse-curve $-1 -1 $-1 388.5079108954932394 354.9003680457665268 3.777963863278410273 -0.00617059242421632171 0.00617059242981677844 -0.9999619230641731971 -388.5379392155936102 -348.505035515200575 0.2470361367215906379 1 F -0.001906746902943999913 F 1.126949975478114302e-16 #
coedge $-1 -1 $-1 $1143 $790 $1091 $1407 reversed $582 $-1 #
DXID-attrib $-1 -1 $-1 $-1 $791 @18 ASM_EDGE_FROM_STEP @4 2087 #
straight-curve $-1 -1 $-1 -0.2822019207723855949 6.673982221348147448 3.968250771919794584 668.7195570917208443 -742.6883090171003232 35.04610695031605871 F -0.007172287944393093521 F 0.001371818988465670986 #
coedge $-1 -1 $-1 $1091 $792 $1409 $1410 forward $793 $-1 #
edge $1411 -1 $-1 $795 -9.389956710633686962e-05 $1412 0.004613000042280756934 $843 $1413 forward @7 unknown #
face $1414 -1 $-1 $849 $793 $4 $-1 $1415 forward single #
point $-1 -1 $-1 -1.586334828604098801 4.839026022062205001 4.025000000000000355 #
point $-1 -1 $-1 -5.077769868672714182 12.00000000000000355 3.677979135380452291 #
DXID-attrib $-1 -1 $-1 $-1 $805 @18 ASM_FACE_FROM_STEP @16 MD-JJ-K4080-5522 #
face $1416 -1 $-1 $1417 $1418 $4 $-1 $1419 reversed single #
loop $-1 -1 $-1 $-1 $1420 $805 #
cone-surface $-1 -1 $-1 -13.00000000000000888 8.918042128461490137 3.476718994402656637 -6.048776778683658017e-16 0.9986295347545740553 -0.05233595624294395954 4.992010415851715331e-31 0.05233595624294395954 0.9986295347545741663 1 I I 0 1 1.000000000000000444 forward I I I I #
coedge $-1 -1 $-1 $1318 $1421 $1320 $1422 reversed $806 $-1 #
coedge $-1 -1 $-1 $808 $1423 $1424 $1425 forward $37 $-1 #
coedge $-1 -1 $-1 $1426 $1228 $808 $1110 reversed $914 $-1 #
edge $-1 -1 $-1 $1427 -6.669788973128259357 $1114 -0.2639994026493256429 $1109 $1428 reversed @7 unknown #
coedge $-1 -1 $-1 $1429 $809 $1228 $1430 reversed $1113 $-1 #
coedge $-1 -1 $-1 $809 $1431 $811 $1117 reversed $1113 $-1 #
loop $-1 -1 $-1 $-1 $1112 $1432 #
vertex $-1 -1 $-1 $810 $1433 #
ellipse-curve $-1 -1 $-1 1 4.996216033328503947 9.448964566714879609 -1 0 0 0 -1.493733035513699736 -0.0704865380028865951 0.6687195570917210397 I I #
coedge $-1 -1 $-1 $1118 $811 $1434 $1435 forward $634 $-1 #
edge $-1 -1 $-1 $814 1.073607206367737543 $1436 1.096030840553190444 $1112 $1437 forward @7 unknown #
coedge $-1 -1 $-1 $812 $1116 $1438 $1439 forward $634 $-1 #
point $-1 -1 $-1 1 3.680732930107888379 8.93984363644407054 #
coedge $-1 -1 $-1 $1440 $816 $1441 $1442 forward $270 $-1 #
coedge $-1 -1 $-1 $1438 $1443 $816 $1122 reversed $1444 $-1 #
edge $-1 -1 $-1 $1124 0.4629044690874402623 $1445 1.500348130808272895 $1121 $1446 forward @7 unknown #
DXID-attrib $-1 -1 $-1 $-1 $817 @18 ASM_EDGE_FROM_STEP @4 1144 #
vertex $-1 -1 $-1 $1122 $1447 #
straight-curve $-1 -1 $-1 -0.1923093579222182603 -1.000000000000000444 8.810569998090549859 9.993140625789084908 1.223766350498184033e-15 -0.3703247672027216164 I I #
coedge $-1 -1 $-1 $895 $894 $819 $1127 forward $896 $-1 #
edge $1448 -1 $-1 $1449 -0.00271105540142877301 $1129 -0.0007055697737976394284 $1126 $1450 forward @7 unknown #
DXID-attrib $-1 -1 $-1 $-1 $821 @18 ASM_EDGE_FROM_STEP @4 4344 #
vertex $-1 -1 $-1 $899 $1451 #
straight-curve $-1 -1 $-1 -8.006897109335007201 -1.581536258668703399 6.75 -707.1067811865475505 -707.1067811865475505 -0 I I #
point $-1 -1 $-1 -7.425360850666304913 -1.000000000000000888 6.75 #
coedge $-1 -1 $-1 $887 $886 $825 $1133 forward $888 $-1 #
edge $1452 -1 $-1 $907 -0.001895184441433917042 $1449 -0.0001048155585660836365 $1132 $1453 forward @7 unknown #
DXID-attrib $-1 -1 $-1 $-1 $827 @18 ASM_FACE_FROM_STEP @15 MD-JJ-K4080-126 #
face $1454 -1 $-1 $637 $888 $4 $-1 $1455 reversed single #
plane-surface $-1 -1 $-1 -3.919787206519700362 2.505573644146603662 -6.75 -0.6691306063588581265 -0.7431448254773943551 0 0.7431448254773943551 -0.6691306063588581265 0 forward_v I I I I #
DXID-attrib $-1 -1 $-1 $-1 $829 @18 ASM_EDGE_FROM_STEP @4 6919 #
straight-curve $-1 -1 $-1 -5.077769868672714182 12.00000000000000355 -6.75 0 0 1000 F 0.003072020864619547358 F 0.01042797913538045379 #
DXID-attrib $-1 -1 $-1 $-1 $831 @18 ASM_FACE_FROM_STEP @16 MD-JJ-K4080-7395 #
face $1456 -1 $-1 $1010 $1457 $4 $-1 $1458 forward single #
loop $-1 -1 $-1 $-1 $1459 $831 #
plane-surface $-1 -1 $-1 -48.00000000000001421 8.499999999999975131 -4.5 1 0 0 0 0 -1 forward_v I I I I #
coedge $-1 -1 $-1 $834 $1095 $1460 $1461 forward $582 $-1 #
edge $1462 -1 $-1 $1463 -0.004730646831694717246 $836 -0.001018897428715270261 $834 $1464 forward @7 unknown #
point $-1 -1 $-1 0.63516026560440908 5.655148296527007012 -4.016327686906037364 #
DXID-attrib $-1 -1 $-1 $-1 $841 @18 ASM_FACE_FROM_STEP @16 MD-JJ-K4080-2288 #
plane-surface $-1 -1 $-1 -0.03069990999368665818 6.394660940672617144 -6.75 0.7431448254773943551 0.6691306063588581265 0 -0.6691306063588581265 0.7431448254773943551 0 forward_v I I I I #
coedge $-1 -1 $-1 $843 $842 $1465 $1466 reversed $844 $-1 #
face $1467 -1 $-1 $1468 $844 $4 $-1 $1469 forward single #
coedge $-1 -1 $-1 $1460 $1465 $847 $1151 forward $1470 $-1 #
edge $1471 -1 $-1 $1153 0.4786353865546825181 $1463 0.6493692389923946262 $1150 $1472 reversed @7 unknown #
DXID-attrib $-1 -1 $-1 $-1 $848 @18 ASM_EDGE_FROM_STEP @4 5797 #
vertex $-1 -1 $-1 $848 $1473 #
straight-curve $-1 -1 $-1 -1.603981783854429244 4.854915411939145997 -4.025206946997185398 743.1166063012295808 -669.1051976985124838 8.714576993627556334 I I #
DXID-attrib $-1 -1 $-1 $-1 $849 @18 ASM_FACE_FROM_STEP @17 MD-JJ-K4080-10000 #
face $1474 -1 $-1 $1475 $1476 $4 $-1 $1477 forward single #
plane-surface $-1 -1 $-1 -8.006897109335007201 -1.581536258668703399 -4.025000000000000355 0.006170592427165349017 -0.006170592427165349017 -0.9999619230641713097 -0.9999809609883804074 -1.355252715606880543e-20 -0.006170709906909571663 forward_v I I I I #
coedge $-1 -1 $-1 $1478 $851 $1479 $1480 forward $37 $-1 #
coedge $-1 -1 $-1 $1481 $1482 $851 $1160 reversed $1483 $-1 #
edge $1484 -1 $-1 $1164 3.192642052392696606 $1485 3.501150159848900323 $1159 $1486 reversed @7 unknown #
coedge $-1 -1 $-1 $1487 $852 $855 $1167 reversed $1163 $-1 #
coedge $-1 -1 $-1 $852 $1488 $1481 $1489 reversed $1163 $-1 #
loop $-1 -1 $-1 $-1 $1162 $1490 #
vertex $-1 -1 $-1 $1160 $1491 #
ellipse-curve $-1 -1 $-1 1 68.94365081389592831 -9.448964566714879609 -1 0 0 0 1.413244829349863174 0.07406502308946716351 0.7066217501846246973 I I #
coedge $-1 -1 $-1 $855 $854 $1492 $1493 forward $856 $-1 #
edge $1494 -1 $-1 $1495 -0.005952509864949941457 $857 0.0004528519526545763101 $1161 $1496 forward @7 tangent #
face $1497 -1 $-1 $1498 $856 $4 $-1 $1499 forward single #
point $-1 -1 $-1 1 68.99598677013887027 -8.447592220716959588 #
coedge $-1 -1 $-1 $860 $859 $1500 $1501 reversed $599 $-1 #
coedge $-1 -1 $-1 $866 $1502 $859 $1172 forward $1186 $-1 #
edge $-1 -1 $-1 $1503 -0.5894224891008482681 $868 -0.1173964654583580514 $859 $1504 forward @7 unknown #
tcoedge-coedge $-1 -1 $-1 $1505 $1506 $860 $1174 reversed $1507 $1508 -4.641940784398065567 -3.110047464849292176 #
tedge-edge $1509 -1 $-1 $1510 3.110047464849292176 $1177 4.641940784398065567 $860 $1511 forward @14 tangent_not_g2 0.001304713308569141689 #
pcurve $-1 -1 $-1 0 forward { exppc nubs 3 open 3 
	3.110047464849292176 3 3.875986823280502591 3 4.641940784398065567 3 
	6.023911156613444895 7.979727989493305732e-16 
	6.019859598589262006 0.2310709945860131287 
	6.0671889210734955 0.4982095130272451988 
	6.166934048953180536 0.7659466597743842531 
	6.266681078480562661 1.033688910948571849 
	6.412285521329950555 1.300817919583321158 
	6.540427282026915812 1.531893319548770949 
	0.001056535584581581866 
	cone 0.8998796133491243632 5.107410987732503571 -9.454211653840211227 -0.6687195570917210397 0.7426883090171001456 -0.03504610695031606937 -0.7431448254773942441 -0.6691306063588582376 -3.469446951953613418e-18 1 I I 0 1 1 forward I I I I 
	} 0 0 #
DXID-attrib $-1 -1 $-1 $-1 $861 @18 ASM_EDGE_FROM_STEP @3 887 #
tvertex-vertex $-1 -1 $-1 $1174 $1512 1.000534754222183064e-11 #
straight-curve $-1 -1 $-1 -3.286635703804572373 9.698882324508538488 -8.672245278548754044 -668.7195570917209579 742.6883090171002095 -35.04610695031607293 I I #
DXID-attrib $-1 -1 $-1 $-1 $862 @18 ASM_FACE_FROM_STEP @16 MD-JJ-K4080-2223 #
face $1513 -1 $-1 $1432 $1514 $4 $-1 $1515 forward single #
cone-surface $-1 -1 $-1 0.8998796133491243632 5.107410987732503571 -9.454211653840211227 -0.6687195570917210397 0.7426883090171001456 -0.03504610695031606937 -0.7431448254773942441 -0.6691306063588582376 -3.469446951953613418e-18 1 I I 0 1 1 forward I I I I #
coedge $-1 -1 $-1 $864 $1516 $1185 $1517 reversed $882 $-1 #
vertex $-1 -1 $-1 $865 $1518 #
ellipse-curve $-1 -1 $-1 -24.80840657637568825 16.83897649135908736 -10.38386570930939001 -0.03700710955926812123 0.03700710955926809348 0.9986295347545739443 43.063634730513634 -38.77098456759507172 3.032618820802639448 0.017234048055148804 I I #
coedge $-1 -1 $-1 $1519 $866 $1182 $1517 forward $1186 $-1 #
loop $-1 -1 $-1 $-1 $1171 $1520 #
DXID-attrib $-1 -1 $-1 $-1 $867 @18 ASM_EDGE_FROM_STEP @4 7050 #
straight-curve $-1 -1 $-1 0 4.304040507106659419 -9 -707.1067811865474368 -707.1067811865477779 -0 I I #
point $-1 -1 $-1 0.2235058029541754643 4.527546310060835744 -9 #
DXID-attrib $-1 -1 $-1 $-1 $871 @18 ASM_FACE_FROM_STEP @16 MD-JJ-K4080-3593 #
loop $-1 -1 $-1 $-1 $1521 $871 #
plane-surface $-1 -1 $-1 0 4.304040507106659419 -15 0.03700710955926812123 -0.03700710955926809348 0.9986295347545739443 0.9993140625789086462 0 -0.03703247672027216997 forward_v I I I I #
straight-curve $-1 -1 $-1 -6.000000000000003553 -1.000000000000000444 -4.997873903188894573 10 1.224606353822377258e-15 -1.72985461490100003e-16 I I #
coedge $-1 -1 $-1 $874 $1522 $1523 $1524 forward $627 $-1 #
edge $-1 -1 $-1 $1525 0.0810489423252569452 $876 0.1306033350817191185 $874 $1526 forward @7 unknown #
point $-1 -1 $-1 -7.425360850666304913 -1.000000000000000888 -4.997873903188894573 #
coedge $-1 -1 $-1 $878 $1527 $936 $1265 forward $270 $-1 #
coedge $-1 -1 $-1 $1528 $879 $928 $1254 forward $1200 $-1 #
coedge $-1 -1 $-1 $879 $1528 $881 $1204 forward $1200 $-1 #
loop $-1 -1 $-1 $-1 $879 $1529 #
vertex $-1 -1 $-1 $1254 $1530 #
straight-curve $-1 -1 $-1 -2.298097038856281582 -1.000000000000000444 -8.447592220716961364 -10 -1.224606353822377258e-15 1.694645622540134615e-16 F -10000.22981070388596 F 9999.770191296114717 #
tcoedge-coedge $-1 -1 $-1 $1531 $881 $1532 $1533 forward $882 $1534 4.782837176371312893 6.28318530717958712 #
edge $1535 -1 $-1 $1536 -0.006339776112956420351 $883 0.0004286336488365431285 $881 $1537 forward @7 tangent #
face $1538 -1 $-1 $1539 $882 $4 $-1 $1540 reversed single #
point $-1 -1 $-1 -4.938091065349533793 -1.000000000000000666 -8.447592220716959588 #
edge $1541 -1 $-1 $890 -0.0001048155585660826065 $1449 0.01360481555856608328 $894 $1542 forward @7 unknown #
point $-1 -1 $-1 -2.431457851910671319 1.165475874009441082 -6.854815558566082601 #
DXID-attrib $-1 -1 $-1 $-1 $892 @18 ASM_EDGE_FROM_STEP @4 9491 #
straight-curve $-1 -1 $-1 -1.165475874009442636 2.431457851910669987 -6.75 0 0 1000 F -0.0001048155585660826065 F 0.01360481555856608328 #
DXID-attrib $-1 -1 $-1 $-1 $899 @18 ASM_EDGE_FROM_STEP @4 8300 #
straight-curve $-1 -1 $-1 -3.919787206519700362 2.505573644146603662 -6.75 0 0 1000 F 0 F 0.01350000000000000158 #
coedge $-1 -1 $-1 $1543 $900 $1544 $1545 forward $627 $-1 #
DXID-attrib $-1 -1 $-1 $-1 $901 @18 ASM_FACE_FROM_STEP @16 MD-JJ-K4080-1141 #
face $1546 -1 $-1 $1547 $1548 $4 $-1 $1549 forward single #
plane-surface $-1 -1 $-1 -8.006897109335007201 -1.581536258668703399 -6.75 -0.7071067811865475727 0.7071067811865475727 0 -0.7071067811865476838 -0.7071067811865476838 0 forward_v I I I I #
DXID-attrib $-1 -1 $-1 $-1 $904 @18 ASM_FACE_FROM_STEP @16 MD-JJ-K4080-1899 #
face $1550 -1 $-1 $1086 $1077 $4 $-1 $1551 reversed single #
cone-surface $-1 -1 $-1 -6.306462291050155322 50.14708272461611926 -3.613586094101750579 0.7066217501846249194 -0.706621750184623254 -0.03703247672027216997 0.7071067811865451302 0.7071067811865467956 9.020562075079374704e-17 1 I I 0 1 0.9999999999999977796 forward I I I I #
point $-1 -1 $-1 -1.165475874009442858 2.431457851910669543 6.854815558566081712 #
DXID-attrib $-1 -1 $-1 $-1 $910 @18 ASM_FACE_FROM_STEP @16 MD-JJ-K4080-2143 #
face $1552 -1 $-1 $1553 $1554 $4 $-1 $1555 reversed single #
loop $-1 -1 $-1 $-1 $1381 $910 #
plane-surface $-1 -1 $-1 -2.828427124746160093 71.67157287525377285 -6.75 -0.7071067811865431318 -0.7071067811865520136 0 0.7071067811865521247 -0.7071067811865432429 0 forward_v I I I I #
DXID-attrib $-1 -1 $-1 $-1 $913 @18 ASM_FACE_FROM_STEP @17 MD-JJ-K4080-10269 #
loop $-1 -1 $-1 $-1 $1556 $913 #
plane-surface $-1 -1 $-1 2.699816011911280787e-18 4.596194077712561388 -15.5 0.0523359562429439526 2.181806800411350207e-21 0.9986295347545739443 0.9986295347545739443 -2.350988701644575016e-38 -0.0523359562429439526 forward_v I I I I #
coedge $-1 -1 $-1 $1109 $1557 $1111 $1430 forward $914 $-1 #
coedge $-1 -1 $-1 $1558 $916 $1559 $1560 forward $641 $-1 #
coedge $-1 -1 $-1 $916 $1558 $1561 $1562 forward $641 $-1 #
coedge $-1 -1 $-1 $1563 $1564 $916 $1232 forward $1565 $-1 #
edge $-1 -1 $-1 $1566 0.2639994026493255319 $1567 6.669788973128258469 $916 $1568 reversed @7 unknown #
DXID-attrib $-1 -1 $-1 $-1 $918 @18 ASM_FACE_FROM_STEP @15 MD-JJ-K4080-229 #
face $1569 -1 $-1 $1570 $1571 $4 $-1 $1572 reversed single #
loop $-1 -1 $-1 $-1 $1573 $918 #
cone-surface $-1 -1 $-1 -36.33956379910012657 31.60408701479589411 11.15767236271137541 -0.7066217501846235871 -0.7066217501846248084 -0.03703247672027218385 0.7071067811865473507 -0.7071067811865461294 1.21430643318376324e-16 1 I I 0 1 0.9999999999999988898 forward I I I I #
coedge $-1 -1 $-1 $1574 $1575 $1576 $1577 reversed $919 $-1 #
coedge $-1 -1 $-1 $1312 $921 $1575 $1578 forward $645 $-1 #
coedge $-1 -1 $-1 $921 $1312 $922 $1243 forward $645 $-1 #
coedge $-1 -1 $-1 $924 $1576 $921 $1241 forward $1248 $-1 #
edge $-1 -1 $-1 $1579 0.1636718825696029667 $1249 0.9613281174303973664 $921 $1580 forward @7 unknown #
coedge $-1 -1 $-1 $1244 $922 $1311 $1581 reversed $434 $-1 #
edge $1582 -1 $-1 $1583 0.0009193019999024117095 $1249 0.009774583606089824045 $922 $1584 forward @7 tangent #
coedge $-1 -1 $-1 $923 $1242 $1585 $1586 reversed $434 $-1 #
coedge $-1 -1 $-1 $1587 $1588 $923 $1246 forward $270 $-1 #
edge $-1 -1 $-1 $1250 2.138485447741255818 $1589 3.141592653589793116 $923 $1590 forward @7 unknown #
coedge $-1 -1 $-1 $1591 $924 $1588 $1592 forward $1248 $-1 #
loop $-1 -1 $-1 $-1 $924 $1593 #
vertex $-1 -1 $-1 $925 $1594 #
vertex $-1 -1 $-1 $925 $1595 #
ellipse-curve $-1 -1 $-1 -67.00000000000001421 -1.843145750507699798 4.040688953587013188 0.7071067811865510144 0.707106781186544131 0 -0.9986332808385529614 0.9986332808385629534 -0.1046723051337725696 0.7061377159181225771 I I #
coedge $-1 -1 $-1 $1596 $1597 $926 $1253 reversed $1598 $-1 #
edge $1599 -1 $-1 $961 -0.004659783807558302154 $933 7.674941582536120454e-06 $926 $1600 forward @14 tangent_not_g2 #
edge $1601 -1 $-1 $1201 -0.006113589113596633838 $1260 0.0002917727040079053959 $928 $1602 forward @7 tangent #
coedge $-1 -1 $-1 $1603 $929 $1597 $1604 reversed $1257 $1605 #
coedge $-1 -1 $-1 $929 $1603 $1606 $1607 forward $1257 $1608 #
loop $-1 -1 $-1 $-1 $1256 $1609 #
pcurve $-1 -1 $-1 0 forward { exppc nubs 3 open 2 
	-4.638357856777882482 3 -3.104577091786387744 3 
	1.644827450401701974 0.9999999999999968914 
	2.106202867053228456 1 
	2.717216248817557744 1 
	3.178608215393201153 1 
	0.01000000000000000021 
	spline forward { exactsur full nurbs 3 2 both open open none none 3 2 
	1.644827450401701308 3 2.411717832897451341 2 3.178608215393201153 3 
	0 2 1 2 
	-64.46981879201742061 4.000000000000010658 -9.184113400489604118 1 
	-64.65095816718564947 4.000000000000010658 -9.184113400580729447 1 
	-64.8273908663756373 4.000000000000010658 -9.235457049045777467 1 
	-65.07824622164500283 4.000000000000010658 -9.413082000677739813 1 
	-65.15075759472117056 4.000000000000010658 -9.538009968137668437 1 
	-65.15075759508249575 4.000000000000010658 -9.666270625429582708 1 
	-64.46981879201742061 4.000000000000010658 -8.709631117132161648 0.725374371012286745 
	-64.71479047730522893 4.000000000000010658 -8.788500455301116787 0.7877459690761016153 
	-64.95179420777439816 4.000000000000010658 -8.923446903427711518 0.8393781857767541599 
	-65.26302707698208394 4.000000000000008882 -9.257879909023195353 0.9083850260966974677 
	-65.35509337415840037 4.000000000000010658 -9.463671515586350225 0.9258261140745399631 
	-65.35786437626904899 4.000000000000008882 -9.666270625429582708 0.9238795325112866275 
	-64.46981879201742061 3.526167978121480751 -8.684798633112317034 1 
	-64.74161289144211651 3.61660042491745104 -8.689537996824029165 1 
	-65.0077656497084746 3.703365269145759253 -8.796772446742538776 1 
	-65.38886877615180993 3.823972853243364778 -9.158343125653065186 1 
	-65.50095527059235678 3.8569091056767002 -9.409971340932845152 1 
	-65.50431098567577237 3.853553390593281947 -9.666270625429582708 1 
	0 
	
	0 
	1 2.411717832897451341 
	0 
	0 
	0 
	0 
	F 1 F 0 F 1 F 0 } I I I I 
	} 0 0 #
DXID-attrib $-1 -1 $-1 $-1 $930 @18 ASM_EDGE_FROM_STEP @4 6192 #
tvertex-vertex $-1 -1 $-1 $930 $1610 1.001427316814072121e-11 #
intcurve-curve $-1 -1 $-1 forward { parcur full nubs 3 open 3 
	3.104577091786387744 3 3.871461556708341689 3 4.638357856777882482 3 
	-65.50431098567577237 3.853553390593281947 -9.666270625429582708 
	-65.50128261016782005 3.856581766101235154 -9.434972539453456264 
	-65.39816196904490653 3.826913867015285575 -9.167160020163930056 
	-65.19831721293013516 3.763669061194561571 -8.977557786197801093 
	-64.9984693726582492 3.700423279331625626 -8.787952626144992507 
	-64.7150952089887852 3.607777352920336522 -8.689075599214206136 
	-64.46981879201743482 3.526167978121482527 -8.684798633112317034 
	0.002157071948179362705 
	
	spline forward { ref 4 } I I I I 
	null_surface 
	nubs 3 open 2 
	3.104577091786387744 3 4.638357856777882482 3 
	3.178608215393201153 1 
	2.717216248817557744 1 
	2.106202867053228456 1 
	1.644827450401701974 0.9999999999999968914 
	
	nullbs 
	I I 
	0 
	1 3.871461556708341689 
	0 
	surf1 } F 3.104577091786387744 F 4.638357856777882482 #
point $-1 -1 $-1 -65.50431098567577237 3.853553390593281058 -9.666270625429582708 #
ellipse-curve $-1 -1 $-1 -68.94365081389597094 -1.000000000000008438 -9.448964566714877833 -1.224606353822377258e-16 1 0 -1.413244829349864062 -2.773656311045082202e-16 0.07406502308946719126 0.7066217501846245863 I I #
coedge $-1 -1 $-1 $1611 $936 $1612 $1613 reversed $938 $-1 #
edge $1614 -1 $-1 $1615 -3.501150159848902543 $939 -3.192642052392699714 $936 $1616 reversed @7 unknown #
coedge $-1 -1 $-1 $937 $1611 $1617 $1618 forward $938 $-1 #
face $1619 -1 $-1 $1620 $938 $4 $-1 $1621 forward single #
point $-1 -1 $-1 -70.30536504140933118 -1.000000000000008882 -9.143157851090000676 #
coedge $-1 -1 $-1 $1617 $964 $941 $1270 reversed $724 $-1 #
edge $-1 -1 $-1 $1272 1.410000000000000142 $967 1.970000000000000195 $1269 $1622 forward @7 unknown #
DXID-attrib $-1 -1 $-1 $-1 $942 @18 ASM_EDGE_FROM_STEP @5 10457 #
vertex $-1 -1 $-1 $1270 $1623 #
straight-curve $-1 -1 $-1 -76 3.54020202535533457 -9.199999999999999289 -866.025403784437799 500.0000000000017053 0 I I #
DXID-attrib $-1 -1 $-1 $-1 $943 @18 ASM_FACE_FROM_STEP @16 MD-JJ-K4080-2079 #
plane-surface $-1 -1 $-1 -76 3.54020202535533457 -9.199999999999999289 -0.5000000000000017764 -0.8660254037844377084 0 0.8660254037844378194 -0.5000000000000017764 0 forward_v I I I I #
coedge $-1 -1 $-1 $1624 $946 $1625 $1626 forward $1278 $1627 #
coedge $-1 -1 $-1 $946 $1624 $1596 $1628 forward $1278 $1629 #
loop $-1 -1 $-1 $-1 $1277 $1630 #
pcurve $-1 -1 $-1 0 forward { exppc nubs 3 open 2 
	-3.178608215393197156 3 -1.64482745040171463 3 
	3.104577091786388632 1 
	3.565969058361862398 1 
	4.176982440126126406 1 
	4.638357856777860277 1 
	0.01000000000000000021 
	spline forward { exactsur full nurbs 3 2 both open open none none 3 2 
	3.104577091786388632 3 3.871467474282137111 2 4.638357856777885146 3 
	0 2 1 2 
	-65.15075759508249575 4.000000000000010658 -14.33372937457042084 1 
	-65.15075759472117056 4.000000000000010658 -14.46199003186244347 1 
	-65.07824622164500283 4.000000000000010658 -14.58691799932212874 1 
	-64.8273908663756373 4.000000000000010658 -14.76454295095436109 1 
	-64.65095816718564947 4.000000000000010658 -14.81588659941927233 1 
	-64.46981879201742061 4.000000000000010658 -14.81588659951039766 1 
	-65.35786437626903478 4.000000000000010658 -14.33372937457042084 0.9238795325112931778 
	-65.35509337416546316 4.000000000000010658 -14.53632848441396419 0.9258261140745902562 
	-65.26302707698206973 4.000000000000010658 -14.74212009097653819 0.9083850260966439549 
	-64.95179420777439816 4.000000000000010658 -15.07655309657255316 0.8393781857768201071 
	-64.71479047730500156 4.000000000000369482 -15.21149954469807319 0.7877459690760628686 
	-64.46981879201740639 4.000000000000008882 -15.29036888286783302 0.725374371012292074 
	-65.50431098567575816 3.853553390593292605 -14.33372937457042084 1 
	-65.50095527059399103 3.856909105675066396 -14.59002865906724189 1 
	-65.38886877615195203 3.823972853243306602 -14.84165687434688685 1 
	-65.00776564970831828 3.703365269145837857 -15.20322755325751451 1 
	-64.74161289144198861 3.616600424918194445 -15.31046200317594241 1 
	-64.46981879201740639 3.526167978121486968 -15.31520136688768474 1 
	0 
	
	0 
	1 3.871467474282137111 
	0 
	0 
	0 
	0 
	F 1 F 0 F 1 F 0 } I I I I 
	} 0 0 #
DXID-attrib $-1 -1 $-1 $-1 $947 @18 ASM_EDGE_FROM_STEP @4 4645 #
intcurve-curve $-1 -1 $-1 forward { parcur full nubs 3 open 3 
	1.64482745040171463 3 2.411723750471102434 3 3.178608215393197156 3 
	-64.46981879201743482 3.52616797812149585 -15.31520136688768474 
	-64.71509520898874257 3.607777352921037295 -15.31092440078576189 
	-64.9984693726581213 3.700423279331721105 -15.2120473738550217 
	-65.19831721293013516 3.76366906119457223 -15.02244221380220068 
	-65.39816196904509127 3.826913867015233617 -14.83283997983599178 
	-65.50128261016929798 3.856581766099761666 -14.56502746054658282 
	-65.50431098567575816 3.853553390593292605 -14.33372937457042084 
	0.002157071948204269864 
	
	spline forward { ref 7 } I I I I 
	null_surface 
	nubs 3 open 2 
	1.64482745040171463 3 3.178608215393197156 3 
	4.638357856777860277 1 
	4.176982440126126406 1 
	3.565969058361862398 1 
	3.104577091786388632 1 
	
	nullbs 
	I I 
	0 
	1 2.411723750471102434 
	0 
	surf1 } F 1.64482745040171463 F 3.178608215393197156 #
coedge $-1 -1 $-1 $950 $949 $1631 $1632 forward $951 $-1 #
coedge $-1 -1 $-1 $1633 $1625 $950 $1284 reversed $1634 $-1 #
edge $1635 -1 $-1 $1636 0.0053687157883578248 $953 0.05987362471430487942 $950 $1637 forward @14 tangent_not_g2 #
face $1638 -1 $-1 $1529 $951 $4 $-1 $1639 forward single #
point $-1 -1 $-1 -64.46981879201743482 3.526167978121479862 -15.31520136688768474 #
coedge $-1 -1 $-1 $1640 $955 $1641 $1642 forward $667 $-1 #
coedge $-1 -1 $-1 $969 $1643 $955 $1289 forward $1304 $-1 #
edge $-1 -1 $-1 $1644 -3.694434293552200543 $972 -3.408467540383822048 $955 $1645 forward @7 unknown #
coedge $-1 -1 $-1 $956 $1646 $1647 $1648 reversed $667 $-1 #
coedge $-1 -1 $-1 $1649 $1631 $956 $1292 reversed $1650 $-1 #
edge $-1 -1 $-1 $1651 0.4629044690874407064 $1293 1.500348130808272895 $1291 $1652 forward @7 unknown #
vertex $-1 -1 $-1 $1292 $1653 #
straight-curve $-1 -1 $-1 -2.298097038856281138 -1.000000000000000444 -15.55240777928304219 10 1.224606353822377258e-15 1.694645622540134615e-16 F -9999.770191296114717 F 10000.22981070388596 #
DXID-attrib $-1 -1 $-1 $-1 $958 @18 ASM_FACE_FROM_STEP @17 MD-JJ-K4080-10040 #
face $1654 -1 $-1 $1655 $1304 $4 $-1 $1656 reversed single #
plane-surface $-1 -1 $-1 0 -1 19 -1.224606353822377258e-16 1 0 -1 -1.224606353822377258e-16 0 forward_v I I I I #
point $-1 -1 $-1 -65.50431098567577237 3.853553390593282391 -14.33372937457042084 #
coedge $-1 -1 $-1 $964 $1657 $1303 $1658 reversed $724 $-1 #
vertex $-1 -1 $-1 $1658 $1659 #
straight-curve $-1 -1 $-1 -76.3904435772148247 7.109556422785166419 -14.64823075050141377 -7.062025065134034385 -7.062025065134034385 -0.5055729016049580471 I I #
point $-1 -1 $-1 -78.51041132207055284 4.989588677929451599 -14.80000000000000249 #
coedge $-1 -1 $-1 $1660 $969 $1299 $1658 forward $1304 $-1 #
loop $-1 -1 $-1 $-1 $969 $1296 #
DXID-attrib $-1 -1 $-1 $-1 $970 @18 ASM_EDGE_FROM_STEP @4 2206 #
straight-curve $-1 -1 $-1 -79 2.542754904266199212 -14.92388227098206066 0 -9.989716227690164985 -0.4533979380453444508 F -10010.03982254431685 F 10010.54889704579546 #
point $-1 -1 $-1 -79 -1.000000000000009326 -15.08467540383822225 #
DXID-attrib $-1 -1 $-1 $-1 $977 @18 ASM_FACE_FROM_STEP @15 MD-JJ-K4080-458 #
plane-surface $-1 -1 $-1 -76 -9.307008289050067162e-15 18 0 0 -1 -1 0 0 forward_v I I I I #
coedge $-1 -1 $-1 $1661 $979 $1662 $1663 forward $684 $-1 #
coedge $-1 -1 $-1 $979 $1664 $1242 $1581 forward $684 $-1 #
coedge $-1 -1 $-1 $1239 $1238 $979 $1313 forward $645 $-1 #
edge $1665 -1 $-1 $1666 0.0009751684563564005839 $1583 0.008024831543643601989 $979 $1667 forward @7 unknown #
coedge $-1 -1 $-1 $980 $1320 $1668 $1669 forward $455 $-1 #
coedge $-1 -1 $-1 $1420 $993 $980 $1316 reversed $1105 $-1 #
edge $1670 -1 $-1 $1671 -1.570796326794896558 $996 3.170029583496436943e-17 $1315 $1672 forward @7 unknown #
coedge $-1 -1 $-1 $982 $981 $1673 $1674 forward $297 $-1 #
coedge $-1 -1 $-1 $1675 $1107 $982 $1319 reversed $806 $-1 #
edge $1676 -1 $-1 $1677 -0.003820358528981903246 $1322 -0.0005006861729989629979 $1318 $1678 forward @7 tangent #
coedge $-1 -1 $-1 $1314 $983 $1107 $1422 forward $455 $-1 #
DXID-attrib $-1 -1 $-1 $-1 $984 @18 ASM_EDGE_FROM_STEP @4 1953 #
vertex $-1 -1 $-1 $1319 $1679 #
straight-curve $-1 -1 $-1 -10.25 7.999999999999991118 -4.526203889641529088 -10 -1.324368253553623314e-15 1.677571618681279927e-16 I I #
point $-1 -1 $-1 -31.00000000000001776 7.999999999999989342 -4.5262038896415282 #
ellipse-curve $-1 -1 $-1 -31.00000000000001776 7.999999999999988454 -3.524831543643598852 -1.324368253553623314e-16 1 0 6.085409953726639287e-14 8.528017793746680357e-30 -1.00137234599792091 0.9986295347545739443 I I #
coedge $-1 -1 $-1 $1680 $1544 $992 $1327 reversed $1418 $-1 #
edge $1681 -1 $-1 $1330 0.001815566153244743512 $1333 0.009793073264626183175 $1326 $1682 forward @7 tangent #
coedge $-1 -1 $-1 $993 $1683 $1680 $1684 reversed $1105 $-1 #
DXID-attrib $-1 -1 $-1 $-1 $994 @18 ASM_EDGE_FROM_STEP @4 2153 #
vertex $-1 -1 $-1 $994 $1685 #
straight-curve $-1 -1 $-1 -13.00000000000000888 8.499999999999992895 4.5 6.048776778683659185e-13 -998.6295347545740242 52.33595624294395776 I I #
point $-1 -1 $-1 -13.00000000000000888 7.99999999999999023 4.526203889641521094 #
vertex $-1 -1 $-1 $1327 $1686 #
straight-curve $-1 -1 $-1 -6.32585559229455896 0.09950525837174459265 4.940251274287602357 7.066217501846240978 7.066217501846240978 -0.3703247672027212833 I I #
straight-curve $-1 -1 $-1 -7.999999999999989342 7.999999999999991118 -130.1444400804976169 0 0 -10 I I #
point $-1 -1 $-1 -7.999999999999989342 7.999999999999991118 15 #
straight-curve $-1 -1 $-1 -11.32842712474619518 16.98528137423856776 15 -7.071067811865460406 -7.071067811865489716 0 I I #
DXID-attrib $-1 -1 $-1 $-1 $1010 @18 ASM_FACE_FROM_STEP @16 MD-JJ-K4080-9452 #
plane-surface $-1 -1 $-1 -8.499999999999998224 19.8137084989847736 11 -0.707106781186549016 0.7071067811865460184 0 -0.7071067811865460184 -0.707106781186549016 0 forward_v I I I I #
DXID-attrib $-1 -1 $-1 $-1 $1014 @18 ASM_FACE_FROM_STEP @16 MD-JJ-K4080-8952 #
face $1687 -1 $-1 $1688 $1689 $4 $-1 $1690 reversed single #
plane-surface $-1 -1 $-1 -8.499999999999994671 8.499999999999992895 15 0 0 1 1 0 0 forward_v I I I I #
coedge $-1 -1 $-1 $1691 $1016 $1029 $1357 forward $1018 $-1 #
coedge $-1 -1 $-1 $1017 $1692 $1693 $1694 forward $1018 $-1 #
point $-1 -1 $-1 -7.999999999999989342 7.999999999999991118 18.00000000000000711 #
coedge $-1 -1 $-1 $1695 $1022 $1696 $1697 forward $724 $-1 #
coedge $-1 -1 $-1 $1693 $1698 $1022 $1348 reversed $1699 $-1 #
edge $1700 -1 $-1 $1349 0.1000000000000000888 $1701 0.4164950171344508068 $1347 $1702 reversed @7 unknown #
vertex $-1 -1 $-1 $1694 $1703 #
straight-curve $-1 -1 $-1 -77.875 5.624999999999991118 18 -7.071067811865475505 -7.071067811865475505 -0 I I #
DXID-attrib $-1 -1 $-1 $-1 $1024 @18 ASM_FACE_FROM_STEP @16 MD-JJ-K4080-2857 #
face $1704 -1 $-1 $1705 $1706 $4 $-1 $1656 reversed single #
plane-surface $-1 -1 $-1 -76 7.499999999999991118 19 0.7071067811865475727 -0.7071067811865475727 0 0.7071067811865476838 0.7071067811865476838 0 forward_v I I I I #
DXID-attrib $-1 -1 $-1 $-1 $1028 @18 ASM_EDGE_FROM_STEP @4 4597 #
straight-curve $-1 -1 $-1 -76 7.999999999999984013 18 -1000 -1.324368253553623235e-13 0 I I #
coedge $-1 -1 $-1 $1029 $1707 $1708 $1709 reversed $724 $-1 #
edge $-1 -1 $-1 $1031 -0.3358757210636087454 $1710 0.1590990257669729624 $1029 $1711 forward @7 unknown #
point $-1 -1 $-1 -75.50000000000001421 7.999999999999984013 18 #
straight-curve $-1 -1 $-1 -8.499999999999992895 7.999999999999991118 15 10 1.324368253553623314e-15 0 I I #
point $-1 -1 $-1 -20.31370849898473097 7.99999999999999023 15 #
coedge $-1 -1 $-1 $1039 $1038 $1712 $1713 reversed $1040 $-1 #
face $1714 -1 $-1 $1490 $1040 $4 $-1 $1715 reversed single #
coedge $-1 -1 $-1 $1050 $1716 $1043 $1364 forward $37 $-1 #
edge $-1 -1 $-1 $1717 2.138485447741288681 $1053 3.141592653589793116 $1043 $1718 forward @7 unknown #
coedge $-1 -1 $-1 $1719 $1712 $1044 $1366 forward $1223 $-1 #
edge $-1 -1 $-1 $1368 0.0522882509780476859 $1717 0.6199773719244413561 $1044 $1720 forward @7 unknown #
DXID-attrib $-1 -1 $-1 $-1 $1045 @18 ASM_EDGE_FROM_STEP @4 8473 #
vertex $-1 -1 $-1 $1366 $1721 #
straight-curve $-1 -1 $-1 0.05233595624294824777 68 -3.946836589151276886 998.6295347545740242 0 -52.33595624294395776 I I #
DXID-attrib $-1 -1 $-1 $-1 $1046 @18 ASM_FACE_FROM_STEP @16 MD-JJ-K4080-8898 #
cone-surface $-1 -1 $-1 -8.447664043757058039 67 -3.501370465245425834 -0.9986295347545740553 0 0.05233595624294395954 0.05233595624294395954 0 0.9986295347545741663 1 I I 0 1 1.000000000000000444 forward I I I I #
coedge $-1 -1 $-1 $1048 $1059 $1376 $1722 reversed $1060 $-1 #
DXID-attrib $-1 -1 $-1 $-1 $1049 @18 ASM_EDGE_FROM_STEP @3 817 #
vertex $-1 -1 $-1 $1051 $1723 #
straight-curve $-1 -1 $-1 0.6800049606407071456 43.10827951668233027 -4.981103673794482489 706.6217501846249434 -706.6217501846233517 -37.03247672027218584 I I #
coedge $-1 -1 $-1 $1399 $1050 $1372 $1722 forward $37 $-1 #
straight-curve $-1 -1 $-1 0.999999999999999778 24.00000000000000355 -4.997873903188894573 0 10 -9.091300504610275292e-17 F -10002.40000099999997 F 9997.600001000000702 #
point $-1 -1 $-1 0.999999999999999778 67 -4.997873903188892797 #
edge $1724 -1 $-1 $1725 -0.009267134773871737313 $1057 3.668035038577770527e-05 $1055 $1726 forward @7 tangent #
point $-1 -1 $-1 -5.574278126497024033 48.00068499768990193 -3.689016136310154792 #
coedge $-1 -1 $-1 $1712 $1727 $1064 $1382 forward $1223 $-1 #
edge $-1 -1 $-1 $1728 2.521615281665352537 $1384 3.08930440261174466 $1064 $1729 forward @7 unknown #
DXID-attrib $-1 -1 $-1 $-1 $1065 @18 ASM_EDGE_FROM_STEP @4 6751 #
vertex $-1 -1 $-1 $1382 $1730 #
straight-curve $-1 -1 $-1 -8.918042128461502571 68 3.476718994402656637 -998.6295347545740242 0 -52.33595624294395776 I I #
coedge $-1 -1 $-1 $1731 $1069 $1066 $1387 forward $37 $-1 #
edge $-1 -1 $-1 $1072 0 $1728 1.003107205848504435 $1066 $1732 forward @7 unknown #
DXID-attrib $-1 -1 $-1 $-1 $1067 @18 ASM_FACE_FROM_STEP @16 MD-JJ-K4080-6899 #
cone-surface $-1 -1 $-1 -8.918042128461502571 67 3.476718994402656637 -0.9986295347545740553 0 -0.05233595624294395954 -0.05233595624294395954 0 0.9986295347545741663 1 I I 0 1 1.000000000000000444 forward I I I I #
coedge $-1 -1 $-1 $1069 $1399 $1394 $1733 forward $37 $-1 #
vertex $-1 -1 $-1 $1733 $1734 #
straight-curve $-1 -1 $-1 0.999999999999999778 24.00000000000000355 4.997873903188891909 -0 -10 -9.091300504610275292e-17 F -9997.600001000000702 F 10002.40000099999997 #
point $-1 -1 $-1 0.999999999999999778 67 4.997873903188892797 #
coedge $-1 -1 $-1 $1076 $1074 $1390 $1733 reversed $1077 $-1 #
DXID-attrib $-1 -1 $-1 $-1 $1075 @18 ASM_EDGE_FROM_STEP @4 4598 #
straight-curve $-1 -1 $-1 -6.358798247293098171 50.14708272461611926 4.612215628856324301 -706.6217501846249434 706.6217501846233517 -37.03247672027218584 I I #
edge $1735 -1 $-1 $1079 0.0003022914808968409539 $1736 0.009606106605154349914 $1082 $1737 forward @7 tangent #
point $-1 -1 $-1 -5.574278126497026697 48.00068499768990193 3.689016136310156568 #
coedge $-1 -1 $-1 $1390 $1376 $1085 $1400 forward $37 $-1 #
edge $-1 -1 $-1 $1725 -1.128355945330893784 $1736 -0.321644054669106283 $1085 $1738 forward @7 unknown #
DXID-attrib $-1 -1 $-1 $-1 $1086 @18 ASM_FACE_FROM_STEP @15 MD-JJ-K4080-831 #
plane-surface $-1 -1 $-1 -5.573593128807140751 48.00000000000001421 -4.5 -0.7071067811865466846 -0.7071067811865483499 0 0.7071067811865483499 -0.7071067811865466846 0 forward_v I I I I #
DXID-attrib $-1 -1 $-1 $-1 $1088 @18 ASM_FACE_FROM_STEP @16 MD-JJ-K4080-8304 #
loop $-1 -1 $-1 $-1 $1739 $1088 #
plane-surface $-1 -1 $-1 -6.394660940672616256 0.03069990999368795923 -6.75 -0.6691306063588581265 -0.7431448254773943551 0 0.7431448254773943551 -0.6691306063588581265 0 forward_v I I I I #
coedge $-1 -1 $-1 $1740 $1741 $1742 $1743 forward $1089 $-1 #
edge $1744 -1 $-1 $1745 -0.004613000042280745658 $1093 -0.000901250639301269833 $1095 $1746 forward @7 unknown #
point $-1 -1 $-1 0.6351602656043903172 5.655148296527028329 4.0163276869060347 #
coedge $-1 -1 $-1 $1465 $1460 $1098 $1410 reversed $1470 $-1 #
edge $1747 -1 $-1 $1412 0.4786353865546824071 $1745 0.6493692389923946262 $1409 $1748 forward @7 unknown #
DXID-attrib $-1 -1 $-1 $-1 $1099 @18 ASM_EDGE_FROM_STEP @4 6150 #
vertex $-1 -1 $-1 $1466 $1749 #
straight-curve $-1 -1 $-1 -1.516556500962882748 4.776197333649714771 4.024181704992781938 743.1166063012295808 -669.1051976985124838 -8.714576993627556334 I I #
DXID-attrib $-1 -1 $-1 $-1 $1100 @18 ASM_FACE_FROM_STEP @16 MD-JJ-K4080-3868 #
plane-surface $-1 -1 $-1 -8.006897109335007201 -1.581536258668703399 4.025000000000000355 0.006170592427165349017 -0.006170592427165349017 0.9999619230641713097 0.9999809609883804074 1.355252715606880543e-20 -0.006170709906909571663 forward_v I I I I #
DXID-attrib $-1 -1 $-1 $-1 $1104 @18 ASM_FACE_FROM_STEP @16 MD-JJ-K4080-8132 #
face $1750 -1 $-1 $1751 $1752 $4 $-1 $1753 reversed single #
loop $-1 -1 $-1 $-1 $1544 $1104 #
cone-surface $-1 -1 $-1 -7.343112827707004797 -0.460942904705007428 3.968250771919792363 0.7426883090171003676 -0.6687195570917208176 0.03504610695031607631 0.6691306063588577935 0.7431448254773942441 6.938893903907225296e-18 1 I I 0 1 0.999999999999999778 forward I I I I #
coedge $-1 -1 $-1 $1683 $1315 $1740 $1754 reversed $1105 $-1 #
coedge $-1 -1 $-1 $1107 $1755 $1741 $1756 reversed $806 $-1 #
edge $1757 -1 $-1 $1322 -3.141592653589793116 $1758 -1.570796326794896558 $1107 $1759 forward @7 unknown #
coedge $-1 -1 $-1 $1108 $1760 $1761 $1762 reversed $37 $-1 #
coedge $-1 -1 $-1 $1763 $1764 $1108 $1425 reversed $1765 $-1 #
edge $-1 -1 $-1 $1766 -2.905278310096841565 $1427 -1.64482745040171574 $1424 $1767 forward @7 unknown #
coedge $-1 -1 $-1 $1557 $1109 $1764 $1768 forward $914 $-1 #
vertex $-1 -1 $-1 $1768 $1769 #
straight-curve $-1 -1 $-1 1 2.298097038856280694 8.447592220716959588 0 10 -2.184800994242131517e-20 F -10000.22981070388596 F 9999.770191296114717 #
tcoedge-coedge $-1 -1 $-1 $1770 $1111 $1771 $1772 forward $1113 $1773 1.641244522781521775 3.1731378423302945 #
edge $1774 -1 $-1 $1775 -0.006351776411669596799 $1114 0.0004166333501233571938 $1111 $1776 forward @7 tangent #
coedge $-1 -1 $-1 $1112 $1770 $1777 $1778 reversed $1113 $-1 #
face $1779 -1 $-1 $1780 $1113 $4 $-1 $1781 reversed single #
point $-1 -1 $-1 1 4.938091065349538233 8.447592220716959588 #
coedge $-1 -1 $-1 $1777 $1782 $1116 $1435 reversed $1783 $-1 #
edge $1784 -1 $-1 $1436 -0.000316084937806883912 $1785 0.006402917395960294224 $1116 $1786 forward @7 unknown #
vertex $-1 -1 $-1 $1117 $1787 #
ellipse-curve $-1 -1 $-1 -16.83897649135914421 24.80840657637573088 10.38386570930939357 -0.03700710955926812123 0.03700710955926809348 -0.9986295347545739443 38.77098456759518541 -43.06363473051371216 -3.032618820802646109 0.01723404805514876931 I I #
coedge $-1 -1 $-1 $1788 $1121 $1118 $1439 reversed $1444 $-1 #
edge $-1 -1 $-1 $1785 -1.096030840553190222 $1124 -1.073607206367737765 $1438 $1789 forward @7 unknown #
coedge $-1 -1 $-1 $1790 $1120 $1791 $1792 forward $270 $-1 #
coedge $-1 -1 $-1 $1793 $1794 $1120 $1442 reversed $1795 $-1 #
edge $-1 -1 $-1 $1445 0.2639994026493254209 $1796 6.66978897312826291 $1441 $1797 reversed @7 unknown #
coedge $-1 -1 $-1 $1121 $1798 $1793 $1799 reversed $1444 $-1 #
loop $-1 -1 $-1 $-1 $1788 $1800 #
vertex $-1 -1 $-1 $1799 $1801 #
ellipse-curve $-1 -1 $-1 -4.996216033328502171 -1.000000000000000666 9.448964566714879609 -1.224606353822377258e-16 1 0 1.49373303551370018 2.774176698892959986e-16 -0.07048653800288648408 0.6687195570917205956 I I #
point $-1 -1 $-1 -3.680732930107884826 -1.000000000000000444 8.939843636444072317 #
DXID-attrib $-1 -1 $-1 $-1 $1127 @18 ASM_EDGE_FROM_STEP @4 1083 #
vertex $-1 -1 $-1 $1127 $1802 #
straight-curve $-1 -1 $-1 -4.443411106686101952 2.977046721547440544 6.713123799578011308 -742.1291552046839115 668.2160927376365862 -52.26442768871404354 F -0.00271105540142877301 F -0.0007055697737976394284 #
point $-1 -1 $-1 -3.919787206519700362 2.505573644146603662 6.75 #
DXID-attrib $-1 -1 $-1 $-1 $1133 @18 ASM_EDGE_FROM_STEP @4 1226 #
straight-curve $-1 -1 $-1 -2.505573644146604551 1.091360081773507629 6.854815558566081712 -707.1067811865474368 -707.1067811865476642 1.042737293207687427e-14 F -0.001895184441433917042 F -0.0001048155585660836365 #
DXID-attrib $-1 -1 $-1 $-1 $1135 @18 ASM_FACE_FROM_STEP @16 MD-JJ-K4080-2558 #
plane-surface $-1 -1 $-1 -2.505573644146604551 1.091360081773507629 -6.75 -0.7071067811865476838 0.7071067811865474617 0 -0.7071067811865474617 -0.7071067811865476838 0 forward_v I I I I #
DXID-attrib $-1 -1 $-1 $-1 $1140 @18 ASM_FACE_FROM_STEP @16 MD-JJ-K4080-2333 #
loop $-1 -1 $-1 $-1 $1803 $1140 #
plane-surface $-1 -1 $-1 -48.00000000000001421 8.499999999999975131 4.5 -1.815768238646596461e-17 -0.0523359562429439526 -0.9986295347545739443 0 0.9986295347545739443 -0.0523359562429439526 forward_v I I I I #
coedge $-1 -1 $-1 $1804 $1805 $1806 $1807 forward $1141 $-1 #
coedge $-1 -1 $-1 $1409 $1150 $1143 $1461 reversed $1470 $-1 #
edge $1808 -1 $-1 $1745 -0.5346481360952721751 $1463 0.2621481360952721551 $1143 $1809 forward @7 unknown #
DXID-attrib $-1 -1 $-1 $-1 $1144 @18 ASM_EDGE_FROM_STEP @4 3730 #
vertex $-1 -1 $-1 $1144 $1810 #
straight-curve $-1 -1 $-1 -0.04658929987062736255 6.412307895922948475 -4.025206946997185398 -669.1051976985124838 743.1166063012295808 -8.714576993627556334 I I #
coedge $-1 -1 $-1 $1150 $1409 $1148 $1466 forward $1470 $-1 #
edge $1811 -1 $-1 $1412 -0.5346481360952720641 $1153 0.2621481360952721551 $1148 $1812 reversed @7 unknown #
DXID-attrib $-1 -1 $-1 $-1 $1149 @18 ASM_FACE_FROM_STEP @16 MD-JJ-K4080-8049 #
face $1813 -1 $-1 $1100 $1470 $4 $-1 $1814 reversed single #
plane-surface $-1 -1 $-1 -1.586334828604098801 4.839026022062205001 -6.75 -0.6691306063588581265 -0.7431448254773943551 0 0.7431448254773943551 -0.6691306063588581265 0 forward_v I I I I #
loop $-1 -1 $-1 $-1 $1150 $1468 #
DXID-attrib $-1 -1 $-1 $-1 $1151 @18 ASM_EDGE_FROM_STEP @4 8555 #
straight-curve $-1 -1 $-1 -1.473022840162363734 -1.694848247110421813 -3.983981360952721484 -7.071067811865432873 -7.071067811865519026 5.377847547484063884e-16 F -14142.3439420330742 F 14141.8959374073529 #
point $-1 -1 $-1 1.911440435324220033 1.689615028376203698 -3.983981360952721484 #
DXID-attrib $-1 -1 $-1 $-1 $1156 @18 ASM_FACE_FROM_STEP @15 MD-JJ-K4080-514 #
face $1815 -1 $-1 $1520 $1816 $4 $-1 $1817 forward single #
loop $-1 -1 $-1 $-1 $1818 $1156 #
plane-surface $-1 -1 $-1 -4 65.35786437626903478 -8.5 1 1.2224611903437405e-16 0 -1.222461190343740747e-16 1 0 forward_v I I I I #
coedge $-1 -1 $-1 $1819 $1158 $1820 $1821 reversed $37 $-1 #
coedge $-1 -1 $-1 $1822 $1823 $1158 $1480 reversed $1824 $-1 #
edge $1825 -1 $-1 $1485 -1.518734446732169951 $1826 -1.287500000000000089 $1158 $1827 reversed @7 unknown #
coedge $-1 -1 $-1 $1828 $1159 $1162 $1489 forward $1483 $-1 #
coedge $-1 -1 $-1 $1159 $1829 $1822 $1830 reversed $1483 $-1 #
loop $-1 -1 $-1 $-1 $1831 $1832 #
DXID-attrib $-1 -1 $-1 $-1 $1160 @18 ASM_EDGE_FROM_STEP @4 8268 #
vertex $-1 -1 $-1 $1830 $1833 #
straight-curve $-1 -1 $-1 0.999999999999999778 38.38989991583331829 -9.979467177098396036 -0 -9.996568547876270472 -0.2619489790224465708 F -9999.592323239816324 F 10007.27293878943783 #
tcoedge-coedge $-1 -1 $-1 $1834 $1161 $1835 $1836 forward $1163 $1837 4.786420103991495978 6.283185307179584456 #
coedge $-1 -1 $-1 $1162 $1838 $1839 $1840 reversed $1163 $-1 #
edge $-1 -1 $-1 $1164 1.283919223758568817 $1841 1.299734739545215678 $1162 $1842 forward @7 unknown #
face $1843 -1 $-1 $1844 $1163 $4 $-1 $1845 reversed single #
point $-1 -1 $-1 1 70.30536504140928855 -9.143157851090000676 #
coedge $-1 -1 $-1 $1846 $1847 $1166 $1493 reversed $1848 $-1 #
edge $1849 -1 $-1 $1177 -0.05403107690406849101 $1495 0.0004738320218785308196 $1166 $1850 forward @14 tangent_not_g2 #
DXID-attrib $-1 -1 $-1 $-1 $1167 @18 ASM_EDGE_FROM_STEP @4 1704 #
tvertex-vertex $-1 -1 $-1 $1167 $1851 1.000183102671940859e-11 #
straight-curve $-1 -1 $-1 0.6800049606406994851 68.67599173077957175 -8.464362450111369895 706.6217501846249434 706.6217501846233517 37.03247672027219295 I I #
DXID-attrib $-1 -1 $-1 $-1 $1168 @18 ASM_FACE_FROM_STEP @16 MD-JJ-K4080-1421 #
face $1852 -1 $-1 $901 $1853 $4 $-1 $1854 reversed single #
plane-surface $-1 -1 $-1 2.699816011911280787e-18 4.596194077712561388 -8.5 0.0523359562429439526 2.181806800411350207e-21 -0.9986295347545739443 -0.9986295347545739443 2.350988701644575016e-38 -0.0523359562429439526 forward_v I I I I #
coedge $-1 -1 $-1 $1855 $1856 $1170 $1501 forward $1514 $-1 #
edge $1857 -1 $-1 $1510 -0.005823259987542944022 $1503 0.0001847132434397162799 $1170 $1858 forward @7 tangent #
coedge $-1 -1 $-1 $1171 $1859 $1855 $1860 forward $1186 $-1 #
vertex $-1 -1 $-1 $1172 $1861 #
ellipse-curve $-1 -1 $-1 0.8541539616507636268 5.158194468757423046 -9.456608033701993321 -0.7071067811865477948 0.7071067811865473507 0 -0.5885975400626373144 -0.5885975400626376475 0.5577504500965170253 0.99801607314558205 I I #
coedge $-1 -1 $-1 $1862 $1173 $1863 $1864 reversed $1507 $1865 #
coedge $-1 -1 $-1 $1173 $1862 $1846 $1866 forward $1507 $1867 #
loop $-1 -1 $-1 $-1 $1506 $1868 #
pcurve $-1 -1 $-1 0 forward { exppc nubs 3 open 2 
	-4.641940784398065567 3 -3.110047464849292176 3 
	1.641244522781521109 0.9999999999999980016 
	2.102168378714331709 1 
	2.712193568680538291 1 
	3.173137842330293612 0.9999999999999966693 
	0.01000000000000000021 
	spline forward { exactsur full nurbs 3 2 both open open none none 3 2 
	1.641244522781521109 3 2.407191182555907361 2 3.173137842330293612 3 
	0 2 1 2 
	-3.999999999999994671 9.964909866070380318 -9.184113400489604118 1 
	-3.999999999999994671 9.773739454970998608 -9.184113400566706886 1 
	-3.999999999999994671 9.58767142429917385 -9.235325532377858693 1 
	-3.999999999999994671 9.323164516293124038 -9.412558091180317277 1 
	-3.999999999999994671 9.246734075509754902 -9.537232767682276346 1 
	-3.999999999999994671 9.246734075127559294 -9.665326288494087592 1 
	-3.999999999999994227 9.964909866070376765 -8.709631117132161648 0.725374371012286745 
	-3.999999999999994671 9.716149912654326926 -8.792067407893121356 0.7908344210908871963 
	-3.999999999999994227 9.472373172034767919 -8.927460469538480936 0.8447643719906623438 
	-3.999999999999994671 9.15244724002184995 -9.260350926922335191 0.9169736420389986709 
	-3.999999999999994227 9.057368056150574276 -9.464445733697486318 0.935316711993665062 
	-3.999999999999994671 9.054802057609844468 -9.665326288494087592 0.9335804264972007438 
	-3.526167978121465651 9.964909866070378541 -8.684798633112317034 1 
	-3.621099108652126031 9.688055882155413912 -8.689773762848258087 1 
	-3.712323316167341236 9.417179430664035067 -8.796978884757521655 1 
	-3.839537098871235177 9.029450833781528019 -9.158110994208087163 1 
	-3.874573849006607063 8.915502204629738969 -9.409344836005926638 1 
	-3.87157241273869035 8.912168771948126178 -9.665326288494087592 1 
	0 
	
	0 
	1 2.407191182555907361 
	0 
	0 
	0 
	0 
	F 1 F 0 F 1 F 0 } I I I I 
	} 0 0 #
DXID-attrib $-1 -1 $-1 $-1 $1174 @18 ASM_EDGE_FROM_STEP @4 9030 #
tvertex-vertex $-1 -1 $-1 $1501 $1869 1.000502429586778671e-11 #
intcurve-curve $-1 -1 $-1 forward { parcur full nubs 3 open 3 
	3.110047464849292176 3 3.875986823280502591 3 4.641940784398065567 3 
	-3.871572412738690794 8.912168771948127954 -9.665326288494087592 
	-3.874281769169741985 8.915177817107588609 -9.434255250290789263 
	-3.842631725257045439 9.020018875066501352 -9.166895961771469814 
	-3.775930207519289095 9.223315132222781543 -8.977544939482806186 
	-3.709227418112527097 9.426615265236135244 -8.788190307203930018 
	-3.611858879587669158 9.715003778114112976 -8.689289502962925127 
	-3.526167978121467428 9.964909866070378541 -8.684798633112318811 
	0.002194914563435720889 
	
	spline forward { ref 10 } I I I I 
	null_surface 
	nubs 3 open 2 
	3.110047464849292176 3 4.641940784398065567 3 
	3.173137842330293612 0.9999999999999966693 
	2.712193568680538291 1 
	2.102168378714331709 1 
	1.641244522781521109 0.9999999999999980016 
	
	nullbs 
	I I 
	0 
	1 3.875986823280502591 
	0 
	surf1 } F 3.110047464849292176 F 4.641940784398065567 #
point $-1 -1 $-1 -3.526167978121466096 9.964909866070380318 -8.684798633112318811 #
DXID-attrib $-1 -1 $-1 $-1 $1180 @18 ASM_FACE_FROM_STEP @15 MD-JJ-K4080-676 #
loop $-1 -1 $-1 $-1 $1855 $1180 #
plane-surface $-1 -1 $-1 0.1460767853029517616 4.450117292409610847 -9 0.7431448254773941331 0.6691306063588583486 0 -0.6691306063588584596 0.7431448254773941331 0 forward_v I I I I #
coedge $-1 -1 $-1 $1182 $1531 $1870 $1871 reversed $882 $-1 #
edge $-1 -1 $-1 $1183 0.1173964654583380812 $1872 0.5894224891008271738 $1182 $1873 forward @7 unknown #
point $-1 -1 $-1 -4.527546310060833079 -0.2235058029541761027 -9 #
coedge $-1 -1 $-1 $1874 $1185 $1875 $1876 forward $1186 $-1 #
face $1877 -1 $-1 $605 $1186 $4 $-1 $1878 forward single #
coedge $-1 -1 $-1 $1879 $1880 $1881 $1882 forward $1191 $-1 #
coedge $-1 -1 $-1 $1194 $1883 $1884 $1885 forward $627 $-1 #
coedge $-1 -1 $-1 $1886 $1673 $1194 $1524 reversed $1853 $-1 #
edge $1887 -1 $-1 $1888 -0.5458643636254695286 $1525 0.9424716329316334962 $1523 $1889 forward @7 unknown #
vertex $-1 -1 $-1 $1195 $1890 #
straight-curve $-1 -1 $-1 -6.502489278512372017 -0.07712842784606815938 -4.949508253528856372 -7.066217501846240978 -7.066217501846240978 -0.3703247672027212833 I I #
coedge $-1 -1 $-1 $1197 $1891 $1892 $1893 forward $270 $-1 #
coedge $-1 -1 $-1 $1199 $1198 $1894 $1895 forward $1200 $-1 #
face $1896 -1 $-1 $1897 $1200 $4 $-1 $1898 forward single #
point $-1 -1 $-1 -68.99598677013889869 -1.000000000000007994 -8.447592220716957812 #
coedge $-1 -1 $-1 $1516 $1203 $1899 $1900 forward $882 $-1 #
tcoedge-coedge $-1 -1 $-1 $1901 $1902 $1203 $1533 reversed $1903 $1904 -6.28318530717958712 -4.782837176371312893 #
tedge-edge $1905 -1 $-1 $1536 4.782837176371312893 $1906 6.28318530717958712 $1532 $1907 forward @14 tangent_not_g2 0.001204237255284948058 #
pcurve $-1 -1 $-1 0 forward { exppc nubs 3 open 3 
	4.782837176371312893 3 5.533027665045080923 3 6.28318530717958712 3 
	-6.540427282026922917 1.531893319548770949 
	-6.414401141479126878 1.304632973859273681 
	-6.272062013528900692 1.043455768453108723 
	-6.172861189197532461 0.7817192541446376097 
	-6.07366470830135885 0.5199941997771058144 
	-6.023634580028121022 0.2587955839985343065 
	-6.023634579775348108 0.03154518874050254995 
	0.000972494697737632174 
	cone -5.107410987732501795 -0.8998796133491260285 -9.454211653840211227 0.7426883090171004786 -0.6687195570917205956 0.03504610695031603468 0.6691306063588576825 0.7431448254773944662 0 1 I I 0 1 0.999999999999999889 forward I I I I 
	} 0 0 #
DXID-attrib $-1 -1 $-1 $-1 $1204 @18 ASM_EDGE_FROM_STEP @4 7873 #
tvertex-vertex $-1 -1 $-1 $1204 $1908 1.000183102671940859e-11 #
straight-curve $-1 -1 $-1 -5.25643226519177631 -0.7133642961954195227 -8.462614161416588843 742.6883090171004369 -668.7195570917207306 35.0461069503160374 I I #
DXID-attrib $-1 -1 $-1 $-1 $1205 @18 ASM_FACE_FROM_STEP @16 MD-JJ-K4080-8848 #
face $1909 -1 $-1 $1910 $1650 $4 $-1 $1911 reversed single #
cone-surface $-1 -1 $-1 -5.107410987732501795 -0.8998796133491260285 -9.454211653840211227 0.7426883090171004786 -0.6687195570917205956 0.03504610695031603468 0.6691306063588576825 0.7431448254773944662 0 1 I I 0 1 0.999999999999999889 forward I I I I #
DXID-attrib $-1 -1 $-1 $-1 $1207 @18 ASM_EDGE_FROM_STEP @4 4889 #
straight-curve $-1 -1 $-1 -2.431457851910670875 1.16547587400944086 -6.75 0 0 1000 F -0.0001048155585660826065 F 0.01360481555856608328 #
coedge $-1 -1 $-1 $1883 $1213 $1912 $1913 reversed $627 $-1 #
coedge $-1 -1 $-1 $1326 $1914 $1213 $1545 reversed $1418 $-1 #
edge $1915 -1 $-1 $1333 -0.942467512194201773 $1916 0.5458685213118317225 $1544 $1917 forward @7 unknown #
DXID-attrib $-1 -1 $-1 $-1 $1215 @18 ASM_FACE_FROM_STEP @16 MD-JJ-K4080-2998 #
face $1918 -1 $-1 $1919 $1920 $4 $-1 $1921 reversed single #
loop $-1 -1 $-1 $-1 $1922 $1215 #
plane-surface $-1 -1 $-1 -48.00000000000001421 8.499999999999975131 -4.5 -1.815768238646596461e-17 -0.0523359562429439526 0.9986295347545739443 0 -0.9986295347545739443 -0.0523359562429439526 forward_v I I I I #
DXID-attrib $-1 -1 $-1 $-1 $1218 @18 ASM_FACE_FROM_STEP @16 MD-JJ-K4080-6636 #
cone-surface $-1 -1 $-1 -5.08077708060770572 48.92139751417367677 3.677821534081108013 0.7066217501846249194 -0.706621750184623254 0.03703247672027216997 0.7071067811865451302 0.7071067811865467956 -9.020562075079374704e-17 1 I I 0 1 0.9999999999999977796 forward I I I I #
DXID-attrib $-1 -1 $-1 $-1 $1222 @18 ASM_FACE_FROM_STEP @16 MD-JJ-K4080-7449 #
face $1923 -1 $-1 $1924 $1925 $4 $-1 $1926 reversed single #
loop $-1 -1 $-1 $-1 $1927 $1222 #
plane-surface $-1 -1 $-1 7.155734338404329264e-15 74.5 -6.75 -0.7071067811865526798 0.7071067811865424657 0 -0.7071067811865425767 -0.7071067811865526798 0 forward_v I I I I #
coedge $-1 -1 $-1 $1928 $1929 $1930 $1931 reversed $1226 $-1 #
coedge $-1 -1 $-1 $1228 $1426 $1932 $1933 forward $914 $-1 #
coedge $-1 -1 $-1 $1230 $1229 $1934 $1935 forward $641 $-1 #
coedge $-1 -1 $-1 $1936 $1937 $1229 $1560 reversed $1938 $-1 #
edge $1939 -1 $-1 $1566 -0.006410214354201429487 $1940 0.0003581954075915235293 $1559 $1941 forward @7 tangent #
coedge $-1 -1 $-1 $1942 $1943 $1230 $1562 reversed $1944 $-1 #
edge $1945 -1 $-1 $1946 -0.005952509864949941457 $1567 0.0004528519526545772859 $1561 $1947 forward @7 tangent #
coedge $-1 -1 $-1 $1948 $1231 $1943 $1949 forward $1565 $-1 #
coedge $-1 -1 $-1 $1231 $1950 $1936 $1951 forward $1565 $-1 #
loop $-1 -1 $-1 $-1 $1950 $1952 #
vertex $-1 -1 $-1 $1560 $1953 #
vertex $-1 -1 $-1 $1949 $1954 #
straight-curve $-1 -1 $-1 1 2.298097038856280694 15.55240777928304219 -0 -10 -2.184800994242131517e-20 F -9999.770191296114717 F 10000.22981070388596 #
DXID-attrib $-1 -1 $-1 $-1 $1234 @18 ASM_FACE_FROM_STEP @16 MD-JJ-K4080-6173 #
face $1955 -1 $-1 $1956 $1957 $4 $-1 $1958 reversed single #
loop $-1 -1 $-1 $-1 $1959 $1234 #
cone-surface $-1 -1 $-1 -68.49281605618332947 -0.5491652422873785078 14.52740818480979712 -0.7066217501846235871 -0.7066217501846248084 0.03703247672027218385 0.7071067811865466846 -0.7071067811865454633 -8.326672684688654332e-17 1 I I 0 1 0.9999999999999980016 forward I I I I #
coedge $-1 -1 $-1 $1791 $1960 $1961 $1962 reversed $1235 $-1 #
coedge $-1 -1 $-1 $1963 $1237 $1964 $1965 reversed $919 $-1 #
coedge $-1 -1 $-1 $1237 $1662 $1238 $1578 reversed $919 $-1 #
coedge $-1 -1 $-1 $1240 $1966 $1237 $1577 forward $1248 $-1 #
edge $-1 -1 $-1 $1967 2.5216152816653854 $1579 3.089304402611744216 $1237 $1968 forward @7 unknown #
edge $1969 -1 $-1 $1579 -0.009303559999903327979 $1666 -0.0004482783937159141798 $1575 $1970 forward @7 tangent #
vertex $-1 -1 $-1 $1241 $1971 #
straight-curve $-1 -1 $-1 -68.00000000000001421 -0.8431457505076850323 -5.625 0 0 10 I I #
edge $1972 -1 $-1 $1973 -3.141592653589793116 $1583 -1.570796326794896558 $1311 $1974 forward @7 unknown #
DXID-attrib $-1 -1 $-1 $-1 $1243 @18 ASM_EDGE_FROM_STEP @4 9400 #
vertex $-1 -1 $-1 $1313 $1975 #
straight-curve $-1 -1 $-1 -68.00000000000001421 8.918042128461479479 3.476718994402658858 0 -998.6295347545740242 52.33595624294395776 I I #
coedge $-1 -1 $-1 $1803 $1976 $1244 $1586 forward $1457 $-1 #
edge $1977 -1 $-1 $1589 -0.00951303728698022974 $1973 -0.0005006861729989508548 $1244 $1978 forward @7 tangent #
coedge $-1 -1 $-1 $1979 $1245 $1976 $1980 forward $270 $-1 #
coedge $-1 -1 $-1 $1245 $1981 $1247 $1592 reversed $270 $-1 #
vertex $-1 -1 $-1 $1586 $1982 #
ellipse-curve $-1 -1 $-1 -67.00000000000001421 -1.00000000000000755 3.996501557190971887 -1.224606353822377258e-16 1 0 0 0 -1.001372345997921354 0.9986295347545740553 I I #
coedge $-1 -1 $-1 $1983 $1247 $1984 $1985 forward $1248 $-1 #
edge $1986 -1 $-1 $1250 -0.1590075474567551606 $1987 -0.0374999999999999778 $1588 $1988 reversed @7 unknown #
face $1989 -1 $-1 $1990 $1248 $4 $-1 $1991 reversed single #
point $-1 -1 $-1 -68.00000000000001421 -0.8431457505076889181 3.98828117430397322 #
point $-1 -1 $-1 -67.84314575050770202 -1.000000000000007772 4.534924525432448839 #
coedge $-1 -1 $-1 $1992 $1252 $1277 $1628 reversed $1598 $-1 #
coedge $-1 -1 $-1 $1252 $1992 $1255 $1604 forward $1598 $-1 #
loop $-1 -1 $-1 $-1 $1597 $1993 #
DXID-attrib $-1 -1 $-1 $-1 $1253 @18 ASM_EDGE_FROM_STEP @4 4711 #
straight-curve $-1 -1 $-1 -65.50431098567577237 3.853553390593282391 -9.673945567012118829 0 0 1000 F -0.004659783807558302154 F 7.674941582536120454e-06 #
DXID-attrib $-1 -1 $-1 $-1 $1254 @18 ASM_EDGE_FROM_STEP @4 9576 #
straight-curve $-1 -1 $-1 -64.67599173077958596 3.319995039359313616 -8.673993567243535097 706.6217501846235791 706.621750184624716 -37.03247672027218584 I I #
coedge $-1 -1 $-1 $1256 $1255 $1994 $1995 reversed $1257 $1996 #
edge $1997 -1 $-1 $1998 1.570796326794896558 $933 2.356194490192364377 $1255 $1999 forward @14 tangent_not_g2 #
pcurve $-1 -1 $-1 0 forward { exppc nubs 1 open 2 
	-2.356194490192361268 1 -1.570796326794896558 1 
	3.178608215393201153 1 
	3.178608215393201153 1.633990551984146195e-14 
	4.490767551888985127e-13 
	spline reversed { ref 4 } I I I I 
	} 0 0 #
coedge $-1 -1 $-1 $2000 $1894 $1256 $1607 reversed $2001 $-1 #
edge $2002 -1 $-1 $2003 1.570796326794896558 $1260 3.089232776029963379 $1606 $2004 forward @14 tangent_not_g2 #
pcurve $-1 -1 $-1 0 forward { exppc nubs 1 open 2 
	1.570796326794896558 1 3.089232776029963379 1 
	1.644827450401701308 0 
	1.644827450401701308 0.9999999999999911182 
	1.821350412384271096e-14 
	spline reversed { ref 4 } I I I I 
	} 0 0 #
face $2005 -1 $-1 $2006 $1257 $4 $-1 $2007 reversed single #
point $-1 -1 $-1 -64.46981879201742061 3.526167978121482527 -8.684798633112318811 #
coedge $-1 -1 $-1 $1266 $1264 $2008 $2009 reversed $938 $-1 #
coedge $-1 -1 $-1 $1892 $2010 $1264 $1613 forward $2011 $-1 #
edge $2012 -1 $-1 $2013 -0.006081078412250842148 $1615 0.001469193591343574733 $1612 $2014 forward @7 unknown #
DXID-attrib $-1 -1 $-1 $-1 $1265 @18 ASM_EDGE_FROM_STEP @4 7951 #
vertex $-1 -1 $-1 $1893 $2015 #
straight-curve $-1 -1 $-1 -38.38989991583331829 -1.000000000000004441 -9.979467177098399588 -9.996568547876270472 -1.224186136015021987e-15 0.2619489790224470704 F -10007.27293878943783 F 9999.592323239816324 #
coedge $-1 -1 $-1 $2016 $1269 $1266 $1618 reversed $724 $-1 #
edge $-1 -1 $-1 $2017 -0.2127919644684460876 $1272 -0.1434650117298316152 $1617 $2018 forward @7 unknown #
DXID-attrib $-1 -1 $-1 $-1 $1267 @18 ASM_FACE_FROM_STEP @16 MD-JJ-K4080-1367 #
face $2019 -1 $-1 $2020 $2021 $4 $-1 $2022 reversed single #
plane-surface $-1 -1 $-1 -76 3.54020202535533457 -9.199999999999999289 -0.02616797812147205263 -0.0453242676377401954 -0.9986295347545739443 0 0.9989716227690165207 -0.0453397938045344423 forward_v I I I I #
straight-curve $-1 -1 $-1 -78.51041132207055284 4.989588677929451599 4.900000000000001243 0 0 -10 I I #
point $-1 -1 $-1 -78.51041132207055284 4.989588677929451599 -9.199999999999999289 #
coedge $-1 -1 $-1 $1277 $1276 $2023 $2024 reversed $1278 $2025 #
coedge $-1 -1 $-1 $1283 $2026 $1276 $1626 reversed $1634 $-1 #
edge $2027 -1 $-1 $953 0.05235987755982524777 $2028 1.570796326794896558 $1625 $2029 forward @14 tangent_not_g2 #
pcurve $-1 -1 $-1 0 forward { exppc nubs 1 open 2 
	0.05235987755982501879 1 1.570796326794896558 1 
	4.638357856777868271 1 
	4.638357856777885146 0 
	1.012873934524887369e-14 
	spline reversed { ref 7 } I I I I 
	} 0 0 #
edge $2030 -1 $-1 $2031 1.570796326794896558 $961 2.356194490192363933 $1596 $2032 forward @14 tangent_not_g2 #
pcurve $-1 -1 $-1 0 forward { exppc nubs 1 open 2 
	1.570796326794896558 1 2.356194490192359936 1 
	3.104577091786388632 1.052085781809122657e-30 
	3.104577091786388632 1 
	4.403045946278567122e-13 
	spline reversed { ref 7 } I I I I 
	} 0 0 #
face $2033 -1 $-1 $-1 $1278 $4 $-1 $2034 reversed single #
coedge $-1 -1 $-1 $1291 $2035 $1282 $1632 reversed $1650 $-1 #
edge $2036 -1 $-1 $1293 -0.0004166333501233601211 $1636 0.006351776411669602003 $1631 $2037 forward @7 tangent #
coedge $-1 -1 $-1 $2026 $1283 $2038 $2039 forward $1634 $-1 #
loop $-1 -1 $-1 $-1 $1633 $2040 #
DXID-attrib $-1 -1 $-1 $-1 $1284 @18 ASM_EDGE_FROM_STEP @4 8102 #
tvertex-vertex $-1 -1 $-1 $2041 $2042 1.000320237283398938e-11 #
straight-curve $-1 -1 $-1 -4.596194077712561388 3.526167978121466096 -15.31520136688768297 -1000 2.750537678273415996e-13 3.88639087983618462e-15 F 0.0053687157883578248 F 0.05987362471430487942 #
DXID-attrib $-1 -1 $-1 $-1 $1285 @18 ASM_FACE_FROM_STEP @16 MD-JJ-K4080-2623 #
plane-surface $-1 -1 $-1 -4.596194077712562276 8.673617379884035472e-16 -15.5 -1.051413724126338789e-17 -0.0523359562429439526 0.9986295347545739443 0 -0.9986295347545739443 -0.0523359562429439526 forward_v I I I I #
coedge $-1 -1 $-1 $1646 $1287 $2043 $2044 forward $667 $-1 #
coedge $-1 -1 $-1 $2045 $2046 $1287 $1642 reversed $2047 $-1 #
edge $-1 -1 $-1 $1644 -41.21988173499140373 $2048 38.78920363276319705 $1287 $2049 forward @7 tangent #
coedge $-1 -1 $-1 $1288 $1660 $2045 $2050 reversed $1304 $-1 #
vertex $-1 -1 $-1 $1289 $2051 #
straight-curve $-1 -1 $-1 -79 -1.000000000000009326 19 0 0 10 I I #
coedge $-1 -1 $-1 $1290 $1640 $2052 $2053 forward $667 $-1 #
coedge $-1 -1 $-1 $1880 $2054 $1290 $1648 forward $1191 $-1 #
edge $2055 -1 $-1 $1651 -0.3046428334276492511 $2056 0.1637517489550321392 $1290 $2057 forward @7 unknown #
coedge $-1 -1 $-1 $2058 $1291 $2054 $2059 reversed $1650 $-1 #
loop $-1 -1 $-1 $-1 $2058 $1539 #
vertex $-1 -1 $-1 $1648 $2060 #
ellipse-curve $-1 -1 $-1 -4.996216033328502171 -1.000000000000000666 -14.55103543328512217 -1.224606353822377258e-16 1 0 1.49373303551370018 2.774176698892959986e-16 -0.07048653800288648408 0.6687195570917205956 I I #
point $-1 -1 $-1 -4.938091065349535569 -1.000000000000000666 -15.55240777928304219 #
DXID-attrib $-1 -1 $-1 $-1 $1296 @18 ASM_FACE_FROM_STEP @28 MD-JJ-K4080-4961-dup-dxid-27 #
face $2061 -1 $-1 $2062 $2063 $4 $-1 $2064 reversed single #
plane-surface $-1 -1 $-1 -79 -9.307008289050067162e-15 19 1 0 0 0 0 -1 forward_v I I I I #
coedge $-1 -1 $-1 $1299 $2065 $2066 $2067 forward $724 $-1 #
edge $2068 -1 $-1 $1300 3.383504982865549238 $2069 3.800000000000000266 $1299 $2070 forward @7 unknown #
point $-1 -1 $-1 -79 4.499999999999992895 -14.83504982865549238 #
coedge $-1 -1 $-1 $1643 $1303 $2071 $2072 forward $1304 $-1 #
coedge $-1 -1 $-1 $2073 $1310 $2074 $2075 reversed $684 $-1 #
coedge $-1 -1 $-1 $1575 $1963 $1310 $1663 reversed $919 $-1 #
edge $2076 -1 $-1 $1666 -1.570796326794896558 $2077 0 $1310 $2078 forward @7 unknown #
coedge $-1 -1 $-1 $1311 $2079 $1803 $2080 forward $684 $-1 #
DXID-attrib $-1 -1 $-1 $-1 $1313 @18 ASM_EDGE_FROM_STEP @4 2367 #
vertex $-1 -1 $-1 $1313 $2081 #
straight-curve $-1 -1 $-1 -68.00000000000001421 7.99999999999998046 -4.5 0 0 1000 F -99.99550001000000066 F 100.0045000100000152 #
coedge $-1 -1 $-1 $1741 $1740 $1314 $1669 reversed $1089 $-1 #
edge $2082 -1 $-1 $1758 0.0009751684563564005839 $1671 0.008024831543643601989 $1668 $2083 forward @7 unknown #
DXID-attrib $-1 -1 $-1 $-1 $1316 @18 ASM_EDGE_FROM_STEP @4 1057 #
vertex $-1 -1 $-1 $1669 $2084 #
ellipse-curve $-1 -1 $-1 -13.00000000000000888 7.999999999999991118 3.524831543643600629 1.324368253553623314e-16 -1 0 3.170029583496438792e-17 0 1.001372345997921354 0.9986295347545740553 I I #
coedge $-1 -1 $-1 $1523 $2085 $1317 $1674 reversed $1853 $-1 #
edge $2086 -1 $-1 $1525 -0.007498275475741012983 $1677 0.0004792316356404603445 $1673 $2087 forward @7 tangent #
coedge $-1 -1 $-1 $1755 $1318 $2085 $2088 reversed $806 $-1 #
DXID-attrib $-1 -1 $-1 $-1 $1319 @18 ASM_EDGE_FROM_STEP @4 6336 #
vertex $-1 -1 $-1 $1674 $2089 #
straight-curve $-1 -1 $-1 -13.00000000000000888 8.499999999999992895 -4.5 -6.048776778683659185e-13 998.6295347545740242 52.33595624294395776 I I #
point $-1 -1 $-1 -13.00000000000000888 7.99999999999999023 -4.526203889641521094 #
coedge $-1 -1 $-1 $2090 $1326 $1328 $1684 forward $1418 $-1 #
DXID-attrib $-1 -1 $-1 $-1 $1327 @18 ASM_EDGE_FROM_STEP @4 6478 #
straight-curve $-1 -1 $-1 -14.34839975626202602 5.898981733475671341 4.636313591223165886 742.6883090171003232 -668.7195570917208443 35.04610695031607293 I I #
coedge $-1 -1 $-1 $1328 $1420 $2091 $2092 reversed $1105 $-1 #
edge $2093 -1 $-1 $1330 -1.570796326794652753 $2094 -0.03890300724592255649 $1328 $2095 forward @7 unknown #
point $-1 -1 $-1 -13.00000000000000711 4.68487713960712604 4.699942116805154058 #
point $-1 -1 $-1 -7.075198733276232055 -0.6498378826119233231 4.979522684227536189 #
DXID-attrib $-1 -1 $-1 $-1 $1341 @18 ASM_FACE_FROM_STEP @16 MD-JJ-K4080-5494 #
face $2096 -1 $-1 $2097 $2098 $4 $-1 $2099 reversed single #
loop $-1 -1 $-1 $-1 $2100 $1341 #
plane-surface $-1 -1 $-1 -4 65.35786437626903478 8.5 -1 -1.2224611903437405e-16 0 1.222461190343740747e-16 -1 0 forward_v I I I I #
coedge $-1 -1 $-1 $2101 $1343 $2102 $2103 forward $1018 $-1 #
coedge $-1 -1 $-1 $1344 $2101 $2104 $2105 forward $1018 $-1 #
coedge $-1 -1 $-1 $2106 $1347 $1344 $1694 reversed $1699 $-1 #
edge $-1 -1 $-1 $2107 -4.275000000000000355 $1349 -3.725000000000001421 $1693 $2108 forward @7 unknown #
coedge $-1 -1 $-1 $2109 $1346 $2110 $2111 forward $724 $-1 #
coedge $-1 -1 $-1 $2112 $2113 $1346 $1697 reversed $2114 $-1 #
edge $-1 -1 $-1 $1701 -5.110947882277858234 $2115 -5.041620929539240237 $1696 $2116 forward @7 unknown #
coedge $-1 -1 $-1 $1347 $2106 $2112 $2117 forward $1699 $-1 #
loop $-1 -1 $-1 $-1 $1698 $2062 #
DXID-attrib $-1 -1 $-1 $-1 $1348 @18 ASM_EDGE_FROM_STEP @4 9227 #
vertex $-1 -1 $-1 $1348 $2118 #
straight-curve $-1 -1 $-1 -4.499999999999992895 79 19 0 0 10 F -10001.90000099999997 F 9998.100001000000702 #
point $-1 -1 $-1 -4.499999999999992895 79 18 #
DXID-attrib $-1 -1 $-1 $-1 $1352 @18 ASM_FACE_FROM_STEP @16 MD-JJ-K4080-4961 #
face $2119 -1 $-1 $2120 $2121 $4 $-1 $1656 reversed single #
loop $-1 -1 $-1 $-1 $2122 $1352 #
coedge $-1 -1 $-1 $1356 $2123 $2124 $2125 reversed $724 $-1 #
coedge $-1 -1 $-1 $2126 $2102 $1356 $1709 forward $2121 $-1 #
edge $2127 -1 $-1 $1710 0.1000000000000000888 $2128 0.4164950171344510288 $1356 $2070 forward @7 unknown #
vertex $-1 -1 $-1 $1357 $2129 #
straight-curve $-1 -1 $-1 -77.875 5.624999999999991118 18 -7.071067811865475505 -7.071067811865475505 -0 I I #
coedge $-1 -1 $-1 $1365 $1381 $1361 $1713 forward $1223 $-1 #
edge $-1 -1 $-1 $1384 -0.9613281174303970333 $1368 -0.1636718825696031332 $1361 $2130 forward @7 unknown #
DXID-attrib $-1 -1 $-1 $-1 $1362 @18 ASM_FACE_FROM_STEP @16 MD-JJ-K4080-1002 #
plane-surface $-1 -1 $-1 -8.500000000000005329 68 -4.5 0 1 0 0 0 1 forward_v I I I I #
coedge $-1 -1 $-1 $1363 $1819 $1719 $2131 forward $37 $-1 #
vertex $-1 -1 $-1 $1366 $2132 #
ellipse-curve $-1 -1 $-1 0.999999999999999778 67 -3.996501557190970999 -1 0 0 0 0 1.001372345997921354 0.9986295347545740553 I I #
coedge $-1 -1 $-1 $2133 $1365 $1716 $2131 reversed $1223 $-1 #
ellipse-curve $-1 -1 $-1 1.843145750507669822 67 -4.040688953587011412 -0.7071067811865431318 -0.7071067811865520136 0 -0.9986332808385657289 0.9986332808385529614 0.1046723051337724864 0.7061377159181215779 I I #
point $-1 -1 $-1 0.8431457505076520587 68 -3.988281174303968779 #
edge $-1 -1 $-1 $1374 1.644827450401709301 $1725 3.178608215393199377 $1372 $2134 forward @7 unknown #
point $-1 -1 $-1 1 42.78828447732303175 -4.997873903188892797 #
DXID-attrib $-1 -1 $-1 $-1 $1379 @18 ASM_EDGE_FROM_STEP @4 2260 #
vertex $-1 -1 $-1 $1722 $2135 #
straight-curve $-1 -1 $-1 -5.548358993110044324 47.9747658643029169 -3.690374500531907742 -706.6217501846249434 706.6217501846232381 37.03247672027217163 I I #
coedge $-1 -1 $-1 $1381 $2136 $1731 $2137 reversed $1223 $-1 #
vertex $-1 -1 $-1 $1382 $2138 #
ellipse-curve $-1 -1 $-1 1.843145750507673153 67 4.040688953587013188 -0.7071067811865431318 -0.7071067811865520136 0 0.9986332808385657289 -0.9986332808385529614 0.1046723051337724864 0.7061377159181215779 I I #
point $-1 -1 $-1 0.8431457505076522807 68 3.988281174303970111 #
coedge $-1 -1 $-1 $2139 $1386 $1727 $2137 forward $37 $-1 #
ellipse-curve $-1 -1 $-1 0.999999999999999778 67 3.996501557190972331 -1 0 0 0 0 1.001372345997921354 0.9986295347545740553 I I #
edge $-1 -1 $-1 $1736 3.104577091786385079 $1391 4.638357856777877153 $1394 $2140 forward @7 unknown #
point $-1 -1 $-1 0.9999999999999986677 42.78828447732303175 4.997873903188892797 #
DXID-attrib $-1 -1 $-1 $-1 $1397 @18 ASM_EDGE_FROM_STEP @4 4942 #
vertex $-1 -1 $-1 $1400 $2141 #
straight-curve $-1 -1 $-1 -5.787883861794252738 48.21429073298713064 3.67782153408110668 706.6217501846249434 -706.6217501846232381 37.03247672027217163 I I #
straight-curve $-1 -1 $-1 0.999999999999999778 41.42640687119288856 7.250000000000000888 0 0 10 F -10000.7250010000007 F 9999.275000999999975 #
coedge $-1 -1 $-1 $2142 $2143 $2144 $2145 reversed $1404 $-1 #
coedge $-1 -1 $-1 $1668 $1406 $1420 $1754 forward $1089 $-1 #
coedge $-1 -1 $-1 $1406 $1668 $1421 $1756 forward $1089 $-1 #
coedge $-1 -1 $-1 $2146 $2091 $1406 $1743 reversed $1404 $-1 #
edge $2147 -1 $-1 $2148 0.0008220208646195476367 $2149 0.008177979135380448322 $1406 $2150 forward @7 unknown #
DXID-attrib $-1 -1 $-1 $-1 $1407 @18 ASM_EDGE_FROM_STEP @4 2233 #
vertex $-1 -1 $-1 $1407 $2151 #
straight-curve $-1 -1 $-1 0.03212877841880365515 6.324882613031402201 4.024181704992781938 -669.1051976985124838 743.1166063012295808 8.714576993627556334 I I #
DXID-attrib $-1 -1 $-1 $-1 $1410 @18 ASM_EDGE_FROM_STEP @4 9258 #
straight-curve $-1 -1 $-1 -1.473022840162363511 -1.694848247110421369 3.983981360952721484 7.071067811865432873 7.071067811865519026 5.377847547484063884e-16 F -14141.8959374073529 F 14142.3439420330742 #
point $-1 -1 $-1 1.911440435324219811 1.689615028376203032 3.983981360952721484 #
DXID-attrib $-1 -1 $-1 $-1 $1417 @18 ASM_FACE_FROM_STEP @16 MD-JJ-K4080-4564 #
face $2152 -1 $-1 $2153 $1848 $4 $-1 $2154 reversed single #
loop $-1 -1 $-1 $-1 $2155 $1417 #
spline-surface $-1 -1 $-1 forward { exactsur full nurbs 3 2 both open open none none 2 2 
	6.246169745376177751 3 6.283185307179584456 3 
	0 2 1 2 
	-3.999999999999999112 65.15075759508248154 -9.666270625429582708 1 
	-3.999999999999999112 65.15075759506510167 -9.660097129725947696 1 
	-3.999999999999999112 65.15059610272555801 -9.653927868155751213 1 
	-3.999999999999999112 65.15027322857088166 -9.647767061943831379 1 
	-3.999999999999999112 65.35786437626903478 -9.666270625429582708 0.9238795325112866275 
	-3.999999999999999112 65.35773055844204293 -9.656486665856824914 0.9239669619170428616 
	-3.999999999999999112 65.35740759899422869 -9.646707137908009599 0.9240106820846130109 
	-3.999999999999999556 65.35689564324582079 -9.636938440040621501 0.924010681679471646 
	-3.853553390593271732 65.50431098567575816 -9.666270625429582708 1 
	-3.853714938342408303 65.50414943792662825 -9.653932101005880284 1 
	-3.853795739866545222 65.50374565169890673 -9.641597811397987883 1 
	-3.853795739857765135 65.50309990338804766 -9.629276199444845474 1 
	0 
	
	0 
	0 
	0 
	0 
	0 
	0 
	F 1 F 0 F 1 F 0 } I I I I #
edge $2156 -1 $-1 $2149 -0.003845542442055420018 $1671 -0.0009193019999024161547 $1740 $2157 forward @14 tangent_not_g2 #
coedge $-1 -1 $-1 $1421 $1675 $2146 $2158 reversed $806 $-1 #
edge $2159 -1 $-1 $1758 -0.002978648221436047423 $2148 -5.240777928304330227e-05 $1741 $2160 forward @14 tangent_not_g2 #
DXID-attrib $-1 -1 $-1 $-1 $1422 @18 ASM_EDGE_FROM_STEP @4 8308 #
vertex $-1 -1 $-1 $1422 $2161 #
ellipse-curve $-1 -1 $-1 -13.00000000000000888 7.99999999999999023 -3.524831543643599296 1.324368253553623314e-16 -1 0 -3.170029583496438792e-17 0 1.001372345997921354 0.9986295347545740553 I I #
coedge $-1 -1 $-1 $1423 $2162 $2163 $2164 forward $37 $-1 #
coedge $-1 -1 $-1 $2165 $2166 $1423 $1762 forward $2167 $-1 #
edge $2168 -1 $-1 $1766 3.242412358406961737 $2169 3.55092046586316501 $1423 $2170 forward @7 unknown #
coedge $-1 -1 $-1 $2171 $1424 $2166 $2172 reversed $1765 $-1 #
coedge $-1 -1 $-1 $1424 $2173 $1426 $1768 reversed $1765 $-1 #
loop $-1 -1 $-1 $-1 $2171 $2174 #
vertex $-1 -1 $-1 $2172 $2175 #
ellipse-curve $-1 -1 $-1 1.000000000000000888 68.94365081389594252 9.448964566714879609 -1 0 0 0 -1.413244829349861398 0.07406502308946709412 0.7066217501846248084 I I #
edge $2176 -1 $-1 $1427 -0.04621485676390008068 $2177 -0.03980949494629556357 $1764 $2178 forward @7 tangent #
point $-1 -1 $-1 1.000000000000000888 68.99598677013889869 8.447592220716959588 #
coedge $-1 -1 $-1 $1431 $1429 $2179 $2180 reversed $1113 $-1 #
tcoedge-coedge $-1 -1 $-1 $2181 $2182 $1429 $1772 reversed $2183 $2184 -3.1731378423302945 -1.641244522781521775 #
tedge-edge $2185 -1 $-1 $1775 1.641244522781521775 $2186 3.1731378423302945 $1429 $2187 forward @14 tangent_not_g2 0.001304713308974086647 #
pcurve $-1 -1 $-1 0 forward { exppc nubs 3 open 3 
	1.641244522781521775 3 2.407198483899172459 3 3.1731378423302945 3 
	6.351776411669598055 -1.531893319548773169 
	6.223634650972215354 -1.300817919583742821 
	6.078030208123110789 -1.03368891094860138 
	5.978283178595861003 -0.7659466597743870286 
	5.878538050716333174 -0.4982095130272830574 
	5.831208728231665361 -0.2310709945859767411 
	5.835260286256130691 -1.040834085586083271e-15 
	0.001056535584600948102 
	cone 0.7737250868788120295 5.247519783632784041 9.460823132419024617 -0.6687195570917210397 0.7426883090171001456 0.03504610695031606937 -0.7431448254773942441 -0.6691306063588582376 3.469446951953613418e-18 1 I I 0 1 1 forward I I I I 
	} 0 0 #
DXID-attrib $-1 -1 $-1 $-1 $1430 @18 ASM_EDGE_FROM_STEP @4 7952 #
tvertex-vertex $-1 -1 $-1 $1430 $2188 1.000358036167304827e-11 #
straight-curve $-1 -1 $-1 0.7213891306358686251 5.247519783632784041 8.462193597664452227 668.7195570917209579 -742.6883090171002095 -35.04610695031607293 I I #
coedge $-1 -1 $-1 $2189 $1434 $1431 $1778 forward $1783 $-1 #
edge $-1 -1 $-1 $1436 0.1173964654583580514 $2190 0.5894224891008482681 $1431 $2191 forward @7 unknown #
DXID-attrib $-1 -1 $-1 $-1 $1432 @18 ASM_FACE_FROM_STEP @16 MD-JJ-K4080-2014 #
face $2192 -1 $-1 $2193 $1938 $4 $-1 $2194 reversed single #
cone-surface $-1 -1 $-1 0.7737250868788120295 5.247519783632784041 9.460823132419024617 -0.6687195570917210397 0.7426883090171001456 0.03504610695031606937 -0.7431448254773942441 -0.6691306063588582376 3.469446951953613418e-18 1 I I 0 1 1 forward I I I I #
coedge $-1 -1 $-1 $1434 $2195 $1788 $2196 forward $1783 $-1 #
loop $-1 -1 $-1 $-1 $2189 $2097 #
DXID-attrib $-1 -1 $-1 $-1 $1435 @18 ASM_EDGE_FROM_STEP @4 9466 #
vertex $-1 -1 $-1 $2196 $2197 #
straight-curve $-1 -1 $-1 0 4.304040507106659419 9 -707.1067811865474368 -707.1067811865477779 0 I I #
point $-1 -1 $-1 0.2235058029541757141 4.527546310060835744 9 #
coedge $-1 -1 $-1 $2198 $1438 $1782 $2196 reversed $1444 $-1 #
ellipse-curve $-1 -1 $-1 -24.80840657637569535 16.83897649135909091 10.38386570930939001 -0.03700710955926812123 0.03700710955926809348 -0.9986295347545739443 43.063634730513634 -38.77098456759507172 -3.032618820802639448 0.017234048055148804 I I #
coedge $-1 -1 $-1 $2199 $1440 $2200 $2201 reversed $270 $-1 #
coedge $-1 -1 $-1 $2202 $1573 $1440 $1792 reversed $1235 $-1 #
edge $-1 -1 $-1 $1796 1.644827450401702862 $2203 2.905278310096843786 $1791 $2204 forward @7 unknown #
coedge $-1 -1 $-1 $2205 $1441 $1443 $1799 forward $1795 $-1 #
coedge $-1 -1 $-1 $1441 $2205 $2202 $2206 forward $1795 $-1 #
loop $-1 -1 $-1 $-1 $1441 $2207 #
vertex $-1 -1 $-1 $1792 $2208 #
straight-curve $-1 -1 $-1 -2.298097038856281138 -1.000000000000000444 8.447592220716959588 10 1.224606353822377258e-15 1.694645622540134615e-16 F -9999.770191296114717 F 10000.22981070388596 #
tcoedge-coedge $-1 -1 $-1 $1443 $2209 $2210 $2211 forward $1444 $2212 -1.776356839400250465e-15 1.500348130808271563 #
edge $2213 -1 $-1 $1445 -0.0004166333501233601211 $2214 0.006351776411669602003 $1443 $2215 forward @7 tangent #
face $2216 -1 $-1 $2217 $1444 $4 $-1 $2218 reversed single #
point $-1 -1 $-1 -4.938091065349535569 -1.000000000000000666 8.447592220716959588 #
point $-1 -1 $-1 -2.431457851910671319 1.165475874009441082 6.854815558566081712 #
coedge $-1 -1 $-1 $2219 $1585 $1664 $2080 reversed $1457 $-1 #
coedge $-1 -1 $-1 $2220 $1459 $2221 $2222 forward $1141 $-1 #
coedge $-1 -1 $-1 $1459 $2220 $2223 $2224 forward $1141 $-1 #
coedge $-1 -1 $-1 $2225 $2226 $1459 $1807 reversed $2227 $-1 #
edge $2228 -1 $-1 $2229 0.0008480058606000706817 $2230 0.008151994139399930048 $1459 $2231 forward @7 unknown #
DXID-attrib $-1 -1 $-1 $-1 $1461 @18 ASM_EDGE_FROM_STEP @4 2468 #
straight-curve $-1 -1 $-1 3.118711083692308428 2.896885676744306082 -1.362499999999999822 0 0 -10 F -10000.1362509999999 F 9999.863751000000775 #
point $-1 -1 $-1 3.118711083692308428 2.896885676744306082 -3.983981360952721928 #
DXID-attrib $-1 -1 $-1 $-1 $1466 @18 ASM_EDGE_FROM_STEP @4 6001 #
straight-curve $-1 -1 $-1 1.911440435324220477 1.689615028376203032 -1.362499999999999822 0 0 10 F -9999.863751000000775 F 10000.1362509999999 #
DXID-attrib $-1 -1 $-1 $-1 $1468 @18 ASM_FACE_FROM_STEP @16 MD-JJ-K4080-3606 #
plane-surface $-1 -1 $-1 1.737258300203059935 1.515432893255040936 4.025000000000000355 -0.7071067811865519026 0.7071067811865432429 0 -0.7071067811865432429 -0.7071067811865519026 0 forward_v I I I I #
DXID-attrib $-1 -1 $-1 $-1 $1475 @18 ASM_FACE_FROM_STEP @16 MD-JJ-K4080-3080 #
loop $-1 -1 $-1 $-1 $2232 $1475 #
plane-surface $-1 -1 $-1 -65.35786437626904899 4.000000000000010658 -8.5 -2.750537678273414955e-16 -1 0 1 -2.750537678273414955e-16 0 forward_v I I I I #
coedge $-1 -1 $-1 $2233 $2234 $2235 $2236 forward $1476 $-1 #
coedge $-1 -1 $-1 $1716 $1478 $2237 $2238 forward $37 $-1 #
coedge $-1 -1 $-1 $2239 $2240 $1478 $1821 forward $1925 $-1 #
edge $2241 -1 $-1 $2242 0.000414213562373113599 $1826 0.004546241734663150104 $1820 $2243 forward @7 unknown #
coedge $-1 -1 $-1 $2244 $1479 $1482 $1830 forward $1824 $-1 #
coedge $-1 -1 $-1 $1479 $2245 $2239 $2246 forward $1824 $-1 #
loop $-1 -1 $-1 $-1 $2245 $2247 #
DXID-attrib $-1 -1 $-1 $-1 $1480 @18 ASM_EDGE_FROM_STEP @4 3230 #
vertex $-1 -1 $-1 $1480 $2248 #
straight-curve $-1 -1 $-1 1 73.38938748517080057 6.125 0 0 -10 F -9999.387501000001066 F 10000.61250099999961 #
coedge $-1 -1 $-1 $1831 $1481 $2249 $2250 reversed $1483 $-1 #
coedge $-1 -1 $-1 $1482 $1831 $2251 $2252 reversed $1483 $-1 #
edge $2253 -1 $-1 $1485 -0.00146919359134331691 $2254 0.006081078412251078071 $1822 $2255 forward @7 unknown #
coedge $-1 -1 $-1 $1829 $1828 $2256 $2257 reversed $1483 $-1 #
face $2258 -1 $-1 $2259 $1483 $4 $-1 $2260 forward single #
point $-1 -1 $-1 1 73.38938748517081478 -9.062344467321699071 #
coedge $-1 -1 $-1 $1838 $1487 $2261 $2262 forward $1163 $-1 #
tcoedge-coedge $-1 -1 $-1 $2263 $2264 $1487 $1836 reversed $2265 $2266 -6.283185307179584456 -4.786420103991495978 #
tedge-edge $2267 -1 $-1 $1495 4.786420103991495978 $2268 6.283185307179584456 $1835 $2269 forward @14 tangent_not_g2 0.001122415279248654453 #
pcurve $-1 -1 $-1 0 forward { exppc nubs 3 open 3 
	4.786420103991495978 3 5.534817228823424529 3 6.283185307179584456 3 
	-5.952509864949957041 1.533780764991494294 
	-5.839254017568403121 1.306958217798948052 
	-5.711584287281773697 1.046453229880390356 
	-5.622644359115042789 0.785398163397443394 
	-5.533707882847552995 0.5243532288744030545 
	-5.488856203722789928 0.263829305650377044 
	-5.488856203495733332 0.03701556180340705854 
	0.0008703530586445212391 
	cone 0.7323409168836427785 68.67599173077957175 -9.462991984865942285 0.7066217501846249194 0.706621750184623254 0.03703247672027217691 -0.7071067811865451302 0.7071067811865467956 8.673617379884016983e-17 1 I I 0 1 0.9999999999999977796 forward I I I I 
	} 0 0 #
coedge $-1 -1 $-1 $1488 $1834 $2270 $2271 reversed $1163 $-1 #
coedge $-1 -1 $-1 $2272 $2249 $1488 $1840 forward $2273 $-1 #
edge $-1 -1 $-1 $1841 -0.120177328955829818 $2274 0.1373370605538783151 $1488 $2275 forward @7 unknown #
vertex $-1 -1 $-1 $2250 $2276 #
ellipse-curve $-1 -1 $-1 -13.08176201382569204 54.86188880007027535 -10.18695844225177183 -0.0453242676377402301 -0.02616797812147200752 0.9986295347545739443 52.1616309065655841 52.18078895132723716 3.734771838273630351 0.01353625082502884179 I I #
DXID-attrib $-1 -1 $-1 $-1 $1490 @18 ASM_FACE_FROM_STEP @16 MD-JJ-K4080-1468 #
face $2277 -1 $-1 $2278 $2279 $4 $-1 $2280 reversed single #
cone-surface $-1 -1 $-1 0.7323409168836427785 68.67599173077957175 -9.462991984865942285 0.7066217501846249194 0.706621750184623254 0.03703247672027217691 -0.7071067811865451302 0.7071067811865467956 8.673617379884016983e-17 1 I I 0 1 0.9999999999999977796 forward I I I I #
coedge $-1 -1 $-1 $2281 $1492 $1506 $1866 reversed $1848 $-1 #
coedge $-1 -1 $-1 $1492 $2281 $2263 $2282 forward $1848 $-1 #
loop $-1 -1 $-1 $-1 $1847 $1751 #
DXID-attrib $-1 -1 $-1 $-1 $1493 @18 ASM_EDGE_FROM_STEP @4 1572 #
straight-curve $-1 -1 $-1 -3.526167978121472313 63.99598677013887738 -8.684798633112318811 -1.222461190343740471e-13 1000 -6.404462823567630767e-15 F -0.05403107690406849101 F 0.0004738320218785308196 #
point $-1 -1 $-1 -3.526167978121470981 64.46981879201740639 -8.684798633112318811 #
DXID-attrib $-1 -1 $-1 $-1 $1498 @18 ASM_FACE_FROM_STEP @16 MD-JJ-K4080-8735 #
loop $-1 -1 $-1 $-1 $1673 $1498 #
cone-surface $-1 -1 $-1 -14.34839975626202602 5.846645777232726715 -3.637684056468591276 0.7426883090171003676 -0.6687195570917208176 -0.03504610695031607631 0.6691306063588576825 0.7431448254773941331 -3.469446951953611878e-18 1 I I 0 1 0.9999999999999996669 forward I I I I #
coedge $-1 -1 $-1 $2283 $1500 $1502 $1860 reversed $1514 $-1 #
coedge $-1 -1 $-1 $1500 $2283 $2284 $2285 forward $1514 $-1 #
DXID-attrib $-1 -1 $-1 $-1 $1501 @18 ASM_EDGE_FROM_STEP @4 7472 #
straight-curve $-1 -1 $-1 0.0225554269609694602 4.58730165883291896 -9.461243696171163009 668.7195570917210716 -742.6883090171002095 35.04610695031607293 I I #
coedge $-1 -1 $-1 $1502 $2286 $2287 $2288 forward $1186 $-1 #
edge $-1 -1 $-1 $2289 -0.554522978391356669 $1503 -0.0454770216086434198 $1855 $2290 forward @7 unknown #
point $-1 -1 $-1 0.1460767853029518726 4.450117292409611736 -9.454770216086433976 #
coedge $-1 -1 $-1 $1506 $1505 $2234 $2291 reversed $1507 $2292 #
coedge $-1 -1 $-1 $2284 $2235 $1505 $1864 forward $2293 $-1 #
edge $2294 -1 $-1 $2295 -3.141592653589793116 $1510 -2.408554367752173686 $1505 $2296 forward @14 tangent_not_g2 #
pcurve $-1 -1 $-1 0 forward { exppc nubs 1 open 2 
	2.408554367752172798 1 3.141592653589793116 1 
	3.173137842330293612 1 
	3.173137842330293612 1.199698591529908969e-29 
	1.755730829027721332e-13 
	spline reversed { ref 10 } I I I I 
	} 0 0 #
edge $2297 -1 $-1 $2298 -1.570796326794896558 $1177 -0.05235987755983090991 $1846 $2299 forward @14 tangent_not_g2 #
pcurve $-1 -1 $-1 0 forward { exppc nubs 1 open 2 
	-1.570796326794896558 1 -0.05235987755983090991 1 
	1.641244522781521109 0 
	1.641244522781521109 0.9999999999999993339 
	1.991894955700236332e-15 
	spline reversed { ref 10 } I I I I 
	} 0 0 #
face $2300 -1 $-1 $2301 $1507 $4 $-1 $2302 reversed single #
point $-1 -1 $-1 -3.871572412738690794 8.912168771948127954 -9.665326288494087592 #
coedge $-1 -1 $-1 $2303 $1875 $1516 $1871 forward $2304 $-1 #
edge $2305 -1 $-1 $1872 -0.006166293948804610174 $2306 -0.0001583207178219409549 $1516 $2307 forward @7 tangent #
vertex $-1 -1 $-1 $1871 $2308 #
ellipse-curve $-1 -1 $-1 -5.158194468757421269 -0.8541539616507656252 -9.456608033701993321 -0.7071067811865477948 0.7071067811865473507 0 0.588597540062645419 0.5885975400626457521 0.5577504500964995948 0.998016073145582272 I I #
coedge $-1 -1 $-1 $2286 $1519 $2058 $2309 forward $1186 $-1 #
coedge $-1 -1 $-1 $1870 $2310 $1519 $1876 reversed $2304 $-1 #
edge $-1 -1 $-1 $1872 0.0454770216086434198 $2311 0.5545229783913568911 $1875 $2312 forward @7 unknown #
DXID-attrib $-1 -1 $-1 $-1 $1520 @18 ASM_FACE_FROM_STEP @16 MD-JJ-K4080-4201 #
plane-surface $-1 -1 $-1 0 4.304040507106659419 -9 0.7071067811865477948 -0.7071067811865473507 0 0.7071067811865473507 0.7071067811865477948 0 forward_v I I I I #
coedge $-1 -1 $-1 $2054 $1521 $2286 $2313 forward $1191 $-1 #
coedge $-1 -1 $-1 $1521 $1647 $2314 $2315 forward $1191 $-1 #
coedge $-1 -1 $-1 $2316 $2287 $1521 $1882 reversed $2317 $-1 #
edge $-1 -1 $-1 $2318 1.073607206367741096 $2319 1.096030840553193997 $1881 $2320 forward @7 unknown #
coedge $-1 -1 $-1 $1522 $1543 $2321 $2322 forward $627 $-1 #
coedge $-1 -1 $-1 $2323 $2324 $1522 $1885 reversed $2325 $-1 #
edge $2326 -1 $-1 $2327 -0.004480046255470797843 $1888 -0.002279096483935262943 $1522 $2328 forward @7 unknown #
coedge $-1 -1 $-1 $2329 $1523 $2324 $2330 reversed $1853 $-1 #
DXID-attrib $-1 -1 $-1 $-1 $1524 @18 ASM_EDGE_FROM_STEP @4 3608 #
vertex $-1 -1 $-1 $1524 $2331 #
ellipse-curve $-1 -1 $-1 -7.102738122397646237 -0.6773772717336350446 -3.979593615490513603 -0.7071067811876902143 0.7071067811854049312 1.143305673427776416e-13 0.5885978633154640427 0.58859786331745656 -0.5577497799714377091 0.998016071098671631 I I #
point $-1 -1 $-1 -7.075198733276206298 -0.6498378826119449725 -4.979522684227537965 #
coedge $-1 -1 $-1 $1527 $2332 $2333 $2334 reversed $270 $-1 #
coedge $-1 -1 $-1 $2335 $1612 $1527 $1893 reversed $2011 $-1 #
edge $2336 -1 $-1 $2337 1.287500000000000089 $1615 1.518734446732170174 $1892 $2338 reversed @7 unknown #
coedge $-1 -1 $-1 $1606 $2339 $1528 $1895 reversed $2001 $-1 #
edge $2340 -1 $-1 $1260 -0.05397866515252190689 $1536 0.0005262437734251301704 $1528 $2341 forward @14 tangent_not_g2 #
DXID-attrib $-1 -1 $-1 $-1 $1529 @18 ASM_FACE_FROM_STEP @16 MD-JJ-K4080-2064 #
face $2342 -1 $-1 $2343 $2344 $4 $-1 $2345 forward single #
plane-surface $-1 -1 $-1 -4.596194077712562276 8.673617379884035472e-16 -8.5 -1.051413724126338789e-17 -0.0523359562429439526 -0.9986295347545739443 0 0.9986295347545739443 -0.0523359562429439526 forward_v I I I I #
coedge $-1 -1 $-1 $2346 $2347 $1531 $1900 reversed $2348 $2349 #
edge $2350 -1 $-1 $1906 1.33224349185901958 $2306 1.36865952076048436 $1531 $2351 forward @14 tangent_not_g2 #
coedge $-1 -1 $-1 $2352 $1532 $2339 $2353 reversed $1903 $2354 #
coedge $-1 -1 $-1 $1532 $2352 $2346 $2355 forward $1903 $2356 #
loop $-1 -1 $-1 $-1 $2352 $2357 #
pcurve $-1 -1 $-1 0 forward { exppc nubs 3 open 2 
	-6.28318530717958712 3 -4.782837176371312893 3 
	3.794707603699267491e-16 1 
	0.4534474710284950305 1 
	1.04694649956292607 1 
	1.500348130808274449 1 
	0.01000000000000000021 
	spline forward { exactsur full nurbs 3 2 both open open none none 3 2 
	3.794707603699267491e-16 3 0.7501740654041374468 2 1.500348130808274449 3 
	0 2 1 2 
	-9.247105832303020634 3.999999999999994671 -9.649556304487122205 1 
	-9.253012984965668153 3.999999999999994671 -9.524373414706374774 1 
	-9.33201688102728788 3.999999999999994671 -9.403869971687109697 1 
	-9.595292772457346686 3.999999999999994671 -9.233154999779237926 1 
	-9.777716132341044641 3.999999999999994671 -9.184113400565104612 1 
	-9.964909866070385647 3.999999999999994671 -9.184113400489604118 1 
	-9.055545571960767148 3.999999999999994671 -9.640516925127201375 0.9336794766296306891 
	-9.064831613462823512 3.999999999999994671 -9.443729468655297055 0.9338023178829082394 
	-9.162911502948228204 3.999999999999994671 -9.245646770851173812 0.9146830098938112386 
	-9.481791259593299159 3.999999999999995115 -8.922073488948738529 0.8425496018230087536 
	-9.720832084546877638 3.999999999999995115 -8.790515788035744293 0.7894759418492935943 
	-9.964909866070389199 3.999999999999995115 -8.709631117132161648 0.7253743710122881883 
	-8.91311769668325482 3.871757365079376179 -9.633796013421601856 1 
	-8.924932001467508869 3.871757365265811046 -9.383430233828782718 1 
	-9.042498860740499467 3.835344185098882086 -9.140515013922019705 1 
	-9.428274793958967948 3.70858904074166551 -8.792442114478109971 1 
	-9.693812694542041086 3.619125141363297882 -8.68967031160627279 1 
	-9.964909866070385647 3.526167978121468316 -8.684798633112317034 1 
	0 
	
	0 
	1 0.7501740654041374468 
	0 
	0 
	0 
	0 
	F 1 F 0 F 1 F 0 } I I I I 
	} 0 0 #
DXID-attrib $-1 -1 $-1 $-1 $1533 @18 ASM_EDGE_FROM_STEP @5 10048 #
tvertex-vertex $-1 -1 $-1 $1533 $2358 1.000563486037405821e-11 #
intcurve-curve $-1 -1 $-1 forward { parcur full nubs 3 open 3 
	4.782837176371312893 3 5.533027665045080923 3 6.28318530717958712 3 
	-9.964909866070385647 3.526167978121468316 -8.684798633112317034 
	-9.719129727001963204 3.610444123018812679 -8.689215358712923276 
	-9.437283351379642582 3.705629081609997488 -8.784313990271240158 
	-9.235386827349733707 3.77196661292027402 -8.966478564200064838 
	-9.03349914321076497 3.838301239690490974 -9.14863516218688666 
	-8.923829309343027205 3.871757365248409855 -9.406798208367987968 
	-8.91311769668325482 3.871757365079376179 -9.633796013421601856 
	0.002016644225092828219 
	
	spline forward { ref 23 } I I I I 
	null_surface 
	nubs 3 open 2 
	4.782837176371312893 3 6.28318530717958712 3 
	1.500348130808274449 1 
	1.04694649956292607 1 
	0.4534474710284950305 1 
	3.794707603699267491e-16 1 
	
	nullbs 
	I I 
	0 
	1 5.533027665045080923 
	0 
	surf1 } F 4.782837176371312893 F 6.28318530717958712 #
point $-1 -1 $-1 -9.964909866070385647 3.526167978121468316 -8.684798633112318811 #
DXID-attrib $-1 -1 $-1 $-1 $1539 @18 ASM_FACE_FROM_STEP @13 MD-JJ-K4080-8 #
face $2359 -1 $-1 $2360 $2304 $4 $-1 $2361 forward single #
cone-surface $-1 -1 $-1 -5.247519783632784041 -0.7737250868788112523 -14.53917686758097894 0.7426883090171004786 -0.6687195570917205956 -0.03504610695031603468 0.6691306063588576825 0.7431448254773944662 0 1 I I 0 1 0.999999999999999889 forward I I I I #
coedge $-1 -1 $-1 $2362 $2363 $1543 $1913 forward $2364 $-1 #
edge $2365 -1 $-1 $2366 -0.004480046255470797843 $1916 -0.002279096483935262943 $1912 $2367 forward @7 unknown #
coedge $-1 -1 $-1 $1544 $2090 $2362 $2368 reversed $1418 $-1 #
DXID-attrib $-1 -1 $-1 $-1 $1545 @18 ASM_EDGE_FROM_STEP @4 8824 #
vertex $-1 -1 $-1 $1545 $2369 #
ellipse-curve $-1 -1 $-1 -7.102738095010266761 -0.6773772443462323656 3.979593618695578261 -0.7071067811876777798 0.7071067811854172547 -1.329169542916878035e-13 0.5885962037229111044 0.5885962037248975154 0.5577532211526687878 0.9980160812819903748 I I #
DXID-attrib $-1 -1 $-1 $-1 $1547 @18 ASM_FACE_FROM_STEP @15 MD-JJ-K4080-482 #
face $2370 -1 $-1 $2371 $2227 $4 $-1 $2372 reversed single #
loop $-1 -1 $-1 $-1 $2373 $1547 #
cone-surface $-1 -1 $-1 -50.14708272461611926 6.306462291050134894 -3.613586094101750579 -0.7066217501846241422 0.7066217501846241422 0.03703247672027212833 -0.7071067811865463515 -0.7071067811865465735 6.591949208711854633e-17 1 I I 0 1 0.9999999999999985567 forward I I I I #
coedge $-1 -1 $-1 $2374 $2375 $2376 $2377 reversed $1548 $-1 #
DXID-attrib $-1 -1 $-1 $-1 $1553 @18 ASM_FACE_FROM_STEP @16 MD-JJ-K4080-1571 #
face $2378 -1 $-1 $1593 $2379 $4 $-1 $2380 forward single #
loop $-1 -1 $-1 $-1 $2240 $1553 #
plane-surface $-1 -1 $-1 -4.336808689942017736e-16 68.84314575050764518 -6.75 0 0 -1 -1 0 0 forward_v I I I I #
coedge $-1 -1 $-1 $2381 $2382 $2383 $2384 reversed $1554 $-1 #
coedge $-1 -1 $-1 $2385 $1556 $2386 $2387 forward $1226 $-1 #
coedge $-1 -1 $-1 $1556 $2385 $2388 $2389 forward $1226 $-1 #
coedge $-1 -1 $-1 $2390 $2391 $1556 $1931 forward $2063 $-1 #
edge $-1 -1 $-1 $2392 -6.669788973128259357 $2393 -0.2639994026493256429 $1556 $2394 reversed @7 unknown #
coedge $-1 -1 $-1 $2395 $2396 $1557 $1933 reversed $2397 $-1 #
edge $2398 -1 $-1 $2177 -0.05987362471430486555 $1775 -0.005368715788357818729 $1557 $2399 forward @14 tangent_not_g2 #
coedge $-1 -1 $-1 $2400 $2401 $1558 $1935 reversed $2402 $-1 #
edge $2403 -1 $-1 $1940 -0.05403107690406849101 $1946 0.0004738320218785308196 $1558 $2404 forward @14 tangent_not_g2 #
coedge $-1 -1 $-1 $2405 $1559 $1564 $1951 reversed $1938 $-1 #
tcoedge-coedge $-1 -1 $-1 $1559 $2406 $2407 $2408 forward $1938 $2409 3.846169603062120856 4.641940784398066455 #
loop $-1 -1 $-1 $-1 $1937 $1780 #
DXID-attrib $-1 -1 $-1 $-1 $1560 @18 ASM_EDGE_FROM_STEP @4 6550 #
tvertex-vertex $-1 -1 $-1 $2408 $2410 1.000532907051820015e-11 #
straight-curve $-1 -1 $-1 -3.286635703804573261 9.698882324508540265 15.32775472145124773 -668.7195570917209579 742.6883090171002095 -35.04610695031607293 I I #
tcoedge-coedge $-1 -1 $-1 $2411 $1561 $2412 $2413 forward $1944 $2414 1.644827450401703084 3.178608215393198488 #
coedge $-1 -1 $-1 $1561 $2415 $1563 $1949 reversed $1944 $-1 #
loop $-1 -1 $-1 $-1 $2415 $2416 #
DXID-attrib $-1 -1 $-1 $-1 $1562 @18 ASM_EDGE_FROM_STEP @4 8794 #
tvertex-vertex $-1 -1 $-1 $1562 $2417 1.000397205464519571e-11 #
straight-curve $-1 -1 $-1 0.6800049606406982639 68.67599173077957175 15.5356375498886301 706.6217501846249434 706.6217501846233517 37.03247672027219295 I I #
coedge $-1 -1 $-1 $2418 $1563 $2419 $2420 forward $1565 $-1 #
edge $-1 -1 $-1 $1567 1.644827450401703084 $2421 2.905278310096845118 $1943 $2422 forward @7 unknown #
coedge $-1 -1 $-1 $1564 $2423 $2424 $2425 forward $1565 $-1 #
edge $-1 -1 $-1 $2426 0.4629044690874379309 $1566 1.500348130808272895 $1936 $2427 forward @7 unknown #
face $2428 -1 $-1 $409 $1565 $4 $-1 $2429 reversed single #
point $-1 -1 $-1 0.9999999999999992228 4.938091065349538233 15.55240777928304219 #
point $-1 -1 $-1 1 68.99598677013887027 15.55240777928304041 #
DXID-attrib $-1 -1 $-1 $-1 $1570 @18 ASM_FACE_FROM_STEP @16 MD-JJ-K4080-5390 #
face $2430 -1 $-1 $1800 $2431 $4 $-1 $2432 reversed single #
loop $-1 -1 $-1 $-1 $2433 $1570 #
plane-surface $-1 -1 $-1 -69.35786437626903478 1.387778780781445676e-14 8.5 -0.7071067811865482389 0.7071067811865469066 0 -0.7071067811865470176 -0.7071067811865482389 0 forward_v I I I I #
coedge $-1 -1 $-1 $2434 $2435 $2436 $2437 reversed $1571 $-1 #
coedge $-1 -1 $-1 $1573 $2438 $2439 $2440 reversed $1235 $-1 #
coedge $-1 -1 $-1 $2441 $2200 $1573 $1962 forward $2442 $-1 #
edge $-1 -1 $-1 $2203 -1.857673429831223189 $2443 -1.841857914044577216 $1573 $2444 forward @7 unknown #
coedge $-1 -1 $-1 $1662 $1574 $2375 $2445 reversed $919 $-1 #
coedge $-1 -1 $-1 $2446 $2376 $1574 $1965 forward $270 $-1 #
edge $-1 -1 $-1 $2447 0 $1967 1.003107205848536188 $1574 $2448 forward @7 unknown #
coedge $-1 -1 $-1 $1576 $2449 $2446 $2450 forward $1248 $-1 #
vertex $-1 -1 $-1 $1577 $2451 #
ellipse-curve $-1 -1 $-1 -67.00000000000001421 -1.843145750507697578 -4.0406889535870123 0.7071067811865510144 0.707106781186544131 0 0.9986332808385534054 -0.9986332808385632864 -0.1046723051337725974 0.7061377159181226881 I I #
DXID-attrib $-1 -1 $-1 $-1 $1578 @18 ASM_EDGE_FROM_STEP @4 3892 #
straight-curve $-1 -1 $-1 -68.00000000000001421 8.447664043757034946 -3.501370465245425834 0 998.6295347545740242 52.33595624294395776 I I #
point $-1 -1 $-1 -68.00000000000001421 -0.8431457505076900283 -3.988281174303970111 #
DXID-attrib $-1 -1 $-1 $-1 $1581 @18 ASM_EDGE_FROM_STEP @5 10481 #
vertex $-1 -1 $-1 $2080 $2452 #
ellipse-curve $-1 -1 $-1 -67.00000000000001421 7.999999999999984013 3.524831543643600185 1.324368253553623314e-16 -1 0 0 0 -1.001372345997921354 0.9986295347545740553 I I #
point $-1 -1 $-1 -68.00000000000001421 7.999999999999984013 3.524831543643602405 #
coedge $-1 -1 $-1 $1585 $2453 $1587 $1980 reversed $1457 $-1 #
DXID-attrib $-1 -1 $-1 $-1 $1586 @18 ASM_EDGE_FROM_STEP @4 9409 #
straight-curve $-1 -1 $-1 -67.00000000000001421 8.499999999999975131 4.5 0 998.6295347545740242 -52.33595624294395776 I I #
coedge $-1 -1 $-1 $2454 $1587 $2455 $2456 forward $270 $-1 #
edge $-1 -1 $-1 $1589 -4.300000000000000711 $2457 -1.878828447732302731 $1976 $2458 reversed @7 unknown #
coedge $-1 -1 $-1 $1588 $2459 $2460 $2461 forward $270 $-1 #
point $-1 -1 $-1 -67.00000000000001421 -1.00000000000000755 4.997873903188891909 #
coedge $-1 -1 $-1 $2449 $1591 $2462 $2463 reversed $1248 $-1 #
coedge $-1 -1 $-1 $2460 $2464 $1591 $1985 reversed $2465 $-1 #
edge $2466 -1 $-1 $1987 -0.005414213562373006855 $2467 7.850462293418913929e-19 $1591 $2468 forward @14 tangent_not_g2 #
DXID-attrib $-1 -1 $-1 $-1 $1592 @18 ASM_EDGE_FROM_STEP @3 995 #
vertex $-1 -1 $-1 $2461 $2469 #
straight-curve $-1 -1 $-1 -67.84314575050770202 -1.000000000000008438 6.125 0 0 -10 F -9999.387501000001066 F 10000.61250099999961 #
DXID-attrib $-1 -1 $-1 $-1 $1593 @18 ASM_FACE_FROM_STEP @16 MD-JJ-K4080-3380 #
face $2470 -1 $-1 $2471 $2472 $4 $-1 $2473 reversed single #
plane-surface $-1 -1 $-1 -71.67157287525381548 2.828427124746138333 -6.75 0.7071067811865510144 0.707106781186544131 0 -0.707106781186544131 0.7071067811865510144 0 forward_v I I I I #
coedge $-1 -1 $-1 $1597 $1596 $2232 $2474 reversed $1598 $-1 #
face $2475 -1 $-1 $2040 $1598 $4 $-1 $2476 reversed single #
coedge $-1 -1 $-1 $2232 $2477 $1603 $1995 forward $1816 $-1 #
edge $2478 -1 $-1 $2003 1.64482745040170153 $1998 3.178608215393201153 $1994 $2479 forward @14 tangent_not_g2 #
pcurve $-1 -1 $-1 -1 $2480 0 0 #
DXID-attrib $-1 -1 $-1 $-1 $1604 @18 ASM_EDGE_FROM_STEP @3 554 #
vertex $-1 -1 $-1 $2474 $2481 #
ellipse-curve $-1 -1 $-1 -65.15075759508249575 3.500000000000010658 -9.666270625429582708 0 0 1 0.5000000000000004441 0 0 1 F 1.570796326794896558 F 2.356194490192364377 #
coedge $-1 -1 $-1 $2339 $1606 $2477 $2482 reversed $2001 $-1 #
loop $-1 -1 $-1 $-1 $2339 $2483 #
DXID-attrib $-1 -1 $-1 $-1 $1607 @18 ASM_EDGE_FROM_STEP @4 8410 #
vertex $-1 -1 $-1 $2482 $2484 #
ellipse-curve $-1 -1 $-1 -64.46981879201742061 3.500000000000010658 -9.184113400489605894 1 0 0 0 0 -0.5000000000000004441 1 F 1.570796326794896558 F 3.089232776029963379 #
DXID-attrib $-1 -1 $-1 $-1 $1609 @18 ASM_FACE_FROM_STEP @16 MD-JJ-K4080-5322 #
face $2485 -1 $-1 $1993 $2486 $4 $-1 $2487 reversed single #
spline-surface $-1 -1 $-1 forward { ref 4 } I I I I #
coedge $-1 -1 $-1 $2488 $2489 $1611 $2009 forward $1706 $-1 #
edge $2490 -1 $-1 $2017 -0.3364793562000695237 $2013 -0.2916150386914891368 $1611 $2491 reversed @7 unknown #
coedge $-1 -1 $-1 $1612 $2492 $2488 $2493 reversed $2011 $-1 #
loop $-1 -1 $-1 $-1 $2494 $2495 #
DXID-attrib $-1 -1 $-1 $-1 $1613 @18 ASM_EDGE_FROM_STEP @4 2338 #
vertex $-1 -1 $-1 $2009 $2496 #
straight-curve $-1 -1 $-1 -74.48114629152571808 -0.01697595536026372601 -9.078352129601480414 743.1007137435807408 -669.090887975334681 10.89554322459436442 I I #
point $-1 -1 $-1 -73.38938748517081478 -1.000000000000009104 -9.062344467321700847 #
coedge $-1 -1 $-1 $2497 $1617 $2489 $2498 reversed $724 $-1 #
vertex $-1 -1 $-1 $1618 $2499 #
straight-curve $-1 -1 $-1 -77.49725781326472429 6.00274218673527038 -9.272532022259042606 7.062025065134034385 7.062025065134034385 -0.5055729016049580471 I I #
DXID-attrib $-1 -1 $-1 $-1 $1620 @18 ASM_FACE_FROM_STEP @16 MD-JJ-K4080-5266 #
face $2500 -1 $-1 $526 $2501 $4 $-1 $2502 reversed single #
loop $-1 -1 $-1 $-1 $2503 $1620 #
cone-surface $-1 -1 $-1 -49.00000000000002132 8.918042128461470597 3.476718994402656637 0 0.9986295347545740553 -0.05233595624294395954 0 0.05233595624294395954 0.9986295347545741663 1 I I 0 1 1.000000000000000444 forward I I I I #
coedge $-1 -1 $-1 $2504 $2232 $1624 $2024 forward $1816 $-1 #
edge $2505 -1 $-1 $2031 3.104577091786388632 $2028 4.638357856777885146 $2023 $2506 forward @14 tangent_not_g2 #
pcurve $-1 -1 $-1 -1 $2507 0 0 #
coedge $-1 -1 $-1 $1625 $1633 $2504 $2508 reversed $1634 $-1 #
DXID-attrib $-1 -1 $-1 $-1 $1626 @18 ASM_EDGE_FROM_STEP @4 2627 #
vertex $-1 -1 $-1 $2024 $2509 #
ellipse-curve $-1 -1 $-1 -64.46981879201742061 3.500000000000010214 -14.81588659951039588 1 0 0 0 0 -0.5000000000000004441 1 F 0.05235987755982524777 F 1.570796326794896558 #
DXID-attrib $-1 -1 $-1 $-1 $1628 @18 ASM_EDGE_FROM_STEP @4 1375 #
vertex $-1 -1 $-1 $2474 $2510 #
ellipse-curve $-1 -1 $-1 -65.15075759508249575 3.500000000000010658 -14.33372937457042084 0 0 1 0.5000000000000004441 0 0 1 F 1.570796326794896558 F 2.356194490192363933 #
DXID-attrib $-1 -1 $-1 $-1 $1630 @18 ASM_FACE_FROM_STEP @16 MD-JJ-K4080-3320 #
spline-surface $-1 -1 $-1 forward { ref 7 } I I I I #
tcoedge-coedge $-1 -1 $-1 $1631 $2511 $2512 $2041 forward $1650 $2513 0 1.500348130808271563 #
DXID-attrib $-1 -1 $-1 $-1 $1632 @18 ASM_EDGE_FROM_STEP @4 5714 #
straight-curve $-1 -1 $-1 -5.247519783632784041 -0.7213891306358672928 -15.53780640233554955 -742.6883090171004369 668.7195570917207306 35.0461069503160374 I I #
coedge $-1 -1 $-1 $2512 $2514 $1633 $2039 reversed $2486 $2515 #
edge $2516 -1 $-1 $1636 -1.518436449235064378 $2517 4.440892098500631684e-15 $2038 $2518 forward @14 tangent_not_g2 #
face $2519 -1 $-1 $1630 $1634 $4 $-1 $2520 reversed single #
tedge-edge $2521 -1 $-1 $2522 0 $1636 1.500348130808271563 $2035 $2523 forward @14 tangent_not_g2 0.001204237254444453066 #
point $-1 -1 $-1 -9.964909866070385647 3.526167978121468316 -15.31520136688768297 #
coedge $-1 -1 $-1 $2524 $2525 $1640 $2044 reversed $2526 $-1 #
edge $-1 -1 $-1 $2048 -35.95693535337842661 $2527 -35.95689841331697778 $1640 $2528 forward @7 unknown #
coedge $-1 -1 $-1 $2529 $1641 $1643 $2050 forward $2047 $-1 #
coedge $-1 -1 $-1 $1641 $2529 $2524 $2530 reversed $2047 $-1 #
loop $-1 -1 $-1 $-1 $2045 $2531 #
vertex $-1 -1 $-1 $1642 $2532 #
straight-curve $-1 -1 $-1 -37.78479895574068337 -1.000000000000004219 -17.43564041038861134 0.9998864457990885857 1.224467294626437975e-16 0.01234119322330710228 I I #
edge $-1 -1 $-1 $1644 -1.570796326794800413 $2533 -0.01234102819578720631 $1643 $2534 forward @7 unknown #
point $-1 -1 $-1 -79 -1.000000000000009326 -17.94434293552200543 #
coedge $-1 -1 $-1 $2535 $2314 $1646 $2053 reversed $2063 $-1 #
edge $-1 -1 $-1 $2527 -3.595689841331698222 $2056 -3.423361447823581205 $1646 $2536 forward @7 unknown #
coedge $-1 -1 $-1 $1647 $1879 $1649 $2059 forward $1191 $-1 #
DXID-attrib $-1 -1 $-1 $-1 $1648 @18 ASM_EDGE_FROM_STEP @3 456 #
vertex $-1 -1 $-1 $2053 $2537 #
straight-curve $-1 -1 $-1 -0.6363942550265466735 -1.000000000000000444 -15.1729731499250029 9.993140625789084908 1.223766350498184033e-15 -0.3703247672027216164 I I #
coedge $-1 -1 $-1 $2538 $1649 $1874 $2309 reversed $1650 $-1 #
edge $-1 -1 $-1 $2539 -1.096030840553194441 $1651 -1.073607206367740652 $1649 $2540 forward @7 unknown #
point $-1 -1 $-1 -3.680732930107884826 -1.000000000000000444 -15.06015636355593301 #
DXID-attrib $-1 -1 $-1 $-1 $1655 @18 ASM_FACE_FROM_STEP @16 MD-JJ-K4080-8793 #
face $2541 -1 $-1 $2542 $1699 $4 $-1 $2543 reversed single #
loop $-1 -1 $-1 $-1 $2544 $1655 #
plane-surface $-1 -1 $-1 1 0 19 -1 0 0 0 0 1 forward_v I I I I #
coedge $-1 -1 $-1 $1657 $2545 $2546 $2547 forward $724 $-1 #
coedge $-1 -1 $-1 $2548 $2071 $1657 $2067 reversed $2549 $-1 #
edge $2550 -1 $-1 $2551 -0.1011162697096763263 $2069 0.004242640687119283126 $2066 $2552 forward @7 unknown #
DXID-attrib $-1 -1 $-1 $-1 $1658 @18 ASM_EDGE_FROM_STEP @4 6943 #
vertex $-1 -1 $-1 $2067 $2553 #
straight-curve $-1 -1 $-1 -79 4.499999999999992895 19 0 0 -10 F -9998.100001000000702 F 10001.90000099999997 #
coedge $-1 -1 $-1 $2066 $2554 $1660 $2072 reversed $2549 $-1 #
edge $-1 -1 $-1 $2069 -0.09844343194268599662 $2533 0.3528287023865669392 $2071 $2555 reversed @7 unknown #
coedge $-1 -1 $-1 $2556 $1661 $2557 $2558 forward $684 $-1 #
coedge $-1 -1 $-1 $2375 $2559 $1661 $2075 forward $1548 $-1 #
edge $2560 -1 $-1 $2561 2.075000000000001954 $2077 3.875000000000001776 $1661 $2562 forward @7 unknown #
DXID-attrib $-1 -1 $-1 $-1 $1663 @18 ASM_EDGE_FROM_STEP @4 9853 #
vertex $-1 -1 $-1 $1663 $2563 #
ellipse-curve $-1 -1 $-1 -67.00000000000001421 7.999999999999984013 -3.524831543643599296 1.324368253553623314e-16 -1 0 0 0 -1.001372345997921576 0.9986295347545740553 I I #
coedge $-1 -1 $-1 $1664 $2556 $2564 $2565 forward $684 $-1 #
edge $2566 -1 $-1 $2567 2.075000000000001954 $1973 3.875000000000001776 $1664 $2568 reversed @7 unknown #
point $-1 -1 $-1 -68.00000000000001421 7.999999999999984013 -3.524831543643598852 #
DXID-attrib $-1 -1 $-1 $-1 $1669 @18 ASM_EDGE_FROM_STEP @4 5504 #
straight-curve $-1 -1 $-1 -12.00000000000000888 7.999999999999992895 -4.5 0 0 1000 F -99.99550001000000066 F 100.0045000100000152 #
point $-1 -1 $-1 -12.00000000000000888 7.999999999999991118 3.524831543643600629 #
coedge $-1 -1 $-1 $1673 $2329 $1675 $2088 forward $1853 $-1 #
DXID-attrib $-1 -1 $-1 $-1 $1674 @18 ASM_EDGE_FROM_STEP @4 6747 #
straight-curve $-1 -1 $-1 -12.64408026689869402 4.364405572477297213 -4.716737319961785246 -742.6883090171003232 668.7195570917208443 35.04610695031607293 I I #
edge $2569 -1 $-1 $2570 0.03890300724627451801 $1677 1.570796326795092845 $1675 $2571 forward @7 unknown #
point $-1 -1 $-1 -13.00000000000000711 4.68487713960712604 -4.699942116805154058 #
coedge $-1 -1 $-1 $1914 $1680 $2142 $2572 reversed $1418 $-1 #
coedge $-1 -1 $-1 $1742 $2142 $1683 $2092 forward $1404 $-1 #
edge $2573 -1 $-1 $2094 0.01915665062747282446 $2149 0.05805966334047667904 $2091 $2574 forward @7 unknown #
DXID-attrib $-1 -1 $-1 $-1 $1684 @18 ASM_EDGE_FROM_STEP @3 491 #
vertex $-1 -1 $-1 $2572 $2575 #
ellipse-curve $-1 -1 $-1 -13.00000000000005151 4.632541183364163651 3.701312582050539479 -0.4064251027559490081 0.9124319283825870208 -0.04781853111347193069 1.000000000000045741 0.4442105438545123075 -0.02328008813728646084 0.9136841006878743121 F -1.570796326794652753 F -0.03890300724592255649 #
DXID-attrib $-1 -1 $-1 $-1 $1688 @18 ASM_FACE_FROM_STEP @16 MD-JJ-K4080-5942 #
face $2576 -1 $-1 $2577 $1783 $4 $-1 $2578 reversed single #
loop $-1 -1 $-1 $-1 $2579 $1688 #
plane-surface $-1 -1 $-1 -65.35786437626904899 4.000000000000010658 8.5 2.750537678273414955e-16 1 0 -1 2.750537678273414955e-16 0 forward_v I I I I #
coedge $-1 -1 $-1 $2580 $2581 $2582 $2583 forward $1689 $-1 #
coedge $-1 -1 $-1 $1692 $1691 $2584 $2585 forward $1018 $-1 #
coedge $-1 -1 $-1 $1708 $2586 $1691 $2103 reversed $2121 $-1 #
edge $-1 -1 $-1 $1710 -0.4500000000000002331 $2587 0.1000000000000000056 $2102 $2588 forward @7 unknown #
coedge $-1 -1 $-1 $2423 $2418 $1692 $2105 reversed $1565 $-1 #
edge $-1 -1 $-1 $2589 -0.09999999999999953371 $2107 7.900000000000001243 $2104 $2590 forward @7 unknown #
coedge $-1 -1 $-1 $1698 $1693 $2418 $2591 reversed $1699 $-1 #
vertex $-1 -1 $-1 $2105 $2592 #
straight-curve $-1 -1 $-1 -41.75000000000000711 79 18 -10 -0 -0 I I #
coedge $-1 -1 $-1 $2593 $1695 $2594 $2595 forward $724 $-1 #
coedge $-1 -1 $-1 $2596 $2597 $1695 $2111 reversed $2598 $-1 #
edge $-1 -1 $-1 $2115 -0.07000000000000006217 $2599 0.4900000000000002132 $2110 $2600 forward @7 unknown #
coedge $-1 -1 $-1 $2419 $1696 $1698 $2117 reversed $2114 $-1 #
coedge $-1 -1 $-1 $1696 $2601 $2596 $2602 reversed $2114 $-1 #
loop $-1 -1 $-1 $-1 $1696 $2603 #
vertex $-1 -1 $-1 $1697 $2604 #
straight-curve $-1 -1 $-1 -40.59364205123993941 42.90635794876006059 12.25109307786056156 -7.062025065134035273 -7.062025065134035273 -0.5055729016049580471 I I #
edge $2605 -1 $-1 $2606 -0.643108944637425628 $1701 -0.09254275490375493685 $2112 $2607 reversed @7 unknown #
point $-1 -1 $-1 -4.499999999999992895 79 14.83504982865549238 #
DXID-attrib $-1 -1 $-1 $-1 $1705 @18 ASM_FACE_FROM_STEP @28 MD-JJ-K4080-4961-dup-dxid-16 #
face $2608 -1 $-1 $2609 $2610 $4 $-1 $2611 forward single #
loop $-1 -1 $-1 $-1 $1708 $1705 #
coedge $-1 -1 $-1 $2489 $2488 $2612 $2613 reversed $1706 $-1 #
coedge $-1 -1 $-1 $1707 $2497 $2614 $2615 reversed $724 $-1 #
coedge $-1 -1 $-1 $2616 $2617 $1707 $2125 forward $2344 $-1 #
edge $-1 -1 $-1 $2128 -0.2734607126610410499 $2618 -0.2041337599224265498 $1707 $2619 forward @7 unknown #
coedge $-1 -1 $-1 $2586 $1708 $2617 $2620 forward $2121 $-1 #
DXID-attrib $-1 -1 $-1 $-1 $1709 @18 ASM_EDGE_FROM_STEP @4 6943 #
vertex $-1 -1 $-1 $2125 $2621 #
point $-1 -1 $-1 -79 4.499999999999992895 18 #
straight-curve $-1 -1 $-1 0.8431457505076550563 68 -5.625 0 0 -10 I I #
edge $2622 -1 $-1 $2623 -1.1875 $1717 -1.065992452543247593 $1719 $2624 forward @7 unknown #
point $-1 -1 $-1 0.999999999999999778 67.84314575050765939 -4.534924525432476372 #
coedge $-1 -1 $-1 $2625 $1719 $2626 $2627 forward $1223 $-1 #
ellipse-curve $-1 -1 $-1 0.9999999999999986677 42.84062043356598792 -3.996501557190970999 -1 0 0 0 1.413244829349863174 0.07406502308946716351 0.7066217501846246973 I I #
point $-1 -1 $-1 0.999999999999999778 41.42640687119288856 -4.033559453308937393 #
coedge $-1 -1 $-1 $1727 $2625 $2628 $2629 forward $1223 $-1 #
edge $2630 -1 $-1 $1728 -0.1590075474567523295 $2631 -0.0374999999999999778 $1727 $2624 forward @7 unknown #
point $-1 -1 $-1 0.999999999999999778 67.84314575050765939 4.53492452543247726 #
coedge $-1 -1 $-1 $2162 $1731 $2632 $2633 forward $37 $-1 #
ellipse-curve $-1 -1 $-1 0.999999999999999778 42.84062043356598792 3.996501557190972775 -1 0 0 0 1.413244829349863174 -0.07406502308946716351 0.7066217501846246973 I I #
point $-1 -1 $-1 0.999999999999999778 41.42640687119289566 4.033559453308938281 #
coedge $-1 -1 $-1 $2091 $1739 $2090 $2572 forward $1404 $-1 #
coedge $-1 -1 $-1 $1739 $2634 $2635 $2636 reversed $1404 $-1 #
coedge $-1 -1 $-1 $2637 $2362 $1739 $2145 forward $2364 $-1 #
edge $2638 -1 $-1 $2639 0.001114474076250589673 $2640 0.004826223479230034273 $1739 $2641 forward @7 unknown #
coedge $-1 -1 $-1 $2642 $1742 $1755 $2158 forward $1404 $-1 #
DXID-attrib $-1 -1 $-1 $-1 $1743 @18 ASM_EDGE_FROM_STEP @4 4329 #
vertex $-1 -1 $-1 $1743 $2643 #
vertex $-1 -1 $-1 $1743 $2644 #
straight-curve $-1 -1 $-1 -12.00000000000000711 5.077769868672717735 -4.5 0 0 1000 F 0.0008220208646195476367 F 0.008177979135380448322 #
point $-1 -1 $-1 3.118711083692308872 2.89688567674430697 3.983981360952721928 #
DXID-attrib $-1 -1 $-1 $-1 $1751 @18 ASM_FACE_FROM_STEP @16 MD-JJ-K4080-8864 #
face $2645 -1 $-1 $1868 $2646 $4 $-1 $2647 reversed single #
cone-surface $-1 -1 $-1 -3.500000000000000444 65.35786437626903478 -9.184113400489605894 -1.2224611903437405e-16 1 -6.404462823567628986e-18 -0.5 -6.112305951718703735e-17 3.914603623405358175e-34 1 I I 0 1 0.5 forward I I I I #
coedge $-1 -1 $-1 $2648 $2261 $2264 $2649 reversed $1752 $2650 #
DXID-attrib $-1 -1 $-1 $-1 $1754 @18 ASM_EDGE_FROM_STEP @3 842 #
straight-curve $-1 -1 $-1 -12.00000000000000888 8.918042128461490137 3.476718994402656637 -6.048776778683658175e-13 998.6295347545740242 -52.33595624294395776 I I #
edge $2651 -1 $-1 $2148 -0.05805964912736260447 $2570 -0.01915663994840906964 $2146 $2652 forward @7 unknown #
DXID-attrib $-1 -1 $-1 $-1 $1756 @18 ASM_EDGE_FROM_STEP @4 4313 #
straight-curve $-1 -1 $-1 -12.00000000000000711 5.025433912429772221 -3.680721946623799479 6.048776778683658175e-13 -998.6295347545740242 -52.33595624294395776 I I #
point $-1 -1 $-1 -12.00000000000000888 7.999999999999991118 -3.524831543643599296 #
coedge $-1 -1 $-1 $1760 $2139 $2653 $2654 forward $37 $-1 #
coedge $-1 -1 $-1 $2655 $2656 $1760 $2164 reversed $1824 $-1 #
edge $2657 -1 $-1 $2658 0.0625 $2169 0.2937344467321694186 $2163 $2659 reversed @7 unknown #
coedge $-1 -1 $-1 $2660 $1761 $2656 $2661 reversed $2167 $-1 #
coedge $-1 -1 $-1 $1761 $2662 $1763 $2172 forward $2167 $-1 #
loop $-1 -1 $-1 $-1 $2594 $2259 #
DXID-attrib $-1 -1 $-1 $-1 $1762 @18 ASM_EDGE_FROM_STEP @3 789 #
vertex $-1 -1 $-1 $1762 $2663 #
straight-curve $-1 -1 $-1 0.999999999999999778 37.89236764011293701 9.99250445794446307 0 9.996568547876270472 -0.2619489790224465708 F -10007.22316848342234 F 9999.642093545831813 #
coedge $-1 -1 $-1 $2664 $1763 $2665 $2666 reversed $1765 $-1 #
edge $-1 -1 $-1 $2667 1.84185791404457877 $1766 1.857673429831224743 $1763 $2668 forward @7 unknown #
tcoedge-coedge $-1 -1 $-1 $1764 $2664 $2669 $2670 forward $1765 $2671 3.1045770917863873 4.638357856777870936 #
face $2672 -1 $-1 $2673 $1765 $4 $-1 $2674 reversed single #
point $-1 -1 $-1 1.000000000000000888 70.30536504140928855 9.143157851089997123 #
DXID-attrib $-1 -1 $-1 $-1 $1768 @18 ASM_EDGE_FROM_STEP @4 7653 #
tvertex-vertex $-1 -1 $-1 $2670 $2675 1.001464821375527134e-11 #
straight-curve $-1 -1 $-1 -31.65642297103882541 36.33956379910013368 10.15904282795680302 -706.6217501846249434 -706.6217501846233517 37.03247672027219295 I I #
coedge $-1 -1 $-1 $2676 $2677 $1770 $2180 forward $2678 $-1 #
edge $2679 -1 $-1 $2190 1.593792563078322714e-05 $2186 0.006023911156613443417 $1770 $2680 forward @7 tangent #
coedge $-1 -1 $-1 $2681 $1771 $2396 $2682 reversed $2183 $2683 #
coedge $-1 -1 $-1 $1771 $2681 $2684 $2685 forward $2183 $2686 #
loop $-1 -1 $-1 $-1 $2182 $2687 #
pcurve $-1 -1 $-1 0 forward { exppc nubs 3 open 2 
	-3.1731378423302945 3 -1.641244522781521775 3 
	3.173137842330293612 5.182412424182997361e-15 
	2.712193568680522304 0 
	2.102168378714099894 0 
	1.641244522781521109 0 
	0.01000000000000000021 
	spline forward { exactsur full nurbs 3 2 both open open none none 3 2 
	1.641244522781521109 3 2.407191182555907361 2 3.173137842330293612 3 
	0 2 1 2 
	-3.526167978121464763 9.964909866070380318 8.684798633112317034 1 
	-3.621099108651507414 9.688055882155273579 8.689773762848226113 1 
	-3.712323316167256415 9.417179430663910722 8.796978884757537642 1 
	-3.839537098871316889 9.029450833781652364 9.158110994208071176 1 
	-3.874573849006397008 8.915502204629506267 9.40934483600593552 1 
	-3.871572412738689017 8.912168771948127954 9.665326288494087592 1 
	-3.999999999999993783 9.964909866070380318 8.709631117132163425 0.7253743710122874111 
	-3.999999999999993783 9.716149912654104881 8.792067407892135478 0.7908344210909187266 
	-3.999999999999993783 9.472373172034634692 8.927460469538473831 0.8447643719906179349 
	-3.999999999999993783 9.152447240021990282 9.260350926922324533 0.9169736420390426357 
	-3.999999999999992895 9.057368056150693292 9.464445733697488095 0.9353167119936314222 
	-3.99999999999999245 9.054802057609846244 9.665326288494085816 0.9335804264972012989 
	-3.999999999999993783 9.964909866070380318 9.184113400489604118 1 
	-3.999999999999993783 9.773739454970998608 9.184113400566706886 1 
	-3.999999999999993783 9.58767142429917385 9.235325532377858693 1 
	-3.999999999999993783 9.323164516293124038 9.412558091180317277 1 
	-3.999999999999993783 9.246734075509754902 9.537232767682276346 1 
	-3.999999999999993783 9.246734075127559294 9.665326288494087592 1 
	0 
	
	0 
	1 2.407191182555907361 
	0 
	0 
	0 
	0 
	F 1 F 0 F 1 F 0 } I I I I 
	} 0 0 #
DXID-attrib $-1 -1 $-1 $-1 $1772 @18 ASM_EDGE_FROM_STEP @4 8369 #
tvertex-vertex $-1 -1 $-1 $1772 $2688 1.000379429987221411e-11 #
intcurve-curve $-1 -1 $-1 forward { parcur full nubs 3 open 3 
	1.641244522781521775 3 2.407198483899172459 3 3.1731378423302945 3 
	-3.526167978121464763 9.964909866070380318 8.684798633112317034 
	-3.611858879587077187 9.715003778114084554 8.689289502962891376 
	-3.709227418112423624 9.426615265236048202 8.788190307203905149 
	-3.775930207519287762 9.223315132222783319 8.977544939482806186 
	-3.842631725257129816 9.020018875066636355 9.166895961771450274 
	-3.874281769169551914 8.915177817107375446 9.434255250290815908 
	-3.87157241273869035 8.912168771948127954 9.665326288494087592 
	0.002194914563447588132 
	
	spline forward { ref 26 } I I I I 
	null_surface 
	nubs 3 open 2 
	1.641244522781521775 3 3.1731378423302945 3 
	1.641244522781521109 0 
	2.102168378714099894 0 
	2.712193568680522304 0 
	3.173137842330293612 5.182412424182997361e-15 
	
	nullbs 
	I I 
	0 
	1 2.407198483899172459 
	0 
	surf1 } F 1.641244522781521775 F 3.1731378423302945 #
point $-1 -1 $-1 -3.526167978121464319 9.964909866070380318 8.684798633112318811 #
coedge $-1 -1 $-1 $2689 $1777 $2677 $2690 forward $1783 $-1 #
vertex $-1 -1 $-1 $2180 $2691 #
ellipse-curve $-1 -1 $-1 0.8541539616507638488 5.158194468757423934 9.456608033701993321 -0.7071067811865477948 0.7071067811865473507 0 -0.5885975400626373144 -0.5885975400626376475 -0.5577504500965170253 0.99801607314558205 I I #
DXID-attrib $-1 -1 $-1 $-1 $1780 @18 ASM_FACE_FROM_STEP @16 MD-JJ-K4080-8817 #
face $2692 -1 $-1 $2416 $2678 $4 $-1 $2693 forward single #
cone-surface $-1 -1 $-1 0.7592635106434976189 5.263580991183879121 14.53841896848555137 -0.6687195570917210397 0.7426883090171001456 -0.03504610695031606937 -0.7431448254773942441 -0.6691306063588582376 -3.469446951953613418e-18 1 I I 0 1 1 forward I I I I #
coedge $-1 -1 $-1 $1782 $2694 $2695 $2696 forward $1783 $-1 #
edge $-1 -1 $-1 $2697 -0.5894224891008271738 $1785 -0.1173964654583380812 $1788 $2698 forward @7 unknown #
point $-1 -1 $-1 -4.527546310060833967 -0.2235058029541757418 9 #
coedge $-1 -1 $-1 $2209 $1788 $2699 $2700 reversed $1444 $-1 #
coedge $-1 -1 $-1 $2459 $1790 $2701 $2702 forward $270 $-1 #
coedge $-1 -1 $-1 $1961 $2703 $1790 $2201 forward $2442 $-1 #
edge $2704 -1 $-1 $2705 -3.550920465863166786 $2203 -3.242412358406965289 $1790 $2706 forward @7 unknown #
coedge $-1 -1 $-1 $2707 $1791 $1794 $2206 reversed $1235 $-1 #
vertex $-1 -1 $-1 $1962 $2708 #
ellipse-curve $-1 -1 $-1 -68.94365081389597094 -1.00000000000000977 9.448964566714877833 -1.224606353822377258e-16 1 0 1.413244829349865395 2.773656311045082202e-16 0.07406502308946728841 0.7066217501846245863 I I #
coedge $-1 -1 $-1 $1794 $1793 $2709 $2710 forward $1795 $-1 #
edge $2711 -1 $-1 $2712 0.03980949494629558438 $1796 0.04621485676390012232 $2202 $2713 forward @7 tangent #
face $2714 -1 $-1 $2715 $1795 $4 $-1 $2716 forward single #
point $-1 -1 $-1 -68.99598677013892711 -1.00000000000000977 8.447592220716957812 #
coedge $-1 -1 $-1 $1798 $2198 $2717 $2718 forward $1444 $-1 #
tcoedge-coedge $-1 -1 $-1 $2719 $2720 $1798 $2211 reversed $2721 $2722 -1.500348130808271563 1.776356839400250465e-15 #
tedge-edge $2723 -1 $-1 $2724 -1.776356839400250465e-15 $2214 1.500348130808271563 $2210 $2725 forward @14 tangent_not_g2 0.001204237254406139313 #
pcurve $-1 -1 $-1 0 forward { exppc nubs 3 open 3 
	-1.776356839400250465e-15 3 0.7501576421342621703 3 1.500348130808271563 3 
	-5.834983709418029463 -0.03154518874050266097 
	-5.834983709670506613 -0.2587955839984608097 
	-5.885013837943796844 -0.5199941997770816116 
	-5.98421031884021204 -0.7817192541446380538 
	-6.083411143171886692 -1.043455768453302568 
	-6.22575027112113677 -1.304632973859898293 
	-6.351776411669604272 -1.531893319548769838 
	0.000972494697750679463 
	cone -5.247519783632784041 -0.7737250868788112523 9.460823132419024617 0.7426883090171004786 -0.6687195570917205956 -0.03504610695031603468 0.6691306063588576825 0.7431448254773944662 0 1 I I 0 1 0.999999999999999889 forward I I I I 
	} 0 0 #
DXID-attrib $-1 -1 $-1 $-1 $1799 @18 ASM_EDGE_FROM_STEP @4 6593 #
tvertex-vertex $-1 -1 $-1 $2211 $2726 1.000251214793389386e-11 #
straight-curve $-1 -1 $-1 -5.247519783632784041 -0.7213891306358672928 8.462193597664452227 -742.6883090171004369 668.7195570917207306 35.0461069503160374 I I #
DXID-attrib $-1 -1 $-1 $-1 $1800 @18 ASM_FACE_FROM_STEP @16 MD-JJ-K4080-4913 #
face $2727 -1 $-1 $1205 $2728 $4 $-1 $2729 forward single #
cone-surface $-1 -1 $-1 -5.247519783632784041 -0.7737250868788112523 9.460823132419024617 0.7426883090171004786 -0.6687195570917205956 -0.03504610695031603468 0.6691306063588576825 0.7431448254773944662 0 1 I I 0 1 0.999999999999999889 forward I I I I #
coedge $-1 -1 $-1 $2453 $1803 $2730 $2731 forward $1457 $-1 #
coedge $-1 -1 $-1 $1805 $1804 $2556 $2732 reversed $1141 $-1 #
coedge $-1 -1 $-1 $2733 $2564 $1804 $2222 reversed $2021 $-1 #
edge $2734 -1 $-1 $2230 -0.003349038740854272823 $2735 -0.0009193019999024017348 $1804 $2736 forward @14 tangent_not_g2 #
coedge $-1 -1 $-1 $2557 $2737 $1805 $2224 reversed $2501 $-1 #
edge $2738 -1 $-1 $2739 -0.002482144520234913238 $2229 -5.240777928304217063e-05 $1805 $2740 forward @14 tangent_not_g2 #
coedge $-1 -1 $-1 $2741 $1806 $2737 $2742 forward $2227 $-1 #
coedge $-1 -1 $-1 $1806 $2743 $2733 $2744 forward $2227 $-1 #
loop $-1 -1 $-1 $-1 $2745 $1919 #
DXID-attrib $-1 -1 $-1 $-1 $1807 @18 ASM_EDGE_FROM_STEP @4 4813 #
vertex $-1 -1 $-1 $1807 $2746 #
vertex $-1 -1 $-1 $2744 $2747 #
straight-curve $-1 -1 $-1 -48.00000000000001421 5.573593128807123875 -4.5 0 0 1000 F 0.0008480058606000706817 F 0.008151994139399930048 #
coedge $-1 -1 $-1 $2023 $1994 $1992 $2474 forward $1816 $-1 #
coedge $-1 -1 $-1 $2748 $1818 $2749 $2750 forward $1476 $-1 #
coedge $-1 -1 $-1 $1818 $2751 $1862 $2291 forward $1476 $-1 #
coedge $-1 -1 $-1 $1863 $2752 $1818 $2236 reversed $2293 $-1 #
edge $2753 -1 $-1 $2295 -0.004662616818364780959 $2754 6.73060464704500202e-06 $1818 $2755 forward @14 tangent_not_g2 #
coedge $-1 -1 $-1 $2756 $2626 $1819 $2238 reversed $2757 $-1 #
edge $2758 -1 $-1 $2242 -1.570796326794896558 $2623 0 $2237 $2759 forward @7 unknown #
coedge $-1 -1 $-1 $2760 $1820 $1823 $2246 reversed $1925 $-1 #
coedge $-1 -1 $-1 $1820 $2760 $2756 $2761 forward $1925 $-1 #
DXID-attrib $-1 -1 $-1 $-1 $1821 @18 ASM_EDGE_FROM_STEP @5 10712 #
vertex $-1 -1 $-1 $1821 $2762 #
straight-curve $-1 -1 $-1 0.9999999999999996669 68.84314575050764518 -6.75 1.341631739597963489e-12 1000 0 I I #
coedge $-1 -1 $-1 $2656 $1822 $2763 $2764 reversed $1824 $-1 #
coedge $-1 -1 $-1 $1823 $2765 $2766 $2767 reversed $1824 $-1 #
edge $-1 -1 $-1 $2768 -0.2101930981995157877 $1826 -0.06074544321305584693 $2239 $2769 forward @7 unknown #
face $2770 -1 $-1 $2495 $1824 $4 $-1 $2771 forward single #
point $-1 -1 $-1 1 73.38938748517080057 -6.75 #
coedge $-1 -1 $-1 $1839 $2772 $1828 $2250 forward $2273 $-1 #
edge $2773 -1 $-1 $2774 -0.002898773305148203035 $1841 0.007488125701636218733 $2249 $2775 forward @7 unknown #
coedge $-1 -1 $-1 $2776 $2763 $1829 $2252 forward $2777 $-1 #
edge $2778 -1 $-1 $2254 -0.08299931984689654096 $2779 -0.03813500233831361441 $1829 $2780 reversed @7 unknown #
DXID-attrib $-1 -1 $-1 $-1 $1830 @18 ASM_EDGE_FROM_STEP @4 8589 #
vertex $-1 -1 $-1 $2252 $2781 #
straight-curve $-1 -1 $-1 0.01697595536043221276 74.48114629152553334 -9.078352129601476861 -669.0908879753311567 743.1007137435841514 -10.89554322459417079 I I #
coedge $-1 -1 $-1 $2782 $2593 $1831 $2257 forward $724 $-1 #
edge $-1 -1 $-1 $2779 -5.050279134085262633 $2774 -4.980952181346646412 $1831 $2783 forward @7 unknown #
DXID-attrib $-1 -1 $-1 $-1 $1832 @18 ASM_FACE_FROM_STEP @16 MD-JJ-K4080-3528 #
face $2784 -1 $-1 $2785 $2167 $4 $-1 $2786 forward single #
plane-surface $-1 -1 $-1 -3.540202025355363435 76 -9.199999999999999289 0.0453242676377402301 0.02616797812147200752 -0.9986295347545739443 -0.9989716227690165207 0 -0.045339793804534477 forward_v I I I I #
coedge $-1 -1 $-1 $2155 $2787 $1834 $2262 reversed $1752 $2788 #
edge $2789 -1 $-1 $2268 -1.657045506709186045 $2790 -1.614317852193907665 $1834 $2791 forward @14 tangent_not_g2 #
coedge $-1 -1 $-1 $2792 $1835 $1847 $2282 reversed $2265 $2793 #
coedge $-1 -1 $-1 $1835 $2792 $2155 $2649 forward $2265 $2794 #
loop $-1 -1 $-1 $-1 $2792 $2795 #
pcurve $-1 -1 $-1 0 forward { exppc nubs 3 open 2 
	-6.283185307179584456 3 -4.786420103991495978 3 
	1.363426164868827863e-15 0.999999999999965361 
	0.452584990429878764 1 
	1.04422074061627379 1 
	1.49676520318809203 1 
	0.01000000000000000021 
	spline forward { exactsur full nurbs 3 2 both open open none none 3 2 
	-1.776356839400250465e-15 3 0.7483826015940451271 2 1.49676520318809203 3 
	0 2 1 2 
	-3.999999999999999112 65.15027322857088166 -9.647767061943831379 1 
	-3.999999999999999112 65.14373017820494738 -9.522918230335376322 1 
	-3.999999999999999112 65.06838119070690141 -9.402891369969280433 1 
	-3.999999999999999112 64.81892043708498363 -9.232911742248571585 1 
	-3.999999999999999112 64.64654248734095177 -9.184113400578509001 1 
	-3.999999999999999112 64.46981879201740639 -9.184113400489604118 1 
	-3.999999999999999556 65.35689564324582079 -9.636938440040621501 0.924010681679471646 
	-3.999999999999999112 65.34653244443705944 -9.439196832080289923 0.9241339199865943321 
	-3.999999999999999112 65.25108101951643391 -9.240526461262668079 0.9058152981982892094 
	-3.999999999999999556 64.94103372303126775 -8.917150510252502826 0.8368930757760455474 
	-3.999999999999999112 64.7093605955382003 -8.786752289259680992 0.7862281980311681684 
	-3.999999999999999556 64.46981879201740639 -8.709631117132161648 0.725374371012286745 
	-3.853795739857765135 65.50309990338804766 -9.629276199444845474 1 
	-3.853795740034644535 65.49001380318759402 -9.37957853619502302 1 
	-3.819313770197998448 65.37379779732003726 -9.137717692040208561 1 
	-3.699202468162134938 64.99498759211172683 -8.791463669993023089 1 
	-3.614396778711308489 64.73498984786286314 -8.689422508620037178 1 
	-3.526167978121470536 64.46981879201740639 -8.684798633112317034 1 
	0 
	
	0 
	1 0.7483826015940451271 
	0 
	0 
	0 
	0 
	F 1 F 0 F 1 F 0 } I I I I 
	} 0 0 #
DXID-attrib $-1 -1 $-1 $-1 $1836 @18 ASM_EDGE_FROM_STEP @4 4954 #
tvertex-vertex $-1 -1 $-1 $1836 $2796 1.001733655112440688e-11 #
intcurve-curve $-1 -1 $-1 forward { parcur full nubs 3 open 3 
	4.786420103991495978 3 5.534817228823424529 3 6.283185307179584456 3 
	-3.526167978121470536 64.46981879201740639 -8.684798633112317034 
	-3.606197023225086173 64.71034553891362862 -8.688992777644340748 
	-3.696411231477188863 64.98618451593581824 -8.783417158863205287 
	-3.759258119180068913 65.18439269471588204 -8.964590681016616713 
	-3.82210256769586465 65.38259318072311999 -9.145757171539166563 
	-3.853795740018218119 65.49122938905432534 -9.402773295959407918 
	-3.853795739857774461 65.50309990338804766 -9.629276199444843698 
	0.001952588612618938544 
	
	spline forward { ref 30 } I I I I 
	null_surface 
	nubs 3 open 2 
	4.786420103991495978 3 6.283185307179584456 3 
	1.49676520318809203 1 
	1.04422074061627379 1 
	0.452584990429878764 1 
	1.363426164868827863e-15 0.999999999999965361 
	
	nullbs 
	I I 
	0 
	1 5.534817228823424529 
	0 
	surf1 } F 4.786420103991495978 F 6.283185307179584456 #
coedge $-1 -1 $-1 $2797 $2798 $1838 $2271 forward $2799 $-1 #
edge $2800 -1 $-1 $2274 -0.005889371629639963447 $2790 -0.000171537988574459795 $1838 $2801 forward @7 tangent #
coedge $-1 -1 $-1 $2802 $1839 $2798 $2803 forward $2273 $-1 #
loop $-1 -1 $-1 $-1 $2772 $2609 #
vertex $-1 -1 $-1 $1840 $2804 #
ellipse-curve $-1 -1 $-1 0.7044303143260027822 68.64808112822193209 -9.46445471756443979 -0.8660254037844382635 -0.5000000000000006661 0 -0.5127640512071005574 0.8881333889855462793 0.1468358476875885055 0.9652632616188182579 I I #
point $-1 -1 $-1 0.2038608254627525818 69.51509291565186288 -9.200000000000001066 #
DXID-attrib $-1 -1 $-1 $-1 $1844 @18 ASM_FACE_FROM_STEP @16 MD-JJ-K4080-9682 #
face $2805 -1 $-1 $65 $2799 $4 $-1 $2806 forward single #
loop $-1 -1 $-1 $-1 $2807 $1844 #
cone-surface $-1 -1 $-1 -31.60408701479587634 36.33956379910013368 -12.84232763728862636 0.7066217501846249194 0.706621750184623254 -0.03703247672027217691 -0.7071067811865443531 0.7071067811865460184 -4.510281037539681805e-17 1 I I 0 1 0.9999999999999965583 forward I I I I #
coedge $-1 -1 $-1 $1847 $1846 $2751 $2808 reversed $1848 $-1 #
edge $2809 -1 $-1 $2810 -1.570796326794896558 $1495 -0.05235987755982745434 $2263 $2811 forward @14 tangent_not_g2 #
coedge $-1 -1 $-1 $1856 $1855 $2812 $2813 forward $1514 $-1 #
coedge $-1 -1 $-1 $2752 $1863 $1856 $2285 reversed $2293 $-1 #
edge $2814 -1 $-1 $2815 -0.004662616818364781826 $1510 6.730604647043891559e-06 $1856 $2816 forward @14 tangent_not_g2 #
coedge $-1 -1 $-1 $1859 $1874 $1879 $2313 reversed $1186 $-1 #
coedge $-1 -1 $-1 $1881 $2812 $1859 $2288 reversed $2317 $-1 #
edge $-1 -1 $-1 $2319 0.1173964654583620204 $2289 0.5894224891008493783 $2287 $2817 forward @7 unknown #
vertex $-1 -1 $-1 $2813 $2818 #
straight-curve $-1 -1 $-1 0.1460767853029515118 4.450117292409610847 -9 0 0 10 I I #
edge $2819 -1 $-1 $2298 1.641244522781521331 $2295 3.173137842330293612 $2234 $2820 forward @14 tangent_not_g2 #
pcurve $-1 -1 $-1 -1 $2821 0 0 #
loop $-1 -1 $-1 $-1 $1863 $2822 #
DXID-attrib $-1 -1 $-1 $-1 $1864 @18 ASM_EDGE_FROM_STEP @4 9602 #
vertex $-1 -1 $-1 $2236 $2823 #
ellipse-curve $-1 -1 $-1 -3.499999999999993783 9.246734075127559294 -9.665326288494087592 0 0 1 0.5 0 0 1 F -3.141592653589793116 F -2.408554367752173686 #
DXID-attrib $-1 -1 $-1 $-1 $1866 @18 ASM_EDGE_FROM_STEP @4 8902 #
vertex $-1 -1 $-1 $2808 $2824 #
ellipse-curve $-1 -1 $-1 -3.499999999999993783 9.964909866070380318 -9.184113400489605894 0 1 0 0 0 0.5000000000000004441 1 F -1.570796326794896558 F -0.05235987755983090991 #
DXID-attrib $-1 -1 $-1 $-1 $1868 @18 ASM_FACE_FROM_STEP @16 MD-JJ-K4080-1791 #
face $2825 -1 $-1 $2822 $2826 $4 $-1 $2827 reversed single #
spline-surface $-1 -1 $-1 forward { ref 10 } I I I I #
coedge $-1 -1 $-1 $2310 $1870 $2828 $2829 forward $2304 $-1 #
loop $-1 -1 $-1 $-1 $1875 $1910 #
DXID-attrib $-1 -1 $-1 $-1 $1871 @18 ASM_EDGE_FROM_STEP @4 4393 #
vertex $-1 -1 $-1 $1900 $2830 #
straight-curve $-1 -1 $-1 -9.029751718149686468 3.977444573039024434 -9.67087481330332821 -742.6883090171004369 668.7195570917207306 -35.04610695031603029 I I #
point $-1 -1 $-1 -4.450117292409610847 -0.1460767853029526497 -9.454770216086433976 #
edge $-1 -1 $-1 $2311 -0.5894224891008282841 $2539 -0.117396465458340829 $2058 $2831 forward @7 unknown #
coedge $-1 -1 $-1 $1875 $2303 $2538 $2832 forward $2304 $-1 #
vertex $-1 -1 $-1 $2309 $2833 #
straight-curve $-1 -1 $-1 -4.450117292409609959 -0.1460767853029532048 -9 0 0 -10 I I #
edge $2834 -1 $-1 $2319 -0.0003160849378068823399 $2539 0.006402917395960291622 $1879 $2835 forward @7 unknown #
coedge $-1 -1 $-1 $2052 $2390 $1880 $2315 reversed $2063 $-1 #
edge $2836 -1 $-1 $2056 -0.3788061591880791945 $2318 0.08958842319460241788 $2314 $2837 forward @7 unknown #
coedge $-1 -1 $-1 $2388 $1881 $2390 $2838 reversed $2317 $-1 #
loop $-1 -1 $-1 $-1 $1881 $2839 #
vertex $-1 -1 $-1 $2838 $2840 #
vertex $-1 -1 $-1 $1882 $2841 #
ellipse-curve $-1 -1 $-1 -16.83897649135901986 24.80840657637559232 -13.61613429069061532 -0.03700710955926812123 0.03700710955926809348 -0.9986295347545739443 38.77098456759518541 -43.06363473051371216 -3.032618820802646109 0.01723404805514876931 I I #
coedge $-1 -1 $-1 $2842 $2843 $1883 $2322 reversed $2844 $-1 #
edge $2845 -1 $-1 $2366 -0.01077500000000000159 $2327 -0.002724999999999999558 $1883 $2846 forward @7 unknown #
coedge $-1 -1 $-1 $2847 $1884 $2843 $2848 reversed $2325 $-1 #
coedge $-1 -1 $-1 $1884 $2849 $1886 $2330 forward $2325 $-1 #
loop $-1 -1 $-1 $-1 $2849 $2850 #
DXID-attrib $-1 -1 $-1 $-1 $1885 @18 ASM_EDGE_FROM_STEP @4 9007 #
vertex $-1 -1 $-1 $2322 $2851 #
straight-curve $-1 -1 $-1 -8.006897109335007201 -1.581536258668703399 -4.025000000000000355 -707.1067811865475505 -707.1067811865475505 0 F -0.004480046255470797843 F -0.002279096483935262943 #
coedge $-1 -1 $-1 $2085 $1886 $2642 $2852 reversed $1853 $-1 #
edge $2853 -1 $-1 $2854 -0.001906746902953620039 $1888 1.501725444526890612e-16 $1886 $2855 forward @7 unknown #
point $-1 -1 $-1 -6.395332530565966067 0.03002832010033846394 -4.025000000000000355 #
coedge $-1 -1 $-1 $1891 $2446 $2856 $2857 forward $270 $-1 #
coedge $-1 -1 $-1 $2858 $2859 $1891 $2334 forward $2860 $-1 #
edge $2861 -1 $-1 $2337 -0.004546241734663131889 $2862 -0.0004142135623730958181 $1891 $2863 forward @7 unknown #
coedge $-1 -1 $-1 $2864 $1892 $2859 $2865 reversed $2011 $-1 #
DXID-attrib $-1 -1 $-1 $-1 $1893 @18 ASM_EDGE_FROM_STEP @4 1410 #
vertex $-1 -1 $-1 $2334 $2866 #
straight-curve $-1 -1 $-1 -73.38938748517081478 -1.000000000000009104 6.125 0 0 10 F -10000.61250099999961 F 9999.387501000001066 #
coedge $-1 -1 $-1 $1894 $2000 $1901 $2353 forward $2001 $-1 #
DXID-attrib $-1 -1 $-1 $-1 $1895 @18 ASM_EDGE_FROM_STEP @4 5483 #
straight-curve $-1 -1 $-1 -10.49115363949551671 3.526167978121467872 -8.684798633112318811 1000 -2.750537678273415996e-13 3.886390879836183042e-15 F -0.05397866515252190689 F 0.0005262437734251301704 #
DXID-attrib $-1 -1 $-1 $-1 $1897 @18 ASM_FACE_FROM_STEP @15 MD-JJ-K4080-537 #
face $2867 -1 $-1 $2357 $2868 $4 $-1 $2869 reversed single #
loop $-1 -1 $-1 $-1 $2124 $1897 #
plane-surface $-1 -1 $-1 -76 3.54020202535533457 14.80000000000000249 -0.02616797812147205263 -0.0453242676377401954 -0.9986295347545739443 0 0.9989716227690165207 -0.0453397938045344423 forward_v I I I I #
coedge $-1 -1 $-1 $2870 $1899 $1902 $2355 reversed $2348 $2871 #
coedge $-1 -1 $-1 $1899 $2870 $2872 $2873 reversed $2348 $2874 #
loop $-1 -1 $-1 $-1 $2346 $2875 #
pcurve $-1 -1 $-1 0 forward { exppc nubs 1 open 2 
	-1.36865952076048436 1 -1.33224349185901958 1 
	6.251640118439085292 0.9999999999999955591 
	6.283185307179585344 1 
	3.169925812234319129e-12 
	spline reversed { exactsur full nurbs 3 2 both open open none none 2 2 
	6.251640118439085292 3 6.283185307179586232 3 
	0 2 1 2 
	-9.246734075127562846 3.999999999999994671 -9.665326288494087592 1 
	-9.246734075143240972 3.999999999999994671 -9.660065524940446124 1 
	-9.246858014738293718 3.999999999999994671 -9.654807992500323621 1 
	-9.247105832303020634 3.999999999999994671 -9.649556304487122205 1 
	-9.054802057609856902 3.999999999999994671 -9.665326288494089368 0.9335804264972022981 
	-9.05490775330996911 3.999999999999995115 -9.657051844627916992 0.9336464581571966015 
	-9.055155617621942099 3.999999999999995115 -9.648780739932591999 0.9336794768412197687 
	-9.055545571960767148 3.999999999999994671 -9.640516925127201375 0.9336794766296306891 
	-8.91216877194813506 3.871572412738693458 -9.665326288494087592 1 
	-8.912305700862654945 3.871695704087108503 -9.654811223160507438 1 
	-8.912622061543430618 3.871757365087191705 -9.644299389185091442 1 
	-8.91311769668325482 3.871757365079376179 -9.633796013421601856 1 
	0 
	
	0 
	0 
	0 
	0 
	0 
	0 
	F 1 F 0 F 1 F 0 } I I I I 
	} 0 0 #
DXID-attrib $-1 -1 $-1 $-1 $1900 @18 ASM_EDGE_FROM_STEP @4 5930 #
ellipse-curve $-1 -1 $-1 -9.724005868025320964 3.592790444984839127 -9.676001886189535384 -0.324562442616700475 0.9457402688010927427 -0.01531550882987106621 0.1519365154313490618 0.06591895966065064449 0.8507277297944765282 0.9900636651438174951 F 1.33224349185901958 F 1.36865952076048436 #
coedge $-1 -1 $-1 $1902 $1901 $2876 $2877 reversed $1903 $2878 #
edge $2879 -1 $-1 $2880 1.570796326794896558 $1536 3.08923277602996027 $1901 $2881 forward @14 tangent_not_g2 #
pcurve $-1 -1 $-1 0 forward { exppc nubs 1 open 2 
	-3.08923277602996027 1 -1.570796326794896558 1 
	1.500348130808274449 1 
	1.500348130808270231 6.142734867588503723e-16 
	2.737555870348005801e-15 
	spline reversed { ref 23 } I I I I 
	} 0 0 #
edge $2882 -1 $-1 $2883 1.570796326794896558 $1906 2.303281628924709334 $1902 $2884 forward @14 tangent_not_g2 #
pcurve $-1 -1 $-1 0 forward { exppc nubs 1 open 2 
	1.570796326794896558 1 2.303281628924709334 1 
	3.794707603699267491e-16 0 
	3.794707603699267491e-16 1 
	1.741325827979149971e-13 
	spline reversed { ref 23 } I I I I 
	} 0 0 #
face $2885 -1 $-1 $2886 $1903 $4 $-1 $2887 reversed single #
point $-1 -1 $-1 -8.913117696683251268 3.87175736507937529 -9.633796013421603632 #
DXID-attrib $-1 -1 $-1 $-1 $1910 @18 ASM_FACE_FROM_STEP @16 MD-JJ-K4080-2734 #
face $2888 -1 $-1 $1952 $2889 $4 $-1 $2890 reversed single #
plane-surface $-1 -1 $-1 -4.450117292409609071 -0.1460767853029530661 -9 -0.6691306063588579045 -0.7431448254773945772 0 0.7431448254773946882 -0.6691306063588580155 0 forward_v I I I I #
coedge $-1 -1 $-1 $2144 $1912 $1914 $2368 forward $2364 $-1 #
coedge $-1 -1 $-1 $1912 $2637 $2842 $2891 forward $2364 $-1 #
loop $-1 -1 $-1 $-1 $2144 $2892 #
DXID-attrib $-1 -1 $-1 $-1 $1913 @18 ASM_EDGE_FROM_STEP @4 5579 #
vertex $-1 -1 $-1 $1913 $2893 #
straight-curve $-1 -1 $-1 -8.006897109335007201 -1.581536258668703399 4.024999999999998579 -707.1067811865475505 -707.1067811865475505 -0 F -0.004480046255470797843 F -0.002279096483935262943 #
edge $2894 -1 $-1 $1916 -0.001906746902949362594 $2639 -7.523018641365050893e-17 $1914 $2895 forward @7 unknown #
point $-1 -1 $-1 -6.395332530565966067 0.03002832010033846394 4.024999999999998579 #
DXID-attrib $-1 -1 $-1 $-1 $1919 @18 ASM_FACE_FROM_STEP @16 MD-JJ-K4080-2121 #
face $2896 -1 $-1 $2207 $2897 $4 $-1 $2898 reversed single #
plane-surface $-1 -1 $-1 -48.00000000000001421 5.573593128807123875 -4.5 0.7071067811865475727 0.7071067811865475727 0 -0.7071067811865476838 0.7071067811865476838 0 forward_v I I I I #
coedge $-1 -1 $-1 $2899 $2900 $2901 $2902 reversed $1920 $-1 #
coedge $-1 -1 $-1 $2559 $1922 $2900 $2903 forward $1548 $-1 #
coedge $-1 -1 $-1 $1922 $2074 $1963 $2445 forward $1548 $-1 #
coedge $-1 -1 $-1 $1964 $2901 $1922 $2377 forward $270 $-1 #
edge $-1 -1 $-1 $2904 1.878828447732303619 $2447 4.300000000000000711 $1922 $2905 reversed @7 unknown #
DXID-attrib $-1 -1 $-1 $-1 $1924 @18 ASM_FACE_FROM_STEP @16 MD-JJ-K4080-7677 #
loop $-1 -1 $-1 $-1 $2906 $1924 #
plane-surface $-1 -1 $-1 -4.336808689942017736e-16 68.84314575050764518 6.75 0 0 -1 -1 0 0 forward_v I I I I #
coedge $-1 -1 $-1 $2907 $1927 $2908 $2909 reversed $1554 $-1 #
coedge $-1 -1 $-1 $1927 $2766 $2910 $2911 forward $1554 $-1 #
coedge $-1 -1 $-1 $2912 $2913 $1927 $2384 forward $2914 $-1 #
edge $2915 -1 $-1 $2916 -0.01077500000000000159 $2917 -0.002724999999999997823 $1927 $2918 forward @7 unknown #
coedge $-1 -1 $-1 $1929 $1928 $2919 $2920 forward $1226 $-1 #
coedge $-1 -1 $-1 $2921 $2922 $1928 $2387 reversed $2279 $-1 #
edge $2923 -1 $-1 $2392 -0.04621485676390008068 $2924 -0.03980949494629556357 $2386 $2925 forward @7 tangent #
coedge $-1 -1 $-1 $2926 $2316 $1929 $2389 reversed $2317 $-1 #
edge $2927 -1 $-1 $2928 -0.006351776411669596799 $2393 0.0004166333501233571938 $2388 $2929 forward @7 tangent #
coedge $-1 -1 $-1 $2314 $1930 $2316 $2838 forward $2063 $-1 #
coedge $-1 -1 $-1 $1930 $2544 $2921 $2930 forward $2063 $-1 #
vertex $-1 -1 $-1 $2930 $2931 #
vertex $-1 -1 $-1 $1931 $2932 #
straight-curve $-1 -1 $-1 1 2.298097038856280694 -15.55240777928304219 0 10 -2.184800994242131517e-20 F -10000.22981070388596 F 9999.770191296114717 #
coedge $-1 -1 $-1 $2933 $1932 $2934 $2935 reversed $2397 $-1 #
coedge $-1 -1 $-1 $1932 $2933 $2181 $2682 forward $2397 $-1 #
loop $-1 -1 $-1 $-1 $2396 $2936 #
DXID-attrib $-1 -1 $-1 $-1 $1933 @18 ASM_EDGE_FROM_STEP @4 7804 #
straight-curve $-1 -1 $-1 -3.526167978121465651 4.596194077712561388 8.684798633112318811 1.222461190343740471e-13 -1000 -6.40446282356762919e-15 F -0.05987362471430486555 F -0.005368715788357818729 #
coedge $-1 -1 $-1 $2937 $1934 $2938 $2939 forward $2402 $-1 #
coedge $-1 -1 $-1 $1934 $2937 $2940 $2941 reversed $2402 $-1 #
loop $-1 -1 $-1 $-1 $2400 $2942 #
DXID-attrib $-1 -1 $-1 $-1 $1935 @18 ASM_EDGE_FROM_STEP @4 4732 #
straight-curve $-1 -1 $-1 -3.526167978121472313 63.99598677013887738 15.31520136688768297 -1.222461190343740471e-13 1000 -6.404462823567630767e-15 F -0.05403107690406849101 F 0.0004738320218785308196 #
coedge $-1 -1 $-1 $2943 $1936 $2944 $2945 reversed $1938 $-1 #
tcoedge-coedge $-1 -1 $-1 $1937 $2946 $2947 $2948 forward $1938 $2949 3.11004746484929262 3.846169603062120856 #
tcoedge-coedge $-1 -1 $-1 $2947 $2938 $1937 $2408 reversed $2950 $2951 -4.641940784398066455 -3.846169603062120856 #
tedge-edge $2952 -1 $-1 $2953 3.846169603062120856 $1940 4.641940784398066455 $1937 $2954 forward @14 tangent_not_g2 0.0007964702135045770509 #
pcurve $-1 -1 $-1 0 forward { exppc nubs 3 open 3 
	3.846169603062120856 3 3.87598878470059871 3 4.641940784398066455 3 
	5.945245964057793486 0.7346811542519047222 
	5.948970374060707833 0.7451006868149770979 
	5.952774168102421548 0.7555232196329545458 
	5.956657407251283232 0.7659466597743919136 
	6.05640443677863427 1.033688910948664663 
	6.202008879627815219 1.300817919583562521 
	6.330150640325016731 1.531893319548770949 
	0.00105653558461785038 
	cone 0.7592635106434976189 5.263580991183879121 14.53841896848555137 -0.6687195570917210397 0.7426883090171001456 -0.03504610695031606937 -0.7431448254773942441 -0.6691306063588582376 -3.469446951953613418e-18 1 I I 0 1 1 forward I I I I 
	} 0 0 #
point $-1 -1 $-1 -3.526167978121465651 9.964909866070380318 15.31520136688768297 #
coedge $-1 -1 $-1 $2955 $1942 $2956 $2957 reversed $1944 $-1 #
tcoedge-coedge $-1 -1 $-1 $2940 $2958 $1942 $2413 reversed $2959 $2960 -3.178608215393198488 -1.644827450401703084 #
tedge-edge $2961 -1 $-1 $1946 1.644827450401703084 $2962 3.178608215393198488 $1942 $2963 forward @14 tangent_not_g2 0.001232446395614344992 #
pcurve $-1 -1 $-1 0 forward { exppc nubs 3 open 3 
	1.644827450401703084 3 2.411723750471159722 3 3.178608215393198488 3 
	5.693282527908045232 1.607811888598301042 
	5.577790222768543416 1.839113489695293424 
	5.446679163145185854 2.106601057602327298 
	5.357174726229096962 2.37470227109405041 
	5.267671670592597444 2.642799347106711494 
	5.225686126344660565 2.910294622056462277 
	5.229971835325676999 3.141592653589798001 
	0.0009586213861222647997 
	cone 0.5491652422873920525 68.49281605618331525 14.52740818480979712 -0.7066217501846249194 -0.706621750184623254 -0.03703247672027217691 0.7071067811865450192 -0.7071067811865466846 -8.673617379884012053e-17 1 I I 0 1 0.9999999999999976685 forward I I I I 
	} 0 0 #
coedge $-1 -1 $-1 $1943 $2955 $2601 $2964 reversed $1944 $-1 #
face $2965 -1 $-1 $2174 $1944 $4 $-1 $2966 reversed single #
point $-1 -1 $-1 -3.526167978121471869 64.46981879201740639 15.31520136688768297 #
coedge $-1 -1 $-1 $2104 $1948 $2106 $2591 forward $1565 $-1 #
coedge $-1 -1 $-1 $2601 $2112 $1948 $2420 reversed $2114 $-1 #
edge $2967 -1 $-1 $2421 3.224075929875389601 $2606 4.093837880383683014 $2419 $2968 reversed @7 unknown #
vertex $-1 -1 $-1 $2420 $2969 #
ellipse-curve $-1 -1 $-1 1 68.94365081389592831 14.55103543328512394 -1 0 0 0 -1.41324482934986273 -0.07406502308946716351 0.7066217501846248084 I I #
coedge $-1 -1 $-1 $1950 $2104 $2970 $2971 reversed $1565 $-1 #
coedge $-1 -1 $-1 $2972 $2944 $1950 $2425 reversed $2973 $-1 #
edge $2974 -1 $-1 $2975 -0.3084444534195621701 $2426 0.1599501289631192757 $2424 $2976 reversed @7 unknown #
vertex $-1 -1 $-1 $1951 $2977 #
ellipse-curve $-1 -1 $-1 1 4.996216033328503059 14.55103543328512217 -1 0 0 0 -1.493733035513699736 0.0704865380028865951 0.6687195570917210397 I I #
DXID-attrib $-1 -1 $-1 $-1 $1952 @18 ASM_FACE_FROM_STEP @28 MD-JJ-K4080-8793-dup-dxid-65 #
plane-surface $-1 -1 $-1 1 0 19 -1 0 0 0 0 1 forward_v I I I I #
DXID-attrib $-1 -1 $-1 $-1 $1956 @18 ASM_FACE_FROM_STEP @16 MD-JJ-K4080-4153 #
loop $-1 -1 $-1 $-1 $2978 $1956 #
cone-surface $-1 -1 $-1 -5.263580991183877344 -0.7592635106434996173 14.53841896848555137 0.7426883090171004786 -0.6687195570917205956 0.03504610695031603468 0.6691306063588576825 0.7431448254773944662 0 1 I I 0 1 0.999999999999999889 forward I I I I #
coedge $-1 -1 $-1 $2979 $2980 $2981 $2982 reversed $1957 $-1 #
coedge $-1 -1 $-1 $2983 $1959 $2980 $2984 reversed $1571 $-1 #
coedge $-1 -1 $-1 $1959 $2985 $2986 $2987 reversed $1571 $-1 #
coedge $-1 -1 $-1 $2988 $2981 $1959 $2437 forward $2989 $-1 #
edge $-1 -1 $-1 $2990 3.004255593035914718 $2991 3.261769982545621449 $1959 $2992 forward @7 unknown #
coedge $-1 -1 $-1 $1960 $2993 $2979 $2994 reversed $1235 $-1 #
coedge $-1 -1 $-1 $2981 $2995 $1960 $2440 forward $2989 $-1 #
edge $-1 -1 $-1 $2443 3.021415324633964339 $2996 3.278929714143670626 $1960 $2997 forward @7 unknown #
coedge $-1 -1 $-1 $2998 $1961 $2995 $2999 forward $2442 $-1 #
loop $-1 -1 $-1 $-1 $2998 $3000 #
vertex $-1 -1 $-1 $1962 $3001 #
ellipse-curve $-1 -1 $-1 -54.86188880007043167 13.08176201382554993 10.18695844225176295 0.02616797812147205263 0.0453242676377401954 -0.9986295347545739443 52.18078895132730821 52.16163090656561963 3.734771838273634348 0.01353625082502884006 I I #
edge $3002 -1 $-1 $2077 -0.008010978767983381946 $2447 0.001001372345997896939 $1963 $3003 forward @7 tangent #
coedge $-1 -1 $-1 $2332 $1964 $1966 $2450 reversed $270 $-1 #
vertex $-1 -1 $-1 $1965 $3004 #
ellipse-curve $-1 -1 $-1 -67.00000000000001421 -1.00000000000000755 -3.996501557190970555 -1.224606353822377258e-16 1 0 0 0 -1.001372345997921576 0.9986295347545740553 I I #
coedge $-1 -1 $-1 $1966 $1983 $3005 $3006 forward $1248 $-1 #
edge $3007 -1 $-1 $3008 -1.1875 $1967 -1.065992452543244928 $2446 $1988 reversed @7 unknown #
point $-1 -1 $-1 -67.84314575050770202 -1.000000000000007772 -4.534924525432448839 #
point $-1 -1 $-1 -67.00000000000001421 7.999999999999984013 4.526203889641520206 #
coedge $-1 -1 $-1 $1976 $2219 $3009 $3010 forward $1457 $-1 #
coedge $-1 -1 $-1 $2901 $1979 $2745 $3011 forward $270 $-1 #
coedge $-1 -1 $-1 $3009 $3012 $1979 $2456 reversed $2897 $-1 #
edge $-1 -1 $-1 $2457 1.644827450401709079 $3013 3.178608215393200709 $2455 $3014 forward @7 unknown #
vertex $-1 -1 $-1 $1980 $3015 #
straight-curve $-1 -1 $-1 -24.00000000000000711 -1.000000000000002665 4.997873903188889244 -10 -1.224606353822377258e-15 2.460049095919386791e-16 F -10002.40000099999997 F 9997.600001000000702 #
coedge $-1 -1 $-1 $1981 $2199 $3016 $3017 forward $270 $-1 #
coedge $-1 -1 $-1 $3018 $1984 $1981 $2461 reversed $2465 $-1 #
edge $3019 -1 $-1 $3020 -1.570796326794896558 $1987 0 $2460 $3021 forward @7 unknown #
coedge $-1 -1 $-1 $3022 $3023 $1983 $2463 forward $2472 $-1 #
edge $3024 -1 $-1 $3025 0.000999999999999999804 $2467 0.01250000000000000069 $1983 $3026 forward @7 unknown #
coedge $-1 -1 $-1 $1984 $3018 $3022 $3027 reversed $2465 $-1 #
loop $-1 -1 $-1 $-1 $2460 $3028 #
DXID-attrib $-1 -1 $-1 $-1 $1985 @18 ASM_EDGE_FROM_STEP @4 6878 #
vertex $-1 -1 $-1 $1985 $3029 #
straight-curve $-1 -1 $-1 -71.67157287525381548 2.828427124746137444 5.750000000000000888 -707.1067811865441399 707.1067811865509611 0 I I #
point $-1 -1 $-1 -67.84314575050770202 -1.00000000000000866 5.750000000000000888 #
DXID-attrib $-1 -1 $-1 $-1 $1990 @18 ASM_FACE_FROM_STEP @16 MD-JJ-K4080-1271 #
face $3030 -1 $-1 $3031 $2860 $4 $-1 $3032 forward single #
loop $-1 -1 $-1 $-1 $3033 $1990 #
plane-surface $-1 -1 $-1 -74.5 -4.163336342344337027e-14 -6.75 -0.7071067811865457964 0.7071067811865492381 0 -0.7071067811865493491 -0.7071067811865459074 0 forward_v I I I I #
edge $3034 -1 $-1 $1998 -0.004659783807558302154 $2031 7.674941582536120454e-06 $2232 $3035 forward @14 tangent_not_g2 #
DXID-attrib $-1 -1 $-1 $-1 $1993 @18 ASM_FACE_FROM_STEP @16 MD-JJ-K4080-5553 #
cone-surface $-1 -1 $-1 -65.15075759508249575 3.500000000000010658 -8.5 0 0 1 0.5000000000000004441 0 0 1 I I 0 1 0.5000000000000004441 forward I I I I #
coedge $-1 -1 $-1 $1994 $2876 $2000 $2482 forward $1816 $-1 #
DXID-attrib $-1 -1 $-1 $-1 $1995 @18 ASM_EDGE_FROM_STEP @4 3872 #
intcurve-curve $-1 -1 $-1 forward { parcur full nurbs 3 open 3 
	1.644827450401701308 3 2.411717832897451341 2 3.178608215393201153 3 
	-64.46981879201742061 4.000000000000010658 -9.184113400489604118 1 
	-64.65095816718564947 4.000000000000010658 -9.184113400580729447 1 
	-64.8273908663756373 4.000000000000010658 -9.235457049045777467 1 
	-65.07824622164500283 4.000000000000010658 -9.413082000677739813 1 
	-65.15075759472117056 4.000000000000010658 -9.538009968137668437 1 
	-65.15075759508249575 4.000000000000010658 -9.666270625429582708 1 
	0 
	
	spline forward { ref 4 } I I I I 
	null_surface 
	nubs 1 open 2 
	1.64482745040170153 1 3.178608215393201153 1 
	1.644827450401701308 0 
	3.178608215393201153 0 
	
	nullbs 
	I I 
	0 
	1 2.411717832897451785 
	0 
	surf1 } F 1.64482745040170153 F 3.178608215393201153 #
intcurve-curve $-1 -1 $-1 forward { ref 38 } I I #
point $-1 -1 $-1 -65.15075759508249575 4.000000000000010658 -9.666270625429582708 #
edge $3036 -1 $-1 $2880 -0.05403107690406850488 $2003 0.0004738320218785396559 $2477 $3037 forward @14 tangent_not_g2 #
face $3038 -1 $-1 $3039 $2001 $4 $-1 $3040 reversed single #
point $-1 -1 $-1 -64.46981879201742061 4.000000000000010658 -9.184113400489605894 #
DXID-attrib $-1 -1 $-1 $-1 $2006 @18 ASM_FACE_FROM_STEP @16 MD-JJ-K4080-1321 #
loop $-1 -1 $-1 $-1 $3041 $2006 #
spline-surface $-1 -1 $-1 forward { exactsur full nurbs 3 2 both open open none none 3 2 
	4.782837176371313781 3 5.533011241775449562 2 6.283185307179586232 3 
	0 2 1 2 
	-9.964909866070385647 3.999999999999995559 -14.81588659951039766 1 
	-9.7777161323410553 3.999999999999995559 -14.81588659943489539 1 
	-9.595292772457327146 3.999999999999995559 -14.76684500022061641 1 
	-9.33201688102730742 3.999999999999995559 -14.59613002831303774 1 
	-9.253012984965662824 3.999999999999995559 -14.47562658529351154 1 
	-9.247105832303020634 3.999999999999995559 -14.35044369551288312 1 
	-9.964909866070389199 3.999999999999994671 -15.29036888286783835 0.7253743710122896315 
	-9.720832084546620067 4.000000000000439648 -15.20948421196511191 0.789475941849222651 
	-9.481791259593258303 3.999999999999925837 -15.07792651105107851 0.8425496018231010131 
	-9.162911502948237086 4.000000000000060396 -14.75435322914896119 0.9146830098937192011 
	-9.064831613462406068 3.999999999999995559 -14.55627053134459281 0.9338023178829777393 
	-9.055545571960768925 3.999999999999995559 -14.35948307487280218 0.9336794766296305781 
	-9.964909866070389199 3.526167978121469204 -15.31520136688768474 1 
	-9.693812694541820818 3.619125141362338205 -15.3103296883937805 1 
	-9.428274793958870248 3.708589040741828491 -15.20755788552170351 1 
	-9.042498860740600719 3.835344185098722214 -14.85948498607816681 1 
	-8.924932001467208664 3.871757365265544149 -14.61656976617108583 1 
	-8.913117696683256597 3.871757365079377067 -14.36620398657840347 1 
	0 
	
	0 
	1 5.533011241775449562 
	0 
	0 
	0 
	0 
	F 1 F 0 F 1 F 0 } I I I I #
coedge $-1 -1 $-1 $2122 $2008 $2010 $2493 forward $1706 $-1 #
coedge $-1 -1 $-1 $2008 $2122 $2016 $2498 forward $1706 $-1 #
DXID-attrib $-1 -1 $-1 $-1 $2009 @18 ASM_EDGE_FROM_STEP @4 4294 #
straight-curve $-1 -1 $-1 -79 1.138666715085419279 -9.012391125048575091 0 9.989716227690164985 -0.4533979380453444508 F -10010.40834368500146 F 10010.18037590511085 #
coedge $-1 -1 $-1 $2010 $2701 $2703 $3042 forward $2011 $-1 #
edge $3043 -1 $-1 $2013 -1.526960878229430607 $3044 0.3019608782294305183 $2010 $3045 reversed @7 unknown #
coedge $-1 -1 $-1 $3046 $3047 $3033 $3048 forward $2011 $-1 #
face $3049 -1 $-1 $344 $2011 $4 $-1 $3050 forward single #
point $-1 -1 $-1 -79 4.051818199340289972 -9.144608782294307403 #
coedge $-1 -1 $-1 $2123 $2016 $2998 $3051 reversed $724 $-1 #
edge $3052 -1 $-1 $3053 0.9835049828655493265 $2017 2.816495017134451384 $2016 $2070 forward @7 unknown #
point $-1 -1 $-1 -79 4.499999999999992895 -9.164950171344511176 #
DXID-attrib $-1 -1 $-1 $-1 $2020 @18 ASM_FACE_FROM_STEP @15 MD-JJ-K4080-566 #
loop $-1 -1 $-1 $-1 $2737 $2020 #
cone-surface $-1 -1 $-1 -49.00000000000002132 8.447664043757027841 -3.501370465245425834 0 0.9986295347545740553 0.05233595624294395954 0 -0.05233595624294395954 0.9986295347545741663 1 I I 0 1 1.000000000000000444 forward I I I I #
coedge $-1 -1 $-1 $2730 $2733 $3054 $3055 forward $2021 $-1 #
coedge $-1 -1 $-1 $3056 $2023 $2026 $2508 forward $1816 $-1 #
DXID-attrib $-1 -1 $-1 $-1 $2024 @18 ASM_EDGE_FROM_STEP @3 729 #
intcurve-curve $-1 -1 $-1 forward { parcur full nurbs 3 open 3 
	3.104577091786388632 3 3.871467474282137111 2 4.638357856777885146 3 
	-65.15075759508249575 4.000000000000010658 -14.33372937457042084 1 
	-65.15075759472117056 4.000000000000010658 -14.46199003186244347 1 
	-65.07824622164500283 4.000000000000010658 -14.58691799932212874 1 
	-64.8273908663756373 4.000000000000010658 -14.76454295095436109 1 
	-64.65095816718564947 4.000000000000010658 -14.81588659941927233 1 
	-64.46981879201742061 4.000000000000010658 -14.81588659951039766 1 
	0 
	
	spline forward { ref 7 } I I I I 
	null_surface 
	nubs 1 open 2 
	3.104577091786388632 1 4.638357856777885146 1 
	3.104577091786388632 0 
	4.638357856777885146 0 
	
	nullbs 
	I I 
	0 
	1 3.871467474282137111 
	0 
	surf1 } F 3.104577091786388632 F 4.638357856777885146 #
intcurve-curve $-1 -1 $-1 forward { ref 40 } I I #
edge $3057 -1 $-1 $2028 0.0008880455842516266378 $2517 0.05539295451019866923 $2504 $3058 forward @14 tangent_not_g2 #
point $-1 -1 $-1 -64.46981879201742061 4.000000000000010658 -14.81588659951039588 #
point $-1 -1 $-1 -65.15075759508249575 4.000000000000010658 -14.33372937457042084 #
coedge $-1 -1 $-1 $2035 $2538 $3059 $3060 forward $1650 $-1 #
tcoedge-coedge $-1 -1 $-1 $3041 $2038 $2035 $2041 reversed $2486 $3061 -1.500348130808271563 -0 #
pcurve $-1 -1 $-1 0 forward { exppc nubs 3 open 3 
	0 3 0.7501576421342778245 3 1.500348130808271563 3 
	-5.834983709418030351 -0.03154518874050490224 
	-5.834983709670441776 -0.2587955839984662498 
	-5.885013837944021553 -0.5199941997774455427 
	-5.984210318840213816 -0.7817192541446382759 
	-6.083411143171661095 -1.043455768452928867 
	-6.225750271121138546 -1.304632973859901846 
	-6.351776411669603384 -1.531893319548768728 
	0.000972494697749311742 
	cone -5.247519783632784041 -0.7737250868788112523 -14.53917686758097894 0.7426883090171004786 -0.6687195570917205956 -0.03504610695031603468 0.6691306063588576825 0.7431448254773944662 0 1 I I 0 1 0.999999999999999889 forward I I I I 
	} 0 0 #
coedge $-1 -1 $-1 $2038 $3041 $3056 $3062 reversed $2486 $3063 #
pcurve $-1 -1 $-1 0 forward { exppc nubs 1 open 2 
	-4.440892098500630895e-15 1 1.518436449235064378 1 
	4.782837176371316446 0 
	4.782837176371317334 1 
	4.358153143794459859e-15 
	spline reversed { ref 39 } I I I I 
	} 0 0 #
DXID-attrib $-1 -1 $-1 $-1 $2039 @18 ASM_EDGE_FROM_STEP @3 693 #
vertex $-1 -1 $-1 $2508 $3064 #
ellipse-curve $-1 -1 $-1 -9.964909866070385647 3.499999999999995559 -14.81588659951039766 1 -3.46944695195361695e-15 -1.818260100922083408e-16 1.734723475976807094e-15 0.4999999999999996114 4.379057701015049943e-47 1 F -1.518436449235064378 F 4.440892098500631684e-15 #
DXID-attrib $-1 -1 $-1 $-1 $2040 @18 ASM_FACE_FROM_STEP @15 MD-JJ-K4080-888 #
cone-surface $-1 -1 $-1 -4.596194077712561388 3.499999999999994227 -14.81588659951039588 1 -2.750537678273415448e-16 -3.88639087983618266e-18 1.375268839136706491e-16 0.4999999999999996114 -5.344832273743789623e-34 1 I I 0 1 0.4999999999999996114 forward I I I I #
DXID-attrib $-1 -1 $-1 $-1 $2041 @18 ASM_EDGE_FROM_STEP @4 3246 #
tvertex-vertex $-1 -1 $-1 $3060 $3065 1.001081427894956475e-11 #
intcurve-curve $-1 -1 $-1 forward { parcur full nubs 3 open 3 
	0 3 0.7501576421342778245 3 1.500348130808271563 3 
	-8.913117696683256597 3.871757365079377067 -14.36620398657840347 
	-8.923829309342758975 3.871757365248167826 -14.59320179163196052 
	-9.033499143210921289 3.838301239690306677 -14.85136483781335492 
	-9.235386827349735483 3.771966612920275352 -15.03352143579993694 
	-9.437283351379610608 3.705629081610144926 -15.21568600972862839 
	-9.71912972700188682 3.610444123017900075 -15.31078464128712824 
	-9.964909866070385647 3.526167978121470536 -15.31520136688768474 
	0.002016644225105654765 
	
	spline forward { ref 39 } I I I I 
	null_surface 
	nubs 3 open 2 
	0 3 1.500348130808271563 3 
	6.283185307179586232 1 
	5.829737836150822972 1 
	5.236238807616292235 1 
	4.782837176371316446 1 
	
	nullbs 
	I I 
	0 
	1 0.7501576421342778245 
	0 
	surf1 } F 0 F 1.500348130808271563 #
coedge $-1 -1 $-1 $3066 $2043 $2046 $2530 forward $2526 $-1 #
coedge $-1 -1 $-1 $2043 $3067 $2535 $3068 forward $2526 $-1 #
loop $-1 -1 $-1 $-1 $3067 $3069 #
vertex $-1 -1 $-1 $2044 $3070 #
straight-curve $-1 -1 $-1 1 -1.000000000000000888 19 0 0 1 F -42.06234446732170085 F -30.92369957604520181 #
coedge $-1 -1 $-1 $2046 $2045 $2554 $3071 forward $2047 $-1 #
edge $-1 -1 $-1 $2048 0.5884274920472188919 $3072 0.7706563680513626169 $2046 $3073 forward @7 unknown #
face $3074 -1 $-1 $2839 $2047 $4 $-1 $3075 forward single #
point $-1 -1 $-1 1.000000000000000888 -0.999999999999999889 -16.95693535337842661 #
vertex $-1 -1 $-1 $2072 $3076 #
ellipse-curve $-1 -1 $-1 -79 -3.739592778275928022e-05 -17.94434293552195925 1 0 0 0 -9.617306950815418531e-14 -1.000038768146105816 0.9999238388787461407 I I #
coedge $-1 -1 $-1 $3077 $2052 $2525 $3068 reversed $2063 $-1 #
straight-curve $-1 -1 $-1 1 -1 19 0 0 10 I I #
point $-1 -1 $-1 1 -1 -15.23361447823581116 #
coedge $-1 -1 $-1 $2511 $2058 $2310 $2832 reversed $1650 $-1 #
vertex $-1 -1 $-1 $2309 $3078 #
ellipse-curve $-1 -1 $-1 -24.80840657637555324 16.83897649135896657 -13.61613429069062065 -0.03700710955926812123 0.03700710955926809348 -0.9986295347545739443 43.063634730513634 -38.77098456759507172 -3.032618820802639448 0.017234048055148804 I I #
DXID-attrib $-1 -1 $-1 $-1 $2062 @18 ASM_FACE_FROM_STEP @28 MD-JJ-K4080-9886-dup-dxid-29 #
face $3079 -1 $-1 $3069 $2549 $4 $-1 $3080 forward single #
plane-surface $-1 -1 $-1 -7.5 79 19 0 -1 0 0 0 -1 forward_v I I I I #
coedge $-1 -1 $-1 $2391 $3077 $3081 $3082 reversed $2063 $-1 #
coedge $-1 -1 $-1 $2065 $2782 $3083 $3084 forward $724 $-1 #
coedge $-1 -1 $-1 $3085 $3086 $2065 $2547 reversed $3087 $-1 #
edge $3088 -1 $-1 $3089 3.383504982865550126 $2551 3.800000000000000266 $2546 $1702 reversed @7 unknown #
coedge $-1 -1 $-1 $3090 $2066 $3086 $3091 forward $2549 $-1 #
loop $-1 -1 $-1 $-1 $2066 $2542 #
DXID-attrib $-1 -1 $-1 $-1 $2067 @18 ASM_EDGE_FROM_STEP @3 919 #
vertex $-1 -1 $-1 $2547 $3092 #
straight-curve $-1 -1 $-1 -76 7.499999999999991118 -19 -707.1067811865475505 -707.1067811865475505 -0 I I #
point $-1 -1 $-1 -79 4.499999999999992895 -19 #
coedge $-1 -1 $-1 $2071 $3090 $2529 $3071 reversed $2549 $-1 #
straight-curve $-1 -1 $-1 -79 3.515640656194701119 -18.98785045150465933 0 9.999238388787460963 -0.12341654750936773 F -10001.11326106536944 F 10000.41007937902577 #
coedge $-1 -1 $-1 $2079 $2073 $2220 $2732 forward $684 $-1 #
coedge $-1 -1 $-1 $3093 $2223 $2073 $2558 reversed $2501 $-1 #
edge $3094 -1 $-1 $2561 -3.141592653589793116 $2739 -1.570796326794896558 $2073 $3095 forward @7 unknown #
coedge $-1 -1 $-1 $2074 $2374 $3093 $3096 forward $1548 $-1 #
DXID-attrib $-1 -1 $-1 $-1 $2075 @18 ASM_EDGE_FROM_STEP @4 3694 #
vertex $-1 -1 $-1 $2075 $3097 #
straight-curve $-1 -1 $-1 -28.25 7.999999999999989342 -4.526203889641520206 -10 -1.324368253553623314e-15 -2.512332092139107141e-16 F -10002.82500100000107 F 9997.175000999999611 #
point $-1 -1 $-1 -67.00000000000001421 7.999999999999984013 -4.526203889641520206 #
coedge $-1 -1 $-1 $2221 $2730 $2079 $2565 reversed $2021 $-1 #
edge $3098 -1 $-1 $2735 -1.570796326794896558 $2567 0 $2079 $3099 forward @7 unknown #
DXID-attrib $-1 -1 $-1 $-1 $2080 @18 ASM_EDGE_FROM_STEP @4 5204 #
vertex $-1 -1 $-1 $2565 $3100 #
straight-curve $-1 -1 $-1 -28.25 7.999999999999989342 4.526203889641520206 10 1.324368253553623314e-15 -2.512332092139107141e-16 F -9997.175000999999611 F 10002.82500100000107 #
DXID-attrib $-1 -1 $-1 $-1 $2088 @18 ASM_EDGE_FROM_STEP @4 9326 #
vertex $-1 -1 $-1 $2852 $3101 #
ellipse-curve $-1 -1 $-1 -12.99999999999997158 4.63254118336420273 -3.701312582050620748 -0.4064251027559502849 0.9124319283825863547 0.04781853111347242336 0.9999999999999638067 0.4442105438544549645 0.02328008813771581184 0.9136841006878726468 F 0.03890300724627451801 F 1.570796326795092845 #
edge $3102 -1 $-1 $2639 -0.001371818988465703295 $2094 0.007172287944393095256 $2142 $3103 forward @14 tangent_not_g2 #
DXID-attrib $-1 -1 $-1 $-1 $2092 @18 ASM_EDGE_FROM_STEP @4 1827 #
ellipse-curve $-1 -1 $-1 -12.99999971902104434 5.978173659947108476 3.630790977549524179 0.6691306063470249255 0.7431448254880490545 -3.689730128430554524e-13 0.9983147306515580688 -0.8988866209319352762 0.1052153210477147216 0.7421264752978407042 F 0.01915665062747282446 F 0.05805966334047667904 #
point $-1 -1 $-1 -12.00075662655319064 5.078451138281225852 3.716890001542129784 #
DXID-attrib $-1 -1 $-1 $-1 $2097 @18 ASM_FACE_FROM_STEP @15 MD-JJ-K4080-772 #
face $3104 -1 $-1 $3105 $2973 $4 $-1 $3106 forward single #
plane-surface $-1 -1 $-1 0 4.304040507106659419 9 -0.7071067811865477948 0.7071067811865473507 0 -0.7071067811865473507 -0.7071067811865477948 0 forward_v I I I I #
coedge $-1 -1 $-1 $3107 $3108 $3109 $3110 forward $2098 $-1 #
coedge $-1 -1 $-1 $3111 $2100 $2681 $3112 forward $1689 $-1 #
coedge $-1 -1 $-1 $2100 $3113 $3114 $3115 forward $1689 $-1 #
coedge $-1 -1 $-1 $3116 $2684 $2100 $2583 reversed $3117 $-1 #
edge $3118 -1 $-1 $3119 -0.004662616818364781826 $3120 6.730604647043891559e-06 $2100 $3121 forward @14 tangent_not_g2 #
coedge $-1 -1 $-1 $3122 $2970 $2101 $2585 reversed $2889 $-1 #
edge $-1 -1 $-1 $2587 -4.099999999999999645 $2589 3.900000000000000355 $2584 $3123 forward @7 unknown #
coedge $-1 -1 $-1 $2102 $2126 $3122 $3124 forward $2121 $-1 #
vertex $-1 -1 $-1 $2103 $3125 #
straight-curve $-1 -1 $-1 -79 -9.307008289050067162e-15 18 0 -10 0 I I #
vertex $-1 -1 $-1 $2585 $3126 #
straight-curve $-1 -1 $-1 1 -4.653504144525033581e-15 18 0 10 0 I I #
edge $-1 -1 $-1 $2606 -0.3915324596161779969 $2107 -0.1000000000000000888 $2106 $3127 forward @7 unknown #
point $-1 -1 $-1 1 79 18 #
coedge $-1 -1 $-1 $2256 $2109 $2776 $3128 forward $724 $-1 #
coedge $-1 -1 $-1 $2662 $2660 $2109 $2595 reversed $2167 $-1 #
edge $-1 -1 $-1 $2599 5.077011032651587819 $3129 5.146337985390204928 $2594 $3130 forward @7 unknown #
coedge $-1 -1 $-1 $3131 $2110 $2113 $2602 forward $2598 $-1 #
coedge $-1 -1 $-1 $2110 $2665 $2662 $3132 reversed $2598 $-1 #
loop $-1 -1 $-1 $-1 $2110 $2785 #
vertex $-1 -1 $-1 $2111 $3133 #
straight-curve $-1 -1 $-1 -4.989588677929455152 78.51041132207055284 14.10000000000000142 0 0 -10 I I #
coedge $-1 -1 $-1 $2113 $2419 $2415 $2964 forward $2114 $-1 #
edge $3134 -1 $-1 $2115 -0.002898773305148203035 $3135 0.007488125701636226539 $2596 $3136 forward @7 unknown #
face $3137 -1 $-1 $3138 $2114 $4 $-1 $3139 forward single #
point $-1 -1 $-1 -4.989588677929469362 78.51041132207052442 14.80000000000000249 #
DXID-attrib $-1 -1 $-1 $-1 $2117 @18 ASM_EDGE_FROM_STEP @4 8878 #
vertex $-1 -1 $-1 $2117 $3140 #
straight-curve $-1 -1 $-1 -5.424475860417187434 79 14.79309113440109513 9.989716227690164985 0 0.4533979380453447838 F -10009.75135379400672 F 10010.83736579610559 #
DXID-attrib $-1 -1 $-1 $-1 $2120 @18 ASM_FACE_FROM_STEP @16 MD-JJ-K4080-9517 #
face $3141 -1 $-1 $1832 $2273 $4 $-1 $3142 forward single #
loop $-1 -1 $-1 $-1 $3083 $2120 #
plane-surface $-1 -1 $-1 -3.540202025355363435 76 -14.80000000000000249 0.0453242676377402301 0.02616797812147200752 0.9986295347545739443 0.9989716227690165207 0 -0.045339793804534477 forward_v I I I I #
coedge $-1 -1 $-1 $2703 $2998 $2122 $2613 forward $2442 $-1 #
edge $3143 -1 $-1 $3053 -0.2503337479714540237 $3044 -0.2054694304628736368 $2122 $3144 forward @7 unknown #
coedge $-1 -1 $-1 $2995 $2988 $2123 $2615 forward $2989 $-1 #
edge $-1 -1 $-1 $2618 -0.07000000000000006217 $3145 0.4900000000000002132 $2123 $3146 forward @7 unknown #
coedge $-1 -1 $-1 $2986 $2124 $2988 $3147 reversed $2344 $-1 #
coedge $-1 -1 $-1 $2124 $3148 $2126 $2620 reversed $2344 $-1 #
vertex $-1 -1 $-1 $2615 $3149 #
straight-curve $-1 -1 $-1 -77.06881359285831934 6.431186407141680661 14.69679550268049084 7.062025065134034385 7.062025065134034385 -0.5055729016049580471 I I #
edge $3150 -1 $-1 $2128 -0.2820716036346281319 $3151 0.2684945860990435862 $2617 $3152 reversed @7 unknown #
point $-1 -1 $-1 -79 4.499999999999992895 14.8350498286554906 #
DXID-attrib $-1 -1 $-1 $-1 $2131 @18 ASM_EDGE_FROM_STEP @3 593 #
vertex $-1 -1 $-1 $2238 $3153 #
straight-curve $-1 -1 $-1 0.999999999999999889 67.84314575050765939 6.125 0 0 10 F -10000.61250099999961 F 9999.387501000001066 #
coedge $-1 -1 $-1 $2136 $2133 $3154 $3155 forward $1223 $-1 #
coedge $-1 -1 $-1 $2237 $3156 $2133 $2627 reversed $2757 $-1 #
edge $3157 -1 $-1 $2623 -0.005414213562373018131 $3158 -7.850462293418923558e-19 $2133 $3159 forward @14 tangent_not_g2 #
coedge $-1 -1 $-1 $3160 $2632 $2136 $2629 reversed $3161 $-1 #
edge $3162 -1 $-1 $3163 0 $2631 0.005414213562373018131 $2136 $3164 forward @14 tangent_not_g2 #
DXID-attrib $-1 -1 $-1 $-1 $2137 @18 ASM_EDGE_FROM_STEP @3 593 #
vertex $-1 -1 $-1 $2137 $3165 #
coedge $-1 -1 $-1 $2628 $3166 $2139 $2633 reversed $3161 $-1 #
edge $3167 -1 $-1 $2631 -3.141592653589793116 $3168 -1.570796326794896558 $2632 $3169 forward @7 unknown #
coedge $-1 -1 $-1 $2143 $2642 $2849 $3170 forward $1404 $-1 #
coedge $-1 -1 $-1 $3171 $3172 $2143 $2636 forward $3173 $-1 #
edge $3174 -1 $-1 $2640 -0.5346481360952721751 $3175 0.2621481360952721551 $2143 $3176 reversed @7 unknown #
coedge $-1 -1 $-1 $2363 $2144 $3172 $3177 forward $2364 $-1 #
DXID-attrib $-1 -1 $-1 $-1 $2145 @18 ASM_EDGE_FROM_STEP @4 9587 #
vertex $-1 -1 $-1 $2145 $3178 #
vertex $-1 -1 $-1 $2145 $3179 #
straight-curve $-1 -1 $-1 -6.483332489881039606 0.110540131515107512 4.026039857050923487 743.1166063012295808 -669.1051976985124838 -8.714576993627556334 I I #
coedge $-1 -1 $-1 $2634 $2146 $2329 $2852 forward $1404 $-1 #
point $-1 -1 $-1 -12.00000000000000711 5.077769868672717735 -3.677979135380452291 #
point $-1 -1 $-1 -12.00000000000000711 5.077769868672717735 3.677979135380449183 #
DXID-attrib $-1 -1 $-1 $-1 $2153 @18 ASM_FACE_FROM_STEP @17 MD-JJ-K4080-10658 #
loop $-1 -1 $-1 $-1 $3180 $2153 #
cone-surface $-1 -1 $-1 -3.500000000000000444 65.15075759508248154 -8.5 0 0 1 0.5 0 0 1 I I 0 1 0.5 forward I I I I #
coedge $-1 -1 $-1 $2787 $2155 $3181 $3182 reversed $1752 $3183 #
edge $3184 -1 $-1 $3185 -1.570796326794896558 $2268 -0.7860838657784333661 $2264 $3186 forward @14 tangent_not_g2 #
pcurve $-1 -1 $-1 0 forward { exppc nubs 1 open 2 
	0.7860838657784317007 1 1.570796326794896558 1 
	6.283185307179584456 0.9999999999999632516 
	6.283185307179584456 0 
	4.490452963412256633e-13 
	spline reversed { ref 17 } I I I I 
	} 0 0 #
DXID-attrib $-1 -1 $-1 $-1 $2158 @18 ASM_EDGE_FROM_STEP @4 8943 #
ellipse-curve $-1 -1 $-1 -12.99999990068277711 5.97817382350256743 -3.630790965725938513 0.6691306063414902416 0.7431448254930325126 5.850606625984051214e-13 0.9983149128319364074 -0.898886784954391227 -0.1052153239612263619 0.7421264080909090177 F -0.05805964912736260447 F -0.01915663994840906964 #
coedge $-1 -1 $-1 $2906 $3187 $2162 $2654 reversed $2379 $-1 #
edge $3188 -1 $-1 $3168 0.000414213562373113599 $2658 0.004546241734663150104 $2162 $3189 forward @7 unknown #
coedge $-1 -1 $-1 $3190 $2163 $3187 $3191 reversed $1824 $-1 #
coedge $-1 -1 $-1 $2163 $2244 $2165 $2661 forward $1824 $-1 #
DXID-attrib $-1 -1 $-1 $-1 $2164 @18 ASM_EDGE_FROM_STEP @4 3550 #
vertex $-1 -1 $-1 $2654 $3192 #
straight-curve $-1 -1 $-1 1 73.38938748517080057 6.125 0 0 -10 F -9999.387501000001066 F 10000.61250099999961 #
coedge $-1 -1 $-1 $2594 $2165 $3193 $3194 forward $2167 $-1 #
edge $3195 -1 $-1 $3196 -0.006228168245783097072 $2169 0.001322103757811297691 $2656 $3197 forward @7 unknown #
coedge $-1 -1 $-1 $2166 $2594 $2597 $3132 forward $2167 $-1 #
point $-1 -1 $-1 1 73.38938748517081478 9.062344467321693742 #
coedge $-1 -1 $-1 $2173 $2171 $3198 $3199 reversed $1765 $-1 #
coedge $-1 -1 $-1 $2597 $3200 $2171 $2666 forward $2598 $-1 #
edge $-1 -1 $-1 $3201 3.004255593035914718 $2667 3.261769982545629443 $2171 $3202 forward @7 unknown #
vertex $-1 -1 $-1 $3132 $3203 #
ellipse-curve $-1 -1 $-1 -13.08176201382569204 54.86188880007027535 10.18695844225177183 -0.0453242676377402301 -0.02616797812147200752 -0.9986295347545739443 -52.16163090656552015 -52.18078895132717321 3.73477183827362591 0.01353625082502884179 I I #
tcoedge-coedge $-1 -1 $-1 $3204 $2934 $2173 $2670 reversed $3205 $3206 -4.638357856777870936 -3.1045770917863873 #
tedge-edge $3207 -1 $-1 $3208 3.1045770917863873 $2177 4.638357856777870936 $2173 $3209 forward @14 tangent_not_g2 0.00123244639541600148 #
pcurve $-1 -1 $-1 0 forward { exppc nubs 3 open 3 
	3.1045770917863873 3 3.871461556708815532 3 4.638357856777870936 3 
	-40.27280563887804021 -3.141592653589793116 
	-40.27709134786162082 -2.910294622056437408 
	-40.23510580361205768 -2.642799347107864349 
	-40.14560274797463535 -2.374702271094043304 
	-40.0560983110577169 -2.106601057601435567 
	-39.92498725143358485 -1.839113489696711179 
	-39.8094949462956933 -1.607811888598305705 
	0.0009586213862542880982 
	cone -31.60408701479587634 36.33956379910013368 11.15767236271137541 -0.7066217501846249194 -0.706621750184623254 0.03703247672027217691 0.7071067811865443531 -0.7071067811865460184 4.510281037539681805e-17 1 I I 0 1 0.9999999999999965583 forward I I I I 
	} 0 0 #
DXID-attrib $-1 -1 $-1 $-1 $2174 @18 ASM_FACE_FROM_STEP @16 MD-JJ-K4080-5875 #
face $3210 -1 $-1 $1067 $3211 $4 $-1 $3212 reversed single #
cone-surface $-1 -1 $-1 -31.60408701479587634 36.33956379910013368 11.15767236271137541 -0.7066217501846249194 -0.706621750184623254 0.03703247672027217691 0.7071067811865443531 -0.7071067811865460184 4.510281037539681805e-17 1 I I 0 1 0.9999999999999965583 forward I I I I #
point $-1 -1 $-1 -3.526167978121469204 64.46981879201742061 8.684798633112318811 #
coedge $-1 -1 $-1 $3213 $2179 $3214 $3215 forward $2678 $-1 #
coedge $-1 -1 $-1 $2179 $3213 $2189 $2690 reversed $2678 $-1 #
loop $-1 -1 $-1 $-1 $2676 $2193 #
DXID-attrib $-1 -1 $-1 $-1 $2180 @18 ASM_EDGE_FROM_STEP @4 3992 #
straight-curve $-1 -1 $-1 0.1567347878717300913 4.438280381373644445 9.454211653840211227 -668.7195570917210716 742.6883090171002095 35.04610695031607293 I I #
coedge $-1 -1 $-1 $2182 $2181 $2580 $3112 reversed $2183 $3216 #
edge $3217 -1 $-1 $3218 -1.570796326794896558 $1775 -0.05235987755982745434 $2181 $3219 forward @14 tangent_not_g2 #
pcurve $-1 -1 $-1 0 forward { exppc nubs 1 open 2 
	0.05235987755982780822 1 1.570796326794896558 1 
	1.641244522781521109 0 
	1.641244522781523107 0.9999999999999975575 
	2.532184836312220394e-15 
	spline reversed { ref 26 } I I I I 
	} 0 0 #
coedge $-1 -1 $-1 $2582 $3214 $2182 $2685 reversed $3117 $-1 #
edge $3220 -1 $-1 $3120 -3.141592653589793116 $2186 -2.408554367752177683 $2684 $3221 forward @14 tangent_not_g2 #
pcurve $-1 -1 $-1 0 forward { exppc nubs 1 open 2 
	-3.141592653589793116 1 -2.408554367752177683 1 
	3.173137842330293612 0.9999999999999937828 
	3.173137842330293612 5.182412424182997361e-15 
	1.761965494978421207e-13 
	spline reversed { ref 26 } I I I I 
	} 0 0 #
face $3222 -1 $-1 $3223 $2183 $4 $-1 $3224 reversed single #
point $-1 -1 $-1 -3.871572412738691682 8.912168771948127954 9.665326288494087592 #
coedge $-1 -1 $-1 $3225 $2189 $2943 $3226 forward $1783 $-1 #
edge $-1 -1 $-1 $2190 0.0454770216086434198 $3227 0.554522978391356669 $2677 $3228 forward @7 unknown #
point $-1 -1 $-1 0.1460767853029519558 4.450117292409611736 9.454770216086433976 #
DXID-attrib $-1 -1 $-1 $-1 $2193 @18 ASM_FACE_FROM_STEP @16 MD-JJ-K4080-9728 #
plane-surface $-1 -1 $-1 0.1460767853029517616 4.450117292409610847 9 0.7431448254773941331 0.6691306063588583486 0 -0.6691306063588584596 0.7431448254773941331 0 forward_v I I I I #
coedge $-1 -1 $-1 $2195 $3225 $3229 $3230 forward $1783 $-1 #
coedge $-1 -1 $-1 $3231 $2699 $2195 $2696 reversed $2728 $-1 #
edge $-1 -1 $-1 $3232 -0.554522978391356447 $2697 -0.0454770216086434198 $2695 $3233 forward @7 unknown #
vertex $-1 -1 $-1 $2196 $3234 #
ellipse-curve $-1 -1 $-1 -5.158194468757421269 -0.8541539616507655142 9.456608033701993321 -0.7071067811865477948 0.7071067811865473507 0 0.588597540062645419 0.5885975400626457521 -0.5577504500964995948 0.998016073145582272 I I #
coedge $-1 -1 $-1 $2695 $3235 $2198 $2700 forward $2728 $-1 #
edge $3236 -1 $-1 $3237 -0.006023911156613443417 $2697 -1.593792563078334573e-05 $2198 $3238 forward @7 tangent #
coedge $-1 -1 $-1 $2492 $3046 $2199 $2702 reversed $2011 $-1 #
edge $3239 -1 $-1 $2705 -0.2937344467321694186 $3240 -0.0625 $2199 $3241 reversed @7 unknown #
coedge $-1 -1 $-1 $2200 $2612 $2492 $3042 reversed $2442 $-1 #
DXID-attrib $-1 -1 $-1 $-1 $2201 @18 ASM_EDGE_FROM_STEP @4 4123 #
vertex $-1 -1 $-1 $2201 $3242 #
straight-curve $-1 -1 $-1 -37.89236764011293701 -1.000000000000004441 9.992504457944466623 9.996568547876270472 1.224186136015021987e-15 0.2619489790224470704 F -9999.642093545831813 F 10007.22316848342234 #
tcoedge-coedge $-1 -1 $-1 $2993 $2202 $3243 $3244 forward $1235 $3245 4.786420103991508412 6.283185307179586232 #
point $-1 -1 $-1 -70.30536504140933118 -1.000000000000009992 9.143157851089997123 #
coedge $-1 -1 $-1 $3246 $3247 $2205 $2710 reversed $3248 $-1 #
edge $3249 -1 $-1 $2214 0.0053687157883578248 $2712 0.05987362471430487942 $2205 $3250 forward @14 tangent_not_g2 #
DXID-attrib $-1 -1 $-1 $-1 $2206 @18 ASM_EDGE_FROM_STEP @4 3343 #
tvertex-vertex $-1 -1 $-1 $2206 $3251 1.002983010394030266e-11 #
straight-curve $-1 -1 $-1 -36.33956379910012657 31.65642297103883607 10.15904282795680302 -706.6217501846235791 -706.621750184624716 -37.03247672027219295 I I #
DXID-attrib $-1 -1 $-1 $-1 $2207 @18 ASM_FACE_FROM_STEP @16 MD-JJ-K4080-7515 #
face $3252 -1 $-1 $1285 $3253 $4 $-1 $3254 forward single #
plane-surface $-1 -1 $-1 -4.596194077712562276 8.673617379884035472e-16 8.5 -1.051413724126338789e-17 -0.0523359562429439526 0.9986295347545739443 0 -0.9986295347545739443 -0.0523359562429439526 forward_v I I I I #
coedge $-1 -1 $-1 $3255 $3256 $2209 $2718 reversed $3257 $3258 #
edge $3259 -1 $-1 $3237 1.772927208099566609 $2724 1.809343247018194489 $2209 $3260 forward @14 tangent_not_g2 #
coedge $-1 -1 $-1 $3261 $2210 $3256 $3262 forward $2721 $3263 #
coedge $-1 -1 $-1 $2210 $3261 $3246 $3264 forward $2721 $3265 #
loop $-1 -1 $-1 $-1 $2210 $2886 #
pcurve $-1 -1 $-1 0 forward { exppc nubs 3 open 2 
	-1.500348130808271563 3 1.776356839400250465e-15 3 
	1.500348130808269786 0 
	1.046946499563616184 0 
	0.453447471028477711 0 
	3.794707603699267491e-16 0 
	0.01000000000000000021 
	spline forward { exactsur full nurbs 3 2 both open open none none 3 2 
	3.794707603699267491e-16 3 0.7501740654041363365 2 1.500348130808272229 3 
	0 2 1 2 
	-8.913117696683256597 3.871757365079377067 9.633796013421601856 1 
	-8.92493200146726906 3.871757365265593442 9.383430233828763178 1 
	-9.042498860740320055 3.835344185098739089 9.14051501392202681 1 
	-9.42827479395914736 3.708589040741810283 8.792442114478102866 1 
	-9.693812694541627195 3.619125141362404818 8.689670311606224828 1 
	-9.964909866070389199 3.526167978121469204 8.684798633112317034 1 
	-9.055545571960768925 3.999999999999995559 9.640516925127197823 0.9336794766296305781 
	-9.064831613461953097 3.999999999999995559 9.443729468655346793 0.9338023178829356619 
	-9.16291150294796175 3.999999999999995559 9.245646770851049467 0.9146830098937761555 
	-9.481791259593574495 3.999999999999996447 8.922073488948887743 0.8425496018230433926 
	-9.720832084546444207 3.999999999999995559 8.790515788034952038 0.7894759418492669489 
	-9.964909866070389199 3.999999999999995559 8.709631117132165201 0.7253743710122885213 
	-9.247105832303020634 3.999999999999995559 9.649556304487122205 1 
	-9.2530129849656646 3.999999999999995559 9.524373414706472474 1 
	-9.332016881027152877 3.999999999999995559 9.40386997168697647 1 
	-9.595292772457481689 3.999999999999995559 9.233154999779372929 1 
	-9.777716132340943389 3.999999999999995559 9.184113400565104612 1 
	-9.964909866070385647 3.999999999999995559 9.184113400489604118 1 
	0 
	
	0 
	1 0.7501740654041363365 
	0 
	0 
	0 
	0 
	F 1 F 0 F 1 F 0 } I I I I 
	} 0 0 #
DXID-attrib $-1 -1 $-1 $-1 $2211 @18 ASM_EDGE_FROM_STEP @2 19 #
tvertex-vertex $-1 -1 $-1 $2718 $3266 1.000397205464519571e-11 #
intcurve-curve $-1 -1 $-1 forward { parcur full nubs 3 open 3 
	-1.776356839400250465e-15 3 0.7501576421342621703 3 1.500348130808271563 3 
	-8.913117696683256597 3.871757365079377067 9.633796013421601856 
	-8.923829309342805161 3.871757365248212679 9.406798208368051917 
	-9.033499143210573123 3.838301239690342204 9.148635162186897318 
	-9.235386827349733707 3.771966612920274464 8.966478564200064838 
	-9.437283351379964103 3.705629081610104958 8.78431399027111226 
	-9.719129727001883268 3.610444123017902296 8.689215358712875314 
	-9.964909866070385647 3.526167978121470536 8.684798633112317034 
	0.002016644225108568233 
	
	spline forward { ref 49 } I I I I 
	null_surface 
	nubs 3 open 2 
	-1.776356839400250465e-15 3 1.500348130808271563 3 
	3.794707603699267491e-16 0 
	0.453447471028477711 0 
	1.046946499563616184 0 
	1.500348130808269786 0 
	
	nullbs 
	I I 
	0 
	1 0.7501576421342621703 
	0 
	surf1 } F -1.776356839400250465e-15 F 1.500348130808271563 #
point $-1 -1 $-1 -9.964909866070385647 3.526167978121468316 8.684798633112318811 #
DXID-attrib $-1 -1 $-1 $-1 $2217 @18 ASM_FACE_FROM_STEP @16 MD-JJ-K4080-3214 #
loop $-1 -1 $-1 $-1 $2695 $2217 #
plane-surface $-1 -1 $-1 -4.450117292409609071 -0.1460767853029530661 9 -0.6691306063588579045 -0.7431448254773945772 0 0.7431448254773946882 -0.6691306063588580155 0 forward_v I I I I #
coedge $-1 -1 $-1 $2564 $2503 $2219 $2731 reversed $2021 $-1 #
edge $3267 -1 $-1 $2567 0.000500686172998948578 $3268 0.003292797141365476268 $2730 $3269 forward @7 tangent #
edge $3270 -1 $-1 $2739 0.0009751684563564005839 $2735 0.008024831543643601989 $2556 $3271 forward @7 unknown #
coedge $-1 -1 $-1 $2503 $2221 $2226 $2744 reversed $2021 $-1 #
DXID-attrib $-1 -1 $-1 $-1 $2222 @18 ASM_EDGE_FROM_STEP @4 9430 #
vertex $-1 -1 $-1 $2732 $3272 #
straight-curve $-1 -1 $-1 -48.00000000000001421 8.918042128461470597 3.476718994402656637 0 998.6295347545740242 -52.33595624294395776 I I #
coedge $-1 -1 $-1 $2223 $3273 $2225 $2742 reversed $2501 $-1 #
DXID-attrib $-1 -1 $-1 $-1 $2224 @18 ASM_EDGE_FROM_STEP @4 5080 #
vertex $-1 -1 $-1 $2558 $3274 #
straight-curve $-1 -1 $-1 -48.00000000000001421 5.52125717256417925 -3.654736950643275861 0 -998.6295347545740242 -52.33595624294395776 I I #
coedge $-1 -1 $-1 $2745 $2225 $2899 $3275 forward $2227 $-1 #
edge $3276 -1 $-1 $2229 -0.05228838271540614535 $3277 -0.01527278076374712773 $2737 $3278 forward @7 unknown #
coedge $-1 -1 $-1 $2226 $2745 $3012 $3279 forward $2227 $-1 #
edge $3280 -1 $-1 $3281 0.01527276359561629236 $2230 0.05228835754205243824 $2733 $3282 forward @7 unknown #
coedge $-1 -1 $-1 $2743 $2741 $2454 $3011 reversed $2227 $-1 #
point $-1 -1 $-1 -48.00000000000001421 5.573593128807123875 -3.651994139399929562 #
point $-1 -1 $-1 -48.00000000000001421 5.573593128807123875 3.651994139399929118 #
coedge $-1 -1 $-1 $3283 $2233 $3284 $3285 forward $1476 $-1 #
coedge $-1 -1 $-1 $3286 $3287 $2233 $2750 reversed $3288 $3289 #
edge $3290 -1 $-1 $2754 3.11004746484929262 $3291 4.641940784398064679 $2233 $3292 forward @14 tangent_not_g2 #
coedge $-1 -1 $-1 $2234 $3293 $2281 $2808 forward $1476 $-1 #
coedge $-1 -1 $-1 $2235 $2284 $3286 $3294 reversed $2293 $-1 #
DXID-attrib $-1 -1 $-1 $-1 $2236 @18 ASM_EDGE_FROM_STEP @4 2368 #
vertex $-1 -1 $-1 $2236 $3295 #
straight-curve $-1 -1 $-1 -3.999999999999993783 9.246734075127562846 -14.32794310685886963 0 0 -1000 F -0.004662616818364780959 F 6.73060464704500202e-06 #
coedge $-1 -1 $-1 $3156 $2237 $2240 $2761 reversed $2757 $-1 #
loop $-1 -1 $-1 $-1 $3156 $3296 #
DXID-attrib $-1 -1 $-1 $-1 $2238 @18 ASM_EDGE_FROM_STEP @4 7808 #
ellipse-curve $-1 -1 $-1 1 69.25735931288076586 -5.750000000000000888 -1 0 0 0 -1.414213562373093147 0 0.7071067811865521247 I I #
coedge $-1 -1 $-1 $2240 $2239 $3297 $3298 forward $1925 $-1 #
edge $3299 -1 $-1 $3300 -0.003999999999999936766 $2242 0.0004142135623730933244 $2240 $3301 forward @14 tangent_not_g2 #
point $-1 -1 $-1 1 69.25735931288076586 -6.75 #
coedge $-1 -1 $-1 $2251 $3193 $2244 $2764 forward $2777 $-1 #
edge $3302 -1 $-1 $3196 -0.3019608782294302962 $2254 1.526960878229430385 $2244 $3303 reversed @7 unknown #
coedge $-1 -1 $-1 $2245 $3304 $3305 $3306 forward $1824 $-1 #
coedge $-1 -1 $-1 $2382 $3297 $2245 $2767 forward $1554 $-1 #
edge $3307 -1 $-1 $2768 0 $3308 0.002724999999999997823 $2245 $3309 forward @7 unknown #
vertex $-1 -1 $-1 $2767 $3310 #
straight-curve $-1 -1 $-1 1.406466352506898554 72.93796086721967242 -6.75 6.691306063588563724 -7.431448254773959761 0 F -0.2101930981995157877 F -0.06074544321305584693 #
DXID-attrib $-1 -1 $-1 $-1 $2247 @18 ASM_FACE_FROM_STEP @16 MD-JJ-K4080-8525 #
plane-surface $-1 -1 $-1 1.942890293094023946e-13 74.49999999999978684 -6.75 0.7431448254773960205 0.6691306063588563502 0 -0.6691306063588563502 0.7431448254773960205 0 forward_v I I I I #
coedge $-1 -1 $-1 $2249 $3311 $2782 $3312 reversed $2273 $-1 #
DXID-attrib $-1 -1 $-1 $-1 $2250 @18 ASM_EDGE_FROM_STEP @4 1183 #
vertex $-1 -1 $-1 $2257 $3313 #
straight-curve $-1 -1 $-1 -3.540202025355363435 76 -9.199999999999999289 500.000000000000739 -866.0254037844383674 0 I I #
coedge $-1 -1 $-1 $3193 $2251 $2593 $3128 reversed $2777 $-1 #
loop $-1 -1 $-1 $-1 $2251 $3138 #
DXID-attrib $-1 -1 $-1 $-1 $2252 @18 ASM_EDGE_FROM_STEP @4 3482 #
vertex $-1 -1 $-1 $3128 $3314 #
straight-curve $-1 -1 $-1 -4.880957851702047101 79 -9.182240502772053503 9.989716227690164985 0 0.4533979380453447838 F -10009.80576154657138 F 10010.78295804354093 #
point $-1 -1 $-1 -4.051818199340258886 79 -9.14460878229430385 #
coedge $-1 -1 $-1 $2545 $2256 $2772 $3312 forward $724 $-1 #
straight-curve $-1 -1 $-1 -40.16519783083352735 43.33480216916647265 -11.71823444707897011 -7.062025065134035273 -7.062025065134035273 -0.5055729016049580471 I I #
DXID-attrib $-1 -1 $-1 $-1 $2259 @18 ASM_FACE_FROM_STEP @16 MD-JJ-K4080-6705 #
face $3315 -1 $-1 $2603 $2598 $4 $-1 $3316 reversed single #
plane-surface $-1 -1 $-1 -3.540202025355363435 76 9.199999999999999289 0.0453242676377402301 0.02616797812147200752 0.9986295347545739443 0.9989716227690165207 0 -0.045339793804534477 forward_v I I I I #
coedge $-1 -1 $-1 $2261 $2648 $3180 $3317 reversed $1752 $3318 #
pcurve $-1 -1 $-1 0 forward { exppc nubs 1 open 2 
	1.614317852193907665 1 1.657045506709186045 1 
	6.246169745376177751 1 
	6.283185307179583567 0.9999999999999605871 
	7.048320184907025572e-12 
	spline reversed { ref 17 } I I I I 
	} 0 0 #
DXID-attrib $-1 -1 $-1 $-1 $2262 @18 ASM_EDGE_FROM_STEP @4 3344 #
vertex $-1 -1 $-1 $2262 $3319 #
ellipse-curve $-1 -1 $-1 -3.588261997402002024 64.70819508369575601 -9.675559423329140429 -0.9486399792316771995 -0.3159241356389574928 -0.01655688147268841517 0.02287368301572824045 -0.02330580010339546732 -0.8658650755941578181 0.9684615793717918919 F -1.657045506709186045 F -1.614317852193907665 #
coedge $-1 -1 $-1 $2264 $2263 $3293 $3320 reversed $2265 $3321 #
pcurve $-1 -1 $-1 0 forward { exppc nubs 1 open 2 
	0.0523598775598275723 1 1.570796326794896558 1 
	1.49676520318809203 1 
	1.496765203188085369 0 
	9.12992226627609004e-15 
	spline reversed { ref 30 } I I I I 
	} 0 0 #
pcurve $-1 -1 $-1 0 forward { exppc nubs 1 open 2 
	-1.570796326794896558 1 -0.7860838657784317007 1 
	-1.776356839400250465e-15 8.957552679444745724e-30 
	1.998252104786360388e-16 0.9999999999999693578 
	4.31685520955644276e-13 
	spline reversed { ref 30 } I I I I 
	} 0 0 #
face $3322 -1 $-1 $2247 $2265 $4 $-1 $3323 reversed single #
point $-1 -1 $-1 -3.853795739857766023 65.50309990338803345 -9.629276199444843698 #
coedge $-1 -1 $-1 $3324 $2270 $3325 $3326 forward $2799 $-1 #
coedge $-1 -1 $-1 $2270 $3324 $2272 $2803 reversed $2799 $-1 #
loop $-1 -1 $-1 $-1 $2798 $2278 #
DXID-attrib $-1 -1 $-1 $-1 $2271 @18 ASM_EDGE_FROM_STEP @4 4429 #
straight-curve $-1 -1 $-1 -3.974765864302906682 65.38309851196612499 -9.672623101998107487 -706.6217501846249434 -706.6217501846232381 -37.03247672027218584 I I #
coedge $-1 -1 $-1 $3311 $2272 $2807 $3327 forward $2273 $-1 #
edge $-1 -1 $-1 $2274 0.06045250842264349167 $3328 0.5695474915773566238 $2798 $3329 forward @7 unknown #
point $-1 -1 $-1 0.1867922241209607481 69.54465660038998465 -9.454525084226435894 #
DXID-attrib $-1 -1 $-1 $-1 $2278 @18 ASM_FACE_FROM_STEP @16 MD-JJ-K4080-5769 #
plane-surface $-1 -1 $-1 0 69.35786437626902057 -8.5 0.7071067811865466846 -0.7071067811865483499 0 0.7071067811865483499 0.7071067811865466846 0 forward_v I I I I #
coedge $-1 -1 $-1 $3330 $3331 $2802 $3327 reversed $2279 $-1 #
edge $3332 -1 $-1 $2810 -0.05397866515252191383 $2298 0.0005262437734251068601 $2751 $3333 forward @14 tangent_not_g2 #
DXID-attrib $-1 -1 $-1 $-1 $2282 @18 ASM_EDGE_FROM_STEP @3 524 #
vertex $-1 -1 $-1 $3320 $3334 #
ellipse-curve $-1 -1 $-1 -3.500000000000000444 64.46981879201740639 -9.184113400489605894 0 1 0 0 0 0.5000000000000004441 1 F -1.570796326794896558 F -0.05235987755982745434 #
coedge $-1 -1 $-1 $2287 $2926 $2283 $2813 reversed $2317 $-1 #
edge $3335 -1 $-1 $2289 -0.0001943387160711134104 $2815 0.005813634514911553315 $2812 $3336 forward @7 tangent #
DXID-attrib $-1 -1 $-1 $-1 $2285 @18 ASM_EDGE_FROM_STEP @4 7244 #
tvertex-vertex $-1 -1 $-1 $3337 $3338 1.000307674029821343e-11 #
straight-curve $-1 -1 $-1 -3.871572412738694347 8.912168771948131507 -9.67205689314113215 0 0 1000 F -0.004662616818364781826 F 6.730604647043891559e-06 #
ellipse-curve $-1 -1 $-1 0.8541539616507638488 5.158194468757423934 -14.54339196629801023 -0.7071067811865477948 0.7071067811865473507 0 -0.5885975400626373144 -0.5885975400626376475 -0.5577504500965170253 0.99801607314558205 I I #
point $-1 -1 $-1 0.1460767853029520669 4.450117292409611736 -14.54522978391356602 #
DXID-attrib $-1 -1 $-1 $-1 $2291 @18 ASM_EDGE_FROM_STEP @4 2307 #
intcurve-curve $-1 -1 $-1 forward { parcur full nurbs 3 open 3 
	1.641244522781521109 3 2.407191182555907361 2 3.173137842330293612 3 
	-3.999999999999994671 9.964909866070380318 -9.184113400489604118 1 
	-3.999999999999994671 9.773739454970998608 -9.184113400566706886 1 
	-3.999999999999994671 9.58767142429917385 -9.235325532377858693 1 
	-3.999999999999994671 9.323164516293124038 -9.412558091180317277 1 
	-3.999999999999994671 9.246734075509754902 -9.537232767682276346 1 
	-3.999999999999994671 9.246734075127559294 -9.665326288494087592 1 
	0 
	
	spline forward { ref 10 } I I I I 
	null_surface 
	nubs 1 open 2 
	1.641244522781521331 1 3.173137842330293612 1 
	1.641244522781521109 0 
	3.173137842330293612 1.412795603606202297e-15 
	
	nullbs 
	I I 
	0 
	1 2.407191182555907361 
	0 
	surf1 } F 1.641244522781521331 F 3.173137842330293612 #
intcurve-curve $-1 -1 $-1 forward { ref 54 } I I #
face $3339 -1 $-1 $3340 $2293 $4 $-1 $3341 reversed single #
point $-1 -1 $-1 -3.999999999999993783 9.246734075127559294 -9.665326288494087592 #
point $-1 -1 $-1 -3.999999999999993783 9.964909866070380318 -9.184113400489605894 #
DXID-attrib $-1 -1 $-1 $-1 $2301 @18 ASM_FACE_FROM_STEP @16 MD-JJ-K4080-3266 #
loop $-1 -1 $-1 $-1 $3342 $2301 #
spline-surface $-1 -1 $-1 forward { exactsur full nurbs 3 2 both open open none none 3 2 
	4.786420103991494202 3 5.534802705585541105 2 6.283185307179588008 3 
	0 2 1 2 
	-3.999999999999999112 64.46981879201740639 -14.81588659951039766 1 
	-3.999999999999999112 64.64654248734100861 -14.81588659942149278 1 
	-3.999999999999999112 64.81892043708499784 -14.76708825775141776 1 
	-3.999999999999999112 65.06838119070690141 -14.597108630030732 1 
	-3.999999999999999112 65.14373017820494738 -14.47708176966461657 1 
	-3.999999999999999112 65.15027322857088166 -14.3522329380561704 1 
	-3.999999999999998668 64.46981879201740639 -15.29036888286783302 0.725374371012292074 
	-4.00000000000035083 64.7093605955380724 -15.21324771073800264 0.7862281980309488993 
	-3.999999999999999112 64.94103372303023036 -15.08284948974700335 0.8368930757763475281 
	-3.999999999999999556 65.25108101951745709 -14.75947353873767653 0.9058152981979956664 
	-3.999999999999999112 65.34653244443188669 -14.56080316791911855 0.9241339199868205956 
	-3.999999999999999112 65.35689564324582079 -14.36306155995938383 0.9240106816794789735 
	-3.526167978121476754 64.46981879201740639 -15.31520136688768474 1 
	-3.614396778713879765 64.73498984786253629 -15.31057749137983315 1 
	-3.699202468162671842 64.99498759211083154 -15.20853633000717586 1 
	-3.819313770197474422 65.37379779732088991 -14.86228230795959782 1 
	-3.853795740037214479 65.49001380318502186 -14.62042146380501961 1 
	-3.853795739857777569 65.50309990338803345 -14.37072380055515808 1 
	0 
	
	0 
	1 5.534802705585541105 
	0 
	0 
	0 
	0 
	F 1 F 0 F 1 F 0 } I I I I #
coedge $-1 -1 $-1 $2872 $3343 $2303 $2829 reversed $3344 $-1 #
edge $3345 -1 $-1 $2306 -0.004662616818364776622 $3346 6.730604647049443013e-06 $2303 $3347 forward @14 tangent_not_g2 #
point $-1 -1 $-1 -8.91216877194813506 3.871572412738693014 -9.665326288494087592 #
ellipse-curve $-1 -1 $-1 -5.158194468757421269 -0.8541539616507655142 -14.54339196629801023 -0.7071067811865477948 0.7071067811865473507 0 0.588597540062645419 0.5885975400626457521 -0.5577504500964995948 0.998016073145582272 I I #
edge $3348 -1 $-1 $3346 -0.005813634514911559387 $2311 0.0001943387160711127328 $2538 $3349 forward @7 tangent #
point $-1 -1 $-1 -4.450117292409610847 -0.1460767853029532326 -14.54522978391356958 #
DXID-attrib $-1 -1 $-1 $-1 $2313 @18 ASM_EDGE_FROM_STEP @4 4143 #
straight-curve $-1 -1 $-1 0 4.304040507106659419 -15 -707.1067811865474368 -707.1067811865477779 -0 I I #
DXID-attrib $-1 -1 $-1 $-1 $2315 @18 ASM_EDGE_FROM_STEP @4 9521 #
straight-curve $-1 -1 $-1 1 2.785463218681520914 -15.09333317551952902 0 9.993140625789084908 0.3703247672027214499 F -10007.1428210610411 F 10006.5853460243161 #
edge $-1 -1 $-1 $2393 -1.500348130808272895 $2318 -0.4629044690874375978 $2316 $3350 forward @7 unknown #
face $3351 -1 $-1 $862 $2317 $4 $-1 $3352 reversed single #
point $-1 -1 $-1 1 3.680732930107887491 -15.06015636355592768 #
point $-1 -1 $-1 0.2235058029541746039 4.527546310060833967 -15 #
coedge $-1 -1 $-1 $3353 $2321 $2363 $2891 reversed $2844 $-1 #
coedge $-1 -1 $-1 $2321 $3353 $2323 $2848 forward $2844 $-1 #
loop $-1 -1 $-1 $-1 $2842 $3354 #
DXID-attrib $-1 -1 $-1 $-1 $2322 @18 ASM_EDGE_FROM_STEP @4 5984 #
straight-curve $-1 -1 $-1 -4.83902602206220589 1.586334828604097247 -6.75 -0 -0 -1000 F -0.01077500000000000159 F -0.002724999999999999558 #
coedge $-1 -1 $-1 $2849 $2323 $3171 $3355 reversed $2325 $-1 #
edge $3356 -1 $-1 $3357 -0.00447244100794621114 $2327 0.0002344586014408809823 $2843 $3358 forward @7 unknown #
coedge $-1 -1 $-1 $2324 $2847 $2634 $3170 reversed $2325 $-1 #
face $3359 -1 $-1 $3360 $2325 $4 $-1 $3361 forward single #
point $-1 -1 $-1 -4.83902602206220589 1.586334828604097247 -4.025000000000000355 #
edge $3362 -1 $-1 $2570 -0.007582112114829436984 $2854 0.000961994818029338148 $2642 $3363 forward @14 tangent_not_g2 #
DXID-attrib $-1 -1 $-1 $-1 $2330 @18 ASM_EDGE_FROM_STEP @3 649 #
vertex $-1 -1 $-1 $2330 $3364 #
ellipse-curve $-1 -1 $-1 -354.900368044677748 -388.5079108929764971 -3.77796386504127879 -0.006170592432062530636 0.006170592421719914115 0.9999619230641747514 348.5050355141117961 388.537939213076811 -0.247036134958721898 1 F -0.001906746902953620039 F 1.501725444526890612e-16 #
coedge $-1 -1 $-1 $3005 $3365 $2332 $2857 reversed $3366 $-1 #
edge $3367 -1 $-1 $3008 -3.141592653589793116 $2862 -1.570796326794896558 $2856 $3368 forward @7 unknown #
coedge $-1 -1 $-1 $3369 $2333 $3365 $3370 forward $2860 $-1 #
coedge $-1 -1 $-1 $2333 $3369 $2335 $2865 forward $2860 $-1 #
loop $-1 -1 $-1 $-1 $2858 $2471 #
DXID-attrib $-1 -1 $-1 $-1 $2334 @18 ASM_EDGE_FROM_STEP @3 102 #
vertex $-1 -1 $-1 $2857 $3371 #
straight-curve $-1 -1 $-1 -68.84314575050765939 -1.000000000000027756 -6.75 1000 2.453269466693418974e-12 0 I I #
coedge $-1 -1 $-1 $3372 $2335 $3373 $3374 forward $2011 $-1 #
edge $-1 -1 $-1 $3375 -0.01046719124858892791 $2337 0.1389804637378732333 $2335 $3376 forward @7 unknown #
point $-1 -1 $-1 -73.38938748517078636 -1.000000000000038858 -6.75 #
DXID-attrib $-1 -1 $-1 $-1 $2343 @18 ASM_FACE_FROM_STEP @15 MD-JJ-K4080-419 #
loop $-1 -1 $-1 $-1 $3377 $2343 #
spline-surface $-1 -1 $-1 forward { exactsur full nurbs 3 2 both open open none none 2 2 
	0 3 0.03154518874050075278 3 
	0 2 1 2 
	-9.247105832303020634 3.999999999999995559 -14.35044369551287957 1 
	-9.246858014738293718 3.999999999999995559 -14.3451920074996746 1 
	-9.246734075143248077 3.999999999999995559 -14.33993447505956809 1 
	-9.246734075127564623 3.999999999999995559 -14.33467371150591418 1 
	-9.055545571960768925 3.999999999999995559 -14.35948307487279862 0.9336794766296305781 
	-9.055155617621950981 3.999999999999995559 -14.35121926006742754 0.9336794768412207679 
	-9.054907753309977991 3.999999999999995559 -14.34294815537207057 0.9336464581571950472 
	-9.054802057609858679 3.999999999999995559 -14.33467371150591418 0.9335804264972022981 
	-8.913117696683256597 3.871757365079377067 -14.36620398657839814 1 
	-8.912622061543435947 3.871757365087195701 -14.35570061081491211 1 
	-8.912305700862656721 3.871695704087108059 -14.34518877683949079 1 
	-8.912168771948136836 3.871572412738694791 -14.33467371150591418 1 
	0 
	
	0 
	0 
	0 
	0 
	0 
	0 
	F 1 F 0 F 1 F 0 } I I I I #
coedge $-1 -1 $-1 $2347 $2346 $3378 $3379 reversed $2348 $3380 #
pcurve $-1 -1 $-1 0 forward { exppc nubs 1 open 2 
	-2.303281628924709334 1 -1.570796326794896558 1 
	6.283185307179585344 1 
	6.283185307179586232 0 
	1.729006379796763169e-13 
	spline reversed { ref 33 } I I I I 
	} 0 0 #
coedge $-1 -1 $-1 $3381 $2828 $2347 $2873 forward $3344 $-1 #
edge $3382 -1 $-1 $2306 0.837758040957281791 $3383 1.570796326794900999 $2347 $3384 forward @14 tangent_not_g2 #
pcurve $-1 -1 $-1 0 forward { exppc nubs 1 open 2 
	-1.570796326794900999 1 -0.837758040957281902 1 
	6.251640118439085292 0 
	6.251640118439085292 1 
	1.77282698524005296e-13 
	spline reversed { ref 33 } I I I I 
	} 0 0 #
face $3385 -1 $-1 $2483 $2348 $4 $-1 $3386 reversed single #
coedge $-1 -1 $-1 $2477 $3378 $2352 $2877 forward $1816 $-1 #
edge $3387 -1 $-1 $2883 3.794707603699267491e-16 $2880 1.500348130808274449 $2352 $3388 forward @14 tangent_not_g2 #
pcurve $-1 -1 $-1 -1 $3389 0 0 #
DXID-attrib $-1 -1 $-1 $-1 $2353 @18 ASM_EDGE_FROM_STEP @4 6677 #
vertex $-1 -1 $-1 $2877 $3390 #
ellipse-curve $-1 -1 $-1 -9.964909866070385647 3.499999999999994671 -9.184113400489605894 1 0 0 0 0 -0.5000000000000004441 1 F 1.570796326794896558 F 3.08923277602996027 #
DXID-attrib $-1 -1 $-1 $-1 $2355 @18 ASM_EDGE_FROM_STEP @4 2588 #
vertex $-1 -1 $-1 $2877 $3391 #
ellipse-curve $-1 -1 $-1 -9.247105832303020634 3.499999999999995559 -9.649556304487122205 0.04713572647421897938 -1.29648591660129004e-17 -0.9988884939219931924 -0.4994442469609967072 -7.559275031719900723e-33 -0.0235678632371095001 1 F 1.570796326794896558 F 2.303281628924709334 #
DXID-attrib $-1 -1 $-1 $-1 $2357 @18 ASM_FACE_FROM_STEP @16 MD-JJ-K4080-4187 #
face $3392 -1 $-1 $3393 $2721 $4 $-1 $3394 reversed single #
spline-surface $-1 -1 $-1 forward { ref 23 } I I I I #
DXID-attrib $-1 -1 $-1 $-1 $2360 @18 ASM_FACE_FROM_STEP @29 MD-JJ-K4080-10040-dup-dxid-64 #
loop $-1 -1 $-1 $-1 $3395 $2360 #
plane-surface $-1 -1 $-1 0 -1 19 -1.224606353822377258e-16 1 0 -1 -1.224606353822377258e-16 0 forward_v I I I I #
edge $3396 -1 $-1 $3397 -0.00447244100794621114 $2366 0.0002344586014408809823 $2842 $3398 forward @7 unknown #
face $3399 -1 $-1 $2850 $2364 $4 $-1 $3400 forward single #
point $-1 -1 $-1 -4.83902602206220589 1.586334828604097247 4.025000000000000355 #
DXID-attrib $-1 -1 $-1 $-1 $2368 @18 ASM_EDGE_FROM_STEP @3 903 #
ellipse-curve $-1 -1 $-1 -354.9003680455444396 -388.5079108938228956 3.777963861749725094 -0.006170592427844914796 0.006170592426409636684 -0.9999619230641717538 349.2452197490174512 387.8727506282184549 0.2383638251563108268 1 F -0.001906746902949362594 F -7.523018641365050893e-17 #
DXID-attrib $-1 -1 $-1 $-1 $2371 @18 ASM_FACE_FROM_STEP @16 MD-JJ-K4080-5007 #
loop $-1 -1 $-1 $-1 $2455 $2371 #
cone-surface $-1 -1 $-1 -48.92139751417367677 5.080777080607688845 3.677821534081104904 -0.7066217501846241422 0.7066217501846241422 -0.03703247672027212833 -0.7071067811865463515 -0.7071067811865465735 -6.591949208711854633e-17 1 I I 0 1 0.9999999999999985567 forward I I I I #
coedge $-1 -1 $-1 $3401 $2373 $2741 $3275 reversed $1920 $-1 #
coedge $-1 -1 $-1 $2373 $3401 $2374 $2903 reversed $1920 $-1 #
coedge $-1 -1 $-1 $2376 $2454 $2373 $2902 forward $270 $-1 #
edge $-1 -1 $-1 $3402 3.104577091786386855 $2904 4.638357856777877153 $2373 $3403 forward @7 unknown #
edge $3404 -1 $-1 $2904 -0.008340513388706994463 $3405 0.0004502088343975114895 $2900 $3406 forward @7 tangent #
vertex $-1 -1 $-1 $2902 $3407 #
straight-curve $-1 -1 $-1 -24.00000000000000711 -1.000000000000002665 -4.997873903188891909 10 1.224606353822377258e-15 2.460049095919386791e-16 F -9997.600001000000702 F 10002.40000099999997 #
coedge $-1 -1 $-1 $3408 $2653 $3166 $3409 forward $2379 $-1 #
coedge $-1 -1 $-1 $3410 $2381 $3190 $3411 forward $1554 $-1 #
coedge $-1 -1 $-1 $3412 $3413 $2381 $2909 forward $3414 $-1 #
edge $3415 -1 $-1 $3416 -0.1053589103967956242 $2916 -0.1031589103967956028 $2381 $3417 forward @7 unknown #
coedge $-1 -1 $-1 $3305 $3418 $2382 $2911 reversed $3419 $-1 #
edge $3420 -1 $-1 $3308 -0.1053589103967956242 $2917 -0.1031589103967956028 $2382 $3421 forward @7 unknown #
coedge $-1 -1 $-1 $3422 $2383 $3418 $3423 forward $2914 $-1 #
coedge $-1 -1 $-1 $2383 $3422 $3412 $3424 reversed $2914 $-1 #
loop $-1 -1 $-1 $-1 $2912 $3425 #
DXID-attrib $-1 -1 $-1 $-1 $2384 @18 ASM_EDGE_FROM_STEP @5 10143 #
vertex $-1 -1 $-1 $2384 $3426 #
vertex $-1 -1 $-1 $2384 $3427 #
straight-curve $-1 -1 $-1 -1.55563491861039771 72.94436508138956299 -6.75 -0 -0 -1000 F -0.01077500000000000159 F -0.002724999999999997823 #
coedge $-1 -1 $-1 $3428 $3429 $2385 $2920 reversed $3430 $-1 #
edge $3431 -1 $-1 $2924 -0.05987362471430486555 $2928 -0.005368715788357818729 $2385 $3432 forward @14 tangent_not_g2 #
coedge $-1 -1 $-1 $3331 $2386 $2391 $2930 reversed $2279 $-1 #
tcoedge-coedge $-1 -1 $-1 $2386 $3433 $3434 $3435 forward $2279 $3436 3.659182332138601624e-16 1.496765203188079152 #
DXID-attrib $-1 -1 $-1 $-1 $2387 @18 ASM_EDGE_FROM_STEP @4 5907 #
tvertex-vertex $-1 -1 $-1 $3435 $3437 1.001528079932285671e-11 #
straight-curve $-1 -1 $-1 -31.65642297103882541 36.33956379910013368 -13.84095717204320053 -706.6217501846249434 -706.6217501846233517 37.03247672027219295 I I #
tcoedge-coedge $-1 -1 $-1 $2812 $2388 $3438 $3337 forward $2317 $3439 1.641244522781521775 3.1731378423302945 #
DXID-attrib $-1 -1 $-1 $-1 $2389 @18 ASM_EDGE_FROM_STEP @4 4119 #
tvertex-vertex $-1 -1 $-1 $2389 $3440 1.000307674029821343e-11 #
straight-curve $-1 -1 $-1 0.7213891306358686251 5.247519783632784041 -15.53780640233554955 668.7195570917209579 -742.6883090171002095 -35.04610695031607293 I I #
edge $-1 -1 $-1 $3441 0.2363143434929523556 $2392 1.496765203188090254 $2921 $3442 forward @7 unknown #
point $-1 -1 $-1 1.000000000000000888 68.99598677013889869 -15.55240777928304396 #
point $-1 -1 $-1 1 4.938091065349538233 -15.55240777928304219 #
coedge $-1 -1 $-1 $2396 $2395 $3111 $3443 reversed $2397 $-1 #
coedge $-1 -1 $-1 $2669 $3444 $2395 $2935 forward $3205 $3445 #
edge $3446 -1 $-1 $3447 -1.570796326794896558 $2177 -0.05235987755982413061 $2395 $3448 forward @14 tangent_not_g2 #
face $3449 -1 $-1 $3450 $2397 $4 $-1 $3451 reversed single #
coedge $-1 -1 $-1 $2401 $2400 $3113 $3452 reversed $2402 $-1 #
coedge $-1 -1 $-1 $2407 $3114 $2400 $2939 reversed $2950 $3453 #
edge $3454 -1 $-1 $1940 -3.089232776029963379 $3455 -1.570796326794887676 $2938 $3456 forward @14 tangent_not_g2 #
coedge $-1 -1 $-1 $3457 $2412 $2401 $2941 forward $2959 $3458 #
edge $3459 -1 $-1 $1946 -3.089232776029964711 $3460 -1.570796326794900999 $2401 $3461 forward @14 tangent_not_g2 #
face $3462 -1 $-1 $2687 $2402 $4 $-1 $3463 reversed single #
coedge $-1 -1 $-1 $2946 $2405 $2689 $3226 reversed $1938 $-1 #
coedge $-1 -1 $-1 $2424 $3464 $2405 $2945 forward $2973 $-1 #
edge $-1 -1 $-1 $3465 -1.096030840553190888 $2426 -1.073607206367739986 $2405 $3466 forward @7 unknown #
coedge $-1 -1 $-1 $2406 $2943 $3213 $3467 reversed $1938 $-1 #
tcoedge-coedge $-1 -1 $-1 $3468 $2407 $2406 $2948 reversed $2950 $3469 -3.846169603062120856 -3.11004746484929262 #
tedge-edge $3470 -1 $-1 $3471 3.11004746484929262 $2953 3.846169603062120856 $2406 $2954 forward @14 tangent_not_g2 0.001304713308034974794 #
pcurve $-1 -1 $-1 0 forward { exppc nubs 3 open 2 
	3.11004746484929262 3 3.846169603062120856 3 
	5.81363451491155292 1.908195823574487015e-15 
	5.809740690593532264 0.222075027049347562 
	5.853304941730673505 0.4774639103743225088 
	5.945245964057793486 0.7346811542519047222 
	0.00105653558461785038 
	cone 0.7592635106434976189 5.263580991183879121 14.53841896848555137 -0.6687195570917210397 0.7426883090171001456 -0.03504610695031606937 -0.7431448254773942441 -0.6691306063588582376 -3.469446951953613418e-18 1 I I 0 1 1 forward I I I I 
	} 0 0 #
loop $-1 -1 $-1 $-1 $2938 $3472 #
pcurve $-1 -1 $-1 0 forward { exppc nubs 3 open 2 
	-4.641940784398066455 3 -3.846169603062120856 3 
	4.641940784398067343 4.190160310032230664e-15 
	4.402505102643502255 2.01350167633343937e-15 
	4.122834708692309391 9.675498550475232889e-16 
	3.844728116610316881 1.368830454735075181e-15 
	0.01000000000000000021 
	spline forward { exactsur full nurbs 3 2 both open open none none 3 2 
	3.11004746484929262 3 3.87599412462367976 2 4.641940784398067343 3 
	0 2 1 2 
	-3.871572412738689017 8.912168771948126178 14.33467371150591418 1 
	-3.874573849006286874 8.915502204629383698 14.59065516399410001 1 
	-3.839537098871281806 9.029450833781542229 14.84188900579188619 1 
	-3.712323316167291498 9.417179430664015527 15.20302111524250677 1 
	-3.621099108651784526 9.688055882155302001 15.31022623715175968 1 
	-3.526167978121463875 9.964909866070376765 15.31520136688768474 1 
	-3.99999999999999245 9.054802057609848021 14.33467371150591418 0.9335804264972014099 
	-3.99999999999999245 9.057368056150137292 14.53555426630241776 0.9353167119936236507 
	-3.999999999999924505 9.152447240021857056 14.7396490730778158 0.9169736420390520726 
	-4.000000000000063949 9.472373172034778577 15.07253953046139294 0.8447643719906096083 
	-4.000000000000445866 9.716149912654266529 15.20793259210721615 0.790834421090925499 
	-3.99999999999999023 9.964909866070376765 15.29036888286784013 0.7253743710122879662 
	-3.99999999999999245 9.246734075127555741 14.33467371150591418 1 
	-3.99999999999999245 9.246734075509753126 14.46276723231772188 1 
	-3.99999999999999245 9.323164516293122261 14.5874419088196845 1 
	-3.99999999999999245 9.587671424299172074 14.76467446762214308 1 
	-3.99999999999999245 9.773739454971000384 14.81588659943329489 1 
	-3.99999999999999245 9.964909866070378541 14.81588659951039766 1 
	0 
	
	0 
	1 3.87599412462367976 
	0 
	0 
	0 
	0 
	F 1 F 0 F 1 F 0 } I I I I 
	} 0 0 #
DXID-attrib $-1 -1 $-1 $-1 $2408 @18 ASM_EDGE_FROM_STEP @4 3991 #
tvertex-vertex $-1 -1 $-1 $2408 $3473 3.006010545124724548e-05 #
intcurve-curve $-1 -1 $-1 forward { parcur full nubs 3 open 3 
	3.11004746484929262 3 3.875986823280452409 3 4.641940784398066455 3 
	-3.871572412738690794 8.912168771948129731 14.33467371150591418 
	-3.874281769169452438 8.915177817107267089 14.56574474970919653 
	-3.842631725257096953 9.020018875066513786 14.83310403822849999 
	-3.775930207519287762 9.223315132222783319 15.02245506051720092 
	-3.709227418112463592 9.426615265236149455 15.21180969279613926 
	-3.611858879587332982 9.715003778114096988 15.31071049703709619 
	-3.526167978121467428 9.964909866070378541 15.31520136688768829 
	0.002194914563452474848 
	
	spline forward { ref 61 } I I I I 
	null_surface 
	nubs 3 open 2 
	3.11004746484929262 3 4.641940784398066455 3 
	3.11004746484929262 6.448190777467744091e-15 
	3.570991738499005308 0 
	4.18101692846544104 0 
	4.641940784398067343 4.190160310032230664e-15 
	
	nullbs 
	I I 
	0 
	1 3.875986823280452409 
	0 
	surf1 } F 3.11004746484929262 F 4.641940784398066455 #
coedge $-1 -1 $-1 $2415 $2411 $3131 $3474 reversed $1944 $-1 #
coedge $-1 -1 $-1 $3475 $3476 $2411 $2957 forward $3211 $-1 #
edge $3477 -1 $-1 $3478 -0.005889371629639963447 $2962 -0.000171537988574459795 $2411 $3479 forward @7 tangent #
coedge $-1 -1 $-1 $2412 $3457 $3480 $3481 reversed $2959 $3482 #
loop $-1 -1 $-1 $-1 $3457 $3223 #
pcurve $-1 -1 $-1 0 reversed { exppc nubs 3 open 2 
	1.644827450401703084 3 3.178608215393198488 3 
	1.644827450401701308 0 
	2.106202867053484251 0 
	2.717216248817538649 0 
	3.178608215393201153 0 
	0 
	spline forward { exactsur full nurbs 3 2 both open open none none 3 2 
	1.644827450401701308 3 2.411717832897451341 2 3.178608215393201153 3 
	0 2 1 2 
	-3.526167978121468316 64.46981879201740639 15.31520136688768474 1 
	-3.616600424917941758 64.74161289144196019 15.3104620031759513 1 
	-3.703365269145795224 65.00776564970846039 15.20322755325743813 1 
	-3.82397285324330527 65.38886877615180993 14.84165687434695968 1 
	-3.856909105676726401 65.50095527059229994 14.59002865906714241 1 
	-3.8535533905932704 65.50431098567575816 14.33372937457041729 1 
	-3.999999999999996891 64.46981879201740639 15.2903688828678419 0.725374371012286967 
	-4.000000000000572875 64.71479047730504419 15.21149954469850307 0.7877459690760884037 
	-3.999999999999997335 64.95179420777438395 15.07655309657229026 0.8393781857767712573 
	-3.999999999999997335 65.26302707698208394 14.74212009097680465 0.9083850260966805923 
	-3.999999999999999112 65.35509337415842879 14.53632848441363379 0.9258261140745528417 
	-3.999999999999997335 65.35786437626903478 14.33372937457041374 0.9238795325112866275 
	-3.999999999999998668 64.46981879201740639 14.81588659951039766 1 
	-3.999999999999998668 64.65095816718566368 14.81588659941927233 1 
	-3.999999999999998668 64.82739086637562309 14.76454295095422609 1 
	-3.999999999999998668 65.07824622164498862 14.58691799932226196 1 
	-3.999999999999998668 65.15075759472115635 14.46199003186233689 1 
	-3.999999999999998668 65.15075759508248154 14.33372937457041907 1 
	0 
	
	0 
	1 2.411717832897451341 
	0 
	0 
	0 
	0 
	F 1 F 0 F 1 F 0 } I I I I 
	} 0 0 #
DXID-attrib $-1 -1 $-1 $-1 $2413 @18 ASM_EDGE_FROM_STEP @4 4189 #
tvertex-vertex $-1 -1 $-1 $2413 $3483 1.000399680288864996e-11 #
intcurve-curve $-1 -1 $-1 forward { parcur full nubs 3 open 3 
	1.644827450401703084 3 2.411723750471159722 3 3.178608215393198488 3 
	-3.526167978121468316 64.46981879201740639 15.31520136688768474 
	-3.607777352920813474 64.71509520898874257 15.31092440078577432 
	-3.700423279331677584 64.99846937265826341 15.21204737385494177 
	-3.763669061194550469 65.19831721293013516 15.02244221380219891 
	-3.826913867015222959 65.39816196904492074 14.83283997983610192 
	-3.856581766101258246 65.50128261016777742 14.56502746054656683 
	-3.8535533905932704 65.50431098567575816 14.33372937457041729 
	0.002157071948154633788 
	
	spline forward { ref 64 } I I I I 
	null_surface 
	nubs 3 open 2 
	1.644827450401703084 3 3.178608215393198488 3 
	1.644827450401701308 0 
	2.106202867053484251 0 
	2.717216248817538649 0 
	3.178608215393201153 0 
	
	nullbs 
	I I 
	0 
	1 2.411723750471159722 
	0 
	surf1 } F 1.644827450401703084 F 3.178608215393198488 #
edge $-1 -1 $-1 $2421 -1.857673429831222967 $3135 -1.841857914044576328 $2415 $3484 forward @7 unknown #
DXID-attrib $-1 -1 $-1 $-1 $2416 @18 ASM_FACE_FROM_STEP @16 MD-JJ-K4080-6754 #
cone-surface $-1 -1 $-1 0.5491652422873920525 68.49281605618331525 14.52740818480979712 -0.7066217501846249194 -0.706621750184623254 -0.03703247672027217691 0.7071067811865450192 -0.7071067811865466846 -8.673617379884012053e-17 1 I I 0 1 0.9999999999999976685 forward I I I I #
DXID-attrib $-1 -1 $-1 $-1 $2420 @18 ASM_EDGE_FROM_STEP @4 3213 #
straight-curve $-1 -1 $-1 0.999999999999999778 38.07566900485203121 14.01229875078830034 -0 -9.996568547876270472 -0.2619489790224465708 I I #
point $-1 -1 $-1 1 70.30536504140928855 14.85684214891000288 #
coedge $-1 -1 $-1 $2584 $3485 $2423 $2971 forward $2889 $-1 #
edge $-1 -1 $-1 $2975 -0.3766385521764190614 $2589 -0.1000000000000000888 $2423 $3486 forward @7 unknown #
coedge $-1 -1 $-1 $3487 $2424 $3485 $3488 reversed $2973 $-1 #
loop $-1 -1 $-1 $-1 $2944 $2577 #
DXID-attrib $-1 -1 $-1 $-1 $2425 @18 ASM_EDGE_FROM_STEP @4 4188 #
vertex $-1 -1 $-1 $3488 $3489 #
straight-curve $-1 -1 $-1 1 2.082328798266334768 15.11938985782824041 0 -9.993140625789084908 0.3703247672027214499 F -10006.65570773008403 F 10007.07245935527135 #
point $-1 -1 $-1 1 3.680732930107884826 15.06015636355592946 #
coedge $-1 -1 $-1 $3490 $3229 $3487 $3491 reversed $2431 $-1 #
coedge $-1 -1 $-1 $3492 $2433 $2438 $2994 forward $1957 $-1 #
coedge $-1 -1 $-1 $2433 $3492 $2434 $2984 forward $1957 $-1 #
coedge $-1 -1 $-1 $2436 $2439 $2433 $2982 forward $2989 $-1 #
edge $-1 -1 $-1 $2996 0.06045250842264304758 $2990 0.5695474915773570679 $2433 $3493 forward @7 unknown #
coedge $-1 -1 $-1 $3494 $2434 $3495 $3496 forward $1571 $-1 #
edge $3497 -1 $-1 $3498 -0.005489199172367563093 $2990 0.0002286344686979798618 $2434 $3499 forward @7 tangent #
coedge $-1 -1 $-1 $2435 $3500 $3501 $3502 reversed $1571 $-1 #
coedge $-1 -1 $-1 $3148 $2616 $2435 $2987 forward $2344 $-1 #
edge $-1 -1 $-1 $2991 1.841857914044574995 $3503 1.857673429831222522 $2435 $3504 forward @7 unknown #
coedge $-1 -1 $-1 $2614 $2436 $2616 $3147 forward $2989 $-1 #
loop $-1 -1 $-1 $-1 $2614 $3105 #
vertex $-1 -1 $-1 $2437 $3505 #
vertex $-1 -1 $-1 $2437 $3506 #
ellipse-curve $-1 -1 $-1 -68.64808112822197472 -0.7044303143260197686 14.53554528243556376 0.5000000000000017764 0.8660254037844377084 0 0.8881333889855452801 -0.5127640512071016676 -0.146835847687589699 0.96526326161881848 I I #
coedge $-1 -1 $-1 $2438 $2707 $3507 $3508 forward $1235 $-1 #
edge $3509 -1 $-1 $2996 -0.0002286344686979787234 $3510 0.005489199172367563093 $2438 $3511 forward @7 tangent #
coedge $-1 -1 $-1 $2439 $2614 $2441 $2999 reversed $2989 $-1 #
vertex $-1 -1 $-1 $2994 $3512 #
ellipse-curve $-1 -1 $-1 -68.64808112822197472 -0.7044303143260188804 9.464454717564438013 0.5000000000000017764 0.8660254037844377084 0 0.8881333889855460573 -0.5127640512071020007 0.1468358476875903651 0.965263261618818702 I I #
coedge $-1 -1 $-1 $2612 $2441 $2497 $3051 forward $2442 $-1 #
edge $3513 -1 $-1 $2443 -0.007488125701636177967 $3145 0.002898773305148224285 $2995 $3514 forward @7 unknown #
face $3515 -1 $-1 $566 $2442 $4 $-1 $3516 forward single #
point $-1 -1 $-1 -69.51509291565190551 -0.2038608254627627403 9.199999999999999289 #
DXID-attrib $-1 -1 $-1 $-1 $2445 @18 ASM_EDGE_FROM_STEP @4 3073 #
straight-curve $-1 -1 $-1 -67.00000000000001421 -3.20794649406232245e-14 -4.945466123905851497 0 -998.6295347545740242 -52.33595624294395776 I I #
point $-1 -1 $-1 -67.00000000000001421 -1.000000000000008216 -4.997873903188891909 #
coedge $-1 -1 $-1 $3517 $2856 $2449 $3006 reversed $3366 $-1 #
edge $3518 -1 $-1 $3025 0 $3008 0.005414213562373007722 $2449 $3519 forward @14 tangent_not_g2 #
DXID-attrib $-1 -1 $-1 $-1 $2450 @18 ASM_EDGE_FROM_STEP @3 995 #
vertex $-1 -1 $-1 $2450 $3520 #
coedge $-1 -1 $-1 $3054 $2455 $2453 $3010 reversed $2897 $-1 #
edge $3521 -1 $-1 $3268 0.001623333451477250574 $2457 0.01041405567458176737 $3009 $3522 forward @7 tangent #
edge $-1 -1 $-1 $3013 0.321644054669106394 $3402 1.128355945330893784 $2745 $3523 forward @7 unknown #
coedge $-1 -1 $-1 $2455 $3054 $2743 $3279 reversed $2897 $-1 #
vertex $-1 -1 $-1 $2456 $3524 #
ellipse-curve $-1 -1 $-1 -42.84062043356598792 -1.000000000000004219 3.996501557190969223 -1.224606353822377258e-16 1 0 -1.413244829349865617 -2.773656311045082202e-16 -0.07406502308946712188 0.7066217501846241422 I I #
point $-1 -1 $-1 -42.78828447732303175 -1.000000000000005329 4.99787390318889102 #
coedge $-1 -1 $-1 $3525 $3526 $2459 $3017 reversed $3527 $-1 #
edge $3528 -1 $-1 $3240 -0.004546241734663158778 $3020 -0.0004142135623731224353 $3016 $3529 forward @7 unknown #
coedge $-1 -1 $-1 $2464 $2460 $3526 $3530 reversed $2465 $-1 #
DXID-attrib $-1 -1 $-1 $-1 $2461 @18 ASM_EDGE_FROM_STEP @4 3759 #
vertex $-1 -1 $-1 $3017 $3531 #
ellipse-curve $-1 -1 $-1 -69.25735931288078007 -1.00000000000000866 5.750000000000000888 -1.224606353822377258e-16 1 0 1.414213562373082045 2.775557561562891351e-16 0 0.7071067811865512365 I I #
coedge $-1 -1 $-1 $3532 $2462 $2464 $3027 forward $2472 $-1 #
coedge $-1 -1 $-1 $2462 $3533 $3517 $3534 forward $2472 $-1 #
DXID-attrib $-1 -1 $-1 $-1 $2463 @18 ASM_EDGE_FROM_STEP @4 7019 #
vertex $-1 -1 $-1 $2463 $3535 #
straight-curve $-1 -1 $-1 -71.67157287525381548 2.828427124746138333 -6.75 0 0 1000 F 0.000999999999999999804 F 0.01250000000000000069 #
edge $3536 -1 $-1 $2467 -3.141592653589794892 $3537 -1.570796326794898556 $3022 $3538 forward @7 unknown #
face $3539 -1 $-1 $3540 $2465 $4 $-1 $3541 reversed single #
point $-1 -1 $-1 -71.67157287525381548 2.828427124746138333 5.750000000000000888 #
DXID-attrib $-1 -1 $-1 $-1 $2471 @18 ASM_FACE_FROM_STEP @16 MD-JJ-K4080-8703 #
face $3542 -1 $-1 $3296 $3527 $4 $-1 $3543 reversed single #
plane-surface $-1 -1 $-1 -71.67157287525381548 2.828427124746137888 -6.75 0 0 1 1 0 0 forward_v I I I I #
coedge $-1 -1 $-1 $3544 $3532 $2494 $3048 reversed $2472 $-1 #
DXID-attrib $-1 -1 $-1 $-1 $2474 @18 ASM_EDGE_FROM_STEP @4 6877 #
straight-curve $-1 -1 $-1 -65.15075759508249575 4.000000000000010658 -14.32605443298788472 0 0 -1000 F -0.004659783807558302154 F 7.674941582536120454e-06 #
DXID-attrib $-1 -1 $-1 $-1 $2482 @18 ASM_EDGE_FROM_STEP @4 1505 #
straight-curve $-1 -1 $-1 -63.99598677013888448 4.000000000000010658 -9.184113400489605894 -1000 2.750537678273414987e-13 -3.886390879836183042e-15 F -0.05403107690406850488 F 0.0004738320218785396559 #
DXID-attrib $-1 -1 $-1 $-1 $2483 @18 ASM_FACE_FROM_STEP @17 MD-JJ-K4080-10107 #
face $3545 -1 $-1 $1609 $3344 $4 $-1 $3546 reversed single #
cone-surface $-1 -1 $-1 -65.35786437626904899 3.500000000000010658 -9.184113400489605894 1 -2.750537678273415448e-16 3.88639087983618266e-18 1.375268839136707724e-16 0.5 5.34483227374379561e-34 1 I I 0 1 0.5 forward I I I I #
coedge $-1 -1 $-1 $2514 $2512 $3547 $3548 reversed $2486 $3549 #
edge $3550 -1 $-1 $2705 -0.001322103757811553997 $3044 0.006228168245782849007 $2492 $3551 forward @7 unknown #
DXID-attrib $-1 -1 $-1 $-1 $2493 @18 ASM_EDGE_FROM_STEP @4 8983 #
vertex $-1 -1 $-1 $2613 $3552 #
straight-curve $-1 -1 $-1 -79 4.051818199340283755 6.125 0 0 -10 F -9999.387501000001066 F 10000.61250099999961 #
coedge $-1 -1 $-1 $2701 $2494 $3525 $3553 forward $2011 $-1 #
coedge $-1 -1 $-1 $2494 $3554 $3555 $3556 reversed $2011 $-1 #
edge $3557 -1 $-1 $3558 0.01077500000000000159 $3559 0.01350000000000000158 $2494 $3560 forward @7 unknown #
DXID-attrib $-1 -1 $-1 $-1 $2495 @18 ASM_FACE_FROM_STEP @16 MD-JJ-K4080-6806 #
plane-surface $-1 -1 $-1 -74.5 -2.537834037971006882e-14 -6.75 -0.6691306063588600139 -0.7431448254773926898 0 0.7431448254773926898 -0.6691306063588600139 0 forward_v I I I I #
edge $-1 -1 $-1 $3145 0.2395238630347738817 $3053 0.3088508157733884096 $2497 $3561 forward @7 unknown #
DXID-attrib $-1 -1 $-1 $-1 $2498 @18 ASM_EDGE_FROM_STEP @4 6943 #
vertex $-1 -1 $-1 $2498 $3562 #
coedge $-1 -1 $-1 $3012 $3009 $2503 $3055 reversed $2897 $-1 #
edge $3563 -1 $-1 $3281 0.03701556180056758683 $3268 1.570796326791404018 $3054 $3564 forward @7 unknown #
coedge $-1 -1 $-1 $3565 $2504 $2514 $3062 forward $1816 $-1 #
DXID-attrib $-1 -1 $-1 $-1 $2508 @18 ASM_EDGE_FROM_STEP @4 3631 #
straight-curve $-1 -1 $-1 -65.35786437626904899 4.000000000000010658 -14.81588659951039588 1000 -2.750537678273414987e-13 -3.886390879836183042e-15 F 0.0008880455842516266378 F 0.05539295451019866923 #
coedge $-1 -1 $-1 $3566 $3547 $2511 $3060 reversed $2868 $3567 #
edge $3568 -1 $-1 $3346 1.772927816977001969 $2522 1.809343854804017271 $3059 $3569 forward @14 tangent_not_g2 #
pcurve $-1 -1 $-1 0 forward { exppc nubs 3 open 2 
	-1.500348130808271563 3 -0 3 
	4.782837176371316446 1 
	5.236238807616292235 1 
	5.829737836150822972 1 
	6.283185307179586232 1 
	0.01000000000000000021 
	spline forward { ref 39 } I I I I 
	} 0 0 #
edge $3570 -1 $-1 $2517 4.782837176371316446 $3571 6.283185307179582679 $3056 $3572 forward @14 tangent_not_g2 #
pcurve $-1 -1 $-1 -1 $3573 0 0 #
point $-1 -1 $-1 -9.964909866070385647 3.999999999999994671 -14.81588659951039588 #
point $-1 -1 $-1 -8.91311769668325482 3.871757365079377067 -14.36620398657839637 #
coedge $-1 -1 $-1 $3067 $2524 $3090 $3574 forward $2526 $-1 #
coedge $-1 -1 $-1 $2525 $3066 $3575 $3576 forward $2526 $-1 #
edge $-1 -1 $-1 $3577 -7.54657313049667966 $2527 0.4540362048810174245 $2525 $3578 forward @7 tangent #
face $3579 -1 $-1 $2531 $2526 $4 $-1 $3580 forward single #
point $-1 -1 $-1 1 -1 -16.95689841331698133 #
edge $-1 -1 $-1 $2533 -4.123068147263767358 $3072 3.778767736911118114 $2529 $3581 forward @7 tangent #
vertex $-1 -1 $-1 $3574 $3582 #
intcurve-curve $-1 -1 $-1 forward { surfintcur full nubs 3 open 6 
	0.5884274920472188919 3 0.6078873292116548921 2 0.6285806276104167756 2 0.6699672244079405425 2 0.7203117962296515797 2 
	0.7706563680513626169 3 
	1.000000000000000888 -0.999999999999999889 -16.95693535337842661 
	0.9999976017585331389 -1.000000000000544897 -17.02186775254073581 
	0.993583777574064686 -0.9935883609253937099 -17.08733047909747427 
	0.9676369978132233207 -0.9676457316138665776 -17.21893250292191624 
	0.9472815611433849092 -0.9472922363480112962 -17.28485020386608539 
	0.869464113264440952 -0.8694801347137187664 -17.47025188176163368 
	0.7944255397857740153 -0.7944445184551357508 -17.57719986898837661 
	0.6200860404559369599 -0.6201104875740680589 -17.7580562243513711 
	0.5041131951479472795 -0.5041403840681489834 -17.83679720258911772 
	0.2595653503183936728 -0.2595976688058146964 -17.94085658205874267 
	0.1309870449432240791 -0.1310217609129830652 -17.96615946761905391 
	0.01234071493982469292 -0.01237764937511547265 -17.96908824738340371 
	0.001259864010024078218 
	
	cone -37.78479895574068337 -3.739592777771203451e-05 -17.43564041038856516 0.9999238388787461407 1.22451308642937557e-16 0.01234165475093677161 0.008672528378937623128 -0.7114298986952352077 -0.7026503369649177433 1 I I 0 1 0.9999626040722265907 forward I I I I 
	cone 0 3.540016249745638444 -17.01293399416765695 0 -0.9999238388787461407 0.01234165475093677335 0.7114565042712815979 -0.008672852708309281011 -0.7026766142088342049 1 I I -0 -1 1.000000000000001332 forward I I I I 
	nullbs 
	nullbs 
	F 1.000000000000000167e-06 F 0.7706553680513625881 
	0 
	1 0.7706553680513625881 
	0 
	} F 0.5884274920472188919 F 0.7706563680513626169 #
DXID-attrib $-1 -1 $-1 $-1 $2531 @18 ASM_FACE_FROM_STEP @16 MD-JJ-K4080-7342 #
cone-surface $-1 -1 $-1 -37.78479895574068337 -3.739592777771203451e-05 -17.43564041038856516 0.9999238388787461407 1.22451308642937557e-16 0.01234165475093677161 0.008672528378937623128 -0.7114298986952352077 -0.7026503369649177433 1 I I 0 1 0.9999626040722265907 forward I I I I #
point $-1 -1 $-1 -79 -0.01237764937512512986 -18.94430555119389936 #
coedge $-1 -1 $-1 $2544 $2535 $3583 $3584 reversed $2063 $-1 #
point $-1 -1 $-1 -4.527546310060832191 -0.2235058029541749092 -15 #
DXID-attrib $-1 -1 $-1 $-1 $2542 @18 ASM_FACE_FROM_STEP @16 MD-JJ-K4080-3647 #
plane-surface $-1 -1 $-1 -76 7.499999999999991118 -19 0.01234071493982694979 -0.01234071493982694979 -0.9998476951563912696 -0.9999238388787462517 0 -0.01234165475093677508 forward_v I I I I #
coedge $-1 -1 $-1 $3585 $3586 $2544 $3082 forward $2610 $-1 #
edge $3587 -1 $-1 $3441 3.273846235889656064 $3588 4.143608186397947257 $2544 $3589 forward @7 unknown #
coedge $-1 -1 $-1 $3590 $3585 $2545 $3084 reversed $2610 $-1 #
edge $-1 -1 $-1 $3591 5.137679780844181643 $3089 5.207006733582798752 $3083 $3592 forward @7 unknown #
coedge $-1 -1 $-1 $3583 $2546 $3585 $3593 reversed $3087 $-1 #
coedge $-1 -1 $-1 $2546 $3575 $2548 $3091 reversed $3087 $-1 #
loop $-1 -1 $-1 $-1 $2546 $3594 #
DXID-attrib $-1 -1 $-1 $-1 $2547 @18 ASM_EDGE_FROM_STEP @4 9227 #
vertex $-1 -1 $-1 $3084 $3595 #
coedge $-1 -1 $-1 $2554 $2548 $3066 $3574 reversed $2549 $-1 #
edge $-1 -1 $-1 $2551 3.7012671557965513 $3596 4.152535596400955598 $3086 $3597 forward @7 unknown #
point $-1 -1 $-1 -4.499999999999992895 79 -19 #
coedge $-1 -1 $-1 $3273 $2557 $2559 $3096 reversed $2501 $-1 #
DXID-attrib $-1 -1 $-1 $-1 $2558 @18 ASM_EDGE_FROM_STEP @4 7803 #
ellipse-curve $-1 -1 $-1 -49.00000000000002132 7.999999999999985789 -3.524831543643598408 1.324368253553623314e-16 -1 0 0 0 1.001372345997921354 0.9986295347545740553 I I #
edge $3598 -1 $-1 $3405 -0.003292797141365481906 $2561 -0.000500686172998948578 $3093 $3599 forward @7 tangent #
point $-1 -1 $-1 -49.00000000000002132 7.999999999999985789 -4.526203889641520206 #
DXID-attrib $-1 -1 $-1 $-1 $2565 @18 ASM_EDGE_FROM_STEP @4 8588 #
ellipse-curve $-1 -1 $-1 -49.00000000000002132 7.999999999999985789 3.524831543643599296 1.324368253553623314e-16 -1 0 0 0 1.001372345997921354 0.9986295347545740553 I I #
point $-1 -1 $-1 -49.00000000000002132 7.999999999999985789 4.526203889641520206 #
point $-1 -1 $-1 -12.00075662655319064 5.07845113828122674 -3.716890001542130229 #
DXID-attrib $-1 -1 $-1 $-1 $2572 @18 ASM_EDGE_FROM_STEP @4 9735 #
straight-curve $-1 -1 $-1 -6.673982221348145671 0.2822019207723870382 3.968250771919792363 -742.6883090171003232 668.7195570917208443 -35.04610695031608003 F -0.001371818988465703295 F 0.007172287944393095256 #
DXID-attrib $-1 -1 $-1 $-1 $2577 @18 ASM_FACE_FROM_STEP @16 MD-JJ-K4080-2031 #
face $3600 -1 $-1 $3000 $2989 $4 $-1 $3601 reversed single #
plane-surface $-1 -1 $-1 0 4.304040507106659419 15 0.03700710955926812123 -0.03700710955926809348 -0.9986295347545739443 -0.9993140625789086462 0 -0.03703247672027216997 forward_v I I I I #
coedge $-1 -1 $-1 $3602 $2579 $3603 $3604 forward $2098 $-1 #
coedge $-1 -1 $-1 $2579 $3605 $3606 $3607 forward $2098 $-1 #
coedge $-1 -1 $-1 $3608 $3609 $2579 $3110 reversed $3610 $-1 #
edge $3611 -1 $-1 $3612 -0.00466261681836477402 $3613 6.730604647049443013e-06 $2579 $3614 forward @14 tangent_not_g2 #
coedge $-1 -1 $-1 $3615 $2580 $2933 $3443 forward $1689 $-1 #
edge $3616 -1 $-1 $3120 3.11004746484929262 $3218 4.641940784398064679 $2580 $3617 forward @14 tangent_not_g2 #
coedge $-1 -1 $-1 $2581 $3618 $2937 $3452 forward $1689 $-1 #
coedge $-1 -1 $-1 $2938 $3468 $2581 $3115 reversed $2950 $3619 #
edge $3620 -1 $-1 $3455 1.641244522781518889 $3119 3.173137842330293612 $2581 $3621 forward @14 tangent_not_g2 #
coedge $-1 -1 $-1 $3214 $2582 $3468 $3622 forward $3117 $-1 #
loop $-1 -1 $-1 $-1 $2582 $3623 #
DXID-attrib $-1 -1 $-1 $-1 $2583 @18 ASM_EDGE_FROM_STEP @4 3311 #
vertex $-1 -1 $-1 $2583 $3624 #
vertex $-1 -1 $-1 $2583 $3625 #
straight-curve $-1 -1 $-1 -3.999999999999993783 9.246734075127555741 9.67205689314113215 0 0 -1000 F -0.004662616818364781826 F 6.730604647043891559e-06 #
coedge $-1 -1 $-1 $3395 $2584 $2586 $3124 reversed $2889 $-1 #
straight-curve $-1 -1 $-1 -38 -1.000000000000004885 18 10 1.224606353822377258e-15 0 I I #
edge $-1 -1 $-1 $3151 -0.3915324596161779969 $2587 -0.1000000000000000888 $3122 $3626 forward @7 unknown #
point $-1 -1 $-1 -79 -1.000000000000009326 18 #
point $-1 -1 $-1 1 -1 18 #
straight-curve $-1 -1 $-1 1 79 19 0 0 10 I I #
edge $3627 -1 $-1 $3129 0.9835049828655494375 $2779 2.81649501713445094 $2776 $1702 reversed @7 unknown #
vertex $-1 -1 $-1 $2595 $3628 #
straight-curve $-1 -1 $-1 -40.84356784647701488 42.65643215352298512 11.76679919925804718 7.062025065134035273 7.062025065134035273 -0.5055729016049580471 I I #
coedge $-1 -1 $-1 $3200 $2596 $2955 $3474 forward $2598 $-1 #
edge $3629 -1 $-1 $2599 -0.002898773305148203035 $2667 0.007488125701636226539 $2597 $3630 forward @7 unknown #
point $-1 -1 $-1 -4.989588677929469362 78.51041132207052442 9.199999999999999289 #
DXID-attrib $-1 -1 $-1 $-1 $2602 @18 ASM_EDGE_FROM_STEP @2 90 #
vertex $-1 -1 $-1 $2602 $3631 #
straight-curve $-1 -1 $-1 -3.540202025355363435 76 14.80000000000000249 500.000000000000739 -866.0254037844383674 0 I I #
DXID-attrib $-1 -1 $-1 $-1 $2603 @18 ASM_FACE_FROM_STEP @16 MD-JJ-K4080-5822 #
face $3632 -1 $-1 $3594 $2777 $4 $-1 $2543 reversed single #
plane-surface $-1 -1 $-1 -3.540202025355363435 76 14.80000000000000249 0.0453242676377402301 0.02616797812147200752 -0.9986295347545739443 -0.9989716227690165207 0 -0.045339793804534477 forward_v I I I I #
point $-1 -1 $-1 0.999999999999999778 79 15.08467540383822225 #
DXID-attrib $-1 -1 $-1 $-1 $2609 @18 ASM_FACE_FROM_STEP @16 MD-JJ-K4080-8237 #
plane-surface $-1 -1 $-1 -3.540202025355363435 76 -9.199999999999999289 0.8660254037844382635 0.5000000000000006661 0 -0.5000000000000006661 0.8660254037844383745 0 forward_v I I I I #
DXID-attrib $-1 -1 $-1 $-1 $2613 @18 ASM_EDGE_FROM_STEP @2 63 #
straight-curve $-1 -1 $-1 -79 1.999236895551058657 9.051449366191087975 0 -9.989716227690164985 -0.4533979380453444508 F -10010.09423029688151 F 10010.4944892932308 #
vertex $-1 -1 $-1 $3051 $3633 #
straight-curve $-1 -1 $-1 -78.51041132207055284 4.989588677929451599 14.10000000000000142 0 0 -10 I I #
edge $3634 -1 $-1 $2991 -0.007488125701636182303 $2618 0.002898773305148224285 $2988 $3635 forward @7 unknown #
coedge $-1 -1 $-1 $2617 $2986 $3395 $3636 reversed $2344 $-1 #
point $-1 -1 $-1 -78.51041132207055284 4.989588677929451599 14.80000000000000249 #
DXID-attrib $-1 -1 $-1 $-1 $2620 @18 ASM_EDGE_FROM_STEP @5 10726 #
vertex $-1 -1 $-1 $2620 $3637 #
straight-curve $-1 -1 $-1 -79 1.682184723800559834 14.96294051212457532 0 9.989716227690164985 -0.4533979380453444508 F -10010.46275143756611 F 10010.12596815254619 #
point $-1 -1 $-1 0.999999999999999778 67.84314575050765939 -5.750000000000000888 #
coedge $-1 -1 $-1 $3638 $3639 $2625 $3155 reversed $1554 $-1 #
edge $3640 -1 $-1 $3158 0.000999999999999999804 $3163 0.01250000000000000069 $2625 $3641 forward @7 unknown #
coedge $-1 -1 $-1 $2626 $2756 $3638 $3642 reversed $2757 $-1 #
DXID-attrib $-1 -1 $-1 $-1 $2627 @18 ASM_EDGE_FROM_STEP @4 2732 #
vertex $-1 -1 $-1 $2627 $3643 #
straight-curve $-1 -1 $-1 -2.828427124746161425 71.67157287525377285 -5.750000000000000888 -707.1067811865519843 707.1067811865431167 0 I I #
coedge $-1 -1 $-1 $3166 $2628 $3639 $3644 reversed $3161 $-1 #
loop $-1 -1 $-1 $-1 $3160 $3645 #
DXID-attrib $-1 -1 $-1 $-1 $2629 @18 ASM_EDGE_FROM_STEP @3 227 #
vertex $-1 -1 $-1 $3155 $3646 #
straight-curve $-1 -1 $-1 -2.828427124746160093 71.67157287525377285 5.750000000000000888 707.1067811865519843 -707.1067811865431167 0 I I #
point $-1 -1 $-1 1.000000000000000444 67.84314575050765939 5.750000000000000888 #
coedge $-1 -1 $-1 $2632 $3160 $2906 $3409 reversed $3161 $-1 #
DXID-attrib $-1 -1 $-1 $-1 $2633 @18 ASM_EDGE_FROM_STEP @4 9149 #
vertex $-1 -1 $-1 $2633 $3647 #
ellipse-curve $-1 -1 $-1 1.000000000000000444 69.25735931288076586 5.750000000000000888 -1 0 0 0 1.414213562373093147 0 0.7071067811865521247 I I #
edge $3648 -1 $-1 $2854 0.001114474076250565604 $3175 0.004826223479230034273 $2634 $3649 forward @7 unknown #
coedge $-1 -1 $-1 $3650 $2635 $2847 $3355 forward $3173 $-1 #
coedge $-1 -1 $-1 $2635 $3650 $2637 $3177 reversed $3173 $-1 #
loop $-1 -1 $-1 $-1 $3171 $3651 #
DXID-attrib $-1 -1 $-1 $-1 $2636 @18 ASM_EDGE_FROM_STEP @5 10488 #
vertex $-1 -1 $-1 $3170 $3652 #
straight-curve $-1 -1 $-1 -2.89688567674430475 -3.11871108369230754 -1.362499999999999822 0 0 10 F -9999.863751000000775 F 10000.1362509999999 #
edge $3653 -1 $-1 $2640 0.02863538655468542832 $3397 0.1993692389923971686 $3172 $3654 forward @7 unknown #
point $-1 -1 $-1 -5.655148296527004348 -0.6351602656044108564 4.016327686906036476 #
point $-1 -1 $-1 -2.896885676744304305 -3.118711083692308428 3.983981360952721484 #
coedge $-1 -1 $-1 $3655 $3325 $2787 $3317 forward $2646 $-1 #
coedge $-1 -1 $-1 $3293 $3656 $2648 $3182 forward $1476 $-1 #
edge $3657 -1 $-1 $3658 -0.05328198207518169277 $3185 -0.01056258028092166984 $3181 $3659 forward @14 tangent_not_g2 #
pcurve $-1 -1 $-1 0 forward { exppc nubs 1 open 2 
	0.01056258028092166984 1 0.05328198207518169277 1 
	6.283185307179583567 0 
	6.246169745376177751 0 
	3.526327730834211367e-12 
	spline reversed { ref 17 } I I I I 
	} 0 0 #
DXID-attrib $-1 -1 $-1 $-1 $2649 @18 ASM_EDGE_FROM_STEP @4 7749 #
vertex $-1 -1 $-1 $3320 $3660 #
ellipse-curve $-1 -1 $-1 -3.5 65.15027322857088166 -9.647767061943831379 -6.397867536652731899e-18 0.0523359562429440775 -0.9986295347545739443 3.442599775592186824e-33 0.4993147673772874162 0.02616797812147206304 1 F -1.570796326794896558 F -0.7860838657784333661 #
coedge $-1 -1 $-1 $2653 $3408 $2655 $3191 forward $2379 $-1 #
DXID-attrib $-1 -1 $-1 $-1 $2654 @18 ASM_EDGE_FROM_STEP @4 6342 #
straight-curve $-1 -1 $-1 0.9999999999999996669 68.84314575050764518 6.75 1.341631739597963489e-12 1000 0 I I #
coedge $-1 -1 $-1 $3661 $2655 $2907 $3411 reversed $1824 $-1 #
edge $-1 -1 $-1 $3662 -0.210193098199516093 $2658 -0.06074544321305544448 $2655 $3663 forward @7 unknown #
point $-1 -1 $-1 1.000000000000005773 73.38938748517080057 6.75 #
coedge $-1 -1 $-1 $2763 $2776 $2660 $3194 reversed $2777 $-1 #
edge $3664 -1 $-1 $3196 -0.1691449280755120965 $3129 -0.1242806105669291006 $3193 $3665 forward @7 unknown #
DXID-attrib $-1 -1 $-1 $-1 $2661 @18 ASM_EDGE_FROM_STEP @4 5205 #
vertex $-1 -1 $-1 $2661 $3666 #
straight-curve $-1 -1 $-1 0.1153924226905159445 74.37184373124345882 9.07674950596232577 669.0908879753311567 -743.1007137435841514 -10.89554322459417079 I I #
coedge $-1 -1 $-1 $3476 $3475 $2664 $3199 forward $3211 $-1 #
edge $3667 -1 $-1 $3208 -0.005489199172367565695 $3201 0.0002286344686979403698 $2664 $3668 forward @7 tangent #
coedge $-1 -1 $-1 $2665 $3131 $3476 $3669 forward $2598 $-1 #
vertex $-1 -1 $-1 $3669 $3670 #
ellipse-curve $-1 -1 $-1 0.7044303143260011169 68.6480811282219463 9.46445471756443979 -0.8660254037844382635 -0.5000000000000006661 0 0.5127640512071000023 -0.8881333889855451691 0.1468358476875883945 0.9652632616188181469 I I #
point $-1 -1 $-1 0.2038608254627538585 69.51509291565186288 9.199999999999997513 #
coedge $-1 -1 $-1 $3444 $2669 $3671 $3672 forward $3205 $3673 #
loop $-1 -1 $-1 $-1 $2934 $3674 #
pcurve $-1 -1 $-1 0 forward { exppc nubs 3 open 2 
	-4.638357856777870936 3 -3.1045770917863873 3 
	4.638357856777876265 0 
	4.176982440125945217 0 
	3.565969058361102118 0 
	3.104577091786385079 0 
	0.01000000000000000021 
	spline forward { exactsur full nurbs 3 2 both open open none none 3 2 
	3.104577091786385079 3 3.871467474282135335 2 4.638357856777885146 3 
	0 2 1 2 
	-3.853553390593283723 65.50431098567574395 9.666270625429582708 1 
	-3.856909105674734661 65.50095527059428946 9.409971340932337114 1 
	-3.823972853243163161 65.38886877615280468 9.158343125653640726 1 
	-3.703365269145957317 65.00776564970740878 8.796772446741963236 1 
	-3.616600424920331402 64.74161289144186071 8.689537996824174826 1 
	-3.526167978121476754 64.46981879201740639 8.684798633112317034 1 
	-3.999999999999999556 65.35786437626902057 9.666270625429580932 0.9238795325112937329 
	-4 65.35509337416546316 9.463671515585719618 0.9258261140745285278 
	-3.999999999999998668 65.26302707698306449 9.257879909023834841 0.9083850260967285539 
	-3.999999999999999556 64.95179420777323287 8.92344690342701341 0.8393781857767339538 
	-3.999999999999999556 64.7147904773053142 8.788500455303418946 0.7877459690761282607 
	-4 64.46981879201740639 8.709631117132168754 0.7253743710122908528 
	-3.999999999999999112 65.15075759508248154 9.666270625429582708 1 
	-3.999999999999999112 65.15075759472115635 9.538009968137570738 1 
	-3.999999999999999112 65.07824622164605444 9.413082000677874817 1 
	-3.999999999999999112 64.82739086637455728 9.235457049045640687 1 
	-3.999999999999999112 64.65095816718638844 9.184113400580729447 1 
	-3.999999999999999112 64.46981879201740639 9.184113400489604118 1 
	0 
	
	0 
	1 3.871467474282135335 
	0 
	0 
	0 
	0 
	F 1 F 0 F 1 F 0 } I I I I 
	} 0 0 #
DXID-attrib $-1 -1 $-1 $-1 $2670 @18 ASM_EDGE_FROM_STEP @3 284 #
tvertex-vertex $-1 -1 $-1 $3199 $3675 1.002344858313286811e-11 #
intcurve-curve $-1 -1 $-1 forward { parcur full nubs 3 open 3 
	3.1045770917863873 3 3.871461556708815532 3 4.638357856777870936 3 
	-3.853553390593283723 65.50431098567574395 9.666270625429582708 
	-3.85658176609945702 65.50128261016956799 9.434972539453317708 
	-3.826913867015128812 65.39816196904614287 9.167160020164695666 
	-3.763669061194559795 65.19831721293010673 8.977557786197802869 
	-3.700423279331856996 64.9984693726571976 8.787952626144461377 
	-3.607777352922958425 64.71509520898860046 8.689075599214339363 
	-3.526167978121479862 64.46981879201742061 8.684798633112317034 
	0.002157071948214610117 
	
	spline forward { ref 70 } I I I I 
	null_surface 
	nubs 3 open 2 
	3.1045770917863873 3 4.638357856777870936 3 
	3.104577091786385079 0 
	3.565969058361102118 0 
	4.176982440125945217 0 
	4.638357856777876265 0 
	
	nullbs 
	I I 
	0 
	1 3.871461556708815532 
	0 
	surf1 } F 3.1045770917863873 F 4.638357856777870936 #
DXID-attrib $-1 -1 $-1 $-1 $2673 @18 ASM_FACE_FROM_STEP @16 MD-JJ-K4080-6921 #
loop $-1 -1 $-1 $-1 $3476 $2673 #
plane-surface $-1 -1 $-1 0 69.35786437626902057 8.5 -0.7071067811865466846 0.7071067811865483499 0 -0.7071067811865483499 -0.7071067811865466846 0 forward_v I I I I #
coedge $-1 -1 $-1 $2677 $2676 $2946 $3467 forward $2678 $-1 #
coedge $-1 -1 $-1 $2684 $3116 $2676 $3215 reversed $3117 $-1 #
edge $3676 -1 $-1 $2186 -0.004662616818364780959 $3471 6.73060464704500202e-06 $2676 $3677 forward @14 tangent_not_g2 #
pcurve $-1 -1 $-1 -1 $3678 0 0 #
DXID-attrib $-1 -1 $-1 $-1 $2682 @18 ASM_EDGE_FROM_STEP @4 1750 #
vertex $-1 -1 $-1 $3112 $3679 #
ellipse-curve $-1 -1 $-1 -3.499999999999993783 9.964909866070380318 9.184113400489604118 0 -1 0 0 0 -0.5000000000000004441 1 F -1.570796326794896558 F -0.05235987755982745434 #
DXID-attrib $-1 -1 $-1 $-1 $2685 @18 ASM_EDGE_FROM_STEP @4 1471 #
ellipse-curve $-1 -1 $-1 -3.499999999999993783 9.246734075127555741 9.665326288494087592 0 0 1 0.5 0 0 1 F -3.141592653589793116 F -2.408554367752177683 #
DXID-attrib $-1 -1 $-1 $-1 $2687 @18 ASM_FACE_FROM_STEP @16 MD-JJ-K4080-7925 #
face $3680 -1 $-1 $2936 $2959 $4 $-1 $3681 reversed single #
spline-surface $-1 -1 $-1 forward { ref 26 } I I I I #
coedge $-1 -1 $-1 $2694 $2689 $3464 $3682 forward $1783 $-1 #
edge $-1 -1 $-1 $3227 -0.5894224891008493783 $3465 -0.1173964654583617429 $2943 $3683 forward @7 unknown #
vertex $-1 -1 $-1 $3226 $3684 #
straight-curve $-1 -1 $-1 0.1460767853029515118 4.450117292409610847 9 0 0 10 I I #
coedge $-1 -1 $-1 $2978 $3685 $2694 $3230 reversed $2431 $-1 #
edge $-1 -1 $-1 $3686 0.1173964654583387335 $3232 0.5894224891008305045 $3229 $3687 forward @7 unknown #
coedge $-1 -1 $-1 $3235 $2695 $3685 $3688 forward $2728 $-1 #
vertex $-1 -1 $-1 $3688 $3689 #
straight-curve $-1 -1 $-1 -4.450117292409609959 -0.1460767853029532048 9 0 0 -10 I I #
point $-1 -1 $-1 -4.450117292409609071 -0.1460767853029530938 9.454770216086433976 #
coedge $-1 -1 $-1 $2699 $3231 $3690 $3691 forward $2728 $-1 #
DXID-attrib $-1 -1 $-1 $-1 $2700 @18 ASM_EDGE_FROM_STEP @4 3009 #
vertex $-1 -1 $-1 $2700 $3692 #
straight-curve $-1 -1 $-1 -4.438280381373642669 -0.1567347878717313958 9.454211653840211227 742.6883090171004369 -668.7195570917207306 -35.04610695031603029 I I #
DXID-attrib $-1 -1 $-1 $-1 $2702 @18 ASM_EDGE_FROM_STEP @4 1879 #
vertex $-1 -1 $-1 $2702 $3693 #
straight-curve $-1 -1 $-1 -73.38938748517081478 -1.000000000000009104 6.125 0 0 10 F -10000.61250099999961 F 9999.387501000001066 #
point $-1 -1 $-1 -73.389387485170829 -1.000000000000009326 9.062344467321693742 #
tcoedge-coedge $-1 -1 $-1 $3694 $3695 $2707 $3244 reversed $3696 $3697 -6.283185307179586232 -4.786420103991508412 #
tedge-edge $3698 -1 $-1 $2712 4.786420103991508412 $3699 6.283185307179586232 $2707 $3700 forward @14 tangent_not_g2 0.001122415279110964897 #
pcurve $-1 -1 $-1 0 forward { exppc nubs 3 open 3 
	4.786420103991508412 3 5.534817228822993762 3 6.283185307179586232 3 
	39.80949494629564356 -1.607811888598312366 
	39.92275079367517066 -1.834634435792687368 
	40.05042052396303376 -2.095139423709098558 
	40.13936045213054626 -2.356194490192344837 
	40.2282969283989118 -2.617239424715990914 
	40.27314860752199621 -2.877763347939291894 
	40.27314860774984595 -3.10457709178638952 
	0.0008703530585410740403 
	cone -36.33956379910012657 31.60408701479589411 11.15767236271137541 -0.7066217501846235871 -0.7066217501846248084 -0.03703247672027218385 0.7071067811865473507 -0.7071067811865461294 1.21430643318376324e-16 1 I I 0 1 0.9999999999999988898 forward I I I I 
	} 0 0 #
coedge $-1 -1 $-1 $3701 $2709 $2720 $3264 reversed $3248 $-1 #
coedge $-1 -1 $-1 $2709 $3701 $3694 $3702 forward $3248 $-1 #
loop $-1 -1 $-1 $-1 $3247 $3703 #
DXID-attrib $-1 -1 $-1 $-1 $2710 @18 ASM_EDGE_FROM_STEP @4 9552 #
straight-curve $-1 -1 $-1 -4.596194077712561388 3.526167978121466096 8.684798633112318811 -1000 2.750537678273415996e-13 3.88639087983618462e-15 F 0.0053687157883578248 F 0.05987362471430487942 #
point $-1 -1 $-1 -64.46981879201743482 3.526167978121479862 8.684798633112317034 #
DXID-attrib $-1 -1 $-1 $-1 $2715 @18 ASM_FACE_FROM_STEP @16 MD-JJ-K4080-5410 #
loop $-1 -1 $-1 $-1 $3704 $2715 #
plane-surface $-1 -1 $-1 -4.596194077712562276 8.673617379884035472e-16 15.5 -1.051413724126338789e-17 -0.0523359562429439526 -0.9986295347545739443 0 0.9986295347545739443 -0.0523359562429439526 forward_v I I I I #
coedge $-1 -1 $-1 $3606 $2717 $3608 $3705 forward $3257 $3706 #
coedge $-1 -1 $-1 $2717 $3606 $2719 $3262 reversed $3257 $3707 #
loop $-1 -1 $-1 $-1 $3256 $3708 #
pcurve $-1 -1 $-1 0 forward { exppc nubs 1 open 2 
	-1.809343247018194489 1 -1.772927208099566609 1 
	6.283185307179586232 0 
	6.25164011843908618 0 
	3.17105244013489589e-12 
	spline reversed { exactsur full nurbs 3 2 both open open none none 2 2 
	6.251640118439085292 3 6.283185307179586232 3 
	0 2 1 2 
	-8.912168771948136836 3.871572412738694791 9.665326288494087592 1 
	-8.912305700862656721 3.871695704087108503 9.654811223160489675 1 
	-8.912622061543432395 3.871757365087193481 9.644299389185103877 1 
	-8.913117696683256597 3.871757365079377067 9.633796013421601856 1 
	-9.054802057609858679 3.999999999999995559 9.665326288494089368 0.9335804264972022981 
	-9.054907753309976215 3.999999999999995559 9.65705184462790811 0.9336464581571953802 
	-9.055155617621945652 3.999999999999995559 9.648780739932602657 0.9336794768412205459 
	-9.055545571960768925 3.999999999999995559 9.640516925127197823 0.9336794766296305781 
	-9.246734075127564623 3.999999999999995559 9.665326288494087592 1 
	-9.246734075143248077 3.999999999999995559 9.660065524940444348 1 
	-9.246858014738293718 3.999999999999995559 9.654807992500323621 1 
	-9.247105832303020634 3.999999999999995559 9.649556304487122205 1 
	0 
	
	0 
	0 
	0 
	0 
	0 
	0 
	F 1 F 0 F 1 F 0 } I I I I 
	} 0 0 #
DXID-attrib $-1 -1 $-1 $-1 $2718 @18 ASM_EDGE_FROM_STEP @4 4518 #
ellipse-curve $-1 -1 $-1 -9.724005421605873778 3.592790598433791338 9.676001870808280003 -0.3245624426207801005 0.945740268799690198 0.01531550883002566997 -0.1519317034460343219 -0.0659173201183119728 0.8507284615789590942 0.9900634192029423852 F 1.772927208099566609 F 1.809343247018194489 #
coedge $-1 -1 $-1 $2720 $2719 $3605 $3709 reversed $2721 $3710 #
edge $3711 -1 $-1 $2724 0.8383110246650894437 $3712 1.570796326794896558 $2719 $3713 forward @14 tangent_not_g2 #
pcurve $-1 -1 $-1 0 forward { exppc nubs 1 open 2 
	0.8383110246650885555 1 1.570796326794896558 1 
	3.794707603699267491e-16 0 
	3.794707603699267491e-16 1 
	1.754211593360849605e-13 
	spline reversed { ref 49 } I I I I 
	} 0 0 #
edge $3714 -1 $-1 $3715 1.570796326794896558 $2214 3.08923277602996027 $2720 $3716 forward @14 tangent_not_g2 #
pcurve $-1 -1 $-1 0 forward { exppc nubs 1 open 2 
	1.570796326794896558 1 3.08923277602996027 1 
	1.500348130808272229 1 
	1.500348130808272229 0 
	2.360378879733171854e-15 
	spline reversed { ref 49 } I I I I 
	} 0 0 #
point $-1 -1 $-1 -8.91311769668325482 3.871757365079377067 9.633796013421603632 #
DXID-attrib $-1 -1 $-1 $-1 $2731 @18 ASM_EDGE_FROM_STEP @3 989 #
vertex $-1 -1 $-1 $3010 $3717 #
straight-curve $-1 -1 $-1 -49.00000000000002132 8.499999999999975131 4.5 0 -998.6295347545740242 52.33595624294395776 I I #
DXID-attrib $-1 -1 $-1 $-1 $2732 @18 ASM_EDGE_FROM_STEP @4 4447 #
straight-curve $-1 -1 $-1 -48.00000000000001421 7.999999999999973355 -4.5 0 0 1000 F -99.99550001000000066 F 100.0045000100000152 #
point $-1 -1 $-1 -48.00000000000001421 7.999999999999985789 3.524831543643599296 #
coedge $-1 -1 $-1 $2737 $3093 $3401 $3718 forward $2501 $-1 #
point $-1 -1 $-1 -48.00000000000001421 7.999999999999985789 -3.524831543643598408 #
edge $3719 -1 $-1 $3277 -0.007924341786438214574 $3402 0.001379473337819285333 $2741 $3720 forward @7 tangent #
DXID-attrib $-1 -1 $-1 $-1 $2742 @18 ASM_EDGE_FROM_STEP @4 8690 #
vertex $-1 -1 $-1 $3275 $3721 #
ellipse-curve $-1 -1 $-1 -48.99999783114192553 6.573590959939311418 -3.599586511736915462 0.7071067811831128758 0.7071067811899821587 1.05895535682433192e-13 0.9986311080596571577 -0.9986311080499401527 -0.1046722283216665467 0.7061384800033485565 F -0.05228838271540614535 F -0.01527278076374712773 #
edge $3722 -1 $-1 $3013 -0.00960610660515434818 $3281 -0.0003022914808968424176 $2743 $3723 forward @7 tangent #
DXID-attrib $-1 -1 $-1 $-1 $2744 @18 ASM_EDGE_FROM_STEP @4 7986 #
vertex $-1 -1 $-1 $3279 $3724 #
ellipse-curve $-1 -1 $-1 -48.99999826358413912 6.573591392381525012 3.599586480399717292 0.7071067811831128758 0.7071067811899822697 -1.058977196809322086e-13 0.9986315412264745728 -0.9986315412167573458 0.104672245833336619 0.7061383275913016844 F 0.01527276359561629236 F 0.05228835754205243824 #
coedge $-1 -1 $-1 $3725 $2748 $3726 $3727 forward $1476 $-1 #
coedge $-1 -1 $-1 $3429 $3428 $2748 $3285 reversed $3430 $-1 #
edge $3728 -1 $-1 $3291 -0.05539295451019864841 $3729 -0.0008880455842516266378 $2748 $3730 forward @14 tangent_not_g2 #
coedge $-1 -1 $-1 $3438 $2749 $2752 $3294 forward $3288 $3731 #
coedge $-1 -1 $-1 $2749 $3438 $3429 $3732 forward $3288 $3733 #
loop $-1 -1 $-1 $-1 $3286 $3734 #
pcurve $-1 -1 $-1 -1 $3735 0 0 #
DXID-attrib $-1 -1 $-1 $-1 $2750 @18 ASM_EDGE_FROM_STEP @4 2517 #
vertex $-1 -1 $-1 $2750 $3736 #
intcurve-curve $-1 -1 $-1 forward { parcur full nurbs 3 open 3 
	3.11004746484929262 3 3.875994124623678871 2 4.641940784398064679 3 
	-3.999999999999993783 9.246734075127559294 -14.33467371150591418 1 
	-3.999999999999993783 9.246734075509754902 -14.46276723231772188 1 
	-3.999999999999993783 9.323164516293124038 -14.5874419088196845 1 
	-3.999999999999993783 9.58767142429917385 -14.76467446762214308 1 
	-3.999999999999993783 9.773739454970998608 -14.81588659943329489 1 
	-3.999999999999993783 9.964909866070380318 -14.81588659951039766 1 
	0 
	
	spline forward { exactsur full nurbs 3 2 both open open none none 3 2 
	3.11004746484929262 3 3.875994124623678871 2 4.641940784398064679 3 
	0 2 1 2 
	-3.999999999999993783 9.246734075127559294 -14.33467371150591418 1 
	-3.999999999999993783 9.246734075509754902 -14.46276723231772188 1 
	-3.999999999999993783 9.323164516293124038 -14.5874419088196845 1 
	-3.999999999999993783 9.58767142429917385 -14.76467446762214308 1 
	-3.999999999999993783 9.773739454970998608 -14.81588659943329489 1 
	-3.999999999999993783 9.964909866070380318 -14.81588659951039766 1 
	-3.99999999999999245 9.054802057609846244 -14.33467371150591418 0.9335804264972012989 
	-3.999999999999993783 9.057368056150691515 -14.53555426630240177 0.9353167119936375284 
	-3.999999999999925837 9.152447240021857056 -14.73964907307781225 0.916973642039034087 
	-4.000000000000063949 9.472373172034778577 -15.07253953046138228 0.8447643719906271498 
	-4.000000000000445866 9.716149912654177712 -15.2079325921074382 0.790834421090910733 
	-3.999999999999992006 9.964909866070382094 -15.2903688828678419 0.7253743710122884103 
	-3.871572412738689017 8.912168771948127954 -14.33467371150591418 1 
	-3.874573849006397008 8.915502204629506267 -14.59065516399408935 1 
	-3.839537098871257381 9.029450833781535124 -14.84188900579189863 1 
	-3.712323316167315923 9.417179430664026185 -15.20302111524249433 1 
	-3.621099108651529619 9.68805588215520963 -15.31022623715177566 1 
	-3.526167978121464763 9.964909866070380318 -15.31520136688768474 1 
	0 
	
	0 
	1 3.875994124623678871 
	0 
	0 
	0 
	0 
	F 1 F 0 F 1 F 0 } I I I I 
	null_surface 
	nubs 1 open 2 
	3.11004746484929262 1 4.641940784398064679 1 
	3.11004746484929262 0 
	4.641940784398062902 0 
	
	nullbs 
	I I 
	0 
	1 3.87599412462367976 
	0 
	surf1 } F 3.11004746484929262 F 4.641940784398064679 #
coedge $-1 -1 $-1 $2751 $3181 $2792 $3320 forward $1476 $-1 #
edge $3737 -1 $-1 $2754 -3.141592653589793116 $2815 -2.408554367752179903 $2752 $3738 forward @14 tangent_not_g2 #
point $-1 -1 $-1 -3.999999999999993783 9.246734075127562846 -14.33467371150591418 #
face $3739 -1 $-1 $3645 $2757 $4 $-1 $3740 reversed single #
coedge $-1 -1 $-1 $2766 $3638 $2760 $3298 reversed $1554 $-1 #
edge $3741 -1 $-1 $2768 -4.537420297600896197e-18 $3300 0.002999999999999987052 $3297 $3742 forward @7 unknown #
DXID-attrib $-1 -1 $-1 $-1 $2761 @18 ASM_EDGE_FROM_STEP @4 8710 #
vertex $-1 -1 $-1 $3642 $3743 #
straight-curve $-1 -1 $-1 0.7071067811865479058 69.55025253169421262 -6.75 707.1067811865519843 -707.1067811865431167 0 I I #
DXID-attrib $-1 -1 $-1 $-1 $2764 @18 ASM_EDGE_FROM_STEP @4 6826 #
straight-curve $-1 -1 $-1 -4.051818199340257109 79 6.125 0 0 10 F -10000.61250099999961 F 9999.387501000001066 #
coedge $-1 -1 $-1 $2765 $3661 $3744 $3745 forward $1824 $-1 #
coedge $-1 -1 $-1 $3746 $2910 $2765 $3306 reversed $3419 $-1 #
edge $3747 -1 $-1 $3748 -0.003155213695167253651 $3308 0.005513849940902689449 $2765 $3749 forward @7 unknown #
DXID-attrib $-1 -1 $-1 $-1 $2767 @18 ASM_EDGE_FROM_STEP @4 9768 #
vertex $-1 -1 $-1 $2767 $3750 #
straight-curve $-1 -1 $-1 1.357261566145852812e-14 74.5 -6.75 0 0 1000 F -99.99325001000001123 F 100.0067500099999904 #
point $-1 -1 $-1 1.357261566145852812e-14 74.5 -6.75 #
coedge $-1 -1 $-1 $2772 $2802 $3590 $3751 reversed $2273 $-1 #
edge $-1 -1 $-1 $2774 1.410000000000000142 $3591 1.970000000000000195 $2772 $3752 forward @7 unknown #
point $-1 -1 $-1 -4.989588677929469362 78.51041132207052442 -9.199999999999999289 #
point $-1 -1 $-1 -4.499999999999992895 79 -9.164950171344507623 #
DXID-attrib $-1 -1 $-1 $-1 $2785 @18 ASM_FACE_FROM_STEP @16 MD-JJ-K4080-4744 #
plane-surface $-1 -1 $-1 -3.540202025355363435 76 9.199999999999999289 -0.8660254037844382635 -0.5000000000000006661 0 0.5000000000000006661 -0.8660254037844383745 0 forward_v I I I I #
edge $3753 -1 $-1 $2790 2.356194490192343505 $3658 3.141592653589793116 $2787 $3754 forward @14 tangent_not_g2 #
pcurve $-1 -1 $-1 0 forward { exppc nubs 1 open 2 
	-3.141592653589793116 1 -2.356194490192340396 1 
	6.246169745376177751 0 
	6.246169745376178639 0.9999999999999953371 
	4.400403257286234328e-13 
	spline reversed { ref 17 } I I I I 
	} 0 0 #
point $-1 -1 $-1 -3.853553390593269956 65.50431098567575816 -9.666270625429582708 #
edge $3755 -1 $-1 $3185 0 $2810 1.496765203188091808 $2792 $3756 forward @14 tangent_not_g2 #
pcurve $-1 -1 $-1 -1 $3757 0 0 #
DXID-attrib $-1 -1 $-1 $-1 $2795 @18 ASM_FACE_FROM_STEP @16 MD-JJ-K4080-1259 #
spline-surface $-1 -1 $-1 forward { ref 30 } I I I I #
coedge $-1 -1 $-1 $2798 $2797 $3330 $3758 forward $2799 $-1 #
coedge $-1 -1 $-1 $3180 $3759 $2797 $3326 reversed $2646 $-1 #
edge $3760 -1 $-1 $2790 -0.004659783807558297818 $3761 7.674941582538341375e-06 $2797 $3762 forward @14 tangent_not_g2 #
edge $-1 -1 $-1 $3328 -0.1373370605538772882 $3763 0.1201773289558364377 $2807 $3764 forward @7 unknown #
vertex $-1 -1 $-1 $2803 $3765 #
straight-curve $-1 -1 $-1 0.1867922241209643563 69.54465660038998465 -8.849999999999999645 0 0 -10 I I #
coedge $-1 -1 $-1 $3433 $2807 $3324 $3758 reversed $2279 $-1 #
coedge $-1 -1 $-1 $2807 $2921 $3586 $3766 reversed $2279 $-1 #
DXID-attrib $-1 -1 $-1 $-1 $2808 @18 ASM_EDGE_FROM_STEP @5 10192 #
straight-curve $-1 -1 $-1 -3.999999999999993783 10.49115363949548652 -9.184113400489605894 1.222461190343740471e-13 -1000 6.404462823567631556e-15 F -0.05397866515252191383 F 0.0005262437734251068601 #
point $-1 -1 $-1 -4 64.46981879201740639 -9.184113400489605894 #
DXID-attrib $-1 -1 $-1 $-1 $2813 @18 ASM_EDGE_FROM_STEP @4 7657 #
straight-curve $-1 -1 $-1 0.01611868516610337476 4.594450384825020883 -14.53841896848555137 -668.7195570917210716 742.6883090171002095 35.04610695031607293 I I #
tedge-edge $3767 -1 $-1 $2928 1.641244522781521775 $2815 3.1731378423302945 $2926 $3768 forward @14 tangent_not_g2 0.001304713308965827845 #
point $-1 -1 $-1 -3.871572412738694791 8.912168771948133283 -14.33467371150591418 #
DXID-attrib $-1 -1 $-1 $-1 $2822 @18 ASM_FACE_FROM_STEP @16 MD-JJ-K4080-4517 #
face $3769 -1 $-1 $3734 $3430 $4 $-1 $3770 reversed single #
cone-surface $-1 -1 $-1 -3.499999999999993783 9.246734075127562846 -8.5 0 0 1 0.5 0 0 1 I I 0 1 0.5 forward I I I I #
coedge $-1 -1 $-1 $3726 $3434 $3771 $3772 reversed $2826 $3773 #
coedge $-1 -1 $-1 $2828 $3381 $3566 $3774 reversed $3344 $-1 #
loop $-1 -1 $-1 $-1 $2872 $3039 #
DXID-attrib $-1 -1 $-1 $-1 $2829 @18 ASM_EDGE_FROM_STEP @4 4538 #
vertex $-1 -1 $-1 $2832 $3775 #
straight-curve $-1 -1 $-1 -8.91216877194813506 3.871572412738693014 -14.3279431068588643 0 0 -1000 F -0.004662616818364776622 F 6.730604647049443013e-06 #
DXID-attrib $-1 -1 $-1 $-1 $2832 @18 ASM_EDGE_FROM_STEP @5 10753 #
straight-curve $-1 -1 $-1 -4.594450384825019995 -0.01611868516610492214 -14.53841896848555315 742.6883090171004369 -668.7195570917207306 -35.04610695031603029 I I #
ellipse-curve $-1 -1 $-1 1 4.996216033328503947 -14.55103543328512217 -1 0 0 0 -1.493733035513699736 -0.0704865380028865951 0.6687195570917210397 I I #
DXID-attrib $-1 -1 $-1 $-1 $2839 @18 ASM_FACE_FROM_STEP @16 MD-JJ-K4080-8355 #
cone-surface $-1 -1 $-1 0.7737250868788120295 5.247519783632784041 -14.53917686758097894 -0.6687195570917210397 0.7426883090171001456 0.03504610695031606937 -0.7431448254773942441 -0.6691306063588582376 3.469446951953613418e-18 1 I I 0 1 1 forward I I I I #
coedge $-1 -1 $-1 $2843 $2842 $3650 $3776 forward $2844 $-1 #
face $3777 -1 $-1 $2892 $2844 $4 $-1 $3778 forward single #
edge $3779 -1 $-1 $3175 0.02863538655468542832 $3357 0.1993692389923971686 $3171 $3780 reversed @7 unknown #
DXID-attrib $-1 -1 $-1 $-1 $2848 @18 ASM_EDGE_FROM_STEP @4 7484 #
vertex $-1 -1 $-1 $3355 $3781 #
straight-curve $-1 -1 $-1 -4.682148553192988061 1.412104748383217423 -4.022956792465924636 -669.1051976985124838 743.1166063012295808 -8.714576993627556334 I I #
DXID-attrib $-1 -1 $-1 $-1 $2850 @18 ASM_FACE_FROM_STEP @16 MD-JJ-K4080-6149 #
face $3782 -1 $-1 $3783 $3784 $4 $-1 $3785 reversed single #
plane-surface $-1 -1 $-1 -8.006897109335007201 -1.581536258668703399 -4.025000000000000355 0.006170592427165349017 -0.006170592427165349017 -0.9999619230641713097 -0.9999809609883804074 -1.355252715606880543e-20 -0.006170709906909571663 forward_v I I I I #
DXID-attrib $-1 -1 $-1 $-1 $2852 @18 ASM_EDGE_FROM_STEP @4 2163 #
straight-curve $-1 -1 $-1 -6.369610601212444045 0.008144483032715145801 -3.982613513627730306 742.6883090171003232 -668.7195570917208443 -35.04610695031608003 F -0.007582112114829436984 F 0.000961994818029338148 #
point $-1 -1 $-1 -5.655148296527022111 -0.6351602656043944251 -4.016327686906036476 #
coedge $-1 -1 $-1 $2856 $3517 $2858 $3370 reversed $3366 $-1 #
loop $-1 -1 $-1 $-1 $2856 $3540 #
DXID-attrib $-1 -1 $-1 $-1 $2857 @18 ASM_EDGE_FROM_STEP @4 6194 #
ellipse-curve $-1 -1 $-1 -69.25735931288078007 -1.000000000000007994 -5.750000000000000888 -1.224606353822377258e-16 1 0 -1.414213562373082045 -2.775557561562891351e-16 0 0.7071067811865512365 I I #
coedge $-1 -1 $-1 $2859 $2858 $3533 $3786 forward $2860 $-1 #
edge $3787 -1 $-1 $2862 -0.004414213562373026783 $3788 -5.887846720064185687e-19 $2858 $3789 forward @14 tangent_not_g2 #
point $-1 -1 $-1 -69.25735931288076586 -1.00000000000000866 -6.75 #
coedge $-1 -1 $-1 $3554 $2864 $3790 $3791 forward $2011 $-1 #
coedge $-1 -1 $-1 $3533 $3792 $2864 $3374 reversed $2472 $-1 #
edge $3793 -1 $-1 $3375 0 $3794 0.002724999999999999558 $3373 $3795 forward @7 unknown #
vertex $-1 -1 $-1 $2865 $3796 #
straight-curve $-1 -1 $-1 -74.42221360986327738 -0.07003918027045058503 -6.75 7.431448254773926898 -6.691306063588600139 0 F -0.01046719124858892791 F 0.1389804637378732333 #
coedge $-1 -1 $-1 $3547 $3566 $3565 $3797 reversed $2868 $3798 #
coedge $-1 -1 $-1 $2876 $3799 $2870 $3379 forward $1816 $-1 #
edge $3800 -1 $-1 $3383 -0.04309697665644498382 $2883 -0.006687335750975212552 $3378 $3801 forward @14 tangent_not_g2 #
pcurve $-1 -1 $-1 0 forward { exppc nubs 1 open 2 
	0.006687335750975212552 1 0.04309697665644498382 1 
	6.283185307179586232 0 
	6.251640118439085292 0 
	1.585471276403154225e-12 
	spline reversed { ref 33 } I I I I 
	} 0 0 #
coedge $-1 -1 $-1 $3343 $2872 $3799 $3802 reversed $3344 $-1 #
DXID-attrib $-1 -1 $-1 $-1 $2873 @18 ASM_EDGE_FROM_STEP @4 7114 #
vertex $-1 -1 $-1 $3802 $3803 #
ellipse-curve $-1 -1 $-1 -9.246734075127562846 3.499999999999995559 -9.665326288494087592 0 0 1 0.5000000000000004441 0 0 1 F 0.837758040957281791 F 1.570796326794900999 #
DXID-attrib $-1 -1 $-1 $-1 $2875 @18 ASM_FACE_FROM_STEP @16 MD-JJ-K4080-4794 #
spline-surface $-1 -1 $-1 forward { ref 33 } I I I I #
DXID-attrib $-1 -1 $-1 $-1 $2877 @18 ASM_EDGE_FROM_STEP @4 5929 #
intcurve-curve $-1 -1 $-1 forward { parcur full nubs 3 open 3 
	3.794707603699267491e-16 3 0.7501355552245149161 3 1.500348130808274449 3 
	-9.247105832303020634 3.999999999999994671 -9.649556304487122205 
	-9.252461480847903985 3.999999999999994671 -9.536060743706876508 
	-9.325874950483326487 3.999999999999994671 -9.407852559542552839 
	-9.463654826538130393 3.999999999999994671 -9.318512485418278146 
	-9.601448849176810185 3.999999999999995115 -9.229163238279129544 
	-9.795215729984267483 3.999999999999994671 -9.184113400489604118 
	-9.964909866070385647 3.999999999999994671 -9.184113400489604118 
	0.001313810854763216044 
	
	spline forward { ref 23 } I I I I 
	null_surface 
	nubs 3 open 2 
	3.794707603699267491e-16 3 1.500348130808274449 3 
	3.794707603699267491e-16 0 
	0.4534474710389702068 1.896880765933591365e-09 
	1.047008150561536288 1.988477225451410852e-10 
	1.500348130808274449 0 
	
	nullbs 
	I I 
	0 
	1 0.7501355552245149161 
	0 
	surf1 } F 3.794707603699267491e-16 F 1.500348130808274449 #
intcurve-curve $-1 -1 $-1 forward { ref 81 } I I #
point $-1 -1 $-1 -9.964909866070385647 3.999999999999994671 -9.184113400489605894 #
point $-1 -1 $-1 -9.247105832303020634 3.999999999999994671 -9.649556304487122205 #
DXID-attrib $-1 -1 $-1 $-1 $2886 @18 ASM_FACE_FROM_STEP @16 MD-JJ-K4080-5212 #
face $3804 -1 $-1 $3805 $3806 $4 $-1 $3807 reversed single #
spline-surface $-1 -1 $-1 forward { ref 49 } I I I I #
coedge $-1 -1 $-1 $3501 $3122 $3148 $3636 forward $2889 $-1 #
DXID-attrib $-1 -1 $-1 $-1 $2891 @18 ASM_EDGE_FROM_STEP @4 8212 #
vertex $-1 -1 $-1 $3776 $3808 #
straight-curve $-1 -1 $-1 -4.682148553192988061 1.412104748383217423 4.022956792465924636 -669.1051976985124838 743.1166063012295808 8.714576993627556334 I I #
DXID-attrib $-1 -1 $-1 $-1 $2892 @18 ASM_FACE_FROM_STEP @16 MD-JJ-K4080-6691 #
plane-surface $-1 -1 $-1 -8.006897109335007201 -1.581536258668703399 4.025000000000000355 0.006170592427165349017 -0.006170592427165349017 0.9999619230641713097 0.9999809609883804074 1.355252715606880543e-20 -0.006170709906909571663 forward_v I I I I #
coedge $-1 -1 $-1 $2900 $2899 $3273 $3718 reversed $1920 $-1 #
vertex $-1 -1 $-1 $3011 $3809 #
ellipse-curve $-1 -1 $-1 -42.84062043356598082 -1.000000000000006439 -3.996501557190970555 -1.224606353822377258e-16 1 0 -1.413244829349865617 -2.773656311045082202e-16 0.07406502308946712188 0.7066217501846241422 I I #
DXID-attrib $-1 -1 $-1 $-1 $2903 @18 ASM_EDGE_FROM_STEP @4 1663 #
vertex $-1 -1 $-1 $2903 $3810 #
straight-curve $-1 -1 $-1 -48.68187264548947013 4.893588168166424168 -4.689004035286481908 -706.6217501846240339 706.6217501846242612 37.032476720272129 I I #
point $-1 -1 $-1 -42.78828447732304596 -1.000000000000004885 -4.99787390318889102 #
coedge $-1 -1 $-1 $3187 $2906 $3410 $3811 reversed $2379 $-1 #
edge $3812 -1 $-1 $3168 -0.0004142135623730930534 $3813 0.003999999999999937633 $2906 $3814 forward @14 tangent_not_g2 #
coedge $-1 -1 $-1 $3639 $2907 $3408 $3811 forward $1554 $-1 #
edge $3815 -1 $-1 $3416 0.01077500000000000159 $3662 0.01350000000000000158 $2907 $3816 forward @7 unknown #
coedge $-1 -1 $-1 $3817 $2908 $2913 $3424 forward $3414 $-1 #
coedge $-1 -1 $-1 $2908 $3817 $3661 $3818 forward $3414 $-1 #
loop $-1 -1 $-1 $-1 $2908 $3819 #
DXID-attrib $-1 -1 $-1 $-1 $2909 @18 ASM_EDGE_FROM_STEP @5 10292 #
vertex $-1 -1 $-1 $3411 $3820 #
straight-curve $-1 -1 $-1 -74.4999999999994742 -5.715395682292136291e-13 4.02499999999999325 -707.1067811865424346 -707.1067811865526664 -8.327313410545756255e-14 F -0.1053589103967956242 F -0.1031589103967956028 #
coedge $-1 -1 $-1 $2910 $3746 $2912 $3423 reversed $3419 $-1 #
loop $-1 -1 $-1 $-1 $3305 $3821 #
DXID-attrib $-1 -1 $-1 $-1 $2911 @18 ASM_EDGE_FROM_STEP @4 5758 #
straight-curve $-1 -1 $-1 -74.4999999999994742 -5.715395682292136291e-13 -4.02499999999999325 -707.1067811865424346 -707.1067811865526664 8.327313410545756255e-14 F -0.1053589103967956242 F -0.1031589103967956028 #
coedge $-1 -1 $-1 $2913 $2912 $3822 $3823 reversed $2914 $-1 #
edge $3824 -1 $-1 $2917 2.374722230739075913e-05 $3825 0.008692810858377326283 $2912 $3826 forward @7 unknown #
edge $3827 -1 $-1 $2916 -9.389956710659261936e-05 $3828 0.008575164068963341685 $2913 $3829 forward @7 unknown #
face $3830 -1 $-1 $3831 $2914 $4 $-1 $3832 forward single #
point $-1 -1 $-1 -1.55563491861039771 72.94436508138956299 4.025000000000001243 #
point $-1 -1 $-1 -1.55563491861039771 72.94436508138956299 -4.025000000000002132 #
coedge $-1 -1 $-1 $3284 $2919 $3833 $3834 forward $3430 $-1 #
coedge $-1 -1 $-1 $2919 $3284 $3287 $3732 reversed $3430 $-1 #
loop $-1 -1 $-1 $-1 $3428 $3340 #
DXID-attrib $-1 -1 $-1 $-1 $2920 @18 ASM_EDGE_FROM_STEP @4 4519 #
straight-curve $-1 -1 $-1 -3.526167978121465651 4.596194077712561388 -15.31520136688768297 1.222461190343740471e-13 -1000 -6.40446282356762919e-15 F -0.05987362471430486555 F -0.005368715788357818729 #
coedge $-1 -1 $-1 $2922 $3330 $3835 $3836 forward $2279 $-1 #
tcoedge-coedge $-1 -1 $-1 $3342 $3833 $2922 $3435 reversed $2826 $3837 -1.496765203188079152 -3.659182332138601624e-16 #
tedge-edge $3838 -1 $-1 $3839 3.659182332138601624e-16 $2924 1.496765203188079152 $2922 $3840 forward @14 tangent_not_g2 0.001122415279047940875 #
pcurve $-1 -1 $-1 0 forward { exppc nubs 3 open 3 
	3.659182332138601624e-16 3 0.7483680783564831129 3 1.496765203188079152 3 
	40.2731486077499099 -0.03701556180340834917 
	40.27314860751956616 -0.2638293056504714129 
	40.22829692839915339 -0.5243532288739713998 
	40.13936045213060311 -0.7853981633974520538 
	40.05042052396287744 -1.046453229880610625 
	39.9227507936754904 -1.306958217797317801 
	39.8094949462957004 -1.533780764991478751 
	0.0008703530584259762219 
	cone -31.60408701479587634 36.33956379910013368 -12.84232763728862636 0.7066217501846249194 0.706621750184623254 -0.03703247672027217691 -0.7071067811865443531 0.7071067811865460184 -4.510281037539681805e-17 1 I I 0 1 0.9999999999999965583 forward I I I I 
	} 0 0 #
point $-1 -1 $-1 -3.526167978121469204 64.46981879201742061 -15.31520136688768297 #
tcoedge-coedge $-1 -1 $-1 $3287 $3286 $2926 $3337 reversed $3288 $3841 -3.1731378423302945 -1.641244522781521775 #
pcurve $-1 -1 $-1 0 forward { exppc nubs 3 open 3 
	1.641244522781521775 3 2.407198483899196439 3 3.1731378423302945 3 
	6.351776411669598055 -1.531893319548773169 
	6.223634650972210913 -1.300817919583735049 
	6.078030208123250233 -1.033688910948678208 
	5.978283178595862779 -0.7659466597743873617 
	5.878538050716201724 -0.4982095130272236605 
	5.831208728231668026 -0.2310709945859675263 
	5.835260286256136908 -1.734723475976806601e-16 
	0.001056535584601167761 
	cone 0.7737250868788120295 5.247519783632784041 -14.53917686758097894 -0.6687195570917210397 0.7426883090171001456 0.03504610695031606937 -0.7431448254773942441 -0.6691306063588582376 3.469446951953613418e-18 1 I I 0 1 1 forward I I I I 
	} 0 0 #
point $-1 -1 $-1 -3.526167978121465651 9.964909866070380318 -15.31520136688768297 #
vertex $-1 -1 $-1 $3766 $3842 #
ellipse-curve $-1 -1 $-1 1.000000000000000888 68.94365081389594252 -14.55103543328512217 -1 0 0 0 1.413244829349861398 -0.07406502308946709412 0.7066217501846248084 I I #
edge $3843 -1 $-1 $3218 -0.05539295451019864841 $3447 -0.0008880455842516266378 $3111 $3844 forward @14 tangent_not_g2 #
coedge $-1 -1 $-1 $2934 $3204 $3615 $3845 reversed $3205 $3846 #
pcurve $-1 -1 $-1 0 forward { exppc nubs 1 open 2 
	-1.570796326794896558 1 -0.05235987755982424857 1 
	4.638357856777885146 1 
	4.638357856777885146 0 
	1.821550589665598864e-14 
	spline reversed { ref 70 } I I I I 
	} 0 0 #
DXID-attrib $-1 -1 $-1 $-1 $2935 @18 ASM_EDGE_FROM_STEP @5 10326 #
vertex $-1 -1 $-1 $3443 $3847 #
ellipse-curve $-1 -1 $-1 -3.500000000000000444 64.46981879201740639 9.184113400489605894 0 -1 0 0 0 -0.5000000000000004441 1 F -1.570796326794896558 F -0.05235987755982413061 #
DXID-attrib $-1 -1 $-1 $-1 $2936 @18 ASM_FACE_FROM_STEP @16 MD-JJ-K4080-3334 #
face $3848 -1 $-1 $3674 $3849 $4 $-1 $3850 reversed single #
cone-surface $-1 -1 $-1 -3.499999999999992895 4.596194077712561388 9.184113400489605894 1.2224611903437405e-16 -1 -6.404462823567628986e-18 0.5 6.112305951718703735e-17 3.914603623405358175e-34 1 I I 0 1 0.5 forward I I I I #
edge $3851 -1 $-1 $3460 -0.05397866515252191383 $3455 0.0005262437734251134737 $3113 $3852 forward @14 tangent_not_g2 #
pcurve $-1 -1 $-1 0 forward { exppc nubs 1 open 2 
	1.570796326794887676 1 3.089232776029963379 1 
	4.641940784398067343 1 
	4.641940784398067343 4.630722848650324384e-15 
	5.806363872715984238e-15 
	spline reversed { ref 61 } I I I I 
	} 0 0 #
DXID-attrib $-1 -1 $-1 $-1 $2939 @18 ASM_EDGE_FROM_STEP @4 1731 #
vertex $-1 -1 $-1 $3452 $3853 #
ellipse-curve $-1 -1 $-1 -3.499999999999993783 9.964909866070380318 14.81588659951039766 0 -1 0 0 0 -0.5000000000000004441 1 F -3.089232776029963379 F -1.570796326794887676 #
coedge $-1 -1 $-1 $2958 $2940 $3618 $3854 reversed $2959 $3855 #
pcurve $-1 -1 $-1 0 forward { exppc nubs 1 open 2 
	-3.089232776029964711 1 -1.570796326794900999 1 
	1.644827450401701308 0 
	1.64482745040170375 1 
	9.180598560012788607e-15 
	spline reversed { ref 64 } I I I I 
	} 0 0 #
DXID-attrib $-1 -1 $-1 $-1 $2941 @18 ASM_EDGE_FROM_STEP @4 1607 #
vertex $-1 -1 $-1 $3854 $3856 #
ellipse-curve $-1 -1 $-1 -3.500000000000000444 64.46981879201740639 14.81588659951039588 0 -1 0 0 0 -0.5000000000000004441 1 F -3.089232776029964711 F -1.570796326794900999 #
DXID-attrib $-1 -1 $-1 $-1 $2942 @18 ASM_FACE_FROM_STEP @16 MD-JJ-K4080-1955 #
cone-surface $-1 -1 $-1 -3.500000000000000444 65.35786437626903478 14.81588659951039233 1.2224611903437405e-16 -1 6.404462823567628986e-18 0.5 6.112305951718703735e-17 -3.914603623405358175e-34 1 I I 0 1 0.5 forward I I I I #
coedge $-1 -1 $-1 $2944 $3487 $3225 $3682 reversed $2973 $-1 #
vertex $-1 -1 $-1 $2945 $3857 #
ellipse-curve $-1 -1 $-1 -16.83897649135909447 24.80840657637567404 13.61613429069061176 -0.03700710955926812123 0.03700710955926809348 0.9986295347545739443 38.77098456759518541 -43.06363473051371216 3.032618820802646109 0.01723404805514876931 I I #
edge $3858 -1 $-1 $3471 -0.005823259987542944022 $3227 0.0001847132434397162799 $2946 $3859 forward @7 tangent #
coedge $-1 -1 $-1 $3114 $2947 $3116 $3622 reversed $2950 $3860 #
pcurve $-1 -1 $-1 0 forward { exppc nubs 3 open 2 
	-3.846169603062120856 3 -3.11004746484929262 3 
	3.844728116610316881 1.368830454735075181e-15 
	3.587467708070774641 1.740032051366686748e-15 
	3.33154545037215577 3.349635596019505827e-15 
	3.11004746484929262 6.448190777467744091e-15 
	0.01000000000000000021 
	spline forward { ref 61 } I I I I 
	} 0 0 #
DXID-attrib $-1 -1 $-1 $-1 $2948 @18 ASM_EDGE_FROM_STEP @4 3991 #
tvertex-vertex $-1 -1 $-1 $3467 $3861 1.000379429987221411e-11 #
face $3862 -1 $-1 $3623 $2950 $4 $-1 $3863 reversed single #
point $-1 -1 $-1 -3.783576062212990365 9.199976034208576792 14.99999412214028283 #
edge $-1 -1 $-1 $3135 3.021415324633959454 $3478 3.278929714143672847 $2955 $3864 forward @7 unknown #
coedge $-1 -1 $-1 $3198 $2956 $3865 $3866 forward $3211 $-1 #
coedge $-1 -1 $-1 $2956 $3198 $3200 $3669 reversed $3211 $-1 #
DXID-attrib $-1 -1 $-1 $-1 $2957 @18 ASM_EDGE_FROM_STEP @4 4158 #
vertex $-1 -1 $-1 $3474 $3867 #
straight-curve $-1 -1 $-1 -3.974765864302906682 65.38309851196612499 14.32737689800189429 -706.6217501846249434 -706.6217501846232381 -37.03247672027218584 I I #
coedge $-1 -1 $-1 $3868 $3865 $2958 $3481 forward $3849 $-1 #
edge $3869 -1 $-1 $2962 2.356194490192343505 $3870 3.141592653589793116 $2958 $3871 forward @14 tangent_not_g2 #
pcurve $-1 -1 $-1 0 forward { exppc nubs 1 open 2 
	-3.141592653589793116 1 -2.356194490192340396 1 
	3.178608215393201153 1 
	3.178608215393201153 2.165275200005994504e-14 
	4.485438752655006828e-13 
	spline reversed { ref 64 } I I I I 
	} 0 0 #
point $-1 -1 $-1 -3.853553390593269956 65.50431098567575816 14.33372937457041907 #
ellipse-curve $-1 -1 $-1 -13.08176201382558546 54.86188880007037483 13.81304155774823883 -0.0453242676377402301 -0.02616797812147200752 0.9986295347545739443 -52.16163090656556989 -52.18078895132721584 -3.734771838273629463 0.01353625082502884179 I I #
coedge $-1 -1 $-1 $2970 $3872 $2972 $3488 forward $2889 $-1 #
straight-curve $-1 -1 $-1 1 -1 19 0 0 10 I I #
coedge $-1 -1 $-1 $3464 $2972 $2978 $3491 forward $2973 $-1 #
edge $3873 -1 $-1 $3874 -0.3750045391961662755 $2975 0.0933900431865150038 $2972 $3875 reversed @7 unknown #
point $-1 -1 $-1 1 -1.000000000000000222 15.23361447823581116 #
coedge $-1 -1 $-1 $3876 $2978 $3872 $3877 reversed $2431 $-1 #
edge $-1 -1 $-1 $3874 1.073607206367739764 $3686 1.096030840553191332 $2978 $3878 forward @7 unknown #
coedge $-1 -1 $-1 $2980 $2979 $3879 $3880 forward $1957 $-1 #
straight-curve $-1 -1 $-1 -69.54465660039002728 -0.1867922241209737932 8.849999999999999645 0 0 10 I I #
tcoedge-coedge $-1 -1 $-1 $3500 $2983 $3881 $3882 forward $1571 $3883 0 1.496765203188090254 #
coedge $-1 -1 $-1 $3884 $3885 $2983 $3496 reversed $3886 $3887 #
edge $3888 -1 $-1 $3498 -1.527275279672460684 $3889 -1.484547613426391965 $2983 $3890 forward @14 tangent_not_g2 #
DXID-attrib $-1 -1 $-1 $-1 $2984 @18 ASM_EDGE_FROM_STEP @4 6983 #
vertex $-1 -1 $-1 $2984 $3891 #
straight-curve $-1 -1 $-1 -69.38309851196612499 -0.02523413569707942325 14.53700801513406127 -706.6217501846234654 -706.621750184624716 37.03247672027218584 I I #
coedge $-1 -1 $-1 $2985 $3494 $3892 $3893 reversed $1571 $-1 #
coedge $-1 -1 $-1 $3894 $3395 $2985 $3502 forward $2889 $-1 #
edge $-1 -1 $-1 $3503 -2.905278310096846894 $3895 -1.644827450401703084 $2985 $3896 forward @7 unknown #
vertex $-1 -1 $-1 $3502 $3897 #
ellipse-curve $-1 -1 $-1 -54.86188880007048851 13.08176201382548953 13.81304155774824238 0.02616797812147205263 0.0453242676377401954 0.9986295347545739443 52.18078895132724426 52.16163090656556278 -3.734771838273630351 0.01353625082502884179 I I #
point $-1 -1 $-1 -69.54465660039002728 -0.1867922241209770962 14.54547491577357121 #
point $-1 -1 $-1 -69.51509291565190551 -0.2038608254627691241 14.80000000000000249 #
coedge $-1 -1 $-1 $3898 $3899 $2993 $3508 reversed $3900 $3901 #
edge $3902 -1 $-1 $3699 -1.657042545428130342 $3510 -1.614314827375043615 $3507 $3903 forward @14 tangent_not_g2 #
DXID-attrib $-1 -1 $-1 $-1 $2994 @18 ASM_EDGE_FROM_STEP @4 3933 #
vertex $-1 -1 $-1 $3508 $3904 #
straight-curve $-1 -1 $-1 -69.38309851196612499 -0.02523413569708221962 9.462991984865940509 706.6217501846234654 706.621750184624716 37.03247672027218584 I I #
point $-1 -1 $-1 -69.54465660039002728 -0.1867922241209782341 9.454525084226430565 #
DXID-attrib $-1 -1 $-1 $-1 $2999 @18 ASM_EDGE_FROM_STEP @4 1343 #
straight-curve $-1 -1 $-1 -76 3.54020202535533457 9.199999999999999289 -866.025403784437799 500.0000000000017053 0 I I #
DXID-attrib $-1 -1 $-1 $-1 $3000 @18 ASM_FACE_FROM_STEP @16 MD-JJ-K4080-1196 #
plane-surface $-1 -1 $-1 -76 3.54020202535533457 9.199999999999999289 -0.02616797812147205263 -0.0453242676377401954 0.9986295347545739443 0 -0.9989716227690165207 -0.0453397938045344423 forward_v I I I I #
coedge $-1 -1 $-1 $3365 $3005 $3023 $3534 reversed $3366 $-1 #
DXID-attrib $-1 -1 $-1 $-1 $3006 @18 ASM_EDGE_FROM_STEP @4 7163 #
straight-curve $-1 -1 $-1 -71.67157287525381548 2.828427124746138333 -5.750000000000000888 707.1067811865441399 -707.1067811865509611 0 I I #
point $-1 -1 $-1 -67.84314575050770202 -1.000000000000007994 -5.750000000000000888 #
DXID-attrib $-1 -1 $-1 $-1 $3010 @18 ASM_EDGE_FROM_STEP @4 1954 #
straight-curve $-1 -1 $-1 -50.14708272461611926 6.358798247293080408 4.612215628856324301 706.6217501846240339 -706.6217501846242612 37.032476720272129 I I #
straight-curve $-1 -1 $-1 -41.42640687119288856 -1.000000000000004663 7.250000000000000888 0 0 -10 F -9999.275000999999975 F 10000.7250010000007 #
point $-1 -1 $-1 -41.42640687119288856 -1.000000000000004219 4.033559453308937393 #
coedge $-1 -1 $-1 $3905 $3016 $3046 $3553 reversed $3527 $-1 #
coedge $-1 -1 $-1 $3016 $3905 $3018 $3530 forward $3527 $-1 #
loop $-1 -1 $-1 $-1 $3526 $3031 #
DXID-attrib $-1 -1 $-1 $-1 $3017 @18 ASM_EDGE_FROM_STEP @4 8801 #
straight-curve $-1 -1 $-1 -68.84314575050765939 -1.000000000000027756 6.75 1000 2.453269466693418974e-12 0 I I #
edge $3906 -1 $-1 $3537 -0.003999999999999948042 $3020 0.0004142135623730715862 $3526 $3907 forward @14 tangent_not_g2 #
point $-1 -1 $-1 -69.25735931288078007 -1.000000000000008438 6.75 #
coedge $-1 -1 $-1 $3033 $3022 $3905 $3908 forward $2472 $-1 #
coedge $-1 -1 $-1 $3023 $3373 $3369 $3786 reversed $2472 $-1 #
edge $3909 -1 $-1 $3788 1.570796326794895892 $3025 3.141592653589792228 $3023 $3910 forward @7 unknown #
point $-1 -1 $-1 -71.67157287525381548 2.828427124746138333 -5.750000000000000888 #
DXID-attrib $-1 -1 $-1 $-1 $3027 @18 ASM_EDGE_FROM_STEP @4 6418 #
vertex $-1 -1 $-1 $3027 $3911 #
ellipse-curve $-1 -1 $-1 -72.37867965644035451 2.121320343559595756 5.750000000000000888 0.7071067811865457964 -0.7071067811865492381 0 -0.7071067811865472397 -0.707106781186543798 -1.734723475976807094e-15 1 F -3.141592653589794892 F -1.570796326794898556 #
DXID-attrib $-1 -1 $-1 $-1 $3028 @18 ASM_FACE_FROM_STEP @16 MD-JJ-K4080-3483 #
face $3912 -1 $-1 $3651 $3366 $4 $-1 $3913 reversed single #
cone-surface $-1 -1 $-1 -72.37867965644035451 2.121320343559594424 5.750000000000000888 0.707106781186544131 -0.7071067811865510144 0 0.7071067811865481278 0.7071067811865411334 0 1 I I 0 1 0.9999999999999958922 forward I I I I #
DXID-attrib $-1 -1 $-1 $-1 $3031 @18 ASM_FACE_FROM_STEP @16 MD-JJ-K4080-5443 #
plane-surface $-1 -1 $-1 -71.67157287525381548 2.828427124746137888 6.75 0 0 1 1 0 0 forward_v I I I I #
coedge $-1 -1 $-1 $3914 $3033 $3915 $3916 reversed $2472 $-1 #
DXID-attrib $-1 -1 $-1 $-1 $3039 @18 ASM_FACE_FROM_STEP @16 MD-JJ-K4080-9225 #
cone-surface $-1 -1 $-1 -9.246734075127564623 3.499999999999996447 -9 0 0 1 0.5000000000000004441 0 0 1 I I 0 1 0.5000000000000004441 forward I I I I #
coedge $-1 -1 $-1 $3059 $3377 $3041 $3548 forward $2868 $3917 #
edge $3918 -1 $-1 $3571 1.570796326794896558 $2522 2.303281628924704005 $3547 $3919 forward @14 tangent_not_g2 #
pcurve $-1 -1 $-1 0 forward { exppc nubs 1 open 2 
	-2.303281628924704449 1 -1.57079632679489678 1 
	6.283185307179586232 1 
	6.283185307179586232 0 
	1.739028948311690354e-13 
	spline reversed { ref 39 } I I I I 
	} 0 0 #
DXID-attrib $-1 -1 $-1 $-1 $3042 @18 ASM_EDGE_FROM_STEP @5 10079 #
straight-curve $-1 -1 $-1 -74.37184373124365777 -0.1153924226903497302 9.076749505962329323 -743.1007137435807408 669.090887975334681 10.89554322459436442 I I #
point $-1 -1 $-1 -79 4.051818199340279314 9.144608782294302074 #
edge $-1 -1 $-1 $3559 -0.0104671912485890875 $3240 0.1389804637378692642 $3525 $3920 forward @7 unknown #
coedge $-1 -1 $-1 $3047 $3372 $3921 $3922 reversed $2011 $-1 #
coedge $-1 -1 $-1 $3923 $3915 $3047 $3556 forward $3924 $-1 #
edge $3925 -1 $-1 $3558 5.012899955401116552e-19 $3926 0.008669063636069961748 $3047 $3927 forward @7 unknown #
DXID-attrib $-1 -1 $-1 $-1 $3048 @18 ASM_EDGE_FROM_STEP @4 5392 #
vertex $-1 -1 $-1 $3048 $3928 #
vertex $-1 -1 $-1 $3048 $3929 #
straight-curve $-1 -1 $-1 -74.5 -2.650466518789557637e-14 -6.75 0 0 1000 F -99.99325001000001123 F 100.0067500099999904 #
straight-curve $-1 -1 $-1 -76.81888779762124386 6.681112202378756137 9.321096774438117905 -7.062025065134034385 -7.062025065134034385 -0.5055729016049580471 I I #
point $-1 -1 $-1 -79 4.499999999999992895 9.164950171344507623 #
DXID-attrib $-1 -1 $-1 $-1 $3055 @18 ASM_EDGE_FROM_STEP @4 1265 #
ellipse-curve $-1 -1 $-1 -49.00000000000058975 5.159379566433784703 3.673702152352214867 0.3823666566820641544 -0.9227443571538384015 0.04835898260437269947 1.000000000000574207 0.4132448293502621883 -0.02165724380300923513 0.9240106816795226052 F 0.03701556180056758683 F 1.570796326791404018 #
coedge $-1 -1 $-1 $3799 $3056 $3377 $3797 forward $1816 $-1 #
coedge $-1 -1 $-1 $3377 $3059 $3343 $3774 forward $2868 $3930 #
pcurve $-1 -1 $-1 0 forward { exppc nubs 1 open 2 
	-1.809343854804017271 1 -1.772927816977001969 1 
	0 1 
	0.03154518874049752619 0.9999999999999985567 
	3.168556667331792657e-12 
	spline reversed { ref 56 } I I I I 
	} 0 0 #
DXID-attrib $-1 -1 $-1 $-1 $3060 @18 ASM_EDGE_FROM_STEP @4 3273 #
ellipse-curve $-1 -1 $-1 -9.724005470268465956 3.59279058171180754 -14.32399812820849405 -0.3245624426268878815 0.9457402687975914324 0.01531550883019717514 -0.1519321985084924609 -0.06591748882031808754 0.8507283876922676624 0.9900634463371841276 F 1.772927816977001969 F 1.809343854804017271 #
DXID-attrib $-1 -1 $-1 $-1 $3062 @18 ASM_EDGE_FROM_STEP @5 10691 #
vertex $-1 -1 $-1 $3797 $3931 #
intcurve-curve $-1 -1 $-1 forward { parcur full nubs 3 open 3 
	4.782837176371316446 3 5.533049751955219975 3 6.283185307179582679 3 
	-9.964909866070385647 3.999999999999995559 -14.81588659951039766 
	-9.795215729984233732 3.999999999999995559 -14.81588659951039766 
	-9.601448849176785316 3.999999999999995559 -14.77083676172071591 
	-9.463654826538128617 3.999999999999995559 -14.68148751458172185 
	-9.325874950483404646 3.999999999999995559 -14.59214744045763901 
	-9.252461480847905761 3.999999999999995559 -14.46393925629310928 
	-9.247105832303020634 3.999999999999995559 -14.3504436955128849 
	0.001313810854755872743 
	
	spline forward { ref 39 } I I I I 
	null_surface 
	nubs 3 open 2 
	4.782837176371316446 3 6.283185307179582679 3 
	4.782837176371313781 0 
	5.236177156618078143 1.988515633845771735e-10 
	5.829737836140178153 1.896873626195608309e-09 
	6.283185307179582679 0 
	
	nullbs 
	I I 
	0 
	1 5.533049751955219975 
	0 
	surf1 } F 4.782837176371316446 F 6.283185307179582679 #
intcurve-curve $-1 -1 $-1 forward { ref 91 } I I #
edge $-1 -1 $-1 $3072 -0.3540322819136432764 $3596 7.547807295986089571 $3066 $3932 forward @7 tangent #
coedge $-1 -1 $-1 $3086 $3583 $3067 $3576 reversed $3087 $-1 #
edge $-1 -1 $-1 $3596 0.01234102819682474268 $3577 1.570796326795840692 $3575 $3933 forward @7 unknown #
vertex $-1 -1 $-1 $3584 $3934 #
straight-curve $-1 -1 $-1 1 3.540016249745638444 -17.01293399416765695 0 -9.999238388787460963 0.12341654750936773 I I #
DXID-attrib $-1 -1 $-1 $-1 $3069 @18 ASM_FACE_FROM_STEP @16 MD-JJ-K4080-8646 #
cone-surface $-1 -1 $-1 0 3.540016249745638444 -17.01293399416765695 0 -0.9999238388787461407 0.01234165475093677335 0.7114565042712815979 -0.008672852708309281011 -0.7026766142088342049 1 I I 0 1 1.000000000000001332 forward I I I I #
straight-curve $-1 -1 $-1 -37.77245870229334201 -0.01237764937512008181 -18.43545071531276136 9.999238388787460963 1.224513086429375619e-15 0.1234165475093677161 I I #
point $-1 -1 $-1 0.01234071493982913381 -0.01237764937511545531 -17.96908824738340371 #
coedge $-1 -1 $-1 $3575 $3085 $3077 $3584 forward $3087 $-1 #
edge $-1 -1 $-1 $3588 3.408467540383822936 $3577 3.694430599546051575 $3077 $3935 forward @7 unknown #
coedge $-1 -1 $-1 $3083 $3081 $3085 $3593 forward $2610 $-1 #
coedge $-1 -1 $-1 $3081 $3590 $3331 $3766 forward $2610 $-1 #
DXID-attrib $-1 -1 $-1 $-1 $3082 @18 ASM_EDGE_FROM_STEP @4 3580 #
vertex $-1 -1 $-1 $3082 $3936 #
straight-curve $-1 -1 $-1 0.999999999999999778 37.57813672913164993 -13.99926146994222975 0 9.996568547876270472 -0.2619489790224465708 I I #
coedge $-1 -1 $-1 $3586 $3083 $3311 $3751 forward $2610 $-1 #
vertex $-1 -1 $-1 $3312 $3937 #
straight-curve $-1 -1 $-1 -41.27201206688341273 42.22798793311658017 -12.20252832568148449 7.062025065134035273 7.062025065134035273 -0.5055729016049580471 I I #
edge $3938 -1 $-1 $3588 -0.7292545528660412391 $3089 -0.1786883631323705202 $3085 $3939 forward @7 unknown #
face $3940 -1 $-1 $678 $3087 $4 $-1 $2543 reversed single #
point $-1 -1 $-1 -4.499999999999992895 79 -14.83504982865549771 #
vertex $-1 -1 $-1 $3576 $3941 #
straight-curve $-1 -1 $-1 -41.50985263139904902 79 -19.45679761377822814 9.999238388787460963 0 0.12341654750936773 F -9996.610368791285509 F 10004.91297165310971 #
DXID-attrib $-1 -1 $-1 $-1 $3096 @18 ASM_EDGE_FROM_STEP @4 1809 #
straight-curve $-1 -1 $-1 -49.00000000000002132 8.499999999999975131 -4.5 0 998.6295347545740242 52.33595624294395776 I I #
DXID-attrib $-1 -1 $-1 $-1 $3105 @18 ASM_FACE_FROM_STEP @17 MD-JJ-K4080-10779 #
plane-surface $-1 -1 $-1 -76 3.54020202535533457 9.199999999999999289 0.5000000000000017764 0.8660254037844377084 0 -0.8660254037844378194 0.5000000000000017764 0 forward_v I I I I #
coedge $-1 -1 $-1 $3942 $3107 $3943 $3944 forward $2098 $-1 #
coedge $-1 -1 $-1 $3945 $3946 $3107 $3604 reversed $3806 $3947 #
edge $3948 -1 $-1 $3613 -0.04309702146743066981 $3949 -0.006687366907979060138 $3603 $3950 forward @14 tangent_not_g2 #
coedge $-1 -1 $-1 $3108 $3951 $3261 $3709 forward $2098 $-1 #
coedge $-1 -1 $-1 $3256 $3255 $3108 $3607 reversed $3257 $3952 #
edge $3953 -1 $-1 $3712 0.006687381648316431844 $3612 0.04309704403128075678 $3108 $3954 forward @14 tangent_not_g2 #
coedge $-1 -1 $-1 $3690 $3109 $3255 $3705 reversed $3610 $-1 #
coedge $-1 -1 $-1 $3109 $3690 $3945 $3955 forward $3610 $-1 #
loop $-1 -1 $-1 $-1 $3690 $3956 #
DXID-attrib $-1 -1 $-1 $-1 $3110 @18 ASM_EDGE_FROM_STEP @4 1396 #
vertex $-1 -1 $-1 $3110 $3957 #
vertex $-1 -1 $-1 $3604 $3958 #
straight-curve $-1 -1 $-1 -9.246734075127548635 3.999999999999994671 14.32794310685886252 0 0 1000 F -0.00466261681836477402 F 6.730604647049443013e-06 #
coedge $-1 -1 $-1 $3959 $3111 $3444 $3845 forward $1689 $-1 #
DXID-attrib $-1 -1 $-1 $-1 $3112 @18 ASM_EDGE_FROM_STEP @4 3456 #
intcurve-curve $-1 -1 $-1 forward { parcur full nubs 3 open 3 
	3.11004746484929262 3 3.87599412462367976 3 4.641940784398064679 3 
	-3.999999999999993783 9.246734075127555741 9.665326288494089368 
	-3.999999999999993783 9.246734075509753126 9.537232767682276346 
	-3.999999999999994227 9.323164516293122261 9.4125580911803155 
	-3.999999999999994227 9.455417970296148056 9.323941811779087985 
	-3.999999999999994227 9.58767142429917385 9.235325532377858693 
	-3.999999999999994227 9.773739454970998608 9.184113400566706886 
	-3.999999999999994227 9.964909866070380318 9.184113400489604118 
	0 
	
	spline forward { ref 26 } I I I I 
	null_surface 
	nubs 1 open 2 
	3.11004746484929262 1 4.641940784398064679 1 
	3.173137842330293612 0.9999999999999937828 
	1.641244522781522885 0.9999999999999977796 
	
	nullbs 
	I I 
	0 
	1 3.87599412462367976 
	0 
	surf1 } F 3.11004746484929262 F 4.641940784398064679 #
coedge $-1 -1 $-1 $3113 $3959 $3457 $3854 forward $1689 $-1 #
pcurve $-1 -1 $-1 -1 $3960 0 0 #
DXID-attrib $-1 -1 $-1 $-1 $3115 @18 ASM_EDGE_FROM_STEP @3 942 #
intcurve-curve $-1 -1 $-1 forward { parcur full nubs 3 open 3 
	1.641244522781518889 3 2.407191182555906472 3 3.173137842330293612 3 
	-3.99999999999999245 9.964909866070378541 14.81588659951039766 
	-3.99999999999999245 9.773739454971000384 14.81588659943329489 
	-3.99999999999999245 9.587671424299172074 14.76467446762214308 
	-3.99999999999999245 9.455417970296146279 14.67605818822091379 
	-3.99999999999999245 9.323164516293122261 14.5874419088196845 
	-3.99999999999999245 9.246734075509753126 14.46276723231772188 
	-3.99999999999999245 9.246734075127555741 14.33467371150591418 
	0 
	
	spline forward { ref 61 } I I I I 
	null_surface 
	nubs 1 open 2 
	1.641244522781518889 1 3.173137842330293612 1 
	4.641940784398067343 1 
	3.11004746484929262 1 
	
	nullbs 
	I I 
	0 
	1 2.407191182555906472 
	0 
	surf1 } F 1.641244522781518889 F 3.173137842330293612 #
edge $3961 -1 $-1 $3119 -3.141592653589793116 $3471 -2.408554367752173686 $3468 $3962 forward @14 tangent_not_g2 #
face $3963 -1 $-1 $2942 $3117 $4 $-1 $3964 reversed single #
point $-1 -1 $-1 -3.999999999999993783 9.246734075127559294 14.33467371150591418 #
point $-1 -1 $-1 -3.999999999999993783 9.246734075127555741 9.665326288494087592 #
straight-curve $-1 -1 $-1 -79 -1.000000000000009326 19 0 0 10 I I #
DXID-attrib $-1 -1 $-1 $-1 $3128 @18 ASM_EDGE_FROM_STEP @4 9227 #
point $-1 -1 $-1 -4.499999999999992895 79 9.164950171344507623 #
DXID-attrib $-1 -1 $-1 $-1 $3132 @18 ASM_EDGE_FROM_STEP @4 4118 #
straight-curve $-1 -1 $-1 -3.540202025355363435 76 9.199999999999999289 500.000000000000739 -866.0254037844383674 0 I I #
point $-1 -1 $-1 0.2038608254627544136 69.51509291565186288 14.80000000000000426 #
DXID-attrib $-1 -1 $-1 $-1 $3138 @18 ASM_FACE_FROM_STEP @16 MD-JJ-K4080-9886 #
point $-1 -1 $-1 -78.51041132207055284 4.989588677929451599 9.199999999999999289 #
DXID-attrib $-1 -1 $-1 $-1 $3147 @18 ASM_EDGE_FROM_STEP @4 2308 #
straight-curve $-1 -1 $-1 -76 3.54020202535533457 14.80000000000000249 -866.025403784437799 500.0000000000017053 0 I I #
edge $3965 -1 $-1 $3151 -4.093837880383683014 $3503 -3.224075929875394042 $3148 $3966 reversed @7 unknown #
point $-1 -1 $-1 -79 -1.000000000000009548 15.08467540383822225 #
coedge $-1 -1 $-1 $3297 $3154 $3156 $3642 forward $1554 $-1 #
coedge $-1 -1 $-1 $3154 $3410 $3160 $3644 forward $1554 $-1 #
DXID-attrib $-1 -1 $-1 $-1 $3155 @18 ASM_EDGE_FROM_STEP @4 5086 #
straight-curve $-1 -1 $-1 -2.828427124746160093 71.67157287525377285 -6.75 0 0 1000 F 0.000999999999999999804 F 0.01250000000000000069 #
edge $3967 -1 $-1 $3158 0 $3300 1.57079632679489678 $3638 $3968 forward @7 unknown #
point $-1 -1 $-1 -2.828427124746160093 71.67157287525377285 -5.750000000000000888 #
edge $3969 -1 $-1 $3813 -1.570796326794891895 $3163 5.204170427930399195e-15 $3639 $3970 forward @7 unknown #
face $3971 -1 $-1 $3028 $3161 $4 $-1 $3972 reversed single #
point $-1 -1 $-1 -2.828427124746160093 71.67157287525377285 5.750000000000000888 #
point $-1 -1 $-1 1 69.25735931288076586 6.75 #
DXID-attrib $-1 -1 $-1 $-1 $3170 @18 ASM_EDGE_FROM_STEP @4 4537 #
straight-curve $-1 -1 $-1 -6.483332489881039606 0.110540131515107512 -4.026039857050923487 743.1166063012295808 -669.1051976985124838 8.714576993627556334 I I #
coedge $-1 -1 $-1 $3172 $3171 $3353 $3776 reversed $3173 $-1 #
face $3973 -1 $-1 $3354 $3173 $4 $-1 $3974 reversed single #
point $-1 -1 $-1 -2.896885676744304305 -3.118711083692308428 -3.983981360952721484 #
DXID-attrib $-1 -1 $-1 $-1 $3177 @18 ASM_EDGE_FROM_STEP @4 6785 #
straight-curve $-1 -1 $-1 -3.099368436891467127 -3.321193843839468585 3.983981360952721484 7.071067811865519914 7.071067811865431096 -5.551326500628710565e-16 F -14141.66593740752978 F 14142.57394203289914 #
coedge $-1 -1 $-1 $3759 $3180 $3656 $3975 reversed $2646 $-1 #
coedge $-1 -1 $-1 $3181 $3725 $3655 $3975 forward $1476 $-1 #
DXID-attrib $-1 -1 $-1 $-1 $3182 @18 ASM_EDGE_FROM_STEP @4 6119 #
vertex $-1 -1 $-1 $3975 $3976 #
ellipse-curve $-1 -1 $-1 -3.999999999999999112 64.61984896866030681 -9.677874744533896845 1 0 0 0 0.5301551879040862225 0.03467561246550650983 0.8153996501791811458 F -0.05328198207518169277 F -0.01056258028092166984 #
point $-1 -1 $-1 -4 65.15027322857088166 -9.647767061943831379 #
coedge $-1 -1 $-1 $3304 $3190 $3413 $3818 reversed $1824 $-1 #
vertex $-1 -1 $-1 $3191 $3977 #
straight-curve $-1 -1 $-1 1.406466352506898332 72.93796086721967242 6.75 6.691306063588563724 -7.431448254773959761 0 F -0.210193098199516093 F -0.06074544321305544448 #
DXID-attrib $-1 -1 $-1 $-1 $3194 @18 ASM_EDGE_FROM_STEP @4 9093 #
straight-curve $-1 -1 $-1 -5.741528032167686035 79 9.221298743914568163 -9.989716227690164985 0 0.4533979380453447838 F -10010.86910365177027 F 10009.71961593834203 #
point $-1 -1 $-1 -4.051818199340256221 79 9.144608782294300298 #
DXID-attrib $-1 -1 $-1 $-1 $3199 @18 ASM_EDGE_FROM_STEP @4 8921 #
straight-curve $-1 -1 $-1 0.02523413569709615292 69.38309851196611078 9.462991984865942285 706.6217501846249434 706.6217501846232381 -37.03247672027218584 I I #
edge $-1 -1 $-1 $3478 -0.5695474915773566238 $3201 -0.06045250842264349167 $3476 $3978 forward @7 unknown #
point $-1 -1 $-1 0.1867922241209646339 69.54465660038998465 9.454525084226435894 #
coedge $-1 -1 $-1 $3865 $3868 $3204 $3672 reversed $3849 $-1 #
edge $3979 -1 $-1 $3208 2.356194490192343949 $3980 3.141592653589793116 $3671 $3981 forward @14 tangent_not_g2 #
pcurve $-1 -1 $-1 0 forward { exppc nubs 1 open 2 
	2.356194490192341728 1 3.141592653589793116 1 
	3.104577091786385079 0 
	3.1045770917863873 0.999999999999990119 
	4.436058307655874345e-13 
	spline reversed { ref 70 } I I I I 
	} 0 0 #
face $3982 -1 $-1 $3983 $3205 $4 $-1 $3984 reversed single #
point $-1 -1 $-1 -3.853553390593268624 65.50431098567575816 9.666270625429582708 #
DXID-attrib $-1 -1 $-1 $-1 $3215 @18 ASM_EDGE_FROM_STEP @4 3020 #
straight-curve $-1 -1 $-1 -3.87157241273869035 8.912168771948126178 14.32794310685886963 0 0 1000 F -0.004662616818364780959 F 6.73060464704500202e-06 #
intcurve-curve $-1 -1 $-1 forward { ref 92 } I I #
point $-1 -1 $-1 -3.999999999999993783 9.964909866070380318 9.184113400489604118 #
DXID-attrib $-1 -1 $-1 $-1 $3223 @18 ASM_FACE_FROM_STEP @16 MD-JJ-K4080-8029 #
spline-surface $-1 -1 $-1 forward { ref 64 } I I I I #
edge $3985 -1 $-1 $3465 -0.0003160849378068824483 $3686 0.006402917395960292489 $3225 $3986 forward @7 unknown #
ellipse-curve $-1 -1 $-1 0.8541539616507634047 5.158194468757423046 14.54339196629801023 -0.7071067811865477948 0.7071067811865473507 0 -0.5885975400626373144 -0.5885975400626376475 0.5577504500965170253 0.99801607314558205 I I #
point $-1 -1 $-1 0.1460767853029518726 4.450117292409611736 14.54522978391356602 #
coedge $-1 -1 $-1 $3229 $3987 $3231 $3688 reversed $2431 $-1 #
vertex $-1 -1 $-1 $3491 $3988 #
ellipse-curve $-1 -1 $-1 -5.158194468757421269 -0.8541539616507654031 14.54339196629801023 -0.7071067811865477948 0.7071067811865473507 0 0.588597540062645419 0.5885975400626457521 0.5577504500964995948 0.998016073145582272 I I #
edge $3989 -1 $-1 $3232 -0.006166293948804610174 $3990 -0.0001583207178219527727 $3685 $3991 forward @7 tangent #
point $-1 -1 $-1 -4.450117292409610847 -0.1460767853029526497 14.54522978391356425 #
coedge $-1 -1 $-1 $3609 $3608 $3235 $3691 reversed $3610 $-1 #
edge $3992 -1 $-1 $3990 -0.004662616818364780091 $3237 6.730604647043891559e-06 $3235 $3993 forward @14 tangent_not_g2 #
point $-1 -1 $-1 -8.912168771948127954 3.871572412738685465 9.665326288494087592 #
point $-1 -1 $-1 -73.38938748517081478 -1.000000000000009104 6.75 #
coedge $-1 -1 $-1 $3994 $3243 $3247 $3702 reversed $3696 $3995 #
coedge $-1 -1 $-1 $3243 $3994 $3898 $3996 reversed $3696 $3997 #
loop $-1 -1 $-1 $-1 $3695 $3998 #
pcurve $-1 -1 $-1 0 forward { exppc nubs 3 open 2 
	-6.283185307179586232 3 -4.786420103991508412 3 
	6.283185307179585344 0 
	5.830600316750204293 0 
	5.238964566564057179 0 
	4.786420103991513741 0 
	0.01000000000000000021 
	spline forward { exactsur full nurbs 3 2 both open open none none 3 2 
	4.786420103991513741 3 5.534802705585550875 2 6.283185307179588008 3 
	0 2 1 2 
	-64.46981879201743482 3.526167978121494073 8.684798633112318811 1 
	-64.73498984786245103 3.614396778714241698 8.689422508620193497 1 
	-64.99498759211091681 3.699202468162496871 8.791463669992737096 1 
	-65.37379779732083307 3.81931377019768048 9.137717692040503437 1 
	-65.49001380318696874 3.853795740035286244 9.379578536194800975 1 
	-65.50309990338803345 3.85379573985779178 9.629276199444849027 1 
	-64.46981879201743482 4.000000000000010658 8.709631117132175859 0.7253743710122957378 
	-64.70936059553811504 4.000000000000010658 8.786752289261954729 0.7862281980310328322 
	-64.94103372303023036 4.000000000000010658 8.917150510252980666 0.8368930757762416128 
	-65.25108101951745709 4.000000000000010658 9.240526461262314584 0.9058152981981066887 
	-65.34653244443875053 4.000000000000010658 9.439196832080499533 0.9241339199867393273 
	-65.35689564324582079 4.000000000000010658 9.636938440040623277 0.9240106816794836364 
	-64.46981879201743482 4.000000000000010658 9.184113400489604118 1 
	-64.64654248734098019 4.000000000000010658 9.184113400578509001 1 
	-64.81892043708501205 4.000000000000010658 9.232911742248589348 1 
	-65.06838119070690141 4.000000000000010658 9.402891369969271551 1 
	-65.14373017820496159 4.000000000000010658 9.522918230335385203 1 
	-65.15027322857091008 4.000000000000010658 9.647767061943833156 1 
	0 
	
	0 
	1 5.534802705585550875 
	0 
	0 
	0 
	0 
	F 1 F 0 F 1 F 0 } I I I I 
	} 0 0 #
DXID-attrib $-1 -1 $-1 $-1 $3244 @18 ASM_EDGE_FROM_STEP @4 2942 #
tvertex-vertex $-1 -1 $-1 $3244 $3999 1.001785216529469938e-11 #
intcurve-curve $-1 -1 $-1 forward { parcur full nubs 3 open 3 
	4.786420103991508412 3 5.534817228822993762 3 6.283185307179586232 3 
	-64.46981879201743482 3.526167978121494073 8.684798633112318811 
	-64.71034553891351493 3.606197023227831089 8.688992777644484633 
	-64.98618451593512191 3.69641123147760986 8.783417158863031204 
	-65.18439269471588204 3.759258119180088897 8.96459068101661849 
	-65.3825931807240579 3.822102567695556452 9.145757171539553809 
	-65.4912293890537569 3.853795740018798099 9.402773295959317323 
	-65.50309990338803345 3.85379573985779178 9.629276199444847251 
	0.001952588612571360717 
	
	spline forward { ref 96 } I I I I 
	null_surface 
	nubs 3 open 2 
	4.786420103991508412 3 6.283185307179586232 3 
	4.786420103991513741 0 
	5.238964566564057179 0 
	5.830600316750204293 0 
	6.283185307179585344 0 
	
	nullbs 
	I I 
	0 
	1 5.534817228822993762 
	0 
	surf1 } F 4.786420103991508412 F 6.283185307179586232 #
coedge $-1 -1 $-1 $3247 $3246 $3951 $4000 reversed $3248 $-1 #
edge $4001 -1 $-1 $4002 1.570796326794896558 $2712 3.089232776029969152 $3694 $4003 forward @14 tangent_not_g2 #
face $4004 -1 $-1 $3956 $3248 $4 $-1 $4005 reversed single #
coedge $-1 -1 $-1 $3892 $4006 $3894 $4007 reversed $3253 $-1 #
edge $4008 -1 $-1 $3237 0.8377580409572810138 $3612 1.570796326794883235 $3608 $4009 forward @14 tangent_not_g2 #
pcurve $-1 -1 $-1 0 forward { exppc nubs 1 open 2 
	0.8377580409572802367 1 1.570796326794883235 1 
	6.251640118439085292 0 
	6.251640118439085292 0.9999999999999565903 
	1.77237704182135709e-13 
	spline reversed { ref 74 } I I I I 
	} 0 0 #
pcurve $-1 -1 $-1 0 forward { exppc nubs 1 open 2 
	-1.570796326794896558 1 -0.8383110246650885555 1 
	6.283185307179586232 1 
	6.283185307179585344 0 
	1.737755409922544022e-13 
	spline reversed { ref 74 } I I I I 
	} 0 0 #
face $4010 -1 $-1 $2875 $3257 $4 $-1 $4011 reversed single #
edge $4012 -1 $-1 $3715 4.782837176371316446 $3712 6.283185307179586232 $3261 $4013 forward @14 tangent_not_g2 #
pcurve $-1 -1 $-1 -1 $4014 0 0 #
DXID-attrib $-1 -1 $-1 $-1 $3262 @18 ASM_EDGE_FROM_STEP @4 7441 #
vertex $-1 -1 $-1 $3262 $4015 #
ellipse-curve $-1 -1 $-1 -9.247105832303020634 3.499999999999996003 9.649556304487122205 0.04713572647421897938 -1.29648591660129004e-17 0.9988884939219931924 0.4994442469609967072 7.559275031719900723e-33 -0.0235678632371095001 1 F 0.8383110246650894437 F 1.570796326794896558 #
DXID-attrib $-1 -1 $-1 $-1 $3264 @18 ASM_EDGE_FROM_STEP @4 5422 #
vertex $-1 -1 $-1 $3709 $4016 #
ellipse-curve $-1 -1 $-1 -9.964909866070385647 3.499999999999994671 9.184113400489605894 -1 0 3.4742082335931234e-15 1.737104116796563475e-15 0 0.5000000000000004441 1 F 1.570796326794896558 F 3.08923277602996027 #
point $-1 -1 $-1 -49.00000000000002132 5.21171552267697713 4.672331687107394771 #
edge $4017 -1 $-1 $3405 -1.570796326793268527 $3277 -0.03701556180212426522 $3401 $4018 forward @7 unknown #
DXID-attrib $-1 -1 $-1 $-1 $3275 @18 ASM_EDGE_FROM_STEP @4 5209 #
straight-curve $-1 -1 $-1 -42.40117273549578414 -0.02523413569711506488 -3.982474139039908323 706.6217501846240339 -706.6217501846240339 -37.0324767202721219 I I #
point $-1 -1 $-1 -48.00068499768990193 5.574278126497008934 -3.689016136310154792 #
DXID-attrib $-1 -1 $-1 $-1 $3279 @18 ASM_EDGE_FROM_STEP @4 5595 #
straight-curve $-1 -1 $-1 -48.21429073298713064 5.787883861794237639 3.67782153408110668 -706.6217501846240339 706.6217501846240339 -37.0324767202721219 I I #
point $-1 -1 $-1 -48.00068499768990193 5.574278126497008934 3.689016136310153904 #
coedge $-1 -1 $-1 $3656 $3283 $4019 $4020 forward $1476 $-1 #
coedge $-1 -1 $-1 $3833 $3342 $3283 $3727 reversed $2826 $4021 #
edge $4022 -1 $-1 $3729 4.786420103991494202 $4023 6.283185307179591561 $3283 $4024 forward @14 tangent_not_g2 #
DXID-attrib $-1 -1 $-1 $-1 $3285 @18 ASM_EDGE_FROM_STEP @4 2097 #
vertex $-1 -1 $-1 $3285 $4025 #
straight-curve $-1 -1 $-1 -4 65.35786437626903478 -14.81588659951039588 -1.222461190343740471e-13 1000 6.404462823567631556e-15 F -0.05539295451019864841 F -0.0008880455842516266378 #
pcurve $-1 -1 $-1 0 forward { exppc nubs 1 open 2 
	-3.141592653589793116 1 -2.408554367752179903 1 
	3.11004746484929262 0 
	3.11004746484929262 0.9999999999999772404 
	1.771461908144117937e-13 
	spline reversed { ref 78 } I I I I 
	} 0 0 #
edge $4026 -1 $-1 $2928 -3.089232776029964711 $3291 -1.570796326794896558 $3429 $4027 forward @14 tangent_not_g2 #
pcurve $-1 -1 $-1 0 forward { exppc nubs 1 open 2 
	-3.089232776029964711 1 -1.570796326794896558 1 
	4.641940784398064679 1 
	4.641940784398062014 0 
	4.669118134492690622e-15 
	spline reversed { ref 78 } I I I I 
	} 0 0 #
face $4028 -1 $-1 $3472 $3288 $4 $-1 $4029 reversed single #
intcurve-curve $-1 -1 $-1 forward { ref 77 } I I #
point $-1 -1 $-1 -3.999999999999993783 9.964909866070380318 -14.81588659951039588 #
DXID-attrib $-1 -1 $-1 $-1 $3294 @18 ASM_EDGE_FROM_STEP @3 205 #
ellipse-curve $-1 -1 $-1 -3.499999999999993783 9.246734075127562846 -14.33467371150591418 0 0 1 0.5 0 0 1 F -3.141592653589793116 F -2.408554367752179903 #
DXID-attrib $-1 -1 $-1 $-1 $3296 @18 ASM_FACE_FROM_STEP @16 MD-JJ-K4080-6394 #
cone-surface $-1 -1 $-1 0.7071067811865465735 69.55025253169421262 -5.750000000000000888 -0.7071067811865520136 0.7071067811865431318 0 -0.7071067811865465735 -0.7071067811865554553 0 1 I I 0 1 1.000000000000004885 forward I I I I #
DXID-attrib $-1 -1 $-1 $-1 $3298 @18 ASM_EDGE_FROM_STEP @4 4501 #
straight-curve $-1 -1 $-1 7.155734338404329264e-15 74.5 -6.75 -707.1067811865424346 -707.1067811865526664 0 F -141.3159973410538157 F 141.4213562514526643 #
point $-1 -1 $-1 -2.121320343559611743 72.3786796564403403 -6.75 #
coedge $-1 -1 $-1 $4030 $4031 $3304 $3745 reversed $4032 $-1 #
edge $4033 -1 $-1 $4034 -0.5311952777480813959 $3748 0.2586952777480814869 $3304 $4035 forward @7 unknown #
coedge $-1 -1 $-1 $3418 $3305 $4031 $4036 reversed $3419 $-1 #
DXID-attrib $-1 -1 $-1 $-1 $3306 @18 ASM_EDGE_FROM_STEP @4 5632 #
vertex $-1 -1 $-1 $3745 $4037 #
straight-curve $-1 -1 $-1 3.689345654787637319 70.40256654426214311 -3.976949130158696555 -669.1051976985107785 743.1166063012311724 -8.71457699362755811 I I #
point $-1 -1 $-1 1.357261566145852812e-14 74.5 -4.025000000000002132 #
edge $4038 -1 $-1 $3591 -0.002898773305148203035 $3763 0.007488125701636226539 $3311 $4039 forward @7 unknown #
straight-curve $-1 -1 $-1 -4.989588677929455152 78.51041132207055284 4.900000000000001243 0 0 -10 I I #
DXID-attrib $-1 -1 $-1 $-1 $3317 @18 ASM_EDGE_FROM_STEP @4 7616 #
ellipse-curve $-1 -1 $-1 -3.500000000000000444 65.15075759508248154 -9.666270625429582708 0 0 1 0.5 0 0 1 F 2.356194490192343505 F 3.141592653589793116 #
DXID-attrib $-1 -1 $-1 $-1 $3320 @18 ASM_EDGE_FROM_STEP @4 3090 #
intcurve-curve $-1 -1 $-1 forward { parcur full nubs 3 open 3 
	0 3 0.7483462695643615659 3 1.496765203188091808 3 
	-3.999999999999999112 65.15027322857088166 -9.647767061943831379 
	-3.999999999999999112 65.14433814444831228 -9.53451891054790579 
	-3.999999999999999556 65.07417328193508865 -9.406838032428069596 
	-3.999999999999999556 64.94365081409462448 -9.317901555817352133 
	-3.999999999999998668 64.81311567258592277 -9.228956443517940755 
	-3.999999999999999112 64.63010135861946992 -9.184113400489604118 
	-3.999999999999999112 64.46981879201740639 -9.184113400489604118 
	0.001231854570663232489 
	
	spline forward { ref 30 } I I I I 
	null_surface 
	nubs 3 open 2 
	0 3 1.496765203188091808 3 
	-1.776356839400250465e-15 8.957552679444745724e-30 
	0.4525849904390130685 1.683260435272010704e-09 
	1.044281602140897158 2.342700439131518861e-10 
	1.49676520318809203 0 
	
	nullbs 
	I I 
	0 
	1 0.7483462695643615659 
	0 
	surf1 } F 0 F 1.496765203188091808 #
intcurve-curve $-1 -1 $-1 forward { ref 102 } I I #
edge $4040 -1 $-1 $3761 -0.005229971835325673141 $3328 0.0004878618057398344146 $3330 $4041 forward @7 tangent #
coedge $-1 -1 $-1 $3325 $3655 $4042 $4043 reversed $2646 $-1 #
DXID-attrib $-1 -1 $-1 $-1 $3326 @18 ASM_EDGE_FROM_STEP @4 3609 #
vertex $-1 -1 $-1 $3758 $4044 #
straight-curve $-1 -1 $-1 -3.853553390593271288 65.50431098567575816 -14.32605443298788117 0 0 -1000 F -0.004659783807558297818 F 7.674941582538341375e-06 #
vertex $-1 -1 $-1 $3751 $4045 #
ellipse-curve $-1 -1 $-1 0.7044303143260011169 68.6480811282219463 -14.53554528243556021 -0.8660254037844382635 -0.5000000000000006661 0 -0.5127640512071000023 0.8881333889855451691 -0.1468358476875883945 0.9652632616188181469 I I #
point $-1 -1 $-1 0.186792224120960193 69.54465660038998465 -14.54547491577356588 #
edge $-1 -1 $-1 $3763 -1.299734739545215012 $3441 -1.283919223758567485 $3331 $4046 forward @7 unknown #
DXID-attrib $-1 -1 $-1 $-1 $3337 @18 ASM_EDGE_FROM_STEP @4 1287 #
intcurve-curve $-1 -1 $-1 forward { parcur full nubs 3 open 3 
	1.641244522781521775 3 2.407198483899196439 3 3.1731378423302945 3 
	-3.526167978121464763 9.964909866070380318 -15.31520136688768474 
	-3.611858879587079851 9.715003778114075672 -15.3107104970371104 
	-3.709227418112479135 9.426615265236188534 -15.21180969279614992 
	-3.775930207519287762 9.223315132222783319 -15.02245506051719914 
	-3.842631725257071196 9.020018875066508457 -14.83310403822851775 
	-3.874281769169552803 8.915177817107377223 -14.56574474970917699 
	-3.871572412738694347 8.912168771948133283 -14.33467371150591418 
	0.002194914563448705294 
	
	spline forward { ref 78 } I I I I 
	null_surface 
	nubs 3 open 2 
	1.641244522781521775 3 3.1731378423302945 3 
	4.641940784398064679 1 
	4.181016928465592919 1 
	3.570991738499024848 1 
	3.11004746484929262 0.9999999999999781286 
	
	nullbs 
	I I 
	0 
	1 2.407198483899196439 
	0 
	surf1 } F 1.641244522781521775 F 3.1731378423302945 #
DXID-attrib $-1 -1 $-1 $-1 $3340 @18 ASM_FACE_FROM_STEP @16 MD-JJ-K4080-3833 #
cone-surface $-1 -1 $-1 -3.499999999999992895 4.596194077712561388 -14.81588659951039588 -1.2224611903437405e-16 1 6.404462823567628986e-18 -0.5000000000000004441 -6.112305951718707433e-17 -3.914603623405362451e-34 1 I I 0 1 0.5000000000000004441 forward I I I I #
coedge $-1 -1 $-1 $3835 $4019 $3342 $3772 forward $4047 $4048 #
edge $4049 -1 $-1 $4023 -1.570796326794896558 $3839 -0.7860838657784309236 $3771 $4050 forward @14 tangent_not_g2 #
pcurve $-1 -1 $-1 0 forward { exppc nubs 1 open 2 
	0.7860838657784269268 1 1.570796326794896558 1 
	6.283185307179588008 1 
	6.283185307179588008 6.98536509759207648e-15 
	4.317698645195559709e-13 
	spline reversed { ref 55 } I I I I 
	} 0 0 #
edge $4051 -1 $-1 $3346 0.8377580409572777942 $4052 1.570796326794892117 $3566 $4053 forward @14 tangent_not_g2 #
point $-1 -1 $-1 -8.91216877194813506 3.871572412738693458 -14.33467371150591418 #
edge $4054 -1 $-1 $3397 -0.5346481360952720641 $3357 0.2621481360952721551 $3650 $4055 forward @7 unknown #
DXID-attrib $-1 -1 $-1 $-1 $3354 @18 ASM_FACE_FROM_STEP @16 MD-JJ-K4080-7564 #
plane-surface $-1 -1 $-1 -4.83902602206220589 1.586334828604097247 -6.75 0.7431448254773943551 0.6691306063588581265 0 -0.6691306063588581265 0.7431448254773943551 0 forward_v I I I I #
DXID-attrib $-1 -1 $-1 $-1 $3355 @18 ASM_EDGE_FROM_STEP @4 4289 #
straight-curve $-1 -1 $-1 -3.099368436891467127 -3.321193843839468585 -3.983981360952721484 -7.071067811865519914 -7.071067811865431096 -5.551326500628710565e-16 F -14142.57394203289914 F 14141.66593740752978 #
point $-1 -1 $-1 -1.68961502837620392 -1.911440435324221809 -3.983981360952720152 #
DXID-attrib $-1 -1 $-1 $-1 $3360 @18 ASM_FACE_FROM_STEP @16 MD-JJ-K4080-9629 #
face $4056 -1 $-1 $4057 $4058 $4 $-1 $4059 forward single #
loop $-1 -1 $-1 $-1 $4060 $3360 #
plane-surface $-1 -1 $-1 -68.37867965644035451 -6.121320343559664146 4.025000000000000355 -0.7071067811865472397 0.7071067811865479058 0 -0.7071067811865479058 -0.7071067811865472397 0 forward_v I I I I #
edge $4061 -1 $-1 $3788 -0.003000000000000001363 $3375 -1.530419162300389403e-17 $3369 $4062 forward @7 unknown #
DXID-attrib $-1 -1 $-1 $-1 $3370 @18 ASM_EDGE_FROM_STEP @4 2806 #
vertex $-1 -1 $-1 $3786 $4063 #
straight-curve $-1 -1 $-1 -72.37867965644035451 2.121320343559598864 -6.75 -707.1067811865441399 707.1067811865509611 0 I I #
coedge $-1 -1 $-1 $4064 $4065 $3372 $3791 reversed $4066 $-1 #
edge $4067 -1 $-1 $3794 5.012899955401116552e-19 $4068 0.008669063636069961748 $3372 $4069 forward @7 unknown #
coedge $-1 -1 $-1 $3373 $3914 $4064 $4070 forward $2472 $-1 #
DXID-attrib $-1 -1 $-1 $-1 $3374 @18 ASM_EDGE_FROM_STEP @5 10017 #
vertex $-1 -1 $-1 $3374 $4071 #
straight-curve $-1 -1 $-1 -74.5 -2.650466518789557637e-14 -6.75 0 0 1000 F -99.99325001000001123 F 100.0067500099999904 #
point $-1 -1 $-1 -74.5 -2.887175226603579982e-14 -6.75 #
edge $4072 -1 $-1 $3571 0.006687359983461233816 $4052 0.04309701137544148103 $3377 $4073 forward @14 tangent_not_g2 #
pcurve $-1 -1 $-1 0 forward { exppc nubs 1 open 2 
	-0.04309701137544148103 1 -0.006687359983461233816 1 
	0.03154518874049631189 9.29399262607308325e-15 
	1.642235427124267201e-15 1.277935028774283429e-15 
	1.587984775303509646e-12 
	spline reversed { ref 56 } I I I I 
	} 0 0 #
coedge $-1 -1 $-1 $3378 $3565 $3381 $3802 forward $1816 $-1 #
DXID-attrib $-1 -1 $-1 $-1 $3379 @18 ASM_EDGE_FROM_STEP @3 249 #
ellipse-curve $-1 -1 $-1 -9.807658675938181858 3.999999999999994671 -9.677976459967453593 -0 -1 -0 0.5604037648929842685 0 0.03131314118970508764 0.7717741553064647597 F -0.04309697665644498382 F -0.006687335750975212552 #
edge $4074 -1 $-1 $4052 -0.004662616818364781826 $3383 6.730604647043891559e-06 $3799 $4075 forward @14 tangent_not_g2 #
point $-1 -1 $-1 -9.246734075127564623 3.999999999999994671 -9.665326288494087592 #
DXID-attrib $-1 -1 $-1 $-1 $3393 @18 ASM_FACE_FROM_STEP @16 MD-JJ-K4080-3260 #
face $4076 -1 $-1 $4077 $3900 $4 $-1 $4078 reversed single #
loop $-1 -1 $-1 $-1 $4079 $3393 #
spline-surface $-1 -1 $-1 forward { exactsur full nurbs 3 2 both open open none none 2 2 
	0 3 0.03154518874050075278 3 
	0 2 1 2 
	-8.91311769668325482 3.871757365079377067 14.36620398657839637 1 
	-8.912622061543432395 3.871757365087194813 14.35570061081489435 1 
	-8.912305700862660274 3.8716957040871125 14.34518877683951921 1 
	-8.912168771948136836 3.871572412738694791 14.33467371150591241 1 
	-9.055545571960767148 3.999999999999996447 14.3594830748728004 0.933679476629630023 
	-9.055155617621974073 3.999999999999997335 14.35121926006741333 0.9336794768412204348 
	-9.054907753309997531 3.999999999999996891 14.34294815537207235 0.9336464581571951582 
	-9.054802057609858679 3.999999999999996891 14.33467371150591063 0.9335804264972022981 
	-9.247105832303020634 3.999999999999996891 14.3504436955128778 1 
	-9.246858014738293718 3.999999999999996891 14.34519200749967638 1 
	-9.246734075143248077 3.999999999999996891 14.33993447505955388 1 
	-9.246734075127564623 3.999999999999996891 14.33467371150591241 1 
	0 
	
	0 
	0 
	0 
	0 
	0 
	0 
	F 1 F 0 F 1 F 0 } I I I I #
point $-1 -1 $-1 -1.68961502837620392 -1.911440435324221809 3.983981360952720152 #
point $-1 -1 $-1 -41.42640687119289566 -1.000000000000005107 -4.033559453308937393 #
point $-1 -1 $-1 -49.00000000000002132 5.211715522676971801 -4.672331687107394771 #
edge $4080 -1 $-1 $3662 -1.189853648376944821e-18 $3813 0.002999999999999987486 $3408 $4081 forward @7 unknown #
DXID-attrib $-1 -1 $-1 $-1 $3409 @18 ASM_EDGE_FROM_STEP @4 7296 #
vertex $-1 -1 $-1 $3811 $4082 #
straight-curve $-1 -1 $-1 0.7071067811865482389 69.55025253169421262 6.75 -707.1067811865519843 707.1067811865431167 0 I I #
DXID-attrib $-1 -1 $-1 $-1 $3411 @18 ASM_EDGE_FROM_STEP @4 8795 #
straight-curve $-1 -1 $-1 1.357261566145852812e-14 74.5 -6.75 0 0 1000 F -99.99325001000001123 F 100.0067500099999904 #
coedge $-1 -1 $-1 $3413 $3412 $4030 $4083 forward $3414 $-1 #
edge $4084 -1 $-1 $4034 -0.003155213695167253651 $3416 0.005513849940902689449 $3661 $4085 forward @7 unknown #
face $4086 -1 $-1 $3821 $3414 $4 $-1 $4087 forward single #
point $-1 -1 $-1 1.357261566145852812e-14 74.5 4.025000000000001243 #
face $4088 -1 $-1 $1149 $3419 $4 $-1 $4089 forward single #
coedge $-1 -1 $-1 $4031 $4030 $3422 $3823 forward $4032 $-1 #
edge $4090 -1 $-1 $3828 -0.5311952777480815069 $3825 0.2586952777480814869 $3422 $4091 reversed @7 unknown #
DXID-attrib $-1 -1 $-1 $-1 $3423 @18 ASM_EDGE_FROM_STEP @4 8089 #
vertex $-1 -1 $-1 $3423 $4092 #
straight-curve $-1 -1 $-1 -1.573281873860546298 72.96025447126635299 -4.025206946997184509 743.1166063012278755 -669.1051976985143028 8.714576993627559887 I I #
DXID-attrib $-1 -1 $-1 $-1 $3424 @18 ASM_EDGE_FROM_STEP @4 5345 #
vertex $-1 -1 $-1 $3823 $4093 #
straight-curve $-1 -1 $-1 -1.485856590969000246 72.88153639297689779 4.024181704992781938 743.1166063012278755 -669.1051976985143028 -8.714576993627559887 I I #
DXID-attrib $-1 -1 $-1 $-1 $3425 @18 ASM_FACE_FROM_STEP @16 MD-JJ-K4080-9658 #
face $4094 -1 $-1 $3819 $4032 $4 $-1 $4095 reversed single #
plane-surface $-1 -1 $-1 -1.555634918610215855 72.94436508138940667 -6.75 -0.6691306063588600139 -0.7431448254773926898 0 0.7431448254773926898 -0.6691306063588600139 0 forward_v I I I I #
coedge $-1 -1 $-1 $3434 $3726 $3428 $3834 reversed $2826 $4096 #
edge $4097 -1 $-1 $2924 -3.08923277602997004 $3729 -1.570796326794892117 $3833 $4098 forward @14 tangent_not_g2 #
coedge $-1 -1 $-1 $4042 $3771 $3433 $3836 reversed $4047 $4099 #
edge $4100 -1 $-1 $3761 -1.527272098331490247 $3839 -1.484544501389927884 $3835 $4101 forward @14 tangent_not_g2 #
pcurve $-1 -1 $-1 0 forward { exppc nubs 3 open 2 
	-1.496765203188079152 3 -3.659182332138601624e-16 3 
	4.786420103991512853 1 
	5.238964566563876879 1 
	5.830600316750045309 1 
	6.283185307179588008 1 
	0.01000000000000000021 
	spline forward { ref 55 } I I I I 
	} 0 0 #
DXID-attrib $-1 -1 $-1 $-1 $3435 @18 ASM_EDGE_FROM_STEP @4 4733 #
tvertex-vertex $-1 -1 $-1 $3836 $4102 1.001888293221827235e-11 #
intcurve-curve $-1 -1 $-1 forward { parcur full nubs 3 open 3 
	3.659182332138601624e-16 3 0.7483680783564831129 3 1.496765203188079152 3 
	-3.853795739857777569 65.50309990338803345 -14.37072380055515808 
	-3.853795740020546479 65.49122938905199476 -14.59722670404056544 
	-3.822102567695332631 65.38259318072408632 -14.85424282846057586 
	-3.759258119180073354 65.18439269471586783 -15.03540931898338684 
	-3.696411231477783943 64.98618451593499401 -15.21658284113690307 
	-3.60619702322748692 64.71034553891354335 -15.31100722235553491 
	-3.526167978121483415 64.46981879201742061 -15.31520136688768474 
	0.001952588612519291691 
	
	spline forward { ref 55 } I I I I 
	null_surface 
	nubs 3 open 2 
	3.659182332138601624e-16 3 1.496765203188079152 3 
	6.283185307179588008 1 
	5.830600316750045309 1 
	5.238964566563876879 1 
	4.786420103991512853 1 
	
	nullbs 
	I I 
	0 
	1 0.7483680783564831129 
	0 
	surf1 } F 3.659182332138601624e-16 F 1.496765203188079152 #
pcurve $-1 -1 $-1 0 forward { exppc nubs 3 open 2 
	-3.1731378423302945 3 -1.641244522781521775 3 
	3.11004746484929262 0.9999999999999781286 
	3.570991738499024848 1 
	4.181016928465592919 1 
	4.641940784398064679 1 
	0.01000000000000000021 
	spline forward { ref 78 } I I I I 
	} 0 0 #
point $-1 -1 $-1 1.000000000000000888 70.30536504140930276 -14.85684214891000465 #
DXID-attrib $-1 -1 $-1 $-1 $3443 @18 ASM_EDGE_FROM_STEP @3 157 #
straight-curve $-1 -1 $-1 -4 65.35786437626903478 9.184113400489605894 -1.222461190343740471e-13 1000 6.404462823567631556e-15 F -0.05539295451019864841 F -0.0008880455842516266378 #
edge $4103 -1 $-1 $3447 1.644827450401701308 $3980 3.178608215393201153 $3615 $4104 forward @14 tangent_not_g2 #
pcurve $-1 -1 $-1 -1 $4105 0 0 #
point $-1 -1 $-1 -4 64.46981879201740639 9.184113400489605894 #
DXID-attrib $-1 -1 $-1 $-1 $3450 @18 ASM_FACE_FROM_STEP @16 MD-JJ-K4080-6578 #
loop $-1 -1 $-1 $-1 $3480 $3450 #
cone-surface $-1 -1 $-1 -3.500000000000000444 65.15075759508248154 8.5 0 0 -1 -0.5 0 0 1 I I 0 1 0.5 forward I I I I #
DXID-attrib $-1 -1 $-1 $-1 $3452 @18 ASM_EDGE_FROM_STEP @5 10521 #
straight-curve $-1 -1 $-1 -3.999999999999993783 10.49115363949549362 14.81588659951039233 1.222461190343740471e-13 -1000 6.404462823567631556e-15 F -0.05397866515252191383 F 0.0005262437734251134737 #
point $-1 -1 $-1 -3.999999999999993783 9.964909866070380318 14.81588659951039233 #
edge $4106 -1 $-1 $3870 3.104577091786385079 $3460 4.638357856777885146 $3618 $4107 forward @14 tangent_not_g2 #
pcurve $-1 -1 $-1 -1 $4107 0 0 #
point $-1 -1 $-1 -4 64.46981879201740639 14.81588659951039766 #
point $-1 -1 $-1 0.2235058029541747704 4.527546310060833967 15 #
DXID-attrib $-1 -1 $-1 $-1 $3467 @18 ASM_EDGE_FROM_STEP @4 1730 #
straight-curve $-1 -1 $-1 0.0225554269609694602 4.58730165883291896 14.53875630382883877 668.7195570917210716 -742.6883090171002095 35.04610695031607293 I I #
pcurve $-1 -1 $-1 0 forward { exppc nubs 1 open 2 
	2.408554367752173686 1 3.141592653589793116 1 
	3.11004746484929262 6.677486645916135897e-15 
	3.11004746484929262 1 
	1.78485691922445656e-13 
	spline reversed { ref 61 } I I I I 
	} 0 0 #
point $-1 -1 $-1 -3.871572412738691238 8.912168771948127954 14.33467371150591418 #
DXID-attrib $-1 -1 $-1 $-1 $3472 @18 ASM_FACE_FROM_STEP @16 MD-JJ-K4080-5886 #
spline-surface $-1 -1 $-1 forward { ref 61 } I I I I #
ellipse-curve $-1 -1 $-1 0.7044303143260048916 68.64808112822193209 14.53554528243556199 -0.8660254037844382635 -0.5000000000000006661 0 0.5127640512071005574 -0.8881333889855459462 -0.1468358476875887553 0.9652632616188182579 I I #
coedge $-1 -1 $-1 $3480 $3671 $3475 $3866 reversed $3849 $-1 #
edge $4108 -1 $-1 $2962 -0.004659783807558297818 $3208 7.674941582538341375e-06 $3475 $4109 forward @14 tangent_not_g2 #
point $-1 -1 $-1 0.1867922241209607481 69.54465660038998465 14.54547491577356588 #
coedge $-1 -1 $-1 $3671 $3480 $3959 $4110 reversed $3849 $-1 #
DXID-attrib $-1 -1 $-1 $-1 $3481 @18 ASM_EDGE_FROM_STEP @3 798 #
vertex $-1 -1 $-1 $4110 $4111 #
ellipse-curve $-1 -1 $-1 -3.500000000000000444 65.15075759508248154 14.33372937457041907 0 0 1 0.5 0 0 1 F 2.356194490192343505 F 3.141592653589793116 #
coedge $-1 -1 $-1 $3485 $3894 $3490 $3877 forward $2889 $-1 #
DXID-attrib $-1 -1 $-1 $-1 $3488 @18 ASM_EDGE_FROM_STEP @4 1357 #
vertex $-1 -1 $-1 $3491 $4112 #
straight-curve $-1 -1 $-1 0.06674016538863999926 -1.000000000000000444 15.19902983223371251 -9.993140625789084908 -1.223766350498184033e-15 -0.3703247672027216164 I I #
coedge $-1 -1 $-1 $4113 $3490 $4006 $4114 reversed $2431 $-1 #
edge $-1 -1 $-1 $4115 -1.500348130808272895 $3874 -0.4629044690874380419 $3490 $4116 forward @7 unknown #
ellipse-curve $-1 -1 $-1 -24.80840657637563851 16.83897649135904118 13.61613429069061354 -0.03700710955926812123 0.03700710955926809348 0.9986295347545739443 43.063634730513634 -38.77098456759507172 3.032618820802639448 0.017234048055148804 I I #
coedge $-1 -1 $-1 $4117 $4118 $3492 $3880 reversed $4119 $-1 #
edge $4120 -1 $-1 $3510 -0.004659783807558303022 $3498 7.674941582536120454e-06 $3492 $4121 forward @14 tangent_not_g2 #
tcoedge-coedge $-1 -1 $-1 $4122 $4123 $3494 $3882 reversed $4124 $4125 -1.496765203188090254 -0 #
tedge-edge $4126 -1 $-1 $3889 0 $4127 1.496765203188090254 $3881 $4128 forward @14 tangent_not_g2 0.001122415279157752558 #
pcurve $-1 -1 $-1 0 forward { exppc nubs 3 open 3 
	6.776263578034402713e-18 3 0.74836807835615482 3 1.496765203188090254 3 
	-5.229628866453818858 3.10457709178638952 
	-5.229628866683166066 2.877763347939421568 
	-5.274480545805651843 2.617239424715383844 
	-5.363417022073136309 2.35619449019235061 
	-5.452356950239864553 2.095139423709406312 
	-5.58002668052654105 1.834634435790905016 
	-5.693282527908043456 1.607811888598314365 
	0.0008703530585213924099 
	cone -68.49281605618332947 -0.5491652422873785078 14.52740818480979712 -0.7066217501846235871 -0.7066217501846248084 0.03703247672027218385 0.7071067811865466846 -0.7071067811865454633 -8.326672684688654332e-17 1 I I 0 1 0.9999999999999980016 forward I I I I 
	} 0 0 #
coedge $-1 -1 $-1 $4129 $3495 $4118 $4130 reversed $3886 $4131 #
coedge $-1 -1 $-1 $3495 $4129 $4122 $4132 reversed $3886 $4133 #
loop $-1 -1 $-1 $-1 $3885 $3983 #
pcurve $-1 -1 $-1 0 forward { exppc nubs 1 open 2 
	1.484547613426391965 1 1.527275279672460684 1 
	6.28318530717957735 2.013645595994386206e-14 
	6.246169745376182192 7.684666366280239361e-15 
	7.049152386051221302e-12 
	spline reversed { exactsur full nurbs 3 2 both open open none none 2 2 
	6.246169745376181304 3 6.283185307179584456 3 
	0 2 1 2 
	-65.50431098567577237 3.853553390593282835 14.33372937457042084 1 
	-65.50414943792664246 3.853714938342419849 14.34606789899411261 1 
	-65.50374565169890673 3.853795739866559433 14.358402188602021 1 
	-65.50309990338806188 3.853795739857776681 14.37072380055515097 1 
	-65.35786437626904899 4.000000000000010658 14.33372937457042084 0.9238795325112865164 
	-65.35773055844205714 4.000000000000010658 14.34351333414317509 0.9239669619170425285 
	-65.35740759899422869 4.000000000000010658 14.35329286209199395 0.9240106820846123448 
	-65.35689564324584921 4.000000000000010658 14.36306155995938028 0.924010681679471757 
	-65.15075759508249575 4.000000000000010658 14.33372937457042084 1 
	-65.15075759506513009 4.000000000000010658 14.33990287027405586 1 
	-65.15059610272555801 4.000000000000010658 14.34607213184424701 1 
	-65.15027322857091008 4.000000000000010658 14.35223293805616862 1 
	0 
	
	0 
	0 
	0 
	0 
	0 
	0 
	F 1 F 0 F 1 F 0 } I I I I 
	} 0 0 #
DXID-attrib $-1 -1 $-1 $-1 $3496 @18 ASM_EDGE_FROM_STEP @4 1542 #
tvertex-vertex $-1 -1 $-1 $3496 $4134 1.001778575899402632e-11 #
ellipse-curve $-1 -1 $-1 -64.70819552078313563 3.588262143134269166 14.32444058747609539 0.315924135659191585 0.9486399792249305962 -0.01655688147315402536 -0.02330540355679442885 0.02287354703775593481 0.8658648511238858925 0.9684613150034379059 F -1.527275279672460684 F -1.484547613426391965 #
point $-1 -1 $-1 -65.50431098567577237 3.853553390593282391 14.33372937457042084 #
coedge $-1 -1 $-1 $4135 $3704 $3500 $3893 forward $3253 $-1 #
edge $4136 -1 $-1 $3895 -0.006113589113596633838 $4127 0.0002917727040079056669 $3500 $4137 forward @7 tangent #
coedge $-1 -1 $-1 $3872 $3501 $3704 $4007 forward $2889 $-1 #
vertex $-1 -1 $-1 $3893 $4138 #
ellipse-curve $-1 -1 $-1 -68.94365081389597094 -1.000000000000008438 14.55103543328512394 -1.224606353822377258e-16 1 0 1.413244829349864062 2.773656311045082202e-16 -0.07406502308946719126 0.7066217501846245863 I I #
point $-1 -1 $-1 -70.30536504140933118 -1.000000000000008882 14.85684214891000288 #
coedge $-1 -1 $-1 $4139 $3507 $3695 $3996 forward $3900 $4140 #
coedge $-1 -1 $-1 $3507 $4139 $4117 $4141 forward $3900 $4142 #
loop $-1 -1 $-1 $-1 $3507 $3805 #
pcurve $-1 -1 $-1 0 forward { exppc nubs 1 open 2 
	1.614314827375043615 1 1.657042545428130342 1 
	0.03701556180340456748 0 
	4.115758637516456719e-15 7.983574506710534881e-15 
	7.047663018142646883e-12 
	spline reversed { exactsur full nurbs 3 2 both open open none none 2 2 
	1.775381057445002467e-15 3 0.03701556180340456748 3 
	0 2 1 2 
	-65.50309990338803345 3.85379573985779178 9.629276199444845474 1 
	-65.50374565169897778 3.853795739866487047 9.641597811398000317 1 
	-65.50414943792671352 3.853714938342349683 9.653932101005871402 1 
	-65.50431098567575816 3.853553390593292605 9.666270625429580932 1 
	-65.35689564324582079 4.000000000000010658 9.636938440040619724 0.9240106816794836364 
	-65.35740759899447028 4.000000000000011546 9.646707137907993612 0.9240106820846157865 
	-65.35773055844238399 4.000000000000013323 9.65648666585682669 0.9239669619170519654 
	-65.35786437626903478 4.000000000000010658 9.666270625429579155 0.9238795325112931778 
	-65.15027322857091008 4.000000000000010658 9.647767061943831379 1 
	-65.15059610272555801 4.000000000000010658 9.653927868155758318 1 
	-65.15075759506513009 4.000000000000010658 9.660097129725942366 1 
	-65.15075759508249575 4.000000000000010658 9.666270625429580932 1 
	0 
	
	0 
	0 
	0 
	0 
	0 
	0 
	F 1 F 0 F 1 F 0 } I I I I 
	} 0 0 #
DXID-attrib $-1 -1 $-1 $-1 $3508 @18 ASM_EDGE_FROM_STEP @4 5267 #
ellipse-curve $-1 -1 $-1 -64.70819744984238753 3.588262787184358871 9.675559341236443345 0.3159241352580399731 0.9486399793587371176 0.01655688146102792663 0.02330330671135311116 -0.0228728315909749319 0.8658638705994079476 0.9684601513011450447 F -1.657042545428130342 F -1.614314827375043615 #
point $-1 -1 $-1 -65.50431098567577237 3.85355339059328017 9.666270625429580932 #
coedge $-1 -1 $-1 $3526 $3525 $3532 $3908 reversed $3527 $-1 #
DXID-attrib $-1 -1 $-1 $-1 $3530 @18 ASM_EDGE_FROM_STEP @4 3030 #
straight-curve $-1 -1 $-1 -69.55025253169421262 -0.7071067811865693331 6.75 707.1067811865441399 -707.1067811865509611 0 I I #
edge $4143 -1 $-1 $3537 -0.003000000000000000496 $3559 -1.697797494761589032e-17 $3532 $4144 forward @7 unknown #
DXID-attrib $-1 -1 $-1 $-1 $3534 @18 ASM_EDGE_FROM_STEP @4 4049 #
ellipse-curve $-1 -1 $-1 -72.37867965644035451 2.121320343559597532 -5.750000000000000888 0.7071067811865457964 -0.7071067811865492381 0 -0.7071067811865472397 -0.707106781186543798 -8.673617379884035472e-16 1 F 1.570796326794895892 F 3.141592653589792228 #
point $-1 -1 $-1 -72.37867965644035451 2.121320343559596644 6.75 #
DXID-attrib $-1 -1 $-1 $-1 $3540 @18 ASM_FACE_FROM_STEP @16 MD-JJ-K4080-1971 #
cone-surface $-1 -1 $-1 -72.37867965644035451 2.121320343559597532 -5.750000000000000888 -0.707106781186544131 0.7071067811865510144 0 -0.7071067811865481278 -0.7071067811865411334 0 1 I I 0 1 0.9999999999999958922 forward I I I I #
coedge $-1 -1 $-1 $3792 $3544 $4145 $4146 forward $2472 $-1 #
coedge $-1 -1 $-1 $3555 $4147 $3544 $3916 forward $3924 $-1 #
edge $4148 -1 $-1 $4149 -0.002200000000000036562 $3558 -1.697797494761589032e-17 $3544 $4150 forward @7 unknown #
pcurve $-1 -1 $-1 0 forward { exppc nubs 1 open 2 
	1.57079632679489678 1 2.303281628924704449 1 
	0 0 
	5.233116679176624192e-17 1 
	1.747588412463785828e-13 
	spline reversed { ref 56 } I I I I 
	} 0 0 #
DXID-attrib $-1 -1 $-1 $-1 $3548 @18 ASM_EDGE_FROM_STEP @5 10767 #
ellipse-curve $-1 -1 $-1 -9.247105832303020634 3.499999999999996003 -14.35044369551287957 -0.04713572647421897938 1.29648591660129004e-17 -0.9988884939219931924 -0.4994442469609967072 -7.559275031719900723e-33 0.0235678632371095001 1 F 1.570796326794896558 F 2.303281628924704005 #
straight-curve $-1 -1 $-1 -74.42221360986327738 -0.07003918027045058503 6.750000000000002665 7.431448254773926898 -6.691306063588600139 0 F -0.0104671912485890875 F 0.1389804637378692642 #
coedge $-1 -1 $-1 $4060 $4151 $3554 $3922 forward $3784 $-1 #
edge $4152 -1 $-1 $3926 -0.5311952777480811738 $4068 0.2586952777480812649 $3554 $4153 reversed @7 unknown #
coedge $-1 -1 $-1 $4147 $3555 $4151 $4154 forward $3924 $-1 #
loop $-1 -1 $-1 $-1 $3555 $4057 #
DXID-attrib $-1 -1 $-1 $-1 $3556 @18 ASM_EDGE_FROM_STEP @4 8752 #
vertex $-1 -1 $-1 $3922 $4155 #
straight-curve $-1 -1 $-1 -74.5 -2.575547059597733663e-14 4.025000000000000355 743.1166063012278755 -669.1051976985143028 -8.714576993627559887 I I #
point $-1 -1 $-1 -74.5 -2.650466518789557637e-14 4.025000000000000355 #
point $-1 -1 $-1 -74.5 -2.650466518789557637e-14 6.75 #
pcurve $-1 -1 $-1 0 forward { exppc nubs 1 open 2 
	0.8377580409572777942 1 1.570796326794892117 1 
	0.03154518874050075278 1 
	0.03154518874049866417 6.195995053263558395e-15 
	1.771999843056789005e-13 
	spline reversed { ref 56 } I I I I 
	} 0 0 #
point $-1 -1 $-1 -9.247105832303020634 3.999999999999995559 -14.35044369551288312 #
straight-curve $-1 -1 $-1 0.01234071493982698449 3.52767553480581153 -18.01278168932405066 0 9.999238388787460963 -0.12341654750936773 I I #
ellipse-curve $-1 -1 $-1 0 79 -17.94430599546051752 0 -1 0 -9.443140713827347099e-13 0 -1.000076166922213572 0.9999238388787461407 I I #
point $-1 -1 $-1 1 79 -17.94430599546051752 #
straight-curve $-1 -1 $-1 1.000000000000000444 79 19 -0 -0 -10 I I #
point $-1 -1 $-1 0.999999999999999778 79 -15.0846754038382258 #
point $-1 -1 $-1 -4.989588677929469362 78.51041132207052442 -14.80000000000000249 #
DXID-attrib $-1 -1 $-1 $-1 $3593 @18 ASM_EDGE_FROM_STEP @4 5346 #
straight-curve $-1 -1 $-1 -6.285046040882828144 79 -14.75403289325858225 -9.989716227690164985 0 0.4533979380453447838 F -10010.92351140433493 F 10009.66520818577737 #
DXID-attrib $-1 -1 $-1 $-1 $3594 @18 ASM_FACE_FROM_STEP @28 MD-JJ-K4080-9886-dup-dxid-24 #
point $-1 -1 $-1 0.01234071493982698449 79 -18.94430600706067125 #
coedge $-1 -1 $-1 $4156 $3602 $4157 $4158 forward $2098 $-1 #
coedge $-1 -1 $-1 $4159 $4160 $3602 $3944 reversed $4161 $4162 #
edge $4163 -1 $-1 $3949 3.794707603699269463e-16 $4164 1.500348130808272229 $3602 $4165 forward @14 tangent_not_g2 #
coedge $-1 -1 $-1 $4079 $3603 $3609 $3955 reversed $3806 $4166 #
coedge $-1 -1 $-1 $3603 $4079 $4159 $4167 forward $3806 $4168 #
pcurve $-1 -1 $-1 0 forward { exppc nubs 1 open 2 
	0.006687366907979060138 1 0.04309702146743066981 1 
	0 1 
	0.03154518874049633964 0.9999999999999580336 
	1.583202070585023188e-12 
	spline reversed { ref 106 } I I I I 
	} 0 0 #
DXID-attrib $-1 -1 $-1 $-1 $3604 @18 ASM_EDGE_FROM_STEP @4 2858 #
vertex $-1 -1 $-1 $4167 $4169 #
ellipse-curve $-1 -1 $-1 -9.807658255306922257 4.000000000005020873 14.32202355509378577 -8.953562644314288821e-12 -1 -1.758682599499317906e-13 0.5604033435693777099 -5.02311342991650463e-12 0.03131313851894393374 0.7717744443565859314 F -0.04309702146743066981 F -0.006687366907979060138 #
coedge $-1 -1 $-1 $3605 $4170 $3701 $4000 forward $2098 $-1 #
pcurve $-1 -1 $-1 0 forward { exppc nubs 1 open 2 
	-0.04309704403128075678 1 -0.006687381648316431844 1 
	6.251640118439085292 0.9999999999999565903 
	6.283185307179585344 1 
	1.585723614288787261e-12 
	spline reversed { ref 74 } I I I I 
	} 0 0 #
DXID-attrib $-1 -1 $-1 $-1 $3607 @18 ASM_EDGE_FROM_STEP @4 9128 #
ellipse-curve $-1 -1 $-1 -9.807658014300411509 3.999999999996646238 9.677976435358354834 5.968183098751083587e-12 -1 -1.406922727700552682e-13 0.5604031022413749064 3.348993839376628497e-12 -0.03131313472474812204 0.7717746100774097728 F 0.006687381648316431844 F 0.04309704403128075678 #
edge $4171 -1 $-1 $3990 0.8377580409572581432 $3613 1.570796326794869913 $3945 $4172 forward @14 tangent_not_g2 #
face $4173 -1 $-1 $3708 $3610 $4 $-1 $4174 reversed single #
point $-1 -1 $-1 -9.246734075127548635 3.999999999999994671 9.665326288494087592 #
point $-1 -1 $-1 -9.246734075127548635 3.999999999999994671 14.33467371150591241 #
coedge $-1 -1 $-1 $3618 $3615 $3868 $4110 forward $1689 $-1 #
intcurve-curve $-1 -1 $-1 forward { ref 93 } I I #
DXID-attrib $-1 -1 $-1 $-1 $3622 @18 ASM_EDGE_FROM_STEP @4 1324 #
ellipse-curve $-1 -1 $-1 -3.499999999999993783 9.246734075127559294 14.33467371150591418 0 0 1 0.5 0 0 1 F -3.141592653589793116 F -2.408554367752173686 #
DXID-attrib $-1 -1 $-1 $-1 $3623 @18 ASM_FACE_FROM_STEP @16 MD-JJ-K4080-9168 #
cone-surface $-1 -1 $-1 -3.499999999999993783 9.246734075127555741 9 0 0 1 0.5 0 0 1 I I 0 1 0.5 forward I I I I #
DXID-attrib $-1 -1 $-1 $-1 $3636 @18 ASM_EDGE_FROM_STEP @4 1126 #
straight-curve $-1 -1 $-1 -38.07566900485203121 -1.000000000000004441 14.01229875078829679 -9.996568547876270472 -1.224186136015021987e-15 0.2619489790224470704 I I #
DXID-attrib $-1 -1 $-1 $-1 $3642 @18 ASM_EDGE_FROM_STEP @4 4363 #
ellipse-curve $-1 -1 $-1 -2.121320343559612187 72.3786796564403403 -5.750000000000000888 0.7071067811865526798 -0.7071067811865424657 0 -0.7071067811865455743 -0.7071067811865558994 0 1 F 0 F 1.57079632679489678 #
DXID-attrib $-1 -1 $-1 $-1 $3644 @18 ASM_EDGE_FROM_STEP @4 3655 #
ellipse-curve $-1 -1 $-1 -2.121320343559614408 72.3786796564403403 5.750000000000000888 0.7071067811865526798 -0.7071067811865424657 0 -0.7071067811865455743 -0.7071067811865558994 5.204170427930422072e-15 1 F -1.570796326794891895 F 5.204170427930399195e-15 #
DXID-attrib $-1 -1 $-1 $-1 $3645 @18 ASM_FACE_FROM_STEP @16 MD-JJ-K4080-8191 #
cone-surface $-1 -1 $-1 -2.121320343559616628 72.3786796564403403 5.750000000000000888 0.7071067811865520136 -0.7071067811865431318 0 0.7071067811865465735 0.7071067811865554553 0 1 I I 0 1 1.000000000000004885 forward I I I I #
DXID-attrib $-1 -1 $-1 $-1 $3651 @18 ASM_FACE_FROM_STEP @16 MD-JJ-K4080-2891 #
plane-surface $-1 -1 $-1 -1.515432893255049152 -1.737258300203069483 4.025000000000000355 -0.7071067811865431318 0.7071067811865520136 0 -0.7071067811865521247 -0.7071067811865432429 0 forward_v I I I I #
edge $4175 -1 $-1 $4176 -0.004659783807558299552 $3658 7.674941582536120454e-06 $3656 $4177 forward @14 tangent_not_g2 #
point $-1 -1 $-1 -4 65.15075759508248154 -9.666270625429582708 #
point $-1 -1 $-1 8.838441505178123834e-15 74.5 6.75 #
straight-curve $-1 -1 $-1 0.1867922241209643563 69.54465660038998465 8.849999999999999645 0 0 -10 I I #
DXID-attrib $-1 -1 $-1 $-1 $3672 @18 ASM_EDGE_FROM_STEP @4 3544 #
vertex $-1 -1 $-1 $3845 $4178 #
ellipse-curve $-1 -1 $-1 -3.499999999999997335 65.15075759508248154 9.666270625429582708 0 0 1 0.5 0 0 1 F 2.356194490192343949 F 3.141592653589793116 #
DXID-attrib $-1 -1 $-1 $-1 $3674 @18 ASM_FACE_FROM_STEP @16 MD-JJ-K4080-9401 #
face $4179 -1 $-1 $4180 $3886 $4 $-1 $4181 reversed single #
spline-surface $-1 -1 $-1 forward { ref 70 } I I I I #
DXID-attrib $-1 -1 $-1 $-1 $3682 @18 ASM_EDGE_FROM_STEP @4 8201 #
straight-curve $-1 -1 $-1 0 4.304040507106659419 15 -707.1067811865474368 -707.1067811865477779 0 I I #
coedge $-1 -1 $-1 $3685 $4182 $4079 $4183 forward $2431 $-1 #
point $-1 -1 $-1 -4.527546310060833079 -0.2235058029541756031 15 #
DXID-attrib $-1 -1 $-1 $-1 $3688 @18 ASM_EDGE_FROM_STEP @4 6609 #
vertex $-1 -1 $-1 $4183 $4184 #
straight-curve $-1 -1 $-1 -9.029751718149686468 3.977444573039024434 14.32912518669667179 -742.6883090171004369 668.7195570917207306 -35.04610695031603029 I I #
DXID-attrib $-1 -1 $-1 $-1 $3691 @18 ASM_EDGE_FROM_STEP @4 8457 #
straight-curve $-1 -1 $-1 -8.912168771948126178 3.871572412738684577 9.67205689314113215 -0 -0 -1000 F -0.004662616818364780091 F 6.730604647043891559e-06 #
coedge $-1 -1 $-1 $3695 $3694 $4170 $4185 reversed $3696 $4186 #
pcurve $-1 -1 $-1 0 forward { exppc nubs 1 open 2 
	-3.089232776029969152 1 -1.570796326794896558 1 
	4.786420103991513741 0 
	4.786420103991513741 1 
	9.123589136030758564e-15 
	spline reversed { ref 96 } I I I I 
	} 0 0 #
edge $4187 -1 $-1 $3699 0.7860838657784388062 $4188 1.570796326794896558 $3898 $4189 forward @14 tangent_not_g2 #
pcurve $-1 -1 $-1 0 forward { exppc nubs 1 open 2 
	-1.570796326794896558 1 -0.7860838657784420258 1 
	6.283185307179588008 1 
	6.283185307179583567 0 
	4.495372950356555885e-13 
	spline reversed { ref 96 } I I I I 
	} 0 0 #
face $4190 -1 $-1 $4191 $3696 $4 $-1 $4192 reversed single #
point $-1 -1 $-1 -65.50309990338804766 3.853795739857783786 9.629276199444845474 #
edge $4193 -1 $-1 $4002 0.0008880455842516177473 $3715 0.05539295451019866923 $3951 $4194 forward @14 tangent_not_g2 #
DXID-attrib $-1 -1 $-1 $-1 $3702 @18 ASM_EDGE_FROM_STEP @4 7879 #
vertex $-1 -1 $-1 $4185 $4195 #
ellipse-curve $-1 -1 $-1 -64.46981879201743482 3.500000000000010658 9.184113400489604118 -1 0 0 0 0 0.5000000000000004441 1 F 1.570796326794896558 F 3.089232776029969152 #
DXID-attrib $-1 -1 $-1 $-1 $3703 @18 ASM_FACE_FROM_STEP @16 MD-JJ-K4080-1166 #
cone-surface $-1 -1 $-1 -4.596194077712561388 3.499999999999994227 9.184113400489605894 -1 2.750537678273415448e-16 3.88639087983618266e-18 -1.375268839136707724e-16 -0.5 5.34483227374379561e-34 1 I I 0 1 0.5 forward I I I I #
coedge $-1 -1 $-1 $3704 $4135 $3876 $4114 forward $3253 $-1 #
edge $-1 -1 $-1 $3895 -6.669788973128262022 $4115 -0.2639994026493254209 $3704 $4196 reversed @7 unknown #
DXID-attrib $-1 -1 $-1 $-1 $3705 @18 ASM_EDGE_FROM_STEP @4 8037 #
ellipse-curve $-1 -1 $-1 -9.246734075127555741 3.499999999999987566 9.665326288494087592 0 0 1 0.5000000000000004441 0 0 1 F 0.8377580409572810138 F 1.570796326794883235 #
DXID-attrib $-1 -1 $-1 $-1 $3708 @18 ASM_FACE_FROM_STEP @16 MD-JJ-K4080-2194 #
spline-surface $-1 -1 $-1 forward { ref 74 } I I I I #
DXID-attrib $-1 -1 $-1 $-1 $3709 @18 ASM_EDGE_FROM_STEP @4 9355 #
intcurve-curve $-1 -1 $-1 forward { parcur full nubs 3 open 3 
	4.782837176371316446 3 5.533049751955289253 3 6.283185307179586232 3 
	-9.964909866070385647 3.999999999999995559 9.184113400489604118 
	-9.795215729984217745 3.999999999999995559 9.184113400489602341 
	-9.601448849176980715 3.999999999999995559 9.229163238279246784 
	-9.463654826538128617 3.999999999999995559 9.318512485418272817 
	-9.325874950483228787 3.999999999999996447 9.40785255954237698 
	-9.252461480847905761 3.999999999999996447 9.536060743706908482 
	-9.24710583230302241 3.999999999999996447 9.649556304487120428 
	0.0013138108547569216 
	
	spline forward { ref 49 } I I I I 
	null_surface 
	nubs 3 open 2 
	4.782837176371316446 3 6.283185307179586232 3 
	1.500348130808272229 1 
	1.047008150561778317 0.9999999998011496194 
	0.45344747103932731 0.9999999981031059137 
	4.662811656729462587e-15 0.9999999999999975575 
	
	nullbs 
	I I 
	0 
	1 5.533049751955289253 
	0 
	surf1 } F 4.782837176371316446 F 6.283185307179586232 #
intcurve-curve $-1 -1 $-1 forward { ref 122 } I I #
point $-1 -1 $-1 -9.247105832303020634 3.999999999999995559 9.649556304487122205 #
point $-1 -1 $-1 -9.964909866070385647 3.999999999999994671 9.184113400489605894 #
DXID-attrib $-1 -1 $-1 $-1 $3718 @18 ASM_EDGE_FROM_STEP @4 1009 #
ellipse-curve $-1 -1 $-1 -49.00000000000029843 5.159379566433913489 -3.673702152352507078 0.3823666566820718149 -0.9227443571538350708 -0.0483589826043764881 1.000000000000288214 0.4132448293500572967 0.02165724380484351785 0.9240106816795073952 F -1.570796326793268527 F -0.03701556180212426522 #
coedge $-1 -1 $-1 $3771 $4042 $3725 $4020 reversed $4047 $4197 #
edge $4198 -1 $-1 $4023 0.01056250415654202968 $4176 0.05328187805961946688 $4019 $4199 forward @14 tangent_not_g2 #
pcurve $-1 -1 $-1 -1 $4200 0 0 #
DXID-attrib $-1 -1 $-1 $-1 $3727 @18 ASM_EDGE_FROM_STEP @4 9977 #
vertex $-1 -1 $-1 $4020 $4201 #
intcurve-curve $-1 -1 $-1 forward { parcur full nubs 3 open 3 
	4.786420103991494202 3 5.534839037615284951 3 6.283185307179591561 3 
	-3.999999999999999112 64.46981879201740639 -14.81588659951039766 
	-3.999999999999999112 64.63010135861948413 -14.81588659951039944 
	-3.999999999999999112 64.81311567258592277 -14.7710435564820628 
	-3.999999999999999112 64.94365081409461027 -14.6820984441826532 
	-3.999999999999999112 65.07417328193506023 -14.59316196757195172 
	-3.999999999999999556 65.14433814444832649 -14.4654810894520871 
	-3.999999999999999556 65.15027322857091008 -14.35223293805617217 
	0.001231854570672281241 
	
	spline forward { ref 55 } I I I I 
	null_surface 
	nubs 3 open 2 
	4.786420103991494202 3 6.283185307179591561 3 
	4.786420103991494202 0 
	5.23890370503855074 2.342747936418660767e-10 
	5.830600316740550682 1.683272063397276885e-09 
	6.283185307179588008 1.256678433160015728e-14 
	
	nullbs 
	I I 
	0 
	1 5.534839037615284951 
	0 
	surf1 } F 4.786420103991494202 F 6.283185307179591561 #
point $-1 -1 $-1 -4 64.46981879201740639 -14.81588659951039588 #
DXID-attrib $-1 -1 $-1 $-1 $3732 @18 ASM_EDGE_FROM_STEP @4 2565 #
ellipse-curve $-1 -1 $-1 -3.499999999999994227 9.964909866070380318 -14.81588659951039588 0 1 0 0 0 0.5000000000000004441 1 F -3.089232776029964711 F -1.570796326794896558 #
DXID-attrib $-1 -1 $-1 $-1 $3734 @18 ASM_FACE_FROM_STEP @15 MD-JJ-K4080-628 #
spline-surface $-1 -1 $-1 forward { ref 78 } I I I I #
coedge $-1 -1 $-1 $3822 $3744 $3817 $4083 reversed $4032 $-1 #
coedge $-1 -1 $-1 $3744 $3822 $3746 $4036 forward $4032 $-1 #
loop $-1 -1 $-1 $-1 $4031 $3831 #
DXID-attrib $-1 -1 $-1 $-1 $3745 @18 ASM_EDGE_FROM_STEP @4 9000 #
vertex $-1 -1 $-1 $3818 $4202 #
straight-curve $-1 -1 $-1 5.800515538073565125 68.05787485095427769 -1.362499999999999822 0 0 -10 F -10000.1362509999999 F 9999.863751000000775 #
edge $4203 -1 $-1 $3825 5.093314170519062323 $3748 5.222576869160493906 $4031 $4204 reversed @7 unknown #
point $-1 -1 $-1 5.800515538073560684 68.05787485095427769 -3.949452777480813914 #
DXID-attrib $-1 -1 $-1 $-1 $3751 @18 ASM_EDGE_FROM_STEP @4 2001 #
straight-curve $-1 -1 $-1 -3.540202025355363435 76 -14.80000000000000249 500.000000000000739 -866.0254037844383674 0 I I #
DXID-attrib $-1 -1 $-1 $-1 $3758 @18 ASM_EDGE_FROM_STEP @4 2082 #
straight-curve $-1 -1 $-1 -0.1579415388991545766 69.19992283736986849 -14.52740818480979534 706.6217501846249434 706.6217501846232381 -37.03247672027218584 I I #
coedge $-1 -1 $-1 $4019 $3835 $3759 $4043 forward $4047 $4205 #
edge $4206 -1 $-1 $3761 2.356194490192348834 $4176 3.141592653589793116 $4042 $4207 forward @14 tangent_not_g2 #
point $-1 -1 $-1 -3.853553390593274841 65.50431098567575816 -14.33372937457041907 #
point $-1 -1 $-1 0.2038608254627538585 69.51509291565186288 -14.80000000000000426 #
ellipse-curve $-1 -1 $-1 -13.08176201382569204 54.86188880007027535 -13.81304155774822817 -0.0453242676377402301 -0.02616797812147200752 -0.9986295347545739443 52.16163090656552015 52.18078895132717321 -3.73477183827362591 0.01353625082502884179 I I #
loop $-1 -1 $-1 $-1 $4019 $4208 #
pcurve $-1 -1 $-1 0 forward { exppc nubs 1 open 2 
	-1.570796326794896558 1 -0.7860838657784269268 1 
	1.788933584601070878e-15 2.107659453986947826e-30 
	3.476680137119487715e-15 1 
	4.405106827402011615e-13 
	spline reversed { exactsur full nurbs 3 2 both open open none none 2 2 
	1.788933584601070878e-15 3 0.03701556180340804386 3 
	0 2 1 2 
	-3.999999999999999112 65.15027322857088166 -14.35223293805616862 1 
	-3.999999999999999112 65.15059610272555801 -14.34607213184423635 1 
	-3.999999999999999112 65.15075759506510167 -14.33990287027406652 1 
	-3.999999999999999112 65.15075759508248154 -14.33372937457041907 1 
	-3.999999999999999112 65.35689564324582079 -14.36306155995938028 0.9240106816794789735 
	-3.999999999999999556 65.3574075989943708 -14.35329286209201882 0.9240106820846208935 
	-3.999999999999998668 65.35773055844238399 -14.34351333414315732 0.9239669619170443049 
	-3.999999999999999556 65.35786437626902057 -14.33372937457042084 0.9238795325112937329 
	-3.853795739857777569 65.50309990338803345 -14.3707238005551563 1 
	-3.85379573986656121 65.50374565169887831 -14.35840218860203343 1 
	-3.853714938342325258 65.50414943792671352 -14.34606789899410551 1 
	-3.853553390593283723 65.50431098567574395 -14.33372937457041907 1 
	0 
	
	0 
	0 
	0 
	0 
	0 
	0 
	F 1 F 0 F 1 F 0 } I I I I 
	} 0 0 #
DXID-attrib $-1 -1 $-1 $-1 $3772 @18 ASM_EDGE_FROM_STEP @3 671 #
ellipse-curve $-1 -1 $-1 -3.5 65.15027322857088166 -14.35223293805616862 6.397867536652731899e-18 -0.0523359562429440775 -0.9986295347545739443 3.442599775592186824e-33 0.4993147673772874162 -0.02616797812147206304 1 F -1.570796326794896558 F -0.7860838657784309236 #
DXID-attrib $-1 -1 $-1 $-1 $3774 @18 ASM_EDGE_FROM_STEP @4 7162 #
vertex $-1 -1 $-1 $3797 $4209 #
ellipse-curve $-1 -1 $-1 -9.246734075127564623 3.499999999999996447 -14.33467371150591418 0 0 1 0.5000000000000004441 0 0 1 F 0.8377580409572777942 F 1.570796326794892117 #
DXID-attrib $-1 -1 $-1 $-1 $3776 @18 ASM_EDGE_FROM_STEP @4 6635 #
straight-curve $-1 -1 $-1 -1.689615028376203476 -1.911440435324221365 -1.362499999999999822 0 0 -10 F -10000.1362509999999 F 9999.863751000000775 #
DXID-attrib $-1 -1 $-1 $-1 $3783 @18 ASM_FACE_FROM_STEP @16 MD-JJ-K4080-4139 #
face $4210 -1 $-1 $4211 $3924 $4 $-1 $4212 forward single #
loop $-1 -1 $-1 $-1 $4213 $3783 #
plane-surface $-1 -1 $-1 -72.94436508138956299 1.555634918610382611 -6.75 0.7431448254773960205 0.6691306063588563502 0 -0.6691306063588563502 0.7431448254773960205 0 forward_v I I I I #
coedge $-1 -1 $-1 $4214 $3921 $4065 $4215 forward $3784 $-1 #
DXID-attrib $-1 -1 $-1 $-1 $3786 @18 ASM_EDGE_FROM_STEP @5 10257 #
straight-curve $-1 -1 $-1 -74.5 -4.163336342344337027e-14 -6.75 -707.1067811865492558 -707.1067811865458452 -0 F -141.4213562514519822 F 141.3159973410544978 #
point $-1 -1 $-1 -72.37867965644035451 2.121320343559597976 -6.75 #
coedge $-1 -1 $-1 $4216 $3790 $3792 $4070 reversed $4066 $-1 #
coedge $-1 -1 $-1 $3790 $4216 $4060 $4215 reversed $4066 $-1 #
loop $-1 -1 $-1 $-1 $4064 $4211 #
DXID-attrib $-1 -1 $-1 $-1 $3791 @18 ASM_EDGE_FROM_STEP @4 2197 #
vertex $-1 -1 $-1 $3791 $4217 #
straight-curve $-1 -1 $-1 -74.5 -2.575547059597733663e-14 -4.025000000000000355 743.1166063012278755 -669.1051976985143028 8.714576993627559887 I I #
edge $4218 -1 $-1 $4219 -0.002200000000000036562 $3794 -1.697797494761589032e-17 $3792 $4220 forward @7 unknown #
point $-1 -1 $-1 -74.5 -2.650466518789557637e-14 -4.025000000000000355 #
DXID-attrib $-1 -1 $-1 $-1 $3797 @18 ASM_EDGE_FROM_STEP @4 1264 #
ellipse-curve $-1 -1 $-1 -9.807658352876932994 3.999999999999995559 -14.32202355151144424 -0 -1 -0 0.5604034412926740538 0 -0.03131313935810532689 0.7717743773032800236 F 0.006687359983461233816 F 0.04309701137544148103 #
DXID-attrib $-1 -1 $-1 $-1 $3802 @18 ASM_EDGE_FROM_STEP @2 26 #
straight-curve $-1 -1 $-1 -9.246734075127564623 3.999999999999994671 -9.67205689314113215 0 0 1000 F -0.004662616818364781826 F 6.730604647043891559e-06 #
DXID-attrib $-1 -1 $-1 $-1 $3805 @18 ASM_FACE_FROM_STEP @16 MD-JJ-K4080-9346 #
face $4221 -1 $-1 $4208 $4124 $4 $-1 $4222 reversed single #
spline-surface $-1 -1 $-1 forward { ref 115 } I I I I #
coedge $-1 -1 $-1 $3946 $3945 $3987 $4183 reversed $3806 $4223 #
DXID-attrib $-1 -1 $-1 $-1 $3811 @18 ASM_EDGE_FROM_STEP @4 2407 #
straight-curve $-1 -1 $-1 7.155734338404329264e-15 74.5 6.75 -707.1067811865424346 -707.1067811865526664 0 F -141.3159973410538157 F 141.4213562514526643 #
point $-1 -1 $-1 -2.121320343559612631 72.3786796564403403 6.75 #
edge $4224 -1 $-1 $3828 5.093314170519062323 $4034 5.222576869160493906 $4030 $4225 forward @7 unknown #
DXID-attrib $-1 -1 $-1 $-1 $3818 @18 ASM_EDGE_FROM_STEP @4 6537 #
straight-curve $-1 -1 $-1 3.689345654787637319 70.40256654426214311 3.976949130158696555 -669.1051976985107785 743.1166063012311724 8.71457699362755811 I I #
DXID-attrib $-1 -1 $-1 $-1 $3819 @18 ASM_FACE_FROM_STEP @16 MD-JJ-K4080-6974 #
plane-surface $-1 -1 $-1 -74.5 -4.163336342344337027e-14 4.025000000000000355 0.006170592427165336007 -0.006170592427165366364 0.9999619230641713097 -6.776263578034402713e-21 -0.9999809609883804074 -0.00617070990690958901 forward_v I I I I #
DXID-attrib $-1 -1 $-1 $-1 $3821 @18 ASM_FACE_FROM_STEP @16 MD-JJ-K4080-7069 #
plane-surface $-1 -1 $-1 -74.5 -4.163336342344337027e-14 -4.025000000000000355 0.006170592427165336007 -0.006170592427165366364 -0.9999619230641713097 6.776263578034402713e-21 0.9999809609883804074 -0.00617070990690958901 forward_v I I I I #
DXID-attrib $-1 -1 $-1 $-1 $3823 @18 ASM_EDGE_FROM_STEP @4 1323 #
straight-curve $-1 -1 $-1 4.886490230435268423 67.14384954331599431 -1.362499999999999822 0 0 10 F -9999.863751000000775 F 10000.1362509999999 #
point $-1 -1 $-1 4.886490230435267534 67.14384954331599431 -3.949452777480813914 #
point $-1 -1 $-1 4.886490230435267534 67.14384954331599431 3.949452777480814802 #
DXID-attrib $-1 -1 $-1 $-1 $3831 @18 ASM_FACE_FROM_STEP @16 MD-JJ-K4080-4365 #
plane-surface $-1 -1 $-1 6.121320343559640165 68.37867965644035451 4.025000000000000355 -0.7071067811865475727 0.7071067811865475727 0 -0.7071067811865476838 -0.7071067811865476838 0 forward_v I I I I #
pcurve $-1 -1 $-1 0 forward { exppc nubs 1 open 2 
	1.570796326794892117 1 3.08923277602997004 1 
	4.786420103991494202 0 
	4.786420103991497754 1 
	9.332334951611318434e-15 
	spline reversed { ref 55 } I I I I 
	} 0 0 #
DXID-attrib $-1 -1 $-1 $-1 $3834 @18 ASM_EDGE_FROM_STEP @4 9752 #
ellipse-curve $-1 -1 $-1 -3.500000000000000888 64.46981879201740639 -14.81588659951039766 0 1 0 0 0 0.5000000000000004441 1 F -3.08923277602997004 F -1.570796326794892117 #
pcurve $-1 -1 $-1 0 forward { exppc nubs 1 open 2 
	1.484544501389927884 1 1.527272098331490247 1 
	1.788933584601070878e-15 0.9999999999999886757 
	0.03701556180340804386 1 
	7.046908205106450555e-12 
	spline reversed { ref 125 } I I I I 
	} 0 0 #
DXID-attrib $-1 -1 $-1 $-1 $3836 @18 ASM_EDGE_FROM_STEP @4 8670 #
ellipse-curve $-1 -1 $-1 -3.58826128217520024 64.70819293927144145 -14.3244405043531593 -0.9486399792995308111 -0.3159241354355481479 0.01655688146624518728 -0.02287444448990648069 0.02330802938221074316 -0.8658661684169822736 0.9684628738788843005 F -1.527272098331490247 F -1.484544501389927884 #
point $-1 -1 $-1 -3.85379573985776247 65.50309990338803345 -14.3707238005551563 #
DXID-attrib $-1 -1 $-1 $-1 $3845 @18 ASM_EDGE_FROM_STEP @4 3089 #
intcurve-curve $-1 -1 $-1 forward { parcur full nubs 3 open 3 
	1.644827450401701308 3 2.411717832897451785 3 3.178608215393201153 3 
	-3.999999999999999112 64.46981879201740639 9.184113400489604118 
	-3.999999999999999112 64.65095816718638844 9.184113400580729447 
	-3.999999999999999556 64.82739086637457149 9.235457049045640687 
	-3.999999999999999556 64.95281854401031296 9.32426952486175864 
	-3.999999999999999556 65.07824622164606865 9.41308200067787304 
	-3.999999999999999112 65.15075759472115635 9.538009968137568961 
	-3.999999999999999112 65.15075759508248154 9.666270625429582708 
	0 
	
	spline forward { ref 70 } I I I I 
	null_surface 
	nubs 1 open 2 
	1.644827450401701308 1 3.178608215393201153 1 
	4.638357856777885146 1 
	3.104577091786386855 0.999999999999989897 
	
	nullbs 
	I I 
	0 
	1 2.411717832897451785 
	0 
	surf1 } F 1.644827450401701308 F 3.178608215393201153 #
intcurve-curve $-1 -1 $-1 forward { ref 128 } I I #
DXID-attrib $-1 -1 $-1 $-1 $3854 @18 ASM_EDGE_FROM_STEP @5 10264 #
intcurve-curve $-1 -1 $-1 forward { parcur full nubs 3 open 3 
	3.104577091786385079 3 3.871467474282135335 3 4.638357856777885146 3 
	-3.999999999999998668 65.15075759508248154 14.33372937457041907 
	-3.999999999999998668 65.15075759472115635 14.46199003186233689 
	-3.999999999999998668 65.07824622164498862 14.58691799932226196 
	-3.999999999999998224 64.95281854401029875 14.67573047513824136 
	-3.999999999999998668 64.82739086637562309 14.76454295095422609 
	-3.999999999999998668 64.65095816718566368 14.81588659941927233 
	-3.999999999999998668 64.46981879201740639 14.81588659951039766 
	0 
	
	spline forward { ref 64 } I I I I 
	null_surface 
	nubs 1 open 2 
	3.104577091786385079 1 4.638357856777885146 1 
	3.178608215393201153 1 
	1.644827450401701308 1 
	
	nullbs 
	I I 
	0 
	1 3.871467474282135335 
	0 
	surf1 } F 3.104577091786385079 F 4.638357856777885146 #
DXID-attrib $-1 -1 $-1 $-1 $3866 @18 ASM_EDGE_FROM_STEP @4 5408 #
straight-curve $-1 -1 $-1 -3.853553390593271288 65.50431098567575816 9.673945567012120605 -0 -0 -1000 F -0.004659783807558297818 F 7.674941582538341375e-06 #
edge $4226 -1 $-1 $3980 -0.004659783807558299552 $3870 7.674941582536120454e-06 $3959 $4227 forward @14 tangent_not_g2 #
point $-1 -1 $-1 -4 65.15075759508248154 14.33372937457041907 #
point $-1 -1 $-1 -3.680732930107883938 -1.000000000000000444 15.06015636355592946 #
tcoedge-coedge $-1 -1 $-1 $4182 $3876 $4228 $4229 forward $2431 $4230 4.782837176371313781 5.57797359164292228 #
edge $4231 -1 $-1 $4232 -0.006339776112956420351 $4115 0.0004286336488365430201 $3876 $4233 forward @7 tangent #
vertex $-1 -1 $-1 $3877 $4234 #
ellipse-curve $-1 -1 $-1 -4.996216033328502171 -1.000000000000000666 14.55103543328512217 -1.224606353822377258e-16 1 0 1.49373303551370018 2.774176698892959986e-16 0.07048653800288648408 0.6687195570917205956 I I #
coedge $-1 -1 $-1 $4235 $3879 $3899 $4141 reversed $4119 $-1 #
coedge $-1 -1 $-1 $3879 $4235 $3884 $4130 forward $4119 $-1 #
loop $-1 -1 $-1 $-1 $4118 $4180 #
DXID-attrib $-1 -1 $-1 $-1 $3880 @18 ASM_EDGE_FROM_STEP @4 5740 #
straight-curve $-1 -1 $-1 -65.50431098567577237 3.853553390593282391 14.32605443298788472 0 0 1000 F -0.004659783807558303022 F 7.674941582536120454e-06 #
coedge $-1 -1 $-1 $4236 $3881 $3885 $4132 forward $4124 $4237 #
coedge $-1 -1 $-1 $3881 $4236 $4238 $4239 reversed $4124 $4240 #
loop $-1 -1 $-1 $-1 $4236 $4077 #
pcurve $-1 -1 $-1 0 reversed { exppc nubs 3 open 2 
	6.776263578034402713e-18 3 1.496765203188090254 3 
	-8.488380161029811429e-16 3.69308856143477249e-14 
	0.452584990429898304 0 
	1.04422074061627157 0 
	1.49676520318809203 1.027531222898706287e-14 
	0 
	spline forward { exactsur full nurbs 3 2 both open open none none 3 2 
	-1.776356839400250465e-15 3 0.7483826015940451271 2 1.49676520318809203 3 
	0 2 1 2 
	-65.50309990338806188 3.853795739857776681 14.3707238005551563 1 
	-65.49001380318583188 3.853795740036440431 14.62042146380487573 1 
	-65.37379779732003726 3.819313770198009994 14.86228230795979321 1 
	-64.99498759211175525 3.69920246816214604 15.20853633000697869 1 
	-64.73498984786286314 3.614396778711397307 15.31057749137995927 1 
	-64.46981879201742061 3.526167978121481195 15.31520136688768474 1 
	-65.35689564324584921 4.000000000000010658 14.36306155995938205 0.924010681679471646 
	-65.34653244443018139 4.000000000000010658 14.56080316791933349 0.9241339199865948872 
	-65.25108101951644812 4.000000000000010658 14.75947353873733192 0.9058152981982892094 
	-64.94103372303128197 4.000000000000011546 15.08284948974749895 0.8368930757760453254 
	-64.70936059553798714 4.000000000000572875 15.2132477107396884 0.7862281980311647267 
	-64.46981879201742061 4.000000000000008882 15.2903688828678419 0.725374371012286967 
	-65.15027322857091008 4.000000000000010658 14.35223293805616862 1 
	-65.14373017820496159 4.000000000000010658 14.47708176966462545 1 
	-65.06838119070691562 4.000000000000010658 14.59710863003071957 1 
	-64.81892043708499784 4.000000000000010658 14.76708825775142842 1 
	-64.64654248734103703 4.000000000000010658 14.81588659942149278 1 
	-64.46981879201742061 4.000000000000010658 14.81588659951039766 1 
	0 
	
	0 
	1 0.7483826015940451271 
	0 
	0 
	0 
	0 
	F 1 F 0 F 1 F 0 } I I I I 
	} 0 0 #
DXID-attrib $-1 -1 $-1 $-1 $3882 @18 ASM_EDGE_FROM_STEP @4 9924 #
tvertex-vertex $-1 -1 $-1 $3882 $4241 1.001662223005657352e-11 #
intcurve-curve $-1 -1 $-1 forward { parcur full nubs 3 open 3 
	6.776263578034402713e-18 3 0.74836807835615482 3 1.496765203188090254 3 
	-65.50309990338806188 3.853795739857787339 14.3707238005551563 
	-65.49122938905273372 3.853795740019849703 14.59722670404050682 
	-65.38259318072311999 3.822102567695875752 14.85424282846084232 
	-65.18439269471588204 3.759258119180080904 15.03540931898338684 
	-64.98618451593583245 3.696411231477201298 15.21658284113679649 
	-64.71034553891364283 3.606197023225172327 15.31100722235565925 
	-64.46981879201743482 3.526167978121488744 15.31520136688768829 
	0.001952588612561938566 
	
	spline forward { ref 131 } I I I I 
	null_surface 
	nubs 3 open 2 
	6.776263578034402713e-18 3 1.496765203188090254 3 
	-8.488380161029811429e-16 3.69308856143477249e-14 
	0.452584990429898304 0 
	1.04422074061627157 0 
	1.49676520318809203 1.027531222898706287e-14 
	
	nullbs 
	I I 
	0 
	1 0.74836807835615482 
	0 
	surf1 } F 6.776263578034402713e-18 F 1.496765203188090254 #
coedge $-1 -1 $-1 $3885 $3884 $4242 $4243 reversed $3886 $4244 #
edge $4245 -1 $-1 $4246 1.570796326794896558 $3498 2.356194490192363933 $3884 $4247 forward @14 tangent_not_g2 #
pcurve $-1 -1 $-1 0 forward { exppc nubs 1 open 2 
	-2.356194490192359936 1 -1.570796326794896558 1 
	6.246169745376181304 0 
	6.246169745376181304 1 
	4.310024098632334193e-13 
	spline reversed { ref 113 } I I I I 
	} 0 0 #
edge $4248 -1 $-1 $3889 0.7860838657784340322 $4249 1.570796326794896558 $4122 $4250 forward @14 tangent_not_g2 #
pcurve $-1 -1 $-1 0 forward { exppc nubs 1 open 2 
	-1.570796326794896558 1 -0.786083865778433255 1 
	6.283185307179583567 1 
	6.283185307179584456 3.928605499584952445e-14 
	4.343189377901579889e-13 
	spline reversed { ref 113 } I I I I 
	} 0 0 #
point $-1 -1 $-1 -65.50309990338804766 3.853795739857778901 14.3707238005551563 #
coedge $-1 -1 $-1 $4006 $3892 $4251 $4252 forward $3253 $-1 #
DXID-attrib $-1 -1 $-1 $-1 $3893 @18 ASM_EDGE_FROM_STEP @4 9786 #
straight-curve $-1 -1 $-1 -64.67599173077958596 3.319995039359313616 15.3260064327564649 706.6217501846235791 706.621750184624716 -37.03247672027218584 I I #
point $-1 -1 $-1 -68.99598677013889869 -1.000000000000007994 15.55240777928304219 #
coedge $-1 -1 $-1 $3899 $3898 $4253 $4254 reversed $3900 $4255 #
pcurve $-1 -1 $-1 0 forward { exppc nubs 1 open 2 
	0.7860838657784420258 1 1.570796326794896558 1 
	2.061189542116128012e-15 0 
	1.775381057445002467e-15 1 
	4.336478818974552921e-13 
	spline reversed { ref 115 } I I I I 
	} 0 0 #
edge $4256 -1 $-1 $4257 1.570796326794896558 $3510 2.356194490192365265 $3899 $4258 forward @14 tangent_not_g2 #
pcurve $-1 -1 $-1 0 forward { exppc nubs 1 open 2 
	1.570796326794896558 1 2.356194490192363045 1 
	0.03701556180340456748 1 
	0.03701556180340456748 0 
	4.382676971563369226e-13 
	spline reversed { ref 115 } I I I I 
	} 0 0 #
DXID-attrib $-1 -1 $-1 $-1 $3908 @18 ASM_EDGE_FROM_STEP @4 2661 #
straight-curve $-1 -1 $-1 -74.5 -4.163336342344337027e-14 6.75 -707.1067811865492558 -707.1067811865458452 -0 F -141.4213562514519822 F 141.3159973410544978 #
coedge $-1 -1 $-1 $4213 $4259 $3914 $4146 reversed $4058 $-1 #
edge $4260 -1 $-1 $4149 -0.01077500000000000159 $4219 -0.002724999999999999558 $3914 $4261 forward @7 unknown #
coedge $-1 -1 $-1 $3915 $3923 $4213 $4262 forward $3924 $-1 #
DXID-attrib $-1 -1 $-1 $-1 $3916 @18 ASM_EDGE_FROM_STEP @4 7321 #
vertex $-1 -1 $-1 $3916 $4263 #
straight-curve $-1 -1 $-1 -74.5 -4.163336342344337027e-14 4.025000000000000355 -707.1067811865493695 -707.1067811865459589 8.673617379884035472e-16 F -0.002200000000000036562 F -1.697797494761589032e-17 #
coedge $-1 -1 $-1 $3921 $4214 $3923 $4154 reversed $3784 $-1 #
DXID-attrib $-1 -1 $-1 $-1 $3922 @18 ASM_EDGE_FROM_STEP @4 6851 #
straight-curve $-1 -1 $-1 -68.05787485095430611 -5.800515538073618416 -1.362499999999999822 0 0 10 F -9999.863751000000775 F 10000.1362509999999 #
edge $4264 -1 $-1 $3926 0.04536865067928450707 $4265 0.1746313493207153344 $4151 $4266 forward @7 unknown #
point $-1 -1 $-1 -68.05787485095430611 -5.800515538073617527 3.949452777480812582 #
coedge $-1 -1 $-1 $4242 $3942 $4236 $4267 forward $2098 $-1 #
coedge $-1 -1 $-1 $4268 $4238 $3942 $4158 reversed $4269 $-1 #
edge $4270 -1 $-1 $4164 -0.05403107690406850488 $4271 0.0004738320218785396559 $3942 $4272 forward @14 tangent_not_g2 #
coedge $-1 -1 $-1 $4273 $3943 $3946 $4167 reversed $4161 $4274 #
coedge $-1 -1 $-1 $3943 $4228 $4268 $4275 forward $4161 $4276 #
loop $-1 -1 $-1 $-1 $4160 $4191 #
pcurve $-1 -1 $-1 -1 $4277 0 0 #
DXID-attrib $-1 -1 $-1 $-1 $3944 @18 ASM_EDGE_FROM_STEP @5 10688 #
vertex $-1 -1 $-1 $3944 $4278 #
intcurve-curve $-1 -1 $-1 forward { parcur full nubs 3 open 3 
	3.794707603699269463e-16 3 0.7501355552243837987 3 1.500348130808272229 3 
	-9.247105832303020634 3.999999999999996891 14.35044369551287957 
	-9.252461480847905761 3.999999999999996891 14.46393925629310573 
	-9.32587495048340287 3.999999999999997335 14.59214744045763368 
	-9.463654826538133946 3.999999999999997335 14.68148751458172185 
	-9.601448849176787093 3.999999999999997335 14.77083676172071236 
	-9.795215729984237285 3.999999999999996891 14.81588659951039233 
	-9.964909866070385647 3.999999999999996891 14.81588659951039588 
	0.001313810854760188085 
	
	spline forward { exactsur full nurbs 3 2 both open open none none 3 2 
	4.782837176371313781 3 5.533011241775449562 2 6.283185307179586232 3 
	0 2 1 2 
	-9.964909866070385647 3.52616797812146876 15.31520136688768297 1 
	-9.693812694542025099 3.619125141363137566 15.31032968839373787 1 
	-9.428274793958985711 3.708589040741886222 15.20755788552173193 1 
	-9.042498860740481703 3.835344185098665371 14.85948498607813306 1 
	-8.924932001467363207 3.871757365265684037 14.61656976617110537 1 
	-8.91311769668325482 3.871757365079377067 14.3662039865784017 1 
	-9.964909866070385647 3.999999999999996891 15.2903688828678348 0.7253743710122879662 
	-9.720832084546842111 4.000000000000442313 15.20948421196439249 0.7894759418492436343 
	-9.481791259593403964 4.000000000000066613 15.07792651105079607 0.8425496018230749229 
	-9.162911502948109188 3.999999999999932054 14.75435322914922764 0.9146830098937452913 
	-9.064831613462596138 3.999999999999997335 14.55627053134437787 0.9338023178829575333 
	-9.055545571960767148 3.999999999999996447 14.35948307487280573 0.933679476629630023 
	-9.964909866070385647 3.999999999999996891 14.81588659951039588 1 
	-9.7777161323410553 3.999999999999996891 14.81588659943489539 1 
	-9.595292772457327146 3.999999999999996891 14.76684500022061464 1 
	-9.33201688102730742 3.999999999999996891 14.59613002831303419 1 
	-9.253012984965662824 3.999999999999996891 14.47562658529351687 1 
	-9.247105832303020634 3.999999999999996891 14.35044369551287957 1 
	0 
	
	0 
	1 5.533011241775449562 
	0 
	0 
	0 
	0 
	F 1 F 0 F 1 F 0 } I I I I 
	null_surface 
	nubs 3 open 2 
	3.794707603699269463e-16 3 1.500348130808272229 3 
	6.283185307179586232 1 
	5.829737836140225227 0.9999999981031243435 
	5.236177156618078143 0.999999999801157613 
	4.782837176371315557 1 
	
	nullbs 
	I I 
	0 
	1 0.7501355552243837987 
	0 
	surf1 } F 3.794707603699269463e-16 F 1.500348130808272229 #
pcurve $-1 -1 $-1 0 forward { exppc nubs 1 open 2 
	-1.570796326794869913 1 -0.8377580409572583653 1 
	0.03154518874050075278 0.9999999999999565903 
	0.03154518874050075278 0 
	1.786511203590985479e-13 
	spline reversed { ref 106 } I I I I 
	} 0 0 #
edge $4279 -1 $-1 $4280 0.8383110246650863351 $3949 1.570796326794896558 $3946 $4281 forward @14 tangent_not_g2 #
pcurve $-1 -1 $-1 0 forward { exppc nubs 1 open 2 
	0.8383110246650863351 1 1.570796326794896558 1 
	0 0 
	1.362712553504203902e-15 1 
	1.744457120221546912e-13 
	spline reversed { ref 106 } I I I I 
	} 0 0 #
point $-1 -1 $-1 -9.247105832303020634 3.999999999999996891 14.3504436955128778 #
coedge $-1 -1 $-1 $3951 $4253 $3994 $4185 forward $2098 $-1 #
DXID-attrib $-1 -1 $-1 $-1 $3955 @18 ASM_EDGE_FROM_STEP @4 8647 #
ellipse-curve $-1 -1 $-1 -9.246734075127562846 3.499999999999995559 14.33467371150591241 0 0 1 0.5000000000000004441 0 0 1 F 0.8377580409572581432 F 1.570796326794869913 #
DXID-attrib $-1 -1 $-1 $-1 $3956 @18 ASM_FACE_FROM_STEP @16 MD-JJ-K4080-9551 #
cone-surface $-1 -1 $-1 -9.246734075127548635 3.499999999999994671 8.5 0 0 1 0.5000000000000004441 0 0 1 I I 0 1 0.5000000000000004441 forward I I I I #
DXID-attrib $-1 -1 $-1 $-1 $3975 @18 ASM_EDGE_FROM_STEP @4 1536 #
vertex $-1 -1 $-1 $4020 $4282 #
straight-curve $-1 -1 $-1 -4 65.15075759508248154 -9.673945567012118829 0 0 1000 F -0.004659783807558299552 F 7.674941582536120454e-06 #
point $-1 -1 $-1 -4 65.15075759508248154 9.666270625429582708 #
DXID-attrib $-1 -1 $-1 $-1 $3983 @18 ASM_FACE_FROM_STEP @16 MD-JJ-K4080-4539 #
face $4283 -1 $-1 $4284 $4119 $4 $-1 $4285 reversed single #
spline-surface $-1 -1 $-1 forward { ref 113 } I I I I #
tcoedge-coedge $-1 -1 $-1 $3987 $4113 $4273 $4286 forward $2431 $4287 5.57797359164292228 6.283185307179585344 #
edge $4288 -1 $-1 $4280 1.332250732427571638 $3990 1.368666773650387691 $4079 $4289 forward @14 tangent_not_g2 #
point $-1 -1 $-1 -8.912168771948126178 3.871572412738685465 14.33467371150591241 #
edge $4290 -1 $-1 $4188 -1.776356839400250465e-15 $4002 1.496765203188072269 $4170 $4291 forward @14 tangent_not_g2 #
pcurve $-1 -1 $-1 -1 $4292 0 0 #
DXID-attrib $-1 -1 $-1 $-1 $3996 @18 ASM_EDGE_FROM_STEP @4 1934 #
vertex $-1 -1 $-1 $3996 $4293 #
ellipse-curve $-1 -1 $-1 -65.15027322857091008 3.500000000000010214 9.647767061943831379 0.05233595624294407056 -1.439520195746863907e-17 -0.9986295347545739443 -0.4993147673772874162 -7.751868026158632519e-33 -0.02616797812147205957 1 F 0.7860838657784388062 F 1.570796326794896558 #
DXID-attrib $-1 -1 $-1 $-1 $3998 @18 ASM_FACE_FROM_STEP @17 MD-JJ-K4080-10710 #
face $4294 -1 $-1 $3703 $4161 $4 $-1 $4295 reversed single #
spline-surface $-1 -1 $-1 forward { ref 96 } I I I I #
DXID-attrib $-1 -1 $-1 $-1 $4000 @18 ASM_EDGE_FROM_STEP @4 7845 #
straight-curve $-1 -1 $-1 -65.35786437626904899 4.000000000000010658 9.184113400489605894 1000 -2.750537678273414987e-13 -3.886390879836183042e-15 F 0.0008880455842516177473 F 0.05539295451019866923 #
point $-1 -1 $-1 -64.46981879201743482 4.000000000000010658 9.184113400489604118 #
straight-curve $-1 -1 $-1 -2.298097038856281138 -1.000000000000000444 15.55240777928304219 -10 -1.224606353822377258e-15 1.694645622540134615e-16 F -10000.22981070388596 F 9999.770191296114717 #
pcurve $-1 -1 $-1 0 forward { exppc nubs 1 open 2 
	-0.05328187805961946688 1 -0.01056250415654202968 1 
	0.03701556180339916902 2.320922062032612572e-14 
	1.788933584601070878e-15 0 
	3.524604096374596713e-12 
	spline reversed { ref 125 } I I I I 
	} 0 0 #
DXID-attrib $-1 -1 $-1 $-1 $4020 @18 ASM_EDGE_FROM_STEP @4 5087 #
ellipse-curve $-1 -1 $-1 -3.999999999998782751 64.61984827564893408 -14.32212522529089327 1 2.291197138862360547e-12 -2.997626125786750374e-14 -1.215731087215240179e-12 0.5301558828728041295 -0.03467561271503850906 0.8153991184723812236 F 0.01056250415654202968 F 0.05328187805961946688 #
intcurve-curve $-1 -1 $-1 forward { ref 123 } I I #
point $-1 -1 $-1 -4 65.15027322857088166 -14.35223293805616862 #
point $-1 -1 $-1 5.800515538073560684 68.05787485095427769 3.949452777480814802 #
DXID-attrib $-1 -1 $-1 $-1 $4036 @18 ASM_EDGE_FROM_STEP @4 9990 #
straight-curve $-1 -1 $-1 -31.12867965644037227 31.12867965644035095 -3.949452777480813026 -7.071067811865475505 -7.071067811865475505 2.168486914308089926e-16 F -14137.73336505027146 F 14137.73336505027146 #
pcurve $-1 -1 $-1 0 forward { exppc nubs 1 open 2 
	2.356194490192351054 1 3.141592653589793116 1 
	0.03701556180340804386 1 
	0.03701556180340804386 3.163831908412088897e-15 
	4.405703206596020728e-13 
	spline reversed { ref 125 } I I I I 
	} 0 0 #
DXID-attrib $-1 -1 $-1 $-1 $4043 @18 ASM_EDGE_FROM_STEP @4 5859 #
ellipse-curve $-1 -1 $-1 -3.499999999999997335 65.15075759508248154 -14.33372937457041907 0 0 1 0.5 0 0 1 F 2.356194490192348834 F 3.141592653589793116 #
face $4296 -1 $-1 $2795 $4047 $4 $-1 $4297 reversed single #
point $-1 -1 $-1 -9.246734075127562846 3.999999999999994671 -14.33467371150591418 #
DXID-attrib $-1 -1 $-1 $-1 $4057 @18 ASM_FACE_FROM_STEP @16 MD-JJ-K4080-7751 #
face $4298 -1 $-1 $3425 $4066 $4 $-1 $4299 forward single #
plane-surface $-1 -1 $-1 -74.5 -4.163336342344337027e-14 4.025000000000000355 0.006170592427165336007 -0.006170592427165366364 0.9999619230641713097 -6.776263578034402713e-21 -0.9999809609883804074 -0.00617070990690958901 forward_v I I I I #
coedge $-1 -1 $-1 $4300 $4145 $4147 $4262 reversed $4058 $-1 #
coedge $-1 -1 $-1 $4151 $4060 $4300 $4301 reversed $3784 $-1 #
edge $4302 -1 $-1 $4068 0.04536865067928450707 $4303 0.1746313493207153344 $4060 $4304 reversed @7 unknown #
coedge $-1 -1 $-1 $4065 $4064 $4259 $4305 reversed $4066 $-1 #
point $-1 -1 $-1 -68.05787485095430611 -5.800515538073617527 -3.949452777480812138 #
DXID-attrib $-1 -1 $-1 $-1 $4070 @18 ASM_EDGE_FROM_STEP @4 5631 #
vertex $-1 -1 $-1 $4146 $4306 #
straight-curve $-1 -1 $-1 -74.5 -4.163336342344337027e-14 -4.025000000000000355 -707.1067811865493695 -707.1067811865459589 -8.673617379884035472e-16 F -0.002200000000000036562 F -1.697797494761589032e-17 #
DXID-attrib $-1 -1 $-1 $-1 $4077 @18 ASM_FACE_FROM_STEP @16 MD-JJ-K4080-4588 #
spline-surface $-1 -1 $-1 forward { ref 131 } I I I I #
pcurve $-1 -1 $-1 0 forward { exppc nubs 1 open 2 
	-1.368666773650387691 1 -1.332250732427571638 1 
	0.03154518874050075278 0 
	0 0 
	3.167642175671160601e-12 
	spline reversed { ref 106 } I I I I 
	} 0 0 #
DXID-attrib $-1 -1 $-1 $-1 $4083 @18 ASM_EDGE_FROM_STEP @4 5639 #
straight-curve $-1 -1 $-1 -31.12867965644037227 31.12867965644035095 3.94945277748081347 7.071067811865475505 7.071067811865475505 2.168486914308089926e-16 F -14137.73336505027146 F 14137.73336505027146 #
DXID-attrib $-1 -1 $-1 $-1 $4110 @18 ASM_EDGE_FROM_STEP @5 10122 #
straight-curve $-1 -1 $-1 -4 65.15075759508248154 14.32605443298788295 0 0 1000 F -0.004659783807558299552 F 7.674941582536120454e-06 #
tcoedge-coedge $-1 -1 $-1 $4160 $4273 $4113 $4229 reversed $4161 $4307 -5.577973591642923168 -4.782837176371313781 #
tedge-edge $4308 -1 $-1 $4232 4.782837176371313781 $4309 5.57797359164292228 $4113 $4310 forward @14 tangent_not_g2 0.0007363011159951617958 #
pcurve $-1 -1 $-1 0 forward { exppc nubs 3 open 3 
	4.782837176371313781 3 5.533023025343664081 3 5.57797359164292228 3 
	-6.330150640325026501 1.531893319548770949 
	-6.20412449977711411 1.304632973859359391 
	-6.061785371827181912 1.043455768452890453 
	-5.962584547495637821 0.781719254144633835 
	-5.95664050944538026 0.7660362009979144737 
	-5.950873009566038263 0.7503550380972786593 
	-5.945282233705133201 0.734682956380783736 
	0.0009724946977357519506 
	cone -5.263580991183877344 -0.7592635106434996173 14.53841896848555137 0.7426883090171004786 -0.6687195570917205956 0.03504610695031603468 0.6691306063588576825 0.7431448254773944662 0 1 I I 0 1 0.999999999999999889 forward I I I I 
	} 0 0 #
DXID-attrib $-1 -1 $-1 $-1 $4114 @18 ASM_EDGE_FROM_STEP @4 5021 #
tvertex-vertex $-1 -1 $-1 $4114 $4311 1.000044408920984946e-11 #
straight-curve $-1 -1 $-1 -5.25643226519177631 -0.7133642961954195227 15.53738583858341293 742.6883090171004369 -668.7195570917207306 35.0461069503160374 I I #
point $-1 -1 $-1 -4.938091065349533793 -1.000000000000000666 15.55240777928304219 #
coedge $-1 -1 $-1 $4118 $4117 $4312 $4313 reversed $4119 $-1 #
coedge $-1 -1 $-1 $4123 $4122 $4156 $4267 reversed $4124 $4314 #
pcurve $-1 -1 $-1 0 forward { exppc nubs 1 open 2 
	0.786083865778433255 1 1.570796326794896558 1 
	-1.312597427751553287e-15 3.795674354937804718e-14 
	-1.776356839400250465e-15 1 
	4.416417117976599486e-13 
	spline reversed { ref 131 } I I I I 
	} 0 0 #
coedge $-1 -1 $-1 $4157 $4251 $4123 $4239 forward $4269 $-1 #
edge $4315 -1 $-1 $4127 0.05235987755983079195 $4271 1.570796326794900999 $4123 $4316 forward @14 tangent_not_g2 #
pcurve $-1 -1 $-1 0 forward { exppc nubs 1 open 2 
	-1.570796326794900999 1 -0.05235987755983102787 1 
	1.49676520318809203 1 
	1.496765203188083593 0 
	1.814428273059026613e-14 
	spline reversed { ref 131 } I I I I 
	} 0 0 #
point $-1 -1 $-1 -64.46981879201742061 3.526167978121483415 15.31520136688768297 #
coedge $-1 -1 $-1 $4312 $4156 $4129 $4243 forward $2098 $-1 #
edge $4317 -1 $-1 $4249 -3.131030200024993881 $4246 -3.088310834863770005 $4242 $4318 forward @14 tangent_not_g2 #
pcurve $-1 -1 $-1 0 forward { exppc nubs 1 open 2 
	3.088310834863770005 1 3.131030200024993881 1 
	6.246169745376181304 0.9999999999999767963 
	6.283185307179581791 0.9999999999999825695 
	3.52440543412739412e-12 
	spline reversed { ref 113 } I I I I 
	} 0 0 #
DXID-attrib $-1 -1 $-1 $-1 $4130 @18 ASM_EDGE_FROM_STEP @4 8173 #
vertex $-1 -1 $-1 $4243 $4319 #
ellipse-curve $-1 -1 $-1 -65.15075759508249575 3.500000000000010658 14.33372937457042084 0 0 1 0.5000000000000004441 0 0 1 F 1.570796326794896558 F 2.356194490192363933 #
DXID-attrib $-1 -1 $-1 $-1 $4132 @18 ASM_EDGE_FROM_STEP @4 7104 #
vertex $-1 -1 $-1 $4267 $4320 #
ellipse-curve $-1 -1 $-1 -65.15027322857091008 3.500000000000011546 14.35223293805616862 -0.05233595624294407056 1.439520195746863907e-17 -0.9986295347545739443 -0.4993147673772874162 -7.751868026158632519e-33 0.02616797812147205957 1 F 0.7860838657784340322 F 1.570796326794896558 #
coedge $-1 -1 $-1 $4238 $4268 $4135 $4252 reversed $4269 $-1 #
edge $4321 -1 $-1 $4127 -0.05397866515252190689 $4232 0.0005262437734251301704 $4135 $4322 forward @14 tangent_not_g2 #
coedge $-1 -1 $-1 $4170 $4312 $4139 $4254 forward $2098 $-1 #
edge $4323 -1 $-1 $4257 3.0883109467203127 $4188 3.131030284249234796 $4139 $4324 forward @14 tangent_not_g2 #
pcurve $-1 -1 $-1 0 forward { exppc nubs 1 open 2 
	-3.131030284249234796 1 -3.0883109467203127 1 
	1.775381057445002467e-15 1 
	0.03701556180340456748 0.9999999999999943379 
	3.525163819795107847e-12 
	spline reversed { ref 115 } I I I I 
	} 0 0 #
DXID-attrib $-1 -1 $-1 $-1 $4141 @18 ASM_EDGE_FROM_STEP @3 509 #
vertex $-1 -1 $-1 $4254 $4325 #
ellipse-curve $-1 -1 $-1 -65.15075759508249575 3.500000000000010658 9.666270625429580932 0 0 1 0.5000000000000004441 0 0 1 F 1.570796326794896558 F 2.356194490192365265 #
coedge $-1 -1 $-1 $4145 $4300 $4216 $4305 forward $4058 $-1 #
DXID-attrib $-1 -1 $-1 $-1 $4146 @18 ASM_EDGE_FROM_STEP @4 2714 #
straight-curve $-1 -1 $-1 -72.94436508138956299 1.555634918610385942 -6.75 -0 -0 -1000 F -0.01077500000000000159 F -0.002724999999999999558 #
edge $4326 -1 $-1 $4265 -0.008575164068963610567 $4149 9.389956710634128774e-05 $4213 $4327 forward @7 unknown #
point $-1 -1 $-1 -72.94436508138956299 1.555634918610385942 4.025000000000000355 #
DXID-attrib $-1 -1 $-1 $-1 $4154 @18 ASM_EDGE_FROM_STEP @5 10768 #
vertex $-1 -1 $-1 $4301 $4328 #
straight-curve $-1 -1 $-1 -68.37867965644035451 -6.121320343559673027 3.949452777480812582 7.071067811865479058 7.071067811865471953 1.73478953144647199e-16 F -14132.46541953042652 F 14143.00131057011822 #
edge $4329 -1 $-1 $4271 4.786420103991494202 $4249 6.283185307179591561 $4236 $4330 forward @14 tangent_not_g2 #
coedge $-1 -1 $-1 $4251 $4157 $4160 $4275 reversed $4269 $-1 #
loop $-1 -1 $-1 $-1 $4238 $4284 #
DXID-attrib $-1 -1 $-1 $-1 $4158 @18 ASM_EDGE_FROM_STEP @5 10258 #
vertex $-1 -1 $-1 $4267 $4331 #
straight-curve $-1 -1 $-1 -63.99598677013888448 4.000000000000010658 14.81588659951039588 -1000 2.750537678273414987e-13 -3.886390879836183042e-15 F -0.05403107690406850488 F 0.0004738320218785396559 #
tcoedge-coedge $-1 -1 $-1 $4228 $4159 $4182 $4286 reversed $4161 $4332 -6.283185307179585344 -5.577973591642923168 #
pcurve $-1 -1 $-1 0 forward { exppc nubs 1 open 2 
	-1.570796326794896558 1 -0.8383110246650863351 1 
	6.283185307179586232 1 
	6.283185307179586232 0 
	1.751834353654040675e-13 
	spline reversed { ref 138 } I I I I 
	} 0 0 #
edge $4333 -1 $-1 $4232 0.05235987755983195768 $4164 1.570796326794896558 $4268 $4334 forward @14 tangent_not_g2 #
pcurve $-1 -1 $-1 0 forward { exppc nubs 1 open 2 
	0.05235987755983189523 1 1.570796326794896558 1 
	4.782837176371313781 0 
	4.782837176371314669 0.9999999999999994449 
	3.250071543584929567e-15 
	spline reversed { ref 138 } I I I I 
	} 0 0 #
intcurve-curve $-1 -1 $-1 forward { ref 137 } I I #
point $-1 -1 $-1 -9.964909866070385647 3.999999999999994671 14.81588659951039588 #
DXID-attrib $-1 -1 $-1 $-1 $4167 @18 ASM_EDGE_FROM_STEP @4 6191 #
tvertex-vertex $-1 -1 $-1 $4286 $4335 1.000549308015822536e-11 #
ellipse-curve $-1 -1 $-1 -9.247105832303020634 3.499999999999996447 14.3504436955128778 -0.04713572647421897938 1.29648591660129004e-17 0.9988884939219931924 0.4994442469609967072 7.559275031719900723e-33 0.0235678632371095001 1 F 0.8383110246650863351 F 1.570796326794896558 #
point $-1 -1 $-1 -4 65.15075759508248154 -14.33372937457041907 #
DXID-attrib $-1 -1 $-1 $-1 $4180 @18 ASM_FACE_FROM_STEP @16 MD-JJ-K4080-4629 #
face $4336 -1 $-1 $3998 $4269 $4 $-1 $4337 reversed single #
cone-surface $-1 -1 $-1 -65.15075759508249575 3.500000000000010658 8.5 0 0 -1 -0.5000000000000004441 0 0 1 I I 0 1 0.5000000000000004441 forward I I I I #
tedge-edge $4338 -1 $-1 $4309 5.57797359164292228 $4280 6.283185307179585344 $4182 $4310 forward @14 tangent_not_g2 0.001204237254707628615 #
pcurve $-1 -1 $-1 0 forward { exppc nubs 3 open 2 
	5.57797359164292228 3 6.283185307179585344 3 
	-5.945282233705133201 0.734682956380783736 
	-5.857571909170506075 0.4888130793393490325 
	-5.813357938310915074 0.2451783166907983424 
	-5.813357938073450804 0.03154518874050457611 
	0.0009724946977357519506 
	cone -5.263580991183877344 -0.7592635106434996173 14.53841896848555137 0.7426883090171004786 -0.6687195570917205956 0.03504610695031603468 0.6691306063588576825 0.7431448254773944662 0 1 I I 0 1 0.999999999999999889 forward I I I I 
	} 0 0 #
DXID-attrib $-1 -1 $-1 $-1 $4183 @18 ASM_EDGE_FROM_STEP @4 2081 #
ellipse-curve $-1 -1 $-1 -9.724005318890183602 3.592790633713017989 14.32399813207364936 -0.3245624426392938466 0.945740268793328509 -0.01531550883052267692 0.1519306242195009871 0.06591695238587969019 0.8507286243796534642 0.9900633623061955157 F 1.332250732427571638 F 1.368666773650387691 #
DXID-attrib $-1 -1 $-1 $-1 $4185 @18 ASM_EDGE_FROM_STEP @5 10703 #
intcurve-curve $-1 -1 $-1 forward { parcur full nubs 3 open 3 
	-1.776356839400250465e-15 3 0.7483462695643383622 3 1.496765203188072269 3 
	-65.15027322857091008 4.000000000000010658 9.647767061943833156 
	-65.14433814444832649 4.000000000000010658 9.534518910547912895 
	-65.07417328193508865 4.000000000000010658 9.406838032428051832 
	-64.94365081409463869 4.000000000000010658 9.317901555817350356 
	-64.8131156725859654 4.000000000000011546 9.228956443517956743 
	-64.63010135861948413 4.000000000000010658 9.184113400489605894 
	-64.46981879201743482 4.000000000000010658 9.184113400489604118 
	0.001231854570681030102 
	
	spline forward { ref 96 } I I I I 
	null_surface 
	nubs 3 open 2 
	-1.776356839400250465e-15 3 1.496765203188072269 3 
	6.283185307179588008 1 
	5.830600316740559563 0.9999999983167139339 
	5.238903705038683967 0.9999999997657350592 
	4.786420103991513741 1 
	
	nullbs 
	I I 
	0 
	1 0.7483462695643383622 
	0 
	surf1 } F -1.776356839400250465e-15 F 1.496765203188072269 #
intcurve-curve $-1 -1 $-1 forward { ref 152 } I I #
point $-1 -1 $-1 -65.15027322857091008 4.000000000000010658 9.647767061943831379 #
DXID-attrib $-1 -1 $-1 $-1 $4191 @18 ASM_FACE_FROM_STEP @16 MD-JJ-K4080-2685 #
spline-surface $-1 -1 $-1 forward { ref 138 } I I I I #
DXID-attrib $-1 -1 $-1 $-1 $4208 @18 ASM_FACE_FROM_STEP @16 MD-JJ-K4080-8627 #
spline-surface $-1 -1 $-1 forward { ref 125 } I I I I #
DXID-attrib $-1 -1 $-1 $-1 $4211 @18 ASM_FACE_FROM_STEP @16 MD-JJ-K4080-2912 #
plane-surface $-1 -1 $-1 -74.5 -4.163336342344337027e-14 -4.025000000000000355 0.006170592427165336007 -0.006170592427165366364 -0.9999619230641713097 6.776263578034402713e-21 0.9999809609883804074 -0.00617070990690958901 forward_v I I I I #
coedge $-1 -1 $-1 $4259 $4213 $4214 $4301 forward $4058 $-1 #
edge $4339 -1 $-1 $4265 -0.5311952777480811738 $4303 0.2586952777480812649 $4214 $4340 forward @7 unknown #
DXID-attrib $-1 -1 $-1 $-1 $4215 @18 ASM_EDGE_FROM_STEP @5 10482 #
vertex $-1 -1 $-1 $4215 $4341 #
straight-curve $-1 -1 $-1 -68.37867965644035451 -6.121320343559673027 -3.949452777480812138 -7.071067811865479058 -7.071067811865471953 1.73478953144647199e-16 F -14143.00131057011822 F 14132.46541953042652 #
edge $4342 -1 $-1 $4303 -0.008692810858377570879 $4219 -2.374722230762462154e-05 $4259 $4343 forward @7 unknown #
point $-1 -1 $-1 -72.94436508138956299 1.555634918610385942 -4.025000000000000355 #
pcurve $-1 -1 $-1 0 forward { exppc nubs 3 open 2 
	-5.577973591642923168 3 -4.782837176371313781 3 
	5.580047795773395158 0 
	5.302762436404242052 0 
	5.023125507021937608 0 
	4.782837176371313781 0 
	0.01000000000000000021 
	spline forward { ref 138 } I I I I 
	} 0 0 #
DXID-attrib $-1 -1 $-1 $-1 $4229 @18 ASM_EDGE_FROM_STEP @4 6201 #
tvertex-vertex $-1 -1 $-1 $4229 $4344 6.268973170256901355e-05 #
intcurve-curve $-1 -1 $-1 forward { parcur full nubs 3 open 3 
	4.782837176371313781 3 5.533027665045168852 3 6.283185307179585344 3 
	-9.964909866070385647 3.52616797812146876 15.31520136688768297 
	-9.719129727001934782 3.610444123018672347 15.31078464128708738 
	-9.437283351379667451 3.705629081610226638 15.21568600972859997 
	-9.235386827349733707 3.771966612920275352 15.03352143579993339 
	-9.033499143210788063 3.838301239690249833 14.85136483781331229 
	-8.923829309342899307 3.87175736524829528 14.59320179163199604 
	-8.91311769668325482 3.871757365079377067 14.3662039865784017 
	0.002016644225094373424 
	
	spline forward { ref 138 } I I I I 
	null_surface 
	nubs 3 open 2 
	4.782837176371313781 3 6.283185307179585344 3 
	4.782837176371313781 0 
	5.236238807616634183 0 
	5.829737836150871821 0 
	6.283185307179586232 0 
	
	nullbs 
	I I 
	0 
	1 5.533027665045168852 
	0 
	surf1 } F 4.782837176371313781 F 6.283185307179585344 #
point $-1 -1 $-1 -9.964909866070385647 3.526167978121468316 15.31520136688768297 #
coedge $-1 -1 $-1 $4253 $4242 $4235 $4313 forward $2098 $-1 #
edge $4345 -1 $-1 $4246 -0.004659783807558303022 $4257 7.674941582536120454e-06 $4312 $4346 forward @14 tangent_not_g2 #
pcurve $-1 -1 $-1 -1 $4330 0 0 #
DXID-attrib $-1 -1 $-1 $-1 $4239 @18 ASM_EDGE_FROM_STEP @4 7890 #
ellipse-curve $-1 -1 $-1 -64.46981879201742061 3.500000000000010658 14.81588659951039766 -1 0 0 0 0 0.5000000000000004441 1 F 0.05235987755983079195 F 1.570796326794900999 #
DXID-attrib $-1 -1 $-1 $-1 $4243 @18 ASM_EDGE_FROM_STEP @3 158 #
ellipse-curve $-1 -1 $-1 -64.61984805831230005 4.000000000003661071 14.3221252216864432 6.868880024758188737e-12 -1 -2.098064500659702914e-13 0.5301561015787527031 3.648853819709730783e-12 -0.03467559538553902088 0.8153989525631110125 F -3.131030200024993881 F -3.088310834863770005 #
point $-1 -1 $-1 -65.15075759508249575 4.000000000000010658 14.33372937457042084 #
point $-1 -1 $-1 -65.15027322857091008 4.000000000000010658 14.35223293805616862 #
DXID-attrib $-1 -1 $-1 $-1 $4252 @18 ASM_EDGE_FROM_STEP @4 5428 #
straight-curve $-1 -1 $-1 -10.49115363949551671 3.526167978121467872 15.31520136688768297 1000 -2.750537678273415996e-13 3.886390879836183042e-15 F -0.05397866515252190689 F 0.0005262437734251301704 #
DXID-attrib $-1 -1 $-1 $-1 $4254 @18 ASM_EDGE_FROM_STEP @4 3261 #
ellipse-curve $-1 -1 $-1 -64.6198473716809616 4.000000000000010658 9.67787480628081731 -0 -1 -0 0.5301567903982418173 0 0.03467558989844867628 0.8153984260231863512 F 3.0883109467203127 F 3.131030284249234796 #
point $-1 -1 $-1 -65.15075759508249575 4.000000000000010658 9.666270625429580932 #
DXID-attrib $-1 -1 $-1 $-1 $4262 @18 ASM_EDGE_FROM_STEP @4 9373 #
straight-curve $-1 -1 $-1 -72.88153639297706832 1.485856590969166779 4.024181704992784603 -669.1051976985107785 743.1166063012311724 8.71457699362755811 I I #
point $-1 -1 $-1 -67.14384954331600852 -4.886490230435327931 3.949452777480812138 #
DXID-attrib $-1 -1 $-1 $-1 $4267 @18 ASM_EDGE_FROM_STEP @4 2674 #
intcurve-curve $-1 -1 $-1 forward { parcur full nubs 3 open 3 
	4.786420103991494202 3 5.534839037615276069 3 6.283185307179591561 3 
	-64.46981879201742061 4.000000000000010658 14.81588659951039766 
	-64.63010135861949834 4.000000000000010658 14.81588659951039944 
	-64.81311567258592277 4.000000000000010658 14.77104355648208056 
	-64.94365081409463869 4.000000000000010658 14.68209844418265853 
	-65.07417328193510286 4.000000000000010658 14.59316196757193751 
	-65.14433814444832649 4.000000000000010658 14.46548108945209066 
	-65.15027322857091008 4.000000000000010658 14.35223293805617217 
	0.001231854570689899092 
	
	spline forward { ref 131 } I I I I 
	null_surface 
	nubs 3 open 2 
	4.786420103991494202 3 6.283185307179591561 3 
	1.49676520318809203 1 
	1.044281602141040377 0.9999999997657252893 
	0.4525849904390054634 0.9999999983167049411 
	9.346454447243794383e-16 0.9999999999999975575 
	
	nullbs 
	I I 
	0 
	1 5.534839037615276069 
	0 
	surf1 } F 4.786420103991494202 F 6.283185307179591561 #
point $-1 -1 $-1 -64.46981879201742061 4.000000000000010658 14.81588659951039588 #
pcurve $-1 -1 $-1 0 forward { exppc nubs 3 open 2 
	-6.283185307179585344 3 -5.577973591642923168 3 
	6.283185307179586232 0 
	6.070050460417288463 0 
	5.825974004431722975 0 
	5.580047795773395158 0 
	0.01000000000000000021 
	spline forward { ref 138 } I I I I 
	} 0 0 #
DXID-attrib $-1 -1 $-1 $-1 $4275 @18 ASM_EDGE_FROM_STEP @3 299 #
ellipse-curve $-1 -1 $-1 -9.964909866070385647 3.499999999999995559 14.81588659951039588 -1 0 0 0 0 0.5000000000000004441 1 F 0.05235987755983189523 F 1.570796326794896558 #
point $-1 -1 $-1 -8.91311769668325482 3.871757365079375734 14.36620398657839637 #
DXID-attrib $-1 -1 $-1 $-1 $4284 @18 ASM_FACE_FROM_STEP @16 MD-JJ-K4080-5571 #
cone-surface $-1 -1 $-1 -65.35786437626904899 3.500000000000010658 14.81588659951039588 -1 2.750537678273415448e-16 -3.88639087983618266e-18 -1.375268839136707724e-16 -0.5 -5.34483227374379561e-34 1 I I 0 1 0.5 forward I I I I #
DXID-attrib $-1 -1 $-1 $-1 $4286 @18 ASM_EDGE_FROM_STEP @4 6201 #
DXID-attrib $-1 -1 $-1 $-1 $4301 @18 ASM_EDGE_FROM_STEP @5 10630 #
straight-curve $-1 -1 $-1 -67.14384954331600852 -4.886490230435330595 -1.362499999999999822 0 0 -10 F -10000.1362509999999 F 9999.863751000000775 #
point $-1 -1 $-1 -67.14384954331600852 -4.886490230435321713 -3.94945277748081125 #
DXID-attrib $-1 -1 $-1 $-1 $4305 @18 ASM_EDGE_FROM_STEP @3 103 #
straight-curve $-1 -1 $-1 -72.9602544712664951 1.573281873860713498 -4.025206946997184509 -669.1051976985107785 743.1166063012311724 -8.71457699362755811 I I #
point $-1 -1 $-1 -9.199999960014249467 3.783567744146271394 14.99998750691176319 #
DXID-attrib $-1 -1 $-1 $-1 $4313 @18 ASM_EDGE_FROM_STEP @3 300 #
straight-curve $-1 -1 $-1 -65.15075759508249575 4.000000000000010658 9.673945567012117053 -0 -0 -1000 F -0.004659783807558303022 F 7.674941582536120454e-06 #
End-of-ACIS-data 