ISO-10303-21;
HEADER;
FILE_DESCRIPTION (( 'STEP AP214' ),
    '1' );
FILE_NAME ('4080x100.STEP',
    '2018-10-19T13:08:22',
    ( '' ),
    ( '' ),
    'SwSTEP 2.0',
    'SolidWorks 2018',
    '' );
FILE_SCHEMA (( 'AUTOMOTIVE_DESIGN' ));
ENDSEC;

DATA;
#1 = PLANE ( 'NONE',  #10310 ) ;
#2 = EDGE_CURVE ( 'NONE', #2740, #10180, #8571, .T. ) ;
#3 = VECTOR ( 'NONE', #1990, 1000.000000000000000 ) ;
#4 = AXIS2_PLACEMENT_3D ( 'NONE', #8992, #7352, #126 ) ;
#5 = VERTEX_POINT ( 'NONE', #10650 ) ;
#6 = ORIENTED_EDGE ( 'NONE', *, *, #9318, .F. ) ;
#7 = FACE_OUTER_BOUND ( 'NONE', #10025, .T. ) ;
#8 = ORIENTED_EDGE ( 'NONE', *, *, #7977, .T. ) ;
#9 = AXIS2_PLACEMENT_3D ( 'NONE', #5700, #297, #341 ) ;
#10 = CARTESIAN_POINT ( 'NONE',  ( 32.97268767190000460, -0.9515912355000000211, 50.00000000000000000 ) ) ;
#11 = DIRECTION ( 'NONE',  ( -0.0000000000000000000, -0.0000000000000000000, -1.000000000000000000 ) ) ;
#12 = CARTESIAN_POINT ( 'NONE',  ( 31.47268767189996552, 9.548408764499964008, 50.00000000000000000 ) ) ;
#13 = ORIENTED_EDGE ( 'NONE', *, *, #4492, .T. ) ;
#14 = ORIENTED_EDGE ( 'NONE', *, *, #10353, .T. ) ;
#15 = DIRECTION ( 'NONE',  ( 0.0000000000000000000, 0.0000000000000000000, 1.000000000000000000 ) ) ;
#16 = ORIENTED_EDGE ( 'NONE', *, *, #535, .T. ) ;
#17 = CARTESIAN_POINT ( 'NONE',  ( 28.47268767190000105, 26.74840876449999882, 50.00000000000000000 ) ) ;
#18 = DIRECTION ( 'NONE',  ( -1.000000000000000000, 0.0000000000000000000, 0.0000000000000000000 ) ) ;
#19 = EDGE_CURVE ( 'NONE', #5356, #2480, #9269, .T. ) ;
#20 = LINE ( 'NONE', #7263, #1553 ) ;
#21 = VERTEX_POINT ( 'NONE', #3404 ) ;
#22 = VERTEX_POINT ( 'NONE', #11484 ) ;
#23 = DIRECTION ( 'NONE',  ( -0.0000000000000000000, -0.0000000000000000000, -1.000000000000000000 ) ) ;
#24 = ORIENTED_EDGE ( 'NONE', *, *, #3836, .F. ) ;
#25 = CARTESIAN_POINT ( 'NONE',  ( -5.527312328099999839, 11.04840876449999953, 50.00000000000000000 ) ) ;
#26 = CARTESIAN_POINT ( 'NONE',  ( -7.027312328099999839, -0.9515912354999990219, 50.00000000000000000 ) ) ;
#27 = CYLINDRICAL_SURFACE ( 'NONE', #10136, 5.400000000015123369 ) ;
#28 = VERTEX_POINT ( 'NONE', #3512 ) ;
#29 = AXIS2_PLACEMENT_3D ( 'NONE', #9359, #1238, #4063 ) ;
#30 = LINE ( 'NONE', #7146, #6906 ) ;
#31 = EDGE_LOOP ( 'NONE', ( #8552, #6155, #7497, #5712, #11464, #6675, #7375, #6264, #2521, #1153, #9065, #10871, #2828, #10662 ) ) ;
#32 = DIRECTION ( 'NONE',  ( -0.0000000000000000000, -0.0000000000000000000, -1.000000000000000000 ) ) ;
#33 = AXIS2_PLACEMENT_3D ( 'NONE', #8496, #6845, #2416 ) ;
#34 = ORIENTED_EDGE ( 'NONE', *, *, #11493, .T. ) ;
#35 = CIRCLE ( 'NONE', #947, 0.4999999999999379940 ) ;
#36 = DIRECTION ( 'NONE',  ( 1.000000000000000000, -0.0000000000000000000, -0.0000000000000000000 ) ) ;
#37 = LINE ( 'NONE', #6281, #9295 ) ;
#38 = CYLINDRICAL_SURFACE ( 'NONE', #5902, 0.5000000000000073275 ) ;
#39 = ORIENTED_EDGE ( 'NONE', *, *, #11193, .F. ) ;
#40 = DIRECTION ( 'NONE',  ( -1.000000000000000000, 0.0000000000000000000, 0.0000000000000000000 ) ) ;
#41 = DIRECTION ( 'NONE',  ( -0.0000000000000000000, -0.0000000000000000000, -1.000000000000000000 ) ) ;
#42 = LINE ( 'NONE', #10038, #9299 ) ;
#43 = ORIENTED_EDGE ( 'NONE', *, *, #400, .F. ) ;
#44 = DIRECTION ( 'NONE',  ( 0.0000000000000000000, 0.0000000000000000000, 1.000000000000000000 ) ) ;
#45 = AXIS2_PLACEMENT_3D ( 'NONE', #4074, #1247, #11161 ) ;
#46 = VECTOR ( 'NONE', #540, 1000.000000000000000 ) ;
#47 = CARTESIAN_POINT ( 'NONE',  ( -1.727312328100000016, 25.04840876449999953, -50.00000000000000000 ) ) ;
#48 = ORIENTED_EDGE ( 'NONE', *, *, #10424, .F. ) ;
#49 = VECTOR ( 'NONE', #4606, 1000.000000000000000 ) ;
#50 = VECTOR ( 'NONE', #10919, 1000.000000000000000 ) ;
#51 = VERTEX_POINT ( 'NONE', #5202 ) ;
#52 = DIRECTION ( 'NONE',  ( -1.000000000000000000, 0.0000000000000000000, 0.0000000000000000000 ) ) ;
#53 = ORIENTED_EDGE ( 'NONE', *, *, #1991, .T. ) ;
#54 = CARTESIAN_POINT ( 'NONE',  ( 5.472687671900048123, -0.4515912355000000211, 50.00000000000000000 ) ) ;
#55 = EDGE_CURVE ( 'NONE', #1276, #3777, #2675, .T. ) ;
#56 = AXIS2_PLACEMENT_3D ( 'NONE', #1356, #8454, #11146 ) ;
#57 = VECTOR ( 'NONE', #9971, 1000.000000000000000 ) ;
#58 = ORIENTED_EDGE ( 'NONE', *, *, #4645, .F. ) ;
#59 = CARTESIAN_POINT ( 'NONE',  ( 22.34651698795183705, 65.33214796546175762, 50.00000000000000000 ) ) ;
#60 = LINE ( 'NONE', #181, #9041 ) ;
#61 = VERTEX_POINT ( 'NONE', #1763 ) ;
#62 = EDGE_LOOP ( 'NONE', ( #11246, #3024, #10381, #1977 ) ) ;
#63 = EDGE_CURVE ( 'NONE', #4827, #1598, #4629, .T. ) ;
#64 = ORIENTED_EDGE ( 'NONE', *, *, #4743, .F. ) ;
#65 = DIRECTION ( 'NONE',  ( -0.0000000000000000000, 1.000000000000000000, -0.0000000000000000000 ) ) ;
#66 = CARTESIAN_POINT ( 'NONE',  ( 23.67991568029106730, 67.69148958506923464, 50.00000000000000000 ) ) ;
#67 = DIRECTION ( 'NONE',  ( 1.000000000000000000, -0.0000000000000000000, -0.0000000000000000000 ) ) ;
#68 = DIRECTION ( 'NONE',  ( -1.000000000000000000, 0.0000000000000000000, 0.0000000000000000000 ) ) ;
#69 = DIRECTION ( 'NONE',  ( -0.0000000000000000000, -0.0000000000000000000, -1.000000000000000000 ) ) ;
#70 = EDGE_CURVE ( 'NONE', #1738, #11427, #2114, .T. ) ;
#71 = CARTESIAN_POINT ( 'NONE',  ( 6.472687671900031248, -0.9515912355000306633, 50.00000000000000000 ) ) ;
#72 = FACE_OUTER_BOUND ( 'NONE', #3671, .T. ) ;
#73 = VERTEX_POINT ( 'NONE', #4347 ) ;
#74 = AXIS2_PLACEMENT_3D ( 'NONE', #1615, #8050, #2635 ) ;
#75 = ADVANCED_FACE ( 'NONE', ( #7167 ), #9557, .F. ) ;
#76 = VECTOR ( 'NONE', #8500, 1000.000000000000000 ) ;
#77 = ORIENTED_EDGE ( 'NONE', *, *, #7832, .F. ) ;
#78 = EDGE_LOOP ( 'NONE', ( #9613, #10270, #4368, #9974 ) ) ;
#79 = CARTESIAN_POINT ( 'NONE',  ( 7.776535249200046351, 52.04840876449991782, 50.00000000000000000 ) ) ;
#80 = CARTESIAN_POINT ( 'NONE',  ( 24.37268767190000318, 0.3484087644999994682, 50.00000000000000000 ) ) ;
#81 = LINE ( 'NONE', #4710, #1617 ) ;
#82 = VERTEX_POINT ( 'NONE', #5519 ) ;
#83 = ORIENTED_EDGE ( 'NONE', *, *, #7160, .F. ) ;
#84 = FACE_BOUND ( 'NONE', #5928, .T. ) ;
#85 = EDGE_CURVE ( 'NONE', #9456, #11070, #7017, .T. ) ;
#86 = DIRECTION ( 'NONE',  ( 0.0000000000000000000, 0.0000000000000000000, 1.000000000000000000 ) ) ;
#87 = AXIS2_PLACEMENT_3D ( 'NONE', #11337, #8709, #6981 ) ;
#88 = CARTESIAN_POINT ( 'NONE',  ( 23.28628890540853646, -13.56604450765714809, 50.00000000000000000 ) ) ;
#89 = DIRECTION ( 'NONE',  ( -0.0000000000000000000, -0.0000000000000000000, -1.000000000000000000 ) ) ;
#90 = DIRECTION ( 'NONE',  ( 0.0000000000000000000, -0.0000000000000000000, -1.000000000000000000 ) ) ;
#91 = DIRECTION ( 'NONE',  ( -0.0000000000000000000, -0.0000000000000000000, -1.000000000000000000 ) ) ;
#92 = LINE ( 'NONE', #8481, #9762 ) ;
#93 = ORIENTED_EDGE ( 'NONE', *, *, #4162, .T. ) ;
#94 = CARTESIAN_POINT ( 'NONE',  ( -5.527312328099999839, 49.54840876450001019, 50.00000000000000000 ) ) ;
#95 = EDGE_LOOP ( 'NONE', ( #2170, #3379, #4363, #1171 ) ) ;
#96 = FACE_OUTER_BOUND ( 'NONE', #4307, .T. ) ;
#97 = ORIENTED_EDGE ( 'NONE', *, *, #5399, .F. ) ;
#98 = CARTESIAN_POINT ( 'NONE',  ( 7.370858131500000354, 17.54840876449999953, 50.00000000000000000 ) ) ;
#99 = DIRECTION ( 'NONE',  ( -0.0000000000000000000, -0.0000000000000000000, -1.000000000000000000 ) ) ;
#100 = CARTESIAN_POINT ( 'NONE',  ( 23.28628890511362570, 83.66286203693830714, 50.00000000000000000 ) ) ;
#101 = DIRECTION ( 'NONE',  ( -0.7071067811865526798, -0.7071067811865424657, -0.0000000000000000000 ) ) ;
#102 = LINE ( 'NONE', #8892, #5140 ) ;
#103 = DIRECTION ( 'NONE',  ( 1.000000000000000000, 0.0000000000000000000, 0.0000000000000000000 ) ) ;
#104 = VERTEX_POINT ( 'NONE', #8115 ) ;
#105 = ORIENTED_EDGE ( 'NONE', *, *, #3491, .T. ) ;
#106 = DIRECTION ( 'NONE',  ( -0.0000000000000000000, -0.0000000000000000000, -1.000000000000000000 ) ) ;
#107 = CARTESIAN_POINT ( 'NONE',  ( 4.434964485678191792, 10.46486567243291432, -50.00000000000000000 ) ) ;
#108 = CYLINDRICAL_SURFACE ( 'NONE', #4192, 0.4999999999999987232 ) ;
#109 = ORIENTED_EDGE ( 'NONE', *, *, #9078, .F. ) ;
#110 = FACE_OUTER_BOUND ( 'NONE', #143, .T. ) ;
#111 = AXIS2_PLACEMENT_3D ( 'NONE', #4294, #7033, #10666 ) ;
#112 = CARTESIAN_POINT ( 'NONE',  ( 26.46273521346203950, 5.455921700696281462, -50.00000000000000000 ) ) ;
#113 = VERTEX_POINT ( 'NONE', #9918 ) ;
#114 = CARTESIAN_POINT ( 'NONE',  ( 15.47268767189999927, 20.24456118719999864, 50.00000000000000000 ) ) ;
#115 = DIRECTION ( 'NONE',  ( -0.0000000000000000000, -0.0000000000000000000, -1.000000000000000000 ) ) ;
#116 = CARTESIAN_POINT ( 'NONE',  ( 8.972687671899999273, 71.54840876449999598, -50.00000000000000000 ) ) ;
#117 = CARTESIAN_POINT ( 'NONE',  ( -15.64176560036758801, 25.36200999784368904, 50.00000000000000000 ) ) ;
#118 = VECTOR ( 'NONE', #8549, 1000.000000000000000 ) ;
#119 = ORIENTED_EDGE ( 'NONE', *, *, #6055, .F. ) ;
#120 = CARTESIAN_POINT ( 'NONE',  ( -3.027312328099999839, -3.551591235500000554, -50.00000000000000000 ) ) ;
#121 = EDGE_CURVE ( 'NONE', #1086, #3872, #6735, .T. ) ;
#122 = VECTOR ( 'NONE', #671, 1000.000000000000000 ) ;
#123 = DIRECTION ( 'NONE',  ( 1.000000000000000000, 0.0000000000000000000, 0.0000000000000000000 ) ) ;
#124 = ORIENTED_EDGE ( 'NONE', *, *, #4978, .F. ) ;
#125 = ADVANCED_FACE ( 'NONE', ( #4351 ), #1840, .T. ) ;
#126 = DIRECTION ( 'NONE',  ( 0.0000000000000000000, 0.0000000000000000000, 1.000000000000000000 ) ) ;
#127 = AXIS2_PLACEMENT_3D ( 'NONE', #4413, #9939, #6372 ) ;
#128 = CYLINDRICAL_SURFACE ( 'NONE', #10525, 5.499999999988062882 ) ;
#129 = ORIENTED_EDGE ( 'NONE', *, *, #9089, .F. ) ;
#130 = DIRECTION ( 'NONE',  ( -0.0000000000000000000, -0.0000000000000000000, -1.000000000000000000 ) ) ;
#131 = EDGE_CURVE ( 'NONE', #5528, #4919, #6170, .T. ) ;
#132 = VECTOR ( 'NONE', #10992, 1000.000000000000000 ) ;
#133 = DIRECTION ( 'NONE',  ( -0.0000000000000000000, -0.0000000000000000000, -1.000000000000000000 ) ) ;
#134 = ORIENTED_EDGE ( 'NONE', *, *, #9073, .T. ) ;
#135 = EDGE_CURVE ( 'NONE', #5094, #10841, #11375, .T. ) ;
#136 = DIRECTION ( 'NONE',  ( 0.0000000000000000000, -0.0000000000000000000, -1.000000000000000000 ) ) ;
#137 = AXIS2_PLACEMENT_3D ( 'NONE', #8786, #5807, #9680 ) ;
#138 = DIRECTION ( 'NONE',  ( -0.0000000000000000000, -1.000000000000000000, -0.0000000000000000000 ) ) ;
#139 = CARTESIAN_POINT ( 'NONE',  ( -3.027312328099999839, -3.551591235500000554, 50.00000000000000000 ) ) ;
#140 = PLANE ( 'NONE',  #10864 ) ;
#141 = PLANE ( 'NONE',  #9237 ) ;
#142 = VECTOR ( 'NONE', #5688, 1000.000000000000000 ) ;
#143 = EDGE_LOOP ( 'NONE', ( #10989, #3474, #10242, #11383 ) ) ;
#144 = ORIENTED_EDGE ( 'NONE', *, *, #3755, .F. ) ;
#145 = EDGE_CURVE ( 'NONE', #2907, #7417, #4774, .T. ) ;
#146 = DIRECTION ( 'NONE',  ( -0.0000000000000000000, -0.0000000000000000000, -1.000000000000000000 ) ) ;
#147 = ORIENTED_EDGE ( 'NONE', *, *, #9493, .T. ) ;
#148 = ORIENTED_EDGE ( 'NONE', *, *, #846, .F. ) ;
#149 = ORIENTED_EDGE ( 'NONE', *, *, #10753, .F. ) ;
#150 = EDGE_CURVE ( 'NONE', #1109, #10575, #1535, .T. ) ;
#151 = CARTESIAN_POINT ( 'NONE',  ( -3.027312328099992289, 61.54840876450001019, -50.00000000000000000 ) ) ;
#152 = CARTESIAN_POINT ( 'NONE',  ( 29.47268767190000105, 51.04840876450000309, -50.00000000000000000 ) ) ;
#153 = CIRCLE ( 'NONE', #9621, 1.000000000000035527 ) ;
#154 = ORIENTED_EDGE ( 'NONE', *, *, #7778, .T. ) ;
#155 = DIRECTION ( 'NONE',  ( -1.000000000000000000, 0.0000000000000000000, 0.0000000000000000000 ) ) ;
#156 = EDGE_CURVE ( 'NONE', #8181, #8525, #3641, .T. ) ;
#157 = CARTESIAN_POINT ( 'NONE',  ( -1.727312327980110584, 23.04840876449949150, 50.00000000000000000 ) ) ;
#158 = DIRECTION ( 'NONE',  ( -0.0000000000000000000, -0.0000000000000000000, -1.000000000000000000 ) ) ;
#159 = AXIS2_PLACEMENT_3D ( 'NONE', #117, #3608, #2708 ) ;
#160 = ORIENTED_EDGE ( 'NONE', *, *, #5406, .T. ) ;
#161 = VERTEX_POINT ( 'NONE', #9136 ) ;
#162 = ORIENTED_EDGE ( 'NONE', *, *, #4268, .T. ) ;
#163 = CARTESIAN_POINT ( 'NONE',  ( 3.964795726767698092, 4.423949971145337834, 50.00000000000000000 ) ) ;
#164 = DIRECTION ( 'NONE',  ( -0.0000000000000000000, -0.0000000000000000000, -1.000000000000000000 ) ) ;
#165 = VECTOR ( 'NONE', #11621, 1000.000000000000000 ) ;
#166 = VERTEX_POINT ( 'NONE', #4616 ) ;
#167 = VERTEX_POINT ( 'NONE', #1956 ) ;
#168 = CARTESIAN_POINT ( 'NONE',  ( 15.47268767189999927, 60.24456118719999864, 50.00000000000000000 ) ) ;
#169 = EDGE_CURVE ( 'NONE', #11002, #8293, #5173, .T. ) ;
#170 = DIRECTION ( 'NONE',  ( 1.000000000000000000, 0.0000000000000000000, 0.0000000000000000000 ) ) ;
#171 = ORIENTED_EDGE ( 'NONE', *, *, #7737, .T. ) ;
#172 = DIRECTION ( 'NONE',  ( -1.000000000000000000, 0.0000000000000000000, 0.0000000000000000000 ) ) ;
#173 = EDGE_CURVE ( 'NONE', #6694, #11354, #10784, .T. ) ;
#174 = FACE_OUTER_BOUND ( 'NONE', #7938, .T. ) ;
#175 = VERTEX_POINT ( 'NONE', #2700 ) ;
#176 = ORIENTED_EDGE ( 'NONE', *, *, #6784, .F. ) ;
#177 = VERTEX_POINT ( 'NONE', #8199 ) ;
#178 = FACE_OUTER_BOUND ( 'NONE', #4844, .T. ) ;
#179 = ORIENTED_EDGE ( 'NONE', *, *, #7598, .T. ) ;
#180 = DIRECTION ( 'NONE',  ( -0.0000000000000000000, -0.0000000000000000000, -1.000000000000000000 ) ) ;
#181 = CARTESIAN_POINT ( 'NONE',  ( -5.527312328099999839, 11.04840876449999953, 50.00000000000000000 ) ) ;
#182 = DIRECTION ( 'NONE',  ( 1.000000000000000000, 0.0000000000000000000, 0.0000000000000000000 ) ) ;
#183 = ORIENTED_EDGE ( 'NONE', *, *, #10588, .T. ) ;
#184 = CARTESIAN_POINT ( 'NONE',  ( 5.972687671900000161, 72.54840876449999598, 50.00000000000000000 ) ) ;
#185 = DIRECTION ( 'NONE',  ( -0.0000000000000000000, -0.0000000000000000000, -1.000000000000000000 ) ) ;
#186 = DIRECTION ( 'NONE',  ( -0.0000000000000000000, -0.0000000000000000000, -1.000000000000000000 ) ) ;
#187 = LINE ( 'NONE', #2863, #3676 ) ;
#188 = AXIS2_PLACEMENT_3D ( 'NONE', #10100, #106, #10995 ) ;
#189 = VERTEX_POINT ( 'NONE', #112 ) ;
#190 = PLANE ( 'NONE',  #1392 ) ;
#191 = VECTOR ( 'NONE', #9109, 1000.000000000000000 ) ;
#192 = DIRECTION ( 'NONE',  ( -0.0000000000000000000, 1.000000000000000000, -0.0000000000000000000 ) ) ;
#193 = FACE_OUTER_BOUND ( 'NONE', #1324, .T. ) ;
#194 = ADVANCED_FACE ( 'NONE', ( #573 ), #3497, .T. ) ;
#195 = ORIENTED_EDGE ( 'NONE', *, *, #6861, .T. ) ;
#196 = PRESENTATION_STYLE_ASSIGNMENT (( #4792 ) ) ;
#197 = CARTESIAN_POINT ( 'NONE',  ( -5.027312328099972305, 62.54840876450000309, -50.00000000000000000 ) ) ;
#198 = EDGE_CURVE ( 'NONE', #741, #10804, #10238, .T. ) ;
#199 = CARTESIAN_POINT ( 'NONE',  ( 10.47268767189999927, 20.24456118719999864, 50.00000000000000000 ) ) ;
#201 = LINE ( 'NONE', #2458, #5523 ) ;
#200 = CARTESIAN_POINT ( 'NONE',  ( 30.47268767190000105, 48.04840876450000309, -50.00000000000000000 ) ) ;
#202 = ORIENTED_EDGE ( 'NONE', *, *, #11014, .F. ) ;
#203 = VECTOR ( 'NONE', #9980, 1000.000000000000000 ) ;
#204 = ORIENTED_EDGE ( 'NONE', *, *, #4533, .F. ) ;
#205 = VERTEX_POINT ( 'NONE', #6393 ) ;
#206 = DIRECTION ( 'NONE',  ( -0.0000000000000000000, -0.0000000000000000000, -1.000000000000000000 ) ) ;
#207 = AXIS2_PLACEMENT_3D ( 'NONE', #692, #2523, #1542 ) ;
#208 = DIRECTION ( 'NONE',  ( 1.000000000000000000, 0.0000000000000000000, 0.0000000000000000000 ) ) ;
#209 = EDGE_CURVE ( 'NONE', #8172, #11299, #7153, .T. ) ;
#210 = VECTOR ( 'NONE', #821, 1000.000000000000000 ) ;
#211 = VERTEX_POINT ( 'NONE', #1012 ) ;
#212 = DIRECTION ( 'NONE',  ( 1.000000000000000000, -0.0000000000000000000, -0.0000000000000000000 ) ) ;
#213 = LINE ( 'NONE', #5319, #1183 ) ;
#214 = VERTEX_POINT ( 'NONE', #197 ) ;
#215 = EDGE_LOOP ( 'NONE', ( #2796, #7838, #3048, #2747, #8656, #3687, #1131, #9308, #4416, #4007, #11577, #5567, #11333, #5416, #8016 ) ) ;
#216 = EDGE_CURVE ( 'NONE', #8197, #11367, #4762, .T. ) ;
#217 = AXIS2_PLACEMENT_3D ( 'NONE', #4095, #1268, #5859 ) ;
#218 = ORIENTED_EDGE ( 'NONE', *, *, #9635, .F. ) ;
#219 = EDGE_CURVE ( 'NONE', #5732, #1335, #7300, .T. ) ;
#220 = CARTESIAN_POINT ( 'NONE',  ( 23.78260776849414171, 67.00732702209258207, 50.00000000000000000 ) ) ;
#221 = FACE_OUTER_BOUND ( 'NONE', #8760, .T. ) ;
#222 = AXIS2_PLACEMENT_3D ( 'NONE', #2892, #229, #7403 ) ;
#223 = DIRECTION ( 'NONE',  ( -0.0000000000000000000, -0.0000000000000000000, -1.000000000000000000 ) ) ;
#224 = ORIENTED_EDGE ( 'NONE', *, *, #10498, .F. ) ;
#225 = LINE ( 'NONE', #6230, #9490 ) ;
#226 = CARTESIAN_POINT ( 'NONE',  ( 12.97268767189999927, 55.04840876450000309, 50.00000000000000000 ) ) ;
#227 = PLANE ( 'NONE',  #6057 ) ;
#228 = DIRECTION ( 'NONE',  ( 1.000000000000000000, 0.0000000000000000000, 0.0000000000000000000 ) ) ;
#229 = DIRECTION ( 'NONE',  ( -0.0000000000000000000, -0.0000000000000000000, -1.000000000000000000 ) ) ;
#230 = EDGE_CURVE ( 'NONE', #448, #6694, #6026, .T. ) ;
#231 = DIRECTION ( 'NONE',  ( 0.0000000000000000000, 0.0000000000000000000, 1.000000000000000000 ) ) ;
#232 = DIRECTION ( 'NONE',  ( -0.7071067811865484609, -0.7071067811865465735, -0.0000000000000000000 ) ) ;
#233 = AXIS2_PLACEMENT_3D ( 'NONE', #8285, #6480, #7385 ) ;
#234 = LINE ( 'NONE', #9931, #11310 ) ;
#235 = ORIENTED_EDGE ( 'NONE', *, *, #2351, .T. ) ;
#236 = ORIENTED_EDGE ( 'NONE', *, *, #9023, .T. ) ;
#237 = VECTOR ( 'NONE', #1379, 1000.000000000000000 ) ;
#238 = PLANE ( 'NONE',  #2250 ) ;
#239 = DIRECTION ( 'NONE',  ( 1.000000000000000000, 0.0000000000000000000, 0.0000000000000000000 ) ) ;
#240 = CARTESIAN_POINT ( 'NONE',  ( 18.57451721239999998, 17.54840876449999953, 50.00000000000000000 ) ) ;
#241 = CARTESIAN_POINT ( 'NONE',  ( 10.47268767189999927, 9.852256341800000428, 50.00000000000000000 ) ) ;
#242 = DIRECTION ( 'NONE',  ( -0.0000000000000000000, -0.0000000000000000000, -1.000000000000000000 ) ) ;
#243 = EDGE_LOOP ( 'NONE', ( #5088, #334, #11216, #11491 ) ) ;
#244 = CARTESIAN_POINT ( 'NONE',  ( 28.97268767190000105, -4.951591235500001353, -50.00000000000000000 ) ) ;
#245 = VECTOR ( 'NONE', #11344, 1000.000000000000000 ) ;
#246 = ORIENTED_EDGE ( 'NONE', *, *, #7549, .T. ) ;
#247 = ORIENTED_EDGE ( 'NONE', *, *, #6395, .T. ) ;
#248 = EDGE_CURVE ( 'NONE', #7640, #8279, #10516, .T. ) ;
#249 = DIRECTION ( 'NONE',  ( 1.000000000000000000, 0.0000000000000000000, 0.0000000000000000000 ) ) ;
#250 = DIRECTION ( 'NONE',  ( -0.0000000000000000000, -0.0000000000000000000, -1.000000000000000000 ) ) ;
#251 = VECTOR ( 'NONE', #7859, 1000.000000000000000 ) ;
#252 = ORIENTED_EDGE ( 'NONE', *, *, #1122, .F. ) ;
#253 = ADVANCED_FACE ( 'NONE', ( #703 ), #9262, .F. ) ;
#254 = DIRECTION ( 'NONE',  ( -0.0000000000000000000, -0.0000000000000000000, -1.000000000000000000 ) ) ;
#255 = CARTESIAN_POINT ( 'NONE',  ( 15.17268767190000034, 62.79840876450000309, 50.00000000000000000 ) ) ;
#256 = CIRCLE ( 'NONE', #4224, 0.4999999999999963363 ) ;
#257 = ORIENTED_EDGE ( 'NONE', *, *, #5017, .F. ) ;
#258 = AXIS2_PLACEMENT_3D ( 'NONE', #2288, #9470, #4903 ) ;
#259 = DIRECTION ( 'NONE',  ( -0.0000000000000000000, -0.0000000000000000000, -1.000000000000000000 ) ) ;
#260 = CARTESIAN_POINT ( 'NONE',  ( 28.47268767190000460, 7.548408764500005752, -50.00000000000000000 ) ) ;
#261 = LINE ( 'NONE', #2931, #11623 ) ;
#262 = ORIENTED_EDGE ( 'NONE', *, *, #378, .T. ) ;
#263 = DIRECTION ( 'NONE',  ( -1.000000000000000000, -0.0000000000000000000, -0.0000000000000000000 ) ) ;
#264 = DIRECTION ( 'NONE',  ( -0.0000000000000000000, -0.0000000000000000000, -1.000000000000000000 ) ) ;
#265 = CARTESIAN_POINT ( 'NONE',  ( 5.472687671900000161, 73.04840876449999598, 50.00000000000000000 ) ) ;
#266 = VECTOR ( 'NONE', #418, 1000.000000000000000 ) ;
#267 = DIRECTION ( 'NONE',  ( 1.000000000000000000, 0.0000000000000000000, 0.0000000000000000000 ) ) ;
#268 = CYLINDRICAL_SURFACE ( 'NONE', #1665, 3.400000000032106673 ) ;
#269 = VERTEX_POINT ( 'NONE', #3790 ) ;
#270 = AXIS2_PLACEMENT_3D ( 'NONE', #9125, #2848, #9086 ) ;
#271 = DIRECTION ( 'NONE',  ( -0.0000000000000000000, -0.0000000000000000000, -1.000000000000000000 ) ) ;
#272 = CARTESIAN_POINT ( 'NONE',  ( 31.47268767190000105, 51.04840876450000309, 50.00000000000000000 ) ) ;
#273 = CARTESIAN_POINT ( 'NONE',  ( 18.16884009460000016, 12.54840876449999953, 50.00000000000000000 ) ) ;
#274 = FACE_OUTER_BOUND ( 'NONE', #1042, .T. ) ;
#275 = DIRECTION ( 'NONE',  ( -1.000000000000000000, 0.0000000000000000000, 0.0000000000000000000 ) ) ;
#276 = VERTEX_POINT ( 'NONE', #5677 ) ;
#277 = VERTEX_POINT ( 'NONE', #4728 ) ;
#278 = DIRECTION ( 'NONE',  ( 0.0000000000000000000, 0.0000000000000000000, 1.000000000000000000 ) ) ;
#279 = EDGE_CURVE ( 'NONE', #601, #214, #3237, .T. ) ;
#280 = VECTOR ( 'NONE', #1102, 1000.000000000000000 ) ;
#281 = ORIENTED_EDGE ( 'NONE', *, *, #7778, .F. ) ;
#282 = DIRECTION ( 'NONE',  ( -1.000000000000000000, 0.0000000000000000000, 0.0000000000000000000 ) ) ;
#283 = DIRECTION ( 'NONE',  ( -0.0000000000000000000, -0.0000000000000000000, -1.000000000000000000 ) ) ;
#284 = DIRECTION ( 'NONE',  ( 1.000000000000000000, 0.0000000000000000000, 0.0000000000000000000 ) ) ;
#285 = CIRCLE ( 'NONE', #3070, 25.00000000000339284 ) ;
#286 = ORIENTED_EDGE ( 'NONE', *, *, #1626, .T. ) ;
#287 = AXIS2_PLACEMENT_3D ( 'NONE', #11290, #2318, #3256 ) ;
#288 = DIRECTION ( 'NONE',  ( 0.0000000000000000000, 0.0000000000000000000, 1.000000000000000000 ) ) ;
#289 = ADVANCED_FACE ( 'NONE', ( #2396 ), #2798, .T. ) ;
#290 = VECTOR ( 'NONE', #7030, 1000.000000000000000 ) ;
#291 = ORIENTED_EDGE ( 'NONE', *, *, #1925, .T. ) ;
#292 = EDGE_CURVE ( 'NONE', #4919, #601, #9668, .T. ) ;
#293 = VERTEX_POINT ( 'NONE', #8354 ) ;
#294 = VERTEX_POINT ( 'NONE', #1865 ) ;
#295 = AXIS2_PLACEMENT_3D ( 'NONE', #6000, #6909, #8711 ) ;
#296 = ORIENTED_EDGE ( 'NONE', *, *, #10961, .F. ) ;
#297 = DIRECTION ( 'NONE',  ( 0.0000000000000000000, 0.0000000000000000000, 1.000000000000000000 ) ) ;
#298 = EDGE_CURVE ( 'NONE', #8290, #4870, #7861, .T. ) ;
#299 = FACE_OUTER_BOUND ( 'NONE', #8710, .T. ) ;
#300 = VERTEX_POINT ( 'NONE', #7410 ) ;
#301 = DIRECTION ( 'NONE',  ( 1.000000000000000000, -0.0000000000000000000, -0.0000000000000000000 ) ) ;
#302 = ORIENTED_EDGE ( 'NONE', *, *, #11601, .T. ) ;
#303 = CARTESIAN_POINT ( 'NONE',  ( 21.98057961718305364, 4.423949971085109567, 50.00000000000000000 ) ) ;
#304 = ADVANCED_FACE ( 'NONE', ( #422 ), #5462, .F. ) ;
#305 = ORIENTED_EDGE ( 'NONE', *, *, #2040, .T. ) ;
#306 = EDGE_CURVE ( 'NONE', #3932, #6978, #5745, .T. ) ;
#307 = DIRECTION ( 'NONE',  ( 1.000000000000000000, 0.0000000000000000000, 0.0000000000000000000 ) ) ;
#308 = DIRECTION ( 'NONE',  ( -0.0000000000000000000, -0.0000000000000000000, -1.000000000000000000 ) ) ;
#309 = CARTESIAN_POINT ( 'NONE',  ( 15.17268767191599110, 3.298408764499885404, 50.00000000000000000 ) ) ;
#310 = CIRCLE ( 'NONE', #11566, 0.5000000000000073275 ) ;
#311 = ORIENTED_EDGE ( 'NONE', *, *, #446, .F. ) ;
#312 = EDGE_CURVE ( 'NONE', #6268, #7100, #9957, .T. ) ;
#313 = CARTESIAN_POINT ( 'NONE',  ( 20.72268767190000105, 17.24840876449999882, -50.00000000000000000 ) ) ;
#314 = DIRECTION ( 'NONE',  ( 1.000000000000000000, 0.0000000000000000000, 0.0000000000000000000 ) ) ;
#315 = DIRECTION ( 'NONE',  ( -0.0000000000000000000, -0.0000000000000000000, -1.000000000000000000 ) ) ;
#316 = AXIS2_PLACEMENT_3D ( 'NONE', #3268, #3228, #566 ) ;
#317 = FACE_OUTER_BOUND ( 'NONE', #7888, .T. ) ;
#318 = EDGE_LOOP ( 'NONE', ( #3338, #4495, #7769, #5425 ) ) ;
#319 = CARTESIAN_POINT ( 'NONE',  ( 8.209547951092257989, 12.29840876450002085, 50.00000000000000000 ) ) ;
#320 = ORIENTED_EDGE ( 'NONE', *, *, #5189, .F. ) ;
#321 = VECTOR ( 'NONE', #4350, 1000.000000000000000 ) ;
#322 = CARTESIAN_POINT ( 'NONE',  ( -7.027312328099999839, 20.54840876449999953, 50.00000000000000000 ) ) ;
#323 = VECTOR ( 'NONE', #9338, 1000.000000000000000 ) ;
#324 = DIRECTION ( 'NONE',  ( 0.0000000000000000000, -1.000000000000000000, 0.0000000000000000000 ) ) ;
#325 = FACE_OUTER_BOUND ( 'NONE', #3820, .T. ) ;
#326 = ORIENTED_EDGE ( 'NONE', *, *, #5298, .F. ) ;
#327 = EDGE_CURVE ( 'NONE', #4615, #7901, #4898, .T. ) ;
#328 = AXIS2_PLACEMENT_3D ( 'NONE', #1983, #7758, #5901 ) ;
#329 = VECTOR ( 'NONE', #3291, 1000.000000000000000 ) ;
#330 = ORIENTED_EDGE ( 'NONE', *, *, #1033, .F. ) ;
#331 = CARTESIAN_POINT ( 'NONE',  ( -3.027312328099999839, 75.04840876449999598, 50.00000000000000000 ) ) ;
#332 = EDGE_CURVE ( 'NONE', #2448, #1686, #1825, .T. ) ;
#333 = VECTOR ( 'NONE', #4912, 1000.000000000000000 ) ;
#334 = ORIENTED_EDGE ( 'NONE', *, *, #5989, .F. ) ;
#335 = FACE_OUTER_BOUND ( 'NONE', #9641, .T. ) ;
#336 = CYLINDRICAL_SURFACE ( 'NONE', #6046, 1.000000000000000888 ) ;
#337 = ORIENTED_EDGE ( 'NONE', *, *, #10388, .F. ) ;
#338 = DIRECTION ( 'NONE',  ( -0.0000000000000000000, -0.0000000000000000000, -1.000000000000000000 ) ) ;
#339 = ORIENTED_EDGE ( 'NONE', *, *, #7050, .T. ) ;
#340 = DIRECTION ( 'NONE',  ( -0.0000000000000000000, 1.000000000000000000, -0.0000000000000000000 ) ) ;
#341 = DIRECTION ( 'NONE',  ( 1.000000000000000000, 0.0000000000000000000, 0.0000000000000000000 ) ) ;
#342 = CARTESIAN_POINT ( 'NONE',  ( 1.367322804899999911, 65.50477547050000737, -50.00000000000000000 ) ) ;
#343 = CARTESIAN_POINT ( 'NONE',  ( 28.47268767190000105, 50.04840876450001019, -50.00000000000000000 ) ) ;
#344 = AXIS2_PLACEMENT_3D ( 'NONE', #8907, #10729, #907 ) ;
#345 = CARTESIAN_POINT ( 'NONE',  ( 2.659086438625821280, 83.66286203683399947, 50.00000000000000000 ) ) ;
#346 = LINE ( 'NONE', #9037, #10983 ) ;
#347 = ORIENTED_EDGE ( 'NONE', *, *, #5925, .T. ) ;
#348 = CIRCLE ( 'NONE', #1419, 0.4999999999999449329 ) ;
#349 = VERTEX_POINT ( 'NONE', #2764 ) ;
#350 = EDGE_LOOP ( 'NONE', ( #5062, #10702, #8585, #4491 ) ) ;
#351 = ORIENTED_EDGE ( 'NONE', *, *, #10642, .F. ) ;
#352 = ADVANCED_FACE ( 'NONE', ( #1413 ), #7242, .T. ) ;
#353 = EDGE_CURVE ( 'NONE', #7830, #5252, #7998, .T. ) ;
#354 = DIRECTION ( 'NONE',  ( 0.0000000000000000000, 0.0000000000000000000, 1.000000000000000000 ) ) ;
#355 = DIRECTION ( 'NONE',  ( 0.0000000000000000000, 0.0000000000000000000, 1.000000000000000000 ) ) ;
#356 = DIRECTION ( 'NONE',  ( -0.0000000000000000000, -0.0000000000000000000, -1.000000000000000000 ) ) ;
#357 = DIRECTION ( 'NONE',  ( 0.0000000000000000000, 0.0000000000000000000, 1.000000000000000000 ) ) ;
#358 = CARTESIAN_POINT ( 'NONE',  ( -7.027312328099999839, 9.548408764499999535, -50.00000000000000000 ) ) ;
#359 = LINE ( 'NONE', #7250, #2334 ) ;
#360 = EDGE_LOOP ( 'NONE', ( #6222, #6959, #11185, #2963 ) ) ;
#361 = CIRCLE ( 'NONE', #2314, 2.500000000000002220 ) ;
#362 = DIRECTION ( 'NONE',  ( -0.0000000000000000000, -0.0000000000000000000, -1.000000000000000000 ) ) ;
#363 = ORIENTED_EDGE ( 'NONE', *, *, #3361, .F. ) ;
#364 = ADVANCED_FACE ( 'NONE', ( #3787 ), #9861, .F. ) ;
#365 = AXIS2_PLACEMENT_3D ( 'NONE', #1923, #9067, #5450 ) ;
#366 = ORIENTED_EDGE ( 'NONE', *, *, #7194, .F. ) ;
#367 = CARTESIAN_POINT ( 'NONE',  ( -4.527312328099999839, 22.04840876449999953, 50.00000000000000000 ) ) ;
#368 = EDGE_CURVE ( 'NONE', #1431, #8768, #7579, .T. ) ;
#369 = CARTESIAN_POINT ( 'NONE',  ( 28.47268767190000105, 60.04840876450000309, -50.00000000000000000 ) ) ;
#370 = ADVANCED_FACE ( 'NONE', ( #8288 ), #6308, .T. ) ;
#371 = VECTOR ( 'NONE', #2881, 1000.000000000000000 ) ;
#372 = EDGE_CURVE ( 'NONE', #7667, #9927, #11364, .T. ) ;
#373 = VERTEX_POINT ( 'NONE', #7280 ) ;
#374 = AXIS2_PLACEMENT_3D ( 'NONE', #1704, #7945, #1627 ) ;
#375 = CARTESIAN_POINT ( 'NONE',  ( 14.97268767189999927, 49.04840876450001019, 50.00000000000000000 ) ) ;
#376 = ORIENTED_EDGE ( 'NONE', *, *, #1202, .F. ) ;
#377 = FACE_BOUND ( 'NONE', #2760, .T. ) ;
#378 = EDGE_CURVE ( 'NONE', #963, #4503, #5896, .T. ) ;
#379 =( NAMED_UNIT ( * ) PLANE_ANGLE_UNIT ( ) SI_UNIT ( $, .RADIAN. ) );
#380 = CARTESIAN_POINT ( 'NONE',  ( 3.245304965299999900, 4.411116172900000798, 50.00000000000000000 ) ) ;
#381 = CARTESIAN_POINT ( 'NONE',  ( 28.47268767190000105, 48.54840876450000309, 50.00000000000000000 ) ) ;
#382 = LINE ( 'NONE', #7386, #2895 ) ;
#383 = DIRECTION ( 'NONE',  ( -0.0000000000000000000, -0.0000000000000000000, -1.000000000000000000 ) ) ;
#384 = ORIENTED_EDGE ( 'NONE', *, *, #10667, .T. ) ;
#385 = EDGE_CURVE ( 'NONE', #6541, #6623, #2103, .T. ) ;
#386 = VERTEX_POINT ( 'NONE', #1786 ) ;
#387 = VECTOR ( 'NONE', #5158, 1000.000000000000000 ) ;
#388 = CARTESIAN_POINT ( 'NONE',  ( 28.97268767189997618, 71.04840876449998177, -50.00000000000000000 ) ) ;
#389 = CARTESIAN_POINT ( 'NONE',  ( 24.87268767190000673, -3.051591235499996557, 50.00000000000000000 ) ) ;
#390 = EDGE_CURVE ( 'NONE', #5501, #991, #9546, .T. ) ;
#391 = AXIS2_PLACEMENT_3D ( 'NONE', #4173, #9504, #11176 ) ;
#392 = ORIENTED_EDGE ( 'NONE', *, *, #2571, .T. ) ;
#393 = VECTOR ( 'NONE', #3745, 1000.000000000000000 ) ;
#394 = ORIENTED_EDGE ( 'NONE', *, *, #592, .T. ) ;
#395 = DIRECTION ( 'NONE',  ( 1.000000000000000000, 0.0000000000000000000, 0.0000000000000000000 ) ) ;
#396 = DIRECTION ( 'NONE',  ( 0.0000000000000000000, 0.0000000000000000000, 1.000000000000000000 ) ) ;
#397 = CYLINDRICAL_SURFACE ( 'NONE', #2602, 25.00000000000081712 ) ;
#398 = VERTEX_POINT ( 'NONE', #8259 ) ;
#399 = CARTESIAN_POINT ( 'NONE',  ( -7.027312328099999839, 20.54840876449999953, -50.00000000000000000 ) ) ;
#400 = EDGE_CURVE ( 'NONE', #2684, #1032, #848, .T. ) ;
#401 = FACE_OUTER_BOUND ( 'NONE', #3826, .T. ) ;
#402 = DIRECTION ( 'NONE',  ( 0.0000000000000000000, 0.0000000000000000000, 1.000000000000000000 ) ) ;
#403 = ORIENTED_EDGE ( 'NONE', *, *, #1729, .T. ) ;
#404 = DIRECTION ( 'NONE',  ( 1.000000000000000000, 0.0000000000000000000, 0.0000000000000000000 ) ) ;
#405 = CARTESIAN_POINT ( 'NONE',  ( -2.527312328099999394, 21.54840876449999953, 50.00000000000000000 ) ) ;
#406 = CIRCLE ( 'NONE', #7145, 0.4999999999999831246 ) ;
#407 = ORIENTED_EDGE ( 'NONE', *, *, #10576, .T. ) ;
#408 = ADVANCED_FACE ( 'NONE', ( #1119 ), #5610, .F. ) ;
#409 = CYLINDRICAL_SURFACE ( 'NONE', #11644, 4.000000000000531131 ) ;
#410 = AXIS2_PLACEMENT_3D ( 'NONE', #705, #8776, #11476 ) ;
#411 = ORIENTED_EDGE ( 'NONE', *, *, #8658, .F. ) ;
#412 = VERTEX_POINT ( 'NONE', #3703 ) ;
#413 = CARTESIAN_POINT ( 'NONE',  ( 41.58714094422884244, 25.36200999777808818, -50.00000000000000000 ) ) ;
#414 = CARTESIAN_POINT ( 'NONE',  ( 6.875037933123627099, 52.11292489353474622, -50.00000000000000000 ) ) ;
#415 = ADVANCED_FACE ( 'NONE', ( #4215 ), #3924, .F. ) ;
#416 = DIRECTION ( 'NONE',  ( 0.0000000000000000000, 0.0000000000000000000, 1.000000000000000000 ) ) ;
#417 = CARTESIAN_POINT ( 'NONE',  ( 28.47268767190000105, 60.04840876450000309, 50.00000000000000000 ) ) ;
#418 = DIRECTION ( 'NONE',  ( 1.000000000000000000, -0.0000000000000000000, -0.0000000000000000000 ) ) ;
#419 = LINE ( 'NONE', #7260, #10635 ) ;
#420 = ORIENTED_EDGE ( 'NONE', *, *, #751, .F. ) ;
#421 = EDGE_CURVE ( 'NONE', #11070, #11043, #285, .T. ) ;
#422 = FACE_OUTER_BOUND ( 'NONE', #10758, .T. ) ;
#423 = ADVANCED_FACE ( 'NONE', ( #7733 ), #10103, .F. ) ;
#424 = ORIENTED_EDGE ( 'NONE', *, *, #5121, .F. ) ;
#425 = VERTEX_POINT ( 'NONE', #4603 ) ;
#426 = CIRCLE ( 'NONE', #3634, 0.4999999999999891753 ) ;
#427 = ORIENTED_EDGE ( 'NONE', *, *, #759, .T. ) ;
#428 = CARTESIAN_POINT ( 'NONE',  ( -7.027312328099999839, -0.9515912355000000211, 50.00000000000000000 ) ) ;
#429 = DIRECTION ( 'NONE',  ( 1.000000000000000000, 0.0000000000000000000, 0.0000000000000000000 ) ) ;
#430 = DIRECTION ( 'NONE',  ( 1.000000000000000000, 0.0000000000000000000, 0.0000000000000000000 ) ) ;
#431 = ORIENTED_EDGE ( 'NONE', *, *, #5267, .T. ) ;
#432 = CARTESIAN_POINT ( 'NONE',  ( 1.222687671899840067, 57.24840876450021199, -50.00000000000000000 ) ) ;
#433 = ORIENTED_EDGE ( 'NONE', *, *, #4617, .F. ) ;
#434 = ORIENTED_EDGE ( 'NONE', *, *, #5298, .T. ) ;
#435 = EDGE_LOOP ( 'NONE', ( #10397, #2075, #6371, #10258 ) ) ;
#436 = DIRECTION ( 'NONE',  ( -0.0000000000000000000, -0.0000000000000000000, -1.000000000000000000 ) ) ;
#437 = EDGE_CURVE ( 'NONE', #6238, #10031, #5325, .T. ) ;
#438 = AXIS2_PLACEMENT_3D ( 'NONE', #2025, #5697, #1075 ) ;
#439 = PLANE ( 'NONE',  #11338 ) ;
#440 = CIRCLE ( 'NONE', #10373, 26.40000000000964420 ) ;
#441 = VERTEX_POINT ( 'NONE', #1905 ) ;
#442 = ORIENTED_EDGE ( 'NONE', *, *, #5613, .T. ) ;
#443 = DIRECTION ( 'NONE',  ( 0.0000000000000000000, 0.0000000000000000000, 1.000000000000000000 ) ) ;
#444 = CARTESIAN_POINT ( 'NONE',  ( -3.527312328099999839, 11.04840876449999953, -50.00000000000000000 ) ) ;
#445 = DIRECTION ( 'NONE',  ( 1.000000000000000000, 0.0000000000000000000, 0.0000000000000000000 ) ) ;
#446 = EDGE_CURVE ( 'NONE', #11642, #762, #3085, .T. ) ;
#447 = DIRECTION ( 'NONE',  ( -0.0000000000000000000, -0.0000000000000000000, -1.000000000000000000 ) ) ;
#448 = VERTEX_POINT ( 'NONE', #2021 ) ;
#449 = AXIS2_PLACEMENT_3D ( 'NONE', #1359, #7679, #6848 ) ;
#450 = ORIENTED_EDGE ( 'NONE', *, *, #3836, .T. ) ;
#451 = DIRECTION ( 'NONE',  ( 0.0000000000000000000, 0.0000000000000000000, 1.000000000000000000 ) ) ;
#452 = ORIENTED_EDGE ( 'NONE', *, *, #8569, .F. ) ;
#453 = EDGE_CURVE ( 'NONE', #4446, #750, #8700, .T. ) ;
#454 = LINE ( 'NONE', #1212, #8723 ) ;
#455 = FACE_OUTER_BOUND ( 'NONE', #5185, .T. ) ;
#456 = VERTEX_POINT ( 'NONE', #10985 ) ;
#457 = VERTEX_POINT ( 'NONE', #10092 ) ;
#458 = CARTESIAN_POINT ( 'NONE',  ( 20.38611397331328945, 9.630625590213565346, 50.00000000000000000 ) ) ;
#459 = AXIS2_PLACEMENT_3D ( 'NONE', #10392, #7577, #526 ) ;
#460 = DIRECTION ( 'NONE',  ( 1.000000000000000000, 0.0000000000000000000, 0.0000000000000000000 ) ) ;
#461 = PLANE ( 'NONE',  #8047 ) ;
#462 = ORIENTED_EDGE ( 'NONE', *, *, #327, .F. ) ;
#463 = DIRECTION ( 'NONE',  ( -1.000000000000000000, -0.0000000000000000000, -0.0000000000000000000 ) ) ;
#464 = EDGE_CURVE ( 'NONE', #10057, #10684, #5045, .T. ) ;
#465 = DIRECTION ( 'NONE',  ( -0.0000000000000000000, -0.0000000000000000000, -1.000000000000000000 ) ) ;
#466 = LINE ( 'NONE', #11570, #598 ) ;
#467 = CARTESIAN_POINT ( 'NONE',  ( 19.37255887009304445, 12.11620537467157455, 50.00000000000000000 ) ) ;
#468 = ORIENTED_EDGE ( 'NONE', *, *, #8790, .F. ) ;
#469 = VERTEX_POINT ( 'NONE', #4751 ) ;
#470 = VECTOR ( 'NONE', #781, 1000.000000000000000 ) ;
#471 = ORIENTED_EDGE ( 'NONE', *, *, #4533, .T. ) ;
#472 = ADVANCED_FACE ( 'NONE', ( #8277 ), #8971, .F. ) ;
#473 = VERTEX_POINT ( 'NONE', #10904 ) ;
#474 = CARTESIAN_POINT ( 'NONE',  ( 23.78260776853183955, 3.089490506845255613, -50.00000000000000000 ) ) ;
#475 = DIRECTION ( 'NONE',  ( -0.7071067812254043794, 0.7071067811476906551, 0.0000000000000000000 ) ) ;
#476 = EDGE_CURVE ( 'NONE', #473, #5966, #7442, .T. ) ;
#477 = CARTESIAN_POINT ( 'NONE',  ( 28.97268767190000105, 48.04840876450000309, 50.00000000000000000 ) ) ;
#478 = VECTOR ( 'NONE', #7802, 1000.000000000000000 ) ;
#479 = ORIENTED_EDGE ( 'NONE', *, *, #390, .T. ) ;
#480 = CARTESIAN_POINT ( 'NONE',  ( 20.47268767189998684, -0.4515912354999883083, -50.00000000000000000 ) ) ;
#481 = AXIS2_PLACEMENT_3D ( 'NONE', #7914, #2528, #734 ) ;
#482 = CYLINDRICAL_SURFACE ( 'NONE', #9756, 0.5000000000000108802 ) ;
#483 = CIRCLE ( 'NONE', #1849, 0.4999999999999987232 ) ;
#484 = DIRECTION ( 'NONE',  ( 0.0000000000000000000, -1.000000000000000000, 0.0000000000000000000 ) ) ;
#485 = ORIENTED_EDGE ( 'NONE', *, *, #10524, .F. ) ;
#486 = ADVANCED_FACE ( 'NONE', ( #2666 ), #5506, .T. ) ;
#487 = DIRECTION ( 'NONE',  ( -0.0000000000000000000, -0.0000000000000000000, -1.000000000000000000 ) ) ;
#488 = DIRECTION ( 'NONE',  ( -0.0000000000000000000, -0.0000000000000000000, -1.000000000000000000 ) ) ;
#489 = VECTOR ( 'NONE', #6167, 1000.000000000000000 ) ;
#490 = AXIS2_PLACEMENT_3D ( 'NONE', #839, #7148, #3648 ) ;
#491 = ORIENTED_EDGE ( 'NONE', *, *, #1934, .T. ) ;
#492 = ADVANCED_FACE ( 'NONE', ( #11072 ), #3485, .F. ) ;
#493 = DIRECTION ( 'NONE',  ( 0.0000000000000000000, 0.0000000000000000000, 1.000000000000000000 ) ) ;
#494 = LINE ( 'NONE', #5305, #3991 ) ;
#495 = ORIENTED_EDGE ( 'NONE', *, *, #2254, .F. ) ;
#496 = DIRECTION ( 'NONE',  ( 1.000000000000000000, 0.0000000000000000000, 0.0000000000000000000 ) ) ;
#497 = ORIENTED_EDGE ( 'NONE', *, *, #4423, .F. ) ;
#498 = VECTOR ( 'NONE', #10877, 1000.000000000000000 ) ;
#499 = CARTESIAN_POINT ( 'NONE',  ( 1.222687671899987949, 17.24840876450001659, 50.00000000000000000 ) ) ;
#500 = ORIENTED_EDGE ( 'NONE', *, *, #4185, .F. ) ;
#501 = FACE_OUTER_BOUND ( 'NONE', #9790, .T. ) ;
#502 = ORIENTED_EDGE ( 'NONE', *, *, #6767, .T. ) ;
#503 = CARTESIAN_POINT ( 'NONE',  ( 28.47268767190000105, 25.04840876449999953, 50.00000000000000000 ) ) ;
#504 = ORIENTED_EDGE ( 'NONE', *, *, #11335, .T. ) ;
#505 = DIRECTION ( 'NONE',  ( -0.0000000000000000000, -0.0000000000000000000, -1.000000000000000000 ) ) ;
#506 = DIRECTION ( 'NONE',  ( -1.000000000000000000, 0.0000000000000000000, 0.0000000000000000000 ) ) ;
#507 = ORIENTED_EDGE ( 'NONE', *, *, #8057, .T. ) ;
#508 = AXIS2_PLACEMENT_3D ( 'NONE', #9692, #7902, #6880 ) ;
#509 = DIRECTION ( 'NONE',  ( -0.0000000000000000000, -0.0000000000000000000, -1.000000000000000000 ) ) ;
#510 = CARTESIAN_POINT ( 'NONE',  ( 9.972687671899890915, 20.24456118719993469, -50.00000000000000000 ) ) ;
#511 = ADVANCED_FACE ( 'NONE', ( #10774 ), #11351, .F. ) ;
#512 = VECTOR ( 'NONE', #4539, 1000.000000000000000 ) ;
#513 = ORIENTED_EDGE ( 'NONE', *, *, #1448, .T. ) ;
#514 = VECTOR ( 'NONE', #8538, 1000.000000000000000 ) ;
#515 = EDGE_CURVE ( 'NONE', #3092, #7898, #5312, .T. ) ;
#516 = DIRECTION ( 'NONE',  ( 1.000000000000000000, 0.0000000000000000000, 0.0000000000000000000 ) ) ;
#517 = DIRECTION ( 'NONE',  ( -0.0000000000000000000, -0.0000000000000000000, -1.000000000000000000 ) ) ;
#518 = DIRECTION ( 'NONE',  ( 0.0000000000000000000, 0.0000000000000000000, 1.000000000000000000 ) ) ;
#519 = CARTESIAN_POINT ( 'NONE',  ( 7.068198770200000425, 12.54840876449999953, 50.00000000000000000 ) ) ;
#520 = DIRECTION ( 'NONE',  ( 0.0000000000000000000, 0.0000000000000000000, 1.000000000000000000 ) ) ;
#521 = CIRCLE ( 'NONE', #5887, 2.500000000000002220 ) ;
#522 = AXIS2_PLACEMENT_3D ( 'NONE', #5247, #9677, #749 ) ;
#523 = ORIENTED_EDGE ( 'NONE', *, *, #4169, .T. ) ;
#524 = VERTEX_POINT ( 'NONE', #2371 ) ;
#525 = VECTOR ( 'NONE', #1293, 1000.000000000000000 ) ;
#526 = DIRECTION ( 'NONE',  ( 1.000000000000000000, 0.0000000000000000000, 0.0000000000000000000 ) ) ;
#527 = EDGE_CURVE ( 'NONE', #2858, #4927, #4472, .T. ) ;
#528 = DIRECTION ( 'NONE',  ( -0.0000000000000000000, -0.0000000000000000000, -1.000000000000000000 ) ) ;
#529 = ORIENTED_EDGE ( 'NONE', *, *, #4933, .F. ) ;
#530 = AXIS2_PLACEMENT_3D ( 'NONE', #2558, #8830, #1691 ) ;
#531 = ADVANCED_FACE ( 'NONE', ( #7987 ), #2272, .T. ) ;
#532 = CIRCLE ( 'NONE', #8369, 3.400000000000000355 ) ;
#533 = EDGE_LOOP ( 'NONE', ( #718, #5592, #3439, #888 ) ) ;
#534 = ORIENTED_EDGE ( 'NONE', *, *, #1496, .T. ) ;
#535 = EDGE_CURVE ( 'NONE', #3585, #1853, #9800, .T. ) ;
#536 = DIRECTION ( 'NONE',  ( 1.000000000000000000, 0.0000000000000000000, 0.0000000000000000000 ) ) ;
#537 = CIRCLE ( 'NONE', #7574, 0.5000000000000307532 ) ;
#538 = ORIENTED_EDGE ( 'NONE', *, *, #6902, .F. ) ;
#539 = ADVANCED_FACE ( 'NONE', ( #6580 ), #5044, .T. ) ;
#540 = DIRECTION ( 'NONE',  ( -0.0000000000000000000, -1.000000000000000000, -0.0000000000000000000 ) ) ;
#541 = EDGE_CURVE ( 'NONE', #8279, #4952, #3916, .T. ) ;
#542 = FACE_OUTER_BOUND ( 'NONE', #870, .T. ) ;
#543 = ORIENTED_EDGE ( 'NONE', *, *, #4526, .F. ) ;
#544 = CARTESIAN_POINT ( 'NONE',  ( 16.97268767190000105, 73.54840876449999598, 50.00000000000000000 ) ) ;
#545 = DIRECTION ( 'NONE',  ( 1.000000000000000000, 0.0000000000000000000, 0.0000000000000000000 ) ) ;
#546 = EDGE_CURVE ( 'NONE', #9937, #6188, #2092, .T. ) ;
#547 = AXIS2_PLACEMENT_3D ( 'NONE', #10001, #4622, #1057 ) ;
#548 = ADVANCED_FACE ( 'NONE', ( #11494 ), #2512, .T. ) ;
#549 = LINE ( 'NONE', #9092, #7130 ) ;
#550 = ORIENTED_EDGE ( 'NONE', *, *, #5718, .F. ) ;
#551 = DIRECTION ( 'NONE',  ( -0.0000000000000000000, -0.0000000000000000000, -1.000000000000000000 ) ) ;
#552 = CARTESIAN_POINT ( 'NONE',  ( -2.527312328099999839, 45.04840876450000309, 50.00000000000000000 ) ) ;
#553 = DIRECTION ( 'NONE',  ( 0.0000000000000000000, 0.0000000000000000000, -1.000000000000000000 ) ) ;
#554 = FACE_OUTER_BOUND ( 'NONE', #9355, .T. ) ;
#555 = DIRECTION ( 'NONE',  ( -1.000000000000000000, 0.0000000000000000000, 0.0000000000000000000 ) ) ;
#556 = EDGE_CURVE ( 'NONE', #5346, #5013, #11060, .T. ) ;
#557 = AXIS2_PLACEMENT_3D ( 'NONE', #3666, #6604, #8498 ) ;
#558 = CARTESIAN_POINT ( 'NONE',  ( 22.70007037860000310, 65.68570135599999560, 50.00000000000000000 ) ) ;
#559 = CARTESIAN_POINT ( 'NONE',  ( 7.370858131500000354, 17.54840876449999953, -50.00000000000000000 ) ) ;
#560 = VECTOR ( 'NONE', #3252, 1000.000000000000000 ) ;
#561 = ORIENTED_EDGE ( 'NONE', *, *, #1565, .F. ) ;
#562 = EDGE_CURVE ( 'NONE', #754, #1039, #10641, .T. ) ;
#563 = DIRECTION ( 'NONE',  ( 1.000000000000000000, 0.0000000000000000000, 0.0000000000000000000 ) ) ;
#564 = DIRECTION ( 'NONE',  ( -0.0000000000000000000, -0.0000000000000000000, -1.000000000000000000 ) ) ;
#565 = CYLINDRICAL_SURFACE ( 'NONE', #9672, 0.5000000000000350830 ) ;
#566 = DIRECTION ( 'NONE',  ( 1.000000000000000000, 0.0000000000000000000, 0.0000000000000000000 ) ) ;
#567 = EDGE_LOOP ( 'NONE', ( #1694, #10596, #3483, #4279 ) ) ;
#568 = ADVANCED_FACE ( 'NONE', ( #274 ), #565, .T. ) ;
#569 = CARTESIAN_POINT ( 'NONE',  ( 20.72268767190000105, 57.24840876449999882, -50.00000000000000000 ) ) ;
#570 = LINE ( 'NONE', #9152, #4069 ) ;
#571 = ORIENTED_EDGE ( 'NONE', *, *, #9435, .F. ) ;
#572 = AXIS2_PLACEMENT_3D ( 'NONE', #2618, #10719, #8972 ) ;
#573 = FACE_OUTER_BOUND ( 'NONE', #2657, .T. ) ;
#574 = CARTESIAN_POINT ( 'NONE',  ( 28.47268767190000105, 60.04840876450000309, -50.00000000000000000 ) ) ;
#575 = VERTEX_POINT ( 'NONE', #9452 ) ;
#576 = DIRECTION ( 'NONE',  ( 0.0000000000000000000, -0.0000000000000000000, -1.000000000000000000 ) ) ;
#577 = DIRECTION ( 'NONE',  ( 1.000000000000000000, 0.0000000000000000000, 0.0000000000000000000 ) ) ;
#578 = CARTESIAN_POINT ( 'NONE',  ( 31.57268767190000247, -0.9515912355000000211, 50.00000000000000000 ) ) ;
#579 = EDGE_CURVE ( 'NONE', #3660, #11523, #5037, .T. ) ;
#580 = CIRCLE ( 'NONE', #5413, 5.400000000015123369 ) ;
#581 = ORIENTED_EDGE ( 'NONE', *, *, #11248, .F. ) ;
#582 = DIRECTION ( 'NONE',  ( 0.0000000000000000000, 0.0000000000000000000, 1.000000000000000000 ) ) ;
#583 = ORIENTED_EDGE ( 'NONE', *, *, #8950, .T. ) ;
#584 = ORIENTED_EDGE ( 'NONE', *, *, #6148, .T. ) ;
#585 = VERTEX_POINT ( 'NONE', #5917 ) ;
#586 = AXIS2_PLACEMENT_3D ( 'NONE', #1699, #9809, #3580 ) ;
#587 = DIRECTION ( 'NONE',  ( -0.0000000000000000000, -0.0000000000000000000, -1.000000000000000000 ) ) ;
#588 = CARTESIAN_POINT ( 'NONE',  ( -15.64176560054782783, 44.73480753138829868, 50.00000000000000000 ) ) ;
#589 = CIRCLE ( 'NONE', #9770, 0.4999999999999848455 ) ;
#590 = ORIENTED_EDGE ( 'NONE', *, *, #8254, .F. ) ;
#591 = ORIENTED_EDGE ( 'NONE', *, *, #2245, .T. ) ;
#592 = EDGE_CURVE ( 'NONE', #7157, #9336, #7430, .T. ) ;
#593 = DIRECTION ( 'NONE',  ( 1.000000000000000000, 0.0000000000000000000, 0.0000000000000000000 ) ) ;
#594 = ORIENTED_EDGE ( 'NONE', *, *, #7422, .T. ) ;
#595 = ADVANCED_FACE ( 'NONE', ( #4065 ), #10380, .T. ) ;
#596 = EDGE_CURVE ( 'NONE', #6196, #11089, #8689, .T. ) ;
#597 = AXIS2_PLACEMENT_3D ( 'NONE', #5545, #7472, #5580 ) ;
#598 = VECTOR ( 'NONE', #6189, 1000.000000000000000 ) ;
#599 = DIRECTION ( 'NONE',  ( 0.0000000000000000000, 0.0000000000000000000, 1.000000000000000000 ) ) ;
#600 = ORIENTED_EDGE ( 'NONE', *, *, #2834, .T. ) ;
#601 = VERTEX_POINT ( 'NONE', #3216 ) ;
#602 = EDGE_CURVE ( 'NONE', #457, #11236, #11639, .T. ) ;
#603 = VECTOR ( 'NONE', #8628, 1000.000000000000000 ) ;
#604 = ADVANCED_FACE ( 'NONE', ( #1402 ), #4621, .F. ) ;
#605 = VERTEX_POINT ( 'NONE', #1633 ) ;
#606 = DIRECTION ( 'NONE',  ( 0.0000000000000000000, 0.0000000000000000000, 1.000000000000000000 ) ) ;
#607 = AXIS2_PLACEMENT_3D ( 'NONE', #6103, #8774, #818 ) ;
#608 = DIRECTION ( 'NONE',  ( 1.000000000000000000, 0.0000000000000000000, 0.0000000000000000000 ) ) ;
#609 = ORIENTED_EDGE ( 'NONE', *, *, #4476, .T. ) ;
#610 = EDGE_CURVE ( 'NONE', #10960, #4694, #1815, .T. ) ;
#611 = CIRCLE ( 'NONE', #3560, 4.000000000000531131 ) ;
#612 = LINE ( 'NONE', #2872, #2568 ) ;
#613 = FACE_OUTER_BOUND ( 'NONE', #1690, .T. ) ;
#614 = EDGE_CURVE ( 'NONE', #4446, #5426, #10372, .T. ) ;
#615 = ORIENTED_EDGE ( 'NONE', *, *, #11177, .T. ) ;
#616 = CARTESIAN_POINT ( 'NONE',  ( 23.28628890511362570, 83.66286203693830714, 50.00000000000000000 ) ) ;
#617 = AXIS2_PLACEMENT_3D ( 'NONE', #2877, #6321, #5575 ) ;
#618 = EDGE_LOOP ( 'NONE', ( #9255, #3326, #5986, #10493 ) ) ;
#619 = DIRECTION ( 'NONE',  ( -0.0000000000000000000, -0.0000000000000000000, -1.000000000000000000 ) ) ;
#620 = FACE_OUTER_BOUND ( 'NONE', #9556, .T. ) ;
#621 = DIRECTION ( 'NONE',  ( -0.0000000000000000000, -0.0000000000000000000, -1.000000000000000000 ) ) ;
#622 = PLANE ( 'NONE',  #8173 ) ;
#623 = FACE_OUTER_BOUND ( 'NONE', #945, .T. ) ;
#624 = ORIENTED_EDGE ( 'NONE', *, *, #4996, .T. ) ;
#625 = FACE_OUTER_BOUND ( 'NONE', #10984, .T. ) ;
#626 = VECTOR ( 'NONE', #9562, 1000.000000000000000 ) ;
#627 = ADVANCED_FACE ( 'NONE', ( #2941 ), #6016, .F. ) ;
#628 = ORIENTED_EDGE ( 'NONE', *, *, #1539, .F. ) ;
#629 = ORIENTED_EDGE ( 'NONE', *, *, #5852, .F. ) ;
#630 = DIRECTION ( 'NONE',  ( -1.000000000000000000, -0.0000000000000000000, -0.0000000000000000000 ) ) ;
#631 = CARTESIAN_POINT ( 'NONE',  ( 2.972687671900000161, -0.4515912355000000211, -50.00000000000000000 ) ) ;
#632 = EDGE_CURVE ( 'NONE', #5755, #6942, #6300, .T. ) ;
#633 = DIRECTION ( 'NONE',  ( -1.000000000000000000, 0.0000000000000000000, 0.0000000000000000000 ) ) ;
#634 = CARTESIAN_POINT ( 'NONE',  ( 28.97268767190000105, -3.551591235500000554, -50.00000000000000000 ) ) ;
#635 = DIRECTION ( 'NONE',  ( 1.000000000000000000, 0.0000000000000000000, 0.0000000000000000000 ) ) ;
#636 = LINE ( 'NONE', #6921, #1607 ) ;
#637 = EDGE_LOOP ( 'NONE', ( #1972, #10586, #6225, #2846 ) ) ;
#638 = CYLINDRICAL_SURFACE ( 'NONE', #5232, 3.699999999999668887 ) ;
#639 = ORIENTED_EDGE ( 'NONE', *, *, #10467, .F. ) ;
#640 = ORIENTED_EDGE ( 'NONE', *, *, #10863, .T. ) ;
#641 = EDGE_LOOP ( 'NONE', ( #2714, #1611, #2275, #523 ) ) ;
#642 = AXIS2_PLACEMENT_3D ( 'NONE', #8814, #5239, #6142 ) ;
#643 = DIRECTION ( 'NONE',  ( -0.0000000000000000000, -0.0000000000000000000, -1.000000000000000000 ) ) ;
#644 = DIRECTION ( 'NONE',  ( -0.0000000000000000000, -0.0000000000000000000, -1.000000000000000000 ) ) ;
#645 = CIRCLE ( 'NONE', #4017, 1.500000000000004885 ) ;
#646 = ORIENTED_EDGE ( 'NONE', *, *, #3543, .F. ) ;
#647 = DIRECTION ( 'NONE',  ( -1.000000000000000000, 0.0000000000000000000, 0.0000000000000000000 ) ) ;
#648 = FACE_OUTER_BOUND ( 'NONE', #11136, .T. ) ;
#649 = ORIENTED_EDGE ( 'NONE', *, *, #5709, .F. ) ;
#650 = DIRECTION ( 'NONE',  ( -1.000000000000000000, 0.0000000000000000000, 0.0000000000000000000 ) ) ;
#651 = DIRECTION ( 'NONE',  ( 1.000000000000000000, 0.0000000000000000000, 0.0000000000000000000 ) ) ;
#652 = LINE ( 'NONE', #2893, #1491 ) ;
#653 = ORIENTED_EDGE ( 'NONE', *, *, #2998, .T. ) ;
#654 = ORIENTED_EDGE ( 'NONE', *, *, #9217, .T. ) ;
#655 = FACE_BOUND ( 'NONE', #10796, .T. ) ;
#656 = AXIS2_PLACEMENT_3D ( 'NONE', #4456, #10716, #11638 ) ;
#657 = CARTESIAN_POINT ( 'NONE',  ( 15.97268767190000105, 9.143919862770104601, -50.00000000000000000 ) ) ;
#658 = CARTESIAN_POINT ( 'NONE',  ( 20.97268767190028882, 0.3484087644996209931, 50.00000000000000000 ) ) ;
#659 = ADVANCED_FACE ( 'NONE', ( #1107 ), #9116, .F. ) ;
#660 = CIRCLE ( 'NONE', #3470, 0.5000000000000004441 ) ;
#661 = EDGE_CURVE ( 'NONE', #3389, #10707, #4750, .T. ) ;
#662 = CARTESIAN_POINT ( 'NONE',  ( 7.472687671900000161, -4.951591235499999577, 50.00000000000000000 ) ) ;
#663 = ORIENTED_EDGE ( 'NONE', *, *, #6023, .F. ) ;
#664 = AXIS2_PLACEMENT_3D ( 'NONE', #6506, #6466, #2900 ) ;
#665 = DIRECTION ( 'NONE',  ( 0.0000000000000000000, 0.0000000000000000000, 1.000000000000000000 ) ) ;
#666 = ORIENTED_EDGE ( 'NONE', *, *, #1857, .F. ) ;
#667 = CIRCLE ( 'NONE', #11626, 1.500000000000015099 ) ;
#668 = CARTESIAN_POINT ( 'NONE',  ( 5.472687671900010820, -2.451591235500058197, 50.00000000000000000 ) ) ;
#669 = DIRECTION ( 'NONE',  ( -0.0000000000000000000, -0.0000000000000000000, -1.000000000000000000 ) ) ;
#670 = ORIENTED_EDGE ( 'NONE', *, *, #1955, .T. ) ;
#671 = DIRECTION ( 'NONE',  ( -0.0000000000000000000, -0.0000000000000000000, -1.000000000000000000 ) ) ;
#672 = CARTESIAN_POINT ( 'NONE',  ( 14.97268767189999927, 21.04840876449999953, 50.00000000000000000 ) ) ;
#673 = DIRECTION ( 'NONE',  ( -0.0000000000000000000, -0.0000000000000000000, -1.000000000000000000 ) ) ;
#674 = EDGE_CURVE ( 'NONE', #585, #211, #2384, .T. ) ;
#675 = VECTOR ( 'NONE', #10096, 1000.000000000000000 ) ;
#676 = ORIENTED_EDGE ( 'NONE', *, *, #4348, .T. ) ;
#677 = EDGE_CURVE ( 'NONE', #7464, #9540, #6868, .T. ) ;
#678 = DIRECTION ( 'NONE',  ( -0.0000000000000000000, -0.0000000000000000000, -1.000000000000000000 ) ) ;
#679 = AXIS2_PLACEMENT_3D ( 'NONE', #764, #7970, #3417 ) ;
#680 = LINE ( 'NONE', #5210, #9644 ) ;
#681 = ORIENTED_EDGE ( 'NONE', *, *, #3774, .F. ) ;
#682 = CARTESIAN_POINT ( 'NONE',  ( 2.659086438555689824, -13.56604450776711346, 50.00000000000000000 ) ) ;
#683 = LINE ( 'NONE', #8469, #1520 ) ;
#684 = EDGE_CURVE ( 'NONE', #8337, #300, #835, .T. ) ;
#685 = ORIENTED_EDGE ( 'NONE', *, *, #4348, .F. ) ;
#686 = DIRECTION ( 'NONE',  ( -0.0000000000000000000, -0.0000000000000000000, -1.000000000000000000 ) ) ;
#687 = DIRECTION ( 'NONE',  ( -0.0000000000000000000, -0.0000000000000000000, -1.000000000000000000 ) ) ;
#688 = DIRECTION ( 'NONE',  ( -0.0000000000000000000, -0.0000000000000000000, -1.000000000000000000 ) ) ;
#689 = CIRCLE ( 'NONE', #8360, 1.999999999999384270 ) ;
#690 = ORIENTED_EDGE ( 'NONE', *, *, #1595, .T. ) ;
#691 = CARTESIAN_POINT ( 'NONE',  ( -3.527312328100012717, 10.04840876449998532, 50.00000000000000000 ) ) ;
#692 = CARTESIAN_POINT ( 'NONE',  ( 10.77268767190012433, 3.298408764500092794, -50.00000000000000000 ) ) ;
#693 = EDGE_CURVE ( 'NONE', #2228, #3390, #8410, .T. ) ;
#694 = CYLINDRICAL_SURFACE ( 'NONE', #10059, 0.5000000000000229816 ) ;
#695 = EDGE_LOOP ( 'NONE', ( #7019, #286, #5060, #7209 ) ) ;
#696 = CARTESIAN_POINT ( 'NONE',  ( -1.727312327979766637, 63.04840876450003151, 50.00000000000000000 ) ) ;
#697 = LINE ( 'NONE', #3838, #2795 ) ;
#698 = ORIENTED_EDGE ( 'NONE', *, *, #11569, .T. ) ;
#699 = CARTESIAN_POINT ( 'NONE',  ( -1.727312328100812922, 47.04840876449938492, 50.00000000000000000 ) ) ;
#700 = CARTESIAN_POINT ( 'NONE',  ( 22.70007037860000310, 65.68570135599999560, -50.00000000000000000 ) ) ;
#701 = DIRECTION ( 'NONE',  ( 0.0000000000000000000, 0.0000000000000000000, 1.000000000000000000 ) ) ;
#702 = CARTESIAN_POINT ( 'NONE',  ( -3.027312328099999839, 62.04840876450000309, -50.00000000000000000 ) ) ;
#703 = FACE_OUTER_BOUND ( 'NONE', #4779, .T. ) ;
#704 = AXIS2_PLACEMENT_3D ( 'NONE', #6786, #8673, #1414 ) ;
#705 = CARTESIAN_POINT ( 'NONE',  ( 5.972687671900000161, -2.451591235500000021, 50.00000000000000000 ) ) ;
#706 = ORIENTED_EDGE ( 'NONE', *, *, #11320, .F. ) ;
#707 = CARTESIAN_POINT ( 'NONE',  ( 7.776535249200046351, 52.04840876449991782, 50.00000000000000000 ) ) ;
#708 = VECTOR ( 'NONE', #4941, 1000.000000000000000 ) ;
#709 = EDGE_LOOP ( 'NONE', ( #8151, #6035, #5197, #9278 ) ) ;
#710 = ORIENTED_EDGE ( 'NONE', *, *, #8638, .F. ) ;
#711 = CARTESIAN_POINT ( 'NONE',  ( 2.516320965999999881, 66.65377363150000178, 50.00000000000000000 ) ) ;
#712 = EDGE_LOOP ( 'NONE', ( #6050, #798, #5564, #4894 ) ) ;
#713 = ORIENTED_EDGE ( 'NONE', *, *, #11648, .F. ) ;
#714 = DIRECTION ( 'NONE',  ( 1.000000000000000000, 0.0000000000000000000, 0.0000000000000000000 ) ) ;
#715 = AXIS2_PLACEMENT_3D ( 'NONE', #8839, #3457, #10522 ) ;
#716 = LINE ( 'NONE', #5371, #8995 ) ;
#717 = ORIENTED_EDGE ( 'NONE', *, *, #5572, .F. ) ;
#718 = ORIENTED_EDGE ( 'NONE', *, *, #2429, .F. ) ;
#719 = CARTESIAN_POINT ( 'NONE',  ( 28.47268767190000105, 65.04840876449999598, 50.00000000000000000 ) ) ;
#720 = ORIENTED_EDGE ( 'NONE', *, *, #7804, .T. ) ;
#721 = DIRECTION ( 'NONE',  ( -0.0000000000000000000, -0.0000000000000000000, -1.000000000000000000 ) ) ;
#722 = EDGE_LOOP ( 'NONE', ( #9356, #7331, #806, #8462 ) ) ;
#723 = ADVANCED_FACE ( 'NONE', ( #1961 ), #10675, .T. ) ;
#724 = CARTESIAN_POINT ( 'NONE',  ( -7.027312328099999839, 71.04840876449999598, -50.00000000000000000 ) ) ;
#725 = ORIENTED_EDGE ( 'NONE', *, *, #8882, .F. ) ;
#726 = EDGE_CURVE ( 'NONE', #9539, #1989, #3226, .T. ) ;
#727 = LINE ( 'NONE', #6353, #3951 ) ;
#728 = DIRECTION ( 'NONE',  ( -1.000000000000000000, 0.0000000000000000000, 0.0000000000000000000 ) ) ;
#729 = CIRCLE ( 'NONE', #11271, 0.5000000000000073275 ) ;
#730 = ORIENTED_EDGE ( 'NONE', *, *, #10056, .T. ) ;
#731 = ORIENTED_EDGE ( 'NONE', *, *, #6986, .F. ) ;
#732 = ORIENTED_EDGE ( 'NONE', *, *, #63, .F. ) ;
#733 = AXIS2_PLACEMENT_3D ( 'NONE', #59, #8101, #1826 ) ;
#734 = DIRECTION ( 'NONE',  ( 1.000000000000000000, 0.0000000000000000000, 0.0000000000000000000 ) ) ;
#735 = DIRECTION ( 'NONE',  ( -0.0000000000000000000, -0.0000000000000000000, -1.000000000000000000 ) ) ;
#736 = CARTESIAN_POINT ( 'NONE',  ( 1.222687671899996609, 52.84840876448123481, 50.00000000000000000 ) ) ;
#737 = CARTESIAN_POINT ( 'NONE',  ( 28.47268767190000105, 26.74840876449999882, 50.00000000000000000 ) ) ;
#738 = EDGE_CURVE ( 'NONE', #2178, #8876, #9254, .T. ) ;
#739 = FACE_OUTER_BOUND ( 'NONE', #5488, .T. ) ;
#740 = ORIENTED_EDGE ( 'NONE', *, *, #1804, .F. ) ;
#741 = VERTEX_POINT ( 'NONE', #5470 ) ;
#742 = VECTOR ( 'NONE', #5666, 1000.000000000000000 ) ;
#743 = CARTESIAN_POINT ( 'NONE',  ( 24.72268767190004013, 17.24840876452017469, 50.00000000000000000 ) ) ;
#744 = ORIENTED_EDGE ( 'NONE', *, *, #10508, .F. ) ;
#745 = DIRECTION ( 'NONE',  ( 1.000000000000000000, -0.0000000000000000000, -0.0000000000000000000 ) ) ;
#746 = EDGE_CURVE ( 'NONE', #1986, #5222, #6728, .T. ) ;
#747 = EDGE_LOOP ( 'NONE', ( #6662, #984, #11141, #162 ) ) ;
#748 = FACE_OUTER_BOUND ( 'NONE', #5674, .T. ) ;
#749 = DIRECTION ( 'NONE',  ( -1.000000000000000000, 0.0000000000000000000, 0.0000000000000000000 ) ) ;
#750 = VERTEX_POINT ( 'NONE', #7089 ) ;
#751 = EDGE_CURVE ( 'NONE', #2841, #6543, #2244, .T. ) ;
#752 = DIRECTION ( 'NONE',  ( 0.0000000000000000000, 0.0000000000000000000, 1.000000000000000000 ) ) ;
#753 = VECTOR ( 'NONE', #10639, 1000.000000000000000 ) ;
#754 = VERTEX_POINT ( 'NONE', #5436 ) ;
#755 = CARTESIAN_POINT ( 'NONE',  ( 21.51041085813209719, 50.46486567243599808, 50.00000000000000000 ) ) ;
#756 = CARTESIAN_POINT ( 'NONE',  ( 2.555398083368534579, 2.779908071700545769, 50.00000000000000000 ) ) ;
#757 = DIRECTION ( 'NONE',  ( 1.000000000000000000, 0.0000000000000000000, 0.0000000000000000000 ) ) ;
#758 = EDGE_LOOP ( 'NONE', ( #224, #6494, #5620, #2837 ) ) ;
#759 = EDGE_CURVE ( 'NONE', #4503, #2053, #1672, .T. ) ;
#760 = EDGE_CURVE ( 'NONE', #1685, #2685, #8829, .T. ) ;
#761 = LINE ( 'NONE', #7906, #2307 ) ;
#762 = VERTEX_POINT ( 'NONE', #940 ) ;
#763 = AXIS2_PLACEMENT_3D ( 'NONE', #3760, #1846, #8243 ) ;
#764 = CARTESIAN_POINT ( 'NONE',  ( -1.727312327980110584, 23.04840876449949150, 50.00000000000000000 ) ) ;
#765 = FACE_OUTER_BOUND ( 'NONE', #3102, .T. ) ;
#766 = DIRECTION ( 'NONE',  ( -0.0000000000000000000, -0.0000000000000000000, -1.000000000000000000 ) ) ;
#767 = ORIENTED_EDGE ( 'NONE', *, *, #2361, .T. ) ;
#768 = DIRECTION ( 'NONE',  ( -1.000000000000000000, 0.0000000000000000000, 0.0000000000000000000 ) ) ;
#769 = ORIENTED_EDGE ( 'NONE', *, *, #5333, .F. ) ;
#770 = DIRECTION ( 'NONE',  ( -0.0000000000000000000, 1.000000000000000000, -0.0000000000000000000 ) ) ;
#771 = DIRECTION ( 'NONE',  ( -0.0000000000000000000, -0.0000000000000000000, -1.000000000000000000 ) ) ;
#772 = EDGE_CURVE ( 'NONE', #3567, #7956, #10920, .T. ) ;
#773 = LINE ( 'NONE', #6537, #8908 ) ;
#774 = ORIENTED_EDGE ( 'NONE', *, *, #10382, .T. ) ;
#775 = CIRCLE ( 'NONE', #664, 26.40000000001360547 ) ;
#776 = VERTEX_POINT ( 'NONE', #9909 ) ;
#777 = DIRECTION ( 'NONE',  ( -0.0000000000000000000, 1.000000000000000000, -0.0000000000000000000 ) ) ;
#778 = ORIENTED_EDGE ( 'NONE', *, *, #10050, .T. ) ;
#779 = DIRECTION ( 'NONE',  ( 1.000000000000000000, 0.0000000000000000000, 0.0000000000000000000 ) ) ;
#780 = EDGE_CURVE ( 'NONE', #1715, #4419, #9397, .T. ) ;
#781 = DIRECTION ( 'NONE',  ( -0.0000000000000000000, -1.000000000000000000, -0.0000000000000000000 ) ) ;
#782 = CARTESIAN_POINT ( 'NONE',  ( 8.209547951085049533, 57.79840876450031573, 50.00000000000000000 ) ) ;
#783 = DIRECTION ( 'NONE',  ( -0.0000000000000000000, -0.0000000000000000000, -1.000000000000000000 ) ) ;
#784 = DIRECTION ( 'NONE',  ( -0.0000000000000000000, -0.0000000000000000000, -1.000000000000000000 ) ) ;
#785 = CIRCLE ( 'NONE', #5729, 0.4999999999999865663 ) ;
#786 = ORIENTED_EDGE ( 'NONE', *, *, #279, .F. ) ;
#787 = ADVANCED_FACE ( 'NONE', ( #10090 ), #409, .F. ) ;
#788 = LINE ( 'NONE', #3477, #7384 ) ;
#789 = CARTESIAN_POINT ( 'NONE',  ( -15.64176560054782783, 44.73480753138829868, 50.00000000000000000 ) ) ;
#790 = DIRECTION ( 'NONE',  ( 0.0000000000000000000, 0.0000000000000000000, 1.000000000000000000 ) ) ;
#791 = CARTESIAN_POINT ( 'NONE',  ( -5.627312328100000371, 3.148408764500000512, -50.00000000000000000 ) ) ;
#792 = LINE ( 'NONE', #8989, #10327 ) ;
#793 = ORIENTED_EDGE ( 'NONE', *, *, #3151, .F. ) ;
#794 = VERTEX_POINT ( 'NONE', #6383 ) ;
#795 = VECTOR ( 'NONE', #7499, 1000.000000000000000 ) ;
#796 = CARTESIAN_POINT ( 'NONE',  ( 10.47268767189999927, 60.95289766620000194, 50.00000000000000000 ) ) ;
#797 = EDGE_CURVE ( 'NONE', #7036, #10563, #6447, .T. ) ;
#798 = ORIENTED_EDGE ( 'NONE', *, *, #7005, .F. ) ;
#799 = PLANE ( 'NONE',  #4872 ) ;
#800 = CARTESIAN_POINT ( 'NONE',  ( 41.58714094423089591, 65.36200999777653919, -50.00000000000000000 ) ) ;
#801 = DIRECTION ( 'NONE',  ( 0.0000000000000000000, 0.0000000000000000000, 1.000000000000000000 ) ) ;
#802 = DIRECTION ( 'NONE',  ( 1.000000000000000000, 0.0000000000000000000, 0.0000000000000000000 ) ) ;
#803 = VECTOR ( 'NONE', #11144, 1000.000000000000000 ) ;
#804 = AXIS2_PLACEMENT_3D ( 'NONE', #5301, #11628, #1741 ) ;
#805 = ORIENTED_EDGE ( 'NONE', *, *, #9943, .T. ) ;
#806 = ORIENTED_EDGE ( 'NONE', *, *, #4784, .F. ) ;
#807 = DIRECTION ( 'NONE',  ( -0.0000000000000000000, -0.0000000000000000000, -1.000000000000000000 ) ) ;
#808 = EDGE_CURVE ( 'NONE', #8902, #1970, #3775, .T. ) ;
#809 = CYLINDRICAL_SURFACE ( 'NONE', #804, 0.4999999999998859801 ) ;
#810 = ORIENTED_EDGE ( 'NONE', *, *, #7543, .F. ) ;
#811 = EDGE_CURVE ( 'NONE', #9324, #214, #827, .T. ) ;
#812 = DIRECTION ( 'NONE',  ( -0.0000000000000000000, -0.0000000000000000000, -1.000000000000000000 ) ) ;
#813 = AXIS2_PLACEMENT_3D ( 'NONE', #413, #1353, #7552 ) ;
#814 = PLANE ( 'NONE',  #2873 ) ;
#815 = CARTESIAN_POINT ( 'NONE',  ( 28.47268767190000105, 20.04840876449999953, -50.00000000000000000 ) ) ;
#816 = CARTESIAN_POINT ( 'NONE',  ( 15.72268767189988203, 59.81154848530758983, 50.00000000000000000 ) ) ;
#817 = CIRCLE ( 'NONE', #5419, 0.4999999999999106826 ) ;
#818 = DIRECTION ( 'NONE',  ( 1.000000000000000000, 0.0000000000000000000, 0.0000000000000000000 ) ) ;
#819 = ORIENTED_EDGE ( 'NONE', *, *, #9016, .T. ) ;
#820 = EDGE_CURVE ( 'NONE', #8389, #10624, #4740, .T. ) ;
#821 = DIRECTION ( 'NONE',  ( -0.0000000000000000000, 1.000000000000000000, -0.0000000000000000000 ) ) ;
#822 = CARTESIAN_POINT ( 'NONE',  ( 23.28260776849402092, 67.00732702209258207, 50.00000000000000000 ) ) ;
#823 = AXIS2_PLACEMENT_3D ( 'NONE', #2344, #3243, #1795 ) ;
#824 = FACE_OUTER_BOUND ( 'NONE', #3611, .T. ) ;
#825 = ORIENTED_EDGE ( 'NONE', *, *, #9154, .F. ) ;
#826 = EDGE_CURVE ( 'NONE', #6187, #5386, #10509, .T. ) ;
#827 = LINE ( 'NONE', #11604, #7420 ) ;
#828 = CARTESIAN_POINT ( 'NONE',  ( 18.16884009459992200, 58.04840876450013809, -50.00000000000000000 ) ) ;
#829 = DIRECTION ( 'NONE',  ( 1.000000000000000000, 0.0000000000000000000, 0.0000000000000000000 ) ) ;
#830 = CARTESIAN_POINT ( 'NONE',  ( 24.72268767189978433, 57.24840876451167304, 50.00000000000000000 ) ) ;
#831 = AXIS2_PLACEMENT_3D ( 'NONE', #9802, #8756, #4403 ) ;
#832 = VECTOR ( 'NONE', #6894, 1000.000000000000000 ) ;
#833 = VERTEX_POINT ( 'NONE', #8023 ) ;
#834 = DIRECTION ( 'NONE',  ( 0.0000000000000000000, 1.000000000000000000, -0.0000000000000000000 ) ) ;
#835 = CIRCLE ( 'NONE', #5402, 0.5000000000000038858 ) ;
#836 = CARTESIAN_POINT ( 'NONE',  ( -5.627312328100000371, -0.9515912355000000211, 50.00000000000000000 ) ) ;
#837 = DIRECTION ( 'NONE',  ( 0.0000000000000000000, 0.0000000000000000000, -1.000000000000000000 ) ) ;
#838 = ORIENTED_EDGE ( 'NONE', *, *, #5728, .F. ) ;
#839 = CARTESIAN_POINT ( 'NONE',  ( 10.97268767189999927, 49.04840876450001019, 50.00000000000000000 ) ) ;
#840 = CARTESIAN_POINT ( 'NONE',  ( 41.58714094423089591, 65.36200999777653919, 50.00000000000000000 ) ) ;
#841 = ORIENTED_EDGE ( 'NONE', *, *, #11204, .T. ) ;
#842 = CIRCLE ( 'NONE', #10222, 0.5000000000000004441 ) ;
#843 = VERTEX_POINT ( 'NONE', #10757 ) ;
#844 = DIRECTION ( 'NONE',  ( -0.0000000000000000000, -0.0000000000000000000, -1.000000000000000000 ) ) ;
#845 = DIRECTION ( 'NONE',  ( 1.000000000000000000, 0.0000000000000000000, 0.0000000000000000000 ) ) ;
#846 = EDGE_CURVE ( 'NONE', #9927, #5691, #9657, .T. ) ;
#847 = ORIENTED_EDGE ( 'NONE', *, *, #2237, .T. ) ;
#848 = LINE ( 'NONE', #4451, #8136 ) ;
#849 = ORIENTED_EDGE ( 'NONE', *, *, #7604, .T. ) ;
#850 = CARTESIAN_POINT ( 'NONE',  ( 18.87717657362980361, 12.04840876450005460, -50.00000000000000000 ) ) ;
#851 = CARTESIAN_POINT ( 'NONE',  ( 15.47268767189999927, 60.24456118719999864, -50.00000000000000000 ) ) ;
#852 = DIRECTION ( 'NONE',  ( 0.0000000000000000000, -1.000000000000000000, 0.0000000000000000000 ) ) ;
#853 = DIRECTION ( 'NONE',  ( -0.0000000000000000000, -0.0000000000000000000, -1.000000000000000000 ) ) ;
#854 = DIRECTION ( 'NONE',  ( -1.000000000000000000, -0.0000000000000000000, -0.0000000000000000000 ) ) ;
#855 = FACE_OUTER_BOUND ( 'NONE', #4381, .T. ) ;
#856 = ORIENTED_EDGE ( 'NONE', *, *, #156, .T. ) ;
#857 = AXIS2_PLACEMENT_3D ( 'NONE', #1423, #599, #2404 ) ;
#858 = DIRECTION ( 'NONE',  ( -0.7071067811865476838, -0.7071067811865474617, 0.0000000000000000000 ) ) ;
#859 = DIRECTION ( 'NONE',  ( -0.0000000000000000000, 1.000000000000000000, -0.0000000000000000000 ) ) ;
#860 = ORIENTED_EDGE ( 'NONE', *, *, #9697, .F. ) ;
#861 = EDGE_LOOP ( 'NONE', ( #6473, #8568, #2985, #10697, #7571, #3258, #13, #1712, #513, #3812, #4847, #11597, #8446, #6526, #8937, #1922, #7321, #8534, #1733, #7166, #2390, #5205, #1279, #10911, #302, #9229, #3146, #7921, #10510, #10312, #9153, #10535, #8685, #4537, #7486, #3968, #4393, #2398, #3363, #9951, #9597, #3653, #4273, #10423, #6201, #3099, #3373, #8065, #6919, #7413, #4819, #8262 ) ) ;
#862 = AXIS2_PLACEMENT_3D ( 'NONE', #4641, #7323, #4684 ) ;
#863 = ORIENTED_EDGE ( 'NONE', *, *, #9245, .F. ) ;
#864 = DIRECTION ( 'NONE',  ( -0.0000000000000000000, -1.000000000000000000, -0.0000000000000000000 ) ) ;
#865 = VECTOR ( 'NONE', #3724, 1000.000000000000000 ) ;
#866 = VERTEX_POINT ( 'NONE', #7161 ) ;
#867 = ORIENTED_EDGE ( 'NONE', *, *, #1340, .T. ) ;
#868 = DIRECTION ( 'NONE',  ( 1.000000000000000000, 0.0000000000000000000, 0.0000000000000000000 ) ) ;
#869 = CARTESIAN_POINT ( 'NONE',  ( 1.572687671899998918, 73.14840876450000451, 50.00000000000000000 ) ) ;
#870 = EDGE_LOOP ( 'NONE', ( #1216, #3451, #594, #9902 ) ) ;
#871 = AXIS2_PLACEMENT_3D ( 'NONE', #273, #10887, #5522 ) ;
#872 = CYLINDRICAL_SURFACE ( 'NONE', #1347, 0.4999999999999726885 ) ;
#873 = EDGE_LOOP ( 'NONE', ( #5751, #3734, #7278, #1301, #9027, #7865, #5716, #7049, #6449, #8872, #3511, #7702, #4613, #8983, #1658 ) ) ;
#874 = ORIENTED_EDGE ( 'NONE', *, *, #5857, .T. ) ;
#875 = VECTOR ( 'NONE', #2514, 1000.000000000000000 ) ;
#876 = ORIENTED_EDGE ( 'NONE', *, *, #3370, .F. ) ;
#877 = CARTESIAN_POINT ( 'NONE',  ( -0.5173598695641153933, 24.64089582830098735, -50.00000000000000000 ) ) ;
#878 = CARTESIAN_POINT ( 'NONE',  ( 27.67268767190000389, 25.04840876449999953, 50.00000000000000000 ) ) ;
#879 = EDGE_LOOP ( 'NONE', ( #8118, #11082, #5154, #10444 ) ) ;
#880 = EDGE_CURVE ( 'NONE', #11543, #6807, #9108, .T. ) ;
#881 = AXIS2_PLACEMENT_3D ( 'NONE', #4385, #10644, #2696 ) ;
#882 = CARTESIAN_POINT ( 'NONE',  ( 15.47268767189999927, 9.143919862700000678, 50.00000000000000000 ) ) ;
#883 = CARTESIAN_POINT ( 'NONE',  ( 27.67268767187424672, 7.048408764499903612, 50.00000000000000000 ) ) ;
#884 = CIRCLE ( 'NONE', #344, 2.500000000000015987 ) ;
#885 = LINE ( 'NONE', #11454, #3828 ) ;
#886 = FACE_OUTER_BOUND ( 'NONE', #4787, .T. ) ;
#887 = EDGE_LOOP ( 'NONE', ( #8347, #424, #1403, #4597 ) ) ;
#888 = ORIENTED_EDGE ( 'NONE', *, *, #9751, .T. ) ;
#889 = EDGE_CURVE ( 'NONE', #4332, #4048, #8124, .T. ) ;
#890 = CARTESIAN_POINT ( 'NONE',  ( 28.47268767190000105, 8.548408764499999535, 50.00000000000000000 ) ) ;
#891 = CARTESIAN_POINT ( 'NONE',  ( 16.97268767190000105, 73.54840876449999598, 50.00000000000000000 ) ) ;
#892 = CARTESIAN_POINT ( 'NONE',  ( 7.068198770200001313, 58.04840876450000309, 50.00000000000000000 ) ) ;
#893 = DIRECTION ( 'NONE',  ( 0.0000000000000000000, 0.0000000000000000000, 1.000000000000000000 ) ) ;
#894 = EDGE_CURVE ( 'NONE', #1146, #8219, #6999, .T. ) ;
#895 = VECTOR ( 'NONE', #8879, 1000.000000000000000 ) ;
#896 = ORIENTED_EDGE ( 'NONE', *, *, #4943, .F. ) ;
#897 = CYLINDRICAL_SURFACE ( 'NONE', #1187, 25.00000000000091660 ) ;
#898 = VECTOR ( 'NONE', #1519, 1000.000000000000000 ) ;
#899 = ORIENTED_EDGE ( 'NONE', *, *, #894, .T. ) ;
#900 = AXIS2_PLACEMENT_3D ( 'NONE', #79, #3722, #4658 ) ;
#901 = ADVANCED_FACE ( 'NONE', ( #3764 ), #141, .T. ) ;
#902 = ORIENTED_EDGE ( 'NONE', *, *, #1424, .F. ) ;
#903 = CARTESIAN_POINT ( 'NONE',  ( 22.56517473566587384, 1.558361222961575310, -50.00000000000000000 ) ) ;
#904 = EDGE_CURVE ( 'NONE', #2987, #3150, #7976, .T. ) ;
#905 = DIRECTION ( 'NONE',  ( -0.0000000000000000000, -0.0000000000000000000, -1.000000000000000000 ) ) ;
#906 = CARTESIAN_POINT ( 'NONE',  ( -5.527312328099999839, 59.04840876450000309, 50.00000000000000000 ) ) ;
#908 = LINE ( 'NONE', #10256, #3851 ) ;
#907 = DIRECTION ( 'NONE',  ( 1.000000000000000000, 0.0000000000000000000, 0.0000000000000000000 ) ) ;
#909 = ORIENTED_EDGE ( 'NONE', *, *, #5773, .F. ) ;
#910 = FACE_OUTER_BOUND ( 'NONE', #712, .T. ) ;
#911 = ORIENTED_EDGE ( 'NONE', *, *, #10773, .T. ) ;
#912 = ORIENTED_EDGE ( 'NONE', *, *, #1771, .T. ) ;
#913 = ORIENTED_EDGE ( 'NONE', *, *, #4743, .T. ) ;
#914 = DIRECTION ( 'NONE',  ( -1.000000000000000000, 0.0000000000000000000, 0.0000000000000000000 ) ) ;
#915 = EDGE_CURVE ( 'NONE', #8747, #11292, #5452, .T. ) ;
#916 = DIRECTION ( 'NONE',  ( 1.000000000000000000, -0.0000000000000000000, -0.0000000000000000000 ) ) ;
#917 = AXIS2_PLACEMENT_3D ( 'NONE', #10197, #7611, #3997 ) ;
#918 = PLANE ( 'NONE',  #9476 ) ;
#919 = DIRECTION ( 'NONE',  ( -1.000000000000000000, 0.0000000000000000000, 0.0000000000000000000 ) ) ;
#920 = LINE ( 'NONE', #4461, #9612 ) ;
#921 = ORIENTED_EDGE ( 'NONE', *, *, #527, .F. ) ;
#922 = DIRECTION ( 'NONE',  ( -0.0000000000000000000, -0.0000000000000000000, -1.000000000000000000 ) ) ;
#923 = DIRECTION ( 'NONE',  ( 1.000000000000000000, 0.0000000000000000000, 0.0000000000000000000 ) ) ;
#924 = VECTOR ( 'NONE', #6271, 1000.000000000000000 ) ;
#925 = CARTESIAN_POINT ( 'NONE',  ( 1.367322804899999911, 4.592042058500000579, 50.00000000000000000 ) ) ;
#926 = ORIENTED_EDGE ( 'NONE', *, *, #3140, .F. ) ;
#927 = EDGE_CURVE ( 'NONE', #2869, #2217, #5302, .T. ) ;
#928 = AXIS2_PLACEMENT_3D ( 'NONE', #6775, #3212, #9448 ) ;
#929 = DIRECTION ( 'NONE',  ( 0.0000000000000000000, 0.0000000000000000000, -1.000000000000000000 ) ) ;
#930 = VECTOR ( 'NONE', #6627, 1000.000000000000000 ) ;
#931 = DIRECTION ( 'NONE',  ( -0.0000000000000000000, -0.0000000000000000000, -1.000000000000000000 ) ) ;
#932 = ORIENTED_EDGE ( 'NONE', *, *, #6810, .F. ) ;
#933 = CARTESIAN_POINT ( 'NONE',  ( 29.47268767190000105, 11.04840876449999953, 50.00000000000000000 ) ) ;
#934 = ORIENTED_EDGE ( 'NONE', *, *, #7622, .F. ) ;
#935 = FACE_BOUND ( 'NONE', #8084, .T. ) ;
#936 = CARTESIAN_POINT ( 'NONE',  ( 18.16884009460000016, 12.54840876449999953, 50.00000000000000000 ) ) ;
#937 = EDGE_CURVE ( 'NONE', #6943, #1666, #1099, .T. ) ;
#938 = CARTESIAN_POINT ( 'NONE',  ( -5.627312328100001260, 66.94840876450000167, 50.00000000000000000 ) ) ;
#939 = CARTESIAN_POINT ( 'NONE',  ( 21.51041085812406095, 59.63195185656541497, 50.00000000000000000 ) ) ;
#940 = CARTESIAN_POINT ( 'NONE',  ( 10.47268767189999927, 9.143919862700000678, -50.00000000000000000 ) ) ;
#941 = DIRECTION ( 'NONE',  ( -0.0000000000000000000, -0.0000000000000000000, -1.000000000000000000 ) ) ;
#942 = CARTESIAN_POINT ( 'NONE',  ( 10.47268767189999927, 20.54840876449999953, -50.00000000000000000 ) ) ;
#943 = VECTOR ( 'NONE', #4840, 1000.000000000000000 ) ;
#944 = ORIENTED_EDGE ( 'NONE', *, *, #10142, .F. ) ;
#945 = EDGE_LOOP ( 'NONE', ( #3816, #1693, #5455, #4976 ) ) ;
#946 = CIRCLE ( 'NONE', #9122, 5.499999999994174438 ) ;
#947 = AXIS2_PLACEMENT_3D ( 'NONE', #4733, #5561, #314 ) ;
#948 = CARTESIAN_POINT ( 'NONE',  ( 23.25642687287322019, 5.674579448459777353, -50.00000000000000000 ) ) ;
#949 = DIRECTION ( 'NONE',  ( -0.0000000000000000000, -0.0000000000000000000, -1.000000000000000000 ) ) ;
#950 = CARTESIAN_POINT ( 'NONE',  ( 2.688948471027015064, 64.42223808054043843, 50.00000000000000000 ) ) ;
#951 = ORIENTED_EDGE ( 'NONE', *, *, #10407, .T. ) ;
#952 = CIRCLE ( 'NONE', #3925, 26.39999999996005187 ) ;
#953 = EDGE_CURVE ( 'NONE', #1095, #1853, #1391, .T. ) ;
#954 = ORIENTED_EDGE ( 'NONE', *, *, #1143, .T. ) ;
#955 = PLANE ( 'NONE',  #490 ) ;
#956 = CIRCLE ( 'NONE', #10045, 0.4999999999999900080 ) ;
#957 = VERTEX_POINT ( 'NONE', #2098 ) ;
#958 = ADVANCED_FACE ( 'NONE', ( #2789 ), #694, .F. ) ;
#959 = DIRECTION ( 'NONE',  ( 0.0000000000000000000, 1.000000000000000000, -0.0000000000000000000 ) ) ;
#960 = AXIS2_PLACEMENT_3D ( 'NONE', #2002, #1133, #8400 ) ;
#961 = DIRECTION ( 'NONE',  ( -1.000000000000000000, 0.0000000000000000000, 0.0000000000000000000 ) ) ;
#962 = FACE_OUTER_BOUND ( 'NONE', #1162, .T. ) ;
#963 = VERTEX_POINT ( 'NONE', #10065 ) ;
#964 = EDGE_CURVE ( 'NONE', #1555, #6813, #5026, .T. ) ;
#965 = EDGE_CURVE ( 'NONE', #6305, #4222, #4891, .T. ) ;
#966 = AXIS2_PLACEMENT_3D ( 'NONE', #2646, #3665, #136 ) ;
#967 = CIRCLE ( 'NONE', #917, 0.5000000000000125455 ) ;
#968 = VERTEX_POINT ( 'NONE', #2065 ) ;
#969 = DIRECTION ( 'NONE',  ( 0.0000000000000000000, 0.0000000000000000000, 1.000000000000000000 ) ) ;
#970 = CARTESIAN_POINT ( 'NONE',  ( -3.027312328099986516, 48.54840876449998888, 50.00000000000000000 ) ) ;
#971 = VECTOR ( 'NONE', #1946, 1000.000000000000000 ) ;
#972 = EDGE_CURVE ( 'NONE', #4804, #8573, #5163, .T. ) ;
#973 = ORIENTED_EDGE ( 'NONE', *, *, #11230, .T. ) ;
#974 = DIRECTION ( 'NONE',  ( 1.000000000000000000, -0.0000000000000000000, -0.0000000000000000000 ) ) ;
#975 = VECTOR ( 'NONE', #1092, 1000.000000000000000 ) ;
#976 = ORIENTED_EDGE ( 'NONE', *, *, #1938, .F. ) ;
#977 = EDGE_CURVE ( 'NONE', #11073, #7268, #3476, .T. ) ;
#978 = EDGE_CURVE ( 'NONE', #2759, #3097, #3352, .T. ) ;
#979 = DIRECTION ( 'NONE',  ( 1.000000000000000000, 0.0000000000000000000, 0.0000000000000000000 ) ) ;
#980 = DIRECTION ( 'NONE',  ( -0.0000000000000000000, -0.0000000000000000000, -1.000000000000000000 ) ) ;
#981 = VECTOR ( 'NONE', #3677, 1000.000000000000000 ) ;
#982 = DIRECTION ( 'NONE',  ( -0.0000000000000000000, -0.0000000000000000000, -1.000000000000000000 ) ) ;
#983 = AXIS2_PLACEMENT_3D ( 'NONE', #6126, #10664, #4475 ) ;
#984 = ORIENTED_EDGE ( 'NONE', *, *, #7056, .F. ) ;
#985 = ORIENTED_EDGE ( 'NONE', *, *, #5874, .F. ) ;
#986 = DIRECTION ( 'NONE',  ( 0.0000000000000000000, -0.0000000000000000000, -1.000000000000000000 ) ) ;
#987 = CYLINDRICAL_SURFACE ( 'NONE', #10810, 1.000000000000035527 ) ;
#988 = ORIENTED_EDGE ( 'NONE', *, *, #10885, .T. ) ;
#989 = CARTESIAN_POINT ( 'NONE',  ( 28.47268767190000105, 26.74840876449999882, -50.00000000000000000 ) ) ;
#990 = DIRECTION ( 'NONE',  ( -0.0000000000000000000, -1.000000000000000000, -0.0000000000000000000 ) ) ;
#991 = VERTEX_POINT ( 'NONE', #2968 ) ;
#992 = ORIENTED_EDGE ( 'NONE', *, *, #4803, .F. ) ;
#993 = ORIENTED_EDGE ( 'NONE', *, *, #8963, .F. ) ;
#994 = EDGE_CURVE ( 'NONE', #794, #4807, #1248, .T. ) ;
#995 = CYLINDRICAL_SURFACE ( 'NONE', #3239, 26.70000000000182538 ) ;
#996 = ORIENTED_EDGE ( 'NONE', *, *, #1418, .T. ) ;
#997 = EDGE_LOOP ( 'NONE', ( #9322, #8789, #2353, #874 ) ) ;
#998 = ORIENTED_EDGE ( 'NONE', *, *, #8852, .T. ) ;
#999 = ORIENTED_EDGE ( 'NONE', *, *, #9618, .T. ) ;
#1000 = DIRECTION ( 'NONE',  ( -0.0000000000000000000, -0.0000000000000000000, -1.000000000000000000 ) ) ;
#1001 = CARTESIAN_POINT ( 'NONE',  ( -5.527312328099999839, 11.04840876449999953, -50.00000000000000000 ) ) ;
#1002 = DIRECTION ( 'NONE',  ( -0.0000000000000000000, -0.0000000000000000000, -1.000000000000000000 ) ) ;
#1003 = CARTESIAN_POINT ( 'NONE',  ( 29.47268767189999394, 20.04840876449999598, -50.00000000000000000 ) ) ;
#1004 = VECTOR ( 'NONE', #8226, 1000.000000000000000 ) ;
#1005 = AXIS2_PLACEMENT_3D ( 'NONE', #9911, #4424, #7211 ) ;
#1006 = LINE ( 'NONE', #7025, #165 ) ;
#1007 = ORIENTED_EDGE ( 'NONE', *, *, #3436, .F. ) ;
#1008 = ORIENTED_EDGE ( 'NONE', *, *, #3654, .T. ) ;
#1009 = ADVANCED_FACE ( 'NONE', ( #554 ), #2376, .F. ) ;
#1010 = VERTEX_POINT ( 'NONE', #6761 ) ;
#1011 = FACE_OUTER_BOUND ( 'NONE', #7709, .T. ) ;
#1012 = CARTESIAN_POINT ( 'NONE',  ( 8.209547951092257989, 12.29840876450002085, -50.00000000000000000 ) ) ;
#1013 = EDGE_CURVE ( 'NONE', #8152, #4563, #2644, .T. ) ;
#1014 = CARTESIAN_POINT ( 'NONE',  ( 27.67268767190074996, 23.04840876450057507, -50.00000000000000000 ) ) ;
#1015 = LINE ( 'NONE', #8366, #4655 ) ;
#1016 = EDGE_LOOP ( 'NONE', ( #11181, #11174, #876, #10497 ) ) ;
#1017 = ORIENTED_EDGE ( 'NONE', *, *, #1013, .T. ) ;
#1018 = DIRECTION ( 'NONE',  ( -0.0000000000000000000, -0.0000000000000000000, -1.000000000000000000 ) ) ;
#1019 = DIRECTION ( 'NONE',  ( -0.0000000000000000000, -0.0000000000000000000, -1.000000000000000000 ) ) ;
#1020 = DIRECTION ( 'NONE',  ( 1.000000000000000000, 0.0000000000000000000, 0.0000000000000000000 ) ) ;
#1021 = FACE_OUTER_BOUND ( 'NONE', #11434, .T. ) ;
#1022 = EDGE_LOOP ( 'NONE', ( #5125, #2791, #6021, #10526 ) ) ;
#1023 = EDGE_LOOP ( 'NONE', ( #3346, #11599, #11225, #8880 ) ) ;
#1024 = AXIS2_PLACEMENT_3D ( 'NONE', #6102, #7915, #2531 ) ;
#1025 = CIRCLE ( 'NONE', #1762, 5.499999999994707345 ) ;
#1026 = CARTESIAN_POINT ( 'NONE',  ( 14.97268767189996552, 49.54840876450003861, -50.00000000000000000 ) ) ;
#1027 = ORIENTED_EDGE ( 'NONE', *, *, #1641, .F. ) ;
#1028 = PRESENTATION_STYLE_ASSIGNMENT (( #7359 ) ) ;
#1029 = CIRCLE ( 'NONE', #6657, 2.499999999999998668 ) ;
#1030 = ORIENTED_EDGE ( 'NONE', *, *, #10445, .T. ) ;
#1031 = DIRECTION ( 'NONE',  ( -0.0000000000000000000, -0.0000000000000000000, -1.000000000000000000 ) ) ;
#1032 = VERTEX_POINT ( 'NONE', #4060 ) ;
#1033 = EDGE_CURVE ( 'NONE', #7586, #10066, #10910, .T. ) ;
#1034 = AXIS2_PLACEMENT_3D ( 'NONE', #7282, #10833, #10712 ) ;
#1035 = LINE ( 'NONE', #2564, #7916 ) ;
#1036 = ORIENTED_EDGE ( 'NONE', *, *, #4370, .F. ) ;
#1037 = EDGE_CURVE ( 'NONE', #10603, #9967, #5587, .T. ) ;
#1038 = CIRCLE ( 'NONE', #5847, 5.500000000000617284 ) ;
#1039 = VERTEX_POINT ( 'NONE', #11109 ) ;
#1040 = AXIS2_PLACEMENT_3D ( 'NONE', #5828, #4913, #5740 ) ;
#1041 = CARTESIAN_POINT ( 'NONE',  ( 7.370858131500000354, 52.54840876450000309, 50.00000000000000000 ) ) ;
#1042 = EDGE_LOOP ( 'NONE', ( #11101, #8679, #9915, #2019 ) ) ;
#1043 = DIRECTION ( 'NONE',  ( 0.0000000000000000000, 0.0000000000000000000, 1.000000000000000000 ) ) ;
#1044 = DIRECTION ( 'NONE',  ( 1.000000000000000000, 0.0000000000000000000, 0.0000000000000000000 ) ) ;
#1045 = CARTESIAN_POINT ( 'NONE',  ( -1.727312327979766637, 63.04840876450003151, -50.00000000000000000 ) ) ;
#1046 = EDGE_CURVE ( 'NONE', #5693, #3559, #9945, .T. ) ;
#1047 = CARTESIAN_POINT ( 'NONE',  ( -3.027312328099999839, 75.04840876449999598, -50.00000000000000000 ) ) ;
#1048 = VECTOR ( 'NONE', #9210, 1000.000000000000000 ) ;
#1049 = VERTEX_POINT ( 'NONE', #3984 ) ;
#1050 = AXIS2_PLACEMENT_3D ( 'NONE', #8598, #443, #563 ) ;
#1051 = LINE ( 'NONE', #6892, #7929 ) ;
#1052 = VERTEX_POINT ( 'NONE', #10298 ) ;
#1053 = ORIENTED_EDGE ( 'NONE', *, *, #8419, .F. ) ;
#1054 = EDGE_CURVE ( 'NONE', #10544, #7507, #10360, .T. ) ;
#1055 = CARTESIAN_POINT ( 'NONE',  ( 27.67268767189892031, 63.04840876449918596, 50.00000000000000000 ) ) ;
#1056 = CARTESIAN_POINT ( 'NONE',  ( 18.87717657370000168, 57.54840876450001019, -50.00000000000000000 ) ) ;
#1057 = DIRECTION ( 'NONE',  ( 1.000000000000000000, 0.0000000000000000000, 0.0000000000000000000 ) ) ;
#1058 = VECTOR ( 'NONE', #528, 1000.000000000000000 ) ;
#1059 = ORIENTED_EDGE ( 'NONE', *, *, #772, .F. ) ;
#1060 = VECTOR ( 'NONE', #10767, 1000.000000000000000 ) ;
#1061 = EDGE_CURVE ( 'NONE', #4807, #6979, #9791, .T. ) ;
#1062 = DIRECTION ( 'NONE',  ( -0.0000000000000000000, -0.0000000000000000000, -1.000000000000000000 ) ) ;
#1063 = AXIS2_PLACEMENT_3D ( 'NONE', #4981, #2247, #8526 ) ;
#1064 = DIRECTION ( 'NONE',  ( -0.0000000000000000000, -0.0000000000000000000, -1.000000000000000000 ) ) ;
#1065 = ADVANCED_FACE ( 'NONE', ( #3215 ), #8551, .F. ) ;
#1066 = DIRECTION ( 'NONE',  ( -0.0000000000000000000, -0.0000000000000000000, -1.000000000000000000 ) ) ;
#1067 = VECTOR ( 'NONE', #2911, 1000.000000000000000 ) ;
#1068 = ORIENTED_EDGE ( 'NONE', *, *, #9961, .F. ) ;
#1069 = DIRECTION ( 'NONE',  ( -1.000000000000000000, -0.0000000000000000000, -0.0000000000000000000 ) ) ;
#1070 = EDGE_LOOP ( 'NONE', ( #10115, #77, #7572, #5101 ) ) ;
#1071 = CIRCLE ( 'NONE', #8010, 0.5000000000000716094 ) ;
#1072 = AXIS2_PLACEMENT_3D ( 'NONE', #9772, #687, #9731 ) ;
#1073 = ORIENTED_EDGE ( 'NONE', *, *, #2643, .F. ) ;
#1074 = CARTESIAN_POINT ( 'NONE',  ( 41.58714094416121299, 4.734807531147730231, 50.00000000000000000 ) ) ;
#1075 = DIRECTION ( 'NONE',  ( -1.000000000000000000, 0.0000000000000000000, 0.0000000000000000000 ) ) ;
#1076 = DIRECTION ( 'NONE',  ( -1.000000000000000000, 0.0000000000000000000, 0.0000000000000000000 ) ) ;
#1077 = CARTESIAN_POINT ( 'NONE',  ( 5.472687671900000161, 73.04840876449999598, -50.00000000000000000 ) ) ;
#1078 = CARTESIAN_POINT ( 'NONE',  ( -3.527312328099999839, 20.04840876449999953, -50.00000000000000000 ) ) ;
#1079 = DIRECTION ( 'NONE',  ( 1.000000000000000000, 0.0000000000000000000, 0.0000000000000000000 ) ) ;
#1080 = LINE ( 'NONE', #1395, #4999 ) ;
#1081 = ORIENTED_EDGE ( 'NONE', *, *, #8503, .F. ) ;
#1082 = ORIENTED_EDGE ( 'NONE', *, *, #6666, .F. ) ;
#1083 = DIRECTION ( 'NONE',  ( 1.000000000000000000, 0.0000000000000000000, 0.0000000000000000000 ) ) ;
#1084 = CARTESIAN_POINT ( 'NONE',  ( -5.027312328099999839, 40.84840876450000025, 50.00000000000000000 ) ) ;
#1085 = CIRCLE ( 'NONE', #11166, 0.5000000000000984768 ) ;
#1086 = VERTEX_POINT ( 'NONE', #3939 ) ;
#1087 = CYLINDRICAL_SURFACE ( 'NONE', #1428, 26.40000000001661462 ) ;
#1088 = AXIS2_PLACEMENT_3D ( 'NONE', #8721, #4258, #577 ) ;
#1089 = CARTESIAN_POINT ( 'NONE',  ( -4.527312328099999839, 22.04840876449999953, 50.00000000000000000 ) ) ;
#1090 = CARTESIAN_POINT ( 'NONE',  ( 30.97268767190000460, 29.24840876449999882, 50.00000000000000000 ) ) ;
#1091 = ORIENTED_EDGE ( 'NONE', *, *, #1143, .F. ) ;
#1092 = DIRECTION ( 'NONE',  ( -0.0000000000000000000, -1.000000000000000000, -0.0000000000000000000 ) ) ;
#1093 = DIRECTION ( 'NONE',  ( 1.000000000000000000, 0.0000000000000000000, 0.0000000000000000000 ) ) ;
#1094 = FACE_OUTER_BOUND ( 'NONE', #11257, .T. ) ;
#1095 = VERTEX_POINT ( 'NONE', #1317 ) ;
#1096 = DIRECTION ( 'NONE',  ( 1.000000000000000000, 0.0000000000000000000, 0.0000000000000000000 ) ) ;
#1097 = EDGE_CURVE ( 'NONE', #6196, #4109, #1947, .T. ) ;
#1098 = AXIS2_PLACEMENT_3D ( 'NONE', #3911, #1326, #2197 ) ;
#1099 = CIRCLE ( 'NONE', #7054, 1.999999999999713785 ) ;
#1100 = CARTESIAN_POINT ( 'NONE',  ( 24.72268767189990157, 12.84840876450012814, 50.00000000000000000 ) ) ;
#1101 = CARTESIAN_POINT ( 'NONE',  ( 27.67268767190000389, 45.04840876450000309, 50.00000000000000000 ) ) ;
#1102 = DIRECTION ( 'NONE',  ( 1.000000000000000000, -0.0000000000000000000, -0.0000000000000000000 ) ) ;
#1103 = AXIS2_PLACEMENT_3D ( 'NONE', #7155, #10831, #929 ) ;
#1104 = VECTOR ( 'NONE', #3562, 1000.000000000000000 ) ;
#1105 = VERTEX_POINT ( 'NONE', #8455 ) ;
#1106 = EDGE_CURVE ( 'NONE', #9845, #10527, #2233, .T. ) ;
#1107 = FACE_OUTER_BOUND ( 'NONE', #6870, .T. ) ;
#1108 = DIRECTION ( 'NONE',  ( -1.000000000000000000, 0.0000000000000000000, 0.0000000000000000000 ) ) ;
#1109 = VERTEX_POINT ( 'NONE', #7597 ) ;
#1110 = CARTESIAN_POINT ( 'NONE',  ( 28.97268767190000105, 21.54840876449999953, -50.00000000000000000 ) ) ;
#1111 = DIRECTION ( 'NONE',  ( 1.000000000000000000, 0.0000000000000000000, 0.0000000000000000000 ) ) ;
#1112 = DIRECTION ( 'NONE',  ( 1.000000000000000000, 0.0000000000000000000, -0.0000000000000000000 ) ) ;
#1113 = CARTESIAN_POINT ( 'NONE',  ( 6.572816473707495888, 12.11620537467149283, 50.00000000000000000 ) ) ;
#1114 = FACE_OUTER_BOUND ( 'NONE', #2897, .T. ) ;
#1115 = ORIENTED_EDGE ( 'NONE', *, *, #4051, .T. ) ;
#1116 = EDGE_CURVE ( 'NONE', #9456, #10411, #6147, .T. ) ;
#1117 = DIRECTION ( 'NONE',  ( -1.000000000000000000, -0.0000000000000000000, -0.0000000000000000000 ) ) ;
#1118 = VERTEX_POINT ( 'NONE', #343 ) ;
#1119 = FACE_OUTER_BOUND ( 'NONE', #1367, .T. ) ;
#1120 = ADVANCED_FACE ( 'NONE', ( #11483 ), #7712, .T. ) ;
#1121 = ORIENTED_EDGE ( 'NONE', *, *, #5320, .F. ) ;
#1122 = EDGE_CURVE ( 'NONE', #5104, #6978, #6716, .T. ) ;
#1123 = VECTOR ( 'NONE', #91, 1000.000000000000000 ) ;
#1124 = ORIENTED_EDGE ( 'NONE', *, *, #10773, .F. ) ;
#1125 = DIRECTION ( 'NONE',  ( -0.0000000000000000000, -0.0000000000000000000, -1.000000000000000000 ) ) ;
#1126 = EDGE_CURVE ( 'NONE', #1136, #7337, #4331, .T. ) ;
#1127 = DIRECTION ( 'NONE',  ( 1.000000000000000000, 0.0000000000000000000, 0.0000000000000000000 ) ) ;
#1128 = DIRECTION ( 'NONE',  ( 1.000000000000000000, -0.0000000000000000000, -0.0000000000000000000 ) ) ;
#1129 = AXIS2_PLACEMENT_3D ( 'NONE', #10598, #8960, #5340 ) ;
#1130 = ORIENTED_EDGE ( 'NONE', *, *, #2535, .T. ) ;
#1131 = ORIENTED_EDGE ( 'NONE', *, *, #7194, .T. ) ;
#1132 = EDGE_LOOP ( 'NONE', ( #507, #2038, #8244, #1767 ) ) ;
#1133 = DIRECTION ( 'NONE',  ( 0.0000000000000000000, 0.0000000000000000000, 1.000000000000000000 ) ) ;
#1134 = DIRECTION ( 'NONE',  ( 0.7071067811476906551, 0.7071067812254042684, -0.0000000000000000000 ) ) ;
#1135 = LINE ( 'NONE', #1383, #7751 ) ;
#1136 = VERTEX_POINT ( 'NONE', #4148 ) ;
#1137 = ORIENTED_EDGE ( 'NONE', *, *, #546, .F. ) ;
#1138 = DIRECTION ( 'NONE',  ( -0.0000000000000000000, -0.0000000000000000000, -1.000000000000000000 ) ) ;
#1139 = CARTESIAN_POINT ( 'NONE',  ( 2.265459663520284828, 2.405327943867753504, 50.00000000000000000 ) ) ;
#1140 = EDGE_CURVE ( 'NONE', #4694, #6368, #8817, .T. ) ;
#1141 = CARTESIAN_POINT ( 'NONE',  ( 1.572687671899998918, 73.14840876450000451, -50.00000000000000000 ) ) ;
#1142 = ORIENTED_EDGE ( 'NONE', *, *, #11363, .T. ) ;
#1143 = EDGE_CURVE ( 'NONE', #10771, #8762, #10084, .T. ) ;
#1144 = CIRCLE ( 'NONE', #9981, 26.70000000000322160 ) ;
#1145 = ORIENTED_EDGE ( 'NONE', *, *, #3202, .F. ) ;
#1146 = VERTEX_POINT ( 'NONE', #9764 ) ;
#1147 = LINE ( 'NONE', #1792, #1581 ) ;
#1148 = ORIENTED_EDGE ( 'NONE', *, *, #3848, .T. ) ;
#1149 = DIRECTION ( 'NONE',  ( -1.000000000000000000, 0.0000000000000000000, 0.0000000000000000000 ) ) ;
#1150 = DIRECTION ( 'NONE',  ( -0.0000000000000000000, -0.0000000000000000000, -1.000000000000000000 ) ) ;
#1151 = PLANE ( 'NONE',  #5892 ) ;
#1152 = DIRECTION ( 'NONE',  ( -1.000000000000000000, 0.0000000000000000000, 0.0000000000000000000 ) ) ;
#1153 = ORIENTED_EDGE ( 'NONE', *, *, #4788, .F. ) ;
#1154 = CARTESIAN_POINT ( 'NONE',  ( 19.47268767190000105, 70.54840876449999598, 50.00000000000000000 ) ) ;
#1155 = CARTESIAN_POINT ( 'NONE',  ( 22.97268767190000460, 0.3484087645000000233, 50.00000000000000000 ) ) ;
#1156 = LINE ( 'NONE', #4127, #321 ) ;
#1157 = AXIS2_PLACEMENT_3D ( 'NONE', #11428, #3423, #1740 ) ;
#1158 = ORIENTED_EDGE ( 'NONE', *, *, #8238, .T. ) ;
#1159 = CIRCLE ( 'NONE', #2697, 0.5000000000000984768 ) ;
#1160 = DIRECTION ( 'NONE',  ( -0.0000000000000000000, -0.0000000000000000000, -1.000000000000000000 ) ) ;
#1161 = LINE ( 'NONE', #9912, #9681 ) ;
#1162 = EDGE_LOOP ( 'NONE', ( #1181, #5269, #1455, #3813 ) ) ;
#1163 = ORIENTED_EDGE ( 'NONE', *, *, #6228, .T. ) ;
#1164 = ADVANCED_FACE ( 'NONE', ( #5734 ), #11202, .T. ) ;
#1165 = CARTESIAN_POINT ( 'NONE',  ( -4.527312328099999839, 62.04840876450000309, -50.00000000000000000 ) ) ;
#1166 = EDGE_CURVE ( 'NONE', #1227, #741, #7852, .T. ) ;
#1167 = CARTESIAN_POINT ( 'NONE',  ( 5.472687671900048123, -0.4515912355000000211, -50.00000000000000000 ) ) ;
#1169 = CYLINDRICAL_SURFACE ( 'NONE', #11150, 0.4999999999999449329 ) ;
#1168 = DIRECTION ( 'NONE',  ( -0.0000000000000000000, -0.0000000000000000000, -1.000000000000000000 ) ) ;
#1170 = DIRECTION ( 'NONE',  ( 0.0000000000000000000, 0.0000000000000000000, 1.000000000000000000 ) ) ;
#1171 = ORIENTED_EDGE ( 'NONE', *, *, #7296, .F. ) ;
#1172 = VECTOR ( 'NONE', #11223, 1000.000000000000000 ) ;
#1173 = ORIENTED_EDGE ( 'NONE', *, *, #10703, .F. ) ;
#1174 = ORIENTED_EDGE ( 'NONE', *, *, #964, .F. ) ;
#1175 = CARTESIAN_POINT ( 'NONE',  ( 15.47268767189999927, 9.143919862700000678, 50.00000000000000000 ) ) ;
#1176 = AXIS2_PLACEMENT_3D ( 'NONE', #6765, #9486, #5906 ) ;
#1177 = DIRECTION ( 'NONE',  ( 1.000000000000000000, -0.0000000000000000000, -0.0000000000000000000 ) ) ;
#1178 = EDGE_CURVE ( 'NONE', #7956, #10081, #2505, .T. ) ;
#1179 = CARTESIAN_POINT ( 'NONE',  ( 30.47268767190000460, 7.548408764499995982, -50.00000000000000000 ) ) ;
#1180 = LINE ( 'NONE', #1319, #1466 ) ;
#1181 = ORIENTED_EDGE ( 'NONE', *, *, #3913, .T. ) ;
#1182 = ADVANCED_FACE ( 'NONE', ( #10229 ), #1087, .T. ) ;
#1183 = VECTOR ( 'NONE', #11612, 1000.000000000000000 ) ;
#1184 = ORIENTED_EDGE ( 'NONE', *, *, #6286, .F. ) ;
#1185 = ORIENTED_EDGE ( 'NONE', *, *, #8046, .F. ) ;
#1186 = EDGE_CURVE ( 'NONE', #7055, #5890, #4465, .T. ) ;
#1187 = AXIS2_PLACEMENT_3D ( 'NONE', #4216, #10486, #6917 ) ;
#1188 = CARTESIAN_POINT ( 'NONE',  ( 27.67268767190000389, 45.04840876450000309, 50.00000000000000000 ) ) ;
#1189 = EDGE_LOOP ( 'NONE', ( #2423, #9565, #3633, #8235 ) ) ;
#1190 = EDGE_CURVE ( 'NONE', #10206, #7607, #4880, .T. ) ;
#1191 = DIRECTION ( 'NONE',  ( -0.0000000000000000000, -0.0000000000000000000, -1.000000000000000000 ) ) ;
#1192 = VECTOR ( 'NONE', #1599, 1000.000000000000000 ) ;
#1193 = AXIS2_PLACEMENT_3D ( 'NONE', #5705, #11189, #5783 ) ;
#1194 = DIRECTION ( 'NONE',  ( -0.0000000000000000000, -0.0000000000000000000, -1.000000000000000000 ) ) ;
#1195 = ORIENTED_EDGE ( 'NONE', *, *, #7675, .F. ) ;
#1196 = CARTESIAN_POINT ( 'NONE',  ( 28.97268767190000105, -4.951591235500001353, 50.00000000000000000 ) ) ;
#1197 = LINE ( 'NONE', #9793, #11308 ) ;
#1198 = CARTESIAN_POINT ( 'NONE',  ( 7.068198770200000425, 12.54840876449999953, -50.00000000000000000 ) ) ;
#1199 = DIRECTION ( 'NONE',  ( 1.000000000000000000, 0.0000000000000000000, 0.0000000000000000000 ) ) ;
#1200 = DIRECTION ( 'NONE',  ( 0.0000000000000000000, 0.0000000000000000000, 1.000000000000000000 ) ) ;
#1201 = ORIENTED_EDGE ( 'NONE', *, *, #8344, .T. ) ;
#1202 = EDGE_CURVE ( 'NONE', #9372, #6549, #4601, .T. ) ;
#1203 = CARTESIAN_POINT ( 'NONE',  ( 24.37268767190000318, -3.051591235500000554, -50.00000000000000000 ) ) ;
#1204 = CARTESIAN_POINT ( 'NONE',  ( 23.60998026349999890, 64.77579147110000690, 50.00000000000000000 ) ) ;
#1205 = EDGE_CURVE ( 'NONE', #10624, #2327, #11191, .T. ) ;
#1206 = AXIS2_PLACEMENT_3D ( 'NONE', #1820, #9893, #10860 ) ;
#1207 = CYLINDRICAL_SURFACE ( 'NONE', #8137, 0.5000000000001080247 ) ;
#1208 = ORIENTED_EDGE ( 'NONE', *, *, #2934, .T. ) ;
#1209 = ORIENTED_EDGE ( 'NONE', *, *, #1562, .T. ) ;
#1210 = LINE ( 'NONE', #9753, #3728 ) ;
#1211 = DIRECTION ( 'NONE',  ( -0.0000000000000000000, -0.0000000000000000000, -1.000000000000000000 ) ) ;
#1212 = CARTESIAN_POINT ( 'NONE',  ( 7.068198770200000425, 12.54840876450000131, 50.00000000000000000 ) ) ;
#1213 = CARTESIAN_POINT ( 'NONE',  ( 16.97268767190000105, -3.451591235500000021, 50.00000000000000000 ) ) ;
#1214 = CARTESIAN_POINT ( 'NONE',  ( 7.472687671899985951, 73.54840876449998177, 50.00000000000000000 ) ) ;
#1215 = LINE ( 'NONE', #11309, #11029 ) ;
#1216 = ORIENTED_EDGE ( 'NONE', *, *, #6730, .F. ) ;
#1217 = VERTEX_POINT ( 'NONE', #4937 ) ;
#1218 = LINE ( 'NONE', #1334, #10606 ) ;
#1219 = EDGE_CURVE ( 'NONE', #9637, #8578, #8114, .T. ) ;
#1220 = CARTESIAN_POINT ( 'NONE',  ( 23.28628890511362570, 83.66286203693830714, 50.00000000000000000 ) ) ;
#1221 = CARTESIAN_POINT ( 'NONE',  ( 29.47268767190000105, 59.04840876450000309, 50.00000000000000000 ) ) ;
#1222 = DIRECTION ( 'NONE',  ( 1.000000000000000000, 0.0000000000000000000, 0.0000000000000000000 ) ) ;
#1223 = LINE ( 'NONE', #8087, #10748 ) ;
#1224 = ORIENTED_EDGE ( 'NONE', *, *, #8267, .F. ) ;
#1225 = ADVANCED_FACE ( 'NONE', ( #11471 ), #238, .T. ) ;
#1226 = CIRCLE ( 'NONE', #4163, 2.500000000000043077 ) ;
#1227 = VERTEX_POINT ( 'NONE', #6366 ) ;
#1228 = AXIS2_PLACEMENT_3D ( 'NONE', #8701, #7952, #2580 ) ;
#1229 = DIRECTION ( 'NONE',  ( 1.000000000000000000, 0.0000000000000000000, 0.0000000000000000000 ) ) ;
#1230 = VECTOR ( 'NONE', #5868, 1000.000000000000000 ) ;
#1231 = ORIENTED_EDGE ( 'NONE', *, *, #7367, .T. ) ;
#1232 = CARTESIAN_POINT ( 'NONE',  ( 5.972687671900000161, -2.451591235500000021, -50.00000000000000000 ) ) ;
#1233 = ADVANCED_FACE ( 'NONE', ( #5152 ), #4197, .F. ) ;
#1234 = CARTESIAN_POINT ( 'NONE',  ( 17.55623076396699389, 6.510685578278065044, -50.00000000000000000 ) ) ;
#1235 = DIRECTION ( 'NONE',  ( 1.000000000000000000, 0.0000000000000000000, 0.0000000000000000000 ) ) ;
#1236 = DIRECTION ( 'NONE',  ( -0.0000000000000000000, -0.0000000000000000000, -1.000000000000000000 ) ) ;
#1237 = CYLINDRICAL_SURFACE ( 'NONE', #3246, 5.399999999998431832 ) ;
#1238 = DIRECTION ( 'NONE',  ( 0.0000000000000000000, 0.0000000000000000000, 1.000000000000000000 ) ) ;
#1239 = DIRECTION ( 'NONE',  ( -0.0000000000000000000, -0.0000000000000000000, -1.000000000000000000 ) ) ;
#1240 = ADVANCED_FACE ( 'NONE', ( #7845 ), #5866, .F. ) ;
#1241 = FACE_OUTER_BOUND ( 'NONE', #3447, .T. ) ;
#1242 = ORIENTED_EDGE ( 'NONE', *, *, #1411, .F. ) ;
#1243 = AXIS2_PLACEMENT_3D ( 'NONE', #9449, #9408, #4035 ) ;
#1244 = CARTESIAN_POINT ( 'NONE',  ( 1.572687671900000028, 0.3484087645000000233, -50.00000000000000000 ) ) ;
#1245 = CARTESIAN_POINT ( 'NONE',  ( 28.47268767190000460, 7.548408764500005752, 50.00000000000000000 ) ) ;
#1246 = PLANE ( 'NONE',  #9162 ) ;
#1247 = DIRECTION ( 'NONE',  ( -0.0000000000000000000, -0.0000000000000000000, -1.000000000000000000 ) ) ;
#1248 = CIRCLE ( 'NONE', #9828, 5.500000000000617284 ) ;
#1249 = DIRECTION ( 'NONE',  ( 1.000000000000000000, 0.0000000000000000000, 0.0000000000000000000 ) ) ;
#1250 = EDGE_LOOP ( 'NONE', ( #3357, #8912, #7869, #11192 ) ) ;
#1251 = CARTESIAN_POINT ( 'NONE',  ( 4.972687671899476136, 69.74840876450068095, -50.00000000000000000 ) ) ;
#1252 = EDGE_CURVE ( 'NONE', #7494, #8234, #10502, .T. ) ;
#1253 = AXIS2_PLACEMENT_3D ( 'NONE', #5781, #416, #7595 ) ;
#1254 = FACE_OUTER_BOUND ( 'NONE', #243, .T. ) ;
#1255 = ORIENTED_EDGE ( 'NONE', *, *, #953, .T. ) ;
#1256 = DIRECTION ( 'NONE',  ( 1.000000000000000000, 0.0000000000000000000, 0.0000000000000000000 ) ) ;
#1257 = CARTESIAN_POINT ( 'NONE',  ( 41.58714094423089591, 65.36200999777653919, 50.00000000000000000 ) ) ;
#1258 = DIRECTION ( 'NONE',  ( 0.0000000000000000000, 0.0000000000000000000, 1.000000000000000000 ) ) ;
#1259 = VECTOR ( 'NONE', #4544, 1000.000000000000000 ) ;
#1260 = DIRECTION ( 'NONE',  ( 0.0000000000000000000, -0.0000000000000000000, -1.000000000000000000 ) ) ;
#1261 = ORIENTED_EDGE ( 'NONE', *, *, #10067, .F. ) ;
#1262 = DIRECTION ( 'NONE',  ( -0.0000000000000000000, -0.0000000000000000000, -1.000000000000000000 ) ) ;
#1263 = FACE_OUTER_BOUND ( 'NONE', #5445, .T. ) ;
#1264 = ORIENTED_EDGE ( 'NONE', *, *, #6241, .T. ) ;
#1265 = EDGE_CURVE ( 'NONE', #11030, #6655, #8811, .T. ) ;
#1266 = EDGE_LOOP ( 'NONE', ( #5415, #1648, #3405, #452 ) ) ;
#1267 = ORIENTED_EDGE ( 'NONE', *, *, #6194, .T. ) ;
#1268 = DIRECTION ( 'NONE',  ( -0.0000000000000000000, -0.0000000000000000000, -1.000000000000000000 ) ) ;
#1269 = AXIS2_PLACEMENT_3D ( 'NONE', #736, #5150, #11438 ) ;
#1270 = VERTEX_POINT ( 'NONE', #1821 ) ;
#1271 = CARTESIAN_POINT ( 'NONE',  ( -2.527312328100002503, 22.54840876449999598, -50.00000000000000000 ) ) ;
#1272 = DIRECTION ( 'NONE',  ( -0.0000000000000000000, -0.0000000000000000000, -1.000000000000000000 ) ) ;
#1273 = DIRECTION ( 'NONE',  ( -0.0000000000000000000, -0.0000000000000000000, -1.000000000000000000 ) ) ;
#1274 = EDGE_CURVE ( 'NONE', #2426, #6803, #9096, .T. ) ;
#1275 = CIRCLE ( 'NONE', #547, 25.00000000000181188 ) ;
#1276 = VERTEX_POINT ( 'NONE', #2249 ) ;
#1277 = CARTESIAN_POINT ( 'NONE',  ( 15.47268767189999927, 9.143919862700000678, -50.00000000000000000 ) ) ;
#1278 = EDGE_LOOP ( 'NONE', ( #3023, #9701, #4580, #10815 ) ) ;
#1279 = ORIENTED_EDGE ( 'NONE', *, *, #6223, .T. ) ;
#1280 = CARTESIAN_POINT ( 'NONE',  ( 28.47268767190000105, 65.04840876449999598, 50.00000000000000000 ) ) ;
#1281 = EDGE_LOOP ( 'NONE', ( #4086, #6171, #10628, #10004 ) ) ;
#1282 = EDGE_LOOP ( 'NONE', ( #9301, #8475, #2258, #8590 ) ) ;
#1283 = ADVANCED_FACE ( 'NONE', ( #3064 ), #1343, .T. ) ;
#1284 = CARTESIAN_POINT ( 'NONE',  ( -1.727312328100000016, 65.04840876449999598, 50.00000000000000000 ) ) ;
#1285 = LINE ( 'NONE', #10886, #2421 ) ;
#1286 = EDGE_CURVE ( 'NONE', #6188, #10104, #3344, .T. ) ;
#1287 = DIRECTION ( 'NONE',  ( -0.0000000000000000000, -0.0000000000000000000, -1.000000000000000000 ) ) ;
#1288 = DIRECTION ( 'NONE',  ( -1.000000000000000000, 0.0000000000000000000, 0.0000000000000000000 ) ) ;
#1289 = AXIS2_PLACEMENT_3D ( 'NONE', #6394, #7297, #155 ) ;
#1290 = VECTOR ( 'NONE', #3887, 1000.000000000000000 ) ;
#1291 = ORIENTED_EDGE ( 'NONE', *, *, #9201, .F. ) ;
#1292 = ORIENTED_EDGE ( 'NONE', *, *, #8631, .F. ) ;
#1293 = DIRECTION ( 'NONE',  ( 1.000000000000000000, -0.0000000000000000000, -0.0000000000000000000 ) ) ;
#1294 = ORIENTED_EDGE ( 'NONE', *, *, #5845, .T. ) ;
#1295 = ADVANCED_FACE ( 'NONE', ( #110 ), #8608, .T. ) ;
#1296 = FACE_OUTER_BOUND ( 'NONE', #3050, .T. ) ;
#1297 = CARTESIAN_POINT ( 'NONE',  ( 8.389144579841424587, 6.510685578272299878, 50.00000000000000000 ) ) ;
#1298 = CIRCLE ( 'NONE', #10577, 2.600000000000019185 ) ;
#1299 = CIRCLE ( 'NONE', #11314, 26.40000000002126157 ) ;
#1300 = ORIENTED_EDGE ( 'NONE', *, *, #11601, .F. ) ;
#1301 = ORIENTED_EDGE ( 'NONE', *, *, #4343, .T. ) ;
#1302 = LINE ( 'NONE', #6060, #8875 ) ;
#1303 = ADVANCED_FACE ( 'NONE', ( #6704 ), #1805, .F. ) ;
#1304 = ORIENTED_EDGE ( 'NONE', *, *, #2556, .T. ) ;
#1305 = DIRECTION ( 'NONE',  ( 1.000000000000000000, 0.0000000000000000000, 0.0000000000000000000 ) ) ;
#1306 = AXIS2_PLACEMENT_3D ( 'NONE', #2134, #2179, #9270 ) ;
#1307 = ORIENTED_EDGE ( 'NONE', *, *, #10177, .T. ) ;
#1308 = LINE ( 'NONE', #2185, #6923 ) ;
#1309 = VERTEX_POINT ( 'NONE', #9035 ) ;
#1310 = LINE ( 'NONE', #5897, #11413 ) ;
#1311 = VECTOR ( 'NONE', #5875, 1000.000000000000000 ) ;
#1312 = CARTESIAN_POINT ( 'NONE',  ( 9.972687671900015260, 60.95289766622855154, 50.00000000000000000 ) ) ;
#1313 = ORIENTED_EDGE ( 'NONE', *, *, #7824, .T. ) ;
#1314 = CARTESIAN_POINT ( 'NONE',  ( 10.47268767189999927, 60.95289766620000194, -50.00000000000000000 ) ) ;
#1315 = DIRECTION ( 'NONE',  ( -0.0000000000000000000, -0.0000000000000000000, -1.000000000000000000 ) ) ;
#1316 = CARTESIAN_POINT ( 'NONE',  ( -4.527312328099999839, 22.04840876449999953, -50.00000000000000000 ) ) ;
#1317 = CARTESIAN_POINT ( 'NONE',  ( 5.472687671900000161, 73.04840876449999598, 50.00000000000000000 ) ) ;
#1318 = AXIS2_PLACEMENT_3D ( 'NONE', #4599, #10865, #961 ) ;
#1319 = CARTESIAN_POINT ( 'NONE',  ( 2.972687671900000161, 70.54840876449999598, -50.00000000000000000 ) ) ;
#1320 = LINE ( 'NONE', #4100, #7069 ) ;
#1321 = ORIENTED_EDGE ( 'NONE', *, *, #4358, .T. ) ;
#1322 = CYLINDRICAL_SURFACE ( 'NONE', #2238, 1.999999999999384270 ) ;
#1323 = EDGE_LOOP ( 'NONE', ( #2007, #5169, #9544, #5835 ) ) ;
#1324 = EDGE_LOOP ( 'NONE', ( #5814, #10175, #1307, #9045 ) ) ;
#1325 = EDGE_CURVE ( 'NONE', #3009, #1715, #10901, .T. ) ;
#1326 = DIRECTION ( 'NONE',  ( 0.0000000000000000000, 0.0000000000000000000, 1.000000000000000000 ) ) ;
#1327 = DIRECTION ( 'NONE',  ( -1.000000000000000000, 0.0000000000000000000, 0.0000000000000000000 ) ) ;
#1328 = DIRECTION ( 'NONE',  ( -0.0000000000000000000, -0.0000000000000000000, -1.000000000000000000 ) ) ;
#1329 = DIRECTION ( 'NONE',  ( -0.0000000000000000000, -0.0000000000000000000, -1.000000000000000000 ) ) ;
#1330 = DIRECTION ( 'NONE',  ( -0.0000000000000000000, -0.0000000000000000000, -1.000000000000000000 ) ) ;
#1331 = CIRCLE ( 'NONE', #9792, 0.4999999999998928635 ) ;
#1332 = ORIENTED_EDGE ( 'NONE', *, *, #2017, .T. ) ;
#1333 = LINE ( 'NONE', #4466, #3160 ) ;
#1334 = CARTESIAN_POINT ( 'NONE',  ( 10.97268767189999927, 49.04840876450001019, 50.00000000000000000 ) ) ;
#1335 = VERTEX_POINT ( 'NONE', #11475 ) ;
#1336 = AXIS2_PLACEMENT_3D ( 'NONE', #9057, #9953, #6348 ) ;
#1337 = ORIENTED_EDGE ( 'NONE', *, *, #8320, .F. ) ;
#1338 = DIRECTION ( 'NONE',  ( -1.000000000000000000, 0.0000000000000000000, 0.0000000000000000000 ) ) ;
#1339 = DIRECTION ( 'NONE',  ( -0.0000000000000000000, -0.0000000000000000000, -1.000000000000000000 ) ) ;
#1340 = EDGE_CURVE ( 'NONE', #5768, #6813, #1935, .T. ) ;
#1341 = CARTESIAN_POINT ( 'NONE',  ( -2.527312328099999839, 48.54840876450000309, 50.00000000000000000 ) ) ;
#1342 = DIRECTION ( 'NONE',  ( -0.0000000000000000000, 1.000000000000000000, -0.0000000000000000000 ) ) ;
#1343 = PLANE ( 'NONE',  #6674 ) ;
#1344 = LINE ( 'NONE', #11091, #5834 ) ;
#1345 = EDGE_CURVE ( 'NONE', #11168, #2698, #1650, .T. ) ;
#1346 = ORIENTED_EDGE ( 'NONE', *, *, #6007, .T. ) ;
#1347 = AXIS2_PLACEMENT_3D ( 'NONE', #8522, #644, #1725 ) ;
#1348 = DIRECTION ( 'NONE',  ( 1.000000000000000000, 0.0000000000000000000, 0.0000000000000000000 ) ) ;
#1349 = ORIENTED_EDGE ( 'NONE', *, *, #9589, .F. ) ;
#1350 = CIRCLE ( 'NONE', #2080, 0.5000000000000004441 ) ;
#1351 = ADVANCED_FACE ( 'NONE', ( #3468 ), #2222, .T. ) ;
#1352 = EDGE_CURVE ( 'NONE', #5263, #2972, #1381, .T. ) ;
#1353 = DIRECTION ( 'NONE',  ( -0.0000000000000000000, -0.0000000000000000000, -1.000000000000000000 ) ) ;
#1354 = DIRECTION ( 'NONE',  ( 1.000000000000000000, -0.0000000000000000000, -0.0000000000000000000 ) ) ;
#1355 = ADVANCED_FACE ( 'NONE', ( #962 ), #4040, .F. ) ;
#1356 = CARTESIAN_POINT ( 'NONE',  ( 41.58714094422884244, 25.36200999777808818, 50.00000000000000000 ) ) ;
#1357 = DIRECTION ( 'NONE',  ( -1.000000000000000000, -0.0000000000000000000, -0.0000000000000000000 ) ) ;
#1358 = VECTOR ( 'NONE', #10699, 1000.000000000000000 ) ;
#1359 = CARTESIAN_POINT ( 'NONE',  ( -3.027312328099995842, 21.54840876450000309, 50.00000000000000000 ) ) ;
#1360 = EDGE_LOOP ( 'NONE', ( #2584, #8305, #384, #10599 ) ) ;
#1361 = EDGE_CURVE ( 'NONE', #1678, #8862, #6139, .T. ) ;
#1362 = ORIENTED_EDGE ( 'NONE', *, *, #8576, .F. ) ;
#1363 = LINE ( 'NONE', #10269, #9917 ) ;
#1364 = DIRECTION ( 'NONE',  ( 1.000000000000000000, 0.0000000000000000000, 0.0000000000000000000 ) ) ;
#1365 = DIRECTION ( 'NONE',  ( -0.0000000000000000000, -0.0000000000000000000, -1.000000000000000000 ) ) ;
#1366 = EDGE_CURVE ( 'NONE', #1628, #1833, #683, .T. ) ;
#1367 = EDGE_LOOP ( 'NONE', ( #11444, #973, #6558, #7432 ) ) ;
#1368 = ADVANCED_FACE ( 'NONE', ( #401 ), #5914, .F. ) ;
#1369 = VECTOR ( 'NONE', #3982, 1000.000000000000000 ) ;
#1370 = CARTESIAN_POINT ( 'NONE',  ( 24.72268767189990157, 12.84840876450012814, -50.00000000000000000 ) ) ;
#1371 = ORIENTED_EDGE ( 'NONE', *, *, #5128, .T. ) ;
#1372 = ORIENTED_EDGE ( 'NONE', *, *, #4125, .F. ) ;
#1373 = DIRECTION ( 'NONE',  ( -1.000000000000000000, 0.0000000000000000000, 0.0000000000000000000 ) ) ;
#1374 = CARTESIAN_POINT ( 'NONE',  ( -4.527312328099999839, 22.04840876449999953, 50.00000000000000000 ) ) ;
#1375 = EDGE_CURVE ( 'NONE', #5662, #4564, #10218, .T. ) ;
#1376 = LINE ( 'NONE', #5143, #7961 ) ;
#1377 = EDGE_LOOP ( 'NONE', ( #3041, #8128, #4180, #4926 ) ) ;
#1378 = PLANE ( 'NONE',  #10029 ) ;
#1379 = DIRECTION ( 'NONE',  ( -0.0000000000000000000, -1.000000000000000000, -0.0000000000000000000 ) ) ;
#1380 = EDGE_CURVE ( 'NONE', #5867, #9499, #9936, .T. ) ;
#1381 = CIRCLE ( 'NONE', #3544, 2.500000000000002220 ) ;
#1382 = ORIENTED_EDGE ( 'NONE', *, *, #9073, .F. ) ;
#1383 = CARTESIAN_POINT ( 'NONE',  ( 3.964795726767698092, 4.423949971145337834, 50.00000000000000000 ) ) ;
#1384 = CARTESIAN_POINT ( 'NONE',  ( -5.127312328100000371, 3.648408764500000068, 50.00000000000000000 ) ) ;
#1385 = DIRECTION ( 'NONE',  ( 1.000000000000000000, 0.0000000000000000000, 0.0000000000000000000 ) ) ;
#1386 = CARTESIAN_POINT ( 'NONE',  ( 22.34651698795183705, 65.33214796546175762, 50.00000000000000000 ) ) ;
#1387 = ADVANCED_FACE ( 'NONE', ( #2499 ), #2358, .F. ) ;
#1388 = LINE ( 'NONE', #9279, #3208 ) ;
#1389 = ORIENTED_EDGE ( 'NONE', *, *, #9979, .F. ) ;
#1390 = DIRECTION ( 'NONE',  ( -1.000000000000000000, 0.0000000000000000000, 0.0000000000000000000 ) ) ;
#1391 = LINE ( 'NONE', #265, #3075 ) ;
#1392 = AXIS2_PLACEMENT_3D ( 'NONE', #5474, #7368, #1987 ) ;
#1393 = DIRECTION ( 'NONE',  ( 1.000000000000000000, 0.0000000000000000000, 0.0000000000000000000 ) ) ;
#1394 = DIRECTION ( 'NONE',  ( 0.0000000000000000000, 0.0000000000000000000, 1.000000000000000000 ) ) ;
#1395 = CARTESIAN_POINT ( 'NONE',  ( 5.972687671900000161, -2.451591235500058197, 50.00000000000000000 ) ) ;
#1396 = DIRECTION ( 'NONE',  ( -0.0000000000000000000, -0.0000000000000000000, -1.000000000000000000 ) ) ;
#1397 = DIRECTION ( 'NONE',  ( 0.0000000000000000000, 0.0000000000000000000, -1.000000000000000000 ) ) ;
#1398 = VECTOR ( 'NONE', #11447, 1000.000000000000000 ) ;
#1399 = ORIENTED_EDGE ( 'NONE', *, *, #10732, .T. ) ;
#1400 = EDGE_LOOP ( 'NONE', ( #1554, #363, #10828, #2668 ) ) ;
#1401 = EDGE_CURVE ( 'NONE', #412, #9539, #9375, .T. ) ;
#1402 = FACE_OUTER_BOUND ( 'NONE', #1189, .T. ) ;
#1403 = ORIENTED_EDGE ( 'NONE', *, *, #10371, .T. ) ;
#1404 = ADVANCED_FACE ( 'NONE', ( #11341 ), #11629, .F. ) ;
#1405 = CIRCLE ( 'NONE', #7969, 5.499999999997182698 ) ;
#1406 = VERTEX_POINT ( 'NONE', #9492 ) ;
#1407 = CARTESIAN_POINT ( 'NONE',  ( 12.97268767190506011, 15.04840876450875697, 50.00000000000000000 ) ) ;
#1408 = DIRECTION ( 'NONE',  ( 0.0000000000000000000, 0.0000000000000000000, -1.000000000000000000 ) ) ;
#1409 = DIRECTION ( 'NONE',  ( 1.000000000000000000, 0.0000000000000000000, 0.0000000000000000000 ) ) ;
#1410 = ORIENTED_EDGE ( 'NONE', *, *, #8117, .T. ) ;
#1411 = EDGE_CURVE ( 'NONE', #8148, #4267, #9243, .T. ) ;
#1412 = EDGE_LOOP ( 'NONE', ( #10130, #4638, #10819, #5477 ) ) ;
#1413 = FACE_OUTER_BOUND ( 'NONE', #350, .T. ) ;
#1414 = DIRECTION ( 'NONE',  ( 1.000000000000000000, 0.0000000000000000000, 0.0000000000000000000 ) ) ;
#1415 = ORIENTED_EDGE ( 'NONE', *, *, #937, .T. ) ;
#1416 = DIRECTION ( 'NONE',  ( 1.000000000000000000, 0.0000000000000000000, 0.0000000000000000000 ) ) ;
#1417 = ADVANCED_FACE ( 'NONE', ( #6425 ), #6695, .F. ) ;
#1418 = EDGE_CURVE ( 'NONE', #7723, #6838, #8256, .T. ) ;
#1419 = AXIS2_PLACEMENT_3D ( 'NONE', #850, #6097, #7120 ) ;
#1421 = CARTESIAN_POINT ( 'NONE',  ( -0.5173598696381956907, 5.455921700733830093, 50.00000000000000000 ) ) ;
#1420 = CYLINDRICAL_SURFACE ( 'NONE', #10002, 0.5000000000000004441 ) ;
#1422 = ORIENTED_EDGE ( 'NONE', *, *, #515, .T. ) ;
#1423 = CARTESIAN_POINT ( 'NONE',  ( -5.527312328099999839, 49.54840876450001019, -50.00000000000000000 ) ) ;
#1424 = EDGE_CURVE ( 'NONE', #7868, #3762, #9647, .T. ) ;
#1425 = ADVANCED_FACE ( 'NONE', ( #7277 ), #6862, .F. ) ;
#1426 = CARTESIAN_POINT ( 'NONE',  ( 12.97268767190506011, 15.04840876450875697, 50.00000000000000000 ) ) ;
#1427 = ORIENTED_EDGE ( 'NONE', *, *, #2330, .T. ) ;
#1428 = AXIS2_PLACEMENT_3D ( 'NONE', #682, #8826, #4079 ) ;
#1429 = ORIENTED_EDGE ( 'NONE', *, *, #4199, .F. ) ;
#1430 = DIRECTION ( 'NONE',  ( -0.0000000000000000000, -0.0000000000000000000, -1.000000000000000000 ) ) ;
#1431 = VERTEX_POINT ( 'NONE', #11359 ) ;
#1432 = EDGE_CURVE ( 'NONE', #6734, #3389, #8682, .T. ) ;
#1433 = LINE ( 'NONE', #6153, #4234 ) ;
#1434 = VERTEX_POINT ( 'NONE', #4229 ) ;
#1435 = ORIENTED_EDGE ( 'NONE', *, *, #4996, .F. ) ;
#1436 = CARTESIAN_POINT ( 'NONE',  ( -2.527312328099999839, 25.04840876449999953, -50.00000000000000000 ) ) ;
#1437 = AXIS2_PLACEMENT_3D ( 'NONE', #7502, #10929, #2049 ) ;
#1438 = ORIENTED_EDGE ( 'NONE', *, *, #5329, .F. ) ;
#1439 = CARTESIAN_POINT ( 'NONE',  ( -4.527312328099999839, 8.048408764499999535, -50.00000000000000000 ) ) ;
#1440 = CYLINDRICAL_SURFACE ( 'NONE', #7473, 0.5000000000000213163 ) ;
#1441 = ORIENTED_EDGE ( 'NONE', *, *, #4749, .F. ) ;
#1442 = VERTEX_POINT ( 'NONE', #3432 ) ;
#1443 = VECTOR ( 'NONE', #5987, 1000.000000000000000 ) ;
#1444 = EDGE_LOOP ( 'NONE', ( #2466, #10395, #9464, #6794 ) ) ;
#1445 = ORIENTED_EDGE ( 'NONE', *, *, #7288, .F. ) ;
#1446 = PLANE ( 'NONE',  #4735 ) ;
#1447 = DIRECTION ( 'NONE',  ( 1.000000000000000000, 0.0000000000000000000, 0.0000000000000000000 ) ) ;
#1448 = EDGE_CURVE ( 'NONE', #3119, #9645, #3905, .T. ) ;
#1449 = CARTESIAN_POINT ( 'NONE',  ( 2.555398083368534579, 2.779908071700545769, -50.00000000000000000 ) ) ;
#1451 = VECTOR ( 'NONE', #7262, 1000.000000000000000 ) ;
#1450 = CARTESIAN_POINT ( 'NONE',  ( -2.527312328099999839, 20.04840876449999953, 50.00000000000000000 ) ) ;
#1452 = EDGE_LOOP ( 'NONE', ( #8855, #11126, #10802, #3139 ) ) ;
#1453 = LINE ( 'NONE', #322, #323 ) ;
#1454 = CIRCLE ( 'NONE', #7032, 5.499999999988062882 ) ;
#1455 = ORIENTED_EDGE ( 'NONE', *, *, #10279, .F. ) ;
#1456 = CARTESIAN_POINT ( 'NONE',  ( 15.17268767189952072, 66.79840876449964071, 50.00000000000000000 ) ) ;
#1457 = ORIENTED_EDGE ( 'NONE', *, *, #3350, .F. ) ;
#1458 = DIRECTION ( 'NONE',  ( -0.0000000000000000000, -0.0000000000000000000, -1.000000000000000000 ) ) ;
#1459 = DIRECTION ( 'NONE',  ( 1.000000000000000000, 0.0000000000000000000, 0.0000000000000000000 ) ) ;
#1460 = CIRCLE ( 'NONE', #2377, 0.4999999999999961142 ) ;
#1461 = ORIENTED_EDGE ( 'NONE', *, *, #2313, .F. ) ;
#1462 = DIRECTION ( 'NONE',  ( 1.000000000000000000, 0.0000000000000000000, 0.0000000000000000000 ) ) ;
#1463 = COLOUR_RGB ( '',0.7921568627450980005, 0.8196078431372548767, 0.9333333333333333481 ) ;
#1464 = ORIENTED_EDGE ( 'NONE', *, *, #1577, .T. ) ;
#1465 = ORIENTED_EDGE ( 'NONE', *, *, #2464, .F. ) ;
#1466 = VECTOR ( 'NONE', #9436, 1000.000000000000000 ) ;
#1467 = DIRECTION ( 'NONE',  ( -0.0000000000000000000, -0.0000000000000000000, -1.000000000000000000 ) ) ;
#1468 = ORIENTED_EDGE ( 'NONE', *, *, #10361, .T. ) ;
#1469 = APPLICATION_CONTEXT ( 'automotive_design' ) ;
#1470 = CYLINDRICAL_SURFACE ( 'NONE', #9146, 3.999999999999908074 ) ;
#1471 = ORIENTED_EDGE ( 'NONE', *, *, #5155, .F. ) ;
#1472 = ADVANCED_FACE ( 'NONE', ( #8962 ), #1237, .T. ) ;
#1473 = ORIENTED_EDGE ( 'NONE', *, *, #4448, .T. ) ;
#1474 = DIRECTION ( 'NONE',  ( -1.000000000000000000, 0.0000000000000000000, 0.0000000000000000000 ) ) ;
#1475 = VERTEX_POINT ( 'NONE', #6100 ) ;
#1476 = AXIS2_PLACEMENT_3D ( 'NONE', #9286, #4813, #2110 ) ;
#1477 = CARTESIAN_POINT ( 'NONE',  ( 20.47268767190000105, 73.04840876449999598, 50.00000000000000000 ) ) ;
#1478 = DIRECTION ( 'NONE',  ( 1.000000000000000000, 0.0000000000000000000, 0.0000000000000000000 ) ) ;
#1479 = ADVANCED_FACE ( 'NONE', ( #8402 ), #9640, .T. ) ;
#1480 = CIRCLE ( 'NONE', #10679, 0.5000000000000304201 ) ;
#1481 = ORIENTED_EDGE ( 'NONE', *, *, #808, .F. ) ;
#1482 = LINE ( 'NONE', #2804, #10463 ) ;
#1483 = EDGE_CURVE ( 'NONE', #1217, #4446, #3756, .T. ) ;
#1484 = CARTESIAN_POINT ( 'NONE',  ( 16.97268767190000460, 71.54840876449999598, 50.00000000000000000 ) ) ;
#1485 = AXIS2_PLACEMENT_3D ( 'NONE', #6431, #8301, #7326 ) ;
#1486 = ORIENTED_EDGE ( 'NONE', *, *, #2539, .F. ) ;
#1487 = CARTESIAN_POINT ( 'NONE',  ( 9.972687671899890915, 20.24456118719993469, 50.00000000000000000 ) ) ;
#1488 = DIRECTION ( 'NONE',  ( 0.0000000000000000000, 0.0000000000000000000, 1.000000000000000000 ) ) ;
#1489 = DIRECTION ( 'NONE',  ( -1.000000000000000000, 0.0000000000000000000, 0.0000000000000000000 ) ) ;
#1490 = CARTESIAN_POINT ( 'NONE',  ( 10.47268767189999927, 60.95289766620000194, 50.00000000000000000 ) ) ;
#1491 = VECTOR ( 'NONE', #9051, 1000.000000000000000 ) ;
#1492 = AXIS2_PLACEMENT_3D ( 'NONE', #4745, #1031, #7312 ) ;
#1493 = ORIENTED_EDGE ( 'NONE', *, *, #8707, .F. ) ;
#1494 = EDGE_LOOP ( 'NONE', ( #7990, #11415, #6629, #434 ) ) ;
#1495 = VECTOR ( 'NONE', #859, 1000.000000000000000 ) ;
#1496 = EDGE_CURVE ( 'NONE', #6326, #1010, #10491, .T. ) ;
#1497 = DIRECTION ( 'NONE',  ( -0.0000000000000000000, -0.0000000000000000000, -1.000000000000000000 ) ) ;
#1498 = AXIS2_PLACEMENT_3D ( 'NONE', #4812, #8395, #3028 ) ;
#1499 = CARTESIAN_POINT ( 'NONE',  ( 5.222687671900000161, 12.84840876450000025, 50.00000000000000000 ) ) ;
#1500 = LINE ( 'NONE', #10519, #7955 ) ;
#1501 = ORIENTED_EDGE ( 'NONE', *, *, #6005, .F. ) ;
#1502 = EDGE_CURVE ( 'NONE', #3419, #6238, #7837, .T. ) ;
#1503 = CARTESIAN_POINT ( 'NONE',  ( 15.47268767189999927, 60.95289766620000194, 50.00000000000000000 ) ) ;
#1504 = FACE_OUTER_BOUND ( 'NONE', #6603, .T. ) ;
#1505 = EDGE_LOOP ( 'NONE', ( #8813, #4122, #8851, #11551 ) ) ;
#1506 = DIRECTION ( 'NONE',  ( -0.0000000000000000000, -0.0000000000000000000, -1.000000000000000000 ) ) ;
#1507 = CARTESIAN_POINT ( 'NONE',  ( -0.5173598695641153933, 24.64089582830098735, 50.00000000000000000 ) ) ;
#1508 = FACE_OUTER_BOUND ( 'NONE', #1323, .T. ) ;
#1509 = EDGE_LOOP ( 'NONE', ( #7905, #3994, #2014, #3993 ) ) ;
#1510 = CARTESIAN_POINT ( 'NONE',  ( 15.72268767189908800, 19.81154848531283719, -50.00000000000000000 ) ) ;
#1511 = DIRECTION ( 'NONE',  ( -0.0000000000000000000, 1.000000000000000000, -0.0000000000000000000 ) ) ;
#1512 = EDGE_CURVE ( 'NONE', #4927, #8094, #952, .T. ) ;
#1513 = LINE ( 'NONE', #10332, #1230 ) ;
#1514 = ORIENTED_EDGE ( 'NONE', *, *, #1804, .T. ) ;
#1515 = DIRECTION ( 'NONE',  ( 0.0000000000000000000, 0.0000000000000000000, 1.000000000000000000 ) ) ;
#1516 = CARTESIAN_POINT ( 'NONE',  ( -7.027312328099999839, 60.54840876450000309, 50.00000000000000000 ) ) ;
#1517 = CARTESIAN_POINT ( 'NONE',  ( -5.527312328099999839, 59.04840876450000309, 50.00000000000000000 ) ) ;
#1518 = DIRECTION ( 'NONE',  ( 1.000000000000000000, 0.0000000000000000000, 0.0000000000000000000 ) ) ;
#1519 = DIRECTION ( 'NONE',  ( 1.000000000000000000, -0.0000000000000000000, -0.0000000000000000000 ) ) ;
#1520 = VECTOR ( 'NONE', #6733, 1000.000000000000000 ) ;
#1521 = DIRECTION ( 'NONE',  ( -1.000000000000000000, 0.0000000000000000000, 0.0000000000000000000 ) ) ;
#1522 = EDGE_CURVE ( 'NONE', #28, #3860, #2486, .T. ) ;
#1523 = AXIS2_PLACEMENT_3D ( 'NONE', #5219, #766, #2516 ) ;
#1524 = CARTESIAN_POINT ( 'NONE',  ( 27.67268767189892031, 63.04840876449918596, 50.00000000000000000 ) ) ;
#1525 = FACE_OUTER_BOUND ( 'NONE', #2266, .T. ) ;
#1526 = VERTEX_POINT ( 'NONE', #11396 ) ;
#1527 = EDGE_CURVE ( 'NONE', #4946, #3419, #9516, .T. ) ;
#1528 = VECTOR ( 'NONE', #6780, 1000.000000000000000 ) ;
#1529 = ADVANCED_FACE ( 'NONE', ( #5714 ), #8666, .F. ) ;
#1530 = DIRECTION ( 'NONE',  ( -0.0000000000000000000, -0.0000000000000000000, -1.000000000000000000 ) ) ;
#1531 = VERTEX_POINT ( 'NONE', #3328 ) ;
#1532 = CARTESIAN_POINT ( 'NONE',  ( 23.78260776849414171, 67.00732702209258207, 50.00000000000000000 ) ) ;
#1533 = CYLINDRICAL_SURFACE ( 'NONE', #6548, 2.500000000000015099 ) ;
#1534 = ORIENTED_EDGE ( 'NONE', *, *, #797, .T. ) ;
#1535 = LINE ( 'NONE', #10766, #2952 ) ;
#1536 = DIRECTION ( 'NONE',  ( 0.0000000000000000000, 0.0000000000000000000, 1.000000000000000000 ) ) ;
#1537 = ORIENTED_EDGE ( 'NONE', *, *, #7724, .F. ) ;
#1538 = DIRECTION ( 'NONE',  ( 1.000000000000000000, 0.0000000000000000000, 0.0000000000000000000 ) ) ;
#1539 = EDGE_CURVE ( 'NONE', #1032, #2903, #3337, .T. ) ;
#1540 = CIRCLE ( 'NONE', #6398, 0.5000000000000281997 ) ;
#1541 = ORIENTED_EDGE ( 'NONE', *, *, #19, .T. ) ;
#1542 = DIRECTION ( 'NONE',  ( 1.000000000000000000, 0.0000000000000000000, 0.0000000000000000000 ) ) ;
#1543 = ORIENTED_EDGE ( 'NONE', *, *, #10948, .T. ) ;
#1544 = ORIENTED_EDGE ( 'NONE', *, *, #3896, .T. ) ;
#1545 = VERTEX_POINT ( 'NONE', #4303 ) ;
#1546 = AXIS2_PLACEMENT_3D ( 'NONE', #10082, #4700, #5601 ) ;
#1547 = DIRECTION ( 'NONE',  ( 1.000000000000000000, -0.0000000000000000000, -0.0000000000000000000 ) ) ;
#1548 = CARTESIAN_POINT ( 'NONE',  ( -3.527312328099999839, 50.04840876450001019, 50.00000000000000000 ) ) ;
#1549 = DIRECTION ( 'NONE',  ( -1.000000000000000000, 0.0000000000000000000, 0.0000000000000000000 ) ) ;
#1550 = CARTESIAN_POINT ( 'NONE',  ( 7.472687671899985951, 73.54840876449998177, 50.00000000000000000 ) ) ;
#1551 = DIRECTION ( 'NONE',  ( -1.000000000000000000, 0.0000000000000000000, 0.0000000000000000000 ) ) ;
#1552 = CARTESIAN_POINT ( 'NONE',  ( 9.972687671899974404, 9.852256341793141914, 50.00000000000000000 ) ) ;
#1553 = VECTOR ( 'NONE', #5487, 1000.000000000000000 ) ;
#1554 = ORIENTED_EDGE ( 'NONE', *, *, #4330, .T. ) ;
#1555 = VERTEX_POINT ( 'NONE', #10607 ) ;
#1556 = ORIENTED_EDGE ( 'NONE', *, *, #10437, .T. ) ;
#1557 = EDGE_CURVE ( 'NONE', #8491, #6188, #1794, .T. ) ;
#1558 = CARTESIAN_POINT ( 'NONE',  ( 18.16884009459992200, 58.04840876450013809, 50.00000000000000000 ) ) ;
#1559 = DIRECTION ( 'NONE',  ( -0.0000000000000000000, -0.0000000000000000000, -1.000000000000000000 ) ) ;
#1560 = ORIENTED_EDGE ( 'NONE', *, *, #8592, .T. ) ;
#1561 = ORIENTED_EDGE ( 'NONE', *, *, #8619, .F. ) ;
#1562 = EDGE_CURVE ( 'NONE', #11519, #10575, #10349, .T. ) ;
#1563 = VECTOR ( 'NONE', #5596, 1000.000000000000000 ) ;
#1564 = ORIENTED_EDGE ( 'NONE', *, *, #1106, .T. ) ;
#1565 = EDGE_CURVE ( 'NONE', #6838, #5966, #5995, .T. ) ;
#1566 = FACE_OUTER_BOUND ( 'NONE', #9133, .T. ) ;
#1567 = EDGE_LOOP ( 'NONE', ( #9174, #6094, #4764, #8476 ) ) ;
#1568 = ORIENTED_EDGE ( 'NONE', *, *, #437, .T. ) ;
#1569 = DIRECTION ( 'NONE',  ( 1.000000000000000000, 0.0000000000000000000, 0.0000000000000000000 ) ) ;
#1570 = VERTEX_POINT ( 'NONE', #631 ) ;
#1571 = DIRECTION ( 'NONE',  ( -1.000000000000000000, 0.0000000000000000000, 0.0000000000000000000 ) ) ;
#1572 = EDGE_CURVE ( 'NONE', #104, #11642, #7266, .T. ) ;
#1573 = CARTESIAN_POINT ( 'NONE',  ( 1.572687671899998918, 73.14840876450000451, 50.00000000000000000 ) ) ;
#1574 = LINE ( 'NONE', #7739, #2005 ) ;
#1575 = CYLINDRICAL_SURFACE ( 'NONE', #6144, 0.4999999999999726885 ) ;
#1576 = CIRCLE ( 'NONE', #10694, 0.5000000000000108802 ) ;
#1577 = EDGE_CURVE ( 'NONE', #9540, #1227, #7701, .T. ) ;
#1578 = VERTEX_POINT ( 'NONE', #3590 ) ;
#1579 = DIRECTION ( 'NONE',  ( -0.0000000000000000000, -0.0000000000000000000, -1.000000000000000000 ) ) ;
#1580 = AXIS2_PLACEMENT_3D ( 'NONE', #9881, #10809, #9103 ) ;
#1581 = VECTOR ( 'NONE', #8068, 1000.000000000000000 ) ;
#1582 = ORIENTED_EDGE ( 'NONE', *, *, #6328, .T. ) ;
#1583 = CARTESIAN_POINT ( 'NONE',  ( -2.527312328099999839, 26.74840876449999882, -50.00000000000000000 ) ) ;
#1584 = DIRECTION ( 'NONE',  ( -0.0000000000000000000, -0.0000000000000000000, -1.000000000000000000 ) ) ;
#1585 = CARTESIAN_POINT ( 'NONE',  ( 32.97268767190000460, 71.04840876449999598, 50.00000000000000000 ) ) ;
#1586 = VECTOR ( 'NONE', #10701, 999.9999999999998863 ) ;
#1587 = EDGE_LOOP ( 'NONE', ( #10376, #9213, #9729, #4582 ) ) ;
#1588 = VECTOR ( 'NONE', #1579, 1000.000000000000000 ) ;
#1589 = LINE ( 'NONE', #7568, #5803 ) ;
#1590 = ORIENTED_EDGE ( 'NONE', *, *, #1938, .T. ) ;
#1591 = ORIENTED_EDGE ( 'NONE', *, *, #661, .F. ) ;
#1592 = CARTESIAN_POINT ( 'NONE',  ( -1.727312328100000016, 66.44840876450000167, 50.00000000000000000 ) ) ;
#1593 = CARTESIAN_POINT ( 'NONE',  ( -3.027312328100000283, -0.9515912354999995770, 50.00000000000000000 ) ) ;
#1594 = CARTESIAN_POINT ( 'NONE',  ( 41.58714094417511120, 44.73480753116644593, 50.00000000000000000 ) ) ;
#1595 = EDGE_CURVE ( 'NONE', #4267, #7468, #11332, .T. ) ;
#1596 = CARTESIAN_POINT ( 'NONE',  ( 30.47268767190000816, 47.54840876449999598, 50.00000000000000000 ) ) ;
#1597 = CIRCLE ( 'NONE', #2742, 0.4999999999999344968 ) ;
#1598 = VERTEX_POINT ( 'NONE', #851 ) ;
#1599 = DIRECTION ( 'NONE',  ( -0.0000000000000000000, -0.0000000000000000000, -1.000000000000000000 ) ) ;
#1600 = FACE_OUTER_BOUND ( 'NONE', #709, .T. ) ;
#1601 = CARTESIAN_POINT ( 'NONE',  ( 10.77268767190012433, 3.298408764500092794, 50.00000000000000000 ) ) ;
#1602 = ORIENTED_EDGE ( 'NONE', *, *, #6762, .F. ) ;
#1603 = VERTEX_POINT ( 'NONE', #7204 ) ;
#1604 = ADVANCED_FACE ( 'NONE', ( #9363 ), #10637, .F. ) ;
#1605 = VERTEX_POINT ( 'NONE', #10752 ) ;
#1606 = AXIS2_PLACEMENT_3D ( 'NONE', #1456, #2364, #10428 ) ;
#1607 = VECTOR ( 'NONE', #5982, 1000.000000000000000 ) ;
#1608 = ORIENTED_EDGE ( 'NONE', *, *, #7500, .F. ) ;
#1609 = CIRCLE ( 'NONE', #8321, 5.400000000000009237 ) ;
#1610 = ORIENTED_EDGE ( 'NONE', *, *, #1352, .F. ) ;
#1611 = ORIENTED_EDGE ( 'NONE', *, *, #3964, .F. ) ;
#1612 = CARTESIAN_POINT ( 'NONE',  ( 10.77268767189999998, 62.79840876450000309, 50.00000000000000000 ) ) ;
#1613 = EDGE_CURVE ( 'NONE', #7031, #5013, #2917, .T. ) ;
#1614 = DIRECTION ( 'NONE',  ( 0.0000000000000000000, 0.0000000000000000000, 1.000000000000000000 ) ) ;
#1615 = CARTESIAN_POINT ( 'NONE',  ( 12.97268767190000105, 15.04840876450000131, 50.00000000000000000 ) ) ;
#1616 = CARTESIAN_POINT ( 'NONE',  ( 24.72268767189961025, 52.84840876450052605, 50.00000000000000000 ) ) ;
#1617 = VECTOR ( 'NONE', #1069, 1000.000000000000000 ) ;
#1618 = EDGE_LOOP ( 'NONE', ( #4572, #1837, #1185, #10941 ) ) ;
#1619 = DIRECTION ( 'NONE',  ( 1.000000000000000000, 0.0000000000000000000, 0.0000000000000000000 ) ) ;
#1620 = VERTEX_POINT ( 'NONE', #8020 ) ;
#1621 = LINE ( 'NONE', #10611, #9066 ) ;
#1622 = AXIS2_PLACEMENT_3D ( 'NONE', #4852, #357, #8550 ) ;
#1623 = CARTESIAN_POINT ( 'NONE',  ( 30.97268767190001526, 62.54840876450001730, 50.00000000000000000 ) ) ;
#1624 = CARTESIAN_POINT ( 'NONE',  ( 28.97268767190000105, 75.04840876449999598, 50.00000000000000000 ) ) ;
#1625 = FACE_OUTER_BOUND ( 'NONE', #7878, .T. ) ;
#1626 = EDGE_CURVE ( 'NONE', #4109, #6196, #3201, .T. ) ;
#1627 = DIRECTION ( 'NONE',  ( 0.0000000000000000000, 0.0000000000000000000, -1.000000000000000000 ) ) ;
#1628 = VERTEX_POINT ( 'NONE', #8104 ) ;
#1629 = AXIS2_PLACEMENT_3D ( 'NONE', #10135, #338, #8224 ) ;
#1630 = ORIENTED_EDGE ( 'NONE', *, *, #5347, .F. ) ;
#1631 = VECTOR ( 'NONE', #11643, 1000.000000000000000 ) ;
#1632 = DIRECTION ( 'NONE',  ( 0.0000000000000000000, 0.0000000000000000000, 1.000000000000000000 ) ) ;
#1633 = CARTESIAN_POINT ( 'NONE',  ( -7.027312328099999839, 9.548408764499999535, 50.00000000000000000 ) ) ;
#1634 = EDGE_CURVE ( 'NONE', #4222, #5821, #5435, .T. ) ;
#1635 = ORIENTED_EDGE ( 'NONE', *, *, #2269, .T. ) ;
#1636 = DIRECTION ( 'NONE',  ( 1.000000000000000000, 0.0000000000000000000, 0.0000000000000000000 ) ) ;
#1637 = DIRECTION ( 'NONE',  ( -0.0000000000000000000, -0.0000000000000000000, -1.000000000000000000 ) ) ;
#1638 = AXIS2_PLACEMENT_3D ( 'NONE', #3081, #2139, #11068 ) ;
#1639 = CIRCLE ( 'NONE', #7779, 26.40000000001661462 ) ;
#1640 = ORIENTED_EDGE ( 'NONE', *, *, #2187, .T. ) ;
#1641 = EDGE_CURVE ( 'NONE', #1669, #3274, #256, .T. ) ;
#1642 = ORIENTED_EDGE ( 'NONE', *, *, #173, .F. ) ;
#1643 = CARTESIAN_POINT ( 'NONE',  ( 2.659086438625821280, 83.66286203683399947, 50.00000000000000000 ) ) ;
#1644 = CARTESIAN_POINT ( 'NONE',  ( 9.572687671900000694, 55.04840876449999598, 50.00000000000000000 ) ) ;
#1645 = DIRECTION ( 'NONE',  ( -1.000000000000000000, 0.0000000000000000000, 0.0000000000000000000 ) ) ;
#1646 = AXIS2_PLACEMENT_3D ( 'NONE', #3963, #2280, #3066 ) ;
#1647 = FACE_OUTER_BOUND ( 'NONE', #2119, .T. ) ;
#1648 = ORIENTED_EDGE ( 'NONE', *, *, #3543, .T. ) ;
#1649 = PLANE ( 'NONE',  #10417 ) ;
#1650 = CIRCLE ( 'NONE', #5348, 2.500000000000015099 ) ;
#1651 = EDGE_CURVE ( 'NONE', #3660, #1431, #7124, .T. ) ;
#1652 = ORIENTED_EDGE ( 'NONE', *, *, #2543, .F. ) ;
#1653 = DIRECTION ( 'NONE',  ( 0.7071067812173170708, 0.7071067811557779637, -0.0000000000000000000 ) ) ;
#1654 = DIRECTION ( 'NONE',  ( -0.0000000000000000000, -0.0000000000000000000, -1.000000000000000000 ) ) ;
#1655 = DIRECTION ( 'NONE',  ( -0.0000000000000000000, -0.0000000000000000000, -1.000000000000000000 ) ) ;
#1656 = DIRECTION ( 'NONE',  ( 0.0000000000000000000, 0.0000000000000000000, 1.000000000000000000 ) ) ;
#1657 = LINE ( 'NONE', #3987, #8545 ) ;
#1658 = ORIENTED_EDGE ( 'NONE', *, *, #3525, .T. ) ;
#1659 = ADVANCED_FACE ( 'NONE', ( #542 ), #3549, .T. ) ;
#1660 = DIRECTION ( 'NONE',  ( 0.0000000000000000000, -1.000000000000000000, 0.0000000000000000000 ) ) ;
#1661 = CARTESIAN_POINT ( 'NONE',  ( 2.335395080400000101, 64.77579147110000690, 50.00000000000000000 ) ) ;
#1662 = CARTESIAN_POINT ( 'NONE',  ( -4.527312328099999839, 7.548408764500001311, 50.00000000000000000 ) ) ;
#1663 = EDGE_CURVE ( 'NONE', #2534, #1217, #4727, .T. ) ;
#1664 = FACE_OUTER_BOUND ( 'NONE', #11133, .T. ) ;
#1665 = AXIS2_PLACEMENT_3D ( 'NONE', #7947, #11435, #7982 ) ;
#1666 = VERTEX_POINT ( 'NONE', #7122 ) ;
#1667 = CARTESIAN_POINT ( 'NONE',  ( 19.37255887009304445, 12.11620537467157455, 50.00000000000000000 ) ) ;
#1668 = LINE ( 'NONE', #4031, #9797 ) ;
#1669 = VERTEX_POINT ( 'NONE', #4373 ) ;
#1670 = CARTESIAN_POINT ( 'NONE',  ( 15.47268767189999927, 49.54840876450001019, -50.00000000000000000 ) ) ;
#1671 = CARTESIAN_POINT ( 'NONE',  ( 25.24118836479955874, 65.46569835309439611, 50.00000000000000000 ) ) ;
#1672 = LINE ( 'NONE', #4610, #11213 ) ;
#1673 = AXIS2_PLACEMENT_3D ( 'NONE', #8129, #10897, #9191 ) ;
#1674 = DIRECTION ( 'NONE',  ( -0.0000000000000000000, -0.0000000000000000000, -1.000000000000000000 ) ) ;
#1675 = ORIENTED_EDGE ( 'NONE', *, *, #9329, .T. ) ;
#1676 = ORIENTED_EDGE ( 'NONE', *, *, #1126, .F. ) ;
#1677 = LINE ( 'NONE', #7924, #11218 ) ;
#1678 = VERTEX_POINT ( 'NONE', #6174 ) ;
#1679 = DIRECTION ( 'NONE',  ( 1.000000000000000000, 0.0000000000000000000, 0.0000000000000000000 ) ) ;
#1680 = CARTESIAN_POINT ( 'NONE',  ( 2.348228878595858493, 6.040516819305399743, 50.00000000000000000 ) ) ;
#1681 = ORIENTED_EDGE ( 'NONE', *, *, #2367, .T. ) ;
#1682 = CARTESIAN_POINT ( 'NONE',  ( -7.027312328099999839, 49.54840876450001019, 50.00000000000000000 ) ) ;
#1683 = CARTESIAN_POINT ( 'NONE',  ( 28.47268767190000105, 43.34840876450000025, 50.00000000000000000 ) ) ;
#1684 = ORIENTED_EDGE ( 'NONE', *, *, #3638, .F. ) ;
#1685 = VERTEX_POINT ( 'NONE', #815 ) ;
#1686 = VERTEX_POINT ( 'NONE', #9906 ) ;
#1687 = DIRECTION ( 'NONE',  ( 0.0000000000000000000, -1.000000000000000000, 0.0000000000000000000 ) ) ;
#1688 = AXIS2_PLACEMENT_3D ( 'NONE', #94, #7315, #1858 ) ;
#1689 = VECTOR ( 'NONE', #6996, 1000.000000000000000 ) ;
#1690 = EDGE_LOOP ( 'NONE', ( #5214, #6, #6692, #8308 ) ) ;
#1691 = DIRECTION ( 'NONE',  ( 1.000000000000000000, 0.0000000000000000000, 0.0000000000000000000 ) ) ;
#1692 = DIRECTION ( 'NONE',  ( 1.000000000000000000, -0.0000000000000000000, -0.0000000000000000000 ) ) ;
#1693 = ORIENTED_EDGE ( 'NONE', *, *, #592, .F. ) ;
#1694 = ORIENTED_EDGE ( 'NONE', *, *, #3606, .F. ) ;
#1695 = ORIENTED_EDGE ( 'NONE', *, *, #6790, .T. ) ;
#1696 = EDGE_CURVE ( 'NONE', #1010, #2685, #102, .T. ) ;
#1697 = AXIS2_PLACEMENT_3D ( 'NONE', #6495, #8264, #2062 ) ;
#1698 = CARTESIAN_POINT ( 'NONE',  ( 15.97268767189993355, 9.852256341799961348, -50.00000000000000000 ) ) ;
#1699 = CARTESIAN_POINT ( 'NONE',  ( 28.97268767190000816, 48.54840876450001019, 50.00000000000000000 ) ) ;
#1700 = CIRCLE ( 'NONE', #459, 0.9999999999999904521 ) ;
#1701 = ORIENTED_EDGE ( 'NONE', *, *, #1286, .F. ) ;
#1702 = EDGE_LOOP ( 'NONE', ( #4239, #10484, #4142, #9471 ) ) ;
#1703 = ORIENTED_EDGE ( 'NONE', *, *, #5551, .T. ) ;
#1704 = CARTESIAN_POINT ( 'NONE',  ( 16.97268767190000105, 71.54840876449999598, 50.00000000000000000 ) ) ;
#1705 = DIRECTION ( 'NONE',  ( -0.0000000000000000000, -0.0000000000000000000, -1.000000000000000000 ) ) ;
#1706 = CARTESIAN_POINT ( 'NONE',  ( 23.59714646530413162, 64.05630070969459666, 50.00000000000000000 ) ) ;
#1707 = DIRECTION ( 'NONE',  ( -1.000000000000000000, 0.0000000000000000000, 0.0000000000000000000 ) ) ;
#1708 = EDGE_CURVE ( 'NONE', #2972, #1270, #2368, .T. ) ;
#1709 = LINE ( 'NONE', #1809, #3679 ) ;
#1710 = ORIENTED_EDGE ( 'NONE', *, *, #11097, .T. ) ;
#1711 = EDGE_LOOP ( 'NONE', ( #1640, #3992, #8025, #236 ) ) ;
#1712 = ORIENTED_EDGE ( 'NONE', *, *, #3584, .T. ) ;
#1713 = VECTOR ( 'NONE', #3551, 1000.000000000000000 ) ;
#1714 = CARTESIAN_POINT ( 'NONE',  ( 3.380200608223121073, 1.558361222972360460, -50.00000000000000000 ) ) ;
#1715 = VERTEX_POINT ( 'NONE', #7043 ) ;
#1716 = AXIS2_PLACEMENT_3D ( 'NONE', #6515, #2162, #8435 ) ;
#1717 = VERTEX_POINT ( 'NONE', #5432 ) ;
#1718 = CIRCLE ( 'NONE', #3345, 4.000000000000003553 ) ;
#1719 = DIRECTION ( 'NONE',  ( 0.0000000000000000000, 0.0000000000000000000, 1.000000000000000000 ) ) ;
#1720 = VERTEX_POINT ( 'NONE', #2028 ) ;
#1721 = CARTESIAN_POINT ( 'NONE',  ( 7.472687671899985951, 73.54840876449998177, -50.00000000000000000 ) ) ;
#1722 = EDGE_CURVE ( 'NONE', #6655, #11009, #9786, .T. ) ;
#1723 = LINE ( 'NONE', #10, #11269 ) ;
#1724 = LINE ( 'NONE', #5625, #3830 ) ;
#1725 = DIRECTION ( 'NONE',  ( -1.000000000000000000, 0.0000000000000000000, 0.0000000000000000000 ) ) ;
#1726 = CARTESIAN_POINT ( 'NONE',  ( 18.39047084618679406, 7.634982463097419014, 50.00000000000000000 ) ) ;
#1727 = CARTESIAN_POINT ( 'NONE',  ( 6.472687671900000161, -0.4515912354999999101, 50.00000000000000000 ) ) ;
#1728 = EDGE_LOOP ( 'NONE', ( #6357, #9942, #4322, #9585 ) ) ;
#1729 = EDGE_CURVE ( 'NONE', #2473, #9916, #2212, .T. ) ;
#1730 = EDGE_CURVE ( 'NONE', #9168, #794, #9234, .T. ) ;
#1731 = CIRCLE ( 'NONE', #6347, 26.40000000001360547 ) ;
#1732 = DIRECTION ( 'NONE',  ( 1.000000000000000000, 0.0000000000000000000, 0.0000000000000000000 ) ) ;
#1733 = ORIENTED_EDGE ( 'NONE', *, *, #5607, .T. ) ;
#1734 = AXIS2_PLACEMENT_3D ( 'NONE', #4364, #10629, #6248 ) ;
#1735 = DIRECTION ( 'NONE',  ( -0.0000000000000000000, -0.0000000000000000000, -1.000000000000000000 ) ) ;
#1736 = FACE_OUTER_BOUND ( 'NONE', #4349, .T. ) ;
#1737 = ORIENTED_EDGE ( 'NONE', *, *, #11630, .F. ) ;
#1738 = VERTEX_POINT ( 'NONE', #66 ) ;
#1739 = DIRECTION ( 'NONE',  ( -1.000000000000000000, 0.0000000000000000000, 0.0000000000000000000 ) ) ;
#1740 = DIRECTION ( 'NONE',  ( 1.000000000000000000, 0.0000000000000000000, 0.0000000000000000000 ) ) ;
#1741 = DIRECTION ( 'NONE',  ( -1.000000000000000000, 0.0000000000000000000, 0.0000000000000000000 ) ) ;
#1742 = EDGE_CURVE ( 'NONE', #5050, #7417, #6977, .T. ) ;
#1743 = LINE ( 'NONE', #4612, #498 ) ;
#1744 = AXIS2_PLACEMENT_3D ( 'NONE', #5020, #6067, #4308 ) ;
#1745 = ORIENTED_EDGE ( 'NONE', *, *, #2, .F. ) ;
#1746 = CARTESIAN_POINT ( 'NONE',  ( 12.97268767189999927, 55.04840876450000309, -50.00000000000000000 ) ) ;
#1747 = VECTOR ( 'NONE', #8978, 1000.000000000000000 ) ;
#1748 = ORIENTED_EDGE ( 'NONE', *, *, #4008, .T. ) ;
#1749 = EDGE_LOOP ( 'NONE', ( #10255, #4906, #4672, #502 ) ) ;
#1750 = DIRECTION ( 'NONE',  ( -0.0000000000000000000, -0.0000000000000000000, -1.000000000000000000 ) ) ;
#1751 = ORIENTED_EDGE ( 'NONE', *, *, #1046, .T. ) ;
#1752 = DIRECTION ( 'NONE',  ( 1.000000000000000000, 0.0000000000000000000, 0.0000000000000000000 ) ) ;
#1753 = DIRECTION ( 'NONE',  ( 0.0000000000000000000, 0.0000000000000000000, 1.000000000000000000 ) ) ;
#1754 = EDGE_CURVE ( 'NONE', #2555, #6305, #10209, .T. ) ;
#1755 = CARTESIAN_POINT ( 'NONE',  ( 7.972687671899985951, 71.54840876450001019, 50.00000000000000000 ) ) ;
#1756 = DIRECTION ( 'NONE',  ( -0.0000000000000000000, -0.0000000000000000000, -1.000000000000000000 ) ) ;
#1757 = CARTESIAN_POINT ( 'NONE',  ( 20.72268767190000105, 57.24840876449999882, 50.00000000000000000 ) ) ;
#1758 = CARTESIAN_POINT ( 'NONE',  ( -2.527312328099999839, 21.54840876449999953, -50.00000000000000000 ) ) ;
#1759 = FACE_OUTER_BOUND ( 'NONE', #4483, .T. ) ;
#1760 = ORIENTED_EDGE ( 'NONE', *, *, #5043, .F. ) ;
#1761 = LINE ( 'NONE', #10326, #7808 ) ;
#1762 = AXIS2_PLACEMENT_3D ( 'NONE', #7972, #2597, #9773 ) ;
#1763 = CARTESIAN_POINT ( 'NONE',  ( 5.222687671900001050, 12.84840876448371816, 50.00000000000000000 ) ) ;
#1764 = CARTESIAN_POINT ( 'NONE',  ( -15.64176560036292152, 65.36200999784996668, 50.00000000000000000 ) ) ;
#1765 = CARTESIAN_POINT ( 'NONE',  ( 2.688948470993043127, 5.674579448493523692, 50.00000000000000000 ) ) ;
#1766 = CIRCLE ( 'NONE', #10091, 0.5000000000000082157 ) ;
#1767 = ORIENTED_EDGE ( 'NONE', *, *, #5959, .T. ) ;
#1768 = EDGE_LOOP ( 'NONE', ( #3161, #9990, #9833, #6866 ) ) ;
#1769 = FACE_BOUND ( 'NONE', #861, .T. ) ;
#1770 = CARTESIAN_POINT ( 'NONE',  ( 6.572816473721994512, 57.98061215432873894, -50.00000000000000000 ) ) ;
#1771 = EDGE_CURVE ( 'NONE', #1105, #6044, #6560, .T. ) ;
#1772 = DIRECTION ( 'NONE',  ( 1.000000000000000000, 0.0000000000000000000, 0.0000000000000000000 ) ) ;
#1773 = ORIENTED_EDGE ( 'NONE', *, *, #3622, .T. ) ;
#1774 = CARTESIAN_POINT ( 'NONE',  ( -4.527312328099999839, 48.04840876450000309, -50.00000000000000000 ) ) ;
#1775 = CARTESIAN_POINT ( 'NONE',  ( 1.222687671899996609, 52.84840876448123481, -50.00000000000000000 ) ) ;
#1776 = ADVANCED_FACE ( 'NONE', ( #7965 ), #1911, .F. ) ;
#1777 = DIRECTION ( 'NONE',  ( -0.0000000000000000000, -0.0000000000000000000, -1.000000000000000000 ) ) ;
#1778 = FACE_OUTER_BOUND ( 'NONE', #6327, .T. ) ;
#1779 = AXIS2_PLACEMENT_3D ( 'NONE', #883, #3537, #10745 ) ;
#1780 = ORIENTED_EDGE ( 'NONE', *, *, #9058, .F. ) ;
#1781 = DIRECTION ( 'NONE',  ( -1.000000000000000000, 0.0000000000000000000, 0.0000000000000000000 ) ) ;
#1782 = CARTESIAN_POINT ( 'NONE',  ( 21.51041085812406095, 59.63195185656541497, -50.00000000000000000 ) ) ;
#1783 = EDGE_CURVE ( 'NONE', #10009, #11537, #7409, .T. ) ;
#1784 = VECTOR ( 'NONE', #138, 1000.000000000000000 ) ;
#1785 = ORIENTED_EDGE ( 'NONE', *, *, #6975, .T. ) ;
#1786 = CARTESIAN_POINT ( 'NONE',  ( -5.627312328100000371, 3.148408764500000512, 50.00000000000000000 ) ) ;
#1787 = EDGE_CURVE ( 'NONE', #750, #6340, #11040, .T. ) ;
#1788 = DIRECTION ( 'NONE',  ( 1.000000000000000000, 0.0000000000000000000, 0.0000000000000000000 ) ) ;
#1789 = AXIS2_PLACEMENT_3D ( 'NONE', #5136, #686, #5174 ) ;
#1790 = CARTESIAN_POINT ( 'NONE',  ( 12.97268767189999927, 55.04840876450000309, 50.00000000000000000 ) ) ;
#1791 = CARTESIAN_POINT ( 'NONE',  ( -5.627312328100000371, -0.9515912355000000211, -50.00000000000000000 ) ) ;
#1792 = CARTESIAN_POINT ( 'NONE',  ( -7.027312328099999839, -0.9515912355000000211, 50.00000000000000000 ) ) ;
#1793 = CARTESIAN_POINT ( 'NONE',  ( 15.90489106173069445, 61.44827996266366199, -50.00000000000000000 ) ) ;
#1794 = LINE ( 'NONE', #1517, #2768 ) ;
#1795 = DIRECTION ( 'NONE',  ( 1.000000000000000000, 0.0000000000000000000, 0.0000000000000000000 ) ) ;
#1796 = ORIENTED_EDGE ( 'NONE', *, *, #5830, .F. ) ;
#1797 = ORIENTED_EDGE ( 'NONE', *, *, #4008, .F. ) ;
#1798 = EDGE_CURVE ( 'NONE', #4352, #9257, #4184, .T. ) ;
#1799 = CARTESIAN_POINT ( 'NONE',  ( 22.97268767190000460, 70.54840876449999598, 50.00000000000000000 ) ) ;
#1800 = DIRECTION ( 'NONE',  ( 1.000000000000000000, 0.0000000000000000000, 0.0000000000000000000 ) ) ;
#1801 = AXIS2_PLACEMENT_3D ( 'NONE', #10406, #11276, #5031 ) ;
#1802 = FACE_OUTER_BOUND ( 'NONE', #8488, .T. ) ;
#1803 = VERTEX_POINT ( 'NONE', #10062 ) ;
#1804 = EDGE_CURVE ( 'NONE', #5935, #5437, #2631, .T. ) ;
#1805 = CYLINDRICAL_SURFACE ( 'NONE', #9843, 3.400000000000000355 ) ;
#1806 = CARTESIAN_POINT ( 'NONE',  ( 25.61576849259341060, 4.341180756096217230, 50.00000000000000000 ) ) ;
#1807 = CARTESIAN_POINT ( 'NONE',  ( 20.14519321226683601, 20.64495767069328380, 50.00000000000000000 ) ) ;
#1808 = EDGE_CURVE ( 'NONE', #5821, #6044, #3894, .T. ) ;
#1809 = CARTESIAN_POINT ( 'NONE',  ( -0.5173598695293115668, 64.64089582827466529, 50.00000000000000000 ) ) ;
#1810 = CARTESIAN_POINT ( 'NONE',  ( 24.72268767189990157, 12.84840876450012814, 50.00000000000000000 ) ) ;
#1811 = AXIS2_PLACEMENT_3D ( 'NONE', #8359, #5721, #1249 ) ;
#1812 = FACE_OUTER_BOUND ( 'NONE', #6729, .T. ) ;
#1813 = ORIENTED_EDGE ( 'NONE', *, *, #6376, .F. ) ;
#1814 = CARTESIAN_POINT ( 'NONE',  ( 2.659086438625821280, 83.66286203683399947, -50.00000000000000000 ) ) ;
#1815 = CIRCLE ( 'NONE', #10442, 0.5000000000000247580 ) ;
#1816 = DIRECTION ( 'NONE',  ( -0.0000000000000000000, -0.0000000000000000000, -1.000000000000000000 ) ) ;
#1817 = CARTESIAN_POINT ( 'NONE',  ( -2.527312328099999839, 60.04840876450000309, -50.00000000000000000 ) ) ;
#1818 = ORIENTED_EDGE ( 'NONE', *, *, #4129, .F. ) ;
#1819 = DIRECTION ( 'NONE',  ( -1.000000000000000000, 0.0000000000000000000, 0.0000000000000000000 ) ) ;
#1820 = CARTESIAN_POINT ( 'NONE',  ( -15.64176560054782783, 44.73480753138829868, 50.00000000000000000 ) ) ;
#1821 = CARTESIAN_POINT ( 'NONE',  ( 22.97268767190000460, 69.74840876449999882, -50.00000000000000000 ) ) ;
#1822 = CIRCLE ( 'NONE', #9698, 26.69999999996891660 ) ;
#1823 = ORIENTED_EDGE ( 'NONE', *, *, #2813, .F. ) ;
#1824 = EDGE_CURVE ( 'NONE', #2608, #8720, #817, .T. ) ;
#1825 = CIRCLE ( 'NONE', #11094, 0.5000000000000177636 ) ;
#1826 = DIRECTION ( 'NONE',  ( 1.000000000000000000, 0.0000000000000000000, 0.0000000000000000000 ) ) ;
#1827 = ORIENTED_EDGE ( 'NONE', *, *, #9600, .T. ) ;
#1828 = CARTESIAN_POINT ( 'NONE',  ( 2.348228878636272388, 64.05630070972254941, -50.00000000000000000 ) ) ;
#1829 = CARTESIAN_POINT ( 'NONE',  ( 7.776535249200000166, 17.54840876449999953, 50.00000000000000000 ) ) ;
#1830 = DIRECTION ( 'NONE',  ( -1.000000000000000000, 0.0000000000000000000, 0.0000000000000000000 ) ) ;
#1831 = DIRECTION ( 'NONE',  ( 1.000000000000000000, 0.0000000000000000000, 0.0000000000000000000 ) ) ;
#1832 = LINE ( 'NONE', #10822, #1123 ) ;
#1833 = VERTEX_POINT ( 'NONE', #6381 ) ;
#1834 = AXIS2_PLACEMENT_3D ( 'NONE', #10370, #11386, #4260 ) ;
#1835 = CARTESIAN_POINT ( 'NONE',  ( 24.57805253900000153, 65.50477547050000737, 50.00000000000000000 ) ) ;
#1836 = DIRECTION ( 'NONE',  ( -1.000000000000000000, -0.0000000000000000000, -0.0000000000000000000 ) ) ;
#1837 = ORIENTED_EDGE ( 'NONE', *, *, #8968, .F. ) ;
#1838 = ORIENTED_EDGE ( 'NONE', *, *, #8143, .F. ) ;
#1839 = ORIENTED_EDGE ( 'NONE', *, *, #7111, .T. ) ;
#1840 = PLANE ( 'NONE',  #8555 ) ;
#1841 = DIRECTION ( 'NONE',  ( -0.0000000000000000000, -1.000000000000000000, -0.0000000000000000000 ) ) ;
#1842 = CYLINDRICAL_SURFACE ( 'NONE', #9025, 0.5000000000000177636 ) ;
#1843 = VERTEX_POINT ( 'NONE', #9047 ) ;
#1844 = VERTEX_POINT ( 'NONE', #2845 ) ;
#1845 = CARTESIAN_POINT ( 'NONE',  ( -2.527312328100000283, 5.048408764500000423, 50.00000000000000000 ) ) ;
#1846 = DIRECTION ( 'NONE',  ( -0.0000000000000000000, -0.0000000000000000000, -1.000000000000000000 ) ) ;
#1847 = EDGE_LOOP ( 'NONE', ( #3521, #11403, #2385, #8162 ) ) ;
#1848 = DIRECTION ( 'NONE',  ( -0.0000000000000000000, -0.0000000000000000000, -1.000000000000000000 ) ) ;
#1849 = AXIS2_PLACEMENT_3D ( 'NONE', #7491, #10198, #8514 ) ;
#1850 = VECTOR ( 'NONE', #8588, 1000.000000000000000 ) ;
#1851 = ORIENTED_EDGE ( 'NONE', *, *, #8330, .T. ) ;
#1852 = LINE ( 'NONE', #168, #1985 ) ;
#1853 = VERTEX_POINT ( 'NONE', #1077 ) ;
#1854 = DIRECTION ( 'NONE',  ( -0.0000000000000000000, -0.0000000000000000000, -1.000000000000000000 ) ) ;
#1855 = DIRECTION ( 'NONE',  ( -0.0000000000000000000, -0.0000000000000000000, -1.000000000000000000 ) ) ;
#1856 = ORIENTED_EDGE ( 'NONE', *, *, #7724, .T. ) ;
#1857 = EDGE_CURVE ( 'NONE', #5094, #9410, #5012, .T. ) ;
#1858 = DIRECTION ( 'NONE',  ( 1.000000000000000000, 0.0000000000000000000, 0.0000000000000000000 ) ) ;
#1859 = VECTOR ( 'NONE', #6190, 1000.000000000000000 ) ;
#1860 = LINE ( 'NONE', #9728, #2010 ) ;
#1861 = FACE_OUTER_BOUND ( 'NONE', #7753, .T. ) ;
#1862 = ORIENTED_EDGE ( 'NONE', *, *, #2048, .T. ) ;
#1863 = VECTOR ( 'NONE', #8513, 1000.000000000000000 ) ;
#1864 = EDGE_LOOP ( 'NONE', ( #5038, #2297, #8910, #2648 ) ) ;
#1865 = CARTESIAN_POINT ( 'NONE',  ( 5.559261370508581379, 9.630625590204930475, -50.00000000000000000 ) ) ;
#1866 = EDGE_CURVE ( 'NONE', #9076, #1095, #1226, .T. ) ;
#1867 = LINE ( 'NONE', #8341, #8044 ) ;
#1868 = DIRECTION ( 'NONE',  ( -0.0000000000000000000, -0.0000000000000000000, -1.000000000000000000 ) ) ;
#1869 = CARTESIAN_POINT ( 'NONE',  ( 32.97268767189999750, 71.04840876449999598, 50.00000000000000000 ) ) ;
#1870 = CARTESIAN_POINT ( 'NONE',  ( -4.527312328099993621, 22.54840876450001019, -50.00000000000000000 ) ) ;
#1871 = DIRECTION ( 'NONE',  ( 0.0000000000000000000, 0.0000000000000000000, 1.000000000000000000 ) ) ;
#1872 = EDGE_CURVE ( 'NONE', #9204, #1442, #5578, .T. ) ;
#1873 = CIRCLE ( 'NONE', #1088, 0.4999999999999726885 ) ;
#1874 = EDGE_LOOP ( 'NONE', ( #10892, #10427, #11486, #9743 ) ) ;
#1875 = CARTESIAN_POINT ( 'NONE',  ( -2.527312328099992733, 47.54840876450001730, -50.00000000000000000 ) ) ;
#1876 = VECTOR ( 'NONE', #6841, 1000.000000000000000 ) ;
#1877 = DIRECTION ( 'NONE',  ( -1.000000000000000000, 0.0000000000000000000, 0.0000000000000000000 ) ) ;
#1878 = VECTOR ( 'NONE', #5916, 1000.000000000000000 ) ;
#1879 = AXIS2_PLACEMENT_3D ( 'NONE', #5353, #9865, #7205 ) ;
#1880 = EDGE_LOOP ( 'NONE', ( #1208, #7320, #6344, #11203 ) ) ;
#1881 = CARTESIAN_POINT ( 'NONE',  ( 29.47268767190001171, 10.04840876449999065, 50.00000000000000000 ) ) ;
#1882 = EDGE_CURVE ( 'NONE', #5375, #5693, #3613, .T. ) ;
#1883 = CARTESIAN_POINT ( 'NONE',  ( 1.222687671899987949, 17.24840876450001659, 50.00000000000000000 ) ) ;
#1884 = CARTESIAN_POINT ( 'NONE',  ( 23.25642687290695676, 64.42223808050648870, 50.00000000000000000 ) ) ;
#1886 = VECTOR ( 'NONE', #2642, 1000.000000000000000 ) ;
#1885 = CARTESIAN_POINT ( 'NONE',  ( 15.72268767190003125, 10.28526904369216055, 50.00000000000000000 ) ) ;
#1887 = ORIENTED_EDGE ( 'NONE', *, *, #8123, .F. ) ;
#1888 = LINE ( 'NONE', #5076, #6373 ) ;
#1889 = EDGE_LOOP ( 'NONE', ( #11578, #281, #4588, #7608 ) ) ;
#1890 = VERTEX_POINT ( 'NONE', #11065 ) ;
#1891 = ORIENTED_EDGE ( 'NONE', *, *, #3227, .F. ) ;
#1892 = CARTESIAN_POINT ( 'NONE',  ( 15.97268767190032257, 60.24456118719981390, -50.00000000000000000 ) ) ;
#1893 = EDGE_CURVE ( 'NONE', #6146, #7464, #8390, .T. ) ;
#1894 = DIRECTION ( 'NONE',  ( -1.000000000000000000, 0.0000000000000000000, 0.0000000000000000000 ) ) ;
#1895 = AXIS2_PLACEMENT_3D ( 'NONE', #1407, #10466, #9524 ) ;
#1896 = DIRECTION ( 'NONE',  ( -0.0000000000000000000, -1.000000000000000000, -0.0000000000000000000 ) ) ;
#1897 = FACE_OUTER_BOUND ( 'NONE', #8728, .T. ) ;
#1898 = ORIENTED_EDGE ( 'NONE', *, *, #8478, .F. ) ;
#1899 = ADVANCED_FACE ( 'NONE', ( #1508 ), #10064, .F. ) ;
#1900 = CIRCLE ( 'NONE', #4702, 0.5000000000000038858 ) ;
#1901 = ORIENTED_EDGE ( 'NONE', *, *, #1626, .F. ) ;
#1902 = PLANE ( 'NONE',  #9726 ) ;
#1903 = ORIENTED_EDGE ( 'NONE', *, *, #9831, .F. ) ;
#1904 = AXIS2_PLACEMENT_3D ( 'NONE', #7748, #6003, #647 ) ;
#1905 = CARTESIAN_POINT ( 'NONE',  ( 10.47268767189999927, 9.852256341800000428, -50.00000000000000000 ) ) ;
#1906 = CIRCLE ( 'NONE', #258, 1.999999999999904521 ) ;
#1907 = VERTEX_POINT ( 'NONE', #11187 ) ;
#1908 = DIRECTION ( 'NONE',  ( -0.0000000000000000000, -0.0000000000000000000, -1.000000000000000000 ) ) ;
#1909 = VERTEX_POINT ( 'NONE', #6644 ) ;
#1910 = FACE_OUTER_BOUND ( 'NONE', #11459, .T. ) ;
#1911 = PLANE ( 'NONE',  #2953 ) ;
#1912 = CARTESIAN_POINT ( 'NONE',  ( 2.688948470993043127, 5.674579448493523692, 50.00000000000000000 ) ) ;
#1913 = DIRECTION ( 'NONE',  ( 1.000000000000000000, -0.0000000000000000000, -0.0000000000000000000 ) ) ;
#1914 = CARTESIAN_POINT ( 'NONE',  ( 10.77268767198538590, 66.79840876450053599, 50.00000000000000000 ) ) ;
#1915 = CYLINDRICAL_SURFACE ( 'NONE', #7917, 0.5000000000000004441 ) ;
#1916 = EDGE_LOOP ( 'NONE', ( #2655, #202, #9439, #1130 ) ) ;
#1917 = ORIENTED_EDGE ( 'NONE', *, *, #7288, .T. ) ;
#1918 = LINE ( 'NONE', #822, #1631 ) ;
#1919 = AXIS2_PLACEMENT_3D ( 'NONE', #7239, #8134, #8096 ) ;
#1920 = DIRECTION ( 'NONE',  ( -0.0000000000000000000, -0.0000000000000000000, -1.000000000000000000 ) ) ;
#1921 = DIRECTION ( 'NONE',  ( 1.000000000000000000, 0.0000000000000000000, 0.0000000000000000000 ) ) ;
#1922 = ORIENTED_EDGE ( 'NONE', *, *, #5010, .T. ) ;
#1923 = CARTESIAN_POINT ( 'NONE',  ( 3.245304965300000344, 4.411116172900000798, 50.00000000000000000 ) ) ;
#1924 = VECTOR ( 'NONE', #4988, 1000.000000000000000 ) ;
#1925 = EDGE_CURVE ( 'NONE', #2108, #4070, #2905, .T. ) ;
#1926 = VERTEX_POINT ( 'NONE', #2219 ) ;
#1927 = ORIENTED_EDGE ( 'NONE', *, *, #4845, .F. ) ;
#1928 = CARTESIAN_POINT ( 'NONE',  ( -5.527312328099999839, 51.04840876450000309, -50.00000000000000000 ) ) ;
#1929 = DIRECTION ( 'NONE',  ( 1.000000000000000000, 0.0000000000000000000, 0.0000000000000000000 ) ) ;
#1930 = DIRECTION ( 'NONE',  ( -1.000000000000000000, 0.0000000000000000000, 0.0000000000000000000 ) ) ;
#1931 = VECTOR ( 'NONE', #1511, 1000.000000000000000 ) ;
#1932 = ORIENTED_EDGE ( 'NONE', *, *, #8057, .F. ) ;
#1933 = DIRECTION ( 'NONE',  ( -1.000000000000000000, -0.0000000000000000000, -0.0000000000000000000 ) ) ;
#1934 = EDGE_CURVE ( 'NONE', #456, #5662, #3322, .T. ) ;
#1935 = LINE ( 'NONE', #10283, #11052 ) ;
#1936 = VERTEX_POINT ( 'NONE', #2095 ) ;
#1937 = EDGE_CURVE ( 'NONE', #11089, #10648, #532, .T. ) ;
#1938 = EDGE_CURVE ( 'NONE', #211, #11565, #8799, .T. ) ;
#1939 = AXIS2_PLACEMENT_3D ( 'NONE', #7997, #2625, #2585 ) ;
#1940 = VECTOR ( 'NONE', #10299, 1000.000000000000000 ) ;
#1941 = EDGE_LOOP ( 'NONE', ( #10710, #6032, #6766, #7449 ) ) ;
#1942 = CARTESIAN_POINT ( 'NONE',  ( 15.17268767190000034, 62.79840876450000309, -50.00000000000000000 ) ) ;
#1943 = CARTESIAN_POINT ( 'NONE',  ( 7.776535249200000166, 17.54840876449999953, 50.00000000000000000 ) ) ;
#1944 = CARTESIAN_POINT ( 'NONE',  ( 27.67268767190000389, 5.048408764500000423, -50.00000000000000000 ) ) ;
#1945 = DIRECTION ( 'NONE',  ( 1.000000000000000000, 0.0000000000000000000, 0.0000000000000000000 ) ) ;
#1946 = DIRECTION ( 'NONE',  ( -1.000000000000000000, -0.0000000000000000000, -0.0000000000000000000 ) ) ;
#1947 = CIRCLE ( 'NONE', #9469, 3.400000000000000355 ) ;
#1948 = EDGE_CURVE ( 'NONE', #2210, #3274, #8941, .T. ) ;
#1949 = CARTESIAN_POINT ( 'NONE',  ( 5.972687671900000161, 71.04840876449999598, 50.00000000000000000 ) ) ;
#1950 = VERTEX_POINT ( 'NONE', #7556 ) ;
#1951 = DIRECTION ( 'NONE',  ( -0.0000000000000000000, -1.000000000000000000, -0.0000000000000000000 ) ) ;
#1952 = ADVANCED_FACE ( 'NONE', ( #10612 ), #8092, .T. ) ;
#1953 = CIRCLE ( 'NONE', #6317, 5.399999999998907008 ) ;
#1954 = ORIENTED_EDGE ( 'NONE', *, *, #5333, .T. ) ;
#1955 = EDGE_CURVE ( 'NONE', #10081, #3301, #2355, .T. ) ;
#1956 = CARTESIAN_POINT ( 'NONE',  ( 5.222687671900000161, 57.24840876449999882, 50.00000000000000000 ) ) ;
#1957 = CARTESIAN_POINT ( 'NONE',  ( 19.97268767190000105, 72.54840876449999598, 50.00000000000000000 ) ) ;
#1958 = CARTESIAN_POINT ( 'NONE',  ( 5.222687671900000161, 52.84840876448123481, 50.00000000000000000 ) ) ;
#1959 = EDGE_CURVE ( 'NONE', #7077, #269, #10199, .T. ) ;
#1960 = CARTESIAN_POINT ( 'NONE',  ( 19.97268767190000105, -0.9515912354999997991, 50.00000000000000000 ) ) ;
#1961 = FACE_OUTER_BOUND ( 'NONE', #6957, .T. ) ;
#1962 = CARTESIAN_POINT ( 'NONE',  ( 7.776535249200000166, 17.54840876449999953, -50.00000000000000000 ) ) ;
#1963 = AXIS2_PLACEMENT_3D ( 'NONE', #5381, #1777, #1739 ) ;
#1964 = ORIENTED_EDGE ( 'NONE', *, *, #5857, .F. ) ;
#1965 = CIRCLE ( 'NONE', #7307, 24.99999999999828759 ) ;
#1966 = ORIENTED_EDGE ( 'NONE', *, *, #7885, .T. ) ;
#1967 = DIRECTION ( 'NONE',  ( -1.000000000000000000, 0.0000000000000000000, 0.0000000000000000000 ) ) ;
#1968 = DIRECTION ( 'NONE',  ( 0.0000000000000000000, 0.0000000000000000000, 1.000000000000000000 ) ) ;
#1969 = DIRECTION ( 'NONE',  ( 0.0000000000000000000, 0.0000000000000000000, 1.000000000000000000 ) ) ;
#1970 = VERTEX_POINT ( 'NONE', #11105 ) ;
#1971 = EDGE_CURVE ( 'NONE', #8546, #5108, #10335, .T. ) ;
#1972 = ORIENTED_EDGE ( 'NONE', *, *, #546, .T. ) ;
#1973 = ORIENTED_EDGE ( 'NONE', *, *, #70, .T. ) ;
#1974 = CARTESIAN_POINT ( 'NONE',  ( 8.972687671899999273, 73.54840876449999598, 50.00000000000000000 ) ) ;
#1975 = EDGE_CURVE ( 'NONE', #2537, #11620, #6550, .T. ) ;
#1976 = FACE_OUTER_BOUND ( 'NONE', #5639, .T. ) ;
#1977 = ORIENTED_EDGE ( 'NONE', *, *, #10424, .T. ) ;
#1978 = ORIENTED_EDGE ( 'NONE', *, *, #5230, .T. ) ;
#1979 = ORIENTED_EDGE ( 'NONE', *, *, #9242, .T. ) ;
#1980 = DIRECTION ( 'NONE',  ( 0.0000000000000000000, 0.0000000000000000000, 1.000000000000000000 ) ) ;
#1981 = ORIENTED_EDGE ( 'NONE', *, *, #7824, .F. ) ;
#1982 = CARTESIAN_POINT ( 'NONE',  ( -2.527312328099999839, 8.548408764499999535, 50.00000000000000000 ) ) ;
#1983 = CARTESIAN_POINT ( 'NONE',  ( 2.659086438555689824, -13.56604450776711346, 50.00000000000000000 ) ) ;
#1984 = AXIS2_PLACEMENT_3D ( 'NONE', #3710, #8232, #3751 ) ;
#1985 = VECTOR ( 'NONE', #1896, 1000.000000000000000 ) ;
#1986 = VERTEX_POINT ( 'NONE', #10489 ) ;
#1987 = DIRECTION ( 'NONE',  ( 0.0000000000000000000, 0.0000000000000000000, 1.000000000000000000 ) ) ;
#1988 = ORIENTED_EDGE ( 'NONE', *, *, #5733, .T. ) ;
#1989 = VERTEX_POINT ( 'NONE', #6846 ) ;
#1990 = DIRECTION ( 'NONE',  ( -0.0000000000000000000, -0.0000000000000000000, -1.000000000000000000 ) ) ;
#1991 = EDGE_CURVE ( 'NONE', #11565, #113, #5281, .T. ) ;
#1992 = DIRECTION ( 'NONE',  ( -0.0000000000000000000, -0.0000000000000000000, -1.000000000000000000 ) ) ;
#1993 = CARTESIAN_POINT ( 'NONE',  ( 22.70007037860000310, 4.411116172900002574, 50.00000000000000000 ) ) ;
#1994 = CIRCLE ( 'NONE', #1939, 26.40000000001335678 ) ;
#1995 = ORIENTED_EDGE ( 'NONE', *, *, #10623, .F. ) ;
#1996 = ORIENTED_EDGE ( 'NONE', *, *, #7693, .T. ) ;
#1997 = DIRECTION ( 'NONE',  ( -0.0000000000000000000, -0.0000000000000000000, -1.000000000000000000 ) ) ;
#1998 = CARTESIAN_POINT ( 'NONE',  ( 28.47268767190000105, 8.548408764499999535, -50.00000000000000000 ) ) ;
#1999 = CARTESIAN_POINT ( 'NONE',  ( 0.3296068512849965604, 4.341180756097601012, -50.00000000000000000 ) ) ;
#2000 = CIRCLE ( 'NONE', #2857, 0.5000000000000281997 ) ;
#2001 = ORIENTED_EDGE ( 'NONE', *, *, #7241, .F. ) ;
#2002 = CARTESIAN_POINT ( 'NONE',  ( 2.688948471027015064, 64.42223808054043843, -50.00000000000000000 ) ) ;
#2003 = ORIENTED_EDGE ( 'NONE', *, *, #3392, .F. ) ;
#2004 = AXIS2_PLACEMENT_3D ( 'NONE', #10589, #7067, #714 ) ;
#2005 = VECTOR ( 'NONE', #10390, 1000.000000000000000 ) ;
#2006 = CARTESIAN_POINT ( 'NONE',  ( 20.14519321231075111, 49.45185985833106201, 50.00000000000000000 ) ) ;
#2007 = ORIENTED_EDGE ( 'NONE', *, *, #1352, .T. ) ;
#2008 = CARTESIAN_POINT ( 'NONE',  ( 10.47268767189999927, 60.95289766620000194, -50.00000000000000000 ) ) ;
#2009 = EDGE_CURVE ( 'NONE', #5609, #7884, #9508, .T. ) ;
#2010 = VECTOR ( 'NONE', #2594, 1000.000000000000000 ) ;
#2011 = CYLINDRICAL_SURFACE ( 'NONE', #6882, 0.9999999999999904521 ) ;
#2012 = ORIENTED_EDGE ( 'NONE', *, *, #3217, .T. ) ;
#2013 = ADVANCED_FACE ( 'NONE', ( #6418 ), #461, .F. ) ;
#2014 = ORIENTED_EDGE ( 'NONE', *, *, #3923, .T. ) ;
#2015 = CARTESIAN_POINT ( 'NONE',  ( 23.28628890540853646, -13.56604450765714809, -50.00000000000000000 ) ) ;
#2016 = CYLINDRICAL_SURFACE ( 'NONE', #6493, 2.600000000000004530 ) ;
#2017 = EDGE_CURVE ( 'NONE', #349, #21, #5566, .T. ) ;
#2018 = LINE ( 'NONE', #6962, #11561 ) ;
#2019 = ORIENTED_EDGE ( 'NONE', *, *, #2919, .T. ) ;
#2020 = EDGE_CURVE ( 'NONE', #3664, #843, #5855, .T. ) ;
#2021 = CARTESIAN_POINT ( 'NONE',  ( 22.70007037860000310, 4.411116172900002574, -50.00000000000000000 ) ) ;
#2022 = LINE ( 'NONE', #1484, #7073 ) ;
#2023 = ORIENTED_EDGE ( 'NONE', *, *, #8492, .T. ) ;
#2024 = AXIS2_PLACEMENT_3D ( 'NONE', #3218, #11173, #445 ) ;
#2025 = CARTESIAN_POINT ( 'NONE',  ( 15.17268767191599110, 3.298408764499885404, 50.00000000000000000 ) ) ;
#2026 = ORIENTED_EDGE ( 'NONE', *, *, #8034, .T. ) ;
#2027 = DIRECTION ( 'NONE',  ( 1.000000000000000000, 0.0000000000000000000, 0.0000000000000000000 ) ) ;
#2028 = CARTESIAN_POINT ( 'NONE',  ( 19.07033741067628085, 17.98389263546527062, 50.00000000000000000 ) ) ;
#2029 = CARTESIAN_POINT ( 'NONE',  ( -2.527312328099995398, 7.548408764500003976, 50.00000000000000000 ) ) ;
#2030 = EDGE_CURVE ( 'NONE', #8219, #11389, #7686, .T. ) ;
#2031 = CARTESIAN_POINT ( 'NONE',  ( -15.64176560036292152, 65.36200999784996668, -50.00000000000000000 ) ) ;
#2032 = DIRECTION ( 'NONE',  ( -0.0000000000000000000, -0.0000000000000000000, -1.000000000000000000 ) ) ;
#2033 = CIRCLE ( 'NONE', #3043, 2.000000000000508482 ) ;
#2034 = ORIENTED_EDGE ( 'NONE', *, *, #8647, .F. ) ;
#2035 = VECTOR ( 'NONE', #308, 1000.000000000000000 ) ;
#2036 = EDGE_LOOP ( 'NONE', ( #581, #10474, #1008, #10882 ) ) ;
#2037 = ORIENTED_EDGE ( 'NONE', *, *, #5007, .T. ) ;
#2038 = ORIENTED_EDGE ( 'NONE', *, *, #4169, .F. ) ;
#2039 = CARTESIAN_POINT ( 'NONE',  ( 41.58714094417511120, 44.73480753116644593, 50.00000000000000000 ) ) ;
#2040 = EDGE_CURVE ( 'NONE', #104, #11389, #4175, .T. ) ;
#2041 = AXIS2_PLACEMENT_3D ( 'NONE', #6260, #2731, #4420 ) ;
#2042 = DIRECTION ( 'NONE',  ( -0.0000000000000000000, 1.000000000000000000, -0.0000000000000000000 ) ) ;
#2043 = CARTESIAN_POINT ( 'NONE',  ( 9.972687671899651107, 60.24456118720755171, 50.00000000000000000 ) ) ;
#2044 = DIRECTION ( 'NONE',  ( 0.0000000000000000000, -1.000000000000000000, 0.0000000000000000000 ) ) ;
#2045 = FACE_OUTER_BOUND ( 'NONE', #9074, .T. ) ;
#2046 = ORIENTED_EDGE ( 'NONE', *, *, #8953, .T. ) ;
#2047 = FACE_OUTER_BOUND ( 'NONE', #5661, .T. ) ;
#2048 = EDGE_CURVE ( 'NONE', #2363, #6247, #9774, .T. ) ;
#2049 = DIRECTION ( 'NONE',  ( -1.000000000000000000, 0.0000000000000000000, 0.0000000000000000000 ) ) ;
#2050 = DIRECTION ( 'NONE',  ( 0.0000000000000000000, 0.0000000000000000000, 1.000000000000000000 ) ) ;
#2051 = DIRECTION ( 'NONE',  ( 1.000000000000000000, 0.0000000000000000000, 0.0000000000000000000 ) ) ;
#2052 = CYLINDRICAL_SURFACE ( 'NONE', #4306, 0.4999999999999596989 ) ;
#2053 = VERTEX_POINT ( 'NONE', #8683 ) ;
#2054 = CARTESIAN_POINT ( 'NONE',  ( 10.22268767190005256, 19.81154848530768575, -50.00000000000000000 ) ) ;
#2055 = VERTEX_POINT ( 'NONE', #4144 ) ;
#2056 = FACE_OUTER_BOUND ( 'NONE', #5853, .T. ) ;
#2057 = AXIS2_PLACEMENT_3D ( 'NONE', #10354, #8560, #9296 ) ;
#2058 = EDGE_LOOP ( 'NONE', ( #4929, #119, #10713, #5085 ) ) ;
#2059 = DIRECTION ( 'NONE',  ( 1.000000000000000000, 0.0000000000000000000, 0.0000000000000000000 ) ) ;
#2060 = AXIS2_PLACEMENT_3D ( 'NONE', #1548, #11512, #5187 ) ;
#2061 = DIRECTION ( 'NONE',  ( -0.0000000000000000000, -0.0000000000000000000, -1.000000000000000000 ) ) ;
#2062 = DIRECTION ( 'NONE',  ( 0.0000000000000000000, 0.0000000000000000000, 1.000000000000000000 ) ) ;
#2063 = CARTESIAN_POINT ( 'NONE',  ( -1.727312327979766637, 63.04840876450003151, 50.00000000000000000 ) ) ;
#2064 = FACE_OUTER_BOUND ( 'NONE', #879, .T. ) ;
#2065 = CARTESIAN_POINT ( 'NONE',  ( 6.572816473707495888, 12.11620537467149283, -50.00000000000000000 ) ) ;
#2066 = EDGE_LOOP ( 'NONE', ( #8073, #6041, #7310, #2255 ) ) ;
#2067 = ORIENTED_EDGE ( 'NONE', *, *, #4766, .F. ) ;
#2068 = CARTESIAN_POINT ( 'NONE',  ( 7.776535249200000166, 57.54840876450001019, 50.00000000000000000 ) ) ;
#2069 = CYLINDRICAL_SURFACE ( 'NONE', #8401, 1.999999999999713785 ) ;
#2070 = EDGE_LOOP ( 'NONE', ( #34, #10521, #10374, #6916 ) ) ;
#2071 = ADVANCED_FACE ( 'NONE', ( #1778 ), #10741, .F. ) ;
#2072 = VECTOR ( 'NONE', #9560, 1000.000000000000000 ) ;
#2073 = AXIS2_PLACEMENT_3D ( 'NONE', #5957, #4270, #5080 ) ;
#2074 = DIRECTION ( 'NONE',  ( -0.0000000000000000000, -0.0000000000000000000, -1.000000000000000000 ) ) ;
#2075 = ORIENTED_EDGE ( 'NONE', *, *, #2346, .F. ) ;
#2076 = DIRECTION ( 'NONE',  ( -0.0000000000000000000, -1.000000000000000000, -0.0000000000000000000 ) ) ;
#2077 = CIRCLE ( 'NONE', #6205, 0.5000000000001080247 ) ;
#2078 = VERTEX_POINT ( 'NONE', #10325 ) ;
#2079 = EDGE_CURVE ( 'NONE', #1217, #3108, #1080, .T. ) ;
#2080 = AXIS2_PLACEMENT_3D ( 'NONE', #7091, #2656, #3596 ) ;
#2081 = VECTOR ( 'NONE', #2198, 1000.000000000000000 ) ;
#2082 = CARTESIAN_POINT ( 'NONE',  ( 18.39047084619495465, 62.46183506590183043, -50.00000000000000000 ) ) ;
#2083 = DIRECTION ( 'NONE',  ( 1.000000000000000000, 0.0000000000000000000, 0.0000000000000000000 ) ) ;
#2084 = CARTESIAN_POINT ( 'NONE',  ( 5.800182131535402519, 20.64495767069079690, 50.00000000000000000 ) ) ;
#2085 = PRODUCT_DEFINITION_SHAPE ( 'NONE', 'NONE',  #9507 ) ;
#2086 = DIRECTION ( 'NONE',  ( -0.0000000000000000000, -0.0000000000000000000, -1.000000000000000000 ) ) ;
#2087 = AXIS2_PLACEMENT_3D ( 'NONE', #10342, #3329, #635 ) ;
#2088 = LINE ( 'NONE', #10872, #1784 ) ;
#2089 = ORIENTED_EDGE ( 'NONE', *, *, #248, .F. ) ;
#2090 = CARTESIAN_POINT ( 'NONE',  ( -5.027312328100006944, 47.54840876450000309, 50.00000000000000000 ) ) ;
#2091 = EDGE_CURVE ( 'NONE', #2409, #7889, #4443, .T. ) ;
#2092 = CIRCLE ( 'NONE', #5090, 1.500000000000028200 ) ;
#2093 = ORIENTED_EDGE ( 'NONE', *, *, #1106, .F. ) ;
#2094 = CARTESIAN_POINT ( 'NONE',  ( 17.73582739271387609, 12.29840876450030862, 50.00000000000000000 ) ) ;
#2095 = CARTESIAN_POINT ( 'NONE',  ( 19.97268767190000105, 72.54840876449999598, 50.00000000000000000 ) ) ;
#2096 = DIRECTION ( 'NONE',  ( -0.0000000000000000000, 1.000000000000000000, -0.0000000000000000000 ) ) ;
#2097 = DIRECTION ( 'NONE',  ( 1.000000000000000000, 0.0000000000000000000, 0.0000000000000000000 ) ) ;
#2098 = CARTESIAN_POINT ( 'NONE',  ( 32.97268767190000460, 9.548408764499999535, -50.00000000000000000 ) ) ;
#2099 = CIRCLE ( 'NONE', #4152, 0.4999999999999963363 ) ;
#2100 = VERTEX_POINT ( 'NONE', #5864 ) ;
#2101 = EDGE_CURVE ( 'NONE', #9510, #8563, #1215, .T. ) ;
#2102 = DIRECTION ( 'NONE',  ( -1.000000000000000000, 0.0000000000000000000, 0.0000000000000000000 ) ) ;
#2103 = CIRCLE ( 'NONE', #6135, 0.5000000000000082157 ) ;
#2104 = ORIENTED_EDGE ( 'NONE', *, *, #6459, .F. ) ;
#2105 = ADVANCED_FACE ( 'NONE', ( #7110 ), #5899, .F. ) ;
#2106 = DIRECTION ( 'NONE',  ( -0.0000000000000000000, -0.0000000000000000000, -1.000000000000000000 ) ) ;
#2107 = VECTOR ( 'NONE', #2154, 1000.000000000000000 ) ;
#2108 = VERTEX_POINT ( 'NONE', #3198 ) ;
#2109 = EDGE_CURVE ( 'NONE', #4909, #2560, #2621, .T. ) ;
#2110 = DIRECTION ( 'NONE',  ( 0.0000000000000000000, 0.0000000000000000000, 1.000000000000000000 ) ) ;
#2111 = CARTESIAN_POINT ( 'NONE',  ( 1.367322804899999911, 4.592042058500000579, 50.00000000000000000 ) ) ;
#2112 = AXIS2_PLACEMENT_3D ( 'NONE', #5056, #2287, #10282 ) ;
#2113 = ORIENTED_EDGE ( 'NONE', *, *, #2030, .T. ) ;
#2114 = CIRCLE ( 'NONE', #2915, 26.40000000000453184 ) ;
#2115 = VERTEX_POINT ( 'NONE', #10452 ) ;
#2116 = CARTESIAN_POINT ( 'NONE',  ( 28.97268767190000816, -0.9515912355000095690, -50.00000000000000000 ) ) ;
#2117 = ADVANCED_FACE ( 'NONE', ( #9220 ), #3276, .F. ) ;
#2118 = LINE ( 'NONE', #3955, #6467 ) ;
#2119 = EDGE_LOOP ( 'NONE', ( #5604, #2003, #5198, #10488 ) ) ;
#2120 = ORIENTED_EDGE ( 'NONE', *, *, #5765, .F. ) ;
#2121 = DIRECTION ( 'NONE',  ( -1.000000000000000000, 0.0000000000000000000, 0.0000000000000000000 ) ) ;
#2122 = EDGE_CURVE ( 'NONE', #9064, #5104, #8529, .T. ) ;
#2123 = AXIS2_PLACEMENT_3D ( 'NONE', #3998, #3131, #9406 ) ;
#2124 = ADVANCED_FACE ( 'NONE', ( #6837 ), #2484, .F. ) ;
#2125 = CARTESIAN_POINT ( 'NONE',  ( 20.47268767190000105, 72.54840876449999598, -50.00000000000000000 ) ) ;
#2126 = ORIENTED_EDGE ( 'NONE', *, *, #279, .T. ) ;
#2127 = DIRECTION ( 'NONE',  ( 1.000000000000000000, 0.0000000000000000000, 0.0000000000000000000 ) ) ;
#2128 = EDGE_CURVE ( 'NONE', #6736, #5952, #4027, .T. ) ;
#2129 = LINE ( 'NONE', #6620, #8740 ) ;
#2130 = ORIENTED_EDGE ( 'NONE', *, *, #9388, .T. ) ;
#2131 = VECTOR ( 'NONE', #1854, 1000.000000000000000 ) ;
#2132 = EDGE_LOOP ( 'NONE', ( #9095, #10073, #8430, #1556 ) ) ;
#2133 = CARTESIAN_POINT ( 'NONE',  ( -3.027312328099999839, 8.048408764499999535, 50.00000000000000000 ) ) ;
#2134 = CARTESIAN_POINT ( 'NONE',  ( 2.659086438625821280, 83.66286203683399947, -50.00000000000000000 ) ) ;
#2135 = DIRECTION ( 'NONE',  ( -0.0000000000000000000, -0.0000000000000000000, -1.000000000000000000 ) ) ;
#2136 = ORIENTED_EDGE ( 'NONE', *, *, #6607, .F. ) ;
#2137 = CARTESIAN_POINT ( 'NONE',  ( 0.5110997200539081353, 44.10230769653314553, 50.00000000000000000 ) ) ;
#2138 = DIRECTION ( 'NONE',  ( -0.0000000000000000000, -1.000000000000000000, -0.0000000000000000000 ) ) ;
#2139 = DIRECTION ( 'NONE',  ( 0.0000000000000000000, 0.0000000000000000000, 1.000000000000000000 ) ) ;
#2140 = LINE ( 'NONE', #1683, #9167 ) ;
#2141 = AXIS2_PLACEMENT_3D ( 'NONE', #7757, #619, #3383 ) ;
#2142 = CARTESIAN_POINT ( 'NONE',  ( 19.07033741067628085, 17.98389263546527062, -50.00000000000000000 ) ) ;
#2143 = LINE ( 'NONE', #4359, #4252 ) ;
#2144 = DIRECTION ( 'NONE',  ( -1.000000000000000000, 0.0000000000000000000, 0.0000000000000000000 ) ) ;
#2145 = VECTOR ( 'NONE', #974, 1000.000000000000000 ) ;
#2146 = ORIENTED_EDGE ( 'NONE', *, *, #2382, .T. ) ;
#2147 = CIRCLE ( 'NONE', #7747, 2.500000000000002220 ) ;
#2148 = VERTEX_POINT ( 'NONE', #10625 ) ;
#2149 = EDGE_CURVE ( 'NONE', #5242, #991, #1639, .T. ) ;
#2150 = CARTESIAN_POINT ( 'NONE',  ( 5.559261370505132582, 60.46619193878836995, -50.00000000000000000 ) ) ;
#2151 = CARTESIAN_POINT ( 'NONE',  ( 16.37268767189999963, 55.04840876449999598, 50.00000000000000000 ) ) ;
#2152 = DIRECTION ( 'NONE',  ( 1.000000000000000000, 0.0000000000000000000, 0.0000000000000000000 ) ) ;
#2153 = LINE ( 'NONE', #9515, #5656 ) ;
#2154 = DIRECTION ( 'NONE',  ( -0.0000000000000000000, -0.0000000000000000000, -1.000000000000000000 ) ) ;
#2155 = ORIENTED_EDGE ( 'NONE', *, *, #6559, .F. ) ;
#2156 = CYLINDRICAL_SURFACE ( 'NONE', #1629, 0.5000000000000004441 ) ;
#2157 = FACE_OUTER_BOUND ( 'NONE', #4474, .T. ) ;
#2158 = VERTEX_POINT ( 'NONE', #4288 ) ;
#2159 = VERTEX_POINT ( 'NONE', #11539 ) ;
#2160 = CARTESIAN_POINT ( 'NONE',  ( 2.335395080400000101, 64.77579147110000690, -50.00000000000000000 ) ) ;
#2161 = AXIS2_PLACEMENT_3D ( 'NONE', #3847, #11011, #8364 ) ;
#2162 = DIRECTION ( 'NONE',  ( -0.0000000000000000000, -0.0000000000000000000, -1.000000000000000000 ) ) ;
#2163 = CARTESIAN_POINT ( 'NONE',  ( 30.47268767190000460, 62.54840876450001730, -50.00000000000000000 ) ) ;
#2164 = EDGE_CURVE ( 'NONE', #5041, #6166, #5704, .T. ) ;
#2165 = DIRECTION ( 'NONE',  ( -0.0000000000000000000, -0.0000000000000000000, -1.000000000000000000 ) ) ;
#2166 = LINE ( 'NONE', #6303, #11418 ) ;
#2167 = ORIENTED_EDGE ( 'NONE', *, *, #5492, .T. ) ;
#2168 = FACE_OUTER_BOUND ( 'NONE', #5836, .T. ) ;
#2169 = ORIENTED_EDGE ( 'NONE', *, *, #1971, .T. ) ;
#2170 = ORIENTED_EDGE ( 'NONE', *, *, #4971, .T. ) ;
#2171 = EDGE_CURVE ( 'NONE', #5616, #2100, #5983, .T. ) ;
#2172 = AXIS2_PLACEMENT_3D ( 'NONE', #6491, #223, #3897 ) ;
#2173 = EDGE_LOOP ( 'NONE', ( #8313, #5314, #109, #6002 ) ) ;
#2174 = ADVANCED_FACE ( 'NONE', ( #2064 ), #9087, .T. ) ;
#2175 = EDGE_CURVE ( 'NONE', #3209, #5821, #8245, .T. ) ;
#2176 = FACE_OUTER_BOUND ( 'NONE', #997, .T. ) ;
#2177 = DIRECTION ( 'NONE',  ( -0.0000000000000000000, -0.0000000000000000000, -1.000000000000000000 ) ) ;
#2178 = VERTEX_POINT ( 'NONE', #3453 ) ;
#2179 = DIRECTION ( 'NONE',  ( -0.0000000000000000000, -0.0000000000000000000, -1.000000000000000000 ) ) ;
#2180 = LINE ( 'NONE', #7995, #7237 ) ;
#2181 = CARTESIAN_POINT ( 'NONE',  ( 2.659086438625821280, 83.66286203683399947, 50.00000000000000000 ) ) ;
#2182 = EDGE_LOOP ( 'NONE', ( #819, #9367, #7269, #3672 ) ) ;
#2183 = ADVANCED_FACE ( 'NONE', ( #8663 ), #6127, .T. ) ;
#2184 = DIRECTION ( 'NONE',  ( 0.0000000000000000000, 0.0000000000000000000, -1.000000000000000000 ) ) ;
#2185 = CARTESIAN_POINT ( 'NONE',  ( -2.527312328099999839, 5.048408764500000423, 50.00000000000000000 ) ) ;
#2186 = ORIENTED_EDGE ( 'NONE', *, *, #10050, .F. ) ;
#2187 = EDGE_CURVE ( 'NONE', #8293, #2525, #4312, .T. ) ;
#2188 = DIRECTION ( 'NONE',  ( 1.000000000000000000, 0.0000000000000000000, 0.0000000000000000000 ) ) ;
#2189 = DIRECTION ( 'NONE',  ( -0.0000000000000000000, -0.0000000000000000000, -1.000000000000000000 ) ) ;
#2190 = EDGE_CURVE ( 'NONE', #5403, #277, #1500, .T. ) ;
#2191 = AXIS2_PLACEMENT_3D ( 'NONE', #5536, #3652, #170 ) ;
#2192 = ADVANCED_FACE ( 'NONE', ( #3747 ), #7253, .T. ) ;
#2193 = CIRCLE ( 'NONE', #9502, 0.5000000000000038858 ) ;
#2194 = EDGE_LOOP ( 'NONE', ( #7439, #10536, #5137, #2240 ) ) ;
#2195 = ORIENTED_EDGE ( 'NONE', *, *, #4723, .F. ) ;
#2196 = VECTOR ( 'NONE', #6382, 1000.000000000000000 ) ;
#2197 = DIRECTION ( 'NONE',  ( 1.000000000000000000, 0.0000000000000000000, 0.0000000000000000000 ) ) ;
#2198 = DIRECTION ( 'NONE',  ( -1.000000000000000000, -0.0000000000000000000, -0.0000000000000000000 ) ) ;
#2199 = DIRECTION ( 'NONE',  ( 0.0000000000000000000, 0.0000000000000000000, 1.000000000000000000 ) ) ;
#2200 = CARTESIAN_POINT ( 'NONE',  ( 41.58714094416121299, 4.734807531147730231, 50.00000000000000000 ) ) ;
#2201 = DIRECTION ( 'NONE',  ( -0.0000000000000000000, -0.0000000000000000000, -1.000000000000000000 ) ) ;
#2202 = CARTESIAN_POINT ( 'NONE',  ( 18.16884009460584792, 12.04840876450011500, 50.00000000000000000 ) ) ;
#2203 = VECTOR ( 'NONE', #8326, 1000.000000000000000 ) ;
#2204 = ORIENTED_EDGE ( 'NONE', *, *, #1866, .T. ) ;
#2205 = ORIENTED_EDGE ( 'NONE', *, *, #6743, .F. ) ;
#2206 = CIRCLE ( 'NONE', #7113, 1.999999999999873435 ) ;
#2207 = EDGE_CURVE ( 'NONE', #2158, #9429, #4020, .T. ) ;
#2208 = DIRECTION ( 'NONE',  ( -0.0000000000000000000, -0.0000000000000000000, -1.000000000000000000 ) ) ;
#2209 = CARTESIAN_POINT ( 'NONE',  ( 9.972687671899890915, 20.24456118719993469, 50.00000000000000000 ) ) ;
#2210 = VERTEX_POINT ( 'NONE', #8758 ) ;
#2211 = CARTESIAN_POINT ( 'NONE',  ( -15.64176560036758801, 25.36200999784368904, 50.00000000000000000 ) ) ;
#2212 = LINE ( 'NONE', #1943, #3052 ) ;
#2213 = ORIENTED_EDGE ( 'NONE', *, *, #3094, .F. ) ;
#2214 = VERTEX_POINT ( 'NONE', #1583 ) ;
#2215 = CARTESIAN_POINT ( 'NONE',  ( 18.39047084619495465, 62.46183506590183043, 50.00000000000000000 ) ) ;
#2216 = FACE_OUTER_BOUND ( 'NONE', #11077, .T. ) ;
#2217 = VERTEX_POINT ( 'NONE', #7863 ) ;
#2218 = DIRECTION ( 'NONE',  ( 1.000000000000000000, 0.0000000000000000000, 0.0000000000000000000 ) ) ;
#2219 = CARTESIAN_POINT ( 'NONE',  ( 15.17268767190000034, 7.298408764500001311, 50.00000000000000000 ) ) ;
#2220 = CARTESIAN_POINT ( 'NONE',  ( 25.24118836481704520, 4.631119175890839657, -50.00000000000000000 ) ) ;
#2221 = DIRECTION ( 'NONE',  ( 1.000000000000000000, 0.0000000000000000000, 0.0000000000000000000 ) ) ;
#2222 = CYLINDRICAL_SURFACE ( 'NONE', #10384, 26.40000000000964420 ) ;
#2223 = EDGE_CURVE ( 'NONE', #7525, #1620, #11165, .T. ) ;
#2224 = ORIENTED_EDGE ( 'NONE', *, *, #5806, .T. ) ;
#2225 = DIRECTION ( 'NONE',  ( 0.0000000000000000000, 0.0000000000000000000, 1.000000000000000000 ) ) ;
#2226 = DIRECTION ( 'NONE',  ( -0.0000000000000000000, -0.0000000000000000000, -1.000000000000000000 ) ) ;
#2227 = FACE_OUTER_BOUND ( 'NONE', #78, .T. ) ;
#2228 = VERTEX_POINT ( 'NONE', #6162 ) ;
#2229 = ADVANCED_FACE ( 'NONE', ( #1625 ), #2052, .F. ) ;
#2230 = CARTESIAN_POINT ( 'NONE',  ( 28.97268767190000105, 22.04840876449999953, 50.00000000000000000 ) ) ;
#2231 = CARTESIAN_POINT ( 'NONE',  ( 20.47268767190000105, 70.54840876449999598, -50.00000000000000000 ) ) ;
#2232 = CARTESIAN_POINT ( 'NONE',  ( 27.67268767190000389, 3.648408764500000512, 50.00000000000000000 ) ) ;
#2233 = CIRCLE ( 'NONE', #11264, 2.500000000000015987 ) ;
#2234 = EDGE_LOOP ( 'NONE', ( #8942, #4015, #2130, #9755 ) ) ;
#2235 = DIRECTION ( 'NONE',  ( 1.000000000000000000, 0.0000000000000000000, 0.0000000000000000000 ) ) ;
#2236 = ADVANCED_FACE ( 'NONE', ( #3192 ), #2606, .F. ) ;
#2237 = EDGE_CURVE ( 'NONE', #9105, #3947, #3445, .T. ) ;
#2238 = AXIS2_PLACEMENT_3D ( 'NONE', #6019, #4967, #7688 ) ;
#2239 = VECTOR ( 'NONE', #9140, 1000.000000000000000 ) ;
#2240 = ORIENTED_EDGE ( 'NONE', *, *, #10271, .T. ) ;
#2241 = DIRECTION ( 'NONE',  ( 1.000000000000000000, 0.0000000000000000000, 0.0000000000000000000 ) ) ;
#2242 = CARTESIAN_POINT ( 'NONE',  ( 5.972687671900000161, -0.9515912355000000211, 50.00000000000000000 ) ) ;
#2243 = CARTESIAN_POINT ( 'NONE',  ( 18.16884009460000016, 52.54840876450000309, 50.00000000000000000 ) ) ;
#2244 = LINE ( 'NONE', #26, #4340 ) ;
#2245 = EDGE_CURVE ( 'NONE', #10066, #6543, #2343, .T. ) ;
#2246 = ADVANCED_FACE ( 'NONE', ( #10880 ), #4991, .T. ) ;
#2247 = DIRECTION ( 'NONE',  ( 0.0000000000000000000, 0.0000000000000000000, 1.000000000000000000 ) ) ;
#2248 = ORIENTED_EDGE ( 'NONE', *, *, #9364, .T. ) ;
#2249 = CARTESIAN_POINT ( 'NONE',  ( 20.38611397332070041, 60.46619193877335618, 50.00000000000000000 ) ) ;
#2250 = AXIS2_PLACEMENT_3D ( 'NONE', #3996, #7169, #90 ) ;
#2251 = ORIENTED_EDGE ( 'NONE', *, *, #7447, .F. ) ;
#2252 = LINE ( 'NONE', #7463, #5040 ) ;
#2253 = ORIENTED_EDGE ( 'NONE', *, *, #10515, .F. ) ;
#2254 = EDGE_CURVE ( 'NONE', #1717, #8442, #792, .T. ) ;
#2255 = ORIENTED_EDGE ( 'NONE', *, *, #9099, .T. ) ;
#2256 = VECTOR ( 'NONE', #7014, 1000.000000000000000 ) ;
#2257 = AXIS2_PLACEMENT_3D ( 'NONE', #9418, #487, #404 ) ;
#2258 = ORIENTED_EDGE ( 'NONE', *, *, #10806, .T. ) ;
#2259 = CARTESIAN_POINT ( 'NONE',  ( 28.97268767190000105, 21.54840876449999953, 50.00000000000000000 ) ) ;
#2260 = LINE ( 'NONE', #7570, #4634 ) ;
#2261 = ORIENTED_EDGE ( 'NONE', *, *, #4788, .T. ) ;
#2262 = DIRECTION ( 'NONE',  ( 0.0000000000000000000, 0.0000000000000000000, 1.000000000000000000 ) ) ;
#2263 = DIRECTION ( 'NONE',  ( 0.0000000000000000000, 0.0000000000000000000, 1.000000000000000000 ) ) ;
#2264 = ORIENTED_EDGE ( 'NONE', *, *, #9177, .T. ) ;
#2265 = ADVANCED_FACE ( 'NONE', ( #9211 ), #1915, .T. ) ;
#2266 = EDGE_LOOP ( 'NONE', ( #2866, #83, #1780, #3353 ) ) ;
#2267 = ORIENTED_EDGE ( 'NONE', *, *, #4600, .F. ) ;
#2268 = DIRECTION ( 'NONE',  ( -0.0000000000000000000, -0.0000000000000000000, -1.000000000000000000 ) ) ;
#2269 = EDGE_CURVE ( 'NONE', #6561, #11443, #234, .T. ) ;
#2270 = DIRECTION ( 'NONE',  ( 0.0000000000000000000, 0.0000000000000000000, 1.000000000000000000 ) ) ;
#2271 = CARTESIAN_POINT ( 'NONE',  ( 2.659086438555689824, -13.56604450776711346, 50.00000000000000000 ) ) ;
#2272 = PLANE ( 'NONE',  #287 ) ;
#2273 = FACE_OUTER_BOUND ( 'NONE', #4226, .T. ) ;
#2274 = ORIENTED_EDGE ( 'NONE', *, *, #527, .T. ) ;
#2275 = ORIENTED_EDGE ( 'NONE', *, *, #7598, .F. ) ;
#2276 = DIRECTION ( 'NONE',  ( -0.0000000000000000000, -0.0000000000000000000, -1.000000000000000000 ) ) ;
#2277 = CARTESIAN_POINT ( 'NONE',  ( 15.72268767190003125, 10.28526904369216055, 50.00000000000000000 ) ) ;
#2278 = ORIENTED_EDGE ( 'NONE', *, *, #327, .T. ) ;
#2279 = CARTESIAN_POINT ( 'NONE',  ( -3.027312328099996286, 71.04840876449999598, -50.00000000000000000 ) ) ;
#2280 = DIRECTION ( 'NONE',  ( 0.0000000000000000000, 0.0000000000000000000, 1.000000000000000000 ) ) ;
#2281 = CIRCLE ( 'NONE', #4497, 4.000000000000531131 ) ;
#2282 = DIRECTION ( 'NONE',  ( -0.0000000000000000000, -0.0000000000000000000, -1.000000000000000000 ) ) ;
#2283 = EDGE_LOOP ( 'NONE', ( #5368, #2741, #1410, #4549 ) ) ;
#2284 = VERTEX_POINT ( 'NONE', #878 ) ;
#2285 = VECTOR ( 'NONE', #10698, 1000.000000000000000 ) ;
#2286 = ORIENTED_EDGE ( 'NONE', *, *, #1696, .F. ) ;
#2287 = DIRECTION ( 'NONE',  ( 0.0000000000000000000, 0.0000000000000000000, 1.000000000000000000 ) ) ;
#2288 = CARTESIAN_POINT ( 'NONE',  ( 27.67268767187424672, 7.048408764499903612, 50.00000000000000000 ) ) ;
#2289 = AXIS2_PLACEMENT_3D ( 'NONE', #11395, #5270, #11556 ) ;
#2290 = ADVANCED_FACE ( 'NONE', ( #4707 ), #955, .T. ) ;
#2291 = ORIENTED_EDGE ( 'NONE', *, *, #10885, .F. ) ;
#2292 = LINE ( 'NONE', #7136, #9581 ) ;
#2293 = VERTEX_POINT ( 'NONE', #7271 ) ;
#2294 = VECTOR ( 'NONE', #6876, 1000.000000000000000 ) ;
#2295 = LINE ( 'NONE', #3822, #2435 ) ;
#2296 = ORIENTED_EDGE ( 'NONE', *, *, #4586, .F. ) ;
#2297 = ORIENTED_EDGE ( 'NONE', *, *, #10056, .F. ) ;
#2298 = DIRECTION ( 'NONE',  ( 1.000000000000000000, -0.0000000000000000000, -0.0000000000000000000 ) ) ;
#2299 = DIRECTION ( 'NONE',  ( 0.0000000000000000000, 0.0000000000000000000, 1.000000000000000000 ) ) ;
#2300 = ADVANCED_FACE ( 'NONE', ( #7827 ), #6824, .T. ) ;
#2301 = DIRECTION ( 'NONE',  ( -1.000000000000000000, 0.0000000000000000000, 0.0000000000000000000 ) ) ;
#2302 = DIRECTION ( 'NONE',  ( 1.000000000000000000, 0.0000000000000000000, 0.0000000000000000000 ) ) ;
#2303 = VECTOR ( 'NONE', #5863, 1000.000000000000000 ) ;
#2304 = DIRECTION ( 'NONE',  ( 1.000000000000000000, 0.0000000000000000000, 0.0000000000000000000 ) ) ;
#2305 = AXIS2_PLACEMENT_3D ( 'NONE', #6163, #768, #1656 ) ;
#2306 = PLANE ( 'NONE',  #1176 ) ;
#2307 = VECTOR ( 'NONE', #1584, 1000.000000000000000 ) ;
#2308 = ORIENTED_EDGE ( 'NONE', *, *, #1380, .F. ) ;
#2309 = ADVANCED_FACE ( 'NONE', ( #9498 ), #5421, .T. ) ;
#2310 = CYLINDRICAL_SURFACE ( 'NONE', #5393, 3.399999999971573317 ) ;
#2311 = ORIENTED_EDGE ( 'NONE', *, *, #1634, .F. ) ;
#2312 = ORIENTED_EDGE ( 'NONE', *, *, #746, .T. ) ;
#2313 = EDGE_CURVE ( 'NONE', #11616, #473, #8927, .T. ) ;
#2314 = AXIS2_PLACEMENT_3D ( 'NONE', #1271, #3121, #6721 ) ;
#2315 = DIRECTION ( 'NONE',  ( 1.000000000000000000, 0.0000000000000000000, 0.0000000000000000000 ) ) ;
#2316 = DIRECTION ( 'NONE',  ( 1.000000000000000000, 0.0000000000000000000, 0.0000000000000000000 ) ) ;
#2317 = DIRECTION ( 'NONE',  ( -0.0000000000000000000, -0.0000000000000000000, -1.000000000000000000 ) ) ;
#2318 = DIRECTION ( 'NONE',  ( 0.0000000000000000000, 1.000000000000000000, -0.0000000000000000000 ) ) ;
#2319 = CIRCLE ( 'NONE', #7993, 26.39999999996005187 ) ;
#2320 = ORIENTED_EDGE ( 'NONE', *, *, #9023, .F. ) ;
#2321 = CARTESIAN_POINT ( 'NONE',  ( 10.77268767198538590, 66.79840876450053599, 50.00000000000000000 ) ) ;
#2322 = VECTOR ( 'NONE', #11119, 1000.000000000000000 ) ;
#2323 = CARTESIAN_POINT ( 'NONE',  ( 28.47268767190000105, 5.048408764500000423, -50.00000000000000000 ) ) ;
#2324 = ORIENTED_EDGE ( 'NONE', *, *, #4713, .F. ) ;
#2325 = ORIENTED_EDGE ( 'NONE', *, *, #135, .F. ) ;
#2326 = EDGE_CURVE ( 'NONE', #3636, #10187, #11595, .T. ) ;
#2327 = VERTEX_POINT ( 'NONE', #10857 ) ;
#2328 = DIRECTION ( 'NONE',  ( -0.0000000000000000000, -0.0000000000000000000, -1.000000000000000000 ) ) ;
#2329 = DIRECTION ( 'NONE',  ( -0.0000000000000000000, -1.000000000000000000, -0.0000000000000000000 ) ) ;
#2330 = EDGE_CURVE ( 'NONE', #4832, #8324, #4854, .T. ) ;
#2331 = CARTESIAN_POINT ( 'NONE',  ( -5.527312328100016714, 9.548408764500017298, 50.00000000000000000 ) ) ;
#2332 = DIRECTION ( 'NONE',  ( -0.0000000000000000000, -0.0000000000000000000, -1.000000000000000000 ) ) ;
#2333 = CARTESIAN_POINT ( 'NONE',  ( -3.527312328099999839, 59.04840876450000309, -50.00000000000000000 ) ) ;
#2334 = VECTOR ( 'NONE', #2694, 1000.000000000000000 ) ;
#2335 = ORIENTED_EDGE ( 'NONE', *, *, #6821, .T. ) ;
#2336 = AXIS2_PLACEMENT_3D ( 'NONE', #6982, #2446, #10316 ) ;
#2337 = CARTESIAN_POINT ( 'NONE',  ( 24.57805253900000153, 65.50477547050000737, 50.00000000000000000 ) ) ;
#2338 = LINE ( 'NONE', #7172, #11589 ) ;
#2339 = EDGE_CURVE ( 'NONE', #10180, #6684, #660, .T. ) ;
#2340 = CARTESIAN_POINT ( 'NONE',  ( 28.97268767190000105, 8.048408764499999535, 50.00000000000000000 ) ) ;
#2341 = CARTESIAN_POINT ( 'NONE',  ( 10.04048428206929522, 8.648537566236413454, 50.00000000000000000 ) ) ;
#2342 = DIRECTION ( 'NONE',  ( 1.000000000000000000, 0.0000000000000000000, 0.0000000000000000000 ) ) ;
#2343 = LINE ( 'NONE', #2636, #6683 ) ;
#2344 = CARTESIAN_POINT ( 'NONE',  ( 12.97268767190506011, 15.04840876450875697, 50.00000000000000000 ) ) ;
#2345 = ORIENTED_EDGE ( 'NONE', *, *, #169, .T. ) ;
#2346 = EDGE_CURVE ( 'NONE', #7224, #10959, #2757, .T. ) ;
#2347 = ORIENTED_EDGE ( 'NONE', *, *, #2762, .T. ) ;
#2348 = FACE_OUTER_BOUND ( 'NONE', #4551, .T. ) ;
#2349 = CARTESIAN_POINT ( 'NONE',  ( 28.47268767190000105, 47.54840876450001730, 50.00000000000000000 ) ) ;
#2350 = CARTESIAN_POINT ( 'NONE',  ( -3.027312328099999839, 48.04840876450000309, 50.00000000000000000 ) ) ;
#2351 = EDGE_CURVE ( 'NONE', #8290, #3860, #5424, .T. ) ;
#2352 = AXIS2_PLACEMENT_3D ( 'NONE', #1883, #3721, #8240 ) ;
#2353 = ORIENTED_EDGE ( 'NONE', *, *, #353, .F. ) ;
#2354 = ADVANCED_FACE ( 'NONE', ( #8518 ), #9112, .F. ) ;
#2355 = LINE ( 'NONE', #6534, #11180 ) ;
#2356 = ORIENTED_EDGE ( 'NONE', *, *, #3758, .F. ) ;
#2357 = CARTESIAN_POINT ( 'NONE',  ( 12.97268767189999927, 55.04840876450000309, 50.00000000000000000 ) ) ;
#2358 = PLANE ( 'NONE',  #928 ) ;
#2359 = CARTESIAN_POINT ( 'NONE',  ( 7.068198770200000425, 57.54840876450001019, 50.00000000000000000 ) ) ;
#2360 = CARTESIAN_POINT ( 'NONE',  ( 16.97268767190000105, 71.54840876449999598, 50.00000000000000000 ) ) ;
#2361 = EDGE_CURVE ( 'NONE', #6838, #10603, #3045, .T. ) ;
#2362 = FACE_OUTER_BOUND ( 'NONE', #6530, .T. ) ;
#2363 = VERTEX_POINT ( 'NONE', #4742 ) ;
#2364 = DIRECTION ( 'NONE',  ( -0.0000000000000000000, -0.0000000000000000000, -1.000000000000000000 ) ) ;
#2365 = CARTESIAN_POINT ( 'NONE',  ( 10.97268767189999927, 21.04840876449999953, -50.00000000000000000 ) ) ;
#2366 = ADVANCED_FACE ( 'NONE', ( #7537 ), #7943, .F. ) ;
#2367 = EDGE_CURVE ( 'NONE', #5199, #5941, #6963, .T. ) ;
#2368 = LINE ( 'NONE', #9005, #8107 ) ;
#2369 = ORIENTED_EDGE ( 'NONE', *, *, #5684, .F. ) ;
#2370 = DIRECTION ( 'NONE',  ( -0.0000000000000000000, -0.0000000000000000000, -1.000000000000000000 ) ) ;
#2371 = CARTESIAN_POINT ( 'NONE',  ( 30.47268767190000105, 48.04840876450000309, 50.00000000000000000 ) ) ;
#2372 = ADVANCED_FACE ( 'NONE', ( #3183 ), #9914, .F. ) ;
#2373 = CYLINDRICAL_SURFACE ( 'NONE', #5146, 0.5000000000000143219 ) ;
#2374 = ORIENTED_EDGE ( 'NONE', *, *, #11035, .F. ) ;
#2375 = CARTESIAN_POINT ( 'NONE',  ( 23.38997726049938208, 2.779908071667841263, 50.00000000000000000 ) ) ;
#2376 = CYLINDRICAL_SURFACE ( 'NONE', #8856, 2.500000000000003109 ) ;
#2377 = AXIS2_PLACEMENT_3D ( 'NONE', #9733, #801, #4362 ) ;
#2378 = DIRECTION ( 'NONE',  ( 0.0000000000000000000, 0.0000000000000000000, 1.000000000000000000 ) ) ;
#2379 = CARTESIAN_POINT ( 'NONE',  ( 7.472687671900000161, -4.951591235499999577, -50.00000000000000000 ) ) ;
#2380 = LINE ( 'NONE', #8891, #5448 ) ;
#2381 = VERTEX_POINT ( 'NONE', #2994 ) ;
#2382 = EDGE_CURVE ( 'NONE', #8930, #3009, #7678, .T. ) ;
#2383 = DIRECTION ( 'NONE',  ( -0.0000000000000000000, -0.0000000000000000000, -1.000000000000000000 ) ) ;
#2384 = CIRCLE ( 'NONE', #607, 5.500000000006634693 ) ;
#2385 = ORIENTED_EDGE ( 'NONE', *, *, #3906, .F. ) ;
#2386 = ORIENTED_EDGE ( 'NONE', *, *, #1595, .F. ) ;
#2387 = AXIS2_PLACEMENT_3D ( 'NONE', #2116, #10923, #2986 ) ;
#2388 = CARTESIAN_POINT ( 'NONE',  ( 24.72268767190004013, 17.24840876452017469, 50.00000000000000000 ) ) ;
#2389 = VECTOR ( 'NONE', #3069, 1000.000000000000000 ) ;
#2390 = ORIENTED_EDGE ( 'NONE', *, *, #7759, .T. ) ;
#2391 = CARTESIAN_POINT ( 'NONE',  ( 28.97268767189999039, 8.548408764499988877, -50.00000000000000000 ) ) ;
#2392 = DIRECTION ( 'NONE',  ( 1.000000000000000000, 0.0000000000000000000, 0.0000000000000000000 ) ) ;
#2393 = CARTESIAN_POINT ( 'NONE',  ( 28.97268767190000816, -0.9515912355000095690, 50.00000000000000000 ) ) ;
#2394 = DIRECTION ( 'NONE',  ( 0.0000000000000000000, 0.0000000000000000000, 1.000000000000000000 ) ) ;
#2395 = EDGE_CURVE ( 'NONE', #1926, #11543, #4297, .T. ) ;
#2396 = FACE_OUTER_BOUND ( 'NONE', #1282, .T. ) ;
#2397 = DIRECTION ( 'NONE',  ( -0.0000000000000000000, -0.0000000000000000000, -1.000000000000000000 ) ) ;
#2398 = ORIENTED_EDGE ( 'NONE', *, *, #10735, .T. ) ;
#2399 = DIRECTION ( 'NONE',  ( 1.000000000000000000, 0.0000000000000000000, 0.0000000000000000000 ) ) ;
#2400 = EDGE_CURVE ( 'NONE', #2759, #1406, #6407, .T. ) ;
#2401 = AXIS2_PLACEMENT_3D ( 'NONE', #616, #1467, #2482 ) ;
#2402 = LINE ( 'NONE', #10230, #2107 ) ;
#2403 = ORIENTED_EDGE ( 'NONE', *, *, #894, .F. ) ;
#2404 = DIRECTION ( 'NONE',  ( 1.000000000000000000, 0.0000000000000000000, 0.0000000000000000000 ) ) ;
#2405 = EDGE_CURVE ( 'NONE', #5890, #1086, #10049, .T. ) ;
#2406 = CARTESIAN_POINT ( 'NONE',  ( 18.16884009460000016, 52.54840876450000309, 50.00000000000000000 ) ) ;
#2407 = EDGE_LOOP ( 'NONE', ( #720, #685, #4783, #1514 ) ) ;
#2408 = ORIENTED_EDGE ( 'NONE', *, *, #2190, .F. ) ;
#2409 = VERTEX_POINT ( 'NONE', #1139 ) ;
#2410 = EDGE_CURVE ( 'NONE', #6472, #8337, #382, .T. ) ;
#2411 = LINE ( 'NONE', #8787, #2682 ) ;
#2412 = VERTEX_POINT ( 'NONE', #4782 ) ;
#2413 = ORIENTED_EDGE ( 'NONE', *, *, #2410, .T. ) ;
#2414 = EDGE_CURVE ( 'NONE', #205, #5041, #521, .T. ) ;
#2415 = AXIS2_PLACEMENT_3D ( 'NONE', #1765, #11573, #9682 ) ;
#2416 = DIRECTION ( 'NONE',  ( 1.000000000000000000, 0.0000000000000000000, 0.0000000000000000000 ) ) ;
#2417 = DIRECTION ( 'NONE',  ( -0.0000000000000000000, -0.0000000000000000000, -1.000000000000000000 ) ) ;
#2418 = EDGE_LOOP ( 'NONE', ( #10781, #3918, #1337, #3267 ) ) ;
#2419 = CARTESIAN_POINT ( 'NONE',  ( 10.22268767190005256, 19.81154848530768575, 50.00000000000000000 ) ) ;
#2420 = DIRECTION ( 'NONE',  ( -0.0000000000000000000, -0.0000000000000000000, -1.000000000000000000 ) ) ;
#2421 = VECTOR ( 'NONE', #4619, 1000.000000000000000 ) ;
#2422 = DIRECTION ( 'NONE',  ( -0.0000000000000000000, -0.0000000000000000000, -1.000000000000000000 ) ) ;
#2423 = ORIENTED_EDGE ( 'NONE', *, *, #7306, .T. ) ;
#2424 = LINE ( 'NONE', #8831, #8589 ) ;
#2425 = ADVANCED_FACE ( 'NONE', ( #6116 ), #3850, .F. ) ;
#2426 = VERTEX_POINT ( 'NONE', #9227 ) ;
#2427 = ORIENTED_EDGE ( 'NONE', *, *, #8404, .F. ) ;
#2428 = DIRECTION ( 'NONE',  ( 1.000000000000000000, 0.0000000000000000000, 0.0000000000000000000 ) ) ;
#2429 = EDGE_CURVE ( 'NONE', #11299, #9624, #10602, .T. ) ;
#2430 = CARTESIAN_POINT ( 'NONE',  ( 27.67268767190000389, 66.44840876450000167, 50.00000000000000000 ) ) ;
#2432 = VECTOR ( 'NONE', #2076, 1000.000000000000000 ) ;
#2431 = DIRECTION ( 'NONE',  ( 1.000000000000000000, 0.0000000000000000000, 0.0000000000000000000 ) ) ;
#2433 = DIRECTION ( 'NONE',  ( 0.0000000000000000000, 0.0000000000000000000, 1.000000000000000000 ) ) ;
#2434 = LINE ( 'NONE', #10591, #8039 ) ;
#2435 = VECTOR ( 'NONE', #2138, 1000.000000000000000 ) ;
#2436 = ORIENTED_EDGE ( 'NONE', *, *, #9550, .F. ) ;
#2437 = CIRCLE ( 'NONE', #1498, 0.5000000000000593969 ) ;
#2438 = EDGE_LOOP ( 'NONE', ( #2886, #7801, #5922, #1785 ) ) ;
#2439 = DIRECTION ( 'NONE',  ( -1.000000000000000000, 0.0000000000000000000, 0.0000000000000000000 ) ) ;
#2440 = CYLINDRICAL_SURFACE ( 'NONE', #2141, 0.4999999999999865663 ) ;
#2441 = AXIS2_PLACEMENT_3D ( 'NONE', #11033, #10189, #5831 ) ;
#2442 = ORIENTED_EDGE ( 'NONE', *, *, #2951, .T. ) ;
#2443 = CARTESIAN_POINT ( 'NONE',  ( 27.67268767190000389, 43.34840876450042657, 50.00000000000000000 ) ) ;
#2444 = CIRCLE ( 'NONE', #6216, 5.399999999965343633 ) ;
#2445 = CYLINDRICAL_SURFACE ( 'NONE', #10492, 25.00000000000339639 ) ;
#2446 = DIRECTION ( 'NONE',  ( -0.0000000000000000000, -0.0000000000000000000, -1.000000000000000000 ) ) ;
#2447 = CARTESIAN_POINT ( 'NONE',  ( 22.97268767190000460, 70.54840876449999598, -50.00000000000000000 ) ) ;
#2448 = VERTEX_POINT ( 'NONE', #5727 ) ;
#2449 = VECTOR ( 'NONE', #5475, 1000.000000000000000 ) ;
#2450 = CARTESIAN_POINT ( 'NONE',  ( -2.527312328099999839, 5.048408764500000423, -50.00000000000000000 ) ) ;
#2451 = EDGE_LOOP ( 'NONE', ( #7526, #7820, #10099, #5658 ) ) ;
#2452 = FACE_OUTER_BOUND ( 'NONE', #4747, .T. ) ;
#2453 = ORIENTED_EDGE ( 'NONE', *, *, #6624, .T. ) ;
#2454 = ORIENTED_EDGE ( 'NONE', *, *, #8191, .F. ) ;
#2455 = DIRECTION ( 'NONE',  ( 0.0000000000000000000, -0.0000000000000000000, -1.000000000000000000 ) ) ;
#2456 = ORIENTED_EDGE ( 'NONE', *, *, #9226, .T. ) ;
#2457 = AXIS2_PLACEMENT_3D ( 'NONE', #3467, #10609, #1632 ) ;
#2458 = CARTESIAN_POINT ( 'NONE',  ( -7.027312328099999839, 60.54840876450000309, 50.00000000000000000 ) ) ;
#2459 = CARTESIAN_POINT ( 'NONE',  ( 17.73582739270768371, 17.79840876449994269, 50.00000000000000000 ) ) ;
#2460 = CIRCLE ( 'NONE', #11132, 3.699999999971359088 ) ;
#2461 = VERTEX_POINT ( 'NONE', #5809 ) ;
#2462 = FACE_OUTER_BOUND ( 'NONE', #8591, .T. ) ;
#2463 = ORIENTED_EDGE ( 'NONE', *, *, #4125, .T. ) ;
#2464 = EDGE_CURVE ( 'NONE', #7511, #7830, #92, .T. ) ;
#2465 = AXIS2_PLACEMENT_3D ( 'NONE', #9207, #7287, #3746 ) ;
#2466 = ORIENTED_EDGE ( 'NONE', *, *, #11569, .F. ) ;
#2467 = DIRECTION ( 'NONE',  ( 0.0000000000000000000, 0.0000000000000000000, -1.000000000000000000 ) ) ;
#2468 = CARTESIAN_POINT ( 'NONE',  ( -3.527312328099999839, 19.04840876449999953, 50.00000000000000000 ) ) ;
#2469 = DIRECTION ( 'NONE',  ( 1.000000000000000000, 0.0000000000000000000, 0.0000000000000000000 ) ) ;
#2470 = DIRECTION ( 'NONE',  ( 0.0000000000000000000, -1.000000000000000000, 0.0000000000000000000 ) ) ;
#2471 = CYLINDRICAL_SURFACE ( 'NONE', #3265, 1.499999999999982236 ) ;
#2472 = ORIENTED_EDGE ( 'NONE', *, *, #5577, .F. ) ;
#2473 = VERTEX_POINT ( 'NONE', #6708 ) ;
#2474 = FACE_BOUND ( 'NONE', #873, .T. ) ;
#2475 = EDGE_CURVE ( 'NONE', #6897, #9604, #4433, .T. ) ;
#2476 = CARTESIAN_POINT ( 'NONE',  ( -1.727312328099880556, 7.048408764500091017, 50.00000000000000000 ) ) ;
#2477 = AXIS2_PLACEMENT_3D ( 'NONE', #2561, #5294, #837 ) ;
#2478 = VECTOR ( 'NONE', #9340, 1000.000000000000000 ) ;
#2479 = ORIENTED_EDGE ( 'NONE', *, *, #6839, .T. ) ;
#2480 = VERTEX_POINT ( 'NONE', #444 ) ;
#2481 = LINE ( 'NONE', #3060, #525 ) ;
#2482 = DIRECTION ( 'NONE',  ( -1.000000000000000000, 0.0000000000000000000, 0.0000000000000000000 ) ) ;
#2483 = ORIENTED_EDGE ( 'NONE', *, *, #602, .T. ) ;
#2484 = PLANE ( 'NONE',  #7154 ) ;
#2485 = ADVANCED_FACE ( 'NONE', ( #9628 ), #4861, .F. ) ;
#2486 = LINE ( 'NONE', #700, #5289 ) ;
#2487 = VERTEX_POINT ( 'NONE', #7626 ) ;
#2488 = DIRECTION ( 'NONE',  ( -1.000000000000000000, 0.0000000000000000000, 0.0000000000000000000 ) ) ;
#2489 = ORIENTED_EDGE ( 'NONE', *, *, #880, .F. ) ;
#2490 = CARTESIAN_POINT ( 'NONE',  ( 31.47268767190000105, 11.04840876449999953, 50.00000000000000000 ) ) ;
#2491 = EDGE_CURVE ( 'NONE', #5755, #8975, #4579, .T. ) ;
#2492 = AXIS2_PLACEMENT_3D ( 'NONE', #4113, #5042, #11323 ) ;
#2493 = LINE ( 'NONE', #6998, #8804 ) ;
#2494 = ORIENTED_EDGE ( 'NONE', *, *, #9522, .T. ) ;
#2495 = DIRECTION ( 'NONE',  ( -0.0000000000000000000, -0.0000000000000000000, -1.000000000000000000 ) ) ;
#2496 = DIRECTION ( 'NONE',  ( -1.000000000000000000, -0.0000000000000000000, -0.0000000000000000000 ) ) ;
#2497 = CARTESIAN_POINT ( 'NONE',  ( 29.47268767190000105, 60.04840876450000309, 50.00000000000000000 ) ) ;
#2498 = CARTESIAN_POINT ( 'NONE',  ( 10.97268767189999927, 49.04840876450001019, 50.00000000000000000 ) ) ;
#2499 = FACE_OUTER_BOUND ( 'NONE', #1016, .T. ) ;
#2500 = DIRECTION ( 'NONE',  ( 0.0000000000000000000, 0.0000000000000000000, 1.000000000000000000 ) ) ;
#2501 = EDGE_LOOP ( 'NONE', ( #7515, #1362, #2725, #4918 ) ) ;
#2502 = AXIS2_PLACEMENT_3D ( 'NONE', #3573, #9848, #7107 ) ;
#2503 = CYLINDRICAL_SURFACE ( 'NONE', #2943, 5.499999999994028776 ) ;
#2504 = ORIENTED_EDGE ( 'NONE', *, *, #7683, .T. ) ;
#2505 = LINE ( 'NONE', #6027, #122 ) ;
#2506 = ORIENTED_EDGE ( 'NONE', *, *, #2556, .F. ) ;
#2507 = DIRECTION ( 'NONE',  ( 1.000000000000000000, 0.0000000000000000000, 0.0000000000000000000 ) ) ;
#2508 = FACE_OUTER_BOUND ( 'NONE', #10899, .T. ) ;
#2509 = EDGE_LOOP ( 'NONE', ( #9776, #1676, #6947, #2278 ) ) ;
#2510 = CARTESIAN_POINT ( 'NONE',  ( 41.58714094416121299, 4.734807531147730231, 50.00000000000000000 ) ) ;
#2511 = AXIS2_PLACEMENT_3D ( 'NONE', #9390, #11229, #9353 ) ;
#2512 = CYLINDRICAL_SURFACE ( 'NONE', #4864, 4.000000000000003553 ) ;
#2513 = DIRECTION ( 'NONE',  ( -0.0000000000000000000, -0.0000000000000000000, -1.000000000000000000 ) ) ;
#2514 = DIRECTION ( 'NONE',  ( 1.000000000000000000, -0.0000000000000000000, -0.0000000000000000000 ) ) ;
#2515 = VERTEX_POINT ( 'NONE', #369 ) ;
#2516 = DIRECTION ( 'NONE',  ( 1.000000000000000000, 0.0000000000000000000, 0.0000000000000000000 ) ) ;
#2517 = CARTESIAN_POINT ( 'NONE',  ( 7.776535249200000166, 52.54840876450000309, 50.00000000000000000 ) ) ;
#2518 = ORIENTED_EDGE ( 'NONE', *, *, #3166, .F. ) ;
#2519 = EDGE_CURVE ( 'NONE', #4927, #1686, #5268, .T. ) ;
#2520 = LINE ( 'NONE', #5999, #2946 ) ;
#2521 = ORIENTED_EDGE ( 'NONE', *, *, #2017, .F. ) ;
#2522 = DIRECTION ( 'NONE',  ( 0.0000000000000000000, 0.0000000000000000000, 1.000000000000000000 ) ) ;
#2523 = DIRECTION ( 'NONE',  ( -0.0000000000000000000, -0.0000000000000000000, -1.000000000000000000 ) ) ;
#2524 = VERTEX_POINT ( 'NONE', #10276 ) ;
#2525 = VERTEX_POINT ( 'NONE', #6670 ) ;
#2526 = ORIENTED_EDGE ( 'NONE', *, *, #3311, .T. ) ;
#2527 = DIRECTION ( 'NONE',  ( -1.000000000000000000, 0.0000000000000000000, 0.0000000000000000000 ) ) ;
#2528 = DIRECTION ( 'NONE',  ( 0.0000000000000000000, 0.0000000000000000000, 1.000000000000000000 ) ) ;
#2529 = CARTESIAN_POINT ( 'NONE',  ( 22.97268767190000460, 69.74840876449999882, 50.00000000000000000 ) ) ;
#2530 = CARTESIAN_POINT ( 'NONE',  ( -1.727312327980110584, 23.04840876449949150, 50.00000000000000000 ) ) ;
#2531 = DIRECTION ( 'NONE',  ( -1.000000000000000000, 0.0000000000000000000, 0.0000000000000000000 ) ) ;
#2532 = DIRECTION ( 'NONE',  ( -1.000000000000000000, -0.0000000000000000000, -0.0000000000000000000 ) ) ;
#2533 = VECTOR ( 'NONE', #5208, 1000.000000000000000 ) ;
#2534 = VERTEX_POINT ( 'NONE', #2242 ) ;
#2535 = EDGE_CURVE ( 'NONE', #7992, #9042, #7390, .T. ) ;
#2536 = DIRECTION ( 'NONE',  ( -1.000000000000000000, 0.0000000000000000000, 0.0000000000000000000 ) ) ;
#2537 = VERTEX_POINT ( 'NONE', #9461 ) ;
#2538 = ORIENTED_EDGE ( 'NONE', *, *, #3668, .F. ) ;
#2539 = EDGE_CURVE ( 'NONE', #6419, #425, #5844, .T. ) ;
#2540 = AXIS2_PLACEMENT_3D ( 'NONE', #10617, #5410, #5369 ) ;
#2541 = ADVANCED_FACE ( 'NONE', ( #9072 ), #1207, .F. ) ;
#2542 = EDGE_LOOP ( 'NONE', ( #129, #337, #10340, #4902 ) ) ;
#2543 = EDGE_CURVE ( 'NONE', #5013, #166, #11442, .T. ) ;
#2544 = FACE_OUTER_BOUND ( 'NONE', #6907, .T. ) ;
#2545 = ORIENTED_EDGE ( 'NONE', *, *, #7604, .F. ) ;
#2546 = ORIENTED_EDGE ( 'NONE', *, *, #2109, .T. ) ;
#2547 = CARTESIAN_POINT ( 'NONE',  ( -2.527312328099999839, 60.04840876450000309, 50.00000000000000000 ) ) ;
#2548 = CARTESIAN_POINT ( 'NONE',  ( 31.57268767190000247, 3.148408764500000512, -50.00000000000000000 ) ) ;
#2549 = CARTESIAN_POINT ( 'NONE',  ( 6.472687671900000161, -0.4515912354999999101, 50.00000000000000000 ) ) ;
#2550 = ORIENTED_EDGE ( 'NONE', *, *, #6989, .T. ) ;
#2551 = EDGE_CURVE ( 'NONE', #2284, #7882, #4012, .T. ) ;
#2552 = DIRECTION ( 'NONE',  ( -0.0000000000000000000, -0.0000000000000000000, -1.000000000000000000 ) ) ;
#2553 = FACE_OUTER_BOUND ( 'NONE', #2173, .T. ) ;
#2554 = VERTEX_POINT ( 'NONE', #6744 ) ;
#2555 = VERTEX_POINT ( 'NONE', #1384 ) ;
#2556 = EDGE_CURVE ( 'NONE', #9959, #11002, #8223, .T. ) ;
#2557 = ORIENTED_EDGE ( 'NONE', *, *, #6613, .F. ) ;
#2558 = CARTESIAN_POINT ( 'NONE',  ( 23.78260776853183955, 3.089490506845255613, 50.00000000000000000 ) ) ;
#2559 = CIRCLE ( 'NONE', #7324, 0.5000000000000143219 ) ;
#2560 = VERTEX_POINT ( 'NONE', #405 ) ;
#2561 = CARTESIAN_POINT ( 'NONE',  ( 24.37268767190000318, 69.74840876449999882, 50.00000000000000000 ) ) ;
#2562 = CARTESIAN_POINT ( 'NONE',  ( -5.627312328100001260, -0.9515912354999992440, 50.00000000000000000 ) ) ;
#2563 = ORIENTED_EDGE ( 'NONE', *, *, #6613, .T. ) ;
#2564 = CARTESIAN_POINT ( 'NONE',  ( 28.47268767190000105, 10.04840876449999953, 50.00000000000000000 ) ) ;
#2565 = CARTESIAN_POINT ( 'NONE',  ( 23.28628890540853646, -13.56604450765714809, 50.00000000000000000 ) ) ;
#2566 = LINE ( 'NONE', #8834, #10695 ) ;
#2567 = ORIENTED_EDGE ( 'NONE', *, *, #1522, .T. ) ;
#2568 = VECTOR ( 'NONE', #4593, 1000.000000000000000 ) ;
#2569 = FACE_OUTER_BOUND ( 'NONE', #6089, .T. ) ;
#2570 = ORIENTED_EDGE ( 'NONE', *, *, #3336, .F. ) ;
#2571 = EDGE_CURVE ( 'NONE', #2587, #9845, #1344, .T. ) ;
#2572 = ORIENTED_EDGE ( 'NONE', *, *, #2175, .T. ) ;
#2573 = DIRECTION ( 'NONE',  ( 0.0000000000000000000, 0.0000000000000000000, 1.000000000000000000 ) ) ;
#2574 = DIRECTION ( 'NONE',  ( -1.000000000000000000, -0.0000000000000000000, -0.0000000000000000000 ) ) ;
#2575 = EDGE_CURVE ( 'NONE', #3419, #833, #7243, .T. ) ;
#2576 = DIRECTION ( 'NONE',  ( -1.000000000000000000, 0.0000000000000000000, 0.0000000000000000000 ) ) ;
#2577 = DIRECTION ( 'NONE',  ( 1.000000000000000000, 0.0000000000000000000, 0.0000000000000000000 ) ) ;
#2578 = CIRCLE ( 'NONE', #1688, 1.499999999999997780 ) ;
#2579 = ORIENTED_EDGE ( 'NONE', *, *, #1808, .T. ) ;
#2580 = DIRECTION ( 'NONE',  ( 1.000000000000000000, 0.0000000000000000000, 0.0000000000000000000 ) ) ;
#2581 = LINE ( 'NONE', #2801, #3704 ) ;
#2582 = CARTESIAN_POINT ( 'NONE',  ( 6.875037933123627099, 52.11292489353474622, 50.00000000000000000 ) ) ;
#2583 = EDGE_LOOP ( 'NONE', ( #11636, #543, #3022, #10744 ) ) ;
#2584 = ORIENTED_EDGE ( 'NONE', *, *, #4889, .F. ) ;
#2585 = DIRECTION ( 'NONE',  ( 1.000000000000000000, 0.0000000000000000000, 0.0000000000000000000 ) ) ;
#2586 = VECTOR ( 'NONE', #8386, 1000.000000000000000 ) ;
#2587 = VERTEX_POINT ( 'NONE', #3067 ) ;
#2588 = VECTOR ( 'NONE', #9993, 1000.000000000000000 ) ;
#2589 = CLOSED_SHELL ( 'NONE', ( #4876, #5713, #1233, #8409, #6759, #4598, #6703, #6750, #2174, #2425, #1120, #3111, #8196, #2236, #11235, #9281, #2071, #7536, #364, #4986, #2894, #3880, #2105, #1009, #5758, #5943, #3020, #8537, #4998, #7606, #2658, #1368, #11285, #10597, #4964, #4153, #3891, #5701, #5422, #3120, #7722, #10286, #6652, #8564, #5767, #7011, #4183, #9132, #7851, #5747, #6771, #3714, #3475, #3247, #6690, #3182, #10440, #2354, #3173, #6590, #3928, #7714, #2246, #10414, #194, #7652, #6879, #3012, #9291, #6183, #2485, #3875, #10014, #9505, #2117, #3945, #4705, #423, #6887, #11039, #604, #6018, #10259, #3190, #9401, #8528, #3051, #3298, #1164, #10124, #10295, #10240, #5833, #10334, #4989, #6481, #3651, #627, #9530, #5871, #3231, #11107, #253, #8652, #9351, #8370, #9472, #2124, #6635, #4006, #10302, #3068, #6958, #5793, #5180, #7371, #4057, #7476, #5019, #1776, #2265, #8708, #7745, #1899, #1529, #8586, #5888, #10355, #5949, #787, #8353, #9300, #11263, #492, #415, #8959, #4133, #4748, #2954, #2774, #9014, #4124, #548, #11175, #9233, #3321, #4921, #4939, #5880, #1387, #6815, #1404, #7313, #4763, #1355, #75, #2013, #2372, #11353, #7424, #1417, #10763, #4050, #6710, #5113, #1604, #11297, #9196, #8605, #11217, #5361, #10347, #11055, #11117, #539, #7805, #6645, #7903, #5695, #1659, #408, #7669, #8835, #11345, #3303, #11374, #4541, #4866, #4650, #5825, #11195, #9538, #3833, #511, #7711, #1182, #3241, #11156, #10183, #6834, #659, #3367, #6367, #10233, #2832, #1472, #4828, #3995, #6071, #958, #2183, #6424, #7632, #10398, #3149, #3769, #8414, #4244, #370, #9892, #3061, #10541, #1351, #3087, #11137, #1283, #6823, #11164, #9949, #3207, #9480, #11096, #1952, #2309, #304, #8131, #8623, #5055, #2366, #595, #11227, #5998, #10225, #7789, #11050, #7584, #11541, #486, #9487, #7485, #7547, #289, #8253, #8424, #8544, #4808, #11481, #1225, #4930, #9346, #10999, #5535, #472, #4189, #10821, #2192, #3533, #531, #4088, #8307, #1425, #352, #4821, #10479, #5479, #901, #5817, #1479, #7528, #10879, #9381, #10176, #6583, #723, #6539, #7664, #4884, #6855, #9593, #3598, #11303, #4010, #5654, #9247, #10074, #9071, #8464, #7783, #2229, #125, #8662, #2300, #2541, #1295, #5590, #3127, #7187, #9362, #1240, #10933, #3936, #8596, #8485, #5049, #5908, #4311, #10646, #1065, #11426, #6575, #11318, #7594, #4208, #10191, #7252, #5244, #4066, #10404, #7076, #9420, #568, #2290, #9413, #8477, #3001, #4108, #7466, #1303 ) ) ;
#2590 = VERTEX_POINT ( 'NONE', #6830 ) ;
#2591 = EDGE_LOOP ( 'NONE', ( #7343, #3420, #7803, #10102 ) ) ;
#2592 = DIRECTION ( 'NONE',  ( -1.000000000000000000, 0.0000000000000000000, 0.0000000000000000000 ) ) ;
#2593 = EDGE_CURVE ( 'NONE', #5, #2524, #3437, .T. ) ;
#2594 = DIRECTION ( 'NONE',  ( 1.000000000000000000, -0.0000000000000000000, -0.0000000000000000000 ) ) ;
#2595 = DIRECTION ( 'NONE',  ( -0.0000000000000000000, -0.0000000000000000000, -1.000000000000000000 ) ) ;
#2596 = DIRECTION ( 'NONE',  ( -0.0000000000000000000, 1.000000000000000000, -0.0000000000000000000 ) ) ;
#2597 = DIRECTION ( 'NONE',  ( -0.0000000000000000000, -0.0000000000000000000, -1.000000000000000000 ) ) ;
#2598 = CIRCLE ( 'NONE', #10837, 0.5000000000000108802 ) ;
#2599 = EDGE_LOOP ( 'NONE', ( #176, #8009, #8318, #6280 ) ) ;
#2600 = CARTESIAN_POINT ( 'NONE',  ( 28.47268767190000105, 48.54840876450000309, 50.00000000000000000 ) ) ;
#2601 = VECTOR ( 'NONE', #8904, 1000.000000000000000 ) ;
#2602 = AXIS2_PLACEMENT_3D ( 'NONE', #2565, #6090, #728 ) ;
#2603 = CARTESIAN_POINT ( 'NONE',  ( 20.38611397332070041, 60.46619193877335618, -50.00000000000000000 ) ) ;
#2604 = EDGE_CURVE ( 'NONE', #8431, #2907, #3871, .T. ) ;
#2605 = CARTESIAN_POINT ( 'NONE',  ( 24.93160592962014377, 65.85832886106643969, -50.00000000000000000 ) ) ;
#2606 = CYLINDRICAL_SURFACE ( 'NONE', #2502, 2.500000000000002220 ) ;
#2607 = EDGE_CURVE ( 'NONE', #2327, #1335, #3725, .T. ) ;
#2608 = VERTEX_POINT ( 'NONE', #6792 ) ;
#2609 = DIRECTION ( 'NONE',  ( -0.0000000000000000000, -0.0000000000000000000, -1.000000000000000000 ) ) ;
#2610 = ORIENTED_EDGE ( 'NONE', *, *, #1190, .F. ) ;
#2611 = LINE ( 'NONE', #399, #7101 ) ;
#2612 = DIRECTION ( 'NONE',  ( -0.0000000000000000000, -0.0000000000000000000, -1.000000000000000000 ) ) ;
#2613 = CARTESIAN_POINT ( 'NONE',  ( -2.527312328099995398, 7.548408764500003976, -50.00000000000000000 ) ) ;
#2614 = DIRECTION ( 'NONE',  ( -0.0000000000000000000, -0.0000000000000000000, -1.000000000000000000 ) ) ;
#2615 = DIRECTION ( 'NONE',  ( 1.000000000000000000, 0.0000000000000000000, 0.0000000000000000000 ) ) ;
#2616 = EDGE_CURVE ( 'NONE', #8252, #3568, #4290, .T. ) ;
#2617 = ORIENTED_EDGE ( 'NONE', *, *, #4354, .T. ) ;
#2618 = CARTESIAN_POINT ( 'NONE',  ( 4.972687671899850947, 0.3484087643932391454, -50.00000000000000000 ) ) ;
#2619 = CARTESIAN_POINT ( 'NONE',  ( -7.027312328099999839, -0.9515912354999990219, -50.00000000000000000 ) ) ;
#2620 = AXIS2_PLACEMENT_3D ( 'NONE', #11515, #4271, #8895 ) ;
#2621 = LINE ( 'NONE', #5942, #11608 ) ;
#2622 = ORIENTED_EDGE ( 'NONE', *, *, #10623, .T. ) ;
#2623 = EDGE_CURVE ( 'NONE', #3235, #6511, #6540, .T. ) ;
#2624 = ORIENTED_EDGE ( 'NONE', *, *, #9154, .T. ) ;
#2625 = DIRECTION ( 'NONE',  ( -0.0000000000000000000, -0.0000000000000000000, -1.000000000000000000 ) ) ;
#2626 = CARTESIAN_POINT ( 'NONE',  ( 6.875037933147127411, 17.98389263546797068, 50.00000000000000000 ) ) ;
#2627 = AXIS2_PLACEMENT_3D ( 'NONE', #5764, #7704, #5808 ) ;
#2628 = CIRCLE ( 'NONE', #10564, 0.4999999999999848455 ) ;
#2629 = ORIENTED_EDGE ( 'NONE', *, *, #5852, .T. ) ;
#2630 = DIRECTION ( 'NONE',  ( 1.000000000000000000, 0.0000000000000000000, 0.0000000000000000000 ) ) ;
#2631 = LINE ( 'NONE', #2803, #6278 ) ;
#2632 = EDGE_CURVE ( 'NONE', #5338, #4048, #4846, .T. ) ;
#2633 = ORIENTED_EDGE ( 'NONE', *, *, #11363, .F. ) ;
#2634 = DIRECTION ( 'NONE',  ( -0.0000000000000000000, 1.000000000000000000, -0.0000000000000000000 ) ) ;
#2635 = DIRECTION ( 'NONE',  ( 1.000000000000000000, 0.0000000000000000000, 0.0000000000000000000 ) ) ;
#2636 = CARTESIAN_POINT ( 'NONE',  ( -7.027312328099999839, -0.9515912355000000211, -50.00000000000000000 ) ) ;
#2637 = CARTESIAN_POINT ( 'NONE',  ( 15.17268767190000034, 7.298408764500000423, 50.00000000000000000 ) ) ;
#2638 = LINE ( 'NONE', #8306, #6712 ) ;
#2639 = ORIENTED_EDGE ( 'NONE', *, *, #11560, .F. ) ;
#2640 = PLANE ( 'NONE',  #6769 ) ;
#2641 = UNCERTAINTY_MEASURE_WITH_UNIT (LENGTH_MEASURE( 1.000000000000000082E-05 ), #8572, 'distance_accuracy_value', 'NONE');
#2642 = DIRECTION ( 'NONE',  ( -0.0000000000000000000, -0.0000000000000000000, -1.000000000000000000 ) ) ;
#2643 = EDGE_CURVE ( 'NONE', #2710, #11519, #11017, .T. ) ;
#2644 = CIRCLE ( 'NONE', #8260, 25.00000000000138201 ) ;
#2645 = PRODUCT_DEFINITION_CONTEXT ( 'detailed design', #1469, 'design' ) ;
#2646 = CARTESIAN_POINT ( 'NONE',  ( -3.027312328099999839, 73.64840876450000451, 50.00000000000000000 ) ) ;
#2647 = VECTOR ( 'NONE', #3391, 1000.000000000000000 ) ;
#2648 = ORIENTED_EDGE ( 'NONE', *, *, #7279, .T. ) ;
#2649 = DIRECTION ( 'NONE',  ( -1.000000000000000000, -0.0000000000000000000, -0.0000000000000000000 ) ) ;
#2650 = CARTESIAN_POINT ( 'NONE',  ( 10.04048428207140731, 61.44827996269184922, 50.00000000000000000 ) ) ;
#2651 = CARTESIAN_POINT ( 'NONE',  ( 2.972687671900000161, 69.74840876449999882, 50.00000000000000000 ) ) ;
#2652 = VECTOR ( 'NONE', #6528, 1000.000000000000000 ) ;
#2653 = AXIS2_PLACEMENT_3D ( 'NONE', #8956, #4442, #2792 ) ;
#2654 = CARTESIAN_POINT ( 'NONE',  ( 15.47268767189999927, 49.85225634180000043, -50.00000000000000000 ) ) ;
#2655 = ORIENTED_EDGE ( 'NONE', *, *, #7440, .T. ) ;
#2656 = DIRECTION ( 'NONE',  ( -0.0000000000000000000, -0.0000000000000000000, -1.000000000000000000 ) ) ;
#2657 = EDGE_LOOP ( 'NONE', ( #14, #7023, #1242, #10557 ) ) ;
#2658 = ADVANCED_FACE ( 'NONE', ( #8654 ), #2471, .T. ) ;
#2659 =( GEOMETRIC_REPRESENTATION_CONTEXT ( 3 ) GLOBAL_UNCERTAINTY_ASSIGNED_CONTEXT ( ( #3490 ) ) GLOBAL_UNIT_ASSIGNED_CONTEXT ( ( #11142, #7591, #5822 ) ) REPRESENTATION_CONTEXT ( 'NONE', 'WORKASPACE' ) );
#2660 = CIRCLE ( 'NONE', #9185, 3.999999999999993339 ) ;
#2661 = VERTEX_POINT ( 'NONE', #9478 ) ;
#2662 = CARTESIAN_POINT ( 'NONE',  ( 26.46273521346178370, 45.45592170069594573, -50.00000000000000000 ) ) ;
#2663 = DIRECTION ( 'NONE',  ( 1.000000000000000000, 0.0000000000000000000, 0.0000000000000000000 ) ) ;
#2664 = DIRECTION ( 'NONE',  ( 0.0000000000000000000, 0.0000000000000000000, 1.000000000000000000 ) ) ;
#2665 = DIRECTION ( 'NONE',  ( -0.0000000000000000000, -1.000000000000000000, -0.0000000000000000000 ) ) ;
#2666 = FACE_OUTER_BOUND ( 'NONE', #1567, .T. ) ;
#2667 = CARTESIAN_POINT ( 'NONE',  ( 9.572687671900002471, 55.04840876449999598, -64.14213562373096522 ) ) ;
#2668 = ORIENTED_EDGE ( 'NONE', *, *, #10446, .T. ) ;
#2669 = VECTOR ( 'NONE', #7533, 1000.000000000000000 ) ;
#2670 = ORIENTED_EDGE ( 'NONE', *, *, #8945, .T. ) ;
#2671 = DIRECTION ( 'NONE',  ( 1.000000000000000000, 0.0000000000000000000, 0.0000000000000000000 ) ) ;
#2672 = DIRECTION ( 'NONE',  ( -0.0000000000000000000, -0.0000000000000000000, -1.000000000000000000 ) ) ;
#2673 = DIRECTION ( 'NONE',  ( -0.0000000000000000000, -0.0000000000000000000, -1.000000000000000000 ) ) ;
#2674 = ORIENTED_EDGE ( 'NONE', *, *, #10658, .T. ) ;
#2675 = LINE ( 'NONE', #6229, #2256 ) ;
#2676 = CARTESIAN_POINT ( 'NONE',  ( 31.07268767189999892, 3.648408764500000512, -50.00000000000000000 ) ) ;
#2677 = VERTEX_POINT ( 'NONE', #9588 ) ;
#2678 = DIRECTION ( 'NONE',  ( -1.000000000000000000, -0.0000000000000000000, -0.0000000000000000000 ) ) ;
#2679 = EDGE_CURVE ( 'NONE', #6037, #1146, #10320, .T. ) ;
#2680 = AXIS2_PLACEMENT_3D ( 'NONE', #6265, #1637, #2536 ) ;
#2681 = CARTESIAN_POINT ( 'NONE',  ( -3.027312328099999839, 8.048408764499999535, 50.00000000000000000 ) ) ;
#2682 = VECTOR ( 'NONE', #7097, 1000.000000000000000 ) ;
#2683 = ORIENTED_EDGE ( 'NONE', *, *, #11085, .F. ) ;
#2684 = VERTEX_POINT ( 'NONE', #3773 ) ;
#2685 = VERTEX_POINT ( 'NONE', #5692 ) ;
#2686 = AXIS2_PLACEMENT_3D ( 'NONE', #2799, #10058, #4679 ) ;
#2687 = DIRECTION ( 'NONE',  ( 0.7071067811865526798, 0.7071067811865424657, 0.0000000000000000000 ) ) ;
#2688 = CARTESIAN_POINT ( 'NONE',  ( 16.37268767189999963, 15.04840876450000131, -50.00000000000000000 ) ) ;
#2689 = CARTESIAN_POINT ( 'NONE',  ( -5.527312328099999839, 19.04840876449999953, 50.00000000000000000 ) ) ;
#2690 = EDGE_CURVE ( 'NONE', #7882, #7689, #3313, .T. ) ;
#2691 = CIRCLE ( 'NONE', #10356, 3.999999999999626965 ) ;
#2692 = ORIENTED_EDGE ( 'NONE', *, *, #9001, .F. ) ;
#2693 = LINE ( 'NONE', #9150, #1290 ) ;
#2694 = DIRECTION ( 'NONE',  ( -0.0000000000000000000, -0.0000000000000000000, -1.000000000000000000 ) ) ;
#2695 = ORIENTED_EDGE ( 'NONE', *, *, #4632, .T. ) ;
#2696 = DIRECTION ( 'NONE',  ( -1.000000000000000000, 0.0000000000000000000, 0.0000000000000000000 ) ) ;
#2697 = AXIS2_PLACEMENT_3D ( 'NONE', #2826, #86, #123 ) ;
#2698 = VERTEX_POINT ( 'NONE', #2090 ) ;
#2699 = VECTOR ( 'NONE', #11300, 1000.000000000000000 ) ;
#2700 = CARTESIAN_POINT ( 'NONE',  ( 2.555398083371438478, 67.31690945730176168, 50.00000000000000000 ) ) ;
#2701 = EDGE_CURVE ( 'NONE', #9288, #10959, #81, .T. ) ;
#2702 = CARTESIAN_POINT ( 'NONE',  ( 31.47268767190000105, 19.04840876449999953, 50.00000000000000000 ) ) ;
#2703 = FACE_OUTER_BOUND ( 'NONE', #1864, .T. ) ;
#2704 = LINE ( 'NONE', #4534, #3541 ) ;
#2705 = VERTEX_POINT ( 'NONE', #2054 ) ;
#2706 = CARTESIAN_POINT ( 'NONE',  ( 28.47268767190001881, 22.54840876449999953, 50.00000000000000000 ) ) ;
#2707 = DIRECTION ( 'NONE',  ( 0.0000000000000000000, 0.0000000000000000000, 1.000000000000000000 ) ) ;
#2708 = DIRECTION ( 'NONE',  ( 1.000000000000000000, 0.0000000000000000000, 0.0000000000000000000 ) ) ;
#2709 = VECTOR ( 'NONE', #2042, 1000.000000000000000 ) ;
#2710 = VERTEX_POINT ( 'NONE', #255 ) ;
#2711 = EDGE_CURVE ( 'NONE', #9043, #8197, #5124, .T. ) ;
#2712 = VECTOR ( 'NONE', #10653, 1000.000000000000000 ) ;
#2713 = CARTESIAN_POINT ( 'NONE',  ( 1.222687671899840067, 57.24840876450021199, -50.00000000000000000 ) ) ;
#2714 = ORIENTED_EDGE ( 'NONE', *, *, #6922, .T. ) ;
#2715 = AXIS2_PLACEMENT_3D ( 'NONE', #2476, #1530, #9610 ) ;
#2716 = CARTESIAN_POINT ( 'NONE',  ( 4.434964485672381329, 19.63195185655863639, 50.00000000000000000 ) ) ;
#2717 = CYLINDRICAL_SURFACE ( 'NONE', #3221, 5.700000000012167334 ) ;
#2718 = FACE_OUTER_BOUND ( 'NONE', #2501, .T. ) ;
#2719 = ORIENTED_EDGE ( 'NONE', *, *, #11505, .F. ) ;
#2720 = VERTEX_POINT ( 'NONE', #2916 ) ;
#2721 = DIRECTION ( 'NONE',  ( 0.0000000000000000000, 0.0000000000000000000, 1.000000000000000000 ) ) ;
#2722 = CARTESIAN_POINT ( 'NONE',  ( 19.07033741075285249, 52.11292489353203194, 50.00000000000000000 ) ) ;
#2723 = EDGE_CURVE ( 'NONE', #6561, #7992, #785, .T. ) ;
#2724 = FACE_OUTER_BOUND ( 'NONE', #10247, .T. ) ;
#2725 = ORIENTED_EDGE ( 'NONE', *, *, #797, .F. ) ;
#2726 = VECTOR ( 'NONE', #6215, 1000.000000000000000 ) ;
#2727 = VERTEX_POINT ( 'NONE', #4675 ) ;
#2728 = EDGE_LOOP ( 'NONE', ( #7216, #5622, #10862, #4042 ) ) ;
#2729 = CARTESIAN_POINT ( 'NONE',  ( 24.72268767189978433, 57.24840876451167304, -50.00000000000000000 ) ) ;
#2730 = VERTEX_POINT ( 'NONE', #5540 ) ;
#2731 = DIRECTION ( 'NONE',  ( -1.000000000000000000, 0.0000000000000000000, 0.0000000000000000000 ) ) ;
#2732 = EDGE_CURVE ( 'NONE', #398, #3116, #2193, .T. ) ;
#2733 = CARTESIAN_POINT ( 'NONE',  ( 32.97268767190000460, 49.54840876450001019, 50.00000000000000000 ) ) ;
#2734 = CARTESIAN_POINT ( 'NONE',  ( 12.97268767190000105, 15.04840876450000131, 50.00000000000000000 ) ) ;
#2735 = CARTESIAN_POINT ( 'NONE',  ( 22.34651698800653108, 4.764669563492985205, 50.00000000000000000 ) ) ;
#2736 = DIRECTION ( 'NONE',  ( -0.0000000000000000000, -0.0000000000000000000, -1.000000000000000000 ) ) ;
#2737 = VECTOR ( 'NONE', #2397, 1000.000000000000000 ) ;
#2738 = ORIENTED_EDGE ( 'NONE', *, *, #7950, .T. ) ;
#2739 = VECTOR ( 'NONE', #7364, 1000.000000000000000 ) ;
#2740 = VERTEX_POINT ( 'NONE', #8373 ) ;
#2741 = ORIENTED_EDGE ( 'NONE', *, *, #156, .F. ) ;
#2742 = AXIS2_PLACEMENT_3D ( 'NONE', #1698, #6047, #11590 ) ;
#2743 = CARTESIAN_POINT ( 'NONE',  ( 7.554904497710896116, 62.46183506589945722, 50.00000000000000000 ) ) ;
#2744 = CARTESIAN_POINT ( 'NONE',  ( 18.57451721239999998, 17.54840876449999953, 50.00000000000000000 ) ) ;
#2745 = CARTESIAN_POINT ( 'NONE',  ( 1.222687671899996609, 52.84840876448123481, 50.00000000000000000 ) ) ;
#2746 = LINE ( 'NONE', #3893, #4566 ) ;
#2747 = ORIENTED_EDGE ( 'NONE', *, *, #5911, .T. ) ;
#2748 = EDGE_LOOP ( 'NONE', ( #4235, #10913, #8433, #4357 ) ) ;
#2749 = CIRCLE ( 'NONE', #4269, 1.500000000000008216 ) ;
#2750 = PLANE ( 'NONE',  #9221 ) ;
#2751 = EDGE_CURVE ( 'NONE', #10842, #5941, #7937, .T. ) ;
#2752 = DIRECTION ( 'NONE',  ( 0.0000000000000000000, 0.0000000000000000000, 1.000000000000000000 ) ) ;
#2753 = DIRECTION ( 'NONE',  ( 1.000000000000000000, 0.0000000000000000000, 0.0000000000000000000 ) ) ;
#2754 = DIRECTION ( 'NONE',  ( 0.0000000000000000000, 0.0000000000000000000, 1.000000000000000000 ) ) ;
#2755 = DIRECTION ( 'NONE',  ( -1.000000000000000000, 0.0000000000000000000, 0.0000000000000000000 ) ) ;
#2756 = CARTESIAN_POINT ( 'NONE',  ( 28.47268767190000105, 25.04840876449999953, 50.00000000000000000 ) ) ;
#2757 = LINE ( 'NONE', #3767, #1067 ) ;
#2758 = AXIS2_PLACEMENT_3D ( 'NONE', #2904, #4739, #9189 ) ;
#2759 = VERTEX_POINT ( 'NONE', #1188 ) ;
#2760 = EDGE_LOOP ( 'NONE', ( #7392, #5066, #550, #5472, #4397, #4241, #2253, #1501, #10475, #860, #6319, #7074, #5898, #6779, #11138 ) ) ;
#2761 = FACE_OUTER_BOUND ( 'NONE', #8887, .T. ) ;
#2762 = EDGE_CURVE ( 'NONE', #3559, #8219, #8506, .T. ) ;
#2763 = ORIENTED_EDGE ( 'NONE', *, *, #6821, .F. ) ;
#2764 = CARTESIAN_POINT ( 'NONE',  ( -5.127312328100000371, 66.44840876450000167, 50.00000000000000000 ) ) ;
#2765 = EDGE_CURVE ( 'NONE', #5193, #1620, #6673, .T. ) ;
#2766 = DIRECTION ( 'NONE',  ( -1.000000000000000000, 0.0000000000000000000, 0.0000000000000000000 ) ) ;
#2767 = CARTESIAN_POINT ( 'NONE',  ( 20.47268767190000105, -2.951591235500004018, -50.00000000000000000 ) ) ;
#2768 = VECTOR ( 'NONE', #11469, 1000.000000000000000 ) ;
#2769 = ORIENTED_EDGE ( 'NONE', *, *, #8852, .F. ) ;
#2770 = EDGE_CURVE ( 'NONE', #5979, #2896, #2746, .T. ) ;
#2771 = CARTESIAN_POINT ( 'NONE',  ( 19.97268767190000105, -0.9515912355000000211, 50.00000000000000000 ) ) ;
#2772 = LINE ( 'NONE', #2681, #5573 ) ;
#2773 = VERTEX_POINT ( 'NONE', #11059 ) ;
#2774 = ADVANCED_FACE ( 'NONE', ( #7670 ), #3810, .F. ) ;
#2775 = EDGE_CURVE ( 'NONE', #8975, #575, #10473, .T. ) ;
#2776 = VECTOR ( 'NONE', #4114, 1000.000000000000000 ) ;
#2777 = CARTESIAN_POINT ( 'NONE',  ( 7.776535249200000166, 17.54840876449999953, 50.00000000000000000 ) ) ;
#2778 = CARTESIAN_POINT ( 'NONE',  ( 31.57268767190000247, 66.94840876450000167, -50.00000000000000000 ) ) ;
#2779 = ORIENTED_EDGE ( 'NONE', *, *, #3638, .T. ) ;
#2780 = DIRECTION ( 'NONE',  ( 1.000000000000000000, -0.0000000000000000000, -0.0000000000000000000 ) ) ;
#2781 = EDGE_CURVE ( 'NONE', #8442, #8152, #1906, .T. ) ;
#2782 = DIRECTION ( 'NONE',  ( 1.000000000000000000, 0.0000000000000000000, 0.0000000000000000000 ) ) ;
#2783 = DIRECTION ( 'NONE',  ( -1.000000000000000000, -0.0000000000000000000, -0.0000000000000000000 ) ) ;
#2784 = CARTESIAN_POINT ( 'NONE',  ( 41.58714094422884244, 25.36200999777808818, 50.00000000000000000 ) ) ;
#2785 = AXIS2_PLACEMENT_3D ( 'NONE', #11162, #6697, #7615 ) ;
#2786 = CYLINDRICAL_SURFACE ( 'NONE', #4514, 0.5000000000000593969 ) ;
#2787 = EDGE_LOOP ( 'NONE', ( #6898, #10669, #6182, #3600 ) ) ;
#2788 = CARTESIAN_POINT ( 'NONE',  ( 7.472687671900000161, 75.04840876449999598, -50.00000000000000000 ) ) ;
#2789 = FACE_OUTER_BOUND ( 'NONE', #1250, .T. ) ;
#2790 = DIRECTION ( 'NONE',  ( -0.0000000000000000000, -1.000000000000000000, -0.0000000000000000000 ) ) ;
#2791 = ORIENTED_EDGE ( 'NONE', *, *, #3814, .F. ) ;
#2792 = DIRECTION ( 'NONE',  ( 0.0000000000000000000, -0.0000000000000000000, -1.000000000000000000 ) ) ;
#2793 = ORIENTED_EDGE ( 'NONE', *, *, #11385, .T. ) ;
#2794 = CARTESIAN_POINT ( 'NONE',  ( 28.97268767190000105, 21.54840876449999953, 50.00000000000000000 ) ) ;
#2795 = VECTOR ( 'NONE', #8274, 1000.000000000000000 ) ;
#2796 = ORIENTED_EDGE ( 'NONE', *, *, #8421, .T. ) ;
#2797 = EDGE_CURVE ( 'NONE', #5194, #11616, #1766, .T. ) ;
#2798 = CYLINDRICAL_SURFACE ( 'NONE', #10505, 26.39999999994843094 ) ;
#2799 = CARTESIAN_POINT ( 'NONE',  ( 5.472687671900048123, -0.4515912355000000211, 50.00000000000000000 ) ) ;
#2800 = ORIENTED_EDGE ( 'NONE', *, *, #780, .F. ) ;
#2801 = CARTESIAN_POINT ( 'NONE',  ( 2.555398083371431817, 67.31690945730176168, 50.00000000000000000 ) ) ;
#2802 = CARTESIAN_POINT ( 'NONE',  ( 7.068198770200001313, 58.04840876450000309, 50.00000000000000000 ) ) ;
#2803 = CARTESIAN_POINT ( 'NONE',  ( 4.434964485678191792, 10.46486567243291432, 50.00000000000000000 ) ) ;
#2804 = CARTESIAN_POINT ( 'NONE',  ( 31.57268767190000247, 71.04840876449999598, -50.00000000000000000 ) ) ;
#2805 = CIRCLE ( 'NONE', #9331, 0.4999999999998616662 ) ;
#2806 = ORIENTED_EDGE ( 'NONE', *, *, #677, .F. ) ;
#2807 = AXIS2_PLACEMENT_3D ( 'NONE', #9455, #9569, #10471 ) ;
#2808 = DIRECTION ( 'NONE',  ( -0.0000000000000000000, -0.0000000000000000000, -1.000000000000000000 ) ) ;
#2809 = ORIENTED_EDGE ( 'NONE', *, *, #7941, .F. ) ;
#2810 = ORIENTED_EDGE ( 'NONE', *, *, #11259, .T. ) ;
#2811 = ORIENTED_EDGE ( 'NONE', *, *, #2850, .T. ) ;
#2812 = DIRECTION ( 'NONE',  ( 1.000000000000000000, 0.0000000000000000000, 0.0000000000000000000 ) ) ;
#2813 = EDGE_CURVE ( 'NONE', #3092, #1276, #5414, .T. ) ;
#2814 = CARTESIAN_POINT ( 'NONE',  ( 18.16884009459993266, 18.04840876450010967, -50.00000000000000000 ) ) ;
#2815 = CIRCLE ( 'NONE', #11036, 1.500000000000035971 ) ;
#2816 = ORIENTED_EDGE ( 'NONE', *, *, #8258, .T. ) ;
#2817 = ORIENTED_EDGE ( 'NONE', *, *, #6790, .F. ) ;
#2818 = CARTESIAN_POINT ( 'NONE',  ( 27.67268767190000389, 65.04840876449999598, 50.00000000000000000 ) ) ;
#2819 = CARTESIAN_POINT ( 'NONE',  ( -5.527312328099999839, 49.54840876450001019, 50.00000000000000000 ) ) ;
#2820 = ORIENTED_EDGE ( 'NONE', *, *, #9836, .T. ) ;
#2821 = ORIENTED_EDGE ( 'NONE', *, *, #7683, .F. ) ;
#2822 = ORIENTED_EDGE ( 'NONE', *, *, #10844, .F. ) ;
#2823 = DIRECTION ( 'NONE',  ( -1.000000000000000000, 0.0000000000000000000, 0.0000000000000000000 ) ) ;
#2824 = AXIS2_PLACEMENT_3D ( 'NONE', #8415, #4756, #5703 ) ;
#2825 = FACE_OUTER_BOUND ( 'NONE', #1281, .T. ) ;
#2826 = CARTESIAN_POINT ( 'NONE',  ( 1.072687671899900330, 73.14840876449990503, -50.00000000000000000 ) ) ;
#2827 = VECTOR ( 'NONE', #2672, 1000.000000000000000 ) ;
#2828 = ORIENTED_EDGE ( 'NONE', *, *, #9736, .F. ) ;
#2829 = VERTEX_POINT ( 'NONE', #10900 ) ;
#2830 = DIRECTION ( 'NONE',  ( -1.000000000000000000, 0.0000000000000000000, 0.0000000000000000000 ) ) ;
#2831 = CARTESIAN_POINT ( 'NONE',  ( 1.222687671899996609, 52.84840876448123481, 50.00000000000000000 ) ) ;
#2832 = ADVANCED_FACE ( 'NONE', ( #5689 ), #6255, .F. ) ;
#2833 = ORIENTED_EDGE ( 'NONE', *, *, #632, .T. ) ;
#2834 = EDGE_CURVE ( 'NONE', #11081, #7027, #11152, .T. ) ;
#2835 = AXIS2_PLACEMENT_3D ( 'NONE', #7001, #10565, #11555 ) ;
#2836 = LINE ( 'NONE', #6036, #7761 ) ;
#2837 = ORIENTED_EDGE ( 'NONE', *, *, #1205, .T. ) ;
#2838 = ORIENTED_EDGE ( 'NONE', *, *, #9784, .T. ) ;
#2839 = EDGE_CURVE ( 'NONE', #2178, #4953, #8778, .T. ) ;
#2840 = LINE ( 'NONE', #8668, #470 ) ;
#2841 = VERTEX_POINT ( 'NONE', #5815 ) ;
#2842 = CARTESIAN_POINT ( 'NONE',  ( -15.64176560036758801, 25.36200999784368904, -50.00000000000000000 ) ) ;
#2843 = DIRECTION ( 'NONE',  ( -1.000000000000000000, -0.0000000000000000000, -0.0000000000000000000 ) ) ;
#2844 = DIRECTION ( 'NONE',  ( 1.000000000000000000, 0.0000000000000000000, 0.0000000000000000000 ) ) ;
#2845 = CARTESIAN_POINT ( 'NONE',  ( 28.97268767190000105, -4.951591235500001353, 50.00000000000000000 ) ) ;
#2846 = ORIENTED_EDGE ( 'NONE', *, *, #10753, .T. ) ;
#2847 = DIRECTION ( 'NONE',  ( 1.000000000000000000, -0.0000000000000000000, -0.0000000000000000000 ) ) ;
#2848 = DIRECTION ( 'NONE',  ( 0.0000000000000000000, 1.000000000000000000, -0.0000000000000000000 ) ) ;
#2849 = DIRECTION ( 'NONE',  ( 0.0000000000000000000, 0.0000000000000000000, 1.000000000000000000 ) ) ;
#2850 = EDGE_CURVE ( 'NONE', #6623, #11616, #6107, .T. ) ;
#2851 = CIRCLE ( 'NONE', #4178, 0.5000000000000923706 ) ;
#2852 = ORIENTED_EDGE ( 'NONE', *, *, #1708, .F. ) ;
#2853 = CARTESIAN_POINT ( 'NONE',  ( 23.60998026349999890, 5.321026057900000161, 50.00000000000000000 ) ) ;
#2854 = LINE ( 'NONE', #4401, #6626 ) ;
#2855 = LINE ( 'NONE', #5841, #9873 ) ;
#2856 = ORIENTED_EDGE ( 'NONE', *, *, #10633, .F. ) ;
#2857 = AXIS2_PLACEMENT_3D ( 'NONE', #6970, #701, #6024 ) ;
#2858 = VERTEX_POINT ( 'NONE', #2337 ) ;
#2859 = CARTESIAN_POINT ( 'NONE',  ( 23.78260776849414171, 67.00732702209258207, 50.00000000000000000 ) ) ;
#2860 = EDGE_CURVE ( 'NONE', #22, #3702, #10041, .T. ) ;
#2861 = DIRECTION ( 'NONE',  ( -0.0000000000000000000, -0.0000000000000000000, -1.000000000000000000 ) ) ;
#2862 = DIRECTION ( 'NONE',  ( -0.0000000000000000000, -0.0000000000000000000, -1.000000000000000000 ) ) ;
#2864 = CIRCLE ( 'NONE', #11378, 1.000000000000013101 ) ;
#2863 = CARTESIAN_POINT ( 'NONE',  ( 14.97268767189999927, 21.04840876449999953, -50.00000000000000000 ) ) ;
#2865 = CARTESIAN_POINT ( 'NONE',  ( 9.972687671900015260, 60.95289766622855154, -50.00000000000000000 ) ) ;
#2866 = ORIENTED_EDGE ( 'NONE', *, *, #7941, .T. ) ;
#2867 = CYLINDRICAL_SURFACE ( 'NONE', #10788, 3.400000000000000355 ) ;
#2868 = VERTEX_POINT ( 'NONE', #10322 ) ;
#2869 = VERTEX_POINT ( 'NONE', #8609 ) ;
#2870 = CARTESIAN_POINT ( 'NONE',  ( -1.727312328100000016, 26.74840876449999882, 50.00000000000000000 ) ) ;
#2871 = EDGE_CURVE ( 'NONE', #3150, #7840, #6399, .T. ) ;
#2872 = CARTESIAN_POINT ( 'NONE',  ( 15.90489106172841183, 8.648537566306814028, 50.00000000000000000 ) ) ;
#2873 = AXIS2_PLACEMENT_3D ( 'NONE', #10604, #9664, #2573 ) ;
#2874 = DIRECTION ( 'NONE',  ( -1.000000000000000000, 0.0000000000000000000, 0.0000000000000000000 ) ) ;
#2875 = VECTOR ( 'NONE', #192, 1000.000000000000000 ) ;
#2876 = VERTEX_POINT ( 'NONE', #5891 ) ;
#2877 = CARTESIAN_POINT ( 'NONE',  ( 29.47268767190000105, 60.04840876450000309, 50.00000000000000000 ) ) ;
#2878 = FACE_OUTER_BOUND ( 'NONE', #8570, .T. ) ;
#2879 = EDGE_LOOP ( 'NONE', ( #7228, #1818, #8949, #8296 ) ) ;
#2880 = VERTEX_POINT ( 'NONE', #6714 ) ;
#2881 = DIRECTION ( 'NONE',  ( -0.0000000000000000000, -0.0000000000000000000, -1.000000000000000000 ) ) ;
#2882 = EDGE_LOOP ( 'NONE', ( #6713, #4365, #3807, #3297 ) ) ;
#2883 = AXIS2_PLACEMENT_3D ( 'NONE', #3188, #11211, #1222 ) ;
#2884 = DIRECTION ( 'NONE',  ( -0.0000000000000000000, -0.0000000000000000000, -1.000000000000000000 ) ) ;
#2885 = FACE_OUTER_BOUND ( 'NONE', #7273, .T. ) ;
#2886 = ORIENTED_EDGE ( 'NONE', *, *, #4581, .F. ) ;
#2887 = CARTESIAN_POINT ( 'NONE',  ( -3.027312328099999839, 48.04840876450000309, -50.00000000000000000 ) ) ;
#2888 = AXIS2_PLACEMENT_3D ( 'NONE', #7159, #8103, #1752 ) ;
#2889 = LINE ( 'NONE', #9019, #8646 ) ;
#2890 = CARTESIAN_POINT ( 'NONE',  ( 27.67268767190000389, 5.048408764500000423, -50.00000000000000000 ) ) ;
#2891 = CARTESIAN_POINT ( 'NONE',  ( 23.38997726049938208, 2.779908071667841263, -50.00000000000000000 ) ) ;
#2892 = CARTESIAN_POINT ( 'NONE',  ( 24.72268767189990157, 12.84840876450012814, -50.00000000000000000 ) ) ;
#2893 = CARTESIAN_POINT ( 'NONE',  ( 32.97268767190000460, 49.54840876450001019, 50.00000000000000000 ) ) ;
#2894 = ADVANCED_FACE ( 'NONE', ( #4165 ), #5977, .F. ) ;
#2895 = VECTOR ( 'NONE', #8286, 1000.000000000000000 ) ;
#2896 = VERTEX_POINT ( 'NONE', #7710 ) ;
#2897 = EDGE_LOOP ( 'NONE', ( #3065, #4542, #6565, #8602 ) ) ;
#2898 = LINE ( 'NONE', #2870, #795 ) ;
#2899 = AXIS2_PLACEMENT_3D ( 'NONE', #5865, #5827, #4147 ) ;
#2900 = DIRECTION ( 'NONE',  ( 1.000000000000000000, 0.0000000000000000000, 0.0000000000000000000 ) ) ;
#2901 = CARTESIAN_POINT ( 'NONE',  ( 26.46273521346178370, 45.45592170069594573, 50.00000000000000000 ) ) ;
#2902 = DIRECTION ( 'NONE',  ( -0.0000000000000000000, -0.0000000000000000000, -1.000000000000000000 ) ) ;
#2903 = VERTEX_POINT ( 'NONE', #4865 ) ;
#2904 = CARTESIAN_POINT ( 'NONE',  ( 14.97268767190001881, 20.54840876450001730, -50.00000000000000000 ) ) ;
#2905 = CIRCLE ( 'NONE', #9, 2.600000000000004086 ) ;
#2906 = EDGE_CURVE ( 'NONE', #113, #968, #5544, .T. ) ;
#2907 = VERTEX_POINT ( 'NONE', #4833 ) ;
#2908 = AXIS2_PLACEMENT_3D ( 'NONE', #11066, #10184, #10296 ) ;
#2909 = ORIENTED_EDGE ( 'NONE', *, *, #7737, .F. ) ;
#2910 = CARTESIAN_POINT ( 'NONE',  ( 28.47268767190000105, 65.04840876449999598, -50.00000000000000000 ) ) ;
#2911 = DIRECTION ( 'NONE',  ( -0.0000000000000000000, -0.0000000000000000000, -1.000000000000000000 ) ) ;
#2912 = CYLINDRICAL_SURFACE ( 'NONE', #4776, 0.4999999999999930611 ) ;
#2913 = ORIENTED_EDGE ( 'NONE', *, *, #2535, .F. ) ;
#2914 = CARTESIAN_POINT ( 'NONE',  ( 20.72268767190000105, 17.24840876449999882, -50.00000000000000000 ) ) ;
#2915 = AXIS2_PLACEMENT_3D ( 'NONE', #1643, #8819, #9719 ) ;
#2916 = CARTESIAN_POINT ( 'NONE',  ( 8.972687671899999273, -3.451591235500000021, -50.00000000000000000 ) ) ;
#2917 = LINE ( 'NONE', #3502, #6849 ) ;
#2918 = EDGE_LOOP ( 'NONE', ( #4886, #8738, #6004, #3055 ) ) ;
#2919 = EDGE_CURVE ( 'NONE', #7444, #754, #10730, .T. ) ;
#2920 = DIRECTION ( 'NONE',  ( 1.000000000000000000, 0.0000000000000000000, 0.0000000000000000000 ) ) ;
#2921 = DIRECTION ( 'NONE',  ( -1.000000000000000000, 0.0000000000000000000, 0.0000000000000000000 ) ) ;
#2922 = AXIS2_PLACEMENT_3D ( 'NONE', #11129, #10118, #7459 ) ;
#2923 = LINE ( 'NONE', #4801, #6433 ) ;
#2924 = ORIENTED_EDGE ( 'NONE', *, *, #1975, .F. ) ;
#2925 = DIRECTION ( 'NONE',  ( 1.000000000000000000, 0.0000000000000000000, 0.0000000000000000000 ) ) ;
#2926 = DIRECTION ( 'NONE',  ( 0.0000000000000000000, 1.000000000000000000, -0.0000000000000000000 ) ) ;
#2927 = DIRECTION ( 'NONE',  ( 0.0000000000000000000, 0.0000000000000000000, 1.000000000000000000 ) ) ;
#2928 = VECTOR ( 'NONE', #7716, 1000.000000000000000 ) ;
#2929 = EDGE_CURVE ( 'NONE', #2858, #2448, #8083, .T. ) ;
#2930 = DIRECTION ( 'NONE',  ( 1.000000000000000000, 0.0000000000000000000, 0.0000000000000000000 ) ) ;
#2931 = CARTESIAN_POINT ( 'NONE',  ( 26.46273521344054558, 64.64089582826885305, 50.00000000000000000 ) ) ;
#2932 = CYLINDRICAL_SURFACE ( 'NONE', #9929, 0.5000000000000985878 ) ;
#2933 = ORIENTED_EDGE ( 'NONE', *, *, #9458, .F. ) ;
#2934 = EDGE_CURVE ( 'NONE', #1406, #7003, #3038, .T. ) ;
#2935 = DIRECTION ( 'NONE',  ( -1.000000000000000000, 0.0000000000000000000, 0.0000000000000000000 ) ) ;
#2936 = CARTESIAN_POINT ( 'NONE',  ( -4.527312328099999839, 48.04840876450000309, 50.00000000000000000 ) ) ;
#2937 = CARTESIAN_POINT ( 'NONE',  ( 30.47268767190000460, 7.548408764499995982, 50.00000000000000000 ) ) ;
#2938 = EDGE_CURVE ( 'NONE', #1475, #5390, #9899, .T. ) ;
#2939 = CARTESIAN_POINT ( 'NONE',  ( -2.527312328099999394, 21.54840876449999953, -50.00000000000000000 ) ) ;
#2940 = DIRECTION ( 'NONE',  ( -0.0000000000000000000, -1.000000000000000000, -0.0000000000000000000 ) ) ;
#2941 = FACE_OUTER_BOUND ( 'NONE', #1880, .T. ) ;
#2942 = CARTESIAN_POINT ( 'NONE',  ( 18.87717657370000168, 57.54840876450001019, 50.00000000000000000 ) ) ;
#2943 = AXIS2_PLACEMENT_3D ( 'NONE', #2357, #7654, #3289 ) ;
#2944 = VERTEX_POINT ( 'NONE', #8490 ) ;
#2945 = ORIENTED_EDGE ( 'NONE', *, *, #11035, .T. ) ;
#2946 = VECTOR ( 'NONE', #643, 1000.000000000000000 ) ;
#2947 = EDGE_LOOP ( 'NONE', ( #10540, #1903, #663, #10287 ) ) ;
#2948 = DIRECTION ( 'NONE',  ( -0.0000000000000000000, -0.0000000000000000000, -1.000000000000000000 ) ) ;
#2949 = DIRECTION ( 'NONE',  ( -0.0000000000000000000, -0.0000000000000000000, -1.000000000000000000 ) ) ;
#2950 = CARTESIAN_POINT ( 'NONE',  ( 28.47268767190001171, 62.54840876449998888, 50.00000000000000000 ) ) ;
#2951 = EDGE_CURVE ( 'NONE', #2979, #8702, #1480, .T. ) ;
#2952 = VECTOR ( 'NONE', #4652, 1000.000000000000000 ) ;
#2953 = AXIS2_PLACEMENT_3D ( 'NONE', #4574, #2926, #4607 ) ;
#2954 = ADVANCED_FACE ( 'NONE', ( #3170 ), #4697, .T. ) ;
#2955 = CARTESIAN_POINT ( 'NONE',  ( 4.434964485672381329, 19.63195185655863639, -50.00000000000000000 ) ) ;
#2956 = ORIENTED_EDGE ( 'NONE', *, *, #535, .F. ) ;
#2957 = CARTESIAN_POINT ( 'NONE',  ( 23.25642687287322019, 5.674579448459777353, 50.00000000000000000 ) ) ;
#2958 = EDGE_CURVE ( 'NONE', #4030, #10587, #8643, .T. ) ;
#2959 = VECTOR ( 'NONE', #242, 1000.000000000000000 ) ;
#2960 = ORIENTED_EDGE ( 'NONE', *, *, #8484, .T. ) ;
#2961 = CARTESIAN_POINT ( 'NONE',  ( 27.67268767190074996, 23.04840876450057507, 50.00000000000000000 ) ) ;
#2962 = VERTEX_POINT ( 'NONE', #5024 ) ;
#2963 = ORIENTED_EDGE ( 'NONE', *, *, #7543, .T. ) ;
#2964 = CARTESIAN_POINT ( 'NONE',  ( 31.47268767190000105, 11.04840876449999953, 50.00000000000000000 ) ) ;
#2965 = CARTESIAN_POINT ( 'NONE',  ( -4.527312328099999839, 62.04840876450000309, 50.00000000000000000 ) ) ;
#2966 = ORIENTED_EDGE ( 'NONE', *, *, #7021, .T. ) ;
#2967 = CARTESIAN_POINT ( 'NONE',  ( -2.527312328099999839, 61.54840876450000309, 50.00000000000000000 ) ) ;
#2968 = CARTESIAN_POINT ( 'NONE',  ( 21.98057961718305364, 4.423949971085109567, -50.00000000000000000 ) ) ;
#2969 = AXIS2_PLACEMENT_3D ( 'NONE', #7028, #11622, #10626 ) ;
#2970 = VECTOR ( 'NONE', #9460, 1000.000000000000000 ) ;
#2971 = ORIENTED_EDGE ( 'NONE', *, *, #8512, .T. ) ;
#2972 = VERTEX_POINT ( 'NONE', #2447 ) ;
#2973 = DIRECTION ( 'NONE',  ( -0.0000000000000000000, -0.0000000000000000000, -1.000000000000000000 ) ) ;
#2974 = ORIENTED_EDGE ( 'NONE', *, *, #10035, .F. ) ;
#2975 = EDGE_CURVE ( 'NONE', #21, #7408, #9890, .T. ) ;
#2976 = CARTESIAN_POINT ( 'NONE',  ( 20.47268767190000460, -2.451591235500000021, 50.00000000000000000 ) ) ;
#2977 = DIRECTION ( 'NONE',  ( -0.0000000000000000000, -0.0000000000000000000, -1.000000000000000000 ) ) ;
#2978 = VECTOR ( 'NONE', #10581, 1000.000000000000000 ) ;
#2979 = VERTEX_POINT ( 'NONE', #4174 ) ;
#2980 = VERTEX_POINT ( 'NONE', #10480 ) ;
#2981 = CARTESIAN_POINT ( 'NONE',  ( -5.127312328100000371, 3.648408764500000512, -50.00000000000000000 ) ) ;
#2982 = DIRECTION ( 'NONE',  ( -0.0000000000000000000, -0.0000000000000000000, -1.000000000000000000 ) ) ;
#2983 = CARTESIAN_POINT ( 'NONE',  ( 24.87268767190000318, -3.551591235500000554, 50.00000000000000000 ) ) ;
#2984 = LINE ( 'NONE', #7771, #1443 ) ;
#2985 = ORIENTED_EDGE ( 'NONE', *, *, #2797, .T. ) ;
#2986 = DIRECTION ( 'NONE',  ( 1.000000000000000000, 0.0000000000000000000, 0.0000000000000000000 ) ) ;
#2987 = VERTEX_POINT ( 'NONE', #6836 ) ;
#2988 = AXIS2_PLACEMENT_3D ( 'NONE', #2202, #3181, #6788 ) ;
#2989 = CIRCLE ( 'NONE', #10188, 1.500000000000004885 ) ;
#2990 = DIRECTION ( 'NONE',  ( -0.0000000000000000000, -0.0000000000000000000, -1.000000000000000000 ) ) ;
#2991 = CARTESIAN_POINT ( 'NONE',  ( 41.58714094416121299, 4.734807531147730231, 50.00000000000000000 ) ) ;
#2992 = EDGE_CURVE ( 'NONE', #6012, #61, #4982, .T. ) ;
#2993 = VECTOR ( 'NONE', #4666, 1000.000000000000000 ) ;
#2994 = CARTESIAN_POINT ( 'NONE',  ( 27.67268767190000034, 3.648408764536434923, -50.00000000000000000 ) ) ;
#2995 = LINE ( 'NONE', #10674, #8737 ) ;
#2996 = ORIENTED_EDGE ( 'NONE', *, *, #11544, .T. ) ;
#2997 = ORIENTED_EDGE ( 'NONE', *, *, #2009, .T. ) ;
#2998 = EDGE_CURVE ( 'NONE', #3003, #8113, #2460, .T. ) ;
#2999 = AXIS2_PLACEMENT_3D ( 'NONE', #260, #1150, #10179 ) ;
#3000 = CARTESIAN_POINT ( 'NONE',  ( 19.47268767190000105, -0.4515912355000000211, 50.00000000000000000 ) ) ;
#3001 = ADVANCED_FACE ( 'NONE', ( #10178 ), #11008, .F. ) ;
#3002 = FACE_OUTER_BOUND ( 'NONE', #6622, .T. ) ;
#3003 = VERTEX_POINT ( 'NONE', #7826 ) ;
#3004 = EDGE_CURVE ( 'NONE', #3958, #269, #6246, .T. ) ;
#3005 = VECTOR ( 'NONE', #1194, 1000.000000000000000 ) ;
#3006 = VECTOR ( 'NONE', #2940, 1000.000000000000000 ) ;
#3007 = EDGE_LOOP ( 'NONE', ( #11139, #11298, #11329, #3691 ) ) ;
#3008 = AXIS2_PLACEMENT_3D ( 'NONE', #1490, #5988, #8630 ) ;
#3009 = VERTEX_POINT ( 'NONE', #2375 ) ;
#3010 = DIRECTION ( 'NONE',  ( 1.000000000000000000, 0.0000000000000000000, 0.0000000000000000000 ) ) ;
#3011 = DIRECTION ( 'NONE',  ( -0.0000000000000000000, 1.000000000000000000, -0.0000000000000000000 ) ) ;
#3012 = ADVANCED_FACE ( 'NONE', ( #11140 ), #1378, .F. ) ;
#3013 = CARTESIAN_POINT ( 'NONE',  ( 30.97268767190000460, 40.84840876450000025, 50.00000000000000000 ) ) ;
#3014 = CARTESIAN_POINT ( 'NONE',  ( 19.47268767190000105, -0.4515912355000000211, 50.00000000000000000 ) ) ;
#3015 = DIRECTION ( 'NONE',  ( 1.000000000000000000, 0.0000000000000000000, 0.0000000000000000000 ) ) ;
#3016 = EDGE_CURVE ( 'NONE', #9204, #1909, #10721, .T. ) ;
#3017 = EDGE_CURVE ( 'NONE', #2903, #8862, #8361, .T. ) ;
#3018 = VECTOR ( 'NONE', #10458, 1000.000000000000000 ) ;
#3019 = ORIENTED_EDGE ( 'NONE', *, *, #4922, .F. ) ;
#3020 = ADVANCED_FACE ( 'NONE', ( #2176 ), #3031, .T. ) ;
#3021 = FACE_OUTER_BOUND ( 'NONE', #4118, .T. ) ;
#3022 = ORIENTED_EDGE ( 'NONE', *, *, #780, .T. ) ;
#3023 = ORIENTED_EDGE ( 'NONE', *, *, #3571, .T. ) ;
#3024 = ORIENTED_EDGE ( 'NONE', *, *, #5784, .F. ) ;
#3025 = CARTESIAN_POINT ( 'NONE',  ( 15.47268767189999927, 49.54840876450003861, 50.00000000000000000 ) ) ;
#3026 = AXIS2_PLACEMENT_3D ( 'NONE', #9639, #6940, #11368 ) ;
#3027 = CARTESIAN_POINT ( 'NONE',  ( 26.46273521343859869, 24.64089582826564140, 50.00000000000000000 ) ) ;
#3028 = DIRECTION ( 'NONE',  ( 1.000000000000000000, 0.0000000000000000000, 0.0000000000000000000 ) ) ;
#3029 = CARTESIAN_POINT ( 'NONE',  ( -7.027312328100000727, 20.54840876449999953, 50.00000000000000000 ) ) ;
#3030 = CARTESIAN_POINT ( 'NONE',  ( -3.527312328099999839, 59.04840876450000309, -50.00000000000000000 ) ) ;
#3031 = CYLINDRICAL_SURFACE ( 'NONE', #9642, 0.5000000000000022204 ) ;
#3032 = VERTEX_POINT ( 'NONE', #5046 ) ;
#3033 = LINE ( 'NONE', #3013, #76 ) ;
#3034 = ORIENTED_EDGE ( 'NONE', *, *, #6559, .T. ) ;
#3035 = EDGE_CURVE ( 'NONE', #9175, #5094, #3859, .T. ) ;
#3036 = CARTESIAN_POINT ( 'NONE',  ( 18.57451721239999998, 52.54840876450000309, 50.00000000000000000 ) ) ;
#3037 = DIRECTION ( 'NONE',  ( 1.000000000000000000, 0.0000000000000000000, 0.0000000000000000000 ) ) ;
#3038 = CIRCLE ( 'NONE', #10537, 2.000000000000091926 ) ;
#3039 = ORIENTED_EDGE ( 'NONE', *, *, #2762, .F. ) ;
#3040 = DIRECTION ( 'NONE',  ( -0.0000000000000000000, -0.0000000000000000000, -1.000000000000000000 ) ) ;
#3041 = ORIENTED_EDGE ( 'NONE', *, *, #7127, .T. ) ;
#3042 = FACE_BOUND ( 'NONE', #215, .T. ) ;
#3043 = AXIS2_PLACEMENT_3D ( 'NONE', #7760, #509, #11278 ) ;
#3044 = AXIS2_PLACEMENT_3D ( 'NONE', #4838, #1394, #2218 ) ;
#3045 = CIRCLE ( 'NONE', #7090, 3.699999999999465938 ) ;
#3046 = DIRECTION ( 'NONE',  ( 1.000000000000000000, 0.0000000000000000000, 0.0000000000000000000 ) ) ;
#3047 = ORIENTED_EDGE ( 'NONE', *, *, #6922, .F. ) ;
#3048 = ORIENTED_EDGE ( 'NONE', *, *, #3017, .T. ) ;
#3049 = CIRCLE ( 'NONE', #3354, 3.399999999999621103 ) ;
#3050 = EDGE_LOOP ( 'NONE', ( #8026, #10126, #5789, #5792 ) ) ;
#3051 = ADVANCED_FACE ( 'NONE', ( #4154 ), #7382, .T. ) ;
#3052 = VECTOR ( 'NONE', #7399, 1000.000000000000000 ) ;
#3053 = AXIS2_PLACEMENT_3D ( 'NONE', #3552, #6262, #6971 ) ;
#3054 = DIRECTION ( 'NONE',  ( -1.000000000000000000, 0.0000000000000000000, 0.0000000000000000000 ) ) ;
#3055 = ORIENTED_EDGE ( 'NONE', *, *, #8790, .T. ) ;
#3056 = DIRECTION ( 'NONE',  ( -1.000000000000000000, -0.0000000000000000000, -0.0000000000000000000 ) ) ;
#3057 = CARTESIAN_POINT ( 'NONE',  ( 4.434964485672498569, 59.63195185655872876, 50.00000000000000000 ) ) ;
#3058 = LINE ( 'NONE', #796, #4596 ) ;
#3059 = ORIENTED_EDGE ( 'NONE', *, *, #684, .F. ) ;
#3060 = CARTESIAN_POINT ( 'NONE',  ( 15.17268767190000034, 7.298408764500000423, 50.00000000000000000 ) ) ;
#3061 = ADVANCED_FACE ( 'NONE', ( #4425 ), #6864, .T. ) ;
#3062 = EDGE_CURVE ( 'NONE', #10960, #441, #7513, .T. ) ;
#3063 = AXIS2_PLACEMENT_3D ( 'NONE', #7848, #5921, #8635 ) ;
#3064 = FACE_OUTER_BOUND ( 'NONE', #11373, .T. ) ;
#3065 = ORIENTED_EDGE ( 'NONE', *, *, #3459, .F. ) ;
#3066 = DIRECTION ( 'NONE',  ( 1.000000000000000000, 0.0000000000000000000, 0.0000000000000000000 ) ) ;
#3067 = CARTESIAN_POINT ( 'NONE',  ( 30.97268767190001526, 47.54840876450001730, 50.00000000000000000 ) ) ;
#3068 = ADVANCED_FACE ( 'NONE', ( #8765 ), #3138, .F. ) ;
#3069 = DIRECTION ( 'NONE',  ( -0.0000000000000000000, -0.0000000000000000000, -1.000000000000000000 ) ) ;
#3070 = AXIS2_PLACEMENT_3D ( 'NONE', #1074, #9976, #10868 ) ;
#3071 = CIRCLE ( 'NONE', #10737, 0.4999999999999917843 ) ;
#3072 = ORIENTED_EDGE ( 'NONE', *, *, #4206, .F. ) ;
#3073 = DIRECTION ( 'NONE',  ( -0.0000000000000000000, -0.0000000000000000000, -1.000000000000000000 ) ) ;
#3074 = EDGE_CURVE ( 'NONE', #3301, #6238, #7092, .T. ) ;
#3075 = VECTOR ( 'NONE', #10186, 1000.000000000000000 ) ;
#3076 = ORIENTED_EDGE ( 'NONE', *, *, #8968, .T. ) ;
#3077 = AXIS2_PLACEMENT_3D ( 'NONE', #1550, #3466, #2576 ) ;
#3078 = DIRECTION ( 'NONE',  ( 0.0000000000000000000, 0.0000000000000000000, 1.000000000000000000 ) ) ;
#3079 = DIRECTION ( 'NONE',  ( -0.0000000000000000000, -0.0000000000000000000, -1.000000000000000000 ) ) ;
#3080 = CARTESIAN_POINT ( 'NONE',  ( 20.72268767190000105, 52.84840876450000735, -50.00000000000000000 ) ) ;
#3081 = CARTESIAN_POINT ( 'NONE',  ( 9.972687671899651107, 60.24456118720755171, -50.00000000000000000 ) ) ;
#3082 = FACE_OUTER_BOUND ( 'NONE', #1452, .T. ) ;
#3083 = ORIENTED_EDGE ( 'NONE', *, *, #11252, .T. ) ;
#3084 = CARTESIAN_POINT ( 'NONE',  ( 10.47268767189999927, 20.24456118719999864, -50.00000000000000000 ) ) ;
#3085 = LINE ( 'NONE', #10134, #3362 ) ;
#3086 = ORIENTED_EDGE ( 'NONE', *, *, #2223, .F. ) ;
#3087 = ADVANCED_FACE ( 'NONE', ( #5970 ), #11430, .T. ) ;
#3088 = ORIENTED_EDGE ( 'NONE', *, *, #6214, .T. ) ;
#3089 = DIRECTION ( 'NONE',  ( 1.000000000000000000, 0.0000000000000000000, 0.0000000000000000000 ) ) ;
#3090 = CARTESIAN_POINT ( 'NONE',  ( 28.97268767189999039, 8.548408764499988877, 50.00000000000000000 ) ) ;
#3091 = VECTOR ( 'NONE', #212, 1000.000000000000000 ) ;
#3092 = VERTEX_POINT ( 'NONE', #11366 ) ;
#3093 = DIRECTION ( 'NONE',  ( 1.000000000000000000, 0.0000000000000000000, 0.0000000000000000000 ) ) ;
#3094 = EDGE_CURVE ( 'NONE', #10013, #4657, #6387, .T. ) ;
#3095 = DIRECTION ( 'NONE',  ( 0.0000000000000000000, 0.0000000000000000000, 1.000000000000000000 ) ) ;
#3096 = AXIS2_PLACEMENT_3D ( 'NONE', #8562, #9466, #7854 ) ;
#3097 = VERTEX_POINT ( 'NONE', #7619 ) ;
#3098 = ORIENTED_EDGE ( 'NONE', *, *, #3140, .T. ) ;
#3099 = ORIENTED_EDGE ( 'NONE', *, *, #11248, .T. ) ;
#3100 = CIRCLE ( 'NONE', #8208, 1.000000000000014655 ) ;
#3101 = ORIENTED_EDGE ( 'NONE', *, *, #4959, .F. ) ;
#3102 = EDGE_LOOP ( 'NONE', ( #10201, #3509, #5002, #8825 ) ) ;
#3103 = CARTESIAN_POINT ( 'NONE',  ( -0.5173598695293115668, 64.64089582827466529, -50.00000000000000000 ) ) ;
#3104 = DIRECTION ( 'NONE',  ( -0.0000000000000000000, 1.000000000000000000, -0.0000000000000000000 ) ) ;
#3105 = DIRECTION ( 'NONE',  ( -1.000000000000000000, 0.0000000000000000000, 0.0000000000000000000 ) ) ;
#3106 = DIRECTION ( 'NONE',  ( 0.0000000000000000000, 0.0000000000000000000, -1.000000000000000000 ) ) ;
#3107 = EDGE_LOOP ( 'NONE', ( #934, #6877, #183, #9978 ) ) ;
#3108 = VERTEX_POINT ( 'NONE', #6701 ) ;
#3109 = DIRECTION ( 'NONE',  ( -0.0000000000000000000, -0.0000000000000000000, -1.000000000000000000 ) ) ;
#3110 = EDGE_LOOP ( 'NONE', ( #2195, #5991, #1267, #8374 ) ) ;
#3111 = ADVANCED_FACE ( 'NONE', ( #7806 ), #11205, .F. ) ;
#3112 = VECTOR ( 'NONE', #7452, 1000.000000000000000 ) ;
#3113 = DIRECTION ( 'NONE',  ( 1.000000000000000000, 0.0000000000000000000, 0.0000000000000000000 ) ) ;
#3114 = VECTOR ( 'NONE', #6553, 1000.000000000000000 ) ;
#3115 = EDGE_LOOP ( 'NONE', ( #4121, #8617, #2001, #8636 ) ) ;
#3116 = VERTEX_POINT ( 'NONE', #5087 ) ;
#3117 = DIRECTION ( 'NONE',  ( -1.000000000000000000, 0.0000000000000000000, 0.0000000000000000000 ) ) ;
#3118 = DIRECTION ( 'NONE',  ( 1.000000000000000000, 0.0000000000000000000, 0.0000000000000000000 ) ) ;
#3119 = VERTEX_POINT ( 'NONE', #4341 ) ;
#3120 = ADVANCED_FACE ( 'NONE', ( #72 ), #6068, .F. ) ;
#3121 = DIRECTION ( 'NONE',  ( -0.0000000000000000000, -0.0000000000000000000, -1.000000000000000000 ) ) ;
#3122 = AXIS2_PLACEMENT_3D ( 'NONE', #743, #11606, #9851 ) ;
#3123 = FACE_OUTER_BOUND ( 'NONE', #4642, .T. ) ;
#3124 = ORIENTED_EDGE ( 'NONE', *, *, #5492, .F. ) ;
#3125 = ORIENTED_EDGE ( 'NONE', *, *, #6555, .F. ) ;
#3126 = LINE ( 'NONE', #1829, #8028 ) ;
#3127 = ADVANCED_FACE ( 'NONE', ( #8072 ), #4383, .T. ) ;
#3128 = ORIENTED_EDGE ( 'NONE', *, *, #4956, .F. ) ;
#3129 = ORIENTED_EDGE ( 'NONE', *, *, #5946, .F. ) ;
#3130 = EDGE_CURVE ( 'NONE', #776, #4402, #5680, .T. ) ;
#3131 = DIRECTION ( 'NONE',  ( -0.0000000000000000000, -0.0000000000000000000, -1.000000000000000000 ) ) ;
#3133 = LINE ( 'NONE', #4098, #46 ) ;
#3132 = CARTESIAN_POINT ( 'NONE',  ( 10.47268767189999927, 9.852256341800000428, -50.00000000000000000 ) ) ;
#3134 = ORIENTED_EDGE ( 'NONE', *, *, #2765, .F. ) ;
#3135 = FACE_OUTER_BOUND ( 'NONE', #7454, .T. ) ;
#3136 = LINE ( 'NONE', #9666, #753 ) ;
#3137 = ORIENTED_EDGE ( 'NONE', *, *, #150, .F. ) ;
#3138 = PLANE ( 'NONE',  #2807 ) ;
#3139 = ORIENTED_EDGE ( 'NONE', *, *, #6448, .T. ) ;
#3140 = EDGE_CURVE ( 'NONE', #9691, #6851, #3574, .T. ) ;
#3141 = CARTESIAN_POINT ( 'NONE',  ( 7.776535249200000166, 52.54840876450000309, -50.00000000000000000 ) ) ;
#3142 = EDGE_CURVE ( 'NONE', #7511, #3664, #3305, .T. ) ;
#3143 = CARTESIAN_POINT ( 'NONE',  ( -0.5173598696386230156, 45.45592170073440030, 50.00000000000000000 ) ) ;
#3144 = DIRECTION ( 'NONE',  ( -0.0000000000000000000, -0.0000000000000000000, -1.000000000000000000 ) ) ;
#3145 = CIRCLE ( 'NONE', #111, 1.999999999999850786 ) ;
#3146 = ORIENTED_EDGE ( 'NONE', *, *, #7119, .T. ) ;
#3147 = CARTESIAN_POINT ( 'NONE',  ( 28.97268767190000816, -0.9515912355000095690, 50.00000000000000000 ) ) ;
#3148 = VECTOR ( 'NONE', #4568, 1000.000000000000000 ) ;
#3149 = ADVANCED_FACE ( 'NONE', ( #8919 ), #9754, .F. ) ;
#3150 = VERTEX_POINT ( 'NONE', #5992 ) ;
#3151 = EDGE_CURVE ( 'NONE', #4094, #9324, #2598, .T. ) ;
#3152 = AXIS2_PLACEMENT_3D ( 'NONE', #828, #2664, #7959 ) ;
#3153 = DIRECTION ( 'NONE',  ( -1.000000000000000000, 0.0000000000000000000, 0.0000000000000000000 ) ) ;
#3154 = ORIENTED_EDGE ( 'NONE', *, *, #7140, .F. ) ;
#3155 = EDGE_CURVE ( 'NONE', #10797, #3378, #9052, .T. ) ;
#3156 = CIRCLE ( 'NONE', #10399, 0.4999999999999310552 ) ;
#3157 = CARTESIAN_POINT ( 'NONE',  ( -15.64176560036758801, 25.36200999784368904, -50.00000000000000000 ) ) ;
#3158 = ORIENTED_EDGE ( 'NONE', *, *, #5091, .T. ) ;
#3159 = CARTESIAN_POINT ( 'NONE',  ( 2.972687671900000161, 70.54840876449999598, 50.00000000000000000 ) ) ;
#3160 = VECTOR ( 'NONE', #3720, 1000.000000000000000 ) ;
#3161 = ORIENTED_EDGE ( 'NONE', *, *, #11018, .F. ) ;
#3162 = CARTESIAN_POINT ( 'NONE',  ( 15.97268767190032257, 60.24456118719981390, 50.00000000000000000 ) ) ;
#3163 = DIRECTION ( 'NONE',  ( -1.000000000000000000, -0.0000000000000000000, -0.0000000000000000000 ) ) ;
#3164 = CARTESIAN_POINT ( 'NONE',  ( 28.47268767190010763, 29.24840876449989580, 50.00000000000000000 ) ) ;
#3165 = ORIENTED_EDGE ( 'NONE', *, *, #5788, .T. ) ;
#3166 = EDGE_CURVE ( 'NONE', #5631, #6928, #6946, .T. ) ;
#3167 = PLANE ( 'NONE',  #3960 ) ;
#3168 = EDGE_CURVE ( 'NONE', #189, #4804, #4559, .T. ) ;
#3169 = AXIS2_PLACEMENT_3D ( 'NONE', #9694, #11542, #8798 ) ;
#3170 = FACE_OUTER_BOUND ( 'NONE', #9366, .T. ) ;
#3171 = EDGE_LOOP ( 'NONE', ( #1966, #8133, #8952, #867 ) ) ;
#3172 = CYLINDRICAL_SURFACE ( 'NONE', #9737, 1.500000000000015099 ) ;
#3173 = ADVANCED_FACE ( 'NONE', ( #2045 ), #5401, .T. ) ;
#3174 = DIRECTION ( 'NONE',  ( -0.0000000000000000000, -0.0000000000000000000, -1.000000000000000000 ) ) ;
#3175 = CARTESIAN_POINT ( 'NONE',  ( 24.87268767190000318, 73.64840876450000451, 50.00000000000000000 ) ) ;
#3176 = DIRECTION ( 'NONE',  ( -1.000000000000000000, 0.0000000000000000000, 0.0000000000000000000 ) ) ;
#3177 = CARTESIAN_POINT ( 'NONE',  ( 5.972687671900000161, 71.04840876449999598, 50.00000000000000000 ) ) ;
#3178 = DIRECTION ( 'NONE',  ( -1.000000000000000000, -0.0000000000000000000, -0.0000000000000000000 ) ) ;
#3179 = EDGE_CURVE ( 'NONE', #8007, #2962, #645, .T. ) ;
#3180 = DIRECTION ( 'NONE',  ( 0.0000000000000000000, -0.0000000000000000000, -1.000000000000000000 ) ) ;
#3181 = DIRECTION ( 'NONE',  ( 0.0000000000000000000, 0.0000000000000000000, 1.000000000000000000 ) ) ;
#3182 = ADVANCED_FACE ( 'NONE', ( #1897 ), #9638, .F. ) ;
#3183 = FACE_OUTER_BOUND ( 'NONE', #9897, .T. ) ;
#3184 = ORIENTED_EDGE ( 'NONE', *, *, #6986, .T. ) ;
#3185 = ORIENTED_EDGE ( 'NONE', *, *, #4784, .T. ) ;
#3186 = VECTOR ( 'NONE', #9960, 1000.000000000000000 ) ;
#3187 = EDGE_CURVE ( 'NONE', #4332, #9043, #920, .T. ) ;
#3188 = CARTESIAN_POINT ( 'NONE',  ( -1.727312327979766637, 63.04840876450003151, -50.00000000000000000 ) ) ;
#3189 = ORIENTED_EDGE ( 'NONE', *, *, #4797, .F. ) ;
#3190 = ADVANCED_FACE ( 'NONE', ( #1759 ), #5313, .F. ) ;
#3191 = CARTESIAN_POINT ( 'NONE',  ( 30.97268767190000460, 29.24840876449999882, -50.00000000000000000 ) ) ;
#3192 = FACE_OUTER_BOUND ( 'NONE', #6656, .T. ) ;
#3193 = ORIENTED_EDGE ( 'NONE', *, *, #11190, .T. ) ;
#3194 = AXIS2_PLACEMENT_3D ( 'NONE', #2735, #4493, #7164 ) ;
#3195 = CARTESIAN_POINT ( 'NONE',  ( 27.67268767190074996, 23.04840876450057507, 50.00000000000000000 ) ) ;
#3196 = FACE_OUTER_BOUND ( 'NONE', #7347, .T. ) ;
#3197 = ORIENTED_EDGE ( 'NONE', *, *, #11592, .F. ) ;
#3198 = CARTESIAN_POINT ( 'NONE',  ( -3.027312328099999839, 73.64840876450000451, -50.00000000000000000 ) ) ;
#3199 = CARTESIAN_POINT ( 'NONE',  ( -5.527312328099999839, 19.04840876449999953, -50.00000000000000000 ) ) ;
#3200 = CARTESIAN_POINT ( 'NONE',  ( 28.47268767190000105, 47.54840876450001730, -50.00000000000000000 ) ) ;
#3201 = CIRCLE ( 'NONE', #4438, 3.400000000000000355 ) ;
#3202 = EDGE_CURVE ( 'NONE', #9429, #7889, #9332, .T. ) ;
#3203 = ORIENTED_EDGE ( 'NONE', *, *, #9659, .T. ) ;
#3204 = DIRECTION ( 'NONE',  ( 0.0000000000000000000, -0.0000000000000000000, -1.000000000000000000 ) ) ;
#3205 = ORIENTED_EDGE ( 'NONE', *, *, #6448, .F. ) ;
#3206 = DIRECTION ( 'NONE',  ( 1.000000000000000000, -0.0000000000000000000, -0.0000000000000000000 ) ) ;
#3207 = ADVANCED_FACE ( 'NONE', ( #2885 ), #10794, .T. ) ;
#3208 = VECTOR ( 'NONE', #10953, 1000.000000000000000 ) ;
#3209 = VERTEX_POINT ( 'NONE', #6301 ) ;
#3210 = AXIS2_PLACEMENT_3D ( 'NONE', #4481, #4366, #11546 ) ;
#3211 = CARTESIAN_POINT ( 'NONE',  ( 32.97268767189999750, 71.04840876449999598, -50.00000000000000000 ) ) ;
#3212 = DIRECTION ( 'NONE',  ( 0.0000000000000000000, -1.000000000000000000, 0.0000000000000000000 ) ) ;
#3213 = DIRECTION ( 'NONE',  ( -1.000000000000000000, -0.0000000000000000000, -0.0000000000000000000 ) ) ;
#3214 = CARTESIAN_POINT ( 'NONE',  ( 21.98057961712854436, 65.67286755785812602, 50.00000000000000000 ) ) ;
#3215 = FACE_OUTER_BOUND ( 'NONE', #10267, .T. ) ;
#3216 = CARTESIAN_POINT ( 'NONE',  ( -4.527312328099999839, 62.04840876450000309, -50.00000000000000000 ) ) ;
#3217 = EDGE_CURVE ( 'NONE', #8438, #5671, #5262, .T. ) ;
#3218 = CARTESIAN_POINT ( 'NONE',  ( 7.370858131500005683, 18.04840876449995690, 50.00000000000000000 ) ) ;
#3219 = DIRECTION ( 'NONE',  ( 1.000000000000000000, -0.0000000000000000000, -0.0000000000000000000 ) ) ;
#3220 = EDGE_CURVE ( 'NONE', #4953, #7868, #359, .T. ) ;
#3221 = AXIS2_PLACEMENT_3D ( 'NONE', #499, #6755, #3117 ) ;
#3222 = CIRCLE ( 'NONE', #5112, 0.4999999999999900080 ) ;
#3223 = ORIENTED_EDGE ( 'NONE', *, *, #2519, .T. ) ;
#3224 = DIRECTION ( 'NONE',  ( 0.0000000000000000000, 0.0000000000000000000, 1.000000000000000000 ) ) ;
#3225 = CARTESIAN_POINT ( 'NONE',  ( -3.027312328099995842, 21.54840876450000309, 50.00000000000000000 ) ) ;
#3226 = CIRCLE ( 'NONE', #5854, 2.500000000000002220 ) ;
#3227 = EDGE_CURVE ( 'NONE', #9734, #2534, #9488, .T. ) ;
#3228 = DIRECTION ( 'NONE',  ( -0.0000000000000000000, -0.0000000000000000000, -1.000000000000000000 ) ) ;
#3229 = ORIENTED_EDGE ( 'NONE', *, *, #5406, .F. ) ;
#3230 = AXIS2_PLACEMENT_3D ( 'NONE', #11528, #6985, #1571 ) ;
#3231 = ADVANCED_FACE ( 'NONE', ( #11587 ), #11641, .F. ) ;
#3232 = CYLINDRICAL_SURFACE ( 'NONE', #862, 2.600000000000022293 ) ;
#3233 = ORIENTED_EDGE ( 'NONE', *, *, #7523, .T. ) ;
#3234 = EDGE_CURVE ( 'NONE', #2525, #4346, #9203, .T. ) ;
#3235 = VERTEX_POINT ( 'NONE', #1714 ) ;
#3236 = ORIENTED_EDGE ( 'NONE', *, *, #8109, .F. ) ;
#3237 = CIRCLE ( 'NONE', #4708, 0.5000000000000108802 ) ;
#3238 = CARTESIAN_POINT ( 'NONE',  ( 21.51041085814595277, 19.63195185660351427, 50.00000000000000000 ) ) ;
#3239 = AXIS2_PLACEMENT_3D ( 'NONE', #9339, #2208, #11210 ) ;
#3240 = ORIENTED_EDGE ( 'NONE', *, *, #4501, .T. ) ;
#3241 = ADVANCED_FACE ( 'NONE', ( #4835 ), #8058, .F. ) ;
#3242 = CARTESIAN_POINT ( 'NONE',  ( -4.527312328099999839, 47.54840876449999598, 50.00000000000000000 ) ) ;
#3243 = DIRECTION ( 'NONE',  ( -0.0000000000000000000, -0.0000000000000000000, -1.000000000000000000 ) ) ;
#3244 = LINE ( 'NONE', #9968, #11516 ) ;
#3245 = ORIENTED_EDGE ( 'NONE', *, *, #8478, .T. ) ;
#3246 = AXIS2_PLACEMENT_3D ( 'NONE', #10377, #6022, #6895 ) ;
#3247 = ADVANCED_FACE ( 'NONE', ( #221 ), #8029, .F. ) ;
#3248 = ORIENTED_EDGE ( 'NONE', *, *, #5159, .F. ) ;
#3249 = VERTEX_POINT ( 'NONE', #1799 ) ;
#3250 = ORIENTED_EDGE ( 'NONE', *, *, #10153, .F. ) ;
#3251 = DIRECTION ( 'NONE',  ( -0.0000000000000000000, 1.000000000000000000, -0.0000000000000000000 ) ) ;
#3252 = DIRECTION ( 'NONE',  ( -0.0000000000000000000, -0.0000000000000000000, -1.000000000000000000 ) ) ;
#3253 = DIRECTION ( 'NONE',  ( 0.0000000000000000000, 0.0000000000000000000, 1.000000000000000000 ) ) ;
#3254 = EDGE_CURVE ( 'NONE', #9090, #957, #6232, .T. ) ;
#3255 = CARTESIAN_POINT ( 'NONE',  ( 15.72268767190003125, 10.28526904369216055, -50.00000000000000000 ) ) ;
#3256 = DIRECTION ( 'NONE',  ( 0.0000000000000000000, 0.0000000000000000000, 1.000000000000000000 ) ) ;
#3257 = CIRCLE ( 'NONE', #2257, 5.499999999997182698 ) ;
#3258 = ORIENTED_EDGE ( 'NONE', *, *, #8404, .T. ) ;
#3259 = ORIENTED_EDGE ( 'NONE', *, *, #385, .T. ) ;
#3260 = DIRECTION ( 'NONE',  ( -1.000000000000000000, 0.0000000000000000000, 0.0000000000000000000 ) ) ;
#3261 = ORIENTED_EDGE ( 'NONE', *, *, #2330, .F. ) ;
#3262 = CYLINDRICAL_SURFACE ( 'NONE', #6976, 25.00000000000018474 ) ;
#3263 = ORIENTED_EDGE ( 'NONE', *, *, #6913, .F. ) ;
#3264 = ORIENTED_EDGE ( 'NONE', *, *, #3370, .T. ) ;
#3265 = AXIS2_PLACEMENT_3D ( 'NONE', #2331, #8600, #4130 ) ;
#3266 = LINE ( 'NONE', #5433, #11536 ) ;
#3267 = ORIENTED_EDGE ( 'NONE', *, *, #10253, .T. ) ;
#3268 = CARTESIAN_POINT ( 'NONE',  ( -1.727312328099880556, 7.048408764500091017, -50.00000000000000000 ) ) ;
#3269 = AXIS2_PLACEMENT_3D ( 'NONE', #8846, #11468, #6099 ) ;
#3270 = ORIENTED_EDGE ( 'NONE', *, *, #6315, .T. ) ;
#3271 = VECTOR ( 'NONE', #8242, 1000.000000000000000 ) ;
#3272 = CIRCLE ( 'NONE', #4785, 1.500000000000001332 ) ;
#3273 = CYLINDRICAL_SURFACE ( 'NONE', #3277, 1.499999999999993561 ) ;
#3274 = VERTEX_POINT ( 'NONE', #7128 ) ;
#3275 = ORIENTED_EDGE ( 'NONE', *, *, #2395, .F. ) ;
#3276 = PLANE ( 'NONE',  #10747 ) ;
#3277 = AXIS2_PLACEMENT_3D ( 'NONE', #9785, #853, #5310 ) ;
#3278 = CARTESIAN_POINT ( 'NONE',  ( -7.027312328099999839, 49.54840876450001019, -50.00000000000000000 ) ) ;
#3279 = CARTESIAN_POINT ( 'NONE',  ( 10.77268767198538590, 66.79840876450053599, 50.00000000000000000 ) ) ;
#3280 = FACE_OUTER_BOUND ( 'NONE', #11118, .T. ) ;
#3281 = ORIENTED_EDGE ( 'NONE', *, *, #3768, .T. ) ;
#3282 = VECTOR ( 'NONE', #7833, 1000.000000000000000 ) ;
#3283 = CIRCLE ( 'NONE', #4850, 26.40000000001661462 ) ;
#3284 = ORIENTED_EDGE ( 'NONE', *, *, #11640, .T. ) ;
#3285 = EDGE_LOOP ( 'NONE', ( #10454, #3797, #1427, #8932 ) ) ;
#3286 = EDGE_CURVE ( 'NONE', #5671, #2858, #5385, .T. ) ;
#3287 = CARTESIAN_POINT ( 'NONE',  ( 5.972687671900000161, 72.54840876449999598, 50.00000000000000000 ) ) ;
#3288 = AXIS2_PLACEMENT_3D ( 'NONE', #1764, #8037, #6349 ) ;
#3289 = DIRECTION ( 'NONE',  ( -1.000000000000000000, 0.0000000000000000000, 0.0000000000000000000 ) ) ;
#3290 = CARTESIAN_POINT ( 'NONE',  ( 10.77268767189999998, 62.79840876450000309, -50.00000000000000000 ) ) ;
#3291 = DIRECTION ( 'NONE',  ( -0.0000000000000000000, -0.0000000000000000000, -1.000000000000000000 ) ) ;
#3292 = CARTESIAN_POINT ( 'NONE',  ( 24.87268767190000318, -3.551591235500000554, 50.00000000000000000 ) ) ;
#3293 = FACE_OUTER_BOUND ( 'NONE', #2058, .T. ) ;
#3294 = VERTEX_POINT ( 'NONE', #8938 ) ;
#3295 = LINE ( 'NONE', #7810, #5964 ) ;
#3296 = CARTESIAN_POINT ( 'NONE',  ( 24.72268767189961025, 52.84840876450052605, -50.00000000000000000 ) ) ;
#3297 = ORIENTED_EDGE ( 'NONE', *, *, #4151, .T. ) ;
#3298 = ADVANCED_FACE ( 'NONE', ( #8632 ), #9825, .F. ) ;
#3299 = VERTEX_POINT ( 'NONE', #2654 ) ;
#3300 = AXIS2_PLACEMENT_3D ( 'NONE', #5120, #2433, #4075 ) ;
#3301 = VERTEX_POINT ( 'NONE', #5552 ) ;
#3302 = EDGE_CURVE ( 'NONE', #10321, #5, #8215, .T. ) ;
#3303 = ADVANCED_FACE ( 'NONE', ( #5102 ), #4760, .T. ) ;
#3304 = DIRECTION ( 'NONE',  ( 0.0000000000000000000, 1.000000000000000000, -0.0000000000000000000 ) ) ;
#3305 = LINE ( 'NONE', #5278, #1192 ) ;
#3306 = ORIENTED_EDGE ( 'NONE', *, *, #3806, .F. ) ;
#3307 = AXIS2_PLACEMENT_3D ( 'NONE', #2713, #164, #208 ) ;
#3308 = DIRECTION ( 'NONE',  ( -0.0000000000000000000, -0.0000000000000000000, -1.000000000000000000 ) ) ;
#3309 = LINE ( 'NONE', #6306, #924 ) ;
#3310 = ORIENTED_EDGE ( 'NONE', *, *, #9920, .T. ) ;
#3311 = EDGE_CURVE ( 'NONE', #991, #448, #3156, .T. ) ;
#3312 = DIRECTION ( 'NONE',  ( -0.0000000000000000000, -0.0000000000000000000, -1.000000000000000000 ) ) ;
#3313 = LINE ( 'NONE', #11021, #9622 ) ;
#3314 = ORIENTED_EDGE ( 'NONE', *, *, #8034, .F. ) ;
#3315 = ORIENTED_EDGE ( 'NONE', *, *, #2079, .T. ) ;
#3316 = VECTOR ( 'NONE', #7436, 1000.000000000000000 ) ;
#3317 = CARTESIAN_POINT ( 'NONE',  ( 2.335395080400000101, 64.77579147110000690, 50.00000000000000000 ) ) ;
#3318 = DIRECTION ( 'NONE',  ( 0.0000000000000000000, 0.0000000000000000000, 1.000000000000000000 ) ) ;
#3319 = EDGE_CURVE ( 'NONE', #1843, #1555, #773, .T. ) ;
#3320 = AXIS2_PLACEMENT_3D ( 'NONE', #8785, #3304, #752 ) ;
#3321 = ADVANCED_FACE ( 'NONE', ( #7080 ), #190, .F. ) ;
#3322 = CIRCLE ( 'NONE', #6014, 0.5000000000000073275 ) ;
#3323 = CARTESIAN_POINT ( 'NONE',  ( 41.58714094422884244, 25.36200999777808818, -50.00000000000000000 ) ) ;
#3324 = ORIENTED_EDGE ( 'NONE', *, *, #7500, .T. ) ;
#3325 = DIRECTION ( 'NONE',  ( 0.0000000000000000000, 0.0000000000000000000, -1.000000000000000000 ) ) ;
#3326 = ORIENTED_EDGE ( 'NONE', *, *, #6536, .F. ) ;
#3327 = VECTOR ( 'NONE', #9289, 1000.000000000000000 ) ;
#3328 = CARTESIAN_POINT ( 'NONE',  ( 20.72268767190000105, 57.24840876449999882, 50.00000000000000000 ) ) ;
#3329 = DIRECTION ( 'NONE',  ( -0.0000000000000000000, -0.0000000000000000000, -1.000000000000000000 ) ) ;
#3330 = EDGE_CURVE ( 'NONE', #175, #5726, #6518, .T. ) ;
#3331 = AXIS2_PLACEMENT_3D ( 'NONE', #552, #5955, #7567 ) ;
#3332 = FACE_OUTER_BOUND ( 'NONE', #435, .T. ) ;
#3333 = ORIENTED_EDGE ( 'NONE', *, *, #5172, .F. ) ;
#3334 = CARTESIAN_POINT ( 'NONE',  ( 18.47268767190000460, -3.451591235499994692, 50.00000000000000000 ) ) ;
#3335 = DIRECTION ( 'NONE',  ( -0.0000000000000000000, -0.0000000000000000000, -1.000000000000000000 ) ) ;
#3336 = EDGE_CURVE ( 'NONE', #6075, #9030, #3424, .T. ) ;
#3337 = LINE ( 'NONE', #9634, #4590 ) ;
#3338 = ORIENTED_EDGE ( 'NONE', *, *, #10150, .F. ) ;
#3339 = PLANE ( 'NONE',  #3320 ) ;
#3340 = DIRECTION ( 'NONE',  ( -0.0000000000000000000, -0.0000000000000000000, -1.000000000000000000 ) ) ;
#3341 = CYLINDRICAL_SURFACE ( 'NONE', #9445, 0.5000000000000038858 ) ;
#3342 = ORIENTED_EDGE ( 'NONE', *, *, #9107, .F. ) ;
#3343 = DIRECTION ( 'NONE',  ( -0.0000000000000000000, 1.000000000000000000, -0.0000000000000000000 ) ) ;
#3344 = LINE ( 'NONE', #2333, #8540 ) ;
#3345 = AXIS2_PLACEMENT_3D ( 'NONE', #2279, #3224, #1459 ) ;
#3346 = ORIENTED_EDGE ( 'NONE', *, *, #11400, .F. ) ;
#3347 = CARTESIAN_POINT ( 'NONE',  ( 9.972687671899908679, 49.85225634180004306, -50.00000000000000000 ) ) ;
#3348 = LINE ( 'NONE', #4372, #3618 ) ;
#3349 = ORIENTED_EDGE ( 'NONE', *, *, #10353, .F. ) ;
#3350 = EDGE_CURVE ( 'NONE', #2896, #11002, #10030, .T. ) ;
#3351 = CARTESIAN_POINT ( 'NONE',  ( 27.67268767190000389, 45.04840876450000309, 50.00000000000000000 ) ) ;
#3352 = CIRCLE ( 'NONE', #7671, 2.000000000000091926 ) ;
#3353 = ORIENTED_EDGE ( 'NONE', *, *, #751, .T. ) ;
#3354 = AXIS2_PLACEMENT_3D ( 'NONE', #1251, #6702, #2235 ) ;
#3355 = DIRECTION ( 'NONE',  ( 1.000000000000000000, 0.0000000000000000000, 0.0000000000000000000 ) ) ;
#3356 = VECTOR ( 'NONE', #2861, 1000.000000000000000 ) ;
#3357 = ORIENTED_EDGE ( 'NONE', *, *, #1046, .F. ) ;
#3358 = CARTESIAN_POINT ( 'NONE',  ( 1.013769414302847727, 4.238488667910509378, 50.00000000000000000 ) ) ;
#3359 = DIRECTION ( 'NONE',  ( 0.0000000000000000000, 0.0000000000000000000, 1.000000000000000000 ) ) ;
#3360 = CARTESIAN_POINT ( 'NONE',  ( 5.472687671899998385, -2.951591235500047539, 50.00000000000000000 ) ) ;
#3361 = EDGE_CURVE ( 'NONE', #7840, #10245, #5251, .T. ) ;
#3362 = VECTOR ( 'NONE', #8295, 1000.000000000000000 ) ;
#3363 = ORIENTED_EDGE ( 'NONE', *, *, #2122, .T. ) ;
#3364 = DIRECTION ( 'NONE',  ( 0.0000000000000000000, 0.0000000000000000000, 1.000000000000000000 ) ) ;
#3365 = EDGE_CURVE ( 'NONE', #398, #6694, #5670, .T. ) ;
#3366 = AXIS2_PLACEMENT_3D ( 'NONE', #3479, #4394, #6151 ) ;
#3367 = ADVANCED_FACE ( 'NONE', ( #3293 ), #9474, .T. ) ;
#3368 = CIRCLE ( 'NONE', #1063, 2.499999999999898304 ) ;
#3369 = VERTEX_POINT ( 'NONE', #7290 ) ;
#3370 = EDGE_CURVE ( 'NONE', #6474, #4094, #1743, .T. ) ;
#3371 = ORIENTED_EDGE ( 'NONE', *, *, #10067, .T. ) ;
#3372 = PLANE ( 'NONE',  #11178 ) ;
#3373 = ORIENTED_EDGE ( 'NONE', *, *, #8176, .T. ) ;
#3374 = ORIENTED_EDGE ( 'NONE', *, *, #10961, .T. ) ;
#3375 = EDGE_CURVE ( 'NONE', #3545, #11312, #5960, .T. ) ;
#3376 = CARTESIAN_POINT ( 'NONE',  ( 28.97268767190000816, -0.9515912355000095690, -50.00000000000000000 ) ) ;
#3377 = CIRCLE ( 'NONE', #1646, 0.4999999999999726885 ) ;
#3378 = VERTEX_POINT ( 'NONE', #5513 ) ;
#3379 = ORIENTED_EDGE ( 'NONE', *, *, #5684, .T. ) ;
#3380 = EDGE_CURVE ( 'NONE', #2524, #5907, #9880, .T. ) ;
#3381 = AXIS2_PLACEMENT_3D ( 'NONE', #54, #1066, #5498 ) ;
#3382 = ORIENTED_EDGE ( 'NONE', *, *, #9078, .T. ) ;
#3383 = DIRECTION ( 'NONE',  ( -1.000000000000000000, 0.0000000000000000000, 0.0000000000000000000 ) ) ;
#3384 = ORIENTED_EDGE ( 'NONE', *, *, #9572, .T. ) ;
#3385 = CIRCLE ( 'NONE', #8495, 0.5000000000000143219 ) ;
#3386 = DIRECTION ( 'NONE',  ( 1.000000000000000000, 0.0000000000000000000, 0.0000000000000000000 ) ) ;
#3387 = LINE ( 'NONE', #3587, #4915 ) ;
#3388 = ORIENTED_EDGE ( 'NONE', *, *, #6810, .T. ) ;
#3389 = VERTEX_POINT ( 'NONE', #1949 ) ;
#3390 = VERTEX_POINT ( 'NONE', #7562 ) ;
#3391 = DIRECTION ( 'NONE',  ( -0.0000000000000000000, -1.000000000000000000, -0.0000000000000000000 ) ) ;
#3392 = EDGE_CURVE ( 'NONE', #2868, #4030, #7926, .T. ) ;
#3394 = FACE_OUTER_BOUND ( 'NONE', #8384, .T. ) ;
#3393 = DIRECTION ( 'NONE',  ( -1.000000000000000000, -0.0000000000000000000, -0.0000000000000000000 ) ) ;
#3395 = FACE_OUTER_BOUND ( 'NONE', #9422, .T. ) ;
#3396 = ORIENTED_EDGE ( 'NONE', *, *, #6832, .F. ) ;
#3397 = ORIENTED_EDGE ( 'NONE', *, *, #10924, .T. ) ;
#3398 = ORIENTED_EDGE ( 'NONE', *, *, #11350, .F. ) ;
#3399 = CIRCLE ( 'NONE', #5633, 0.5000000000000073275 ) ;
#3400 = VERTEX_POINT ( 'NONE', #6571 ) ;
#3401 = ORIENTED_EDGE ( 'NONE', *, *, #9473, .F. ) ;
#3402 = VECTOR ( 'NONE', #8918, 1000.000000000000000 ) ;
#3403 = AXIS2_PLACEMENT_3D ( 'NONE', #2321, #9528, #593 ) ;
#3404 = CARTESIAN_POINT ( 'NONE',  ( -1.727312328100000016, 66.44840876447160838, 50.00000000000000000 ) ) ;
#3405 = ORIENTED_EDGE ( 'NONE', *, *, #7210, .F. ) ;
#3406 = DIRECTION ( 'NONE',  ( 1.000000000000000000, 0.0000000000000000000, 0.0000000000000000000 ) ) ;
#3407 = LINE ( 'NONE', #4287, #2294 ) ;
#3408 = VECTOR ( 'NONE', #10228, 1000.000000000000000 ) ;
#3409 = ORIENTED_EDGE ( 'NONE', *, *, #11157, .T. ) ;
#3410 = DIRECTION ( 'NONE',  ( -0.0000000000000000000, -0.0000000000000000000, -1.000000000000000000 ) ) ;
#3411 = DIRECTION ( 'NONE',  ( 1.000000000000000000, 0.0000000000000000000, 0.0000000000000000000 ) ) ;
#3412 = ORIENTED_EDGE ( 'NONE', *, *, #6241, .F. ) ;
#3413 = CARTESIAN_POINT ( 'NONE',  ( 24.37268767190000318, 69.74840876449999882, -50.00000000000000000 ) ) ;
#3414 = EDGE_CURVE ( 'NONE', #2487, #412, #10167, .T. ) ;
#3415 = LINE ( 'NONE', #5383, #57 ) ;
#3416 = ORIENTED_EDGE ( 'NONE', *, *, #3814, .T. ) ;
#3417 = DIRECTION ( 'NONE',  ( -1.000000000000000000, 0.0000000000000000000, 0.0000000000000000000 ) ) ;
#3418 = CIRCLE ( 'NONE', #6827, 3.699999999971359088 ) ;
#3419 = VERTEX_POINT ( 'NONE', #3943 ) ;
#3420 = ORIENTED_EDGE ( 'NONE', *, *, #5733, .F. ) ;
#3421 = CARTESIAN_POINT ( 'NONE',  ( 21.98057961712854436, 65.67286755785812602, 50.00000000000000000 ) ) ;
#3422 = AXIS2_PLACEMENT_3D ( 'NONE', #970, #9007, #68 ) ;
#3423 = DIRECTION ( 'NONE',  ( 0.0000000000000000000, 0.0000000000000000000, 1.000000000000000000 ) ) ;
#3424 = LINE ( 'NONE', #1047, #5819 ) ;
#3425 = ORIENTED_EDGE ( 'NONE', *, *, #6648, .F. ) ;
#3426 = CIRCLE ( 'NONE', #11322, 0.5000000000000143219 ) ;
#3427 = ORIENTED_EDGE ( 'NONE', *, *, #4600, .T. ) ;
#3428 = EDGE_CURVE ( 'NONE', #1686, #2078, #2319, .T. ) ;
#3429 = DIRECTION ( 'NONE',  ( 0.0000000000000000000, 0.0000000000000000000, 1.000000000000000000 ) ) ;
#3430 = AXIS2_PLACEMENT_3D ( 'NONE', #11394, #8693, #4228 ) ;
#3431 = ORIENTED_EDGE ( 'NONE', *, *, #4213, .F. ) ;
#3432 = CARTESIAN_POINT ( 'NONE',  ( 17.55623076396402382, 63.58613195073208146, 50.00000000000000000 ) ) ;
#3433 = DIRECTION ( 'NONE',  ( 1.000000000000000000, 0.0000000000000000000, 0.0000000000000000000 ) ) ;
#3434 = DIRECTION ( 'NONE',  ( -0.0000000000000000000, -0.0000000000000000000, -1.000000000000000000 ) ) ;
#3435 = DIRECTION ( 'NONE',  ( -1.000000000000000000, 0.0000000000000000000, 0.0000000000000000000 ) ) ;
#3436 = EDGE_CURVE ( 'NONE', #7417, #2880, #7369, .T. ) ;
#3437 = CIRCLE ( 'NONE', #7469, 3.399999999996687006 ) ;
#3438 = AXIS2_PLACEMENT_3D ( 'NONE', #2734, #1871, #8146 ) ;
#3439 = ORIENTED_EDGE ( 'NONE', *, *, #8647, .T. ) ;
#3440 = CIRCLE ( 'NONE', #11545, 25.00000000000018829 ) ;
#3441 = EDGE_CURVE ( 'NONE', #2210, #2158, #908, .T. ) ;
#3442 = DIRECTION ( 'NONE',  ( 1.000000000000000000, 0.0000000000000000000, 0.0000000000000000000 ) ) ;
#3443 = CARTESIAN_POINT ( 'NONE',  ( -2.527312328099999839, 8.548408764499999535, 50.00000000000000000 ) ) ;
#3444 = AXIS2_PLACEMENT_3D ( 'NONE', #892, #6261, #11602 ) ;
#3445 = LINE ( 'NONE', #9070, #7098 ) ;
#3446 = ORIENTED_EDGE ( 'NONE', *, *, #464, .F. ) ;
#3447 = EDGE_LOOP ( 'NONE', ( #913, #149, #3976, #5226 ) ) ;
#3448 = CIRCLE ( 'NONE', #3800, 0.4999999999999449329 ) ;
#3449 = CARTESIAN_POINT ( 'NONE',  ( 2.659086438625821280, 83.66286203683399947, 50.00000000000000000 ) ) ;
#3450 = EDGE_CURVE ( 'NONE', #11043, #2284, #10582, .T. ) ;
#3451 = ORIENTED_EDGE ( 'NONE', *, *, #10649, .F. ) ;
#3452 = CARTESIAN_POINT ( 'NONE',  ( 6.875037933147127411, 17.98389263546797068, -50.00000000000000000 ) ) ;
#3453 = CARTESIAN_POINT ( 'NONE',  ( 8.972687671899999273, -1.451591235500000021, 50.00000000000000000 ) ) ;
#3454 = DIRECTION ( 'NONE',  ( 0.0000000000000000000, 0.0000000000000000000, -1.000000000000000000 ) ) ;
#3455 = VECTOR ( 'NONE', #6757, 1000.000000000000000 ) ;
#3456 = ORIENTED_EDGE ( 'NONE', *, *, #3768, .F. ) ;
#3457 = DIRECTION ( 'NONE',  ( 0.0000000000000000000, 1.000000000000000000, -0.0000000000000000000 ) ) ;
#3458 = ORIENTED_EDGE ( 'NONE', *, *, #953, .F. ) ;
#3459 = EDGE_CURVE ( 'NONE', #3860, #4631, #1331, .T. ) ;
#3460 = AXIS2_PLACEMENT_3D ( 'NONE', #5559, #7379, #3093 ) ;
#3461 = CYLINDRICAL_SURFACE ( 'NONE', #11012, 25.00000000000292388 ) ;
#3462 = VERTEX_POINT ( 'NONE', #4799 ) ;
#3463 = CARTESIAN_POINT ( 'NONE',  ( 12.97268767189999927, 55.04840876450000309, 50.00000000000000000 ) ) ;
#3464 = DIRECTION ( 'NONE',  ( -1.000000000000000000, 0.0000000000000000000, 0.0000000000000000000 ) ) ;
#3465 = DIRECTION ( 'NONE',  ( -0.0000000000000000000, -1.000000000000000000, -0.0000000000000000000 ) ) ;
#3466 = DIRECTION ( 'NONE',  ( -0.0000000000000000000, -0.0000000000000000000, -1.000000000000000000 ) ) ;
#3467 = CARTESIAN_POINT ( 'NONE',  ( -2.527312328099999839, 61.54840876450000309, 50.00000000000000000 ) ) ;
#3468 = FACE_OUTER_BOUND ( 'NONE', #5776, .T. ) ;
#3469 = ORIENTED_EDGE ( 'NONE', *, *, #1411, .T. ) ;
#3470 = AXIS2_PLACEMENT_3D ( 'NONE', #1179, #9151, #8214 ) ;
#3471 = CARTESIAN_POINT ( 'NONE',  ( 18.47268767190000460, -3.451591235499994692, 50.00000000000000000 ) ) ;
#3472 = CARTESIAN_POINT ( 'NONE',  ( 23.28628890511362570, 83.66286203693830714, -50.00000000000000000 ) ) ;
#3473 = CIRCLE ( 'NONE', #7191, 2.499999999999898304 ) ;
#3474 = ORIENTED_EDGE ( 'NONE', *, *, #4484, .F. ) ;
#3475 = ADVANCED_FACE ( 'NONE', ( #10997 ), #6093, .F. ) ;
#3476 = LINE ( 'NONE', #3823, #8268 ) ;
#3477 = CARTESIAN_POINT ( 'NONE',  ( -1.727312328099999794, 26.74840876447084881, 50.00000000000000000 ) ) ;
#3478 = DIRECTION ( 'NONE',  ( -0.0000000000000000000, -0.0000000000000000000, -1.000000000000000000 ) ) ;
#3479 = CARTESIAN_POINT ( 'NONE',  ( 2.162767575405882159, 67.00732702209252523, 50.00000000000000000 ) ) ;
#3480 = CARTESIAN_POINT ( 'NONE',  ( 22.97268767190000460, 69.74840876449999882, 50.00000000000000000 ) ) ;
#3481 = CARTESIAN_POINT ( 'NONE',  ( 18.47268767190001526, 73.54840876449998177, 50.00000000000000000 ) ) ;
#3482 = LINE ( 'NONE', #2702, #10780 ) ;
#3483 = ORIENTED_EDGE ( 'NONE', *, *, #3755, .T. ) ;
#3484 = AXIS2_PLACEMENT_3D ( 'NONE', #6920, #6955, #2455 ) ;
#3485 = CYLINDRICAL_SURFACE ( 'NONE', #10711, 2.500000000000043965 ) ;
#3486 = CARTESIAN_POINT ( 'NONE',  ( 28.47268767190000105, 21.54840876449999953, 50.00000000000000000 ) ) ;
#3487 = CARTESIAN_POINT ( 'NONE',  ( 4.972687671899476136, 69.74840876450068095, 50.00000000000000000 ) ) ;
#3488 = ORIENTED_EDGE ( 'NONE', *, *, #2701, .F. ) ;
#3489 = CARTESIAN_POINT ( 'NONE',  ( 1.572687671867744275, 0.3484087645000003564, 50.00000000000000000 ) ) ;
#3490 = UNCERTAINTY_MEASURE_WITH_UNIT (LENGTH_MEASURE( 1.000000000000000082E-05 ), #11142, 'distance_accuracy_value', 'NONE');
#3491 = EDGE_CURVE ( 'NONE', #5691, #3585, #1180, .T. ) ;
#3492 = AXIS2_PLACEMENT_3D ( 'NONE', #1167, #2074, #10076 ) ;
#3493 = CIRCLE ( 'NONE', #7834, 26.40000000003698588 ) ;
#3494 = EDGE_LOOP ( 'NONE', ( #1415, #5476, #10386, #10305 ) ) ;
#3495 = DIRECTION ( 'NONE',  ( 0.0000000000000000000, 0.0000000000000000000, 1.000000000000000000 ) ) ;
#3496 = EDGE_LOOP ( 'NONE', ( #7332, #7630, #9858, #10922 ) ) ;
#3497 = CYLINDRICAL_SURFACE ( 'NONE', #9900, 1.000000000000007772 ) ;
#3498 = DIRECTION ( 'NONE',  ( -0.0000000000000000000, -0.0000000000000000000, -1.000000000000000000 ) ) ;
#3499 = EDGE_LOOP ( 'NONE', ( #8672, #4504, #2622, #4026 ) ) ;
#3500 = AXIS2_PLACEMENT_3D ( 'NONE', #3719, #7171, #7218 ) ;
#3501 = DIRECTION ( 'NONE',  ( 1.000000000000000000, 0.0000000000000000000, 0.0000000000000000000 ) ) ;
#3502 = CARTESIAN_POINT ( 'NONE',  ( 20.47268767190000105, -2.951591235500004018, 50.00000000000000000 ) ) ;
#3503 = DIRECTION ( 'NONE',  ( 1.000000000000000000, -0.0000000000000000000, -0.0000000000000000000 ) ) ;
#3504 = PLANE ( 'NONE',  #2457 ) ;
#3505 = CYLINDRICAL_SURFACE ( 'NONE', #1963, 3.399999999999621103 ) ;
#3506 = ORIENTED_EDGE ( 'NONE', *, *, #10431, .F. ) ;
#3507 = EDGE_CURVE ( 'NONE', #9645, #2214, #3564, .T. ) ;
#3508 = ORIENTED_EDGE ( 'NONE', *, *, #3806, .T. ) ;
#3509 = ORIENTED_EDGE ( 'NONE', *, *, #7426, .F. ) ;
#3510 = AXIS2_PLACEMENT_3D ( 'NONE', #8323, #8284, #249 ) ;
#3511 = ORIENTED_EDGE ( 'NONE', *, *, #7210, .T. ) ;
#3512 = CARTESIAN_POINT ( 'NONE',  ( 23.60998026349999890, 64.77579147110000690, -50.00000000000000000 ) ) ;
#3513 = EDGE_CURVE ( 'NONE', #4207, #4529, #5533, .T. ) ;
#3514 = LINE ( 'NONE', #7892, #10400 ) ;
#3515 = ORIENTED_EDGE ( 'NONE', *, *, #9606, .F. ) ;
#3516 = ORIENTED_EDGE ( 'NONE', *, *, #6369, .T. ) ;
#3517 = DIRECTION ( 'NONE',  ( -1.000000000000000000, 0.0000000000000000000, 0.0000000000000000000 ) ) ;
#3518 = PLANE ( 'NONE',  #7954 ) ;
#3519 = DIRECTION ( 'NONE',  ( -0.0000000000000000000, -0.0000000000000000000, -1.000000000000000000 ) ) ;
#3520 = DIRECTION ( 'NONE',  ( 0.0000000000000000000, 0.0000000000000000000, 1.000000000000000000 ) ) ;
#3521 = ORIENTED_EDGE ( 'NONE', *, *, #8182, .T. ) ;
#3522 = EDGE_CURVE ( 'NONE', #2868, #1531, #9740, .T. ) ;
#3523 = CIRCLE ( 'NONE', #3152, 0.5000000000001323386 ) ;
#3524 = ORIENTED_EDGE ( 'NONE', *, *, #2164, .T. ) ;
#3525 = EDGE_CURVE ( 'NONE', #7197, #8337, #4411, .T. ) ;
#3526 = VERTEX_POINT ( 'NONE', #1277 ) ;
#3527 = DIRECTION ( 'NONE',  ( -0.0000000000000000000, 1.000000000000000000, -0.0000000000000000000 ) ) ;
#3528 = LINE ( 'NONE', #2430, #10413 ) ;
#3529 = ORIENTED_EDGE ( 'NONE', *, *, #7907, .F. ) ;
#3530 = CARTESIAN_POINT ( 'NONE',  ( -3.527312328100000727, 60.04840876450000309, -50.00000000000000000 ) ) ;
#3531 = CARTESIAN_POINT ( 'NONE',  ( 22.70007037860000310, 65.68570135599999560, 50.00000000000000000 ) ) ;
#3532 = CARTESIAN_POINT ( 'NONE',  ( 1.072687671900000028, -3.551591235500000554, -50.00000000000000000 ) ) ;
#3533 = ADVANCED_FACE ( 'NONE', ( #6801 ), #7659, .T. ) ;
#3534 = DIRECTION ( 'NONE',  ( 0.0000000000000000000, 0.0000000000000000000, 1.000000000000000000 ) ) ;
#3535 = ORIENTED_EDGE ( 'NONE', *, *, #1502, .F. ) ;
#3536 = CARTESIAN_POINT ( 'NONE',  ( 20.47268767189998684, -0.4515912354999883083, 50.00000000000000000 ) ) ;
#3537 = DIRECTION ( 'NONE',  ( -0.0000000000000000000, -0.0000000000000000000, -1.000000000000000000 ) ) ;
#3538 = LINE ( 'NONE', #1885, #3825 ) ;
#3539 = ORIENTED_EDGE ( 'NONE', *, *, #3988, .T. ) ;
#3540 = LINE ( 'NONE', #9964, #7775 ) ;
#3541 = VECTOR ( 'NONE', #185, 1000.000000000000000 ) ;
#3542 = ORIENTED_EDGE ( 'NONE', *, *, #11031, .T. ) ;
#3543 = EDGE_CURVE ( 'NONE', #8930, #2148, #8493, .T. ) ;
#3544 = AXIS2_PLACEMENT_3D ( 'NONE', #2231, #517, #6860 ) ;
#3545 = VERTEX_POINT ( 'NONE', #2142 ) ;
#3546 = CIRCLE ( 'NONE', #8074, 4.000000000000116351 ) ;
#3547 = DIRECTION ( 'NONE',  ( 0.0000000000000000000, -0.0000000000000000000, -1.000000000000000000 ) ) ;
#3548 = CARTESIAN_POINT ( 'NONE',  ( 20.14519321226683601, 20.64495767069328380, -50.00000000000000000 ) ) ;
#3549 = PLANE ( 'NONE',  #9194 ) ;
#3550 = EDGE_CURVE ( 'NONE', #11025, #3526, #11572, .T. ) ;
#3551 = DIRECTION ( 'NONE',  ( -0.0000000000000000000, -0.0000000000000000000, -1.000000000000000000 ) ) ;
#3552 = CARTESIAN_POINT ( 'NONE',  ( 1.222687671899958861, 12.84840876448371816, 50.00000000000000000 ) ) ;
#3553 = LINE ( 'NONE', #3480, #5081 ) ;
#3554 = EDGE_LOOP ( 'NONE', ( #5848, #8153, #347, #2624 ) ) ;
#3555 = CARTESIAN_POINT ( 'NONE',  ( 19.97268767190000105, -0.9515912355000000211, 50.00000000000000000 ) ) ;
#3556 = VECTOR ( 'NONE', #9430, 1000.000000000000000 ) ;
#3557 = CARTESIAN_POINT ( 'NONE',  ( 31.07268767189998826, 3.148408764499982304, 50.00000000000000000 ) ) ;
#3558 = ORIENTED_EDGE ( 'NONE', *, *, #1166, .F. ) ;
#3559 = VERTEX_POINT ( 'NONE', #6852 ) ;
#3560 = AXIS2_PLACEMENT_3D ( 'NONE', #6354, #1019, #9956 ) ;
#3561 = CARTESIAN_POINT ( 'NONE',  ( 20.47268767190000105, -2.951591235500004018, 50.00000000000000000 ) ) ;
#3562 = DIRECTION ( 'NONE',  ( 1.000000000000000000, -0.0000000000000000000, -0.0000000000000000000 ) ) ;
#3563 = CARTESIAN_POINT ( 'NONE',  ( -3.527312328099999839, 11.04840876449999953, 50.00000000000000000 ) ) ;
#3564 = CIRCLE ( 'NONE', #29, 2.499999999999997335 ) ;
#3565 = ORIENTED_EDGE ( 'NONE', *, *, #10371, .F. ) ;
#3566 = FACE_OUTER_BOUND ( 'NONE', #6053, .T. ) ;
#3567 = VERTEX_POINT ( 'NONE', #8659 ) ;
#3568 = VERTEX_POINT ( 'NONE', #3278 ) ;
#3569 = ORIENTED_EDGE ( 'NONE', *, *, #1448, .F. ) ;
#3570 = CARTESIAN_POINT ( 'NONE',  ( 3.245304965300000344, 4.411116172900000798, 50.00000000000000000 ) ) ;
#3571 = EDGE_CURVE ( 'NONE', #11149, #6345, #10447, .T. ) ;
#3572 = CARTESIAN_POINT ( 'NONE',  ( 15.47268767189999927, 20.24456118719999864, 50.00000000000000000 ) ) ;
#3573 = CARTESIAN_POINT ( 'NONE',  ( -2.527312328100002503, 22.54840876449999598, 50.00000000000000000 ) ) ;
#3574 = CIRCLE ( 'NONE', #8818, 0.5000000000000247580 ) ;
#3575 = EDGE_LOOP ( 'NONE', ( #7038, #8966, #4560, #6609 ) ) ;
#3576 = CARTESIAN_POINT ( 'NONE',  ( 27.67268767190000389, 43.34840876450000025, -50.00000000000000000 ) ) ;
#3577 = LINE ( 'NONE', #4058, #9894 ) ;
#3578 = DIRECTION ( 'NONE',  ( 1.000000000000000000, 0.0000000000000000000, 0.0000000000000000000 ) ) ;
#3579 = ORIENTED_EDGE ( 'NONE', *, *, #8745, .F. ) ;
#3580 = DIRECTION ( 'NONE',  ( -1.000000000000000000, 0.0000000000000000000, 0.0000000000000000000 ) ) ;
#3581 = EDGE_CURVE ( 'NONE', #6451, #9288, #10311, .T. ) ;
#3582 = CARTESIAN_POINT ( 'NONE',  ( -3.527312328099999839, 50.04840876450001019, 50.00000000000000000 ) ) ;
#3583 = VECTOR ( 'NONE', #1262, 1000.000000000000000 ) ;
#3584 = EDGE_CURVE ( 'NONE', #3702, #3119, #7503, .T. ) ;
#3585 = VERTEX_POINT ( 'NONE', #11315 ) ;
#3586 = AXIS2_PLACEMENT_3D ( 'NONE', #4836, #4908, #11183 ) ;
#3587 = CARTESIAN_POINT ( 'NONE',  ( 24.57805253900000153, 65.50477547050000737, -50.00000000000000000 ) ) ;
#3588 = ORIENTED_EDGE ( 'NONE', *, *, #2175, .F. ) ;
#3589 = FACE_OUTER_BOUND ( 'NONE', #2583, .T. ) ;
#3590 = CARTESIAN_POINT ( 'NONE',  ( 8.389144579933452306, 63.58613195072253177, -50.00000000000000000 ) ) ;
#3591 = DIRECTION ( 'NONE',  ( 1.000000000000000000, 0.0000000000000000000, 0.0000000000000000000 ) ) ;
#3592 = DIRECTION ( 'NONE',  ( -0.0000000000000000000, -0.0000000000000000000, -1.000000000000000000 ) ) ;
#3593 = DIRECTION ( 'NONE',  ( 0.0000000000000000000, 0.0000000000000000000, 1.000000000000000000 ) ) ;
#3594 = EDGE_CURVE ( 'NONE', #9518, #9746, #636, .T. ) ;
#3595 = DIRECTION ( 'NONE',  ( -1.000000000000000000, 0.0000000000000000000, 0.0000000000000000000 ) ) ;
#3596 = DIRECTION ( 'NONE',  ( 1.000000000000000000, 0.0000000000000000000, 0.0000000000000000000 ) ) ;
#3597 = AXIS2_PLACEMENT_3D ( 'NONE', #8382, #6569, #10028 ) ;
#3598 = ADVANCED_FACE ( 'NONE', ( #10858 ), #3700, .T. ) ;
#3599 = VECTOR ( 'NONE', #9431, 1000.000000000000000 ) ;
#3600 = ORIENTED_EDGE ( 'NONE', *, *, #7967, .T. ) ;
#3601 = EDGE_CURVE ( 'NONE', #7337, #9268, #2033, .T. ) ;
#3602 = EDGE_LOOP ( 'NONE', ( #7147, #2617, #10677, #9000 ) ) ;
#3603 = CIRCLE ( 'NONE', #2387, 3.999999999999993339 ) ;
#3604 = CARTESIAN_POINT ( 'NONE',  ( 31.47268767189998684, 60.54840876450001730, 50.00000000000000000 ) ) ;
#3605 = DIRECTION ( 'NONE',  ( 1.000000000000000000, -0.0000000000000000000, -0.0000000000000000000 ) ) ;
#3606 = EDGE_CURVE ( 'NONE', #3526, #9693, #3712, .T. ) ;
#3607 = CARTESIAN_POINT ( 'NONE',  ( 18.47268767190000105, 75.04840876449999598, -50.00000000000000000 ) ) ;
#3608 = DIRECTION ( 'NONE',  ( -0.0000000000000000000, -0.0000000000000000000, -1.000000000000000000 ) ) ;
#3609 = AXIS2_PLACEMENT_3D ( 'NONE', #2745, #158, #1020 ) ;
#3610 = LINE ( 'NONE', #4624, #8099 ) ;
#3611 = EDGE_LOOP ( 'NONE', ( #3569, #3236, #3270, #4415 ) ) ;
#3612 = CARTESIAN_POINT ( 'NONE',  ( 2.516320965999999881, 66.65377363150000178, -50.00000000000000000 ) ) ;
#3613 = LINE ( 'NONE', #380, #803 ) ;
#3614 = VERTEX_POINT ( 'NONE', #3317 ) ;
#3615 = AXIS2_PLACEMENT_3D ( 'NONE', #6969, #11513, #4338 ) ;
#3616 = CARTESIAN_POINT ( 'NONE',  ( 19.97268767190000105, -2.451591235500000021, 50.00000000000000000 ) ) ;
#3617 = DIRECTION ( 'NONE',  ( -0.0000000000000000000, -0.0000000000000000000, -1.000000000000000000 ) ) ;
#3618 = VECTOR ( 'NONE', #9817, 1000.000000000000000 ) ;
#3619 = ORIENTED_EDGE ( 'NONE', *, *, #10369, .T. ) ;
#3620 = CARTESIAN_POINT ( 'NONE',  ( 28.97268767190000105, 62.04840876450000309, 50.00000000000000000 ) ) ;
#3621 = CARTESIAN_POINT ( 'NONE',  ( -2.527312328100004279, 29.24840876449999882, 50.00000000000000000 ) ) ;
#3622 = EDGE_CURVE ( 'NONE', #7840, #7858, #201, .T. ) ;
#3623 = CYLINDRICAL_SURFACE ( 'NONE', #7653, 1.500000000000004885 ) ;
#3624 = DIRECTION ( 'NONE',  ( 0.0000000000000000000, 0.0000000000000000000, 1.000000000000000000 ) ) ;
#3625 = CARTESIAN_POINT ( 'NONE',  ( 28.47268767190000105, 48.54840876450000309, 50.00000000000000000 ) ) ;
#3626 = LINE ( 'NONE', #933, #4873 ) ;
#3627 = ORIENTED_EDGE ( 'NONE', *, *, #4476, .F. ) ;
#3628 = DIRECTION ( 'NONE',  ( -0.0000000000000000000, -0.0000000000000000000, -1.000000000000000000 ) ) ;
#3629 = DIRECTION ( 'NONE',  ( -0.0000000000000000000, -0.0000000000000000000, -1.000000000000000000 ) ) ;
#3630 = VECTOR ( 'NONE', #2532, 1000.000000000000000 ) ;
#3631 = AXIS2_PLACEMENT_3D ( 'NONE', #9394, #4025, #2102 ) ;
#3632 = DIRECTION ( 'NONE',  ( 0.0000000000000000000, 0.0000000000000000000, 1.000000000000000000 ) ) ;
#3633 = ORIENTED_EDGE ( 'NONE', *, *, #11453, .F. ) ;
#3634 = AXIS2_PLACEMENT_3D ( 'NONE', #8378, #4716, #3010 ) ;
#3635 = VECTOR ( 'NONE', #5485, 1000.000000000000000 ) ;
#3636 = VERTEX_POINT ( 'NONE', #11233 ) ;
#3637 = CARTESIAN_POINT ( 'NONE',  ( 8.209547951092289964, 52.29840876450004572, 50.00000000000000000 ) ) ;
#3638 = EDGE_CURVE ( 'NONE', #9823, #5691, #10300, .T. ) ;
#3639 = CARTESIAN_POINT ( 'NONE',  ( 22.97268767190000460, -0.4515912354999883083, 50.00000000000000000 ) ) ;
#3640 = DIRECTION ( 'NONE',  ( 0.0000000000000000000, 0.0000000000000000000, 1.000000000000000000 ) ) ;
#3641 = LINE ( 'NONE', #9992, #1259 ) ;
#3642 = DIRECTION ( 'NONE',  ( 1.000000000000000000, 0.0000000000000000000, 0.0000000000000000000 ) ) ;
#3643 = ORIENTED_EDGE ( 'NONE', *, *, #7201, .T. ) ;
#3644 = EDGE_LOOP ( 'NONE', ( #9988, #2325, #5894, #3803 ) ) ;
#3645 = AXIS2_PLACEMENT_3D ( 'NONE', #4644, #4609, #1945 ) ;
#3646 = CIRCLE ( 'NONE', #5563, 2.600000000000000533 ) ;
#3647 = ORIENTED_EDGE ( 'NONE', *, *, #1798, .T. ) ;
#3648 = DIRECTION ( 'NONE',  ( 0.0000000000000000000, -0.0000000000000000000, -1.000000000000000000 ) ) ;
#3649 = ORIENTED_EDGE ( 'NONE', *, *, #7380, .T. ) ;
#3650 = ORIENTED_EDGE ( 'NONE', *, *, #6598, .F. ) ;
#3651 = ADVANCED_FACE ( 'NONE', ( #9463 ), #6013, .F. ) ;
#3652 = DIRECTION ( 'NONE',  ( 0.0000000000000000000, 0.0000000000000000000, 1.000000000000000000 ) ) ;
#3653 = ORIENTED_EDGE ( 'NONE', *, *, #10498, .T. ) ;
#3654 = EDGE_CURVE ( 'NONE', #2293, #7255, #1320, .T. ) ;
#3655 = AXIS2_PLACEMENT_3D ( 'NONE', #10945, #4608, #1044 ) ;
#3656 = DIRECTION ( 'NONE',  ( 0.0000000000000000000, 0.0000000000000000000, -1.000000000000000000 ) ) ;
#3657 = CYLINDRICAL_SURFACE ( 'NONE', #763, 0.4999999999999961142 ) ;
#3658 = VERTEX_POINT ( 'NONE', #5905 ) ;
#3659 = ORIENTED_EDGE ( 'NONE', *, *, #11369, .T. ) ;
#3660 = VERTEX_POINT ( 'NONE', #544 ) ;
#3661 = CARTESIAN_POINT ( 'NONE',  ( -3.027312328100002059, 8.548408764500001311, 50.00000000000000000 ) ) ;
#3662 = VERTEX_POINT ( 'NONE', #1510 ) ;
#3663 = AXIS2_PLACEMENT_3D ( 'NONE', #9932, #10778, #2755 ) ;
#3664 = VERTEX_POINT ( 'NONE', #1439 ) ;
#3665 = DIRECTION ( 'NONE',  ( 0.0000000000000000000, -1.000000000000000000, 0.0000000000000000000 ) ) ;
#3666 = CARTESIAN_POINT ( 'NONE',  ( 20.47268767190000105, 70.54840876449999598, 50.00000000000000000 ) ) ;
#3667 = DIRECTION ( 'NONE',  ( -0.0000000000000000000, -0.0000000000000000000, -1.000000000000000000 ) ) ;
#3668 = EDGE_CURVE ( 'NONE', #3400, #5263, #10570, .T. ) ;
#3669 = VECTOR ( 'NONE', #4115, 1000.000000000000000 ) ;
#3670 = CIRCLE ( 'NONE', #1050, 0.4999999999999865663 ) ;
#3671 = EDGE_LOOP ( 'NONE', ( #6478, #10881, #4263, #583 ) ) ;
#3672 = ORIENTED_EDGE ( 'NONE', *, *, #5709, .T. ) ;
#3673 = CARTESIAN_POINT ( 'NONE',  ( -2.527312328099999839, 10.04840876449999953, -50.00000000000000000 ) ) ;
#3674 = AXIS2_PLACEMENT_3D ( 'NONE', #7106, #1735, #6992 ) ;
#3675 = ORIENTED_EDGE ( 'NONE', *, *, #4636, .T. ) ;
#3676 = VECTOR ( 'NONE', #1128, 1000.000000000000000 ) ;
#3677 = DIRECTION ( 'NONE',  ( -0.0000000000000000000, 1.000000000000000000, -0.0000000000000000000 ) ) ;
#3678 = DIRECTION ( 'NONE',  ( -0.0000000000000000000, -0.0000000000000000000, -1.000000000000000000 ) ) ;
#3679 = VECTOR ( 'NONE', #9795, 1000.000000000000000 ) ;
#3680 = LINE ( 'NONE', #8848, #4802 ) ;
#3681 = ORIENTED_EDGE ( 'NONE', *, *, #4855, .T. ) ;
#3682 = CARTESIAN_POINT ( 'NONE',  ( -3.027312328100000283, -0.9515912354999995770, 50.00000000000000000 ) ) ;
#3683 = CARTESIAN_POINT ( 'NONE',  ( -0.5173598696386230156, 45.45592170073440030, 50.00000000000000000 ) ) ;
#3684 = LINE ( 'NONE', #7088, #1713 ) ;
#3685 = ORIENTED_EDGE ( 'NONE', *, *, #5617, .T. ) ;
#3686 = DIRECTION ( 'NONE',  ( -0.0000000000000000000, -0.0000000000000000000, -1.000000000000000000 ) ) ;
#3687 = ORIENTED_EDGE ( 'NONE', *, *, #3380, .T. ) ;
#3688 = EDGE_CURVE ( 'NONE', #8094, #469, #8205, .T. ) ;
#3689 = CYLINDRICAL_SURFACE ( 'NONE', #2899, 0.5000000000000125455 ) ;
#3690 = CARTESIAN_POINT ( 'NONE',  ( 27.67268767190000389, 43.34840876450042657, -50.00000000000000000 ) ) ;
#3691 = ORIENTED_EDGE ( 'NONE', *, *, #11342, .T. ) ;
#3692 = AXIS2_PLACEMENT_3D ( 'NONE', #7890, #1497, #3442 ) ;
#3693 = CARTESIAN_POINT ( 'NONE',  ( 23.78260776853183955, 3.089490506845255613, 50.00000000000000000 ) ) ;
#3694 = CIRCLE ( 'NONE', #4418, 3.699999999999686207 ) ;
#3695 = DIRECTION ( 'NONE',  ( -0.0000000000000000000, -0.0000000000000000000, -1.000000000000000000 ) ) ;
#3696 = CIRCLE ( 'NONE', #2073, 24.99999999999794653 ) ;
#3697 = ORIENTED_EDGE ( 'NONE', *, *, #6751, .T. ) ;
#3698 = ORIENTED_EDGE ( 'NONE', *, *, #6850, .F. ) ;
#3699 = DIRECTION ( 'NONE',  ( 1.000000000000000000, 0.0000000000000000000, 0.0000000000000000000 ) ) ;
#3700 = CYLINDRICAL_SURFACE ( 'NONE', #9050, 3.699999999999465938 ) ;
#3701 = AXIS2_PLACEMENT_3D ( 'NONE', #5377, #5337, #1819 ) ;
#3702 = VERTEX_POINT ( 'NONE', #5183 ) ;
#3703 = CARTESIAN_POINT ( 'NONE',  ( 27.67268767190000389, 65.04840876449999598, -50.00000000000000000 ) ) ;
#3704 = VECTOR ( 'NONE', #5392, 1000.000000000000000 ) ;
#3705 = ORIENTED_EDGE ( 'NONE', *, *, #9831, .T. ) ;
#3706 = DIRECTION ( 'NONE',  ( 1.000000000000000000, 0.0000000000000000000, 0.0000000000000000000 ) ) ;
#3707 = ORIENTED_EDGE ( 'NONE', *, *, #5428, .F. ) ;
#3708 = DIRECTION ( 'NONE',  ( -0.0000000000000000000, -0.0000000000000000000, -1.000000000000000000 ) ) ;
#3709 = DIRECTION ( 'NONE',  ( 1.000000000000000000, 0.0000000000000000000, 0.0000000000000000000 ) ) ;
#3710 = CARTESIAN_POINT ( 'NONE',  ( 24.72268767190004013, 17.24840876452017469, -50.00000000000000000 ) ) ;
#3711 = CARTESIAN_POINT ( 'NONE',  ( 18.16884009460000016, 17.54840876449999953, 50.00000000000000000 ) ) ;
#3712 = CIRCLE ( 'NONE', #4242, 0.5000000000000004441 ) ;
#3713 = ORIENTED_EDGE ( 'NONE', *, *, #6360, .F. ) ;
#3714 = ADVANCED_FACE ( 'NONE', ( #6083 ), #4676, .F. ) ;
#3715 = LINE ( 'NONE', #1090, #10313 ) ;
#3716 = EDGE_LOOP ( 'NONE', ( #3804, #9417, #3427, #4519 ) ) ;
#3717 = ORIENTED_EDGE ( 'NONE', *, *, #8283, .F. ) ;
#3718 = AXIS2_PLACEMENT_3D ( 'NONE', #2259, #9483, #11147 ) ;
#3719 = CARTESIAN_POINT ( 'NONE',  ( 1.222687671899958861, 12.84840876448371816, 50.00000000000000000 ) ) ;
#3720 = DIRECTION ( 'NONE',  ( -0.0000000000000000000, -0.0000000000000000000, -1.000000000000000000 ) ) ;
#3721 = DIRECTION ( 'NONE',  ( -0.0000000000000000000, -0.0000000000000000000, -1.000000000000000000 ) ) ;
#3722 = DIRECTION ( 'NONE',  ( 0.0000000000000000000, 0.0000000000000000000, 1.000000000000000000 ) ) ;
#3723 = DIRECTION ( 'NONE',  ( -0.0000000000000000000, -0.0000000000000000000, -1.000000000000000000 ) ) ;
#3724 = DIRECTION ( 'NONE',  ( 1.000000000000000000, -0.0000000000000000000, -0.0000000000000000000 ) ) ;
#3725 = CIRCLE ( 'NONE', #8294, 0.4999999999998616662 ) ;
#3726 = ORIENTED_EDGE ( 'NONE', *, *, #5556, .T. ) ;
#3727 = ORIENTED_EDGE ( 'NONE', *, *, #3441, .F. ) ;
#3728 = VECTOR ( 'NONE', #745, 1000.000000000000000 ) ;
#3729 = DIRECTION ( 'NONE',  ( 0.0000000000000000000, -1.000000000000000000, 0.0000000000000000000 ) ) ;
#3730 = EDGE_CURVE ( 'NONE', #4909, #11367, #5810, .T. ) ;
#3731 = CARTESIAN_POINT ( 'NONE',  ( -2.527312328099999839, 8.548408764499999535, -50.00000000000000000 ) ) ;
#3732 = VECTOR ( 'NONE', #2808, 1000.000000000000000 ) ;
#3733 = AXIS2_PLACEMENT_3D ( 'NONE', #3740, #5543, #10021 ) ;
#3734 = ORIENTED_EDGE ( 'NONE', *, *, #4869, .T. ) ;
#3735 = CARTESIAN_POINT ( 'NONE',  ( -15.64176560054782783, 44.73480753138829868, -50.00000000000000000 ) ) ;
#3736 = ORIENTED_EDGE ( 'NONE', *, *, #7860, .T. ) ;
#3737 = CIRCLE ( 'NONE', #2988, 0.4999999999998859801 ) ;
#3738 = EDGE_CURVE ( 'NONE', #373, #9168, #3841, .T. ) ;
#3739 = ORIENTED_EDGE ( 'NONE', *, *, #6194, .F. ) ;
#3740 = CARTESIAN_POINT ( 'NONE',  ( -15.64176560036292152, 65.36200999784996668, -50.00000000000000000 ) ) ;
#3741 = EDGE_CURVE ( 'NONE', #8661, #9456, #2018, .T. ) ;
#3742 = DIRECTION ( 'NONE',  ( -0.0000000000000000000, -1.000000000000000000, -0.0000000000000000000 ) ) ;
#3743 = AXIS2_PLACEMENT_3D ( 'NONE', #2819, #2902, #40 ) ;
#3744 = CARTESIAN_POINT ( 'NONE',  ( 2.516320966000005654, 66.65377363150000178, -50.00000000000000000 ) ) ;
#3745 = DIRECTION ( 'NONE',  ( -0.0000000000000000000, -0.0000000000000000000, -1.000000000000000000 ) ) ;
#3746 = DIRECTION ( 'NONE',  ( -1.000000000000000000, 0.0000000000000000000, 0.0000000000000000000 ) ) ;
#3747 = FACE_OUTER_BOUND ( 'NONE', #6400, .T. ) ;
#3748 = DIRECTION ( 'NONE',  ( 0.0000000000000000000, -0.0000000000000000000, -1.000000000000000000 ) ) ;
#3749 = ORIENTED_EDGE ( 'NONE', *, *, #9550, .T. ) ;
#3750 = EDGE_CURVE ( 'NONE', #4267, #8530, #1035, .T. ) ;
#3751 = DIRECTION ( 'NONE',  ( 1.000000000000000000, 0.0000000000000000000, 0.0000000000000000000 ) ) ;
#3752 = CARTESIAN_POINT ( 'NONE',  ( -2.527312328099999394, 21.54840876449999953, 50.00000000000000000 ) ) ;
#3753 = CYLINDRICAL_SURFACE ( 'NONE', #5984, 26.40000000003698588 ) ;
#3754 = ORIENTED_EDGE ( 'NONE', *, *, #8950, .F. ) ;
#3755 = EDGE_CURVE ( 'NONE', #7884, #7240, #10019, .T. ) ;
#3756 = CIRCLE ( 'NONE', #6242, 0.4999999999999891753 ) ;
#3757 = ORIENTED_EDGE ( 'NONE', *, *, #8017, .F. ) ;
#3758 = EDGE_CURVE ( 'NONE', #4868, #11025, #1597, .T. ) ;
#3759 = CARTESIAN_POINT ( 'NONE',  ( 27.67268767190000034, 3.648408764536434923, 50.00000000000000000 ) ) ;
#3760 = CARTESIAN_POINT ( 'NONE',  ( 2.162767575361846717, 3.089490506851611418, 50.00000000000000000 ) ) ;
#3761 = VECTOR ( 'NONE', #4958, 1000.000000000000000 ) ;
#3762 = VERTEX_POINT ( 'NONE', #6997 ) ;
#3763 = CARTESIAN_POINT ( 'NONE',  ( 0.7041869790911509108, 4.631119175917397968, -50.00000000000000000 ) ) ;
#3764 = FACE_OUTER_BOUND ( 'NONE', #4725, .T. ) ;
#3765 = DIRECTION ( 'NONE',  ( 1.000000000000000000, -0.0000000000000000000, -0.0000000000000000000 ) ) ;
#3766 = CARTESIAN_POINT ( 'NONE',  ( 32.97268767190000460, -0.9515912355000000211, 50.00000000000000000 ) ) ;
#3767 = CARTESIAN_POINT ( 'NONE',  ( 28.97268767190000105, 22.04840876449999953, 50.00000000000000000 ) ) ;
#3768 = EDGE_CURVE ( 'NONE', #6434, #3235, #3145, .T. ) ;
#3769 = ADVANCED_FACE ( 'NONE', ( #11131 ), #6130, .T. ) ;
#3770 = DIRECTION ( 'NONE',  ( -1.000000000000000000, 0.0000000000000000000, 0.0000000000000000000 ) ) ;
#3771 = FACE_OUTER_BOUND ( 'NONE', #3575, .T. ) ;
#3772 = VERTEX_POINT ( 'NONE', #5300 ) ;
#3773 = CARTESIAN_POINT ( 'NONE',  ( 28.97268767190000105, 73.64840876450000451, 50.00000000000000000 ) ) ;
#3774 = EDGE_CURVE ( 'NONE', #8557, #6150, #761, .T. ) ;
#3775 = LINE ( 'NONE', #9049, #5876 ) ;
#3776 = DIRECTION ( 'NONE',  ( 1.000000000000000000, 0.0000000000000000000, 0.0000000000000000000 ) ) ;
#3777 = VERTEX_POINT ( 'NONE', #2603 ) ;
#3778 = CARTESIAN_POINT ( 'NONE',  ( 5.222687671900000161, 17.24840876449999882, 50.00000000000000000 ) ) ;
#3779 = CARTESIAN_POINT ( 'NONE',  ( 30.47268767190000105, 22.54840876450001375, 50.00000000000000000 ) ) ;
#3780 = DIRECTION ( 'NONE',  ( 1.000000000000000000, 0.0000000000000000000, 0.0000000000000000000 ) ) ;
#3781 = CYLINDRICAL_SURFACE ( 'NONE', #11194, 3.999999999999628741 ) ;
#3782 = ORIENTED_EDGE ( 'NONE', *, *, #8692, .T. ) ;
#3783 = AXIS2_PLACEMENT_3D ( 'NONE', #9170, #3784, #4688 ) ;
#3784 = DIRECTION ( 'NONE',  ( -0.0000000000000000000, -0.0000000000000000000, -1.000000000000000000 ) ) ;
#3785 = CARTESIAN_POINT ( 'NONE',  ( -7.027312328100000727, 20.54840876449999953, -50.00000000000000000 ) ) ;
#3786 = ORIENTED_EDGE ( 'NONE', *, *, #7458, .T. ) ;
#3787 = FACE_OUTER_BOUND ( 'NONE', #5909, .T. ) ;
#3788 = ORIENTED_EDGE ( 'NONE', *, *, #4664, .T. ) ;
#3789 = ORIENTED_EDGE ( 'NONE', *, *, #937, .F. ) ;
#3790 = CARTESIAN_POINT ( 'NONE',  ( 18.57451721239999998, 17.54840876449999953, -50.00000000000000000 ) ) ;
#3791 = EDGE_CURVE ( 'NONE', #4021, #866, #2864, .T. ) ;
#3792 = FACE_OUTER_BOUND ( 'NONE', #641, .T. ) ;
#3793 = ORIENTED_EDGE ( 'NONE', *, *, #4072, .F. ) ;
#3794 = CARTESIAN_POINT ( 'NONE',  ( 23.42905437789999823, 3.443043897399999942, 50.00000000000000000 ) ) ;
#3795 = DIRECTION ( 'NONE',  ( -1.000000000000000000, 0.0000000000000000000, 0.0000000000000000000 ) ) ;
#3796 = PLANE ( 'NONE',  #11583 ) ;
#3797 = ORIENTED_EDGE ( 'NONE', *, *, #9810, .F. ) ;
#3798 = ORIENTED_EDGE ( 'NONE', *, *, #3584, .F. ) ;
#3799 = ORIENTED_EDGE ( 'NONE', *, *, #9618, .F. ) ;
#3800 = AXIS2_PLACEMENT_3D ( 'NONE', #11163, #5843, #6737 ) ;
#3801 = DIRECTION ( 'NONE',  ( -0.0000000000000000000, -0.0000000000000000000, -1.000000000000000000 ) ) ;
#3802 = FACE_OUTER_BOUND ( 'NONE', #6054, .T. ) ;
#3803 = ORIENTED_EDGE ( 'NONE', *, *, #10018, .T. ) ;
#3804 = ORIENTED_EDGE ( 'NONE', *, *, #4110, .F. ) ;
#3805 = CARTESIAN_POINT ( 'NONE',  ( 18.57451721239999287, 52.04840876450006704, 50.00000000000000000 ) ) ;
#3806 = EDGE_CURVE ( 'NONE', #10527, #1406, #4272, .T. ) ;
#3807 = ORIENTED_EDGE ( 'NONE', *, *, #4185, .T. ) ;
#3808 = EDGE_CURVE ( 'NONE', #1052, #4444, #6793, .T. ) ;
#3809 = AXIS2_PLACEMENT_3D ( 'NONE', #3157, #2177, #1393 ) ;
#3810 = PLANE ( 'NONE',  #3858 ) ;
#3811 = CIRCLE ( 'NONE', #4570, 0.5000000000000073275 ) ;
#3812 = ORIENTED_EDGE ( 'NONE', *, *, #3507, .T. ) ;
#3813 = ORIENTED_EDGE ( 'NONE', *, *, #8503, .T. ) ;
#3814 = EDGE_CURVE ( 'NONE', #5041, #1989, #9182, .T. ) ;
#3815 = VECTOR ( 'NONE', #10715, 1000.000000000000000 ) ;
#3816 = ORIENTED_EDGE ( 'NONE', *, *, #8775, .T. ) ;
#3817 = DIRECTION ( 'NONE',  ( -0.0000000000000000000, -0.0000000000000000000, -1.000000000000000000 ) ) ;
#3818 = AXIS2_PLACEMENT_3D ( 'NONE', #11212, #5851, #1385 ) ;
#3819 = DIRECTION ( 'NONE',  ( -0.0000000000000000000, -0.0000000000000000000, -1.000000000000000000 ) ) ;
#3820 = EDGE_LOOP ( 'NONE', ( #4940, #740, #6118, #998 ) ) ;
#3821 = CARTESIAN_POINT ( 'NONE',  ( 25.61576849259341060, 4.341180756096217230, -50.00000000000000000 ) ) ;
#3822 = CARTESIAN_POINT ( 'NONE',  ( 5.222687671900000161, 52.84840876450000735, -50.00000000000000000 ) ) ;
#3823 = CARTESIAN_POINT ( 'NONE',  ( 5.559261370505132582, 60.46619193878836995, 50.00000000000000000 ) ) ;
#3824 = EDGE_CURVE ( 'NONE', #3614, #6413, #8754, .T. ) ;
#3825 = VECTOR ( 'NONE', #3519, 1000.000000000000000 ) ;
#3826 = EDGE_LOOP ( 'NONE', ( #591, #420, #7112, #3076 ) ) ;
#3827 = CARTESIAN_POINT ( 'NONE',  ( 32.97268767190000460, 49.54840876450001019, 50.00000000000000000 ) ) ;
#3828 = VECTOR ( 'NONE', #10517, 1000.000000000000000 ) ;
#3829 = CARTESIAN_POINT ( 'NONE',  ( 31.57268767190000247, 3.148408764500000512, -50.00000000000000000 ) ) ;
#3830 = VECTOR ( 'NONE', #264, 1000.000000000000000 ) ;
#3831 = ORIENTED_EDGE ( 'NONE', *, *, #6039, .T. ) ;
#3832 = AXIS2_PLACEMENT_3D ( 'NONE', #9930, #5454, #4557 ) ;
#3833 = ADVANCED_FACE ( 'NONE', ( #6508 ), #1902, .T. ) ;
#3834 = ORIENTED_EDGE ( 'NONE', *, *, #5111, .F. ) ;
#3835 = DIRECTION ( 'NONE',  ( -0.0000000000000000000, -0.0000000000000000000, -1.000000000000000000 ) ) ;
#3836 = EDGE_CURVE ( 'NONE', #5787, #7081, #7647, .T. ) ;
#3837 = AXIS2_PLACEMENT_3D ( 'NONE', #3358, #5188, #2392 ) ;
#3838 = CARTESIAN_POINT ( 'NONE',  ( -3.027312328099999839, 22.04840876449999953, 50.00000000000000000 ) ) ;
#3839 = CARTESIAN_POINT ( 'NONE',  ( 24.72268767189961025, 52.84840876450052605, 50.00000000000000000 ) ) ;
#3841 = LINE ( 'NONE', #11460, #11280 ) ;
#3840 = DIRECTION ( 'NONE',  ( 1.000000000000000000, 0.0000000000000000000, 0.0000000000000000000 ) ) ;
#3842 = CARTESIAN_POINT ( 'NONE',  ( 22.97268767190000460, -0.4515912354999883083, 50.00000000000000000 ) ) ;
#3843 = EDGE_LOOP ( 'NONE', ( #1862, #2719, #5186, #10148 ) ) ;
#3844 = VECTOR ( 'NONE', #7590, 1000.000000000000000 ) ;
#3845 = ORIENTED_EDGE ( 'NONE', *, *, #8763, .T. ) ;
#3846 = ORIENTED_EDGE ( 'NONE', *, *, #6091, .T. ) ;
#3847 = CARTESIAN_POINT ( 'NONE',  ( 19.47268767190000105, 71.04840876449999598, 50.00000000000000000 ) ) ;
#3848 = EDGE_CURVE ( 'NONE', #8857, #524, #3415, .T. ) ;
#3849 = CARTESIAN_POINT ( 'NONE',  ( 15.97268767189993355, 9.852256341799961348, 50.00000000000000000 ) ) ;
#3850 = PLANE ( 'NONE',  #8897 ) ;
#3851 = VECTOR ( 'NONE', #5710, 1000.000000000000000 ) ;
#3852 = ORIENTED_EDGE ( 'NONE', *, *, #8046, .T. ) ;
#3853 = LINE ( 'NONE', #7610, #5672 ) ;
#3854 = ORIENTED_EDGE ( 'NONE', *, *, #602, .F. ) ;
#3855 = ORIENTED_EDGE ( 'NONE', *, *, #372, .T. ) ;
#3856 = DIRECTION ( 'NONE',  ( 1.000000000000000000, 0.0000000000000000000, 0.0000000000000000000 ) ) ;
#3857 = ORIENTED_EDGE ( 'NONE', *, *, #7587, .T. ) ;
#3858 = AXIS2_PLACEMENT_3D ( 'NONE', #1974, #172, #6446 ) ;
#3859 = CIRCLE ( 'NONE', #3403, 5.400000000003944756 ) ;
#3860 = VERTEX_POINT ( 'NONE', #10782 ) ;
#3861 = CARTESIAN_POINT ( 'NONE',  ( 0.3296068513551769774, 65.75563677287806286, -50.00000000000000000 ) ) ;
#3862 = AXIS2_PLACEMENT_3D ( 'NONE', #10061, #6532, #2925 ) ;
#3863 = LINE ( 'NONE', #8229, #2739 ) ;
#3864 = DIRECTION ( 'NONE',  ( 1.000000000000000000, 0.0000000000000000000, 0.0000000000000000000 ) ) ;
#3865 = DIRECTION ( 'NONE',  ( 0.0000000000000000000, 0.0000000000000000000, 1.000000000000000000 ) ) ;
#3866 = ADVANCED_BREP_SHAPE_REPRESENTATION ( '4080x100', ( #7687, #33 ), #8681 ) ;
#3867 = DIRECTION ( 'NONE',  ( -0.0000000000000000000, -0.0000000000000000000, -1.000000000000000000 ) ) ;
#3868 = ORIENTED_EDGE ( 'NONE', *, *, #7750, .T. ) ;
#3869 = DIRECTION ( 'NONE',  ( -0.0000000000000000000, -0.0000000000000000000, -1.000000000000000000 ) ) ;
#3870 = CARTESIAN_POINT ( 'NONE',  ( 5.472687671899998385, -2.951591235500047539, -50.00000000000000000 ) ) ;
#3871 = LINE ( 'NONE', #7786, #6956 ) ;
#3872 = VERTEX_POINT ( 'NONE', #4520 ) ;
#3873 = ORIENTED_EDGE ( 'NONE', *, *, #11560, .T. ) ;
#3874 = LINE ( 'NONE', #7009, #4293 ) ;
#3875 = ADVANCED_FACE ( 'NONE', ( #7354 ), #3989, .F. ) ;
#3876 = AXIS2_PLACEMENT_3D ( 'NONE', #1045, #10027, #7206 ) ;
#3877 = DIRECTION ( 'NONE',  ( -0.0000000000000000000, -0.0000000000000000000, -1.000000000000000000 ) ) ;
#3878 = CARTESIAN_POINT ( 'NONE',  ( 15.47268767189999927, 60.24456118719999864, 50.00000000000000000 ) ) ;
#3879 = DIRECTION ( 'NONE',  ( 1.000000000000000000, 0.0000000000000000000, 0.0000000000000000000 ) ) ;
#3880 = ADVANCED_FACE ( 'NONE', ( #8620 ), #8896, .F. ) ;
#3881 = VECTOR ( 'NONE', #5260, 1000.000000000000000 ) ;
#3882 = EDGE_CURVE ( 'NONE', #2053, #8595, #2578, .T. ) ;
#3883 = ORIENTED_EDGE ( 'NONE', *, *, #4200, .F. ) ;
#3884 = AXIS2_PLACEMENT_3D ( 'NONE', #10151, #7529, #10306 ) ;
#3885 = ORIENTED_EDGE ( 'NONE', *, *, #4484, .T. ) ;
#3886 = CARTESIAN_POINT ( 'NONE',  ( -1.727312328100000016, 45.04840876450000309, -50.00000000000000000 ) ) ;
#3887 = DIRECTION ( 'NONE',  ( -0.0000000000000000000, -0.0000000000000000000, -1.000000000000000000 ) ) ;
#3888 = DIRECTION ( 'NONE',  ( -0.0000000000000000000, -0.0000000000000000000, -1.000000000000000000 ) ) ;
#3889 = FACE_OUTER_BOUND ( 'NONE', #10731, .T. ) ;
#3890 = ORIENTED_EDGE ( 'NONE', *, *, #10658, .F. ) ;
#3891 = ADVANCED_FACE ( 'NONE', ( #2724 ), #6221, .T. ) ;
#3892 = DIRECTION ( 'NONE',  ( 1.000000000000000000, 0.0000000000000000000, 0.0000000000000000000 ) ) ;
#3893 = CARTESIAN_POINT ( 'NONE',  ( 4.434964485679360635, 50.46486567243202614, 50.00000000000000000 ) ) ;
#3894 = CIRCLE ( 'NONE', #9778, 2.600000000000000533 ) ;
#3895 = ORIENTED_EDGE ( 'NONE', *, *, #8936, .T. ) ;
#3896 = EDGE_CURVE ( 'NONE', #10603, #22, #346, .T. ) ;
#3897 = DIRECTION ( 'NONE',  ( -1.000000000000000000, 0.0000000000000000000, 0.0000000000000000000 ) ) ;
#3898 = AXIS2_PLACEMENT_3D ( 'NONE', #8125, #2752, #9029 ) ;
#3899 = LINE ( 'NONE', #8724, #4327 ) ;
#3900 = ORIENTED_EDGE ( 'NONE', *, *, #3130, .T. ) ;
#3901 = FILL_AREA_STYLE_COLOUR ( '', #9176 ) ;
#3902 = CARTESIAN_POINT ( 'NONE',  ( 5.472687671900043682, 70.54840876449995335, 50.00000000000000000 ) ) ;
#3903 = DIRECTION ( 'NONE',  ( -0.0000000000000000000, -0.0000000000000000000, -1.000000000000000000 ) ) ;
#3904 = CARTESIAN_POINT ( 'NONE',  ( 10.97268767190000283, 20.54840876449999598, 50.00000000000000000 ) ) ;
#3905 = LINE ( 'NONE', #9665, #10764 ) ;
#3906 = EDGE_CURVE ( 'NONE', #8795, #167, #4131, .T. ) ;
#3907 = DIRECTION ( 'NONE',  ( 1.000000000000000000, 0.0000000000000000000, 0.0000000000000000000 ) ) ;
#3908 = DIRECTION ( 'NONE',  ( -0.0000000000000000000, -0.0000000000000000000, -1.000000000000000000 ) ) ;
#3909 = CIRCLE ( 'NONE', #3269, 1.999999999999873435 ) ;
#3910 = ORIENTED_EDGE ( 'NONE', *, *, #1937, .F. ) ;
#3911 = CARTESIAN_POINT ( 'NONE',  ( 23.78260776849414171, 67.00732702209258207, -50.00000000000000000 ) ) ;
#3912 = DIRECTION ( 'NONE',  ( -1.000000000000000000, 0.0000000000000000000, 0.0000000000000000000 ) ) ;
#3913 = EDGE_CURVE ( 'NONE', #9604, #3946, #9601, .T. ) ;
#3914 = CARTESIAN_POINT ( 'NONE',  ( 3.598858355893540750, 65.33214796540694635, 50.00000000000000000 ) ) ;
#3915 = DIRECTION ( 'NONE',  ( -0.0000000000000000000, -1.000000000000000000, -0.0000000000000000000 ) ) ;
#3916 = LINE ( 'NONE', #1374, #4205 ) ;
#3917 = AXIS2_PLACEMENT_3D ( 'NONE', #789, #4390, #9020 ) ;
#3918 = ORIENTED_EDGE ( 'NONE', *, *, #4701, .F. ) ;
#3919 = DIRECTION ( 'NONE',  ( -0.0000000000000000000, -0.0000000000000000000, -1.000000000000000000 ) ) ;
#3920 = LINE ( 'NONE', #3639, #6304 ) ;
#3921 = EDGE_LOOP ( 'NONE', ( #3659, #639, #2821, #4569 ) ) ;
#3922 = CARTESIAN_POINT ( 'NONE',  ( 20.97268767190028882, 0.3484087644996209931, 50.00000000000000000 ) ) ;
#3923 = EDGE_CURVE ( 'NONE', #3872, #10811, #1731, .T. ) ;
#3924 = CYLINDRICAL_SURFACE ( 'NONE', #10127, 0.5000000000000004441 ) ;
#3925 = AXIS2_PLACEMENT_3D ( 'NONE', #1594, #6931, #5233 ) ;
#3926 = ORIENTED_EDGE ( 'NONE', *, *, #4138, .T. ) ;
#3927 = DIRECTION ( 'NONE',  ( 1.000000000000000000, 0.0000000000000000000, 0.0000000000000000000 ) ) ;
#3928 = ADVANCED_FACE ( 'NONE', ( #7223 ), #4960, .T. ) ;
#3929 = EDGE_CURVE ( 'NONE', #7956, #4946, #9321, .T. ) ;
#3930 = CYLINDRICAL_SURFACE ( 'NONE', #10450, 26.40000000000919300 ) ;
#3931 = ORIENTED_EDGE ( 'NONE', *, *, #11209, .F. ) ;
#3932 = VERTEX_POINT ( 'NONE', #2722 ) ;
#3933 = EDGE_LOOP ( 'NONE', ( #4172, #7150, #4236, #8303 ) ) ;
#3934 = VERTEX_POINT ( 'NONE', #10705 ) ;
#3935 = CARTESIAN_POINT ( 'NONE',  ( 7.776535249200025923, 12.04840876449995690, -50.00000000000000000 ) ) ;
#3936 = ADVANCED_FACE ( 'NONE', ( #4547 ), #8482, .F. ) ;
#3937 = DIRECTION ( 'NONE',  ( -0.0000000000000000000, -0.0000000000000000000, -1.000000000000000000 ) ) ;
#3938 = CARTESIAN_POINT ( 'NONE',  ( -5.127312328100000371, 66.44840876450000167, 50.00000000000000000 ) ) ;
#3939 = CARTESIAN_POINT ( 'NONE',  ( 6.572816473707495888, 12.11620537467149283, 50.00000000000000000 ) ) ;
#3940 = AXIS2_PLACEMENT_3D ( 'NONE', #840, #5261, #7108 ) ;
#3941 = LINE ( 'NONE', #10692, #8715 ) ;
#3942 = ORIENTED_EDGE ( 'NONE', *, *, #7950, .F. ) ;
#3943 = CARTESIAN_POINT ( 'NONE',  ( 0.7041869790911509108, 4.631119175917397968, 50.00000000000000000 ) ) ;
#3944 = EDGE_LOOP ( 'NONE', ( #2427, #561, #767, #10952 ) ) ;
#3945 = ADVANCED_FACE ( 'NONE', ( #4826 ), #6650, .F. ) ;
#3946 = VERTEX_POINT ( 'NONE', #6588 ) ;
#3947 = VERTEX_POINT ( 'NONE', #11256 ) ;
#3948 = EDGE_CURVE ( 'NONE', #4605, #2293, #6370, .T. ) ;
#3949 = CARTESIAN_POINT ( 'NONE',  ( 16.37268767189999963, 15.04840876450000131, -64.14213562373096522 ) ) ;
#3950 = CARTESIAN_POINT ( 'NONE',  ( 12.97268767189999927, 55.04840876450000309, 50.00000000000000000 ) ) ;
#3951 = VECTOR ( 'NONE', #115, 1000.000000000000000 ) ;
#3952 = ORIENTED_EDGE ( 'NONE', *, *, #10271, .F. ) ;
#3953 = CARTESIAN_POINT ( 'NONE',  ( 1.367322804899999911, 65.50477547050000737, 50.00000000000000000 ) ) ;
#3954 = DIRECTION ( 'NONE',  ( -0.0000000000000000000, -0.0000000000000000000, -1.000000000000000000 ) ) ;
#3955 = CARTESIAN_POINT ( 'NONE',  ( 23.42905437789999823, 3.443043897399999942, -50.00000000000000000 ) ) ;
#3956 = CYLINDRICAL_SURFACE ( 'NONE', #5478, 3.999999999999899636 ) ;
#3957 = EDGE_LOOP ( 'NONE', ( #4692, #8362 ) ) ;
#3958 = VERTEX_POINT ( 'NONE', #9434 ) ;
#3959 = ORIENTED_EDGE ( 'NONE', *, *, #2929, .F. ) ;
#3960 = AXIS2_PLACEMENT_3D ( 'NONE', #4064, #5832, #7646 ) ;
#3961 = CYLINDRICAL_SURFACE ( 'NONE', #8385, 3.699999999999686207 ) ;
#3962 = CARTESIAN_POINT ( 'NONE',  ( 19.47268767190000105, 70.54840876449999598, -50.00000000000000000 ) ) ;
#3963 = CARTESIAN_POINT ( 'NONE',  ( 18.87717657363040757, 58.04840876449998177, -50.00000000000000000 ) ) ;
#3964 = EDGE_CURVE ( 'NONE', #4837, #456, #9039, .T. ) ;
#3965 = FACE_OUTER_BOUND ( 'NONE', #9533, .T. ) ;
#3966 = DIRECTION ( 'NONE',  ( 1.000000000000000000, 0.0000000000000000000, 0.0000000000000000000 ) ) ;
#3967 = CYLINDRICAL_SURFACE ( 'NONE', #1024, 1.000000000000013101 ) ;
#3968 = ORIENTED_EDGE ( 'NONE', *, *, #7829, .T. ) ;
#3969 = FACE_OUTER_BOUND ( 'NONE', #9024, .T. ) ;
#3970 = ORIENTED_EDGE ( 'NONE', *, *, #7815, .F. ) ;
#3971 = DIRECTION ( 'NONE',  ( -0.0000000000000000000, -0.0000000000000000000, -1.000000000000000000 ) ) ;
#3972 = EDGE_CURVE ( 'NONE', #5952, #1526, #9307, .T. ) ;
#3973 = AXIS2_PLACEMENT_3D ( 'NONE', #4587, #9101, #979 ) ;
#3974 = CARTESIAN_POINT ( 'NONE',  ( 10.47268767189999927, 49.85225634180000043, -50.00000000000000000 ) ) ;
#3975 = FACE_OUTER_BOUND ( 'NONE', #2542, .T. ) ;
#3976 = ORIENTED_EDGE ( 'NONE', *, *, #3622, .F. ) ;
#3977 = EDGE_CURVE ( 'NONE', #177, #276, #3133, .T. ) ;
#3978 = VECTOR ( 'NONE', #10212, 1000.000000000000000 ) ;
#3979 = CYLINDRICAL_SURFACE ( 'NONE', #8686, 0.4999999999999449329 ) ;
#3980 = CARTESIAN_POINT ( 'NONE',  ( 10.77268767189999998, 7.298408764500000423, 50.00000000000000000 ) ) ;
#3981 = VERTEX_POINT ( 'NONE', #10297 ) ;
#3982 = DIRECTION ( 'NONE',  ( -0.0000000000000000000, -0.0000000000000000000, -1.000000000000000000 ) ) ;
#3983 = CARTESIAN_POINT ( 'NONE',  ( 31.47268767190000105, 59.04840876450000309, 50.00000000000000000 ) ) ;
#3984 = CARTESIAN_POINT ( 'NONE',  ( -5.627312328100000371, 71.04840876449999598, 50.00000000000000000 ) ) ;
#3985 = EDGE_CURVE ( 'NONE', #2710, #1109, #2153, .T. ) ;
#3986 = CARTESIAN_POINT ( 'NONE',  ( 7.972687671900000161, 70.54840876449999598, -50.00000000000000000 ) ) ;
#3987 = CARTESIAN_POINT ( 'NONE',  ( 7.370858131500000354, 17.54840876449999953, 50.00000000000000000 ) ) ;
#3988 = EDGE_CURVE ( 'NONE', #6541, #5194, #9028, .T. ) ;
#3989 = CYLINDRICAL_SURFACE ( 'NONE', #1318, 1.999999999999904521 ) ;
#3990 = VERTEX_POINT ( 'NONE', #4059 ) ;
#3991 = VECTOR ( 'NONE', #777, 1000.000000000000000 ) ;
#3992 = ORIENTED_EDGE ( 'NONE', *, *, #9329, .F. ) ;
#3993 = ORIENTED_EDGE ( 'NONE', *, *, #7258, .T. ) ;
#3994 = ORIENTED_EDGE ( 'NONE', *, *, #10288, .F. ) ;
#3995 = ADVANCED_FACE ( 'NONE', ( #748 ), #3689, .F. ) ;
#3996 = CARTESIAN_POINT ( 'NONE',  ( 24.87268767190000318, 73.64840876450000451, 50.00000000000000000 ) ) ;
#3997 = DIRECTION ( 'NONE',  ( 1.000000000000000000, 0.0000000000000000000, 0.0000000000000000000 ) ) ;
#3998 = CARTESIAN_POINT ( 'NONE',  ( -15.64176560036292152, 65.36200999784996668, 50.00000000000000000 ) ) ;
#3999 = CARTESIAN_POINT ( 'NONE',  ( 3.245304965300000344, 65.68570135599999560, -50.00000000000000000 ) ) ;
#4000 = CARTESIAN_POINT ( 'NONE',  ( 20.47268767190000105, 73.04840876449999598, -50.00000000000000000 ) ) ;
#4001 = VECTOR ( 'NONE', #2383, 1000.000000000000000 ) ;
#4002 = ORIENTED_EDGE ( 'NONE', *, *, #10117, .F. ) ;
#4003 = CIRCLE ( 'NONE', #9523, 0.4999999999999726885 ) ;
#4004 = CARTESIAN_POINT ( 'NONE',  ( 1.222687671899958861, 12.84840876448371816, -50.00000000000000000 ) ) ;
#4005 = VERTEX_POINT ( 'NONE', #2220 ) ;
#4006 = ADVANCED_FACE ( 'NONE', ( #6636 ), #10405, .F. ) ;
#4007 = ORIENTED_EDGE ( 'NONE', *, *, #332, .T. ) ;
#4008 = EDGE_CURVE ( 'NONE', #11292, #4952, #7908, .T. ) ;
#4009 = CARTESIAN_POINT ( 'NONE',  ( 27.67268767190000389, 5.048408764500000423, 50.00000000000000000 ) ) ;
#4010 = ADVANCED_FACE ( 'NONE', ( #7634 ), #8333, .F. ) ;
#4011 = CARTESIAN_POINT ( 'NONE',  ( 20.72268767190000105, 57.24840876449999882, -50.00000000000000000 ) ) ;
#4012 = LINE ( 'NONE', #4825, #7524 ) ;
#4013 = EDGE_LOOP ( 'NONE', ( #5805, #9500, #615, #3885 ) ) ;
#4014 = CARTESIAN_POINT ( 'NONE',  ( 27.67268767187424672, 7.048408764499903612, 50.00000000000000000 ) ) ;
#4015 = ORIENTED_EDGE ( 'NONE', *, *, #2091, .F. ) ;
#4016 = LINE ( 'NONE', #1154, #10476 ) ;
#4017 = AXIS2_PLACEMENT_3D ( 'NONE', #3471, #11405, #6028 ) ;
#4018 = CARTESIAN_POINT ( 'NONE',  ( -7.027312328099999839, 71.04840876449999598, 50.00000000000000000 ) ) ;
#4019 = CARTESIAN_POINT ( 'NONE',  ( 28.97268767190000816, 48.54840876450001019, -50.00000000000000000 ) ) ;
#4020 = LINE ( 'NONE', #3489, #5131 ) ;
#4021 = VERTEX_POINT ( 'NONE', #4878 ) ;
#4022 = ORIENTED_EDGE ( 'NONE', *, *, #5627, .F. ) ;
#4023 = LINE ( 'NONE', #6070, #10330 ) ;
#4024 = EDGE_CURVE ( 'NONE', #5655, #3664, #9591, .T. ) ;
#4025 = DIRECTION ( 'NONE',  ( -0.0000000000000000000, -0.0000000000000000000, -1.000000000000000000 ) ) ;
#4026 = ORIENTED_EDGE ( 'NONE', *, *, #219, .T. ) ;
#4027 = LINE ( 'NONE', #10555, #8381 ) ;
#4028 = AXIS2_PLACEMENT_3D ( 'NONE', #2063, #11067, #10216 ) ;
#4029 = DIRECTION ( 'NONE',  ( 0.0000000000000000000, 0.0000000000000000000, 1.000000000000000000 ) ) ;
#4030 = VERTEX_POINT ( 'NONE', #3080 ) ;
#4031 = CARTESIAN_POINT ( 'NONE',  ( -1.727312328100000016, 66.44840876450000167, -50.00000000000000000 ) ) ;
#4032 = ORIENTED_EDGE ( 'NONE', *, *, #4501, .F. ) ;
#4033 = CARTESIAN_POINT ( 'NONE',  ( 6.472687671900000161, -0.4515912355000000211, -50.00000000000000000 ) ) ;
#4034 = CARTESIAN_POINT ( 'NONE',  ( 28.47268767190000105, 5.048408764500000423, 50.00000000000000000 ) ) ;
#4035 = DIRECTION ( 'NONE',  ( -1.000000000000000000, 0.0000000000000000000, 0.0000000000000000000 ) ) ;
#4036 = LINE ( 'NONE', #6082, #7272 ) ;
#4037 = VERTEX_POINT ( 'NONE', #5030 ) ;
#4038 = CARTESIAN_POINT ( 'NONE',  ( 30.47268767190000105, 8.048408764499999535, 50.00000000000000000 ) ) ;
#4039 = EDGE_CURVE ( 'NONE', #6419, #10797, #1308, .T. ) ;
#4040 = CYLINDRICAL_SURFACE ( 'NONE', #5961, 24.99999999999804601 ) ;
#4041 = CARTESIAN_POINT ( 'NONE',  ( 28.47268767190000105, 45.04840876450000309, 50.00000000000000000 ) ) ;
#4042 = ORIENTED_EDGE ( 'NONE', *, *, #10288, .T. ) ;
#4043 = CARTESIAN_POINT ( 'NONE',  ( 2.265459663517481292, 67.69148958513011394, 50.00000000000000000 ) ) ;
#4044 = DIRECTION ( 'NONE',  ( -0.0000000000000000000, -0.0000000000000000000, -1.000000000000000000 ) ) ;
#4045 = EDGE_CURVE ( 'NONE', #7224, #10873, #7492, .T. ) ;
#4046 = AXIS2_PLACEMENT_3D ( 'NONE', #4198, #11362, #8812 ) ;
#4047 = VECTOR ( 'NONE', #2189, 1000.000000000000000 ) ;
#4048 = VERTEX_POINT ( 'NONE', #3199 ) ;
#4049 = CARTESIAN_POINT ( 'NONE',  ( -3.027312328099996286, 71.04840876449999598, 50.00000000000000000 ) ) ;
#4050 = ADVANCED_FACE ( 'NONE', ( #623 ), #4536, .F. ) ;
#4051 = EDGE_CURVE ( 'NONE', #8324, #3932, #6361, .T. ) ;
#4052 = VECTOR ( 'NONE', #6647, 1000.000000000000000 ) ;
#4053 = ORIENTED_EDGE ( 'NONE', *, *, #9554, .F. ) ;
#4054 = CARTESIAN_POINT ( 'NONE',  ( -2.527312328099999394, 61.54840876450000309, 50.00000000000000000 ) ) ;
#4055 = AXIS2_PLACEMENT_3D ( 'NONE', #1755, #4455, #8105 ) ;
#4056 = DIRECTION ( 'NONE',  ( -1.000000000000000000, 0.0000000000000000000, 0.0000000000000000000 ) ) ;
#4057 = ADVANCED_FACE ( 'NONE', ( #9867 ), #6074, .T. ) ;
#4058 = CARTESIAN_POINT ( 'NONE',  ( 23.59714646526393267, 6.040516819277669036, 50.00000000000000000 ) ) ;
#4059 = CARTESIAN_POINT ( 'NONE',  ( 10.47268767190000105, 49.85225634180000043, 50.00000000000000000 ) ) ;
#4060 = CARTESIAN_POINT ( 'NONE',  ( 28.97268767190000105, 73.64840876450000451, -50.00000000000000000 ) ) ;
#4061 = CIRCLE ( 'NONE', #2352, 5.700000000012167334 ) ;
#4062 = ORIENTED_EDGE ( 'NONE', *, *, #7581, .T. ) ;
#4063 = DIRECTION ( 'NONE',  ( 1.000000000000000000, 0.0000000000000000000, 0.0000000000000000000 ) ) ;
#4064 = CARTESIAN_POINT ( 'NONE',  ( 6.472687671900000161, -0.4515912355000000211, 50.00000000000000000 ) ) ;
#4065 = FACE_OUTER_BOUND ( 'NONE', #10453, .T. ) ;
#4066 = ADVANCED_FACE ( 'NONE', ( #10007 ), #5225, .F. ) ;
#4067 = ORIENTED_EDGE ( 'NONE', *, *, #8922, .F. ) ;
#4068 = ORIENTED_EDGE ( 'NONE', *, *, #1562, .F. ) ;
#4069 = VECTOR ( 'NONE', #10241, 1000.000000000000000 ) ;
#4070 = VERTEX_POINT ( 'NONE', #8797 ) ;
#4071 = CARTESIAN_POINT ( 'NONE',  ( 5.972687671900000161, 71.04840876449999598, 50.00000000000000000 ) ) ;
#4072 = EDGE_CURVE ( 'NONE', #6314, #5609, #7208, .T. ) ;
#4073 = CARTESIAN_POINT ( 'NONE',  ( 5.222687671900001050, 12.84840876448371816, 50.00000000000000000 ) ) ;
#4074 = CARTESIAN_POINT ( 'NONE',  ( 41.58714094423089591, 65.36200999777653919, 50.00000000000000000 ) ) ;
#4075 = DIRECTION ( 'NONE',  ( 1.000000000000000000, 0.0000000000000000000, 0.0000000000000000000 ) ) ;
#4076 = AXIS2_PLACEMENT_3D ( 'NONE', #7958, #9794, #2663 ) ;
#4077 = ORIENTED_EDGE ( 'NONE', *, *, #2679, .T. ) ;
#4078 = ORIENTED_EDGE ( 'NONE', *, *, #6989, .F. ) ;
#4079 = DIRECTION ( 'NONE',  ( -1.000000000000000000, 0.0000000000000000000, 0.0000000000000000000 ) ) ;
#4080 = DIRECTION ( 'NONE',  ( 0.0000000000000000000, 0.0000000000000000000, 1.000000000000000000 ) ) ;
#4081 = ORIENTED_EDGE ( 'NONE', *, *, #10576, .F. ) ;
#4082 = DIRECTION ( 'NONE',  ( 1.000000000000000000, 0.0000000000000000000, 0.0000000000000000000 ) ) ;
#4083 = ORIENTED_EDGE ( 'NONE', *, *, #11385, .F. ) ;
#4085 = CARTESIAN_POINT ( 'NONE',  ( 18.47268767190000105, 75.04840876449999598, 50.00000000000000000 ) ) ;
#4084 = VECTOR ( 'NONE', #5457, 1000.000000000000000 ) ;
#4086 = ORIENTED_EDGE ( 'NONE', *, *, #464, .T. ) ;
#4087 = EDGE_LOOP ( 'NONE', ( #10133, #5541, #9744, #3315 ) ) ;
#4088 = ADVANCED_FACE ( 'NONE', ( #5947 ), #1169, .F. ) ;
#4089 = ORIENTED_EDGE ( 'NONE', *, *, #10457, .T. ) ;
#4090 = DIRECTION ( 'NONE',  ( -0.0000000000000000000, -0.0000000000000000000, -1.000000000000000000 ) ) ;
#4091 = VERTEX_POINT ( 'NONE', #2379 ) ;
#4092 = VECTOR ( 'NONE', #4824, 1000.000000000000000 ) ;
#4093 = ORIENTED_EDGE ( 'NONE', *, *, #1754, .T. ) ;
#4094 = VERTEX_POINT ( 'NONE', #4326 ) ;
#4095 = CARTESIAN_POINT ( 'NONE',  ( -1.727312328099880556, 7.048408764500091017, 50.00000000000000000 ) ) ;
#4096 = ORIENTED_EDGE ( 'NONE', *, *, #11209, .T. ) ;
#4097 = CARTESIAN_POINT ( 'NONE',  ( 2.348228878595858493, 6.040516819305399743, -50.00000000000000000 ) ) ;
#4098 = CARTESIAN_POINT ( 'NONE',  ( 15.47268767189999927, 20.24456118719999864, -50.00000000000000000 ) ) ;
#4099 = AXIS2_PLACEMENT_3D ( 'NONE', #7596, #1272, #2302 ) ;
#4100 = CARTESIAN_POINT ( 'NONE',  ( 15.47268767189999927, 49.54840876450001019, 50.00000000000000000 ) ) ;
#4101 = FACE_OUTER_BOUND ( 'NONE', #8449, .T. ) ;
#4102 = CARTESIAN_POINT ( 'NONE',  ( 27.67268767190000389, 3.648408764500000512, -50.00000000000000000 ) ) ;
#4103 = ORIENTED_EDGE ( 'NONE', *, *, #7422, .F. ) ;
#4104 = VERTEX_POINT ( 'NONE', #2517 ) ;
#4105 = ORIENTED_EDGE ( 'NONE', *, *, #7832, .T. ) ;
#4106 = CIRCLE ( 'NONE', #11103, 2.500000000000003109 ) ;
#4107 = ORIENTED_EDGE ( 'NONE', *, *, #6148, .F. ) ;
#4108 = ADVANCED_FACE ( 'NONE', ( #3975 ), #5093, .T. ) ;
#4109 = VERTEX_POINT ( 'NONE', #4289 ) ;
#4110 = EDGE_CURVE ( 'NONE', #5390, #5047, #2851, .T. ) ;
#4111 = CARTESIAN_POINT ( 'NONE',  ( -3.027312328099992289, 61.54840876450001019, 50.00000000000000000 ) ) ;
#4112 = AXIS2_PLACEMENT_3D ( 'NONE', #3162, #4877, #6605 ) ;
#4113 = CARTESIAN_POINT ( 'NONE',  ( 7.776535249200025923, 12.04840876449995690, 50.00000000000000000 ) ) ;
#4114 = DIRECTION ( 'NONE',  ( -0.0000000000000000000, -0.0000000000000000000, -1.000000000000000000 ) ) ;
#4115 = DIRECTION ( 'NONE',  ( -1.000000000000000000, -0.0000000000000000000, -0.0000000000000000000 ) ) ;
#4117 = FACE_OUTER_BOUND ( 'NONE', #1889, .T. ) ;
#4116 = CARTESIAN_POINT ( 'NONE',  ( -1.727312328099880556, 7.048408764500091017, -50.00000000000000000 ) ) ;
#4118 = EDGE_LOOP ( 'NONE', ( #6739, #3942, #3647, #5824 ) ) ;
#4119 = LINE ( 'NONE', #3238, #9171 ) ;
#4120 = CIRCLE ( 'NONE', #656, 26.40000000001335678 ) ;
#4121 = ORIENTED_EDGE ( 'NONE', *, *, #11193, .T. ) ;
#4122 = ORIENTED_EDGE ( 'NONE', *, *, #10746, .F. ) ;
#4123 = CARTESIAN_POINT ( 'NONE',  ( 28.47268767190000105, 20.04840876449999953, 50.00000000000000000 ) ) ;
#4124 = ADVANCED_FACE ( 'NONE', ( #3002 ), #10594, .F. ) ;
#4125 = EDGE_CURVE ( 'NONE', #5502, #9268, #10836, .T. ) ;
#4126 = SHAPE_DEFINITION_REPRESENTATION ( #2085, #3866 ) ;
#4127 = CARTESIAN_POINT ( 'NONE',  ( 31.57268767190000247, 3.148408764500000512, 50.00000000000000000 ) ) ;
#4128 = DIRECTION ( 'NONE',  ( -0.0000000000000000000, -0.0000000000000000000, -1.000000000000000000 ) ) ;
#4129 = EDGE_CURVE ( 'NONE', #1531, #10587, #4262, .T. ) ;
#4130 = DIRECTION ( 'NONE',  ( -1.000000000000000000, 0.0000000000000000000, 0.0000000000000000000 ) ) ;
#4131 = CIRCLE ( 'NONE', #1919, 4.000000000000161648 ) ;
#4132 = EDGE_LOOP ( 'NONE', ( #407, #1486, #4166, #676 ) ) ;
#4133 = ADVANCED_FACE ( 'NONE', ( #3280 ), #2440, .T. ) ;
#4134 = ORIENTED_EDGE ( 'NONE', *, *, #9099, .F. ) ;
#4135 = AXIS2_PLACEMENT_3D ( 'NONE', #2744, #8275, #3640 ) ;
#4136 = CARTESIAN_POINT ( 'NONE',  ( 3.598858355893540750, 65.33214796540694635, -50.00000000000000000 ) ) ;
#4137 = EDGE_LOOP ( 'NONE', ( #2779, #148, #8043, #730 ) ) ;
#4138 = EDGE_CURVE ( 'NONE', #9043, #4909, #4814, .T. ) ;
#4139 = CARTESIAN_POINT ( 'NONE',  ( 5.472687671900043682, 70.54840876449995335, 50.00000000000000000 ) ) ;
#4140 = VECTOR ( 'NONE', #7406, 1000.000000000000000 ) ;
#4141 = CARTESIAN_POINT ( 'NONE',  ( 31.47268767190000105, 20.54840876450000309, -50.00000000000000000 ) ) ;
#4142 = ORIENTED_EDGE ( 'NONE', *, *, #6607, .T. ) ;
#4143 = VECTOR ( 'NONE', #2649, 1000.000000000000000 ) ;
#4144 = CARTESIAN_POINT ( 'NONE',  ( 2.188948470993030693, 5.674579448493523692, 50.00000000000000000 ) ) ;
#4145 = ORIENTED_EDGE ( 'NONE', *, *, #1286, .T. ) ;
#4146 = ORIENTED_EDGE ( 'NONE', *, *, #7221, .F. ) ;
#4147 = DIRECTION ( 'NONE',  ( -1.000000000000000000, 0.0000000000000000000, 0.0000000000000000000 ) ) ;
#4148 = CARTESIAN_POINT ( 'NONE',  ( -1.727312328100000016, 25.04840876449999953, 50.00000000000000000 ) ) ;
#4149 = ORIENTED_EDGE ( 'NONE', *, *, #10437, .F. ) ;
#4150 = EDGE_CURVE ( 'NONE', #7077, #1720, #1873, .T. ) ;
#4151 = EDGE_CURVE ( 'NONE', #6209, #2705, #8471, .T. ) ;
#4152 = AXIS2_PLACEMENT_3D ( 'NONE', #8159, #5595, #4654 ) ;
#4153 = ADVANCED_FACE ( 'NONE', ( #5800 ), #11540, .F. ) ;
#4154 = FACE_OUTER_BOUND ( 'NONE', #6600, .T. ) ;
#4155 = ORIENTED_EDGE ( 'NONE', *, *, #4636, .F. ) ;
#4156 = CYLINDRICAL_SURFACE ( 'NONE', #5912, 0.4999999999999900080 ) ;
#4157 = CARTESIAN_POINT ( 'NONE',  ( -2.527312328099999839, 50.04840876450001019, -50.00000000000000000 ) ) ;
#4158 = DIRECTION ( 'NONE',  ( 0.0000000000000000000, 0.0000000000000000000, 1.000000000000000000 ) ) ;
#4159 = DIRECTION ( 'NONE',  ( 1.000000000000000000, -0.0000000000000000000, -0.0000000000000000000 ) ) ;
#4160 = CARTESIAN_POINT ( 'NONE',  ( 5.222687671900000161, 52.84840876448123481, -50.00000000000000000 ) ) ;
#4161 = DIRECTION ( 'NONE',  ( -0.0000000000000000000, -0.0000000000000000000, -1.000000000000000000 ) ) ;
#4162 = EDGE_CURVE ( 'NONE', #6044, #1669, #8189, .T. ) ;
#4163 = AXIS2_PLACEMENT_3D ( 'NONE', #3902, #2135, #7474 ) ;
#4164 = CARTESIAN_POINT ( 'NONE',  ( -3.027312328099999839, 62.04840876450000309, 50.00000000000000000 ) ) ;
#4165 = FACE_OUTER_BOUND ( 'NONE', #2407, .T. ) ;
#4166 = ORIENTED_EDGE ( 'NONE', *, *, #7741, .F. ) ;
#4167 = ORIENTED_EDGE ( 'NONE', *, *, #8784, .T. ) ;
#4168 = LINE ( 'NONE', #5509, #11155 ) ;
#4169 = EDGE_CURVE ( 'NONE', #6428, #1118, #9718, .T. ) ;
#4170 = DIRECTION ( 'NONE',  ( -0.0000000000000000000, -0.0000000000000000000, -1.000000000000000000 ) ) ;
#4171 = CARTESIAN_POINT ( 'NONE',  ( -5.527312328099996286, 20.54840876450000664, -50.00000000000000000 ) ) ;
#4172 = ORIENTED_EDGE ( 'NONE', *, *, #3436, .T. ) ;
#4173 = CARTESIAN_POINT ( 'NONE',  ( 31.57268767190000247, 3.148408764500000512, 50.00000000000000000 ) ) ;
#4174 = CARTESIAN_POINT ( 'NONE',  ( 3.964795726725221847, 65.67286755782261309, -50.00000000000000000 ) ) ;
#4175 = LINE ( 'NONE', #2341, #3599 ) ;
#4176 = EDGE_LOOP ( 'NONE', ( #10518, #7338, #5600, #7691 ) ) ;
#4177 = ORIENTED_EDGE ( 'NONE', *, *, #4423, .T. ) ;
#4178 = AXIS2_PLACEMENT_3D ( 'NONE', #3347, #6088, #6010 ) ;
#4179 = VECTOR ( 'NONE', #8984, 1000.000000000000000 ) ;
#4180 = ORIENTED_EDGE ( 'NONE', *, *, #453, .F. ) ;
#4181 = PRODUCT_CONTEXT ( 'NONE', #10324, 'mechanical' ) ;
#4182 = CARTESIAN_POINT ( 'NONE',  ( 20.72268767190000105, 17.24840876449999882, 50.00000000000000000 ) ) ;
#4183 = ADVANCED_FACE ( 'NONE', ( #7345 ), #6125, .F. ) ;
#4184 = CIRCLE ( 'NONE', #8593, 0.5000000000000593969 ) ;
#4185 = EDGE_CURVE ( 'NONE', #10042, #6209, #1025, .T. ) ;
#4186 = VERTEX_POINT ( 'NONE', #11499 ) ;
#4187 = DIRECTION ( 'NONE',  ( 0.0000000000000000000, 0.0000000000000000000, 1.000000000000000000 ) ) ;
#4188 = CARTESIAN_POINT ( 'NONE',  ( 17.55623076396699389, 6.510685578278065044, 50.00000000000000000 ) ) ;
#4189 = ADVANCED_FACE ( 'NONE', ( #4947 ), #6202, .T. ) ;
#4190 = LINE ( 'NONE', #2490, #11047 ) ;
#4191 = EDGE_LOOP ( 'NONE', ( #3197, #2692, #3184, #6967 ) ) ;
#4192 = AXIS2_PLACEMENT_3D ( 'NONE', #1662, #10460, #8803 ) ;
#4193 = CARTESIAN_POINT ( 'NONE',  ( 29.47268767190000105, 11.04840876450000131, 50.00000000000000000 ) ) ;
#4194 = CARTESIAN_POINT ( 'NONE',  ( 23.42905437789999823, 66.65377363150000178, 50.00000000000000000 ) ) ;
#4195 = CARTESIAN_POINT ( 'NONE',  ( 0.7041869790911509108, 4.631119175917397968, 50.00000000000000000 ) ) ;
#4196 = CARTESIAN_POINT ( 'NONE',  ( 18.87717657362980361, 12.04840876450005460, 50.00000000000000000 ) ) ;
#4197 = CYLINDRICAL_SURFACE ( 'NONE', #3663, 0.5000000000000281997 ) ;
#4198 = CARTESIAN_POINT ( 'NONE',  ( 30.47268767190000105, 22.54840876450001375, 50.00000000000000000 ) ) ;
#4199 = EDGE_CURVE ( 'NONE', #5538, #8290, #11409, .T. ) ;
#4200 = EDGE_CURVE ( 'NONE', #8973, #10081, #1460, .T. ) ;
#4201 = AXIS2_PLACEMENT_3D ( 'NONE', #7024, #5334, #8794 ) ;
#4202 = CIRCLE ( 'NONE', #6698, 0.5000000000001080247 ) ;
#4203 = ORIENTED_EDGE ( 'NONE', *, *, #11182, .F. ) ;
#4204 = DIRECTION ( 'NONE',  ( -0.0000000000000000000, -0.0000000000000000000, -1.000000000000000000 ) ) ;
#4205 = VECTOR ( 'NONE', #4161, 1000.000000000000000 ) ;
#4206 = EDGE_CURVE ( 'NONE', #4419, #7197, #2566, .T. ) ;
#4207 = VERTEX_POINT ( 'NONE', #8006 ) ;
#4208 = ADVANCED_FACE ( 'NONE', ( #8048 ), #10155, .T. ) ;
#4209 = AXIS2_PLACEMENT_3D ( 'NONE', #9849, #6249, #923 ) ;
#4210 = CARTESIAN_POINT ( 'NONE',  ( 7.972687671899985951, 71.54840876450001019, 50.00000000000000000 ) ) ;
#4211 = LINE ( 'NONE', #7825, #10367 ) ;
#4212 = ORIENTED_EDGE ( 'NONE', *, *, #7829, .F. ) ;
#4213 = EDGE_CURVE ( 'NONE', #6340, #6434, #10289, .T. ) ;
#4214 = EDGE_CURVE ( 'NONE', #9015, #5769, #10435, .T. ) ;
#4215 = FACE_OUTER_BOUND ( 'NONE', #7163, .T. ) ;
#4216 = CARTESIAN_POINT ( 'NONE',  ( 2.659086438555689824, -13.56604450776711346, 50.00000000000000000 ) ) ;
#4217 = AXIS2_PLACEMENT_3D ( 'NONE', #9804, #6164, #802 ) ;
#4218 = ORIENTED_EDGE ( 'NONE', *, *, #10196, .T. ) ;
#4219 = CARTESIAN_POINT ( 'NONE',  ( 10.77268767190012433, 3.298408764500092794, -50.00000000000000000 ) ) ;
#4220 = CARTESIAN_POINT ( 'NONE',  ( 28.47268767190000105, 50.04840876450001019, 50.00000000000000000 ) ) ;
#4221 = LINE ( 'NONE', #4561, #4084 ) ;
#4222 = VERTEX_POINT ( 'NONE', #791 ) ;
#4223 = DIRECTION ( 'NONE',  ( -0.0000000000000000000, -1.000000000000000000, -0.0000000000000000000 ) ) ;
#4224 = AXIS2_PLACEMENT_3D ( 'NONE', #6295, #9748, #7983 ) ;
#4225 = ORIENTED_EDGE ( 'NONE', *, *, #7512, .F. ) ;
#4226 = EDGE_LOOP ( 'NONE', ( #8432, #9139, #8437, #3374 ) ) ;
#4227 = ORIENTED_EDGE ( 'NONE', *, *, #10153, .T. ) ;
#4228 = DIRECTION ( 'NONE',  ( 1.000000000000000000, 0.0000000000000000000, 0.0000000000000000000 ) ) ;
#4229 = CARTESIAN_POINT ( 'NONE',  ( 30.97268767190000460, 40.84840876450000025, 50.00000000000000000 ) ) ;
#4230 = EDGE_CURVE ( 'NONE', #3249, #6258, #3553, .T. ) ;
#4231 = CARTESIAN_POINT ( 'NONE',  ( -2.527312328099999839, 48.54840876450000309, -50.00000000000000000 ) ) ;
#4232 = CARTESIAN_POINT ( 'NONE',  ( -15.64176560036758801, 25.36200999784368904, 50.00000000000000000 ) ) ;
#4233 = DIRECTION ( 'NONE',  ( -0.0000000000000000000, -1.000000000000000000, -0.0000000000000000000 ) ) ;
#4234 = VECTOR ( 'NONE', #7927, 1000.000000000000000 ) ;
#4235 = ORIENTED_EDGE ( 'NONE', *, *, #5017, .T. ) ;
#4236 = ORIENTED_EDGE ( 'NONE', *, *, #10166, .F. ) ;
#4237 = CARTESIAN_POINT ( 'NONE',  ( 18.16884009460000016, 12.54840876449999953, 50.00000000000000000 ) ) ;
#4238 = CARTESIAN_POINT ( 'NONE',  ( 23.67991568029106730, 67.69148958506923464, 50.00000000000000000 ) ) ;
#4239 = ORIENTED_EDGE ( 'NONE', *, *, #10783, .F. ) ;
#4240 = FACE_OUTER_BOUND ( 'NONE', #3007, .T. ) ;
#4241 = ORIENTED_EDGE ( 'NONE', *, *, #2679, .F. ) ;
#4242 = AXIS2_PLACEMENT_3D ( 'NONE', #657, #9553, #6885 ) ;
#4243 = CIRCLE ( 'NONE', #10293, 26.70000000000322160 ) ;
#4244 = ADVANCED_FACE ( 'NONE', ( #1296 ), #11110, .T. ) ;
#4245 = ORIENTED_EDGE ( 'NONE', *, *, #3155, .T. ) ;
#4246 = CARTESIAN_POINT ( 'NONE',  ( 18.47268767190001526, 73.54840876449998177, -50.00000000000000000 ) ) ;
#4247 = DIRECTION ( 'NONE',  ( -0.7071067811557779637, 0.7071067812173170708, 0.0000000000000000000 ) ) ;
#4248 = DIRECTION ( 'NONE',  ( 1.000000000000000000, 0.0000000000000000000, 0.0000000000000000000 ) ) ;
#4249 = ORIENTED_EDGE ( 'NONE', *, *, #4949, .T. ) ;
#4250 = VECTOR ( 'NONE', #980, 1000.000000000000000 ) ;
#4251 = EDGE_CURVE ( 'NONE', #7660, #3299, #9017, .T. ) ;
#4252 = VECTOR ( 'NONE', #5293, 1000.000000000000000 ) ;
#4253 = FACE_OUTER_BOUND ( 'NONE', #2194, .T. ) ;
#4254 = VERTEX_POINT ( 'NONE', #9760 ) ;
#4255 = CIRCLE ( 'NONE', #8339, 0.4999999999999865663 ) ;
#4256 = ORIENTED_EDGE ( 'NONE', *, *, #8667, .T. ) ;
#4257 = CARTESIAN_POINT ( 'NONE',  ( 23.28628890540853646, -13.56604450765714809, 50.00000000000000000 ) ) ;
#4258 = DIRECTION ( 'NONE',  ( 0.0000000000000000000, 0.0000000000000000000, 1.000000000000000000 ) ) ;
#4259 = AXIS2_PLACEMENT_3D ( 'NONE', #1810, #41, #9062 ) ;
#4260 = DIRECTION ( 'NONE',  ( 1.000000000000000000, 0.0000000000000000000, 0.0000000000000000000 ) ) ;
#4261 = DIRECTION ( 'NONE',  ( -0.0000000000000000000, -0.0000000000000000000, -1.000000000000000000 ) ) ;
#4262 = LINE ( 'NONE', #6993, #7787 ) ;
#4263 = ORIENTED_EDGE ( 'NONE', *, *, #1663, .F. ) ;
#4264 = LINE ( 'NONE', #574, #1876 ) ;
#4265 = CIRCLE ( 'NONE', #9068, 0.5000000000003473888 ) ;
#4266 = ORIENTED_EDGE ( 'NONE', *, *, #8457, .T. ) ;
#4267 = VERTEX_POINT ( 'NONE', #5250 ) ;
#4268 = EDGE_CURVE ( 'NONE', #1545, #10180, #5934, .T. ) ;
#4269 = AXIS2_PLACEMENT_3D ( 'NONE', #9826, #10760, #1800 ) ;
#4270 = DIRECTION ( 'NONE',  ( -0.0000000000000000000, -0.0000000000000000000, -1.000000000000000000 ) ) ;
#4271 = DIRECTION ( 'NONE',  ( 0.0000000000000000000, 0.0000000000000000000, 1.000000000000000000 ) ) ;
#4272 = LINE ( 'NONE', #5265, #9727 ) ;
#4273 = ORIENTED_EDGE ( 'NONE', *, *, #2607, .T. ) ;
#4274 = LINE ( 'NONE', #4682, #8757 ) ;
#4275 = CARTESIAN_POINT ( 'NONE',  ( 30.47268767190000105, 22.04840876449999953, 50.00000000000000000 ) ) ;
#4276 = ORIENTED_EDGE ( 'NONE', *, *, #5172, .T. ) ;
#4277 = ORIENTED_EDGE ( 'NONE', *, *, #7843, .F. ) ;
#4278 = AXIS2_PLACEMENT_3D ( 'NONE', #4518, #8130, #52 ) ;
#4279 = ORIENTED_EDGE ( 'NONE', *, *, #8198, .T. ) ;
#4280 = EDGE_CURVE ( 'NONE', #8179, #9036, #11267, .T. ) ;
#4281 = VECTOR ( 'NONE', #7919, 1000.000000000000000 ) ;
#4282 = EDGE_LOOP ( 'NONE', ( #2483, #649, #10902, #8 ) ) ;
#4283 = AXIS2_PLACEMENT_3D ( 'NONE', #6405, #11, #1929 ) ;
#4284 = CIRCLE ( 'NONE', #8923, 0.5000000000001183498 ) ;
#4285 = ORIENTED_EDGE ( 'NONE', *, *, #1783, .T. ) ;
#4286 = VERTEX_POINT ( 'NONE', #11254 ) ;
#4287 = CARTESIAN_POINT ( 'NONE',  ( 25.24118836481704520, 4.631119175890839657, 50.00000000000000000 ) ) ;
#4288 = CARTESIAN_POINT ( 'NONE',  ( 1.572687671867744275, 0.3484087645000003564, 50.00000000000000000 ) ) ;
#4289 = CARTESIAN_POINT ( 'NONE',  ( 9.572687671900000694, 55.04840876449999598, -50.00000000000000000 ) ) ;
#4290 = CIRCLE ( 'NONE', #857, 1.499999999999997780 ) ;
#4291 = ORIENTED_EDGE ( 'NONE', *, *, #4410, .T. ) ;
#4292 = EDGE_LOOP ( 'NONE', ( #11001, #2012, #9566, #11268 ) ) ;
#4293 = VECTOR ( 'NONE', #8939, 1000.000000000000000 ) ;
#4294 = CARTESIAN_POINT ( 'NONE',  ( 4.972687671899850947, 0.3484087643932391454, -50.00000000000000000 ) ) ;
#4295 = CARTESIAN_POINT ( 'NONE',  ( 2.265459663517481292, 67.69148958513011394, 50.00000000000000000 ) ) ;
#4296 = EDGE_CURVE ( 'NONE', #2228, #7494, #2140, .T. ) ;
#4297 = LINE ( 'NONE', #9261, #8788 ) ;
#4298 = DIRECTION ( 'NONE',  ( 0.0000000000000000000, 0.0000000000000000000, 1.000000000000000000 ) ) ;
#4299 = ORIENTED_EDGE ( 'NONE', *, *, #994, .F. ) ;
#4300 = DIRECTION ( 'NONE',  ( -0.0000000000000000000, -0.0000000000000000000, -1.000000000000000000 ) ) ;
#4301 = ORIENTED_EDGE ( 'NONE', *, *, #9169, .T. ) ;
#4302 = CIRCLE ( 'NONE', #6715, 1.000000000000035527 ) ;
#4303 = CARTESIAN_POINT ( 'NONE',  ( 30.47268767190000105, 8.048408764499997758, 50.00000000000000000 ) ) ;
#4304 = DIRECTION ( 'NONE',  ( -0.0000000000000000000, -0.0000000000000000000, -1.000000000000000000 ) ) ;
#4305 = DIRECTION ( 'NONE',  ( -0.0000000000000000000, -0.0000000000000000000, -1.000000000000000000 ) ) ;
#4306 = AXIS2_PLACEMENT_3D ( 'NONE', #5295, #11456, #650 ) ;
#4307 = EDGE_LOOP ( 'NONE', ( #976, #10290, #841, #3409 ) ) ;
#4308 = DIRECTION ( 'NONE',  ( 0.0000000000000000000, 0.0000000000000000000, 1.000000000000000000 ) ) ;
#4309 = CARTESIAN_POINT ( 'NONE',  ( 15.97268767190002414, 20.24456118720763342, 50.00000000000000000 ) ) ;
#4310 = CARTESIAN_POINT ( 'NONE',  ( 7.370858131500000354, 52.54840876450000309, 50.00000000000000000 ) ) ;
#4311 = ADVANCED_FACE ( 'NONE', ( #11547 ), #3961, .T. ) ;
#4312 = LINE ( 'NONE', #10593, #10890 ) ;
#4313 = ORIENTED_EDGE ( 'NONE', *, *, #7380, .F. ) ;
#4314 = DIRECTION ( 'NONE',  ( 1.000000000000000000, -0.0000000000000000000, -0.0000000000000000000 ) ) ;
#4315 = CARTESIAN_POINT ( 'NONE',  ( 41.58714094417511120, 44.73480753116644593, -50.00000000000000000 ) ) ;
#4316 = CARTESIAN_POINT ( 'NONE',  ( 28.97268767189997618, 71.04840876449998177, -50.00000000000000000 ) ) ;
#4317 = VECTOR ( 'NONE', #9739, 1000.000000000000000 ) ;
#4318 = ORIENTED_EDGE ( 'NONE', *, *, #5617, .F. ) ;
#4319 = DIRECTION ( 'NONE',  ( -0.0000000000000000000, -1.000000000000000000, -0.0000000000000000000 ) ) ;
#4320 = VECTOR ( 'NONE', #4159, 1000.000000000000000 ) ;
#4321 = AXIS2_PLACEMENT_3D ( 'NONE', #3536, #844, #2488 ) ;
#4322 = ORIENTED_EDGE ( 'NONE', *, *, #7353, .T. ) ;
#4323 = CARTESIAN_POINT ( 'NONE',  ( 16.97268767190000105, -3.451591235500000021, 50.00000000000000000 ) ) ;
#4324 = DIRECTION ( 'NONE',  ( 1.000000000000000000, 0.0000000000000000000, 0.0000000000000000000 ) ) ;
#4325 = DIRECTION ( 'NONE',  ( -0.0000000000000000000, -0.0000000000000000000, -1.000000000000000000 ) ) ;
#4326 = CARTESIAN_POINT ( 'NONE',  ( -4.527312328099999839, 62.04840876450000309, 50.00000000000000000 ) ) ;
#4327 = VECTOR ( 'NONE', #6049, 1000.000000000000000 ) ;
#4328 = ORIENTED_EDGE ( 'NONE', *, *, #6666, .T. ) ;
#4329 = DIRECTION ( 'NONE',  ( 1.000000000000000000, 0.0000000000000000000, 0.0000000000000000000 ) ) ;
#4330 = EDGE_CURVE ( 'NONE', #9030, #10245, #1718, .T. ) ;
#4331 = LINE ( 'NONE', #6808, #2928 ) ;
#4332 = VERTEX_POINT ( 'NONE', #6791 ) ;
#4333 = AXIS2_PLACEMENT_3D ( 'NONE', #7294, #11649, #6270 ) ;
#4334 = CARTESIAN_POINT ( 'NONE',  ( 23.42905437789999823, 3.443043897399999498, 50.00000000000000000 ) ) ;
#4335 = CYLINDRICAL_SURFACE ( 'NONE', #6925, 0.5000000000000177636 ) ;
#4336 = ORIENTED_EDGE ( 'NONE', *, *, #7411, .F. ) ;
#4337 = CARTESIAN_POINT ( 'NONE',  ( 25.61576849251932941, 65.75563677290652720, 50.00000000000000000 ) ) ;
#4338 = DIRECTION ( 'NONE',  ( 1.000000000000000000, 0.0000000000000000000, 0.0000000000000000000 ) ) ;
#4339 = EDGE_CURVE ( 'NONE', #6085, #8805, #4387, .T. ) ;
#4340 = VECTOR ( 'NONE', #6298, 1000.000000000000000 ) ;
#4341 = CARTESIAN_POINT ( 'NONE',  ( -5.027312328099999839, 40.84840876450000025, -50.00000000000000000 ) ) ;
#4342 = ORIENTED_EDGE ( 'NONE', *, *, #6972, .T. ) ;
#4343 = EDGE_CURVE ( 'NONE', #8762, #5568, #4521, .T. ) ;
#4344 = AXIS2_PLACEMENT_3D ( 'NONE', #9837, #5323, #10768 ) ;
#4345 = FACE_OUTER_BOUND ( 'NONE', #9850, .T. ) ;
#4346 = VERTEX_POINT ( 'NONE', #7703 ) ;
#4347 = CARTESIAN_POINT ( 'NONE',  ( 28.47268767190000105, 25.04840876449999953, 50.00000000000000000 ) ) ;
#4348 = EDGE_CURVE ( 'NONE', #11062, #10511, #7479, .T. ) ;
#4349 = EDGE_LOOP ( 'NONE', ( #4089, #2538, #5277, #2971 ) ) ;
#4350 = DIRECTION ( 'NONE',  ( -0.0000000000000000000, -0.0000000000000000000, -1.000000000000000000 ) ) ;
#4351 = FACE_OUTER_BOUND ( 'NONE', #9184, .T. ) ;
#4352 = VERTEX_POINT ( 'NONE', #11334 ) ;
#4353 = ORIENTED_EDGE ( 'NONE', *, *, #7394, .F. ) ;
#4354 = EDGE_CURVE ( 'NONE', #6461, #2773, #1574, .T. ) ;
#4355 = CARTESIAN_POINT ( 'NONE',  ( 41.58714094417511120, 44.73480753116644593, 50.00000000000000000 ) ) ;
#4356 = CYLINDRICAL_SURFACE ( 'NONE', #1734, 0.5000000000000038858 ) ;
#4357 = ORIENTED_EDGE ( 'NONE', *, *, #541, .T. ) ;
#4358 = EDGE_CURVE ( 'NONE', #1890, #2720, #10971, .T. ) ;
#4359 = CARTESIAN_POINT ( 'NONE',  ( 17.73582739270758424, 57.79840876449988940, 50.00000000000000000 ) ) ;
#4360 = AXIS2_PLACEMENT_3D ( 'NONE', #6632, #10170, #8289 ) ;
#4361 = VERTEX_POINT ( 'NONE', #1726 ) ;
#4362 = DIRECTION ( 'NONE',  ( 1.000000000000000000, 0.0000000000000000000, 0.0000000000000000000 ) ) ;
#4363 = ORIENTED_EDGE ( 'NONE', *, *, #9258, .T. ) ;
#4364 = CARTESIAN_POINT ( 'NONE',  ( 23.25642687287322019, 5.674579448459777353, 50.00000000000000000 ) ) ;
#4365 = ORIENTED_EDGE ( 'NONE', *, *, #9659, .F. ) ;
#4366 = DIRECTION ( 'NONE',  ( -0.0000000000000000000, -0.0000000000000000000, -1.000000000000000000 ) ) ;
#4367 = LINE ( 'NONE', #1221, #4092 ) ;
#4368 = ORIENTED_EDGE ( 'NONE', *, *, #8406, .T. ) ;
#4369 = ORIENTED_EDGE ( 'NONE', *, *, #1054, .F. ) ;
#4370 = EDGE_CURVE ( 'NONE', #3567, #8973, #10422, .T. ) ;
#4371 = ORIENTED_EDGE ( 'NONE', *, *, #70, .F. ) ;
#4372 = CARTESIAN_POINT ( 'NONE',  ( 19.97268767190000105, 71.04840876449999598, 50.00000000000000000 ) ) ;
#4373 = CARTESIAN_POINT ( 'NONE',  ( 1.072687671899999806, -3.551591235500000554, -50.00000000000000000 ) ) ;
#4374 = EDGE_CURVE ( 'NONE', #9484, #5568, #1156, .T. ) ;
#4375 = DIRECTION ( 'NONE',  ( 1.000000000000000000, 0.0000000000000000000, 0.0000000000000000000 ) ) ;
#4376 = CARTESIAN_POINT ( 'NONE',  ( 7.972687671900000161, -0.4515912355000000211, 50.00000000000000000 ) ) ;
#4377 = CARTESIAN_POINT ( 'NONE',  ( 28.47268767190001171, 62.54840876449998888, -50.00000000000000000 ) ) ;
#4378 = LINE ( 'NONE', #4041, #2978 ) ;
#4379 = ORIENTED_EDGE ( 'NONE', *, *, #1483, .T. ) ;
#4380 = ORIENTED_EDGE ( 'NONE', *, *, #4051, .F. ) ;
#4381 = EDGE_LOOP ( 'NONE', ( #6293, #5209, #10973, #10859 ) ) ;
#4382 = LINE ( 'NONE', #1706, #7767 ) ;
#4383 = PLANE ( 'NONE',  #7853 ) ;
#4384 = ORIENTED_EDGE ( 'NONE', *, *, #6228, .F. ) ;
#4385 = CARTESIAN_POINT ( 'NONE',  ( 28.47268767190000105, 40.84840876450000025, 50.00000000000000000 ) ) ;
#4386 = ORIENTED_EDGE ( 'NONE', *, *, #8559, .T. ) ;
#4387 = LINE ( 'NONE', #4085, #1859 ) ;
#4388 = AXIS2_PLACEMENT_3D ( 'NONE', #8543, #465, #3907 ) ;
#4389 = ORIENTED_EDGE ( 'NONE', *, *, #4417, .T. ) ;
#4390 = DIRECTION ( 'NONE',  ( -0.0000000000000000000, -0.0000000000000000000, -1.000000000000000000 ) ) ;
#4391 = CIRCLE ( 'NONE', #3510, 26.39999999994843449 ) ;
#4392 = VECTOR ( 'NONE', #8894, 1000.000000000000000 ) ;
#4393 = ORIENTED_EDGE ( 'NONE', *, *, #1252, .T. ) ;
#4394 = DIRECTION ( 'NONE',  ( -0.0000000000000000000, -0.0000000000000000000, -1.000000000000000000 ) ) ;
#4395 = CARTESIAN_POINT ( 'NONE',  ( 27.67268767190074996, 23.04840876450057507, 50.00000000000000000 ) ) ;
#4396 = DIRECTION ( 'NONE',  ( 1.000000000000000000, 0.0000000000000000000, 0.0000000000000000000 ) ) ;
#4397 = ORIENTED_EDGE ( 'NONE', *, *, #7870, .F. ) ;
#4398 = DIRECTION ( 'NONE',  ( 0.0000000000000000000, 0.0000000000000000000, 1.000000000000000000 ) ) ;
#4399 = EDGE_CURVE ( 'NONE', #1109, #1309, #611, .T. ) ;
#4400 = VECTOR ( 'NONE', #8764, 1000.000000000000000 ) ;
#4401 = CARTESIAN_POINT ( 'NONE',  ( -5.027312328099999839, 40.84840876450000025, 50.00000000000000000 ) ) ;
#4402 = VERTEX_POINT ( 'NONE', #10846 ) ;
#4403 = DIRECTION ( 'NONE',  ( -1.000000000000000000, 0.0000000000000000000, 0.0000000000000000000 ) ) ;
#4404 = FACE_OUTER_BOUND ( 'NONE', #5612, .T. ) ;
#4405 = ORIENTED_EDGE ( 'NONE', *, *, #5993, .F. ) ;
#4406 = EDGE_LOOP ( 'NONE', ( #7822, #810, #4053, #5527 ) ) ;
#4407 = CARTESIAN_POINT ( 'NONE',  ( 15.90489106173069445, 61.44827996266366199, 50.00000000000000000 ) ) ;
#4408 = AXIS2_PLACEMENT_3D ( 'NONE', #345, #7481, #6572 ) ;
#4409 = CARTESIAN_POINT ( 'NONE',  ( 29.47268767190000105, 50.04840876450000309, 50.00000000000000000 ) ) ;
#4410 = EDGE_CURVE ( 'NONE', #2880, #8805, #8611, .T. ) ;
#4411 = LINE ( 'NONE', #1203, #10706 ) ;
#4412 = ORIENTED_EDGE ( 'NONE', *, *, #6678, .T. ) ;
#4413 = CARTESIAN_POINT ( 'NONE',  ( 41.58714094417511120, 44.73480753116644593, 50.00000000000000000 ) ) ;
#4414 = LINE ( 'NONE', #1244, #6804 ) ;
#4415 = ORIENTED_EDGE ( 'NONE', *, *, #5993, .T. ) ;
#4416 = ORIENTED_EDGE ( 'NONE', *, *, #11400, .T. ) ;
#4417 = EDGE_CURVE ( 'NONE', #8152, #189, #6208, .T. ) ;
#4418 = AXIS2_PLACEMENT_3D ( 'NONE', #3195, #6802, #8451 ) ;
#4419 = VERTEX_POINT ( 'NONE', #80 ) ;
#4420 = DIRECTION ( 'NONE',  ( 0.0000000000000000000, 0.0000000000000000000, 1.000000000000000000 ) ) ;
#4421 = DIRECTION ( 'NONE',  ( -0.0000000000000000000, -0.0000000000000000000, -1.000000000000000000 ) ) ;
#4422 = DIRECTION ( 'NONE',  ( 0.0000000000000000000, 0.0000000000000000000, 1.000000000000000000 ) ) ;
#4423 = EDGE_CURVE ( 'NONE', #8186, #6479, #8734, .T. ) ;
#4424 = DIRECTION ( 'NONE',  ( 0.0000000000000000000, 0.0000000000000000000, 1.000000000000000000 ) ) ;
#4425 = FACE_OUTER_BOUND ( 'NONE', #5645, .T. ) ;
#4426 = AXIS2_PLACEMENT_3D ( 'NONE', #9215, #4809, #3089 ) ;
#4427 = ORIENTED_EDGE ( 'NONE', *, *, #8330, .F. ) ;
#4428 = FACE_OUTER_BOUND ( 'NONE', #1505, .T. ) ;
#4429 = EDGE_CURVE ( 'NONE', #6314, #4868, #3538, .T. ) ;
#4430 = DIRECTION ( 'NONE',  ( -1.000000000000000000, 0.0000000000000000000, 0.0000000000000000000 ) ) ;
#4431 = DIRECTION ( 'NONE',  ( -0.0000000000000000000, -0.0000000000000000000, -1.000000000000000000 ) ) ;
#4432 = AXIS2_PLACEMENT_3D ( 'NONE', #3225, #7624, #2241 ) ;
#4433 = CIRCLE ( 'NONE', #2883, 1.999999999999960032 ) ;
#4434 = ORIENTED_EDGE ( 'NONE', *, *, #2992, .T. ) ;
#4435 = ORIENTED_EDGE ( 'NONE', *, *, #10558, .T. ) ;
#4436 = FACE_BOUND ( 'NONE', #10315, .T. ) ;
#4437 = CARTESIAN_POINT ( 'NONE',  ( 5.800182131535402519, 20.64495767069079690, -50.00000000000000000 ) ) ;
#4438 = AXIS2_PLACEMENT_3D ( 'NONE', #5273, #4454, #4487 ) ;
#4439 = CARTESIAN_POINT ( 'NONE',  ( 15.47268767189999927, 60.24456118719999864, 50.00000000000000000 ) ) ;
#4440 = ORIENTED_EDGE ( 'NONE', *, *, #5211, .F. ) ;
#4441 = DIRECTION ( 'NONE',  ( -0.0000000000000000000, -0.0000000000000000000, -1.000000000000000000 ) ) ;
#4442 = DIRECTION ( 'NONE',  ( 0.0000000000000000000, -1.000000000000000000, 0.0000000000000000000 ) ) ;
#4443 = LINE ( 'NONE', #7677, #4720 ) ;
#4444 = VERTEX_POINT ( 'NONE', #116 ) ;
#4445 = DIRECTION ( 'NONE',  ( -0.0000000000000000000, -0.0000000000000000000, -1.000000000000000000 ) ) ;
#4446 = VERTEX_POINT ( 'NONE', #7299 ) ;
#4447 = CARTESIAN_POINT ( 'NONE',  ( 8.972687671899999273, 73.54840876449999598, 50.00000000000000000 ) ) ;
#4448 = EDGE_CURVE ( 'NONE', #11221, #4332, #2989, .T. ) ;
#4449 = LINE ( 'NONE', #5070, #1931 ) ;
#4450 = ORIENTED_EDGE ( 'NONE', *, *, #6169, .T. ) ;
#4451 = CARTESIAN_POINT ( 'NONE',  ( 28.97268767190000105, 73.64840876450000451, 50.00000000000000000 ) ) ;
#4452 = DIRECTION ( 'NONE',  ( -0.0000000000000000000, 1.000000000000000000, -0.0000000000000000000 ) ) ;
#4453 = CARTESIAN_POINT ( 'NONE',  ( -15.64176560036292152, 65.36200999784996668, 50.00000000000000000 ) ) ;
#4454 = DIRECTION ( 'NONE',  ( -0.0000000000000000000, -0.0000000000000000000, -1.000000000000000000 ) ) ;
#4455 = DIRECTION ( 'NONE',  ( 0.0000000000000000000, 0.0000000000000000000, 1.000000000000000000 ) ) ;
#4456 = CARTESIAN_POINT ( 'NONE',  ( -15.64176560054782783, 44.73480753138829868, 50.00000000000000000 ) ) ;
#4457 = VECTOR ( 'NONE', #2612, 1000.000000000000000 ) ;
#4458 = DIRECTION ( 'NONE',  ( 1.000000000000000000, 0.0000000000000000000, 0.0000000000000000000 ) ) ;
#4459 = VERTEX_POINT ( 'NONE', #869 ) ;
#4460 = AXIS2_PLACEMENT_3D ( 'NONE', #4014, #9386, #10285 ) ;
#4461 = CARTESIAN_POINT ( 'NONE',  ( -3.527312328099999839, 19.04840876449999953, 50.00000000000000000 ) ) ;
#4462 = VECTOR ( 'NONE', #5589, 1000.000000000000000 ) ;
#4463 = EDGE_LOOP ( 'NONE', ( #8314, #8800, #9521, #10193 ) ) ;
#4464 = AXIS2_PLACEMENT_3D ( 'NONE', #6492, #6566, #2027 ) ;
#4465 = LINE ( 'NONE', #519, #6006 ) ;
#4466 = CARTESIAN_POINT ( 'NONE',  ( 30.97268767190000816, 7.548408764500005752, 50.00000000000000000 ) ) ;
#4467 = CARTESIAN_POINT ( 'NONE',  ( -5.027312328100004279, 22.54840876449999953, -50.00000000000000000 ) ) ;
#4468 = DIRECTION ( 'NONE',  ( -1.000000000000000000, -0.0000000000000000000, -0.0000000000000000000 ) ) ;
#4469 = VECTOR ( 'NONE', #11158, 1000.000000000000000 ) ;
#4470 = ORIENTED_EDGE ( 'NONE', *, *, #9016, .F. ) ;
#4471 = AXIS2_PLACEMENT_3D ( 'NONE', #9129, #2736, #9172 ) ;
#4472 = CIRCLE ( 'NONE', #3300, 0.5000000000000177636 ) ;
#4473 = DIRECTION ( 'NONE',  ( 1.000000000000000000, 0.0000000000000000000, 0.0000000000000000000 ) ) ;
#4474 = EDGE_LOOP ( 'NONE', ( #1608, #4667, #10818, #1030 ) ) ;
#4475 = DIRECTION ( 'NONE',  ( 1.000000000000000000, 0.0000000000000000000, 0.0000000000000000000 ) ) ;
#4476 = EDGE_CURVE ( 'NONE', #9055, #2115, #9854, .T. ) ;
#4477 = AXIS2_PLACEMENT_3D ( 'NONE', #5965, #1458, #7736 ) ;
#4478 = LINE ( 'NONE', #4505, #4896 ) ;
#4479 = EDGE_LOOP ( 'NONE', ( #10578, #10161, #11509, #849 ) ) ;
#4480 = CARTESIAN_POINT ( 'NONE',  ( 18.16884009459993266, 18.04840876450010967, 50.00000000000000000 ) ) ;
#4481 = CARTESIAN_POINT ( 'NONE',  ( 24.72268767189961025, 52.84840876450052605, 50.00000000000000000 ) ) ;
#4482 = VECTOR ( 'NONE', #3498, 1000.000000000000000 ) ;
#4483 = EDGE_LOOP ( 'NONE', ( #8844, #3124, #4769, #9249 ) ) ;
#4484 = EDGE_CURVE ( 'NONE', #8606, #5496, #6778, .T. ) ;
#4485 = CARTESIAN_POINT ( 'NONE',  ( -3.027312328099999839, 73.64840876450000451, 50.00000000000000000 ) ) ;
#4486 = CARTESIAN_POINT ( 'NONE',  ( 10.04048428206929522, 8.648537566236413454, -50.00000000000000000 ) ) ;
#4487 = DIRECTION ( 'NONE',  ( 1.000000000000000000, 0.0000000000000000000, 0.0000000000000000000 ) ) ;
#4488 = CARTESIAN_POINT ( 'NONE',  ( 6.572816473721994512, 57.98061215432873894, 50.00000000000000000 ) ) ;
#4489 = DIRECTION ( 'NONE',  ( 0.0000000000000000000, 0.0000000000000000000, 1.000000000000000000 ) ) ;
#4490 = FACE_OUTER_BOUND ( 'NONE', #8751, .T. ) ;
#4491 = ORIENTED_EDGE ( 'NONE', *, *, #10579, .T. ) ;
#4492 = EDGE_CURVE ( 'NONE', #9967, #3702, #8883, .T. ) ;
#4493 = DIRECTION ( 'NONE',  ( -0.0000000000000000000, -0.0000000000000000000, -1.000000000000000000 ) ) ;
#4494 = DIRECTION ( 'NONE',  ( -0.0000000000000000000, -0.0000000000000000000, -1.000000000000000000 ) ) ;
#4495 = ORIENTED_EDGE ( 'NONE', *, *, #977, .F. ) ;
#4496 = ORIENTED_EDGE ( 'NONE', *, *, #1925, .F. ) ;
#4497 = AXIS2_PLACEMENT_3D ( 'NONE', #4859, #4703, #1256 ) ;
#4498 = ORIENTED_EDGE ( 'NONE', *, *, #10632, .F. ) ;
#4499 = DIRECTION ( 'NONE',  ( 0.0000000000000000000, 0.0000000000000000000, 1.000000000000000000 ) ) ;
#4500 = DIRECTION ( 'NONE',  ( -0.0000000000000000000, -0.0000000000000000000, -1.000000000000000000 ) ) ;
#4501 = EDGE_CURVE ( 'NONE', #1678, #10321, #2292, .T. ) ;
#4502 = VECTOR ( 'NONE', #8042, 1000.000000000000000 ) ;
#4503 = VERTEX_POINT ( 'NONE', #5411 ) ;
#4504 = ORIENTED_EDGE ( 'NONE', *, *, #1205, .F. ) ;
#4505 = CARTESIAN_POINT ( 'NONE',  ( 10.47268767189999927, 60.24456118719999864, 50.00000000000000000 ) ) ;
#4506 = CARTESIAN_POINT ( 'NONE',  ( 4.972687671899850947, 0.3484087643932391454, 50.00000000000000000 ) ) ;
#4507 = CARTESIAN_POINT ( 'NONE',  ( 16.97268767190000105, -3.451591235500000021, -50.00000000000000000 ) ) ;
#4508 = CARTESIAN_POINT ( 'NONE',  ( 28.47268767190000105, 40.84840876450000025, 50.00000000000000000 ) ) ;
#4509 = ORIENTED_EDGE ( 'NONE', *, *, #2128, .T. ) ;
#4510 = CARTESIAN_POINT ( 'NONE',  ( 6.572816473721994512, 57.98061215432873894, 50.00000000000000000 ) ) ;
#4511 = LINE ( 'NONE', #5678, #3112 ) ;
#4512 = EDGE_LOOP ( 'NONE', ( #4857, #1887, #4994, #856 ) ) ;
#4513 = EDGE_CURVE ( 'NONE', #10206, #9372, #10825, .T. ) ;
#4514 = AXIS2_PLACEMENT_3D ( 'NONE', #5077, #7690, #8697 ) ;
#4515 = FACE_OUTER_BOUND ( 'NONE', #8884, .T. ) ;
#4516 = ORIENTED_EDGE ( 'NONE', *, *, #9011, .F. ) ;
#4517 = CARTESIAN_POINT ( 'NONE',  ( 41.58714094422884244, 25.36200999777808818, 50.00000000000000000 ) ) ;
#4518 = CARTESIAN_POINT ( 'NONE',  ( 15.97268767190002414, 20.24456118720763342, 50.00000000000000000 ) ) ;
#4519 = ORIENTED_EDGE ( 'NONE', *, *, #10388, .T. ) ;
#4520 = CARTESIAN_POINT ( 'NONE',  ( 5.559261370508581379, 9.630625590204930475, 50.00000000000000000 ) ) ;
#4521 = LINE ( 'NONE', #2548, #6625 ) ;
#4522 = CIRCLE ( 'NONE', #1789, 3.399999999996687006 ) ;
#4523 = CIRCLE ( 'NONE', #6504, 0.5000000000000004441 ) ;
#4524 = VERTEX_POINT ( 'NONE', #9796 ) ;
#4525 = ORIENTED_EDGE ( 'NONE', *, *, #10508, .T. ) ;
#4526 = EDGE_CURVE ( 'NONE', #1715, #2159, #4798, .T. ) ;
#4527 = AXIS2_PLACEMENT_3D ( 'NONE', #6218, #1753, #5396 ) ;
#4528 = LINE ( 'NONE', #10227, #9573 ) ;
#4529 = VERTEX_POINT ( 'NONE', #6273 ) ;
#4530 = DIRECTION ( 'NONE',  ( -0.0000000000000000000, -0.0000000000000000000, -1.000000000000000000 ) ) ;
#4531 = PLANE ( 'NONE',  #9003 ) ;
#4532 = DIRECTION ( 'NONE',  ( -0.0000000000000000000, -0.0000000000000000000, -1.000000000000000000 ) ) ;
#4533 = EDGE_CURVE ( 'NONE', #10147, #7031, #884, .T. ) ;
#4534 = CARTESIAN_POINT ( 'NONE',  ( 2.188948470993030693, 5.674579448493523692, 50.00000000000000000 ) ) ;
#4535 = DIRECTION ( 'NONE',  ( -0.0000000000000000000, -0.0000000000000000000, -1.000000000000000000 ) ) ;
#4536 = CYLINDRICAL_SURFACE ( 'NONE', #8154, 0.5000000000000073275 ) ;
#4537 = ORIENTED_EDGE ( 'NONE', *, *, #5636, .T. ) ;
#4538 = DIRECTION ( 'NONE',  ( -1.000000000000000000, 0.0000000000000000000, 0.0000000000000000000 ) ) ;
#4539 = DIRECTION ( 'NONE',  ( -0.0000000000000000000, 1.000000000000000000, -0.0000000000000000000 ) ) ;
#4540 = CIRCLE ( 'NONE', #11075, 4.000000000000003553 ) ;
#4541 = ADVANCED_FACE ( 'NONE', ( #4117 ), #6061, .T. ) ;
#4542 = ORIENTED_EDGE ( 'NONE', *, *, #2351, .F. ) ;
#4543 = AXIS2_PLACEMENT_3D ( 'NONE', #157, #1168, #4771 ) ;
#4544 = DIRECTION ( 'NONE',  ( -0.0000000000000000000, -0.0000000000000000000, -1.000000000000000000 ) ) ;
#4545 = DIRECTION ( 'NONE',  ( -1.000000000000000000, 0.0000000000000000000, 0.0000000000000000000 ) ) ;
#4547 = FACE_OUTER_BOUND ( 'NONE', #7781, .T. ) ;
#4546 = DIRECTION ( 'NONE',  ( -0.0000000000000000000, -0.0000000000000000000, -1.000000000000000000 ) ) ;
#4548 = DIRECTION ( 'NONE',  ( 0.0000000000000000000, 0.0000000000000000000, 1.000000000000000000 ) ) ;
#4549 = ORIENTED_EDGE ( 'NONE', *, *, #3094, .T. ) ;
#4550 = FACE_OUTER_BOUND ( 'NONE', #2070, .T. ) ;
#4551 = EDGE_LOOP ( 'NONE', ( #9630, #7471, #9885, #6379 ) ) ;
#4552 = VERTEX_POINT ( 'NONE', #5597 ) ;
#4553 = ORIENTED_EDGE ( 'NONE', *, *, #2860, .T. ) ;
#4554 = CARTESIAN_POINT ( 'NONE',  ( 5.222687671900000161, 17.24840876449999882, 50.00000000000000000 ) ) ;
#4555 = EDGE_CURVE ( 'NONE', #6486, #11450, #187, .T. ) ;
#4556 = CARTESIAN_POINT ( 'NONE',  ( -5.527312328099999839, 51.04840876450000309, -50.00000000000000000 ) ) ;
#4557 = DIRECTION ( 'NONE',  ( 0.0000000000000000000, 0.0000000000000000000, -1.000000000000000000 ) ) ;
#4558 = DIRECTION ( 'NONE',  ( -1.000000000000000000, -0.0000000000000000000, -0.0000000000000000000 ) ) ;
#4559 = CIRCLE ( 'NONE', #1228, 25.00000000000138201 ) ;
#4560 = ORIENTED_EDGE ( 'NONE', *, *, #5155, .T. ) ;
#4561 = CARTESIAN_POINT ( 'NONE',  ( 7.472687671900000161, -4.951591235499999577, 50.00000000000000000 ) ) ;
#4562 = VECTOR ( 'NONE', #10063, 1000.000000000000000 ) ;
#4563 = VERTEX_POINT ( 'NONE', #6507 ) ;
#4564 = VERTEX_POINT ( 'NONE', #200 ) ;
#4565 = EDGE_CURVE ( 'NONE', #1570, #6434, #7193, .T. ) ;
#4566 = VECTOR ( 'NONE', #10174, 1000.000000000000000 ) ;
#4567 = EDGE_CURVE ( 'NONE', #1620, #9746, #7773, .T. ) ;
#4568 = DIRECTION ( 'NONE',  ( -0.0000000000000000000, -0.0000000000000000000, -1.000000000000000000 ) ) ;
#4569 = ORIENTED_EDGE ( 'NONE', *, *, #8581, .T. ) ;
#4570 = AXIS2_PLACEMENT_3D ( 'NONE', #9922, #6470, #1093 ) ;
#4571 = CARTESIAN_POINT ( 'NONE',  ( 10.47268767189999927, 20.54840876449999953, 50.00000000000000000 ) ) ;
#4572 = ORIENTED_EDGE ( 'NONE', *, *, #1033, .T. ) ;
#4573 = VECTOR ( 'NONE', #263, 1000.000000000000000 ) ;
#4574 = CARTESIAN_POINT ( 'NONE',  ( 19.47268767190000105, 70.54840876449999598, 50.00000000000000000 ) ) ;
#4575 = DIRECTION ( 'NONE',  ( -1.000000000000000000, 0.0000000000000000000, 0.0000000000000000000 ) ) ;
#4576 = DIRECTION ( 'NONE',  ( -0.0000000000000000000, -0.0000000000000000000, -1.000000000000000000 ) ) ;
#4577 = EDGE_CURVE ( 'NONE', #1049, #9235, #5363, .T. ) ;
#4578 = CARTESIAN_POINT ( 'NONE',  ( 3.245304965299999900, 4.411116172900000798, 50.00000000000000000 ) ) ;
#4579 = LINE ( 'NONE', #9419, #11449 ) ;
#4580 = ORIENTED_EDGE ( 'NONE', *, *, #378, .F. ) ;
#4581 = EDGE_CURVE ( 'NONE', #6978, #7052, #35, .T. ) ;
#4582 = ORIENTED_EDGE ( 'NONE', *, *, #5577, .T. ) ;
#4583 = CYLINDRICAL_SURFACE ( 'NONE', #8088, 5.399999999965342745 ) ;
#4584 = DIRECTION ( 'NONE',  ( -0.0000000000000000000, -0.0000000000000000000, -1.000000000000000000 ) ) ;
#4585 = DIRECTION ( 'NONE',  ( 0.7071067811865484609, 0.7071067811865465735, 0.0000000000000000000 ) ) ;
#4586 = EDGE_CURVE ( 'NONE', #1136, #5502, #9294, .T. ) ;
#4587 = CARTESIAN_POINT ( 'NONE',  ( 10.97268767189999217, 49.54840876450000309, -50.00000000000000000 ) ) ;
#4588 = ORIENTED_EDGE ( 'NONE', *, *, #1893, .T. ) ;
#4589 = CARTESIAN_POINT ( 'NONE',  ( 10.22268767190004013, 50.28526904369229555, 50.00000000000000000 ) ) ;
#4590 = VECTOR ( 'NONE', #2496, 1000.000000000000000 ) ;
#4591 = ORIENTED_EDGE ( 'NONE', *, *, #1345, .T. ) ;
#4592 = ORIENTED_EDGE ( 'NONE', *, *, #9347, .F. ) ;
#4593 = DIRECTION ( 'NONE',  ( -0.0000000000000000000, -0.0000000000000000000, -1.000000000000000000 ) ) ;
#4594 = DIRECTION ( 'NONE',  ( 0.0000000000000000000, 1.000000000000000000, -0.0000000000000000000 ) ) ;
#4595 = DIRECTION ( 'NONE',  ( 1.000000000000000000, 0.0000000000000000000, 0.0000000000000000000 ) ) ;
#4596 = VECTOR ( 'NONE', #10657, 1000.000000000000000 ) ;
#4597 = ORIENTED_EDGE ( 'NONE', *, *, #7565, .T. ) ;
#4598 = ADVANCED_FACE ( 'NONE', ( #4665 ), #6927, .F. ) ;
#4599 = CARTESIAN_POINT ( 'NONE',  ( 27.67268767187424672, 7.048408764499903612, 50.00000000000000000 ) ) ;
#4600 = EDGE_CURVE ( 'NONE', #3990, #6110, #10159, .T. ) ;
#4601 = CIRCLE ( 'NONE', #3818, 0.4999999999999596989 ) ;
#4602 = ORIENTED_EDGE ( 'NONE', *, *, #8936, .F. ) ;
#4603 = CARTESIAN_POINT ( 'NONE',  ( -1.727312328100000016, 5.048408764500000423, -50.00000000000000000 ) ) ;
#4604 = LINE ( 'NONE', #10419, #832 ) ;
#4605 = VERTEX_POINT ( 'NONE', #9102 ) ;
#4606 = DIRECTION ( 'NONE',  ( -0.0000000000000000000, -0.0000000000000000000, -1.000000000000000000 ) ) ;
#4607 = DIRECTION ( 'NONE',  ( 0.0000000000000000000, 0.0000000000000000000, 1.000000000000000000 ) ) ;
#4608 = DIRECTION ( 'NONE',  ( 0.0000000000000000000, 0.0000000000000000000, 1.000000000000000000 ) ) ;
#4609 = DIRECTION ( 'NONE',  ( 0.0000000000000000000, 0.0000000000000000000, 1.000000000000000000 ) ) ;
#4610 = CARTESIAN_POINT ( 'NONE',  ( -5.527312328099999839, 51.04840876450000309, 50.00000000000000000 ) ) ;
#4611 = VECTOR ( 'NONE', #9821, 1000.000000000000000 ) ;
#4612 = CARTESIAN_POINT ( 'NONE',  ( -4.527312328099999839, 62.04840876450000309, 50.00000000000000000 ) ) ;
#4613 = ORIENTED_EDGE ( 'NONE', *, *, #6299, .T. ) ;
#4614 = FACE_OUTER_BOUND ( 'NONE', #11609, .T. ) ;
#4615 = VERTEX_POINT ( 'NONE', #9253 ) ;
#4616 = CARTESIAN_POINT ( 'NONE',  ( 19.97268767190000105, -2.451591235500000021, -50.00000000000000000 ) ) ;
#4617 = EDGE_CURVE ( 'NONE', #9235, #2554, #9450, .T. ) ;
#4618 = CARTESIAN_POINT ( 'NONE',  ( -0.5173598696386230156, 45.45592170073440030, -50.00000000000000000 ) ) ;
#4619 = DIRECTION ( 'NONE',  ( -0.0000000000000000000, -0.0000000000000000000, -1.000000000000000000 ) ) ;
#4620 = DIRECTION ( 'NONE',  ( -0.0000000000000000000, -0.0000000000000000000, -1.000000000000000000 ) ) ;
#4621 = CYLINDRICAL_SURFACE ( 'NONE', #4046, 0.5000000000000143219 ) ;
#4622 = DIRECTION ( 'NONE',  ( -0.0000000000000000000, -0.0000000000000000000, -1.000000000000000000 ) ) ;
#4623 = ORIENTED_EDGE ( 'NONE', *, *, #5806, .F. ) ;
#4624 = CARTESIAN_POINT ( 'NONE',  ( 18.16884009460000016, 17.54840876449999953, 50.00000000000000000 ) ) ;
#4625 = FACE_OUTER_BOUND ( 'NONE', #8624, .T. ) ;
#4626 = EDGE_LOOP ( 'NONE', ( #10671, #8901, #10394, #6874 ) ) ;
#4627 = CARTESIAN_POINT ( 'NONE',  ( 31.47268767190000105, 19.04840876449999953, -50.00000000000000000 ) ) ;
#4628 = ORIENTED_EDGE ( 'NONE', *, *, #6210, .T. ) ;
#4629 = LINE ( 'NONE', #6112, #8991 ) ;
#4630 = DIRECTION ( 'NONE',  ( -0.0000000000000000000, -0.0000000000000000000, -1.000000000000000000 ) ) ;
#4631 = VERTEX_POINT ( 'NONE', #8276 ) ;
#4632 = EDGE_CURVE ( 'NONE', #6574, #6768, #4265, .T. ) ;
#4633 = AXIS2_PLACEMENT_3D ( 'NONE', #4111, #1515, #7770 ) ;
#4634 = VECTOR ( 'NONE', #9370, 1000.000000000000000 ) ;
#4635 = ORIENTED_EDGE ( 'NONE', *, *, #10569, .F. ) ;
#4636 = EDGE_CURVE ( 'NONE', #4752, #8007, #4951, .T. ) ;
#4637 = DIRECTION ( 'NONE',  ( 1.000000000000000000, 0.0000000000000000000, 0.0000000000000000000 ) ) ;
#4638 = ORIENTED_EDGE ( 'NONE', *, *, #2919, .F. ) ;
#4639 = AXIS2_PLACEMENT_3D ( 'NONE', #9787, #4305, #1707 ) ;
#4640 = ORIENTED_EDGE ( 'NONE', *, *, #9997, .F. ) ;
#4641 = CARTESIAN_POINT ( 'NONE',  ( 28.97268767189997618, 71.04840876449998177, 50.00000000000000000 ) ) ;
#4642 = EDGE_LOOP ( 'NONE', ( #7618, #1493, #9240, #9884 ) ) ;
#4643 = CARTESIAN_POINT ( 'NONE',  ( -3.027312328100000283, -0.9515912354999995770, -50.00000000000000000 ) ) ;
#4644 = CARTESIAN_POINT ( 'NONE',  ( 17.97268767189999394, 71.54840876449998177, -50.00000000000000000 ) ) ;
#4645 = EDGE_CURVE ( 'NONE', #10797, #51, #5785, .T. ) ;
#4646 = FACE_OUTER_BOUND ( 'NONE', #11272, .T. ) ;
#4647 = EDGE_LOOP ( 'NONE', ( #8782, #10113, #9695, #7538 ) ) ;
#4648 = EDGE_LOOP ( 'NONE', ( #10202, #9717, #9428, #6973, #5525, #5811, #5763, #1068, #6391, #1429, #11090, #10812, #1823, #8049 ) ) ;
#4649 = DIRECTION ( 'NONE',  ( -1.000000000000000000, -0.0000000000000000000, -0.0000000000000000000 ) ) ;
#4650 = ADVANCED_FACE ( 'NONE', ( #9310 ), #5642, .T. ) ;
#4651 = VERTEX_POINT ( 'NONE', #1998 ) ;
#4652 = DIRECTION ( 'NONE',  ( -0.0000000000000000000, -0.0000000000000000000, -1.000000000000000000 ) ) ;
#4653 = DIRECTION ( 'NONE',  ( -0.0000000000000000000, -0.0000000000000000000, -1.000000000000000000 ) ) ;
#4654 = DIRECTION ( 'NONE',  ( 1.000000000000000000, 0.0000000000000000000, 0.0000000000000000000 ) ) ;
#4655 = VECTOR ( 'NONE', #1177, 1000.000000000000000 ) ;
#4656 = ORIENTED_EDGE ( 'NONE', *, *, #4701, .T. ) ;
#4657 = VERTEX_POINT ( 'NONE', #1056 ) ;
#4658 = DIRECTION ( 'NONE',  ( 1.000000000000000000, 0.0000000000000000000, 0.0000000000000000000 ) ) ;
#4659 = CARTESIAN_POINT ( 'NONE',  ( -1.727312328100000016, 43.34840876450000025, -50.00000000000000000 ) ) ;
#4660 = FACE_OUTER_BOUND ( 'NONE', #4137, .T. ) ;
#4661 = ORIENTED_EDGE ( 'NONE', *, *, #11619, .F. ) ;
#4662 = CARTESIAN_POINT ( 'NONE',  ( 7.370858131500000354, 52.54840876450000309, -50.00000000000000000 ) ) ;
#4663 = ORIENTED_EDGE ( 'NONE', *, *, #610, .T. ) ;
#4664 = EDGE_CURVE ( 'NONE', #8639, #7525, #7637, .T. ) ;
#4665 = FACE_OUTER_BOUND ( 'NONE', #3602, .T. ) ;
#4666 = DIRECTION ( 'NONE',  ( -0.0000000000000000000, -0.0000000000000000000, -1.000000000000000000 ) ) ;
#4667 = ORIENTED_EDGE ( 'NONE', *, *, #5696, .F. ) ;
#4668 = DIRECTION ( 'NONE',  ( -1.000000000000000000, 0.0000000000000000000, 0.0000000000000000000 ) ) ;
#4669 = LINE ( 'NONE', #4439, #7349 ) ;
#4670 = DIRECTION ( 'NONE',  ( 1.000000000000000000, 0.0000000000000000000, 0.0000000000000000000 ) ) ;
#4671 = VECTOR ( 'NONE', #5235, 1000.000000000000000 ) ;
#4672 = ORIENTED_EDGE ( 'NONE', *, *, #2975, .T. ) ;
#4673 = ORIENTED_EDGE ( 'NONE', *, *, #6832, .T. ) ;
#4674 = CARTESIAN_POINT ( 'NONE',  ( -3.527312328099999839, 19.04840876449999953, 50.00000000000000000 ) ) ;
#4675 = CARTESIAN_POINT ( 'NONE',  ( 29.47268767190000105, 51.04840876450000309, 50.00000000000000000 ) ) ;
#4676 = CYLINDRICAL_SURFACE ( 'NONE', #4321, 2.500000000000015987 ) ;
#4677 = AXIS2_PLACEMENT_3D ( 'NONE', #9033, #2673, #11585 ) ;
#4678 = EDGE_LOOP ( 'NONE', ( #1145, #11311, #9577, #7374 ) ) ;
#4679 = DIRECTION ( 'NONE',  ( 1.000000000000000000, 0.0000000000000000000, 0.0000000000000000000 ) ) ;
#4680 = FACE_OUTER_BOUND ( 'NONE', #1768, .T. ) ;
#4681 = ORIENTED_EDGE ( 'NONE', *, *, #3594, .T. ) ;
#4682 = CARTESIAN_POINT ( 'NONE',  ( 22.97268767190000460, -0.4515912355000000211, -50.00000000000000000 ) ) ;
#4683 = ORIENTED_EDGE ( 'NONE', *, *, #3254, .F. ) ;
#4684 = DIRECTION ( 'NONE',  ( -1.000000000000000000, 0.0000000000000000000, 0.0000000000000000000 ) ) ;
#4685 = AXIS2_PLACEMENT_3D ( 'NONE', #9863, #8967, #9046 ) ;
#4686 = CARTESIAN_POINT ( 'NONE',  ( 22.97268767190000460, 69.74840876449999882, 50.00000000000000000 ) ) ;
#4687 = DIRECTION ( 'NONE',  ( 0.0000000000000000000, -1.000000000000000000, 0.0000000000000000000 ) ) ;
#4688 = DIRECTION ( 'NONE',  ( 1.000000000000000000, 0.0000000000000000000, 0.0000000000000000000 ) ) ;
#4689 = VECTOR ( 'NONE', #3869, 1000.000000000000000 ) ;
#4690 = ORIENTED_EDGE ( 'NONE', *, *, #9975, .T. ) ;
#4691 = FACE_OUTER_BOUND ( 'NONE', #2438, .T. ) ;
#4692 = ORIENTED_EDGE ( 'NONE', *, *, #4971, .F. ) ;
#4693 = ORIENTED_EDGE ( 'NONE', *, *, #3972, .F. ) ;
#4694 = VERTEX_POINT ( 'NONE', #8396 ) ;
#4695 = AXIS2_PLACEMENT_3D ( 'NONE', #6612, #1239, #10190 ) ;
#4696 = DIRECTION ( 'NONE',  ( -0.0000000000000000000, -0.0000000000000000000, -1.000000000000000000 ) ) ;
#4697 = CYLINDRICAL_SURFACE ( 'NONE', #6709, 1.000000000000013989 ) ;
#4698 = ORIENTED_EDGE ( 'NONE', *, *, #10718, .F. ) ;
#4699 = CIRCLE ( 'NONE', #9293, 1.500000000000015099 ) ;
#4700 = DIRECTION ( 'NONE',  ( 0.0000000000000000000, 0.0000000000000000000, 1.000000000000000000 ) ) ;
#4701 = EDGE_CURVE ( 'NONE', #11221, #5338, #8194, .T. ) ;
#4702 = AXIS2_PLACEMENT_3D ( 'NONE', #2976, #2106, #9402 ) ;
#4703 = DIRECTION ( 'NONE',  ( -0.0000000000000000000, -0.0000000000000000000, -1.000000000000000000 ) ) ;
#4704 = DIRECTION ( 'NONE',  ( -0.0000000000000000000, -0.0000000000000000000, -1.000000000000000000 ) ) ;
#4705 = ADVANCED_FACE ( 'NONE', ( #10548 ), #2445, .F. ) ;
#4706 = CARTESIAN_POINT ( 'NONE',  ( 12.97268767189999927, 55.04840876450000309, 50.00000000000000000 ) ) ;
#4707 = FACE_OUTER_BOUND ( 'NONE', #1412, .T. ) ;
#4708 = AXIS2_PLACEMENT_3D ( 'NONE', #5593, #3877, #239 ) ;
#4709 = EDGE_LOOP ( 'NONE', ( #5870, #11567, #4765, #11517 ) ) ;
#4710 = CARTESIAN_POINT ( 'NONE',  ( 28.97268767190000105, 22.04840876449999953, -50.00000000000000000 ) ) ;
#4711 = ORIENTED_EDGE ( 'NONE', *, *, #9001, .T. ) ;
#4712 = CIRCLE ( 'NONE', #6816, 0.4999999999999726885 ) ;
#4713 = EDGE_CURVE ( 'NONE', #2876, #5755, #11125, .T. ) ;
#4714 = ORIENTED_EDGE ( 'NONE', *, *, #738, .T. ) ;
#4715 = CARTESIAN_POINT ( 'NONE',  ( 5.972687671900000161, 71.04840876449999598, -50.00000000000000000 ) ) ;
#4716 = DIRECTION ( 'NONE',  ( -0.0000000000000000000, -0.0000000000000000000, -1.000000000000000000 ) ) ;
#4717 = DIRECTION ( 'NONE',  ( -0.0000000000000000000, -0.0000000000000000000, -1.000000000000000000 ) ) ;
#4718 = CARTESIAN_POINT ( 'NONE',  ( 18.16884009460000016, 12.54840876449999953, -50.00000000000000000 ) ) ;
#4719 = DIRECTION ( 'NONE',  ( -0.0000000000000000000, -0.0000000000000000000, -1.000000000000000000 ) ) ;
#4720 = VECTOR ( 'NONE', #5065, 1000.000000000000000 ) ;
#4721 = ORIENTED_EDGE ( 'NONE', *, *, #2575, .T. ) ;
#4722 = ORIENTED_EDGE ( 'NONE', *, *, #1572, .T. ) ;
#4723 = EDGE_CURVE ( 'NONE', #2214, #2461, #2855, .T. ) ;
#4724 = FACE_OUTER_BOUND ( 'NONE', #5282, .T. ) ;
#4725 = EDGE_LOOP ( 'NONE', ( #4022, #5910, #7966, #4256 ) ) ;
#4726 = EDGE_CURVE ( 'NONE', #5291, #2896, #4540, .T. ) ;
#4727 = LINE ( 'NONE', #9818, #7550 ) ;
#4728 = CARTESIAN_POINT ( 'NONE',  ( 19.97268767190000105, 72.54840876449999598, -50.00000000000000000 ) ) ;
#4729 = DIRECTION ( 'NONE',  ( 1.000000000000000000, 0.0000000000000000000, 0.0000000000000000000 ) ) ;
#4730 = ORIENTED_EDGE ( 'NONE', *, *, #8014, .T. ) ;
#4731 = EDGE_CURVE ( 'NONE', #762, #441, #7911, .T. ) ;
#4732 = CARTESIAN_POINT ( 'NONE',  ( 29.47268767190000105, 59.04840876450000309, -50.00000000000000000 ) ) ;
#4733 = CARTESIAN_POINT ( 'NONE',  ( 18.57451721239999287, 52.04840876450006704, -50.00000000000000000 ) ) ;
#4734 = CARTESIAN_POINT ( 'NONE',  ( 1.222687671899987949, 17.24840876450001659, -50.00000000000000000 ) ) ;
#4735 = AXIS2_PLACEMENT_3D ( 'NONE', #1516, #10307, #3325 ) ;
#4736 = PRODUCT ( '4080x100', '4080x100', '', ( #4181 ) ) ;
#4737 = LINE ( 'NONE', #467, #6856 ) ;
#4738 = ORIENTED_EDGE ( 'NONE', *, *, #11182, .T. ) ;
#4739 = DIRECTION ( 'NONE',  ( -0.0000000000000000000, -0.0000000000000000000, -1.000000000000000000 ) ) ;
#4740 = LINE ( 'NONE', #6220, #10631 ) ;
#4741 = CARTESIAN_POINT ( 'NONE',  ( 16.97268767190000105, -1.451591235500000021, 50.00000000000000000 ) ) ;
#4742 = CARTESIAN_POINT ( 'NONE',  ( 18.47268767190000105, -4.951591235499999577, -50.00000000000000000 ) ) ;
#4743 = EDGE_CURVE ( 'NONE', #10245, #9937, #1589, .T. ) ;
#4744 = AXIS2_PLACEMENT_3D ( 'NONE', #800, #11422, #9690 ) ;
#4745 = CARTESIAN_POINT ( 'NONE',  ( 15.97268767190000105, 9.143919862770104601, 50.00000000000000000 ) ) ;
#4746 = LINE ( 'NONE', #4571, #9248 ) ;
#4747 = EDGE_LOOP ( 'NONE', ( #4227, #6468, #2386, #4936 ) ) ;
#4748 = ADVANCED_FACE ( 'NONE', ( #3394 ), #6660, .F. ) ;
#4749 = EDGE_CURVE ( 'NONE', #3097, #8557, #7791, .T. ) ;
#4750 = CIRCLE ( 'NONE', #2620, 0.4999999999999865663 ) ;
#4751 = CARTESIAN_POINT ( 'NONE',  ( 27.67268767190000389, 66.44840876450000167, 50.00000000000000000 ) ) ;
#4752 = VERTEX_POINT ( 'NONE', #5720 ) ;
#4753 = DIRECTION ( 'NONE',  ( 0.0000000000000000000, 0.0000000000000000000, 1.000000000000000000 ) ) ;
#4754 = CARTESIAN_POINT ( 'NONE',  ( 7.776535249200000166, 12.54840876449999953, -50.00000000000000000 ) ) ;
#4755 = CARTESIAN_POINT ( 'NONE',  ( 10.47268767190000105, 49.85225634180000043, 50.00000000000000000 ) ) ;
#4756 = DIRECTION ( 'NONE',  ( -0.0000000000000000000, -0.0000000000000000000, -1.000000000000000000 ) ) ;
#4757 = LINE ( 'NONE', #10438, #7727 ) ;
#4758 = EDGE_LOOP ( 'NONE', ( #8712, #10700, #10402, #8216 ) ) ;
#4759 = AXIS2_PLACEMENT_3D ( 'NONE', #3735, #4445, #6251 ) ;
#4760 = PLANE ( 'NONE',  #5818 ) ;
#4761 = CARTESIAN_POINT ( 'NONE',  ( 28.47268767190000105, 20.04840876449999953, 50.00000000000000000 ) ) ;
#4762 = CIRCLE ( 'NONE', #5923, 0.9999999999999986677 ) ;
#4763 = ADVANCED_FACE ( 'NONE', ( #1011 ), #10273, .F. ) ;
#4764 = ORIENTED_EDGE ( 'NONE', *, *, #4577, .T. ) ;
#4765 = ORIENTED_EDGE ( 'NONE', *, *, #1265, .T. ) ;
#4766 = EDGE_CURVE ( 'NONE', #7689, #1833, #1029, .T. ) ;
#4767 = DIRECTION ( 'NONE',  ( 1.000000000000000000, 0.0000000000000000000, 0.0000000000000000000 ) ) ;
#4768 = CIRCLE ( 'NONE', #983, 3.399999999999760991 ) ;
#4769 = ORIENTED_EDGE ( 'NONE', *, *, #9600, .F. ) ;
#4770 = CARTESIAN_POINT ( 'NONE',  ( 1.072687671899900330, 73.14840876449990503, 50.00000000000000000 ) ) ;
#4771 = DIRECTION ( 'NONE',  ( 1.000000000000000000, 0.0000000000000000000, 0.0000000000000000000 ) ) ;
#4772 = DIRECTION ( 'NONE',  ( -0.0000000000000000000, -0.0000000000000000000, -1.000000000000000000 ) ) ;
#4773 = ORIENTED_EDGE ( 'NONE', *, *, #5530, .T. ) ;
#4774 = LINE ( 'NONE', #8077, #981 ) ;
#4775 = ORIENTED_EDGE ( 'NONE', *, *, #85, .T. ) ;
#4776 = AXIS2_PLACEMENT_3D ( 'NONE', #5330, #7932, #2592 ) ;
#4777 = DIRECTION ( 'NONE',  ( 0.0000000000000000000, 0.0000000000000000000, 1.000000000000000000 ) ) ;
#4778 = VECTOR ( 'NONE', #4468, 1000.000000000000000 ) ;
#4779 = EDGE_LOOP ( 'NONE', ( #9079, #2472, #3333, #7546 ) ) ;
#4780 = EDGE_LOOP ( 'NONE', ( #4602, #433, #2261, #10368 ) ) ;
#4781 = EDGE_CURVE ( 'NONE', #4361, #5501, #3283, .T. ) ;
#4782 = CARTESIAN_POINT ( 'NONE',  ( 32.97268767190000460, 20.54840876449999953, -50.00000000000000000 ) ) ;
#4783 = ORIENTED_EDGE ( 'NONE', *, *, #9928, .F. ) ;
#4784 = EDGE_CURVE ( 'NONE', #51, #7511, #483, .T. ) ;
#4785 = AXIS2_PLACEMENT_3D ( 'NONE', #7899, #11535, #2671 ) ;
#4786 = CYLINDRICAL_SURFACE ( 'NONE', #3743, 1.499999999999997780 ) ;
#4787 = EDGE_LOOP ( 'NONE', ( #7948, #2913, #10301, #1635 ) ) ;
#4788 = EDGE_CURVE ( 'NONE', #9235, #349, #7350, .T. ) ;
#4789 = LINE ( 'NONE', #10738, #2131 ) ;
#4790 = EDGE_LOOP ( 'NONE', ( #5145, #670, #8690, #1568, #7946, #9771, #6809, #8350, #2579, #93, #10483, #1917, #9827, #951 ) ) ;
#4791 = DIRECTION ( 'NONE',  ( -1.000000000000000000, 0.0000000000000000000, 0.0000000000000000000 ) ) ;
#4792 = SURFACE_STYLE_USAGE ( .BOTH. , #6719 ) ;
#4793 = CARTESIAN_POINT ( 'NONE',  ( 24.72268767189990157, 12.84840876450012814, 50.00000000000000000 ) ) ;
#4794 = ORIENTED_EDGE ( 'NONE', *, *, #7675, .T. ) ;
#4795 = CARTESIAN_POINT ( 'NONE',  ( 15.72268767189908800, 19.81154848531283719, 50.00000000000000000 ) ) ;
#4796 = DIRECTION ( 'NONE',  ( -0.0000000000000000000, -0.0000000000000000000, -1.000000000000000000 ) ) ;
#4797 = EDGE_CURVE ( 'NONE', #2053, #8252, #5228, .T. ) ;
#4798 = LINE ( 'NONE', #9838, #1451 ) ;
#4799 = CARTESIAN_POINT ( 'NONE',  ( 19.47268767190000105, 70.54840876449999598, 50.00000000000000000 ) ) ;
#4800 = LINE ( 'NONE', #2450, #11112 ) ;
#4801 = CARTESIAN_POINT ( 'NONE',  ( 23.38997726050910586, 67.31690945731708098, 50.00000000000000000 ) ) ;
#4802 = VECTOR ( 'NONE', #7123, 1000.000000000000000 ) ;
#4803 = EDGE_CURVE ( 'NONE', #9268, #10465, #3696, .T. ) ;
#4804 = VERTEX_POINT ( 'NONE', #7772 ) ;
#4805 = AXIS2_PLACEMENT_3D ( 'NONE', #8217, #6406, #3770 ) ;
#4806 = CIRCLE ( 'NONE', #9541, 0.5000000000000216493 ) ;
#4807 = VERTEX_POINT ( 'NONE', #6025 ) ;
#4808 = ADVANCED_FACE ( 'NONE', ( #8052 ), #10012, .T. ) ;
#4809 = DIRECTION ( 'NONE',  ( 0.0000000000000000000, 0.0000000000000000000, 1.000000000000000000 ) ) ;
#4810 = DIRECTION ( 'NONE',  ( -0.0000000000000000000, -0.0000000000000000000, -1.000000000000000000 ) ) ;
#4811 = AXIS2_PLACEMENT_3D ( 'NONE', #8263, #1043, #3709 ) ;
#4812 = CARTESIAN_POINT ( 'NONE',  ( 15.97268767190005967, 60.95289766620000904, -50.00000000000000000 ) ) ;
#4814 = CIRCLE ( 'NONE', #6121, 0.9999999999999986677 ) ;
#4813 = DIRECTION ( 'NONE',  ( 0.0000000000000000000, 1.000000000000000000, -0.0000000000000000000 ) ) ;
#4815 = DIRECTION ( 'NONE',  ( -0.0000000000000000000, -0.0000000000000000000, -1.000000000000000000 ) ) ;
#4816 = ORIENTED_EDGE ( 'NONE', *, *, #6156, .F. ) ;
#4817 = CIRCLE ( 'NONE', #10208, 0.4999999999999106826 ) ;
#4818 = LINE ( 'NONE', #9948, #2145 ) ;
#4819 = ORIENTED_EDGE ( 'NONE', *, *, #4110, .T. ) ;
#4820 = CARTESIAN_POINT ( 'NONE',  ( 20.38611397331328945, 9.630625590213565346, 50.00000000000000000 ) ) ;
#4821 = ADVANCED_FACE ( 'NONE', ( #2569 ), #5516, .F. ) ;
#4822 = EDGE_CURVE ( 'NONE', #10762, #5389, #8175, .T. ) ;
#4823 = CARTESIAN_POINT ( 'NONE',  ( 24.37268767190000318, -3.051591235499997445, -50.00000000000000000 ) ) ;
#4824 = DIRECTION ( 'NONE',  ( -0.0000000000000000000, -0.0000000000000000000, -1.000000000000000000 ) ) ;
#4825 = CARTESIAN_POINT ( 'NONE',  ( 27.67268767190000389, 25.04840876449999953, 50.00000000000000000 ) ) ;
#4826 = FACE_OUTER_BOUND ( 'NONE', #8843, .T. ) ;
#4827 = VERTEX_POINT ( 'NONE', #11361 ) ;
#4828 = ADVANCED_FACE ( 'NONE', ( #11414 ), #9595, .T. ) ;
#4829 = CARTESIAN_POINT ( 'NONE',  ( 14.97268767190001881, 20.54840876450001730, 50.00000000000000000 ) ) ;
#4830 = FACE_OUTER_BOUND ( 'NONE', #5829, .T. ) ;
#4831 = ORIENTED_EDGE ( 'NONE', *, *, #5770, .F. ) ;
#4832 = VERTEX_POINT ( 'NONE', #10379 ) ;
#4833 = CARTESIAN_POINT ( 'NONE',  ( 32.97268767190000460, 60.54840876450000309, -50.00000000000000000 ) ) ;
#4834 = ORIENTED_EDGE ( 'NONE', *, *, #7079, .F. ) ;
#4835 = FACE_OUTER_BOUND ( 'NONE', #9841, .T. ) ;
#4836 = CARTESIAN_POINT ( 'NONE',  ( 1.572687671900000028, 73.14840876450000451, 50.00000000000000000 ) ) ;
#4837 = VERTEX_POINT ( 'NONE', #8629 ) ;
#4838 = CARTESIAN_POINT ( 'NONE',  ( 29.47268767190000105, 60.04840876450000309, -50.00000000000000000 ) ) ;
#4839 = CYLINDRICAL_SURFACE ( 'NONE', #6667, 5.699999999998007105 ) ;
#4840 = DIRECTION ( 'NONE',  ( -0.0000000000000000000, -0.0000000000000000000, -1.000000000000000000 ) ) ;
#4841 = ORIENTED_EDGE ( 'NONE', *, *, #11097, .F. ) ;
#4842 = CARTESIAN_POINT ( 'NONE',  ( 28.47268767190000105, 61.54840876450000309, -50.00000000000000000 ) ) ;
#4843 = CARTESIAN_POINT ( 'NONE',  ( 20.72268767190000105, 17.24840876449999882, 50.00000000000000000 ) ) ;
#4844 = EDGE_LOOP ( 'NONE', ( #10006, #4405, #450, #2479 ) ) ;
#4845 = EDGE_CURVE ( 'NONE', #6237, #6897, #5660, .T. ) ;
#4846 = CIRCLE ( 'NONE', #8677, 1.500000000000004885 ) ;
#4847 = ORIENTED_EDGE ( 'NONE', *, *, #4723, .T. ) ;
#4848 = ORIENTED_EDGE ( 'NONE', *, *, #7005, .T. ) ;
#4849 = FACE_BOUND ( 'NONE', #6984, .T. ) ;
#4850 = AXIS2_PLACEMENT_3D ( 'NONE', #2271, #5799, #430 ) ;
#4851 = CARTESIAN_POINT ( 'NONE',  ( -4.527312328099999839, 47.54840876449999598, -50.00000000000000000 ) ) ;
#4852 = CARTESIAN_POINT ( 'NONE',  ( 31.07268767190005931, 66.94840876449994482, 50.00000000000000000 ) ) ;
#4853 = CARTESIAN_POINT ( 'NONE',  ( -5.027312328099999839, 29.24840876449999882, 50.00000000000000000 ) ) ;
#4854 = CIRCLE ( 'NONE', #1673, 26.70000000000134932 ) ;
#4855 = EDGE_CURVE ( 'NONE', #10131, #300, #8750, .T. ) ;
#4856 = ORIENTED_EDGE ( 'NONE', *, *, #9979, .T. ) ;
#4857 = ORIENTED_EDGE ( 'NONE', *, *, #8559, .F. ) ;
#4858 = CYLINDRICAL_SURFACE ( 'NONE', #10272, 2.500000000000015987 ) ;
#4859 = CARTESIAN_POINT ( 'NONE',  ( 10.77268767198538590, 66.79840876450053599, -50.00000000000000000 ) ) ;
#4860 = DIRECTION ( 'NONE',  ( -0.0000000000000000000, -0.0000000000000000000, -1.000000000000000000 ) ) ;
#4861 = PLANE ( 'NONE',  #9938 ) ;
#4862 = VERTEX_POINT ( 'NONE', #7844 ) ;
#4863 = CARTESIAN_POINT ( 'NONE',  ( 17.55623076396699389, 6.510685578278065044, 50.00000000000000000 ) ) ;
#4864 = AXIS2_PLACEMENT_3D ( 'NONE', #9496, #7774, #555 ) ;
#4865 = CARTESIAN_POINT ( 'NONE',  ( 24.87268767190000318, 73.64840876450000451, -50.00000000000000000 ) ) ;
#4866 = ADVANCED_FACE ( 'NONE', ( #2157 ), #3979, .F. ) ;
#4867 = VECTOR ( 'NONE', #5549, 1000.000000000000000 ) ;
#4868 = VERTEX_POINT ( 'NONE', #3255 ) ;
#4869 = EDGE_CURVE ( 'NONE', #300, #8465, #9034, .T. ) ;
#4870 = VERTEX_POINT ( 'NONE', #3214 ) ;
#4871 = CARTESIAN_POINT ( 'NONE',  ( 17.97268767190000105, 70.54840876449999598, 50.00000000000000000 ) ) ;
#4872 = AXIS2_PLACEMENT_3D ( 'NONE', #719, #4594, #10896 ) ;
#4873 = VECTOR ( 'NONE', #9121, 1000.000000000000000 ) ;
#4874 = EDGE_LOOP ( 'NONE', ( #2311, #2763, #2674, #2572 ) ) ;
#4875 = APPLICATION_PROTOCOL_DEFINITION ( 'draft international standard', 'automotive_design', 1998, #10324 ) ;
#4876 = ADVANCED_FACE ( 'NONE', ( #6078 ), #6639, .F. ) ;
#4877 = DIRECTION ( 'NONE',  ( -0.0000000000000000000, -0.0000000000000000000, -1.000000000000000000 ) ) ;
#4878 = CARTESIAN_POINT ( 'NONE',  ( -2.527312328099999839, 10.04840876449999953, 50.00000000000000000 ) ) ;
#4879 = DIRECTION ( 'NONE',  ( -0.0000000000000000000, -0.0000000000000000000, -1.000000000000000000 ) ) ;
#4880 = CIRCLE ( 'NONE', #2024, 0.4999999999999596989 ) ;
#4881 = ORIENTED_EDGE ( 'NONE', *, *, #3168, .F. ) ;
#4882 = DIRECTION ( 'NONE',  ( -0.0000000000000000000, -0.0000000000000000000, -1.000000000000000000 ) ) ;
#4883 = CARTESIAN_POINT ( 'NONE',  ( 2.555398083371431817, 67.31690945730176168, -50.00000000000000000 ) ) ;
#4884 = ADVANCED_FACE ( 'NONE', ( #9722 ), #5096, .F. ) ;
#4885 = CYLINDRICAL_SURFACE ( 'NONE', #9110, 3.999999999999785061 ) ;
#4886 = ORIENTED_EDGE ( 'NONE', *, *, #4766, .T. ) ;
#4887 = CARTESIAN_POINT ( 'NONE',  ( 5.559261370505132582, 60.46619193878836995, 50.00000000000000000 ) ) ;
#4888 = CARTESIAN_POINT ( 'NONE',  ( 30.47268767190000105, 48.04840876450000309, -50.00000000000000000 ) ) ;
#4889 = EDGE_CURVE ( 'NONE', #10031, #4254, #6364, .T. ) ;
#4890 = CARTESIAN_POINT ( 'NONE',  ( 19.97268767190000105, 72.54840876449999598, 50.00000000000000000 ) ) ;
#4891 = CIRCLE ( 'NONE', #6450, 0.4999999999999917843 ) ;
#4892 = CARTESIAN_POINT ( 'NONE',  ( 2.659086438555689824, -13.56604450776711346, 50.00000000000000000 ) ) ;
#4893 = AXIS2_PLACEMENT_3D ( 'NONE', #9405, #10226, #7566 ) ;
#4894 = ORIENTED_EDGE ( 'NONE', *, *, #9306, .T. ) ;
#4895 = DIRECTION ( 'NONE',  ( 1.000000000000000000, 0.0000000000000000000, 0.0000000000000000000 ) ) ;
#4896 = VECTOR ( 'NONE', #905, 1000.000000000000000 ) ;
#4897 = ORIENTED_EDGE ( 'NONE', *, *, #19, .F. ) ;
#4898 = LINE ( 'NONE', #11594, #4482 ) ;
#4899 = AXIS2_PLACEMENT_3D ( 'NONE', #1775, #3695, #4595 ) ;
#4900 = CARTESIAN_POINT ( 'NONE',  ( 31.57268767190000247, 3.148408764500000512, 50.00000000000000000 ) ) ;
#4901 = ORIENTED_EDGE ( 'NONE', *, *, #1116, .T. ) ;
#4902 = ORIENTED_EDGE ( 'NONE', *, *, #209, .T. ) ;
#4903 = DIRECTION ( 'NONE',  ( 1.000000000000000000, 0.0000000000000000000, 0.0000000000000000000 ) ) ;
#4904 = CIRCLE ( 'NONE', #2715, 3.400000000000039435 ) ;
#4905 = ORIENTED_EDGE ( 'NONE', *, *, #1190, .T. ) ;
#4906 = ORIENTED_EDGE ( 'NONE', *, *, #9226, .F. ) ;
#4907 = VECTOR ( 'NONE', #4314, 1000.000000000000000 ) ;
#4908 = DIRECTION ( 'NONE',  ( -1.000000000000000000, 0.0000000000000000000, 0.0000000000000000000 ) ) ;
#4909 = VERTEX_POINT ( 'NONE', #1450 ) ;
#4910 = CARTESIAN_POINT ( 'NONE',  ( -1.727312328099880556, 7.048408764500091017, 50.00000000000000000 ) ) ;
#4911 = DIRECTION ( 'NONE',  ( -1.000000000000000000, 0.0000000000000000000, 0.0000000000000000000 ) ) ;
#4912 = DIRECTION ( 'NONE',  ( -0.0000000000000000000, -0.0000000000000000000, -1.000000000000000000 ) ) ;
#4913 = DIRECTION ( 'NONE',  ( 0.0000000000000000000, 0.0000000000000000000, 1.000000000000000000 ) ) ;
#4914 = AXIS2_PLACEMENT_3D ( 'NONE', #8653, #5178, #1474 ) ;
#4915 = VECTOR ( 'NONE', #5395, 999.9999999999998863 ) ;
#4916 = ORIENTED_EDGE ( 'NONE', *, *, #2326, .T. ) ;
#4917 = DIRECTION ( 'NONE',  ( 1.000000000000000000, 0.0000000000000000000, 0.0000000000000000000 ) ) ;
#4918 = ORIENTED_EDGE ( 'NONE', *, *, #5542, .T. ) ;
#4919 = VERTEX_POINT ( 'NONE', #702 ) ;
#4920 = ORIENTED_EDGE ( 'NONE', *, *, #556, .T. ) ;
#4921 = ADVANCED_FACE ( 'NONE', ( #2718 ), #336, .T. ) ;
#4922 = EDGE_CURVE ( 'NONE', #5538, #28, #3136, .T. ) ;
#4923 = DIRECTION ( 'NONE',  ( 1.000000000000000000, 0.0000000000000000000, 0.0000000000000000000 ) ) ;
#4924 = DIRECTION ( 'NONE',  ( -0.0000000000000000000, -0.0000000000000000000, -1.000000000000000000 ) ) ;
#4925 = CYLINDRICAL_SURFACE ( 'NONE', #6910, 0.5000000000000108802 ) ;
#4926 = ORIENTED_EDGE ( 'NONE', *, *, #614, .T. ) ;
#4927 = VERTEX_POINT ( 'NONE', #1671 ) ;
#4928 = CARTESIAN_POINT ( 'NONE',  ( -1.727312328100000016, 5.048408764500000423, 50.00000000000000000 ) ) ;
#4929 = ORIENTED_EDGE ( 'NONE', *, *, #674, .F. ) ;
#4930 = ADVANCED_FACE ( 'NONE', ( #193 ), #10840, .F. ) ;
#4931 = AXIS2_PLACEMENT_3D ( 'NONE', #8060, #4530, #8999 ) ;
#4932 = DIRECTION ( 'NONE',  ( -0.0000000000000000000, -0.0000000000000000000, -1.000000000000000000 ) ) ;
#4933 = EDGE_CURVE ( 'NONE', #9175, #7732, #7214, .T. ) ;
#4934 = LINE ( 'NONE', #8906, #9437 ) ;
#4935 = EDGE_LOOP ( 'NONE', ( #7651, #3558, #6332, #5074 ) ) ;
#4936 = ORIENTED_EDGE ( 'NONE', *, *, #3750, .T. ) ;
#4937 = CARTESIAN_POINT ( 'NONE',  ( 5.972687671900000161, -2.451591235500058197, 50.00000000000000000 ) ) ;
#4938 = FACE_OUTER_BOUND ( 'NONE', #637, .T. ) ;
#4939 = ADVANCED_FACE ( 'NONE', ( #7496 ), #3504, .F. ) ;
#4940 = ORIENTED_EDGE ( 'NONE', *, *, #5428, .T. ) ;
#4941 = DIRECTION ( 'NONE',  ( -1.000000000000000000, -0.0000000000000000000, -0.0000000000000000000 ) ) ;
#4942 = DIRECTION ( 'NONE',  ( 1.000000000000000000, 0.0000000000000000000, 0.0000000000000000000 ) ) ;
#4943 = EDGE_CURVE ( 'NONE', #8730, #1526, #9022, .T. ) ;
#4944 = AXIS2_PLACEMENT_3D ( 'NONE', #9801, #11495, #6243 ) ;
#4945 = CARTESIAN_POINT ( 'NONE',  ( 7.068198770170257994, 12.04840876450001907, 50.00000000000000000 ) ) ;
#4946 = VERTEX_POINT ( 'NONE', #8022 ) ;
#4947 = FACE_OUTER_BOUND ( 'NONE', #1023, .T. ) ;
#4948 = ORIENTED_EDGE ( 'NONE', *, *, #7274, .T. ) ;
#4949 = EDGE_CURVE ( 'NONE', #8780, #2727, #2995, .T. ) ;
#4950 = LINE ( 'NONE', #1928, #5651 ) ;
#4951 = LINE ( 'NONE', #1213, #3006 ) ;
#4952 = VERTEX_POINT ( 'NONE', #7045 ) ;
#4953 = VERTEX_POINT ( 'NONE', #4376 ) ;
#4954 = DIRECTION ( 'NONE',  ( -0.0000000000000000000, -1.000000000000000000, -0.0000000000000000000 ) ) ;
#4955 = DIRECTION ( 'NONE',  ( -0.0000000000000000000, -0.0000000000000000000, -1.000000000000000000 ) ) ;
#4956 = EDGE_CURVE ( 'NONE', #5386, #7077, #3680, .T. ) ;
#4957 = DIRECTION ( 'NONE',  ( -1.000000000000000000, 0.0000000000000000000, 0.0000000000000000000 ) ) ;
#4958 = DIRECTION ( 'NONE',  ( -1.000000000000000000, -0.0000000000000000000, -0.0000000000000000000 ) ) ;
#4959 = EDGE_CURVE ( 'NONE', #11380, #1039, #10976, .T. ) ;
#4960 = CYLINDRICAL_SURFACE ( 'NONE', #10331, 3.999999999999993339 ) ;
#4961 = EDGE_LOOP ( 'NONE', ( #863, #7483, #9616, #2800, #6234, #8691, #7302, #717, #8328, #4498, #9788, #4067, #2136, #744, #2909 ) ) ;
#4962 = AXIS2_PLACEMENT_3D ( 'NONE', #10156, #4772, #5801 ) ;
#4963 = CYLINDRICAL_SURFACE ( 'NONE', #2172, 26.40000000001335678 ) ;
#4964 = ADVANCED_FACE ( 'NONE', ( #4253 ), #3273, .T. ) ;
#4965 = ORIENTED_EDGE ( 'NONE', *, *, #8859, .F. ) ;
#4966 = ORIENTED_EDGE ( 'NONE', *, *, #198, .T. ) ;
#4967 = DIRECTION ( 'NONE',  ( -0.0000000000000000000, -0.0000000000000000000, -1.000000000000000000 ) ) ;
#4968 = DIRECTION ( 'NONE',  ( 1.000000000000000000, 0.0000000000000000000, 0.0000000000000000000 ) ) ;
#4969 = CARTESIAN_POINT ( 'NONE',  ( 5.800182131532053198, 49.45185985830755016, 50.00000000000000000 ) ) ;
#4970 = DIRECTION ( 'NONE',  ( 1.000000000000000000, -0.0000000000000000000, -0.0000000000000000000 ) ) ;
#4971 = EDGE_CURVE ( 'NONE', #5071, #3934, #6351, .T. ) ;
#4972 = VECTOR ( 'NONE', #6180, 999.9999999999998863 ) ;
#4973 = ORIENTED_EDGE ( 'NONE', *, *, #3525, .F. ) ;
#4974 = CIRCLE ( 'NONE', #10704, 0.4999999999999900080 ) ;
#4975 = EDGE_LOOP ( 'NONE', ( #7238, #6131, #11261, #6871 ) ) ;
#4976 = ORIENTED_EDGE ( 'NONE', *, *, #8357, .T. ) ;
#4977 = EDGE_LOOP ( 'NONE', ( #9558, #7114 ) ) ;
#4978 = EDGE_CURVE ( 'NONE', #4037, #11073, #4120, .T. ) ;
#4979 = CARTESIAN_POINT ( 'NONE',  ( 15.47268767189999927, 20.24456118719999864, 50.00000000000000000 ) ) ;
#4980 = DIRECTION ( 'NONE',  ( 0.0000000000000000000, 0.0000000000000000000, 1.000000000000000000 ) ) ;
#4981 = CARTESIAN_POINT ( 'NONE',  ( 28.47268767190010763, 29.24840876449989580, 50.00000000000000000 ) ) ;
#4982 = LINE ( 'NONE', #1499, #7234 ) ;
#4983 = ORIENTED_EDGE ( 'NONE', *, *, #5128, .F. ) ;
#4984 = DIRECTION ( 'NONE',  ( -0.0000000000000000000, -0.0000000000000000000, -1.000000000000000000 ) ) ;
#4985 = FACE_OUTER_BOUND ( 'NONE', #10932, .T. ) ;
#4986 = ADVANCED_FACE ( 'NONE', ( #325 ), #10426, .F. ) ;
#4987 = AXIS2_PLACEMENT_3D ( 'NONE', #8853, #2470, #8741 ) ;
#4988 = DIRECTION ( 'NONE',  ( -1.000000000000000000, -0.0000000000000000000, -0.0000000000000000000 ) ) ;
#4989 = ADVANCED_FACE ( 'NONE', ( #5367 ), #38, .F. ) ;
#4990 = CARTESIAN_POINT ( 'NONE',  ( -1.727312328100000016, 65.04840876449999598, -50.00000000000000000 ) ) ;
#4991 = CYLINDRICAL_SURFACE ( 'NONE', #7705, 1.500000000000035971 ) ;
#4992 = DIRECTION ( 'NONE',  ( -0.0000000000000000000, -0.0000000000000000000, -1.000000000000000000 ) ) ;
#4993 = VERTEX_POINT ( 'NONE', #782 ) ;
#4994 = ORIENTED_EDGE ( 'NONE', *, *, #6513, .T. ) ;
#4995 = CYLINDRICAL_SURFACE ( 'NONE', #11239, 2.500000000000002220 ) ;
#4996 = EDGE_CURVE ( 'NONE', #214, #11620, #10827, .T. ) ;
#4997 = ORIENTED_EDGE ( 'NONE', *, *, #8320, .T. ) ;
#4998 = ADVANCED_FACE ( 'NONE', ( #1861 ), #3967, .T. ) ;
#4999 = VECTOR ( 'NONE', #11226, 1000.000000000000000 ) ;
#5000 = AXIS2_PLACEMENT_3D ( 'NONE', #4004, #5879, #4895 ) ;
#5001 = DIRECTION ( 'NONE',  ( 0.0000000000000000000, -0.0000000000000000000, -1.000000000000000000 ) ) ;
#5002 = ORIENTED_EDGE ( 'NONE', *, *, #579, .F. ) ;
#5003 = PLANE ( 'NONE',  #7766 ) ;
#5004 = DIRECTION ( 'NONE',  ( 0.0000000000000000000, 0.0000000000000000000, 1.000000000000000000 ) ) ;
#5005 = DIRECTION ( 'NONE',  ( -0.0000000000000000000, -0.0000000000000000000, -1.000000000000000000 ) ) ;
#5006 = CARTESIAN_POINT ( 'NONE',  ( 10.97268767189999927, 49.04840876450001019, -50.00000000000000000 ) ) ;
#5007 = EDGE_CURVE ( 'NONE', #9996, #2426, #5652, .T. ) ;
#5008 = VECTOR ( 'NONE', #5343, 1000.000000000000000 ) ;
#5009 = ORIENTED_EDGE ( 'NONE', *, *, #6934, .T. ) ;
#5010 = EDGE_CURVE ( 'NONE', #6549, #9916, #8615, .T. ) ;
#5011 = AXIS2_PLACEMENT_3D ( 'NONE', #1312, #10362, #5820 ) ;
#5012 = CIRCLE ( 'NONE', #11044, 26.40000000002126157 ) ;
#5013 = VERTEX_POINT ( 'NONE', #2767 ) ;
#5014 = CARTESIAN_POINT ( 'NONE',  ( 8.972687671899999273, -3.451591235500000021, 50.00000000000000000 ) ) ;
#5015 = DIRECTION ( 'NONE',  ( 1.000000000000000000, 0.0000000000000000000, 0.0000000000000000000 ) ) ;
#5016 = CARTESIAN_POINT ( 'NONE',  ( 15.17268767190000034, 62.79840876450000309, 50.00000000000000000 ) ) ;
#5017 = EDGE_CURVE ( 'NONE', #4952, #8563, #1576, .T. ) ;
#5018 = CARTESIAN_POINT ( 'NONE',  ( 1.572687671900000028, 73.14840876450000451, 50.00000000000000000 ) ) ;
#5019 = ADVANCED_FACE ( 'NONE', ( #6628 ), #2011, .T. ) ;
#5020 = CARTESIAN_POINT ( 'NONE',  ( 10.47268767189999927, 20.54840876449999953, 50.00000000000000000 ) ) ;
#5021 = AXIS2_PLACEMENT_3D ( 'NONE', #3904, #7437, #9126 ) ;
#5022 = LINE ( 'NONE', #4761, #4047 ) ;
#5023 = ORIENTED_EDGE ( 'NONE', *, *, #5352, .F. ) ;
#5024 = CARTESIAN_POINT ( 'NONE',  ( 18.47268767190000105, -4.951591235499999577, 50.00000000000000000 ) ) ;
#5025 = EDGE_CURVE ( 'NONE', #7999, #11524, #11270, .T. ) ;
#5026 = CIRCLE ( 'NONE', #8489, 0.4999999999999935052 ) ;
#5027 = DIRECTION ( 'NONE',  ( -0.0000000000000000000, -0.0000000000000000000, -1.000000000000000000 ) ) ;
#5028 = DIRECTION ( 'NONE',  ( 1.000000000000000000, 0.0000000000000000000, 0.0000000000000000000 ) ) ;
#5029 = AXIS2_PLACEMENT_3D ( 'NONE', #2497, #3359, #4375 ) ;
#5030 = CARTESIAN_POINT ( 'NONE',  ( 2.348228878636272388, 64.05630070972254941, 50.00000000000000000 ) ) ;
#5031 = DIRECTION ( 'NONE',  ( 1.000000000000000000, 0.0000000000000000000, 0.0000000000000000000 ) ) ;
#5032 = CIRCLE ( 'NONE', #6092, 2.600000000000004086 ) ;
#5033 = ORIENTED_EDGE ( 'NONE', *, *, #216, .F. ) ;
#5034 = EDGE_CURVE ( 'NONE', #8546, #2412, #10146, .T. ) ;
#5035 = AXIS2_PLACEMENT_3D ( 'NONE', #5149, #735, #1549 ) ;
#5036 = DIRECTION ( 'NONE',  ( -1.000000000000000000, 0.0000000000000000000, 0.0000000000000000000 ) ) ;
#5037 = LINE ( 'NONE', #2360, #5598 ) ;
#5038 = ORIENTED_EDGE ( 'NONE', *, *, #6576, .T. ) ;
#5039 = CARTESIAN_POINT ( 'NONE',  ( -1.727312328100000016, 25.04840876449999953, -50.00000000000000000 ) ) ;
#5040 = VECTOR ( 'NONE', #2086, 1000.000000000000000 ) ;
#5041 = VERTEX_POINT ( 'NONE', #9908 ) ;
#5042 = DIRECTION ( 'NONE',  ( 0.0000000000000000000, 0.0000000000000000000, 1.000000000000000000 ) ) ;
#5043 = EDGE_CURVE ( 'NONE', #8768, #2590, #8040, .T. ) ;
#5044 = PLANE ( 'NONE',  #3008 ) ;
#5045 = LINE ( 'NONE', #4715, #2652 ) ;
#5046 = CARTESIAN_POINT ( 'NONE',  ( 23.42905437789999823, 3.443043897399999498, -50.00000000000000000 ) ) ;
#5047 = VERTEX_POINT ( 'NONE', #8969 ) ;
#5048 = CARTESIAN_POINT ( 'NONE',  ( 30.47268767190000105, 48.04840876450000309, 50.00000000000000000 ) ) ;
#5049 = ADVANCED_FACE ( 'NONE', ( #613 ), #9584, .T. ) ;
#5050 = VERTEX_POINT ( 'NONE', #5469 ) ;
#5052 = DIRECTION ( 'NONE',  ( -0.0000000000000000000, 1.000000000000000000, -0.0000000000000000000 ) ) ;
#5051 = LINE ( 'NONE', #6203, #1689 ) ;
#5053 = EDGE_LOOP ( 'NONE', ( #3396, #8729, #4916, #4105 ) ) ;
#5054 = AXIS2_PLACEMENT_3D ( 'NONE', #4049, #6748, #3927 ) ;
#5055 = ADVANCED_FACE ( 'NONE', ( #6782 ), #7327, .T. ) ;
#5056 = CARTESIAN_POINT ( 'NONE',  ( 7.972687671899985951, -1.451591235500013122, -50.00000000000000000 ) ) ;
#5057 = ORIENTED_EDGE ( 'NONE', *, *, #6141, .T. ) ;
#5058 = LINE ( 'NONE', #1113, #132 ) ;
#5059 = DIRECTION ( 'NONE',  ( -0.0000000000000000000, -0.0000000000000000000, -1.000000000000000000 ) ) ;
#5060 = ORIENTED_EDGE ( 'NONE', *, *, #596, .T. ) ;
#5061 = CIRCLE ( 'NONE', #10966, 0.4999999999999935052 ) ;
#5062 = ORIENTED_EDGE ( 'NONE', *, *, #4869, .F. ) ;
#5063 = ORIENTED_EDGE ( 'NONE', *, *, #135, .T. ) ;
#5064 = CARTESIAN_POINT ( 'NONE',  ( 27.67268767190000389, 25.04840876449999953, -50.00000000000000000 ) ) ;
#5065 = DIRECTION ( 'NONE',  ( -0.0000000000000000000, -0.0000000000000000000, -1.000000000000000000 ) ) ;
#5066 = ORIENTED_EDGE ( 'NONE', *, *, #610, .F. ) ;
#5067 = AXIS2_PLACEMENT_3D ( 'NONE', #10078, #4620, #3840 ) ;
#5068 = DIRECTION ( 'NONE',  ( 1.000000000000000000, 0.0000000000000000000, 0.0000000000000000000 ) ) ;
#5069 = CYLINDRICAL_SURFACE ( 'NONE', #5160, 2.600000000000000533 ) ;
#5070 = CARTESIAN_POINT ( 'NONE',  ( 10.47268767189999927, 49.85225634180000043, 50.00000000000000000 ) ) ;
#5071 = VERTEX_POINT ( 'NONE', #2688 ) ;
#5072 = LINE ( 'NONE', #2359, #10967 ) ;
#5073 = VERTEX_POINT ( 'NONE', #1793 ) ;
#5074 = ORIENTED_EDGE ( 'NONE', *, *, #11437, .T. ) ;
#5075 = EDGE_CURVE ( 'NONE', #6087, #6069, #8327, .T. ) ;
#5076 = CARTESIAN_POINT ( 'NONE',  ( 2.335395080400000101, 64.77579147110000690, 50.00000000000000000 ) ) ;
#5077 = CARTESIAN_POINT ( 'NONE',  ( 15.97268767190005967, 60.95289766620000904, 50.00000000000000000 ) ) ;
#5078 = DIRECTION ( 'NONE',  ( -0.0000000000000000000, -0.0000000000000000000, -1.000000000000000000 ) ) ;
#5079 = CARTESIAN_POINT ( 'NONE',  ( 16.97268767190000105, -1.451591235500000021, -50.00000000000000000 ) ) ;
#5081 = VECTOR ( 'NONE', #7925, 1000.000000000000000 ) ;
#5080 = DIRECTION ( 'NONE',  ( 1.000000000000000000, 0.0000000000000000000, 0.0000000000000000000 ) ) ;
#5082 = DIRECTION ( 'NONE',  ( 0.0000000000000000000, 0.0000000000000000000, 1.000000000000000000 ) ) ;
#5083 = CIRCLE ( 'NONE', #3307, 4.000000000000161648 ) ;
#5084 = CYLINDRICAL_SURFACE ( 'NONE', #3422, 0.4999999999999865663 ) ;
#5085 = ORIENTED_EDGE ( 'NONE', *, *, #6175, .T. ) ;
#5086 = LINE ( 'NONE', #313, #2709 ) ;
#5087 = CARTESIAN_POINT ( 'NONE',  ( 23.59714646526358806, 6.040516819277294225, 50.00000000000000000 ) ) ;
#5088 = ORIENTED_EDGE ( 'NONE', *, *, #8135, .F. ) ;
#5089 = CARTESIAN_POINT ( 'NONE',  ( 10.77268767189999998, 7.298408764500000423, -50.00000000000000000 ) ) ;
#5090 = AXIS2_PLACEMENT_3D ( 'NONE', #6863, #518, #11399 ) ;
#5091 = EDGE_CURVE ( 'NONE', #10841, #2979, #1299, .T. ) ;
#5092 = DIRECTION ( 'NONE',  ( 0.0000000000000000000, 0.0000000000000000000, 1.000000000000000000 ) ) ;
#5093 = CYLINDRICAL_SURFACE ( 'NONE', #4914, 5.499999999994175326 ) ;
#5094 = VERTEX_POINT ( 'NONE', #10835 ) ;
#5095 = CARTESIAN_POINT ( 'NONE',  ( -1.727312328100000016, 45.04840876450000309, 50.00000000000000000 ) ) ;
#5096 = CYLINDRICAL_SURFACE ( 'NONE', #9282, 0.5000000000000073275 ) ;
#5097 = ORIENTED_EDGE ( 'NONE', *, *, #8434, .F. ) ;
#5098 = DIRECTION ( 'NONE',  ( -0.0000000000000000000, -0.0000000000000000000, -1.000000000000000000 ) ) ;
#5099 = AXIS2_PLACEMENT_3D ( 'NONE', #11487, #11448, #2507 ) ;
#5100 = DIRECTION ( 'NONE',  ( -0.0000000000000000000, -1.000000000000000000, -0.0000000000000000000 ) ) ;
#5101 = ORIENTED_EDGE ( 'NONE', *, *, #7907, .T. ) ;
#5102 = FACE_OUTER_BOUND ( 'NONE', #4191, .T. ) ;
#5103 = CARTESIAN_POINT ( 'NONE',  ( 1.013769414307586381, 65.85832886109400874, -50.00000000000000000 ) ) ;
#5104 = VERTEX_POINT ( 'NONE', #6297 ) ;
#5105 = VECTOR ( 'NONE', #4452, 1000.000000000000000 ) ;
#5106 = DIRECTION ( 'NONE',  ( 1.000000000000000000, 0.0000000000000000000, 0.0000000000000000000 ) ) ;
#5107 = VERTEX_POINT ( 'NONE', #939 ) ;
#5108 = VERTEX_POINT ( 'NONE', #2733 ) ;
#5109 = CARTESIAN_POINT ( 'NONE',  ( 18.47268767190001526, 73.54840876449998177, 50.00000000000000000 ) ) ;
#5110 = EDGE_LOOP ( 'NONE', ( #3059, #11433, #1703, #3681 ) ) ;
#5111 = EDGE_CURVE ( 'NONE', #2055, #9404, #2704, .T. ) ;
#5112 = AXIS2_PLACEMENT_3D ( 'NONE', #2391, #5873, #2428 ) ;
#5113 = ADVANCED_FACE ( 'NONE', ( #886 ), #5084, .T. ) ;
#5114 = VECTOR ( 'NONE', #3343, 1000.000000000000000 ) ;
#5115 = ORIENTED_EDGE ( 'NONE', *, *, #4803, .T. ) ;
#5116 = LINE ( 'NONE', #4718, #4562 ) ;
#5117 = ORIENTED_EDGE ( 'NONE', *, *, #9396, .T. ) ;
#5118 = CARTESIAN_POINT ( 'NONE',  ( -3.027312328099999839, -4.951591235499999577, 50.00000000000000000 ) ) ;
#5119 = DIRECTION ( 'NONE',  ( -0.0000000000000000000, -0.0000000000000000000, -1.000000000000000000 ) ) ;
#5120 = CARTESIAN_POINT ( 'NONE',  ( 24.93160592962014377, 65.85832886106643969, 50.00000000000000000 ) ) ;
#5121 = EDGE_CURVE ( 'NONE', #11003, #11450, #8886, .T. ) ;
#5122 = DIRECTION ( 'NONE',  ( -0.0000000000000000000, -0.0000000000000000000, -1.000000000000000000 ) ) ;
#5123 = CARTESIAN_POINT ( 'NONE',  ( 28.47268767190000105, 47.54840876450001730, 50.00000000000000000 ) ) ;
#5124 = LINE ( 'NONE', #6525, #9342 ) ;
#5125 = ORIENTED_EDGE ( 'NONE', *, *, #726, .T. ) ;
#5126 = EDGE_LOOP ( 'NONE', ( #774, #3275, #3713, #10693 ) ) ;
#5127 = FACE_OUTER_BOUND ( 'NONE', #3843, .T. ) ;
#5128 = EDGE_CURVE ( 'NONE', #8431, #5050, #9454, .T. ) ;
#5129 = CARTESIAN_POINT ( 'NONE',  ( 6.472687671900000161, 70.54840876449999598, 50.00000000000000000 ) ) ;
#5130 = DIRECTION ( 'NONE',  ( -1.000000000000000000, 0.0000000000000000000, 0.0000000000000000000 ) ) ;
#5131 = VECTOR ( 'NONE', #10661, 1000.000000000000000 ) ;
#5132 = ORIENTED_EDGE ( 'NONE', *, *, #4513, .T. ) ;
#5133 = VERTEX_POINT ( 'NONE', #342 ) ;
#5134 = LINE ( 'NONE', #4238, #387 ) ;
#5135 = AXIS2_PLACEMENT_3D ( 'NONE', #3621, #8220, #8174 ) ;
#5136 = CARTESIAN_POINT ( 'NONE',  ( 20.97268767190012895, 69.74840876447169080, 50.00000000000000000 ) ) ;
#5137 = ORIENTED_EDGE ( 'NONE', *, *, #6328, .F. ) ;
#5138 = DIRECTION ( 'NONE',  ( -1.000000000000000000, -0.0000000000000000000, -0.0000000000000000000 ) ) ;
#5139 = DIRECTION ( 'NONE',  ( -0.0000000000000000000, -0.0000000000000000000, -1.000000000000000000 ) ) ;
#5140 = VECTOR ( 'NONE', #9864, 1000.000000000000000 ) ;
#5141 = EDGE_CURVE ( 'NONE', #7930, #1666, #7776, .T. ) ;
#5142 = ORIENTED_EDGE ( 'NONE', *, *, #11277, .T. ) ;
#5143 = CARTESIAN_POINT ( 'NONE',  ( 27.67268767190000389, 26.74840876449999882, 50.00000000000000000 ) ) ;
#5144 = CYLINDRICAL_SURFACE ( 'NONE', #1779, 3.399999999963466912 ) ;
#5145 = ORIENTED_EDGE ( 'NONE', *, *, #4200, .T. ) ;
#5146 = AXIS2_PLACEMENT_3D ( 'NONE', #6649, #10145, #2144 ) ;
#5147 = CARTESIAN_POINT ( 'NONE',  ( 19.97268767190000105, -0.9515912354999997991, -50.00000000000000000 ) ) ;
#5148 = CARTESIAN_POINT ( 'NONE',  ( -5.127312328100009253, 3.148408764500008505, 50.00000000000000000 ) ) ;
#5149 = CARTESIAN_POINT ( 'NONE',  ( 41.58714094422884244, 25.36200999777808818, 50.00000000000000000 ) ) ;
#5150 = DIRECTION ( 'NONE',  ( -0.0000000000000000000, -0.0000000000000000000, -1.000000000000000000 ) ) ;
#5151 = DIRECTION ( 'NONE',  ( -0.0000000000000000000, -0.0000000000000000000, -1.000000000000000000 ) ) ;
#5152 = FACE_OUTER_BOUND ( 'NONE', #1266, .T. ) ;
#5153 = DIRECTION ( 'NONE',  ( 1.000000000000000000, 0.0000000000000000000, 0.0000000000000000000 ) ) ;
#5154 = ORIENTED_EDGE ( 'NONE', *, *, #4138, .F. ) ;
#5155 = EDGE_CURVE ( 'NONE', #6851, #6187, #7061, .T. ) ;
#5156 = CARTESIAN_POINT ( 'NONE',  ( -2.527312328099992733, 47.54840876450001730, 50.00000000000000000 ) ) ;
#5157 = CARTESIAN_POINT ( 'NONE',  ( -4.527312328099965200, 62.54840876450001730, 50.00000000000000000 ) ) ;
#5158 = DIRECTION ( 'NONE',  ( -0.0000000000000000000, -0.0000000000000000000, -1.000000000000000000 ) ) ;
#5159 = EDGE_CURVE ( 'NONE', #4524, #5291, #2295, .T. ) ;
#5160 = AXIS2_PLACEMENT_3D ( 'NONE', #3682, #1997, #9999 ) ;
#5161 = CYLINDRICAL_SURFACE ( 'NONE', #4893, 0.5000000000003473888 ) ;
#5162 = ORIENTED_EDGE ( 'NONE', *, *, #10558, .F. ) ;
#5163 = CIRCLE ( 'NONE', #222, 3.999999999999899636 ) ;
#5164 = EDGE_CURVE ( 'NONE', #349, #10665, #11114, .T. ) ;
#5165 = DIRECTION ( 'NONE',  ( -0.0000000000000000000, 1.000000000000000000, -0.0000000000000000000 ) ) ;
#5166 = ORIENTED_EDGE ( 'NONE', *, *, #9676, .T. ) ;
#5167 = CARTESIAN_POINT ( 'NONE',  ( 32.97268767190000460, 9.548408764499999535, 50.00000000000000000 ) ) ;
#5168 = VECTOR ( 'NONE', #7203, 1000.000000000000000 ) ;
#5169 = ORIENTED_EDGE ( 'NONE', *, *, #5530, .F. ) ;
#5170 = EDGE_CURVE ( 'NONE', #9404, #5499, #6502, .T. ) ;
#5171 = CARTESIAN_POINT ( 'NONE',  ( 31.47268767190000105, 59.04840876450000309, 50.00000000000000000 ) ) ;
#5172 = EDGE_CURVE ( 'NONE', #5107, #776, #9173, .T. ) ;
#5173 = CIRCLE ( 'NONE', #1336, 1.999999999999384270 ) ;
#5174 = DIRECTION ( 'NONE',  ( 1.000000000000000000, 0.0000000000000000000, 0.0000000000000000000 ) ) ;
#5175 = AXIS2_PLACEMENT_3D ( 'NONE', #4734, #4815, #9183 ) ;
#5176 = PLANE ( 'NONE',  #2477 ) ;
#5177 = ORIENTED_EDGE ( 'NONE', *, *, #10703, .T. ) ;
#5178 = DIRECTION ( 'NONE',  ( -0.0000000000000000000, -0.0000000000000000000, -1.000000000000000000 ) ) ;
#5179 = ORIENTED_EDGE ( 'NONE', *, *, #1729, .F. ) ;
#5180 = ADVANCED_FACE ( 'NONE', ( #6212 ), #10689, .T. ) ;
#5181 = CIRCLE ( 'NONE', #2112, 1.000000000000013101 ) ;
#5182 = VERTEX_POINT ( 'NONE', #2891 ) ;
#5183 = CARTESIAN_POINT ( 'NONE',  ( -2.527312328099999394, 43.34840876450000025, -50.00000000000000000 ) ) ;
#5184 = ORIENTED_EDGE ( 'NONE', *, *, #6055, .T. ) ;
#5185 = EDGE_LOOP ( 'NONE', ( #9198, #10235, #1898, #8059 ) ) ;
#5186 = ORIENTED_EDGE ( 'NONE', *, *, #9180, .F. ) ;
#5187 = DIRECTION ( 'NONE',  ( -1.000000000000000000, 0.0000000000000000000, 0.0000000000000000000 ) ) ;
#5188 = DIRECTION ( 'NONE',  ( 0.0000000000000000000, 0.0000000000000000000, 1.000000000000000000 ) ) ;
#5189 = EDGE_CURVE ( 'NONE', #8097, #11519, #9297, .T. ) ;
#5190 = DIRECTION ( 'NONE',  ( -1.000000000000000000, 0.0000000000000000000, 0.0000000000000000000 ) ) ;
#5191 = CARTESIAN_POINT ( 'NONE',  ( 9.972687671899974404, 9.852256341793141914, 50.00000000000000000 ) ) ;
#5192 = VECTOR ( 'NONE', #10237, 1000.000000000000000 ) ;
#5193 = VERTEX_POINT ( 'NONE', #3014 ) ;
#5194 = VERTEX_POINT ( 'NONE', #10185 ) ;
#5195 = DIRECTION ( 'NONE',  ( -0.0000000000000000000, -0.0000000000000000000, -1.000000000000000000 ) ) ;
#5196 = CARTESIAN_POINT ( 'NONE',  ( 2.972687671900000161, 0.3484087645000002453, -50.00000000000000000 ) ) ;
#5197 = ORIENTED_EDGE ( 'NONE', *, *, #4978, .T. ) ;
#5198 = ORIENTED_EDGE ( 'NONE', *, *, #8779, .F. ) ;
#5199 = VERTEX_POINT ( 'NONE', #8380 ) ;
#5200 = CIRCLE ( 'NONE', #5316, 3.999999999999607869 ) ;
#5201 = AXIS2_PLACEMENT_3D ( 'NONE', #8070, #858, #8149 ) ;
#5202 = CARTESIAN_POINT ( 'NONE',  ( -5.027312328099998062, 7.548408764500001311, 50.00000000000000000 ) ) ;
#5203 = LINE ( 'NONE', #2716, #2827 ) ;
#5204 = ORIENTED_EDGE ( 'NONE', *, *, #4230, .T. ) ;
#5205 = ORIENTED_EDGE ( 'NONE', *, *, #4555, .T. ) ;
#5206 = DIRECTION ( 'NONE',  ( -0.0000000000000000000, -0.0000000000000000000, -1.000000000000000000 ) ) ;
#5207 = DIRECTION ( 'NONE',  ( 0.0000000000000000000, 0.0000000000000000000, 1.000000000000000000 ) ) ;
#5208 = DIRECTION ( 'NONE',  ( -0.0000000000000000000, -0.0000000000000000000, -1.000000000000000000 ) ) ;
#5209 = ORIENTED_EDGE ( 'NONE', *, *, #2775, .F. ) ;
#5210 = CARTESIAN_POINT ( 'NONE',  ( -5.027312328100000727, 29.24840876449999882, 50.00000000000000000 ) ) ;
#5211 = EDGE_CURVE ( 'NONE', #6237, #2944, #7482, .T. ) ;
#5212 = VECTOR ( 'NONE', #3340, 1000.000000000000000 ) ;
#5213 = ORIENTED_EDGE ( 'NONE', *, *, #2009, .F. ) ;
#5214 = ORIENTED_EDGE ( 'NONE', *, *, #3375, .F. ) ;
#5215 = DIRECTION ( 'NONE',  ( -0.0000000000000000000, -0.0000000000000000000, -1.000000000000000000 ) ) ;
#5216 = CYLINDRICAL_SURFACE ( 'NONE', #831, 2.499999999999996891 ) ;
#5217 = ORIENTED_EDGE ( 'NONE', *, *, #7870, .T. ) ;
#5218 = CARTESIAN_POINT ( 'NONE',  ( 19.07033741067628085, 17.98389263546527062, 50.00000000000000000 ) ) ;
#5219 = CARTESIAN_POINT ( 'NONE',  ( 2.659086438555689824, -13.56604450776711346, 50.00000000000000000 ) ) ;
#5220 = DIRECTION ( 'NONE',  ( -1.000000000000000000, 0.0000000000000000000, 0.0000000000000000000 ) ) ;
#5221 = CARTESIAN_POINT ( 'NONE',  ( 17.97268767190003658, -1.451591235500035992, -50.00000000000000000 ) ) ;
#5222 = VERTEX_POINT ( 'NONE', #8343 ) ;
#5223 = AXIS2_PLACEMENT_3D ( 'NONE', #8204, #6471, #10039 ) ;
#5224 = CARTESIAN_POINT ( 'NONE',  ( 31.57268767190000958, 66.94840876450000167, 50.00000000000000000 ) ) ;
#5225 = CYLINDRICAL_SURFACE ( 'NONE', #9135, 0.4999999999998616662 ) ;
#5226 = ORIENTED_EDGE ( 'NONE', *, *, #3361, .T. ) ;
#5227 = VECTOR ( 'NONE', #6404, 1000.000000000000000 ) ;
#5228 = LINE ( 'NONE', #11201, #8474 ) ;
#5229 = ORIENTED_EDGE ( 'NONE', *, *, #9572, .F. ) ;
#5230 = EDGE_CURVE ( 'NONE', #1936, #3400, #4523, .T. ) ;
#5231 = CARTESIAN_POINT ( 'NONE',  ( 18.87717657370000168, 57.54840876450001019, -50.00000000000000000 ) ) ;
#5232 = AXIS2_PLACEMENT_3D ( 'NONE', #11633, #5430, #5467 ) ;
#5233 = DIRECTION ( 'NONE',  ( 1.000000000000000000, 0.0000000000000000000, 0.0000000000000000000 ) ) ;
#5234 = DIRECTION ( 'NONE',  ( -0.0000000000000000000, -0.0000000000000000000, -1.000000000000000000 ) ) ;
#5235 = DIRECTION ( 'NONE',  ( 1.000000000000000000, -0.0000000000000000000, -0.0000000000000000000 ) ) ;
#5236 = VECTOR ( 'NONE', #10601, 1000.000000000000000 ) ;
#5237 = ORIENTED_EDGE ( 'NONE', *, *, #2571, .F. ) ;
#5238 = EDGE_CURVE ( 'NONE', #51, #5655, #1724, .T. ) ;
#5239 = DIRECTION ( 'NONE',  ( -0.0000000000000000000, -0.0000000000000000000, -1.000000000000000000 ) ) ;
#5240 = LINE ( 'NONE', #9940, #9323 ) ;
#5241 = DIRECTION ( 'NONE',  ( 1.000000000000000000, 0.0000000000000000000, 0.0000000000000000000 ) ) ;
#5242 = VERTEX_POINT ( 'NONE', #9166 ) ;
#5243 = AXIS2_PLACEMENT_3D ( 'NONE', #5191, #7875, #3435 ) ;
#5244 = ADVANCED_FACE ( 'NONE', ( #7196 ), #7365, .T. ) ;
#5245 = ORIENTED_EDGE ( 'NONE', *, *, #2491, .F. ) ;
#5246 = EDGE_CURVE ( 'NONE', #1086, #968, #5058, .T. ) ;
#5247 = CARTESIAN_POINT ( 'NONE',  ( 1.222687671899840067, 57.24840876450021199, 50.00000000000000000 ) ) ;
#5248 = CARTESIAN_POINT ( 'NONE',  ( 31.47268767190000105, 11.04840876449999953, -50.00000000000000000 ) ) ;
#5249 = DIRECTION ( 'NONE',  ( -0.0000000000000000000, -0.0000000000000000000, -1.000000000000000000 ) ) ;
#5251 = LINE ( 'NONE', #6385, #4140 ) ;
#5250 = CARTESIAN_POINT ( 'NONE',  ( 28.47268767190000105, 10.04840876449999953, 50.00000000000000000 ) ) ;
#5252 = VERTEX_POINT ( 'NONE', #1982 ) ;
#5253 = AXIS2_PLACEMENT_3D ( 'NONE', #6101, #10501, #8773 ) ;
#5254 = CIRCLE ( 'NONE', #9896, 0.4999999999999935052 ) ;
#5255 = ORIENTED_EDGE ( 'NONE', *, *, #915, .F. ) ;
#5256 = EDGE_LOOP ( 'NONE', ( #3039, #3515, #4077, #899 ) ) ;
#5257 = ORIENTED_EDGE ( 'NONE', *, *, #9853, .T. ) ;
#5258 = CARTESIAN_POINT ( 'NONE',  ( 17.55623076396402382, 63.58613195073208146, -50.00000000000000000 ) ) ;
#5259 = CARTESIAN_POINT ( 'NONE',  ( 28.97268767190000105, -3.551591235500000554, 50.00000000000000000 ) ) ;
#5260 = DIRECTION ( 'NONE',  ( -0.0000000000000000000, -0.0000000000000000000, -1.000000000000000000 ) ) ;
#5261 = DIRECTION ( 'NONE',  ( -0.0000000000000000000, -0.0000000000000000000, -1.000000000000000000 ) ) ;
#5262 = CIRCLE ( 'NONE', #1005, 0.5000000000001183498 ) ;
#5263 = VERTEX_POINT ( 'NONE', #4000 ) ;
#5264 = VECTOR ( 'NONE', #5702, 1000.000000000000000 ) ;
#5265 = CARTESIAN_POINT ( 'NONE',  ( 27.67268767190000389, 45.04840876450000309, -50.00000000000000000 ) ) ;
#5266 = CARTESIAN_POINT ( 'NONE',  ( 10.47268767189999927, 60.95289766620000194, 50.00000000000000000 ) ) ;
#5267 = EDGE_CURVE ( 'NONE', #2587, #1803, #8561, .T. ) ;
#5268 = LINE ( 'NONE', #11172, #2478 ) ;
#5269 = ORIENTED_EDGE ( 'NONE', *, *, #9799, .F. ) ;
#5270 = DIRECTION ( 'NONE',  ( 0.0000000000000000000, -1.000000000000000000, 0.0000000000000000000 ) ) ;
#5271 = ORIENTED_EDGE ( 'NONE', *, *, #5473, .T. ) ;
#5272 = VECTOR ( 'NONE', #10044, 1000.000000000000000 ) ;
#5273 = CARTESIAN_POINT ( 'NONE',  ( 12.97268767190000105, 55.04840876449999598, -50.00000000000000000 ) ) ;
#5274 = CARTESIAN_POINT ( 'NONE',  ( 31.47268767190000105, 51.04840876450000309, 50.00000000000000000 ) ) ;
#5275 = DIRECTION ( 'NONE',  ( 1.000000000000000000, 0.0000000000000000000, 0.0000000000000000000 ) ) ;
#5276 = AXIS2_PLACEMENT_3D ( 'NONE', #11015, #10047, #10930 ) ;
#5277 = ORIENTED_EDGE ( 'NONE', *, *, #5230, .F. ) ;
#5278 = CARTESIAN_POINT ( 'NONE',  ( -4.527312328099999839, 8.048408764499999535, 50.00000000000000000 ) ) ;
#5279 = DIRECTION ( 'NONE',  ( 0.0000000000000000000, 1.000000000000000000, -0.0000000000000000000 ) ) ;
#5280 = PRODUCT_DEFINITION_FORMATION_WITH_SPECIFIED_SOURCE ( 'ANY', '', #4736, .NOT_KNOWN. ) ;
#5281 = LINE ( 'NONE', #1198, #1924 ) ;
#5282 = EDGE_LOOP ( 'NONE', ( #11532, #1964, #1465, #6654 ) ) ;
#5283 = DIRECTION ( 'NONE',  ( -0.0000000000000000000, -1.000000000000000000, -0.0000000000000000000 ) ) ;
#5284 = CARTESIAN_POINT ( 'NONE',  ( 0.5110997200821510988, 25.99450983250082814, -50.00000000000000000 ) ) ;
#5285 = DIRECTION ( 'NONE',  ( -0.0000000000000000000, -0.0000000000000000000, -1.000000000000000000 ) ) ;
#5286 = DIRECTION ( 'NONE',  ( -0.0000000000000000000, -0.0000000000000000000, -1.000000000000000000 ) ) ;
#5287 = CYLINDRICAL_SURFACE ( 'NONE', #3210, 3.999999999999607869 ) ;
#5288 = EDGE_LOOP ( 'NONE', ( #9263, #6161, #11576, #154 ) ) ;
#5289 = VECTOR ( 'NONE', #7842, 999.9999999999998863 ) ;
#5290 = AXIS2_PLACEMENT_3D ( 'NONE', #9244, #8387, #267 ) ;
#5291 = VERTEX_POINT ( 'NONE', #4160 ) ;
#5292 = ORIENTED_EDGE ( 'NONE', *, *, #8845, .T. ) ;
#5293 = DIRECTION ( 'NONE',  ( -0.0000000000000000000, -0.0000000000000000000, -1.000000000000000000 ) ) ;
#5294 = DIRECTION ( 'NONE',  ( 1.000000000000000000, 0.0000000000000000000, 0.0000000000000000000 ) ) ;
#5295 = CARTESIAN_POINT ( 'NONE',  ( 7.370858131500005683, 18.04840876449995690, 50.00000000000000000 ) ) ;
#5296 = LINE ( 'NONE', #5744, #8678 ) ;
#5297 = ORIENTED_EDGE ( 'NONE', *, *, #7258, .F. ) ;
#5298 = EDGE_CURVE ( 'NONE', #2560, #8747, #6267, .T. ) ;
#5299 = AXIS2_PLACEMENT_3D ( 'NONE', #6681, #1315, #6567 ) ;
#5300 = CARTESIAN_POINT ( 'NONE',  ( 0.7041869790830337372, 65.46569835310927488, -50.00000000000000000 ) ) ;
#5301 = CARTESIAN_POINT ( 'NONE',  ( 18.16884009460584792, 12.04840876450011500, 50.00000000000000000 ) ) ;
#5302 = CIRCLE ( 'NONE', #5021, 0.5000000000000038858 ) ;
#5303 = DIRECTION ( 'NONE',  ( -0.0000000000000000000, -0.0000000000000000000, -1.000000000000000000 ) ) ;
#5304 = AXIS2_PLACEMENT_3D ( 'NONE', #3582, #10750, #7200 ) ;
#5305 = CARTESIAN_POINT ( 'NONE',  ( 8.972687671899999273, -1.451591235500000021, -50.00000000000000000 ) ) ;
#5306 = LINE ( 'NONE', #1670, #2647 ) ;
#5307 = ORIENTED_EDGE ( 'NONE', *, *, #3550, .F. ) ;
#5308 = DIRECTION ( 'NONE',  ( 0.0000000000000000000, 0.0000000000000000000, 1.000000000000000000 ) ) ;
#5309 = PLANE ( 'NONE',  #7893 ) ;
#5310 = DIRECTION ( 'NONE',  ( -1.000000000000000000, 0.0000000000000000000, 0.0000000000000000000 ) ) ;
#5311 = EDGE_CURVE ( 'NONE', #5108, #8179, #652, .T. ) ;
#5312 = LINE ( 'NONE', #7545, #9537 ) ;
#5313 = PLANE ( 'NONE',  #11061 ) ;
#5314 = ORIENTED_EDGE ( 'NONE', *, *, #10128, .F. ) ;
#5315 = CARTESIAN_POINT ( 'NONE',  ( 28.97268767190000105, -4.951591235499999577, 50.00000000000000000 ) ) ;
#5316 = AXIS2_PLACEMENT_3D ( 'NONE', #3839, #6659, #7490 ) ;
#5317 = CIRCLE ( 'NONE', #3692, 26.39999999993951363 ) ;
#5318 = ORIENTED_EDGE ( 'NONE', *, *, #7160, .T. ) ;
#5319 = CARTESIAN_POINT ( 'NONE',  ( 23.38997726049938208, 2.779908071667841263, 50.00000000000000000 ) ) ;
#5320 = EDGE_CURVE ( 'NONE', #8195, #8639, #6529, .T. ) ;
#5321 = CARTESIAN_POINT ( 'NONE',  ( 15.47268767189999927, 9.852256341800000428, 50.00000000000000000 ) ) ;
#5322 = ORIENTED_EDGE ( 'NONE', *, *, #4230, .F. ) ;
#5323 = DIRECTION ( 'NONE',  ( -0.0000000000000000000, -0.0000000000000000000, -1.000000000000000000 ) ) ;
#5324 = CARTESIAN_POINT ( 'NONE',  ( 2.972687671900000161, 0.3484087645000000233, -50.00000000000000000 ) ) ;
#5325 = CIRCLE ( 'NONE', #7944, 26.40000000001025526 ) ;
#5326 = CARTESIAN_POINT ( 'NONE',  ( 24.87268767190000318, 73.64840876450000451, 50.00000000000000000 ) ) ;
#5327 = ORIENTED_EDGE ( 'NONE', *, *, #5373, .F. ) ;
#5328 = VERTEX_POINT ( 'NONE', #1084 ) ;
#5329 = EDGE_CURVE ( 'NONE', #2869, #5332, #2166, .T. ) ;
#5330 = CARTESIAN_POINT ( 'NONE',  ( -3.027312328099992289, 61.54840876450001019, 50.00000000000000000 ) ) ;
#5331 = CYLINDRICAL_SURFACE ( 'NONE', #4805, 1.000000000000000888 ) ;
#5332 = VERTEX_POINT ( 'NONE', #942 ) ;
#5333 = EDGE_CURVE ( 'NONE', #9693, #5242, #11291, .T. ) ;
#5334 = DIRECTION ( 'NONE',  ( 0.0000000000000000000, 0.0000000000000000000, 1.000000000000000000 ) ) ;
#5335 = AXIS2_PLACEMENT_3D ( 'NONE', #10727, #7134, #868 ) ;
#5336 = CARTESIAN_POINT ( 'NONE',  ( 30.97268767190000460, 29.24840876449999882, 50.00000000000000000 ) ) ;
#5337 = DIRECTION ( 'NONE',  ( -0.0000000000000000000, -0.0000000000000000000, -1.000000000000000000 ) ) ;
#5338 = VERTEX_POINT ( 'NONE', #3785 ) ;
#5339 = ORIENTED_EDGE ( 'NONE', *, *, #6476, .T. ) ;
#5340 = DIRECTION ( 'NONE',  ( 1.000000000000000000, 0.0000000000000000000, 0.0000000000000000000 ) ) ;
#5341 = ORIENTED_EDGE ( 'NONE', *, *, #11277, .F. ) ;
#5342 = CARTESIAN_POINT ( 'NONE',  ( 28.97268767190000816, -0.9515912355000095690, 50.00000000000000000 ) ) ;
#5343 = DIRECTION ( 'NONE',  ( -0.0000000000000000000, 1.000000000000000000, -0.0000000000000000000 ) ) ;
#5344 = VECTOR ( 'NONE', #4128, 1000.000000000000000 ) ;
#5345 = ORIENTED_EDGE ( 'NONE', *, *, #2543, .T. ) ;
#5346 = VERTEX_POINT ( 'NONE', #7213 ) ;
#5347 = EDGE_CURVE ( 'NONE', #2685, #9443, #4818, .T. ) ;
#5348 = AXIS2_PLACEMENT_3D ( 'NONE', #5156, #5195, #3113 ) ;
#5349 = ORIENTED_EDGE ( 'NONE', *, *, #7967, .F. ) ;
#5350 = CARTESIAN_POINT ( 'NONE',  ( 10.47268767189999927, 49.54840876450001019, 50.00000000000000000 ) ) ;
#5351 = CARTESIAN_POINT ( 'NONE',  ( 10.97268767189999927, 49.04840876450001019, 50.00000000000000000 ) ) ;
#5352 = EDGE_CURVE ( 'NONE', #1803, #2759, #1161, .T. ) ;
#5353 = CARTESIAN_POINT ( 'NONE',  ( -5.527312328099973193, 60.54840876450003151, 50.00000000000000000 ) ) ;
#5354 = LINE ( 'NONE', #1297, #7896 ) ;
#5355 = ORIENTED_EDGE ( 'NONE', *, *, #5025, .T. ) ;
#5356 = VERTEX_POINT ( 'NONE', #3673 ) ;
#5357 = LINE ( 'NONE', #816, #3815 ) ;
#5358 = CARTESIAN_POINT ( 'NONE',  ( 28.47268767190000105, 20.04840876449999953, 50.00000000000000000 ) ) ;
#5359 = ORIENTED_EDGE ( 'NONE', *, *, #2934, .F. ) ;
#5360 = PLANE ( 'NONE',  #5459 ) ;
#5361 = ADVANCED_FACE ( 'NONE', ( #1664 ), #3623, .T. ) ;
#5362 = ORIENTED_EDGE ( 'NONE', *, *, #10205, .T. ) ;
#5363 = LINE ( 'NONE', #6547, #2432 ) ;
#5364 = CARTESIAN_POINT ( 'NONE',  ( 2.265459663517481292, 67.69148958513011394, -50.00000000000000000 ) ) ;
#5365 = CARTESIAN_POINT ( 'NONE',  ( 24.93160592962014377, 65.85832886106643969, 50.00000000000000000 ) ) ;
#5366 = LINE ( 'NONE', #5531, #9855 ) ;
#5367 = FACE_OUTER_BOUND ( 'NONE', #7215, .T. ) ;
#5368 = ORIENTED_EDGE ( 'NONE', *, *, #7458, .F. ) ;
#5369 = DIRECTION ( 'NONE',  ( 0.0000000000000000000, 0.0000000000000000000, 1.000000000000000000 ) ) ;
#5370 = DIRECTION ( 'NONE',  ( -0.0000000000000000000, 1.000000000000000000, -0.0000000000000000000 ) ) ;
#5371 = CARTESIAN_POINT ( 'NONE',  ( 25.43427562377193141, 44.10230769649334093, 50.00000000000000000 ) ) ;
#5372 = ORIENTED_EDGE ( 'NONE', *, *, #2109, .F. ) ;
#5373 = EDGE_CURVE ( 'NONE', #8225, #5356, #8233, .T. ) ;
#5374 = VECTOR ( 'NONE', #32, 1000.000000000000000 ) ;
#5375 = VERTEX_POINT ( 'NONE', #4578 ) ;
#5376 = LINE ( 'NONE', #3778, #3005 ) ;
#5377 = CARTESIAN_POINT ( 'NONE',  ( 12.97268767190506011, 15.04840876450875697, 50.00000000000000000 ) ) ;
#5378 = VECTOR ( 'NONE', #5119, 1000.000000000000000 ) ;
#5379 = ORIENTED_EDGE ( 'NONE', *, *, #11287, .F. ) ;
#5380 = ORIENTED_EDGE ( 'NONE', *, *, #2551, .T. ) ;
#5381 = CARTESIAN_POINT ( 'NONE',  ( 4.972687671899476136, 69.74840876450068095, 50.00000000000000000 ) ) ;
#5382 = AXIS2_PLACEMENT_3D ( 'NONE', #1612, #1687, #9768 ) ;
#5383 = CARTESIAN_POINT ( 'NONE',  ( 30.47268767190000105, 48.04840876450000309, 50.00000000000000000 ) ) ;
#5384 = EDGE_CURVE ( 'NONE', #4615, #1136, #6570, .T. ) ;
#5385 = LINE ( 'NONE', #1835, #4972 ) ;
#5386 = VERTEX_POINT ( 'NONE', #3711 ) ;
#5387 = CARTESIAN_POINT ( 'NONE',  ( 19.07033741075285249, 52.11292489353203194, 50.00000000000000000 ) ) ;
#5388 = FACE_OUTER_BOUND ( 'NONE', #3921, .T. ) ;
#5389 = VERTEX_POINT ( 'NONE', #5515 ) ;
#5390 = VERTEX_POINT ( 'NONE', #6421 ) ;
#5391 = EDGE_CURVE ( 'NONE', #3662, #7996, #1454, .T. ) ;
#5392 = DIRECTION ( 'NONE',  ( -0.0000000000000000000, -0.0000000000000000000, -1.000000000000000000 ) ) ;
#5393 = AXIS2_PLACEMENT_3D ( 'NONE', #696, #1750, #7040 ) ;
#5394 = ORIENTED_EDGE ( 'NONE', *, *, #10236, .T. ) ;
#5395 = DIRECTION ( 'NONE',  ( 0.7071067812173180700, -0.7071067811557770755, -0.0000000000000000000 ) ) ;
#5396 = DIRECTION ( 'NONE',  ( 1.000000000000000000, 0.0000000000000000000, 0.0000000000000000000 ) ) ;
#5397 = DIRECTION ( 'NONE',  ( 1.000000000000000000, 0.0000000000000000000, 0.0000000000000000000 ) ) ;
#5398 = CARTESIAN_POINT ( 'NONE',  ( 2.162767575361846717, 3.089490506851611418, 50.00000000000000000 ) ) ;
#5399 = EDGE_CURVE ( 'NONE', #10998, #5291, #11304, .T. ) ;
#5400 = CARTESIAN_POINT ( 'NONE',  ( 12.97268767190506011, 15.04840876450875697, -50.00000000000000000 ) ) ;
#5401 = CYLINDRICAL_SURFACE ( 'NONE', #6033, 1.500000000000004885 ) ;
#5402 = AXIS2_PLACEMENT_3D ( 'NONE', #10533, #4422, #2577 ) ;
#5403 = VERTEX_POINT ( 'NONE', #6386 ) ;
#5404 = LINE ( 'NONE', #7519, #514 ) ;
#5405 = ORIENTED_EDGE ( 'NONE', *, *, #8027, .T. ) ;
#5406 = EDGE_CURVE ( 'NONE', #167, #10998, #7708, .T. ) ;
#5407 = DIRECTION ( 'NONE',  ( 1.000000000000000000, 0.0000000000000000000, 0.0000000000000000000 ) ) ;
#5408 = DIRECTION ( 'NONE',  ( -0.0000000000000000000, -0.0000000000000000000, -1.000000000000000000 ) ) ;
#5409 = EDGE_CURVE ( 'NONE', #4104, #6541, #549, .T. ) ;
#5410 = DIRECTION ( 'NONE',  ( 0.0000000000000000000, 1.000000000000000000, -0.0000000000000000000 ) ) ;
#5411 = CARTESIAN_POINT ( 'NONE',  ( -3.527312328099999839, 51.04840876450000309, 50.00000000000000000 ) ) ;
#5412 = DIRECTION ( 'NONE',  ( 1.000000000000000000, 0.0000000000000000000, 0.0000000000000000000 ) ) ;
#5413 = AXIS2_PLACEMENT_3D ( 'NONE', #432, #2201, #8515 ) ;
#5414 = CIRCLE ( 'NONE', #6329, 5.399999999998340350 ) ;
#5415 = ORIENTED_EDGE ( 'NONE', *, *, #8102, .T. ) ;
#5416 = ORIENTED_EDGE ( 'NONE', *, *, #6286, .T. ) ;
#5417 = FACE_BOUND ( 'NONE', #8399, .T. ) ;
#5418 = CARTESIAN_POINT ( 'NONE',  ( 28.97268767190000105, 22.04840876449999953, 50.00000000000000000 ) ) ;
#5419 = AXIS2_PLACEMENT_3D ( 'NONE', #9123, #10907, #182 ) ;
#5420 = CARTESIAN_POINT ( 'NONE',  ( 3.964795726725221847, 65.67286755782261309, 50.00000000000000000 ) ) ;
#5421 = PLANE ( 'NONE',  #2653 ) ;
#5422 = ADVANCED_FACE ( 'NONE', ( #10905 ), #6145, .T. ) ;
#5423 = DIRECTION ( 'NONE',  ( -1.000000000000000000, 0.0000000000000000000, 0.0000000000000000000 ) ) ;
#5424 = LINE ( 'NONE', #3531, #1358 ) ;
#5425 = ORIENTED_EDGE ( 'NONE', *, *, #5075, .T. ) ;
#5426 = VERTEX_POINT ( 'NONE', #3870 ) ;
#5427 = CYLINDRICAL_SURFACE ( 'NONE', #8836, 0.5000000000000438538 ) ;
#5428 = EDGE_CURVE ( 'NONE', #7126, #5437, #5581, .T. ) ;
#5429 = ORIENTED_EDGE ( 'NONE', *, *, #8953, .F. ) ;
#5430 = DIRECTION ( 'NONE',  ( -0.0000000000000000000, -0.0000000000000000000, -1.000000000000000000 ) ) ;
#5431 = DIRECTION ( 'NONE',  ( 1.000000000000000000, 0.0000000000000000000, 0.0000000000000000000 ) ) ;
#5432 = CARTESIAN_POINT ( 'NONE',  ( 28.47268767190000105, 5.048408764500000423, 50.00000000000000000 ) ) ;
#5433 = CARTESIAN_POINT ( 'NONE',  ( 7.472687671900000161, -4.951591235499999577, -50.00000000000000000 ) ) ;
#5434 = CARTESIAN_POINT ( 'NONE',  ( 7.776535249200000166, 17.54840876449999953, -50.00000000000000000 ) ) ;
#5435 = LINE ( 'NONE', #1791, #10075 ) ;
#5436 = CARTESIAN_POINT ( 'NONE',  ( 14.97268767189999927, 49.04840876450001019, -50.00000000000000000 ) ) ;
#5437 = VERTEX_POINT ( 'NONE', #107 ) ;
#5438 = AXIS2_PLACEMENT_3D ( 'NONE', #7661, #520, #7734 ) ;
#5439 = DIRECTION ( 'NONE',  ( 1.000000000000000000, 0.0000000000000000000, 0.0000000000000000000 ) ) ;
#5440 = CIRCLE ( 'NONE', #2004, 0.5000000000000022204 ) ;
#5441 = ORIENTED_EDGE ( 'NONE', *, *, #5969, .F. ) ;
#5442 = VECTOR ( 'NONE', #2678, 1000.000000000000000 ) ;
#5443 = EDGE_CURVE ( 'NONE', #2158, #2409, #6001, .T. ) ;
#5444 = CARTESIAN_POINT ( 'NONE',  ( 19.07033741075285249, 52.11292489353203194, -50.00000000000000000 ) ) ;
#5445 = EDGE_LOOP ( 'NONE', ( #10257, #1073, #7633, #9222 ) ) ;
#5446 = CARTESIAN_POINT ( 'NONE',  ( 28.97268767190000105, 22.04840876449999953, -50.00000000000000000 ) ) ;
#5447 = DIRECTION ( 'NONE',  ( -0.0000000000000000000, -0.0000000000000000000, -1.000000000000000000 ) ) ;
#5448 = VECTOR ( 'NONE', #4300, 1000.000000000000000 ) ;
#5449 = EDGE_LOOP ( 'NONE', ( #8428, #11506, #4313, #8349 ) ) ;
#5450 = DIRECTION ( 'NONE',  ( -0.7071067811476916543, 0.7071067812254032692, 0.0000000000000000000 ) ) ;
#5451 = AXIS2_PLACEMENT_3D ( 'NONE', #8106, #10790, #4575 ) ;
#5452 = CIRCLE ( 'NONE', #3597, 0.4999999999999965583 ) ;
#5453 = CARTESIAN_POINT ( 'NONE',  ( 26.46273521346203950, 5.455921700696281462, 50.00000000000000000 ) ) ;
#5454 = DIRECTION ( 'NONE',  ( 1.000000000000000000, 0.0000000000000000000, 0.0000000000000000000 ) ) ;
#5455 = ORIENTED_EDGE ( 'NONE', *, *, #8592, .F. ) ;
#5456 = DIRECTION ( 'NONE',  ( 1.000000000000000000, 0.0000000000000000000, 0.0000000000000000000 ) ) ;
#5457 = DIRECTION ( 'NONE',  ( -0.0000000000000000000, -0.0000000000000000000, -1.000000000000000000 ) ) ;
#5458 = EDGE_CURVE ( 'NONE', #11427, #5907, #2923, .T. ) ;
#5459 = AXIS2_PLACEMENT_3D ( 'NONE', #5315, #5279, #7053 ) ;
#5460 = LINE ( 'NONE', #114, #3356 ) ;
#5461 = ORIENTED_EDGE ( 'NONE', *, *, #1783, .F. ) ;
#5462 = CYLINDRICAL_SURFACE ( 'NONE', #4931, 0.4999999999999917843 ) ;
#5463 = DIRECTION ( 'NONE',  ( 0.0000000000000000000, 0.0000000000000000000, 1.000000000000000000 ) ) ;
#5464 = ORIENTED_EDGE ( 'NONE', *, *, #8569, .T. ) ;
#5465 = AXIS2_PLACEMENT_3D ( 'NONE', #9008, #4535, #1831 ) ;
#5466 = ORIENTED_EDGE ( 'NONE', *, *, #6913, .T. ) ;
#5467 = DIRECTION ( 'NONE',  ( -1.000000000000000000, 0.0000000000000000000, 0.0000000000000000000 ) ) ;
#5468 = DIRECTION ( 'NONE',  ( 1.000000000000000000, 0.0000000000000000000, -0.0000000000000000000 ) ) ;
#5469 = CARTESIAN_POINT ( 'NONE',  ( 32.97268767189999750, 71.04840876449999598, 50.00000000000000000 ) ) ;
#5470 = CARTESIAN_POINT ( 'NONE',  ( 18.16884009460000016, 12.54840876449999953, -50.00000000000000000 ) ) ;
#5471 = CIRCLE ( 'NONE', #87, 0.5000000000000108802 ) ;
#5472 = ORIENTED_EDGE ( 'NONE', *, *, #1572, .F. ) ;
#5473 = EDGE_CURVE ( 'NONE', #9324, #2537, #8261, .T. ) ;
#5474 = CARTESIAN_POINT ( 'NONE',  ( -3.527312328099999839, 59.04840876450000309, 50.00000000000000000 ) ) ;
#5475 = DIRECTION ( 'NONE',  ( 1.000000000000000000, -0.0000000000000000000, -0.0000000000000000000 ) ) ;
#5476 = ORIENTED_EDGE ( 'NONE', *, *, #5141, .F. ) ;
#5477 = ORIENTED_EDGE ( 'NONE', *, *, #4959, .T. ) ;
#5478 = AXIS2_PLACEMENT_3D ( 'NONE', #1100, #7542, #2121 ) ;
#5479 = ADVANCED_FACE ( 'NONE', ( #7416 ), #2373, .F. ) ;
#5480 = ORIENTED_EDGE ( 'NONE', *, *, #1013, .F. ) ;
#5481 = CARTESIAN_POINT ( 'NONE',  ( 17.55623076396402382, 63.58613195073208146, 50.00000000000000000 ) ) ;
#5482 = CIRCLE ( 'NONE', #3609, 5.699999999998007105 ) ;
#5483 = ORIENTED_EDGE ( 'NONE', *, *, #7523, .F. ) ;
#5484 = ORIENTED_EDGE ( 'NONE', *, *, #9388, .F. ) ;
#5485 = DIRECTION ( 'NONE',  ( -0.0000000000000000000, -0.0000000000000000000, -1.000000000000000000 ) ) ;
#5486 = DIRECTION ( 'NONE',  ( -1.000000000000000000, 0.0000000000000000000, 0.0000000000000000000 ) ) ;
#5487 = DIRECTION ( 'NONE',  ( -0.0000000000000000000, 1.000000000000000000, -0.0000000000000000000 ) ) ;
#5488 = EDGE_LOOP ( 'NONE', ( #7293, #8519, #366, #6122 ) ) ;
#5489 = EDGE_LOOP ( 'NONE', ( #10224, #5461, #442, #4062 ) ) ;
#5490 = CARTESIAN_POINT ( 'NONE',  ( 20.38611397331328590, 9.630625590213561793, -50.00000000000000000 ) ) ;
#5491 = FACE_OUTER_BOUND ( 'NONE', #10109, .T. ) ;
#5492 = EDGE_CURVE ( 'NONE', #6326, #1685, #5022, .T. ) ;
#5493 = AXIS2_PLACEMENT_3D ( 'NONE', #8626, #475, #11199 ) ;
#5494 = CIRCLE ( 'NONE', #4283, 0.5000000000000004441 ) ;
#5495 = ORIENTED_EDGE ( 'NONE', *, *, #8109, .T. ) ;
#5496 = VERTEX_POINT ( 'NONE', #3084 ) ;
#5497 = DIRECTION ( 'NONE',  ( -0.0000000000000000000, -0.0000000000000000000, -1.000000000000000000 ) ) ;
#5498 = DIRECTION ( 'NONE',  ( -1.000000000000000000, 0.0000000000000000000, 0.0000000000000000000 ) ) ;
#5499 = VERTEX_POINT ( 'NONE', #11034 ) ;
#5500 = FACE_OUTER_BOUND ( 'NONE', #8483, .T. ) ;
#5501 = VERTEX_POINT ( 'NONE', #303 ) ;
#5502 = VERTEX_POINT ( 'NONE', #6538 ) ;
#5503 = AXIS2_PLACEMENT_3D ( 'NONE', #10981, #3040, #7510 ) ;
#5504 = LINE ( 'NONE', #8732, #9713 ) ;
#5505 = ORIENTED_EDGE ( 'NONE', *, *, #10207, .F. ) ;
#5506 = PLANE ( 'NONE',  #6524 ) ;
#5507 = CARTESIAN_POINT ( 'NONE',  ( 1.572687671900000028, 73.14840876450000451, -50.00000000000000000 ) ) ;
#5508 = ORIENTED_EDGE ( 'NONE', *, *, #3594, .F. ) ;
#5509 = CARTESIAN_POINT ( 'NONE',  ( 31.07268767189999892, 66.44840876450000167, 50.00000000000000000 ) ) ;
#5510 = CARTESIAN_POINT ( 'NONE',  ( -5.127312328100009253, 3.148408764500008505, -50.00000000000000000 ) ) ;
#5511 = VECTOR ( 'NONE', #463, 1000.000000000000000 ) ;
#5512 = ORIENTED_EDGE ( 'NONE', *, *, #6412, .T. ) ;
#5513 = CARTESIAN_POINT ( 'NONE',  ( -2.527312328100000283, 5.048408764500000423, -50.00000000000000000 ) ) ;
#5514 = CYLINDRICAL_SURFACE ( 'NONE', #438, 5.399999999998906119 ) ;
#5515 = CARTESIAN_POINT ( 'NONE',  ( 29.47268767190000105, 11.04840876450000131, -50.00000000000000000 ) ) ;
#5516 = CYLINDRICAL_SURFACE ( 'NONE', #8916, 2.599999999999994760 ) ;
#5517 = ORIENTED_EDGE ( 'NONE', *, *, #6005, .T. ) ;
#5518 = CARTESIAN_POINT ( 'NONE',  ( 2.659086438625821280, 83.66286203683399947, 50.00000000000000000 ) ) ;
#5519 = CARTESIAN_POINT ( 'NONE',  ( -1.727312328100000016, 3.648408764500000512, 50.00000000000000000 ) ) ;
#5520 = DIRECTION ( 'NONE',  ( -1.000000000000000000, 0.0000000000000000000, 0.0000000000000000000 ) ) ;
#5521 = CARTESIAN_POINT ( 'NONE',  ( -3.527312328099999839, 19.04840876449999953, -50.00000000000000000 ) ) ;
#5523 = VECTOR ( 'NONE', #4223, 1000.000000000000000 ) ;
#5522 = DIRECTION ( 'NONE',  ( 0.0000000000000000000, -0.0000000000000000000, -1.000000000000000000 ) ) ;
#5524 = DIRECTION ( 'NONE',  ( 1.000000000000000000, 0.0000000000000000000, 0.0000000000000000000 ) ) ;
#5525 = ORIENTED_EDGE ( 'NONE', *, *, #9364, .F. ) ;
#5526 = FACE_OUTER_BOUND ( 'NONE', #1749, .T. ) ;
#5527 = ORIENTED_EDGE ( 'NONE', *, *, #7426, .T. ) ;
#5528 = VERTEX_POINT ( 'NONE', #9320 ) ;
#5529 = DIRECTION ( 'NONE',  ( 1.000000000000000000, 0.0000000000000000000, 0.0000000000000000000 ) ) ;
#5530 = EDGE_CURVE ( 'NONE', #3249, #2972, #1388, .T. ) ;
#5531 = CARTESIAN_POINT ( 'NONE',  ( 21.51041085812406095, 59.63195185656541497, 50.00000000000000000 ) ) ;
#5532 = DIRECTION ( 'NONE',  ( 0.0000000000000000000, 0.0000000000000000000, -1.000000000000000000 ) ) ;
#5533 = LINE ( 'NONE', #3986, #8346 ) ;
#5534 = ORIENTED_EDGE ( 'NONE', *, *, #7296, .T. ) ;
#5535 = ADVANCED_FACE ( 'NONE', ( #10627 ), #9789, .T. ) ;
#5536 = CARTESIAN_POINT ( 'NONE',  ( 29.47268767190001171, 10.04840876449999065, -50.00000000000000000 ) ) ;
#5537 = VECTOR ( 'NONE', #10651, 1000.000000000000000 ) ;
#5538 = VERTEX_POINT ( 'NONE', #1204 ) ;
#5539 = AXIS2_PLACEMENT_3D ( 'NONE', #948, #10915, #7257 ) ;
#5540 = CARTESIAN_POINT ( 'NONE',  ( 15.47268767189999927, 49.54840876450003861, -50.00000000000000000 ) ) ;
#5541 = ORIENTED_EDGE ( 'NONE', *, *, #614, .F. ) ;
#5542 = EDGE_CURVE ( 'NONE', #7036, #10104, #11196, .T. ) ;
#5543 = DIRECTION ( 'NONE',  ( -0.0000000000000000000, -0.0000000000000000000, -1.000000000000000000 ) ) ;
#5544 = CIRCLE ( 'NONE', #6263, 0.4999999999999822364 ) ;
#5545 = CARTESIAN_POINT ( 'NONE',  ( 2.688948470993043127, 5.674579448493523692, 50.00000000000000000 ) ) ;
#5546 = ORIENTED_EDGE ( 'NONE', *, *, #5594, .F. ) ;
#5547 = AXIS2_PLACEMENT_3D ( 'NONE', #10696, #1614, #1772 ) ;
#5548 = LINE ( 'NONE', #4755, #6948 ) ;
#5549 = DIRECTION ( 'NONE',  ( -0.0000000000000000000, -0.0000000000000000000, -1.000000000000000000 ) ) ;
#5550 = CARTESIAN_POINT ( 'NONE',  ( 2.335395080400000101, 64.77579147110000690, -50.00000000000000000 ) ) ;
#5551 = EDGE_CURVE ( 'NONE', #6472, #10131, #10213, .T. ) ;
#5552 = CARTESIAN_POINT ( 'NONE',  ( 1.367322804899999911, 4.592042058500000579, -50.00000000000000000 ) ) ;
#5553 = CARTESIAN_POINT ( 'NONE',  ( -5.527312328099996286, 20.54840876450000664, 50.00000000000000000 ) ) ;
#5554 = VECTOR ( 'NONE', #6517, 1000.000000000000000 ) ;
#5555 = ORIENTED_EDGE ( 'NONE', *, *, #1663, .T. ) ;
#5556 = EDGE_CURVE ( 'NONE', #7607, #6549, #1657, .T. ) ;
#5557 = EDGE_LOOP ( 'NONE', ( #1642, #7877, #6320, #9333 ) ) ;
#5558 = VECTOR ( 'NONE', #206, 1000.000000000000000 ) ;
#5559 = CARTESIAN_POINT ( 'NONE',  ( 12.97268767190506011, 15.04840876450875697, -50.00000000000000000 ) ) ;
#5560 = EDGE_CURVE ( 'NONE', #7974, #2740, #5296, .T. ) ;
#5561 = DIRECTION ( 'NONE',  ( 0.0000000000000000000, 0.0000000000000000000, 1.000000000000000000 ) ) ;
#5562 = DIRECTION ( 'NONE',  ( 1.000000000000000000, 0.0000000000000000000, 0.0000000000000000000 ) ) ;
#5563 = AXIS2_PLACEMENT_3D ( 'NONE', #8397, #396, #10079 ) ;
#5564 = ORIENTED_EDGE ( 'NONE', *, *, #3948, .T. ) ;
#5565 = DIRECTION ( 'NONE',  ( 1.000000000000000000, 0.0000000000000000000, 0.0000000000000000000 ) ) ;
#5566 = LINE ( 'NONE', #11273, #3455 ) ;
#5567 = ORIENTED_EDGE ( 'NONE', *, *, #7431, .T. ) ;
#5568 = VERTEX_POINT ( 'NONE', #3829 ) ;
#5569 = CARTESIAN_POINT ( 'NONE',  ( -3.527312328099999839, 19.04840876449999953, -50.00000000000000000 ) ) ;
#5570 = CARTESIAN_POINT ( 'NONE',  ( 18.87717657370000168, 12.54840876449999953, 50.00000000000000000 ) ) ;
#5571 = DIRECTION ( 'NONE',  ( 0.0000000000000000000, 0.0000000000000000000, 1.000000000000000000 ) ) ;
#5572 = EDGE_CURVE ( 'NONE', #9257, #7580, #2638, .T. ) ;
#5573 = VECTOR ( 'NONE', #9852, 1000.000000000000000 ) ;
#5574 = ORIENTED_EDGE ( 'NONE', *, *, #6903, .F. ) ;
#5575 = DIRECTION ( 'NONE',  ( -1.000000000000000000, 0.0000000000000000000, 0.0000000000000000000 ) ) ;
#5576 = CARTESIAN_POINT ( 'NONE',  ( 31.57268767190000247, 71.04840876449999598, 50.00000000000000000 ) ) ;
#5577 = EDGE_CURVE ( 'NONE', #776, #2487, #261, .T. ) ;
#5578 = CIRCLE ( 'NONE', #8964, 25.00000000000292388 ) ;
#5579 = ORIENTED_EDGE ( 'NONE', *, *, #9378, .F. ) ;
#5580 = DIRECTION ( 'NONE',  ( 1.000000000000000000, 0.0000000000000000000, 0.0000000000000000000 ) ) ;
#5581 = CIRCLE ( 'NONE', #7487, 4.000000000000041744 ) ;
#5582 = ORIENTED_EDGE ( 'NONE', *, *, #5159, .T. ) ;
#5583 = CARTESIAN_POINT ( 'NONE',  ( 15.17268767190000034, 7.298408764500001311, -50.00000000000000000 ) ) ;
#5584 = CARTESIAN_POINT ( 'NONE',  ( 10.47268767189999927, 60.24456118719999864, 50.00000000000000000 ) ) ;
#5585 = CARTESIAN_POINT ( 'NONE',  ( 20.47268767190000105, 72.54840876449999598, 50.00000000000000000 ) ) ;
#5586 = UNCERTAINTY_MEASURE_WITH_UNIT (LENGTH_MEASURE( 1.000000000000000082E-05 ), #8377, 'distance_accuracy_value', 'NONE');
#5587 = LINE ( 'NONE', #8539, #4052 ) ;
#5588 = DIRECTION ( 'NONE',  ( -0.0000000000000000000, -0.0000000000000000000, -1.000000000000000000 ) ) ;
#5589 = DIRECTION ( 'NONE',  ( -0.0000000000000000000, -0.0000000000000000000, -1.000000000000000000 ) ) ;
#5590 = ADVANCED_FACE ( 'NONE', ( #7973 ), #3341, .T. ) ;
#5591 = FACE_OUTER_BOUND ( 'NONE', #4678, .T. ) ;
#5592 = ORIENTED_EDGE ( 'NONE', *, *, #209, .F. ) ;
#5593 = CARTESIAN_POINT ( 'NONE',  ( -4.527312328099965200, 62.54840876450001730, -50.00000000000000000 ) ) ;
#5594 = EDGE_CURVE ( 'NONE', #205, #9539, #10761, .T. ) ;
#5595 = DIRECTION ( 'NONE',  ( 0.0000000000000000000, 0.0000000000000000000, 1.000000000000000000 ) ) ;
#5596 = DIRECTION ( 'NONE',  ( -1.000000000000000000, -0.0000000000000000000, -0.0000000000000000000 ) ) ;
#5597 = CARTESIAN_POINT ( 'NONE',  ( 3.245304965300000344, 65.68570135599999560, 50.00000000000000000 ) ) ;
#5598 = VECTOR ( 'NONE', #4233, 1000.000000000000000 ) ;
#5599 = CARTESIAN_POINT ( 'NONE',  ( 2.516320965999999881, 3.443043897399999942, -50.00000000000000000 ) ) ;
#5600 = ORIENTED_EDGE ( 'NONE', *, *, #1325, .T. ) ;
#5601 = DIRECTION ( 'NONE',  ( 1.000000000000000000, 0.0000000000000000000, 0.0000000000000000000 ) ) ;
#5602 = AXIS2_PLACEMENT_3D ( 'NONE', #7720, #10410, #8580 ) ;
#5603 = VECTOR ( 'NONE', #5165, 1000.000000000000000 ) ;
#5604 = ORIENTED_EDGE ( 'NONE', *, *, #6459, .T. ) ;
#5605 = DIRECTION ( 'NONE',  ( 1.000000000000000000, -0.0000000000000000000, -0.0000000000000000000 ) ) ;
#5606 = CARTESIAN_POINT ( 'NONE',  ( 31.57268767190000247, 3.148408764500000512, 50.00000000000000000 ) ) ;
#5607 = EDGE_CURVE ( 'NONE', #2705, #5496, #2077, .T. ) ;
#5608 = CARTESIAN_POINT ( 'NONE',  ( 1.072687671900003803, -3.051591235500003663, 50.00000000000000000 ) ) ;
#5609 = VERTEX_POINT ( 'NONE', #6727 ) ;
#5610 = CYLINDRICAL_SURFACE ( 'NONE', #6738, 0.5000000000000216493 ) ;
#5611 = CARTESIAN_POINT ( 'NONE',  ( 1.072687671899999806, -3.551591235500000554, 50.00000000000000000 ) ) ;
#5612 = EDGE_LOOP ( 'NONE', ( #5706, #4698, #3857, #6753 ) ) ;
#5613 = EDGE_CURVE ( 'NONE', #10009, #175, #9520, .T. ) ;
#5614 = AXIS2_PLACEMENT_3D ( 'NONE', #9312, #11102, #6641 ) ;
#5615 = VECTOR ( 'NONE', #11046, 1000.000000000000000 ) ;
#5616 = VERTEX_POINT ( 'NONE', #4188 ) ;
#5617 = EDGE_CURVE ( 'NONE', #7157, #6561, #6564, .T. ) ;
#5618 = ORIENTED_EDGE ( 'NONE', *, *, #1274, .T. ) ;
#5619 = AXIS2_PLACEMENT_3D ( 'NONE', #8849, #5153, #9750 ) ;
#5620 = ORIENTED_EDGE ( 'NONE', *, *, #820, .T. ) ;
#5621 =( NAMED_UNIT ( * ) PLANE_ANGLE_UNIT ( ) SI_UNIT ( $, .RADIAN. ) );
#5622 = ORIENTED_EDGE ( 'NONE', *, *, #5246, .F. ) ;
#5623 = DIRECTION ( 'NONE',  ( -0.0000000000000000000, -0.0000000000000000000, -1.000000000000000000 ) ) ;
#5624 = DIRECTION ( 'NONE',  ( -0.0000000000000000000, -0.0000000000000000000, -1.000000000000000000 ) ) ;
#5625 = CARTESIAN_POINT ( 'NONE',  ( -5.027312328099998062, 7.548408764500001311, 50.00000000000000000 ) ) ;
#5626 = CARTESIAN_POINT ( 'NONE',  ( 27.67268767190000389, 3.648408764500000512, 50.00000000000000000 ) ) ;
#5627 = EDGE_CURVE ( 'NONE', #10219, #2381, #10496, .T. ) ;
#5628 = CIRCLE ( 'NONE', #4432, 0.4999999999999965583 ) ;
#5629 = ORIENTED_EDGE ( 'NONE', *, *, #5556, .F. ) ;
#5630 = CARTESIAN_POINT ( 'NONE',  ( 20.72268767190000105, 52.84840876450000735, 50.00000000000000000 ) ) ;
#5631 = VERTEX_POINT ( 'NONE', #4883 ) ;
#5632 = DIRECTION ( 'NONE',  ( -1.000000000000000000, 0.0000000000000000000, 0.0000000000000000000 ) ) ;
#5633 = AXIS2_PLACEMENT_3D ( 'NONE', #8893, #6176, #3591 ) ;
#5634 = ORIENTED_EDGE ( 'NONE', *, *, #3220, .F. ) ;
#5635 = DIRECTION ( 'NONE',  ( -0.0000000000000000000, -0.0000000000000000000, -1.000000000000000000 ) ) ;
#5636 = EDGE_CURVE ( 'NONE', #6803, #10554, #3473, .T. ) ;
#5637 = AXIS2_PLACEMENT_3D ( 'NONE', #226, #4717, #1111 ) ;
#5638 = CYLINDRICAL_SURFACE ( 'NONE', #137, 26.69999999996891304 ) ;
#5639 = EDGE_LOOP ( 'NONE', ( #11455, #7744, #10121, #5166 ) ) ;
#5640 = ORIENTED_EDGE ( 'NONE', *, *, #85, .F. ) ;
#5641 = CARTESIAN_POINT ( 'NONE',  ( 16.97268767190000460, 71.54840876449999598, -50.00000000000000000 ) ) ;
#5642 = PLANE ( 'NONE',  #871 ) ;
#5643 = CARTESIAN_POINT ( 'NONE',  ( 3.964795726725221847, 65.67286755782261309, 50.00000000000000000 ) ) ;
#5644 = CIRCLE ( 'NONE', #5029, 1.000000000000000888 ) ;
#5645 = EDGE_LOOP ( 'NONE', ( #9361, #3019, #9934, #235 ) ) ;
#5646 = ORIENTED_EDGE ( 'NONE', *, *, #11266, .T. ) ;
#5647 = EDGE_CURVE ( 'NONE', #82, #4254, #8112, .T. ) ;
#5648 = VECTOR ( 'NONE', #8980, 1000.000000000000000 ) ;
#5649 = PLANE ( 'NONE',  #9383 ) ;
#5650 = CARTESIAN_POINT ( 'NONE',  ( 30.47268767190000816, 47.54840876449999598, -50.00000000000000000 ) ) ;
#5651 = VECTOR ( 'NONE', #8213, 1000.000000000000000 ) ;
#5652 = LINE ( 'NONE', #737, #4671 ) ;
#5653 = ORIENTED_EDGE ( 'NONE', *, *, #4039, .F. ) ;
#5654 = ADVANCED_FACE ( 'NONE', ( #824 ), #2306, .T. ) ;
#5655 = VERTEX_POINT ( 'NONE', #7762 ) ;
#5656 = VECTOR ( 'NONE', #1357, 1000.000000000000000 ) ;
#5657 = AXIS2_PLACEMENT_3D ( 'NONE', #4945, #3109, #3153 ) ;
#5658 = ORIENTED_EDGE ( 'NONE', *, *, #4797, .T. ) ;
#5659 = FACE_OUTER_BOUND ( 'NONE', #8063, .T. ) ;
#5660 = LINE ( 'NONE', #10532, #5378 ) ;
#5661 = EDGE_LOOP ( 'NONE', ( #1461, #6365, #7638, #11552 ) ) ;
#5662 = VERTEX_POINT ( 'NONE', #6854 ) ;
#5663 = DIRECTION ( 'NONE',  ( 1.000000000000000000, 0.0000000000000000000, 0.0000000000000000000 ) ) ;
#5664 = AXIS2_PLACEMENT_3D ( 'NONE', #2802, #6217, #7285 ) ;
#5665 = CARTESIAN_POINT ( 'NONE',  ( 18.57451721239999998, 17.54840876449999953, 50.00000000000000000 ) ) ;
#5666 = DIRECTION ( 'NONE',  ( -1.000000000000000000, -0.0000000000000000000, -0.0000000000000000000 ) ) ;
#5667 = DIRECTION ( 'NONE',  ( -0.0000000000000000000, 1.000000000000000000, -0.0000000000000000000 ) ) ;
#5668 = DIRECTION ( 'NONE',  ( -0.0000000000000000000, -0.0000000000000000000, -1.000000000000000000 ) ) ;
#5669 = DIRECTION ( 'NONE',  ( 1.000000000000000000, 0.0000000000000000000, 0.0000000000000000000 ) ) ;
#5670 = LINE ( 'NONE', #2853, #1048 ) ;
#5671 = VERTEX_POINT ( 'NONE', #11316 ) ;
#5672 = VECTOR ( 'NONE', #2268, 1000.000000000000000 ) ;
#5673 = ORIENTED_EDGE ( 'NONE', *, *, #7879, .T. ) ;
#5674 = EDGE_LOOP ( 'NONE', ( #3834, #10733, #8280, #11106 ) ) ;
#5675 = VERTEX_POINT ( 'NONE', #6688 ) ;
#5676 = AXIS2_PLACEMENT_3D ( 'NONE', #71, #8193, #1877 ) ;
#5677 = CARTESIAN_POINT ( 'NONE',  ( 15.47268767189999927, 20.24456118719999864, -50.00000000000000000 ) ) ;
#5678 = CARTESIAN_POINT ( 'NONE',  ( 15.47268767189999927, 49.54840876450003861, 50.00000000000000000 ) ) ;
#5679 = CARTESIAN_POINT ( 'NONE',  ( 3.380200608134316997, 68.53845630603856875, 50.00000000000000000 ) ) ;
#5680 = CIRCLE ( 'NONE', #10615, 2.000000000000806466 ) ;
#5681 = EDGE_LOOP ( 'NONE', ( #805, #3717, #9344, #7105 ) ) ;
#5682 = FACE_OUTER_BOUND ( 'NONE', #3115, .T. ) ;
#5683 = CARTESIAN_POINT ( 'NONE',  ( 17.73582739270768371, 17.79840876449994269, 50.00000000000000000 ) ) ;
#5684 = EDGE_CURVE ( 'NONE', #3934, #5222, #5722, .T. ) ;
#5685 = ORIENTED_EDGE ( 'NONE', *, *, #11482, .T. ) ;
#5686 = DIRECTION ( 'NONE',  ( -1.000000000000000000, 0.0000000000000000000, 0.0000000000000000000 ) ) ;
#5687 = DIRECTION ( 'NONE',  ( -0.0000000000000000000, -0.0000000000000000000, -1.000000000000000000 ) ) ;
#5688 = DIRECTION ( 'NONE',  ( -0.0000000000000000000, -0.0000000000000000000, -1.000000000000000000 ) ) ;
#5689 = FACE_OUTER_BOUND ( 'NONE', #4758, .T. ) ;
#5690 = EDGE_CURVE ( 'NONE', #8639, #5193, #956, .T. ) ;
#5691 = VERTEX_POINT ( 'NONE', #9395 ) ;
#5692 = CARTESIAN_POINT ( 'NONE',  ( 29.47268767190000105, 19.04840876449999953, -50.00000000000000000 ) ) ;
#5693 = VERTEX_POINT ( 'NONE', #5945 ) ;
#5694 = LINE ( 'NONE', #4686, #3316 ) ;
#5695 = ADVANCED_FACE ( 'NONE', ( #11339 ), #10357, .F. ) ;
#5696 = EDGE_CURVE ( 'NONE', #7464, #8157, #4737, .T. ) ;
#5697 = DIRECTION ( 'NONE',  ( -0.0000000000000000000, -0.0000000000000000000, -1.000000000000000000 ) ) ;
#5698 = AXIS2_PLACEMENT_3D ( 'NONE', #4506, #5249, #7177 ) ;
#5699 = DIRECTION ( 'NONE',  ( 1.000000000000000000, 0.0000000000000000000, 0.0000000000000000000 ) ) ;
#5700 = CARTESIAN_POINT ( 'NONE',  ( -3.027312328099996286, 71.04840876449999598, -50.00000000000000000 ) ) ;
#5701 = ADVANCED_FACE ( 'NONE', ( #8957 ), #3167, .F. ) ;
#5702 = DIRECTION ( 'NONE',  ( -0.0000000000000000000, -0.0000000000000000000, -1.000000000000000000 ) ) ;
#5703 = DIRECTION ( 'NONE',  ( -1.000000000000000000, 0.0000000000000000000, 0.0000000000000000000 ) ) ;
#5704 = CIRCLE ( 'NONE', #11365, 0.5000000000000108802 ) ;
#5705 = CARTESIAN_POINT ( 'NONE',  ( -5.527312328100016714, 9.548408764500017298, -50.00000000000000000 ) ) ;
#5706 = ORIENTED_EDGE ( 'NONE', *, *, #10735, .F. ) ;
#5707 = ORIENTED_EDGE ( 'NONE', *, *, #6980, .F. ) ;
#5708 = LINE ( 'NONE', #4662, #5272 ) ;
#5709 = EDGE_CURVE ( 'NONE', #11043, #11236, #1513, .T. ) ;
#5710 = DIRECTION ( 'NONE',  ( -0.0000000000000000000, 1.000000000000000000, -0.0000000000000000000 ) ) ;
#5711 = LINE ( 'NONE', #7180, #4179 ) ;
#5712 = ORIENTED_EDGE ( 'NONE', *, *, #5613, .F. ) ;
#5713 = ADVANCED_FACE ( 'NONE', ( #1094 ), #6283, .F. ) ;
#5714 = FACE_OUTER_BOUND ( 'NONE', #11123, .T. ) ;
#5715 = CARTESIAN_POINT ( 'NONE',  ( 2.348228878595858493, 6.040516819305399743, 50.00000000000000000 ) ) ;
#5716 = ORIENTED_EDGE ( 'NONE', *, *, #7578, .T. ) ;
#5717 = CARTESIAN_POINT ( 'NONE',  ( 28.47268767190001881, 22.54840876449999953, 50.00000000000000000 ) ) ;
#5718 = EDGE_CURVE ( 'NONE', #11642, #10960, #3899, .T. ) ;
#5719 = CARTESIAN_POINT ( 'NONE',  ( 1.222687671899840067, 57.24840876450021199, 50.00000000000000000 ) ) ;
#5720 = CARTESIAN_POINT ( 'NONE',  ( 16.97268767190000105, -1.451591235500000021, 50.00000000000000000 ) ) ;
#5721 = DIRECTION ( 'NONE',  ( 0.0000000000000000000, 0.0000000000000000000, 1.000000000000000000 ) ) ;
#5722 = LINE ( 'NONE', #8505, #1940 ) ;
#5723 = ORIENTED_EDGE ( 'NONE', *, *, #8419, .T. ) ;
#5724 = VECTOR ( 'NONE', #7730, 1000.000000000000000 ) ;
#5725 = CARTESIAN_POINT ( 'NONE',  ( 22.70007037860000310, 65.68570135599999560, 50.00000000000000000 ) ) ;
#5726 = VERTEX_POINT ( 'NONE', #4295 ) ;
#5727 = CARTESIAN_POINT ( 'NONE',  ( 24.57805253900000153, 65.50477547050000737, -50.00000000000000000 ) ) ;
#5728 = EDGE_CURVE ( 'NONE', #7255, #7444, #8815, .T. ) ;
#5729 = AXIS2_PLACEMENT_3D ( 'NONE', #9232, #288, #3856 ) ;
#5730 = DIRECTION ( 'NONE',  ( 0.0000000000000000000, -1.000000000000000000, 0.0000000000000000000 ) ) ;
#5731 = VECTOR ( 'NONE', #1908, 1000.000000000000000 ) ;
#5732 = VERTEX_POINT ( 'NONE', #11504 ) ;
#5733 = EDGE_CURVE ( 'NONE', #7735, #10762, #4190, .T. ) ;
#5734 = FACE_OUTER_BOUND ( 'NONE', #3496, .T. ) ;
#5735 = VERTEX_POINT ( 'NONE', #1624 ) ;
#5736 = DIRECTION ( 'NONE',  ( -0.0000000000000000000, -0.0000000000000000000, -1.000000000000000000 ) ) ;
#5737 = CARTESIAN_POINT ( 'NONE',  ( 2.688948471027015064, 64.42223808054043843, -50.00000000000000000 ) ) ;
#5738 = DIRECTION ( 'NONE',  ( 1.000000000000000000, 0.0000000000000000000, 0.0000000000000000000 ) ) ;
#5739 = CARTESIAN_POINT ( 'NONE',  ( 1.222687671899996609, 52.84840876448123481, 50.00000000000000000 ) ) ;
#5740 = DIRECTION ( 'NONE',  ( 1.000000000000000000, 0.0000000000000000000, 0.0000000000000000000 ) ) ;
#5741 = LINE ( 'NONE', #2901, #2239 ) ;
#5742 = ORIENTED_EDGE ( 'NONE', *, *, #11252, .F. ) ;
#5743 = DIRECTION ( 'NONE',  ( -0.0000000000000000000, -0.0000000000000000000, -1.000000000000000000 ) ) ;
#5744 = CARTESIAN_POINT ( 'NONE',  ( 28.97268767190000105, 8.048408764499999535, 50.00000000000000000 ) ) ;
#5745 = LINE ( 'NONE', #5387, #9811 ) ;
#5746 = VERTEX_POINT ( 'NONE', #7942 ) ;
#5747 = ADVANCED_FACE ( 'NONE', ( #10080 ), #2069, .F. ) ;
#5748 = EDGE_CURVE ( 'NONE', #3762, #3294, #537, .T. ) ;
#5749 = PLANE ( 'NONE',  #11086 ) ;
#5750 = LINE ( 'NONE', #10318, #708 ) ;
#5751 = ORIENTED_EDGE ( 'NONE', *, *, #684, .T. ) ;
#5752 = CARTESIAN_POINT ( 'NONE',  ( -0.5173598696381956907, 5.455921700733830093, 50.00000000000000000 ) ) ;
#5753 = CARTESIAN_POINT ( 'NONE',  ( 7.472687671900000161, 75.04840876449999598, 50.00000000000000000 ) ) ;
#5754 = CARTESIAN_POINT ( 'NONE',  ( 30.47268767190000105, 62.04840876450000309, -50.00000000000000000 ) ) ;
#5755 = VERTEX_POINT ( 'NONE', #5224 ) ;
#5756 = ORIENTED_EDGE ( 'NONE', *, *, #4567, .T. ) ;
#5757 = ORIENTED_EDGE ( 'NONE', *, *, #3179, .T. ) ;
#5758 = ADVANCED_FACE ( 'NONE', ( #9371 ), #108, .F. ) ;
#5759 = AXIS2_PLACEMENT_3D ( 'NONE', #6811, #2226, #5036 ) ;
#5760 = CARTESIAN_POINT ( 'NONE',  ( 2.972687671900000161, -0.4515912355000000211, 50.00000000000000000 ) ) ;
#5761 = LINE ( 'NONE', #11488, #4778 ) ;
#5762 = ORIENTED_EDGE ( 'NONE', *, *, #9251, .F. ) ;
#5763 = ORIENTED_EDGE ( 'NONE', *, *, #2326, .F. ) ;
#5764 = CARTESIAN_POINT ( 'NONE',  ( 24.72268767190004013, 17.24840876452017469, -50.00000000000000000 ) ) ;
#5765 = EDGE_CURVE ( 'NONE', #9996, #2661, #1376, .T. ) ;
#5766 = CARTESIAN_POINT ( 'NONE',  ( -1.727312328100000016, 5.048408764500000423, 50.00000000000000000 ) ) ;
#5767 = ADVANCED_FACE ( 'NONE', ( #1802 ), #397, .F. ) ;
#5768 = VERTEX_POINT ( 'NONE', #10523 ) ;
#5769 = VERTEX_POINT ( 'NONE', #8840 ) ;
#5770 = EDGE_CURVE ( 'NONE', #6187, #7996, #9228, .T. ) ;
#5771 = DIRECTION ( 'NONE',  ( 1.000000000000000000, 0.0000000000000000000, 0.0000000000000000000 ) ) ;
#5772 = VECTOR ( 'NONE', #3213, 1000.000000000000000 ) ;
#5773 = EDGE_CURVE ( 'NONE', #6511, #6445, #6557, .T. ) ;
#5774 = LINE ( 'NONE', #5218, #9287 ) ;
#5775 = ORIENTED_EDGE ( 'NONE', *, *, #10236, .F. ) ;
#5776 = EDGE_LOOP ( 'NONE', ( #6615, #11167, #10785, #3868 ) ) ;
#5777 = DIRECTION ( 'NONE',  ( -0.0000000000000000000, -0.0000000000000000000, -1.000000000000000000 ) ) ;
#5778 = DIRECTION ( 'NONE',  ( 0.0000000000000000000, 0.0000000000000000000, 1.000000000000000000 ) ) ;
#5779 = CARTESIAN_POINT ( 'NONE',  ( 12.97268767190000105, 55.04840876449999598, 50.00000000000000000 ) ) ;
#5780 = ORIENTED_EDGE ( 'NONE', *, *, #9765, .F. ) ;
#5781 = CARTESIAN_POINT ( 'NONE',  ( 7.776535249192996879, 18.04840876450000664, -50.00000000000000000 ) ) ;
#5782 = DIRECTION ( 'NONE',  ( -0.0000000000000000000, -0.0000000000000000000, -1.000000000000000000 ) ) ;
#5783 = DIRECTION ( 'NONE',  ( 1.000000000000000000, 0.0000000000000000000, 0.0000000000000000000 ) ) ;
#5784 = EDGE_CURVE ( 'NONE', #2100, #6943, #2493, .T. ) ;
#5785 = CIRCLE ( 'NONE', #5067, 2.500000000000003109 ) ;
#5786 = CIRCLE ( 'NONE', #5099, 25.00000000000082068 ) ;
#5787 = VERTEX_POINT ( 'NONE', #11429 ) ;
#5788 = EDGE_CURVE ( 'NONE', #5735, #2880, #7697, .T. ) ;
#5789 = ORIENTED_EDGE ( 'NONE', *, *, #2813, .T. ) ;
#5790 = AXIS2_PLACEMENT_3D ( 'NONE', #2784, #315, #275 ) ;
#5791 = CYLINDRICAL_SURFACE ( 'NONE', #1879, 1.500000000000028200 ) ;
#5792 = ORIENTED_EDGE ( 'NONE', *, *, #55, .T. ) ;
#5793 = ADVANCED_FACE ( 'NONE', ( #10619 ), #622, .F. ) ;
#5794 = ORIENTED_EDGE ( 'NONE', *, *, #2632, .F. ) ;
#5795 = DIRECTION ( 'NONE',  ( 0.0000000000000000000, 0.0000000000000000000, 1.000000000000000000 ) ) ;
#5796 = CARTESIAN_POINT ( 'NONE',  ( -3.027312328099996286, 71.04840876449999598, 50.00000000000000000 ) ) ;
#5797 = DIRECTION ( 'NONE',  ( 1.000000000000000000, -0.0000000000000000000, -0.0000000000000000000 ) ) ;
#5798 = DIRECTION ( 'NONE',  ( -0.0000000000000000000, -0.0000000000000000000, -1.000000000000000000 ) ) ;
#5800 = FACE_OUTER_BOUND ( 'NONE', #7951, .T. ) ;
#5799 = DIRECTION ( 'NONE',  ( -0.0000000000000000000, -0.0000000000000000000, -1.000000000000000000 ) ) ;
#5801 = DIRECTION ( 'NONE',  ( 1.000000000000000000, 0.0000000000000000000, 0.0000000000000000000 ) ) ;
#5802 = ORIENTED_EDGE ( 'NONE', *, *, #4429, .F. ) ;
#5803 = VECTOR ( 'NONE', #3915, 1000.000000000000000 ) ;
#5804 = EDGE_LOOP ( 'NONE', ( #4212, #932, #5257, #5967 ) ) ;
#5805 = ORIENTED_EDGE ( 'NONE', *, *, #5607, .F. ) ;
#5806 = EDGE_CURVE ( 'NONE', #5675, #3990, #4449, .T. ) ;
#5807 = DIRECTION ( 'NONE',  ( -0.0000000000000000000, -0.0000000000000000000, -1.000000000000000000 ) ) ;
#5808 = DIRECTION ( 'NONE',  ( 1.000000000000000000, 0.0000000000000000000, 0.0000000000000000000 ) ) ;
#5809 = CARTESIAN_POINT ( 'NONE',  ( -1.727312328099999794, 26.74840876447084881, -50.00000000000000000 ) ) ;
#5810 = LINE ( 'NONE', #6206, #1886 ) ;
#5811 = ORIENTED_EDGE ( 'NONE', *, *, #7181, .F. ) ;
#5812 = CARTESIAN_POINT ( 'NONE',  ( -1.727312328100000016, 43.34840876450000025, 50.00000000000000000 ) ) ;
#5813 = LINE ( 'NONE', #5231, #8209 ) ;
#5814 = ORIENTED_EDGE ( 'NONE', *, *, #3017, .F. ) ;
#5815 = CARTESIAN_POINT ( 'NONE',  ( -7.027312328099999839, -0.9515912354999990219, 50.00000000000000000 ) ) ;
#5816 = ORIENTED_EDGE ( 'NONE', *, *, #2519, .F. ) ;
#5817 = ADVANCED_FACE ( 'NONE', ( #9933 ), #5144, .T. ) ;
#5818 = AXIS2_PLACEMENT_3D ( 'NONE', #2068, #9091, #10069 ) ;
#5819 = VECTOR ( 'NONE', #1117, 1000.000000000000000 ) ;
#5820 = DIRECTION ( 'NONE',  ( -1.000000000000000000, 0.0000000000000000000, 0.0000000000000000000 ) ) ;
#5821 = VERTEX_POINT ( 'NONE', #6207 ) ;
#5822 =( NAMED_UNIT ( * ) SI_UNIT ( $, .STERADIAN. ) SOLID_ANGLE_UNIT ( ) );
#5823 = FACE_OUTER_BOUND ( 'NONE', #10412, .T. ) ;
#5824 = ORIENTED_EDGE ( 'NONE', *, *, #7815, .T. ) ;
#5825 = ADVANCED_FACE ( 'NONE', ( #9779 ), #809, .F. ) ;
#5826 = DIRECTION ( 'NONE',  ( -1.000000000000000000, 0.0000000000000000000, 0.0000000000000000000 ) ) ;
#5827 = DIRECTION ( 'NONE',  ( -0.0000000000000000000, -0.0000000000000000000, -1.000000000000000000 ) ) ;
#5828 = CARTESIAN_POINT ( 'NONE',  ( 3.598858355908025608, 4.764669563478554970, -50.00000000000000000 ) ) ;
#5829 = EDGE_LOOP ( 'NONE', ( #4203, #10682, #4722, #8393 ) ) ;
#5830 = EDGE_CURVE ( 'NONE', #373, #4993, #8251, .T. ) ;
#5831 = DIRECTION ( 'NONE',  ( -1.000000000000000000, 0.0000000000000000000, 0.0000000000000000000 ) ) ;
#5832 = DIRECTION ( 'NONE',  ( 0.0000000000000000000, -1.000000000000000000, 0.0000000000000000000 ) ) ;
#5833 = ADVANCED_FACE ( 'NONE', ( #5861 ), #11615, .T. ) ;
#5834 = VECTOR ( 'NONE', #2282, 1000.000000000000000 ) ;
#5835 = ORIENTED_EDGE ( 'NONE', *, *, #3668, .T. ) ;
#5836 = EDGE_LOOP ( 'NONE', ( #4816, #7962, #8820, #3539 ) ) ;
#5837 = VECTOR ( 'NONE', #101, 999.9999999999998863 ) ;
#5838 = AXIS2_PLACEMENT_3D ( 'NONE', #11243, #6777, #8669 ) ;
#5839 = CARTESIAN_POINT ( 'NONE',  ( 15.90489106172841183, 8.648537566306814028, 50.00000000000000000 ) ) ;
#5840 = CARTESIAN_POINT ( 'NONE',  ( 7.776535249200000166, 12.54840876449999953, 50.00000000000000000 ) ) ;
#5841 = CARTESIAN_POINT ( 'NONE',  ( -1.727312328100000016, 26.74840876449999882, -50.00000000000000000 ) ) ;
#5842 = CARTESIAN_POINT ( 'NONE',  ( -4.527312328099999839, 22.04840876449999953, 50.00000000000000000 ) ) ;
#5843 = DIRECTION ( 'NONE',  ( 0.0000000000000000000, 0.0000000000000000000, 1.000000000000000000 ) ) ;
#5844 = LINE ( 'NONE', #5766, #930 ) ;
#5845 = EDGE_CURVE ( 'NONE', #2727, #6428, #11328, .T. ) ;
#5846 = ORIENTED_EDGE ( 'NONE', *, *, #1872, .F. ) ;
#5847 = AXIS2_PLACEMENT_3D ( 'NONE', #3463, #9703, #6172 ) ;
#5848 = ORIENTED_EDGE ( 'NONE', *, *, #11417, .F. ) ;
#5849 = CIRCLE ( 'NONE', #10630, 5.400000000003944756 ) ;
#5850 = DIRECTION ( 'NONE',  ( 1.000000000000000000, -0.0000000000000000000, -0.0000000000000000000 ) ) ;
#5851 = DIRECTION ( 'NONE',  ( 0.0000000000000000000, 0.0000000000000000000, 1.000000000000000000 ) ) ;
#5852 = EDGE_CURVE ( 'NONE', #1052, #9105, #11463, .T. ) ;
#5853 = EDGE_LOOP ( 'NONE', ( #5033, #710, #5794, #10114, #10314, #590, #7718, #9700, #4965, #8766, #6096, #6758, #9829, #8507, #1457, #9482, #3248, #8997, #10987, #6204, #1224, #1435, #786, #8053, #8033, #7314, #5996, #1701, #1137, #64, #8990, #2570, #4078, #1173, #5968, #9423, #1349, #3446, #11424, #2956, #9130, #1684, #9115, #4427, #4068, #320, #10507, #10015, #2852, #1610, #8644, #2408, #5429, #10636, #1760, #7139, #351, #6325, #1007, #9617, #725, #896, #1737, #9425, #1174, #3129, #6482, #9128, #6949, #10429, #2856, #9276, #8858, #2104, #6362, #5359, #3306, #2093, #11645, #10294, #9711, #3047, #1932, #9479, #9684, #6509, #6706, #1630, #11340, #8725, #1537, #3488, #9653, #2067, #8030, #4470, #3854, #2436, #3579, #8987, #4881, #3931, #1082, #1195, #9298, #1745, #39, #3250, #3349, #7010, #5780, #4683, #6592, #10528, #1602, #3627, #5505, #9977, #3086, #3263, #1652, #8257, #11461, #3789, #6311, #2489, #6772, #909, #5962, #3456, #10278, #6911, #9875, #4661, #7749, #902, #4635, #5483, #10954, #1291, #2809, #9311, #330, #5951, #4897, #5327, #9392, #8036, #6787, #9547, #11431, #4081, #10138, #3707, #6045, #7235, #992, #9326, #8329, #2817, #257, #1797, #5255, #2557 ) ) ;
#5854 = AXIS2_PLACEMENT_3D ( 'NONE', #4377, #11472, #5275 ) ;
#5855 = LINE ( 'NONE', #5976, #10482 ) ;
#5856 = ORIENTED_EDGE ( 'NONE', *, *, #3227, .T. ) ;
#5857 = EDGE_CURVE ( 'NONE', #7830, #843, #2772, .T. ) ;
#5858 = VERTEX_POINT ( 'NONE', #1782 ) ;
#5859 = DIRECTION ( 'NONE',  ( 1.000000000000000000, 0.0000000000000000000, 0.0000000000000000000 ) ) ;
#5860 = AXIS2_PLACEMENT_3D ( 'NONE', #10638, #8021, #6296 ) ;
#5861 = FACE_OUTER_BOUND ( 'NONE', #6773, .T. ) ;
#5862 = EDGE_LOOP ( 'NONE', ( #1748, #7065, #2089, #9670 ) ) ;
#5863 = DIRECTION ( 'NONE',  ( -0.0000000000000000000, 1.000000000000000000, -0.0000000000000000000 ) ) ;
#5864 = CARTESIAN_POINT ( 'NONE',  ( 22.56517473566587384, 1.558361222961575310, 50.00000000000000000 ) ) ;
#5865 = CARTESIAN_POINT ( 'NONE',  ( 2.688948470993043127, 5.674579448493523692, 50.00000000000000000 ) ) ;
#5866 = CYLINDRICAL_SURFACE ( 'NONE', #4278, 0.5000000000000247580 ) ;
#5867 = VERTEX_POINT ( 'NONE', #5266 ) ;
#5868 = DIRECTION ( 'NONE',  ( -0.0000000000000000000, -0.0000000000000000000, -1.000000000000000000 ) ) ;
#5869 = VECTOR ( 'NONE', #11234, 1000.000000000000000 ) ;
#5870 = ORIENTED_EDGE ( 'NONE', *, *, #6039, .F. ) ;
#5871 = ADVANCED_FACE ( 'NONE', ( #1647 ), #5287, .F. ) ;
#5872 = CARTESIAN_POINT ( 'NONE',  ( 1.222687671899958861, 12.84840876448371816, 50.00000000000000000 ) ) ;
#5873 = DIRECTION ( 'NONE',  ( 0.0000000000000000000, 0.0000000000000000000, 1.000000000000000000 ) ) ;
#5874 = EDGE_CURVE ( 'NONE', #8465, #8762, #10898, .T. ) ;
#5875 = DIRECTION ( 'NONE',  ( -0.0000000000000000000, 1.000000000000000000, -0.0000000000000000000 ) ) ;
#5876 = VECTOR ( 'NONE', #8188, 1000.000000000000000 ) ;
#5877 = CARTESIAN_POINT ( 'NONE',  ( -4.527312328099999839, 48.04840876450000309, 50.00000000000000000 ) ) ;
#5878 = CARTESIAN_POINT ( 'NONE',  ( 31.47268767190000105, 20.54840876450000309, 50.00000000000000000 ) ) ;
#5879 = DIRECTION ( 'NONE',  ( -0.0000000000000000000, -0.0000000000000000000, -1.000000000000000000 ) ) ;
#5880 = ADVANCED_FACE ( 'NONE', ( #6843 ), #2912, .T. ) ;
#5881 = LINE ( 'NONE', #9060, #8974 ) ;
#5882 = ORIENTED_EDGE ( 'NONE', *, *, #7201, .F. ) ;
#5883 = CARTESIAN_POINT ( 'NONE',  ( 1.072687671900000028, 73.64840876450000451, 50.00000000000000000 ) ) ;
#5884 = CARTESIAN_POINT ( 'NONE',  ( 1.572687671900000028, 69.74840876449999882, 50.00000000000000000 ) ) ;
#5885 = DIRECTION ( 'NONE',  ( -0.0000000000000000000, -0.0000000000000000000, -1.000000000000000000 ) ) ;
#5886 = VECTOR ( 'NONE', #5082, 1000.000000000000000 ) ;
#5887 = AXIS2_PLACEMENT_3D ( 'NONE', #2950, #8250, #10123 ) ;
#5888 = ADVANCED_FACE ( 'NONE', ( #3196 ), #3461, .F. ) ;
#5889 = DIRECTION ( 'NONE',  ( 1.000000000000000000, 0.0000000000000000000, 0.0000000000000000000 ) ) ;
#5890 = VERTEX_POINT ( 'NONE', #11580 ) ;
#5891 = CARTESIAN_POINT ( 'NONE',  ( 31.07268767189999892, 66.44840876450000167, 50.00000000000000000 ) ) ;
#5892 = AXIS2_PLACEMENT_3D ( 'NONE', #9205, #7362, #1980 ) ;
#5893 = CYLINDRICAL_SURFACE ( 'NONE', #7225, 5.499999999997182698 ) ;
#5894 = ORIENTED_EDGE ( 'NONE', *, *, #1857, .T. ) ;
#5895 = ORIENTED_EDGE ( 'NONE', *, *, #7785, .T. ) ;
#5896 = CIRCLE ( 'NONE', #5304, 0.9999999999999970024 ) ;
#5897 = CARTESIAN_POINT ( 'NONE',  ( 15.90489106173069445, 61.44827996266366199, 50.00000000000000000 ) ) ;
#5898 = ORIENTED_EDGE ( 'NONE', *, *, #2405, .F. ) ;
#5899 = PLANE ( 'NONE',  #7450 ) ;
#5900 = CARTESIAN_POINT ( 'NONE',  ( 19.97268767190000105, -0.9515912355000000211, -50.00000000000000000 ) ) ;
#5901 = DIRECTION ( 'NONE',  ( 1.000000000000000000, 0.0000000000000000000, 0.0000000000000000000 ) ) ;
#5902 = AXIS2_PLACEMENT_3D ( 'NONE', #1596, #7874, #5190 ) ;
#5903 = CIRCLE ( 'NONE', #1206, 24.99999999999804245 ) ;
#5904 = ORIENTED_EDGE ( 'NONE', *, *, #978, .T. ) ;
#5905 = CARTESIAN_POINT ( 'NONE',  ( 8.209547951090172546, 17.79840876449734921, -50.00000000000000000 ) ) ;
#5906 = DIRECTION ( 'NONE',  ( 0.0000000000000000000, 0.0000000000000000000, -1.000000000000000000 ) ) ;
#5907 = VERTEX_POINT ( 'NONE', #11529 ) ;
#5908 = ADVANCED_FACE ( 'NONE', ( #2362 ), #11184, .T. ) ;
#5909 = EDGE_LOOP ( 'NONE', ( #3397, #2769, #7862, #1996 ) ) ;
#5910 = ORIENTED_EDGE ( 'NONE', *, *, #10893, .F. ) ;
#5911 = EDGE_CURVE ( 'NONE', #8862, #5, #10072, .T. ) ;
#5912 = AXIS2_PLACEMENT_3D ( 'NONE', #9481, #10364, #2301 ) ;
#5913 = DIRECTION ( 'NONE',  ( 0.0000000000000000000, 0.0000000000000000000, 1.000000000000000000 ) ) ;
#5914 = PLANE ( 'NONE',  #10978 ) ;
#5915 = PLANE ( 'NONE',  #10655 ) ;
#5916 = DIRECTION ( 'NONE',  ( -1.000000000000000000, -0.0000000000000000000, -0.0000000000000000000 ) ) ;
#5917 = CARTESIAN_POINT ( 'NONE',  ( 10.22268767190173655, 10.28526904368860251, -50.00000000000000000 ) ) ;
#5918 = FACE_OUTER_BOUND ( 'NONE', #6552, .T. ) ;
#5919 = ORIENTED_EDGE ( 'NONE', *, *, #11024, .T. ) ;
#5920 = ORIENTED_EDGE ( 'NONE', *, *, #2149, .F. ) ;
#5921 = DIRECTION ( 'NONE',  ( -0.0000000000000000000, -0.0000000000000000000, -1.000000000000000000 ) ) ;
#5922 = ORIENTED_EDGE ( 'NONE', *, *, #9545, .T. ) ;
#5923 = AXIS2_PLACEMENT_3D ( 'NONE', #9216, #10106, #307 ) ;
#5924 = DIRECTION ( 'NONE',  ( -0.0000000000000000000, -0.0000000000000000000, -1.000000000000000000 ) ) ;
#5925 = EDGE_CURVE ( 'NONE', #1276, #1603, #6422, .T. ) ;
#5926 = LINE ( 'NONE', #3563, #7336 ) ;
#5927 = ORIENTED_EDGE ( 'NONE', *, *, #3187, .T. ) ;
#5928 = EDGE_LOOP ( 'NONE', ( #247, #7370, #11284, #10449, #291, #9160, #3895, #3542, #5355, #1201, #3736, #10358, #5512, #9720 ) ) ;
#5929 = CYLINDRICAL_SURFACE ( 'NONE', #679, 2.000000000000508482 ) ;
#5930 = ORIENTED_EDGE ( 'NONE', *, *, #8745, .T. ) ;
#5931 = CARTESIAN_POINT ( 'NONE',  ( 10.77268767189999821, 62.79840876450000309, -50.00000000000000000 ) ) ;
#5932 = AXIS2_PLACEMENT_3D ( 'NONE', #1055, #7261, #5486 ) ;
#5933 = EDGE_LOOP ( 'NONE', ( #2518, #8163, #11237, #9131 ) ) ;
#5934 = LINE ( 'NONE', #11526, #7057 ) ;
#5935 = VERTEX_POINT ( 'NONE', #8915 ) ;
#5936 = EDGE_CURVE ( 'NONE', #4459, #9015, #1085, .T. ) ;
#5937 = LINE ( 'NONE', #7144, #7636 ) ;
#5938 = VECTOR ( 'NONE', #4719, 1000.000000000000000 ) ;
#5939 = ORIENTED_EDGE ( 'NONE', *, *, #2998, .F. ) ;
#5940 = DIRECTION ( 'NONE',  ( -0.0000000000000000000, -0.0000000000000000000, -1.000000000000000000 ) ) ;
#5941 = VERTEX_POINT ( 'NONE', #4437 ) ;
#5942 = CARTESIAN_POINT ( 'NONE',  ( -2.527312328099999839, 21.54840876449999953, 50.00000000000000000 ) ) ;
#5943 = ADVANCED_FACE ( 'NONE', ( #4724 ), #1649, .F. ) ;
#5944 = EDGE_CURVE ( 'NONE', #843, #8225, #5440, .T. ) ;
#5945 = CARTESIAN_POINT ( 'NONE',  ( 3.245304965299999900, 4.411116172900000798, -50.00000000000000000 ) ) ;
#5946 = EDGE_CURVE ( 'NONE', #10054, #1555, #4036, .T. ) ;
#5947 = FACE_OUTER_BOUND ( 'NONE', #6689, .T. ) ;
#5948 = ORIENTED_EDGE ( 'NONE', *, *, #2539, .T. ) ;
#5949 = ADVANCED_FACE ( 'NONE', ( #10343 ), #8000, .F. ) ;
#5950 = LINE ( 'NONE', #8532, #3556 ) ;
#5951 = ORIENTED_EDGE ( 'NONE', *, *, #11369, .F. ) ;
#5952 = VERTEX_POINT ( 'NONE', #5171 ) ;
#5953 = DIRECTION ( 'NONE',  ( 0.0000000000000000000, 1.000000000000000000, -0.0000000000000000000 ) ) ;
#5954 = CARTESIAN_POINT ( 'NONE',  ( -2.527312328099999839, 45.04840876450000309, 50.00000000000000000 ) ) ;
#5955 = DIRECTION ( 'NONE',  ( 0.0000000000000000000, -1.000000000000000000, 0.0000000000000000000 ) ) ;
#5956 = CARTESIAN_POINT ( 'NONE',  ( 18.47268767190000105, 75.04840876449999598, 50.00000000000000000 ) ) ;
#5957 = CARTESIAN_POINT ( 'NONE',  ( -15.64176560054799126, 4.734807531388423030, -50.00000000000000000 ) ) ;
#5958 = DIRECTION ( 'NONE',  ( -1.000000000000000000, 0.0000000000000000000, 0.0000000000000000000 ) ) ;
#5959 = EDGE_CURVE ( 'NONE', #2727, #7071, #6699, .T. ) ;
#5960 = CIRCLE ( 'NONE', #1984, 5.699999999997952926 ) ;
#5961 = AXIS2_PLACEMENT_3D ( 'NONE', #588, #9525, #11159 ) ;
#5962 = ORIENTED_EDGE ( 'NONE', *, *, #2623, .F. ) ;
#5963 = DIRECTION ( 'NONE',  ( 0.0000000000000000000, 1.000000000000000000, -0.0000000000000000000 ) ) ;
#5964 = VECTOR ( 'NONE', #1547, 1000.000000000000000 ) ;
#5965 = CARTESIAN_POINT ( 'NONE',  ( 12.97268767190000105, 15.04840876450000131, -50.00000000000000000 ) ) ;
#5966 = VERTEX_POINT ( 'NONE', #6240 ) ;
#5967 = ORIENTED_EDGE ( 'NONE', *, *, #4296, .T. ) ;
#5968 = ORIENTED_EDGE ( 'NONE', *, *, #9910, .F. ) ;
#5969 = EDGE_CURVE ( 'NONE', #6768, #5867, #3058, .T. ) ;
#5970 = FACE_OUTER_BOUND ( 'NONE', #5053, .T. ) ;
#5971 = ORIENTED_EDGE ( 'NONE', *, *, #6762, .T. ) ;
#5972 = DIRECTION ( 'NONE',  ( 0.0000000000000000000, 0.0000000000000000000, 1.000000000000000000 ) ) ;
#5973 = FACE_BOUND ( 'NONE', #3957, .T. ) ;
#5974 = ORIENTED_EDGE ( 'NONE', *, *, #2839, .T. ) ;
#5975 = CARTESIAN_POINT ( 'NONE',  ( -7.027312328100000727, 60.54840876450000309, 50.00000000000000000 ) ) ;
#5976 = CARTESIAN_POINT ( 'NONE',  ( -3.027312328099999839, 8.048408764499999535, -50.00000000000000000 ) ) ;
#5977 = CYLINDRICAL_SURFACE ( 'NONE', #6104, 25.00000000000108002 ) ;
#5978 = EDGE_LOOP ( 'NONE', ( #5775, #8158, #11022, #10416 ) ) ;
#5979 = VERTEX_POINT ( 'NONE', #9725 ) ;
#5980 = LINE ( 'NONE', #5753, #8783 ) ;
#5981 = EDGE_CURVE ( 'NONE', #7663, #2108, #7407, .T. ) ;
#5982 = DIRECTION ( 'NONE',  ( -0.0000000000000000000, -0.0000000000000000000, -1.000000000000000000 ) ) ;
#5983 = CIRCLE ( 'NONE', #1523, 25.00000000000091660 ) ;
#5984 = AXIS2_PLACEMENT_3D ( 'NONE', #6403, #10889, #914 ) ;
#5985 = ORIENTED_EDGE ( 'NONE', *, *, #9242, .F. ) ;
#5986 = ORIENTED_EDGE ( 'NONE', *, *, #3848, .F. ) ;
#5987 = DIRECTION ( 'NONE',  ( -0.0000000000000000000, -0.0000000000000000000, -1.000000000000000000 ) ) ;
#5988 = DIRECTION ( 'NONE',  ( -1.000000000000000000, 0.0000000000000000000, 0.0000000000000000000 ) ) ;
#5989 = EDGE_CURVE ( 'NONE', #4459, #10401, #6983, .T. ) ;
#5990 = CIRCLE ( 'NONE', #8299, 0.5000000000000177636 ) ;
#5991 = ORIENTED_EDGE ( 'NONE', *, *, #6839, .F. ) ;
#5992 = CARTESIAN_POINT ( 'NONE',  ( -3.027312328099999839, 75.04840876449999598, 50.00000000000000000 ) ) ;
#5993 = EDGE_CURVE ( 'NONE', #5787, #9645, #680, .T. ) ;
#5994 = AXIS2_PLACEMENT_3D ( 'NONE', #11063, #6601, #1229 ) ;
#5995 = LINE ( 'NONE', #6137, #8675 ) ;
#5996 = ORIENTED_EDGE ( 'NONE', *, *, #9292, .F. ) ;
#5997 = EDGE_CURVE ( 'NONE', #5867, #9175, #2628, .T. ) ;
#5998 = ADVANCED_FACE ( 'NONE', ( #9512 ), #3753, .T. ) ;
#5999 = CARTESIAN_POINT ( 'NONE',  ( 3.245304965300000344, 65.68570135599999560, 50.00000000000000000 ) ) ;
#6000 = CARTESIAN_POINT ( 'NONE',  ( 24.72268767189990157, 12.84840876450012814, 50.00000000000000000 ) ) ;
#6001 = CIRCLE ( 'NONE', #4695, 3.400000000032107561 ) ;
#6002 = ORIENTED_EDGE ( 'NONE', *, *, #9824, .T. ) ;
#6003 = DIRECTION ( 'NONE',  ( -0.0000000000000000000, -0.0000000000000000000, -1.000000000000000000 ) ) ;
#6004 = ORIENTED_EDGE ( 'NONE', *, *, #8547, .F. ) ;
#6005 = EDGE_CURVE ( 'NONE', #7913, #5375, #8533, .T. ) ;
#6006 = VECTOR ( 'NONE', #8594, 1000.000000000000000 ) ;
#6007 = EDGE_CURVE ( 'NONE', #1909, #8097, #10487, .T. ) ;
#6008 = DIRECTION ( 'NONE',  ( 1.000000000000000000, 0.0000000000000000000, 0.0000000000000000000 ) ) ;
#6009 = AXIS2_PLACEMENT_3D ( 'NONE', #4829, #11056, #11016 ) ;
#6010 = DIRECTION ( 'NONE',  ( 1.000000000000000000, 0.0000000000000000000, 0.0000000000000000000 ) ) ;
#6011 = CIRCLE ( 'NONE', #2492, 0.5000000000000438538 ) ;
#6012 = VERTEX_POINT ( 'NONE', #4554 ) ;
#6013 = PLANE ( 'NONE',  #7933 ) ;
#6014 = AXIS2_PLACEMENT_3D ( 'NONE', #4019, #9273, #6680 ) ;
#6015 = CARTESIAN_POINT ( 'NONE',  ( 14.97268767189996552, 49.54840876450003861, 50.00000000000000000 ) ) ;
#6016 = CYLINDRICAL_SURFACE ( 'NONE', #4639, 2.000000000000091926 ) ;
#6017 = ORIENTED_EDGE ( 'NONE', *, *, #7140, .T. ) ;
#6018 = ADVANCED_FACE ( 'NONE', ( #3332 ), #2750, .F. ) ;
#6019 = CARTESIAN_POINT ( 'NONE',  ( -1.727312328100812922, 47.04840876449938492, 50.00000000000000000 ) ) ;
#6020 = LINE ( 'NONE', #2818, #3635 ) ;
#6021 = ORIENTED_EDGE ( 'NONE', *, *, #2414, .F. ) ;
#6022 = DIRECTION ( 'NONE',  ( -0.0000000000000000000, -0.0000000000000000000, -1.000000000000000000 ) ) ;
#6023 = EDGE_CURVE ( 'NONE', #4953, #9734, #1223, .T. ) ;
#6024 = DIRECTION ( 'NONE',  ( 1.000000000000000000, 0.0000000000000000000, 0.0000000000000000000 ) ) ;
#6025 = CARTESIAN_POINT ( 'NONE',  ( 10.22268767189969196, 59.81154848531495105, -50.00000000000000000 ) ) ;
#6026 = LINE ( 'NONE', #11041, #10383 ) ;
#6027 = CARTESIAN_POINT ( 'NONE',  ( 2.516320965999999881, 3.443043897399999942, 50.00000000000000000 ) ) ;
#6028 = DIRECTION ( 'NONE',  ( 1.000000000000000000, 0.0000000000000000000, 0.0000000000000000000 ) ) ;
#6029 = ORIENTED_EDGE ( 'NONE', *, *, #6678, .F. ) ;
#6030 = ORIENTED_EDGE ( 'NONE', *, *, #927, .F. ) ;
#6031 = FACE_OUTER_BOUND ( 'NONE', #5557, .T. ) ;
#6032 = ORIENTED_EDGE ( 'NONE', *, *, #10018, .F. ) ;
#6033 = AXIS2_PLACEMENT_3D ( 'NONE', #3334, #784, #10504 ) ;
#6034 = DIRECTION ( 'NONE',  ( -0.0000000000000000000, -0.0000000000000000000, -1.000000000000000000 ) ) ;
#6035 = ORIENTED_EDGE ( 'NONE', *, *, #7344, .F. ) ;
#6036 = CARTESIAN_POINT ( 'NONE',  ( 18.47268767190000105, -4.951591235499999577, 50.00000000000000000 ) ) ;
#6037 = VERTEX_POINT ( 'NONE', #163 ) ;
#6038 = VERTEX_POINT ( 'NONE', #5490 ) ;
#6039 = EDGE_CURVE ( 'NONE', #1598, #6268, #8671, .T. ) ;
#6040 = CIRCLE ( 'NONE', #6160, 1.500000000000015099 ) ;
#6041 = ORIENTED_EDGE ( 'NONE', *, *, #11259, .F. ) ;
#6042 = ORIENTED_EDGE ( 'NONE', *, *, #3929, .T. ) ;
#6043 = DIRECTION ( 'NONE',  ( -1.000000000000000000, -0.0000000000000000000, -0.0000000000000000000 ) ) ;
#6044 = VERTEX_POINT ( 'NONE', #120 ) ;
#6045 = ORIENTED_EDGE ( 'NONE', *, *, #10924, .F. ) ;
#6046 = AXIS2_PLACEMENT_3D ( 'NONE', #9636, #9495, #7731 ) ;
#6047 = DIRECTION ( 'NONE',  ( 0.0000000000000000000, 0.0000000000000000000, 1.000000000000000000 ) ) ;
#6048 = LINE ( 'NONE', #3759, #8445 ) ;
#6049 = DIRECTION ( 'NONE',  ( -0.0000000000000000000, 1.000000000000000000, -0.0000000000000000000 ) ) ;
#6050 = ORIENTED_EDGE ( 'NONE', *, *, #4251, .F. ) ;
#6051 = CIRCLE ( 'NONE', #6463, 26.40000000003698588 ) ;
#6052 = ORIENTED_EDGE ( 'NONE', *, *, #6696, .F. ) ;
#6053 = EDGE_LOOP ( 'NONE', ( #7185, #4277, #497, #4266 ) ) ;
#6054 = EDGE_LOOP ( 'NONE', ( #11548, #5349, #10561, #3416 ) ) ;
#6055 = EDGE_CURVE ( 'NONE', #4694, #585, #8388, .T. ) ;
#6056 = CARTESIAN_POINT ( 'NONE',  ( 17.97268767190000105, 70.54840876449999598, 50.00000000000000000 ) ) ;
#6057 = AXIS2_PLACEMENT_3D ( 'NONE', #1078, #3865, #1112 ) ;
#6058 = DIRECTION ( 'NONE',  ( 1.000000000000000000, 0.0000000000000000000, 0.0000000000000000000 ) ) ;
#6059 = DIRECTION ( 'NONE',  ( -0.0000000000000000000, -0.0000000000000000000, -1.000000000000000000 ) ) ;
#6060 = CARTESIAN_POINT ( 'NONE',  ( -2.527312328099999839, 10.04840876449999953, 50.00000000000000000 ) ) ;
#6061 = CYLINDRICAL_SURFACE ( 'NONE', #4259, 5.400000000000009237 ) ;
#6062 = DIRECTION ( 'NONE',  ( 0.0000000000000000000, 0.0000000000000000000, 1.000000000000000000 ) ) ;
#6063 = FACE_OUTER_BOUND ( 'NONE', #8005, .T. ) ;
#6064 = VECTOR ( 'NONE', #5667, 1000.000000000000000 ) ;
#6065 = ORIENTED_EDGE ( 'NONE', *, *, #4045, .T. ) ;
#6066 = LINE ( 'NONE', #5274, #8180 ) ;
#6067 = DIRECTION ( 'NONE',  ( -1.000000000000000000, 0.0000000000000000000, 0.0000000000000000000 ) ) ;
#6068 = PLANE ( 'NONE',  #410 ) ;
#6069 = VERTEX_POINT ( 'NONE', #1770 ) ;
#6070 = CARTESIAN_POINT ( 'NONE',  ( -2.527312328099999839, 45.04840876450000309, 50.00000000000000000 ) ) ;
#6071 = ADVANCED_FACE ( 'NONE', ( #3889 ), #10005, .T. ) ;
#6072 = ORIENTED_EDGE ( 'NONE', *, *, #11592, .T. ) ;
#6073 = EDGE_CURVE ( 'NONE', #7468, #4651, #5711, .T. ) ;
#6074 = CYLINDRICAL_SURFACE ( 'NONE', #9582, 1.500000000000015099 ) ;
#6075 = VERTEX_POINT ( 'NONE', #2788 ) ;
#6076 = CARTESIAN_POINT ( 'NONE',  ( 22.70007037860000310, 4.411116172900002574, 50.00000000000000000 ) ) ;
#6077 = LINE ( 'NONE', #4054, #1172 ) ;
#6078 = FACE_OUTER_BOUND ( 'NONE', #95, .T. ) ;
#6079 = DIRECTION ( 'NONE',  ( -1.000000000000000000, 0.0000000000000000000, 0.0000000000000000000 ) ) ;
#6080 = AXIS2_PLACEMENT_3D ( 'NONE', #3693, #1064, #6439 ) ;
#6081 = ORIENTED_EDGE ( 'NONE', *, *, #3286, .F. ) ;
#6082 = CARTESIAN_POINT ( 'NONE',  ( 28.97268767190000105, 62.04840876450000309, -50.00000000000000000 ) ) ;
#6083 = FACE_OUTER_BOUND ( 'NONE', #10777, .T. ) ;
#6084 = CARTESIAN_POINT ( 'NONE',  ( 17.73582739270768371, 17.79840876449994269, -50.00000000000000000 ) ) ;
#6085 = VERTEX_POINT ( 'NONE', #8045 ) ;
#6086 = LINE ( 'NONE', #2965, #1004 ) ;
#6087 = VERTEX_POINT ( 'NONE', #4510 ) ;
#6088 = DIRECTION ( 'NONE',  ( 0.0000000000000000000, 0.0000000000000000000, 1.000000000000000000 ) ) ;
#6089 = EDGE_LOOP ( 'NONE', ( #985, #10231, #171, #954 ) ) ;
#6090 = DIRECTION ( 'NONE',  ( -0.0000000000000000000, -0.0000000000000000000, -1.000000000000000000 ) ) ;
#6091 = EDGE_CURVE ( 'NONE', #5386, #3958, #3610, .T. ) ;
#6092 = AXIS2_PLACEMENT_3D ( 'NONE', #5796, #355, #10262 ) ;
#6093 = CYLINDRICAL_SURFACE ( 'NONE', #2441, 0.5000000000000038858 ) ;
#6094 = ORIENTED_EDGE ( 'NONE', *, *, #8985, .F. ) ;
#6095 = VECTOR ( 'NONE', #864, 1000.000000000000000 ) ;
#6096 = ORIENTED_EDGE ( 'NONE', *, *, #8775, .F. ) ;
#6097 = DIRECTION ( 'NONE',  ( 0.0000000000000000000, 0.0000000000000000000, 1.000000000000000000 ) ) ;
#6098 = ORIENTED_EDGE ( 'NONE', *, *, #6158, .F. ) ;
#6099 = DIRECTION ( 'NONE',  ( 1.000000000000000000, 0.0000000000000000000, 0.0000000000000000000 ) ) ;
#6100 = CARTESIAN_POINT ( 'NONE',  ( 10.47268767189999927, 49.54840876450001019, -50.00000000000000000 ) ) ;
#6101 = CARTESIAN_POINT ( 'NONE',  ( 27.67268767190074996, 23.04840876450057507, -50.00000000000000000 ) ) ;
#6102 = CARTESIAN_POINT ( 'NONE',  ( -3.527312328100012717, 10.04840876449998532, 50.00000000000000000 ) ) ;
#6103 = CARTESIAN_POINT ( 'NONE',  ( 12.97268767190506011, 15.04840876450875697, -50.00000000000000000 ) ) ;
#6104 = AXIS2_PLACEMENT_3D ( 'NONE', #2211, #1430, #1390 ) ;
#6105 = DIRECTION ( 'NONE',  ( -1.000000000000000000, 0.0000000000000000000, 0.0000000000000000000 ) ) ;
#6106 = DIRECTION ( 'NONE',  ( 1.000000000000000000, 0.0000000000000000000, 0.0000000000000000000 ) ) ;
#6107 = LINE ( 'NONE', #10359, #10595 ) ;
#6108 = ORIENTED_EDGE ( 'NONE', *, *, #4399, .T. ) ;
#6109 = MECHANICAL_DESIGN_GEOMETRIC_PRESENTATION_REPRESENTATION (  '', ( #8903 ), #2659 ) ;
#6110 = VERTEX_POINT ( 'NONE', #4589 ) ;
#6111 = FACE_BOUND ( 'NONE', #8003, .T. ) ;
#6112 = CARTESIAN_POINT ( 'NONE',  ( 15.47268767189999927, 60.24456118719999864, -50.00000000000000000 ) ) ;
#6113 = CARTESIAN_POINT ( 'NONE',  ( 28.47268767190000105, 10.04840876449999953, -50.00000000000000000 ) ) ;
#6114 = DIRECTION ( 'NONE',  ( -0.0000000000000000000, -0.0000000000000000000, -1.000000000000000000 ) ) ;
#6115 = CARTESIAN_POINT ( 'NONE',  ( 6.472687671900000161, 70.54840876449999598, 50.00000000000000000 ) ) ;
#6116 = FACE_OUTER_BOUND ( 'NONE', #8502, .T. ) ;
#6117 = ORIENTED_EDGE ( 'NONE', *, *, #10166, .T. ) ;
#6118 = ORIENTED_EDGE ( 'NONE', *, *, #7376, .F. ) ;
#6119 = CIRCLE ( 'NONE', #4477, 3.400000000000000355 ) ;
#6120 = DIRECTION ( 'NONE',  ( -0.0000000000000000000, -0.0000000000000000000, -1.000000000000000000 ) ) ;
#6121 = AXIS2_PLACEMENT_3D ( 'NONE', #10490, #11384, #651 ) ;
#6122 = ORIENTED_EDGE ( 'NONE', *, *, #5458, .F. ) ;
#6123 = CARTESIAN_POINT ( 'NONE',  ( 30.47268767190000105, 22.04840876449999953, -50.00000000000000000 ) ) ;
#6124 = DIRECTION ( 'NONE',  ( 0.0000000000000000000, -1.000000000000000000, 0.0000000000000000000 ) ) ;
#6125 = PLANE ( 'NONE',  #7333 ) ;
#6126 = CARTESIAN_POINT ( 'NONE',  ( 20.97268767190028882, 0.3484087644996209931, -50.00000000000000000 ) ) ;
#6127 = CYLINDRICAL_SURFACE ( 'NONE', #9712, 26.39999999999258051 ) ;
#6128 = EDGE_CURVE ( 'NONE', #5133, #11537, #10055, .T. ) ;
#6129 = ORIENTED_EDGE ( 'NONE', *, *, #4781, .F. ) ;
#6130 = PLANE ( 'NONE',  #715 ) ;
#6131 = ORIENTED_EDGE ( 'NONE', *, *, #6091, .F. ) ;
#6132 = DIRECTION ( 'NONE',  ( -0.0000000000000000000, -0.0000000000000000000, -1.000000000000000000 ) ) ;
#6133 = VECTOR ( 'NONE', #6277, 1000.000000000000114 ) ;
#6134 = ORIENTED_EDGE ( 'NONE', *, *, #1178, .T. ) ;
#6135 = AXIS2_PLACEMENT_3D ( 'NONE', #6562, #8335, #3776 ) ;
#6136 = CARTESIAN_POINT ( 'NONE',  ( 31.07268767189999892, 66.44840876450000167, -50.00000000000000000 ) ) ;
#6137 = CARTESIAN_POINT ( 'NONE',  ( 0.5110997200539081353, 44.10230769653314553, 50.00000000000000000 ) ) ;
#6138 = CARTESIAN_POINT ( 'NONE',  ( -3.027312328099999839, 75.04840876449999598, -50.00000000000000000 ) ) ;
#6139 = LINE ( 'NONE', #10264, #5724 ) ;
#6140 = ORIENTED_EDGE ( 'NONE', *, *, #2781, .T. ) ;
#6141 = EDGE_CURVE ( 'NONE', #4186, #2515, #9767, .T. ) ;
#6142 = DIRECTION ( 'NONE',  ( 1.000000000000000000, 0.0000000000000000000, 0.0000000000000000000 ) ) ;
#6143 = DIRECTION ( 'NONE',  ( 0.0000000000000000000, 0.0000000000000000000, 1.000000000000000000 ) ) ;
#6144 = AXIS2_PLACEMENT_3D ( 'NONE', #11170, #5098, #5130 ) ;
#6145 = CYLINDRICAL_SURFACE ( 'NONE', #5676, 0.5000000000000307532 ) ;
#6146 = VERTEX_POINT ( 'NONE', #4820 ) ;
#6147 = LINE ( 'NONE', #4843, #9527 ) ;
#6148 = EDGE_CURVE ( 'NONE', #9105, #2987, #667, .T. ) ;
#6149 = CARTESIAN_POINT ( 'NONE',  ( -7.027312328100000727, 60.54840876450000309, 50.00000000000000000 ) ) ;
#6150 = VERTEX_POINT ( 'NONE', #8212 ) ;
#6151 = DIRECTION ( 'NONE',  ( -1.000000000000000000, 0.0000000000000000000, 0.0000000000000000000 ) ) ;
#6152 = DIRECTION ( 'NONE',  ( -1.000000000000000000, 0.0000000000000000000, 0.0000000000000000000 ) ) ;
#6153 = CARTESIAN_POINT ( 'NONE',  ( 4.434964485672498569, 59.63195185655872876, 50.00000000000000000 ) ) ;
#6154 = CIRCLE ( 'NONE', #5335, 0.5000000000000143219 ) ;
#6155 = ORIENTED_EDGE ( 'NONE', *, *, #10799, .F. ) ;
#6156 = EDGE_CURVE ( 'NONE', #9624, #5194, #5708, .T. ) ;
#6157 = DIRECTION ( 'NONE',  ( 1.000000000000000000, 0.0000000000000000000, 0.0000000000000000000 ) ) ;
#6158 = EDGE_CURVE ( 'NONE', #7732, #10841, #5849, .T. ) ;
#6159 = VECTOR ( 'NONE', #3178, 1000.000000000000000 ) ;
#6160 = AXIS2_PLACEMENT_3D ( 'NONE', #3481, #10583, #4396 ) ;
#6161 = ORIENTED_EDGE ( 'NONE', *, *, #6891, .F. ) ;
#6162 = CARTESIAN_POINT ( 'NONE',  ( 28.47268767190000105, 43.34840876450000025, 50.00000000000000000 ) ) ;
#6163 = CARTESIAN_POINT ( 'NONE',  ( 8.972687671899999273, -1.451591235500000021, 50.00000000000000000 ) ) ;
#6164 = DIRECTION ( 'NONE',  ( -0.0000000000000000000, -0.0000000000000000000, -1.000000000000000000 ) ) ;
#6165 = LINE ( 'NONE', #4863, #2389 ) ;
#6166 = VERTEX_POINT ( 'NONE', #6435 ) ;
#6167 = DIRECTION ( 'NONE',  ( -0.0000000000000000000, -0.0000000000000000000, -1.000000000000000000 ) ) ;
#6168 = ORIENTED_EDGE ( 'NONE', *, *, #2575, .F. ) ;
#6169 = EDGE_CURVE ( 'NONE', #7884, #3526, #9501, .T. ) ;
#6170 = CIRCLE ( 'NONE', #7509, 0.4999999999999930611 ) ;
#6171 = ORIENTED_EDGE ( 'NONE', *, *, #9396, .F. ) ;
#6172 = DIRECTION ( 'NONE',  ( 1.000000000000000000, 0.0000000000000000000, 0.0000000000000000000 ) ) ;
#6173 = DIRECTION ( 'NONE',  ( 0.0000000000000000000, 0.0000000000000000000, -1.000000000000000000 ) ) ;
#6174 = CARTESIAN_POINT ( 'NONE',  ( 24.37268767190000318, 73.14840876450000451, 50.00000000000000000 ) ) ;
#6175 = EDGE_CURVE ( 'NONE', #6368, #211, #8521, .T. ) ;
#6176 = DIRECTION ( 'NONE',  ( 0.0000000000000000000, 0.0000000000000000000, 1.000000000000000000 ) ) ;
#6177 = DIRECTION ( 'NONE',  ( -0.0000000000000000000, -0.0000000000000000000, -1.000000000000000000 ) ) ;
#6178 = LINE ( 'NONE', #3421, #290 ) ;
#6179 = ORIENTED_EDGE ( 'NONE', *, *, #820, .F. ) ;
#6180 = DIRECTION ( 'NONE',  ( 0.7071067812173180700, -0.7071067811557770755, -0.0000000000000000000 ) ) ;
#6181 = EDGE_LOOP ( 'NONE', ( #9973, #1438, #7341, #9552 ) ) ;
#6182 = ORIENTED_EDGE ( 'NONE', *, *, #10336, .F. ) ;
#6183 = ADVANCED_FACE ( 'NONE', ( #10485 ), #4995, .F. ) ;
#6184 = ORIENTED_EDGE ( 'NONE', *, *, #1496, .F. ) ;
#6185 = DIRECTION ( 'NONE',  ( -0.0000000000000000000, 1.000000000000000000, -0.0000000000000000000 ) ) ;
#6186 = CIRCLE ( 'NONE', #8867, 1.999999999999713785 ) ;
#6187 = VERTEX_POINT ( 'NONE', #5683 ) ;
#6188 = VERTEX_POINT ( 'NONE', #10162 ) ;
#6189 = DIRECTION ( 'NONE',  ( -0.0000000000000000000, -0.0000000000000000000, -1.000000000000000000 ) ) ;
#6190 = DIRECTION ( 'NONE',  ( -0.0000000000000000000, -0.0000000000000000000, -1.000000000000000000 ) ) ;
#6191 = DIRECTION ( 'NONE',  ( -0.0000000000000000000, -0.0000000000000000000, -1.000000000000000000 ) ) ;
#6192 = EDGE_LOOP ( 'NONE', ( #4690, #6665, #11533, #8340 ) ) ;
#6193 = CARTESIAN_POINT ( 'NONE',  ( -3.027312328099999839, 8.048408764499999535, 50.00000000000000000 ) ) ;
#6194 = EDGE_CURVE ( 'NONE', #7081, #3003, #2898, .T. ) ;
#6195 = FACE_OUTER_BOUND ( 'NONE', #2451, .T. ) ;
#6196 = VERTEX_POINT ( 'NONE', #11084 ) ;
#6197 = ORIENTED_EDGE ( 'NONE', *, *, #3234, .T. ) ;
#6198 = ORIENTED_EDGE ( 'NONE', *, *, #3350, .T. ) ;
#6199 = CARTESIAN_POINT ( 'NONE',  ( 30.97268767190000460, 40.84840876450000025, -50.00000000000000000 ) ) ;
#6200 = FACE_OUTER_BOUND ( 'NONE', #9623, .T. ) ;
#6201 = ORIENTED_EDGE ( 'NONE', *, *, #4251, .T. ) ;
#6202 = PLANE ( 'NONE',  #2969 ) ;
#6203 = CARTESIAN_POINT ( 'NONE',  ( 31.07268767189999892, 66.44840876450000167, 50.00000000000000000 ) ) ;
#6204 = ORIENTED_EDGE ( 'NONE', *, *, #2475, .F. ) ;
#6205 = AXIS2_PLACEMENT_3D ( 'NONE', #510, #2263, #1478 ) ;
#6206 = CARTESIAN_POINT ( 'NONE',  ( -2.527312328099999839, 20.04840876449999953, 50.00000000000000000 ) ) ;
#6207 = CARTESIAN_POINT ( 'NONE',  ( -5.627312328100001260, -0.9515912354999992440, -50.00000000000000000 ) ) ;
#6208 = LINE ( 'NONE', #10808, #4250 ) ;
#6209 = VERTEX_POINT ( 'NONE', #10969 ) ;
#6210 = EDGE_CURVE ( 'NONE', #2773, #11317, #8236, .T. ) ;
#6211 = CIRCLE ( 'NONE', #7582, 0.5000000000000350830 ) ;
#6212 = FACE_OUTER_BOUND ( 'NONE', #3933, .T. ) ;
#6213 = ORIENTED_EDGE ( 'NONE', *, *, #5560, .T. ) ;
#6214 = EDGE_CURVE ( 'NONE', #6247, #9090, #3603, .T. ) ;
#6215 = DIRECTION ( 'NONE',  ( -0.0000000000000000000, -0.0000000000000000000, -1.000000000000000000 ) ) ;
#6216 = AXIS2_PLACEMENT_3D ( 'NONE', #7713, #5940, #6008 ) ;
#6217 = DIRECTION ( 'NONE',  ( -0.0000000000000000000, -0.0000000000000000000, -1.000000000000000000 ) ) ;
#6218 = CARTESIAN_POINT ( 'NONE',  ( 9.972687671900015260, 9.143919862700002454, 50.00000000000000000 ) ) ;
#6219 = DIRECTION ( 'NONE',  ( 1.000000000000000000, 0.0000000000000000000, 0.0000000000000000000 ) ) ;
#6220 = CARTESIAN_POINT ( 'NONE',  ( 18.16884009460000016, 52.54840876450000309, 50.00000000000000000 ) ) ;
#6221 = CYLINDRICAL_SURFACE ( 'NONE', #6952, 1.000000000000013101 ) ;
#6222 = ORIENTED_EDGE ( 'NONE', *, *, #9991, .T. ) ;
#6223 = EDGE_CURVE ( 'NONE', #11450, #177, #7393, .T. ) ;
#6224 = FACE_OUTER_BOUND ( 'NONE', #62, .T. ) ;
#6225 = ORIENTED_EDGE ( 'NONE', *, *, #7984, .F. ) ;
#6226 = AXIS2_PLACEMENT_3D ( 'NONE', #480, #7658, #11244 ) ;
#6227 = ORIENTED_EDGE ( 'NONE', *, *, #10524, .T. ) ;
#6228 = EDGE_CURVE ( 'NONE', #441, #585, #7831, .T. ) ;
#6229 = CARTESIAN_POINT ( 'NONE',  ( 20.38611397332070041, 60.46619193877335618, 50.00000000000000000 ) ) ;
#6230 = CARTESIAN_POINT ( 'NONE',  ( 0.7041869790830337372, 65.46569835310927488, 50.00000000000000000 ) ) ;
#6231 = CARTESIAN_POINT ( 'NONE',  ( 18.16884009460000016, 57.54840876450001019, -50.00000000000000000 ) ) ;
#6232 = LINE ( 'NONE', #11563, #210 ) ;
#6233 = DIRECTION ( 'NONE',  ( -0.0000000000000000000, -0.0000000000000000000, -1.000000000000000000 ) ) ;
#6234 = ORIENTED_EDGE ( 'NONE', *, *, #1325, .F. ) ;
#6235 = AXIS2_PLACEMENT_3D ( 'NONE', #3849, #10046, #5686 ) ;
#6236 = CIRCLE ( 'NONE', #1098, 0.5000000000001183498 ) ;
#6237 = VERTEX_POINT ( 'NONE', #7418 ) ;
#6238 = VERTEX_POINT ( 'NONE', #3763 ) ;
#6239 = ORIENTED_EDGE ( 'NONE', *, *, #2604, .T. ) ;
#6240 = CARTESIAN_POINT ( 'NONE',  ( 0.5110997200539081353, 44.10230769653314553, -50.00000000000000000 ) ) ;
#6241 = EDGE_CURVE ( 'NONE', #3462, #9702, #9357, .T. ) ;
#6242 = AXIS2_PLACEMENT_3D ( 'NONE', #668, #10566, #11436 ) ;
#6243 = DIRECTION ( 'NONE',  ( 1.000000000000000000, 0.0000000000000000000, 0.0000000000000000000 ) ) ;
#6244 = DIRECTION ( 'NONE',  ( -0.0000000000000000000, -0.0000000000000000000, -1.000000000000000000 ) ) ;
#6245 = DIRECTION ( 'NONE',  ( 0.0000000000000000000, 1.000000000000000000, -0.0000000000000000000 ) ) ;
#6246 = LINE ( 'NONE', #6872, #6812 ) ;
#6247 = VERTEX_POINT ( 'NONE', #244 ) ;
#6248 = DIRECTION ( 'NONE',  ( -1.000000000000000000, 0.0000000000000000000, 0.0000000000000000000 ) ) ;
#6249 = DIRECTION ( 'NONE',  ( 0.0000000000000000000, 0.0000000000000000000, 1.000000000000000000 ) ) ;
#6250 = CIRCLE ( 'NONE', #5299, 5.400000000015123369 ) ;
#6251 = DIRECTION ( 'NONE',  ( 1.000000000000000000, 0.0000000000000000000, 0.0000000000000000000 ) ) ;
#6252 = ORIENTED_EDGE ( 'NONE', *, *, #9545, .F. ) ;
#6253 = EDGE_CURVE ( 'NONE', #1227, #1907, #3737, .T. ) ;
#6254 = DIRECTION ( 'NONE',  ( 1.000000000000000000, 0.0000000000000000000, 0.0000000000000000000 ) ) ;
#6255 = CYLINDRICAL_SURFACE ( 'NONE', #5657, 0.4999999999999822364 ) ;
#6256 = CARTESIAN_POINT ( 'NONE',  ( -3.027312328099999839, 22.04840876449999953, 50.00000000000000000 ) ) ;
#6257 = ORIENTED_EDGE ( 'NONE', *, *, #1893, .F. ) ;
#6258 = VERTEX_POINT ( 'NONE', #6475 ) ;
#6259 = FACE_BOUND ( 'NONE', #4790, .T. ) ;
#6260 = CARTESIAN_POINT ( 'NONE',  ( -2.527312328099999839, 50.04840876450001019, 50.00000000000000000 ) ) ;
#6261 = DIRECTION ( 'NONE',  ( 0.0000000000000000000, 0.0000000000000000000, 1.000000000000000000 ) ) ;
#6262 = DIRECTION ( 'NONE',  ( -0.0000000000000000000, -0.0000000000000000000, -1.000000000000000000 ) ) ;
#6263 = AXIS2_PLACEMENT_3D ( 'NONE', #6634, #6798, #5771 ) ;
#6264 = ORIENTED_EDGE ( 'NONE', *, *, #2975, .F. ) ;
#6265 = CARTESIAN_POINT ( 'NONE',  ( 28.97268767189999394, 61.54840876450001019, 50.00000000000000000 ) ) ;
#6266 = AXIS2_PLACEMENT_3D ( 'NONE', #6415, #3708, #2844 ) ;
#6267 = LINE ( 'NONE', #3752, #3732 ) ;
#6268 = VERTEX_POINT ( 'NONE', #11206 ) ;
#6269 = ORIENTED_EDGE ( 'NONE', *, *, #4268, .F. ) ;
#6270 = DIRECTION ( 'NONE',  ( 1.000000000000000000, 0.0000000000000000000, 0.0000000000000000000 ) ) ;
#6271 = DIRECTION ( 'NONE',  ( -0.0000000000000000000, -0.0000000000000000000, -1.000000000000000000 ) ) ;
#6272 = CARTESIAN_POINT ( 'NONE',  ( -1.727312328100000016, 65.04840876449999598, 50.00000000000000000 ) ) ;
#6273 = CARTESIAN_POINT ( 'NONE',  ( 7.972687671900000161, 70.54840876449999598, -50.00000000000000000 ) ) ;
#6274 = DIRECTION ( 'NONE',  ( -0.0000000000000000000, -0.0000000000000000000, -1.000000000000000000 ) ) ;
#6275 = CYLINDRICAL_SURFACE ( 'NONE', #5664, 0.4999999999999935052 ) ;
#6276 = ORIENTED_EDGE ( 'NONE', *, *, #1401, .T. ) ;
#6277 = DIRECTION ( 'NONE',  ( 0.7071067811476916543, -0.7071067812254032692, -0.0000000000000000000 ) ) ;
#6278 = VECTOR ( 'NONE', #6416, 1000.000000000000000 ) ;
#6279 = AXIS2_PLACEMENT_3D ( 'NONE', #4232, #2317, #6933 ) ;
#6280 = ORIENTED_EDGE ( 'NONE', *, *, #2775, .T. ) ;
#6281 = CARTESIAN_POINT ( 'NONE',  ( 2.516320965999999881, 66.65377363150000178, 50.00000000000000000 ) ) ;
#6282 = CARTESIAN_POINT ( 'NONE',  ( 19.47268767190001171, -0.9515912354999900291, -50.00000000000000000 ) ) ;
#6283 = CYLINDRICAL_SURFACE ( 'NONE', #6964, 3.400000000000000355 ) ;
#6284 = EDGE_LOOP ( 'NONE', ( #8583, #9766, #2374, #5297 ) ) ;
#6285 = PLANE ( 'NONE',  #4 ) ;
#6286 = EDGE_CURVE ( 'NONE', #7507, #6942, #3448, .T. ) ;
#6287 = AXIS2_PLACEMENT_3D ( 'NONE', #11477, #8854, #7129 ) ;
#6288 = DIRECTION ( 'NONE',  ( -0.0000000000000000000, -0.0000000000000000000, -1.000000000000000000 ) ) ;
#6289 = VECTOR ( 'NONE', #10530, 1000.000000000000000 ) ;
#6290 = AXIS2_PLACEMENT_3D ( 'NONE', #1746, #23, #6330 ) ;
#6291 = CARTESIAN_POINT ( 'NONE',  ( -5.527312328099999839, 11.04840876449999953, -50.00000000000000000 ) ) ;
#6292 = FACE_OUTER_BOUND ( 'NONE', #5681, .T. ) ;
#6293 = ORIENTED_EDGE ( 'NONE', *, *, #8421, .F. ) ;
#6294 = CARTESIAN_POINT ( 'NONE',  ( 20.72268767190000105, 12.84840876450000025, 50.00000000000000000 ) ) ;
#6295 = CARTESIAN_POINT ( 'NONE',  ( 1.072687671900003803, -3.051591235500003663, -50.00000000000000000 ) ) ;
#6296 = DIRECTION ( 'NONE',  ( -1.000000000000000000, 0.0000000000000000000, 0.0000000000000000000 ) ) ;
#6297 = CARTESIAN_POINT ( 'NONE',  ( 20.14519321231075111, 49.45185985833106201, -50.00000000000000000 ) ) ;
#6298 = DIRECTION ( 'NONE',  ( -0.0000000000000000000, -0.0000000000000000000, -1.000000000000000000 ) ) ;
#6299 = EDGE_CURVE ( 'NONE', #5182, #2159, #11169, .T. ) ;
#6300 = LINE ( 'NONE', #7986, #7143 ) ;
#6301 = CARTESIAN_POINT ( 'NONE',  ( -5.627312328100001260, -0.9515912354999992440, 50.00000000000000000 ) ) ;
#6302 = ORIENTED_EDGE ( 'NONE', *, *, #11230, .F. ) ;
#6303 = CARTESIAN_POINT ( 'NONE',  ( 10.47268767189999927, 20.54840876449999953, 50.00000000000000000 ) ) ;
#6304 = VECTOR ( 'NONE', #9835, 1000.000000000000000 ) ;
#6305 = VERTEX_POINT ( 'NONE', #9457 ) ;
#6306 = CARTESIAN_POINT ( 'NONE',  ( 10.22268767189969196, 59.81154848531495105, 50.00000000000000000 ) ) ;
#6307 = CARTESIAN_POINT ( 'NONE',  ( -2.527312328099992733, 47.54840876450001730, 50.00000000000000000 ) ) ;
#6308 = CYLINDRICAL_SURFACE ( 'NONE', #127, 26.39999999997715818 ) ;
#6309 = DIRECTION ( 'NONE',  ( 0.0000000000000000000, 0.0000000000000000000, 1.000000000000000000 ) ) ;
#6310 = ORIENTED_EDGE ( 'NONE', *, *, #5352, .T. ) ;
#6311 = ORIENTED_EDGE ( 'NONE', *, *, #6442, .F. ) ;
#6312 = DIRECTION ( 'NONE',  ( 1.000000000000000000, 0.0000000000000000000, 0.0000000000000000000 ) ) ;
#6313 = CIRCLE ( 'NONE', #5175, 5.700000000012167334 ) ;
#6314 = VERTEX_POINT ( 'NONE', #2277 ) ;
#6315 = EDGE_CURVE ( 'NONE', #5328, #5787, #10203, .T. ) ;
#6316 = CARTESIAN_POINT ( 'NONE',  ( 18.16884009460000016, 57.54840876450001019, 50.00000000000000000 ) ) ;
#6317 = AXIS2_PLACEMENT_3D ( 'NONE', #309, #6617, #8468 ) ;
#6318 = CARTESIAN_POINT ( 'NONE',  ( 1.572687671867744275, 0.3484087645000003564, -50.00000000000000000 ) ) ;
#6319 = ORIENTED_EDGE ( 'NONE', *, *, #3923, .F. ) ;
#6320 = ORIENTED_EDGE ( 'NONE', *, *, #2732, .T. ) ;
#6321 = DIRECTION ( 'NONE',  ( -0.0000000000000000000, -0.0000000000000000000, -1.000000000000000000 ) ) ;
#6322 = EDGE_LOOP ( 'NONE', ( #5405, #7183, #2205, #11497 ) ) ;
#6323 = DIRECTION ( 'NONE',  ( -1.000000000000000000, -0.0000000000000000000, -0.0000000000000000000 ) ) ;
#6324 = LINE ( 'NONE', #8558, #2970 ) ;
#6325 = ORIENTED_EDGE ( 'NONE', *, *, #4410, .F. ) ;
#6326 = VERTEX_POINT ( 'NONE', #4123 ) ;
#6327 = EDGE_LOOP ( 'NONE', ( #5115, #7317, #7867, #2463 ) ) ;
#6328 = EDGE_CURVE ( 'NONE', #7358, #1890, #7682, .T. ) ;
#6329 = AXIS2_PLACEMENT_3D ( 'NONE', #8444, #4984, #1348 ) ;
#6330 = DIRECTION ( 'NONE',  ( 1.000000000000000000, 0.0000000000000000000, 0.0000000000000000000 ) ) ;
#6331 = ORIENTED_EDGE ( 'NONE', *, *, #2361, .F. ) ;
#6332 = ORIENTED_EDGE ( 'NONE', *, *, #6253, .T. ) ;
#6333 = DIRECTION ( 'NONE',  ( 0.0000000000000000000, -1.000000000000000000, 0.0000000000000000000 ) ) ;
#6334 = CARTESIAN_POINT ( 'NONE',  ( -2.527312328099999839, 20.04840876449999953, -50.00000000000000000 ) ) ;
#6335 = DIRECTION ( 'NONE',  ( -0.0000000000000000000, -1.000000000000000000, -0.0000000000000000000 ) ) ;
#6336 = EDGE_CURVE ( 'NONE', #3568, #5338, #2611, .T. ) ;
#6337 = CARTESIAN_POINT ( 'NONE',  ( 14.97268767189999927, 21.04840876449999953, 50.00000000000000000 ) ) ;
#6338 = DIRECTION ( 'NONE',  ( -1.000000000000000000, -0.0000000000000000000, -0.0000000000000000000 ) ) ;
#6339 = LINE ( 'NONE', #4073, #6630 ) ;
#6340 = VERTEX_POINT ( 'NONE', #11295 ) ;
#6341 = FACE_OUTER_BOUND ( 'NONE', #8584, .T. ) ;
#6342 = ORIENTED_EDGE ( 'NONE', *, *, #2751, .F. ) ;
#6343 = DIRECTION ( 'NONE',  ( 1.000000000000000000, 0.0000000000000000000, 0.0000000000000000000 ) ) ;
#6344 = ORIENTED_EDGE ( 'NONE', *, *, #978, .F. ) ;
#6345 = VERTEX_POINT ( 'NONE', #7573 ) ;
#6346 = VECTOR ( 'NONE', #2328, 1000.000000000000000 ) ;
#6347 = AXIS2_PLACEMENT_3D ( 'NONE', #7151, #8056, #3578 ) ;
#6348 = DIRECTION ( 'NONE',  ( 1.000000000000000000, 0.0000000000000000000, 0.0000000000000000000 ) ) ;
#6349 = DIRECTION ( 'NONE',  ( 1.000000000000000000, 0.0000000000000000000, 0.0000000000000000000 ) ) ;
#6350 = VECTOR ( 'NONE', #3801, 1000.000000000000000 ) ;
#6351 = CIRCLE ( 'NONE', #8309, 3.400000000000000355 ) ;
#6352 = ORIENTED_EDGE ( 'NONE', *, *, #693, .F. ) ;
#6353 = CARTESIAN_POINT ( 'NONE',  ( 8.209547951085049533, 57.79840876450031573, 50.00000000000000000 ) ) ;
#6354 = CARTESIAN_POINT ( 'NONE',  ( 10.77268767198538590, 66.79840876450053599, 50.00000000000000000 ) ) ;
#6355 = CARTESIAN_POINT ( 'NONE',  ( 2.659086438625821280, 83.66286203683399947, 50.00000000000000000 ) ) ;
#6356 = CIRCLE ( 'NONE', #8940, 1.500000000000015099 ) ;
#6357 = ORIENTED_EDGE ( 'NONE', *, *, #4555, .F. ) ;
#6358 = VECTOR ( 'NONE', #7676, 1000.000000000000000 ) ;
#6359 = DIRECTION ( 'NONE',  ( 1.000000000000000000, 0.0000000000000000000, 0.0000000000000000000 ) ) ;
#6360 = EDGE_CURVE ( 'NONE', #6479, #1926, #2481, .T. ) ;
#6361 = CIRCLE ( 'NONE', #11530, 5.699999999962075847 ) ;
#6362 = ORIENTED_EDGE ( 'NONE', *, *, #9985, .F. ) ;
#6363 = CARTESIAN_POINT ( 'NONE',  ( 10.97268767189999217, 49.54840876450000309, 50.00000000000000000 ) ) ;
#6364 = CIRCLE ( 'NONE', #9888, 3.400000000000039435 ) ;
#6365 = ORIENTED_EDGE ( 'NONE', *, *, #2850, .F. ) ;
#6366 = CARTESIAN_POINT ( 'NONE',  ( 18.16884009460000016, 12.54840876449999953, 50.00000000000000000 ) ) ;
#6367 = ADVANCED_FACE ( 'NONE', ( #96 ), #5427, .F. ) ;
#6368 = VERTEX_POINT ( 'NONE', #9335 ) ;
#6369 = EDGE_CURVE ( 'NONE', #968, #294, #6968, .T. ) ;
#6370 = CIRCLE ( 'NONE', #2511, 0.4999999999999553690 ) ;
#6371 = ORIENTED_EDGE ( 'NONE', *, *, #9777, .F. ) ;
#6372 = DIRECTION ( 'NONE',  ( -1.000000000000000000, 0.0000000000000000000, 0.0000000000000000000 ) ) ;
#6373 = VECTOR ( 'NONE', #11286, 999.9999999999998863 ) ;
#6374 = ORIENTED_EDGE ( 'NONE', *, *, #2101, .T. ) ;
#6375 = ORIENTED_EDGE ( 'NONE', *, *, #9303, .F. ) ;
#6376 = EDGE_CURVE ( 'NONE', #7444, #11380, #1218, .T. ) ;
#6377 = DIRECTION ( 'NONE',  ( 1.000000000000000000, 0.0000000000000000000, 0.0000000000000000000 ) ) ;
#6378 = AXIS2_PLACEMENT_3D ( 'NONE', #1532, #10546, #6079 ) ;
#6379 = ORIENTED_EDGE ( 'NONE', *, *, #3319, .T. ) ;
#6380 = CARTESIAN_POINT ( 'NONE',  ( 23.59714646526393267, 6.040516819277669036, -50.00000000000000000 ) ) ;
#6381 = CARTESIAN_POINT ( 'NONE',  ( 30.97268767190001526, 22.54840876450001375, -50.00000000000000000 ) ) ;
#6382 = DIRECTION ( 'NONE',  ( -0.0000000000000000000, 1.000000000000000000, -0.0000000000000000000 ) ) ;
#6383 = CARTESIAN_POINT ( 'NONE',  ( 8.209547951085049533, 57.79840876450031573, -50.00000000000000000 ) ) ;
#6384 = EDGE_CURVE ( 'NONE', #10013, #3092, #4712, .T. ) ;
#6385 = CARTESIAN_POINT ( 'NONE',  ( -7.027312328099999839, 71.04840876449999598, 50.00000000000000000 ) ) ;
#6386 = CARTESIAN_POINT ( 'NONE',  ( 19.97268767190000105, 71.04840876449999598, -50.00000000000000000 ) ) ;
#6387 = LINE ( 'NONE', #11293, #6661 ) ;
#6388 = ORIENTED_EDGE ( 'NONE', *, *, #11051, .T. ) ;
#6389 = CIRCLE ( 'NONE', #3492, 2.500000000000047518 ) ;
#6390 = ORIENTED_EDGE ( 'NONE', *, *, #826, .F. ) ;
#6391 = ORIENTED_EDGE ( 'NONE', *, *, #298, .F. ) ;
#6392 = EDGE_CURVE ( 'NONE', #6474, #4919, #1363, .T. ) ;
#6393 = CARTESIAN_POINT ( 'NONE',  ( 28.47268767190000105, 65.04840876449999598, 50.00000000000000000 ) ) ;
#6394 = CARTESIAN_POINT ( 'NONE',  ( 20.97268767190012895, 69.74840876447169080, 50.00000000000000000 ) ) ;
#6395 = EDGE_CURVE ( 'NONE', #6928, #293, #3049, .T. ) ;
#6396 = DIRECTION ( 'NONE',  ( 1.000000000000000000, 0.0000000000000000000, 0.0000000000000000000 ) ) ;
#6397 = CARTESIAN_POINT ( 'NONE',  ( -7.027312328100000727, 60.54840876450000309, -50.00000000000000000 ) ) ;
#6398 = AXIS2_PLACEMENT_3D ( 'NONE', #9735, #3534, #1619 ) ;
#6399 = CIRCLE ( 'NONE', #5054, 4.000000000000003553 ) ;
#6400 = EDGE_LOOP ( 'NONE', ( #7093, #5816, #10686, #2810 ) ) ;
#6401 = ORIENTED_EDGE ( 'NONE', *, *, #1527, .F. ) ;
#6402 = FACE_BOUND ( 'NONE', #11502, .T. ) ;
#6403 = CARTESIAN_POINT ( 'NONE',  ( 23.28628890540853646, -13.56604450765714809, 50.00000000000000000 ) ) ;
#6404 = DIRECTION ( 'NONE',  ( -0.0000000000000000000, -0.0000000000000000000, -1.000000000000000000 ) ) ;
#6405 = CARTESIAN_POINT ( 'NONE',  ( 5.472687671899999273, 72.54840876449999598, 50.00000000000000000 ) ) ;
#6406 = DIRECTION ( 'NONE',  ( -0.0000000000000000000, -0.0000000000000000000, -1.000000000000000000 ) ) ;
#6407 = LINE ( 'NONE', #1101, #2203 ) ;
#6408 = VERTEX_POINT ( 'NONE', #2323 ) ;
#6409 = DIRECTION ( 'NONE',  ( -0.0000000000000000000, -0.0000000000000000000, -1.000000000000000000 ) ) ;
#6410 = ORIENTED_EDGE ( 'NONE', *, *, #5997, .F. ) ;
#6411 = CYLINDRICAL_SURFACE ( 'NONE', #7501, 0.5000000000000837108 ) ;
#6412 = EDGE_CURVE ( 'NONE', #11537, #5631, #1071, .T. ) ;
#6413 = VERTEX_POINT ( 'NONE', #2160 ) ;
#6414 = DIRECTION ( 'NONE',  ( -1.000000000000000000, 0.0000000000000000000, 0.0000000000000000000 ) ) ;
#6415 = CARTESIAN_POINT ( 'NONE',  ( 41.58714094417511120, 44.73480753116644593, -50.00000000000000000 ) ) ;
#6416 = DIRECTION ( 'NONE',  ( -0.0000000000000000000, -0.0000000000000000000, -1.000000000000000000 ) ) ;
#6417 = DIRECTION ( 'NONE',  ( 1.000000000000000000, 0.0000000000000000000, 0.0000000000000000000 ) ) ;
#6418 = FACE_OUTER_BOUND ( 'NONE', #8139, .T. ) ;
#6419 = VERTEX_POINT ( 'NONE', #4928 ) ;
#6420 = CARTESIAN_POINT ( 'NONE',  ( 24.37268767189681640, 69.74840876447169080, 50.00000000000000000 ) ) ;
#6421 = CARTESIAN_POINT ( 'NONE',  ( 10.47268767190000105, 49.85225634180000043, -50.00000000000000000 ) ) ;
#6422 = CIRCLE ( 'NONE', #10200, 26.39999999997715108 ) ;
#6423 = ORIENTED_EDGE ( 'NONE', *, *, #738, .F. ) ;
#6424 = ADVANCED_FACE ( 'NONE', ( #7949 ), #4583, .T. ) ;
#6425 = FACE_OUTER_BOUND ( 'NONE', #1711, .T. ) ;
#6426 = EDGE_CURVE ( 'NONE', #10614, #11168, #4023, .T. ) ;
#6427 = DIRECTION ( 'NONE',  ( -1.000000000000000000, 0.0000000000000000000, 0.0000000000000000000 ) ) ;
#6428 = VERTEX_POINT ( 'NONE', #6900 ) ;
#6429 = CARTESIAN_POINT ( 'NONE',  ( 14.97268767189999927, 21.04840876449999953, 50.00000000000000000 ) ) ;
#6430 = DIRECTION ( 'NONE',  ( 1.000000000000000000, 0.0000000000000000000, 0.0000000000000000000 ) ) ;
#6431 = CARTESIAN_POINT ( 'NONE',  ( 2.972687671900000161, 0.3484087645000000233, 50.00000000000000000 ) ) ;
#6432 = CARTESIAN_POINT ( 'NONE',  ( 19.47268767190000105, 70.54840876449999598, -50.00000000000000000 ) ) ;
#6433 = VECTOR ( 'NONE', #3908, 1000.000000000000000 ) ;
#6434 = VERTEX_POINT ( 'NONE', #5196 ) ;
#6435 = CARTESIAN_POINT ( 'NONE',  ( 30.47268767190000105, 62.04840876450000309, 50.00000000000000000 ) ) ;
#6436 = AXIS2_PLACEMENT_3D ( 'NONE', #2349, #7707, #1679 ) ;
#6437 = VECTOR ( 'NONE', #4796, 1000.000000000000000 ) ;
#6438 = CARTESIAN_POINT ( 'NONE',  ( 28.97268767190000105, 48.04840876450000309, 50.00000000000000000 ) ) ;
#6439 = DIRECTION ( 'NONE',  ( -1.000000000000000000, 0.0000000000000000000, 0.0000000000000000000 ) ) ;
#6440 = ORIENTED_EDGE ( 'NONE', *, *, #9378, .T. ) ;
#6441 = CARTESIAN_POINT ( 'NONE',  ( 30.47268767190000816, 47.54840876449999598, 50.00000000000000000 ) ) ;
#6442 = EDGE_CURVE ( 'NONE', #6807, #6943, #7540, .T. ) ;
#6443 = MECHANICAL_DESIGN_GEOMETRIC_PRESENTATION_REPRESENTATION (  '', ( #9607 ), #7666 ) ;
#6444 = LINE ( 'NONE', #6272, #1104 ) ;
#6445 = VERTEX_POINT ( 'NONE', #5089 ) ;
#6446 = DIRECTION ( 'NONE',  ( 0.0000000000000000000, 0.0000000000000000000, 1.000000000000000000 ) ) ;
#6447 = CIRCLE ( 'NONE', #10870, 1.000000000000000888 ) ;
#6448 = EDGE_CURVE ( 'NONE', #1738, #2524, #5134, .T. ) ;
#6449 = ORIENTED_EDGE ( 'NONE', *, *, #9414, .T. ) ;
#6450 = AXIS2_PLACEMENT_3D ( 'NONE', #5510, #2849, #7366 ) ;
#6451 = VERTEX_POINT ( 'NONE', #4275 ) ;
#6452 = FILL_AREA_STYLE_COLOUR ( '', #1463 ) ;
#6453 = CARTESIAN_POINT ( 'NONE',  ( 16.97268767190000460, 71.54840876449999598, 50.00000000000000000 ) ) ;
#6454 = CARTESIAN_POINT ( 'NONE',  ( -3.527312328099999839, 20.04840876449999953, 50.00000000000000000 ) ) ;
#6455 = DIRECTION ( 'NONE',  ( 0.0000000000000000000, 0.0000000000000000000, 1.000000000000000000 ) ) ;
#6456 = DIRECTION ( 'NONE',  ( 0.0000000000000000000, -1.000000000000000000, 0.0000000000000000000 ) ) ;
#6457 = LINE ( 'NONE', #4900, #10647 ) ;
#6458 = ORIENTED_EDGE ( 'NONE', *, *, #6903, .T. ) ;
#6459 = EDGE_CURVE ( 'NONE', #6150, #4030, #9633, .T. ) ;
#6460 = DIRECTION ( 'NONE',  ( -0.0000000000000000000, -0.0000000000000000000, -1.000000000000000000 ) ) ;
#6461 = VERTEX_POINT ( 'NONE', #6974 ) ;
#6462 = ORIENTED_EDGE ( 'NONE', *, *, #1730, .T. ) ;
#6463 = AXIS2_PLACEMENT_3D ( 'NONE', #88, #7348, #2753 ) ;
#6464 = VERTEX_POINT ( 'NONE', #9529 ) ;
#6465 = ORIENTED_EDGE ( 'NONE', *, *, #6587, .T. ) ;
#6466 = DIRECTION ( 'NONE',  ( -0.0000000000000000000, -0.0000000000000000000, -1.000000000000000000 ) ) ;
#6467 = VECTOR ( 'NONE', #10112, 1000.000000000000114 ) ;
#6468 = ORIENTED_EDGE ( 'NONE', *, *, #6073, .F. ) ;
#6469 = CARTESIAN_POINT ( 'NONE',  ( 5.222687671900000161, 12.84840876450000025, -50.00000000000000000 ) ) ;
#6470 = DIRECTION ( 'NONE',  ( -0.0000000000000000000, -0.0000000000000000000, -1.000000000000000000 ) ) ;
#6471 = DIRECTION ( 'NONE',  ( 0.0000000000000000000, 0.0000000000000000000, 1.000000000000000000 ) ) ;
#6472 = VERTEX_POINT ( 'NONE', #8777 ) ;
#6473 = ORIENTED_EDGE ( 'NONE', *, *, #2429, .T. ) ;
#6474 = VERTEX_POINT ( 'NONE', #4164 ) ;
#6475 = CARTESIAN_POINT ( 'NONE',  ( 22.97268767190000460, 69.74840876449999882, 50.00000000000000000 ) ) ;
#6476 = EDGE_CURVE ( 'NONE', #1309, #7667, #7256, .T. ) ;
#6477 = CIRCLE ( 'NONE', #9093, 0.5000000000000593969 ) ;
#6478 = ORIENTED_EDGE ( 'NONE', *, *, #11619, .T. ) ;
#6479 = VERTEX_POINT ( 'NONE', #7782 ) ;
#6480 = DIRECTION ( 'NONE',  ( -0.0000000000000000000, -0.0000000000000000000, -1.000000000000000000 ) ) ;
#6481 = ADVANCED_FACE ( 'NONE', ( #2761 ), #4858, .F. ) ;
#6482 = ORIENTED_EDGE ( 'NONE', *, *, #9567, .F. ) ;
#6483 = DIRECTION ( 'NONE',  ( 1.000000000000000000, -0.0000000000000000000, -0.0000000000000000000 ) ) ;
#6484 = CYLINDRICAL_SURFACE ( 'NONE', #3366, 0.5000000000000713873 ) ;
#6485 = ORIENTED_EDGE ( 'NONE', *, *, #10308, .F. ) ;
#6486 = VERTEX_POINT ( 'NONE', #2365 ) ;
#6487 = ORIENTED_EDGE ( 'NONE', *, *, #3035, .F. ) ;
#6488 = AXIS2_PLACEMENT_3D ( 'NONE', #8641, #564, #10477 ) ;
#6489 = CIRCLE ( 'NONE', #3444, 0.4999999999999935052 ) ;
#6490 = ORIENTED_EDGE ( 'NONE', *, *, #9177, .F. ) ;
#6491 = CARTESIAN_POINT ( 'NONE',  ( -15.64176560054782783, 44.73480753138829868, 50.00000000000000000 ) ) ;
#6492 = CARTESIAN_POINT ( 'NONE',  ( 1.222687671899987949, 17.24840876450001659, -50.00000000000000000 ) ) ;
#6493 = AXIS2_PLACEMENT_3D ( 'NONE', #10094, #9163, #1076 ) ;
#6494 = ORIENTED_EDGE ( 'NONE', *, *, #6975, .F. ) ;
#6495 = CARTESIAN_POINT ( 'NONE',  ( -3.027312328099999839, 48.04840876450000309, 50.00000000000000000 ) ) ;
#6496 = CARTESIAN_POINT ( 'NONE',  ( 12.97268767190506011, 15.04840876450875697, 50.00000000000000000 ) ) ;
#6497 = CARTESIAN_POINT ( 'NONE',  ( 28.97268767189999394, 61.54840876450001019, -50.00000000000000000 ) ) ;
#6498 = VECTOR ( 'NONE', #4431, 1000.000000000000000 ) ;
#6499 = ORIENTED_EDGE ( 'NONE', *, *, #11190, .F. ) ;
#6500 = CIRCLE ( 'NONE', #4944, 1.499999999999982236 ) ;
#6501 = DIRECTION ( 'NONE',  ( -0.0000000000000000000, -0.0000000000000000000, -1.000000000000000000 ) ) ;
#6502 = CIRCLE ( 'NONE', #10261, 0.5000000000000125455 ) ;
#6503 = ORIENTED_EDGE ( 'NONE', *, *, #3302, .T. ) ;
#6504 = AXIS2_PLACEMENT_3D ( 'NONE', #5585, #9208, #228 ) ;
#6505 = DIRECTION ( 'NONE',  ( 0.7071067811476906551, 0.7071067812254042684, -0.0000000000000000000 ) ) ;
#6506 = CARTESIAN_POINT ( 'NONE',  ( -15.64176560036758801, 25.36200999784368904, -50.00000000000000000 ) ) ;
#6508 = FACE_OUTER_BOUND ( 'NONE', #11321, .T. ) ;
#6507 = CARTESIAN_POINT ( 'NONE',  ( 21.51041085813186626, 10.46486567243582222, 50.00000000000000000 ) ) ;
#6509 = ORIENTED_EDGE ( 'NONE', *, *, #9975, .F. ) ;
#6510 = LINE ( 'NONE', #6718, #3844 ) ;
#6511 = VERTEX_POINT ( 'NONE', #11441 ) ;
#6512 = ORIENTED_EDGE ( 'NONE', *, *, #811, .F. ) ;
#6513 = EDGE_CURVE ( 'NONE', #11009, #8181, #11452, .T. ) ;
#6514 = AXIS2_PLACEMENT_3D ( 'NONE', #7295, #4653, #3054 ) ;
#6515 = CARTESIAN_POINT ( 'NONE',  ( 20.47268767190000105, 70.54840876449999598, 50.00000000000000000 ) ) ;
#6516 = DIRECTION ( 'NONE',  ( 1.000000000000000000, 0.0000000000000000000, 0.0000000000000000000 ) ) ;
#6517 = DIRECTION ( 'NONE',  ( -0.0000000000000000000, -0.0000000000000000000, -1.000000000000000000 ) ) ;
#6518 = CIRCLE ( 'NONE', #3783, 26.39999999997577618 ) ;
#6519 = ORIENTED_EDGE ( 'NONE', *, *, #9465, .T. ) ;
#6520 = CARTESIAN_POINT ( 'NONE',  ( 12.97268767189999927, 55.04840876450000309, 50.00000000000000000 ) ) ;
#6521 = LINE ( 'NONE', #1001, #4143 ) ;
#6522 = ORIENTED_EDGE ( 'NONE', *, *, #7119, .F. ) ;
#6523 = ORIENTED_EDGE ( 'NONE', *, *, #6696, .T. ) ;
#6524 = AXIS2_PLACEMENT_3D ( 'NONE', #7319, #4637, #8531 ) ;
#6525 = CARTESIAN_POINT ( 'NONE',  ( -3.527312328099999839, 19.04840876449999953, 50.00000000000000000 ) ) ;
#6526 = ORIENTED_EDGE ( 'NONE', *, *, #10117, .T. ) ;
#6527 = EDGE_CURVE ( 'NONE', #3934, #5071, #6119, .T. ) ;
#6528 = DIRECTION ( 'NONE',  ( -0.0000000000000000000, -1.000000000000000000, -0.0000000000000000000 ) ) ;
#6529 = LINE ( 'NONE', #2771, #2875 ) ;
#6530 = EDGE_LOOP ( 'NONE', ( #9714, #3125, #147, #10571 ) ) ;
#6531 = AXIS2_PLACEMENT_3D ( 'NONE', #3914, #3095, #1127 ) ;
#6532 = DIRECTION ( 'NONE',  ( 0.0000000000000000000, 0.0000000000000000000, 1.000000000000000000 ) ) ;
#6533 = CYLINDRICAL_SURFACE ( 'NONE', #9876, 25.00000000000254730 ) ;
#6534 = CARTESIAN_POINT ( 'NONE',  ( 1.367322804899999911, 4.592042058500000579, -50.00000000000000000 ) ) ;
#6535 = DIRECTION ( 'NONE',  ( -0.0000000000000000000, -0.0000000000000000000, -1.000000000000000000 ) ) ;
#6536 = EDGE_CURVE ( 'NONE', #524, #4564, #9077, .T. ) ;
#6537 = CARTESIAN_POINT ( 'NONE',  ( 28.97268767190000105, 62.04840876450000309, 50.00000000000000000 ) ) ;
#6538 = CARTESIAN_POINT ( 'NONE',  ( -0.5173598695641153933, 24.64089582830098735, 50.00000000000000000 ) ) ;
#6539 = ADVANCED_FACE ( 'NONE', ( #8792 ), #6411, .F. ) ;
#6540 = CIRCLE ( 'NONE', #6936, 25.00000000000082068 ) ;
#6541 = VERTEX_POINT ( 'NONE', #4310 ) ;
#6542 = EDGE_CURVE ( 'NONE', #1270, #1909, #2206, .T. ) ;
#6543 = VERTEX_POINT ( 'NONE', #2619 ) ;
#6544 = FACE_OUTER_BOUND ( 'NONE', #5804, .T. ) ;
#6545 = DIRECTION ( 'NONE',  ( -1.000000000000000000, 0.0000000000000000000, 0.0000000000000000000 ) ) ;
#6546 = EDGE_CURVE ( 'NONE', #8438, #9637, #1918, .T. ) ;
#6547 = CARTESIAN_POINT ( 'NONE',  ( -5.627312328100000371, 66.94840876450000167, 50.00000000000000000 ) ) ;
#6548 = AXIS2_PLACEMENT_3D ( 'NONE', #6307, #9921, #8038 ) ;
#6549 = VERTEX_POINT ( 'NONE', #559 ) ;
#6550 = LINE ( 'NONE', #10250, #245 ) ;
#6551 = ORIENTED_EDGE ( 'NONE', *, *, #5765, .T. ) ;
#6552 = EDGE_LOOP ( 'NONE', ( #7847, #7752, #5480, #4389 ) ) ;
#6553 = DIRECTION ( 'NONE',  ( -0.0000000000000000000, -0.0000000000000000000, -1.000000000000000000 ) ) ;
#6554 = CARTESIAN_POINT ( 'NONE',  ( -1.727312328100812922, 47.04840876449938492, 50.00000000000000000 ) ) ;
#6555 = EDGE_CURVE ( 'NONE', #10849, #11312, #6960, .T. ) ;
#6556 = AXIS2_PLACEMENT_3D ( 'NONE', #4910, #11028, #1152 ) ;
#6557 = CIRCLE ( 'NONE', #207, 3.999999999999908074 ) ;
#6558 = ORIENTED_EDGE ( 'NONE', *, *, #7344, .T. ) ;
#6559 = EDGE_CURVE ( 'NONE', #7974, #1545, #1210, .T. ) ;
#6560 = LINE ( 'NONE', #139, #11618 ) ;
#6561 = VERTEX_POINT ( 'NONE', #10720 ) ;
#6562 = CARTESIAN_POINT ( 'NONE',  ( 7.370858131475797492, 52.04840876449999598, 50.00000000000000000 ) ) ;
#6563 = SURFACE_SIDE_STYLE ('',( #6796 ) ) ;
#6564 = LINE ( 'NONE', #2350, #8398 ) ;
#6565 = ORIENTED_EDGE ( 'NONE', *, *, #298, .T. ) ;
#6566 = DIRECTION ( 'NONE',  ( -0.0000000000000000000, -0.0000000000000000000, -1.000000000000000000 ) ) ;
#6567 = DIRECTION ( 'NONE',  ( 1.000000000000000000, 0.0000000000000000000, 0.0000000000000000000 ) ) ;
#6568 = CARTESIAN_POINT ( 'NONE',  ( 18.16884009460000016, 52.54840876450000309, 50.00000000000000000 ) ) ;
#6569 = DIRECTION ( 'NONE',  ( 0.0000000000000000000, 0.0000000000000000000, 1.000000000000000000 ) ) ;
#6570 = LINE ( 'NONE', #9989, #2449 ) ;
#6571 = CARTESIAN_POINT ( 'NONE',  ( 20.47268767190000105, 73.04840876449999598, 50.00000000000000000 ) ) ;
#6572 = DIRECTION ( 'NONE',  ( -1.000000000000000000, 0.0000000000000000000, 0.0000000000000000000 ) ) ;
#6573 = LINE ( 'NONE', #8141, #5731 ) ;
#6574 = VERTEX_POINT ( 'NONE', #8071 ) ;
#6575 = ADVANCED_FACE ( 'NONE', ( #6544 ), #8375, .F. ) ;
#6576 = EDGE_CURVE ( 'NONE', #1578, #9823, #3440, .T. ) ;
#6577 = CARTESIAN_POINT ( 'NONE',  ( 15.47268767189999927, 9.852256341800000428, -50.00000000000000000 ) ) ;
#6578 = DIRECTION ( 'NONE',  ( 1.000000000000000000, 0.0000000000000000000, 0.0000000000000000000 ) ) ;
#6579 = CARTESIAN_POINT ( 'NONE',  ( 2.688948471027015064, 64.42223808054043843, 50.00000000000000000 ) ) ;
#6580 = FACE_OUTER_BOUND ( 'NONE', #1444, .T. ) ;
#6581 = DIRECTION ( 'NONE',  ( 0.0000000000000000000, 1.000000000000000000, -0.0000000000000000000 ) ) ;
#6582 = ORIENTED_EDGE ( 'NONE', *, *, #11266, .F. ) ;
#6583 = ADVANCED_FACE ( 'NONE', ( #3589 ), #8933, .T. ) ;
#6584 = AXIS2_PLACEMENT_3D ( 'NONE', #389, #10220, #9360 ) ;
#6585 = LINE ( 'NONE', #8863, #11207 ) ;
#6586 = ORIENTED_EDGE ( 'NONE', *, *, #596, .F. ) ;
#6587 = EDGE_CURVE ( 'NONE', #5108, #8780, #2749, .T. ) ;
#6588 = CARTESIAN_POINT ( 'NONE',  ( 4.434964485672498569, 59.63195185655872876, -50.00000000000000000 ) ) ;
#6589 = VECTOR ( 'NONE', #9178, 1000.000000000000000 ) ;
#6590 = ADVANCED_FACE ( 'NONE', ( #5127 ), #5360, .F. ) ;
#6591 = DIRECTION ( 'NONE',  ( -0.0000000000000000000, -0.0000000000000000000, -1.000000000000000000 ) ) ;
#6592 = ORIENTED_EDGE ( 'NONE', *, *, #6214, .F. ) ;
#6593 = EDGE_CURVE ( 'NONE', #1853, #10057, #1350, .T. ) ;
#6594 = AXIS2_PLACEMENT_3D ( 'NONE', #5872, #587, #6858 ) ;
#6595 = CARTESIAN_POINT ( 'NONE',  ( -15.64176560054799126, 4.734807531388423030, -50.00000000000000000 ) ) ;
#6596 = FACE_OUTER_BOUND ( 'NONE', #1132, .T. ) ;
#6597 = ORIENTED_EDGE ( 'NONE', *, *, #4045, .F. ) ;
#6598 = EDGE_CURVE ( 'NONE', #4361, #5242, #1621, .T. ) ;
#6599 = ORIENTED_EDGE ( 'NONE', *, *, #7221, .T. ) ;
#6600 = EDGE_LOOP ( 'NONE', ( #5673, #9891, #3314, #11093 ) ) ;
#6601 = DIRECTION ( 'NONE',  ( 0.0000000000000000000, 0.0000000000000000000, 1.000000000000000000 ) ) ;
#6602 = CARTESIAN_POINT ( 'NONE',  ( 7.776535249200000166, 57.54840876450001019, -50.00000000000000000 ) ) ;
#6603 = EDGE_LOOP ( 'NONE', ( #6198, #2506, #9280, #7797 ) ) ;
#6604 = DIRECTION ( 'NONE',  ( -0.0000000000000000000, -0.0000000000000000000, -1.000000000000000000 ) ) ;
#6605 = DIRECTION ( 'NONE',  ( -1.000000000000000000, 0.0000000000000000000, 0.0000000000000000000 ) ) ;
#6606 = DIRECTION ( 'NONE',  ( -0.0000000000000000000, -0.0000000000000000000, -1.000000000000000000 ) ) ;
#6607 = EDGE_CURVE ( 'NONE', #9484, #161, #11445, .T. ) ;
#6608 = VECTOR ( 'NONE', #9723, 1000.000000000000000 ) ;
#6609 = ORIENTED_EDGE ( 'NONE', *, *, #5770, .T. ) ;
#6610 = CARTESIAN_POINT ( 'NONE',  ( 20.72268767190000105, 57.24840876449999882, 50.00000000000000000 ) ) ;
#6611 = EDGE_LOOP ( 'NONE', ( #4299, #411, #10173, #9010 ) ) ;
#6612 = CARTESIAN_POINT ( 'NONE',  ( 4.972687671899850947, 0.3484087643932391454, 50.00000000000000000 ) ) ;
#6613 = EDGE_CURVE ( 'NONE', #11367, #8747, #6677, .T. ) ;
#6614 = AXIS2_PLACEMENT_3D ( 'NONE', #4674, #959, #2721 ) ;
#6615 = ORIENTED_EDGE ( 'NONE', *, *, #11640, .F. ) ;
#6616 = DIRECTION ( 'NONE',  ( 1.000000000000000000, 0.0000000000000000000, 0.0000000000000000000 ) ) ;
#6617 = DIRECTION ( 'NONE',  ( -0.0000000000000000000, -0.0000000000000000000, -1.000000000000000000 ) ) ;
#6618 = CIRCLE ( 'NONE', #3973, 0.4999999999999935052 ) ;
#6619 = EDGE_LOOP ( 'NONE', ( #6806, #3134, #10260, #3788 ) ) ;
#6620 = CARTESIAN_POINT ( 'NONE',  ( 31.47268767190000105, 19.04840876449999953, 50.00000000000000000 ) ) ;
#6621 = CYLINDRICAL_SURFACE ( 'NONE', #6679, 0.9999999999999940048 ) ;
#6622 = EDGE_LOOP ( 'NONE', ( #8453, #10281, #11115, #10547 ) ) ;
#6623 = VERTEX_POINT ( 'NONE', #2582 ) ;
#6624 = EDGE_CURVE ( 'NONE', #9036, #7071, #3874, .T. ) ;
#6625 = VECTOR ( 'NONE', #5052, 1000.000000000000000 ) ;
#6626 = VECTOR ( 'NONE', #5215, 1000.000000000000000 ) ;
#6627 = DIRECTION ( 'NONE',  ( -0.0000000000000000000, -0.0000000000000000000, -1.000000000000000000 ) ) ;
#6628 = FACE_OUTER_BOUND ( 'NONE', #4406, .T. ) ;
#6629 = ORIENTED_EDGE ( 'NONE', *, *, #9609, .F. ) ;
#6630 = VECTOR ( 'NONE', #5798, 1000.000000000000000 ) ;
#6631 = ORIENTED_EDGE ( 'NONE', *, *, #10177, .F. ) ;
#6632 = CARTESIAN_POINT ( 'NONE',  ( 10.47268767189999927, 9.852256341800000428, 50.00000000000000000 ) ) ;
#6633 = VECTOR ( 'NONE', #340, 1000.000000000000000 ) ;
#6634 = CARTESIAN_POINT ( 'NONE',  ( 7.068198770170257994, 12.04840876450001907, -50.00000000000000000 ) ) ;
#6635 = ADVANCED_FACE ( 'NONE', ( #2348 ), #10874, .T. ) ;
#6636 = FACE_OUTER_BOUND ( 'NONE', #3171, .T. ) ;
#6637 = EDGE_LOOP ( 'NONE', ( #2046, #11562, #3412, #3782 ) ) ;
#6638 = CIRCLE ( 'NONE', #3809, 25.00000000000108358 ) ;
#6639 = CYLINDRICAL_SURFACE ( 'NONE', #7267, 3.400000000000000355 ) ;
#6640 = EDGE_LOOP ( 'NONE', ( #5930, #9119, #10403, #8041 ) ) ;
#6641 = DIRECTION ( 'NONE',  ( 1.000000000000000000, 0.0000000000000000000, 0.0000000000000000000 ) ) ;
#6642 = ORIENTED_EDGE ( 'NONE', *, *, #1787, .T. ) ;
#6643 = CARTESIAN_POINT ( 'NONE',  ( 32.97268767190000460, 9.548408764499999535, 50.00000000000000000 ) ) ;
#6644 = CARTESIAN_POINT ( 'NONE',  ( 22.56517473567853926, 68.53845630602636163, -50.00000000000000000 ) ) ;
#6645 = ADVANCED_FACE ( 'NONE', ( #1910 ), #9345, .T. ) ;
#6646 = DIRECTION ( 'NONE',  ( -0.0000000000000000000, -0.0000000000000000000, -1.000000000000000000 ) ) ;
#6647 = DIRECTION ( 'NONE',  ( -0.0000000000000000000, -0.0000000000000000000, -1.000000000000000000 ) ) ;
#6648 = EDGE_CURVE ( 'NONE', #2987, #6075, #5980, .T. ) ;
#6649 = CARTESIAN_POINT ( 'NONE',  ( 31.07268767189998826, 3.148408764499982304, 50.00000000000000000 ) ) ;
#6650 = CYLINDRICAL_SURFACE ( 'NONE', #3122, 4.000000000000038192 ) ;
#6651 = ORIENTED_EDGE ( 'NONE', *, *, #11024, .F. ) ;
#6652 = ADVANCED_FACE ( 'NONE', ( #7246 ), #8517, .F. ) ;
#6653 = CIRCLE ( 'NONE', #10052, 5.399999999998340350 ) ;
#6654 = ORIENTED_EDGE ( 'NONE', *, *, #3142, .T. ) ;
#6655 = VERTEX_POINT ( 'NONE', #9085 ) ;
#6656 = EDGE_LOOP ( 'NONE', ( #1695, #462, #10852, #6374 ) ) ;
#6657 = AXIS2_PLACEMENT_3D ( 'NONE', #10265, #1329, #7614 ) ;
#6658 = DIRECTION ( 'NONE',  ( 1.000000000000000000, -0.0000000000000000000, -0.0000000000000000000 ) ) ;
#6659 = DIRECTION ( 'NONE',  ( -0.0000000000000000000, -0.0000000000000000000, -1.000000000000000000 ) ) ;
#6660 = PLANE ( 'NONE',  #1476 ) ;
#6661 = VECTOR ( 'NONE', #11330, 1000.000000000000000 ) ;
#6662 = ORIENTED_EDGE ( 'NONE', *, *, #2339, .T. ) ;
#6663 = FACE_OUTER_BOUND ( 'NONE', #887, .T. ) ;
#6664 = DIRECTION ( 'NONE',  ( -0.0000000000000000000, -1.000000000000000000, -0.0000000000000000000 ) ) ;
#6665 = ORIENTED_EDGE ( 'NONE', *, *, #5311, .F. ) ;
#6666 = EDGE_CURVE ( 'NONE', #6408, #6717, #9214, .T. ) ;
#6667 = AXIS2_PLACEMENT_3D ( 'NONE', #5739, #11188, #4911 ) ;
#6668 = ORIENTED_EDGE ( 'NONE', *, *, #11287, .T. ) ;
#6669 = CARTESIAN_POINT ( 'NONE',  ( 28.97268767190000105, -3.551591235500002330, -50.00000000000000000 ) ) ;
#6670 = CARTESIAN_POINT ( 'NONE',  ( -2.527312328099999839, 45.04840876450000309, -50.00000000000000000 ) ) ;
#6671 = EDGE_CURVE ( 'NONE', #7756, #3462, #4016, .T. ) ;
#6672 = CARTESIAN_POINT ( 'NONE',  ( 3.598858355908025608, 4.764669563478554970, 50.00000000000000000 ) ) ;
#6673 = LINE ( 'NONE', #3000, #8371 ) ;
#6674 = AXIS2_PLACEMENT_3D ( 'NONE', #10319, #4942, #3106 ) ;
#6675 = ORIENTED_EDGE ( 'NONE', *, *, #1824, .F. ) ;
#6676 = ORIENTED_EDGE ( 'NONE', *, *, #661, .T. ) ;
#6677 = LINE ( 'NONE', #1758, #1495 ) ;
#6678 = EDGE_CURVE ( 'NONE', #2876, #7507, #4168, .T. ) ;
#6679 = AXIS2_PLACEMENT_3D ( 'NONE', #7308, #8988, #9069 ) ;
#6680 = DIRECTION ( 'NONE',  ( 1.000000000000000000, 0.0000000000000000000, 0.0000000000000000000 ) ) ;
#6681 = CARTESIAN_POINT ( 'NONE',  ( 1.222687671899840067, 57.24840876450021199, 50.00000000000000000 ) ) ;
#6682 = DIRECTION ( 'NONE',  ( -1.000000000000000000, 0.0000000000000000000, 0.0000000000000000000 ) ) ;
#6683 = VECTOR ( 'NONE', #990, 1000.000000000000000 ) ;
#6684 = VERTEX_POINT ( 'NONE', #9124 ) ;
#6685 = ORIENTED_EDGE ( 'NONE', *, *, #10361, .F. ) ;
#6686 = FACE_OUTER_BOUND ( 'NONE', #4463, .T. ) ;
#6687 = DIRECTION ( 'NONE',  ( 1.000000000000000000, 0.0000000000000000000, 0.0000000000000000000 ) ) ;
#6688 = CARTESIAN_POINT ( 'NONE',  ( 10.47268767189999927, 49.54840876450001019, 50.00000000000000000 ) ) ;
#6689 = EDGE_LOOP ( 'NONE', ( #1184, #6029, #10968, #2833 ) ) ;
#6690 = ADVANCED_FACE ( 'NONE', ( #10600 ), #11600, .T. ) ;
#6691 = VECTOR ( 'NONE', #4954, 1000.000000000000000 ) ;
#6692 = ORIENTED_EDGE ( 'NONE', *, *, #7394, .T. ) ;
#6693 = DIRECTION ( 'NONE',  ( -0.0000000000000000000, -0.0000000000000000000, -1.000000000000000000 ) ) ;
#6694 = VERTEX_POINT ( 'NONE', #10026 ) ;
#6695 = PLANE ( 'NONE',  #3331 ) ;
#6696 = EDGE_CURVE ( 'NONE', #6258, #1270, #5694, .T. ) ;
#6697 = DIRECTION ( 'NONE',  ( 0.0000000000000000000, 0.0000000000000000000, 1.000000000000000000 ) ) ;
#6698 = AXIS2_PLACEMENT_3D ( 'NONE', #1487, #4158, #4968 ) ;
#6699 = LINE ( 'NONE', #9685, #7553 ) ;
#6700 = ORIENTED_EDGE ( 'NONE', *, *, #10844, .T. ) ;
#6701 = CARTESIAN_POINT ( 'NONE',  ( 5.972687671900000161, -2.451591235500058197, -50.00000000000000000 ) ) ;
#6702 = DIRECTION ( 'NONE',  ( -0.0000000000000000000, -0.0000000000000000000, -1.000000000000000000 ) ) ;
#6703 = ADVANCED_FACE ( 'NONE', ( #9625, #7527, #6402, #377, #8086, #6111, #11023, #935, #9905, #8657, #4849, #10195 ), #140, .T. ) ;
#6704 = FACE_OUTER_BOUND ( 'NONE', #11510, .T. ) ;
#6705 = CARTESIAN_POINT ( 'NONE',  ( 10.47268767189999927, 49.85225634180000043, 50.00000000000000000 ) ) ;
#6706 = ORIENTED_EDGE ( 'NONE', *, *, #7879, .F. ) ;
#6707 = CARTESIAN_POINT ( 'NONE',  ( 1.222687671899987949, 17.24840876450001659, 50.00000000000000000 ) ) ;
#6708 = CARTESIAN_POINT ( 'NONE',  ( 7.776535249200000166, 17.54840876449999953, 50.00000000000000000 ) ) ;
#6709 = AXIS2_PLACEMENT_3D ( 'NONE', #4210, #9579, #8645 ) ;
#6710 = ADVANCED_FACE ( 'NONE', ( #8509 ), #10908, .F. ) ;
#6711 = DIRECTION ( 'NONE',  ( -0.0000000000000000000, -0.0000000000000000000, -1.000000000000000000 ) ) ;
#6712 = VECTOR ( 'NONE', #232, 1000.000000000000114 ) ;
#6713 = ORIENTED_EDGE ( 'NONE', *, *, #11004, .F. ) ;
#6714 = CARTESIAN_POINT ( 'NONE',  ( 28.97268767190000105, 75.04840876449999598, -50.00000000000000000 ) ) ;
#6715 = AXIS2_PLACEMENT_3D ( 'NONE', #9083, #5308, #5431 ) ;
#6716 = CIRCLE ( 'NONE', #1801, 5.699999999962075847 ) ;
#6717 = VERTEX_POINT ( 'NONE', #2890 ) ;
#6718 = CARTESIAN_POINT ( 'NONE',  ( 27.67268767190000389, 5.048408764500000423, 50.00000000000000000 ) ) ;
#6719 = SURFACE_SIDE_STYLE ('',( #10149 ) ) ;
#6720 = CARTESIAN_POINT ( 'NONE',  ( -15.64176560054799126, 4.734807531388423030, 50.00000000000000000 ) ) ;
#6721 = DIRECTION ( 'NONE',  ( 1.000000000000000000, 0.0000000000000000000, 0.0000000000000000000 ) ) ;
#6722 = CARTESIAN_POINT ( 'NONE',  ( 12.97268767190000105, 55.04840876449999598, -50.00000000000000000 ) ) ;
#6723 = VECTOR ( 'NONE', #3056, 1000.000000000000000 ) ;
#6724 = ORIENTED_EDGE ( 'NONE', *, *, #8828, .T. ) ;
#6725 = AXIS2_PLACEMENT_3D ( 'NONE', #10494, #2420, #8687 ) ;
#6726 = DIRECTION ( 'NONE',  ( 1.000000000000000000, 0.0000000000000000000, 0.0000000000000000000 ) ) ;
#6727 = CARTESIAN_POINT ( 'NONE',  ( 15.47268767189999927, 9.852256341800000428, 50.00000000000000000 ) ) ;
#6728 = CIRCLE ( 'NONE', #3438, 3.400000000000000355 ) ;
#6729 = EDGE_LOOP ( 'NONE', ( #7355, #5707, #2695, #10866 ) ) ;
#6730 = EDGE_CURVE ( 'NONE', #8702, #6413, #7823, .T. ) ;
#6731 = LINE ( 'NONE', #5018, #9962 ) ;
#6732 = EDGE_LOOP ( 'NONE', ( #3088, #3757, #485, #6889 ) ) ;
#6733 = DIRECTION ( 'NONE',  ( -0.0000000000000000000, -0.0000000000000000000, -1.000000000000000000 ) ) ;
#6734 = VERTEX_POINT ( 'NONE', #184 ) ;
#6735 = CIRCLE ( 'NONE', #3500, 5.399999999998431832 ) ;
#6736 = VERTEX_POINT ( 'NONE', #10991 ) ;
#6737 = DIRECTION ( 'NONE',  ( 1.000000000000000000, 0.0000000000000000000, 0.0000000000000000000 ) ) ;
#6738 = AXIS2_PLACEMENT_3D ( 'NONE', #9202, #3817, #1108 ) ;
#6739 = ORIENTED_EDGE ( 'NONE', *, *, #9414, .F. ) ;
#6740 = CYLINDRICAL_SURFACE ( 'NONE', #5790, 25.00000000000137845 ) ;
#6741 = EDGE_LOOP ( 'NONE', ( #10020, #6746, #9869, #11219 ) ) ;
#6742 = CARTESIAN_POINT ( 'NONE',  ( 23.28260776849402092, 67.00732702209258207, -50.00000000000000000 ) ) ;
#6743 = EDGE_CURVE ( 'NONE', #10563, #3369, #8228, .T. ) ;
#6744 = CARTESIAN_POINT ( 'NONE',  ( -5.627312328100001260, 66.94840876450000167, -50.00000000000000000 ) ) ;
#6745 = VERTEX_POINT ( 'NONE', #3821 ) ;
#6746 = ORIENTED_EDGE ( 'NONE', *, *, #4296, .F. ) ;
#6747 = AXIS2_PLACEMENT_3D ( 'NONE', #9376, #402, #9415 ) ;
#6748 = DIRECTION ( 'NONE',  ( 0.0000000000000000000, 0.0000000000000000000, 1.000000000000000000 ) ) ;
#6749 = ORIENTED_EDGE ( 'NONE', *, *, #5690, .T. ) ;
#6750 = ADVANCED_FACE ( 'NONE', ( #2474, #84, #6829, #4436, #2056, #5417, #11313, #6259, #3042, #1769, #655, #5973 ), #227, .F. ) ;
#6751 = EDGE_CURVE ( 'NONE', #3981, #741, #5116, .T. ) ;
#6752 = CIRCLE ( 'NONE', #9840, 0.5000000000000108802 ) ;
#6753 = ORIENTED_EDGE ( 'NONE', *, *, #9810, .T. ) ;
#6754 = ORIENTED_EDGE ( 'NONE', *, *, #4943, .T. ) ;
#6755 = DIRECTION ( 'NONE',  ( -0.0000000000000000000, -0.0000000000000000000, -1.000000000000000000 ) ) ;
#6756 = CARTESIAN_POINT ( 'NONE',  ( 15.97268767190002414, 20.24456118720763342, -50.00000000000000000 ) ) ;
#6757 = DIRECTION ( 'NONE',  ( 1.000000000000000000, -0.0000000000000000000, -0.0000000000000000000 ) ) ;
#6758 = ORIENTED_EDGE ( 'NONE', *, *, #3234, .F. ) ;
#6759 = ADVANCED_FACE ( 'NONE', ( #10182 ), #8075, .F. ) ;
#6760 = DIRECTION ( 'NONE',  ( 0.0000000000000000000, 1.000000000000000000, -0.0000000000000000000 ) ) ;
#6761 = CARTESIAN_POINT ( 'NONE',  ( 29.47268767190000105, 19.04840876449999953, 50.00000000000000000 ) ) ;
#6762 = EDGE_CURVE ( 'NONE', #2115, #2363, #7518, .T. ) ;
#6763 = CARTESIAN_POINT ( 'NONE',  ( 23.28260776853181113, 3.089490506845255613, 50.00000000000000000 ) ) ;
#6764 = LINE ( 'NONE', #10972, #10129 ) ;
#6765 = CARTESIAN_POINT ( 'NONE',  ( -5.027312328099999839, 29.24840876449999882, 50.00000000000000000 ) ) ;
#6766 = ORIENTED_EDGE ( 'NONE', *, *, #8793, .T. ) ;
#6767 = EDGE_CURVE ( 'NONE', #7408, #11524, #3863, .T. ) ;
#6768 = VERTEX_POINT ( 'NONE', #5584 ) ;
#6769 = AXIS2_PLACEMENT_3D ( 'NONE', #11500, #1660, #7939 ) ;
#6770 = FACE_OUTER_BOUND ( 'NONE', #747, .T. ) ;
#6771 = ADVANCED_FACE ( 'NONE', ( #4428 ), #7557, .F. ) ;
#6772 = ORIENTED_EDGE ( 'NONE', *, *, #10382, .F. ) ;
#6773 = EDGE_LOOP ( 'NONE', ( #491, #2454, #3342, #8601 ) ) ;
#6774 = CARTESIAN_POINT ( 'NONE',  ( 18.47268767190000105, 75.04840876449999598, 50.00000000000000000 ) ) ;
#6775 = CARTESIAN_POINT ( 'NONE',  ( -4.527312328099999839, 62.04840876450000309, 50.00000000000000000 ) ) ;
#6776 = CARTESIAN_POINT ( 'NONE',  ( 19.47268767190000105, 71.04840876449999598, -50.00000000000000000 ) ) ;
#6778 = LINE ( 'NONE', #9879, #11398 ) ;
#6777 = DIRECTION ( 'NONE',  ( 0.0000000000000000000, 0.0000000000000000000, 1.000000000000000000 ) ) ;
#6779 = ORIENTED_EDGE ( 'NONE', *, *, #1186, .F. ) ;
#6780 = DIRECTION ( 'NONE',  ( -0.0000000000000000000, -0.0000000000000000000, -1.000000000000000000 ) ) ;
#6781 = CIRCLE ( 'NONE', #5547, 1.000000000000000888 ) ;
#6782 = FACE_OUTER_BOUND ( 'NONE', #2132, .T. ) ;
#6783 = ORIENTED_EDGE ( 'NONE', *, *, #6593, .T. ) ;
#6784 = EDGE_CURVE ( 'NONE', #6942, #575, #1482, .T. ) ;
#6785 = AXIS2_PLACEMENT_3D ( 'NONE', #6720, #9514, #4056 ) ;
#6786 = CARTESIAN_POINT ( 'NONE',  ( 24.87268767190002805, 73.14840876449997609, -50.00000000000000000 ) ) ;
#6787 = ORIENTED_EDGE ( 'NONE', *, *, #4024, .F. ) ;
#6788 = DIRECTION ( 'NONE',  ( 1.000000000000000000, 0.0000000000000000000, 0.0000000000000000000 ) ) ;
#6789 = CIRCLE ( 'NONE', #9716, 0.5000000000000247580 ) ;
#6790 = EDGE_CURVE ( 'NONE', #8563, #7901, #361, .T. ) ;
#6791 = CARTESIAN_POINT ( 'NONE',  ( -5.527312328099999839, 19.04840876449999953, 50.00000000000000000 ) ) ;
#6792 = CARTESIAN_POINT ( 'NONE',  ( 0.7041869790830337372, 65.46569835310927488, 50.00000000000000000 ) ) ;
#6793 = LINE ( 'NONE', #8881, #4400 ) ;
#6794 = ORIENTED_EDGE ( 'NONE', *, *, #1380, .T. ) ;
#6795 = DIRECTION ( 'NONE',  ( -0.0000000000000000000, 1.000000000000000000, -0.0000000000000000000 ) ) ;
#6796 = SURFACE_STYLE_FILL_AREA ( #10988 ) ;
#6797 = ORIENTED_EDGE ( 'NONE', *, *, #5981, .F. ) ;
#6798 = DIRECTION ( 'NONE',  ( 0.0000000000000000000, 0.0000000000000000000, 1.000000000000000000 ) ) ;
#6799 = ORIENTED_EDGE ( 'NONE', *, *, #11579, .F. ) ;
#6800 = AXIS2_PLACEMENT_3D ( 'NONE', #3827, #10143, #7441 ) ;
#6801 = FACE_OUTER_BOUND ( 'NONE', #2066, .T. ) ;
#6802 = DIRECTION ( 'NONE',  ( -0.0000000000000000000, -0.0000000000000000000, -1.000000000000000000 ) ) ;
#6803 = VERTEX_POINT ( 'NONE', #7643 ) ;
#6804 = VECTOR ( 'NONE', #8426, 1000.000000000000000 ) ;
#6805 = CARTESIAN_POINT ( 'NONE',  ( 5.222687671900000161, 52.84840876450000735, 50.00000000000000000 ) ) ;
#6806 = ORIENTED_EDGE ( 'NONE', *, *, #2223, .T. ) ;
#6807 = VERTEX_POINT ( 'NONE', #1234 ) ;
#6808 = CARTESIAN_POINT ( 'NONE',  ( -1.727312328100000016, 25.04840876449999953, 50.00000000000000000 ) ) ;
#6809 = ORIENTED_EDGE ( 'NONE', *, *, #965, .T. ) ;
#6810 = EDGE_CURVE ( 'NONE', #1434, #6464, #3033, .T. ) ;
#6811 = CARTESIAN_POINT ( 'NONE',  ( 3.598858355893540750, 65.33214796540694635, 50.00000000000000000 ) ) ;
#6812 = VECTOR ( 'NONE', #3219, 1000.000000000000000 ) ;
#6813 = VERTEX_POINT ( 'NONE', #4842 ) ;
#6814 = CYLINDRICAL_SURFACE ( 'NONE', #56, 26.40000000000100755 ) ;
#6815 = ADVANCED_FACE ( 'NONE', ( #648 ), #10323, .F. ) ;
#6816 = AXIS2_PLACEMENT_3D ( 'NONE', #9373, #7535, #4082 ) ;
#6817 = CARTESIAN_POINT ( 'NONE',  ( 30.47268767190000105, 22.54840876450001375, -50.00000000000000000 ) ) ;
#6818 = CARTESIAN_POINT ( 'NONE',  ( -7.027312328100000727, 20.54840876449999953, 50.00000000000000000 ) ) ;
#6819 = CARTESIAN_POINT ( 'NONE',  ( -7.027312328099999839, 9.548408764499999535, 50.00000000000000000 ) ) ;
#6820 = DIRECTION ( 'NONE',  ( 1.000000000000000000, 0.0000000000000000000, 0.0000000000000000000 ) ) ;
#6821 = EDGE_CURVE ( 'NONE', #386, #4222, #5404, .T. ) ;
#6822 = CARTESIAN_POINT ( 'NONE',  ( 18.16884009459992200, 58.04840876450013809, 50.00000000000000000 ) ) ;
#6823 = ADVANCED_FACE ( 'NONE', ( #7940 ), #9615, .F. ) ;
#6824 = CYLINDRICAL_SURFACE ( 'NONE', #3701, 5.499999999994705568 ) ;
#6825 = EDGE_CURVE ( 'NONE', #11073, #6087, #6250, .T. ) ;
#6826 = ORIENTED_EDGE ( 'NONE', *, *, #5399, .T. ) ;
#6827 = AXIS2_PLACEMENT_3D ( 'NONE', #11596, #7871, #3501 ) ;
#6828 = ORIENTED_EDGE ( 'NONE', *, *, #8254, .T. ) ;
#6829 = FACE_BOUND ( 'NONE', #7179, .T. ) ;
#6830 = CARTESIAN_POINT ( 'NONE',  ( 17.97268767190000105, 70.54840876449999598, -50.00000000000000000 ) ) ;
#6831 = DIRECTION ( 'NONE',  ( 1.000000000000000000, 0.0000000000000000000, 0.0000000000000000000 ) ) ;
#6832 = EDGE_CURVE ( 'NONE', #8272, #5073, #10723, .T. ) ;
#6833 = VERTEX_POINT ( 'NONE', #11108 ) ;
#6834 = ADVANCED_FACE ( 'NONE', ( #9334 ), #6814, .T. ) ;
#6835 = AXIS2_PLACEMENT_3D ( 'NONE', #7696, #5958, #2394 ) ;
#6836 = CARTESIAN_POINT ( 'NONE',  ( 7.472687671900000161, 75.04840876449999598, 50.00000000000000000 ) ) ;
#6837 = FACE_OUTER_BOUND ( 'NONE', #2787, .T. ) ;
#6838 = VERTEX_POINT ( 'NONE', #2137 ) ;
#6839 = EDGE_CURVE ( 'NONE', #7081, #2214, #10043, .T. ) ;
#6840 = ORIENTED_EDGE ( 'NONE', *, *, #5572, .T. ) ;
#6841 = DIRECTION ( 'NONE',  ( -0.0000000000000000000, -1.000000000000000000, -0.0000000000000000000 ) ) ;
#6842 = AXIS2_PLACEMENT_3D ( 'NONE', #11360, #7006, #1518 ) ;
#6843 = FACE_OUTER_BOUND ( 'NONE', #5449, .T. ) ;
#6844 = ORIENTED_EDGE ( 'NONE', *, *, #8714, .F. ) ;
#6845 = DIRECTION ( 'NONE',  ( 0.0000000000000000000, 0.0000000000000000000, 1.000000000000000000 ) ) ;
#6846 = CARTESIAN_POINT ( 'NONE',  ( 30.97268767190001526, 62.54840876450001730, -50.00000000000000000 ) ) ;
#6847 = DIRECTION ( 'NONE',  ( -0.0000000000000000000, -0.0000000000000000000, -1.000000000000000000 ) ) ;
#6848 = DIRECTION ( 'NONE',  ( -1.000000000000000000, 0.0000000000000000000, 0.0000000000000000000 ) ) ;
#6849 = VECTOR ( 'NONE', #4532, 1000.000000000000000 ) ;
#6850 = EDGE_CURVE ( 'NONE', #9916, #3658, #9757, .T. ) ;
#6851 = VERTEX_POINT ( 'NONE', #4795 ) ;
#6852 = CARTESIAN_POINT ( 'NONE',  ( 3.964795726767698092, 4.423949971145337834, -50.00000000000000000 ) ) ;
#6853 = AXIS2_PLACEMENT_3D ( 'NONE', #4219, #2417, #5106 ) ;
#6854 = CARTESIAN_POINT ( 'NONE',  ( 28.97268767190000105, 48.04840876450000309, -50.00000000000000000 ) ) ;
#6855 = ADVANCED_FACE ( 'NONE', ( #2047 ), #4839, .T. ) ;
#6856 = VECTOR ( 'NONE', #1365, 1000.000000000000000 ) ;
#6857 = ORIENTED_EDGE ( 'NONE', *, *, #5075, .F. ) ;
#6858 = DIRECTION ( 'NONE',  ( 1.000000000000000000, 0.0000000000000000000, 0.0000000000000000000 ) ) ;
#6859 = CARTESIAN_POINT ( 'NONE',  ( 27.67268767187424672, 7.048408764499903612, -50.00000000000000000 ) ) ;
#6860 = DIRECTION ( 'NONE',  ( 1.000000000000000000, 0.0000000000000000000, 0.0000000000000000000 ) ) ;
#6861 = EDGE_CURVE ( 'NONE', #3990, #5390, #5548, .T. ) ;
#6862 = CYLINDRICAL_SURFACE ( 'NONE', #10459, 0.5000000000000038858 ) ;
#6863 = CARTESIAN_POINT ( 'NONE',  ( -5.527312328099973193, 60.54840876450003151, -50.00000000000000000 ) ) ;
#6864 = PLANE ( 'NONE',  #8231 ) ;
#6865 = CYLINDRICAL_SURFACE ( 'NONE', #2060, 0.9999999999999974465 ) ;
#6866 = ORIENTED_EDGE ( 'NONE', *, *, #5981, .T. ) ;
#6867 = DIRECTION ( 'NONE',  ( 1.000000000000000000, 0.0000000000000000000, 0.0000000000000000000 ) ) ;
#6868 = CIRCLE ( 'NONE', #10284, 0.4999999999999449329 ) ;
#6869 = AXIS2_PLACEMENT_3D ( 'NONE', #8796, #7026, #8719 ) ;
#6870 = EDGE_LOOP ( 'NONE', ( #4384, #9987, #4663, #5184 ) ) ;
#6871 = ORIENTED_EDGE ( 'NONE', *, *, #1959, .T. ) ;
#6872 = CARTESIAN_POINT ( 'NONE',  ( 18.57451721239999998, 17.54840876449999953, -50.00000000000000000 ) ) ;
#6873 = VECTOR ( 'NONE', #5408, 1000.000000000000000 ) ;
#6874 = ORIENTED_EDGE ( 'NONE', *, *, #8123, .T. ) ;
#6875 = VECTOR ( 'NONE', #9250, 1000.000000000000000 ) ;
#6876 = DIRECTION ( 'NONE',  ( -0.0000000000000000000, -0.0000000000000000000, -1.000000000000000000 ) ) ;
#6877 = ORIENTED_EDGE ( 'NONE', *, *, #9676, .F. ) ;
#6878 = CARTESIAN_POINT ( 'NONE',  ( 15.47268767189999927, 9.143919862700000678, 50.00000000000000000 ) ) ;
#6879 = ADVANCED_FACE ( 'NONE', ( #5682 ), #4156, .T. ) ;
#6880 = DIRECTION ( 'NONE',  ( 1.000000000000000000, 0.0000000000000000000, 0.0000000000000000000 ) ) ;
#6881 = ORIENTED_EDGE ( 'NONE', *, *, #3155, .F. ) ;
#6882 = AXIS2_PLACEMENT_3D ( 'NONE', #9983, #8187, #1830 ) ;
#6883 = CIRCLE ( 'NONE', #3862, 2.500000000000015987 ) ;
#6884 = ORIENTED_EDGE ( 'NONE', *, *, #9895, .F. ) ;
#6885 = DIRECTION ( 'NONE',  ( 1.000000000000000000, 0.0000000000000000000, 0.0000000000000000000 ) ) ;
#6886 = CARTESIAN_POINT ( 'NONE',  ( 6.472687671900031248, -0.9515912355000306633, -50.00000000000000000 ) ) ;
#6887 = ADVANCED_FACE ( 'NONE', ( #2462 ), #8575, .F. ) ;
#6888 = ORIENTED_EDGE ( 'NONE', *, *, #1166, .T. ) ;
#6889 = ORIENTED_EDGE ( 'NONE', *, *, #11505, .T. ) ;
#6890 = VERTEX_POINT ( 'NONE', #4097 ) ;
#6891 = EDGE_CURVE ( 'NONE', #3116, #11354, #3577, .T. ) ;
#6892 = CARTESIAN_POINT ( 'NONE',  ( 2.348228878636272388, 64.05630070972254941, 50.00000000000000000 ) ) ;
#6893 = AXIS2_PLACEMENT_3D ( 'NONE', #7488, #9365, #8467 ) ;
#6894 = DIRECTION ( 'NONE',  ( -0.0000000000000000000, -0.0000000000000000000, -1.000000000000000000 ) ) ;
#6895 = DIRECTION ( 'NONE',  ( -1.000000000000000000, 0.0000000000000000000, 0.0000000000000000000 ) ) ;
#6896 = VECTOR ( 'NONE', #8206, 1000.000000000000000 ) ;
#6897 = VERTEX_POINT ( 'NONE', #4990 ) ;
#6898 = ORIENTED_EDGE ( 'NONE', *, *, #5946, .T. ) ;
#6899 = CARTESIAN_POINT ( 'NONE',  ( -2.527312328100000283, 5.048408764500000423, 50.00000000000000000 ) ) ;
#6900 = CARTESIAN_POINT ( 'NONE',  ( 28.47268767190000105, 50.04840876450001019, 50.00000000000000000 ) ) ;
#6901 = ORIENTED_EDGE ( 'NONE', *, *, #3896, .F. ) ;
#6902 = EDGE_CURVE ( 'NONE', #1890, #2178, #1761, .T. ) ;
#6903 = EDGE_CURVE ( 'NONE', #5499, #5693, #2180, .T. ) ;
#6904 = CIRCLE ( 'NONE', #6531, 0.5000000000000304201 ) ;
#6905 = EDGE_LOOP ( 'NONE', ( #11588, #10514, #1464, #6888 ) ) ;
#6906 = VECTOR ( 'NONE', #1654, 1000.000000000000000 ) ;
#6907 = EDGE_LOOP ( 'NONE', ( #7013, #8920, #6950, #9886 ) ) ;
#6908 = DIRECTION ( 'NONE',  ( -0.0000000000000000000, -1.000000000000000000, -0.0000000000000000000 ) ) ;
#6909 = DIRECTION ( 'NONE',  ( -0.0000000000000000000, -0.0000000000000000000, -1.000000000000000000 ) ) ;
#6910 = AXIS2_PLACEMENT_3D ( 'NONE', #10856, #1138, #10204 ) ;
#6911 = ORIENTED_EDGE ( 'NONE', *, *, #7127, .F. ) ;
#6912 = VECTOR ( 'NONE', #5447, 1000.000000000000000 ) ;
#6913 = EDGE_CURVE ( 'NONE', #166, #7525, #7674, .T. ) ;
#6914 = LINE ( 'NONE', #6199, #8614 ) ;
#6915 = VECTOR ( 'NONE', #3592, 1000.000000000000000 ) ;
#6916 = ORIENTED_EDGE ( 'NONE', *, *, #9393, .T. ) ;
#6917 = DIRECTION ( 'NONE',  ( -1.000000000000000000, 0.0000000000000000000, 0.0000000000000000000 ) ) ;
#6918 = CYLINDRICAL_SURFACE ( 'NONE', #5932, 2.000000000000806466 ) ;
#6919 = ORIENTED_EDGE ( 'NONE', *, *, #8642, .T. ) ;
#6920 = CARTESIAN_POINT ( 'NONE',  ( -3.027312328099999839, 75.04840876449999598, 50.00000000000000000 ) ) ;
#6921 = CARTESIAN_POINT ( 'NONE',  ( 17.97268767190000105, -0.4515912355000002432, 50.00000000000000000 ) ) ;
#6922 = EDGE_CURVE ( 'NONE', #1118, #456, #1197, .T. ) ;
#6923 = VECTOR ( 'NONE', #3163, 1000.000000000000000 ) ;
#6924 = ORIENTED_EDGE ( 'NONE', *, *, #1565, .T. ) ;
#6925 = AXIS2_PLACEMENT_3D ( 'NONE', #5365, #8905, #3517 ) ;
#6926 = CIRCLE ( 'NONE', #7427, 1.500000000000001332 ) ;
#6927 = CYLINDRICAL_SURFACE ( 'NONE', #9517, 0.5000000000000216493 ) ;
#6928 = VERTEX_POINT ( 'NONE', #5364 ) ;
#6929 = ORIENTED_EDGE ( 'NONE', *, *, #9910, .T. ) ;
#6930 = DIRECTION ( 'NONE',  ( 0.0000000000000000000, -1.000000000000000000, 0.0000000000000000000 ) ) ;
#6931 = DIRECTION ( 'NONE',  ( -0.0000000000000000000, -0.0000000000000000000, -1.000000000000000000 ) ) ;
#6932 = CARTESIAN_POINT ( 'NONE',  ( 12.97268767189999927, 55.04840876450000309, -50.00000000000000000 ) ) ;
#6933 = DIRECTION ( 'NONE',  ( -1.000000000000000000, 0.0000000000000000000, 0.0000000000000000000 ) ) ;
#6934 = EDGE_CURVE ( 'NONE', #9272, #1434, #2889, .T. ) ;
#6935 = VECTOR ( 'NONE', #7192, 1000.000000000000000 ) ;
#6936 = AXIS2_PLACEMENT_3D ( 'NONE', #9574, #4204, #11372 ) ;
#6937 = EDGE_LOOP ( 'NONE', ( #1209, #3137, #8013, #9580 ) ) ;
#6938 = DIRECTION ( 'NONE',  ( -0.0000000000000000000, -0.0000000000000000000, -1.000000000000000000 ) ) ;
#6939 = LINE ( 'NONE', #3287, #8486 ) ;
#6940 = DIRECTION ( 'NONE',  ( -0.0000000000000000000, -0.0000000000000000000, -1.000000000000000000 ) ) ;
#6941 = ORIENTED_EDGE ( 'NONE', *, *, #10142, .T. ) ;
#6942 = VERTEX_POINT ( 'NONE', #2778 ) ;
#6943 = VERTEX_POINT ( 'NONE', #903 ) ;
#6944 = EDGE_CURVE ( 'NONE', #3003, #2461, #788, .T. ) ;
#6945 = CARTESIAN_POINT ( 'NONE',  ( 0.3296068512849965604, 4.341180756097601012, 50.00000000000000000 ) ) ;
#6946 = CIRCLE ( 'NONE', #642, 26.39999999997577618 ) ;
#6947 = ORIENTED_EDGE ( 'NONE', *, *, #5384, .F. ) ;
#6948 = VECTOR ( 'NONE', #3937, 1000.000000000000000 ) ;
#6949 = ORIENTED_EDGE ( 'NONE', *, *, #1401, .F. ) ;
#6950 = ORIENTED_EDGE ( 'NONE', *, *, #1527, .T. ) ;
#6951 = CARTESIAN_POINT ( 'NONE',  ( -3.027312328099999839, 73.64840876450000451, 50.00000000000000000 ) ) ;
#6952 = AXIS2_PLACEMENT_3D ( 'NONE', #7276, #6409, #1781 ) ;
#6953 = CARTESIAN_POINT ( 'NONE',  ( -3.027312328100000283, -0.9515912354999995770, -50.00000000000000000 ) ) ;
#6954 = DIRECTION ( 'NONE',  ( -0.0000000000000000000, -0.0000000000000000000, -1.000000000000000000 ) ) ;
#6955 = DIRECTION ( 'NONE',  ( 0.0000000000000000000, -1.000000000000000000, 0.0000000000000000000 ) ) ;
#6956 = VECTOR ( 'NONE', #5885, 1000.000000000000000 ) ;
#6957 = EDGE_LOOP ( 'NONE', ( #4973, #3072, #339, #2413 ) ) ;
#6958 = ADVANCED_FACE ( 'NONE', ( #8921 ), #3172, .T. ) ;
#6959 = ORIENTED_EDGE ( 'NONE', *, *, #8692, .F. ) ;
#6960 = LINE ( 'NONE', #7165, #10734 ) ;
#6961 = EDGE_CURVE ( 'NONE', #2608, #3772, #225, .T. ) ;
#6962 = CARTESIAN_POINT ( 'NONE',  ( 20.72268767190000105, 17.24840876449999882, 50.00000000000000000 ) ) ;
#6963 = LINE ( 'NONE', #2084, #5554 ) ;
#6964 = AXIS2_PLACEMENT_3D ( 'NONE', #9656, #9627, #11388 ) ;
#6965 = ORIENTED_EDGE ( 'NONE', *, *, #2128, .F. ) ;
#6966 = DIRECTION ( 'NONE',  ( 0.0000000000000000000, 0.0000000000000000000, 1.000000000000000000 ) ) ;
#6967 = ORIENTED_EDGE ( 'NONE', *, *, #3738, .T. ) ;
#6968 = CIRCLE ( 'NONE', #5000, 5.399999999998431832 ) ;
#6969 = CARTESIAN_POINT ( 'NONE',  ( 29.47268767189999394, 20.04840876449999598, 50.00000000000000000 ) ) ;
#6970 = CARTESIAN_POINT ( 'NONE',  ( 23.78260776853183955, 3.089490506845255613, -50.00000000000000000 ) ) ;
#6971 = DIRECTION ( 'NONE',  ( -1.000000000000000000, 0.0000000000000000000, 0.0000000000000000000 ) ) ;
#6972 = EDGE_CURVE ( 'NONE', #5979, #9959, #7094, .T. ) ;
#6973 = ORIENTED_EDGE ( 'NONE', *, *, #1265, .F. ) ;
#6974 = CARTESIAN_POINT ( 'NONE',  ( 2.188948471026993303, 64.42223808054043843, 50.00000000000000000 ) ) ;
#6975 = EDGE_CURVE ( 'NONE', #8389, #7052, #8363, .T. ) ;
#6976 = AXIS2_PLACEMENT_3D ( 'NONE', #1220, #2990, #9259 ) ;
#6977 = LINE ( 'NONE', #1869, #393 ) ;
#6978 = VERTEX_POINT ( 'NONE', #5444 ) ;
#6979 = VERTEX_POINT ( 'NONE', #8078 ) ;
#6980 = EDGE_CURVE ( 'NONE', #6574, #4807, #3309, .T. ) ;
#6981 = DIRECTION ( 'NONE',  ( 1.000000000000000000, 0.0000000000000000000, 0.0000000000000000000 ) ) ;
#6982 = CARTESIAN_POINT ( 'NONE',  ( -1.727312328100812922, 47.04840876449938492, -50.00000000000000000 ) ) ;
#6983 = LINE ( 'NONE', #1573, #251 ) ;
#6984 = EDGE_LOOP ( 'NONE', ( #3910, #2639 ) ) ;
#6985 = DIRECTION ( 'NONE',  ( -0.0000000000000000000, -0.0000000000000000000, -1.000000000000000000 ) ) ;
#6986 = EDGE_CURVE ( 'NONE', #11377, #373, #2338, .T. ) ;
#6987 = VECTOR ( 'NONE', #5797, 1000.000000000000000 ) ;
#6988 = EDGE_LOOP ( 'NONE', ( #9412, #1481, #1313, #6551 ) ) ;
#6989 = EDGE_CURVE ( 'NONE', #3947, #6075, #4699, .T. ) ;
#6990 = CARTESIAN_POINT ( 'NONE',  ( 23.59714646530413162, 64.05630070969459666, -50.00000000000000000 ) ) ;
#6991 = AXIS2_PLACEMENT_3D ( 'NONE', #8316, #6581, #1170 ) ;
#6992 = DIRECTION ( 'NONE',  ( 1.000000000000000000, 0.0000000000000000000, 0.0000000000000000000 ) ) ;
#6993 = CARTESIAN_POINT ( 'NONE',  ( 20.72268767190000105, 57.24840876449999882, 50.00000000000000000 ) ) ;
#6994 = CIRCLE ( 'NONE', #7910, 2.500000000000002220 ) ;
#6995 = ORIENTED_EDGE ( 'NONE', *, *, #390, .F. ) ;
#6996 = DIRECTION ( 'NONE',  ( 1.000000000000000000, -0.0000000000000000000, -0.0000000000000000000 ) ) ;
#6997 = CARTESIAN_POINT ( 'NONE',  ( 6.472687671900000161, -0.4515912354999999101, -50.00000000000000000 ) ) ;
#6998 = CARTESIAN_POINT ( 'NONE',  ( 22.56517473566587384, 1.558361222961575310, 50.00000000000000000 ) ) ;
#6999 = LINE ( 'NONE', #7125, #7289 ) ;
#7000 = ORIENTED_EDGE ( 'NONE', *, *, #2732, .F. ) ;
#7001 = CARTESIAN_POINT ( 'NONE',  ( 24.93160592959252853, 4.238488667905892626, 50.00000000000000000 ) ) ;
#7002 = CYLINDRICAL_SURFACE ( 'NONE', #1289, 3.399999999996687006 ) ;
#7003 = VERTEX_POINT ( 'NONE', #2662 ) ;
#7004 = DIRECTION ( 'NONE',  ( 1.000000000000000000, 0.0000000000000000000, 0.0000000000000000000 ) ) ;
#7005 = EDGE_CURVE ( 'NONE', #4605, #7660, #11010, .T. ) ;
#7006 = DIRECTION ( 'NONE',  ( 0.0000000000000000000, 0.0000000000000000000, 1.000000000000000000 ) ) ;
#7007 = VECTOR ( 'NONE', #7046, 1000.000000000000000 ) ;
#7008 = ORIENTED_EDGE ( 'NONE', *, *, #9230, .T. ) ;
#7009 = CARTESIAN_POINT ( 'NONE',  ( 29.47268767190000105, 51.04840876450000309, -50.00000000000000000 ) ) ;
#7010 = ORIENTED_EDGE ( 'NONE', *, *, #4822, .F. ) ;
#7011 = ADVANCED_FACE ( 'NONE', ( #3566 ), #1470, .F. ) ;
#7012 = VECTOR ( 'NONE', #9935, 1000.000000000000000 ) ;
#7013 = ORIENTED_EDGE ( 'NONE', *, *, #3074, .F. ) ;
#7014 = DIRECTION ( 'NONE',  ( -0.0000000000000000000, -0.0000000000000000000, -1.000000000000000000 ) ) ;
#7015 = ORIENTED_EDGE ( 'NONE', *, *, #7764, .T. ) ;
#7016 = DIRECTION ( 'NONE',  ( -0.0000000000000000000, -0.0000000000000000000, -1.000000000000000000 ) ) ;
#7017 = CIRCLE ( 'NONE', #8704, 4.000000000000038192 ) ;
#7018 = CARTESIAN_POINT ( 'NONE',  ( 19.97268767190000105, 71.04840876449999598, 50.00000000000000000 ) ) ;
#7019 = ORIENTED_EDGE ( 'NONE', *, *, #9769, .F. ) ;
#7020 = CARTESIAN_POINT ( 'NONE',  ( 1.072687671899900330, 73.14840876449990503, 50.00000000000000000 ) ) ;
#7021 = EDGE_CURVE ( 'NONE', #3009, #5182, #213, .T. ) ;
#7022 = FACE_OUTER_BOUND ( 'NONE', #4176, .T. ) ;
#7023 = ORIENTED_EDGE ( 'NONE', *, *, #3750, .F. ) ;
#7024 = CARTESIAN_POINT ( 'NONE',  ( -5.527312328099973193, 60.54840876450003151, 50.00000000000000000 ) ) ;
#7025 = CARTESIAN_POINT ( 'NONE',  ( 28.47268767190000105, 65.04840876449999598, 50.00000000000000000 ) ) ;
#7026 = DIRECTION ( 'NONE',  ( -0.0000000000000000000, -0.0000000000000000000, -1.000000000000000000 ) ) ;
#7027 = VERTEX_POINT ( 'NONE', #7132 ) ;
#7028 = CARTESIAN_POINT ( 'NONE',  ( 24.57805253900000153, 65.50477547050000737, 50.00000000000000000 ) ) ;
#7029 = ORIENTED_EDGE ( 'NONE', *, *, #1742, .F. ) ;
#7030 = DIRECTION ( 'NONE',  ( -0.0000000000000000000, -0.0000000000000000000, -1.000000000000000000 ) ) ;
#7031 = VERTEX_POINT ( 'NONE', #3561 ) ;
#7032 = AXIS2_PLACEMENT_3D ( 'NONE', #5400, #10795, #5439 ) ;
#7033 = DIRECTION ( 'NONE',  ( -0.0000000000000000000, -0.0000000000000000000, -1.000000000000000000 ) ) ;
#7034 = DIRECTION ( 'NONE',  ( -0.0000000000000000000, -0.0000000000000000000, -1.000000000000000000 ) ) ;
#7035 = CIRCLE ( 'NONE', #7443, 0.4999999999999379940 ) ;
#7036 = VERTEX_POINT ( 'NONE', #10725 ) ;
#7037 = ORIENTED_EDGE ( 'NONE', *, *, #4586, .T. ) ;
#7038 = ORIENTED_EDGE ( 'NONE', *, *, #5391, .F. ) ;
#7039 = EDGE_CURVE ( 'NONE', #7027, #6745, #11143, .T. ) ;
#7040 = DIRECTION ( 'NONE',  ( -1.000000000000000000, 0.0000000000000000000, 0.0000000000000000000 ) ) ;
#7041 = PRESENTATION_LAYER_ASSIGNMENT (  '', '', ( #9607 ) ) ;
#7042 = PLANE ( 'NONE',  #2289 ) ;
#7043 = CARTESIAN_POINT ( 'NONE',  ( 23.67991568030218019, 2.405327943884829622, 50.00000000000000000 ) ) ;
#7044 = DIRECTION ( 'NONE',  ( -0.0000000000000000000, -0.0000000000000000000, -1.000000000000000000 ) ) ;
#7045 = CARTESIAN_POINT ( 'NONE',  ( -4.527312328099999839, 22.04840876449999953, -50.00000000000000000 ) ) ;
#7046 = DIRECTION ( 'NONE',  ( -0.0000000000000000000, -0.0000000000000000000, -1.000000000000000000 ) ) ;
#7047 = FACE_OUTER_BOUND ( 'NONE', #4975, .T. ) ;
#7048 = ORIENTED_EDGE ( 'NONE', *, *, #8332, .T. ) ;
#7049 = ORIENTED_EDGE ( 'NONE', *, *, #7387, .T. ) ;
#7050 = EDGE_CURVE ( 'NONE', #4419, #6472, #8767, .T. ) ;
#7051 = CIRCLE ( 'NONE', #5253, 1.999999999999422462 ) ;
#7052 = VERTEX_POINT ( 'NONE', #8200 ) ;
#7053 = DIRECTION ( 'NONE',  ( 0.0000000000000000000, 0.0000000000000000000, 1.000000000000000000 ) ) ;
#7054 = AXIS2_PLACEMENT_3D ( 'NONE', #9241, #8230, #3780 ) ;
#7055 = VERTEX_POINT ( 'NONE', #8273 ) ;
#7056 = EDGE_CURVE ( 'NONE', #11038, #6684, #1333, .T. ) ;
#7057 = VECTOR ( 'NONE', #6114, 1000.000000000000000 ) ;
#7058 = ORIENTED_EDGE ( 'NONE', *, *, #9201, .T. ) ;
#7059 = DIRECTION ( 'NONE',  ( -0.0000000000000000000, -0.0000000000000000000, -1.000000000000000000 ) ) ;
#7060 = LINE ( 'NONE', #47, #11549 ) ;
#7061 = CIRCLE ( 'NONE', #9654, 5.499999999988062882 ) ;
#7062 = CARTESIAN_POINT ( 'NONE',  ( -2.527312328099999839, 10.04840876449999953, 50.00000000000000000 ) ) ;
#7063 = DIRECTION ( 'NONE',  ( -1.000000000000000000, -0.0000000000000000000, -0.0000000000000000000 ) ) ;
#7064 = AXIS2_PLACEMENT_3D ( 'NONE', #11584, #2595, #9689 ) ;
#7065 = ORIENTED_EDGE ( 'NONE', *, *, #541, .F. ) ;
#7066 = LINE ( 'NONE', #1232, #7784 ) ;
#7067 = DIRECTION ( 'NONE',  ( 0.0000000000000000000, 0.0000000000000000000, 1.000000000000000000 ) ) ;
#7068 = EDGE_CURVE ( 'NONE', #1970, #2661, #9054, .T. ) ;
#7069 = VECTOR ( 'NONE', #7684, 1000.000000000000000 ) ;
#7070 = CARTESIAN_POINT ( 'NONE',  ( 0.5110997200821510988, 25.99450983250082814, 50.00000000000000000 ) ) ;
#7071 = VERTEX_POINT ( 'NONE', #152 ) ;
#7072 = CARTESIAN_POINT ( 'NONE',  ( 32.97268767190000460, 9.548408764499999535, 50.00000000000000000 ) ) ;
#7073 = VECTOR ( 'NONE', #10418, 1000.000000000000000 ) ;
#7074 = ORIENTED_EDGE ( 'NONE', *, *, #121, .F. ) ;
#7075 = DIRECTION ( 'NONE',  ( -0.0000000000000000000, -0.0000000000000000000, -1.000000000000000000 ) ) ;
#7076 = ADVANCED_FACE ( 'NONE', ( #910 ), #8061, .F. ) ;
#7077 = VERTEX_POINT ( 'NONE', #240 ) ;
#7078 = CARTESIAN_POINT ( 'NONE',  ( 27.67268767189892031, 63.04840876449918596, 50.00000000000000000 ) ) ;
#7079 = EDGE_CURVE ( 'NONE', #1442, #8097, #10708, .T. ) ;
#7080 = FACE_OUTER_BOUND ( 'NONE', #8178, .T. ) ;
#7081 = VERTEX_POINT ( 'NONE', #9059 ) ;
#7082 = CYLINDRICAL_SURFACE ( 'NONE', #3884, 0.4999999999999379940 ) ;
#7083 = ORIENTED_EDGE ( 'NONE', *, *, #11085, .T. ) ;
#7084 = ORIENTED_EDGE ( 'NONE', *, *, #437, .F. ) ;
#7085 = CARTESIAN_POINT ( 'NONE',  ( 15.47268767189999927, 20.54840876449999953, 50.00000000000000000 ) ) ;
#7086 = EDGE_LOOP ( 'NONE', ( #1027, #4149, #7648, #7455 ) ) ;
#7087 = PLANE ( 'NONE',  #10158 ) ;
#7088 = CARTESIAN_POINT ( 'NONE',  ( -1.727312328100000016, 66.44840876447160838, 50.00000000000000000 ) ) ;
#7089 = CARTESIAN_POINT ( 'NONE',  ( 2.972687671900000161, -0.4515912355000000211, 50.00000000000000000 ) ) ;
#7090 = AXIS2_PLACEMENT_3D ( 'NONE', #6554, #10011, #284 ) ;
#7091 = CARTESIAN_POINT ( 'NONE',  ( 5.472687671899999273, 72.54840876449999598, -50.00000000000000000 ) ) ;
#7092 = CIRCLE ( 'NONE', #5438, 0.5000000000000675016 ) ;
#7093 = ORIENTED_EDGE ( 'NONE', *, *, #3428, .F. ) ;
#7094 = CIRCLE ( 'NONE', #3288, 25.00000000000254730 ) ;
#7095 = CARTESIAN_POINT ( 'NONE',  ( -3.527312328100012717, 10.04840876449998532, -50.00000000000000000 ) ) ;
#7096 = CARTESIAN_POINT ( 'NONE',  ( 7.068198770200000425, 57.54840876450001019, -50.00000000000000000 ) ) ;
#7097 = DIRECTION ( 'NONE',  ( -0.0000000000000000000, -0.0000000000000000000, -1.000000000000000000 ) ) ;
#7098 = VECTOR ( 'NONE', #89, 1000.000000000000000 ) ;
#7099 = VERTEX_POINT ( 'NONE', #7335 ) ;
#7100 = VERTEX_POINT ( 'NONE', #7446 ) ;
#7101 = VECTOR ( 'NONE', #6664, 1000.000000000000000 ) ;
#7102 = DIRECTION ( 'NONE',  ( -1.000000000000000000, -0.0000000000000000000, -0.0000000000000000000 ) ) ;
#7103 = AXIS2_PLACEMENT_3D ( 'NONE', #6568, #4687, #10946 ) ;
#7104 = DIRECTION ( 'NONE',  ( -0.0000000000000000000, -0.0000000000000000000, -1.000000000000000000 ) ) ;
#7105 = ORIENTED_EDGE ( 'NONE', *, *, #4129, .T. ) ;
#7106 = CARTESIAN_POINT ( 'NONE',  ( 10.97268767189999217, 49.54840876450000309, 50.00000000000000000 ) ) ;
#7107 = DIRECTION ( 'NONE',  ( -1.000000000000000000, 0.0000000000000000000, 0.0000000000000000000 ) ) ;
#7108 = DIRECTION ( 'NONE',  ( -1.000000000000000000, 0.0000000000000000000, 0.0000000000000000000 ) ) ;
#7109 = DIRECTION ( 'NONE',  ( -0.0000000000000000000, -0.0000000000000000000, -1.000000000000000000 ) ) ;
#7110 = FACE_OUTER_BOUND ( 'NONE', #7685, .T. ) ;
#7111 = EDGE_CURVE ( 'NONE', #9702, #1936, #11432, .T. ) ;
#7112 = ORIENTED_EDGE ( 'NONE', *, *, #9230, .F. ) ;
#7113 = AXIS2_PLACEMENT_3D ( 'NONE', #9715, #9872, #7953 ) ;
#7114 = ORIENTED_EDGE ( 'NONE', *, *, #9258, .F. ) ;
#7115 = DIRECTION ( 'NONE',  ( 1.000000000000000000, 0.0000000000000000000, 0.0000000000000000000 ) ) ;
#7116 = VECTOR ( 'NONE', #771, 1000.000000000000000 ) ;
#7117 = EDGE_LOOP ( 'NONE', ( #10652, #3205, #1973, #9053 ) ) ;
#7118 = DIRECTION ( 'NONE',  ( -0.0000000000000000000, -1.000000000000000000, -0.0000000000000000000 ) ) ;
#7119 = EDGE_CURVE ( 'NONE', #7996, #3958, #8348, .T. ) ;
#7120 = DIRECTION ( 'NONE',  ( 1.000000000000000000, 0.0000000000000000000, 0.0000000000000000000 ) ) ;
#7121 = CARTESIAN_POINT ( 'NONE',  ( 23.25642687290695676, 64.42223808050648870, -50.00000000000000000 ) ) ;
#7122 = CARTESIAN_POINT ( 'NONE',  ( 22.97268767190000460, 0.3484087645000000233, -50.00000000000000000 ) ) ;
#7123 = DIRECTION ( 'NONE',  ( 1.000000000000000000, -0.0000000000000000000, -0.0000000000000000000 ) ) ;
#7124 = LINE ( 'NONE', #891, #4457 ) ;
#7125 = CARTESIAN_POINT ( 'NONE',  ( 7.554904497641498295, 7.634982463064869940, 50.00000000000000000 ) ) ;
#7126 = VERTEX_POINT ( 'NONE', #8355 ) ;
#7127 = EDGE_CURVE ( 'NONE', #5426, #1570, #6389, .T. ) ;
#7128 = CARTESIAN_POINT ( 'NONE',  ( 1.572687671900000028, -3.051591235500000554, -50.00000000000000000 ) ) ;
#7129 = DIRECTION ( 'NONE',  ( -1.000000000000000000, 0.0000000000000000000, 0.0000000000000000000 ) ) ;
#7130 = VECTOR ( 'NONE', #4649, 1000.000000000000000 ) ;
#7131 = ORIENTED_EDGE ( 'NONE', *, *, #8352, .F. ) ;
#7132 = CARTESIAN_POINT ( 'NONE',  ( 25.61576849259341060, 4.341180756096217230, 50.00000000000000000 ) ) ;
#7133 = EDGE_CURVE ( 'NONE', #11427, #8438, #4284, .T. ) ;
#7134 = DIRECTION ( 'NONE',  ( 0.0000000000000000000, 0.0000000000000000000, 1.000000000000000000 ) ) ;
#7135 = CARTESIAN_POINT ( 'NONE',  ( 32.97268767190000460, 20.54840876449999953, 50.00000000000000000 ) ) ;
#7136 = CARTESIAN_POINT ( 'NONE',  ( 24.37268767190000318, 69.74840876449999882, 50.00000000000000000 ) ) ;
#7137 = CARTESIAN_POINT ( 'NONE',  ( 31.47268767189996552, 9.548408764499964008, -50.00000000000000000 ) ) ;
#7138 = FACE_OUTER_BOUND ( 'NONE', #5978, .T. ) ;
#7139 = ORIENTED_EDGE ( 'NONE', *, *, #368, .F. ) ;
#7140 = EDGE_CURVE ( 'NONE', #9272, #10554, #3715, .T. ) ;
#7141 = DIRECTION ( 'NONE',  ( -0.0000000000000000000, -0.0000000000000000000, -1.000000000000000000 ) ) ;
#7142 = EDGE_CURVE ( 'NONE', #294, #6890, #775, .T. ) ;
#7143 = VECTOR ( 'NONE', #783, 1000.000000000000000 ) ;
#7144 = CARTESIAN_POINT ( 'NONE',  ( -3.527312328099999839, 59.04840876450000309, 50.00000000000000000 ) ) ;
#7145 = AXIS2_PLACEMENT_3D ( 'NONE', #7729, #5913, #11240 ) ;
#7146 = CARTESIAN_POINT ( 'NONE',  ( 15.47268767189999927, 49.85225634180000043, 50.00000000000000000 ) ) ;
#7147 = ORIENTED_EDGE ( 'NONE', *, *, #8631, .T. ) ;
#7148 = DIRECTION ( 'NONE',  ( 0.0000000000000000000, -1.000000000000000000, 0.0000000000000000000 ) ) ;
#7149 = FACE_OUTER_BOUND ( 'NONE', #7551, .T. ) ;
#7150 = ORIENTED_EDGE ( 'NONE', *, *, #5788, .F. ) ;
#7151 = CARTESIAN_POINT ( 'NONE',  ( -15.64176560036758801, 25.36200999784368904, 50.00000000000000000 ) ) ;
#7152 = EDGE_CURVE ( 'NONE', #269, #3545, #4003, .T. ) ;
#7153 = LINE ( 'NONE', #3637, #3 ) ;
#7154 = AXIS2_PLACEMENT_3D ( 'NONE', #9651, #6124, #11498 ) ;
#7155 = CARTESIAN_POINT ( 'NONE',  ( 5.222687671900000161, 12.84840876450000025, 50.00000000000000000 ) ) ;
#7156 = ORIENTED_EDGE ( 'NONE', *, *, #3179, .F. ) ;
#7157 = VERTEX_POINT ( 'NONE', #2936 ) ;
#7158 = CARTESIAN_POINT ( 'NONE',  ( 27.67268767187360723, 47.04840876450009546, 50.00000000000000000 ) ) ;
#7159 = CARTESIAN_POINT ( 'NONE',  ( 7.776535249192996879, 18.04840876450000664, 50.00000000000000000 ) ) ;
#7160 = EDGE_CURVE ( 'NONE', #9111, #4862, #8497, .T. ) ;
#7161 = CARTESIAN_POINT ( 'NONE',  ( -3.527312328099999839, 11.04840876449999953, 50.00000000000000000 ) ) ;
#7162 = FACE_OUTER_BOUND ( 'NONE', #9663, .T. ) ;
#7163 = EDGE_LOOP ( 'NONE', ( #6783, #2251, #5579, #1255 ) ) ;
#7164 = DIRECTION ( 'NONE',  ( -1.000000000000000000, 0.0000000000000000000, 0.0000000000000000000 ) ) ;
#7165 = CARTESIAN_POINT ( 'NONE',  ( 20.14519321226683601, 20.64495767069328380, 50.00000000000000000 ) ) ;
#7166 = ORIENTED_EDGE ( 'NONE', *, *, #8597, .T. ) ;
#7167 = FACE_OUTER_BOUND ( 'NONE', #1847, .T. ) ;
#7168 = ORIENTED_EDGE ( 'NONE', *, *, #6902, .T. ) ;
#7169 = DIRECTION ( 'NONE',  ( 0.0000000000000000000, -1.000000000000000000, 0.0000000000000000000 ) ) ;
#7170 = AXIS2_PLACEMENT_3D ( 'NONE', #10351, #9534, #1645 ) ;
#7171 = DIRECTION ( 'NONE',  ( -0.0000000000000000000, -0.0000000000000000000, -1.000000000000000000 ) ) ;
#7172 = CARTESIAN_POINT ( 'NONE',  ( 7.776535249200000166, 57.54840876450001019, 50.00000000000000000 ) ) ;
#7173 = LINE ( 'NONE', #6432, #865 ) ;
#7174 = ORIENTED_EDGE ( 'NONE', *, *, #9589, .T. ) ;
#7175 = ORIENTED_EDGE ( 'NONE', *, *, #2632, .T. ) ;
#7176 = DIRECTION ( 'NONE',  ( -0.0000000000000000000, -0.0000000000000000000, -1.000000000000000000 ) ) ;
#7177 = DIRECTION ( 'NONE',  ( -1.000000000000000000, 0.0000000000000000000, 0.0000000000000000000 ) ) ;
#7178 = CARTESIAN_POINT ( 'NONE',  ( 3.380200608134316997, 68.53845630603856875, -50.00000000000000000 ) ) ;
#7179 = EDGE_LOOP ( 'NONE', ( #4386, #3786, #999, #246, #10584, #7199, #2567, #11154, #3284, #4673, #4167, #10938, #3831, #9596 ) ) ;
#7180 = CARTESIAN_POINT ( 'NONE',  ( 28.47268767190000105, 8.548408764499999535, 50.00000000000000000 ) ) ;
#7181 = EDGE_CURVE ( 'NONE', #10187, #6833, #8634, .T. ) ;
#7182 = CYLINDRICAL_SURFACE ( 'NONE', #8565, 0.5000000000000082157 ) ;
#7183 = ORIENTED_EDGE ( 'NONE', *, *, #7819, .F. ) ;
#7184 = FACE_OUTER_BOUND ( 'NONE', #8613, .T. ) ;
#7185 = ORIENTED_EDGE ( 'NONE', *, *, #5773, .T. ) ;
#7186 = DIRECTION ( 'NONE',  ( -0.0000000000000000000, -0.0000000000000000000, -1.000000000000000000 ) ) ;
#7187 = ADVANCED_FACE ( 'NONE', ( #6663 ), #10451, .T. ) ;
#7188 = DIRECTION ( 'NONE',  ( -0.0000000000000000000, -0.0000000000000000000, -1.000000000000000000 ) ) ;
#7189 = DIRECTION ( 'NONE',  ( -0.0000000000000000000, -0.0000000000000000000, -1.000000000000000000 ) ) ;
#7190 = ORIENTED_EDGE ( 'NONE', *, *, #7957, .T. ) ;
#7191 = AXIS2_PLACEMENT_3D ( 'NONE', #11151, #9438, #545 ) ;
#7192 = DIRECTION ( 'NONE',  ( -0.7071067811865474617, 0.7071067811865475727, -0.0000000000000000000 ) ) ;
#7193 = LINE ( 'NONE', #5324, #10141 ) ;
#7194 = EDGE_CURVE ( 'NONE', #5907, #9637, #6236, .T. ) ;
#7195 = FACE_OUTER_BOUND ( 'NONE', #2748, .T. ) ;
#7196 = FACE_OUTER_BOUND ( 'NONE', #758, .T. ) ;
#7197 = VERTEX_POINT ( 'NONE', #10916 ) ;
#7198 = FACE_OUTER_BOUND ( 'NONE', #318, .T. ) ;
#7199 = ORIENTED_EDGE ( 'NONE', *, *, #11349, .T. ) ;
#7200 = DIRECTION ( 'NONE',  ( 1.000000000000000000, 0.0000000000000000000, 0.0000000000000000000 ) ) ;
#7201 = EDGE_CURVE ( 'NONE', #7031, #8195, #1900, .T. ) ;
#7202 = AXIS2_PLACEMENT_3D ( 'NONE', #3323, #10337, #516 ) ;
#7203 = DIRECTION ( 'NONE',  ( -0.0000000000000000000, -0.0000000000000000000, -1.000000000000000000 ) ) ;
#7204 = CARTESIAN_POINT ( 'NONE',  ( 23.59714646530413162, 64.05630070969459666, 50.00000000000000000 ) ) ;
#7205 = DIRECTION ( 'NONE',  ( -1.000000000000000000, 0.0000000000000000000, 0.0000000000000000000 ) ) ;
#7206 = DIRECTION ( 'NONE',  ( 1.000000000000000000, 0.0000000000000000000, 0.0000000000000000000 ) ) ;
#7207 = DIRECTION ( 'NONE',  ( 0.0000000000000000000, 0.0000000000000000000, 1.000000000000000000 ) ) ;
#7208 = CIRCLE ( 'NONE', #508, 0.4999999999999344968 ) ;
#7209 = ORIENTED_EDGE ( 'NONE', *, *, #1937, .T. ) ;
#7210 = EDGE_CURVE ( 'NONE', #3032, #2148, #9477, .T. ) ;
#7211 = DIRECTION ( 'NONE',  ( 1.000000000000000000, 0.0000000000000000000, 0.0000000000000000000 ) ) ;
#7212 = CYLINDRICAL_SURFACE ( 'NONE', #5011, 0.4999999999999848455 ) ;
#7213 = CARTESIAN_POINT ( 'NONE',  ( 22.97268767190000460, -0.4515912354999883083, -50.00000000000000000 ) ) ;
#7214 = LINE ( 'NONE', #7985, #10291 ) ;
#7215 = EDGE_LOOP ( 'NONE', ( #2494, #5237, #6485, #8418 ) ) ;
#7216 = ORIENTED_EDGE ( 'NONE', *, *, #6369, .F. ) ;
#7217 = EDGE_CURVE ( 'NONE', #6038, #8157, #1609, .T. ) ;
#7218 = DIRECTION ( 'NONE',  ( 1.000000000000000000, 0.0000000000000000000, 0.0000000000000000000 ) ) ;
#7219 = DIRECTION ( 'NONE',  ( 0.0000000000000000000, 0.0000000000000000000, 1.000000000000000000 ) ) ;
#7220 = CARTESIAN_POINT ( 'NONE',  ( 17.73582739271387609, 12.29840876450030862, -50.00000000000000000 ) ) ;
#7221 = EDGE_CURVE ( 'NONE', #9803, #3235, #3853, .T. ) ;
#7222 = CARTESIAN_POINT ( 'NONE',  ( 19.97268767190000105, -0.9515912354999997991, 50.00000000000000000 ) ) ;
#7223 = FACE_OUTER_BOUND ( 'NONE', #6732, .T. ) ;
#7224 = VERTEX_POINT ( 'NONE', #2230 ) ;
#7225 = AXIS2_PLACEMENT_3D ( 'NONE', #4706, #11134, #11092 ) ;
#7226 = LINE ( 'NONE', #3625, #9883 ) ;
#7227 = ORIENTED_EDGE ( 'NONE', *, *, #3035, .T. ) ;
#7228 = ORIENTED_EDGE ( 'NONE', *, *, #2958, .T. ) ;
#7229 = ORIENTED_EDGE ( 'NONE', *, *, #7764, .F. ) ;
#7230 = DIRECTION ( 'NONE',  ( 0.0000000000000000000, 0.0000000000000000000, 1.000000000000000000 ) ) ;
#7231 = DIRECTION ( 'NONE',  ( -0.0000000000000000000, -0.0000000000000000000, -1.000000000000000000 ) ) ;
#7232 = PLANE ( 'NONE',  #3832 ) ;
#7233 = CARTESIAN_POINT ( 'NONE',  ( 19.47268767190000105, 71.04840876449999598, 50.00000000000000000 ) ) ;
#7234 = VECTOR ( 'NONE', #5100, 1000.000000000000000 ) ;
#7235 = ORIENTED_EDGE ( 'NONE', *, *, #11493, .F. ) ;
#7236 = CARTESIAN_POINT ( 'NONE',  ( 15.17268767189952072, 66.79840876449964071, 50.00000000000000000 ) ) ;
#7237 = VECTOR ( 'NONE', #11568, 1000.000000000000114 ) ;
#7238 = ORIENTED_EDGE ( 'NONE', *, *, #3004, .F. ) ;
#7239 = CARTESIAN_POINT ( 'NONE',  ( 1.222687671899840067, 57.24840876450021199, 50.00000000000000000 ) ) ;
#7240 = VERTEX_POINT ( 'NONE', #5839 ) ;
#7241 = EDGE_CURVE ( 'NONE', #7468, #7974, #4974, .T. ) ;
#7242 = PLANE ( 'NONE',  #9531 ) ;
#7243 = CIRCLE ( 'NONE', #6488, 26.40000000001025526 ) ;
#7244 = ORIENTED_EDGE ( 'NONE', *, *, #889, .F. ) ;
#7245 = EDGE_LOOP ( 'NONE', ( #5345, #8499, #5882, #10023 ) ) ;
#7246 = FACE_OUTER_BOUND ( 'NONE', #8610, .T. ) ;
#7247 = DIRECTION ( 'NONE',  ( 1.000000000000000000, 0.0000000000000000000, 0.0000000000000000000 ) ) ;
#7248 = CARTESIAN_POINT ( 'NONE',  ( 32.97268767190000460, 20.54840876449999953, 50.00000000000000000 ) ) ;
#7249 = CARTESIAN_POINT ( 'NONE',  ( -3.527312328100000727, 60.04840876450000309, 50.00000000000000000 ) ) ;
#7250 = CARTESIAN_POINT ( 'NONE',  ( 7.972687671900000161, -0.4515912355000000211, 50.00000000000000000 ) ) ;
#7251 = CARTESIAN_POINT ( 'NONE',  ( 5.222687671900000161, 52.84840876448123481, 50.00000000000000000 ) ) ;
#7252 = ADVANCED_FACE ( 'NONE', ( #4691 ), #7082, .F. ) ;
#7253 = CYLINDRICAL_SURFACE ( 'NONE', #1072, 26.39999999996004476 ) ;
#7254 = ORIENTED_EDGE ( 'NONE', *, *, #1097, .T. ) ;
#7255 = VERTEX_POINT ( 'NONE', #3025 ) ;
#7256 = CIRCLE ( 'NONE', #3063, 25.00000000000018829 ) ;
#7257 = DIRECTION ( 'NONE',  ( 1.000000000000000000, 0.0000000000000000000, 0.0000000000000000000 ) ) ;
#7258 = EDGE_CURVE ( 'NONE', #10811, #6890, #7662, .T. ) ;
#7259 = DIRECTION ( 'NONE',  ( -0.0000000000000000000, -0.0000000000000000000, -1.000000000000000000 ) ) ;
#7260 = CARTESIAN_POINT ( 'NONE',  ( 7.472687671900000161, -4.951591235499999577, 50.00000000000000000 ) ) ;
#7261 = DIRECTION ( 'NONE',  ( -0.0000000000000000000, -0.0000000000000000000, -1.000000000000000000 ) ) ;
#7262 = DIRECTION ( 'NONE',  ( -0.0000000000000000000, -0.0000000000000000000, -1.000000000000000000 ) ) ;
#7263 = CARTESIAN_POINT ( 'NONE',  ( 32.97268767190000460, 49.54840876450001019, -50.00000000000000000 ) ) ;
#7264 = ORIENTED_EDGE ( 'NONE', *, *, #4374, .T. ) ;
#7265 = DIRECTION ( 'NONE',  ( -0.0000000000000000000, -0.0000000000000000000, -1.000000000000000000 ) ) ;
#7266 = CIRCLE ( 'NONE', #4527, 0.4999999999999831246 ) ;
#7267 = AXIS2_PLACEMENT_3D ( 'NONE', #8733, #7814, #2431 ) ;
#7268 = VERTEX_POINT ( 'NONE', #2150 ) ;
#7269 = ORIENTED_EDGE ( 'NONE', *, *, #3450, .F. ) ;
#7270 = DIRECTION ( 'NONE',  ( 1.000000000000000000, 0.0000000000000000000, 0.0000000000000000000 ) ) ;
#7271 = CARTESIAN_POINT ( 'NONE',  ( 15.47268767189999927, 49.85225634180000043, 50.00000000000000000 ) ) ;
#7272 = VECTOR ( 'NONE', #7102, 1000.000000000000000 ) ;
#7273 = EDGE_LOOP ( 'NONE', ( #7383, #11508, #6042, #7617 ) ) ;
#7274 = EDGE_CURVE ( 'NONE', #6069, #10749, #5254, .T. ) ;
#7275 = AXIS2_PLACEMENT_3D ( 'NONE', #9352, #7477, #2184 ) ;
#7276 = CARTESIAN_POINT ( 'NONE',  ( 7.972687671899985951, -1.451591235500013122, 50.00000000000000000 ) ) ;
#7277 = FACE_OUTER_BOUND ( 'NONE', #5110, .T. ) ;
#7278 = ORIENTED_EDGE ( 'NONE', *, *, #5874, .T. ) ;
#7279 = EDGE_CURVE ( 'NONE', #1309, #1578, #10861, .T. ) ;
#7280 = CARTESIAN_POINT ( 'NONE',  ( 7.776535249200000166, 57.54840876450001019, 50.00000000000000000 ) ) ;
#7281 = AXIS2_PLACEMENT_3D ( 'NONE', #11559, #9708, #7846 ) ;
#7282 = CARTESIAN_POINT ( 'NONE',  ( 9.972687671900015260, 9.143919862700002454, 50.00000000000000000 ) ) ;
#7283 = FACE_OUTER_BOUND ( 'NONE', #7539, .T. ) ;
#7284 = ORIENTED_EDGE ( 'NONE', *, *, #4343, .F. ) ;
#7285 = DIRECTION ( 'NONE',  ( -1.000000000000000000, 0.0000000000000000000, 0.0000000000000000000 ) ) ;
#7286 = DIRECTION ( 'NONE',  ( -0.0000000000000000000, -0.0000000000000000000, -1.000000000000000000 ) ) ;
#7287 = DIRECTION ( 'NONE',  ( -0.0000000000000000000, -0.0000000000000000000, -1.000000000000000000 ) ) ;
#7288 = EDGE_CURVE ( 'NONE', #3274, #9429, #4414, .T. ) ;
#7289 = VECTOR ( 'NONE', #3867, 1000.000000000000000 ) ;
#7290 = CARTESIAN_POINT ( 'NONE',  ( -2.527312328099999394, 61.54840876450000309, 50.00000000000000000 ) ) ;
#7291 = ORIENTED_EDGE ( 'NONE', *, *, #5997, .T. ) ;
#7292 = VECTOR ( 'NONE', #11005, 1000.000000000000000 ) ;
#7293 = ORIENTED_EDGE ( 'NONE', *, *, #7133, .T. ) ;
#7294 = CARTESIAN_POINT ( 'NONE',  ( 18.16884009460584792, 12.04840876450011500, -50.00000000000000000 ) ) ;
#7295 = CARTESIAN_POINT ( 'NONE',  ( 14.97268767190001881, 20.54840876450001730, 50.00000000000000000 ) ) ;
#7296 = EDGE_CURVE ( 'NONE', #5071, #1986, #10585, .T. ) ;
#7297 = DIRECTION ( 'NONE',  ( -0.0000000000000000000, -0.0000000000000000000, -1.000000000000000000 ) ) ;
#7298 = CARTESIAN_POINT ( 'NONE',  ( 7.776535249192996879, 18.04840876450000664, 50.00000000000000000 ) ) ;
#7299 = CARTESIAN_POINT ( 'NONE',  ( 5.472687671899998385, -2.951591235500047539, 50.00000000000000000 ) ) ;
#7300 = LINE ( 'NONE', #8310, #8422 ) ;
#7301 = ORIENTED_EDGE ( 'NONE', *, *, #2464, .T. ) ;
#7302 = ORIENTED_EDGE ( 'NONE', *, *, #8102, .F. ) ;
#7303 = CARTESIAN_POINT ( 'NONE',  ( 28.47268767190000105, 60.04840876450000309, 50.00000000000000000 ) ) ;
#7304 = CIRCLE ( 'NONE', #6009, 0.4999999999999813483 ) ;
#7305 = ORIENTED_EDGE ( 'NONE', *, *, #10217, .T. ) ;
#7306 = EDGE_CURVE ( 'NONE', #1833, #9288, #3426, .T. ) ;
#7307 = AXIS2_PLACEMENT_3D ( 'NONE', #4315, #5206, #11485 ) ;
#7308 = CARTESIAN_POINT ( 'NONE',  ( 29.47268767189999394, 20.04840876449999598, 50.00000000000000000 ) ) ;
#7309 = CARTESIAN_POINT ( 'NONE',  ( -2.527312328099999839, 21.54840876449999953, 50.00000000000000000 ) ) ;
#7310 = ORIENTED_EDGE ( 'NONE', *, *, #3688, .T. ) ;
#7311 = ORIENTED_EDGE ( 'NONE', *, *, #5164, .F. ) ;
#7312 = DIRECTION ( 'NONE',  ( -1.000000000000000000, 0.0000000000000000000, 0.0000000000000000000 ) ) ;
#7313 = ADVANCED_FACE ( 'NONE', ( #5823 ), #5749, .F. ) ;
#7314 = ORIENTED_EDGE ( 'NONE', *, *, #8027, .F. ) ;
#7315 = DIRECTION ( 'NONE',  ( 0.0000000000000000000, 0.0000000000000000000, 1.000000000000000000 ) ) ;
#7316 = LINE ( 'NONE', #4043, #5192 ) ;
#7317 = ORIENTED_EDGE ( 'NONE', *, *, #9393, .F. ) ;
#7318 = AXIS2_PLACEMENT_3D ( 'NONE', #5608, #3888, #8367 ) ;
#7319 = CARTESIAN_POINT ( 'NONE',  ( -5.627312328100000371, 66.94840876450000167, 50.00000000000000000 ) ) ;
#7320 = ORIENTED_EDGE ( 'NONE', *, *, #10948, .F. ) ;
#7321 = ORIENTED_EDGE ( 'NONE', *, *, #6850, .T. ) ;
#7322 = DIRECTION ( 'NONE',  ( 0.0000000000000000000, -0.0000000000000000000, -1.000000000000000000 ) ) ;
#7323 = DIRECTION ( 'NONE',  ( -0.0000000000000000000, -0.0000000000000000000, -1.000000000000000000 ) ) ;
#7324 = AXIS2_PLACEMENT_3D ( 'NONE', #3779, #7398, #5663 ) ;
#7325 = ORIENTED_EDGE ( 'NONE', *, *, #1037, .F. ) ;
#7326 = DIRECTION ( 'NONE',  ( 0.0000000000000000000, 0.0000000000000000000, 1.000000000000000000 ) ) ;
#7327 = PLANE ( 'NONE',  #270 ) ;
#7328 = CIRCLE ( 'NONE', #3674, 0.4999999999999935052 ) ;
#7329 = EDGE_LOOP ( 'NONE', ( #4225, #9860, #653, #3083 ) ) ;
#7330 = DIRECTION ( 'NONE',  ( -0.0000000000000000000, -0.0000000000000000000, -1.000000000000000000 ) ) ;
#7331 = ORIENTED_EDGE ( 'NONE', *, *, #3142, .F. ) ;
#7332 = ORIENTED_EDGE ( 'NONE', *, *, #4280, .T. ) ;
#7333 = AXIS2_PLACEMENT_3D ( 'NONE', #2637, #6245, #7936 ) ;
#7334 = CARTESIAN_POINT ( 'NONE',  ( 24.72268767190004013, 17.24840876452017469, 50.00000000000000000 ) ) ;
#7335 = CARTESIAN_POINT ( 'NONE',  ( -5.527312328099999839, 11.04840876449999953, 50.00000000000000000 ) ) ;
#7336 = VECTOR ( 'NONE', #11525, 1000.000000000000000 ) ;
#7337 = VERTEX_POINT ( 'NONE', #5039 ) ;
#7338 = ORIENTED_EDGE ( 'NONE', *, *, #7021, .F. ) ;
#7339 = DIRECTION ( 'NONE',  ( -1.000000000000000000, 0.0000000000000000000, 0.0000000000000000000 ) ) ;
#7340 = FACE_OUTER_BOUND ( 'NONE', #9399, .T. ) ;
#7341 = ORIENTED_EDGE ( 'NONE', *, *, #927, .T. ) ;
#7342 = DIRECTION ( 'NONE',  ( -1.000000000000000000, 0.0000000000000000000, 0.0000000000000000000 ) ) ;
#7343 = ORIENTED_EDGE ( 'NONE', *, *, #9765, .T. ) ;
#7344 = EDGE_CURVE ( 'NONE', #4037, #11317, #1051, .T. ) ;
#7345 = FACE_OUTER_BOUND ( 'NONE', #5126, .T. ) ;
#7346 = CARTESIAN_POINT ( 'NONE',  ( 32.97268767190000460, 49.54840876450001019, -50.00000000000000000 ) ) ;
#7347 = EDGE_LOOP ( 'NONE', ( #1346, #4834, #5846, #8207 ) ) ;
#7348 = DIRECTION ( 'NONE',  ( -0.0000000000000000000, -0.0000000000000000000, -1.000000000000000000 ) ) ;
#7349 = VECTOR ( 'NONE', #7968, 1000.000000000000000 ) ;
#7350 = CIRCLE ( 'NONE', #5838, 0.5000000000000143219 ) ;
#7351 = EDGE_LOOP ( 'NONE', ( #4096, #9314, #8861, #7015 ) ) ;
#7352 = DIRECTION ( 'NONE',  ( 0.0000000000000000000, 1.000000000000000000, -0.0000000000000000000 ) ) ;
#7353 = EDGE_CURVE ( 'NONE', #2217, #11003, #3295, .T. ) ;
#7354 = FACE_OUTER_BOUND ( 'NONE', #7351, .T. ) ;
#7355 = ORIENTED_EDGE ( 'NONE', *, *, #1061, .F. ) ;
#7356 = DIRECTION ( 'NONE',  ( -1.000000000000000000, 0.0000000000000000000, 0.0000000000000000000 ) ) ;
#7357 = LINE ( 'NONE', #7085, #3148 ) ;
#7358 = VERTEX_POINT ( 'NONE', #662 ) ;
#7359 = SURFACE_STYLE_USAGE ( .BOTH. , #6563 ) ;
#7360 = AXIS2_PLACEMENT_3D ( 'NONE', #1884, #8160, #2782 ) ;
#7361 = ORIENTED_EDGE ( 'NONE', *, *, #7217, .T. ) ;
#7362 = DIRECTION ( 'NONE',  ( -1.000000000000000000, 0.0000000000000000000, 0.0000000000000000000 ) ) ;
#7363 = CARTESIAN_POINT ( 'NONE',  ( 24.93160592959252853, 4.238488667905892626, 50.00000000000000000 ) ) ;
#7364 = DIRECTION ( 'NONE',  ( -0.0000000000000000000, -0.0000000000000000000, -1.000000000000000000 ) ) ;
#7365 = PLANE ( 'NONE',  #7103 ) ;
#7366 = DIRECTION ( 'NONE',  ( 1.000000000000000000, 0.0000000000000000000, 0.0000000000000000000 ) ) ;
#7367 = EDGE_CURVE ( 'NONE', #7992, #963, #7372, .T. ) ;
#7368 = DIRECTION ( 'NONE',  ( 0.0000000000000000000, 1.000000000000000000, -0.0000000000000000000 ) ) ;
#7369 = CIRCLE ( 'NONE', #8612, 4.000000000000017764 ) ;
#7370 = ORIENTED_EDGE ( 'NONE', *, *, #7622, .T. ) ;
#7371 = ADVANCED_FACE ( 'NONE', ( #2878 ), #9446, .F. ) ;
#7372 = LINE ( 'NONE', #8510, #11575 ) ;
#7373 = ORIENTED_EDGE ( 'NONE', *, *, #7142, .T. ) ;
#7374 = ORIENTED_EDGE ( 'NONE', *, *, #2091, .T. ) ;
#7375 = ORIENTED_EDGE ( 'NONE', *, *, #10806, .F. ) ;
#7376 = EDGE_CURVE ( 'NONE', #61, #5935, #8911, .T. ) ;
#7377 = CARTESIAN_POINT ( 'NONE',  ( -15.64176560054782783, 44.73480753138829868, 50.00000000000000000 ) ) ;
#7378 = DIRECTION ( 'NONE',  ( 0.0000000000000000000, 0.0000000000000000000, 1.000000000000000000 ) ) ;
#7379 = DIRECTION ( 'NONE',  ( -0.0000000000000000000, -0.0000000000000000000, -1.000000000000000000 ) ) ;
#7380 = EDGE_CURVE ( 'NONE', #3369, #6474, #9742, .T. ) ;
#7381 = CARTESIAN_POINT ( 'NONE',  ( 2.516320966000005654, 66.65377363150000178, 50.00000000000000000 ) ) ;
#7382 = CYLINDRICAL_SURFACE ( 'NONE', #10246, 1.500000000000001332 ) ;
#7383 = ORIENTED_EDGE ( 'NONE', *, *, #1955, .F. ) ;
#7384 = VECTOR ( 'NONE', #4500, 1000.000000000000000 ) ;
#7385 = DIRECTION ( 'NONE',  ( 1.000000000000000000, 0.0000000000000000000, 0.0000000000000000000 ) ) ;
#7386 = CARTESIAN_POINT ( 'NONE',  ( 24.37268767190000318, -3.051591235500000554, 50.00000000000000000 ) ) ;
#7387 = EDGE_CURVE ( 'NONE', #6745, #4005, #11294, .T. ) ;
#7388 = AXIS2_PLACEMENT_3D ( 'NONE', #8511, #3253, #1447 ) ;
#7389 = CARTESIAN_POINT ( 'NONE',  ( 15.17268767190000034, 7.298408764500000423, -50.00000000000000000 ) ) ;
#7390 = LINE ( 'NONE', #1341, #9354 ) ;
#7391 = ORIENTED_EDGE ( 'NONE', *, *, #10632, .T. ) ;
#7392 = ORIENTED_EDGE ( 'NONE', *, *, #1140, .F. ) ;
#7393 = CIRCLE ( 'NONE', #2758, 0.4999999999999813483 ) ;
#7394 = EDGE_CURVE ( 'NONE', #1720, #10849, #9197, .T. ) ;
#7395 = ORIENTED_EDGE ( 'NONE', *, *, #2723, .T. ) ;
#7396 = CARTESIAN_POINT ( 'NONE',  ( 21.98057961718305364, 4.423949971085109567, 50.00000000000000000 ) ) ;
#7397 = CARTESIAN_POINT ( 'NONE',  ( 5.472687671900010820, -2.451591235500058197, 50.00000000000000000 ) ) ;
#7398 = DIRECTION ( 'NONE',  ( -0.0000000000000000000, -0.0000000000000000000, -1.000000000000000000 ) ) ;
#7399 = DIRECTION ( 'NONE',  ( -0.0000000000000000000, -0.0000000000000000000, -1.000000000000000000 ) ) ;
#7400 = DIRECTION ( 'NONE',  ( -0.0000000000000000000, -0.0000000000000000000, -1.000000000000000000 ) ) ;
#7401 = CARTESIAN_POINT ( 'NONE',  ( 32.97268767190000460, 71.04840876449999598, 50.00000000000000000 ) ) ;
#7402 = VECTOR ( 'NONE', #1354, 1000.000000000000000 ) ;
#7403 = DIRECTION ( 'NONE',  ( 1.000000000000000000, 0.0000000000000000000, 0.0000000000000000000 ) ) ;
#7404 = ORIENTED_EDGE ( 'NONE', *, *, #10876, .F. ) ;
#7405 = AXIS2_PLACEMENT_3D ( 'NONE', #5842, #484, #3180 ) ;
#7406 = DIRECTION ( 'NONE',  ( -0.0000000000000000000, -0.0000000000000000000, -1.000000000000000000 ) ) ;
#7407 = LINE ( 'NONE', #6951, #9094 ) ;
#7408 = VERTEX_POINT ( 'NONE', #11355 ) ;
#7409 = LINE ( 'NONE', #10990, #4867 ) ;
#7410 = CARTESIAN_POINT ( 'NONE',  ( 24.87268767190000318, -3.551591235500000554, -50.00000000000000000 ) ) ;
#7411 = EDGE_CURVE ( 'NONE', #8148, #5389, #10022, .T. ) ;
#7412 = DIRECTION ( 'NONE',  ( -0.0000000000000000000, -0.0000000000000000000, -1.000000000000000000 ) ) ;
#7413 = ORIENTED_EDGE ( 'NONE', *, *, #2938, .T. ) ;
#7414 = DIRECTION ( 'NONE',  ( 0.7071067811865465735, -0.7071067811865484609, 0.0000000000000000000 ) ) ;
#7415 = CARTESIAN_POINT ( 'NONE',  ( 2.972687671900000161, 70.54840876449999598, 50.00000000000000000 ) ) ;
#7416 = FACE_OUTER_BOUND ( 'NONE', #1702, .T. ) ;
#7417 = VERTEX_POINT ( 'NONE', #3211 ) ;
#7418 = CARTESIAN_POINT ( 'NONE',  ( -1.727312328100000016, 65.04840876449999598, 50.00000000000000000 ) ) ;
#7419 = AXIS2_PLACEMENT_3D ( 'NONE', #1892, #44, #6312 ) ;
#7420 = VECTOR ( 'NONE', #4576, 1000.000000000000000 ) ;
#7421 = DIRECTION ( 'NONE',  ( -1.000000000000000000, 0.0000000000000000000, 0.0000000000000000000 ) ) ;
#7422 = EDGE_CURVE ( 'NONE', #4552, #3614, #1888, .T. ) ;
#7423 = CARTESIAN_POINT ( 'NONE',  ( 7.068198770170257994, 12.04840876450001907, 50.00000000000000000 ) ) ;
#7424 = ADVANCED_FACE ( 'NONE', ( #501 ), #1322, .F. ) ;
#7425 = DIRECTION ( 'NONE',  ( -1.000000000000000000, 0.0000000000000000000, 0.0000000000000000000 ) ) ;
#7426 = EDGE_CURVE ( 'NONE', #11523, #8768, #2022, .T. ) ;
#7427 = AXIS2_PLACEMENT_3D ( 'NONE', #4141, #11419, #8650 ) ;
#7428 = CYLINDRICAL_SURFACE ( 'NONE', #7534, 2.499999999999998668 ) ;
#7429 = EDGE_LOOP ( 'NONE', ( #4328, #7229, #495, #5292 ) ) ;
#7430 = LINE ( 'NONE', #5877, #1528 ) ;
#7431 = EDGE_CURVE ( 'NONE', #2078, #10544, #7506, .T. ) ;
#7432 = ORIENTED_EDGE ( 'NONE', *, *, #6210, .F. ) ;
#7433 = AXIS2_PLACEMENT_3D ( 'NONE', #8935, #893, #10717 ) ;
#7434 = DIRECTION ( 'NONE',  ( 0.0000000000000000000, 0.0000000000000000000, 1.000000000000000000 ) ) ;
#7435 = CARTESIAN_POINT ( 'NONE',  ( 14.97268767189999927, 21.04840876449999953, -50.00000000000000000 ) ) ;
#7436 = DIRECTION ( 'NONE',  ( -0.0000000000000000000, -0.0000000000000000000, -1.000000000000000000 ) ) ;
#7437 = DIRECTION ( 'NONE',  ( -0.0000000000000000000, -0.0000000000000000000, -1.000000000000000000 ) ) ;
#7438 = FACE_OUTER_BOUND ( 'NONE', #10194, .T. ) ;
#7439 = ORIENTED_EDGE ( 'NONE', *, *, #9236, .T. ) ;
#7440 = EDGE_CURVE ( 'NONE', #9042, #11149, #10850, .T. ) ;
#7441 = DIRECTION ( 'NONE',  ( 0.0000000000000000000, 0.0000000000000000000, 1.000000000000000000 ) ) ;
#7442 = CIRCLE ( 'NONE', #3733, 26.70000000000182894 ) ;
#7443 = AXIS2_PLACEMENT_3D ( 'NONE', #3805, #10974, #2083 ) ;
#7444 = VERTEX_POINT ( 'NONE', #10499 ) ;
#7445 = ORIENTED_EDGE ( 'NONE', *, *, #3808, .F. ) ;
#7446 = CARTESIAN_POINT ( 'NONE',  ( 17.73582739270758424, 57.79840876449988940, -50.00000000000000000 ) ) ;
#7447 = EDGE_CURVE ( 'NONE', #6734, #10057, #6939, .T. ) ;
#7448 = CIRCLE ( 'NONE', #1129, 1.500000000000035971 ) ;
#7449 = ORIENTED_EDGE ( 'NONE', *, *, #10649, .T. ) ;
#7450 = AXIS2_PLACEMENT_3D ( 'NONE', #8574, #10363, #576 ) ;
#7451 = CARTESIAN_POINT ( 'NONE',  ( 27.67268767190000034, 3.648408764536434923, 50.00000000000000000 ) ) ;
#7452 = DIRECTION ( 'NONE',  ( -0.0000000000000000000, -0.0000000000000000000, -1.000000000000000000 ) ) ;
#7453 = CARTESIAN_POINT ( 'NONE',  ( -5.627312328100001260, 66.94840876450000167, 50.00000000000000000 ) ) ;
#7454 = EDGE_LOOP ( 'NONE', ( #8287, #5762, #713, #7602 ) ) ;
#7455 = ORIENTED_EDGE ( 'NONE', *, *, #1948, .T. ) ;
#7456 = ORIENTED_EDGE ( 'NONE', *, *, #9217, .F. ) ;
#7457 = DIRECTION ( 'NONE',  ( -0.0000000000000000000, -0.0000000000000000000, -1.000000000000000000 ) ) ;
#7458 = EDGE_CURVE ( 'NONE', #8525, #4657, #5813, .T. ) ;
#7459 = DIRECTION ( 'NONE',  ( -1.000000000000000000, 0.0000000000000000000, 0.0000000000000000000 ) ) ;
#7460 = VECTOR ( 'NONE', #6233, 1000.000000000000000 ) ;
#7461 = ORIENTED_EDGE ( 'NONE', *, *, #3601, .T. ) ;
#7462 = ORIENTED_EDGE ( 'NONE', *, *, #8368, .T. ) ;
#7463 = CARTESIAN_POINT ( 'NONE',  ( 18.87717657370000168, 12.54840876449999953, 50.00000000000000000 ) ) ;
#7464 = VERTEX_POINT ( 'NONE', #1667 ) ;
#7465 = DIRECTION ( 'NONE',  ( -0.0000000000000000000, -0.0000000000000000000, -1.000000000000000000 ) ) ;
#7466 = ADVANCED_FACE ( 'NONE', ( #10171 ), #2867, .F. ) ;
#7467 = LINE ( 'NONE', #7541, #6350 ) ;
#7468 = VERTEX_POINT ( 'NONE', #11511 ) ;
#7469 = AXIS2_PLACEMENT_3D ( 'NONE', #7742, #2370, #6867 ) ;
#7470 = CYLINDRICAL_SURFACE ( 'NONE', #3077, 1.500000000000014433 ) ;
#7471 = ORIENTED_EDGE ( 'NONE', *, *, #1340, .F. ) ;
#7472 = DIRECTION ( 'NONE',  ( 0.0000000000000000000, 0.0000000000000000000, 1.000000000000000000 ) ) ;
#7473 = AXIS2_PLACEMENT_3D ( 'NONE', #8185, #10714, #2766 ) ;
#7474 = DIRECTION ( 'NONE',  ( 1.000000000000000000, 0.0000000000000000000, 0.0000000000000000000 ) ) ;
#7475 = EDGE_LOOP ( 'NONE', ( #6276, #5546, #6375, #8621 ) ) ;
#7476 = ADVANCED_FACE ( 'NONE', ( #765 ), #9660, .F. ) ;
#7477 = DIRECTION ( 'NONE',  ( 1.000000000000000000, 0.0000000000000000000, 0.0000000000000000000 ) ) ;
#7478 = CARTESIAN_POINT ( 'NONE',  ( 3.598858355908025608, 4.764669563478554970, 50.00000000000000000 ) ) ;
#7479 = LINE ( 'NONE', #1421, #6346 ) ;
#7480 = FACE_OUTER_BOUND ( 'NONE', #2599, .T. ) ;
#7481 = DIRECTION ( 'NONE',  ( -0.0000000000000000000, -0.0000000000000000000, -1.000000000000000000 ) ) ;
#7482 = CIRCLE ( 'NONE', #4028, 1.999999999999960032 ) ;
#7483 = ORIENTED_EDGE ( 'NONE', *, *, #5551, .F. ) ;
#7484 = LINE ( 'NONE', #4969, #329 ) ;
#7485 = ADVANCED_FACE ( 'NONE', ( #10303 ), #9629, .T. ) ;
#7486 = ORIENTED_EDGE ( 'NONE', *, *, #8001, .T. ) ;
#7487 = AXIS2_PLACEMENT_3D ( 'NONE', #8345, #2973, #5669 ) ;
#7488 = CARTESIAN_POINT ( 'NONE',  ( 15.97268767190005967, 60.95289766620000904, 50.00000000000000000 ) ) ;
#7489 = CARTESIAN_POINT ( 'NONE',  ( 24.72268767189978433, 57.24840876451167304, 50.00000000000000000 ) ) ;
#7490 = DIRECTION ( 'NONE',  ( 1.000000000000000000, 0.0000000000000000000, 0.0000000000000000000 ) ) ;
#7492 = CIRCLE ( 'NONE', #3718, 0.5000000000000004441 ) ;
#7491 = CARTESIAN_POINT ( 'NONE',  ( -4.527312328099999839, 7.548408764500001311, 50.00000000000000000 ) ) ;
#7493 = CARTESIAN_POINT ( 'NONE',  ( 29.47268767190000105, 51.04840876450000309, 50.00000000000000000 ) ) ;
#7494 = VERTEX_POINT ( 'NONE', #11466 ) ;
#7495 = FACE_OUTER_BOUND ( 'NONE', #3107, .T. ) ;
#7496 = FACE_OUTER_BOUND ( 'NONE', #6322, .T. ) ;
#7497 = ORIENTED_EDGE ( 'NONE', *, *, #3330, .F. ) ;
#7498 = ORIENTED_EDGE ( 'NONE', *, *, #11581, .F. ) ;
#7499 = DIRECTION ( 'NONE',  ( 1.000000000000000000, -0.0000000000000000000, -0.0000000000000000000 ) ) ;
#7500 = EDGE_CURVE ( 'NONE', #8157, #3981, #348, .T. ) ;
#7501 = AXIS2_PLACEMENT_3D ( 'NONE', #707, #673, #8743 ) ;
#7502 = CARTESIAN_POINT ( 'NONE',  ( -5.127312328099986161, 66.94840876450001588, 50.00000000000000000 ) ) ;
#7503 = CIRCLE ( 'NONE', #8447, 2.500000000000015987 ) ;
#7504 = ORIENTED_EDGE ( 'NONE', *, *, #3906, .T. ) ;
#7505 = CARTESIAN_POINT ( 'NONE',  ( -5.527312328099999839, 11.04840876449999953, 50.00000000000000000 ) ) ;
#7506 = CIRCLE ( 'NONE', #3430, 3.400000000000701128 ) ;
#7507 = VERTEX_POINT ( 'NONE', #6136 ) ;
#7508 = ORIENTED_EDGE ( 'NONE', *, *, #150, .T. ) ;
#7509 = AXIS2_PLACEMENT_3D ( 'NONE', #151, #4499, #10884 ) ;
#7510 = DIRECTION ( 'NONE',  ( 1.000000000000000000, 0.0000000000000000000, 0.0000000000000000000 ) ) ;
#7511 = VERTEX_POINT ( 'NONE', #8806 ) ;
#7512 = EDGE_CURVE ( 'NONE', #2461, #10842, #3418, .T. ) ;
#7513 = LINE ( 'NONE', #7780, #10461 ) ;
#7514 = CARTESIAN_POINT ( 'NONE',  ( 10.97268767190000283, 20.54840876449999598, -50.00000000000000000 ) ) ;
#7515 = ORIENTED_EDGE ( 'NONE', *, *, #9292, .T. ) ;
#7516 = AXIS2_PLACEMENT_3D ( 'NONE', #2530, #5234, #633 ) ;
#7517 = CARTESIAN_POINT ( 'NONE',  ( 10.47268767189999927, 9.143919862700000678, 50.00000000000000000 ) ) ;
#7518 = CIRCLE ( 'NONE', #3655, 1.500000000000004885 ) ;
#7519 = CARTESIAN_POINT ( 'NONE',  ( -5.627312328100000371, 3.148408764500000512, 50.00000000000000000 ) ) ;
#7520 = CARTESIAN_POINT ( 'NONE',  ( 2.688948470993043127, 5.674579448493523692, -50.00000000000000000 ) ) ;
#7521 = DIRECTION ( 'NONE',  ( 1.000000000000000000, 0.0000000000000000000, 0.0000000000000000000 ) ) ;
#7522 = ORIENTED_EDGE ( 'NONE', *, *, #5211, .T. ) ;
#7523 = EDGE_CURVE ( 'NONE', #2720, #8876, #494, .T. ) ;
#7524 = VECTOR ( 'NONE', #5687, 1000.000000000000000 ) ;
#7525 = VERTEX_POINT ( 'NONE', #5147 ) ;
#7526 = ORIENTED_EDGE ( 'NONE', *, *, #2616, .T. ) ;
#7527 = FACE_BOUND ( 'NONE', #10792, .T. ) ;
#7528 = ADVANCED_FACE ( 'NONE', ( #3021 ), #9467, .F. ) ;
#7529 = DIRECTION ( 'NONE',  ( -0.0000000000000000000, -0.0000000000000000000, -1.000000000000000000 ) ) ;
#7530 = CARTESIAN_POINT ( 'NONE',  ( 21.51041085814595277, 19.63195185660351427, 50.00000000000000000 ) ) ;
#7531 = EDGE_CURVE ( 'NONE', #4993, #6574, #1038, .T. ) ;
#7532 = DIRECTION ( 'NONE',  ( -0.0000000000000000000, -0.0000000000000000000, -1.000000000000000000 ) ) ;
#7533 = DIRECTION ( 'NONE',  ( -0.0000000000000000000, -0.0000000000000000000, -1.000000000000000000 ) ) ;
#7534 = AXIS2_PLACEMENT_3D ( 'NONE', #5717, #1211, #6545 ) ;
#7535 = DIRECTION ( 'NONE',  ( 0.0000000000000000000, 0.0000000000000000000, 1.000000000000000000 ) ) ;
#7536 = ADVANCED_FACE ( 'NONE', ( #4550 ), #7920, .F. ) ;
#7537 = FACE_OUTER_BOUND ( 'NONE', #7086, .T. ) ;
#7538 = ORIENTED_EDGE ( 'NONE', *, *, #4339, .T. ) ;
#7539 = EDGE_LOOP ( 'NONE', ( #7084, #3535, #4721, #1399 ) ) ;
#7540 = CIRCLE ( 'NONE', #3026, 25.00000000000091660 ) ;
#7541 = CARTESIAN_POINT ( 'NONE',  ( -5.027312328100006944, 47.54840876450000309, 50.00000000000000000 ) ) ;
#7542 = DIRECTION ( 'NONE',  ( -0.0000000000000000000, -0.0000000000000000000, -1.000000000000000000 ) ) ;
#7543 = EDGE_CURVE ( 'NONE', #7756, #2590, #9603, .T. ) ;
#7544 = AXIS2_PLACEMENT_3D ( 'NONE', #9379, #1258, #3966 ) ;
#7545 = CARTESIAN_POINT ( 'NONE',  ( 19.37255887009296274, 57.98061215432844051, 50.00000000000000000 ) ) ;
#7546 = ORIENTED_EDGE ( 'NONE', *, *, #8283, .T. ) ;
#7547 = ADVANCED_FACE ( 'NONE', ( #5526 ), #2310, .T. ) ;
#7548 = CARTESIAN_POINT ( 'NONE',  ( 24.57805253900000153, 65.50477547050000737, 50.00000000000000000 ) ) ;
#7549 = EDGE_CURVE ( 'NONE', #7898, #3777, #6653, .T. ) ;
#7550 = VECTOR ( 'NONE', #6335, 1000.000000000000000 ) ;
#7551 = EDGE_LOOP ( 'NONE', ( #8832, #311, #8460, #7800 ) ) ;
#7552 = DIRECTION ( 'NONE',  ( 1.000000000000000000, 0.0000000000000000000, 0.0000000000000000000 ) ) ;
#7553 = VECTOR ( 'NONE', #11617, 1000.000000000000000 ) ;
#7554 = EDGE_LOOP ( 'NONE', ( #10210, #825, #8076, #10093 ) ) ;
#7555 = DIRECTION ( 'NONE',  ( -0.0000000000000000000, -0.0000000000000000000, -1.000000000000000000 ) ) ;
#7556 = CARTESIAN_POINT ( 'NONE',  ( 5.222687671900000161, 17.24840876449999882, -50.00000000000000000 ) ) ;
#7557 = PLANE ( 'NONE',  #7275 ) ;
#7558 = CARTESIAN_POINT ( 'NONE',  ( 41.58714094422884244, 25.36200999777808818, 50.00000000000000000 ) ) ;
#7559 = VECTOR ( 'NONE', #3144, 1000.000000000000000 ) ;
#7560 = AXIS2_PLACEMENT_3D ( 'NONE', #417, #2342, #1397 ) ;
#7561 = ORIENTED_EDGE ( 'NONE', *, *, #5409, .F. ) ;
#7562 = CARTESIAN_POINT ( 'NONE',  ( 27.67268767190000389, 43.34840876450042657, 50.00000000000000000 ) ) ;
#7563 = FACE_OUTER_BOUND ( 'NONE', #8227, .T. ) ;
#7564 = ORIENTED_EDGE ( 'NONE', *, *, #3688, .F. ) ;
#7565 = EDGE_CURVE ( 'NONE', #2829, #177, #7357, .T. ) ;
#7566 = DIRECTION ( 'NONE',  ( -1.000000000000000000, 0.0000000000000000000, 0.0000000000000000000 ) ) ;
#7567 = DIRECTION ( 'NONE',  ( 0.0000000000000000000, -0.0000000000000000000, -1.000000000000000000 ) ) ;
#7568 = CARTESIAN_POINT ( 'NONE',  ( -7.027312328099999839, 60.54840876450000309, -50.00000000000000000 ) ) ;
#7569 = VECTOR ( 'NONE', #5122, 1000.000000000000000 ) ;
#7570 = CARTESIAN_POINT ( 'NONE',  ( 28.47268767190000105, 8.548408764499999535, -50.00000000000000000 ) ) ;
#7571 = ORIENTED_EDGE ( 'NONE', *, *, #476, .T. ) ;
#7572 = ORIENTED_EDGE ( 'NONE', *, *, #7181, .T. ) ;
#7573 = CARTESIAN_POINT ( 'NONE',  ( -3.527312328099999839, 51.04840876450000309, -50.00000000000000000 ) ) ;
#7574 = AXIS2_PLACEMENT_3D ( 'NONE', #6886, #9696, #10559 ) ;
#7575 = LINE ( 'NONE', #1993, #8271 ) ;
#7576 = EDGE_LOOP ( 'NONE', ( #8054, #8716, #600, #11074 ) ) ;
#7577 = DIRECTION ( 'NONE',  ( 0.0000000000000000000, 0.0000000000000000000, 1.000000000000000000 ) ) ;
#7578 = EDGE_CURVE ( 'NONE', #2381, #6745, #9730, .T. ) ;
#7579 = LINE ( 'NONE', #9812, #8981 ) ;
#7580 = VERTEX_POINT ( 'NONE', #4334 ) ;
#7581 = EDGE_CURVE ( 'NONE', #175, #5631, #2581, .T. ) ;
#7582 = AXIS2_PLACEMENT_3D ( 'NONE', #1026, #1816, #7270 ) ;
#7583 = DIRECTION ( 'NONE',  ( -0.0000000000000000000, 1.000000000000000000, -0.0000000000000000000 ) ) ;
#7584 = ADVANCED_FACE ( 'NONE', ( #4680 ), #9044, .T. ) ;
#7585 = FACE_OUTER_BOUND ( 'NONE', #9608, .T. ) ;
#7586 = VERTEX_POINT ( 'NONE', #6291 ) ;
#7587 = EDGE_CURVE ( 'NONE', #3390, #4832, #7798, .T. ) ;
#7588 = ORIENTED_EDGE ( 'NONE', *, *, #11157, .F. ) ;
#7589 = ORIENTED_EDGE ( 'NONE', *, *, #3606, .T. ) ;
#7590 = DIRECTION ( 'NONE',  ( -0.0000000000000000000, -0.0000000000000000000, -1.000000000000000000 ) ) ;
#7591 =( NAMED_UNIT ( * ) PLANE_ANGLE_UNIT ( ) SI_UNIT ( $, .RADIAN. ) );
#7592 = ORIENTED_EDGE ( 'NONE', *, *, #1126, .T. ) ;
#7593 = DIRECTION ( 'NONE',  ( 0.0000000000000000000, 0.0000000000000000000, 1.000000000000000000 ) ) ;
#7594 = ADVANCED_FACE ( 'NONE', ( #4404 ), #638, .T. ) ;
#7595 = DIRECTION ( 'NONE',  ( 1.000000000000000000, 0.0000000000000000000, 0.0000000000000000000 ) ) ;
#7596 = CARTESIAN_POINT ( 'NONE',  ( -4.527312328099999839, 7.548408764500001311, -50.00000000000000000 ) ) ;
#7597 = CARTESIAN_POINT ( 'NONE',  ( 10.77268767189999821, 62.79840876450000309, 50.00000000000000000 ) ) ;
#7598 = EDGE_CURVE ( 'NONE', #6428, #4837, #7226, .T. ) ;
#7599 = CIRCLE ( 'NONE', #1811, 2.600000000000019185 ) ;
#7600 = ORIENTED_EDGE ( 'NONE', *, *, #7133, .F. ) ;
#7601 = DIRECTION ( 'NONE',  ( -0.0000000000000000000, -0.0000000000000000000, -1.000000000000000000 ) ) ;
#7602 = ORIENTED_EDGE ( 'NONE', *, *, #8017, .T. ) ;
#7603 = DIRECTION ( 'NONE',  ( 1.000000000000000000, 0.0000000000000000000, 0.0000000000000000000 ) ) ;
#7604 = EDGE_CURVE ( 'NONE', #8720, #5133, #5240, .T. ) ;
#7605 = AXIS2_PLACEMENT_3D ( 'NONE', #4508, #10040, #5412 ) ;
#7606 = ADVANCED_FACE ( 'NONE', ( #5388 ), #8183, .F. ) ;
#7607 = VERTEX_POINT ( 'NONE', #98 ) ;
#7608 = ORIENTED_EDGE ( 'NONE', *, *, #5696, .T. ) ;
#7609 = ORIENTED_EDGE ( 'NONE', *, *, #1991, .F. ) ;
#7610 = CARTESIAN_POINT ( 'NONE',  ( 3.380200608223121073, 1.558361222972360460, 50.00000000000000000 ) ) ;
#7611 = DIRECTION ( 'NONE',  ( 0.0000000000000000000, 0.0000000000000000000, 1.000000000000000000 ) ) ;
#7612 = LINE ( 'NONE', #6819, #603 ) ;
#7613 = CARTESIAN_POINT ( 'NONE',  ( 25.43427562374595041, 25.99450983246703828, 50.00000000000000000 ) ) ;
#7614 = DIRECTION ( 'NONE',  ( 1.000000000000000000, 0.0000000000000000000, 0.0000000000000000000 ) ) ;
#7615 = DIRECTION ( 'NONE',  ( 1.000000000000000000, 0.0000000000000000000, 0.0000000000000000000 ) ) ;
#7616 = FACE_OUTER_BOUND ( 'NONE', #7475, .T. ) ;
#7617 = ORIENTED_EDGE ( 'NONE', *, *, #10083, .T. ) ;
#7618 = ORIENTED_EDGE ( 'NONE', *, *, #5347, .T. ) ;
#7619 = CARTESIAN_POINT ( 'NONE',  ( 26.46273521346178370, 45.45592170069594573, 50.00000000000000000 ) ) ;
#7620 = CARTESIAN_POINT ( 'NONE',  ( 7.472687671900005490, -3.451591235500005350, 50.00000000000000000 ) ) ;
#7621 = ORIENTED_EDGE ( 'NONE', *, *, #10207, .T. ) ;
#7622 = EDGE_CURVE ( 'NONE', #293, #10401, #11421, .T. ) ;
#7623 = DIRECTION ( 'NONE',  ( 0.0000000000000000000, 0.0000000000000000000, 1.000000000000000000 ) ) ;
#7624 = DIRECTION ( 'NONE',  ( 0.0000000000000000000, 0.0000000000000000000, 1.000000000000000000 ) ) ;
#7625 = CIRCLE ( 'NONE', #10943, 2.499999999999998668 ) ;
#7626 = CARTESIAN_POINT ( 'NONE',  ( 26.46273521344054558, 64.64089582826885305, -50.00000000000000000 ) ) ;
#7627 = ORIENTED_EDGE ( 'NONE', *, *, #8870, .T. ) ;
#7628 = ORIENTED_EDGE ( 'NONE', *, *, #1866, .F. ) ;
#7629 = LINE ( 'NONE', #7072, #2285 ) ;
#7630 = ORIENTED_EDGE ( 'NONE', *, *, #9145, .F. ) ;
#7631 = PLANE ( 'NONE',  #3096 ) ;
#7632 = ADVANCED_FACE ( 'NONE', ( #4830 ), #11564, .F. ) ;
#7633 = ORIENTED_EDGE ( 'NONE', *, *, #8763, .F. ) ;
#7634 = FACE_OUTER_BOUND ( 'NONE', #10663, .T. ) ;
#7635 = ORIENTED_EDGE ( 'NONE', *, *, #6598, .T. ) ;
#7636 = VECTOR ( 'NONE', #916, 1000.000000000000000 ) ;
#7637 = LINE ( 'NONE', #1960, #50 ) ;
#7638 = ORIENTED_EDGE ( 'NONE', *, *, #9895, .T. ) ;
#7639 = PLANE ( 'NONE',  #3586 ) ;
#7640 = VERTEX_POINT ( 'NONE', #6256 ) ;
#7641 = DIRECTION ( 'NONE',  ( 0.0000000000000000000, 0.0000000000000000000, 1.000000000000000000 ) ) ;
#7642 = DIRECTION ( 'NONE',  ( -1.000000000000000000, 0.0000000000000000000, 0.0000000000000000000 ) ) ;
#7643 = CARTESIAN_POINT ( 'NONE',  ( 28.47268767190000105, 26.74840876449999882, -50.00000000000000000 ) ) ;
#7644 = DIRECTION ( 'NONE',  ( -0.0000000000000000000, -0.0000000000000000000, -1.000000000000000000 ) ) ;
#7645 = EDGE_CURVE ( 'NONE', #5675, #1475, #9186, .T. ) ;
#7646 = DIRECTION ( 'NONE',  ( 0.0000000000000000000, -0.0000000000000000000, -1.000000000000000000 ) ) ;
#7647 = CIRCLE ( 'NONE', #5135, 2.499999999999997335 ) ;
#7648 = ORIENTED_EDGE ( 'NONE', *, *, #10876, .T. ) ;
#7649 = VECTOR ( 'NONE', #9559, 1000.000000000000000 ) ;
#7650 = ORIENTED_EDGE ( 'NONE', *, *, #5911, .F. ) ;
#7651 = ORIENTED_EDGE ( 'NONE', *, *, #198, .F. ) ;
#7652 = ADVANCED_FACE ( 'NONE', ( #2452 ), #4531, .F. ) ;
#7653 = AXIS2_PLACEMENT_3D ( 'NONE', #5553, #146, #8150 ) ;
#7654 = DIRECTION ( 'NONE',  ( -0.0000000000000000000, -0.0000000000000000000, -1.000000000000000000 ) ) ;
#7655 = CARTESIAN_POINT ( 'NONE',  ( 10.47268767189999927, 60.95289766620000194, 50.00000000000000000 ) ) ;
#7656 = CARTESIAN_POINT ( 'NONE',  ( 5.972687671900000161, -0.9515912355000000211, 50.00000000000000000 ) ) ;
#7657 = DIRECTION ( 'NONE',  ( 1.000000000000000000, 0.0000000000000000000, 0.0000000000000000000 ) ) ;
#7658 = DIRECTION ( 'NONE',  ( -0.0000000000000000000, -0.0000000000000000000, -1.000000000000000000 ) ) ;
#7659 = CYLINDRICAL_SURFACE ( 'NONE', #3631, 3.400000000000701128 ) ;
#7660 = VERTEX_POINT ( 'NONE', #8140 ) ;
#7661 = CARTESIAN_POINT ( 'NONE',  ( 1.013769414302847727, 4.238488667910509378, -50.00000000000000000 ) ) ;
#7662 = LINE ( 'NONE', #5715, #2322 ) ;
#7663 = VERTEX_POINT ( 'NONE', #4485 ) ;
#7664 = ADVANCED_FACE ( 'NONE', ( #2168 ), #10787, .T. ) ;
#7665 = EDGE_CURVE ( 'NONE', #2055, #7913, #11135, .T. ) ;
#7666 =( GEOMETRIC_REPRESENTATION_CONTEXT ( 3 ) GLOBAL_UNCERTAINTY_ASSIGNED_CONTEXT ( ( #5586 ) ) GLOBAL_UNIT_ASSIGNED_CONTEXT ( ( #8377, #5621, #10024 ) ) REPRESENTATION_CONTEXT ( 'NONE', 'WORKASPACE' ) );
#7667 = VERTEX_POINT ( 'NONE', #9120 ) ;
#7668 = EDGE_CURVE ( 'NONE', #1666, #5346, #4274, .T. ) ;
#7669 = ADVANCED_FACE ( 'NONE', ( #1600 ), #4963, .T. ) ;
#7670 = FACE_OUTER_BOUND ( 'NONE', #10391, .T. ) ;
#7671 = AXIS2_PLACEMENT_3D ( 'NONE', #10252, #1273, #2221 ) ;
#7672 = ORIENTED_EDGE ( 'NONE', *, *, #2839, .F. ) ;
#7673 = DIRECTION ( 'NONE',  ( 0.0000000000000000000, 0.0000000000000000000, 1.000000000000000000 ) ) ;
#7674 = LINE ( 'NONE', #5900, #1060 ) ;
#7675 = EDGE_CURVE ( 'NONE', #6684, #6408, #11282, .T. ) ;
#7676 = DIRECTION ( 'NONE',  ( -0.0000000000000000000, 1.000000000000000000, -0.0000000000000000000 ) ) ;
#7677 = CARTESIAN_POINT ( 'NONE',  ( 2.265459663520284828, 2.405327943867753504, 50.00000000000000000 ) ) ;
#7678 = CIRCLE ( 'NONE', #8069, 0.5000000000000281997 ) ;
#7679 = DIRECTION ( 'NONE',  ( -0.0000000000000000000, -0.0000000000000000000, -1.000000000000000000 ) ) ;
#7680 = ORIENTED_EDGE ( 'NONE', *, *, #8238, .F. ) ;
#7681 = ORIENTED_EDGE ( 'NONE', *, *, #8779, .T. ) ;
#7682 = CIRCLE ( 'NONE', #9970, 1.499999999999993561 ) ;
#7683 = EDGE_CURVE ( 'NONE', #866, #7099, #60, .T. ) ;
#7684 = DIRECTION ( 'NONE',  ( -0.0000000000000000000, -1.000000000000000000, -0.0000000000000000000 ) ) ;
#7685 = EDGE_LOOP ( 'NONE', ( #7190, #6881, #5653, #5948 ) ) ;
#7686 = CIRCLE ( 'NONE', #6853, 5.399999999965343633 ) ;
#7687 = MANIFOLD_SOLID_BREP ( 'Boss-Extrude2', #2589 ) ;
#7688 = DIRECTION ( 'NONE',  ( -1.000000000000000000, 0.0000000000000000000, 0.0000000000000000000 ) ) ;
#7689 = VERTEX_POINT ( 'NONE', #9238 ) ;
#7690 = DIRECTION ( 'NONE',  ( -0.0000000000000000000, -0.0000000000000000000, -1.000000000000000000 ) ) ;
#7691 = ORIENTED_EDGE ( 'NONE', *, *, #4526, .T. ) ;
#7692 = CARTESIAN_POINT ( 'NONE',  ( 28.47268767190000105, 65.04840876449999598, -50.00000000000000000 ) ) ;
#7693 = EDGE_CURVE ( 'NONE', #6012, #1950, #5376, .T. ) ;
#7694 = CARTESIAN_POINT ( 'NONE',  ( 31.57268767190000247, 71.04840876449999598, 50.00000000000000000 ) ) ;
#7695 = DIRECTION ( 'NONE',  ( -1.000000000000000000, 0.0000000000000000000, 0.0000000000000000000 ) ) ;
#7696 = CARTESIAN_POINT ( 'NONE',  ( 1.572687671900000028, 0.3484087645000000233, 50.00000000000000000 ) ) ;
#7697 = LINE ( 'NONE', #9590, #7116 ) ;
#7698 = ORIENTED_EDGE ( 'NONE', *, *, #2149, .T. ) ;
#7699 = DIRECTION ( 'NONE',  ( -0.0000000000000000000, -0.0000000000000000000, -1.000000000000000000 ) ) ;
#7700 = DIRECTION ( 'NONE',  ( -1.000000000000000000, -0.0000000000000000000, -0.0000000000000000000 ) ) ;
#7701 = LINE ( 'NONE', #936, #10756 ) ;
#7702 = ORIENTED_EDGE ( 'NONE', *, *, #9011, .T. ) ;
#7703 = CARTESIAN_POINT ( 'NONE',  ( -5.027312328100006944, 47.54840876450000309, -50.00000000000000000 ) ) ;
#7704 = DIRECTION ( 'NONE',  ( -0.0000000000000000000, -0.0000000000000000000, -1.000000000000000000 ) ) ;
#7705 = AXIS2_PLACEMENT_3D ( 'NONE', #12, #9965, #919 ) ;
#7706 = CARTESIAN_POINT ( 'NONE',  ( -2.527312328099999839, 60.04840876450000309, 50.00000000000000000 ) ) ;
#7707 = DIRECTION ( 'NONE',  ( -0.0000000000000000000, -0.0000000000000000000, -1.000000000000000000 ) ) ;
#7708 = LINE ( 'NONE', #10070, #9239 ) ;
#7709 = EDGE_LOOP ( 'NONE', ( #11048, #1081, #4440, #7763 ) ) ;
#7710 = CARTESIAN_POINT ( 'NONE',  ( 4.434964485679360635, 50.46486567243202614, -50.00000000000000000 ) ) ;
#7711 = ADVANCED_FACE ( 'NONE', ( #625 ), #5514, .T. ) ;
#7712 = CYLINDRICAL_SURFACE ( 'NONE', #449, 0.4999999999999965583 ) ;
#7713 = CARTESIAN_POINT ( 'NONE',  ( 10.77268767190012433, 3.298408764500092794, 50.00000000000000000 ) ) ;
#7714 = ADVANCED_FACE ( 'NONE', ( #3135 ), #10060, .F. ) ;
#7715 = DIRECTION ( 'NONE',  ( -0.0000000000000000000, -0.0000000000000000000, -1.000000000000000000 ) ) ;
#7716 = DIRECTION ( 'NONE',  ( -0.0000000000000000000, -0.0000000000000000000, -1.000000000000000000 ) ) ;
#7717 = CIRCLE ( 'NONE', #481, 0.5000000000000216493 ) ;
#7718 = ORIENTED_EDGE ( 'NONE', *, *, #3571, .F. ) ;
#7719 = AXIS2_PLACEMENT_3D ( 'NONE', #10469, #669, #1489 ) ;
#7720 = CARTESIAN_POINT ( 'NONE',  ( 2.162767575405882159, 67.00732702209252523, 50.00000000000000000 ) ) ;
#7721 = VECTOR ( 'NONE', #6177, 1000.000000000000000 ) ;
#7722 = ADVANCED_FACE ( 'NONE', ( #9309 ), #7790, .F. ) ;
#7723 = VERTEX_POINT ( 'NONE', #9161 ) ;
#7724 = EDGE_CURVE ( 'NONE', #10959, #10950, #10010, .T. ) ;
#7725 = DIRECTION ( 'NONE',  ( 1.000000000000000000, 0.0000000000000000000, 0.0000000000000000000 ) ) ;
#7726 = AXIS2_PLACEMENT_3D ( 'NONE', #474, #8392, #4767 ) ;
#7727 = VECTOR ( 'NONE', #2332, 1000.000000000000000 ) ;
#7728 = ORIENTED_EDGE ( 'NONE', *, *, #9842, .F. ) ;
#7729 = CARTESIAN_POINT ( 'NONE',  ( 9.972687671900015260, 9.143919862700002454, -50.00000000000000000 ) ) ;
#7730 = DIRECTION ( 'NONE',  ( -0.0000000000000000000, -0.0000000000000000000, -1.000000000000000000 ) ) ;
#7731 = DIRECTION ( 'NONE',  ( -1.000000000000000000, 0.0000000000000000000, 0.0000000000000000000 ) ) ;
#7732 = VERTEX_POINT ( 'NONE', #8338 ) ;
#7733 = FACE_OUTER_BOUND ( 'NONE', #2182, .T. ) ;
#7734 = DIRECTION ( 'NONE',  ( 1.000000000000000000, 0.0000000000000000000, 0.0000000000000000000 ) ) ;
#7735 = VERTEX_POINT ( 'NONE', #2964 ) ;
#7736 = DIRECTION ( 'NONE',  ( 1.000000000000000000, 0.0000000000000000000, 0.0000000000000000000 ) ) ;
#7737 = EDGE_CURVE ( 'NONE', #2677, #10771, #9871, .T. ) ;
#7739 = CARTESIAN_POINT ( 'NONE',  ( 2.188948471026993303, 64.42223808054043843, 50.00000000000000000 ) ) ;
#7738 = CYLINDRICAL_SURFACE ( 'NONE', #617, 1.000000000000000888 ) ;
#7740 = ORIENTED_EDGE ( 'NONE', *, *, #1345, .F. ) ;
#7741 = EDGE_CURVE ( 'NONE', #11062, #6419, #8473, .T. ) ;
#7742 = CARTESIAN_POINT ( 'NONE',  ( 20.97268767190012895, 69.74840876447169080, -50.00000000000000000 ) ) ;
#7743 = CARTESIAN_POINT ( 'NONE',  ( 28.47268767190000105, 45.04840876450000309, -50.00000000000000000 ) ) ;
#7744 = ORIENTED_EDGE ( 'NONE', *, *, #9648, .F. ) ;
#7745 = ADVANCED_FACE ( 'NONE', ( #1736 ), #2156, .F. ) ;
#7746 = ORIENTED_EDGE ( 'NONE', *, *, #772, .T. ) ;
#7747 = AXIS2_PLACEMENT_3D ( 'NONE', #9369, #1328, #429 ) ;
#7748 = CARTESIAN_POINT ( 'NONE',  ( 9.972687671899908679, 49.85225634180004306, 50.00000000000000000 ) ) ;
#7749 = ORIENTED_EDGE ( 'NONE', *, *, #5748, .F. ) ;
#7750 = EDGE_CURVE ( 'NONE', #3636, #8272, #9594, .T. ) ;
#7751 = VECTOR ( 'NONE', #4932, 1000.000000000000000 ) ;
#7752 = ORIENTED_EDGE ( 'NONE', *, *, #8411, .F. ) ;
#7753 = EDGE_LOOP ( 'NONE', ( #1541, #10169, #9088, #8993 ) ) ;
#7754 = APPLICATION_PROTOCOL_DEFINITION ( 'draft international standard', 'automotive_design', 1998, #1469 ) ;
#7755 = DIRECTION ( 'NONE',  ( 1.000000000000000000, -0.0000000000000000000, -0.0000000000000000000 ) ) ;
#7756 = VERTEX_POINT ( 'NONE', #4871 ) ;
#7757 = CARTESIAN_POINT ( 'NONE',  ( 6.472687671899986839, 71.04840876449998177, 50.00000000000000000 ) ) ;
#7758 = DIRECTION ( 'NONE',  ( -0.0000000000000000000, -0.0000000000000000000, -1.000000000000000000 ) ) ;
#7759 = EDGE_CURVE ( 'NONE', #5332, #6486, #8900, .T. ) ;
#7760 = CARTESIAN_POINT ( 'NONE',  ( -1.727312327980110584, 23.04840876449949150, -50.00000000000000000 ) ) ;
#7761 = VECTOR ( 'NONE', #7856, 1000.000000000000000 ) ;
#7762 = CARTESIAN_POINT ( 'NONE',  ( -5.027312328099998062, 7.548408764500001311, -50.00000000000000000 ) ) ;
#7763 = ORIENTED_EDGE ( 'NONE', *, *, #4845, .T. ) ;
#7764 = EDGE_CURVE ( 'NONE', #8442, #6717, #6510, .T. ) ;
#7765 = ORIENTED_EDGE ( 'NONE', *, *, #7741, .T. ) ;
#7766 = AXIS2_PLACEMENT_3D ( 'NONE', #7812, #7004, #6173 ) ;
#7767 = VECTOR ( 'NONE', #9006, 1000.000000000000000 ) ;
#7768 = ORIENTED_EDGE ( 'NONE', *, *, #9155, .T. ) ;
#7769 = ORIENTED_EDGE ( 'NONE', *, *, #6825, .T. ) ;
#7770 = DIRECTION ( 'NONE',  ( 1.000000000000000000, 0.0000000000000000000, 0.0000000000000000000 ) ) ;
#7771 = CARTESIAN_POINT ( 'NONE',  ( -5.627312328100000371, 71.04840876449999598, 50.00000000000000000 ) ) ;
#7773 = LINE ( 'NONE', #10964, #3271 ) ;
#7772 = CARTESIAN_POINT ( 'NONE',  ( 21.51041085813186626, 10.46486567243582222, -50.00000000000000000 ) ) ;
#7774 = DIRECTION ( 'NONE',  ( -0.0000000000000000000, -0.0000000000000000000, -1.000000000000000000 ) ) ;
#7775 = VECTOR ( 'NONE', #5605, 1000.000000000000000 ) ;
#7776 = LINE ( 'NONE', #1155, #9856 ) ;
#7777 = ORIENTED_EDGE ( 'NONE', *, *, #1882, .T. ) ;
#7778 = EDGE_CURVE ( 'NONE', #6146, #6038, #8336, .T. ) ;
#7779 = AXIS2_PLACEMENT_3D ( 'NONE', #8878, #1655, #7935 ) ;
#7780 = CARTESIAN_POINT ( 'NONE',  ( 10.47268767189999927, 9.852256341800000428, 50.00000000000000000 ) ) ;
#7781 = EDGE_LOOP ( 'NONE', ( #6522, #4831, #8755, #3846 ) ) ;
#7782 = CARTESIAN_POINT ( 'NONE',  ( 10.77268767189999998, 7.298408764500000423, 50.00000000000000000 ) ) ;
#7783 = ADVANCED_FACE ( 'NONE', ( #5659 ), #2717, .T. ) ;
#7784 = VECTOR ( 'NONE', #8413, 1000.000000000000000 ) ;
#7785 = EDGE_CURVE ( 'NONE', #11354, #6038, #8622, .T. ) ;
#7786 = CARTESIAN_POINT ( 'NONE',  ( 32.97268767190000460, 60.54840876450000309, 50.00000000000000000 ) ) ;
#7787 = VECTOR ( 'NONE', #6847, 1000.000000000000000 ) ;
#7788 = ORIENTED_EDGE ( 'NONE', *, *, #8638, .T. ) ;
#7789 = ADVANCED_FACE ( 'NONE', ( #7495 ), #7639, .T. ) ;
#7790 = CYLINDRICAL_SURFACE ( 'NONE', #11253, 0.4999999999999891753 ) ;
#7791 = CIRCLE ( 'NONE', #45, 25.00000000000181188 ) ;
#7792 = ORIENTED_EDGE ( 'NONE', *, *, #2797, .F. ) ;
#7793 = ORIENTED_EDGE ( 'NONE', *, *, #2367, .F. ) ;
#7794 = AXIS2_PLACEMENT_3D ( 'NONE', #8640, #10618, #829 ) ;
#7795 = VECTOR ( 'NONE', #621, 1000.000000000000000 ) ;
#7796 = CARTESIAN_POINT ( 'NONE',  ( 2.265459663520284828, 2.405327943867753504, -50.00000000000000000 ) ) ;
#7797 = ORIENTED_EDGE ( 'NONE', *, *, #2770, .T. ) ;
#7798 = CIRCLE ( 'NONE', #9231, 3.699999999999668887 ) ;
#7799 = DIRECTION ( 'NONE',  ( 0.0000000000000000000, 0.0000000000000000000, -1.000000000000000000 ) ) ;
#7800 = ORIENTED_EDGE ( 'NONE', *, *, #3062, .T. ) ;
#7801 = ORIENTED_EDGE ( 'NONE', *, *, #306, .F. ) ;
#7802 = DIRECTION ( 'NONE',  ( -0.0000000000000000000, -0.0000000000000000000, -1.000000000000000000 ) ) ;
#7803 = ORIENTED_EDGE ( 'NONE', *, *, #10196, .F. ) ;
#7804 = EDGE_CURVE ( 'NONE', #5437, #10511, #6638, .T. ) ;
#7805 = ADVANCED_FACE ( 'NONE', ( #335 ), #7212, .F. ) ;
#7806 = FACE_OUTER_BOUND ( 'NONE', #5862, .T. ) ;
#7807 = ORIENTED_EDGE ( 'NONE', *, *, #4781, .T. ) ;
#7808 = VECTOR ( 'NONE', #6185, 1000.000000000000000 ) ;
#7809 = AXIS2_PLACEMENT_3D ( 'NONE', #4409, #3495, #845 ) ;
#7810 = CARTESIAN_POINT ( 'NONE',  ( 14.97268767189999927, 21.04840876449999953, 50.00000000000000000 ) ) ;
#7811 = ORIENTED_EDGE ( 'NONE', *, *, #9493, .F. ) ;
#7812 = CARTESIAN_POINT ( 'NONE',  ( -7.027312328099999839, 20.54840876449999953, 50.00000000000000000 ) ) ;
#7813 = CARTESIAN_POINT ( 'NONE',  ( 25.43427562377193141, 44.10230769649334093, -50.00000000000000000 ) ) ;
#7814 = DIRECTION ( 'NONE',  ( 0.0000000000000000000, 0.0000000000000000000, 1.000000000000000000 ) ) ;
#7815 = EDGE_CURVE ( 'NONE', #9257, #5746, #5950, .T. ) ;
#7816 = DIRECTION ( 'NONE',  ( 1.000000000000000000, 0.0000000000000000000, 0.0000000000000000000 ) ) ;
#7817 = DIRECTION ( 'NONE',  ( 1.000000000000000000, 0.0000000000000000000, 0.0000000000000000000 ) ) ;
#7818 = VECTOR ( 'NONE', #7583, 1000.000000000000000 ) ;
#7819 = EDGE_CURVE ( 'NONE', #3369, #5528, #6077, .T. ) ;
#7820 = ORIENTED_EDGE ( 'NONE', *, *, #10253, .F. ) ;
#7821 = AXIS2_PLACEMENT_3D ( 'NONE', #8770, #7979, #2527 ) ;
#7822 = ORIENTED_EDGE ( 'NONE', *, *, #5043, .T. ) ;
#7823 = LINE ( 'NONE', #5550, #5837 ) ;
#7824 = EDGE_CURVE ( 'NONE', #8902, #9996, #3694, .T. ) ;
#7825 = CARTESIAN_POINT ( 'NONE',  ( 15.72268767189908800, 19.81154848531283719, 50.00000000000000000 ) ) ;
#7826 = CARTESIAN_POINT ( 'NONE',  ( -1.727312328099999794, 26.74840876447084881, 50.00000000000000000 ) ) ;
#7827 = FACE_OUTER_BOUND ( 'NONE', #2882, .T. ) ;
#7828 = EDGE_LOOP ( 'NONE', ( #7792, #7909, #3259, #2811 ) ) ;
#7829 = EDGE_CURVE ( 'NONE', #6464, #7494, #10439, .T. ) ;
#7830 = VERTEX_POINT ( 'NONE', #2133 ) ;
#7831 = CIRCLE ( 'NONE', #1546, 0.5000000000000247580 ) ;
#7832 = EDGE_CURVE ( 'NONE', #10187, #5073, #1310, .T. ) ;
#7833 = DIRECTION ( 'NONE',  ( -0.0000000000000000000, -0.0000000000000000000, -1.000000000000000000 ) ) ;
#7834 = AXIS2_PLACEMENT_3D ( 'NONE', #2015, #3971, #2051 ) ;
#7835 = EDGE_LOOP ( 'NONE', ( #2356, #5802, #10934, #6700 ) ) ;
#7836 = DIRECTION ( 'NONE',  ( -0.0000000000000000000, -0.0000000000000000000, -1.000000000000000000 ) ) ;
#7837 = LINE ( 'NONE', #4195, #9926 ) ;
#7838 = ORIENTED_EDGE ( 'NONE', *, *, #1539, .T. ) ;
#7839 = VECTOR ( 'NONE', #10101, 1000.000000000000000 ) ;
#7840 = VERTEX_POINT ( 'NONE', #4018 ) ;
#7841 = DIRECTION ( 'NONE',  ( 1.000000000000000000, 0.0000000000000000000, 0.0000000000000000000 ) ) ;
#7842 = DIRECTION ( 'NONE',  ( -0.7071067811865515695, 0.7071067811865435759, -0.0000000000000000000 ) ) ;
#7843 = EDGE_CURVE ( 'NONE', #6479, #6445, #10839, .T. ) ;
#7844 = CARTESIAN_POINT ( 'NONE',  ( -3.027312328099999839, -4.951591235499999577, -50.00000000000000000 ) ) ;
#7845 = FACE_OUTER_BOUND ( 'NONE', #9798, .T. ) ;
#7846 = DIRECTION ( 'NONE',  ( 1.000000000000000000, 0.0000000000000000000, 0.0000000000000000000 ) ) ;
#7847 = ORIENTED_EDGE ( 'NONE', *, *, #3168, .T. ) ;
#7848 = CARTESIAN_POINT ( 'NONE',  ( 23.28628890511362570, 83.66286203693830714, 50.00000000000000000 ) ) ;
#7849 = CIRCLE ( 'NONE', #8954, 1.999999999999904521 ) ;
#7850 = ORIENTED_EDGE ( 'NONE', *, *, #1975, .T. ) ;
#7851 = ADVANCED_FACE ( 'NONE', ( #6224 ), #897, .F. ) ;
#7852 = LINE ( 'NONE', #4237, #7569 ) ;
#7853 = AXIS2_PLACEMENT_3D ( 'NONE', #672, #11440, #10538 ) ;
#7854 = DIRECTION ( 'NONE',  ( 0.0000000000000000000, 0.0000000000000000000, 1.000000000000000000 ) ) ;
#7855 = EDGE_LOOP ( 'NONE', ( #3619, #11520, #4318, #394 ) ) ;
#7856 = DIRECTION ( 'NONE',  ( -0.0000000000000000000, -0.0000000000000000000, -1.000000000000000000 ) ) ;
#7857 = LINE ( 'NONE', #6469, #975 ) ;
#7858 = VERTEX_POINT ( 'NONE', #5975 ) ;
#7859 = DIRECTION ( 'NONE',  ( -0.0000000000000000000, -0.0000000000000000000, -1.000000000000000000 ) ) ;
#7860 = EDGE_CURVE ( 'NONE', #3772, #5133, #4817, .T. ) ;
#7861 = CIRCLE ( 'NONE', #733, 0.4999999999998928635 ) ;
#7862 = ORIENTED_EDGE ( 'NONE', *, *, #2992, .F. ) ;
#7863 = CARTESIAN_POINT ( 'NONE',  ( 10.97268767189999927, 21.04840876449999953, 50.00000000000000000 ) ) ;
#7864 = FACE_OUTER_BOUND ( 'NONE', #9199, .T. ) ;
#7865 = ORIENTED_EDGE ( 'NONE', *, *, #5627, .T. ) ;
#7866 = DIRECTION ( 'NONE',  ( -1.000000000000000000, -0.0000000000000000000, -0.0000000000000000000 ) ) ;
#7867 = ORIENTED_EDGE ( 'NONE', *, *, #9535, .F. ) ;
#7868 = VERTEX_POINT ( 'NONE', #8616 ) ;
#7869 = ORIENTED_EDGE ( 'NONE', *, *, #10515, .T. ) ;
#7870 = EDGE_CURVE ( 'NONE', #1146, #104, #2444, .T. ) ;
#7871 = DIRECTION ( 'NONE',  ( -0.0000000000000000000, -0.0000000000000000000, -1.000000000000000000 ) ) ;
#7872 = AXIS2_PLACEMENT_3D ( 'NONE', #3279, #807, #2823 ) ;
#7873 = CARTESIAN_POINT ( 'NONE',  ( 31.47268767190000105, 51.04840876450000309, -50.00000000000000000 ) ) ;
#7874 = DIRECTION ( 'NONE',  ( -0.0000000000000000000, -0.0000000000000000000, -1.000000000000000000 ) ) ;
#7875 = DIRECTION ( 'NONE',  ( -0.0000000000000000000, -0.0000000000000000000, -1.000000000000000000 ) ) ;
#7876 = FACE_OUTER_BOUND ( 'NONE', #7554, .T. ) ;
#7877 = ORIENTED_EDGE ( 'NONE', *, *, #3365, .F. ) ;
#7878 = EDGE_LOOP ( 'NONE', ( #376, #8297, #4905, #3726 ) ) ;
#7879 = EDGE_CURVE ( 'NONE', #9443, #2412, #6926, .T. ) ;
#7880 = DIRECTION ( 'NONE',  ( 0.0000000000000000000, 0.0000000000000000000, 1.000000000000000000 ) ) ;
#7881 = DIRECTION ( 'NONE',  ( -0.0000000000000000000, -0.0000000000000000000, -1.000000000000000000 ) ) ;
#7882 = VERTEX_POINT ( 'NONE', #5064 ) ;
#7883 = AXIS2_PLACEMENT_3D ( 'NONE', #8266, #5668, #3015 ) ;
#7884 = VERTEX_POINT ( 'NONE', #11343 ) ;
#7885 = EDGE_CURVE ( 'NONE', #6813, #2515, #4264, .T. ) ;
#7886 = VECTOR ( 'NONE', #10341, 1000.000000000000000 ) ;
#7887 = VECTOR ( 'NONE', #8170, 1000.000000000000000 ) ;
#7888 = EDGE_LOOP ( 'NONE', ( #646, #2146, #2966, #4516 ) ) ;
#7889 = VERTEX_POINT ( 'NONE', #7796 ) ;
#7890 = CARTESIAN_POINT ( 'NONE',  ( 41.58714094422884244, 25.36200999777808818, 50.00000000000000000 ) ) ;
#7891 = CARTESIAN_POINT ( 'NONE',  ( 21.51041085813186626, 10.46486567243582222, 50.00000000000000000 ) ) ;
#7892 = CARTESIAN_POINT ( 'NONE',  ( -3.027312328099999839, 73.64840876450000451, 50.00000000000000000 ) ) ;
#7893 = AXIS2_PLACEMENT_3D ( 'NONE', #10789, #852, #9819 ) ;
#7894 = ORIENTED_EDGE ( 'NONE', *, *, #9758, .F. ) ;
#7895 = DIRECTION ( 'NONE',  ( -0.0000000000000000000, -0.0000000000000000000, -1.000000000000000000 ) ) ;
#7896 = VECTOR ( 'NONE', #3410, 1000.000000000000000 ) ;
#7897 = ORIENTED_EDGE ( 'NONE', *, *, #4039, .T. ) ;
#7898 = VERTEX_POINT ( 'NONE', #10448 ) ;
#7899 = CARTESIAN_POINT ( 'NONE',  ( 31.47268767190000105, 20.54840876450000309, 50.00000000000000000 ) ) ;
#7900 = LINE ( 'NONE', #5259, #875 ) ;
#7901 = VERTEX_POINT ( 'NONE', #1436 ) ;
#7902 = DIRECTION ( 'NONE',  ( 0.0000000000000000000, 0.0000000000000000000, 1.000000000000000000 ) ) ;
#7903 = ADVANCED_FACE ( 'NONE', ( #8749 ), #10562, .T. ) ;
#7904 = CARTESIAN_POINT ( 'NONE',  ( 5.222687671900000161, 57.24840876449999882, 50.00000000000000000 ) ) ;
#7905 = ORIENTED_EDGE ( 'NONE', *, *, #7142, .F. ) ;
#7906 = CARTESIAN_POINT ( 'NONE',  ( 21.51041085813209719, 50.46486567243599808, 50.00000000000000000 ) ) ;
#7907 = EDGE_CURVE ( 'NONE', #6833, #4827, #9032, .T. ) ;
#7908 = LINE ( 'NONE', #1316, #5511 ) ;
#7909 = ORIENTED_EDGE ( 'NONE', *, *, #3988, .F. ) ;
#7910 = AXIS2_PLACEMENT_3D ( 'NONE', #1245, #8429, #395 ) ;
#7911 = LINE ( 'NONE', #3132, #1311 ) ;
#7912 = ORIENTED_EDGE ( 'NONE', *, *, #880, .T. ) ;
#7913 = VERTEX_POINT ( 'NONE', #9620 ) ;
#7914 = CARTESIAN_POINT ( 'NONE',  ( 2.688948471027015064, 64.42223808054043843, 50.00000000000000000 ) ) ;
#7915 = DIRECTION ( 'NONE',  ( -0.0000000000000000000, -0.0000000000000000000, -1.000000000000000000 ) ) ;
#7916 = VECTOR ( 'NONE', #9808, 1000.000000000000000 ) ;
#7917 = AXIS2_PLACEMENT_3D ( 'NONE', #7233, #7186, #10739 ) ;
#7918 = ORIENTED_EDGE ( 'NONE', *, *, #1872, .T. ) ;
#7919 = DIRECTION ( 'NONE',  ( -0.0000000000000000000, -0.0000000000000000000, -1.000000000000000000 ) ) ;
#7920 = CYLINDRICAL_SURFACE ( 'NONE', #7821, 4.000000000000012434 ) ;
#7921 = ORIENTED_EDGE ( 'NONE', *, *, #3004, .T. ) ;
#7922 = ORIENTED_EDGE ( 'NONE', *, *, #8985, .T. ) ;
#7923 = DIRECTION ( 'NONE',  ( 1.000000000000000000, 0.0000000000000000000, 0.0000000000000000000 ) ) ;
#7924 = CARTESIAN_POINT ( 'NONE',  ( -5.627312328100000371, -0.9515912355000000211, 50.00000000000000000 ) ) ;
#7926 = LINE ( 'NONE', #5630, #9193 ) ;
#7925 = DIRECTION ( 'NONE',  ( -0.0000000000000000000, -1.000000000000000000, -0.0000000000000000000 ) ) ;
#7927 = DIRECTION ( 'NONE',  ( -0.0000000000000000000, -0.0000000000000000000, -1.000000000000000000 ) ) ;
#7928 = ORIENTED_EDGE ( 'NONE', *, *, #2237, .F. ) ;
#7929 = VECTOR ( 'NONE', #3174, 1000.000000000000000 ) ;
#7930 = VERTEX_POINT ( 'NONE', #11382 ) ;
#7931 = ORIENTED_EDGE ( 'NONE', *, *, #8267, .T. ) ;
#7932 = DIRECTION ( 'NONE',  ( -0.0000000000000000000, -0.0000000000000000000, -1.000000000000000000 ) ) ;
#7933 = AXIS2_PLACEMENT_3D ( 'NONE', #3351, #8579, #3204 ) ;
#7934 = CARTESIAN_POINT ( 'NONE',  ( -5.027312328099972305, 62.54840876450000309, 50.00000000000000000 ) ) ;
#7935 = DIRECTION ( 'NONE',  ( 1.000000000000000000, 0.0000000000000000000, 0.0000000000000000000 ) ) ;
#7936 = DIRECTION ( 'NONE',  ( 0.0000000000000000000, 0.0000000000000000000, 1.000000000000000000 ) ) ;
#7937 = CIRCLE ( 'NONE', #10903, 26.69999999996891660 ) ;
#7938 = EDGE_LOOP ( 'NONE', ( #3281, #4146, #944, #8676 ) ) ;
#7939 = DIRECTION ( 'NONE',  ( 0.0000000000000000000, -0.0000000000000000000, -1.000000000000000000 ) ) ;
#7940 = FACE_OUTER_BOUND ( 'NONE', #4709, .T. ) ;
#7941 = EDGE_CURVE ( 'NONE', #6543, #4862, #8051, .T. ) ;
#7942 = CARTESIAN_POINT ( 'NONE',  ( 24.57805253900000153, 4.592042058500000579, -50.00000000000000000 ) ) ;
#7943 = CYLINDRICAL_SURFACE ( 'NONE', #7318, 0.4999999999999963363 ) ;
#7944 = AXIS2_PLACEMENT_3D ( 'NONE', #2842, #2884, #2920 ) ;
#7945 = DIRECTION ( 'NONE',  ( 1.000000000000000000, 0.0000000000000000000, 0.0000000000000000000 ) ) ;
#7946 = ORIENTED_EDGE ( 'NONE', *, *, #4889, .T. ) ;
#7947 = CARTESIAN_POINT ( 'NONE',  ( 4.972687671899850947, 0.3484087643932391454, 50.00000000000000000 ) ) ;
#7948 = ORIENTED_EDGE ( 'NONE', *, *, #8859, .T. ) ;
#7949 = FACE_OUTER_BOUND ( 'NONE', #10051, .T. ) ;
#7950 = EDGE_CURVE ( 'NONE', #4352, #4005, #3407, .T. ) ;
#7951 = EDGE_LOOP ( 'NONE', ( #3233, #6423, #538, #1321 ) ) ;
#7952 = DIRECTION ( 'NONE',  ( -0.0000000000000000000, -0.0000000000000000000, -1.000000000000000000 ) ) ;
#7953 = DIRECTION ( 'NONE',  ( 1.000000000000000000, 0.0000000000000000000, 0.0000000000000000000 ) ) ;
#7954 = AXIS2_PLACEMENT_3D ( 'NONE', #7062, #8821, #10728 ) ;
#7955 = VECTOR ( 'NONE', #2596, 1000.000000000000000 ) ;
#7956 = VERTEX_POINT ( 'NONE', #10552 ) ;
#7957 = EDGE_CURVE ( 'NONE', #425, #3378, #4800, .T. ) ;
#7958 = CARTESIAN_POINT ( 'NONE',  ( 27.67268767187360723, 47.04840876450009546, -50.00000000000000000 ) ) ;
#7959 = DIRECTION ( 'NONE',  ( 1.000000000000000000, 0.0000000000000000000, 0.0000000000000000000 ) ) ;
#7960 = DIRECTION ( 'NONE',  ( -0.0000000000000000000, -0.0000000000000000000, -1.000000000000000000 ) ) ;
#7961 = VECTOR ( 'NONE', #11462, 1000.000000000000000 ) ;
#7962 = ORIENTED_EDGE ( 'NONE', *, *, #9751, .F. ) ;
#7963 = EDGE_CURVE ( 'NONE', #10321, #1738, #4522, .T. ) ;
#7964 = DIRECTION ( 'NONE',  ( 1.000000000000000000, 0.0000000000000000000, 0.0000000000000000000 ) ) ;
#7965 = FACE_OUTER_BOUND ( 'NONE', #360, .T. ) ;
#7966 = ORIENTED_EDGE ( 'NONE', *, *, #8922, .T. ) ;
#7967 = EDGE_CURVE ( 'NONE', #6166, #10054, #885, .T. ) ;
#7968 = DIRECTION ( 'NONE',  ( -0.0000000000000000000, -0.0000000000000000000, -1.000000000000000000 ) ) ;
#7969 = AXIS2_PLACEMENT_3D ( 'NONE', #6520, #10125, #3892 ) ;
#7970 = DIRECTION ( 'NONE',  ( -0.0000000000000000000, -0.0000000000000000000, -1.000000000000000000 ) ) ;
#7971 = CARTESIAN_POINT ( 'NONE',  ( 30.47268767190000460, 62.54840876450001730, 50.00000000000000000 ) ) ;
#7972 = CARTESIAN_POINT ( 'NONE',  ( 12.97268767190506011, 15.04840876450875697, 50.00000000000000000 ) ) ;
#7973 = FACE_OUTER_BOUND ( 'NONE', #6181, .T. ) ;
#7974 = VERTEX_POINT ( 'NONE', #2340 ) ;
#7975 = DIRECTION ( 'NONE',  ( 1.000000000000000000, 0.0000000000000000000, 0.0000000000000000000 ) ) ;
#7976 = LINE ( 'NONE', #10993, #971 ) ;
#7977 = EDGE_CURVE ( 'NONE', #11070, #457, #4119, .T. ) ;
#7978 = AXIS2_PLACEMENT_3D ( 'NONE', #11325, #8627, #9368 ) ;
#7979 = DIRECTION ( 'NONE',  ( -0.0000000000000000000, -0.0000000000000000000, -1.000000000000000000 ) ) ;
#7980 = LINE ( 'NONE', #4194, #118 ) ;
#7981 = EDGE_LOOP ( 'NONE', ( #628, #43, #3193, #8888 ) ) ;
#7982 = DIRECTION ( 'NONE',  ( -1.000000000000000000, 0.0000000000000000000, 0.0000000000000000000 ) ) ;
#7983 = DIRECTION ( 'NONE',  ( 1.000000000000000000, 0.0000000000000000000, 0.0000000000000000000 ) ) ;
#7984 = EDGE_CURVE ( 'NONE', #7858, #8491, #11401, .T. ) ;
#7985 = CARTESIAN_POINT ( 'NONE',  ( 10.04048428207140731, 61.44827996269184922, 50.00000000000000000 ) ) ;
#7986 = CARTESIAN_POINT ( 'NONE',  ( 31.57268767190000247, 66.94840876450000167, 50.00000000000000000 ) ) ;
#7987 = FACE_OUTER_BOUND ( 'NONE', #8319, .T. ) ;
#7988 = DIRECTION ( 'NONE',  ( 1.000000000000000000, 0.0000000000000000000, 0.0000000000000000000 ) ) ;
#7989 = ORIENTED_EDGE ( 'NONE', *, *, #6384, .T. ) ;
#7990 = ORIENTED_EDGE ( 'NONE', *, *, #915, .T. ) ;
#7991 = CIRCLE ( 'NONE', #10895, 1.500000000000015099 ) ;
#7992 = VERTEX_POINT ( 'NONE', #9688 ) ;
#7993 = AXIS2_PLACEMENT_3D ( 'NONE', #8420, #7601, #1364 ) ;
#7994 = CARTESIAN_POINT ( 'NONE',  ( 30.47268767190000105, 8.048408764499999535, -50.00000000000000000 ) ) ;
#7995 = CARTESIAN_POINT ( 'NONE',  ( 3.245304965300000344, 4.411116172900000798, -50.00000000000000000 ) ) ;
#7996 = VERTEX_POINT ( 'NONE', #6084 ) ;
#7997 = CARTESIAN_POINT ( 'NONE',  ( -15.64176560054782783, 44.73480753138829868, -50.00000000000000000 ) ) ;
#7998 = CIRCLE ( 'NONE', #11331, 0.5000000000000022204 ) ;
#7999 = VERTEX_POINT ( 'NONE', #8004 ) ;
#8000 = PLANE ( 'NONE',  #5382 ) ;
#8001 = EDGE_CURVE ( 'NONE', #10554, #6464, #6914, .T. ) ;
#8002 = CIRCLE ( 'NONE', #2785, 4.000000000000017764 ) ;
#8003 = EDGE_LOOP ( 'NONE', ( #10268, #1059, #5484, #9143, #3727, #7404, #7131, #2186, #3890, #6582, #5985, #8913, #6168, #6401 ) ) ;
#8004 = CARTESIAN_POINT ( 'NONE',  ( -1.727312328100000016, 66.44840876447160838, -50.00000000000000000 ) ) ;
#8005 = EDGE_LOOP ( 'NONE', ( #10931, #2545, #9592, #4285 ) ) ;
#8006 = CARTESIAN_POINT ( 'NONE',  ( 6.472687671900000161, 70.54840876449999598, -50.00000000000000000 ) ) ;
#8007 = VERTEX_POINT ( 'NONE', #4323 ) ;
#8008 = PLANE ( 'NONE',  #9398 ) ;
#8009 = ORIENTED_EDGE ( 'NONE', *, *, #632, .F. ) ;
#8010 = AXIS2_PLACEMENT_3D ( 'NONE', #10472, #3364, #8703 ) ;
#8011 = VECTOR ( 'NONE', #2329, 1000.000000000000000 ) ;
#8012 = ORIENTED_EDGE ( 'NONE', *, *, #3758, .T. ) ;
#8013 = ORIENTED_EDGE ( 'NONE', *, *, #3985, .F. ) ;
#8014 = EDGE_CURVE ( 'NONE', #11030, #1598, #4669, .T. ) ;
#8015 = DIRECTION ( 'NONE',  ( 1.000000000000000000, 0.0000000000000000000, 0.0000000000000000000 ) ) ;
#8016 = ORIENTED_EDGE ( 'NONE', *, *, #6784, .T. ) ;
#8017 = EDGE_CURVE ( 'NONE', #9509, #9090, #1723, .T. ) ;
#8018 = AXIS2_PLACEMENT_3D ( 'NONE', #1592, #8890, #3429 ) ;
#8019 = CARTESIAN_POINT ( 'NONE',  ( 7.068198770200000425, 57.54840876450001019, 50.00000000000000000 ) ) ;
#8020 = CARTESIAN_POINT ( 'NONE',  ( 19.47268767190000105, -0.4515912355000000211, -50.00000000000000000 ) ) ;
#8021 = DIRECTION ( 'NONE',  ( -0.0000000000000000000, -0.0000000000000000000, -1.000000000000000000 ) ) ;
#8022 = CARTESIAN_POINT ( 'NONE',  ( 1.367322804899999911, 4.592042058500000579, 50.00000000000000000 ) ) ;
#8023 = CARTESIAN_POINT ( 'NONE',  ( 0.3296068512849965604, 4.341180756097601012, 50.00000000000000000 ) ) ;
#8024 = CYLINDRICAL_SURFACE ( 'NONE', #6378, 0.5000000000001183498 ) ;
#8025 = ORIENTED_EDGE ( 'NONE', *, *, #6426, .F. ) ;
#8026 = ORIENTED_EDGE ( 'NONE', *, *, #7549, .F. ) ;
#8027 = EDGE_CURVE ( 'NONE', #9385, #5528, #2434, .T. ) ;
#8028 = VECTOR ( 'NONE', #9907, 1000.000000000000000 ) ;
#8029 = PLANE ( 'NONE',  #11611 ) ;
#8030 = ORIENTED_EDGE ( 'NONE', *, *, #2690, .F. ) ;
#8031 = CARTESIAN_POINT ( 'NONE',  ( -5.127312328100000371, 3.648408764500000512, 50.00000000000000000 ) ) ;
#8032 = AXIS2_PLACEMENT_3D ( 'NONE', #1003, #4489, #103 ) ;
#8033 = ORIENTED_EDGE ( 'NONE', *, *, #131, .F. ) ;
#8034 = EDGE_CURVE ( 'NONE', #10605, #8546, #3272, .T. ) ;
#8035 = VECTOR ( 'NONE', #3723, 1000.000000000000000 ) ;
#8036 = ORIENTED_EDGE ( 'NONE', *, *, #2020, .F. ) ;
#8037 = DIRECTION ( 'NONE',  ( -0.0000000000000000000, -0.0000000000000000000, -1.000000000000000000 ) ) ;
#8038 = DIRECTION ( 'NONE',  ( -1.000000000000000000, 0.0000000000000000000, 0.0000000000000000000 ) ) ;
#8039 = VECTOR ( 'NONE', #3527, 1000.000000000000000 ) ;
#8040 = CIRCLE ( 'NONE', #3645, 0.9999999999999904521 ) ;
#8041 = ORIENTED_EDGE ( 'NONE', *, *, #11411, .T. ) ;
#8042 = DIRECTION ( 'NONE',  ( 0.0000000000000000000, 0.0000000000000000000, 1.000000000000000000 ) ) ;
#8043 = ORIENTED_EDGE ( 'NONE', *, *, #372, .F. ) ;
#8044 = VECTOR ( 'NONE', #11027, 1000.000000000000000 ) ;
#8045 = CARTESIAN_POINT ( 'NONE',  ( 18.47268767190000105, 75.04840876449999598, 50.00000000000000000 ) ) ;
#8046 = EDGE_CURVE ( 'NONE', #7099, #605, #6500, .T. ) ;
#8047 = AXIS2_PLACEMENT_3D ( 'NONE', #6805, #8536, #7799 ) ;
#8048 = FACE_OUTER_BOUND ( 'NONE', #3285, .T. ) ;
#8049 = ORIENTED_EDGE ( 'NONE', *, *, #6384, .F. ) ;
#8050 = DIRECTION ( 'NONE',  ( 0.0000000000000000000, 0.0000000000000000000, 1.000000000000000000 ) ) ;
#8051 = CIRCLE ( 'NONE', #11634, 4.000000000000000000 ) ;
#8052 = FACE_OUTER_BOUND ( 'NONE', #5933, .T. ) ;
#8053 = ORIENTED_EDGE ( 'NONE', *, *, #292, .F. ) ;
#8054 = ORIENTED_EDGE ( 'NONE', *, *, #7578, .F. ) ;
#8055 = CARTESIAN_POINT ( 'NONE',  ( 6.875037933147127411, 17.98389263546797068, 50.00000000000000000 ) ) ;
#8056 = DIRECTION ( 'NONE',  ( -0.0000000000000000000, -0.0000000000000000000, -1.000000000000000000 ) ) ;
#8057 = EDGE_CURVE ( 'NONE', #7071, #1118, #6781, .T. ) ;
#8058 = CYLINDRICAL_SURFACE ( 'NONE', #3194, 0.4999999999999310552 ) ;
#8059 = ORIENTED_EDGE ( 'NONE', *, *, #8411, .T. ) ;
#8060 = CARTESIAN_POINT ( 'NONE',  ( -5.127312328100009253, 3.148408764500008505, 50.00000000000000000 ) ) ;
#8061 = CYLINDRICAL_SURFACE ( 'NONE', #9661, 0.4999999999999553690 ) ;
#8062 = EDGE_LOOP ( 'NONE', ( #7561, #2034, #3398, #2267, #4623, #4592, #1813, #838, #9475, #8542, #3506, #1995, #6179, #6252, #4380, #3261, #10415, #6352, #10891, #10068, #5162, #8625, #1981, #7811, #4353, #10823, #3128, #6390, #1471, #926, #11423, #3565, #11251, #6030, #706, #9857, #500, #4083, #6490, #2610, #10333, #8655, #5939, #3739, #24, #9432, #9830, #6901, #6331, #9149, #6884, #9157 ) ) ;
#8063 = EDGE_LOOP ( 'NONE', ( #4002, #7793, #640, #5132 ) ) ;
#8064 = DIRECTION ( 'NONE',  ( 0.0000000000000000000, 0.0000000000000000000, -1.000000000000000000 ) ) ;
#8065 = ORIENTED_EDGE ( 'NONE', *, *, #562, .T. ) ;
#8066 = CARTESIAN_POINT ( 'NONE',  ( 23.38997726050910586, 67.31690945731708098, 50.00000000000000000 ) ) ;
#8067 = DIRECTION ( 'NONE',  ( 0.7071067811865424657, -0.7071067811865526798, 0.0000000000000000000 ) ) ;
#8068 = DIRECTION ( 'NONE',  ( -0.0000000000000000000, -1.000000000000000000, -0.0000000000000000000 ) ) ;
#8069 = AXIS2_PLACEMENT_3D ( 'NONE', #10085, #5571, #10165 ) ;
#8070 = CARTESIAN_POINT ( 'NONE',  ( 1.367322804899999911, 4.592042058500000579, 50.00000000000000000 ) ) ;
#8071 = CARTESIAN_POINT ( 'NONE',  ( 10.22268767189969196, 59.81154848531495105, 50.00000000000000000 ) ) ;
#8072 = FACE_OUTER_BOUND ( 'NONE', #1728, .T. ) ;
#8073 = ORIENTED_EDGE ( 'NONE', *, *, #7431, .F. ) ;
#8074 = AXIS2_PLACEMENT_3D ( 'NONE', #8535, #7555, #5699 ) ;
#8075 = CYLINDRICAL_SURFACE ( 'NONE', #8479, 0.5000000000000125455 ) ;
#8076 = ORIENTED_EDGE ( 'NONE', *, *, #8649, .T. ) ;
#8077 = CARTESIAN_POINT ( 'NONE',  ( 32.97268767190000460, 71.04840876449999598, -50.00000000000000000 ) ) ;
#8078 = CARTESIAN_POINT ( 'NONE',  ( 10.47268767189999927, 60.24456118719999864, -50.00000000000000000 ) ) ;
#8079 = DIRECTION ( 'NONE',  ( 1.000000000000000000, 0.0000000000000000000, 0.0000000000000000000 ) ) ;
#8080 = DIRECTION ( 'NONE',  ( -0.0000000000000000000, -0.0000000000000000000, -1.000000000000000000 ) ) ;
#8081 = CARTESIAN_POINT ( 'NONE',  ( 10.77268767190012433, 3.298408764500092794, 50.00000000000000000 ) ) ;
#8082 = CARTESIAN_POINT ( 'NONE',  ( 27.67268767190000389, 26.74840876449999882, 50.00000000000000000 ) ) ;
#8083 = LINE ( 'NONE', #7548, #10192 ) ;
#8084 = EDGE_LOOP ( 'NONE', ( #6499, #4640, #5245, #2324, #8996, #7564, #8816, #921, #6081, #9188, #7600, #4371, #10503, #4032, #6631 ) ) ;
#8085 = ORIENTED_EDGE ( 'NONE', *, *, #889, .T. ) ;
#8086 = FACE_BOUND ( 'NONE', #4648, .T. ) ;
#8087 = CARTESIAN_POINT ( 'NONE',  ( 6.472687671900000161, -0.4515912355000000211, 50.00000000000000000 ) ) ;
#8088 = AXIS2_PLACEMENT_3D ( 'NONE', #1601, #3335, #2439 ) ;
#8089 = CARTESIAN_POINT ( 'NONE',  ( 19.37255887009304445, 12.11620537467157455, -50.00000000000000000 ) ) ;
#8090 = DIRECTION ( 'NONE',  ( 1.000000000000000000, 0.0000000000000000000, 0.0000000000000000000 ) ) ;
#8091 = DIRECTION ( 'NONE',  ( 1.000000000000000000, 0.0000000000000000000, 0.0000000000000000000 ) ) ;
#8092 = CYLINDRICAL_SURFACE ( 'NONE', #6556, 3.400000000000039435 ) ;
#8093 = EDGE_CURVE ( 'NONE', #8720, #10009, #37, .T. ) ;
#8094 = VERTEX_POINT ( 'NONE', #10736 ) ;
#8095 = AXIS2_PLACEMENT_3D ( 'NONE', #9274, #3079, #5826 ) ;
#8096 = DIRECTION ( 'NONE',  ( 1.000000000000000000, 0.0000000000000000000, 0.0000000000000000000 ) ) ;
#8097 = VERTEX_POINT ( 'NONE', #5258 ) ;
#8098 = VECTOR ( 'NONE', #7141, 1000.000000000000000 ) ;
#8099 = VECTOR ( 'NONE', #3686, 1000.000000000000000 ) ;
#8100 = VERTEX_POINT ( 'NONE', #6990 ) ;
#8101 = DIRECTION ( 'NONE',  ( 0.0000000000000000000, 0.0000000000000000000, 1.000000000000000000 ) ) ;
#8102 = EDGE_CURVE ( 'NONE', #7580, #8930, #9021, .T. ) ;
#8103 = DIRECTION ( 'NONE',  ( 0.0000000000000000000, 0.0000000000000000000, 1.000000000000000000 ) ) ;
#8104 = CARTESIAN_POINT ( 'NONE',  ( 30.97268767190001526, 22.54840876450001375, 50.00000000000000000 ) ) ;
#8105 = DIRECTION ( 'NONE',  ( 1.000000000000000000, 0.0000000000000000000, 0.0000000000000000000 ) ) ;
#8106 = CARTESIAN_POINT ( 'NONE',  ( 24.72268767190004013, 17.24840876452017469, 50.00000000000000000 ) ) ;
#8107 = VECTOR ( 'NONE', #10673, 1000.000000000000000 ) ;
#8108 = ORIENTED_EDGE ( 'NONE', *, *, #10793, .F. ) ;
#8109 = EDGE_CURVE ( 'NONE', #5328, #3119, #2854, .T. ) ;
#8110 = DIRECTION ( 'NONE',  ( 1.000000000000000000, -0.0000000000000000000, -0.0000000000000000000 ) ) ;
#8111 = AXIS2_PLACEMENT_3D ( 'NONE', #9511, #790, #9706 ) ;
#8112 = LINE ( 'NONE', #11279, #5869 ) ;
#8113 = VERTEX_POINT ( 'NONE', #7070 ) ;
#8114 = CIRCLE ( 'NONE', #4426, 0.5000000000001183498 ) ;
#8115 = CARTESIAN_POINT ( 'NONE',  ( 10.04048428206929522, 8.648537566236413454, 50.00000000000000000 ) ) ;
#8116 = CARTESIAN_POINT ( 'NONE',  ( 24.37268767190000318, -3.051591235500000554, 50.00000000000000000 ) ) ;
#8117 = EDGE_CURVE ( 'NONE', #8181, #10013, #1860, .T. ) ;
#8118 = ORIENTED_EDGE ( 'NONE', *, *, #216, .T. ) ;
#8119 = CARTESIAN_POINT ( 'NONE',  ( 31.57268767190000247, -0.9515912355000000211, 50.00000000000000000 ) ) ;
#8120 = DIRECTION ( 'NONE',  ( -0.0000000000000000000, -0.0000000000000000000, -1.000000000000000000 ) ) ;
#8121 = CYLINDRICAL_SURFACE ( 'NONE', #11307, 4.000000000000000000 ) ;
#8122 = ORIENTED_EDGE ( 'NONE', *, *, #9777, .T. ) ;
#8123 = EDGE_CURVE ( 'NONE', #11009, #7100, #2143, .T. ) ;
#8124 = LINE ( 'NONE', #2689, #6437 ) ;
#8125 = CARTESIAN_POINT ( 'NONE',  ( 22.34651698800653108, 4.764669563492985205, 50.00000000000000000 ) ) ;
#8126 = AXIS2_PLACEMENT_3D ( 'NONE', #9252, #8356, #10152 ) ;
#8127 = CARTESIAN_POINT ( 'NONE',  ( 24.93160592959252853, 4.238488667905892626, -50.00000000000000000 ) ) ;
#8128 = ORIENTED_EDGE ( 'NONE', *, *, #8332, .F. ) ;
#8129 = CARTESIAN_POINT ( 'NONE',  ( 41.58714094423089591, 65.36200999777653919, 50.00000000000000000 ) ) ;
#8130 = DIRECTION ( 'NONE',  ( -0.0000000000000000000, -0.0000000000000000000, -1.000000000000000000 ) ) ;
#8131 = ADVANCED_FACE ( 'NONE', ( #8736 ), #11582, .T. ) ;
#8132 = FACE_OUTER_BOUND ( 'NONE', #11019, .T. ) ;
#8133 = ORIENTED_EDGE ( 'NONE', *, *, #6141, .F. ) ;
#8134 = DIRECTION ( 'NONE',  ( -0.0000000000000000000, -0.0000000000000000000, -1.000000000000000000 ) ) ;
#8135 = EDGE_CURVE ( 'NONE', #10401, #5769, #1159, .T. ) ;
#8136 = VECTOR ( 'NONE', #259, 1000.000000000000000 ) ;
#8137 = AXIS2_PLACEMENT_3D ( 'NONE', #2209, #488, #8524 ) ;
#8138 = CARTESIAN_POINT ( 'NONE',  ( 28.97268767190000105, -3.551591235500000554, 50.00000000000000000 ) ) ;
#8139 = EDGE_LOOP ( 'NONE', ( #5582, #97, #3229, #7305 ) ) ;
#8140 = CARTESIAN_POINT ( 'NONE',  ( 15.72268767190002059, 50.28526904369218187, -50.00000000000000000 ) ) ;
#8141 = CARTESIAN_POINT ( 'NONE',  ( -3.527312328099999839, 51.04840876450000309, 50.00000000000000000 ) ) ;
#8142 = DIRECTION ( 'NONE',  ( 0.0000000000000000000, 0.0000000000000000000, 1.000000000000000000 ) ) ;
#8143 = EDGE_CURVE ( 'NONE', #8491, #7036, #5937, .T. ) ;
#8144 = CARTESIAN_POINT ( 'NONE',  ( 7.776535249200000166, 57.54840876450001019, -50.00000000000000000 ) ) ;
#8145 = DIRECTION ( 'NONE',  ( -0.0000000000000000000, -0.0000000000000000000, -1.000000000000000000 ) ) ;
#8146 = DIRECTION ( 'NONE',  ( 1.000000000000000000, 0.0000000000000000000, 0.0000000000000000000 ) ) ;
#8147 = LINE ( 'NONE', #331, #11646 ) ;
#8148 = VERTEX_POINT ( 'NONE', #10775 ) ;
#8149 = DIRECTION ( 'NONE',  ( 0.7071067811865474617, -0.7071067811865476838, 0.0000000000000000000 ) ) ;
#8150 = DIRECTION ( 'NONE',  ( -1.000000000000000000, 0.0000000000000000000, 0.0000000000000000000 ) ) ;
#8151 = ORIENTED_EDGE ( 'NONE', *, *, #8492, .F. ) ;
#8152 = VERTEX_POINT ( 'NONE', #5453 ) ;
#8153 = ORIENTED_EDGE ( 'NONE', *, *, #55, .F. ) ;
#8154 = AXIS2_PLACEMENT_3D ( 'NONE', #3242, #5782, #6682 ) ;
#8155 = DIRECTION ( 'NONE',  ( -0.0000000000000000000, -0.0000000000000000000, -1.000000000000000000 ) ) ;
#8156 = LINE ( 'NONE', #2667, #4502 ) ;
#8157 = VERTEX_POINT ( 'NONE', #8089 ) ;
#8158 = ORIENTED_EDGE ( 'NONE', *, *, #11437, .F. ) ;
#8159 = CARTESIAN_POINT ( 'NONE',  ( 1.072687671900003803, -3.051591235500003663, 50.00000000000000000 ) ) ;
#8160 = DIRECTION ( 'NONE',  ( 0.0000000000000000000, 0.0000000000000000000, 1.000000000000000000 ) ) ;
#8161 = CARTESIAN_POINT ( 'NONE',  ( -2.527312328099999839, 43.34840876450000025, -50.00000000000000000 ) ) ;
#8162 = ORIENTED_EDGE ( 'NONE', *, *, #9799, .T. ) ;
#8163 = ORIENTED_EDGE ( 'NONE', *, *, #7581, .F. ) ;
#8164 = EDGE_CURVE ( 'NONE', #10873, #10950, #10425, .T. ) ;
#8165 = LINE ( 'NONE', #11288, #1863 ) ;
#8166 = CARTESIAN_POINT ( 'NONE',  ( 22.97268767190000460, -0.4515912355000000211, 50.00000000000000000 ) ) ;
#8167 = CYLINDRICAL_SURFACE ( 'NONE', #11489, 1.999999999999473976 ) ;
#8168 = EDGE_LOOP ( 'NONE', ( #252, #8108, #1115, #8190 ) ) ;
#8169 = ORIENTED_EDGE ( 'NONE', *, *, #9382, .F. ) ;
#8170 = DIRECTION ( 'NONE',  ( 1.000000000000000000, -0.0000000000000000000, -0.0000000000000000000 ) ) ;
#8171 = DIRECTION ( 'NONE',  ( -1.000000000000000000, 0.0000000000000000000, 0.0000000000000000000 ) ) ;
#8172 = VERTEX_POINT ( 'NONE', #10816 ) ;
#8173 = AXIS2_PLACEMENT_3D ( 'NONE', #1585, #8688, #3318 ) ;
#8174 = DIRECTION ( 'NONE',  ( 1.000000000000000000, 0.0000000000000000000, 0.0000000000000000000 ) ) ;
#8175 = LINE ( 'NONE', #11327, #1878 ) ;
#8176 = EDGE_CURVE ( 'NONE', #2730, #754, #6211, .T. ) ;
#8177 = VECTOR ( 'NONE', #8403, 1000.000000000000000 ) ;
#8178 = EDGE_LOOP ( 'NONE', ( #4145, #9400, #1838, #11348 ) ) ;
#8179 = VERTEX_POINT ( 'NONE', #7346 ) ;
#8180 = VECTOR ( 'NONE', #3667, 1000.000000000000000 ) ;
#8181 = VERTEX_POINT ( 'NONE', #6316 ) ;
#8182 = EDGE_CURVE ( 'NONE', #3946, #4524, #5083, .T. ) ;
#8183 = PLANE ( 'NONE',  #8255 ) ;
#8184 = AXIS2_PLACEMENT_3D ( 'NONE', #836, #1732, #8917 ) ;
#8185 = CARTESIAN_POINT ( 'NONE',  ( 7.776535249192642496, 58.04840876450003151, 50.00000000000000000 ) ) ;
#8186 = VERTEX_POINT ( 'NONE', #10894 ) ;
#8187 = DIRECTION ( 'NONE',  ( -0.0000000000000000000, -0.0000000000000000000, -1.000000000000000000 ) ) ;
#8188 = DIRECTION ( 'NONE',  ( -0.0000000000000000000, -0.0000000000000000000, -1.000000000000000000 ) ) ;
#8189 = LINE ( 'NONE', #3532, #895 ) ;
#8190 = ORIENTED_EDGE ( 'NONE', *, *, #306, .T. ) ;
#8191 = EDGE_CURVE ( 'NONE', #8857, #5662, #9721, .T. ) ;
#8192 = LINE ( 'NONE', #2094, #49 ) ;
#8193 = DIRECTION ( 'NONE',  ( -0.0000000000000000000, -0.0000000000000000000, -1.000000000000000000 ) ) ;
#8194 = LINE ( 'NONE', #3029, #3408 ) ;
#8195 = VERTEX_POINT ( 'NONE', #3616 ) ;
#8196 = ADVANCED_FACE ( 'NONE', ( #7195 ), #482, .F. ) ;
#8197 = VERTEX_POINT ( 'NONE', #5569 ) ;
#8198 = EDGE_CURVE ( 'NONE', #7240, #9693, #612, .T. ) ;
#8199 = CARTESIAN_POINT ( 'NONE',  ( 15.47268767189999927, 20.54840876449999953, -50.00000000000000000 ) ) ;
#8200 = CARTESIAN_POINT ( 'NONE',  ( 18.57451721239999998, 52.54840876450000309, -50.00000000000000000 ) ) ;
#8201 = CARTESIAN_POINT ( 'NONE',  ( 17.73582739270758424, 57.79840876449988940, 50.00000000000000000 ) ) ;
#8202 = EDGE_CURVE ( 'NONE', #10950, #1685, #10144, .T. ) ;
#8203 = CARTESIAN_POINT ( 'NONE',  ( 20.72268767190000105, 12.84840876450000025, 50.00000000000000000 ) ) ;
#8205 = CIRCLE ( 'NONE', #9952, 3.400000000000701128 ) ;
#8204 = CARTESIAN_POINT ( 'NONE',  ( 9.972687671899908679, 49.85225634180004306, 50.00000000000000000 ) ) ;
#8206 = DIRECTION ( 'NONE',  ( 1.000000000000000000, -0.0000000000000000000, -0.0000000000000000000 ) ) ;
#8207 = ORIENTED_EDGE ( 'NONE', *, *, #3016, .T. ) ;
#8208 = AXIS2_PLACEMENT_3D ( 'NONE', #8982, #6309, #10848 ) ;
#8209 = VECTOR ( 'NONE', #10672, 1000.000000000000000 ) ;
#8210 = ORIENTED_EDGE ( 'NONE', *, *, #7056, .T. ) ;
#8211 = ORIENTED_EDGE ( 'NONE', *, *, #173, .T. ) ;
#8212 = CARTESIAN_POINT ( 'NONE',  ( 21.51041085813209719, 50.46486567243599808, -50.00000000000000000 ) ) ;
#8213 = DIRECTION ( 'NONE',  ( -1.000000000000000000, -0.0000000000000000000, -0.0000000000000000000 ) ) ;
#8214 = DIRECTION ( 'NONE',  ( 1.000000000000000000, 0.0000000000000000000, 0.0000000000000000000 ) ) ;
#8215 = LINE ( 'NONE', #6420, #4689 ) ;
#8216 = ORIENTED_EDGE ( 'NONE', *, *, #5246, .T. ) ;
#8217 = CARTESIAN_POINT ( 'NONE',  ( 29.47268767190000105, 50.04840876450000309, 50.00000000000000000 ) ) ;
#8218 = VECTOR ( 'NONE', #4029, 1000.000000000000000 ) ;
#8219 = VERTEX_POINT ( 'NONE', #8248 ) ;
#8220 = DIRECTION ( 'NONE',  ( 0.0000000000000000000, 0.0000000000000000000, 1.000000000000000000 ) ) ;
#8221 = ORIENTED_EDGE ( 'NONE', *, *, #10590, .F. ) ;
#8222 = EDGE_CURVE ( 'NONE', #7901, #7337, #7060, .T. ) ;
#8223 = LINE ( 'NONE', #3143, #9063 ) ;
#8224 = DIRECTION ( 'NONE',  ( -1.000000000000000000, 0.0000000000000000000, 0.0000000000000000000 ) ) ;
#8225 = VERTEX_POINT ( 'NONE', #3731 ) ;
#8226 = DIRECTION ( 'NONE',  ( -0.0000000000000000000, -0.0000000000000000000, -1.000000000000000000 ) ) ;
#8227 = EDGE_LOOP ( 'NONE', ( #10656, #7325, #1544, #4553 ) ) ;
#8228 = LINE ( 'NONE', #2967, #2196 ) ;
#8229 = CARTESIAN_POINT ( 'NONE',  ( 0.3296068513551769774, 65.75563677287806286, 50.00000000000000000 ) ) ;
#8230 = DIRECTION ( 'NONE',  ( -0.0000000000000000000, -0.0000000000000000000, -1.000000000000000000 ) ) ;
#8231 = AXIS2_PLACEMENT_3D ( 'NONE', #558, #8553, #10345 ) ;
#8232 = DIRECTION ( 'NONE',  ( -0.0000000000000000000, -0.0000000000000000000, -1.000000000000000000 ) ) ;
#8233 = LINE ( 'NONE', #8269, #512 ) ;
#8234 = VERTEX_POINT ( 'NONE', #3690 ) ;
#8235 = ORIENTED_EDGE ( 'NONE', *, *, #1366, .T. ) ;
#8236 = CIRCLE ( 'NONE', #960, 0.5000000000000216493 ) ;
#8237 = DIRECTION ( 'NONE',  ( -1.000000000000000000, 0.0000000000000000000, 0.0000000000000000000 ) ) ;
#8238 = EDGE_CURVE ( 'NONE', #5501, #10742, #8885, .T. ) ;
#8239 = CARTESIAN_POINT ( 'NONE',  ( 18.57451721232495601, 18.04840876449997111, -50.00000000000000000 ) ) ;
#8240 = DIRECTION ( 'NONE',  ( 1.000000000000000000, 0.0000000000000000000, 0.0000000000000000000 ) ) ;
#8241 = DIRECTION ( 'NONE',  ( -1.000000000000000000, 0.0000000000000000000, 0.0000000000000000000 ) ) ;
#8242 = DIRECTION ( 'NONE',  ( -1.000000000000000000, -0.0000000000000000000, -0.0000000000000000000 ) ) ;
#8243 = DIRECTION ( 'NONE',  ( -1.000000000000000000, 0.0000000000000000000, 0.0000000000000000000 ) ) ;
#8244 = ORIENTED_EDGE ( 'NONE', *, *, #5845, .F. ) ;
#8245 = LINE ( 'NONE', #2562, #3881 ) ;
#8246 = ORIENTED_EDGE ( 'NONE', *, *, #2400, .F. ) ;
#8247 = ORIENTED_EDGE ( 'NONE', *, *, #811, .T. ) ;
#8248 = CARTESIAN_POINT ( 'NONE',  ( 7.554904497641498295, 7.634982463064869940, -50.00000000000000000 ) ) ;
#8249 = CARTESIAN_POINT ( 'NONE',  ( 1.013769414302847727, 4.238488667910509378, 50.00000000000000000 ) ) ;
#8250 = DIRECTION ( 'NONE',  ( -0.0000000000000000000, -0.0000000000000000000, -1.000000000000000000 ) ) ;
#8251 = CIRCLE ( 'NONE', #8994, 0.5000000000000220934 ) ;
#8252 = VERTEX_POINT ( 'NONE', #4556 ) ;
#8253 = ADVANCED_FACE ( 'NONE', ( #9453 ), #10975, .F. ) ;
#8254 = EDGE_CURVE ( 'NONE', #6345, #8252, #4950, .T. ) ;
#8255 = AXIS2_PLACEMENT_3D ( 'NONE', #25, #9901, #3547 ) ;
#8256 = CIRCLE ( 'NONE', #2123, 26.70000000000182894 ) ;
#8257 = ORIENTED_EDGE ( 'NONE', *, *, #556, .F. ) ;
#8258 = EDGE_CURVE ( 'NONE', #7930, #10147, #10688, .T. ) ;
#8259 = CARTESIAN_POINT ( 'NONE',  ( 23.60998026349999890, 5.321026057900000161, 50.00000000000000000 ) ) ;
#8260 = AXIS2_PLACEMENT_3D ( 'NONE', #7558, #4955, #9317 ) ;
#8261 = CIRCLE ( 'NONE', #5290, 2.499999999999974243 ) ;
#8262 = ORIENTED_EDGE ( 'NONE', *, *, #9089, .T. ) ;
#8263 = CARTESIAN_POINT ( 'NONE',  ( 7.776535249192642496, 58.04840876450003151, -50.00000000000000000 ) ) ;
#8264 = DIRECTION ( 'NONE',  ( 0.0000000000000000000, 1.000000000000000000, -0.0000000000000000000 ) ) ;
#8265 = DIRECTION ( 'NONE',  ( -0.0000000000000000000, -0.0000000000000000000, -1.000000000000000000 ) ) ;
#8266 = CARTESIAN_POINT ( 'NONE',  ( 15.17268767191599110, 3.298408764499885404, -50.00000000000000000 ) ) ;
#8267 = EDGE_CURVE ( 'NONE', #11620, #6897, #3540, .T. ) ;
#8268 = VECTOR ( 'NONE', #10140, 1000.000000000000000 ) ;
#8269 = CARTESIAN_POINT ( 'NONE',  ( -2.527312328099999839, 10.04840876449999953, -50.00000000000000000 ) ) ;
#8270 = AXIS2_PLACEMENT_3D ( 'NONE', #4517, #8955, #8090 ) ;
#8271 = VECTOR ( 'NONE', #10805, 1000.000000000000000 ) ;
#8272 = VERTEX_POINT ( 'NONE', #2082 ) ;
#8273 = CARTESIAN_POINT ( 'NONE',  ( 7.776535249200000166, 12.54840876449999953, 50.00000000000000000 ) ) ;
#8274 = DIRECTION ( 'NONE',  ( -0.0000000000000000000, -0.0000000000000000000, -1.000000000000000000 ) ) ;
#8275 = DIRECTION ( 'NONE',  ( 0.0000000000000000000, 1.000000000000000000, -0.0000000000000000000 ) ) ;
#8276 = CARTESIAN_POINT ( 'NONE',  ( 21.98057961712854436, 65.67286755785812602, -50.00000000000000000 ) ) ;
#8277 = FACE_OUTER_BOUND ( 'NONE', #4292, .T. ) ;
#8278 = CARTESIAN_POINT ( 'NONE',  ( 8.209547951090172546, 17.79840876449734921, 50.00000000000000000 ) ) ;
#8279 = VERTEX_POINT ( 'NONE', #367 ) ;
#8280 = ORIENTED_EDGE ( 'NONE', *, *, #8619, .T. ) ;
#8281 = CIRCLE ( 'NONE', #8582, 0.5000000000000225375 ) ;
#8282 = EDGE_LOOP ( 'NONE', ( #11410, #7311, #1332, #2456 ) ) ;
#8283 = EDGE_CURVE ( 'NONE', #5107, #5858, #5366, .T. ) ;
#8284 = DIRECTION ( 'NONE',  ( -0.0000000000000000000, -0.0000000000000000000, -1.000000000000000000 ) ) ;
#8285 = CARTESIAN_POINT ( 'NONE',  ( -15.64176560054799126, 4.734807531388423030, 50.00000000000000000 ) ) ;
#8286 = DIRECTION ( 'NONE',  ( -0.0000000000000000000, -0.0000000000000000000, -1.000000000000000000 ) ) ;
#8287 = ORIENTED_EDGE ( 'NONE', *, *, #3254, .T. ) ;
#8288 = FACE_OUTER_BOUND ( 'NONE', #3554, .T. ) ;
#8289 = DIRECTION ( 'NONE',  ( 0.0000000000000000000, 0.0000000000000000000, 1.000000000000000000 ) ) ;
#8290 = VERTEX_POINT ( 'NONE', #5725 ) ;
#8291 = CARTESIAN_POINT ( 'NONE',  ( 23.28628890540853646, -13.56604450765714809, -50.00000000000000000 ) ) ;
#8292 = FACE_OUTER_BOUND ( 'NONE', #11391, .T. ) ;
#8293 = VERTEX_POINT ( 'NONE', #3886 ) ;
#8294 = AXIS2_PLACEMENT_3D ( 'NONE', #9536, #5092, #10434 ) ;
#8295 = DIRECTION ( 'NONE',  ( -0.0000000000000000000, -0.0000000000000000000, -1.000000000000000000 ) ) ;
#8296 = ORIENTED_EDGE ( 'NONE', *, *, #3392, .T. ) ;
#8297 = ORIENTED_EDGE ( 'NONE', *, *, #4513, .F. ) ;
#8298 = DIRECTION ( 'NONE',  ( -0.0000000000000000000, -0.0000000000000000000, -1.000000000000000000 ) ) ;
#8299 = AXIS2_PLACEMENT_3D ( 'NONE', #7121, #8931, #9004 ) ;
#8300 = ORIENTED_EDGE ( 'NONE', *, *, #3730, .T. ) ;
#8301 = DIRECTION ( 'NONE',  ( -1.000000000000000000, 0.0000000000000000000, 0.0000000000000000000 ) ) ;
#8302 = VECTOR ( 'NONE', #5286, 1000.000000000000000 ) ;
#8303 = ORIENTED_EDGE ( 'NONE', *, *, #1742, .T. ) ;
#8304 = DIRECTION ( 'NONE',  ( -0.0000000000000000000, -0.0000000000000000000, -1.000000000000000000 ) ) ;
#8305 = ORIENTED_EDGE ( 'NONE', *, *, #10732, .F. ) ;
#8306 = CARTESIAN_POINT ( 'NONE',  ( 23.42905437789999823, 3.443043897399999942, 50.00000000000000000 ) ) ;
#8307 = ADVANCED_FACE ( 'NONE', ( #7480 ), #5649, .T. ) ;
#8308 = ORIENTED_EDGE ( 'NONE', *, *, #6555, .T. ) ;
#8309 = AXIS2_PLACEMENT_3D ( 'NONE', #11603, #1756, #9820 ) ;
#8310 = CARTESIAN_POINT ( 'NONE',  ( 17.73582739271196829, 52.29840876450140996, 50.00000000000000000 ) ) ;
#8311 = DIRECTION ( 'NONE',  ( 1.000000000000000000, 0.0000000000000000000, 0.0000000000000000000 ) ) ;
#8312 = LINE ( 'NONE', #2547, #10958 ) ;
#8313 = ORIENTED_EDGE ( 'NONE', *, *, #5373, .T. ) ;
#8314 = ORIENTED_EDGE ( 'NONE', *, *, #1730, .F. ) ;
#8315 = DIRECTION ( 'NONE',  ( -1.000000000000000000, 0.0000000000000000000, 0.0000000000000000000 ) ) ;
#8316 = CARTESIAN_POINT ( 'NONE',  ( -1.727312328100000016, 26.74840876449999882, 50.00000000000000000 ) ) ;
#8317 = CIRCLE ( 'NONE', #9683, 1.000000000000000888 ) ;
#8318 = ORIENTED_EDGE ( 'NONE', *, *, #2491, .T. ) ;
#8319 = EDGE_LOOP ( 'NONE', ( #4369, #4134, #5362, #4412 ) ) ;
#8320 = EDGE_CURVE ( 'NONE', #8595, #11221, #1453, .T. ) ;
#8321 = AXIS2_PLACEMENT_3D ( 'NONE', #1370, #4810, #11198 ) ;
#8322 = VECTOR ( 'NONE', #10691, 1000.000000000000000 ) ;
#8323 = CARTESIAN_POINT ( 'NONE',  ( -15.64176560054782783, 44.73480753138829868, -50.00000000000000000 ) ) ;
#8324 = VERTEX_POINT ( 'NONE', #2006 ) ;
#8325 = VECTOR ( 'NONE', #2790, 1000.000000000000000 ) ;
#8326 = DIRECTION ( 'NONE',  ( -0.0000000000000000000, -0.0000000000000000000, -1.000000000000000000 ) ) ;
#8327 = LINE ( 'NONE', #4488, #11402 ) ;
#8328 = ORIENTED_EDGE ( 'NONE', *, *, #1798, .F. ) ;
#8329 = ORIENTED_EDGE ( 'NONE', *, *, #8222, .F. ) ;
#8330 = EDGE_CURVE ( 'NONE', #10575, #1578, #2281, .T. ) ;
#8331 = CIRCLE ( 'NONE', #8527, 0.5000000000000216493 ) ;
#8332 = EDGE_CURVE ( 'NONE', #750, #1570, #11531, .T. ) ;
#8333 = CYLINDRICAL_SURFACE ( 'NONE', #9358, 2.500000000000015987 ) ;
#8334 = VERTEX_POINT ( 'NONE', #3962 ) ;
#8335 = DIRECTION ( 'NONE',  ( 0.0000000000000000000, 0.0000000000000000000, 1.000000000000000000 ) ) ;
#8336 = LINE ( 'NONE', #458, #10986 ) ;
#8337 = VERTEX_POINT ( 'NONE', #4823 ) ;
#8338 = CARTESIAN_POINT ( 'NONE',  ( 10.04048428207140731, 61.44827996269184922, -50.00000000000000000 ) ) ;
#8339 = AXIS2_PLACEMENT_3D ( 'NONE', #11326, #9526, #10468 ) ;
#8340 = ORIENTED_EDGE ( 'NONE', *, *, #5034, .T. ) ;
#8341 = CARTESIAN_POINT ( 'NONE',  ( 17.97268767190000105, -0.4515912355000000211, 50.00000000000000000 ) ) ;
#8342 = DIRECTION ( 'NONE',  ( -1.000000000000000000, 0.0000000000000000000, 0.0000000000000000000 ) ) ;
#8343 = CARTESIAN_POINT ( 'NONE',  ( 9.572687671900000694, 15.04840876450000131, 50.00000000000000000 ) ) ;
#8344 = EDGE_CURVE ( 'NONE', #11524, #3772, #4391, .T. ) ;
#8345 = CARTESIAN_POINT ( 'NONE',  ( 1.222687671899958861, 12.84840876448371816, -50.00000000000000000 ) ) ;
#8346 = VECTOR ( 'NONE', #301, 1000.000000000000000 ) ;
#8347 = ORIENTED_EDGE ( 'NONE', *, *, #6223, .F. ) ;
#8348 = CIRCLE ( 'NONE', #10339, 0.5000000000001114664 ) ;
#8349 = ORIENTED_EDGE ( 'NONE', *, *, #7819, .T. ) ;
#8350 = ORIENTED_EDGE ( 'NONE', *, *, #1634, .T. ) ;
#8351 = VERTEX_POINT ( 'NONE', #11087 ) ;
#8352 = EDGE_CURVE ( 'NONE', #1105, #8351, #1015, .T. ) ;
#8353 = ADVANCED_FACE ( 'NONE', ( #2703 ), #3262, .F. ) ;
#8354 = CARTESIAN_POINT ( 'NONE',  ( 1.572687671900000028, 69.74840876449999882, -50.00000000000000000 ) ) ;
#8355 = CARTESIAN_POINT ( 'NONE',  ( 5.222687671900001050, 12.84840876448371816, -50.00000000000000000 ) ) ;
#8356 = DIRECTION ( 'NONE',  ( -0.0000000000000000000, -0.0000000000000000000, -1.000000000000000000 ) ) ;
#8357 = EDGE_CURVE ( 'NONE', #2698, #4346, #7467, .T. ) ;
#8358 = DIRECTION ( 'NONE',  ( -0.0000000000000000000, -0.0000000000000000000, -1.000000000000000000 ) ) ;
#8359 = CARTESIAN_POINT ( 'NONE',  ( 28.97268767189997618, 71.04840876449998177, 50.00000000000000000 ) ) ;
#8360 = AXIS2_PLACEMENT_3D ( 'NONE', #699, #2609, #8807 ) ;
#8361 = CIRCLE ( 'NONE', #704, 0.5000000000000281997 ) ;
#8362 = ORIENTED_EDGE ( 'NONE', *, *, #6527, .F. ) ;
#8363 = LINE ( 'NONE', #10800, #2601 ) ;
#8364 = DIRECTION ( 'NONE',  ( 1.000000000000000000, 0.0000000000000000000, 0.0000000000000000000 ) ) ;
#8365 = ORIENTED_EDGE ( 'NONE', *, *, #1577, .F. ) ;
#8366 = CARTESIAN_POINT ( 'NONE',  ( 1.072687671900000028, -3.551591235500000554, 50.00000000000000000 ) ) ;
#8367 = DIRECTION ( 'NONE',  ( -1.000000000000000000, 0.0000000000000000000, 0.0000000000000000000 ) ) ;
#8368 = EDGE_CURVE ( 'NONE', #3400, #3249, #10275, .T. ) ;
#8369 = AXIS2_PLACEMENT_3D ( 'NONE', #5779, #7593, #3118 ) ;
#8370 = ADVANCED_FACE ( 'NONE', ( #9156 ), #10549, .F. ) ;
#8371 = VECTOR ( 'NONE', #10053, 1000.000000000000000 ) ;
#8372 = ORIENTED_EDGE ( 'NONE', *, *, #248, .T. ) ;
#8373 = CARTESIAN_POINT ( 'NONE',  ( 28.97268767190000105, 8.048408764499999535, -50.00000000000000000 ) ) ;
#8374 = ORIENTED_EDGE ( 'NONE', *, *, #6944, .T. ) ;
#8375 = CYLINDRICAL_SURFACE ( 'NONE', #881, 2.500000000000002220 ) ;
#8376 = EDGE_CURVE ( 'NONE', #11312, #1970, #1144, .T. ) ;
#8377 =( LENGTH_UNIT ( ) NAMED_UNIT ( * ) SI_UNIT ( .MILLI., .METRE. ) );
#8378 = CARTESIAN_POINT ( 'NONE',  ( 5.472687671900010820, -2.451591235500058197, -50.00000000000000000 ) ) ;
#8379 = DIRECTION ( 'NONE',  ( 1.000000000000000000, 0.0000000000000000000, 0.0000000000000000000 ) ) ;
#8380 = CARTESIAN_POINT ( 'NONE',  ( 5.800182131535402519, 20.64495767069079690, 50.00000000000000000 ) ) ;
#8381 = VECTOR ( 'NONE', #1692, 1000.000000000000000 ) ;
#8382 = CARTESIAN_POINT ( 'NONE',  ( -3.027312328099995842, 21.54840876450000309, -50.00000000000000000 ) ) ;
#8383 = EDGE_LOOP ( 'NONE', ( #11305, #3754, #1891, #3705 ) ) ;
#8384 = EDGE_LOOP ( 'NONE', ( #9673, #2683, #1389, #9377 ) ) ;
#8385 = AXIS2_PLACEMENT_3D ( 'NONE', #4395, #4170, #6152 ) ;
#8386 = DIRECTION ( 'NONE',  ( -0.0000000000000000000, 1.000000000000000000, -0.0000000000000000000 ) ) ;
#8387 = DIRECTION ( 'NONE',  ( -0.0000000000000000000, -0.0000000000000000000, -1.000000000000000000 ) ) ;
#8388 = LINE ( 'NONE', #9106, #11037 ) ;
#8389 = VERTEX_POINT ( 'NONE', #3036 ) ;
#8390 = CIRCLE ( 'NONE', #9568, 5.400000000000009237 ) ;
#8391 = EDGE_CURVE ( 'NONE', #9803, #8186, #5786, .T. ) ;
#8392 = DIRECTION ( 'NONE',  ( 0.0000000000000000000, 0.0000000000000000000, 1.000000000000000000 ) ) ;
#8393 = ORIENTED_EDGE ( 'NONE', *, *, #446, .T. ) ;
#8394 = DIRECTION ( 'NONE',  ( -1.000000000000000000, 0.0000000000000000000, 0.0000000000000000000 ) ) ;
#8395 = DIRECTION ( 'NONE',  ( 0.0000000000000000000, 0.0000000000000000000, 1.000000000000000000 ) ) ;
#8396 = CARTESIAN_POINT ( 'NONE',  ( 10.22268767190173655, 10.28526904368860251, 50.00000000000000000 ) ) ;
#8397 = CARTESIAN_POINT ( 'NONE',  ( -3.027312328100000283, -0.9515912354999995770, 50.00000000000000000 ) ) ;
#8398 = VECTOR ( 'NONE', #3206, 1000.000000000000000 ) ;
#8399 = EDGE_LOOP ( 'NONE', ( #9687, #10120, #698, #11232, #9813, #3158, #2442, #9679, #10456, #4628, #2023, #10160, #4948, #6072, #6462 ) ) ;
#8400 = DIRECTION ( 'NONE',  ( 1.000000000000000000, 0.0000000000000000000, 0.0000000000000000000 ) ) ;
#8401 = AXIS2_PLACEMENT_3D ( 'NONE', #658, #7034, #10495 ) ;
#8402 = FACE_OUTER_BOUND ( 'NONE', #11247, .T. ) ;
#8403 = DIRECTION ( 'NONE',  ( -0.0000000000000000000, -0.0000000000000000000, -1.000000000000000000 ) ) ;
#8404 = EDGE_CURVE ( 'NONE', #5966, #9967, #9844, .T. ) ;
#8405 = DIRECTION ( 'NONE',  ( -0.0000000000000000000, -0.0000000000000000000, -1.000000000000000000 ) ) ;
#8406 = EDGE_CURVE ( 'NONE', #10742, #398, #6764, .T. ) ;
#8407 = FACE_OUTER_BOUND ( 'NONE', #1070, .T. ) ;
#8408 = ORIENTED_EDGE ( 'NONE', *, *, #6825, .F. ) ;
#8409 = ADVANCED_FACE ( 'NONE', ( #739 ), #8024, .F. ) ;
#8410 = LINE ( 'NONE', #10640, #3630 ) ;
#8411 = EDGE_CURVE ( 'NONE', #4563, #4804, #9709, .T. ) ;
#8412 = ORIENTED_EDGE ( 'NONE', *, *, #145, .T. ) ;
#8413 = DIRECTION ( 'NONE',  ( -0.0000000000000000000, -1.000000000000000000, -0.0000000000000000000 ) ) ;
#8414 = ADVANCED_FACE ( 'NONE', ( #3395 ), #1575, .F. ) ;
#8415 = CARTESIAN_POINT ( 'NONE',  ( 28.97268767189997618, 71.04840876449998177, 50.00000000000000000 ) ) ;
#8416 = DIRECTION ( 'NONE',  ( -0.0000000000000000000, -0.0000000000000000000, -1.000000000000000000 ) ) ;
#8417 = LINE ( 'NONE', #5321, #6873 ) ;
#8418 = ORIENTED_EDGE ( 'NONE', *, *, #6536, .T. ) ;
#8419 = EDGE_CURVE ( 'NONE', #5952, #8431, #10826, .T. ) ;
#8420 = CARTESIAN_POINT ( 'NONE',  ( 41.58714094417511120, 44.73480753116644593, -50.00000000000000000 ) ) ;
#8421 = EDGE_CURVE ( 'NONE', #575, #1032, #1298, .T. ) ;
#8422 = VECTOR ( 'NONE', #3835, 1000.000000000000000 ) ;
#8423 = AXIS2_PLACEMENT_3D ( 'NONE', #9302, #5730, #1260 ) ;
#8424 = ADVANCED_FACE ( 'NONE', ( #6063 ), #3372, .T. ) ;
#8425 = ORIENTED_EDGE ( 'NONE', *, *, #8164, .F. ) ;
#8426 = DIRECTION ( 'NONE',  ( -0.0000000000000000000, 1.000000000000000000, -0.0000000000000000000 ) ) ;
#8427 = LINE ( 'NONE', #7415, #5615 ) ;
#8428 = ORIENTED_EDGE ( 'NONE', *, *, #131, .T. ) ;
#8429 = DIRECTION ( 'NONE',  ( -0.0000000000000000000, -0.0000000000000000000, -1.000000000000000000 ) ) ;
#8430 = ORIENTED_EDGE ( 'NONE', *, *, #8352, .T. ) ;
#8431 = VERTEX_POINT ( 'NONE', #9611 ) ;
#8432 = ORIENTED_EDGE ( 'NONE', *, *, #3977, .F. ) ;
#8433 = ORIENTED_EDGE ( 'NONE', *, *, #10608, .F. ) ;
#8434 = EDGE_CURVE ( 'NONE', #2962, #2363, #2836, .T. ) ;
#8435 = DIRECTION ( 'NONE',  ( 1.000000000000000000, 0.0000000000000000000, 0.0000000000000000000 ) ) ;
#8436 = CIRCLE ( 'NONE', #9313, 4.000000000000012434 ) ;
#8437 = ORIENTED_EDGE ( 'NONE', *, *, #11474, .T. ) ;
#8438 = VERTEX_POINT ( 'NONE', #10274 ) ;
#8439 = CARTESIAN_POINT ( 'NONE',  ( 28.47268767190000105, 20.04840876449999953, 50.00000000000000000 ) ) ;
#8440 = DIRECTION ( 'NONE',  ( -0.0000000000000000000, -0.0000000000000000000, -1.000000000000000000 ) ) ;
#8441 = PLANE ( 'NONE',  #8423 ) ;
#8442 = VERTEX_POINT ( 'NONE', #8752 ) ;
#8443 = EDGE_LOOP ( 'NONE', ( #8412, #7029, #4983, #6239 ) ) ;
#8444 = CARTESIAN_POINT ( 'NONE',  ( 24.72268767189978433, 57.24840876451167304, 50.00000000000000000 ) ) ;
#8445 = VECTOR ( 'NONE', #1018, 1000.000000000000000 ) ;
#8446 = ORIENTED_EDGE ( 'NONE', *, *, #2751, .T. ) ;
#8447 = AXIS2_PLACEMENT_3D ( 'NONE', #10408, #4187, #5068 ) ;
#8448 = LINE ( 'NONE', #4741, #3114 ) ;
#8449 = EDGE_LOOP ( 'NONE', ( #9142, #11381, #5379, #6523 ) ) ;
#8450 = ORIENTED_EDGE ( 'NONE', *, *, #4399, .F. ) ;
#8451 = DIRECTION ( 'NONE',  ( 1.000000000000000000, 0.0000000000000000000, 0.0000000000000000000 ) ) ;
#8452 = DIRECTION ( 'NONE',  ( -0.0000000000000000000, -0.0000000000000000000, -1.000000000000000000 ) ) ;
#8453 = ORIENTED_EDGE ( 'NONE', *, *, #3336, .T. ) ;
#8454 = DIRECTION ( 'NONE',  ( -0.0000000000000000000, -0.0000000000000000000, -1.000000000000000000 ) ) ;
#8455 = CARTESIAN_POINT ( 'NONE',  ( -3.027312328099999839, -3.551591235500000554, 50.00000000000000000 ) ) ;
#8456 = VECTOR ( 'NONE', #2783, 1000.000000000000000 ) ;
#8457 = EDGE_CURVE ( 'NONE', #8186, #6511, #5354, .T. ) ;
#8458 = CIRCLE ( 'NONE', #295, 3.999999999999899636 ) ;
#8459 = VECTOR ( 'NONE', #1913, 1000.000000000000000 ) ;
#8460 = ORIENTED_EDGE ( 'NONE', *, *, #5718, .T. ) ;
#8461 = FACE_OUTER_BOUND ( 'NONE', #7329, .T. ) ;
#8462 = ORIENTED_EDGE ( 'NONE', *, *, #5238, .T. ) ;
#8463 = LINE ( 'NONE', #1314, #2303 ) ;
#8464 = ADVANCED_FACE ( 'NONE', ( #5500 ), #5638, .T. ) ;
#8465 = VERTEX_POINT ( 'NONE', #6669 ) ;
#8466 = AXIS2_PLACEMENT_3D ( 'NONE', #8810, #3434, #9707 ) ;
#8467 = DIRECTION ( 'NONE',  ( 1.000000000000000000, 0.0000000000000000000, 0.0000000000000000000 ) ) ;
#8468 = DIRECTION ( 'NONE',  ( 1.000000000000000000, 0.0000000000000000000, 0.0000000000000000000 ) ) ;
#8469 = CARTESIAN_POINT ( 'NONE',  ( 30.97268767190001526, 22.54840876450001375, 50.00000000000000000 ) ) ;
#8471 = LINE ( 'NONE', #2419, #10560 ) ;
#8470 = CARTESIAN_POINT ( 'NONE',  ( 1.222687671899996609, 52.84840876448123481, -50.00000000000000000 ) ) ;
#8472 = VERTEX_POINT ( 'NONE', #5167 ) ;
#8473 = CIRCLE ( 'NONE', #217, 2.000000000000090150 ) ;
#8474 = VECTOR ( 'NONE', #3954, 1000.000000000000000 ) ;
#8475 = ORIENTED_EDGE ( 'NONE', *, *, #6767, .F. ) ;
#8476 = ORIENTED_EDGE ( 'NONE', *, *, #4617, .T. ) ;
#8477 = ADVANCED_FACE ( 'NONE', ( #3965 ), #439, .T. ) ;
#8478 = EDGE_CURVE ( 'NONE', #4563, #8661, #8458, .T. ) ;
#8479 = AXIS2_PLACEMENT_3D ( 'NONE', #1912, #7400, #8342 ) ;
#8480 = DIRECTION ( 'NONE',  ( -0.7071067812173170708, -0.7071067811557779637, 0.0000000000000000000 ) ) ;
#8481 = CARTESIAN_POINT ( 'NONE',  ( -3.027312328099999839, 8.048408764499999535, 50.00000000000000000 ) ) ;
#8482 = CYLINDRICAL_SURFACE ( 'NONE', #10914, 0.5000000000001114664 ) ;
#8483 = EDGE_LOOP ( 'NONE', ( #6342, #5742, #10853, #1681 ) ) ;
#8484 = EDGE_CURVE ( 'NONE', #1803, #10527, #4378, .T. ) ;
#8485 = ADVANCED_FACE ( 'NONE', ( #9995 ), #872, .F. ) ;
#8486 = VECTOR ( 'NONE', #812, 1000.000000000000000 ) ;
#8487 = EDGE_LOOP ( 'NONE', ( #105, #1261, #7498, #10462 ) ) ;
#8488 = EDGE_LOOP ( 'NONE', ( #8791, #8958, #11605, #6599 ) ) ;
#8489 = AXIS2_PLACEMENT_3D ( 'NONE', #6497, #1200, #10947 ) ;
#8490 = CARTESIAN_POINT ( 'NONE',  ( -0.5173598695293115668, 64.64089582827466529, 50.00000000000000000 ) ) ;
#8491 = VERTEX_POINT ( 'NONE', #906 ) ;
#8492 = EDGE_CURVE ( 'NONE', #11317, #7268, #1994, .T. ) ;
#8493 = LINE ( 'NONE', #6763, #4001 ) ;
#8494 = ORIENTED_EDGE ( 'NONE', *, *, #2860, .F. ) ;
#8495 = AXIS2_PLACEMENT_3D ( 'NONE', #9561, #2270, #4923 ) ;
#8496 = CARTESIAN_POINT ( 'NONE',  ( 0.0000000000000000000, 0.0000000000000000000, 0.0000000000000000000 ) ) ;
#8497 = LINE ( 'NONE', #9218, #10032 ) ;
#8498 = DIRECTION ( 'NONE',  ( -1.000000000000000000, 0.0000000000000000000, 0.0000000000000000000 ) ) ;
#8499 = ORIENTED_EDGE ( 'NONE', *, *, #9784, .F. ) ;
#8500 = DIRECTION ( 'NONE',  ( -0.0000000000000000000, -0.0000000000000000000, -1.000000000000000000 ) ) ;
#8501 = CARTESIAN_POINT ( 'NONE',  ( 12.97268767189999927, 55.04840876450000309, -50.00000000000000000 ) ) ;
#8502 = EDGE_LOOP ( 'NONE', ( #2563, #326, #5372, #8300 ) ) ;
#8503 = EDGE_CURVE ( 'NONE', #2944, #9604, #1709, .T. ) ;
#8504 = CARTESIAN_POINT ( 'NONE',  ( 27.67268767190074996, 23.04840876450057507, 50.00000000000000000 ) ) ;
#8505 = CARTESIAN_POINT ( 'NONE',  ( 9.572687671900002471, 15.04840876450000131, -64.14213562373096522 ) ) ;
#8506 = CIRCLE ( 'NONE', #8739, 26.39999999999258051 ) ;
#8507 = ORIENTED_EDGE ( 'NONE', *, *, #169, .F. ) ;
#8508 = ORIENTED_EDGE ( 'NONE', *, *, #7984, .T. ) ;
#8509 = FACE_OUTER_BOUND ( 'NONE', #7855, .T. ) ;
#8510 = CARTESIAN_POINT ( 'NONE',  ( -2.527312328099999839, 50.04840876450001019, 50.00000000000000000 ) ) ;
#8511 = CARTESIAN_POINT ( 'NONE',  ( 29.47268767190001171, 10.04840876449999065, 50.00000000000000000 ) ) ;
#8512 = EDGE_CURVE ( 'NONE', #1936, #277, #466, .T. ) ;
#8513 = DIRECTION ( 'NONE',  ( -0.0000000000000000000, -1.000000000000000000, -0.0000000000000000000 ) ) ;
#8514 = DIRECTION ( 'NONE',  ( 1.000000000000000000, 0.0000000000000000000, 0.0000000000000000000 ) ) ;
#8515 = DIRECTION ( 'NONE',  ( 1.000000000000000000, 0.0000000000000000000, 0.0000000000000000000 ) ) ;
#8516 = AXIS2_PLACEMENT_3D ( 'NONE', #9877, #7059, #9759 ) ;
#8517 = PLANE ( 'NONE',  #1485 ) ;
#8518 = FACE_OUTER_BOUND ( 'NONE', #8898, .T. ) ;
#8519 = ORIENTED_EDGE ( 'NONE', *, *, #6546, .T. ) ;
#8520 = ORIENTED_EDGE ( 'NONE', *, *, #9473, .T. ) ;
#8521 = LINE ( 'NONE', #319, #5558 ) ;
#8522 = CARTESIAN_POINT ( 'NONE',  ( 18.57451721232495601, 18.04840876449997111, 50.00000000000000000 ) ) ;
#8523 = DIRECTION ( 'NONE',  ( 1.000000000000000000, 0.0000000000000000000, 0.0000000000000000000 ) ) ;
#8524 = DIRECTION ( 'NONE',  ( -1.000000000000000000, 0.0000000000000000000, 0.0000000000000000000 ) ) ;
#8525 = VERTEX_POINT ( 'NONE', #6231 ) ;
#8526 = DIRECTION ( 'NONE',  ( 1.000000000000000000, 0.0000000000000000000, 0.0000000000000000000 ) ) ;
#8527 = AXIS2_PLACEMENT_3D ( 'NONE', #5737, #5778, #10181 ) ;
#8528 = ADVANCED_FACE ( 'NONE', ( #3123 ), #8864, .F. ) ;
#8529 = CIRCLE ( 'NONE', #4744, 26.70000000000134932 ) ;
#8530 = VERTEX_POINT ( 'NONE', #6113 ) ;
#8531 = DIRECTION ( 'NONE',  ( 0.0000000000000000000, 0.0000000000000000000, -1.000000000000000000 ) ) ;
#8532 = CARTESIAN_POINT ( 'NONE',  ( 24.57805253900000153, 4.592042058500000579, 50.00000000000000000 ) ) ;
#8533 = LINE ( 'NONE', #3570, #6133 ) ;
#8534 = ORIENTED_EDGE ( 'NONE', *, *, #11004, .T. ) ;
#8535 = CARTESIAN_POINT ( 'NONE',  ( 15.17268767191599110, 3.298408764499885404, 50.00000000000000000 ) ) ;
#8536 = DIRECTION ( 'NONE',  ( 1.000000000000000000, 0.0000000000000000000, 0.0000000000000000000 ) ) ;
#8537 = ADVANCED_FACE ( 'NONE', ( #2553 ), #3518, .F. ) ;
#8538 = DIRECTION ( 'NONE',  ( -0.0000000000000000000, -0.0000000000000000000, -1.000000000000000000 ) ) ;
#8539 = CARTESIAN_POINT ( 'NONE',  ( -1.727312328100000016, 43.34840876450000025, 50.00000000000000000 ) ) ;
#8540 = VECTOR ( 'NONE', #9506, 1000.000000000000000 ) ;
#8541 = AXIS2_PLACEMENT_3D ( 'NONE', #10743, #130, #18 ) ;
#8542 = ORIENTED_EDGE ( 'NONE', *, *, #3948, .F. ) ;
#8543 = CARTESIAN_POINT ( 'NONE',  ( 27.67268767189892031, 63.04840876449918596, -50.00000000000000000 ) ) ;
#8544 = ADVANCED_FACE ( 'NONE', ( #8871 ), #6484, .F. ) ;
#8545 = VECTOR ( 'NONE', #1160, 1000.000000000000000 ) ;
#8546 = VERTEX_POINT ( 'NONE', #7135 ) ;
#8547 = EDGE_CURVE ( 'NONE', #73, #1628, #7625, .T. ) ;
#8548 = AXIS2_PLACEMENT_3D ( 'NONE', #503, #6760, #11228 ) ;
#8549 = DIRECTION ( 'NONE',  ( -0.0000000000000000000, -0.0000000000000000000, -1.000000000000000000 ) ) ;
#8550 = DIRECTION ( 'NONE',  ( 1.000000000000000000, 0.0000000000000000000, 0.0000000000000000000 ) ) ;
#8551 = CYLINDRICAL_SURFACE ( 'NONE', #11478, 2.499999999999898304 ) ;
#8552 = ORIENTED_EDGE ( 'NONE', *, *, #10588, .F. ) ;
#8553 = DIRECTION ( 'NONE',  ( -0.7071067811865435759, -0.7071067811865515695, 0.0000000000000000000 ) ) ;
#8554 = CARTESIAN_POINT ( 'NONE',  ( 7.776535249200025923, 12.04840876449995690, 50.00000000000000000 ) ) ;
#8555 = AXIS2_PLACEMENT_3D ( 'NONE', #2777, #8977, #9097 ) ;
#8556 = FACE_OUTER_BOUND ( 'NONE', #6611, .T. ) ;
#8557 = VERTEX_POINT ( 'NONE', #755 ) ;
#8558 = CARTESIAN_POINT ( 'NONE',  ( 8.209547951090172546, 17.79840876449734921, 50.00000000000000000 ) ) ;
#8559 = EDGE_CURVE ( 'NONE', #7100, #8525, #3523, .T. ) ;
#8560 = DIRECTION ( 'NONE',  ( -0.0000000000000000000, -0.0000000000000000000, -1.000000000000000000 ) ) ;
#8561 = CIRCLE ( 'NONE', #6436, 2.500000000000015987 ) ;
#8562 = CARTESIAN_POINT ( 'NONE',  ( 7.472687671900000161, -4.951591235499999577, 50.00000000000000000 ) ) ;
#8563 = VERTEX_POINT ( 'NONE', #4467 ) ;
#8564 = ADVANCED_FACE ( 'NONE', ( #174 ), #11255, .F. ) ;
#8565 = AXIS2_PLACEMENT_3D ( 'NONE', #7298, #2862, #8241 ) ;
#8566 = DIRECTION ( 'NONE',  ( -0.0000000000000000000, -0.0000000000000000000, -1.000000000000000000 ) ) ;
#8567 = CIRCLE ( 'NONE', #316, 2.000000000000090150 ) ;
#8568 = ORIENTED_EDGE ( 'NONE', *, *, #6156, .T. ) ;
#8569 = EDGE_CURVE ( 'NONE', #7580, #3032, #4934, .T. ) ;
#8570 = EDGE_LOOP ( 'NONE', ( #4291, #9165, #10344, #3165 ) ) ;
#8571 = LINE ( 'NONE', #7994, #4907 ) ;
#8572 =( LENGTH_UNIT ( ) NAMED_UNIT ( * ) SI_UNIT ( .MILLI., .METRE. ) );
#8573 = VERTEX_POINT ( 'NONE', #8979 ) ;
#8574 = CARTESIAN_POINT ( 'NONE',  ( -2.527312328099999839, 5.048408764500000423, 50.00000000000000000 ) ) ;
#8575 = PLANE ( 'NONE',  #8548 ) ;
#8576 = EDGE_CURVE ( 'NONE', #10563, #9385, #8312, .T. ) ;
#8577 = LINE ( 'NONE', #7904, #8850 ) ;
#8578 = VERTEX_POINT ( 'NONE', #9878 ) ;
#8579 = DIRECTION ( 'NONE',  ( 0.0000000000000000000, -1.000000000000000000, 0.0000000000000000000 ) ) ;
#8580 = DIRECTION ( 'NONE',  ( 1.000000000000000000, 0.0000000000000000000, 0.0000000000000000000 ) ) ;
#8581 = EDGE_CURVE ( 'NONE', #866, #2480, #5926, .T. ) ;
#8582 = AXIS2_PLACEMENT_3D ( 'NONE', #6672, #493, #1462 ) ;
#8583 = ORIENTED_EDGE ( 'NONE', *, *, #9697, .T. ) ;
#8584 = EDGE_LOOP ( 'NONE', ( #9444, #993, #996, #6924 ) ) ;
#8585 = ORIENTED_EDGE ( 'NONE', *, *, #9245, .T. ) ;
#8586 = ADVANCED_FACE ( 'NONE', ( #4101 ), #8599, .F. ) ;
#8587 = DIRECTION ( 'NONE',  ( -0.0000000000000000000, -0.0000000000000000000, -1.000000000000000000 ) ) ;
#8588 = DIRECTION ( 'NONE',  ( -0.0000000000000000000, -0.0000000000000000000, -1.000000000000000000 ) ) ;
#8589 = VECTOR ( 'NONE', #6244, 1000.000000000000000 ) ;
#8590 = ORIENTED_EDGE ( 'NONE', *, *, #6961, .T. ) ;
#8591 = EDGE_LOOP ( 'NONE', ( #9134, #468, #6685, #5380 ) ) ;
#8592 = EDGE_CURVE ( 'NONE', #2698, #7157, #3811, .T. ) ;
#8593 = AXIS2_PLACEMENT_3D ( 'NONE', #7363, #8142, #9084 ) ;
#8594 = DIRECTION ( 'NONE',  ( -1.000000000000000000, -0.0000000000000000000, -0.0000000000000000000 ) ) ;
#8595 = VERTEX_POINT ( 'NONE', #1682 ) ;
#8596 = ADVANCED_FACE ( 'NONE', ( #7047 ), #10963, .T. ) ;
#8597 = EDGE_CURVE ( 'NONE', #5496, #5332, #10676, .T. ) ;
#8598 = CARTESIAN_POINT ( 'NONE',  ( 6.472687671899986839, 71.04840876449998177, -50.00000000000000000 ) ) ;
#8599 = CYLINDRICAL_SURFACE ( 'NONE', #4344, 1.999999999999873435 ) ;
#8600 = DIRECTION ( 'NONE',  ( -0.0000000000000000000, -0.0000000000000000000, -1.000000000000000000 ) ) ;
#8601 = ORIENTED_EDGE ( 'NONE', *, *, #3964, .T. ) ;
#8602 = ORIENTED_EDGE ( 'NONE', *, *, #10221, .T. ) ;
#8603 = EDGE_LOOP ( 'NONE', ( #624, #2924, #11534, #8247 ) ) ;
#8604 = CIRCLE ( 'NONE', #6842, 4.000000000000000000 ) ;
#8605 = ADVANCED_FACE ( 'NONE', ( #6195 ), #4786, .T. ) ;
#8606 = VERTEX_POINT ( 'NONE', #199 ) ;
#8607 = DIRECTION ( 'NONE',  ( 0.0000000000000000000, 0.0000000000000000000, 1.000000000000000000 ) ) ;
#8608 = PLANE ( 'NONE',  #1744 ) ;
#8609 = CARTESIAN_POINT ( 'NONE',  ( 10.47268767189999927, 20.54840876449999953, 50.00000000000000000 ) ) ;
#8610 = EDGE_LOOP ( 'NONE', ( #10940, #3431, #9834, #7048 ) ) ;
#8611 = LINE ( 'NONE', #3607, #8322 ) ;
#8612 = AXIS2_PLACEMENT_3D ( 'NONE', #388, #2225, #4917 ) ;
#8613 = EDGE_LOOP ( 'NONE', ( #11296, #3101, #9969, #9144 ) ) ;
#8614 = VECTOR ( 'NONE', #2634, 1000.000000000000000 ) ;
#8615 = LINE ( 'NONE', #5434, #8459 ) ;
#8616 = CARTESIAN_POINT ( 'NONE',  ( 7.972687671900000161, -0.4515912355000000211, -50.00000000000000000 ) ) ;
#8617 = ORIENTED_EDGE ( 'NONE', *, *, #5560, .F. ) ;
#8618 = CARTESIAN_POINT ( 'NONE',  ( 28.97268767190000105, -4.951591235499999577, -50.00000000000000000 ) ) ;
#8619 = EDGE_CURVE ( 'NONE', #7913, #5499, #1285, .T. ) ;
#8620 = FACE_OUTER_BOUND ( 'NONE', #4132, .T. ) ;
#8621 = ORIENTED_EDGE ( 'NONE', *, *, #10939, .T. ) ;
#8622 = CIRCLE ( 'NONE', #813, 26.40000000000100755 ) ;
#8623 = ADVANCED_FACE ( 'NONE', ( #5491 ), #5069, .F. ) ;
#8624 = EDGE_LOOP ( 'NONE', ( #218, #9200, #9658, #4848 ) ) ;
#8625 = ORIENTED_EDGE ( 'NONE', *, *, #5007, .F. ) ;
#8626 = CARTESIAN_POINT ( 'NONE',  ( 23.60998026349999890, 5.321026057900000161, 50.00000000000000000 ) ) ;
#8627 = DIRECTION ( 'NONE',  ( -0.0000000000000000000, -0.0000000000000000000, -1.000000000000000000 ) ) ;
#8628 = DIRECTION ( 'NONE',  ( -0.0000000000000000000, -0.0000000000000000000, -1.000000000000000000 ) ) ;
#8629 = CARTESIAN_POINT ( 'NONE',  ( 28.47268767190000105, 48.54840876450000309, 50.00000000000000000 ) ) ;
#8630 = DIRECTION ( 'NONE',  ( 0.0000000000000000000, 0.0000000000000000000, 1.000000000000000000 ) ) ;
#8631 = EDGE_CURVE ( 'NONE', #3614, #6461, #4806, .T. ) ;
#8632 = FACE_OUTER_BOUND ( 'NONE', #6192, .T. ) ;
#8633 = ORIENTED_EDGE ( 'NONE', *, *, #5320, .T. ) ;
#8634 = CIRCLE ( 'NONE', #6893, 0.5000000000000593969 ) ;
#8635 = DIRECTION ( 'NONE',  ( 1.000000000000000000, 0.0000000000000000000, 0.0000000000000000000 ) ) ;
#8636 = ORIENTED_EDGE ( 'NONE', *, *, #6073, .T. ) ;
#8637 = ORIENTED_EDGE ( 'NONE', *, *, #3187, .F. ) ;
#8638 = EDGE_CURVE ( 'NONE', #4048, #8197, #11387, .T. ) ;
#8639 = VERTEX_POINT ( 'NONE', #7222 ) ;
#8640 = CARTESIAN_POINT ( 'NONE',  ( 15.97268767189995486, 49.85225634179997201, -50.00000000000000000 ) ) ;
#8641 = CARTESIAN_POINT ( 'NONE',  ( -15.64176560036758801, 25.36200999784368904, 50.00000000000000000 ) ) ;
#8642 = EDGE_CURVE ( 'NONE', #1039, #1475, #6618, .T. ) ;
#8643 = LINE ( 'NONE', #569, #5114 ) ;
#8644 = ORIENTED_EDGE ( 'NONE', *, *, #10457, .F. ) ;
#8645 = DIRECTION ( 'NONE',  ( -1.000000000000000000, 0.0000000000000000000, 0.0000000000000000000 ) ) ;
#8646 = VECTOR ( 'NONE', #9919, 1000.000000000000000 ) ;
#8647 = EDGE_CURVE ( 'NONE', #8172, #4104, #9284, .T. ) ;
#8648 = DIRECTION ( 'NONE',  ( -1.000000000000000000, 0.0000000000000000000, 0.0000000000000000000 ) ) ;
#8649 = EDGE_CURVE ( 'NONE', #1603, #5538, #9586, .T. ) ;
#8650 = DIRECTION ( 'NONE',  ( 1.000000000000000000, 0.0000000000000000000, 0.0000000000000000000 ) ) ;
#8651 = AXIS2_PLACEMENT_3D ( 'NONE', #6932, #11470, #3433 ) ;
#8652 = ADVANCED_FACE ( 'NONE', ( #9859 ), #6918, .F. ) ;
#8653 = CARTESIAN_POINT ( 'NONE',  ( 12.97268767189999927, 55.04840876450000309, 50.00000000000000000 ) ) ;
#8654 = FACE_OUTER_BOUND ( 'NONE', #1618, .T. ) ;
#8655 = ORIENTED_EDGE ( 'NONE', *, *, #10786, .F. ) ;
#8656 = ORIENTED_EDGE ( 'NONE', *, *, #2593, .T. ) ;
#8657 = FACE_BOUND ( 'NONE', #8062, .T. ) ;
#8658 = EDGE_CURVE ( 'NONE', #4993, #794, #727, .T. ) ;
#8659 = CARTESIAN_POINT ( 'NONE',  ( 2.555398083368534579, 2.779908071700545769, 50.00000000000000000 ) ) ;
#8660 = CARTESIAN_POINT ( 'NONE',  ( 19.47268767190001171, -0.9515912354999900291, 50.00000000000000000 ) ) ;
#8661 = VERTEX_POINT ( 'NONE', #8203 ) ;
#8662 = ADVANCED_FACE ( 'NONE', ( #9009 ), #7182, .F. ) ;
#8663 = FACE_OUTER_BOUND ( 'NONE', #5256, .T. ) ;
#8664 = DIRECTION ( 'NONE',  ( 1.000000000000000000, 0.0000000000000000000, 0.0000000000000000000 ) ) ;
#8665 = ORIENTED_EDGE ( 'NONE', *, *, #759, .F. ) ;
#8666 = PLANE ( 'NONE',  #11593 ) ;
#8667 = EDGE_CURVE ( 'NONE', #11081, #2381, #6048, .T. ) ;
#8668 = CARTESIAN_POINT ( 'NONE',  ( -5.627312328100000371, 66.94840876450000167, -50.00000000000000000 ) ) ;
#8669 = DIRECTION ( 'NONE',  ( 1.000000000000000000, 0.0000000000000000000, 0.0000000000000000000 ) ) ;
#8670 = DIRECTION ( 'NONE',  ( -0.0000000000000000000, -0.0000000000000000000, -1.000000000000000000 ) ) ;
#8671 = CIRCLE ( 'NONE', #7419, 0.5000000000003230749 ) ;
#8672 = ORIENTED_EDGE ( 'NONE', *, *, #2607, .F. ) ;
#8673 = DIRECTION ( 'NONE',  ( 0.0000000000000000000, 0.0000000000000000000, 1.000000000000000000 ) ) ;
#8674 = DIRECTION ( 'NONE',  ( -0.0000000000000000000, -0.0000000000000000000, -1.000000000000000000 ) ) ;
#8675 = VECTOR ( 'NONE', #5078, 1000.000000000000000 ) ;
#8676 = ORIENTED_EDGE ( 'NONE', *, *, #4213, .T. ) ;
#8677 = AXIS2_PLACEMENT_3D ( 'NONE', #4171, #4980, #11336 ) ;
#8678 = VECTOR ( 'NONE', #6501, 1000.000000000000000 ) ;
#8679 = ORIENTED_EDGE ( 'NONE', *, *, #8726, .F. ) ;
#8680 = CARTESIAN_POINT ( 'NONE',  ( 27.67268767187360723, 47.04840876450009546, -50.00000000000000000 ) ) ;
#8681 =( GEOMETRIC_REPRESENTATION_CONTEXT ( 3 ) GLOBAL_UNCERTAINTY_ASSIGNED_CONTEXT ( ( #2641 ) ) GLOBAL_UNIT_ASSIGNED_CONTEXT ( ( #8572, #379, #9349 ) ) REPRESENTATION_CONTEXT ( 'NONE', 'WORKASPACE' ) );
#8682 = LINE ( 'NONE', #4071, #6289 ) ;
#8683 = CARTESIAN_POINT ( 'NONE',  ( -5.527312328099999839, 51.04840876450000309, 50.00000000000000000 ) ) ;
#8684 = FACE_OUTER_BOUND ( 'NONE', #1278, .T. ) ;
#8685 = ORIENTED_EDGE ( 'NONE', *, *, #9435, .T. ) ;
#8686 = AXIS2_PLACEMENT_3D ( 'NONE', #4196, #5151, #1551 ) ;
#8687 = DIRECTION ( 'NONE',  ( 1.000000000000000000, 0.0000000000000000000, 0.0000000000000000000 ) ) ;
#8688 = DIRECTION ( 'NONE',  ( -1.000000000000000000, 0.0000000000000000000, 0.0000000000000000000 ) ) ;
#8689 = LINE ( 'NONE', #10470, #5886 ) ;
#8690 = ORIENTED_EDGE ( 'NONE', *, *, #3074, .T. ) ;
#8691 = ORIENTED_EDGE ( 'NONE', *, *, #2382, .F. ) ;
#8692 = EDGE_CURVE ( 'NONE', #3462, #8334, #42, .T. ) ;
#8693 = DIRECTION ( 'NONE',  ( -0.0000000000000000000, -0.0000000000000000000, -1.000000000000000000 ) ) ;
#8694 = AXIS2_PLACEMENT_3D ( 'NONE', #1014, #1992, #4729 ) ;
#8695 = CIRCLE ( 'NONE', #3917, 26.39999999994843449 ) ;
#8696 = ORIENTED_EDGE ( 'NONE', *, *, #5267, .F. ) ;
#8697 = DIRECTION ( 'NONE',  ( -1.000000000000000000, 0.0000000000000000000, 0.0000000000000000000 ) ) ;
#8698 = CARTESIAN_POINT ( 'NONE',  ( 2.972687671900000161, 70.54840876449999598, 50.00000000000000000 ) ) ;
#8699 = DIRECTION ( 'NONE',  ( -0.0000000000000000000, -0.0000000000000000000, -1.000000000000000000 ) ) ;
#8700 = CIRCLE ( 'NONE', #2686, 2.500000000000047518 ) ;
#8701 = CARTESIAN_POINT ( 'NONE',  ( 41.58714094422884244, 25.36200999777808818, -50.00000000000000000 ) ) ;
#8702 = VERTEX_POINT ( 'NONE', #3999 ) ;
#8703 = DIRECTION ( 'NONE',  ( 1.000000000000000000, 0.0000000000000000000, 0.0000000000000000000 ) ) ;
#8704 = AXIS2_PLACEMENT_3D ( 'NONE', #7334, #9018, #2812 ) ;
#8705 = FACE_OUTER_BOUND ( 'NONE', #3110, .T. ) ;
#8706 = ORIENTED_EDGE ( 'NONE', *, *, #5238, .F. ) ;
#8707 = EDGE_CURVE ( 'NONE', #10605, #9443, #2129, .T. ) ;
#8708 = ADVANCED_FACE ( 'NONE', ( #4240 ), #1246, .F. ) ;
#8709 = DIRECTION ( 'NONE',  ( -0.0000000000000000000, -0.0000000000000000000, -1.000000000000000000 ) ) ;
#8710 = EDGE_LOOP ( 'NONE', ( #3883, #1036, #7746, #6134 ) ) ;
#8711 = DIRECTION ( 'NONE',  ( 1.000000000000000000, 0.0000000000000000000, 0.0000000000000000000 ) ) ;
#8712 = ORIENTED_EDGE ( 'NONE', *, *, #2906, .F. ) ;
#8713 = ORIENTED_EDGE ( 'NONE', *, *, #3808, .T. ) ;
#8714 = EDGE_CURVE ( 'NONE', #4254, #6305, #9026, .T. ) ;
#8715 = VECTOR ( 'NONE', #6191, 1000.000000000000000 ) ;
#8716 = ORIENTED_EDGE ( 'NONE', *, *, #8667, .F. ) ;
#8717 = ORIENTED_EDGE ( 'NONE', *, *, #6743, .T. ) ;
#8718 = DIRECTION ( 'NONE',  ( 1.000000000000000000, 0.0000000000000000000, 0.0000000000000000000 ) ) ;
#8719 = DIRECTION ( 'NONE',  ( -1.000000000000000000, 0.0000000000000000000, 0.0000000000000000000 ) ) ;
#8720 = VERTEX_POINT ( 'NONE', #3953 ) ;
#8721 = CARTESIAN_POINT ( 'NONE',  ( 18.57451721232495601, 18.04840876449997111, 50.00000000000000000 ) ) ;
#8722 = CARTESIAN_POINT ( 'NONE',  ( 15.47268767189999927, 9.143919862700000678, -50.00000000000000000 ) ) ;
#8723 = VECTOR ( 'NONE', #356, 1000.000000000000000 ) ;
#8724 = CARTESIAN_POINT ( 'NONE',  ( 10.47268767189999927, 9.852256341800000428, 50.00000000000000000 ) ) ;
#8725 = ORIENTED_EDGE ( 'NONE', *, *, #8202, .F. ) ;
#8726 = EDGE_CURVE ( 'NONE', #7255, #2730, #4511, .T. ) ;
#8727 = CIRCLE ( 'NONE', #2627, 4.000000000000038192 ) ;
#8728 = EDGE_LOOP ( 'NONE', ( #5756, #5508, #10906, #10670 ) ) ;
#8729 = ORIENTED_EDGE ( 'NONE', *, *, #7750, .F. ) ;
#8730 = VERTEX_POINT ( 'NONE', #4732 ) ;
#8731 = CARTESIAN_POINT ( 'NONE',  ( 12.97268767190000105, 55.04840876449999598, -64.14213562373096522 ) ) ;
#8732 = CARTESIAN_POINT ( 'NONE',  ( -1.727312328100000016, 45.04840876450000309, 50.00000000000000000 ) ) ;
#8734 = CIRCLE ( 'NONE', #8976, 3.999999999999908074 ) ;
#8733 = CARTESIAN_POINT ( 'NONE',  ( 12.97268767190000105, 15.04840876450000131, -64.14213562373096522 ) ) ;
#8735 = CARTESIAN_POINT ( 'NONE',  ( 18.87717657362980361, 12.04840876450005460, 50.00000000000000000 ) ) ;
#8736 = FACE_OUTER_BOUND ( 'NONE', #4874, .T. ) ;
#8737 = VECTOR ( 'NONE', #3393, 1000.000000000000000 ) ;
#8738 = ORIENTED_EDGE ( 'NONE', *, *, #1366, .F. ) ;
#8739 = AXIS2_PLACEMENT_3D ( 'NONE', #8291, #9305, #10936 ) ;
#8740 = VECTOR ( 'NONE', #10111, 1000.000000000000000 ) ;
#8741 = DIRECTION ( 'NONE',  ( 0.0000000000000000000, -0.0000000000000000000, -1.000000000000000000 ) ) ;
#8742 = ORIENTED_EDGE ( 'NONE', *, *, #11579, .T. ) ;
#8743 = DIRECTION ( 'NONE',  ( -1.000000000000000000, 0.0000000000000000000, 0.0000000000000000000 ) ) ;
#8744 = CIRCLE ( 'NONE', #10481, 3.400000000000000355 ) ;
#8745 = EDGE_CURVE ( 'NONE', #8573, #10411, #5086, .T. ) ;
#8746 = VECTOR ( 'NONE', #7715, 1000.000000000000000 ) ;
#8747 = VERTEX_POINT ( 'NONE', #2939 ) ;
#8748 = CARTESIAN_POINT ( 'NONE',  ( -5.127312328100000371, 66.44840876450000167, -50.00000000000000000 ) ) ;
#8749 = FACE_OUTER_BOUND ( 'NONE', #3644, .T. ) ;
#8750 = LINE ( 'NONE', #3292, #626 ) ;
#8751 = EDGE_LOOP ( 'NONE', ( #1856, #8425, #6597, #9158 ) ) ;
#8752 = CARTESIAN_POINT ( 'NONE',  ( 27.67268767190000389, 5.048408764500000423, 50.00000000000000000 ) ) ;
#8753 = ORIENTED_EDGE ( 'NONE', *, *, #4822, .T. ) ;
#8754 = LINE ( 'NONE', #1661, #10847 ) ;
#8755 = ORIENTED_EDGE ( 'NONE', *, *, #826, .T. ) ;
#8756 = DIRECTION ( 'NONE',  ( -0.0000000000000000000, -0.0000000000000000000, -1.000000000000000000 ) ) ;
#8757 = VECTOR ( 'NONE', #3742, 1000.000000000000000 ) ;
#8758 = CARTESIAN_POINT ( 'NONE',  ( 1.572687671900000028, -3.051591235500000554, 50.00000000000000000 ) ) ;
#8759 = ORIENTED_EDGE ( 'NONE', *, *, #7376, .T. ) ;
#8760 = EDGE_LOOP ( 'NONE', ( #5466, #9290, #1121, #2838 ) ) ;
#8761 = DIRECTION ( 'NONE',  ( 1.000000000000000000, 0.0000000000000000000, 0.0000000000000000000 ) ) ;
#8762 = VERTEX_POINT ( 'NONE', #11006 ) ;
#8763 = EDGE_CURVE ( 'NONE', #1442, #2710, #2691, .T. ) ;
#8764 = DIRECTION ( 'NONE',  ( -0.0000000000000000000, -0.0000000000000000000, -1.000000000000000000 ) ) ;
#8765 = FACE_OUTER_BOUND ( 'NONE', #11283, .T. ) ;
#8766 = ORIENTED_EDGE ( 'NONE', *, *, #10369, .F. ) ;
#8767 = LINE ( 'NONE', #8116, #6095 ) ;
#8768 = VERTEX_POINT ( 'NONE', #5641 ) ;
#8769 = AXIS2_PLACEMENT_3D ( 'NONE', #3376, #4398, #7964 ) ;
#8770 = CARTESIAN_POINT ( 'NONE',  ( 1.222687671899987949, 17.24840876450001659, 50.00000000000000000 ) ) ;
#8771 = ORIENTED_EDGE ( 'NONE', *, *, #5010, .F. ) ;
#8772 = CARTESIAN_POINT ( 'NONE',  ( -3.027312328099999839, 22.04840876449999953, -50.00000000000000000 ) ) ;
#8773 = DIRECTION ( 'NONE',  ( 1.000000000000000000, 0.0000000000000000000, 0.0000000000000000000 ) ) ;
#8774 = DIRECTION ( 'NONE',  ( -0.0000000000000000000, -0.0000000000000000000, -1.000000000000000000 ) ) ;
#8775 = EDGE_CURVE ( 'NONE', #4346, #9336, #310, .T. ) ;
#8776 = DIRECTION ( 'NONE',  ( 1.000000000000000000, 0.0000000000000000000, 0.0000000000000000000 ) ) ;
#8777 = CARTESIAN_POINT ( 'NONE',  ( 24.37268767190000318, -3.051591235500000554, 50.00000000000000000 ) ) ;
#8778 = CIRCLE ( 'NONE', #9341, 1.000000000000013101 ) ;
#8779 = EDGE_CURVE ( 'NONE', #8557, #2868, #5200, .T. ) ;
#8780 = VERTEX_POINT ( 'NONE', #272 ) ;
#8781 = AXIS2_PLACEMENT_3D ( 'NONE', #10928, #7231, #1894 ) ;
#8782 = ORIENTED_EDGE ( 'NONE', *, *, #10642, .T. ) ;
#8783 = VECTOR ( 'NONE', #10421, 1000.000000000000000 ) ;
#8784 = EDGE_CURVE ( 'NONE', #5073, #4827, #2437, .T. ) ;
#8785 = CARTESIAN_POINT ( 'NONE',  ( 28.47268767190000105, 26.74840876449999882, 50.00000000000000000 ) ) ;
#8786 = CARTESIAN_POINT ( 'NONE',  ( -15.64176560054799126, 4.734807531388423030, 50.00000000000000000 ) ) ;
#8787 = CARTESIAN_POINT ( 'NONE',  ( 7.776535249200000166, 52.54840876450000309, 50.00000000000000000 ) ) ;
#8788 = VECTOR ( 'NONE', #250, 1000.000000000000000 ) ;
#8789 = ORIENTED_EDGE ( 'NONE', *, *, #9824, .F. ) ;
#8790 = EDGE_CURVE ( 'NONE', #73, #7689, #4528, .T. ) ;
#8791 = ORIENTED_EDGE ( 'NONE', *, *, #2623, .T. ) ;
#8792 = FACE_OUTER_BOUND ( 'NONE', #533, .T. ) ;
#8793 = EDGE_CURVE ( 'NONE', #9410, #4552, #6904, .T. ) ;
#8794 = DIRECTION ( 'NONE',  ( 1.000000000000000000, 0.0000000000000000000, 0.0000000000000000000 ) ) ;
#8795 = VERTEX_POINT ( 'NONE', #3057 ) ;
#8796 = CARTESIAN_POINT ( 'NONE',  ( -3.527312328099999839, 20.04840876449999953, 50.00000000000000000 ) ) ;
#8797 = CARTESIAN_POINT ( 'NONE',  ( -5.627312328100000371, 71.04840876449999598, -50.00000000000000000 ) ) ;
#8798 = DIRECTION ( 'NONE',  ( -1.000000000000000000, 0.0000000000000000000, 0.0000000000000000000 ) ) ;
#8799 = CIRCLE ( 'NONE', #10168, 0.5000000000000438538 ) ;
#8800 = ORIENTED_EDGE ( 'NONE', *, *, #3738, .F. ) ;
#8801 = DIRECTION ( 'NONE',  ( 1.000000000000000000, 0.0000000000000000000, 0.0000000000000000000 ) ) ;
#8802 = ORIENTED_EDGE ( 'NONE', *, *, #7241, .T. ) ;
#8803 = DIRECTION ( 'NONE',  ( -1.000000000000000000, 0.0000000000000000000, 0.0000000000000000000 ) ) ;
#8804 = VECTOR ( 'NONE', #6132, 1000.000000000000000 ) ;
#8805 = VERTEX_POINT ( 'NONE', #11079 ) ;
#8806 = CARTESIAN_POINT ( 'NONE',  ( -4.527312328099999839, 8.048408764499999535, 50.00000000000000000 ) ) ;
#8807 = DIRECTION ( 'NONE',  ( 1.000000000000000000, 0.0000000000000000000, 0.0000000000000000000 ) ) ;
#8808 = EDGE_CURVE ( 'NONE', #9510, #4615, #2147, .T. ) ;
#8809 = CARTESIAN_POINT ( 'NONE',  ( 32.97268767190000460, -0.9515912355000000211, -50.00000000000000000 ) ) ;
#8810 = CARTESIAN_POINT ( 'NONE',  ( -2.527312328099998062, 62.54840876450001730, -50.00000000000000000 ) ) ;
#8811 = CIRCLE ( 'NONE', #4209, 0.5000000000003230749 ) ;
#8812 = DIRECTION ( 'NONE',  ( -1.000000000000000000, 0.0000000000000000000, 0.0000000000000000000 ) ) ;
#8813 = ORIENTED_EDGE ( 'NONE', *, *, #7668, .T. ) ;
#8814 = CARTESIAN_POINT ( 'NONE',  ( 23.28628890511362570, 83.66286203693830714, -50.00000000000000000 ) ) ;
#8815 = CIRCLE ( 'NONE', #9805, 0.5000000000000350830 ) ;
#8816 = ORIENTED_EDGE ( 'NONE', *, *, #1512, .F. ) ;
#8817 = CIRCLE ( 'NONE', #823, 5.500000000006634693 ) ;
#8818 = AXIS2_PLACEMENT_3D ( 'NONE', #4309, #7880, #9752 ) ;
#8819 = DIRECTION ( 'NONE',  ( -0.0000000000000000000, -0.0000000000000000000, -1.000000000000000000 ) ) ;
#8820 = ORIENTED_EDGE ( 'NONE', *, *, #5409, .T. ) ;
#8821 = DIRECTION ( 'NONE',  ( -1.000000000000000000, 0.0000000000000000000, 0.0000000000000000000 ) ) ;
#8822 = DIRECTION ( 'NONE',  ( 1.000000000000000000, 0.0000000000000000000, 0.0000000000000000000 ) ) ;
#8823 = CARTESIAN_POINT ( 'NONE',  ( 30.97268767190001526, 47.54840876450001730, -50.00000000000000000 ) ) ;
#8824 = CIRCLE ( 'NONE', #4076, 3.699999999999668887 ) ;
#8825 = ORIENTED_EDGE ( 'NONE', *, *, #1651, .T. ) ;
#8826 = DIRECTION ( 'NONE',  ( -0.0000000000000000000, -0.0000000000000000000, -1.000000000000000000 ) ) ;
#8827 = DIRECTION ( 'NONE',  ( 0.0000000000000000000, 0.0000000000000000000, 1.000000000000000000 ) ) ;
#8828 = EDGE_CURVE ( 'NONE', #5890, #113, #454, .T. ) ;
#8829 = CIRCLE ( 'NONE', #8032, 0.9999999999999940048 ) ;
#8830 = DIRECTION ( 'NONE',  ( 0.0000000000000000000, 0.0000000000000000000, 1.000000000000000000 ) ) ;
#8831 = CARTESIAN_POINT ( 'NONE',  ( -2.527312328099999839, 45.04840876450000309, 50.00000000000000000 ) ) ;
#8832 = ORIENTED_EDGE ( 'NONE', *, *, #4731, .F. ) ;
#8833 = DIRECTION ( 'NONE',  ( -1.000000000000000000, 0.0000000000000000000, 0.0000000000000000000 ) ) ;
#8834 = CARTESIAN_POINT ( 'NONE',  ( 24.37268767190000318, 0.3484087645000000233, 50.00000000000000000 ) ) ;
#8835 = ADVANCED_FACE ( 'NONE', ( #7198 ), #27, .T. ) ;
#8836 = AXIS2_PLACEMENT_3D ( 'NONE', #8554, #362, #11250 ) ;
#8837 = CYLINDRICAL_SURFACE ( 'NONE', #11507, 0.4999999999998928635 ) ;
#8838 = EDGE_LOOP ( 'NONE', ( #3926, #2546, #8874, #8372, #9963, #9575, #10709, #7037, #9040, #10888, #4434, #8759, #10172, #7765, #7897, #10803, #3185, #7301, #10350, #3382, #9882, #2504, #3852, #7008, #8943, #988, #1582, #7168, #5974, #9440, #5856, #5555, #4379, #11406, #6642, #6941, #9100, #4177, #9266, #8742, #9549, #6519, #2816, #471, #3643, #8633, #6749, #2996, #1142, #3675, #5757, #10690, #6227, #11480, #4218, #8873, #3469, #690, #8802, #3034, #11610, #1710, #9602, #6140, #1017, #3245, #11521, #4775, #11145, #9675, #1468, #10944, #9814, #8122, #6065, #1827, #534, #11058, #2026, #2169, #6465, #4249, #1294, #179, #10643, #1148, #9649, #431, #6310, #5904, #10338, #7681, #9389, #11451, #4276, #3900, #11574, #10962, #3524, #9847, #3310, #2670, #9925, #4509, #5723, #1371, #6117, #7627, #2820, #10830, #10551, #11420, #1264, #1839, #1978, #7462, #5204, #6668, #7918, #3845, #10436, #6108, #5339, #3855, #10034, #2204, #6440, #10970, #6676, #4856, #654, #2629, #584, #11647, #11153, #1773, #8508, #9780, #1534, #8717, #3649, #3264, #11083, #5271, #911, #7522, #10277, #7504, #160, #134, #4342, #5142, #10157, #4591, #1560, #3685, #7395, #1231, #262, #427, #10613, #4997, #1473, #5927 ) ) ;
#8839 = CARTESIAN_POINT ( 'NONE',  ( 18.87717657370000168, 57.54840876450001019, 50.00000000000000000 ) ) ;
#8840 = CARTESIAN_POINT ( 'NONE',  ( 1.072687671900000028, 73.64840876450000451, -50.00000000000000000 ) ) ;
#8841 = ORIENTED_EDGE ( 'NONE', *, *, #2906, .T. ) ;
#8842 = VECTOR ( 'NONE', #1920, 1000.000000000000000 ) ;
#8843 = EDGE_LOOP ( 'NONE', ( #3749, #10214, #5640, #4901 ) ) ;
#8844 = ORIENTED_EDGE ( 'NONE', *, *, #8202, .T. ) ;
#8845 = EDGE_CURVE ( 'NONE', #1717, #6408, #10542, .T. ) ;
#8846 = CARTESIAN_POINT ( 'NONE',  ( 20.97268767190012895, 69.74840876447169080, 50.00000000000000000 ) ) ;
#8847 = CARTESIAN_POINT ( 'NONE',  ( 1.072687671900000028, 73.64840876450000451, 50.00000000000000000 ) ) ;
#8848 = CARTESIAN_POINT ( 'NONE',  ( 18.57451721239999998, 17.54840876449999953, 50.00000000000000000 ) ) ;
#8849 = CARTESIAN_POINT ( 'NONE',  ( 24.37268767190000318, -3.051591235500000554, 50.00000000000000000 ) ) ;
#8850 = VECTOR ( 'NONE', #7109, 1000.000000000000000 ) ;
#8851 = ORIENTED_EDGE ( 'NONE', *, *, #8258, .F. ) ;
#8852 = EDGE_CURVE ( 'NONE', #61, #7126, #6339, .T. ) ;
#8853 = CARTESIAN_POINT ( 'NONE',  ( 17.97268767190000105, -0.4515912355000000211, 50.00000000000000000 ) ) ;
#8854 = DIRECTION ( 'NONE',  ( -0.0000000000000000000, -0.0000000000000000000, -1.000000000000000000 ) ) ;
#8855 = ORIENTED_EDGE ( 'NONE', *, *, #2593, .F. ) ;
#8856 = AXIS2_PLACEMENT_3D ( 'NONE', #2029, #186, #11148 ) ;
#8857 = VERTEX_POINT ( 'NONE', #477 ) ;
#8858 = ORIENTED_EDGE ( 'NONE', *, *, #2958, .F. ) ;
#8859 = EDGE_CURVE ( 'NONE', #11443, #9042, #4255, .T. ) ;
#8860 = CYLINDRICAL_SURFACE ( 'NONE', #9246, 0.4999999999999935052 ) ;
#8861 = ORIENTED_EDGE ( 'NONE', *, *, #2781, .F. ) ;
#8862 = VERTEX_POINT ( 'NONE', #11160 ) ;
#8863 = CARTESIAN_POINT ( 'NONE',  ( 20.14519321231075111, 49.45185985833106201, 50.00000000000000000 ) ) ;
#8864 = PLANE ( 'NONE',  #2540 ) ;
#8865 = CARTESIAN_POINT ( 'NONE',  ( 2.972687671900000161, 0.3484087645000002453, 50.00000000000000000 ) ) ;
#8866 = CARTESIAN_POINT ( 'NONE',  ( 23.25642687290695676, 64.42223808050648870, 50.00000000000000000 ) ) ;
#8867 = AXIS2_PLACEMENT_3D ( 'NONE', #3922, #10122, #6516 ) ;
#8868 = ORIENTED_EDGE ( 'NONE', *, *, #5170, .T. ) ;
#8869 = DIRECTION ( 'NONE',  ( 0.0000000000000000000, 0.0000000000000000000, 1.000000000000000000 ) ) ;
#8870 = EDGE_CURVE ( 'NONE', #5735, #6085, #11098, .T. ) ;
#8871 = FACE_OUTER_BOUND ( 'NONE', #5489, .T. ) ;
#8872 = ORIENTED_EDGE ( 'NONE', *, *, #10035, .T. ) ;
#8873 = ORIENTED_EDGE ( 'NONE', *, *, #11416, .T. ) ;
#8874 = ORIENTED_EDGE ( 'NONE', *, *, #9609, .T. ) ;
#8875 = VECTOR ( 'NONE', #10567, 1000.000000000000000 ) ;
#8876 = VERTEX_POINT ( 'NONE', #11242 ) ;
#8877 = DIRECTION ( 'NONE',  ( 0.0000000000000000000, 0.0000000000000000000, 1.000000000000000000 ) ) ;
#8878 = CARTESIAN_POINT ( 'NONE',  ( 2.659086438555689824, -13.56604450776711346, -50.00000000000000000 ) ) ;
#8879 = DIRECTION ( 'NONE',  ( 1.000000000000000000, -0.0000000000000000000, -0.0000000000000000000 ) ) ;
#8880 = ORIENTED_EDGE ( 'NONE', *, *, #2929, .T. ) ;
#8881 = CARTESIAN_POINT ( 'NONE',  ( 8.972687671899999273, 71.54840876449999598, 50.00000000000000000 ) ) ;
#8882 = EDGE_CURVE ( 'NONE', #1526, #2907, #6356, .T. ) ;
#8883 = LINE ( 'NONE', #8161, #8456 ) ;
#8884 = EDGE_LOOP ( 'NONE', ( #7650, #9998, #3240, #6503 ) ) ;
#8885 = CIRCLE ( 'NONE', #3898, 0.4999999999999310552 ) ;
#8886 = LINE ( 'NONE', #6337, #10550 ) ;
#8887 = EDGE_LOOP ( 'NONE', ( #1564, #9219, #8696, #392 ) ) ;
#8888 = ORIENTED_EDGE ( 'NONE', *, *, #9815, .T. ) ;
#8889 = CARTESIAN_POINT ( 'NONE',  ( 4.972687671899476136, 69.74840876450068095, 50.00000000000000000 ) ) ;
#8890 = DIRECTION ( 'NONE',  ( 0.0000000000000000000, 1.000000000000000000, -0.0000000000000000000 ) ) ;
#8891 = CARTESIAN_POINT ( 'NONE',  ( 0.5110997200821510988, 25.99450983250082814, 50.00000000000000000 ) ) ;
#8892 = CARTESIAN_POINT ( 'NONE',  ( 29.47268767190000105, 19.04840876449999953, 50.00000000000000000 ) ) ;
#8893 = CARTESIAN_POINT ( 'NONE',  ( 28.97268767190000816, 48.54840876450001019, 50.00000000000000000 ) ) ;
#8894 = DIRECTION ( 'NONE',  ( -0.0000000000000000000, -0.0000000000000000000, -1.000000000000000000 ) ) ;
#8895 = DIRECTION ( 'NONE',  ( 1.000000000000000000, 0.0000000000000000000, 0.0000000000000000000 ) ) ;
#8896 = CYLINDRICAL_SURFACE ( 'NONE', #8541, 2.000000000000090150 ) ;
#8897 = AXIS2_PLACEMENT_3D ( 'NONE', #7309, #1930, #1969 ) ;
#8898 = EDGE_LOOP ( 'NONE', ( #609, #2933, #4155, #3384 ) ) ;
#8899 = DIRECTION ( 'NONE',  ( 0.0000000000000000000, 0.0000000000000000000, 1.000000000000000000 ) ) ;
#8900 = CIRCLE ( 'NONE', #11020, 0.5000000000000038858 ) ;
#8901 = ORIENTED_EDGE ( 'NONE', *, *, #9192, .F. ) ;
#8902 = VERTEX_POINT ( 'NONE', #7613 ) ;
#8903 = STYLED_ITEM ( 'NONE', ( #196 ), #3866 ) ;
#8904 = DIRECTION ( 'NONE',  ( -0.0000000000000000000, -0.0000000000000000000, -1.000000000000000000 ) ) ;
#8905 = DIRECTION ( 'NONE',  ( -0.0000000000000000000, -0.0000000000000000000, -1.000000000000000000 ) ) ;
#8906 = CARTESIAN_POINT ( 'NONE',  ( 23.42905437789999823, 3.443043897399999498, 50.00000000000000000 ) ) ;
#8908 = VECTOR ( 'NONE', #5588, 1000.000000000000000 ) ;
#8907 = CARTESIAN_POINT ( 'NONE',  ( 20.47268767189998684, -0.4515912354999883083, 50.00000000000000000 ) ) ;
#8909 = DIRECTION ( 'NONE',  ( -0.0000000000000000000, -0.0000000000000000000, -1.000000000000000000 ) ) ;
#8910 = ORIENTED_EDGE ( 'NONE', *, *, #6476, .F. ) ;
#8911 = CIRCLE ( 'NONE', #6594, 4.000000000000041744 ) ;
#8912 = ORIENTED_EDGE ( 'NONE', *, *, #1882, .F. ) ;
#8913 = ORIENTED_EDGE ( 'NONE', *, *, #10667, .F. ) ;
#8914 = ORIENTED_EDGE ( 'NONE', *, *, #7279, .F. ) ;
#8915 = CARTESIAN_POINT ( 'NONE',  ( 4.434964485678191792, 10.46486567243291432, 50.00000000000000000 ) ) ;
#8916 = AXIS2_PLACEMENT_3D ( 'NONE', #2393, #9599, #11439 ) ;
#8917 = DIRECTION ( 'NONE',  ( 0.0000000000000000000, 0.0000000000000000000, -1.000000000000000000 ) ) ;
#8918 = DIRECTION ( 'NONE',  ( -0.0000000000000000000, -0.0000000000000000000, -1.000000000000000000 ) ) ;
#8919 = FACE_OUTER_BOUND ( 'NONE', #4512, .T. ) ;
#8920 = ORIENTED_EDGE ( 'NONE', *, *, #10083, .F. ) ;
#8921 = FACE_OUTER_BOUND ( 'NONE', #11215, .T. ) ;
#8922 = EDGE_CURVE ( 'NONE', #161, #11081, #10814, .T. ) ;
#8923 = AXIS2_PLACEMENT_3D ( 'NONE', #2859, #9137, #10036 ) ;
#8924 = DIRECTION ( 'NONE',  ( -0.0000000000000000000, -0.0000000000000000000, -1.000000000000000000 ) ) ;
#8925 = DIRECTION ( 'NONE',  ( 0.0000000000000000000, 0.0000000000000000000, 1.000000000000000000 ) ) ;
#8926 = DIRECTION ( 'NONE',  ( 1.000000000000000000, 0.0000000000000000000, 0.0000000000000000000 ) ) ;
#8927 = CIRCLE ( 'NONE', #4899, 5.699999999998007105 ) ;
#8928 = AXIS2_PLACEMENT_3D ( 'NONE', #2961, #1191, #7356 ) ;
#8929 = CARTESIAN_POINT ( 'NONE',  ( 27.67268767187424672, 7.048408764499903612, -50.00000000000000000 ) ) ;
#8930 = VERTEX_POINT ( 'NONE', #10378 ) ;
#8931 = DIRECTION ( 'NONE',  ( 0.0000000000000000000, 0.0000000000000000000, 1.000000000000000000 ) ) ;
#8932 = ORIENTED_EDGE ( 'NONE', *, *, #10793, .T. ) ;
#8933 = CYLINDRICAL_SURFACE ( 'NONE', #6287, 3.399999999999760991 ) ;
#8934 = CARTESIAN_POINT ( 'NONE',  ( 2.335395080400000101, 64.77579147110000690, 50.00000000000000000 ) ) ;
#8935 = CARTESIAN_POINT ( 'NONE',  ( 18.16884009459993266, 18.04840876450010967, 50.00000000000000000 ) ) ;
#8936 = EDGE_CURVE ( 'NONE', #2554, #10665, #3385, .T. ) ;
#8937 = ORIENTED_EDGE ( 'NONE', *, *, #1202, .T. ) ;
#8938 = CARTESIAN_POINT ( 'NONE',  ( 5.972687671900000161, -0.9515912355000000211, -50.00000000000000000 ) ) ;
#8939 = DIRECTION ( 'NONE',  ( -1.000000000000000000, -0.0000000000000000000, -0.0000000000000000000 ) ) ;
#8940 = AXIS2_PLACEMENT_3D ( 'NONE', #10420, #1488, #9494 ) ;
#8941 = LINE ( 'NONE', #10215, #943 ) ;
#8942 = ORIENTED_EDGE ( 'NONE', *, *, #10407, .F. ) ;
#8943 = ORIENTED_EDGE ( 'NONE', *, *, #9058, .T. ) ;
#8944 = DIRECTION ( 'NONE',  ( -0.0000000000000000000, -0.0000000000000000000, -1.000000000000000000 ) ) ;
#8945 = EDGE_CURVE ( 'NONE', #5768, #4186, #8165, .T. ) ;
#8946 = CARTESIAN_POINT ( 'NONE',  ( 7.554904497710896116, 62.46183506589945722, -50.00000000000000000 ) ) ;
#8947 = DIRECTION ( 'NONE',  ( -0.0000000000000000000, -0.0000000000000000000, -1.000000000000000000 ) ) ;
#8948 = VECTOR ( 'NONE', #4319, 1000.000000000000000 ) ;
#8949 = ORIENTED_EDGE ( 'NONE', *, *, #3522, .F. ) ;
#8950 = EDGE_CURVE ( 'NONE', #2534, #3294, #10263, .T. ) ;
#8951 = VECTOR ( 'NONE', #5623, 1000.000000000000000 ) ;
#8952 = ORIENTED_EDGE ( 'NONE', *, *, #8945, .F. ) ;
#8953 = EDGE_CURVE ( 'NONE', #8334, #5403, #9984, .T. ) ;
#8954 = AXIS2_PLACEMENT_3D ( 'NONE', #6859, #1705, #7841 ) ;
#8955 = DIRECTION ( 'NONE',  ( -0.0000000000000000000, -0.0000000000000000000, -1.000000000000000000 ) ) ;
#8956 = CARTESIAN_POINT ( 'NONE',  ( -5.127312328100000371, 3.648408764500000512, 50.00000000000000000 ) ) ;
#8957 = FACE_OUTER_BOUND ( 'NONE', #2947, .T. ) ;
#8958 = ORIENTED_EDGE ( 'NONE', *, *, #8457, .F. ) ;
#8959 = ADVANCED_FACE ( 'NONE', ( #2825 ), #5915, .F. ) ;
#8960 = DIRECTION ( 'NONE',  ( 0.0000000000000000000, 0.0000000000000000000, 1.000000000000000000 ) ) ;
#8961 = DIRECTION ( 'NONE',  ( -1.000000000000000000, 0.0000000000000000000, 0.0000000000000000000 ) ) ;
#8962 = FACE_OUTER_BOUND ( 'NONE', #2728, .T. ) ;
#8963 = EDGE_CURVE ( 'NONE', #7723, #473, #7484, .T. ) ;
#8964 = AXIS2_PLACEMENT_3D ( 'NONE', #2181, #8452, #5738 ) ;
#8965 = FACE_OUTER_BOUND ( 'NONE', #2509, .T. ) ;
#8966 = ORIENTED_EDGE ( 'NONE', *, *, #10726, .F. ) ;
#8967 = DIRECTION ( 'NONE',  ( 0.0000000000000000000, -1.000000000000000000, 0.0000000000000000000 ) ) ;
#8968 = EDGE_CURVE ( 'NONE', #605, #10066, #7612, .T. ) ;
#8969 = CARTESIAN_POINT ( 'NONE',  ( 10.22268767190004013, 50.28526904369229555, -50.00000000000000000 ) ) ;
#8970 = DIRECTION ( 'NONE',  ( -1.000000000000000000, 0.0000000000000000000, 0.0000000000000000000 ) ) ;
#8971 = CYLINDRICAL_SURFACE ( 'NONE', #11553, 0.5000000000001183498 ) ;
#8972 = DIRECTION ( 'NONE',  ( 1.000000000000000000, 0.0000000000000000000, 0.0000000000000000000 ) ) ;
#8973 = VERTEX_POINT ( 'NONE', #1449 ) ;
#8974 = VECTOR ( 'NONE', #10917, 1000.000000000000000 ) ;
#8975 = VERTEX_POINT ( 'NONE', #7694 ) ;
#8976 = AXIS2_PLACEMENT_3D ( 'NONE', #8081, #4546, #6396 ) ;
#8977 = DIRECTION ( 'NONE',  ( 0.0000000000000000000, 1.000000000000000000, -0.0000000000000000000 ) ) ;
#8978 = DIRECTION ( 'NONE',  ( -0.0000000000000000000, -0.0000000000000000000, -1.000000000000000000 ) ) ;
#8979 = CARTESIAN_POINT ( 'NONE',  ( 20.72268767190000105, 12.84840876450000025, -50.00000000000000000 ) ) ;
#8980 = DIRECTION ( 'NONE',  ( -0.0000000000000000000, -1.000000000000000000, -0.0000000000000000000 ) ) ;
#8981 = VECTOR ( 'NONE', #7118, 1000.000000000000000 ) ;
#8982 = CARTESIAN_POINT ( 'NONE',  ( 7.972687671899985951, 71.54840876450001019, -50.00000000000000000 ) ) ;
#8983 = ORIENTED_EDGE ( 'NONE', *, *, #10211, .T. ) ;
#8984 = DIRECTION ( 'NONE',  ( -0.0000000000000000000, -0.0000000000000000000, -1.000000000000000000 ) ) ;
#8985 = EDGE_CURVE ( 'NONE', #1049, #4070, #2984, .T. ) ;
#8986 = CIRCLE ( 'NONE', #4962, 1.999999999999850786 ) ;
#8987 = ORIENTED_EDGE ( 'NONE', *, *, #972, .F. ) ;
#8988 = DIRECTION ( 'NONE',  ( -0.0000000000000000000, -0.0000000000000000000, -1.000000000000000000 ) ) ;
#8989 = CARTESIAN_POINT ( 'NONE',  ( 27.67268767190000389, 5.048408764500000423, 50.00000000000000000 ) ) ;
#8990 = ORIENTED_EDGE ( 'NONE', *, *, #4330, .F. ) ;
#8991 = VECTOR ( 'NONE', #5283, 1000.000000000000000 ) ;
#8992 = CARTESIAN_POINT ( 'NONE',  ( 30.47268767190000105, 48.04840876450000309, 50.00000000000000000 ) ) ;
#8993 = ORIENTED_EDGE ( 'NONE', *, *, #10128, .T. ) ;
#8994 = AXIS2_PLACEMENT_3D ( 'NONE', #11591, #8925, #7115 ) ;
#8995 = VECTOR ( 'NONE', #6274, 1000.000000000000000 ) ;
#8996 = ORIENTED_EDGE ( 'NONE', *, *, #10205, .F. ) ;
#8997 = ORIENTED_EDGE ( 'NONE', *, *, #8182, .F. ) ;
#8998 = EDGE_CURVE ( 'NONE', #4070, #2554, #2840, .T. ) ;
#8999 = DIRECTION ( 'NONE',  ( -1.000000000000000000, 0.0000000000000000000, 0.0000000000000000000 ) ) ;
#9000 = ORIENTED_EDGE ( 'NONE', *, *, #3824, .F. ) ;
#9001 = EDGE_CURVE ( 'NONE', #11377, #10749, #5072, .T. ) ;
#9002 = DIRECTION ( 'NONE',  ( 1.000000000000000000, 0.0000000000000000000, 0.0000000000000000000 ) ) ;
#9003 = AXIS2_PLACEMENT_3D ( 'NONE', #890, #1788, #8064 ) ;
#9004 = DIRECTION ( 'NONE',  ( 1.000000000000000000, 0.0000000000000000000, 0.0000000000000000000 ) ) ;
#9005 = CARTESIAN_POINT ( 'NONE',  ( 22.97268767190000460, 69.74840876449999882, -50.00000000000000000 ) ) ;
#9006 = DIRECTION ( 'NONE',  ( -0.0000000000000000000, -0.0000000000000000000, -1.000000000000000000 ) ) ;
#9007 = DIRECTION ( 'NONE',  ( -0.0000000000000000000, -0.0000000000000000000, -1.000000000000000000 ) ) ;
#9008 = CARTESIAN_POINT ( 'NONE',  ( 20.97268767190028882, 0.3484087644996209931, 50.00000000000000000 ) ) ;
#9009 = FACE_OUTER_BOUND ( 'NONE', #9513, .T. ) ;
#9010 = ORIENTED_EDGE ( 'NONE', *, *, #6980, .T. ) ;
#9011 = EDGE_CURVE ( 'NONE', #2148, #5182, #2000, .T. ) ;
#9012 = FACE_OUTER_BOUND ( 'NONE', #2036, .T. ) ;
#9013 = ORIENTED_EDGE ( 'NONE', *, *, #2770, .F. ) ;
#9014 = ADVANCED_FACE ( 'NONE', ( #3969 ), #7470, .T. ) ;
#9015 = VERTEX_POINT ( 'NONE', #8847 ) ;
#9016 = EDGE_CURVE ( 'NONE', #11236, #7882, #7051, .T. ) ;
#9017 = CIRCLE ( 'NONE', #7794, 0.4999999999999553690 ) ;
#9018 = DIRECTION ( 'NONE',  ( -0.0000000000000000000, -0.0000000000000000000, -1.000000000000000000 ) ) ;
#9019 = CARTESIAN_POINT ( 'NONE',  ( 30.97268767190000460, 40.84840876450000025, 50.00000000000000000 ) ) ;
#9020 = DIRECTION ( 'NONE',  ( 1.000000000000000000, 0.0000000000000000000, 0.0000000000000000000 ) ) ;
#9021 = CIRCLE ( 'NONE', #530, 0.5000000000000281997 ) ;
#9022 = LINE ( 'NONE', #11558, #11550 ) ;
#9023 = EDGE_CURVE ( 'NONE', #10614, #8293, #5504, .T. ) ;
#9024 = EDGE_LOOP ( 'NONE', ( #2550, #3425, #4107, #847 ) ) ;
#9025 = AXIS2_PLACEMENT_3D ( 'NONE', #8866, #8909, #7339 ) ;
#9026 = LINE ( 'NONE', #2981, #1563 ) ;
#9027 = ORIENTED_EDGE ( 'NONE', *, *, #10783, .T. ) ;
#9028 = LINE ( 'NONE', #10365, #11122 ) ;
#9029 = DIRECTION ( 'NONE',  ( 1.000000000000000000, 0.0000000000000000000, 0.0000000000000000000 ) ) ;
#9030 = VERTEX_POINT ( 'NONE', #6138 ) ;
#9031 = DIRECTION ( 'NONE',  ( 1.000000000000000000, 0.0000000000000000000, 0.0000000000000000000 ) ) ;
#9032 = LINE ( 'NONE', #1503, #1588 ) ;
#9033 = CARTESIAN_POINT ( 'NONE',  ( 15.17268767189952072, 66.79840876449964071, 50.00000000000000000 ) ) ;
#9034 = LINE ( 'NONE', #634, #898 ) ;
#9035 = CARTESIAN_POINT ( 'NONE',  ( 8.389144579933452306, 63.58613195072253177, 50.00000000000000000 ) ) ;
#9036 = VERTEX_POINT ( 'NONE', #7873 ) ;
#9037 = CARTESIAN_POINT ( 'NONE',  ( -2.527312328099999839, 43.34840876450000025, 50.00000000000000000 ) ) ;
#9038 = EDGE_CURVE ( 'NONE', #4186, #6736, #5644, .T. ) ;
#9039 = LINE ( 'NONE', #381, #333 ) ;
#9040 = ORIENTED_EDGE ( 'NONE', *, *, #9535, .T. ) ;
#9041 = VECTOR ( 'NONE', #2843, 1000.000000000000000 ) ;
#9042 = VERTEX_POINT ( 'NONE', #4231 ) ;
#9043 = VERTEX_POINT ( 'NONE', #2468 ) ;
#9044 = PLANE ( 'NONE',  #966 ) ;
#9045 = ORIENTED_EDGE ( 'NONE', *, *, #1361, .T. ) ;
#9046 = DIRECTION ( 'NONE',  ( 0.0000000000000000000, -0.0000000000000000000, -1.000000000000000000 ) ) ;
#9047 = CARTESIAN_POINT ( 'NONE',  ( 28.97268767190000105, 62.04840876450000309, 50.00000000000000000 ) ) ;
#9048 = DIRECTION ( 'NONE',  ( -0.0000000000000000000, -0.0000000000000000000, -1.000000000000000000 ) ) ;
#9049 = CARTESIAN_POINT ( 'NONE',  ( 25.43427562374595041, 25.99450983246703828, 50.00000000000000000 ) ) ;
#9050 = AXIS2_PLACEMENT_3D ( 'NONE', #9626, #9485, #4957 ) ;
#9051 = DIRECTION ( 'NONE',  ( -0.0000000000000000000, -0.0000000000000000000, -1.000000000000000000 ) ) ;
#9052 = LINE ( 'NONE', #6899, #4281 ) ;
#9053 = ORIENTED_EDGE ( 'NONE', *, *, #5458, .T. ) ;
#9054 = CIRCLE ( 'NONE', #8694, 3.699999999999686207 ) ;
#9055 = VERTEX_POINT ( 'NONE', #5079 ) ;
#9056 = ORIENTED_EDGE ( 'NONE', *, *, #1708, .T. ) ;
#9057 = CARTESIAN_POINT ( 'NONE',  ( -1.727312328100812922, 47.04840876449938492, -50.00000000000000000 ) ) ;
#9058 = EDGE_CURVE ( 'NONE', #2841, #9111, #8604, .T. ) ;
#9059 = CARTESIAN_POINT ( 'NONE',  ( -2.527312328099999839, 26.74840876449999882, 50.00000000000000000 ) ) ;
#9060 = CARTESIAN_POINT ( 'NONE',  ( 31.07268767189999892, 3.648408764500000512, 50.00000000000000000 ) ) ;
#9061 = DIRECTION ( 'NONE',  ( -0.0000000000000000000, 1.000000000000000000, -0.0000000000000000000 ) ) ;
#9062 = DIRECTION ( 'NONE',  ( -1.000000000000000000, 0.0000000000000000000, 0.0000000000000000000 ) ) ;
#9063 = VECTOR ( 'NONE', #2165, 1000.000000000000000 ) ;
#9064 = VERTEX_POINT ( 'NONE', #7813 ) ;
#9065 = ORIENTED_EDGE ( 'NONE', *, *, #4577, .F. ) ;
#9066 = VECTOR ( 'NONE', #11607, 1000.000000000000000 ) ;
#9067 = DIRECTION ( 'NONE',  ( 0.7071067812254033802, 0.7071067811476917653, -0.0000000000000000000 ) ) ;
#9068 = AXIS2_PLACEMENT_3D ( 'NONE', #2043, #10000, #3879 ) ;
#9069 = DIRECTION ( 'NONE',  ( -1.000000000000000000, 0.0000000000000000000, 0.0000000000000000000 ) ) ;
#9070 = CARTESIAN_POINT ( 'NONE',  ( 8.972687671900001050, 73.54840876449999598, 50.00000000000000000 ) ) ;
#9071 = ADVANCED_FACE ( 'NONE', ( #8461 ), #10132, .T. ) ;
#9072 = FACE_OUTER_BOUND ( 'NONE', #4013, .T. ) ;
#9073 = EDGE_CURVE ( 'NONE', #10998, #5979, #11260, .T. ) ;
#9074 = EDGE_LOOP ( 'NONE', ( #5971, #5097, #7156, #10077 ) ) ;
#9075 = AXIS2_PLACEMENT_3D ( 'NONE', #6822, #9671, #2399 ) ;
#9076 = VERTEX_POINT ( 'NONE', #8698 ) ;
#9077 = LINE ( 'NONE', #5048, #10883 ) ;
#9078 = EDGE_CURVE ( 'NONE', #5252, #4021, #1302, .T. ) ;
#9079 = ORIENTED_EDGE ( 'NONE', *, *, #10633, .T. ) ;
#9080 = CARTESIAN_POINT ( 'NONE',  ( 5.472687671899999273, 72.54840876449999598, 50.00000000000000000 ) ) ;
#9081 = AXIS2_PLACEMENT_3D ( 'NONE', #3296, #1559, #7817 ) ;
#9082 = DIRECTION ( 'NONE',  ( -0.0000000000000000000, -0.0000000000000000000, -1.000000000000000000 ) ) ;
#9083 = CARTESIAN_POINT ( 'NONE',  ( 17.97268767190003658, -1.451591235500035992, 50.00000000000000000 ) ) ;
#9084 = DIRECTION ( 'NONE',  ( 1.000000000000000000, 0.0000000000000000000, 0.0000000000000000000 ) ) ;
#9085 = CARTESIAN_POINT ( 'NONE',  ( 15.72268767189988203, 59.81154848530758983, 50.00000000000000000 ) ) ;
#9086 = DIRECTION ( 'NONE',  ( 0.0000000000000000000, 0.0000000000000000000, 1.000000000000000000 ) ) ;
#9087 = CYLINDRICAL_SURFACE ( 'NONE', #6869, 0.9999999999999991118 ) ;
#9088 = ORIENTED_EDGE ( 'NONE', *, *, #3791, .F. ) ;
#9089 = EDGE_CURVE ( 'NONE', #5047, #11299, #9846, .T. ) ;
#9090 = VERTEX_POINT ( 'NONE', #8809 ) ;
#9091 = DIRECTION ( 'NONE',  ( 0.0000000000000000000, 1.000000000000000000, -0.0000000000000000000 ) ) ;
#9092 = CARTESIAN_POINT ( 'NONE',  ( 7.370858131500000354, 52.54840876450000309, 50.00000000000000000 ) ) ;
#9093 = AXIS2_PLACEMENT_3D ( 'NONE', #8127, #1968, #9031 ) ;
#9094 = VECTOR ( 'NONE', #7895, 1000.000000000000000 ) ;
#9095 = ORIENTED_EDGE ( 'NONE', *, *, #4162, .F. ) ;
#9096 = LINE ( 'NONE', #17, #10622 ) ;
#9097 = DIRECTION ( 'NONE',  ( 0.0000000000000000000, 0.0000000000000000000, 1.000000000000000000 ) ) ;
#9098 = DIRECTION ( 'NONE',  ( 1.000000000000000000, 0.0000000000000000000, 0.0000000000000000000 ) ) ;
#9099 = EDGE_CURVE ( 'NONE', #469, #10544, #3528, .T. ) ;
#9100 = ORIENTED_EDGE ( 'NONE', *, *, #8391, .T. ) ;
#9101 = DIRECTION ( 'NONE',  ( -0.0000000000000000000, -0.0000000000000000000, -1.000000000000000000 ) ) ;
#9102 = CARTESIAN_POINT ( 'NONE',  ( 15.72268767190002059, 50.28526904369218187, 50.00000000000000000 ) ) ;
#9103 = DIRECTION ( 'NONE',  ( 1.000000000000000000, 0.0000000000000000000, 0.0000000000000000000 ) ) ;
#9104 = CYLINDRICAL_SURFACE ( 'NONE', #8126, 26.40000000001025171 ) ;
#9105 = VERTEX_POINT ( 'NONE', #10531 ) ;
#9106 = CARTESIAN_POINT ( 'NONE',  ( 10.22268767190173655, 10.28526904368860251, 50.00000000000000000 ) ) ;
#9107 = EDGE_CURVE ( 'NONE', #4837, #8857, #3399, .T. ) ;
#9108 = CIRCLE ( 'NONE', #7883, 4.000000000000116351 ) ;
#9109 = DIRECTION ( 'NONE',  ( -0.0000000000000000000, -1.000000000000000000, -0.0000000000000000000 ) ) ;
#9110 = AXIS2_PLACEMENT_3D ( 'NONE', #7489, #6693, #8394 ) ;
#9111 = VERTEX_POINT ( 'NONE', #5118 ) ;
#9112 = PLANE ( 'NONE',  #5276 ) ;
#9113 = CARTESIAN_POINT ( 'NONE',  ( -3.027312328099999839, 48.04840876450000309, -50.00000000000000000 ) ) ;
#9114 = LINE ( 'NONE', #10037, #7292 ) ;
#9115 = ORIENTED_EDGE ( 'NONE', *, *, #6576, .F. ) ;
#9116 = CYLINDRICAL_SURFACE ( 'NONE', #5243, 0.5000000000000247580 ) ;
#9117 = AXIS2_PLACEMENT_3D ( 'NONE', #2831, #5497, #2874 ) ;
#9118 = CARTESIAN_POINT ( 'NONE',  ( 12.97268767190000105, 15.04840876450000131, -64.14213562373096522 ) ) ;
#9119 = ORIENTED_EDGE ( 'NONE', *, *, #1116, .F. ) ;
#9120 = CARTESIAN_POINT ( 'NONE',  ( 3.380200608134316997, 68.53845630603856875, 50.00000000000000000 ) ) ;
#9121 = DIRECTION ( 'NONE',  ( -1.000000000000000000, -0.0000000000000000000, -0.0000000000000000000 ) ) ;
#9122 = AXIS2_PLACEMENT_3D ( 'NONE', #1790, #3628, #9903 ) ;
#9123 = CARTESIAN_POINT ( 'NONE',  ( 1.013769414307586381, 65.85832886109400874, 50.00000000000000000 ) ) ;
#9124 = CARTESIAN_POINT ( 'NONE',  ( 30.97268767190000816, 7.548408764500005752, -50.00000000000000000 ) ) ;
#9125 = CARTESIAN_POINT ( 'NONE',  ( 1.072687671900000028, -3.551591235500000554, 50.00000000000000000 ) ) ;
#9126 = DIRECTION ( 'NONE',  ( 1.000000000000000000, 0.0000000000000000000, 0.0000000000000000000 ) ) ;
#9127 = CIRCLE ( 'NONE', #11124, 5.499999999999376499 ) ;
#9128 = ORIENTED_EDGE ( 'NONE', *, *, #726, .F. ) ;
#9129 = CARTESIAN_POINT ( 'NONE',  ( 15.17268767191599110, 3.298408764499885404, -50.00000000000000000 ) ) ;
#9130 = ORIENTED_EDGE ( 'NONE', *, *, #3491, .F. ) ;
#9131 = ORIENTED_EDGE ( 'NONE', *, *, #9648, .T. ) ;
#9132 = ADVANCED_FACE ( 'NONE', ( #6200 ), #10553, .F. ) ;
#9133 = EDGE_LOOP ( 'NONE', ( #10329, #2286, #6184, #2167 ) ) ;
#9134 = ORIENTED_EDGE ( 'NONE', *, *, #2690, .T. ) ;
#9135 = AXIS2_PLACEMENT_3D ( 'NONE', #10455, #721, #11346 ) ;
#9136 = CARTESIAN_POINT ( 'NONE',  ( 31.07268767189999892, 3.648408764500000512, 50.00000000000000000 ) ) ;
#9137 = DIRECTION ( 'NONE',  ( 0.0000000000000000000, 0.0000000000000000000, 1.000000000000000000 ) ) ;
#9138 = LINE ( 'NONE', #5679, #10108 ) ;
#9139 = ORIENTED_EDGE ( 'NONE', *, *, #7565, .F. ) ;
#9140 = DIRECTION ( 'NONE',  ( -0.0000000000000000000, -0.0000000000000000000, -1.000000000000000000 ) ) ;
#9141 = DIRECTION ( 'NONE',  ( 0.0000000000000000000, 0.0000000000000000000, 1.000000000000000000 ) ) ;
#9142 = ORIENTED_EDGE ( 'NONE', *, *, #6542, .T. ) ;
#9143 = ORIENTED_EDGE ( 'NONE', *, *, #5443, .F. ) ;
#9144 = ORIENTED_EDGE ( 'NONE', *, *, #7645, .T. ) ;
#9145 = EDGE_CURVE ( 'NONE', #8780, #9036, #6066, .T. ) ;
#9146 = AXIS2_PLACEMENT_3D ( 'NONE', #11650, #8944, #4430 ) ;
#9147 = FACE_OUTER_BOUND ( 'NONE', #4780, .T. ) ;
#9148 = ORIENTED_EDGE ( 'NONE', *, *, #1808, .F. ) ;
#9149 = ORIENTED_EDGE ( 'NONE', *, *, #1418, .F. ) ;
#9150 = CARTESIAN_POINT ( 'NONE',  ( 16.97268767190000105, -3.451591235500000021, 50.00000000000000000 ) ) ;
#9151 = DIRECTION ( 'NONE',  ( -0.0000000000000000000, -0.0000000000000000000, -1.000000000000000000 ) ) ;
#9152 = CARTESIAN_POINT ( 'NONE',  ( 10.22268767190004013, 50.28526904369229555, 50.00000000000000000 ) ) ;
#9153 = ORIENTED_EDGE ( 'NONE', *, *, #8376, .T. ) ;
#9154 = EDGE_CURVE ( 'NONE', #1603, #8100, #4382, .T. ) ;
#9155 = EDGE_CURVE ( 'NONE', #6087, #11377, #6489, .T. ) ;
#9156 = FACE_OUTER_BOUND ( 'NONE', #1022, .T. ) ;
#9157 = ORIENTED_EDGE ( 'NONE', *, *, #385, .F. ) ;
#9158 = ORIENTED_EDGE ( 'NONE', *, *, #2346, .T. ) ;
#9159 = LINE ( 'NONE', #8031, #742 ) ;
#9160 = ORIENTED_EDGE ( 'NONE', *, *, #8998, .T. ) ;
#9161 = CARTESIAN_POINT ( 'NONE',  ( 5.800182131532053198, 49.45185985830755016, 50.00000000000000000 ) ) ;
#9162 = AXIS2_PLACEMENT_3D ( 'NONE', #4890, #8315, #2199 ) ;
#9163 = DIRECTION ( 'NONE',  ( -0.0000000000000000000, -0.0000000000000000000, -1.000000000000000000 ) ) ;
#9164 = CARTESIAN_POINT ( 'NONE',  ( 2.972687671900000161, 0.3484087645000000233, 50.00000000000000000 ) ) ;
#9165 = ORIENTED_EDGE ( 'NONE', *, *, #4339, .F. ) ;
#9166 = CARTESIAN_POINT ( 'NONE',  ( 18.39047084618679406, 7.634982463097419014, -50.00000000000000000 ) ) ;
#9167 = VECTOR ( 'NONE', #5924, 1000.000000000000000 ) ;
#9168 = VERTEX_POINT ( 'NONE', #8144 ) ;
#9169 = EDGE_CURVE ( 'NONE', #3378, #5655, #4106, .T. ) ;
#9170 = CARTESIAN_POINT ( 'NONE',  ( 23.28628890511362570, 83.66286203693830714, 50.00000000000000000 ) ) ;
#9171 = VECTOR ( 'NONE', #2513, 1000.000000000000000 ) ;
#9172 = DIRECTION ( 'NONE',  ( 1.000000000000000000, 0.0000000000000000000, 0.0000000000000000000 ) ) ;
#9173 = CIRCLE ( 'NONE', #10854, 24.99999999999828759 ) ;
#9174 = ORIENTED_EDGE ( 'NONE', *, *, #8998, .F. ) ;
#9175 = VERTEX_POINT ( 'NONE', #2650 ) ;
#9176 = COLOUR_RGB ( '',0.7921568627450980005, 0.8196078431372548767, 0.9333333333333333481 ) ;
#9177 = EDGE_CURVE ( 'NONE', #7607, #2473, #3126, .T. ) ;
#9178 = DIRECTION ( 'NONE',  ( -1.000000000000000000, -0.0000000000000000000, -0.0000000000000000000 ) ) ;
#9179 = CARTESIAN_POINT ( 'NONE',  ( 15.97268767189995486, 49.85225634179997201, 50.00000000000000000 ) ) ;
#9180 = EDGE_CURVE ( 'NONE', #2962, #1844, #10003, .T. ) ;
#9181 = CARTESIAN_POINT ( 'NONE',  ( 10.47268767189999927, 20.54840876449999953, -50.00000000000000000 ) ) ;
#9182 = LINE ( 'NONE', #1623, #489 ) ;
#9183 = DIRECTION ( 'NONE',  ( 1.000000000000000000, 0.0000000000000000000, 0.0000000000000000000 ) ) ;
#9184 = EDGE_LOOP ( 'NONE', ( #8771, #5629, #2264, #403 ) ) ;
#9185 = AXIS2_PLACEMENT_3D ( 'NONE', #3147, #8607, #1305 ) ;
#9186 = LINE ( 'NONE', #5350, #203 ) ;
#9187 = ORIENTED_EDGE ( 'NONE', *, *, #11465, .T. ) ;
#9188 = ORIENTED_EDGE ( 'NONE', *, *, #3217, .F. ) ;
#9189 = DIRECTION ( 'NONE',  ( 1.000000000000000000, 0.0000000000000000000, 0.0000000000000000000 ) ) ;
#9190 = DIRECTION ( 'NONE',  ( 1.000000000000000000, 0.0000000000000000000, 0.0000000000000000000 ) ) ;
#9191 = DIRECTION ( 'NONE',  ( 1.000000000000000000, 0.0000000000000000000, 0.0000000000000000000 ) ) ;
#9192 = EDGE_CURVE ( 'NONE', #6655, #6268, #5357, .T. ) ;
#9193 = VECTOR ( 'NONE', #7330, 1000.000000000000000 ) ;
#9194 = AXIS2_PLACEMENT_3D ( 'NONE', #8934, #8067, #2687 ) ;
#9195 = EDGE_LOOP ( 'NONE', ( #5920, #3650, #7807, #479 ) ) ;
#9196 = ADVANCED_FACE ( 'NONE', ( #7340 ), #5309, .F. ) ;
#9197 = CIRCLE ( 'NONE', #11408, 5.699999999997952926 ) ;
#9198 = ORIENTED_EDGE ( 'NONE', *, *, #972, .T. ) ;
#9199 = EDGE_LOOP ( 'NONE', ( #7058, #3952, #2291, #5318 ) ) ;
#9200 = ORIENTED_EDGE ( 'NONE', *, *, #219, .F. ) ;
#9201 = EDGE_CURVE ( 'NONE', #4862, #4091, #3266, .T. ) ;
#9202 = CARTESIAN_POINT ( 'NONE',  ( 2.688948471027015064, 64.42223808054043843, 50.00000000000000000 ) ) ;
#9203 = CIRCLE ( 'NONE', #11220, 2.500000000000015099 ) ;
#9204 = VERTEX_POINT ( 'NONE', #10754 ) ;
#9205 = CARTESIAN_POINT ( 'NONE',  ( 30.97268767190000460, 40.84840876450000025, 50.00000000000000000 ) ) ;
#9206 = CIRCLE ( 'NONE', #6266, 26.39999999997715108 ) ;
#9207 = CARTESIAN_POINT ( 'NONE',  ( 19.47268767190001171, -0.9515912354999900291, 50.00000000000000000 ) ) ;
#9208 = DIRECTION ( 'NONE',  ( -0.0000000000000000000, -0.0000000000000000000, -1.000000000000000000 ) ) ;
#9209 = DIRECTION ( 'NONE',  ( -1.000000000000000000, 0.0000000000000000000, 0.0000000000000000000 ) ) ;
#9210 = DIRECTION ( 'NONE',  ( -0.0000000000000000000, -0.0000000000000000000, -1.000000000000000000 ) ) ;
#9211 = FACE_OUTER_BOUND ( 'NONE', #6637, .T. ) ;
#9212 = ORIENTED_EDGE ( 'NONE', *, *, #9155, .F. ) ;
#9213 = ORIENTED_EDGE ( 'NONE', *, *, #10939, .F. ) ;
#9214 = LINE ( 'NONE', #1944, #4573 ) ;
#9215 = CARTESIAN_POINT ( 'NONE',  ( 23.78260776849414171, 67.00732702209258207, -50.00000000000000000 ) ) ;
#9216 = CARTESIAN_POINT ( 'NONE',  ( -3.527312328099999839, 20.04840876449999953, -50.00000000000000000 ) ) ;
#9217 = EDGE_CURVE ( 'NONE', #1605, #1052, #10829, .T. ) ;
#9218 = CARTESIAN_POINT ( 'NONE',  ( -3.027312328099999839, -4.951591235499999577, 50.00000000000000000 ) ) ;
#9219 = ORIENTED_EDGE ( 'NONE', *, *, #8484, .F. ) ;
#9220 = FACE_OUTER_BOUND ( 'NONE', #6640, .T. ) ;
#9221 = AXIS2_PLACEMENT_3D ( 'NONE', #5418, #3729, #986 ) ;
#9222 = ORIENTED_EDGE ( 'NONE', *, *, #7079, .T. ) ;
#9223 = ORIENTED_EDGE ( 'NONE', *, *, #8406, .F. ) ;
#9224 = DIRECTION ( 'NONE',  ( 1.000000000000000000, 0.0000000000000000000, 0.0000000000000000000 ) ) ;
#9225 = DIRECTION ( 'NONE',  ( 1.000000000000000000, 0.0000000000000000000, 0.0000000000000000000 ) ) ;
#9226 = EDGE_CURVE ( 'NONE', #21, #7999, #3684, .T. ) ;
#9227 = CARTESIAN_POINT ( 'NONE',  ( 28.47268767190000105, 26.74840876449999882, 50.00000000000000000 ) ) ;
#9228 = LINE ( 'NONE', #2459, #4317 ) ;
#9229 = ORIENTED_EDGE ( 'NONE', *, *, #5391, .T. ) ;
#9230 = EDGE_CURVE ( 'NONE', #605, #2841, #1147, .T. ) ;
#9231 = AXIS2_PLACEMENT_3D ( 'NONE', #7158, #9082, #9002 ) ;
#9232 = CARTESIAN_POINT ( 'NONE',  ( -3.027312328099986516, 48.54840876449998888, 50.00000000000000000 ) ) ;
#9233 = ADVANCED_FACE ( 'NONE', ( #4938 ), #5791, .T. ) ;
#9234 = CIRCLE ( 'NONE', #4811, 0.5000000000000220934 ) ;
#9235 = VERTEX_POINT ( 'NONE', #938 ) ;
#9236 = EDGE_CURVE ( 'NONE', #4091, #2720, #10280, .T. ) ;
#9237 = AXIS2_PLACEMENT_3D ( 'NONE', #5626, #6456, #3748 ) ;
#9238 = CARTESIAN_POINT ( 'NONE',  ( 28.47268767190000105, 25.04840876449999953, -50.00000000000000000 ) ) ;
#9239 = VECTOR ( 'NONE', #1951, 1000.000000000000000 ) ;
#9240 = ORIENTED_EDGE ( 'NONE', *, *, #10867, .F. ) ;
#9241 = CARTESIAN_POINT ( 'NONE',  ( 20.97268767190028882, 0.3484087644996209931, -50.00000000000000000 ) ) ;
#9242 = EDGE_CURVE ( 'NONE', #82, #2555, #9159, .T. ) ;
#9243 = CIRCLE ( 'NONE', #7388, 1.000000000000007772 ) ;
#9244 = CARTESIAN_POINT ( 'NONE',  ( -2.527312328099998062, 62.54840876450001730, 50.00000000000000000 ) ) ;
#9245 = EDGE_CURVE ( 'NONE', #10131, #2677, #7900, .T. ) ;
#9246 = AXIS2_PLACEMENT_3D ( 'NONE', #6363, #10776, #2830 ) ;
#9247 = ADVANCED_FACE ( 'NONE', ( #178 ), #5216, .F. ) ;
#9248 = VECTOR ( 'NONE', #65, 1000.000000000000000 ) ;
#9249 = ORIENTED_EDGE ( 'NONE', *, *, #8164, .T. ) ;
#9250 = DIRECTION ( 'NONE',  ( -1.000000000000000000, -0.0000000000000000000, -0.0000000000000000000 ) ) ;
#9251 = EDGE_CURVE ( 'NONE', #8472, #957, #7629, .T. ) ;
#9252 = CARTESIAN_POINT ( 'NONE',  ( -15.64176560036758801, 25.36200999784368904, 50.00000000000000000 ) ) ;
#9253 = CARTESIAN_POINT ( 'NONE',  ( -2.527312328099999839, 25.04840876449999953, 50.00000000000000000 ) ) ;
#9254 = LINE ( 'NONE', #9667, #7007 ) ;
#9255 = ORIENTED_EDGE ( 'NONE', *, *, #1375, .T. ) ;
#9256 = LINE ( 'NONE', #6149, #10234 ) ;
#9257 = VERTEX_POINT ( 'NONE', #11538 ) ;
#9258 = EDGE_CURVE ( 'NONE', #5222, #1986, #9442, .T. ) ;
#9259 = DIRECTION ( 'NONE',  ( -1.000000000000000000, 0.0000000000000000000, 0.0000000000000000000 ) ) ;
#9260 = CARTESIAN_POINT ( 'NONE',  ( -5.027312328100004279, 22.54840876449999953, 50.00000000000000000 ) ) ;
#9261 = CARTESIAN_POINT ( 'NONE',  ( 15.17268767190000034, 7.298408764500001311, 50.00000000000000000 ) ) ;
#9262 = CYLINDRICAL_SURFACE ( 'NONE', #10348, 24.99999999999828404 ) ;
#9263 = ORIENTED_EDGE ( 'NONE', *, *, #7785, .F. ) ;
#9264 = DIRECTION ( 'NONE',  ( 1.000000000000000000, 0.0000000000000000000, 0.0000000000000000000 ) ) ;
#9265 = FACE_OUTER_BOUND ( 'NONE', #618, .T. ) ;
#9266 = ORIENTED_EDGE ( 'NONE', *, *, #6360, .T. ) ;
#9267 = AXIS2_PLACEMENT_3D ( 'NONE', #9870, #3632, #7988 ) ;
#9268 = VERTEX_POINT ( 'NONE', #877 ) ;
#9269 = CIRCLE ( 'NONE', #9745, 1.000000000000013101 ) ;
#9270 = DIRECTION ( 'NONE',  ( 1.000000000000000000, 0.0000000000000000000, 0.0000000000000000000 ) ) ;
#9271 = PRESENTATION_LAYER_ASSIGNMENT (  '', '', ( #8903 ) ) ;
#9272 = VERTEX_POINT ( 'NONE', #5336 ) ;
#9273 = DIRECTION ( 'NONE',  ( 0.0000000000000000000, 0.0000000000000000000, 1.000000000000000000 ) ) ;
#9274 = CARTESIAN_POINT ( 'NONE',  ( -4.527312328099965200, 62.54840876450001730, 50.00000000000000000 ) ) ;
#9275 = LINE ( 'NONE', #6115, #8302 ) ;
#9276 = ORIENTED_EDGE ( 'NONE', *, *, #9943, .F. ) ;
#9277 = DIRECTION ( 'NONE',  ( -0.0000000000000000000, -1.000000000000000000, -0.0000000000000000000 ) ) ;
#9278 = ORIENTED_EDGE ( 'NONE', *, *, #977, .T. ) ;
#9279 = CARTESIAN_POINT ( 'NONE',  ( 22.97268767190000460, 70.54840876449999598, 50.00000000000000000 ) ) ;
#9280 = ORIENTED_EDGE ( 'NONE', *, *, #6972, .F. ) ;
#9281 = ADVANCED_FACE ( 'NONE', ( #1021 ), #5929, .F. ) ;
#9282 = AXIS2_PLACEMENT_3D ( 'NONE', #11289, #8699, #7695 ) ;
#9283 = CARTESIAN_POINT ( 'NONE',  ( 7.068198770200001313, 58.04840876450000309, -50.00000000000000000 ) ) ;
#9284 = CIRCLE ( 'NONE', #900, 0.5000000000000828226 ) ;
#9285 = EDGE_LOOP ( 'NONE', ( #7788, #9503, #8637, #8085 ) ) ;
#9286 = CARTESIAN_POINT ( 'NONE',  ( 7.972687671900000161, 70.54840876449999598, 50.00000000000000000 ) ) ;
#9287 = VECTOR ( 'NONE', #4441, 1000.000000000000000 ) ;
#9288 = VERTEX_POINT ( 'NONE', #6123 ) ;
#9289 = DIRECTION ( 'NONE',  ( -0.0000000000000000000, -0.0000000000000000000, -1.000000000000000000 ) ) ;
#9290 = ORIENTED_EDGE ( 'NONE', *, *, #4664, .F. ) ;
#9291 = ADVANCED_FACE ( 'NONE', ( #6770 ), #10543, .F. ) ;
#9292 = EDGE_CURVE ( 'NONE', #10104, #9385, #8317, .T. ) ;
#9293 = AXIS2_PLACEMENT_3D ( 'NONE', #1721, #7219, #5407 ) ;
#9294 = CIRCLE ( 'NONE', #4543, 2.000000000000508482 ) ;
#9295 = VECTOR ( 'NONE', #1653, 1000.000000000000000 ) ;
#9296 = DIRECTION ( 'NONE',  ( 1.000000000000000000, 0.0000000000000000000, 0.0000000000000000000 ) ) ;
#9297 = CIRCLE ( 'NONE', #11458, 3.999999999999626965 ) ;
#9298 = ORIENTED_EDGE ( 'NONE', *, *, #2339, .F. ) ;
#9299 = VECTOR ( 'NONE', #10918, 1000.000000000000000 ) ;
#9300 = ADVANCED_FACE ( 'NONE', ( #4660 ), #8167, .F. ) ;
#9301 = ORIENTED_EDGE ( 'NONE', *, *, #8344, .F. ) ;
#9302 = CARTESIAN_POINT ( 'NONE',  ( 29.47268767190000105, 11.04840876449999953, 50.00000000000000000 ) ) ;
#9303 = EDGE_CURVE ( 'NONE', #4402, #205, #1006, .T. ) ;
#9304 = CIRCLE ( 'NONE', #3044, 1.000000000000000888 ) ;
#9305 = DIRECTION ( 'NONE',  ( -0.0000000000000000000, -0.0000000000000000000, -1.000000000000000000 ) ) ;
#9306 = EDGE_CURVE ( 'NONE', #2293, #3299, #30, .T. ) ;
#9307 = LINE ( 'NONE', #3983, #8746 ) ;
#9308 = ORIENTED_EDGE ( 'NONE', *, *, #1219, .T. ) ;
#9309 = FACE_OUTER_BOUND ( 'NONE', #4087, .T. ) ;
#9310 = FACE_OUTER_BOUND ( 'NONE', #6905, .T. ) ;
#9311 = ORIENTED_EDGE ( 'NONE', *, *, #2245, .F. ) ;
#9312 = CARTESIAN_POINT ( 'NONE',  ( 28.47268767190000105, 40.84840876450000025, -50.00000000000000000 ) ) ;
#9313 = AXIS2_PLACEMENT_3D ( 'NONE', #6707, #1339, #8523 ) ;
#9314 = ORIENTED_EDGE ( 'NONE', *, *, #4417, .F. ) ;
#9315 = CARTESIAN_POINT ( 'NONE',  ( 12.97268767190000105, 55.04840876449999598, 50.00000000000000000 ) ) ;
#9316 = DIRECTION ( 'NONE',  ( -0.7071067811865474617, 0.7071067811865475727, -0.0000000000000000000 ) ) ;
#9317 = DIRECTION ( 'NONE',  ( 1.000000000000000000, 0.0000000000000000000, 0.0000000000000000000 ) ) ;
#9318 = EDGE_CURVE ( 'NONE', #1720, #3545, #5774, .T. ) ;
#9319 = CARTESIAN_POINT ( 'NONE',  ( 22.34651698795183705, 65.33214796546175762, -50.00000000000000000 ) ) ;
#9320 = CARTESIAN_POINT ( 'NONE',  ( -2.527312328099999394, 61.54840876450000309, -50.00000000000000000 ) ) ;
#9321 = LINE ( 'NONE', #925, #6935 ) ;
#9322 = ORIENTED_EDGE ( 'NONE', *, *, #5944, .T. ) ;
#9323 = VECTOR ( 'NONE', #1868, 1000.000000000000000 ) ;
#9324 = VERTEX_POINT ( 'NONE', #7934 ) ;
#9325 = EDGE_LOOP ( 'NONE', ( #1163, #11527, #1590, #53, #8841, #3516, #7373, #2945, #8868, #6458, #1751, #2347, #2113, #4738, #11357 ) ) ;
#9326 = ORIENTED_EDGE ( 'NONE', *, *, #3601, .F. ) ;
#9327 = CARTESIAN_POINT ( 'NONE',  ( 8.389144579933452306, 63.58613195072253177, 50.00000000000000000 ) ) ;
#9328 = DIRECTION ( 'NONE',  ( -0.0000000000000000000, -0.0000000000000000000, -1.000000000000000000 ) ) ;
#9329 = EDGE_CURVE ( 'NONE', #11168, #2525, #2424, .T. ) ;
#9330 = DIRECTION ( 'NONE',  ( -0.0000000000000000000, -0.0000000000000000000, -1.000000000000000000 ) ) ;
#9331 = AXIS2_PLACEMENT_3D ( 'NONE', #10580, #10616, #9578 ) ;
#9332 = CIRCLE ( 'NONE', #572, 3.400000000032107561 ) ;
#9333 = ORIENTED_EDGE ( 'NONE', *, *, #6891, .T. ) ;
#9334 = FACE_OUTER_BOUND ( 'NONE', #5288, .T. ) ;
#9335 = CARTESIAN_POINT ( 'NONE',  ( 8.209547951092257989, 12.29840876450002085, 50.00000000000000000 ) ) ;
#9336 = VERTEX_POINT ( 'NONE', #1774 ) ;
#9337 = ORIENTED_EDGE ( 'NONE', *, *, #4448, .F. ) ;
#9338 = DIRECTION ( 'NONE',  ( -0.0000000000000000000, -1.000000000000000000, -0.0000000000000000000 ) ) ;
#9339 = CARTESIAN_POINT ( 'NONE',  ( -15.64176560036292152, 65.36200999784996668, 50.00000000000000000 ) ) ;
#9340 = DIRECTION ( 'NONE',  ( -0.0000000000000000000, -0.0000000000000000000, -1.000000000000000000 ) ) ;
#9341 = AXIS2_PLACEMENT_3D ( 'NONE', #11179, #451, #496 ) ;
#9342 = VECTOR ( 'NONE', #7465, 1000.000000000000000 ) ;
#9343 = ORIENTED_EDGE ( 'NONE', *, *, #4933, .T. ) ;
#9344 = ORIENTED_EDGE ( 'NONE', *, *, #9669, .F. ) ;
#9345 = CYLINDRICAL_SURFACE ( 'NONE', #7872, 5.400000000003946532 ) ;
#9346 = ADVANCED_FACE ( 'NONE', ( #4515 ), #5176, .T. ) ;
#9347 = EDGE_CURVE ( 'NONE', #11380, #5675, #7328, .T. ) ;
#9348 = DIRECTION ( 'NONE',  ( -0.0000000000000000000, -0.0000000000000000000, -1.000000000000000000 ) ) ;
#9349 =( NAMED_UNIT ( * ) SI_UNIT ( $, .STERADIAN. ) SOLID_ANGLE_UNIT ( ) );
#9350 = DIRECTION ( 'NONE',  ( 1.000000000000000000, 0.0000000000000000000, 0.0000000000000000000 ) ) ;
#9351 = ADVANCED_FACE ( 'NONE', ( #7616 ), #799, .F. ) ;
#9352 = CARTESIAN_POINT ( 'NONE',  ( 22.97268767190000460, -0.4515912355000000211, 50.00000000000000000 ) ) ;
#9353 = DIRECTION ( 'NONE',  ( 1.000000000000000000, 0.0000000000000000000, 0.0000000000000000000 ) ) ;
#9354 = VECTOR ( 'NONE', #4044, 1000.000000000000000 ) ;
#9355 = EDGE_LOOP ( 'NONE', ( #4301, #8706, #58, #4245 ) ) ;
#9356 = ORIENTED_EDGE ( 'NONE', *, *, #4024, .T. ) ;
#9357 = CIRCLE ( 'NONE', #2161, 0.5000000000000004441 ) ;
#9358 = AXIS2_PLACEMENT_3D ( 'NONE', #11274, #6646, #10251 ) ;
#9359 = CARTESIAN_POINT ( 'NONE',  ( -2.527312328100004279, 29.24840876449999882, -50.00000000000000000 ) ) ;
#9360 = DIRECTION ( 'NONE',  ( 1.000000000000000000, 0.0000000000000000000, 0.0000000000000000000 ) ) ;
#9361 = ORIENTED_EDGE ( 'NONE', *, *, #1522, .F. ) ;
#9362 = ADVANCED_FACE ( 'NONE', ( #2273 ), #918, .T. ) ;
#9363 = FACE_OUTER_BOUND ( 'NONE', #1916, .T. ) ;
#9364 = EDGE_CURVE ( 'NONE', #6833, #11030, #1852, .T. ) ;
#9365 = DIRECTION ( 'NONE',  ( 0.0000000000000000000, 0.0000000000000000000, 1.000000000000000000 ) ) ;
#9366 = EDGE_LOOP ( 'NONE', ( #6929, #7445, #7456, #7083 ) ) ;
#9367 = ORIENTED_EDGE ( 'NONE', *, *, #2551, .F. ) ;
#9368 = DIRECTION ( 'NONE',  ( -1.000000000000000000, 0.0000000000000000000, 0.0000000000000000000 ) ) ;
#9369 = CARTESIAN_POINT ( 'NONE',  ( -2.527312328100002503, 22.54840876449999598, 50.00000000000000000 ) ) ;
#9370 = DIRECTION ( 'NONE',  ( -0.0000000000000000000, -1.000000000000000000, -0.0000000000000000000 ) ) ;
#9371 = FACE_OUTER_BOUND ( 'NONE', #722, .T. ) ;
#9372 = VERTEX_POINT ( 'NONE', #3452 ) ;
#9373 = CARTESIAN_POINT ( 'NONE',  ( 18.87717657363040757, 58.04840876449998177, 50.00000000000000000 ) ) ;
#9374 = AXIS2_PLACEMENT_3D ( 'NONE', #10387, #10232, #1416 ) ;
#9375 = LINE ( 'NONE', #7692, #6987 ) ;
#9376 = CARTESIAN_POINT ( 'NONE',  ( 31.47268767189998684, 60.54840876450001730, 50.00000000000000000 ) ) ;
#9377 = ORIENTED_EDGE ( 'NONE', *, *, #9758, .T. ) ;
#9378 = EDGE_CURVE ( 'NONE', #1095, #6734, #5494, .T. ) ;
#9379 = CARTESIAN_POINT ( 'NONE',  ( 7.776535249200046351, 52.04840876449991782, -50.00000000000000000 ) ) ;
#9380 = DIRECTION ( 'NONE',  ( -0.0000000000000000000, -0.0000000000000000000, -1.000000000000000000 ) ) ;
#9381 = ADVANCED_FACE ( 'NONE', ( #317 ), #9986, .F. ) ;
#9382 = EDGE_CURVE ( 'NONE', #3116, #6146, #10949, .T. ) ;
#9383 = AXIS2_PLACEMENT_3D ( 'NONE', #11053, #282, #4777 ) ;
#9384 = VECTOR ( 'NONE', #630, 1000.000000000000000 ) ;
#9385 = VERTEX_POINT ( 'NONE', #1817 ) ;
#9386 = DIRECTION ( 'NONE',  ( -0.0000000000000000000, -0.0000000000000000000, -1.000000000000000000 ) ) ;
#9387 = VECTOR ( 'NONE', #4992, 1000.000000000000000 ) ;
#9388 = EDGE_CURVE ( 'NONE', #2409, #3567, #6051, .T. ) ;
#9389 = ORIENTED_EDGE ( 'NONE', *, *, #3522, .T. ) ;
#9390 = CARTESIAN_POINT ( 'NONE',  ( 15.97268767189995486, 49.85225634179997201, 50.00000000000000000 ) ) ;
#9391 = LINE ( 'NONE', #6945, #1398 ) ;
#9392 = ORIENTED_EDGE ( 'NONE', *, *, #5944, .F. ) ;
#9393 = EDGE_CURVE ( 'NONE', #10328, #10465, #5203, .T. ) ;
#9394 = CARTESIAN_POINT ( 'NONE',  ( 27.67268767189892031, 63.04840876449918596, 50.00000000000000000 ) ) ;
#9395 = CARTESIAN_POINT ( 'NONE',  ( 2.972687671900000161, 69.74840876449999882, -50.00000000000000000 ) ) ;
#9396 = EDGE_CURVE ( 'NONE', #3389, #10684, #4789, .T. ) ;
#9397 = CIRCLE ( 'NONE', #5465, 3.399999999999760991 ) ;
#9398 = AXIS2_PLACEMENT_3D ( 'NONE', #2600, #7975, #3454 ) ;
#9399 = EDGE_LOOP ( 'NONE', ( #6828, #3189, #8665, #504 ) ) ;
#9400 = ORIENTED_EDGE ( 'NONE', *, *, #5542, .F. ) ;
#9401 = ADVANCED_FACE ( 'NONE', ( #1566 ), #6621, .T. ) ;
#9402 = DIRECTION ( 'NONE',  ( 1.000000000000000000, 0.0000000000000000000, 0.0000000000000000000 ) ) ;
#9403 = LINE ( 'NONE', #9113, #280 ) ;
#9404 = VERTEX_POINT ( 'NONE', #9889 ) ;
#9405 = CARTESIAN_POINT ( 'NONE',  ( 9.972687671899651107, 60.24456118720755171, 50.00000000000000000 ) ) ;
#9406 = DIRECTION ( 'NONE',  ( 1.000000000000000000, 0.0000000000000000000, 0.0000000000000000000 ) ) ;
#9407 = DIRECTION ( 'NONE',  ( -1.000000000000000000, 0.0000000000000000000, 0.0000000000000000000 ) ) ;
#9408 = DIRECTION ( 'NONE',  ( -0.0000000000000000000, -0.0000000000000000000, -1.000000000000000000 ) ) ;
#9409 = ORIENTED_EDGE ( 'NONE', *, *, #1097, .F. ) ;
#9410 = VERTEX_POINT ( 'NONE', #5420 ) ;
#9411 = CARTESIAN_POINT ( 'NONE',  ( 22.56517473567853926, 68.53845630602636163, 50.00000000000000000 ) ) ;
#9412 = ORIENTED_EDGE ( 'NONE', *, *, #7068, .F. ) ;
#9413 = ADVANCED_FACE ( 'NONE', ( #7184 ), #8860, .T. ) ;
#9414 = EDGE_CURVE ( 'NONE', #4005, #5746, #6477, .T. ) ;
#9415 = DIRECTION ( 'NONE',  ( 1.000000000000000000, 0.0000000000000000000, 0.0000000000000000000 ) ) ;
#9416 = CYLINDRICAL_SURFACE ( 'NONE', #3169, 5.699999999962075847 ) ;
#9417 = ORIENTED_EDGE ( 'NONE', *, *, #6861, .F. ) ;
#9418 = CARTESIAN_POINT ( 'NONE',  ( 12.97268767189999927, 55.04840876450000309, -50.00000000000000000 ) ) ;
#9419 = CARTESIAN_POINT ( 'NONE',  ( 31.57268767190000247, 71.04840876449999598, 50.00000000000000000 ) ) ;
#9420 = ADVANCED_FACE ( 'NONE', ( #9012 ), #7232, .T. ) ;
#9421 = PLANE ( 'NONE',  #391 ) ;
#9422 = EDGE_LOOP ( 'NONE', ( #3799, #2213, #7989, #1422 ) ) ;
#9423 = ORIENTED_EDGE ( 'NONE', *, *, #3513, .F. ) ;
#9424 = CARTESIAN_POINT ( 'NONE',  ( -2.527312328099999394, 43.34840876450000025, 50.00000000000000000 ) ) ;
#9425 = ORIENTED_EDGE ( 'NONE', *, *, #7885, .F. ) ;
#9426 = AXIS2_PLACEMENT_3D ( 'NONE', #11111, #5743, #2188 ) ;
#9427 = CIRCLE ( 'NONE', #233, 24.99999999999794653 ) ;
#9428 = ORIENTED_EDGE ( 'NONE', *, *, #1722, .F. ) ;
#9429 = VERTEX_POINT ( 'NONE', #6318 ) ;
#9430 = DIRECTION ( 'NONE',  ( -0.0000000000000000000, -0.0000000000000000000, -1.000000000000000000 ) ) ;
#9431 = DIRECTION ( 'NONE',  ( -0.0000000000000000000, -0.0000000000000000000, -1.000000000000000000 ) ) ;
#9432 = ORIENTED_EDGE ( 'NONE', *, *, #6315, .F. ) ;
#9433 = CARTESIAN_POINT ( 'NONE',  ( -2.527312328099999839, 26.74840876449999882, 50.00000000000000000 ) ) ;
#9434 = CARTESIAN_POINT ( 'NONE',  ( 18.16884009460000016, 17.54840876449999953, -50.00000000000000000 ) ) ;
#9435 = EDGE_CURVE ( 'NONE', #2661, #6803, #9699, .T. ) ;
#9436 = DIRECTION ( 'NONE',  ( -0.0000000000000000000, 1.000000000000000000, -0.0000000000000000000 ) ) ;
#9437 = VECTOR ( 'NONE', #7016, 1000.000000000000000 ) ;
#9438 = DIRECTION ( 'NONE',  ( 0.0000000000000000000, 0.0000000000000000000, 1.000000000000000000 ) ) ;
#9439 = ORIENTED_EDGE ( 'NONE', *, *, #7367, .F. ) ;
#9440 = ORIENTED_EDGE ( 'NONE', *, *, #6023, .T. ) ;
#9441 = EDGE_LOOP ( 'NONE', ( #6844, #9451, #1979, #4093 ) ) ;
#9442 = CIRCLE ( 'NONE', #74, 3.400000000000000355 ) ;
#9443 = VERTEX_POINT ( 'NONE', #4627 ) ;
#9444 = ORIENTED_EDGE ( 'NONE', *, *, #476, .F. ) ;
#9445 = AXIS2_PLACEMENT_3D ( 'NONE', #10996, #11113, #5632 ) ;
#9446 = PLANE ( 'NONE',  #10634 ) ;
#9447 = CARTESIAN_POINT ( 'NONE',  ( -2.527312328100002947, 50.04840876450001019, -50.00000000000000000 ) ) ;
#9448 = DIRECTION ( 'NONE',  ( 0.0000000000000000000, -0.0000000000000000000, -1.000000000000000000 ) ) ;
#9450 = LINE ( 'NONE', #7453, #8035 ) ;
#9449 = CARTESIAN_POINT ( 'NONE',  ( -1.727312327979766637, 63.04840876450003151, 50.00000000000000000 ) ) ;
#9451 = ORIENTED_EDGE ( 'NONE', *, *, #5647, .F. ) ;
#9452 = CARTESIAN_POINT ( 'NONE',  ( 31.57268767190000958, 71.04840876449999598, -50.00000000000000000 ) ) ;
#9453 = FACE_OUTER_BOUND ( 'NONE', #4479, .T. ) ;
#9454 = LINE ( 'NONE', #7401, #6064 ) ;
#9455 = CARTESIAN_POINT ( 'NONE',  ( 31.47268767190000105, 59.04840876450000309, 50.00000000000000000 ) ) ;
#9456 = VERTEX_POINT ( 'NONE', #10820 ) ;
#9457 = CARTESIAN_POINT ( 'NONE',  ( -5.127312328100000371, 3.648408764500000068, -50.00000000000000000 ) ) ;
#9458 = EDGE_CURVE ( 'NONE', #8007, #2115, #2693, .T. ) ;
#9459 = AXIS2_PLACEMENT_3D ( 'NONE', #1110, #7434, #2059 ) ;
#9460 = DIRECTION ( 'NONE',  ( -0.0000000000000000000, -0.0000000000000000000, -1.000000000000000000 ) ) ;
#9461 = CARTESIAN_POINT ( 'NONE',  ( -2.527312328099999839, 65.04840876449999598, 50.00000000000000000 ) ) ;
#9462 = DIRECTION ( 'NONE',  ( -0.0000000000000000000, -0.0000000000000000000, -1.000000000000000000 ) ) ;
#9463 = FACE_OUTER_BOUND ( 'NONE', #10722, .T. ) ;
#9464 = ORIENTED_EDGE ( 'NONE', *, *, #5969, .T. ) ;
#9465 = EDGE_CURVE ( 'NONE', #2100, #7930, #6186, .T. ) ;
#9466 = DIRECTION ( 'NONE',  ( 0.0000000000000000000, 1.000000000000000000, -0.0000000000000000000 ) ) ;
#9467 = CYLINDRICAL_SURFACE ( 'NONE', #2835, 0.5000000000000593969 ) ;
#9468 = ORIENTED_EDGE ( 'NONE', *, *, #8001, .F. ) ;
#9469 = AXIS2_PLACEMENT_3D ( 'NONE', #6722, #8416, #2304 ) ;
#9470 = DIRECTION ( 'NONE',  ( -0.0000000000000000000, -0.0000000000000000000, -1.000000000000000000 ) ) ;
#9471 = ORIENTED_EDGE ( 'NONE', *, *, #10893, .T. ) ;
#9472 = ADVANCED_FACE ( 'NONE', ( #3802 ), #4925, .F. ) ;
#9473 = EDGE_CURVE ( 'NONE', #6736, #8730, #4367, .T. ) ;
#9474 = CYLINDRICAL_SURFACE ( 'NONE', #188, 5.500000000006634693 ) ;
#9475 = ORIENTED_EDGE ( 'NONE', *, *, #3654, .F. ) ;
#9476 = AXIS2_PLACEMENT_3D ( 'NONE', #3572, #4473, #5532 ) ;
#9477 = CIRCLE ( 'NONE', #7726, 0.5000000000000281997 ) ;
#9478 = CARTESIAN_POINT ( 'NONE',  ( 27.67268767190000389, 26.74840876449999882, -50.00000000000000000 ) ) ;
#9479 = ORIENTED_EDGE ( 'NONE', *, *, #6624, .F. ) ;
#9480 = ADVANCED_FACE ( 'NONE', ( #2544 ), #11245, .F. ) ;
#9481 = CARTESIAN_POINT ( 'NONE',  ( 28.97268767189999039, 8.548408764499988877, 50.00000000000000000 ) ) ;
#9482 = ORIENTED_EDGE ( 'NONE', *, *, #4726, .F. ) ;
#9483 = DIRECTION ( 'NONE',  ( 0.0000000000000000000, 0.0000000000000000000, 1.000000000000000000 ) ) ;
#9484 = VERTEX_POINT ( 'NONE', #5606 ) ;
#9485 = DIRECTION ( 'NONE',  ( -0.0000000000000000000, -0.0000000000000000000, -1.000000000000000000 ) ) ;
#9486 = DIRECTION ( 'NONE',  ( 1.000000000000000000, 0.0000000000000000000, 0.0000000000000000000 ) ) ;
#9487 = ADVANCED_FACE ( 'NONE', ( #9147 ), #9576, .F. ) ;
#9488 = CIRCLE ( 'NONE', #9267, 0.5000000000000307532 ) ;
#9489 = ORIENTED_EDGE ( 'NONE', *, *, #10569, .T. ) ;
#9490 = VECTOR ( 'NONE', #7259, 1000.000000000000000 ) ;
#9491 = DIRECTION ( 'NONE',  ( 0.0000000000000000000, 0.0000000000000000000, 1.000000000000000000 ) ) ;
#9492 = CARTESIAN_POINT ( 'NONE',  ( 27.67268767190000389, 45.04840876450000309, -50.00000000000000000 ) ) ;
#9493 = EDGE_CURVE ( 'NONE', #10849, #8902, #4243, .T. ) ;
#9494 = DIRECTION ( 'NONE',  ( 1.000000000000000000, 0.0000000000000000000, 0.0000000000000000000 ) ) ;
#9495 = DIRECTION ( 'NONE',  ( -0.0000000000000000000, -0.0000000000000000000, -1.000000000000000000 ) ) ;
#9496 = CARTESIAN_POINT ( 'NONE',  ( -3.027312328099996286, 71.04840876449999598, 50.00000000000000000 ) ) ;
#9497 = DIRECTION ( 'NONE',  ( -1.000000000000000000, 0.0000000000000000000, 0.0000000000000000000 ) ) ;
#9498 = FACE_OUTER_BOUND ( 'NONE', #9441, .T. ) ;
#9499 = VERTEX_POINT ( 'NONE', #2008 ) ;
#9500 = ORIENTED_EDGE ( 'NONE', *, *, #4151, .F. ) ;
#9501 = LINE ( 'NONE', #1175, #3327 ) ;
#9502 = AXIS2_PLACEMENT_3D ( 'NONE', #2957, #10089, #2127 ) ;
#9503 = ORIENTED_EDGE ( 'NONE', *, *, #2711, .F. ) ;
#9504 = DIRECTION ( 'NONE',  ( -1.000000000000000000, 0.0000000000000000000, 0.0000000000000000000 ) ) ;
#9505 = ADVANCED_FACE ( 'NONE', ( #455 ), #3956, .F. ) ;
#9506 = DIRECTION ( 'NONE',  ( 1.000000000000000000, -0.0000000000000000000, -0.0000000000000000000 ) ) ;
#9507 = PRODUCT_DEFINITION ( 'UNKNOWN', '', #5280, #2645 ) ;
#9508 = LINE ( 'NONE', #6878, #6691 ) ;
#9509 = VERTEX_POINT ( 'NONE', #3766 ) ;
#9510 = VERTEX_POINT ( 'NONE', #9260 ) ;
#9511 = CARTESIAN_POINT ( 'NONE',  ( 7.472687671900005490, -3.451591235500005350, -50.00000000000000000 ) ) ;
#9512 = FACE_OUTER_BOUND ( 'NONE', #2234, .T. ) ;
#9513 = EDGE_LOOP ( 'NONE', ( #3698, #5179, #2793, #3203 ) ) ;
#9514 = DIRECTION ( 'NONE',  ( -0.0000000000000000000, -0.0000000000000000000, -1.000000000000000000 ) ) ;
#9515 = CARTESIAN_POINT ( 'NONE',  ( 10.77268767189999998, 62.79840876450000309, 50.00000000000000000 ) ) ;
#9516 = CIRCLE ( 'NONE', #3837, 0.5000000000000675016 ) ;
#9517 = AXIS2_PLACEMENT_3D ( 'NONE', #6579, #2982, #3795 ) ;
#9518 = VERTEX_POINT ( 'NONE', #11054 ) ;
#9519 = CARTESIAN_POINT ( 'NONE',  ( 30.47268767190000105, 22.04840876449999953, 50.00000000000000000 ) ) ;
#9520 = CIRCLE ( 'NONE', #5602, 0.5000000000000716094 ) ;
#9521 = ORIENTED_EDGE ( 'NONE', *, *, #5830, .T. ) ;
#9522 = EDGE_CURVE ( 'NONE', #4564, #9845, #729, .T. ) ;
#9523 = AXIS2_PLACEMENT_3D ( 'NONE', #8239, #7378, #8311 ) ;
#9524 = DIRECTION ( 'NONE',  ( -1.000000000000000000, 0.0000000000000000000, 0.0000000000000000000 ) ) ;
#9525 = DIRECTION ( 'NONE',  ( -0.0000000000000000000, -0.0000000000000000000, -1.000000000000000000 ) ) ;
#9526 = DIRECTION ( 'NONE',  ( 0.0000000000000000000, 0.0000000000000000000, 1.000000000000000000 ) ) ;
#9527 = VECTOR ( 'NONE', #4879, 1000.000000000000000 ) ;
#9528 = DIRECTION ( 'NONE',  ( -0.0000000000000000000, -0.0000000000000000000, -1.000000000000000000 ) ) ;
#9529 = CARTESIAN_POINT ( 'NONE',  ( 30.97268767190000460, 40.84840876450000025, -50.00000000000000000 ) ) ;
#9530 = ADVANCED_FACE ( 'NONE', ( #4646 ), #11100, .F. ) ;
#9531 = AXIS2_PLACEMENT_3D ( 'NONE', #8138, #9781, #5463 ) ;
#9532 = LINE ( 'NONE', #5840, #560 ) ;
#9533 = EDGE_LOOP ( 'NONE', ( #9587, #9732, #2224, #195 ) ) ;
#9534 = DIRECTION ( 'NONE',  ( -0.0000000000000000000, -0.0000000000000000000, -1.000000000000000000 ) ) ;
#9535 = EDGE_CURVE ( 'NONE', #5502, #10328, #9427, .T. ) ;
#9536 = CARTESIAN_POINT ( 'NONE',  ( 18.16884009460662242, 52.04840876450013809, -50.00000000000000000 ) ) ;
#9537 = VECTOR ( 'NONE', #8440, 1000.000000000000000 ) ;
#9538 = ADVANCED_FACE ( 'NONE', ( #11390 ), #11522, .F. ) ;
#9539 = VERTEX_POINT ( 'NONE', #2910 ) ;
#9540 = VERTEX_POINT ( 'NONE', #5570 ) ;
#9541 = AXIS2_PLACEMENT_3D ( 'NONE', #950, #9955, #6430 ) ;
#9542 = CARTESIAN_POINT ( 'NONE',  ( -1.727312327979766637, 63.04840876450003151, 50.00000000000000000 ) ) ;
#9543 = LINE ( 'NONE', #2756, #7012 ) ;
#9544 = ORIENTED_EDGE ( 'NONE', *, *, #8368, .F. ) ;
#9545 = EDGE_CURVE ( 'NONE', #3932, #8389, #7035, .T. ) ;
#9546 = LINE ( 'NONE', #7396, #10654 ) ;
#9547 = ORIENTED_EDGE ( 'NONE', *, *, #9169, .F. ) ;
#9548 = DIRECTION ( 'NONE',  ( -0.0000000000000000000, 1.000000000000000000, -0.0000000000000000000 ) ) ;
#9549 = ORIENTED_EDGE ( 'NONE', *, *, #2171, .T. ) ;
#9550 = EDGE_CURVE ( 'NONE', #10411, #457, #8727, .T. ) ;
#9551 = VECTOR ( 'NONE', #1933, 1000.000000000000000 ) ;
#9552 = ORIENTED_EDGE ( 'NONE', *, *, #11121, .T. ) ;
#9553 = DIRECTION ( 'NONE',  ( 0.0000000000000000000, 0.0000000000000000000, 1.000000000000000000 ) ) ;
#9554 = EDGE_CURVE ( 'NONE', #11523, #7756, #1700, .T. ) ;
#9555 = AXIS2_PLACEMENT_3D ( 'NONE', #3950, #2977, #1327 ) ;
#9556 = EDGE_LOOP ( 'NONE', ( #4496, #6797, #6388, #7922 ) ) ;
#9557 = CYLINDRICAL_SURFACE ( 'NONE', #522, 4.000000000000161648 ) ;
#9558 = ORIENTED_EDGE ( 'NONE', *, *, #746, .F. ) ;
#9559 = DIRECTION ( 'NONE',  ( -0.0000000000000000000, 1.000000000000000000, -0.0000000000000000000 ) ) ;
#9560 = DIRECTION ( 'NONE',  ( -1.000000000000000000, -0.0000000000000000000, -0.0000000000000000000 ) ) ;
#9561 = CARTESIAN_POINT ( 'NONE',  ( -5.127312328099986161, 66.94840876450001588, -50.00000000000000000 ) ) ;
#9562 = DIRECTION ( 'NONE',  ( -0.0000000000000000000, -0.0000000000000000000, -1.000000000000000000 ) ) ;
#9563 = CARTESIAN_POINT ( 'NONE',  ( 14.97268767189996552, 49.54840876450003861, 50.00000000000000000 ) ) ;
#9564 = LINE ( 'NONE', #3443, #2533 ) ;
#9565 = ORIENTED_EDGE ( 'NONE', *, *, #3581, .F. ) ;
#9566 = ORIENTED_EDGE ( 'NONE', *, *, #11171, .T. ) ;
#9567 = EDGE_CURVE ( 'NONE', #1989, #10054, #6752, .T. ) ;
#9568 = AXIS2_PLACEMENT_3D ( 'NONE', #4793, #2061, #3864 ) ;
#9569 = DIRECTION ( 'NONE',  ( 0.0000000000000000000, 1.000000000000000000, -0.0000000000000000000 ) ) ;
#9570 = DIRECTION ( 'NONE',  ( -1.000000000000000000, 0.0000000000000000000, 0.0000000000000000000 ) ) ;
#9571 = ORIENTED_EDGE ( 'NONE', *, *, #9145, .T. ) ;
#9572 = EDGE_CURVE ( 'NONE', #4752, #9055, #8448, .T. ) ;
#9573 = VECTOR ( 'NONE', #8358, 1000.000000000000000 ) ;
#9574 = CARTESIAN_POINT ( 'NONE',  ( 23.28628890540853646, -13.56604450765714809, -50.00000000000000000 ) ) ;
#9575 = ORIENTED_EDGE ( 'NONE', *, *, #8808, .T. ) ;
#9576 = CYLINDRICAL_SURFACE ( 'NONE', #1437, 0.5000000000000143219 ) ;
#9577 = ORIENTED_EDGE ( 'NONE', *, *, #5443, .T. ) ;
#9578 = DIRECTION ( 'NONE',  ( 1.000000000000000000, 0.0000000000000000000, 0.0000000000000000000 ) ) ;
#9579 = DIRECTION ( 'NONE',  ( -0.0000000000000000000, -0.0000000000000000000, -1.000000000000000000 ) ) ;
#9580 = ORIENTED_EDGE ( 'NONE', *, *, #2643, .T. ) ;
#9581 = VECTOR ( 'NONE', #2665, 1000.000000000000000 ) ;
#9582 = AXIS2_PLACEMENT_3D ( 'NONE', #5109, #5139, #11425 ) ;
#9583 = LINE ( 'NONE', #1196, #11032 ) ;
#9584 = CYLINDRICAL_SURFACE ( 'NONE', #5451, 5.699999999997952926 ) ;
#9585 = ORIENTED_EDGE ( 'NONE', *, *, #5121, .T. ) ;
#9586 = CIRCLE ( 'NONE', #7360, 0.5000000000000177636 ) ;
#9587 = ORIENTED_EDGE ( 'NONE', *, *, #2938, .F. ) ;
#9588 = CARTESIAN_POINT ( 'NONE',  ( 28.97268767190000105, -3.551591235500002330, 50.00000000000000000 ) ) ;
#9589 = EDGE_CURVE ( 'NONE', #10684, #4207, #3670, .T. ) ;
#9590 = CARTESIAN_POINT ( 'NONE',  ( 28.97268767190000105, 75.04840876449999598, 50.00000000000000000 ) ) ;
#9591 = CIRCLE ( 'NONE', #4099, 0.4999999999999987232 ) ;
#9592 = ORIENTED_EDGE ( 'NONE', *, *, #8093, .T. ) ;
#9593 = ADVANCED_FACE ( 'NONE', ( #6341 ), #995, .T. ) ;
#9594 = LINE ( 'NONE', #2215, #3978 ) ;
#9595 = CYLINDRICAL_SURFACE ( 'NONE', #6279, 26.40000000001360903 ) ;
#9596 = ORIENTED_EDGE ( 'NONE', *, *, #312, .T. ) ;
#9597 = ORIENTED_EDGE ( 'NONE', *, *, #4581, .T. ) ;
#9598 = AXIS2_PLACEMENT_3D ( 'NONE', #2510, #6120, #9646 ) ;
#9599 = DIRECTION ( 'NONE',  ( -0.0000000000000000000, -0.0000000000000000000, -1.000000000000000000 ) ) ;
#9600 = EDGE_CURVE ( 'NONE', #10873, #6326, #10266, .T. ) ;
#9601 = CIRCLE ( 'NONE', #4759, 24.99999999999804245 ) ;
#9602 = ORIENTED_EDGE ( 'NONE', *, *, #2254, .T. ) ;
#9603 = LINE ( 'NONE', #6056, #2726 ) ;
#9604 = VERTEX_POINT ( 'NONE', #3103 ) ;
#9605 = ORIENTED_EDGE ( 'NONE', *, *, #7039, .F. ) ;
#9606 = EDGE_CURVE ( 'NONE', #6037, #3559, #1135, .T. ) ;
#9607 = STYLED_ITEM ( 'NONE', ( #1028 ), #7687 ) ;
#9608 = EDGE_LOOP ( 'NONE', ( #571, #2120, #2037, #5618 ) ) ;
#9609 = EDGE_CURVE ( 'NONE', #2560, #7640, #5628, .T. ) ;
#9610 = DIRECTION ( 'NONE',  ( 1.000000000000000000, 0.0000000000000000000, 0.0000000000000000000 ) ) ;
#9611 = CARTESIAN_POINT ( 'NONE',  ( 32.97268767190000460, 60.54840876450000309, 50.00000000000000000 ) ) ;
#9612 = VECTOR ( 'NONE', #8110, 1000.000000000000000 ) ;
#9613 = ORIENTED_EDGE ( 'NONE', *, *, #230, .F. ) ;
#9614 = DIRECTION ( 'NONE',  ( -1.000000000000000000, 0.0000000000000000000, 0.0000000000000000000 ) ) ;
#9615 = CYLINDRICAL_SURFACE ( 'NONE', #4112, 0.5000000000003230749 ) ;
#9616 = ORIENTED_EDGE ( 'NONE', *, *, #7050, .F. ) ;
#9617 = ORIENTED_EDGE ( 'NONE', *, *, #145, .F. ) ;
#9618 = EDGE_CURVE ( 'NONE', #4657, #7898, #3377, .T. ) ;
#9619 = EDGE_CURVE ( 'NONE', #10328, #6012, #8436, .T. ) ;
#9620 = CARTESIAN_POINT ( 'NONE',  ( 2.335395080400000101, 5.321026057900000161, 50.00000000000000000 ) ) ;
#9621 = AXIS2_PLACEMENT_3D ( 'NONE', #5221, #15, #4329 ) ;
#9622 = VECTOR ( 'NONE', #6483, 1000.000000000000000 ) ;
#9623 = EDGE_LOOP ( 'NONE', ( #7912, #48, #6799, #10248 ) ) ;
#9624 = VERTEX_POINT ( 'NONE', #3141 ) ;
#9625 = FACE_OUTER_BOUND ( 'NONE', #8838, .T. ) ;
#9626 = CARTESIAN_POINT ( 'NONE',  ( -1.727312328100812922, 47.04840876449938492, 50.00000000000000000 ) ) ;
#9627 = DIRECTION ( 'NONE',  ( 0.0000000000000000000, 0.0000000000000000000, 1.000000000000000000 ) ) ;
#9628 = FACE_OUTER_BOUND ( 'NONE', #7429, .T. ) ;
#9629 = PLANE ( 'NONE',  #8018 ) ;
#9630 = ORIENTED_EDGE ( 'NONE', *, *, #964, .T. ) ;
#9631 = CARTESIAN_POINT ( 'NONE',  ( 2.972687671900000161, 70.54840876449999598, 50.00000000000000000 ) ) ;
#9632 = ORIENTED_EDGE ( 'NONE', *, *, #1274, .F. ) ;
#9633 = CIRCLE ( 'NONE', #9081, 3.999999999999607869 ) ;
#9634 = CARTESIAN_POINT ( 'NONE',  ( 24.87268767190000318, 73.64840876450000451, -50.00000000000000000 ) ) ;
#9635 = EDGE_CURVE ( 'NONE', #1335, #7660, #3257, .T. ) ;
#9636 = CARTESIAN_POINT ( 'NONE',  ( -3.527312328100000727, 60.04840876450000309, 50.00000000000000000 ) ) ;
#9637 = VERTEX_POINT ( 'NONE', #6742 ) ;
#9638 = PLANE ( 'NONE',  #4987 ) ;
#9639 = CARTESIAN_POINT ( 'NONE',  ( 2.659086438555689824, -13.56604450776711346, -50.00000000000000000 ) ) ;
#9640 = CYLINDRICAL_SURFACE ( 'NONE', #5035, 26.39999999993952073 ) ;
#9641 = EDGE_LOOP ( 'NONE', ( #7728, #2308, #7291, #9343 ) ) ;
#9642 = AXIS2_PLACEMENT_3D ( 'NONE', #11249, #7699, #3260 ) ;
#9643 = CARTESIAN_POINT ( 'NONE',  ( 5.972687671900000161, 71.04840876449999598, -50.00000000000000000 ) ) ;
#9644 = VECTOR ( 'NONE', #10772, 1000.000000000000000 ) ;
#9645 = VERTEX_POINT ( 'NONE', #11301 ) ;
#9646 = DIRECTION ( 'NONE',  ( -1.000000000000000000, 0.0000000000000000000, 0.0000000000000000000 ) ) ;
#9647 = LINE ( 'NONE', #4033, #2081 ) ;
#9648 = EDGE_CURVE ( 'NONE', #5726, #6928, #7316, .T. ) ;
#9649 = ORIENTED_EDGE ( 'NONE', *, *, #10308, .T. ) ;
#9650 = DIRECTION ( 'NONE',  ( -0.0000000000000000000, -0.0000000000000000000, -1.000000000000000000 ) ) ;
#9651 = CARTESIAN_POINT ( 'NONE',  ( 28.97268767190000105, 62.04840876450000309, 50.00000000000000000 ) ) ;
#9652 = LINE ( 'NONE', #3175, #9384 ) ;
#9653 = ORIENTED_EDGE ( 'NONE', *, *, #7306, .F. ) ;
#9654 = AXIS2_PLACEMENT_3D ( 'NONE', #6496, #6606, #1199 ) ;
#9655 = DIRECTION ( 'NONE',  ( -0.0000000000000000000, -0.0000000000000000000, -1.000000000000000000 ) ) ;
#9656 = CARTESIAN_POINT ( 'NONE',  ( 12.97268767190000105, 55.04840876449999598, -64.14213562373096522 ) ) ;
#9657 = LINE ( 'NONE', #2651, #4611 ) ;
#9658 = ORIENTED_EDGE ( 'NONE', *, *, #10431, .T. ) ;
#9659 = EDGE_CURVE ( 'NONE', #10042, #3658, #6324, .T. ) ;
#9660 = PLANE ( 'NONE',  #374 ) ;
#9661 = AXIS2_PLACEMENT_3D ( 'NONE', #9179, #4584, #6427 ) ;
#9662 = LINE ( 'NONE', #10110, #6723 ) ;
#9663 = EDGE_LOOP ( 'NONE', ( #2453, #10660, #11238, #9571 ) ) ;
#9664 = DIRECTION ( 'NONE',  ( 0.0000000000000000000, 1.000000000000000000, -0.0000000000000000000 ) ) ;
#9665 = CARTESIAN_POINT ( 'NONE',  ( -5.027312328099999839, 29.24840876449999882, -50.00000000000000000 ) ) ;
#9666 = CARTESIAN_POINT ( 'NONE',  ( 23.60998026349999890, 64.77579147110000690, 50.00000000000000000 ) ) ;
#9667 = CARTESIAN_POINT ( 'NONE',  ( 8.972687671899999273, -1.451591235500000021, 50.00000000000000000 ) ) ;
#9668 = LINE ( 'NONE', #1165, #6875 ) ;
#9669 = EDGE_CURVE ( 'NONE', #1531, #5107, #10254, .T. ) ;
#9670 = ORIENTED_EDGE ( 'NONE', *, *, #10977, .T. ) ;
#9671 = DIRECTION ( 'NONE',  ( 0.0000000000000000000, 0.0000000000000000000, 1.000000000000000000 ) ) ;
#9672 = AXIS2_PLACEMENT_3D ( 'NONE', #9563, #8670, #1521 ) ;
#9673 = ORIENTED_EDGE ( 'NONE', *, *, #3513, .T. ) ;
#9674 = CIRCLE ( 'NONE', #2191, 1.000000000000007772 ) ;
#9675 = ORIENTED_EDGE ( 'NONE', *, *, #3450, .T. ) ;
#9676 = EDGE_CURVE ( 'NONE', #4286, #293, #10119, .T. ) ;
#9677 = DIRECTION ( 'NONE',  ( -0.0000000000000000000, -0.0000000000000000000, -1.000000000000000000 ) ) ;
#9678 = CARTESIAN_POINT ( 'NONE',  ( 31.47268767190000105, 19.04840876449999953, 50.00000000000000000 ) ) ;
#9679 = ORIENTED_EDGE ( 'NONE', *, *, #6730, .T. ) ;
#9680 = DIRECTION ( 'NONE',  ( -1.000000000000000000, 0.0000000000000000000, 0.0000000000000000000 ) ) ;
#9681 = VECTOR ( 'NONE', #1836, 1000.000000000000000 ) ;
#9682 = DIRECTION ( 'NONE',  ( 1.000000000000000000, 0.0000000000000000000, 0.0000000000000000000 ) ) ;
#9683 = AXIS2_PLACEMENT_3D ( 'NONE', #3530, #8877, #4324 ) ;
#9684 = ORIENTED_EDGE ( 'NONE', *, *, #4280, .F. ) ;
#9685 = CARTESIAN_POINT ( 'NONE',  ( 29.47268767190000105, 51.04840876450000309, 50.00000000000000000 ) ) ;
#9686 = LINE ( 'NONE', #9924, #6896 ) ;
#9687 = ORIENTED_EDGE ( 'NONE', *, *, #994, .T. ) ;
#9688 = CARTESIAN_POINT ( 'NONE',  ( -2.527312328099999839, 48.54840876450000309, 50.00000000000000000 ) ) ;
#9689 = DIRECTION ( 'NONE',  ( -1.000000000000000000, 0.0000000000000000000, 0.0000000000000000000 ) ) ;
#9690 = DIRECTION ( 'NONE',  ( 1.000000000000000000, 0.0000000000000000000, 0.0000000000000000000 ) ) ;
#9691 = VERTEX_POINT ( 'NONE', #4979 ) ;
#9692 = CARTESIAN_POINT ( 'NONE',  ( 15.97268767189993355, 9.852256341799961348, 50.00000000000000000 ) ) ;
#9693 = VERTEX_POINT ( 'NONE', #10352 ) ;
#9694 = CARTESIAN_POINT ( 'NONE',  ( 24.72268767189961025, 52.84840876450052605, 50.00000000000000000 ) ) ;
#9695 = ORIENTED_EDGE ( 'NONE', *, *, #9836, .F. ) ;
#9696 = DIRECTION ( 'NONE',  ( 0.0000000000000000000, 0.0000000000000000000, 1.000000000000000000 ) ) ;
#9697 = EDGE_CURVE ( 'NONE', #10811, #2055, #10534, .T. ) ;
#9698 = AXIS2_PLACEMENT_3D ( 'NONE', #11613, #7176, #8079 ) ;
#9699 = LINE ( 'NONE', #989, #7887 ) ;
#9700 = ORIENTED_EDGE ( 'NONE', *, *, #7440, .F. ) ;
#9701 = ORIENTED_EDGE ( 'NONE', *, *, #11335, .F. ) ;
#9702 = VERTEX_POINT ( 'NONE', #7018 ) ;
#9703 = DIRECTION ( 'NONE',  ( -0.0000000000000000000, -0.0000000000000000000, -1.000000000000000000 ) ) ;
#9704 = CARTESIAN_POINT ( 'NONE',  ( 26.46273521343859869, 24.64089582826564140, -50.00000000000000000 ) ) ;
#9705 = DIRECTION ( 'NONE',  ( -0.0000000000000000000, -1.000000000000000000, -0.0000000000000000000 ) ) ;
#9706 = DIRECTION ( 'NONE',  ( 1.000000000000000000, 0.0000000000000000000, 0.0000000000000000000 ) ) ;
#9707 = DIRECTION ( 'NONE',  ( 1.000000000000000000, 0.0000000000000000000, 0.0000000000000000000 ) ) ;
#9708 = DIRECTION ( 'NONE',  ( -0.0000000000000000000, -0.0000000000000000000, -1.000000000000000000 ) ) ;
#9709 = LINE ( 'NONE', #7891, #5212 ) ;
#9710 = ORIENTED_EDGE ( 'NONE', *, *, #8357, .F. ) ;
#9711 = ORIENTED_EDGE ( 'NONE', *, *, #1934, .F. ) ;
#9712 = AXIS2_PLACEMENT_3D ( 'NONE', #4257, #4325, #8833 ) ;
#9713 = VECTOR ( 'NONE', #11397, 1000.000000000000000 ) ;
#9714 = ORIENTED_EDGE ( 'NONE', *, *, #8376, .F. ) ;
#9715 = CARTESIAN_POINT ( 'NONE',  ( 20.97268767190012895, 69.74840876447169080, -50.00000000000000000 ) ) ;
#9716 = AXIS2_PLACEMENT_3D ( 'NONE', #6756, #11224, #460 ) ;
#9717 = ORIENTED_EDGE ( 'NONE', *, *, #6513, .F. ) ;
#9718 = LINE ( 'NONE', #4220, #3402 ) ;
#9719 = DIRECTION ( 'NONE',  ( 1.000000000000000000, 0.0000000000000000000, 0.0000000000000000000 ) ) ;
#9720 = ORIENTED_EDGE ( 'NONE', *, *, #3166, .T. ) ;
#9721 = LINE ( 'NONE', #6438, #2993 ) ;
#9722 = FACE_OUTER_BOUND ( 'NONE', #7828, .T. ) ;
#9723 = DIRECTION ( 'NONE',  ( -0.0000000000000000000, -0.0000000000000000000, -1.000000000000000000 ) ) ;
#9724 = ORIENTED_EDGE ( 'NONE', *, *, #2030, .F. ) ;
#9725 = CARTESIAN_POINT ( 'NONE',  ( 4.434964485679360635, 50.46486567243202614, 50.00000000000000000 ) ) ;
#9726 = AXIS2_PLACEMENT_3D ( 'NONE', #882, #3699, #3656 ) ;
#9727 = VECTOR ( 'NONE', #7866, 1000.000000000000000 ) ;
#9728 = CARTESIAN_POINT ( 'NONE',  ( 18.87717657370000168, 57.54840876450001019, 50.00000000000000000 ) ) ;
#9729 = ORIENTED_EDGE ( 'NONE', *, *, #3130, .F. ) ;
#9730 = CIRCLE ( 'NONE', #11467, 3.399999999963466912 ) ;
#9731 = DIRECTION ( 'NONE',  ( -1.000000000000000000, 0.0000000000000000000, 0.0000000000000000000 ) ) ;
#9732 = ORIENTED_EDGE ( 'NONE', *, *, #7645, .F. ) ;
#9733 = CARTESIAN_POINT ( 'NONE',  ( 2.162767575361846717, 3.089490506851611418, -50.00000000000000000 ) ) ;
#9734 = VERTEX_POINT ( 'NONE', #2549 ) ;
#9735 = CARTESIAN_POINT ( 'NONE',  ( 24.87268767190002805, 73.14840876449997609, 50.00000000000000000 ) ) ;
#9736 = EDGE_CURVE ( 'NONE', #9015, #7663, #3514, .T. ) ;
#9737 = AXIS2_PLACEMENT_3D ( 'NONE', #3604, #8155, #4545 ) ;
#9738 = DIRECTION ( 'NONE',  ( -0.0000000000000000000, -0.0000000000000000000, -1.000000000000000000 ) ) ;
#9739 = DIRECTION ( 'NONE',  ( -0.0000000000000000000, -0.0000000000000000000, -1.000000000000000000 ) ) ;
#9740 = LINE ( 'NONE', #6610, #2586 ) ;
#9741 = ORIENTED_EDGE ( 'NONE', *, *, #8793, .F. ) ;
#9742 = CIRCLE ( 'NONE', #4633, 0.4999999999999930611 ) ;
#9743 = ORIENTED_EDGE ( 'NONE', *, *, #9318, .T. ) ;
#9744 = ORIENTED_EDGE ( 'NONE', *, *, #1483, .F. ) ;
#9745 = AXIS2_PLACEMENT_3D ( 'NONE', #7095, #1719, #7923 ) ;
#9746 = VERTEX_POINT ( 'NONE', #9839 ) ;
#9747 = CARTESIAN_POINT ( 'NONE',  ( 8.209547951092289964, 52.29840876450004572, -50.00000000000000000 ) ) ;
#9748 = DIRECTION ( 'NONE',  ( 0.0000000000000000000, 0.0000000000000000000, 1.000000000000000000 ) ) ;
#9749 = DIRECTION ( 'NONE',  ( -1.000000000000000000, 0.0000000000000000000, 0.0000000000000000000 ) ) ;
#9750 = DIRECTION ( 'NONE',  ( 0.0000000000000000000, 0.0000000000000000000, -1.000000000000000000 ) ) ;
#9751 = EDGE_CURVE ( 'NONE', #4104, #9624, #2411, .T. ) ;
#9752 = DIRECTION ( 'NONE',  ( 1.000000000000000000, 0.0000000000000000000, 0.0000000000000000000 ) ) ;
#9753 = CARTESIAN_POINT ( 'NONE',  ( 30.47268767190000105, 8.048408764499999535, 50.00000000000000000 ) ) ;
#9754 = CYLINDRICAL_SURFACE ( 'NONE', #11446, 0.5000000000001323386 ) ;
#9755 = ORIENTED_EDGE ( 'NONE', *, *, #4370, .T. ) ;
#9756 = AXIS2_PLACEMENT_3D ( 'NONE', #10008, #1062, #1967 ) ;
#9757 = CIRCLE ( 'NONE', #1253, 0.5000000000000073275 ) ;
#9758 = EDGE_CURVE ( 'NONE', #10707, #4207, #9275, .T. ) ;
#9759 = DIRECTION ( 'NONE',  ( 1.000000000000000000, 0.0000000000000000000, 0.0000000000000000000 ) ) ;
#9760 = CARTESIAN_POINT ( 'NONE',  ( -1.727312328100000016, 3.648408764500000512, -50.00000000000000000 ) ) ;
#9761 = CARTESIAN_POINT ( 'NONE',  ( 3.380200608223121073, 1.558361222972360460, 50.00000000000000000 ) ) ;
#9762 = VECTOR ( 'NONE', #5850, 1000.000000000000000 ) ;
#9763 = ORIENTED_EDGE ( 'NONE', *, *, #9038, .F. ) ;
#9764 = CARTESIAN_POINT ( 'NONE',  ( 7.554904497641498295, 7.634982463064869940, 50.00000000000000000 ) ) ;
#9765 = EDGE_CURVE ( 'NONE', #957, #10762, #2815, .T. ) ;
#9766 = ORIENTED_EDGE ( 'NONE', *, *, #5111, .T. ) ;
#9767 = LINE ( 'NONE', #7303, #8098 ) ;
#9768 = DIRECTION ( 'NONE',  ( 0.0000000000000000000, -0.0000000000000000000, -1.000000000000000000 ) ) ;
#9769 = EDGE_CURVE ( 'NONE', #4109, #10648, #8156, .T. ) ;
#9770 = AXIS2_PLACEMENT_3D ( 'NONE', #2865, #4548, #3642 ) ;
#9771 = ORIENTED_EDGE ( 'NONE', *, *, #8714, .T. ) ;
#9772 = CARTESIAN_POINT ( 'NONE',  ( 41.58714094417511120, 44.73480753116644593, 50.00000000000000000 ) ) ;
#9773 = DIRECTION ( 'NONE',  ( 1.000000000000000000, 0.0000000000000000000, 0.0000000000000000000 ) ) ;
#9774 = LINE ( 'NONE', #8618, #7402 ) ;
#9775 = ORIENTED_EDGE ( 'NONE', *, *, #7274, .F. ) ;
#9776 = ORIENTED_EDGE ( 'NONE', *, *, #8222, .T. ) ;
#9777 = EDGE_CURVE ( 'NONE', #6451, #7224, #5761, .T. ) ;
#9778 = AXIS2_PLACEMENT_3D ( 'NONE', #4643, #969, #7247 ) ;
#9779 = FACE_OUTER_BOUND ( 'NONE', #4935, .T. ) ;
#9780 = ORIENTED_EDGE ( 'NONE', *, *, #8143, .T. ) ;
#9781 = DIRECTION ( 'NONE',  ( 0.0000000000000000000, 1.000000000000000000, -0.0000000000000000000 ) ) ;
#9782 = PLANE ( 'NONE',  #4685 ) ;
#9783 = DIRECTION ( 'NONE',  ( -0.0000000000000000000, -1.000000000000000000, -0.0000000000000000000 ) ) ;
#9784 = EDGE_CURVE ( 'NONE', #8195, #166, #3941, .T. ) ;
#9785 = CARTESIAN_POINT ( 'NONE',  ( 7.472687671900005490, -3.451591235500005350, 50.00000000000000000 ) ) ;
#9786 = CIRCLE ( 'NONE', #5637, 5.499999999994028776 ) ;
#9787 = CARTESIAN_POINT ( 'NONE',  ( 27.67268767187360723, 47.04840876450009546, 50.00000000000000000 ) ) ;
#9788 = ORIENTED_EDGE ( 'NONE', *, *, #2834, .F. ) ;
#9789 = CYLINDRICAL_SURFACE ( 'NONE', #4408, 26.40000000000453184 ) ;
#9790 = EDGE_LOOP ( 'NONE', ( #2345, #2320, #5341, #1304 ) ) ;
#9791 = CIRCLE ( 'NONE', #1638, 0.5000000000003473888 ) ;
#9792 = AXIS2_PLACEMENT_3D ( 'NONE', #9319, #2262, #6726 ) ;
#9793 = CARTESIAN_POINT ( 'NONE',  ( 28.47268767190000105, 48.54840876450000309, -50.00000000000000000 ) ) ;
#9794 = DIRECTION ( 'NONE',  ( -0.0000000000000000000, -0.0000000000000000000, -1.000000000000000000 ) ) ;
#9795 = DIRECTION ( 'NONE',  ( -0.0000000000000000000, -0.0000000000000000000, -1.000000000000000000 ) ) ;
#9796 = CARTESIAN_POINT ( 'NONE',  ( 5.222687671900000161, 57.24840876449999882, -50.00000000000000000 ) ) ;
#9797 = VECTOR ( 'NONE', #6658, 1000.000000000000000 ) ;
#9798 = EDGE_LOOP ( 'NONE', ( #1300, #296, #3098, #11473 ) ) ;
#9799 = EDGE_CURVE ( 'NONE', #8795, #3946, #1433, .T. ) ;
#9800 = CIRCLE ( 'NONE', #2087, 2.500000000000043077 ) ;
#9801 = CARTESIAN_POINT ( 'NONE',  ( -5.527312328100016714, 9.548408764500017298, 50.00000000000000000 ) ) ;
#9802 = CARTESIAN_POINT ( 'NONE',  ( -2.527312328100004279, 29.24840876449999882, 50.00000000000000000 ) ) ;
#9803 = VERTEX_POINT ( 'NONE', #9761 ) ;
#9804 = CARTESIAN_POINT ( 'NONE',  ( 12.97268767190506011, 15.04840876450875697, -50.00000000000000000 ) ) ;
#9805 = AXIS2_PLACEMENT_3D ( 'NONE', #6015, #4261, #3386 ) ;
#9806 = LINE ( 'NONE', #6294, #5168 ) ;
#9807 = ORIENTED_EDGE ( 'NONE', *, *, #3550, .T. ) ;
#9808 = DIRECTION ( 'NONE',  ( -0.0000000000000000000, -0.0000000000000000000, -1.000000000000000000 ) ) ;
#9809 = DIRECTION ( 'NONE',  ( -0.0000000000000000000, -0.0000000000000000000, -1.000000000000000000 ) ) ;
#9810 = EDGE_CURVE ( 'NONE', #4832, #9064, #716, .T. ) ;
#9811 = VECTOR ( 'NONE', #9898, 1000.000000000000000 ) ;
#9812 = CARTESIAN_POINT ( 'NONE',  ( 16.97268767190000105, 71.54840876449999598, -50.00000000000000000 ) ) ;
#9813 = ORIENTED_EDGE ( 'NONE', *, *, #6158, .T. ) ;
#9814 = ORIENTED_EDGE ( 'NONE', *, *, #11453, .T. ) ;
#9815 = EDGE_CURVE ( 'NONE', #2980, #2903, #9832, .T. ) ;
#9816 = AXIS2_PLACEMENT_3D ( 'NONE', #1041, #6333, #7322 ) ;
#9817 = DIRECTION ( 'NONE',  ( -0.0000000000000000000, -0.0000000000000000000, -1.000000000000000000 ) ) ;
#9818 = CARTESIAN_POINT ( 'NONE',  ( 5.972687671900000161, -2.451591235500000021, 50.00000000000000000 ) ) ;
#9819 = DIRECTION ( 'NONE',  ( 0.0000000000000000000, -0.0000000000000000000, -1.000000000000000000 ) ) ;
#9820 = DIRECTION ( 'NONE',  ( 1.000000000000000000, 0.0000000000000000000, 0.0000000000000000000 ) ) ;
#9821 = DIRECTION ( 'NONE',  ( -0.0000000000000000000, -0.0000000000000000000, -1.000000000000000000 ) ) ;
#9822 = FACE_OUTER_BOUND ( 'NONE', #1377, .T. ) ;
#9823 = VERTEX_POINT ( 'NONE', #7178 ) ;
#9824 = EDGE_CURVE ( 'NONE', #5252, #8225, #9564, .T. ) ;
#9825 = PLANE ( 'NONE',  #6800 ) ;
#9826 = CARTESIAN_POINT ( 'NONE',  ( 31.47268767189999394, 49.54840876449999598, 50.00000000000000000 ) ) ;
#9827 = ORIENTED_EDGE ( 'NONE', *, *, #3202, .T. ) ;
#9828 = AXIS2_PLACEMENT_3D ( 'NONE', #8501, #383, #3046 ) ;
#9829 = ORIENTED_EDGE ( 'NONE', *, *, #2187, .F. ) ;
#9830 = ORIENTED_EDGE ( 'NONE', *, *, #11465, .F. ) ;
#9831 = EDGE_CURVE ( 'NONE', #9734, #3762, #10801, .T. ) ;
#9832 = LINE ( 'NONE', #5326, #7460 ) ;
#9833 = ORIENTED_EDGE ( 'NONE', *, *, #9736, .T. ) ;
#9834 = ORIENTED_EDGE ( 'NONE', *, *, #1787, .F. ) ;
#9835 = DIRECTION ( 'NONE',  ( -0.0000000000000000000, -0.0000000000000000000, -1.000000000000000000 ) ) ;
#9836 = EDGE_CURVE ( 'NONE', #6085, #3660, #6040, .T. ) ;
#9837 = CARTESIAN_POINT ( 'NONE',  ( 20.97268767190012895, 69.74840876447169080, 50.00000000000000000 ) ) ;
#9838 = CARTESIAN_POINT ( 'NONE',  ( 23.67991568030218019, 2.405327943884829622, 50.00000000000000000 ) ) ;
#9839 = CARTESIAN_POINT ( 'NONE',  ( 17.97268767190000105, -0.4515912355000002432, -50.00000000000000000 ) ) ;
#9840 = AXIS2_PLACEMENT_3D ( 'NONE', #2163, #4860, #5015 ) ;
#9841 = EDGE_LOOP ( 'NONE', ( #11127, #6995, #1158, #10249 ) ) ;
#9842 = EDGE_CURVE ( 'NONE', #9499, #7732, #589, .T. ) ;
#9843 = AXIS2_PLACEMENT_3D ( 'NONE', #9118, #10239, #6831 ) ;
#9844 = CIRCLE ( 'NONE', #2336, 3.699999999999465938 ) ;
#9845 = VERTEX_POINT ( 'NONE', #8823 ) ;
#9846 = CIRCLE ( 'NONE', #8651, 5.499999999994174438 ) ;
#9847 = ORIENTED_EDGE ( 'NONE', *, *, #10336, .T. ) ;
#9848 = DIRECTION ( 'NONE',  ( -0.0000000000000000000, -0.0000000000000000000, -1.000000000000000000 ) ) ;
#9849 = CARTESIAN_POINT ( 'NONE',  ( 15.97268767190032257, 60.24456118719981390, 50.00000000000000000 ) ) ;
#9850 = EDGE_LOOP ( 'NONE', ( #7284, #1091, #4525, #7264 ) ) ;
#9851 = DIRECTION ( 'NONE',  ( -1.000000000000000000, 0.0000000000000000000, 0.0000000000000000000 ) ) ;
#9852 = DIRECTION ( 'NONE',  ( -0.0000000000000000000, -0.0000000000000000000, -1.000000000000000000 ) ) ;
#9853 = EDGE_CURVE ( 'NONE', #1434, #2228, #10668, .T. ) ;
#9854 = LINE ( 'NONE', #4507, #5648 ) ;
#9855 = VECTOR ( 'NONE', #11013, 1000.000000000000000 ) ;
#9856 = VECTOR ( 'NONE', #3903, 1000.000000000000000 ) ;
#9857 = ORIENTED_EDGE ( 'NONE', *, *, #11177, .F. ) ;
#9858 = ORIENTED_EDGE ( 'NONE', *, *, #6587, .F. ) ;
#9859 = FACE_OUTER_BOUND ( 'NONE', #1587, .T. ) ;
#9860 = ORIENTED_EDGE ( 'NONE', *, *, #6944, .F. ) ;
#9861 = PLANE ( 'NONE',  #1103 ) ;
#9862 = CIRCLE ( 'NONE', #1306, 26.40000000000964420 ) ;
#9863 = CARTESIAN_POINT ( 'NONE',  ( 27.67268767190000389, 43.34840876450000025, 50.00000000000000000 ) ) ;
#9864 = DIRECTION ( 'NONE',  ( -0.0000000000000000000, -0.0000000000000000000, -1.000000000000000000 ) ) ;
#9865 = DIRECTION ( 'NONE',  ( -0.0000000000000000000, -0.0000000000000000000, -1.000000000000000000 ) ) ;
#9866 = CARTESIAN_POINT ( 'NONE',  ( 23.28628890511362570, 83.66286203693830714, -50.00000000000000000 ) ) ;
#9867 = FACE_OUTER_BOUND ( 'NONE', #4647, .T. ) ;
#9868 = AXIS2_PLACEMENT_3D ( 'NONE', #2031, #8304, #2930 ) ;
#9869 = ORIENTED_EDGE ( 'NONE', *, *, #693, .T. ) ;
#9870 = CARTESIAN_POINT ( 'NONE',  ( 6.472687671900031248, -0.9515912355000306633, 50.00000000000000000 ) ) ;
#9871 = CIRCLE ( 'NONE', #5994, 2.599999999999994760 ) ;
#9872 = DIRECTION ( 'NONE',  ( -0.0000000000000000000, -0.0000000000000000000, -1.000000000000000000 ) ) ;
#9873 = VECTOR ( 'NONE', #4970, 1000.000000000000000 ) ;
#9874 = ORIENTED_EDGE ( 'NONE', *, *, #9769, .T. ) ;
#9875 = ORIENTED_EDGE ( 'NONE', *, *, #11407, .F. ) ;
#9876 = AXIS2_PLACEMENT_3D ( 'NONE', #4453, #99, #11598 ) ;
#9877 = CARTESIAN_POINT ( 'NONE',  ( 4.972687671899476136, 69.74840876450068095, 50.00000000000000000 ) ) ;
#9878 = CARTESIAN_POINT ( 'NONE',  ( 23.42905437789999823, 66.65377363150000178, -50.00000000000000000 ) ) ;
#9880 = CIRCLE ( 'NONE', #9426, 26.40000000000453184 ) ;
#9879 = CARTESIAN_POINT ( 'NONE',  ( 10.47268767189999927, 20.24456118719999864, 50.00000000000000000 ) ) ;
#9881 = CARTESIAN_POINT ( 'NONE',  ( 24.72268767189978433, 57.24840876451167304, -50.00000000000000000 ) ) ;
#9882 = ORIENTED_EDGE ( 'NONE', *, *, #3791, .T. ) ;
#9883 = VECTOR ( 'NONE', #10751, 1000.000000000000000 ) ;
#9884 = ORIENTED_EDGE ( 'NONE', *, *, #1696, .T. ) ;
#9885 = ORIENTED_EDGE ( 'NONE', *, *, #9920, .F. ) ;
#9886 = ORIENTED_EDGE ( 'NONE', *, *, #1502, .T. ) ;
#9887 = DIRECTION ( 'NONE',  ( -1.000000000000000000, -0.0000000000000000000, -0.0000000000000000000 ) ) ;
#9888 = AXIS2_PLACEMENT_3D ( 'NONE', #4116, #5005, #6820 ) ;
#9889 = CARTESIAN_POINT ( 'NONE',  ( 2.188948470993030693, 5.674579448493523692, -50.00000000000000000 ) ) ;
#9890 = CIRCLE ( 'NONE', #11302, 3.399999999971573317 ) ;
#9891 = ORIENTED_EDGE ( 'NONE', *, *, #5034, .F. ) ;
#9892 = ADVANCED_FACE ( 'NONE', ( #7876 ), #1842, .F. ) ;
#9893 = DIRECTION ( 'NONE',  ( -0.0000000000000000000, -0.0000000000000000000, -1.000000000000000000 ) ) ;
#9894 = VECTOR ( 'NONE', #1396, 1000.000000000000000 ) ;
#9895 = EDGE_CURVE ( 'NONE', #6623, #7723, #5482, .T. ) ;
#9896 = AXIS2_PLACEMENT_3D ( 'NONE', #9283, #354, #6616 ) ;
#9897 = EDGE_LOOP ( 'NONE', ( #11371, #9013, #1382, #6826 ) ) ;
#9898 = DIRECTION ( 'NONE',  ( -0.0000000000000000000, -0.0000000000000000000, -1.000000000000000000 ) ) ;
#9899 = LINE ( 'NONE', #3974, #7818 ) ;
#9900 = AXIS2_PLACEMENT_3D ( 'NONE', #1881, #10843, #8237 ) ;
#9901 = DIRECTION ( 'NONE',  ( 0.0000000000000000000, -1.000000000000000000, 0.0000000000000000000 ) ) ;
#9902 = ORIENTED_EDGE ( 'NONE', *, *, #3824, .T. ) ;
#9903 = DIRECTION ( 'NONE',  ( 1.000000000000000000, 0.0000000000000000000, 0.0000000000000000000 ) ) ;
#9904 = ORIENTED_EDGE ( 'NONE', *, *, #3972, .T. ) ;
#9905 = FACE_BOUND ( 'NONE', #4961, .T. ) ;
#9906 = CARTESIAN_POINT ( 'NONE',  ( 25.24118836479955874, 65.46569835309439611, -50.00000000000000000 ) ) ;
#9907 = DIRECTION ( 'NONE',  ( 1.000000000000000000, -0.0000000000000000000, -0.0000000000000000000 ) ) ;
#9908 = CARTESIAN_POINT ( 'NONE',  ( 30.97268767190001526, 62.54840876450001730, 50.00000000000000000 ) ) ;
#9909 = CARTESIAN_POINT ( 'NONE',  ( 26.46273521344054558, 64.64089582826885305, 50.00000000000000000 ) ) ;
#9910 = EDGE_CURVE ( 'NONE', #4529, #4444, #3100, .T. ) ;
#9911 = CARTESIAN_POINT ( 'NONE',  ( 23.78260776849414171, 67.00732702209258207, 50.00000000000000000 ) ) ;
#9912 = CARTESIAN_POINT ( 'NONE',  ( 27.67268767190000389, 45.04840876450000309, 50.00000000000000000 ) ) ;
#9913 = AXIS2_PLACEMENT_3D ( 'NONE', #830, #8947, #757 ) ;
#9914 = CYLINDRICAL_SURFACE ( 'NONE', #9117, 4.000000000000003553 ) ;
#9915 = ORIENTED_EDGE ( 'NONE', *, *, #5728, .T. ) ;
#9916 = VERTEX_POINT ( 'NONE', #1962 ) ;
#9917 = VECTOR ( 'NONE', #436, 1000.000000000000000 ) ;
#9918 = CARTESIAN_POINT ( 'NONE',  ( 7.068198770200000425, 12.54840876450000131, -50.00000000000000000 ) ) ;
#9919 = DIRECTION ( 'NONE',  ( -0.0000000000000000000, 1.000000000000000000, -0.0000000000000000000 ) ) ;
#9920 = EDGE_CURVE ( 'NONE', #1843, #5768, #5061, .T. ) ;
#9921 = DIRECTION ( 'NONE',  ( -0.0000000000000000000, -0.0000000000000000000, -1.000000000000000000 ) ) ;
#9922 = CARTESIAN_POINT ( 'NONE',  ( -4.527312328099999839, 47.54840876449999598, 50.00000000000000000 ) ) ;
#9923 = DIRECTION ( 'NONE',  ( 1.000000000000000000, 0.0000000000000000000, 0.0000000000000000000 ) ) ;
#9924 = CARTESIAN_POINT ( 'NONE',  ( 7.972687671900000161, 70.54840876449999598, 50.00000000000000000 ) ) ;
#9925 = ORIENTED_EDGE ( 'NONE', *, *, #9038, .T. ) ;
#9926 = VECTOR ( 'NONE', #6059, 1000.000000000000000 ) ;
#9927 = VERTEX_POINT ( 'NONE', #9958 ) ;
#9928 = EDGE_CURVE ( 'NONE', #5935, #11062, #9972, .T. ) ;
#9929 = AXIS2_PLACEMENT_3D ( 'NONE', #4770, #9328, #3912 ) ;
#9930 = CARTESIAN_POINT ( 'NONE',  ( 15.47268767189999927, 49.54840876450001019, 50.00000000000000000 ) ) ;
#9931 = CARTESIAN_POINT ( 'NONE',  ( -3.027312328099999839, 48.04840876450000309, 50.00000000000000000 ) ) ;
#9932 = CARTESIAN_POINT ( 'NONE',  ( 23.78260776853183955, 3.089490506845255613, 50.00000000000000000 ) ) ;
#9933 = FACE_OUTER_BOUND ( 'NONE', #7576, .T. ) ;
#9934 = ORIENTED_EDGE ( 'NONE', *, *, #4199, .T. ) ;
#9935 = DIRECTION ( 'NONE',  ( 1.000000000000000000, -0.0000000000000000000, -0.0000000000000000000 ) ) ;
#9936 = LINE ( 'NONE', #7655, #2776 ) ;
#9937 = VERTEX_POINT ( 'NONE', #6397 ) ;
#9938 = AXIS2_PLACEMENT_3D ( 'NONE', #4009, #324, #11130 ) ;
#9939 = DIRECTION ( 'NONE',  ( -0.0000000000000000000, -0.0000000000000000000, -1.000000000000000000 ) ) ;
#9940 = CARTESIAN_POINT ( 'NONE',  ( 1.367322804899999911, 65.50477547050000737, 50.00000000000000000 ) ) ;
#9941 = FACE_OUTER_BOUND ( 'NONE', #2418, .T. ) ;
#9942 = ORIENTED_EDGE ( 'NONE', *, *, #11121, .F. ) ;
#9943 = EDGE_CURVE ( 'NONE', #10587, #5858, #11088, .T. ) ;
#9944 = DIRECTION ( 'NONE',  ( 1.000000000000000000, 0.0000000000000000000, 0.0000000000000000000 ) ) ;
#9945 = CIRCLE ( 'NONE', #1040, 0.5000000000000225375 ) ;
#9946 = DIRECTION ( 'NONE',  ( 0.0000000000000000000, 0.0000000000000000000, 1.000000000000000000 ) ) ;
#9947 = ORIENTED_EDGE ( 'NONE', *, *, #2207, .T. ) ;
#9948 = CARTESIAN_POINT ( 'NONE',  ( 31.47268767190000105, 19.04840876449999953, -50.00000000000000000 ) ) ;
#9949 = ADVANCED_FACE ( 'NONE', ( #299 ), #3657, .F. ) ;
#9950 = CIRCLE ( 'NONE', #11352, 0.5000000000000004441 ) ;
#9951 = ORIENTED_EDGE ( 'NONE', *, *, #1122, .T. ) ;
#9952 = AXIS2_PLACEMENT_3D ( 'NONE', #7078, #8924, #11503 ) ;
#9953 = DIRECTION ( 'NONE',  ( -0.0000000000000000000, -0.0000000000000000000, -1.000000000000000000 ) ) ;
#9954 = DIRECTION ( 'NONE',  ( -0.0000000000000000000, -0.0000000000000000000, -1.000000000000000000 ) ) ;
#9955 = DIRECTION ( 'NONE',  ( 0.0000000000000000000, 0.0000000000000000000, 1.000000000000000000 ) ) ;
#9956 = DIRECTION ( 'NONE',  ( 1.000000000000000000, 0.0000000000000000000, 0.0000000000000000000 ) ) ;
#9957 = CIRCLE ( 'NONE', #6290, 5.499999999994028776 ) ;
#9958 = CARTESIAN_POINT ( 'NONE',  ( 2.972687671900000161, 69.74840876449999882, 50.00000000000000000 ) ) ;
#9959 = VERTEX_POINT ( 'NONE', #3683 ) ;
#9960 = DIRECTION ( 'NONE',  ( 0.7071067812173170708, 0.7071067811557779637, -0.0000000000000000000 ) ) ;
#9961 = EDGE_CURVE ( 'NONE', #4870, #3636, #440, .T. ) ;
#9962 = VECTOR ( 'NONE', #1342, 1000.000000000000000 ) ;
#9963 = ORIENTED_EDGE ( 'NONE', *, *, #10608, .T. ) ;
#9964 = CARTESIAN_POINT ( 'NONE',  ( -1.727312328100000016, 65.04840876449999598, -50.00000000000000000 ) ) ;
#9965 = DIRECTION ( 'NONE',  ( -0.0000000000000000000, -0.0000000000000000000, -1.000000000000000000 ) ) ;
#9966 = ORIENTED_EDGE ( 'NONE', *, *, #8198, .F. ) ;
#9967 = VERTEX_POINT ( 'NONE', #4659 ) ;
#9968 = CARTESIAN_POINT ( 'NONE',  ( -7.027312328099999839, 49.54840876450001019, 50.00000000000000000 ) ) ;
#9969 = ORIENTED_EDGE ( 'NONE', *, *, #9347, .T. ) ;
#9970 = AXIS2_PLACEMENT_3D ( 'NONE', #7620, #10346, #11128 ) ;
#9971 = DIRECTION ( 'NONE',  ( 1.000000000000000000, -0.0000000000000000000, -0.0000000000000000000 ) ) ;
#9972 = CIRCLE ( 'NONE', #159, 25.00000000000108358 ) ;
#9973 = ORIENTED_EDGE ( 'NONE', *, *, #7759, .F. ) ;
#9974 = ORIENTED_EDGE ( 'NONE', *, *, #3365, .T. ) ;
#9975 = EDGE_CURVE ( 'NONE', #2412, #8179, #20, .T. ) ;
#9976 = DIRECTION ( 'NONE',  ( -0.0000000000000000000, -0.0000000000000000000, -1.000000000000000000 ) ) ;
#9977 = ORIENTED_EDGE ( 'NONE', *, *, #4567, .F. ) ;
#9978 = ORIENTED_EDGE ( 'NONE', *, *, #5989, .T. ) ;
#9979 = EDGE_CURVE ( 'NONE', #10707, #1605, #9686, .T. ) ;
#9980 = DIRECTION ( 'NONE',  ( -0.0000000000000000000, -0.0000000000000000000, -1.000000000000000000 ) ) ;
#9981 = AXIS2_PLACEMENT_3D ( 'NONE', #10163, #2948, #9224 ) ;
#9982 = ORIENTED_EDGE ( 'NONE', *, *, #6527, .T. ) ;
#9983 = CARTESIAN_POINT ( 'NONE',  ( 17.97268767189999394, 71.54840876449998177, 50.00000000000000000 ) ) ;
#9984 = CIRCLE ( 'NONE', #10512, 0.5000000000000004441 ) ;
#9985 = EDGE_CURVE ( 'NONE', #7003, #6150, #1275, .T. ) ;
#9986 = CYLINDRICAL_SURFACE ( 'NONE', #6080, 0.5000000000000281997 ) ;
#9987 = ORIENTED_EDGE ( 'NONE', *, *, #3062, .F. ) ;
#9988 = ORIENTED_EDGE ( 'NONE', *, *, #5091, .F. ) ;
#9989 = CARTESIAN_POINT ( 'NONE',  ( -1.727312328100000016, 25.04840876449999953, 50.00000000000000000 ) ) ;
#9990 = ORIENTED_EDGE ( 'NONE', *, *, #4214, .F. ) ;
#9991 = EDGE_CURVE ( 'NONE', #2590, #8334, #7173, .T. ) ;
#9992 = CARTESIAN_POINT ( 'NONE',  ( 18.16884009460000016, 57.54840876450001019, 50.00000000000000000 ) ) ;
#9993 = DIRECTION ( 'NONE',  ( -0.0000000000000000000, 1.000000000000000000, -0.0000000000000000000 ) ) ;
#9994 = CARTESIAN_POINT ( 'NONE',  ( 28.47268767190000105, 21.54840876449999953, 50.00000000000000000 ) ) ;
#9995 = FACE_OUTER_BOUND ( 'NONE', #1874, .T. ) ;
#9996 = VERTEX_POINT ( 'NONE', #8082 ) ;
#9997 = EDGE_CURVE ( 'NONE', #8975, #2684, #7599, .T. ) ;
#9998 = ORIENTED_EDGE ( 'NONE', *, *, #1361, .F. ) ;
#9999 = DIRECTION ( 'NONE',  ( -1.000000000000000000, 0.0000000000000000000, 0.0000000000000000000 ) ) ;
#10000 = DIRECTION ( 'NONE',  ( 0.0000000000000000000, 0.0000000000000000000, 1.000000000000000000 ) ) ;
#10001 = CARTESIAN_POINT ( 'NONE',  ( 41.58714094423089591, 65.36200999777653919, -50.00000000000000000 ) ) ;
#10002 = AXIS2_PLACEMENT_3D ( 'NONE', #2794, #7188, #5423 ) ;
#10003 = LINE ( 'NONE', #11557, #10680 ) ;
#10004 = ORIENTED_EDGE ( 'NONE', *, *, #7447, .T. ) ;
#10005 = PLANE ( 'NONE',  #365 ) ;
#10006 = ORIENTED_EDGE ( 'NONE', *, *, #3507, .F. ) ;
#10007 = FACE_OUTER_BOUND ( 'NONE', #3499, .T. ) ;
#10008 = CARTESIAN_POINT ( 'NONE',  ( -4.527312328099993621, 22.54840876450001019, 50.00000000000000000 ) ) ;
#10009 = VERTEX_POINT ( 'NONE', #7381 ) ;
#10010 = CIRCLE ( 'NONE', #9459, 0.5000000000000004441 ) ;
#10011 = DIRECTION ( 'NONE',  ( -0.0000000000000000000, -0.0000000000000000000, -1.000000000000000000 ) ) ;
#10012 = CYLINDRICAL_SURFACE ( 'NONE', #7719, 26.39999999997577618 ) ;
#10013 = VERTEX_POINT ( 'NONE', #2942 ) ;
#10014 = ADVANCED_FACE ( 'NONE', ( #5918 ), #6740, .F. ) ;
#10015 = ORIENTED_EDGE ( 'NONE', *, *, #6542, .F. ) ;
#10016 = PLANE ( 'NONE',  #6614 ) ;
#10017 = DIRECTION ( 'NONE',  ( -0.0000000000000000000, -0.0000000000000000000, -1.000000000000000000 ) ) ;
#10018 = EDGE_CURVE ( 'NONE', #9410, #2979, #11379, .T. ) ;
#10019 = CIRCLE ( 'NONE', #1157, 0.5000000000000004441 ) ;
#10020 = ORIENTED_EDGE ( 'NONE', *, *, #1252, .F. ) ;
#10021 = DIRECTION ( 'NONE',  ( 1.000000000000000000, 0.0000000000000000000, 0.0000000000000000000 ) ) ;
#10022 = LINE ( 'NONE', #4193, #10573 ) ;
#10023 = ORIENTED_EDGE ( 'NONE', *, *, #1613, .T. ) ;
#10024 =( NAMED_UNIT ( * ) SI_UNIT ( $, .STERADIAN. ) SOLID_ANGLE_UNIT ( ) );
#10025 = EDGE_LOOP ( 'NONE', ( #10441, #3401, #9763, #5057 ) ) ;
#10026 = CARTESIAN_POINT ( 'NONE',  ( 23.60998026349999890, 5.321026057900000161, -50.00000000000000000 ) ) ;
#10027 = DIRECTION ( 'NONE',  ( -0.0000000000000000000, -0.0000000000000000000, -1.000000000000000000 ) ) ;
#10028 = DIRECTION ( 'NONE',  ( 1.000000000000000000, 0.0000000000000000000, 0.0000000000000000000 ) ) ;
#10029 = AXIS2_PLACEMENT_3D ( 'NONE', #4038, #5963, #4080 ) ;
#10030 = CIRCLE ( 'NONE', #9868, 25.00000000000254730 ) ;
#10031 = VERTEX_POINT ( 'NONE', #1999 ) ;
#10032 = VECTOR ( 'NONE', #271, 1000.000000000000000 ) ;
#10033 = ORIENTED_EDGE ( 'NONE', *, *, #1613, .F. ) ;
#10034 = ORIENTED_EDGE ( 'NONE', *, *, #11581, .T. ) ;
#10035 = EDGE_CURVE ( 'NONE', #5746, #3032, #2118, .T. ) ;
#10036 = DIRECTION ( 'NONE',  ( 1.000000000000000000, 0.0000000000000000000, 0.0000000000000000000 ) ) ;
#10037 = CARTESIAN_POINT ( 'NONE',  ( -2.527312328100002947, 50.04840876450001019, 50.00000000000000000 ) ) ;
#10038 = CARTESIAN_POINT ( 'NONE',  ( 19.47268767190000105, 70.54840876449999598, 50.00000000000000000 ) ) ;
#10039 = DIRECTION ( 'NONE',  ( 1.000000000000000000, 0.0000000000000000000, 0.0000000000000000000 ) ) ;
#10040 = DIRECTION ( 'NONE',  ( 0.0000000000000000000, 0.0000000000000000000, 1.000000000000000000 ) ) ;
#10041 = LINE ( 'NONE', #9424, #10869 ) ;
#10042 = VERTEX_POINT ( 'NONE', #8278 ) ;
#10043 = LINE ( 'NONE', #9433, #5264 ) ;
#10044 = DIRECTION ( 'NONE',  ( -1.000000000000000000, -0.0000000000000000000, -0.0000000000000000000 ) ) ;
#10045 = AXIS2_PLACEMENT_3D ( 'NONE', #8660, #582, #7603 ) ;
#10046 = DIRECTION ( 'NONE',  ( -0.0000000000000000000, -0.0000000000000000000, -1.000000000000000000 ) ) ;
#10047 = DIRECTION ( 'NONE',  ( 1.000000000000000000, 0.0000000000000000000, 0.0000000000000000000 ) ) ;
#10048 = CARTESIAN_POINT ( 'NONE',  ( 4.434964485672381329, 19.63195185655863639, 50.00000000000000000 ) ) ;
#10049 = CIRCLE ( 'NONE', #10317, 0.4999999999999822364 ) ;
#10050 = EDGE_CURVE ( 'NONE', #3209, #1105, #3646, .T. ) ;
#10051 = EDGE_LOOP ( 'NONE', ( #9724, #2403, #5217, #305 ) ) ;
#10052 = AXIS2_PLACEMENT_3D ( 'NONE', #2729, #1000, #6377 ) ;
#10053 = DIRECTION ( 'NONE',  ( -0.0000000000000000000, -0.0000000000000000000, -1.000000000000000000 ) ) ;
#10054 = VERTEX_POINT ( 'NONE', #5754 ) ;
#10055 = LINE ( 'NONE', #3612, #3186 ) ;
#10056 = EDGE_CURVE ( 'NONE', #7667, #9823, #9138, .T. ) ;
#10057 = VERTEX_POINT ( 'NONE', #11080 ) ;
#10058 = DIRECTION ( 'NONE',  ( -0.0000000000000000000, -0.0000000000000000000, -1.000000000000000000 ) ) ;
#10059 = AXIS2_PLACEMENT_3D ( 'NONE', #7478, #10909, #9209 ) ;
#10060 = PLANE ( 'NONE',  #10432 ) ;
#10061 = CARTESIAN_POINT ( 'NONE',  ( -2.527312328099984295, 40.84840876449998603, 50.00000000000000000 ) ) ;
#10062 = CARTESIAN_POINT ( 'NONE',  ( 28.47268767190000105, 45.04840876450000309, 50.00000000000000000 ) ) ;
#10063 = DIRECTION ( 'NONE',  ( -1.000000000000000000, -0.0000000000000000000, -0.0000000000000000000 ) ) ;
#10064 = CYLINDRICAL_SURFACE ( 'NONE', #557, 2.500000000000002220 ) ;
#10065 = CARTESIAN_POINT ( 'NONE',  ( -2.527312328100002947, 50.04840876450001019, 50.00000000000000000 ) ) ;
#10066 = VERTEX_POINT ( 'NONE', #358 ) ;
#10067 = EDGE_CURVE ( 'NONE', #9076, #3585, #8427, .T. ) ;
#10068 = ORIENTED_EDGE ( 'NONE', *, *, #6934, .F. ) ;
#10069 = DIRECTION ( 'NONE',  ( 0.0000000000000000000, 0.0000000000000000000, 1.000000000000000000 ) ) ;
#10070 = CARTESIAN_POINT ( 'NONE',  ( 5.222687671900000161, 52.84840876450000735, 50.00000000000000000 ) ) ;
#10071 = AXIS2_PLACEMENT_3D ( 'NONE', #8249, #10164, #7421 ) ;
#10072 = LINE ( 'NONE', #3413, #8948 ) ;
#10073 = ORIENTED_EDGE ( 'NONE', *, *, #1771, .F. ) ;
#10074 = ADVANCED_FACE ( 'NONE', ( #8705 ), #10965, .T. ) ;
#10075 = VECTOR ( 'NONE', #3465, 1000.000000000000000 ) ;
#10076 = DIRECTION ( 'NONE',  ( 1.000000000000000000, 0.0000000000000000000, 0.0000000000000000000 ) ) ;
#10077 = ORIENTED_EDGE ( 'NONE', *, *, #9458, .T. ) ;
#10078 = CARTESIAN_POINT ( 'NONE',  ( -2.527312328099995398, 7.548408764500003976, 50.00000000000000000 ) ) ;
#10079 = DIRECTION ( 'NONE',  ( 1.000000000000000000, 0.0000000000000000000, 0.0000000000000000000 ) ) ;
#10080 = FACE_OUTER_BOUND ( 'NONE', #3494, .T. ) ;
#10081 = VERTEX_POINT ( 'NONE', #5599 ) ;
#10082 = CARTESIAN_POINT ( 'NONE',  ( 9.972687671899974404, 9.852256341793141914, -50.00000000000000000 ) ) ;
#10083 = EDGE_CURVE ( 'NONE', #4946, #3301, #10937, .T. ) ;
#10084 = LINE ( 'NONE', #578, #9387 ) ;
#10085 = CARTESIAN_POINT ( 'NONE',  ( 23.78260776853183955, 3.089490506845255613, 50.00000000000000000 ) ) ;
#10086 = CARTESIAN_POINT ( 'NONE',  ( 17.97268767190003658, -1.451591235500035992, 50.00000000000000000 ) ) ;
#10087 = CYLINDRICAL_SURFACE ( 'NONE', #1895, 5.499999999999376499 ) ;
#10088 = ORIENTED_EDGE ( 'NONE', *, *, #965, .F. ) ;
#10089 = DIRECTION ( 'NONE',  ( 0.0000000000000000000, 0.0000000000000000000, 1.000000000000000000 ) ) ;
#10090 = FACE_OUTER_BOUND ( 'NONE', #11324, .T. ) ;
#10091 = AXIS2_PLACEMENT_3D ( 'NONE', #10243, #7673, #11095 ) ;
#10092 = CARTESIAN_POINT ( 'NONE',  ( 21.51041085814595277, 19.63195185660351427, -50.00000000000000000 ) ) ;
#10093 = ORIENTED_EDGE ( 'NONE', *, *, #4922, .T. ) ;
#10094 = CARTESIAN_POINT ( 'NONE',  ( -3.027312328099996286, 71.04840876449999598, 50.00000000000000000 ) ) ;
#10095 = PRODUCT_RELATED_PRODUCT_CATEGORY ( 'part', '', ( #4736 ) ) ;
#10096 = DIRECTION ( 'NONE',  ( -0.0000000000000000000, 1.000000000000000000, -0.0000000000000000000 ) ) ;
#10097 = CARTESIAN_POINT ( 'NONE',  ( 15.17268767189952072, 66.79840876449964071, -50.00000000000000000 ) ) ;
#10098 = LINE ( 'NONE', #7505, #10244 ) ;
#10099 = ORIENTED_EDGE ( 'NONE', *, *, #3882, .F. ) ;
#10100 = CARTESIAN_POINT ( 'NONE',  ( 12.97268767190506011, 15.04840876450875697, 50.00000000000000000 ) ) ;
#10101 = DIRECTION ( 'NONE',  ( -0.0000000000000000000, -0.0000000000000000000, -1.000000000000000000 ) ) ;
#10102 = ORIENTED_EDGE ( 'NONE', *, *, #9251, .T. ) ;
#10103 = CYLINDRICAL_SURFACE ( 'NONE', #8928, 1.999999999999422462 ) ;
#10104 = VERTEX_POINT ( 'NONE', #3030 ) ;
#10105 = AXIS2_PLACEMENT_3D ( 'NONE', #11514, #4421, #9749 ) ;
#10106 = DIRECTION ( 'NONE',  ( 0.0000000000000000000, 0.0000000000000000000, 1.000000000000000000 ) ) ;
#10107 = DIRECTION ( 'NONE',  ( 0.0000000000000000000, 0.0000000000000000000, 1.000000000000000000 ) ) ;
#10108 = VECTOR ( 'NONE', #9330, 1000.000000000000000 ) ;
#10109 = EDGE_LOOP ( 'NONE', ( #9148, #3588, #778, #912 ) ) ;
#10110 = CARTESIAN_POINT ( 'NONE',  ( -3.027312328099999839, 73.64840876450000451, -50.00000000000000000 ) ) ;
#10111 = DIRECTION ( 'NONE',  ( -0.0000000000000000000, -0.0000000000000000000, -1.000000000000000000 ) ) ;
#10112 = DIRECTION ( 'NONE',  ( -0.7071067811865484609, -0.7071067811865465735, -0.0000000000000000000 ) ) ;
#10113 = ORIENTED_EDGE ( 'NONE', *, *, #1651, .F. ) ;
#10114 = ORIENTED_EDGE ( 'NONE', *, *, #6336, .F. ) ;
#10115 = ORIENTED_EDGE ( 'NONE', *, *, #8784, .F. ) ;
#10116 = CARTESIAN_POINT ( 'NONE',  ( 10.77268767198538590, 66.79840876450053599, -50.00000000000000000 ) ) ;
#10117 = EDGE_CURVE ( 'NONE', #5941, #9372, #6313, .T. ) ;
#10118 = DIRECTION ( 'NONE',  ( -0.0000000000000000000, -0.0000000000000000000, -1.000000000000000000 ) ) ;
#10119 = LINE ( 'NONE', #5884, #5344 ) ;
#10120 = ORIENTED_EDGE ( 'NONE', *, *, #1061, .T. ) ;
#10121 = ORIENTED_EDGE ( 'NONE', *, *, #10799, .T. ) ;
#10122 = DIRECTION ( 'NONE',  ( -0.0000000000000000000, -0.0000000000000000000, -1.000000000000000000 ) ) ;
#10123 = DIRECTION ( 'NONE',  ( 1.000000000000000000, 0.0000000000000000000, 0.0000000000000000000 ) ) ;
#10124 = ADVANCED_FACE ( 'NONE', ( #7162 ), #3796, .F. ) ;
#10125 = DIRECTION ( 'NONE',  ( -0.0000000000000000000, -0.0000000000000000000, -1.000000000000000000 ) ) ;
#10126 = ORIENTED_EDGE ( 'NONE', *, *, #515, .F. ) ;
#10127 = AXIS2_PLACEMENT_3D ( 'NONE', #9080, #11026, #1149 ) ;
#10128 = EDGE_CURVE ( 'NONE', #4021, #5356, #2402, .T. ) ;
#10129 = VECTOR ( 'NONE', #1134, 1000.000000000000114 ) ;
#10130 = ORIENTED_EDGE ( 'NONE', *, *, #562, .F. ) ;
#10131 = VERTEX_POINT ( 'NONE', #2983 ) ;
#10132 = CYLINDRICAL_SURFACE ( 'NONE', #7516, 3.699999999971359088 ) ;
#10133 = ORIENTED_EDGE ( 'NONE', *, *, #11407, .T. ) ;
#10134 = CARTESIAN_POINT ( 'NONE',  ( 10.47268767189999927, 9.143919862700000678, 50.00000000000000000 ) ) ;
#10135 = CARTESIAN_POINT ( 'NONE',  ( 20.47268767190000105, 72.54840876449999598, 50.00000000000000000 ) ) ;
#10136 = AXIS2_PLACEMENT_3D ( 'NONE', #5719, #1287, #9407 ) ;
#10137 = CARTESIAN_POINT ( 'NONE',  ( 32.97268767190000460, 49.54840876450001019, 50.00000000000000000 ) ) ;
#10138 = ORIENTED_EDGE ( 'NONE', *, *, #7804, .F. ) ;
#10139 = CARTESIAN_POINT ( 'NONE',  ( 41.58714094417511120, 44.73480753116644593, 50.00000000000000000 ) ) ;
#10140 = DIRECTION ( 'NONE',  ( -0.0000000000000000000, -0.0000000000000000000, -1.000000000000000000 ) ) ;
#10141 = VECTOR ( 'NONE', #5370, 1000.000000000000000 ) ;
#10142 = EDGE_CURVE ( 'NONE', #6340, #9803, #8986, .T. ) ;
#10143 = DIRECTION ( 'NONE',  ( -1.000000000000000000, 0.0000000000000000000, 0.0000000000000000000 ) ) ;
#10144 = LINE ( 'NONE', #10855, #191 ) ;
#10145 = DIRECTION ( 'NONE',  ( -0.0000000000000000000, -0.0000000000000000000, -1.000000000000000000 ) ) ;
#10146 = LINE ( 'NONE', #7248, #6915 ) ;
#10147 = VERTEX_POINT ( 'NONE', #3842 ) ;
#10148 = ORIENTED_EDGE ( 'NONE', *, *, #8434, .T. ) ;
#10149 = SURFACE_STYLE_FILL_AREA ( #11186 ) ;
#10150 = EDGE_CURVE ( 'NONE', #7268, #6069, #580, .T. ) ;
#10151 = CARTESIAN_POINT ( 'NONE',  ( 18.57451721239999287, 52.04840876450006704, 50.00000000000000000 ) ) ;
#10152 = DIRECTION ( 'NONE',  ( -1.000000000000000000, 0.0000000000000000000, 0.0000000000000000000 ) ) ;
#10153 = EDGE_CURVE ( 'NONE', #8530, #4651, #2260, .T. ) ;
#10154 = DIRECTION ( 'NONE',  ( -0.0000000000000000000, -0.0000000000000000000, -1.000000000000000000 ) ) ;
#10155 = CYLINDRICAL_SURFACE ( 'NONE', #3940, 26.70000000000135287 ) ;
#10156 = CARTESIAN_POINT ( 'NONE',  ( 4.972687671899850947, 0.3484087643932391454, 50.00000000000000000 ) ) ;
#10157 = ORIENTED_EDGE ( 'NONE', *, *, #6426, .T. ) ;
#10158 = AXIS2_PLACEMENT_3D ( 'NONE', #9631, #3464, #665 ) ;
#10159 = CIRCLE ( 'NONE', #5223, 0.5000000000000923706 ) ;
#10160 = ORIENTED_EDGE ( 'NONE', *, *, #10150, .T. ) ;
#10161 = ORIENTED_EDGE ( 'NONE', *, *, #6961, .F. ) ;
#10162 = CARTESIAN_POINT ( 'NONE',  ( -5.527312328099999839, 59.04840876450000309, -50.00000000000000000 ) ) ;
#10163 = CARTESIAN_POINT ( 'NONE',  ( 41.58714094416121299, 4.734807531147730231, -50.00000000000000000 ) ) ;
#10164 = DIRECTION ( 'NONE',  ( -0.0000000000000000000, -0.0000000000000000000, -1.000000000000000000 ) ) ;
#10165 = DIRECTION ( 'NONE',  ( 1.000000000000000000, 0.0000000000000000000, 0.0000000000000000000 ) ) ;
#10166 = EDGE_CURVE ( 'NONE', #5050, #5735, #8002, .T. ) ;
#10167 = CIRCLE ( 'NONE', #4388, 2.000000000000806466 ) ;
#10168 = AXIS2_PLACEMENT_3D ( 'NONE', #3935, #3078, #9350 ) ;
#10169 = ORIENTED_EDGE ( 'NONE', *, *, #8581, .F. ) ;
#10170 = DIRECTION ( 'NONE',  ( -1.000000000000000000, 0.0000000000000000000, 0.0000000000000000000 ) ) ;
#10171 = FACE_OUTER_BOUND ( 'NONE', #695, .T. ) ;
#10172 = ORIENTED_EDGE ( 'NONE', *, *, #9928, .T. ) ;
#10173 = ORIENTED_EDGE ( 'NONE', *, *, #7531, .T. ) ;
#10174 = DIRECTION ( 'NONE',  ( -0.0000000000000000000, -0.0000000000000000000, -1.000000000000000000 ) ) ;
#10175 = ORIENTED_EDGE ( 'NONE', *, *, #9815, .F. ) ;
#10176 = ADVANCED_FACE ( 'NONE', ( #7022 ), #3930, .T. ) ;
#10177 = EDGE_CURVE ( 'NONE', #2980, #1678, #1540, .T. ) ;
#10178 = FACE_OUTER_BOUND ( 'NONE', #3716, .T. ) ;
#10179 = DIRECTION ( 'NONE',  ( 1.000000000000000000, 0.0000000000000000000, 0.0000000000000000000 ) ) ;
#10180 = VERTEX_POINT ( 'NONE', #11625 ) ;
#10181 = DIRECTION ( 'NONE',  ( 1.000000000000000000, 0.0000000000000000000, 0.0000000000000000000 ) ) ;
#10182 = FACE_OUTER_BOUND ( 'NONE', #6284, .T. ) ;
#10183 = ADVANCED_FACE ( 'NONE', ( #6031 ), #4356, .F. ) ;
#10184 = DIRECTION ( 'NONE',  ( -0.0000000000000000000, -0.0000000000000000000, -1.000000000000000000 ) ) ;
#10185 = CARTESIAN_POINT ( 'NONE',  ( 7.370858131500000354, 52.54840876450000309, -50.00000000000000000 ) ) ;
#10186 = DIRECTION ( 'NONE',  ( -0.0000000000000000000, -0.0000000000000000000, -1.000000000000000000 ) ) ;
#10187 = VERTEX_POINT ( 'NONE', #4407 ) ;
#10188 = AXIS2_PLACEMENT_3D ( 'NONE', #10769, #2707, #9923 ) ;
#10189 = DIRECTION ( 'NONE',  ( -0.0000000000000000000, -0.0000000000000000000, -1.000000000000000000 ) ) ;
#10190 = DIRECTION ( 'NONE',  ( 1.000000000000000000, 0.0000000000000000000, 0.0000000000000000000 ) ) ;
#10191 = ADVANCED_FACE ( 'NONE', ( #11231 ), #9416, .T. ) ;
#10192 = VECTOR ( 'NONE', #3073, 1000.000000000000000 ) ;
#10193 = ORIENTED_EDGE ( 'NONE', *, *, #8658, .T. ) ;
#10194 = EDGE_LOOP ( 'NONE', ( #7621, #5229, #2633, #4681 ) ) ;
#10195 = FACE_BOUND ( 'NONE', #4977, .T. ) ;
#10196 = EDGE_CURVE ( 'NONE', #8472, #7735, #7448, .T. ) ;
#10197 = CARTESIAN_POINT ( 'NONE',  ( 2.688948470993043127, 5.674579448493523692, -50.00000000000000000 ) ) ;
#10198 = DIRECTION ( 'NONE',  ( -0.0000000000000000000, -0.0000000000000000000, -1.000000000000000000 ) ) ;
#10199 = LINE ( 'NONE', #5665, #1369 ) ;
#10200 = AXIS2_PLACEMENT_3D ( 'NONE', #4355, #11492, #2630 ) ;
#10201 = ORIENTED_EDGE ( 'NONE', *, *, #368, .T. ) ;
#10202 = ORIENTED_EDGE ( 'NONE', *, *, #8117, .F. ) ;
#10203 = LINE ( 'NONE', #4853, #237 ) ;
#10204 = DIRECTION ( 'NONE',  ( -1.000000000000000000, 0.0000000000000000000, 0.0000000000000000000 ) ) ;
#10205 = EDGE_CURVE ( 'NONE', #469, #2876, #5051, .T. ) ;
#10206 = VERTEX_POINT ( 'NONE', #8055 ) ;
#10207 = EDGE_CURVE ( 'NONE', #9746, #9055, #153, .T. ) ;
#10208 = AXIS2_PLACEMENT_3D ( 'NONE', #5103, #2378, #5028 ) ;
#10209 = LINE ( 'NONE', #10834, #8951 ) ;
#10210 = ORIENTED_EDGE ( 'NONE', *, *, #11349, .F. ) ;
#10211 = EDGE_CURVE ( 'NONE', #2159, #7197, #4768, .T. ) ;
#10212 = DIRECTION ( 'NONE',  ( -0.0000000000000000000, -0.0000000000000000000, -1.000000000000000000 ) ) ;
#10213 = CIRCLE ( 'NONE', #6584, 0.5000000000000038858 ) ;
#10214 = ORIENTED_EDGE ( 'NONE', *, *, #7977, .F. ) ;
#10215 = CARTESIAN_POINT ( 'NONE',  ( 1.572687671900000028, -3.051591235500000554, 50.00000000000000000 ) ) ;
#10216 = DIRECTION ( 'NONE',  ( 1.000000000000000000, 0.0000000000000000000, 0.0000000000000000000 ) ) ;
#10217 = EDGE_CURVE ( 'NONE', #167, #4524, #8577, .T. ) ;
#10218 = LINE ( 'NONE', #4888, #4320 ) ;
#10219 = VERTEX_POINT ( 'NONE', #2676 ) ;
#10220 = DIRECTION ( 'NONE',  ( 0.0000000000000000000, 0.0000000000000000000, 1.000000000000000000 ) ) ;
#10221 = EDGE_CURVE ( 'NONE', #4870, #4631, #6178, .T. ) ;
#10222 = AXIS2_PLACEMENT_3D ( 'NONE', #2125, #8405, #3037 ) ;
#10223 = FACE_OUTER_BOUND ( 'NONE', #4626, .T. ) ;
#10224 = ORIENTED_EDGE ( 'NONE', *, *, #6412, .F. ) ;
#10225 = ADVANCED_FACE ( 'NONE', ( #1976 ), #3505, .T. ) ;
#10226 = DIRECTION ( 'NONE',  ( -0.0000000000000000000, -0.0000000000000000000, -1.000000000000000000 ) ) ;
#10227 = CARTESIAN_POINT ( 'NONE',  ( 28.47268767190000105, 25.04840876449999953, 50.00000000000000000 ) ) ;
#10228 = DIRECTION ( 'NONE',  ( -0.0000000000000000000, -0.0000000000000000000, -1.000000000000000000 ) ) ;
#10229 = FACE_OUTER_BOUND ( 'NONE', #9195, .T. ) ;
#10230 = CARTESIAN_POINT ( 'NONE',  ( -2.527312328099999839, 10.04840876449999953, 50.00000000000000000 ) ) ;
#10231 = ORIENTED_EDGE ( 'NONE', *, *, #10579, .F. ) ;
#10232 = DIRECTION ( 'NONE',  ( -0.0000000000000000000, -0.0000000000000000000, -1.000000000000000000 ) ) ;
#10233 = ADVANCED_FACE ( 'NONE', ( #8292 ), #2640, .T. ) ;
#10234 = VECTOR ( 'NONE', #949, 1000.000000000000000 ) ;
#10235 = ORIENTED_EDGE ( 'NONE', *, *, #11411, .F. ) ;
#10236 = EDGE_CURVE ( 'NONE', #10804, #4868, #10791, .T. ) ;
#10237 = DIRECTION ( 'NONE',  ( -0.0000000000000000000, -0.0000000000000000000, -1.000000000000000000 ) ) ;
#10238 = CIRCLE ( 'NONE', #4333, 0.4999999999998859801 ) ;
#10239 = DIRECTION ( 'NONE',  ( 0.0000000000000000000, 0.0000000000000000000, 1.000000000000000000 ) ) ;
#10240 = ADVANCED_FACE ( 'NONE', ( #3792 ), #8008, .F. ) ;
#10241 = DIRECTION ( 'NONE',  ( -0.0000000000000000000, -0.0000000000000000000, -1.000000000000000000 ) ) ;
#10242 = ORIENTED_EDGE ( 'NONE', *, *, #11320, .T. ) ;
#10243 = CARTESIAN_POINT ( 'NONE',  ( 7.370858131475797492, 52.04840876449999598, -50.00000000000000000 ) ) ;
#10244 = VECTOR ( 'NONE', #9380, 1000.000000000000000 ) ;
#10245 = VERTEX_POINT ( 'NONE', #724 ) ;
#10246 = AXIS2_PLACEMENT_3D ( 'NONE', #5878, #2276, #9497 ) ;
#10247 = EDGE_LOOP ( 'NONE', ( #9489, #5634, #7672, #4714 ) ) ;
#10248 = ORIENTED_EDGE ( 'NONE', *, *, #2395, .T. ) ;
#10249 = ORIENTED_EDGE ( 'NONE', *, *, #10955, .T. ) ;
#10250 = CARTESIAN_POINT ( 'NONE',  ( -2.527312328099999839, 65.04840876449999598, 50.00000000000000000 ) ) ;
#10251 = DIRECTION ( 'NONE',  ( -1.000000000000000000, 0.0000000000000000000, 0.0000000000000000000 ) ) ;
#10252 = CARTESIAN_POINT ( 'NONE',  ( 27.67268767187360723, 47.04840876450009546, 50.00000000000000000 ) ) ;
#10253 = EDGE_CURVE ( 'NONE', #8595, #3568, #3244, .T. ) ;
#10254 = CIRCLE ( 'NONE', #9913, 3.999999999999785061 ) ;
#10255 = ORIENTED_EDGE ( 'NONE', *, *, #5025, .F. ) ;
#10256 = CARTESIAN_POINT ( 'NONE',  ( 1.572687671900000028, 0.3484087645000000233, 50.00000000000000000 ) ) ;
#10257 = ORIENTED_EDGE ( 'NONE', *, *, #5189, .T. ) ;
#10258 = ORIENTED_EDGE ( 'NONE', *, *, #3581, .T. ) ;
#10259 = ADVANCED_FACE ( 'NONE', ( #4490 ), #1420, .T. ) ;
#10260 = ORIENTED_EDGE ( 'NONE', *, *, #5690, .F. ) ;
#10261 = AXIS2_PLACEMENT_3D ( 'NONE', #7520, #6455, #2097 ) ;
#10262 = DIRECTION ( 'NONE',  ( 1.000000000000000000, 0.0000000000000000000, 0.0000000000000000000 ) ) ;
#10263 = LINE ( 'NONE', #7656, #7886 ) ;
#10264 = CARTESIAN_POINT ( 'NONE',  ( 24.37268767190000318, 73.14840876450000451, 50.00000000000000000 ) ) ;
#10265 = CARTESIAN_POINT ( 'NONE',  ( 28.47268767190001881, 22.54840876449999953, -50.00000000000000000 ) ) ;
#10266 = LINE ( 'NONE', #8439, #8011 ) ;
#10267 = EDGE_LOOP ( 'NONE', ( #11265, #9632, #4435, #6017 ) ) ;
#10268 = ORIENTED_EDGE ( 'NONE', *, *, #3929, .F. ) ;
#10269 = CARTESIAN_POINT ( 'NONE',  ( -3.027312328099999839, 62.04840876450000309, 50.00000000000000000 ) ) ;
#10270 = ORIENTED_EDGE ( 'NONE', *, *, #10955, .F. ) ;
#10271 = EDGE_CURVE ( 'NONE', #7358, #4091, #4221, .T. ) ;
#10272 = AXIS2_PLACEMENT_3D ( 'NONE', #5123, #7881, #9570 ) ;
#10273 = CYLINDRICAL_SURFACE ( 'NONE', #1243, 1.999999999999960032 ) ;
#10274 = CARTESIAN_POINT ( 'NONE',  ( 23.28260776849402092, 67.00732702209258207, 50.00000000000000000 ) ) ;
#10275 = CIRCLE ( 'NONE', #1716, 2.500000000000002220 ) ;
#10276 = CARTESIAN_POINT ( 'NONE',  ( 23.67991568029106730, 67.69148958506923464, -50.00000000000000000 ) ) ;
#10277 = ORIENTED_EDGE ( 'NONE', *, *, #10279, .T. ) ;
#10278 = ORIENTED_EDGE ( 'NONE', *, *, #4565, .F. ) ;
#10279 = EDGE_CURVE ( 'NONE', #2944, #8795, #5903, .T. ) ;
#10280 = CIRCLE ( 'NONE', #8111, 1.499999999999993561 ) ;
#10281 = ORIENTED_EDGE ( 'NONE', *, *, #10446, .F. ) ;
#10282 = DIRECTION ( 'NONE',  ( 1.000000000000000000, 0.0000000000000000000, 0.0000000000000000000 ) ) ;
#10283 = CARTESIAN_POINT ( 'NONE',  ( 28.47268767190000105, 61.54840876450000309, 50.00000000000000000 ) ) ;
#10284 = AXIS2_PLACEMENT_3D ( 'NONE', #8735, #2500, #2615 ) ;
#10285 = DIRECTION ( 'NONE',  ( 1.000000000000000000, 0.0000000000000000000, 0.0000000000000000000 ) ) ;
#10286 = ADVANCED_FACE ( 'NONE', ( #9822 ), #10389, .F. ) ;
#10287 = ORIENTED_EDGE ( 'NONE', *, *, #3220, .T. ) ;
#10288 = EDGE_CURVE ( 'NONE', #3872, #294, #1832, .T. ) ;
#10289 = LINE ( 'NONE', #8865, #2712 ) ;
#10290 = ORIENTED_EDGE ( 'NONE', *, *, #6175, .F. ) ;
#10291 = VECTOR ( 'NONE', #2614, 1000.000000000000000 ) ;
#10292 = ORIENTED_EDGE ( 'NONE', *, *, #1186, .T. ) ;
#10293 = AXIS2_PLACEMENT_3D ( 'NONE', #2991, #2949, #9225 ) ;
#10294 = ORIENTED_EDGE ( 'NONE', *, *, #1375, .F. ) ;
#10295 = ADVANCED_FACE ( 'NONE', ( #6596 ), #5331, .T. ) ;
#10296 = DIRECTION ( 'NONE',  ( 1.000000000000000000, 0.0000000000000000000, 0.0000000000000000000 ) ) ;
#10297 = CARTESIAN_POINT ( 'NONE',  ( 18.87717657370000168, 12.54840876449999953, -50.00000000000000000 ) ) ;
#10298 = CARTESIAN_POINT ( 'NONE',  ( 8.972687671899999273, 71.54840876449999598, 50.00000000000000000 ) ) ;
#10299 = DIRECTION ( 'NONE',  ( 0.0000000000000000000, 0.0000000000000000000, 1.000000000000000000 ) ) ;
#10300 = CIRCLE ( 'NONE', #6725, 1.999999999999473532 ) ;
#10301 = ORIENTED_EDGE ( 'NONE', *, *, #2723, .F. ) ;
#10302 = ADVANCED_FACE ( 'NONE', ( #7 ), #7738, .T. ) ;
#10303 = FACE_OUTER_BOUND ( 'NONE', #8282, .T. ) ;
#10304 = EDGE_LOOP ( 'NONE', ( #11197, #6269, #2155, #6213 ) ) ;
#10305 = ORIENTED_EDGE ( 'NONE', *, *, #5784, .T. ) ;
#10306 = DIRECTION ( 'NONE',  ( -1.000000000000000000, 0.0000000000000000000, 0.0000000000000000000 ) ) ;
#10307 = DIRECTION ( 'NONE',  ( 1.000000000000000000, 0.0000000000000000000, 0.0000000000000000000 ) ) ;
#10308 = EDGE_CURVE ( 'NONE', #524, #2587, #11370, .T. ) ;
#10309 = DIRECTION ( 'NONE',  ( -0.0000000000000000000, -0.0000000000000000000, -1.000000000000000000 ) ) ;
#10310 = AXIS2_PLACEMENT_3D ( 'NONE', #3794, #7414, #4585 ) ;
#10311 = LINE ( 'NONE', #9519, #7795 ) ;
#10312 = ORIENTED_EDGE ( 'NONE', *, *, #3375, .T. ) ;
#10313 = VECTOR ( 'NONE', #9954, 1000.000000000000000 ) ;
#10314 = ORIENTED_EDGE ( 'NONE', *, *, #2616, .F. ) ;
#10315 = EDGE_LOOP ( 'NONE', ( #7361, #3324, #3697, #4966, #5394, #8012, #9807, #7589, #1954, #7698, #2526, #10838, #8211, #5895 ) ) ;
#10316 = DIRECTION ( 'NONE',  ( 1.000000000000000000, 0.0000000000000000000, 0.0000000000000000000 ) ) ;
#10317 = AXIS2_PLACEMENT_3D ( 'NONE', #7423, #2050, #4670 ) ;
#10318 = CARTESIAN_POINT ( 'NONE',  ( 18.16884009460000016, 52.54840876450000309, -50.00000000000000000 ) ) ;
#10319 = CARTESIAN_POINT ( 'NONE',  ( 15.47268767189999927, 60.24456118719999864, 50.00000000000000000 ) ) ;
#10320 = CIRCLE ( 'NONE', #5503, 26.39999999999258051 ) ;
#10321 = VERTEX_POINT ( 'NONE', #10779 ) ;
#10322 = CARTESIAN_POINT ( 'NONE',  ( 20.72268767190000105, 52.84840876450000735, 50.00000000000000000 ) ) ;
#10323 = CYLINDRICAL_SURFACE ( 'NONE', #8095, 0.5000000000000108802 ) ;
#10324 = APPLICATION_CONTEXT ( 'automotive_design' ) ;
#10325 = CARTESIAN_POINT ( 'NONE',  ( 25.61576849251932941, 65.75563677290652720, -50.00000000000000000 ) ) ;
#10326 = CARTESIAN_POINT ( 'NONE',  ( 8.972687671899999273, -1.451591235500000021, 50.00000000000000000 ) ) ;
#10327 = VECTOR ( 'NONE', #4558, 1000.000000000000000 ) ;
#10328 = VERTEX_POINT ( 'NONE', #10048 ) ;
#10329 = ORIENTED_EDGE ( 'NONE', *, *, #760, .T. ) ;
#10330 = VECTOR ( 'NONE', #10574, 1000.000000000000000 ) ;
#10331 = AXIS2_PLACEMENT_3D ( 'NONE', #5342, #11627, #8961 ) ;
#10332 = CARTESIAN_POINT ( 'NONE',  ( 26.46273521343859869, 24.64089582826564140, 50.00000000000000000 ) ) ;
#10333 = ORIENTED_EDGE ( 'NONE', *, *, #10863, .F. ) ;
#10334 = ADVANCED_FACE ( 'NONE', ( #9265 ), #6285, .F. ) ;
#10335 = LINE ( 'NONE', #10137, #11319 ) ;
#10336 = EDGE_CURVE ( 'NONE', #6166, #1843, #10659, .T. ) ;
#10337 = DIRECTION ( 'NONE',  ( -0.0000000000000000000, -0.0000000000000000000, -1.000000000000000000 ) ) ;
#10338 = ORIENTED_EDGE ( 'NONE', *, *, #4749, .T. ) ;
#10339 = AXIS2_PLACEMENT_3D ( 'NONE', #2814, #10107, #9098 ) ;
#10340 = ORIENTED_EDGE ( 'NONE', *, *, #11350, .T. ) ;
#10341 = DIRECTION ( 'NONE',  ( -0.0000000000000000000, -0.0000000000000000000, -1.000000000000000000 ) ) ;
#10342 = CARTESIAN_POINT ( 'NONE',  ( 5.472687671900043682, 70.54840876449995335, -50.00000000000000000 ) ) ;
#10343 = FACE_OUTER_BOUND ( 'NONE', #6937, .T. ) ;
#10344 = ORIENTED_EDGE ( 'NONE', *, *, #8870, .F. ) ;
#10345 = DIRECTION ( 'NONE',  ( 0.7071067811865515695, -0.7071067811865435759, 0.0000000000000000000 ) ) ;
#10346 = DIRECTION ( 'NONE',  ( 0.0000000000000000000, 0.0000000000000000000, 1.000000000000000000 ) ) ;
#10347 = ADVANCED_FACE ( 'NONE', ( #11076 ), #10016, .F. ) ;
#10348 = AXIS2_PLACEMENT_3D ( 'NONE', #2039, #4696, #2935 ) ;
#10349 = LINE ( 'NONE', #3290, #2072 ) ;
#10350 = ORIENTED_EDGE ( 'NONE', *, *, #353, .T. ) ;
#10351 = CARTESIAN_POINT ( 'NONE',  ( 24.72268767189978433, 57.24840876451167304, 50.00000000000000000 ) ) ;
#10352 = CARTESIAN_POINT ( 'NONE',  ( 15.90489106172841183, 8.648537566306814028, -50.00000000000000000 ) ) ;
#10353 = EDGE_CURVE ( 'NONE', #5389, #8530, #9674, .T. ) ;
#10354 = CARTESIAN_POINT ( 'NONE',  ( 20.47268767190000460, -2.451591235500000021, -50.00000000000000000 ) ) ;
#10355 = ADVANCED_FACE ( 'NONE', ( #1263 ), #3781, .F. ) ;
#10356 = AXIS2_PLACEMENT_3D ( 'NONE', #11045, #7532, #6578 ) ;
#10357 = CYLINDRICAL_SURFACE ( 'NONE', #5759, 0.5000000000000307532 ) ;
#10358 = ORIENTED_EDGE ( 'NONE', *, *, #6128, .T. ) ;
#10359 = CARTESIAN_POINT ( 'NONE',  ( 6.875037933123627099, 52.11292489353474622, 50.00000000000000000 ) ) ;
#10360 = LINE ( 'NONE', #10366, #266 ) ;
#10361 = EDGE_CURVE ( 'NONE', #2284, #73, #9543, .T. ) ;
#10362 = DIRECTION ( 'NONE',  ( -0.0000000000000000000, -0.0000000000000000000, -1.000000000000000000 ) ) ;
#10363 = DIRECTION ( 'NONE',  ( 0.0000000000000000000, -1.000000000000000000, 0.0000000000000000000 ) ) ;
#10364 = DIRECTION ( 'NONE',  ( -0.0000000000000000000, -0.0000000000000000000, -1.000000000000000000 ) ) ;
#10365 = CARTESIAN_POINT ( 'NONE',  ( 7.370858131500000354, 52.54840876450000309, 50.00000000000000000 ) ) ;
#10366 = CARTESIAN_POINT ( 'NONE',  ( 31.07268767189999892, 66.44840876450000167, -50.00000000000000000 ) ) ;
#10367 = VECTOR ( 'NONE', #678, 1000.000000000000000 ) ;
#10368 = ORIENTED_EDGE ( 'NONE', *, *, #5164, .T. ) ;
#10369 = EDGE_CURVE ( 'NONE', #9336, #11443, #9403, .T. ) ;
#10370 = CARTESIAN_POINT ( 'NONE',  ( -3.527312328099999839, 50.04840876450001019, -50.00000000000000000 ) ) ;
#10371 = EDGE_CURVE ( 'NONE', #11003, #2829, #7304, .T. ) ;
#10372 = LINE ( 'NONE', #3360, #7721 ) ;
#10373 = AXIS2_PLACEMENT_3D ( 'NONE', #6355, #982, #5524 ) ;
#10374 = ORIENTED_EDGE ( 'NONE', *, *, #9619, .F. ) ;
#10375 = LINE ( 'NONE', #11412, #5603 ) ;
#10376 = ORIENTED_EDGE ( 'NONE', *, *, #3414, .T. ) ;
#10377 = CARTESIAN_POINT ( 'NONE',  ( 1.222687671899958861, 12.84840876448371816, 50.00000000000000000 ) ) ;
#10378 = CARTESIAN_POINT ( 'NONE',  ( 23.28260776853181113, 3.089490506845255613, 50.00000000000000000 ) ) ;
#10379 = CARTESIAN_POINT ( 'NONE',  ( 25.43427562377193141, 44.10230769649334093, 50.00000000000000000 ) ) ;
#10380 = PLANE ( 'NONE',  #6835 ) ;
#10381 = ORIENTED_EDGE ( 'NONE', *, *, #2171, .F. ) ;
#10382 = EDGE_CURVE ( 'NONE', #6445, #11543, #10926, .T. ) ;
#10383 = VECTOR ( 'NONE', #6505, 1000.000000000000114 ) ;
#10384 = AXIS2_PLACEMENT_3D ( 'NONE', #5518, #9462, #10740 ) ;
#10385 = DIRECTION ( 'NONE',  ( -0.0000000000000000000, -0.0000000000000000000, -1.000000000000000000 ) ) ;
#10386 = ORIENTED_EDGE ( 'NONE', *, *, #9465, .F. ) ;
#10387 = CARTESIAN_POINT ( 'NONE',  ( 2.659086438555689824, -13.56604450776711346, -50.00000000000000000 ) ) ;
#10388 = EDGE_CURVE ( 'NONE', #6110, #5047, #570, .T. ) ;
#10390 = DIRECTION ( 'NONE',  ( -0.0000000000000000000, -0.0000000000000000000, -1.000000000000000000 ) ) ;
#10389 = CYLINDRICAL_SURFACE ( 'NONE', #3381, 2.500000000000047518 ) ;
#10391 = EDGE_LOOP ( 'NONE', ( #5177, #7928, #629, #8713 ) ) ;
#10392 = CARTESIAN_POINT ( 'NONE',  ( 17.97268767189999394, 71.54840876449998177, 50.00000000000000000 ) ) ;
#10393 = CARTESIAN_POINT ( 'NONE',  ( 27.67268767190000389, 66.44840876450000167, -50.00000000000000000 ) ) ;
#10394 = ORIENTED_EDGE ( 'NONE', *, *, #1722, .T. ) ;
#10395 = ORIENTED_EDGE ( 'NONE', *, *, #10824, .F. ) ;
#10396 = CARTESIAN_POINT ( 'NONE',  ( -1.727312327980110584, 23.04840876449949150, 50.00000000000000000 ) ) ;
#10397 = ORIENTED_EDGE ( 'NONE', *, *, #2701, .T. ) ;
#10398 = ADVANCED_FACE ( 'NONE', ( #7149 ), #10980, .T. ) ;
#10399 = AXIS2_PLACEMENT_3D ( 'NONE', #10951, #231, #1083 ) ;
#10400 = VECTOR ( 'NONE', #7063, 1000.000000000000000 ) ;
#10401 = VERTEX_POINT ( 'NONE', #1141 ) ;
#10402 = ORIENTED_EDGE ( 'NONE', *, *, #2405, .T. ) ;
#10403 = ORIENTED_EDGE ( 'NONE', *, *, #3741, .F. ) ;
#10404 = ADVANCED_FACE ( 'NONE', ( #4625 ), #5893, .T. ) ;
#10405 = PLANE ( 'NONE',  #7560 ) ;
#10406 = CARTESIAN_POINT ( 'NONE',  ( 24.72268767189961025, 52.84840876450052605, -50.00000000000000000 ) ) ;
#10407 = EDGE_CURVE ( 'NONE', #7889, #8973, #3493, .T. ) ;
#10408 = CARTESIAN_POINT ( 'NONE',  ( -2.527312328099984295, 40.84840876449998603, -50.00000000000000000 ) ) ;
#10409 = VECTOR ( 'NONE', #9061, 1000.000000000000000 ) ;
#10410 = DIRECTION ( 'NONE',  ( 0.0000000000000000000, 0.0000000000000000000, 1.000000000000000000 ) ) ;
#10411 = VERTEX_POINT ( 'NONE', #2914 ) ;
#10412 = EDGE_LOOP ( 'NONE', ( #7931, #1927, #1124, #7850 ) ) ;
#10413 = VECTOR ( 'NONE', #4304, 1000.000000000000000 ) ;
#10414 = ADVANCED_FACE ( 'NONE', ( #10520 ), #8441, .F. ) ;
#10415 = ORIENTED_EDGE ( 'NONE', *, *, #7587, .F. ) ;
#10416 = ORIENTED_EDGE ( 'NONE', *, *, #4429, .T. ) ;
#10417 = AXIS2_PLACEMENT_3D ( 'NONE', #6193, #834, #8827 ) ;
#10418 = DIRECTION ( 'NONE',  ( -0.0000000000000000000, -0.0000000000000000000, -1.000000000000000000 ) ) ;
#10419 = CARTESIAN_POINT ( 'NONE',  ( 10.97268767189999927, 21.04840876449999953, 50.00000000000000000 ) ) ;
#10420 = CARTESIAN_POINT ( 'NONE',  ( 31.47268767189998684, 60.54840876450001730, -50.00000000000000000 ) ) ;
#10422 = LINE ( 'NONE', #756, #6912 ) ;
#10421 = DIRECTION ( 'NONE',  ( -0.0000000000000000000, -0.0000000000000000000, -1.000000000000000000 ) ) ;
#10423 = ORIENTED_EDGE ( 'NONE', *, *, #9635, .T. ) ;
#10424 = EDGE_CURVE ( 'NONE', #5616, #6807, #6165, .T. ) ;
#10425 = LINE ( 'NONE', #3486, #5227 ) ;
#10426 = CYLINDRICAL_SURFACE ( 'NONE', #3053, 4.000000000000041744 ) ;
#10427 = ORIENTED_EDGE ( 'NONE', *, *, #1959, .F. ) ;
#10428 = DIRECTION ( 'NONE',  ( -1.000000000000000000, 0.0000000000000000000, 0.0000000000000000000 ) ) ;
#10429 = ORIENTED_EDGE ( 'NONE', *, *, #3414, .F. ) ;
#10430 = VECTOR ( 'NONE', #2298, 1000.000000000000000 ) ;
#10431 = EDGE_CURVE ( 'NONE', #5732, #4605, #1405, .T. ) ;
#10432 = AXIS2_PLACEMENT_3D ( 'NONE', #10942, #4791, #4753 ) ;
#10433 = CARTESIAN_POINT ( 'NONE',  ( 31.47268767189999394, 49.54840876449999598, -50.00000000000000000 ) ) ;
#10434 = DIRECTION ( 'NONE',  ( 1.000000000000000000, 0.0000000000000000000, 0.0000000000000000000 ) ) ;
#10435 = LINE ( 'NONE', #5883, #10685 ) ;
#10436 = ORIENTED_EDGE ( 'NONE', *, *, #3985, .T. ) ;
#10437 = EDGE_CURVE ( 'NONE', #8351, #1669, #11501, .T. ) ;
#10438 = CARTESIAN_POINT ( 'NONE',  ( 28.97268767190000105, -3.551591235500002330, 50.00000000000000000 ) ) ;
#10439 = CIRCLE ( 'NONE', #5614, 2.500000000000002220 ) ;
#10440 = ADVANCED_FACE ( 'NONE', ( #7438 ), #987, .T. ) ;
#10441 = ORIENTED_EDGE ( 'NONE', *, *, #11630, .T. ) ;
#10442 = AXIS2_PLACEMENT_3D ( 'NONE', #1552, #6062, #2469 ) ;
#10443 = DIRECTION ( 'NONE',  ( 1.000000000000000000, 0.0000000000000000000, 0.0000000000000000000 ) ) ;
#10444 = ORIENTED_EDGE ( 'NONE', *, *, #2711, .T. ) ;
#10445 = EDGE_CURVE ( 'NONE', #9540, #3981, #2252, .T. ) ;
#10446 = EDGE_CURVE ( 'NONE', #3150, #9030, #8147, .T. ) ;
#10447 = CIRCLE ( 'NONE', #1834, 0.9999999999999970024 ) ;
#10448 = CARTESIAN_POINT ( 'NONE',  ( 19.37255887009296274, 57.98061215432844051, -50.00000000000000000 ) ) ;
#10449 = ORIENTED_EDGE ( 'NONE', *, *, #11018, .T. ) ;
#10450 = AXIS2_PLACEMENT_3D ( 'NONE', #4892, #1330, #1288 ) ;
#10451 = CYLINDRICAL_SURFACE ( 'NONE', #6514, 0.4999999999999813483 ) ;
#10452 = CARTESIAN_POINT ( 'NONE',  ( 16.97268767190000105, -3.451591235500000021, -50.00000000000000000 ) ) ;
#10453 = EDGE_LOOP ( 'NONE', ( #1445, #11624, #11281, #9947 ) ) ;
#10454 = ORIENTED_EDGE ( 'NONE', *, *, #2122, .F. ) ;
#10455 = CARTESIAN_POINT ( 'NONE',  ( 18.16884009460662242, 52.04840876450013809, 50.00000000000000000 ) ) ;
#10456 = ORIENTED_EDGE ( 'NONE', *, *, #11632, .T. ) ;
#10457 = EDGE_CURVE ( 'NONE', #277, #5263, #842, .T. ) ;
#10458 = DIRECTION ( 'NONE',  ( -0.0000000000000000000, -1.000000000000000000, -0.0000000000000000000 ) ) ;
#10459 = AXIS2_PLACEMENT_3D ( 'NONE', #11241, #11200, #3176 ) ;
#10460 = DIRECTION ( 'NONE',  ( -0.0000000000000000000, -0.0000000000000000000, -1.000000000000000000 ) ) ;
#10461 = VECTOR ( 'NONE', #10385, 1000.000000000000000 ) ;
#10462 = ORIENTED_EDGE ( 'NONE', *, *, #846, .T. ) ;
#10463 = VECTOR ( 'NONE', #2096, 1000.000000000000000 ) ;
#10464 = DIRECTION ( 'NONE',  ( -0.0000000000000000000, -0.0000000000000000000, -1.000000000000000000 ) ) ;
#10465 = VERTEX_POINT ( 'NONE', #2955 ) ;
#10466 = DIRECTION ( 'NONE',  ( -0.0000000000000000000, -0.0000000000000000000, -1.000000000000000000 ) ) ;
#10467 = EDGE_CURVE ( 'NONE', #7099, #7586, #10098, .T. ) ;
#10468 = DIRECTION ( 'NONE',  ( 1.000000000000000000, 0.0000000000000000000, 0.0000000000000000000 ) ) ;
#10469 = CARTESIAN_POINT ( 'NONE',  ( 23.28628890511362570, 83.66286203693830714, 50.00000000000000000 ) ) ;
#10470 = CARTESIAN_POINT ( 'NONE',  ( 16.37268767189999963, 55.04840876449999598, -64.14213562373096522 ) ) ;
#10471 = DIRECTION ( 'NONE',  ( 0.0000000000000000000, 0.0000000000000000000, 1.000000000000000000 ) ) ;
#10472 = CARTESIAN_POINT ( 'NONE',  ( 2.162767575405882159, 67.00732702209252523, -50.00000000000000000 ) ) ;
#10473 = LINE ( 'NONE', #5576, #371 ) ;
#10474 = ORIENTED_EDGE ( 'NONE', *, *, #9306, .F. ) ;
#10475 = ORIENTED_EDGE ( 'NONE', *, *, #7665, .F. ) ;
#10476 = VECTOR ( 'NONE', #2847, 1000.000000000000000 ) ;
#10477 = DIRECTION ( 'NONE',  ( 1.000000000000000000, 0.0000000000000000000, 0.0000000000000000000 ) ) ;
#10478 = AXIS2_PLACEMENT_3D ( 'NONE', #8504, #4882, #6687 ) ;
#10479 = ADVANCED_FACE ( 'NONE', ( #4345 ), #9421, .T. ) ;
#10480 = CARTESIAN_POINT ( 'NONE',  ( 24.87268767190000318, 73.64840876450000451, 50.00000000000000000 ) ) ;
#10481 = AXIS2_PLACEMENT_3D ( 'NONE', #9315, #7641, #11064 ) ;
#10482 = VECTOR ( 'NONE', #7755, 1000.000000000000000 ) ;
#10483 = ORIENTED_EDGE ( 'NONE', *, *, #1641, .T. ) ;
#10484 = ORIENTED_EDGE ( 'NONE', *, *, #4374, .F. ) ;
#10485 = FACE_OUTER_BOUND ( 'NONE', #10979, .T. ) ;
#10486 = DIRECTION ( 'NONE',  ( -0.0000000000000000000, -0.0000000000000000000, -1.000000000000000000 ) ) ;
#10487 = CIRCLE ( 'NONE', #11393, 25.00000000000292388 ) ;
#10488 = ORIENTED_EDGE ( 'NONE', *, *, #3774, .T. ) ;
#10489 = CARTESIAN_POINT ( 'NONE',  ( 16.37268767189999963, 15.04840876450000131, 50.00000000000000000 ) ) ;
#10490 = CARTESIAN_POINT ( 'NONE',  ( -3.527312328099999839, 20.04840876449999953, 50.00000000000000000 ) ) ;
#10491 = CIRCLE ( 'NONE', #3615, 0.9999999999999940048 ) ;
#10492 = AXIS2_PLACEMENT_3D ( 'NONE', #2200, #10309, #1373 ) ;
#10493 = ORIENTED_EDGE ( 'NONE', *, *, #8191, .T. ) ;
#10494 = CARTESIAN_POINT ( 'NONE',  ( 4.972687671899476136, 69.74840876450068095, -50.00000000000000000 ) ) ;
#10495 = DIRECTION ( 'NONE',  ( -1.000000000000000000, 0.0000000000000000000, 0.0000000000000000000 ) ) ;
#10496 = LINE ( 'NONE', #4102, #3761 ) ;
#10497 = ORIENTED_EDGE ( 'NONE', *, *, #6392, .T. ) ;
#10498 = EDGE_CURVE ( 'NONE', #7052, #2327, #5750, .T. ) ;
#10499 = CARTESIAN_POINT ( 'NONE',  ( 14.97268767189999927, 49.04840876450001019, 50.00000000000000000 ) ) ;
#10500 = DIRECTION ( 'NONE',  ( -1.000000000000000000, 0.0000000000000000000, 0.0000000000000000000 ) ) ;
#10501 = DIRECTION ( 'NONE',  ( -0.0000000000000000000, -0.0000000000000000000, -1.000000000000000000 ) ) ;
#10502 = LINE ( 'NONE', #3576, #5442 ) ;
#10503 = ORIENTED_EDGE ( 'NONE', *, *, #7963, .F. ) ;
#10504 = DIRECTION ( 'NONE',  ( -1.000000000000000000, 0.0000000000000000000, 0.0000000000000000000 ) ) ;
#10505 = AXIS2_PLACEMENT_3D ( 'NONE', #7377, #5635, #10956 ) ;
#10506 = VECTOR ( 'NONE', #10529, 1000.000000000000000 ) ;
#10507 = ORIENTED_EDGE ( 'NONE', *, *, #6007, .F. ) ;
#10508 = EDGE_CURVE ( 'NONE', #10771, #9484, #6457, .T. ) ;
#10509 = CIRCLE ( 'NONE', #7433, 0.5000000000001114664 ) ;
#10510 = ORIENTED_EDGE ( 'NONE', *, *, #7152, .T. ) ;
#10511 = VERTEX_POINT ( 'NONE', #11214 ) ;
#10512 = AXIS2_PLACEMENT_3D ( 'NONE', #6776, #5004, #1409 ) ;
#10513 = LINE ( 'NONE', #2443, #11356 ) ;
#10514 = ORIENTED_EDGE ( 'NONE', *, *, #10445, .F. ) ;
#10515 = EDGE_CURVE ( 'NONE', #5375, #6037, #8281, .T. ) ;
#10516 = LINE ( 'NONE', #1089, #6589 ) ;
#10517 = DIRECTION ( 'NONE',  ( -0.0000000000000000000, -0.0000000000000000000, -1.000000000000000000 ) ) ;
#10518 = ORIENTED_EDGE ( 'NONE', *, *, #6299, .F. ) ;
#10519 = CARTESIAN_POINT ( 'NONE',  ( 19.97268767190000105, 72.54840876449999598, -50.00000000000000000 ) ) ;
#10520 = FACE_OUTER_BOUND ( 'NONE', #11208, .T. ) ;
#10521 = ORIENTED_EDGE ( 'NONE', *, *, #7693, .F. ) ;
#10522 = DIRECTION ( 'NONE',  ( 0.0000000000000000000, 0.0000000000000000000, 1.000000000000000000 ) ) ;
#10523 = CARTESIAN_POINT ( 'NONE',  ( 28.47268767190000105, 61.54840876450000309, 50.00000000000000000 ) ) ;
#10524 = EDGE_CURVE ( 'NONE', #1844, #9509, #2660, .T. ) ;
#10525 = AXIS2_PLACEMENT_3D ( 'NONE', #10845, #3678, #5520 ) ;
#10526 = ORIENTED_EDGE ( 'NONE', *, *, #5594, .T. ) ;
#10527 = VERTEX_POINT ( 'NONE', #7743 ) ;
#10528 = ORIENTED_EDGE ( 'NONE', *, *, #2048, .F. ) ;
#10529 = DIRECTION ( 'NONE',  ( -0.0000000000000000000, -0.0000000000000000000, -1.000000000000000000 ) ) ;
#10530 = DIRECTION ( 'NONE',  ( -0.0000000000000000000, -1.000000000000000000, -0.0000000000000000000 ) ) ;
#10531 = CARTESIAN_POINT ( 'NONE',  ( 8.972687671900001050, 73.54840876449999598, 50.00000000000000000 ) ) ;
#10532 = CARTESIAN_POINT ( 'NONE',  ( -1.727312328100000016, 65.04840876449999598, 50.00000000000000000 ) ) ;
#10533 = CARTESIAN_POINT ( 'NONE',  ( 24.87268767190000673, -3.051591235499996557, -50.00000000000000000 ) ) ;
#10534 = CIRCLE ( 'NONE', #2415, 0.5000000000000125455 ) ;
#10535 = ORIENTED_EDGE ( 'NONE', *, *, #7068, .T. ) ;
#10536 = ORIENTED_EDGE ( 'NONE', *, *, #4358, .F. ) ;
#10537 = AXIS2_PLACEMENT_3D ( 'NONE', #8680, #3308, #4248 ) ;
#10538 = DIRECTION ( 'NONE',  ( 0.0000000000000000000, 0.0000000000000000000, 1.000000000000000000 ) ) ;
#10539 = ORIENTED_EDGE ( 'NONE', *, *, #4632, .F. ) ;
#10540 = ORIENTED_EDGE ( 'NONE', *, *, #1424, .T. ) ;
#10541 = ADVANCED_FACE ( 'NONE', ( #1114 ), #8837, .F. ) ;
#10542 = LINE ( 'NONE', #4034, #1850 ) ;
#10543 = CYLINDRICAL_SURFACE ( 'NONE', #7064, 0.5000000000000004441 ) ;
#10544 = VERTEX_POINT ( 'NONE', #10393 ) ;
#10545 = ORIENTED_EDGE ( 'NONE', *, *, #8882, .T. ) ;
#10546 = DIRECTION ( 'NONE',  ( -0.0000000000000000000, -0.0000000000000000000, -1.000000000000000000 ) ) ;
#10547 = ORIENTED_EDGE ( 'NONE', *, *, #6648, .T. ) ;
#10548 = FACE_OUTER_BOUND ( 'NONE', #4282, .T. ) ;
#10549 = CYLINDRICAL_SURFACE ( 'NONE', #2922, 2.500000000000002220 ) ;
#10550 = VECTOR ( 'NONE', #9048, 1000.000000000000000 ) ;
#10551 = ORIENTED_EDGE ( 'NONE', *, *, #9554, .T. ) ;
#10552 = CARTESIAN_POINT ( 'NONE',  ( 2.516320965999999881, 3.443043897399999942, 50.00000000000000000 ) ) ;
#10553 = CYLINDRICAL_SURFACE ( 'NONE', #5860, 4.000000000000116351 ) ;
#10554 = VERTEX_POINT ( 'NONE', #3191 ) ;
#10555 = CARTESIAN_POINT ( 'NONE',  ( 31.47268767190000105, 59.04840876450000309, 50.00000000000000000 ) ) ;
#10556 = CARTESIAN_POINT ( 'NONE',  ( 31.07268767190005931, 66.94840876449994482, 50.00000000000000000 ) ) ;
#10557 = ORIENTED_EDGE ( 'NONE', *, *, #7411, .T. ) ;
#10558 = EDGE_CURVE ( 'NONE', #2426, #9272, #3368, .T. ) ;
#10559 = DIRECTION ( 'NONE',  ( 1.000000000000000000, 0.0000000000000000000, 0.0000000000000000000 ) ) ;
#10560 = VECTOR ( 'NONE', #7836, 1000.000000000000000 ) ;
#10561 = ORIENTED_EDGE ( 'NONE', *, *, #2164, .F. ) ;
#10562 = CYLINDRICAL_SURFACE ( 'NONE', #2401, 26.40000000002126157 ) ;
#10563 = VERTEX_POINT ( 'NONE', #7706 ) ;
#10564 = AXIS2_PLACEMENT_3D ( 'NONE', #10813, #7230, #5529 ) ;
#10565 = DIRECTION ( 'NONE',  ( -0.0000000000000000000, -0.0000000000000000000, -1.000000000000000000 ) ) ;
#10566 = DIRECTION ( 'NONE',  ( -0.0000000000000000000, -0.0000000000000000000, -1.000000000000000000 ) ) ;
#10567 = DIRECTION ( 'NONE',  ( -0.0000000000000000000, 1.000000000000000000, -0.0000000000000000000 ) ) ;
#10568 = DIRECTION ( 'NONE',  ( 1.000000000000000000, -0.0000000000000000000, -0.0000000000000000000 ) ) ;
#10569 = EDGE_CURVE ( 'NONE', #8876, #7868, #5181, .T. ) ;
#10570 = LINE ( 'NONE', #1477, #5236 ) ;
#10571 = ORIENTED_EDGE ( 'NONE', *, *, #808, .T. ) ;
#10572 = DIRECTION ( 'NONE',  ( -0.0000000000000000000, -0.0000000000000000000, -1.000000000000000000 ) ) ;
#10573 = VECTOR ( 'NONE', #10464, 1000.000000000000000 ) ;
#10574 = DIRECTION ( 'NONE',  ( -1.000000000000000000, -0.0000000000000000000, -0.0000000000000000000 ) ) ;
#10575 = VERTEX_POINT ( 'NONE', #5931 ) ;
#10576 = EDGE_CURVE ( 'NONE', #10511, #425, #8567, .T. ) ;
#10577 = AXIS2_PLACEMENT_3D ( 'NONE', #4316, #5207, #1569 ) ;
#10578 = ORIENTED_EDGE ( 'NONE', *, *, #7860, .F. ) ;
#10579 = EDGE_CURVE ( 'NONE', #2677, #8465, #4757, .T. ) ;
#10580 = CARTESIAN_POINT ( 'NONE',  ( 18.16884009460662242, 52.04840876450013809, 50.00000000000000000 ) ) ;
#10581 = DIRECTION ( 'NONE',  ( -0.0000000000000000000, -0.0000000000000000000, -1.000000000000000000 ) ) ;
#10582 = CIRCLE ( 'NONE', #10478, 1.999999999999422462 ) ;
#10583 = DIRECTION ( 'NONE',  ( 0.0000000000000000000, 0.0000000000000000000, 1.000000000000000000 ) ) ;
#10584 = ORIENTED_EDGE ( 'NONE', *, *, #11417, .T. ) ;
#10585 = LINE ( 'NONE', #3949, #8218 ) ;
#10586 = ORIENTED_EDGE ( 'NONE', *, *, #1557, .F. ) ;
#10587 = VERTEX_POINT ( 'NONE', #4011 ) ;
#10588 = EDGE_CURVE ( 'NONE', #4286, #4459, #6731, .T. ) ;
#10589 = CARTESIAN_POINT ( 'NONE',  ( -3.027312328100002059, 8.548408764500001311, -50.00000000000000000 ) ) ;
#10590 = EDGE_CURVE ( 'NONE', #1907, #6314, #9127, .T. ) ;
#10591 = CARTESIAN_POINT ( 'NONE',  ( -2.527312328099999839, 61.54840876450000309, -50.00000000000000000 ) ) ;
#10592 = AXIS2_PLACEMENT_3D ( 'NONE', #6441, #4630, #8091 ) ;
#10593 = CARTESIAN_POINT ( 'NONE',  ( -2.527312328099999839, 45.04840876450000309, -50.00000000000000000 ) ) ;
#10594 = PLANE ( 'NONE',  #3484 ) ;
#10595 = VECTOR ( 'NONE', #8566, 1000.000000000000000 ) ;
#10596 = ORIENTED_EDGE ( 'NONE', *, *, #6169, .F. ) ;
#10597 = ADVANCED_FACE ( 'NONE', ( #7864 ), #7631, .F. ) ;
#10598 = CARTESIAN_POINT ( 'NONE',  ( 31.47268767189996552, 9.548408764499964008, 50.00000000000000000 ) ) ;
#10599 = ORIENTED_EDGE ( 'NONE', *, *, #5647, .T. ) ;
#10600 = FACE_OUTER_BOUND ( 'NONE', #6619, .T. ) ;
#10601 = DIRECTION ( 'NONE',  ( -0.0000000000000000000, -0.0000000000000000000, -1.000000000000000000 ) ) ;
#10602 = CIRCLE ( 'NONE', #7544, 0.5000000000000828226 ) ;
#10603 = VERTEX_POINT ( 'NONE', #5812 ) ;
#10604 = CARTESIAN_POINT ( 'NONE',  ( -1.727312328100000016, 25.04840876449999953, 50.00000000000000000 ) ) ;
#10605 = VERTEX_POINT ( 'NONE', #9678 ) ;
#10606 = VECTOR ( 'NONE', #7700, 1000.000000000000000 ) ;
#10607 = CARTESIAN_POINT ( 'NONE',  ( 28.97268767190000105, 62.04840876450000309, -50.00000000000000000 ) ) ;
#10608 = EDGE_CURVE ( 'NONE', #8279, #9510, #5471, .T. ) ;
#10609 = DIRECTION ( 'NONE',  ( -1.000000000000000000, 0.0000000000000000000, 0.0000000000000000000 ) ) ;
#10610 = ORIENTED_EDGE ( 'NONE', *, *, #6253, .F. ) ;
#10611 = CARTESIAN_POINT ( 'NONE',  ( 18.39047084618679406, 7.634982463097419014, 50.00000000000000000 ) ) ;
#10612 = FACE_OUTER_BOUND ( 'NONE', #1360, .T. ) ;
#10613 = ORIENTED_EDGE ( 'NONE', *, *, #3882, .T. ) ;
#10614 = VERTEX_POINT ( 'NONE', #5095 ) ;
#10615 = AXIS2_PLACEMENT_3D ( 'NONE', #1524, #6938, #7816 ) ;
#10616 = DIRECTION ( 'NONE',  ( 0.0000000000000000000, 0.0000000000000000000, 1.000000000000000000 ) ) ;
#10617 = CARTESIAN_POINT ( 'NONE',  ( 31.47268767190000105, 19.04840876449999953, 50.00000000000000000 ) ) ;
#10618 = DIRECTION ( 'NONE',  ( 0.0000000000000000000, 0.0000000000000000000, 1.000000000000000000 ) ) ;
#10619 = FACE_OUTER_BOUND ( 'NONE', #8443, .T. ) ;
#10620 = ORIENTED_EDGE ( 'NONE', *, *, #332, .F. ) ;
#10621 = DIRECTION ( 'NONE',  ( -1.000000000000000000, 0.0000000000000000000, 0.0000000000000000000 ) ) ;
#10622 = VECTOR ( 'NONE', #7189, 1000.000000000000000 ) ;
#10623 = EDGE_CURVE ( 'NONE', #10624, #5732, #2805, .T. ) ;
#10624 = VERTEX_POINT ( 'NONE', #2406 ) ;
#10625 = CARTESIAN_POINT ( 'NONE',  ( 23.28260776853181113, 3.089490506845255613, -50.00000000000000000 ) ) ;
#10626 = DIRECTION ( 'NONE',  ( -0.7071067812173180700, 0.7071067811557770755, 0.0000000000000000000 ) ) ;
#10627 = FACE_OUTER_BOUND ( 'NONE', #7117, .T. ) ;
#10628 = ORIENTED_EDGE ( 'NONE', *, *, #1432, .F. ) ;
#10629 = DIRECTION ( 'NONE',  ( -0.0000000000000000000, -0.0000000000000000000, -1.000000000000000000 ) ) ;
#10630 = AXIS2_PLACEMENT_3D ( 'NONE', #10116, #3919, #5565 ) ;
#10631 = VECTOR ( 'NONE', #854, 1000.000000000000000 ) ;
#10632 = EDGE_CURVE ( 'NONE', #7027, #4352, #5317, .T. ) ;
#10633 = EDGE_CURVE ( 'NONE', #5858, #2487, #1965, .T. ) ;
#10634 = AXIS2_PLACEMENT_3D ( 'NONE', #6774, #6930, #5001 ) ;
#10635 = VECTOR ( 'NONE', #2780, 1000.000000000000000 ) ;
#10636 = ORIENTED_EDGE ( 'NONE', *, *, #9991, .F. ) ;
#10637 = PLANE ( 'NONE',  #2041 ) ;
#10638 = CARTESIAN_POINT ( 'NONE',  ( 15.17268767191599110, 3.298408764499885404, 50.00000000000000000 ) ) ;
#10639 = DIRECTION ( 'NONE',  ( -0.0000000000000000000, -0.0000000000000000000, -1.000000000000000000 ) ) ;
#10640 = CARTESIAN_POINT ( 'NONE',  ( 27.67268767190000389, 43.34840876450000025, 50.00000000000000000 ) ) ;
#10641 = LINE ( 'NONE', #5006, #6159 ) ;
#10642 = EDGE_CURVE ( 'NONE', #8805, #1431, #7991, .T. ) ;
#10643 = ORIENTED_EDGE ( 'NONE', *, *, #9107, .T. ) ;
#10644 = DIRECTION ( 'NONE',  ( -0.0000000000000000000, -0.0000000000000000000, -1.000000000000000000 ) ) ;
#10645 = AXIS2_PLACEMENT_3D ( 'NONE', #5398, #7207, #9944 ) ;
#10646 = ADVANCED_FACE ( 'NONE', ( #7585 ), #3339, .T. ) ;
#10647 = VECTOR ( 'NONE', #6795, 1000.000000000000000 ) ;
#10648 = VERTEX_POINT ( 'NONE', #1644 ) ;
#10649 = EDGE_CURVE ( 'NONE', #4552, #8702, #2520, .T. ) ;
#10650 = CARTESIAN_POINT ( 'NONE',  ( 24.37268767189681640, 69.74840876447169080, -50.00000000000000000 ) ) ;
#10651 = DIRECTION ( 'NONE',  ( -0.0000000000000000000, -0.0000000000000000000, -1.000000000000000000 ) ) ;
#10652 = ORIENTED_EDGE ( 'NONE', *, *, #3380, .F. ) ;
#10653 = DIRECTION ( 'NONE',  ( -0.0000000000000000000, -0.0000000000000000000, -1.000000000000000000 ) ) ;
#10654 = VECTOR ( 'NONE', #180, 1000.000000000000000 ) ;
#10655 = AXIS2_PLACEMENT_3D ( 'NONE', #3177, #2316, #553 ) ;
#10656 = ORIENTED_EDGE ( 'NONE', *, *, #4492, .F. ) ;
#10657 = DIRECTION ( 'NONE',  ( -0.0000000000000000000, 1.000000000000000000, -0.0000000000000000000 ) ) ;
#10658 = EDGE_CURVE ( 'NONE', #386, #3209, #1677, .T. ) ;
#10659 = LINE ( 'NONE', #3620, #9551 ) ;
#10660 = ORIENTED_EDGE ( 'NONE', *, *, #5959, .F. ) ;
#10661 = DIRECTION ( 'NONE',  ( -0.0000000000000000000, -0.0000000000000000000, -1.000000000000000000 ) ) ;
#10662 = ORIENTED_EDGE ( 'NONE', *, *, #5936, .F. ) ;
#10663 = EDGE_LOOP ( 'NONE', ( #3798, #8494, #9187, #5495 ) ) ;
#10664 = DIRECTION ( 'NONE',  ( -0.0000000000000000000, -0.0000000000000000000, -1.000000000000000000 ) ) ;
#10665 = VERTEX_POINT ( 'NONE', #8748 ) ;
#10666 = DIRECTION ( 'NONE',  ( 1.000000000000000000, 0.0000000000000000000, 0.0000000000000000000 ) ) ;
#10667 = EDGE_CURVE ( 'NONE', #833, #82, #4904, .T. ) ;
#10668 = CIRCLE ( 'NONE', #7605, 2.500000000000002220 ) ;
#10669 = ORIENTED_EDGE ( 'NONE', *, *, #3319, .F. ) ;
#10670 = ORIENTED_EDGE ( 'NONE', *, *, #2765, .T. ) ;
#10671 = ORIENTED_EDGE ( 'NONE', *, *, #312, .F. ) ;
#10672 = DIRECTION ( 'NONE',  ( 1.000000000000000000, -0.0000000000000000000, -0.0000000000000000000 ) ) ;
#10673 = DIRECTION ( 'NONE',  ( -0.0000000000000000000, -1.000000000000000000, -0.0000000000000000000 ) ) ;
#10674 = CARTESIAN_POINT ( 'NONE',  ( 29.47268767190000105, 51.04840876450000309, 50.00000000000000000 ) ) ;
#10675 = PLANE ( 'NONE',  #5619 ) ;
#10676 = LINE ( 'NONE', #9181, #10409 ) ;
#10677 = ORIENTED_EDGE ( 'NONE', *, *, #11632, .F. ) ;
#10678 = ORIENTED_EDGE ( 'NONE', *, *, #7531, .F. ) ;
#10679 = AXIS2_PLACEMENT_3D ( 'NONE', #4136, #5972, #608 ) ;
#10680 = VECTOR ( 'NONE', #3503, 1000.000000000000000 ) ;
#10681 = DIRECTION ( 'NONE',  ( 1.000000000000000000, 0.0000000000000000000, 0.0000000000000000000 ) ) ;
#10682 = ORIENTED_EDGE ( 'NONE', *, *, #2040, .F. ) ;
#10683 = DIRECTION ( 'NONE',  ( -0.0000000000000000000, -0.0000000000000000000, -1.000000000000000000 ) ) ;
#10684 = VERTEX_POINT ( 'NONE', #9643 ) ;
#10685 = VECTOR ( 'NONE', #7960, 1000.000000000000000 ) ;
#10686 = ORIENTED_EDGE ( 'NONE', *, *, #1512, .T. ) ;
#10687 = CARTESIAN_POINT ( 'NONE',  ( 15.72268767190002059, 50.28526904369218187, 50.00000000000000000 ) ) ;
#10688 = LINE ( 'NONE', #8166, #8325 ) ;
#10689 = CYLINDRICAL_SURFACE ( 'NONE', #2824, 4.000000000000021316 ) ;
#10690 = ORIENTED_EDGE ( 'NONE', *, *, #9180, .T. ) ;
#10691 = DIRECTION ( 'NONE',  ( -1.000000000000000000, -0.0000000000000000000, -0.0000000000000000000 ) ) ;
#10692 = CARTESIAN_POINT ( 'NONE',  ( 19.97268767190000105, -2.451591235500000021, 50.00000000000000000 ) ) ;
#10693 = ORIENTED_EDGE ( 'NONE', *, *, #7843, .T. ) ;
#10694 = AXIS2_PLACEMENT_3D ( 'NONE', #1870, #10875, #6417 ) ;
#10695 = VECTOR ( 'NONE', #7075, 1000.000000000000000 ) ;
#10696 = CARTESIAN_POINT ( 'NONE',  ( 29.47268767190000105, 50.04840876450000309, -50.00000000000000000 ) ) ;
#10697 = ORIENTED_EDGE ( 'NONE', *, *, #2313, .T. ) ;
#10698 = DIRECTION ( 'NONE',  ( -0.0000000000000000000, -0.0000000000000000000, -1.000000000000000000 ) ) ;
#10699 = DIRECTION ( 'NONE',  ( -0.0000000000000000000, -0.0000000000000000000, -1.000000000000000000 ) ) ;
#10700 = ORIENTED_EDGE ( 'NONE', *, *, #8828, .F. ) ;
#10701 = DIRECTION ( 'NONE',  ( -0.7071067811865515695, 0.7071067811865435759, -0.0000000000000000000 ) ) ;
#10702 = ORIENTED_EDGE ( 'NONE', *, *, #4855, .F. ) ;
#10703 = EDGE_CURVE ( 'NONE', #4444, #3947, #10375, .T. ) ;
#10704 = AXIS2_PLACEMENT_3D ( 'NONE', #3090, #5795, #11042 ) ;
#10705 = CARTESIAN_POINT ( 'NONE',  ( 9.572687671900000694, 15.04840876450000131, -50.00000000000000000 ) ) ;
#10706 = VECTOR ( 'NONE', #9277, 1000.000000000000000 ) ;
#10707 = VERTEX_POINT ( 'NONE', #5129 ) ;
#10708 = LINE ( 'NONE', #5481, #11000 ) ;
#10709 = ORIENTED_EDGE ( 'NONE', *, *, #5384, .T. ) ;
#10710 = ORIENTED_EDGE ( 'NONE', *, *, #2951, .F. ) ;
#10711 = AXIS2_PLACEMENT_3D ( 'NONE', #4139, #5027, #8648 ) ;
#10712 = DIRECTION ( 'NONE',  ( -1.000000000000000000, 0.0000000000000000000, 0.0000000000000000000 ) ) ;
#10713 = ORIENTED_EDGE ( 'NONE', *, *, #1140, .T. ) ;
#10714 = DIRECTION ( 'NONE',  ( -0.0000000000000000000, -0.0000000000000000000, -1.000000000000000000 ) ) ;
#10715 = DIRECTION ( 'NONE',  ( -0.0000000000000000000, -0.0000000000000000000, -1.000000000000000000 ) ) ;
#10716 = DIRECTION ( 'NONE',  ( -0.0000000000000000000, -0.0000000000000000000, -1.000000000000000000 ) ) ;
#10717 = DIRECTION ( 'NONE',  ( 1.000000000000000000, 0.0000000000000000000, 0.0000000000000000000 ) ) ;
#10718 = EDGE_CURVE ( 'NONE', #3390, #8234, #10513, .T. ) ;
#10719 = DIRECTION ( 'NONE',  ( -0.0000000000000000000, -0.0000000000000000000, -1.000000000000000000 ) ) ;
#10720 = CARTESIAN_POINT ( 'NONE',  ( -3.027312328099999839, 48.04840876450000309, 50.00000000000000000 ) ) ;
#10721 = LINE ( 'NONE', #9411, #2737 ) ;
#10722 = EDGE_LOOP ( 'NONE', ( #3508, #8246, #5023, #2960 ) ) ;
#10723 = CIRCLE ( 'NONE', #2908, 5.400000000013794654 ) ;
#10724 = EDGE_LOOP ( 'NONE', ( #16, #3458, #7628, #3371 ) ) ;
#10725 = CARTESIAN_POINT ( 'NONE',  ( -3.527312328099999839, 59.04840876450000309, 50.00000000000000000 ) ) ;
#10726 = EDGE_CURVE ( 'NONE', #6851, #3662, #4211, .T. ) ;
#10727 = CARTESIAN_POINT ( 'NONE',  ( 31.07268767189998826, 3.148408764499982304, -50.00000000000000000 ) ) ;
#10728 = DIRECTION ( 'NONE',  ( 0.0000000000000000000, 0.0000000000000000000, 1.000000000000000000 ) ) ;
#10729 = DIRECTION ( 'NONE',  ( -0.0000000000000000000, -0.0000000000000000000, -1.000000000000000000 ) ) ;
#10730 = LINE ( 'NONE', #375, #3583 ) ;
#10731 = EDGE_LOOP ( 'NONE', ( #5574, #1561, #5517, #7777 ) ) ;
#10732 = EDGE_CURVE ( 'NONE', #833, #10031, #9391, .T. ) ;
#10733 = ORIENTED_EDGE ( 'NONE', *, *, #7665, .T. ) ;
#10734 = VECTOR ( 'NONE', #4494, 1000.000000000000000 ) ;
#10735 = EDGE_CURVE ( 'NONE', #8234, #9064, #8824, .T. ) ;
#10736 = CARTESIAN_POINT ( 'NONE',  ( 25.61576849251932941, 65.75563677290652720, 50.00000000000000000 ) ) ;
#10737 = AXIS2_PLACEMENT_3D ( 'NONE', #5148, #6966, #6058 ) ;
#10738 = CARTESIAN_POINT ( 'NONE',  ( 5.972687671900000161, 71.04840876449999598, 50.00000000000000000 ) ) ;
#10739 = DIRECTION ( 'NONE',  ( -1.000000000000000000, 0.0000000000000000000, 0.0000000000000000000 ) ) ;
#10740 = DIRECTION ( 'NONE',  ( -1.000000000000000000, 0.0000000000000000000, 0.0000000000000000000 ) ) ;
#10741 = CYLINDRICAL_SURFACE ( 'NONE', #6785, 24.99999999999795008 ) ;
#10742 = VERTEX_POINT ( 'NONE', #6076 ) ;
#10743 = CARTESIAN_POINT ( 'NONE',  ( -1.727312328099880556, 7.048408764500091017, 50.00000000000000000 ) ) ;
#10744 = ORIENTED_EDGE ( 'NONE', *, *, #4206, .T. ) ;
#10745 = DIRECTION ( 'NONE',  ( -1.000000000000000000, 0.0000000000000000000, 0.0000000000000000000 ) ) ;
#10746 = EDGE_CURVE ( 'NONE', #10147, #5346, #3920, .T. ) ;
#10747 = AXIS2_PLACEMENT_3D ( 'NONE', #4182, #7642, #2299 ) ;
#10748 = VECTOR ( 'NONE', #9887, 1000.000000000000000 ) ;
#10749 = VERTEX_POINT ( 'NONE', #7096 ) ;
#10750 = DIRECTION ( 'NONE',  ( 0.0000000000000000000, 0.0000000000000000000, 1.000000000000000000 ) ) ;
#10751 = DIRECTION ( 'NONE',  ( -0.0000000000000000000, -1.000000000000000000, -0.0000000000000000000 ) ) ;
#10752 = CARTESIAN_POINT ( 'NONE',  ( 7.972687671900000161, 70.54840876449999598, 50.00000000000000000 ) ) ;
#10753 = EDGE_CURVE ( 'NONE', #7858, #9937, #9256, .T. ) ;
#10754 = CARTESIAN_POINT ( 'NONE',  ( 22.56517473567853926, 68.53845630602636163, 50.00000000000000000 ) ) ;
#10755 = DIRECTION ( 'NONE',  ( -0.0000000000000000000, -0.0000000000000000000, -1.000000000000000000 ) ) ;
#10756 = VECTOR ( 'NONE', #2574, 1000.000000000000000 ) ;
#10757 = CARTESIAN_POINT ( 'NONE',  ( -3.027312328099999839, 8.048408764499999535, -50.00000000000000000 ) ) ;
#10758 = EDGE_LOOP ( 'NONE', ( #10088, #10927, #5646, #2335 ) ) ;
#10759 = DIRECTION ( 'NONE',  ( 0.0000000000000000000, 0.0000000000000000000, -1.000000000000000000 ) ) ;
#10760 = DIRECTION ( 'NONE',  ( 0.0000000000000000000, 0.0000000000000000000, 1.000000000000000000 ) ) ;
#10761 = LINE ( 'NONE', #1280, #7839 ) ;
#10762 = VERTEX_POINT ( 'NONE', #5248 ) ;
#10763 = ADVANCED_FACE ( 'NONE', ( #8132 ), #1533, .F. ) ;
#10764 = VECTOR ( 'NONE', #9705, 1000.000000000000000 ) ;
#10765 = AXIS2_PLACEMENT_3D ( 'NONE', #10433, #11571, #8822 ) ;
#10766 = CARTESIAN_POINT ( 'NONE',  ( 10.77268767189999821, 62.79840876450000309, 50.00000000000000000 ) ) ;
#10767 = DIRECTION ( 'NONE',  ( -0.0000000000000000000, 1.000000000000000000, -0.0000000000000000000 ) ) ;
#10768 = DIRECTION ( 'NONE',  ( -1.000000000000000000, 0.0000000000000000000, 0.0000000000000000000 ) ) ;
#10769 = CARTESIAN_POINT ( 'NONE',  ( -5.527312328099996286, 20.54840876450000664, 50.00000000000000000 ) ) ;
#10770 = CYLINDRICAL_SURFACE ( 'NONE', #9555, 5.500000000000618172 ) ;
#10771 = VERTEX_POINT ( 'NONE', #8119 ) ;
#10772 = DIRECTION ( 'NONE',  ( -0.0000000000000000000, -0.0000000000000000000, -1.000000000000000000 ) ) ;
#10773 = EDGE_CURVE ( 'NONE', #2537, #6237, #6444, .T. ) ;
#10774 = FACE_OUTER_BOUND ( 'NONE', #567, .T. ) ;
#10775 = CARTESIAN_POINT ( 'NONE',  ( 29.47268767190000105, 11.04840876450000131, 50.00000000000000000 ) ) ;
#10776 = DIRECTION ( 'NONE',  ( -0.0000000000000000000, -0.0000000000000000000, -1.000000000000000000 ) ) ;
#10777 = EDGE_LOOP ( 'NONE', ( #4920, #10033, #204, #10798 ) ) ;
#10778 = DIRECTION ( 'NONE',  ( -0.0000000000000000000, -0.0000000000000000000, -1.000000000000000000 ) ) ;
#10779 = CARTESIAN_POINT ( 'NONE',  ( 24.37268767189681640, 69.74840876447169080, 50.00000000000000000 ) ) ;
#10780 = VECTOR ( 'NONE', #3605, 1000.000000000000000 ) ;
#10781 = ORIENTED_EDGE ( 'NONE', *, *, #6336, .T. ) ;
#10782 = CARTESIAN_POINT ( 'NONE',  ( 22.70007037860000310, 65.68570135599999560, -50.00000000000000000 ) ) ;
#10783 = EDGE_CURVE ( 'NONE', #5568, #10219, #6154, .T. ) ;
#10784 = CIRCLE ( 'NONE', #5539, 0.5000000000000038858 ) ;
#10785 = ORIENTED_EDGE ( 'NONE', *, *, #9961, .T. ) ;
#10786 = EDGE_CURVE ( 'NONE', #8113, #5199, #1822, .T. ) ;
#10787 = PLANE ( 'NONE',  #9816 ) ;
#10788 = AXIS2_PLACEMENT_3D ( 'NONE', #8731, #4298, #3355 ) ;
#10789 = CARTESIAN_POINT ( 'NONE',  ( -5.527312328099999839, 51.04840876450000309, 50.00000000000000000 ) ) ;
#10790 = DIRECTION ( 'NONE',  ( -0.0000000000000000000, -0.0000000000000000000, -1.000000000000000000 ) ) ;
#10791 = CIRCLE ( 'NONE', #4217, 5.499999999999376499 ) ;
#10792 = EDGE_LOOP ( 'NONE', ( #10539, #10678, #1796, #731, #9212, #8408, #124, #6302, #1292, #4103, #9741, #666, #6487, #6410, #5441 ) ) ;
#10793 = EDGE_CURVE ( 'NONE', #8324, #5104, #6585, .T. ) ;
#10794 = PLANE ( 'NONE',  #5201 ) ;
#10795 = DIRECTION ( 'NONE',  ( -0.0000000000000000000, -0.0000000000000000000, -1.000000000000000000 ) ) ;
#10796 = EDGE_LOOP ( 'NONE', ( #9409, #1901 ) ) ;
#10797 = VERTEX_POINT ( 'NONE', #1845 ) ;
#10798 = ORIENTED_EDGE ( 'NONE', *, *, #10746, .T. ) ;
#10799 = EDGE_CURVE ( 'NONE', #5726, #4286, #11069, .T. ) ;
#10800 = CARTESIAN_POINT ( 'NONE',  ( 18.57451721239999998, 52.54840876450000309, 50.00000000000000000 ) ) ;
#10801 = LINE ( 'NONE', #1727, #6608 ) ;
#10802 = ORIENTED_EDGE ( 'NONE', *, *, #7963, .T. ) ;
#10803 = ORIENTED_EDGE ( 'NONE', *, *, #4645, .T. ) ;
#10804 = VERTEX_POINT ( 'NONE', #7220 ) ;
#10805 = DIRECTION ( 'NONE',  ( -0.0000000000000000000, -0.0000000000000000000, -1.000000000000000000 ) ) ;
#10806 = EDGE_CURVE ( 'NONE', #7408, #2608, #8695, .T. ) ;
#10807 = DIRECTION ( 'NONE',  ( 1.000000000000000000, -0.0000000000000000000, -0.0000000000000000000 ) ) ;
#10808 = CARTESIAN_POINT ( 'NONE',  ( 26.46273521346203950, 5.455921700696281462, 50.00000000000000000 ) ) ;
#10809 = DIRECTION ( 'NONE',  ( -0.0000000000000000000, -0.0000000000000000000, -1.000000000000000000 ) ) ;
#10810 = AXIS2_PLACEMENT_3D ( 'NONE', #10086, #254, #7425 ) ;
#10811 = VERTEX_POINT ( 'NONE', #1680 ) ;
#10812 = ORIENTED_EDGE ( 'NONE', *, *, #5925, .F. ) ;
#10813 = CARTESIAN_POINT ( 'NONE',  ( 9.972687671900015260, 60.95289766622855154, 50.00000000000000000 ) ) ;
#10814 = LINE ( 'NONE', #2232, #5772 ) ;
#10815 = ORIENTED_EDGE ( 'NONE', *, *, #11014, .T. ) ;
#10816 = CARTESIAN_POINT ( 'NONE',  ( 8.209547951092289964, 52.29840876450004572, 50.00000000000000000 ) ) ;
#10817 = CIRCLE ( 'NONE', #4464, 4.000000000000012434 ) ;
#10818 = ORIENTED_EDGE ( 'NONE', *, *, #677, .T. ) ;
#10819 = ORIENTED_EDGE ( 'NONE', *, *, #6376, .T. ) ;
#10820 = CARTESIAN_POINT ( 'NONE',  ( 20.72268767190000105, 17.24840876449999882, 50.00000000000000000 ) ) ;
#10821 = ADVANCED_FACE ( 'NONE', ( #4614 ), #4335, .F. ) ;
#10822 = CARTESIAN_POINT ( 'NONE',  ( 5.559261370508581379, 9.630625590204930475, 50.00000000000000000 ) ) ;
#10823 = ORIENTED_EDGE ( 'NONE', *, *, #4150, .F. ) ;
#10824 = EDGE_CURVE ( 'NONE', #6768, #6979, #4478, .T. ) ;
#10825 = LINE ( 'NONE', #2626, #6498 ) ;
#10826 = CIRCLE ( 'NONE', #6747, 1.500000000000015099 ) ;
#10827 = CIRCLE ( 'NONE', #8466, 2.499999999999974243 ) ;
#10828 = ORIENTED_EDGE ( 'NONE', *, *, #2871, .F. ) ;
#10829 = CIRCLE ( 'NONE', #4055, 1.000000000000014655 ) ;
#10830 = ORIENTED_EDGE ( 'NONE', *, *, #579, .T. ) ;
#10831 = DIRECTION ( 'NONE',  ( 1.000000000000000000, 0.0000000000000000000, 0.0000000000000000000 ) ) ;
#10832 = LINE ( 'NONE', #6643, #6358 ) ;
#10833 = DIRECTION ( 'NONE',  ( -0.0000000000000000000, -0.0000000000000000000, -1.000000000000000000 ) ) ;
#10834 = CARTESIAN_POINT ( 'NONE',  ( -5.127312328100000371, 3.648408764500000068, 50.00000000000000000 ) ) ;
#10835 = CARTESIAN_POINT ( 'NONE',  ( 7.554904497710896116, 62.46183506589945722, 50.00000000000000000 ) ) ;
#10836 = LINE ( 'NONE', #1507, #478 ) ;
#10837 = AXIS2_PLACEMENT_3D ( 'NONE', #5157, #10572, #1636 ) ;
#10838 = ORIENTED_EDGE ( 'NONE', *, *, #230, .T. ) ;
#10839 = LINE ( 'NONE', #3980, #3282 ) ;
#10840 = CYLINDRICAL_SURFACE ( 'NONE', #10105, 0.5000000000000281997 ) ;
#10841 = VERTEX_POINT ( 'NONE', #8946 ) ;
#10842 = VERTEX_POINT ( 'NONE', #5284 ) ;
#10843 = DIRECTION ( 'NONE',  ( -0.0000000000000000000, -0.0000000000000000000, -1.000000000000000000 ) ) ;
#10844 = EDGE_CURVE ( 'NONE', #5609, #11025, #8417, .T. ) ;
#10845 = CARTESIAN_POINT ( 'NONE',  ( 12.97268767190506011, 15.04840876450875697, 50.00000000000000000 ) ) ;
#10847 = VECTOR ( 'NONE', #9655, 1000.000000000000000 ) ;
#10846 = CARTESIAN_POINT ( 'NONE',  ( 27.67268767190000389, 65.04840876449999598, 50.00000000000000000 ) ) ;
#10848 = DIRECTION ( 'NONE',  ( 1.000000000000000000, 0.0000000000000000000, 0.0000000000000000000 ) ) ;
#10849 = VERTEX_POINT ( 'NONE', #1807 ) ;
#10850 = LINE ( 'NONE', #4157, #7649 ) ;
#10851 = ORIENTED_EDGE ( 'NONE', *, *, #7387, .F. ) ;
#10852 = ORIENTED_EDGE ( 'NONE', *, *, #8808, .F. ) ;
#10853 = ORIENTED_EDGE ( 'NONE', *, *, #10786, .T. ) ;
#10854 = AXIS2_PLACEMENT_3D ( 'NONE', #10139, #8265, #1079 ) ;
#10855 = CARTESIAN_POINT ( 'NONE',  ( 28.47268767190000105, 20.04840876449999953, -50.00000000000000000 ) ) ;
#10856 = CARTESIAN_POINT ( 'NONE',  ( 30.47268767190000460, 62.54840876450001730, 50.00000000000000000 ) ) ;
#10857 = CARTESIAN_POINT ( 'NONE',  ( 18.16884009460000016, 52.54840876450000309, -50.00000000000000000 ) ) ;
#10858 = FACE_OUTER_BOUND ( 'NONE', #3944, .T. ) ;
#10859 = ORIENTED_EDGE ( 'NONE', *, *, #400, .T. ) ;
#10860 = DIRECTION ( 'NONE',  ( 1.000000000000000000, 0.0000000000000000000, 0.0000000000000000000 ) ) ;
#10861 = LINE ( 'NONE', #9327, #2035 ) ;
#10862 = ORIENTED_EDGE ( 'NONE', *, *, #121, .T. ) ;
#10863 = EDGE_CURVE ( 'NONE', #5199, #10206, #4061, .T. ) ;
#10864 = AXIS2_PLACEMENT_3D ( 'NONE', #6454, #2927, #5468 ) ;
#10865 = DIRECTION ( 'NONE',  ( -0.0000000000000000000, -0.0000000000000000000, -1.000000000000000000 ) ) ;
#10866 = ORIENTED_EDGE ( 'NONE', *, *, #10824, .T. ) ;
#10867 = EDGE_CURVE ( 'NONE', #1010, #10605, #3482, .T. ) ;
#10868 = DIRECTION ( 'NONE',  ( 1.000000000000000000, 0.0000000000000000000, 0.0000000000000000000 ) ) ;
#10869 = VECTOR ( 'NONE', #4090, 1000.000000000000000 ) ;
#10870 = AXIS2_PLACEMENT_3D ( 'NONE', #7249, #3593, #4458 ) ;
#10871 = ORIENTED_EDGE ( 'NONE', *, *, #11051, .F. ) ;
#10872 = CARTESIAN_POINT ( 'NONE',  ( 15.47268767189999927, 20.24456118719999864, 50.00000000000000000 ) ) ;
#10873 = VERTEX_POINT ( 'NONE', #9994 ) ;
#10874 = CYLINDRICAL_SURFACE ( 'NONE', #2680, 0.4999999999999935052 ) ;
#10875 = DIRECTION ( 'NONE',  ( -0.0000000000000000000, -0.0000000000000000000, -1.000000000000000000 ) ) ;
#10876 = EDGE_CURVE ( 'NONE', #8351, #2210, #2099, .T. ) ;
#10877 = DIRECTION ( 'NONE',  ( -1.000000000000000000, -0.0000000000000000000, -0.0000000000000000000 ) ) ;
#10878 = AXIS2_PLACEMENT_3D ( 'NONE', #1257, #4704, #4668 ) ;
#10879 = ADVANCED_FACE ( 'NONE', ( #2508 ), #1, .T. ) ;
#10880 = FACE_OUTER_BOUND ( 'NONE', #2591, .T. ) ;
#10881 = ORIENTED_EDGE ( 'NONE', *, *, #2079, .F. ) ;
#10882 = ORIENTED_EDGE ( 'NONE', *, *, #8726, .T. ) ;
#10883 = VECTOR ( 'NONE', #8674, 1000.000000000000000 ) ;
#10884 = DIRECTION ( 'NONE',  ( 1.000000000000000000, 0.0000000000000000000, 0.0000000000000000000 ) ) ;
#10885 = EDGE_CURVE ( 'NONE', #9111, #7358, #419, .T. ) ;
#10886 = CARTESIAN_POINT ( 'NONE',  ( 2.335395080400000101, 5.321026057900000161, 50.00000000000000000 ) ) ;
#10887 = DIRECTION ( 'NONE',  ( 0.0000000000000000000, -1.000000000000000000, 0.0000000000000000000 ) ) ;
#10888 = ORIENTED_EDGE ( 'NONE', *, *, #9619, .T. ) ;
#10889 = DIRECTION ( 'NONE',  ( -0.0000000000000000000, -0.0000000000000000000, -1.000000000000000000 ) ) ;
#10890 = VECTOR ( 'NONE', #5138, 1000.000000000000000 ) ;
#10891 = ORIENTED_EDGE ( 'NONE', *, *, #9853, .F. ) ;
#10892 = ORIENTED_EDGE ( 'NONE', *, *, #7152, .F. ) ;
#10893 = EDGE_CURVE ( 'NONE', #161, #10219, #5881, .T. ) ;
#10894 = CARTESIAN_POINT ( 'NONE',  ( 8.389144579841424587, 6.510685578272299878, 50.00000000000000000 ) ) ;
#10895 = AXIS2_PLACEMENT_3D ( 'NONE', #4246, #606, #3406 ) ;
#10896 = DIRECTION ( 'NONE',  ( 0.0000000000000000000, 0.0000000000000000000, 1.000000000000000000 ) ) ;
#10897 = DIRECTION ( 'NONE',  ( -0.0000000000000000000, -0.0000000000000000000, -1.000000000000000000 ) ) ;
#10898 = CIRCLE ( 'NONE', #8769, 2.599999999999994760 ) ;
#10899 = EDGE_LOOP ( 'NONE', ( #2974, #3970, #6840, #5464 ) ) ;
#10900 = CARTESIAN_POINT ( 'NONE',  ( 15.47268767189999927, 20.54840876449999953, 50.00000000000000000 ) ) ;
#10901 = CIRCLE ( 'NONE', #328, 26.40000000000919300 ) ;
#10902 = ORIENTED_EDGE ( 'NONE', *, *, #421, .F. ) ;
#10903 = AXIS2_PLACEMENT_3D ( 'NONE', #6595, #10017, #9264 ) ;
#10904 = CARTESIAN_POINT ( 'NONE',  ( 5.800182131532053198, 49.45185985830755016, -50.00000000000000000 ) ) ;
#10905 = FACE_OUTER_BOUND ( 'NONE', #8383, .T. ) ;
#10906 = ORIENTED_EDGE ( 'NONE', *, *, #11544, .F. ) ;
#10907 = DIRECTION ( 'NONE',  ( 0.0000000000000000000, 0.0000000000000000000, 1.000000000000000000 ) ) ;
#10908 = PLANE ( 'NONE',  #1697 ) ;
#10909 = DIRECTION ( 'NONE',  ( -0.0000000000000000000, -0.0000000000000000000, -1.000000000000000000 ) ) ;
#10910 = CIRCLE ( 'NONE', #1193, 1.499999999999982236 ) ;
#10911 = ORIENTED_EDGE ( 'NONE', *, *, #3977, .T. ) ;
#10912 = FACE_OUTER_BOUND ( 'NONE', #2918, .T. ) ;
#10913 = ORIENTED_EDGE ( 'NONE', *, *, #2101, .F. ) ;
#10914 = AXIS2_PLACEMENT_3D ( 'NONE', #4480, #6288, #9614 ) ;
#10915 = DIRECTION ( 'NONE',  ( 0.0000000000000000000, 0.0000000000000000000, 1.000000000000000000 ) ) ;
#10916 = CARTESIAN_POINT ( 'NONE',  ( 24.37268767190000318, 0.3484087645000000233, -50.00000000000000000 ) ) ;
#10917 = DIRECTION ( 'NONE',  ( -0.0000000000000000000, -0.0000000000000000000, -1.000000000000000000 ) ) ;
#10918 = DIRECTION ( 'NONE',  ( -0.0000000000000000000, -0.0000000000000000000, -1.000000000000000000 ) ) ;
#10919 = DIRECTION ( 'NONE',  ( -0.0000000000000000000, -0.0000000000000000000, -1.000000000000000000 ) ) ;
#10920 = CIRCLE ( 'NONE', #10645, 0.4999999999999961142 ) ;
#10921 = CARTESIAN_POINT ( 'NONE',  ( 28.97268767189999394, 61.54840876450001019, 50.00000000000000000 ) ) ;
#10922 = ORIENTED_EDGE ( 'NONE', *, *, #5311, .T. ) ;
#10923 = DIRECTION ( 'NONE',  ( 0.0000000000000000000, 0.0000000000000000000, 1.000000000000000000 ) ) ;
#10924 = EDGE_CURVE ( 'NONE', #1950, #7126, #7857, .T. ) ;
#10925 = AXIS2_PLACEMENT_3D ( 'NONE', #3557, #6143, #6106 ) ;
#10926 = LINE ( 'NONE', #7389, #3091 ) ;
#10927 = ORIENTED_EDGE ( 'NONE', *, *, #1754, .F. ) ;
#10928 = CARTESIAN_POINT ( 'NONE',  ( 1.013769414307586381, 65.85832886109400874, 50.00000000000000000 ) ) ;
#10929 = DIRECTION ( 'NONE',  ( -0.0000000000000000000, -0.0000000000000000000, -1.000000000000000000 ) ) ;
#10930 = DIRECTION ( 'NONE',  ( 0.0000000000000000000, 0.0000000000000000000, -1.000000000000000000 ) ) ;
#10931 = ORIENTED_EDGE ( 'NONE', *, *, #6128, .F. ) ;
#10932 = EDGE_LOOP ( 'NONE', ( #9468, #3154, #5009, #3388 ) ) ;
#10933 = ADVANCED_FACE ( 'NONE', ( #3771 ), #128, .T. ) ;
#10934 = ORIENTED_EDGE ( 'NONE', *, *, #4072, .T. ) ;
#10935 = AXIS2_PLACEMENT_3D ( 'NONE', #8889, #5303, #8015 ) ;
#10936 = DIRECTION ( 'NONE',  ( 1.000000000000000000, 0.0000000000000000000, 0.0000000000000000000 ) ) ;
#10937 = LINE ( 'NONE', #2111, #2669 ) ;
#10938 = ORIENTED_EDGE ( 'NONE', *, *, #63, .T. ) ;
#10939 = EDGE_CURVE ( 'NONE', #4402, #412, #6020, .T. ) ;
#10940 = ORIENTED_EDGE ( 'NONE', *, *, #4565, .T. ) ;
#10941 = ORIENTED_EDGE ( 'NONE', *, *, #10467, .T. ) ;
#10942 = CARTESIAN_POINT ( 'NONE',  ( 32.97268767190000460, 9.548408764499999535, 50.00000000000000000 ) ) ;
#10943 = AXIS2_PLACEMENT_3D ( 'NONE', #2706, #8080, #11614 ) ;
#10944 = ORIENTED_EDGE ( 'NONE', *, *, #8547, .T. ) ;
#10945 = CARTESIAN_POINT ( 'NONE',  ( 18.47268767190000460, -3.451591235499994692, -50.00000000000000000 ) ) ;
#10946 = DIRECTION ( 'NONE',  ( 0.0000000000000000000, -0.0000000000000000000, -1.000000000000000000 ) ) ;
#10947 = DIRECTION ( 'NONE',  ( 1.000000000000000000, 0.0000000000000000000, 0.0000000000000000000 ) ) ;
#10948 = EDGE_CURVE ( 'NONE', #3097, #7003, #5741, .T. ) ;
#10949 = CIRCLE ( 'NONE', #8270, 26.40000000000100755 ) ;
#10950 = VERTEX_POINT ( 'NONE', #10957 ) ;
#10951 = CARTESIAN_POINT ( 'NONE',  ( 22.34651698800653108, 4.764669563492985205, -50.00000000000000000 ) ) ;
#10952 = ORIENTED_EDGE ( 'NONE', *, *, #1037, .T. ) ;
#10953 = DIRECTION ( 'NONE',  ( -0.0000000000000000000, -0.0000000000000000000, -1.000000000000000000 ) ) ;
#10954 = ORIENTED_EDGE ( 'NONE', *, *, #9236, .F. ) ;
#10955 = EDGE_CURVE ( 'NONE', #10742, #448, #7575, .T. ) ;
#10956 = DIRECTION ( 'NONE',  ( -1.000000000000000000, 0.0000000000000000000, 0.0000000000000000000 ) ) ;
#10957 = CARTESIAN_POINT ( 'NONE',  ( 28.47268767190000105, 21.54840876449999953, -50.00000000000000000 ) ) ;
#10958 = VECTOR ( 'NONE', #5285, 1000.000000000000000 ) ;
#10959 = VERTEX_POINT ( 'NONE', #5446 ) ;
#10960 = VERTEX_POINT ( 'NONE', #241 ) ;
#10961 = EDGE_CURVE ( 'NONE', #9691, #276, #5460, .T. ) ;
#10962 = ORIENTED_EDGE ( 'NONE', *, *, #2414, .T. ) ;
#10963 = PLANE ( 'NONE',  #4135 ) ;
#10964 = CARTESIAN_POINT ( 'NONE',  ( 17.97268767190000105, -0.4515912355000000211, -50.00000000000000000 ) ) ;
#10965 = PLANE ( 'NONE',  #6991 ) ;
#10966 = AXIS2_PLACEMENT_3D ( 'NONE', #10921, #9141, #5562 ) ;
#10967 = VECTOR ( 'NONE', #7044, 1000.000000000000000 ) ;
#10968 = ORIENTED_EDGE ( 'NONE', *, *, #4713, .T. ) ;
#10969 = CARTESIAN_POINT ( 'NONE',  ( 10.22268767190005256, 19.81154848530768575, 50.00000000000000000 ) ) ;
#10970 = ORIENTED_EDGE ( 'NONE', *, *, #1432, .T. ) ;
#10971 = LINE ( 'NONE', #5014, #2699 ) ;
#10972 = CARTESIAN_POINT ( 'NONE',  ( 23.60998026349999890, 5.321026057900000161, 50.00000000000000000 ) ) ;
#10973 = ORIENTED_EDGE ( 'NONE', *, *, #9997, .T. ) ;
#10974 = DIRECTION ( 'NONE',  ( 0.0000000000000000000, 0.0000000000000000000, 1.000000000000000000 ) ) ;
#10975 = CYLINDRICAL_SURFACE ( 'NONE', #8781, 0.4999999999999105715 ) ;
#10976 = LINE ( 'NONE', #2498, #4392 ) ;
#10977 = EDGE_CURVE ( 'NONE', #7640, #11292, #697, .T. ) ;
#10978 = AXIS2_PLACEMENT_3D ( 'NONE', #428, #2315, #1408 ) ;
#10979 = EDGE_LOOP ( 'NONE', ( #4794, #11222, #4841, #8210 ) ) ;
#10980 = PLANE ( 'NONE',  #4360 ) ;
#10981 = CARTESIAN_POINT ( 'NONE',  ( 23.28628890540853646, -13.56604450765714809, 50.00000000000000000 ) ) ;
#10982 = EDGE_CURVE ( 'NONE', #1545, #11038, #9950, .T. ) ;
#10983 = VECTOR ( 'NONE', #6323, 1000.000000000000000 ) ;
#10984 = EDGE_LOOP ( 'NONE', ( #769, #9966, #5919, #7635 ) ) ;
#10985 = CARTESIAN_POINT ( 'NONE',  ( 28.47268767190000105, 48.54840876450000309, -50.00000000000000000 ) ) ;
#10986 = VECTOR ( 'NONE', #5777, 1000.000000000000000 ) ;
#10987 = ORIENTED_EDGE ( 'NONE', *, *, #3913, .F. ) ;
#10988 = FILL_AREA_STYLE ('',( #6452 ) ) ;
#10989 = ORIENTED_EDGE ( 'NONE', *, *, #8597, .F. ) ;
#10990 = CARTESIAN_POINT ( 'NONE',  ( 2.516320966000005654, 66.65377363150000178, 50.00000000000000000 ) ) ;
#10991 = CARTESIAN_POINT ( 'NONE',  ( 29.47268767190000105, 59.04840876450000309, 50.00000000000000000 ) ) ;
#10992 = DIRECTION ( 'NONE',  ( -0.0000000000000000000, -0.0000000000000000000, -1.000000000000000000 ) ) ;
#10993 = CARTESIAN_POINT ( 'NONE',  ( -3.027312328099999839, 75.04840876449999598, 50.00000000000000000 ) ) ;
#10994 = AXIS2_PLACEMENT_3D ( 'NONE', #1757, #3595, #8899 ) ;
#10995 = DIRECTION ( 'NONE',  ( -1.000000000000000000, 0.0000000000000000000, 0.0000000000000000000 ) ) ;
#10996 = CARTESIAN_POINT ( 'NONE',  ( 10.97268767190000283, 20.54840876449999598, 50.00000000000000000 ) ) ;
#10997 = FACE_OUTER_BOUND ( 'NONE', #7245, .T. ) ;
#10998 = VERTEX_POINT ( 'NONE', #1958 ) ;
#10999 = ADVANCED_FACE ( 'NONE', ( #3082 ), #7002, .T. ) ;
#11000 = VECTOR ( 'NONE', #7412, 1000.000000000000000 ) ;
#11001 = ORIENTED_EDGE ( 'NONE', *, *, #6546, .F. ) ;
#11002 = VERTEX_POINT ( 'NONE', #4618 ) ;
#11003 = VERTEX_POINT ( 'NONE', #6429 ) ;
#11004 = EDGE_CURVE ( 'NONE', #3658, #2705, #11490, .T. ) ;
#11005 = DIRECTION ( 'NONE',  ( -0.0000000000000000000, -0.0000000000000000000, -1.000000000000000000 ) ) ;
#11006 = CARTESIAN_POINT ( 'NONE',  ( 31.57268767190000247, -0.9515912355000000211, -50.00000000000000000 ) ) ;
#11007 = DIRECTION ( 'NONE',  ( 0.0000000000000000000, -0.0000000000000000000, -1.000000000000000000 ) ) ;
#11008 = CYLINDRICAL_SURFACE ( 'NONE', #1904, 0.5000000000000923706 ) ;
#11009 = VERTEX_POINT ( 'NONE', #8201 ) ;
#11010 = LINE ( 'NONE', #10687, #5537 ) ;
#11011 = DIRECTION ( 'NONE',  ( 0.0000000000000000000, 0.0000000000000000000, 1.000000000000000000 ) ) ;
#11012 = AXIS2_PLACEMENT_3D ( 'NONE', #3449, #2552, #10621 ) ;
#11013 = DIRECTION ( 'NONE',  ( -0.0000000000000000000, -0.0000000000000000000, -1.000000000000000000 ) ) ;
#11014 = EDGE_CURVE ( 'NONE', #963, #11149, #9114, .T. ) ;
#11015 = CARTESIAN_POINT ( 'NONE',  ( 16.97268767190000105, -3.451591235500000021, 50.00000000000000000 ) ) ;
#11016 = DIRECTION ( 'NONE',  ( 1.000000000000000000, 0.0000000000000000000, 0.0000000000000000000 ) ) ;
#11017 = LINE ( 'NONE', #5016, #1058 ) ;
#11018 = EDGE_CURVE ( 'NONE', #5769, #2108, #9662, .T. ) ;
#11019 = EDGE_LOOP ( 'NONE', ( #6197, #9710, #7740, #1675 ) ) ;
#11020 = AXIS2_PLACEMENT_3D ( 'NONE', #7514, #5736, #536 ) ;
#11021 = CARTESIAN_POINT ( 'NONE',  ( 28.47268767190000105, 25.04840876449999953, -50.00000000000000000 ) ) ;
#11022 = ORIENTED_EDGE ( 'NONE', *, *, #10590, .T. ) ;
#11023 = FACE_BOUND ( 'NONE', #31, .T. ) ;
#11024 = EDGE_CURVE ( 'NONE', #7240, #4361, #1953, .T. ) ;
#11025 = VERTEX_POINT ( 'NONE', #6577 ) ;
#11026 = DIRECTION ( 'NONE',  ( -0.0000000000000000000, -0.0000000000000000000, -1.000000000000000000 ) ) ;
#11027 = DIRECTION ( 'NONE',  ( -1.000000000000000000, -0.0000000000000000000, -0.0000000000000000000 ) ) ;
#11028 = DIRECTION ( 'NONE',  ( -0.0000000000000000000, -0.0000000000000000000, -1.000000000000000000 ) ) ;
#11029 = VECTOR ( 'NONE', #1506, 1000.000000000000000 ) ;
#11030 = VERTEX_POINT ( 'NONE', #3878 ) ;
#11031 = EDGE_CURVE ( 'NONE', #10665, #7999, #1668, .T. ) ;
#11032 = VECTOR ( 'NONE', #3819, 1000.000000000000000 ) ;
#11033 = CARTESIAN_POINT ( 'NONE',  ( 20.47268767190000460, -2.451591235500000021, 50.00000000000000000 ) ) ;
#11034 = CARTESIAN_POINT ( 'NONE',  ( 2.335395080400000101, 5.321026057900000161, -50.00000000000000000 ) ) ;
#11035 = EDGE_CURVE ( 'NONE', #6890, #9404, #967, .T. ) ;
#11036 = AXIS2_PLACEMENT_3D ( 'NONE', #7137, #3520, #3411 ) ;
#11037 = VECTOR ( 'NONE', #1848, 1000.000000000000000 ) ;
#11038 = VERTEX_POINT ( 'NONE', #11078 ) ;
#11039 = ADVANCED_FACE ( 'NONE', ( #10912 ), #7428, .F. ) ;
#11040 = LINE ( 'NONE', #9164, #675 ) ;
#11041 = CARTESIAN_POINT ( 'NONE',  ( 23.60998026349999890, 5.321026057900000161, -50.00000000000000000 ) ) ;
#11042 = DIRECTION ( 'NONE',  ( 1.000000000000000000, 0.0000000000000000000, 0.0000000000000000000 ) ) ;
#11043 = VERTEX_POINT ( 'NONE', #3027 ) ;
#11044 = AXIS2_PLACEMENT_3D ( 'NONE', #100, #1002, #8379 ) ;
#11045 = CARTESIAN_POINT ( 'NONE',  ( 15.17268767189952072, 66.79840876449964071, 50.00000000000000000 ) ) ;
#11046 = DIRECTION ( 'NONE',  ( -0.0000000000000000000, -0.0000000000000000000, -1.000000000000000000 ) ) ;
#11047 = VECTOR ( 'NONE', #2422, 1000.000000000000000 ) ;
#11048 = ORIENTED_EDGE ( 'NONE', *, *, #2475, .T. ) ;
#11049 = CARTESIAN_POINT ( 'NONE',  ( 28.47268767190000460, 7.548408764500005752, 50.00000000000000000 ) ) ;
#11050 = ADVANCED_FACE ( 'NONE', ( #1254 ), #2932, .F. ) ;
#11051 = EDGE_CURVE ( 'NONE', #7663, #1049, #5032, .T. ) ;
#11052 = VECTOR ( 'NONE', #447, 1000.000000000000000 ) ;
#11053 = CARTESIAN_POINT ( 'NONE',  ( 31.57268767190000247, 71.04840876449999598, 50.00000000000000000 ) ) ;
#11054 = CARTESIAN_POINT ( 'NONE',  ( 17.97268767190000105, -0.4515912355000002432, 50.00000000000000000 ) ) ;
#11055 = ADVANCED_FACE ( 'NONE', ( #8556 ), #10770, .T. ) ;
#11056 = DIRECTION ( 'NONE',  ( -0.0000000000000000000, -0.0000000000000000000, -1.000000000000000000 ) ) ;
#11057 = LINE ( 'NONE', #11120, #4469 ) ;
#11058 = ORIENTED_EDGE ( 'NONE', *, *, #10867, .T. ) ;
#11059 = CARTESIAN_POINT ( 'NONE',  ( 2.188948471026993303, 64.42223808054043843, -50.00000000000000000 ) ) ;
#11060 = CIRCLE ( 'NONE', #6226, 2.500000000000015987 ) ;
#11061 = AXIS2_PLACEMENT_3D ( 'NONE', #5358, #6343, #10759 ) ;
#11062 = VERTEX_POINT ( 'NONE', #5752 ) ;
#11063 = CARTESIAN_POINT ( 'NONE',  ( 28.97268767190000816, -0.9515912355000095690, 50.00000000000000000 ) ) ;
#11064 = DIRECTION ( 'NONE',  ( 1.000000000000000000, 0.0000000000000000000, 0.0000000000000000000 ) ) ;
#11065 = CARTESIAN_POINT ( 'NONE',  ( 8.972687671899999273, -3.451591235500000021, 50.00000000000000000 ) ) ;
#11066 = CARTESIAN_POINT ( 'NONE',  ( 15.17268767189952072, 66.79840876449964071, -50.00000000000000000 ) ) ;
#11067 = DIRECTION ( 'NONE',  ( -0.0000000000000000000, -0.0000000000000000000, -1.000000000000000000 ) ) ;
#11068 = DIRECTION ( 'NONE',  ( 1.000000000000000000, 0.0000000000000000000, 0.0000000000000000000 ) ) ;
#11069 = CIRCLE ( 'NONE', #8516, 3.399999999999621103 ) ;
#11070 = VERTEX_POINT ( 'NONE', #7530 ) ;
#11071 = CARTESIAN_POINT ( 'NONE',  ( -3.527312328099999839, 59.04840876450000309, 50.00000000000000000 ) ) ;
#11072 = FACE_OUTER_BOUND ( 'NONE', #10724, .T. ) ;
#11073 = VERTEX_POINT ( 'NONE', #4887 ) ;
#11074 = ORIENTED_EDGE ( 'NONE', *, *, #7039, .T. ) ;
#11075 = AXIS2_PLACEMENT_3D ( 'NONE', #8470, #4924, #7657 ) ;
#11076 = FACE_OUTER_BOUND ( 'NONE', #9285, .T. ) ;
#11077 = EDGE_LOOP ( 'NONE', ( #9775, #6857, #7768, #4711 ) ) ;
#11078 = CARTESIAN_POINT ( 'NONE',  ( 30.97268767190000816, 7.548408764500005752, 50.00000000000000000 ) ) ;
#11079 = CARTESIAN_POINT ( 'NONE',  ( 18.47268767190000105, 75.04840876449999598, -50.00000000000000000 ) ) ;
#11080 = CARTESIAN_POINT ( 'NONE',  ( 5.972687671900000161, 72.54840876449999598, -50.00000000000000000 ) ) ;
#11081 = VERTEX_POINT ( 'NONE', #7451 ) ;
#11082 = ORIENTED_EDGE ( 'NONE', *, *, #3730, .F. ) ;
#11083 = ORIENTED_EDGE ( 'NONE', *, *, #3151, .T. ) ;
#11084 = CARTESIAN_POINT ( 'NONE',  ( 16.37268767189999963, 55.04840876449999598, -50.00000000000000000 ) ) ;
#11085 = EDGE_CURVE ( 'NONE', #1605, #4529, #11057, .T. ) ;
#11086 = AXIS2_PLACEMENT_3D ( 'NONE', #1284, #5953, #9491 ) ;
#11087 = CARTESIAN_POINT ( 'NONE',  ( 1.072687671899999806, -3.551591235500000554, 50.00000000000000000 ) ) ;
#11088 = CIRCLE ( 'NONE', #1580, 3.999999999999785061 ) ;
#11089 = VERTEX_POINT ( 'NONE', #2151 ) ;
#11090 = ORIENTED_EDGE ( 'NONE', *, *, #8649, .F. ) ;
#11091 = CARTESIAN_POINT ( 'NONE',  ( 30.97268767190001526, 47.54840876450001730, 50.00000000000000000 ) ) ;
#11092 = DIRECTION ( 'NONE',  ( -1.000000000000000000, 0.0000000000000000000, 0.0000000000000000000 ) ) ;
#11093 = ORIENTED_EDGE ( 'NONE', *, *, #8707, .T. ) ;
#11094 = AXIS2_PLACEMENT_3D ( 'NONE', #2605, #3624, #8926 ) ;
#11095 = DIRECTION ( 'NONE',  ( 1.000000000000000000, 0.0000000000000000000, 0.0000000000000000000 ) ) ;
#11096 = ADVANCED_FACE ( 'NONE', ( #7283 ), #9104, .T. ) ;
#11097 = EDGE_CURVE ( 'NONE', #11038, #1717, #6994, .T. ) ;
#11098 = LINE ( 'NONE', #5956, #3669 ) ;
#11099 = ORIENTED_EDGE ( 'NONE', *, *, #2604, .F. ) ;
#11100 = CYLINDRICAL_SURFACE ( 'NONE', #10878, 25.00000000000180833 ) ;
#11101 = ORIENTED_EDGE ( 'NONE', *, *, #8176, .F. ) ;
#11102 = DIRECTION ( 'NONE',  ( 0.0000000000000000000, 0.0000000000000000000, 1.000000000000000000 ) ) ;
#11103 = AXIS2_PLACEMENT_3D ( 'NONE', #2613, #3629, #6219 ) ;
#11104 = CARTESIAN_POINT ( 'NONE',  ( -2.527312328099999839, 65.04840876449999598, -50.00000000000000000 ) ) ;
#11105 = CARTESIAN_POINT ( 'NONE',  ( 25.43427562374595041, 25.99450983246703828, -50.00000000000000000 ) ) ;
#11106 = ORIENTED_EDGE ( 'NONE', *, *, #5170, .F. ) ;
#11107 = ADVANCED_FACE ( 'NONE', ( #6292 ), #4885, .F. ) ;
#11108 = CARTESIAN_POINT ( 'NONE',  ( 15.47268767189999927, 60.95289766620000194, 50.00000000000000000 ) ) ;
#11109 = CARTESIAN_POINT ( 'NONE',  ( 10.97268767189999927, 49.04840876450001019, -50.00000000000000000 ) ) ;
#11110 = CYLINDRICAL_SURFACE ( 'NONE', #7170, 5.399999999998340350 ) ;
#11111 = CARTESIAN_POINT ( 'NONE',  ( 2.659086438625821280, 83.66286203683399947, -50.00000000000000000 ) ) ;
#11112 = VECTOR ( 'NONE', #6043, 1000.000000000000000 ) ;
#11113 = DIRECTION ( 'NONE',  ( -0.0000000000000000000, -0.0000000000000000000, -1.000000000000000000 ) ) ;
#11114 = LINE ( 'NONE', #3938, #5938 ) ;
#11115 = ORIENTED_EDGE ( 'NONE', *, *, #904, .F. ) ;
#11116 = VECTOR ( 'NONE', #10807, 1000.000000000000000 ) ;
#11117 = ADVANCED_FACE ( 'NONE', ( #1812 ), #5161, .F. ) ;
#11118 = EDGE_LOOP ( 'NONE', ( #7174, #7894, #1591, #5117 ) ) ;
#11119 = DIRECTION ( 'NONE',  ( -0.0000000000000000000, -0.0000000000000000000, -1.000000000000000000 ) ) ;
#11120 = CARTESIAN_POINT ( 'NONE',  ( 7.972687671900000161, 70.54840876449999598, 50.00000000000000000 ) ) ;
#11121 = EDGE_CURVE ( 'NONE', #2217, #6486, #4604, .T. ) ;
#11122 = VECTOR ( 'NONE', #505, 1000.000000000000000 ) ;
#11123 = EDGE_LOOP ( 'NONE', ( #9056, #6052, #5322, #4773 ) ) ;
#11124 = AXIS2_PLACEMENT_3D ( 'NONE', #1426, #11262, #5889 ) ;
#11125 = CIRCLE ( 'NONE', #1622, 0.4999999999999449329 ) ;
#11126 = ORIENTED_EDGE ( 'NONE', *, *, #3302, .F. ) ;
#11127 = ORIENTED_EDGE ( 'NONE', *, *, #3311, .F. ) ;
#11128 = DIRECTION ( 'NONE',  ( 1.000000000000000000, 0.0000000000000000000, 0.0000000000000000000 ) ) ;
#11129 = CARTESIAN_POINT ( 'NONE',  ( 28.47268767190001171, 62.54840876449998888, 50.00000000000000000 ) ) ;
#11130 = DIRECTION ( 'NONE',  ( 0.0000000000000000000, -0.0000000000000000000, -1.000000000000000000 ) ) ;
#11131 = FACE_OUTER_BOUND ( 'NONE', #2283, .T. ) ;
#11132 = AXIS2_PLACEMENT_3D ( 'NONE', #10396, #11306, #10443 ) ;
#11133 = EDGE_LOOP ( 'NONE', ( #7175, #7244, #9337, #4656 ) ) ;
#11134 = DIRECTION ( 'NONE',  ( -0.0000000000000000000, -0.0000000000000000000, -1.000000000000000000 ) ) ;
#11135 = CIRCLE ( 'NONE', #597, 0.5000000000000125455 ) ;
#11136 = EDGE_LOOP ( 'NONE', ( #2126, #6512, #793, #5685 ) ) ;
#11137 = ADVANCED_FACE ( 'NONE', ( #8407 ), #2786, .F. ) ;
#11138 = ORIENTED_EDGE ( 'NONE', *, *, #11204, .F. ) ;
#11139 = ORIENTED_EDGE ( 'NONE', *, *, #2190, .T. ) ;
#11140 = FACE_OUTER_BOUND ( 'NONE', #10304, .T. ) ;
#11141 = ORIENTED_EDGE ( 'NONE', *, *, #10982, .F. ) ;
#11142 =( LENGTH_UNIT ( ) NAMED_UNIT ( * ) SI_UNIT ( .MILLI., .METRE. ) );
#11143 = LINE ( 'NONE', #1806, #1747 ) ;
#11144 = DIRECTION ( 'NONE',  ( -0.0000000000000000000, -0.0000000000000000000, -1.000000000000000000 ) ) ;
#11145 = ORIENTED_EDGE ( 'NONE', *, *, #421, .T. ) ;
#11146 = DIRECTION ( 'NONE',  ( -1.000000000000000000, 0.0000000000000000000, 0.0000000000000000000 ) ) ;
#11147 = DIRECTION ( 'NONE',  ( 1.000000000000000000, 0.0000000000000000000, 0.0000000000000000000 ) ) ;
#11148 = DIRECTION ( 'NONE',  ( -1.000000000000000000, 0.0000000000000000000, 0.0000000000000000000 ) ) ;
#11149 = VERTEX_POINT ( 'NONE', #9447 ) ;
#11150 = AXIS2_PLACEMENT_3D ( 'NONE', #10556, #688, #5220 ) ;
#11151 = CARTESIAN_POINT ( 'NONE',  ( 28.47268767190010763, 29.24840876449989580, -50.00000000000000000 ) ) ;
#11152 = CIRCLE ( 'NONE', #4460, 3.399999999963466912 ) ;
#11153 = ORIENTED_EDGE ( 'NONE', *, *, #2871, .T. ) ;
#11154 = ORIENTED_EDGE ( 'NONE', *, *, #3459, .T. ) ;
#11155 = VECTOR ( 'NONE', #5624, 1000.000000000000000 ) ;
#11156 = ADVANCED_FACE ( 'NONE', ( #2227 ), #11358, .T. ) ;
#11157 = EDGE_CURVE ( 'NONE', #7055, #11565, #9532, .T. ) ;
#11158 = DIRECTION ( 'NONE',  ( -0.0000000000000000000, -0.0000000000000000000, -1.000000000000000000 ) ) ;
#11159 = DIRECTION ( 'NONE',  ( -1.000000000000000000, 0.0000000000000000000, 0.0000000000000000000 ) ) ;
#11160 = CARTESIAN_POINT ( 'NONE',  ( 24.37268767190000318, 73.14840876450000451, -50.00000000000000000 ) ) ;
#11161 = DIRECTION ( 'NONE',  ( 1.000000000000000000, 0.0000000000000000000, 0.0000000000000000000 ) ) ;
#11162 = CARTESIAN_POINT ( 'NONE',  ( 28.97268767189997618, 71.04840876449998177, 50.00000000000000000 ) ) ;
#11163 = CARTESIAN_POINT ( 'NONE',  ( 31.07268767190005931, 66.94840876449994482, -50.00000000000000000 ) ) ;
#11164 = ADVANCED_FACE ( 'NONE', ( #10223 ), #2503, .T. ) ;
#11165 = CIRCLE ( 'NONE', #11518, 0.4999999999999900080 ) ;
#11166 = AXIS2_PLACEMENT_3D ( 'NONE', #7020, #8869, #6157 ) ;
#11167 = ORIENTED_EDGE ( 'NONE', *, *, #10221, .F. ) ;
#11168 = VERTEX_POINT ( 'NONE', #5954 ) ;
#11169 = CIRCLE ( 'NONE', #9374, 26.40000000000919300 ) ;
#11170 = CARTESIAN_POINT ( 'NONE',  ( 18.87717657363040757, 58.04840876449998177, 50.00000000000000000 ) ) ;
#11171 = EDGE_CURVE ( 'NONE', #5671, #8578, #7980, .T. ) ;
#11172 = CARTESIAN_POINT ( 'NONE',  ( 25.24118836479955874, 65.46569835309439611, 50.00000000000000000 ) ) ;
#11173 = DIRECTION ( 'NONE',  ( 0.0000000000000000000, 0.0000000000000000000, 1.000000000000000000 ) ) ;
#11174 = ORIENTED_EDGE ( 'NONE', *, *, #11482, .F. ) ;
#11175 = ADVANCED_FACE ( 'NONE', ( #1241 ), #1446, .F. ) ;
#11176 = DIRECTION ( 'NONE',  ( 0.0000000000000000000, 0.0000000000000000000, 1.000000000000000000 ) ) ;
#11177 = EDGE_CURVE ( 'NONE', #6209, #8606, #4202, .T. ) ;
#11178 = AXIS2_PLACEMENT_3D ( 'NONE', #711, #4247, #8480 ) ;
#11179 = CARTESIAN_POINT ( 'NONE',  ( 7.972687671899985951, -1.451591235500013122, 50.00000000000000000 ) ) ;
#11180 = VECTOR ( 'NONE', #9316, 1000.000000000000000 ) ;
#11181 = ORIENTED_EDGE ( 'NONE', *, *, #292, .T. ) ;
#11182 = EDGE_CURVE ( 'NONE', #11389, #762, #406, .T. ) ;
#11183 = DIRECTION ( 'NONE',  ( 0.0000000000000000000, 0.0000000000000000000, 1.000000000000000000 ) ) ;
#11184 = CYLINDRICAL_SURFACE ( 'NONE', #9598, 26.70000000000322160 ) ;
#11185 = ORIENTED_EDGE ( 'NONE', *, *, #6671, .F. ) ;
#11186 = FILL_AREA_STYLE ('',( #3901 ) ) ;
#11187 = CARTESIAN_POINT ( 'NONE',  ( 17.73582739271387609, 12.29840876450030862, 50.00000000000000000 ) ) ;
#11188 = DIRECTION ( 'NONE',  ( -0.0000000000000000000, -0.0000000000000000000, -1.000000000000000000 ) ) ;
#11189 = DIRECTION ( 'NONE',  ( 0.0000000000000000000, 0.0000000000000000000, 1.000000000000000000 ) ) ;
#11190 = EDGE_CURVE ( 'NONE', #2684, #2980, #9652, .T. ) ;
#11191 = LINE ( 'NONE', #2243, #7559 ) ;
#11192 = ORIENTED_EDGE ( 'NONE', *, *, #9606, .T. ) ;
#11193 = EDGE_CURVE ( 'NONE', #4651, #2740, #3222, .T. ) ;
#11194 = AXIS2_PLACEMENT_3D ( 'NONE', #7236, #1855, #8171 ) ;
#11195 = ADVANCED_FACE ( 'NONE', ( #7138 ), #10087, .T. ) ;
#11196 = LINE ( 'NONE', #11071, #4462 ) ;
#11197 = ORIENTED_EDGE ( 'NONE', *, *, #2, .T. ) ;
#11198 = DIRECTION ( 'NONE',  ( 1.000000000000000000, 0.0000000000000000000, 0.0000000000000000000 ) ) ;
#11199 = DIRECTION ( 'NONE',  ( -0.7071067811476906551, -0.7071067812254043794, 0.0000000000000000000 ) ) ;
#11200 = DIRECTION ( 'NONE',  ( -0.0000000000000000000, -0.0000000000000000000, -1.000000000000000000 ) ) ;
#11201 = CARTESIAN_POINT ( 'NONE',  ( -5.527312328099999839, 51.04840876450000309, 50.00000000000000000 ) ) ;
#11202 = CYLINDRICAL_SURFACE ( 'NONE', #3230, 1.500000000000008216 ) ;
#11203 = ORIENTED_EDGE ( 'NONE', *, *, #2400, .T. ) ;
#11204 = EDGE_CURVE ( 'NONE', #6368, #7055, #6011, .T. ) ;
#11205 = PLANE ( 'NONE',  #7405 ) ;
#11206 = CARTESIAN_POINT ( 'NONE',  ( 15.72268767189988203, 59.81154848530758983, -50.00000000000000000 ) ) ;
#11207 = VECTOR ( 'NONE', #3478, 1000.000000000000000 ) ;
#11208 = EDGE_LOOP ( 'NONE', ( #8753, #4336, #11392, #1988 ) ) ;
#11209 = EDGE_CURVE ( 'NONE', #6717, #189, #7849, .T. ) ;
#11210 = DIRECTION ( 'NONE',  ( -1.000000000000000000, 0.0000000000000000000, 0.0000000000000000000 ) ) ;
#11211 = DIRECTION ( 'NONE',  ( -0.0000000000000000000, -0.0000000000000000000, -1.000000000000000000 ) ) ;
#11212 = CARTESIAN_POINT ( 'NONE',  ( 7.370858131500005683, 18.04840876449995690, -50.00000000000000000 ) ) ;
#11213 = VECTOR ( 'NONE', #6338, 1000.000000000000000 ) ;
#11214 = CARTESIAN_POINT ( 'NONE',  ( -0.5173598696381956907, 5.455921700733830093, -50.00000000000000000 ) ) ;
#11215 = EDGE_LOOP ( 'NONE', ( #10545, #11099, #1053, #9904 ) ) ;
#11216 = ORIENTED_EDGE ( 'NONE', *, *, #5936, .T. ) ;
#11217 = ADVANCED_FACE ( 'NONE', ( #9941 ), #5003, .F. ) ;
#11218 = VECTOR ( 'NONE', #6908, 1000.000000000000000 ) ;
#11219 = ORIENTED_EDGE ( 'NONE', *, *, #10718, .T. ) ;
#11220 = AXIS2_PLACEMENT_3D ( 'NONE', #1875, #941, #10681 ) ;
#11221 = VERTEX_POINT ( 'NONE', #6818 ) ;
#11222 = ORIENTED_EDGE ( 'NONE', *, *, #8845, .F. ) ;
#11223 = DIRECTION ( 'NONE',  ( -0.0000000000000000000, -0.0000000000000000000, -1.000000000000000000 ) ) ;
#11224 = DIRECTION ( 'NONE',  ( 0.0000000000000000000, 0.0000000000000000000, 1.000000000000000000 ) ) ;
#11225 = ORIENTED_EDGE ( 'NONE', *, *, #3286, .T. ) ;
#11226 = DIRECTION ( 'NONE',  ( -0.0000000000000000000, -0.0000000000000000000, -1.000000000000000000 ) ) ;
#11227 = ADVANCED_FACE ( 'NONE', ( #5591 ), #268, .T. ) ;
#11228 = DIRECTION ( 'NONE',  ( 0.0000000000000000000, 0.0000000000000000000, 1.000000000000000000 ) ) ;
#11229 = DIRECTION ( 'NONE',  ( 0.0000000000000000000, 0.0000000000000000000, 1.000000000000000000 ) ) ;
#11230 = EDGE_CURVE ( 'NONE', #6461, #4037, #7717, .T. ) ;
#11231 = FACE_OUTER_BOUND ( 'NONE', #8168, .T. ) ;
#11232 = ORIENTED_EDGE ( 'NONE', *, *, #9842, .T. ) ;
#11233 = CARTESIAN_POINT ( 'NONE',  ( 18.39047084619495465, 62.46183506590183043, 50.00000000000000000 ) ) ;
#11234 = DIRECTION ( 'NONE',  ( -0.0000000000000000000, -0.0000000000000000000, -1.000000000000000000 ) ) ;
#11235 = ADVANCED_FACE ( 'NONE', ( #8965 ), #814, .F. ) ;
#11236 = VERTEX_POINT ( 'NONE', #9704 ) ;
#11237 = ORIENTED_EDGE ( 'NONE', *, *, #3330, .T. ) ;
#11238 = ORIENTED_EDGE ( 'NONE', *, *, #4949, .F. ) ;
#11239 = AXIS2_PLACEMENT_3D ( 'NONE', #11049, #7457, #7342 ) ;
#11240 = DIRECTION ( 'NONE',  ( 1.000000000000000000, 0.0000000000000000000, 0.0000000000000000000 ) ) ;
#11241 = CARTESIAN_POINT ( 'NONE',  ( 24.87268767190000673, -3.051591235499996557, 50.00000000000000000 ) ) ;
#11242 = CARTESIAN_POINT ( 'NONE',  ( 8.972687671899999273, -1.451591235500000021, -50.00000000000000000 ) ) ;
#11243 = CARTESIAN_POINT ( 'NONE',  ( -5.127312328099986161, 66.94840876450001588, 50.00000000000000000 ) ) ;
#11244 = DIRECTION ( 'NONE',  ( 1.000000000000000000, 0.0000000000000000000, 0.0000000000000000000 ) ) ;
#11245 = CYLINDRICAL_SURFACE ( 'NONE', #10071, 0.5000000000000675016 ) ;
#11246 = ORIENTED_EDGE ( 'NONE', *, *, #6442, .T. ) ;
#11247 = EDGE_LOOP ( 'NONE', ( #10851, #9605, #7391, #2738 ) ) ;
#11248 = EDGE_CURVE ( 'NONE', #3299, #2730, #5306, .T. ) ;
#11249 = CARTESIAN_POINT ( 'NONE',  ( -3.027312328100002059, 8.548408764500001311, 50.00000000000000000 ) ) ;
#11250 = DIRECTION ( 'NONE',  ( -1.000000000000000000, 0.0000000000000000000, 0.0000000000000000000 ) ) ;
#11251 = ORIENTED_EDGE ( 'NONE', *, *, #7353, .F. ) ;
#11252 = EDGE_CURVE ( 'NONE', #8113, #10842, #2380, .T. ) ;
#11253 = AXIS2_PLACEMENT_3D ( 'NONE', #7397, #8298, #2921 ) ;
#11254 = CARTESIAN_POINT ( 'NONE',  ( 1.572687671900000028, 69.74840876449999882, 50.00000000000000000 ) ) ;
#11255 = CYLINDRICAL_SURFACE ( 'NONE', #5698, 1.999999999999850786 ) ;
#11256 = CARTESIAN_POINT ( 'NONE',  ( 8.972687671900001050, 73.54840876449999598, -50.00000000000000000 ) ) ;
#11257 = EDGE_LOOP ( 'NONE', ( #7254, #9874, #3873, #6586 ) ) ;
#11258 = ORIENTED_EDGE ( 'NONE', *, *, #9985, .T. ) ;
#11259 = EDGE_CURVE ( 'NONE', #8094, #2078, #11479, .T. ) ;
#11260 = CIRCLE ( 'NONE', #1269, 4.000000000000003553 ) ;
#11261 = ORIENTED_EDGE ( 'NONE', *, *, #4956, .T. ) ;
#11262 = DIRECTION ( 'NONE',  ( -0.0000000000000000000, -0.0000000000000000000, -1.000000000000000000 ) ) ;
#11263 = ADVANCED_FACE ( 'NONE', ( #11347 ), #7087, .F. ) ;
#11264 = AXIS2_PLACEMENT_3D ( 'NONE', #3200, #1236, #7521 ) ;
#11265 = ORIENTED_EDGE ( 'NONE', *, *, #5636, .F. ) ;
#11266 = EDGE_CURVE ( 'NONE', #2555, #386, #3071, .T. ) ;
#11267 = CIRCLE ( 'NONE', #10765, 1.500000000000008216 ) ;
#11268 = ORIENTED_EDGE ( 'NONE', *, *, #1219, .F. ) ;
#11269 = VECTOR ( 'NONE', #7104, 1000.000000000000000 ) ;
#11270 = CIRCLE ( 'NONE', #3876, 3.399999999971573317 ) ;
#11271 = AXIS2_PLACEMENT_3D ( 'NONE', #5650, #283, #9190 ) ;
#11272 = EDGE_LOOP ( 'NONE', ( #11258, #681, #1441, #1543 ) ) ;
#11273 = CARTESIAN_POINT ( 'NONE',  ( -1.727312328100000016, 66.44840876450000167, 50.00000000000000000 ) ) ;
#11274 = CARTESIAN_POINT ( 'NONE',  ( -2.527312328099984295, 40.84840876449998603, 50.00000000000000000 ) ) ;
#11275 = LINE ( 'NONE', #6602, #10430 ) ;
#11276 = DIRECTION ( 'NONE',  ( -0.0000000000000000000, -0.0000000000000000000, -1.000000000000000000 ) ) ;
#11277 = EDGE_CURVE ( 'NONE', #9959, #10614, #689, .T. ) ;
#11278 = DIRECTION ( 'NONE',  ( 1.000000000000000000, 0.0000000000000000000, 0.0000000000000000000 ) ) ;
#11279 = CARTESIAN_POINT ( 'NONE',  ( -1.727312328100000016, 3.648408764500000512, 50.00000000000000000 ) ) ;
#11280 = VECTOR ( 'NONE', #9738, 1000.000000000000000 ) ;
#11281 = ORIENTED_EDGE ( 'NONE', *, *, #3441, .T. ) ;
#11282 = CIRCLE ( 'NONE', #2999, 2.500000000000002220 ) ;
#11283 = EDGE_LOOP ( 'NONE', ( #6754, #4693, #6965, #8520 ) ) ;
#11284 = ORIENTED_EDGE ( 'NONE', *, *, #8135, .T. ) ;
#11285 = ADVANCED_FACE ( 'NONE', ( #1525 ), #8121, .T. ) ;
#11286 = DIRECTION ( 'NONE',  ( -0.7071067811865526798, -0.7071067811865424657, -0.0000000000000000000 ) ) ;
#11287 = EDGE_CURVE ( 'NONE', #6258, #9204, #3909, .T. ) ;
#11288 = CARTESIAN_POINT ( 'NONE',  ( 28.47268767190000105, 60.04840876450000309, 50.00000000000000000 ) ) ;
#11289 = CARTESIAN_POINT ( 'NONE',  ( 7.370858131475797492, 52.04840876449999598, 50.00000000000000000 ) ) ;
#11290 = CARTESIAN_POINT ( 'NONE',  ( 31.07268767189999892, 66.44840876450000167, 50.00000000000000000 ) ) ;
#11291 = CIRCLE ( 'NONE', #4471, 5.399999999998907008 ) ;
#11292 = VERTEX_POINT ( 'NONE', #8772 ) ;
#11293 = CARTESIAN_POINT ( 'NONE',  ( 18.87717657370000168, 57.54840876450001019, 50.00000000000000000 ) ) ;
#11294 = CIRCLE ( 'NONE', #7202, 26.39999999993951363 ) ;
#11295 = CARTESIAN_POINT ( 'NONE',  ( 2.972687671900000161, 0.3484087645000002453, 50.00000000000000000 ) ) ;
#11296 = ORIENTED_EDGE ( 'NONE', *, *, #8642, .F. ) ;
#11297 = ADVANCED_FACE ( 'NONE', ( #8684 ), #6865, .T. ) ;
#11298 = ORIENTED_EDGE ( 'NONE', *, *, #8512, .F. ) ;
#11299 = VERTEX_POINT ( 'NONE', #9747 ) ;
#11300 = DIRECTION ( 'NONE',  ( -0.0000000000000000000, -0.0000000000000000000, -1.000000000000000000 ) ) ;
#11301 = CARTESIAN_POINT ( 'NONE',  ( -5.027312328100000727, 29.24840876449999882, -50.00000000000000000 ) ) ;
#11302 = AXIS2_PLACEMENT_3D ( 'NONE', #9542, #5059, #11376 ) ;
#11303 = ADVANCED_FACE ( 'NONE', ( #7563 ), #7042, .T. ) ;
#11304 = LINE ( 'NONE', #7251, #5374 ) ;
#11305 = ORIENTED_EDGE ( 'NONE', *, *, #5748, .T. ) ;
#11306 = DIRECTION ( 'NONE',  ( -0.0000000000000000000, -0.0000000000000000000, -1.000000000000000000 ) ) ;
#11307 = AXIS2_PLACEMENT_3D ( 'NONE', #1593, #2495, #10500 ) ;
#11308 = VECTOR ( 'NONE', #1841, 1000.000000000000000 ) ;
#11309 = CARTESIAN_POINT ( 'NONE',  ( -5.027312328100004279, 22.54840876449999953, 50.00000000000000000 ) ) ;
#11310 = VECTOR ( 'NONE', #3617, 1000.000000000000000 ) ;
#11311 = ORIENTED_EDGE ( 'NONE', *, *, #2207, .F. ) ;
#11312 = VERTEX_POINT ( 'NONE', #3548 ) ;
#11313 = FACE_BOUND ( 'NONE', #9325, .T. ) ;
#11314 = AXIS2_PLACEMENT_3D ( 'NONE', #9866, #8145, #5397 ) ;
#11315 = CARTESIAN_POINT ( 'NONE',  ( 2.972687671900000161, 70.54840876449999598, -50.00000000000000000 ) ) ;
#11316 = CARTESIAN_POINT ( 'NONE',  ( 23.42905437789999823, 66.65377363150000178, 50.00000000000000000 ) ) ;
#11317 = VERTEX_POINT ( 'NONE', #1828 ) ;
#11318 = ADVANCED_FACE ( 'NONE', ( #11635 ), #9782, .T. ) ;
#11319 = VECTOR ( 'NONE', #3011, 1000.000000000000000 ) ;
#11320 = EDGE_CURVE ( 'NONE', #8606, #2869, #4746, .T. ) ;
#11321 = EDGE_LOOP ( 'NONE', ( #5307, #2822, #2997, #4450 ) ) ;
#11322 = AXIS2_PLACEMENT_3D ( 'NONE', #6817, #8587, #8664 ) ;
#11323 = DIRECTION ( 'NONE',  ( 1.000000000000000000, 0.0000000000000000000, 0.0000000000000000000 ) ) ;
#11324 = EDGE_LOOP ( 'NONE', ( #1851, #8914, #8450, #7508 ) ) ;
#11325 = CARTESIAN_POINT ( 'NONE',  ( -2.527312328099998062, 62.54840876450001730, 50.00000000000000000 ) ) ;
#11326 = CARTESIAN_POINT ( 'NONE',  ( -3.027312328099986516, 48.54840876449998888, -50.00000000000000000 ) ) ;
#11327 = CARTESIAN_POINT ( 'NONE',  ( 29.47268767190000105, 11.04840876449999953, -50.00000000000000000 ) ) ;
#11328 = CIRCLE ( 'NONE', #7809, 1.000000000000000888 ) ;
#11329 = ORIENTED_EDGE ( 'NONE', *, *, #7111, .F. ) ;
#11330 = DIRECTION ( 'NONE',  ( -0.0000000000000000000, -0.0000000000000000000, -1.000000000000000000 ) ) ;
#11331 = AXIS2_PLACEMENT_3D ( 'NONE', #3661, #11631, #6254 ) ;
#11332 = LINE ( 'NONE', #11637, #11457 ) ;
#11333 = ORIENTED_EDGE ( 'NONE', *, *, #1054, .T. ) ;
#11334 = CARTESIAN_POINT ( 'NONE',  ( 25.24118836481704520, 4.631119175890839657, 50.00000000000000000 ) ) ;
#11335 = EDGE_CURVE ( 'NONE', #4503, #6345, #6573, .T. ) ;
#11336 = DIRECTION ( 'NONE',  ( 1.000000000000000000, 0.0000000000000000000, 0.0000000000000000000 ) ) ;
#11337 = CARTESIAN_POINT ( 'NONE',  ( -4.527312328099993621, 22.54840876450001019, 50.00000000000000000 ) ) ;
#11338 = AXIS2_PLACEMENT_3D ( 'NONE', #6705, #1338, #7623 ) ;
#11339 = FACE_OUTER_BOUND ( 'NONE', #1941, .T. ) ;
#11340 = ORIENTED_EDGE ( 'NONE', *, *, #760, .F. ) ;
#11341 = FACE_OUTER_BOUND ( 'NONE', #8603, .T. ) ;
#11342 = EDGE_CURVE ( 'NONE', #9702, #5403, #3348, .T. ) ;
#11343 = CARTESIAN_POINT ( 'NONE',  ( 15.47268767189999927, 9.143919862700000678, 50.00000000000000000 ) ) ;
#11344 = DIRECTION ( 'NONE',  ( -0.0000000000000000000, -0.0000000000000000000, -1.000000000000000000 ) ) ;
#11345 = ADVANCED_FACE ( 'NONE', ( #2216 ), #6275, .F. ) ;
#11346 = DIRECTION ( 'NONE',  ( -1.000000000000000000, 0.0000000000000000000, 0.0000000000000000000 ) ) ;
#11347 = FACE_OUTER_BOUND ( 'NONE', #8487, .T. ) ;
#11348 = ORIENTED_EDGE ( 'NONE', *, *, #1557, .T. ) ;
#11349 = EDGE_CURVE ( 'NONE', #8100, #28, #5990, .T. ) ;
#11350 = EDGE_CURVE ( 'NONE', #6110, #8172, #946, .T. ) ;
#11351 = CYLINDRICAL_SURFACE ( 'NONE', #1492, 0.5000000000000022204 ) ;
#11352 = AXIS2_PLACEMENT_3D ( 'NONE', #2937, #1125, #1921 ) ;
#11353 = ADVANCED_FACE ( 'NONE', ( #1504 ), #6533, .F. ) ;
#11354 = VERTEX_POINT ( 'NONE', #6380 ) ;
#11355 = CARTESIAN_POINT ( 'NONE',  ( 0.3296068513551769774, 65.75563677287806286, 50.00000000000000000 ) ) ;
#11356 = VECTOR ( 'NONE', #6034, 1000.000000000000000 ) ;
#11357 = ORIENTED_EDGE ( 'NONE', *, *, #4731, .T. ) ;
#11358 = PLANE ( 'NONE',  #5493 ) ;
#11359 = CARTESIAN_POINT ( 'NONE',  ( 16.97268767190000105, 73.54840876449999598, -50.00000000000000000 ) ) ;
#11360 = CARTESIAN_POINT ( 'NONE',  ( -3.027312328100000283, -0.9515912354999995770, 50.00000000000000000 ) ) ;
#11361 = CARTESIAN_POINT ( 'NONE',  ( 15.47268767189999927, 60.95289766620000194, -50.00000000000000000 ) ) ;
#11362 = DIRECTION ( 'NONE',  ( -0.0000000000000000000, -0.0000000000000000000, -1.000000000000000000 ) ) ;
#11363 = EDGE_CURVE ( 'NONE', #9518, #4752, #4302, .T. ) ;
#11364 = CIRCLE ( 'NONE', #10935, 1.999999999999473532 ) ;
#11365 = AXIS2_PLACEMENT_3D ( 'NONE', #7971, #6954, #1538 ) ;
#11366 = CARTESIAN_POINT ( 'NONE',  ( 19.37255887009296274, 57.98061215432844051, 50.00000000000000000 ) ) ;
#11367 = VERTEX_POINT ( 'NONE', #6334 ) ;
#11368 = DIRECTION ( 'NONE',  ( 1.000000000000000000, 0.0000000000000000000, 0.0000000000000000000 ) ) ;
#11369 = EDGE_CURVE ( 'NONE', #2480, #7586, #6521, .T. ) ;
#11370 = CIRCLE ( 'NONE', #10592, 0.5000000000000073275 ) ;
#11371 = ORIENTED_EDGE ( 'NONE', *, *, #4726, .T. ) ;
#11372 = DIRECTION ( 'NONE',  ( 1.000000000000000000, 0.0000000000000000000, 0.0000000000000000000 ) ) ;
#11373 = EDGE_LOOP ( 'NONE', ( #732, #3529, #2248, #4730 ) ) ;
#11374 = ADVANCED_FACE ( 'NONE', ( #6686 ), #1440, .F. ) ;
#11375 = LINE ( 'NONE', #2743, #8842 ) ;
#11376 = DIRECTION ( 'NONE',  ( 1.000000000000000000, 0.0000000000000000000, 0.0000000000000000000 ) ) ;
#11377 = VERTEX_POINT ( 'NONE', #8019 ) ;
#11378 = AXIS2_PLACEMENT_3D ( 'NONE', #691, #2522, #8801 ) ;
#11379 = LINE ( 'NONE', #5643, #2959 ) ;
#11380 = VERTEX_POINT ( 'NONE', #5351 ) ;
#11381 = ORIENTED_EDGE ( 'NONE', *, *, #3016, .F. ) ;
#11382 = CARTESIAN_POINT ( 'NONE',  ( 22.97268767190000460, 0.3484087645000000233, 50.00000000000000000 ) ) ;
#11383 = ORIENTED_EDGE ( 'NONE', *, *, #5329, .T. ) ;
#11384 = DIRECTION ( 'NONE',  ( 0.0000000000000000000, 0.0000000000000000000, 1.000000000000000000 ) ) ;
#11385 = EDGE_CURVE ( 'NONE', #2473, #10042, #11404, .T. ) ;
#11386 = DIRECTION ( 'NONE',  ( 0.0000000000000000000, 0.0000000000000000000, 1.000000000000000000 ) ) ;
#11387 = LINE ( 'NONE', #5521, #11116 ) ;
#11388 = DIRECTION ( 'NONE',  ( 1.000000000000000000, 0.0000000000000000000, 0.0000000000000000000 ) ) ;
#11389 = VERTEX_POINT ( 'NONE', #4486 ) ;
#11390 = FACE_OUTER_BOUND ( 'NONE', #7835, .T. ) ;
#11391 = EDGE_LOOP ( 'NONE', ( #7609, #7588, #10292, #6724 ) ) ;
#11392 = ORIENTED_EDGE ( 'NONE', *, *, #11416, .F. ) ;
#11393 = AXIS2_PLACEMENT_3D ( 'NONE', #1814, #7265, #6359 ) ;
#11394 = CARTESIAN_POINT ( 'NONE',  ( 27.67268767189892031, 63.04840876449918596, -50.00000000000000000 ) ) ;
#11395 = CARTESIAN_POINT ( 'NONE',  ( -2.527312328099999839, 43.34840876450000025, 50.00000000000000000 ) ) ;
#11396 = CARTESIAN_POINT ( 'NONE',  ( 31.47268767190000105, 59.04840876450000309, -50.00000000000000000 ) ) ;
#11397 = DIRECTION ( 'NONE',  ( -0.0000000000000000000, -0.0000000000000000000, -1.000000000000000000 ) ) ;
#11398 = VECTOR ( 'NONE', #8120, 1000.000000000000000 ) ;
#11399 = DIRECTION ( 'NONE',  ( 1.000000000000000000, 0.0000000000000000000, 0.0000000000000000000 ) ) ;
#11400 = EDGE_CURVE ( 'NONE', #8578, #2448, #3387, .T. ) ;
#11401 = CIRCLE ( 'NONE', #4201, 1.500000000000028200 ) ;
#11402 = VECTOR ( 'NONE', #10755, 1000.000000000000000 ) ;
#11403 = ORIENTED_EDGE ( 'NONE', *, *, #10217, .F. ) ;
#11404 = CIRCLE ( 'NONE', #2888, 0.5000000000000073275 ) ;
#11405 = DIRECTION ( 'NONE',  ( 0.0000000000000000000, 0.0000000000000000000, 1.000000000000000000 ) ) ;
#11406 = ORIENTED_EDGE ( 'NONE', *, *, #453, .T. ) ;
#11407 = EDGE_CURVE ( 'NONE', #3108, #5426, #426, .T. ) ;
#11408 = AXIS2_PLACEMENT_3D ( 'NONE', #2388, #551, #7725 ) ;
#11409 = LINE ( 'NONE', #11586, #1586 ) ;
#11410 = ORIENTED_EDGE ( 'NONE', *, *, #11031, .F. ) ;
#11411 = EDGE_CURVE ( 'NONE', #8661, #8573, #9806, .T. ) ;
#11412 = CARTESIAN_POINT ( 'NONE',  ( 8.972687671899999273, 73.54840876449999598, -50.00000000000000000 ) ) ;
#11413 = VECTOR ( 'NONE', #9348, 1000.000000000000000 ) ;
#11414 = FACE_OUTER_BOUND ( 'NONE', #1509, .T. ) ;
#11415 = ORIENTED_EDGE ( 'NONE', *, *, #10977, .F. ) ;
#11416 = EDGE_CURVE ( 'NONE', #7735, #8148, #3626, .T. ) ;
#11417 = EDGE_CURVE ( 'NONE', #3777, #8100, #9206, .T. ) ;
#11418 = VECTOR ( 'NONE', #6460, 1000.000000000000000 ) ;
#11419 = DIRECTION ( 'NONE',  ( 0.0000000000000000000, 0.0000000000000000000, 1.000000000000000000 ) ) ;
#11420 = ORIENTED_EDGE ( 'NONE', *, *, #6671, .T. ) ;
#11421 = LINE ( 'NONE', #5507, #5105 ) ;
#11422 = DIRECTION ( 'NONE',  ( -0.0000000000000000000, -0.0000000000000000000, -1.000000000000000000 ) ) ;
#11423 = ORIENTED_EDGE ( 'NONE', *, *, #11474, .F. ) ;
#11424 = ORIENTED_EDGE ( 'NONE', *, *, #6593, .F. ) ;
#11425 = DIRECTION ( 'NONE',  ( -1.000000000000000000, 0.0000000000000000000, 0.0000000000000000000 ) ) ;
#11426 = ADVANCED_FACE ( 'NONE', ( #4985 ), #1151, .T. ) ;
#11427 = VERTEX_POINT ( 'NONE', #8066 ) ;
#11428 = CARTESIAN_POINT ( 'NONE',  ( 15.97268767190000105, 9.143919862770104601, 50.00000000000000000 ) ) ;
#11429 = CARTESIAN_POINT ( 'NONE',  ( -5.027312328100000727, 29.24840876449999882, 50.00000000000000000 ) ) ;
#11430 = CYLINDRICAL_SURFACE ( 'NONE', #1606, 5.400000000013796431 ) ;
#11431 = ORIENTED_EDGE ( 'NONE', *, *, #7957, .F. ) ;
#11432 = LINE ( 'NONE', #1957, #2588 ) ;
#11433 = ORIENTED_EDGE ( 'NONE', *, *, #2410, .F. ) ;
#11434 = EDGE_LOOP ( 'NONE', ( #7461, #1372, #2296, #7592 ) ) ;
#11435 = DIRECTION ( 'NONE',  ( -0.0000000000000000000, -0.0000000000000000000, -1.000000000000000000 ) ) ;
#11436 = DIRECTION ( 'NONE',  ( 1.000000000000000000, 0.0000000000000000000, 0.0000000000000000000 ) ) ;
#11437 = EDGE_CURVE ( 'NONE', #1907, #10804, #8192, .T. ) ;
#11438 = DIRECTION ( 'NONE',  ( 1.000000000000000000, 0.0000000000000000000, 0.0000000000000000000 ) ) ;
#11439 = DIRECTION ( 'NONE',  ( -1.000000000000000000, 0.0000000000000000000, 0.0000000000000000000 ) ) ;
#11440 = DIRECTION ( 'NONE',  ( 0.0000000000000000000, 1.000000000000000000, -0.0000000000000000000 ) ) ;
#11441 = CARTESIAN_POINT ( 'NONE',  ( 8.389144579841424587, 6.510685578272299878, -50.00000000000000000 ) ) ;
#11442 = CIRCLE ( 'NONE', #2057, 0.5000000000000038858 ) ;
#11443 = VERTEX_POINT ( 'NONE', #2887 ) ;
#11444 = ORIENTED_EDGE ( 'NONE', *, *, #4354, .F. ) ;
#11445 = CIRCLE ( 'NONE', #10925, 0.5000000000000143219 ) ;
#11446 = AXIS2_PLACEMENT_3D ( 'NONE', #1558, #1674, #6105 ) ;
#11447 = DIRECTION ( 'NONE',  ( -0.0000000000000000000, -0.0000000000000000000, -1.000000000000000000 ) ) ;
#11448 = DIRECTION ( 'NONE',  ( -0.0000000000000000000, -0.0000000000000000000, -1.000000000000000000 ) ) ;
#11449 = VECTOR ( 'NONE', #3104, 1000.000000000000000 ) ;
#11450 = VERTEX_POINT ( 'NONE', #7435 ) ;
#11451 = ORIENTED_EDGE ( 'NONE', *, *, #9669, .T. ) ;
#11452 = CIRCLE ( 'NONE', #9075, 0.5000000000001323386 ) ;
#11453 = EDGE_CURVE ( 'NONE', #1628, #6451, #2559, .T. ) ;
#11454 = CARTESIAN_POINT ( 'NONE',  ( 30.47268767190000105, 62.04840876450000309, 50.00000000000000000 ) ) ;
#11455 = ORIENTED_EDGE ( 'NONE', *, *, #6395, .F. ) ;
#11456 = DIRECTION ( 'NONE',  ( -0.0000000000000000000, -0.0000000000000000000, -1.000000000000000000 ) ) ;
#11457 = VECTOR ( 'NONE', #9783, 1000.000000000000000 ) ;
#11458 = AXIS2_PLACEMENT_3D ( 'NONE', #10097, #6535, #1235 ) ;
#11459 = EDGE_LOOP ( 'NONE', ( #6098, #529, #7227, #5063 ) ) ;
#11460 = CARTESIAN_POINT ( 'NONE',  ( 7.776535249200000166, 57.54840876450001019, 50.00000000000000000 ) ) ;
#11461 = ORIENTED_EDGE ( 'NONE', *, *, #7668, .F. ) ;
#11462 = DIRECTION ( 'NONE',  ( -0.0000000000000000000, -0.0000000000000000000, -1.000000000000000000 ) ) ;
#11463 = LINE ( 'NONE', #4447, #5008 ) ;
#11464 = ORIENTED_EDGE ( 'NONE', *, *, #8093, .F. ) ;
#11465 = EDGE_CURVE ( 'NONE', #22, #5328, #6883, .T. ) ;
#11466 = CARTESIAN_POINT ( 'NONE',  ( 28.47268767190000105, 43.34840876450000025, -50.00000000000000000 ) ) ;
#11467 = AXIS2_PLACEMENT_3D ( 'NONE', #8929, #931, #3706 ) ;
#11468 = DIRECTION ( 'NONE',  ( -0.0000000000000000000, -0.0000000000000000000, -1.000000000000000000 ) ) ;
#11469 = DIRECTION ( 'NONE',  ( -0.0000000000000000000, -0.0000000000000000000, -1.000000000000000000 ) ) ;
#11470 = DIRECTION ( 'NONE',  ( -0.0000000000000000000, -0.0000000000000000000, -1.000000000000000000 ) ) ;
#11471 = FACE_OUTER_BOUND ( 'NONE', #7981, .T. ) ;
#11472 = DIRECTION ( 'NONE',  ( -0.0000000000000000000, -0.0000000000000000000, -1.000000000000000000 ) ) ;
#11473 = ORIENTED_EDGE ( 'NONE', *, *, #10726, .T. ) ;
#11474 = EDGE_CURVE ( 'NONE', #2829, #9691, #2088, .T. ) ;
#11475 = CARTESIAN_POINT ( 'NONE',  ( 17.73582739271196829, 52.29840876450140996, -50.00000000000000000 ) ) ;
#11476 = DIRECTION ( 'NONE',  ( 0.0000000000000000000, 0.0000000000000000000, -1.000000000000000000 ) ) ;
#11477 = CARTESIAN_POINT ( 'NONE',  ( 20.97268767190028882, 0.3484087644996209931, 50.00000000000000000 ) ) ;
#11478 = AXIS2_PLACEMENT_3D ( 'NONE', #3164, #7644, #506 ) ;
#11479 = LINE ( 'NONE', #4337, #10506 ) ;
#11480 = ORIENTED_EDGE ( 'NONE', *, *, #11648, .T. ) ;
#11481 = ADVANCED_FACE ( 'NONE', ( #855 ), #3232, .F. ) ;
#11482 = EDGE_CURVE ( 'NONE', #4094, #601, #6086, .T. ) ;
#11483 = FACE_OUTER_BOUND ( 'NONE', #1494, .T. ) ;
#11484 = CARTESIAN_POINT ( 'NONE',  ( -2.527312328099999394, 43.34840876450000025, 50.00000000000000000 ) ) ;
#11485 = DIRECTION ( 'NONE',  ( 1.000000000000000000, 0.0000000000000000000, 0.0000000000000000000 ) ) ;
#11486 = ORIENTED_EDGE ( 'NONE', *, *, #4150, .T. ) ;
#11487 = CARTESIAN_POINT ( 'NONE',  ( 23.28628890540853646, -13.56604450765714809, 50.00000000000000000 ) ) ;
#11488 = CARTESIAN_POINT ( 'NONE',  ( 28.97268767190000105, 22.04840876449999953, 50.00000000000000000 ) ) ;
#11489 = AXIS2_PLACEMENT_3D ( 'NONE', #3487, #9650, #11496 ) ;
#11490 = CIRCLE ( 'NONE', #3460, 5.499999999994707345 ) ;
#11491 = ORIENTED_EDGE ( 'NONE', *, *, #4214, .T. ) ;
#11492 = DIRECTION ( 'NONE',  ( -0.0000000000000000000, -0.0000000000000000000, -1.000000000000000000 ) ) ;
#11493 = EDGE_CURVE ( 'NONE', #10465, #1950, #10817, .T. ) ;
#11494 = FACE_OUTER_BOUND ( 'NONE', #1400, .T. ) ;
#11495 = DIRECTION ( 'NONE',  ( 0.0000000000000000000, 0.0000000000000000000, 1.000000000000000000 ) ) ;
#11496 = DIRECTION ( 'NONE',  ( -1.000000000000000000, 0.0000000000000000000, 0.0000000000000000000 ) ) ;
#11497 = ORIENTED_EDGE ( 'NONE', *, *, #8576, .T. ) ;
#11498 = DIRECTION ( 'NONE',  ( 0.0000000000000000000, -0.0000000000000000000, -1.000000000000000000 ) ) ;
#11499 = CARTESIAN_POINT ( 'NONE',  ( 28.47268767190000105, 60.04840876450000309, 50.00000000000000000 ) ) ;
#11500 = CARTESIAN_POINT ( 'NONE',  ( 7.068198770200000425, 12.54840876449999953, 50.00000000000000000 ) ) ;
#11501 = LINE ( 'NONE', #5611, #142 ) ;
#11502 = EDGE_LOOP ( 'NONE', ( #2806, #6257, #8169, #7000, #9223, #7680, #6129, #6651, #144, #5213, #3793, #8221, #10610, #8365 ) ) ;
#11503 = DIRECTION ( 'NONE',  ( 1.000000000000000000, 0.0000000000000000000, 0.0000000000000000000 ) ) ;
#11504 = CARTESIAN_POINT ( 'NONE',  ( 17.73582739271196829, 52.29840876450140996, 50.00000000000000000 ) ) ;
#11505 = EDGE_CURVE ( 'NONE', #1844, #6247, #9583, .T. ) ;
#11506 = ORIENTED_EDGE ( 'NONE', *, *, #6392, .F. ) ;
#11507 = AXIS2_PLACEMENT_3D ( 'NONE', #1386, #6711, #3105 ) ;
#11508 = ORIENTED_EDGE ( 'NONE', *, *, #1178, .F. ) ;
#11509 = ORIENTED_EDGE ( 'NONE', *, *, #1824, .T. ) ;
#11510 = EDGE_LOOP ( 'NONE', ( #2369, #9982, #5534, #2312 ) ) ;
#11511 = CARTESIAN_POINT ( 'NONE',  ( 28.47268767190000105, 8.548408764499999535, 50.00000000000000000 ) ) ;
#11512 = DIRECTION ( 'NONE',  ( -0.0000000000000000000, -0.0000000000000000000, -1.000000000000000000 ) ) ;
#11513 = DIRECTION ( 'NONE',  ( 0.0000000000000000000, 0.0000000000000000000, 1.000000000000000000 ) ) ;
#11514 = CARTESIAN_POINT ( 'NONE',  ( 24.87268767190002805, 73.14840876449997609, 50.00000000000000000 ) ) ;
#11515 = CARTESIAN_POINT ( 'NONE',  ( 6.472687671899986839, 71.04840876449998177, 50.00000000000000000 ) ) ;
#11516 = VECTOR ( 'NONE', #922, 1000.000000000000000 ) ;
#11517 = ORIENTED_EDGE ( 'NONE', *, *, #9192, .T. ) ;
#11518 = AXIS2_PLACEMENT_3D ( 'NONE', #6282, #2754, #5456 ) ;
#11519 = VERTEX_POINT ( 'NONE', #1942 ) ;
#11520 = ORIENTED_EDGE ( 'NONE', *, *, #2269, .F. ) ;
#11521 = ORIENTED_EDGE ( 'NONE', *, *, #3741, .T. ) ;
#11522 = CYLINDRICAL_SURFACE ( 'NONE', #6235, 0.4999999999999344968 ) ;
#11523 = VERTEX_POINT ( 'NONE', #6453 ) ;
#11524 = VERTEX_POINT ( 'NONE', #3861 ) ;
#11525 = DIRECTION ( 'NONE',  ( -0.0000000000000000000, -0.0000000000000000000, -1.000000000000000000 ) ) ;
#11526 = CARTESIAN_POINT ( 'NONE',  ( 30.47268767190000105, 8.048408764499997758, 50.00000000000000000 ) ) ;
#11527 = ORIENTED_EDGE ( 'NONE', *, *, #674, .T. ) ;
#11528 = CARTESIAN_POINT ( 'NONE',  ( 31.47268767189999394, 49.54840876449999598, 50.00000000000000000 ) ) ;
#11529 = CARTESIAN_POINT ( 'NONE',  ( 23.38997726050910586, 67.31690945731708098, -50.00000000000000000 ) ) ;
#11530 = AXIS2_PLACEMENT_3D ( 'NONE', #1616, #3312, #8761 ) ;
#11531 = LINE ( 'NONE', #5760, #8177 ) ;
#11532 = ORIENTED_EDGE ( 'NONE', *, *, #2020, .T. ) ;
#11533 = ORIENTED_EDGE ( 'NONE', *, *, #1971, .F. ) ;
#11534 = ORIENTED_EDGE ( 'NONE', *, *, #5473, .F. ) ;
#11535 = DIRECTION ( 'NONE',  ( 0.0000000000000000000, 0.0000000000000000000, 1.000000000000000000 ) ) ;
#11536 = VECTOR ( 'NONE', #67, 1000.000000000000000 ) ;
#11537 = VERTEX_POINT ( 'NONE', #3744 ) ;
#11538 = CARTESIAN_POINT ( 'NONE',  ( 24.57805253900000153, 4.592042058500000579, 50.00000000000000000 ) ) ;
#11539 = CARTESIAN_POINT ( 'NONE',  ( 23.67991568030218019, 2.405327943884829622, -50.00000000000000000 ) ) ;
#11540 = PLANE ( 'NONE',  #2305 ) ;
#11541 = ADVANCED_FACE ( 'NONE', ( #620 ), #2016, .F. ) ;
#11542 = DIRECTION ( 'NONE',  ( -0.0000000000000000000, -0.0000000000000000000, -1.000000000000000000 ) ) ;
#11543 = VERTEX_POINT ( 'NONE', #5583 ) ;
#11544 = EDGE_CURVE ( 'NONE', #5193, #9518, #1867, .T. ) ;
#11545 = AXIS2_PLACEMENT_3D ( 'NONE', #3472, #10683, #5241 ) ;
#11546 = DIRECTION ( 'NONE',  ( -1.000000000000000000, 0.0000000000000000000, 0.0000000000000000000 ) ) ;
#11547 = FACE_OUTER_BOUND ( 'NONE', #6988, .T. ) ;
#11548 = ORIENTED_EDGE ( 'NONE', *, *, #9567, .T. ) ;
#11549 = VECTOR ( 'NONE', #3765, 1000.000000000000000 ) ;
#11550 = VECTOR ( 'NONE', #10568, 1000.000000000000000 ) ;
#11551 = ORIENTED_EDGE ( 'NONE', *, *, #5141, .T. ) ;
#11552 = ORIENTED_EDGE ( 'NONE', *, *, #8963, .T. ) ;
#11553 = AXIS2_PLACEMENT_3D ( 'NONE', #220, #133, #6414 ) ;
#11554 = LINE ( 'NONE', #3159, #6633 ) ;
#11555 = DIRECTION ( 'NONE',  ( -1.000000000000000000, 0.0000000000000000000, 0.0000000000000000000 ) ) ;
#11556 = DIRECTION ( 'NONE',  ( 0.0000000000000000000, -0.0000000000000000000, -1.000000000000000000 ) ) ;
#11557 = CARTESIAN_POINT ( 'NONE',  ( 28.97268767190000105, -4.951591235499999577, 50.00000000000000000 ) ) ;
#11558 = CARTESIAN_POINT ( 'NONE',  ( 31.47268767190000105, 59.04840876450000309, -50.00000000000000000 ) ) ;
#11559 = CARTESIAN_POINT ( 'NONE',  ( 41.58714094416121299, 4.734807531147730231, -50.00000000000000000 ) ) ;
#11560 = EDGE_CURVE ( 'NONE', #10648, #11089, #8744, .T. ) ;
#11561 = VECTOR ( 'NONE', #770, 1000.000000000000000 ) ;
#11562 = ORIENTED_EDGE ( 'NONE', *, *, #11342, .F. ) ;
#11563 = CARTESIAN_POINT ( 'NONE',  ( 32.97268767190000460, 9.548408764499999535, -50.00000000000000000 ) ) ;
#11564 = CYLINDRICAL_SURFACE ( 'NONE', #1034, 0.4999999999999831246 ) ;
#11565 = VERTEX_POINT ( 'NONE', #4754 ) ;
#11566 = AXIS2_PLACEMENT_3D ( 'NONE', #4851, #10154, #2152 ) ;
#11567 = ORIENTED_EDGE ( 'NONE', *, *, #8014, .F. ) ;
#11568 = DIRECTION ( 'NONE',  ( 0.7071067811476916543, -0.7071067812254032692, -0.0000000000000000000 ) ) ;
#11569 = EDGE_CURVE ( 'NONE', #6979, #9499, #8463, .T. ) ;
#11570 = CARTESIAN_POINT ( 'NONE',  ( 19.97268767190000105, 72.54840876449999598, 50.00000000000000000 ) ) ;
#11572 = LINE ( 'NONE', #8722, #3018 ) ;
#11571 = DIRECTION ( 'NONE',  ( 0.0000000000000000000, 0.0000000000000000000, 1.000000000000000000 ) ) ;
#11573 = DIRECTION ( 'NONE',  ( 0.0000000000000000000, 0.0000000000000000000, 1.000000000000000000 ) ) ;
#11574 = ORIENTED_EDGE ( 'NONE', *, *, #9303, .T. ) ;
#11575 = VECTOR ( 'NONE', #3251, 1000.000000000000000 ) ;
#11576 = ORIENTED_EDGE ( 'NONE', *, *, #9382, .T. ) ;
#11577 = ORIENTED_EDGE ( 'NONE', *, *, #3428, .T. ) ;
#11578 = ORIENTED_EDGE ( 'NONE', *, *, #7217, .F. ) ;
#11579 = EDGE_CURVE ( 'NONE', #1926, #5616, #3546, .T. ) ;
#11580 = CARTESIAN_POINT ( 'NONE',  ( 7.068198770200000425, 12.54840876450000131, 50.00000000000000000 ) ) ;
#11581 = EDGE_CURVE ( 'NONE', #9927, #9076, #11554, .T. ) ;
#11582 = PLANE ( 'NONE',  #8184 ) ;
#11583 = AXIS2_PLACEMENT_3D ( 'NONE', #7493, #2044, #11007 ) ;
#11584 = CARTESIAN_POINT ( 'NONE',  ( 30.47268767190000460, 7.548408764499995982, 50.00000000000000000 ) ) ;
#11585 = DIRECTION ( 'NONE',  ( 1.000000000000000000, 0.0000000000000000000, 0.0000000000000000000 ) ) ;
#11586 = CARTESIAN_POINT ( 'NONE',  ( 22.70007037860000310, 65.68570135599999560, 50.00000000000000000 ) ) ;
#11587 = FACE_OUTER_BOUND ( 'NONE', #2879, .T. ) ;
#11588 = ORIENTED_EDGE ( 'NONE', *, *, #6751, .F. ) ;
#11589 = VECTOR ( 'NONE', #36, 1000.000000000000000 ) ;
#11590 = DIRECTION ( 'NONE',  ( 1.000000000000000000, 0.0000000000000000000, 0.0000000000000000000 ) ) ;
#11591 = CARTESIAN_POINT ( 'NONE',  ( 7.776535249192642496, 58.04840876450003151, 50.00000000000000000 ) ) ;
#11592 = EDGE_CURVE ( 'NONE', #10749, #9168, #11275, .T. ) ;
#11593 = AXIS2_PLACEMENT_3D ( 'NONE', #2529, #779, #2467 ) ;
#11594 = CARTESIAN_POINT ( 'NONE',  ( -2.527312328099999839, 25.04840876449999953, 50.00000000000000000 ) ) ;
#11595 = CIRCLE ( 'NONE', #4677, 5.400000000013794654 ) ;
#11596 = CARTESIAN_POINT ( 'NONE',  ( -1.727312327980110584, 23.04840876449949150, -50.00000000000000000 ) ) ;
#11597 = ORIENTED_EDGE ( 'NONE', *, *, #7512, .T. ) ;
#11598 = DIRECTION ( 'NONE',  ( -1.000000000000000000, 0.0000000000000000000, 0.0000000000000000000 ) ) ;
#11599 = ORIENTED_EDGE ( 'NONE', *, *, #11171, .F. ) ;
#11600 = CYLINDRICAL_SURFACE ( 'NONE', #2465, 0.4999999999999900080 ) ;
#11601 = EDGE_CURVE ( 'NONE', #276, #3662, #6789, .T. ) ;
#11602 = DIRECTION ( 'NONE',  ( 1.000000000000000000, 0.0000000000000000000, 0.0000000000000000000 ) ) ;
#11603 = CARTESIAN_POINT ( 'NONE',  ( 12.97268767190000105, 15.04840876450000131, -50.00000000000000000 ) ) ;
#11604 = CARTESIAN_POINT ( 'NONE',  ( -5.027312328099972305, 62.54840876450000309, 50.00000000000000000 ) ) ;
#11605 = ORIENTED_EDGE ( 'NONE', *, *, #8391, .F. ) ;
#11606 = DIRECTION ( 'NONE',  ( -0.0000000000000000000, -0.0000000000000000000, -1.000000000000000000 ) ) ;
#11607 = DIRECTION ( 'NONE',  ( -0.0000000000000000000, -0.0000000000000000000, -1.000000000000000000 ) ) ;
#11608 = VECTOR ( 'NONE', #9548, 1000.000000000000000 ) ;
#11609 = EDGE_LOOP ( 'NONE', ( #10620, #3959, #2274, #3223 ) ) ;
#11610 = ORIENTED_EDGE ( 'NONE', *, *, #10982, .T. ) ;
#11611 = AXIS2_PLACEMENT_3D ( 'NONE', #3555, #4538, #9946 ) ;
#11612 = DIRECTION ( 'NONE',  ( -0.0000000000000000000, -0.0000000000000000000, -1.000000000000000000 ) ) ;
#11613 = CARTESIAN_POINT ( 'NONE',  ( -15.64176560054799126, 4.734807531388423030, 50.00000000000000000 ) ) ;
#11614 = DIRECTION ( 'NONE',  ( 1.000000000000000000, 0.0000000000000000000, 0.0000000000000000000 ) ) ;
#11615 = CYLINDRICAL_SURFACE ( 'NONE', #586, 0.5000000000000073275 ) ;
#11616 = VERTEX_POINT ( 'NONE', #414 ) ;
#11617 = DIRECTION ( 'NONE',  ( -0.0000000000000000000, -0.0000000000000000000, -1.000000000000000000 ) ) ;
#11618 = VECTOR ( 'NONE', #7286, 1000.000000000000000 ) ;
#11619 = EDGE_CURVE ( 'NONE', #3294, #3108, #7066, .T. ) ;
#11620 = VERTEX_POINT ( 'NONE', #11104 ) ;
#11621 = DIRECTION ( 'NONE',  ( 1.000000000000000000, -0.0000000000000000000, -0.0000000000000000000 ) ) ;
#11622 = DIRECTION ( 'NONE',  ( 0.7071067811557770755, 0.7071067812173180700, -0.0000000000000000000 ) ) ;
#11623 = VECTOR ( 'NONE', #2032, 1000.000000000000000 ) ;
#11624 = ORIENTED_EDGE ( 'NONE', *, *, #1948, .F. ) ;
#11625 = CARTESIAN_POINT ( 'NONE',  ( 30.47268767190000105, 8.048408764499997758, -50.00000000000000000 ) ) ;
#11626 = AXIS2_PLACEMENT_3D ( 'NONE', #1214, #278, #1096 ) ;
#11627 = DIRECTION ( 'NONE',  ( -0.0000000000000000000, -0.0000000000000000000, -1.000000000000000000 ) ) ;
#11628 = DIRECTION ( 'NONE',  ( -0.0000000000000000000, -0.0000000000000000000, -1.000000000000000000 ) ) ;
#11629 = CYLINDRICAL_SURFACE ( 'NONE', #7978, 2.499999999999974243 ) ;
#11630 = EDGE_CURVE ( 'NONE', #2515, #8730, #9304, .T. ) ;
#11631 = DIRECTION ( 'NONE',  ( 0.0000000000000000000, 0.0000000000000000000, 1.000000000000000000 ) ) ;
#11632 = EDGE_CURVE ( 'NONE', #6413, #2773, #8331, .T. ) ;
#11633 = CARTESIAN_POINT ( 'NONE',  ( 27.67268767187360723, 47.04840876450009546, 50.00000000000000000 ) ) ;
#11634 = AXIS2_PLACEMENT_3D ( 'NONE', #6953, #1536, #8718 ) ;
#11635 = FACE_OUTER_BOUND ( 'NONE', #6741, .T. ) ;
#11636 = ORIENTED_EDGE ( 'NONE', *, *, #10211, .F. ) ;
#11637 = CARTESIAN_POINT ( 'NONE',  ( 28.47268767190000105, 8.548408764499999535, 50.00000000000000000 ) ) ;
#11638 = DIRECTION ( 'NONE',  ( 1.000000000000000000, 0.0000000000000000000, 0.0000000000000000000 ) ) ;
#11639 = CIRCLE ( 'NONE', #7281, 25.00000000000339284 ) ;
#11640 = EDGE_CURVE ( 'NONE', #4631, #8272, #9862, .T. ) ;
#11641 = PLANE ( 'NONE',  #10994 ) ;
#11642 = VERTEX_POINT ( 'NONE', #7517 ) ;
#11643 = DIRECTION ( 'NONE',  ( -0.0000000000000000000, -0.0000000000000000000, -1.000000000000000000 ) ) ;
#11644 = AXIS2_PLACEMENT_3D ( 'NONE', #1914, #69, #8970 ) ;
#11645 = ORIENTED_EDGE ( 'NONE', *, *, #9522, .F. ) ;
#11646 = VECTOR ( 'NONE', #6591, 1000.000000000000000 ) ;
#11647 = ORIENTED_EDGE ( 'NONE', *, *, #904, .T. ) ;
#11648 = EDGE_CURVE ( 'NONE', #9509, #8472, #10832, .T. ) ;
#11649 = DIRECTION ( 'NONE',  ( 0.0000000000000000000, 0.0000000000000000000, 1.000000000000000000 ) ) ;
#11650 = CARTESIAN_POINT ( 'NONE',  ( 10.77268767190012433, 3.298408764500092794, 50.00000000000000000 ) ) ;
ENDSEC;
END-ISO-10303-21;
