ISO-10303-21;
HEADER;
/* Generated by software containing ST-Developer
 * from STEP Tools, Inc. (www.steptools.com) 
 */

FILE_DESCRIPTION(
/* description */ (''),
/* implementation_level */ '2;1');

FILE_NAME(
/* name */ 'Pi5PowerCover.stp',
/* time_stamp */ '2026-08-06T20:25:48+02:00',
/* author */ ('louis'),
/* organization */ (''),
/* preprocessor_version */ 'ST-DEVELOPER v20',
/* originating_system */ 'Autodesk Inventor 2025',
/* authorisation */ '');

FILE_SCHEMA (('AUTOMOTIVE_DESIGN { 1 0 10303 214 3 1 1 }'));
ENDSEC;

DATA;
#10=MECHANICAL_DESIGN_GEOMETRIC_PRESENTATION_REPRESENTATION('',(#13),#2896);
#11=SHAPE_REPRESENTATION_RELATIONSHIP('SRR','None',#2903,#12);
#12=ADVANCED_BREP_SHAPE_REPRESENTATION('',(#14),#2895);
#13=STYLED_ITEM('',(#2912),#14);
#14=MANIFOLD_SOLID_BREP('Solid1',#1118);
#15=FACE_BOUND('',#251,.T.);
#16=FACE_BOUND('',#253,.T.);
#17=FACE_BOUND('',#268,.T.);
#18=FACE_BOUND('',#270,.T.);
#19=FACE_BOUND('',#272,.T.);
#20=FACE_BOUND('',#279,.T.);
#21=FACE_BOUND('',#280,.T.);
#22=FACE_BOUND('',#281,.T.);
#23=FACE_BOUND('',#286,.T.);
#24=FACE_BOUND('',#290,.T.);
#25=B_SPLINE_SURFACE_WITH_KNOTS('',3,3,((#1748,#1749,#1750,#1751,#1752,
#1753,#1754,#1755,#1756,#1757),(#1758,#1759,#1760,#1761,#1762,#1763,#1764,
#1765,#1766,#1767),(#1768,#1769,#1770,#1771,#1772,#1773,#1774,#1775,#1776,
#1777),(#1778,#1779,#1780,#1781,#1782,#1783,#1784,#1785,#1786,#1787),(#1788,
#1789,#1790,#1791,#1792,#1793,#1794,#1795,#1796,#1797)),.UNSPECIFIED.,.F.,
 .F.,.F.,(4,1,4),(4,1,1,1,1,1,1,4),(0.,0.571428571428571,1.),(0.200046601314146,
3.09822716457787,5.99640772784158,6.72095286865751,7.44549800947344,8.8945882911053,
9.25686086151327,10.3436785727372),.UNSPECIFIED.);
#26=B_SPLINE_SURFACE_WITH_KNOTS('',3,1,((#1918,#1919),(#1920,#1921),(#1922,
#1923),(#1924,#1925),(#1926,#1927),(#1928,#1929),(#1930,#1931),(#1932,#1933),
(#1934,#1935),(#1936,#1937),(#1938,#1939),(#1940,#1941),(#1942,#1943),(#1944,
#1945),(#1946,#1947),(#1948,#1949)),.UNSPECIFIED.,.F.,.F.,.F.,(4,3,3,3,
3,4),(2,2),(-1.00000044418304,-0.99040427482034,-0.567821968552656,-0.247621848173534,
-0.0191614126133076,7.40433567756739E-7),(-1.31838984174237E-16,5.00000000052538),
 .UNSPECIFIED.);
#27=B_SPLINE_SURFACE_WITH_KNOTS('',3,3,((#2268,#2269,#2270,#2271),(#2272,
#2273,#2274,#2275),(#2276,#2277,#2278,#2279),(#2280,#2281,#2282,#2283),
(#2284,#2285,#2286,#2287)),.UNSPECIFIED.,.F.,.F.,.F.,(4,1,4),(4,4),(0.,
0.571428571428571,1.),(0.2,1.),.UNSPECIFIED.);
#28=B_SPLINE_SURFACE_WITH_KNOTS('',3,3,((#2292,#2293,#2294,#2295),(#2296,
#2297,#2298,#2299),(#2300,#2301,#2302,#2303),(#2304,#2305,#2306,#2307),
(#2308,#2309,#2310,#2311)),.UNSPECIFIED.,.F.,.F.,.F.,(4,1,4),(4,4),(0.,
0.571428571428571,1.),(2.175,2.825),.UNSPECIFIED.);
#29=B_SPLINE_SURFACE_WITH_KNOTS('',3,3,((#2316,#2317,#2318,#2319),(#2320,
#2321,#2322,#2323),(#2324,#2325,#2326,#2327),(#2328,#2329,#2330,#2331),
(#2332,#2333,#2334,#2335)),.UNSPECIFIED.,.F.,.F.,.F.,(4,1,4),(4,4),(0.,
0.571428571428571,1.),(4.,4.5),.UNSPECIFIED.);
#30=B_SPLINE_SURFACE_WITH_KNOTS('',3,3,((#2408,#2409,#2410,#2411),(#2412,
#2413,#2414,#2415),(#2416,#2417,#2418,#2419),(#2420,#2421,#2422,#2423),
(#2424,#2425,#2426,#2427)),.UNSPECIFIED.,.F.,.F.,.F.,(4,1,4),(4,4),(0.,
0.571428571428571,1.),(0.199999999999999,4.5),.UNSPECIFIED.);
#31=B_SPLINE_SURFACE_WITH_KNOTS('',3,3,((#2439,#2440,#2441,#2442,#2443,
#2444),(#2445,#2446,#2447,#2448,#2449,#2450),(#2451,#2452,#2453,#2454,#2455,
#2456),(#2457,#2458,#2459,#2460,#2461,#2462),(#2463,#2464,#2465,#2466,#2467,
#2468)),.UNSPECIFIED.,.F.,.F.,.F.,(4,1,4),(4,1,1,4),(0.,0.571428571428571,
1.),(0.,0.201968072257479,0.336613453762464,0.47125883526745),
 .UNSPECIFIED.);
#32=B_SPLINE_SURFACE_WITH_KNOTS('',3,3,((#2484,#2485,#2486,#2487,#2488,
#2489,#2490,#2491,#2492,#2493),(#2494,#2495,#2496,#2497,#2498,#2499,#2500,
#2501,#2502,#2503),(#2504,#2505,#2506,#2507,#2508,#2509,#2510,#2511,#2512,
#2513),(#2514,#2515,#2516,#2517,#2518,#2519,#2520,#2521,#2522,#2523),(#2524,
#2525,#2526,#2527,#2528,#2529,#2530,#2531,#2532,#2533)),.UNSPECIFIED.,.F.,
 .F.,.F.,(4,1,4),(4,1,1,1,1,1,1,4),(0.,0.571428571428571,1.),(2.30068046562806E-13,
1.36348338239365,2.72696676478708,3.40870845598379,4.0904501471805,5.45393352957392,
6.81741691196734,9.54438367675419),.UNSPECIFIED.);
#33=B_SPLINE_SURFACE_WITH_KNOTS('',3,3,((#2557,#2558,#2559,#2560,#2561,
#2562),(#2563,#2564,#2565,#2566,#2567,#2568),(#2569,#2570,#2571,#2572,#2573,
#2574),(#2575,#2576,#2577,#2578,#2579,#2580),(#2581,#2582,#2583,#2584,#2585,
#2586)),.UNSPECIFIED.,.F.,.F.,.F.,(4,1,4),(4,1,1,4),(0.,0.571428571428571,
1.),(0.,0.201956167430995,0.336593612384992,0.471231057338989),
 .UNSPECIFIED.);
#34=B_SPLINE_SURFACE_WITH_KNOTS('',3,1,((#2601,#2602),(#2603,#2604),(#2605,
#2606),(#2607,#2608)),.UNSPECIFIED.,.F.,.F.,.F.,(4,4),(2,2),(-1.,0.),(0.,
7.5),.UNSPECIFIED.);
#35=SPHERICAL_SURFACE('',#1155,2.);
#36=SPHERICAL_SURFACE('',#1164,2.);
#37=B_SPLINE_CURVE_WITH_KNOTS('',3,(#1517,#1518,#1519,#1520,#1521,#1522,
#1523,#1524,#1525,#1526,#1527,#1528,#1529,#1530),.UNSPECIFIED.,.F.,.F.,
(4,2,2,2,2,2,4),(-0.314949142542638,-0.301948547411101,-0.278194820527261,
-0.233534495618959,-0.158251488248896,-0.0801560921558099,0.),
 .UNSPECIFIED.);
#38=B_SPLINE_CURVE_WITH_KNOTS('',3,(#1534,#1535,#1536,#1537,#1538,#1539,
#1540,#1541,#1542,#1543,#1544,#1545,#1546,#1547,#1548,#1549,#1550,#1551,
#1552,#1553,#1554,#1555,#1556,#1557,#1558,#1559,#1560,#1561),
 .UNSPECIFIED.,.F.,.F.,(4,3,3,3,3,3,3,3,3,4),(-0.314842603658614,-0.269461976393437,
-0.246467533715196,-0.193082598622794,-0.176185895038088,-0.111097039994469,
-0.0625577274212404,-0.0483684366069857,-0.0201287531861382,0.),
 .UNSPECIFIED.);
#39=B_SPLINE_CURVE_WITH_KNOTS('',3,(#1565,#1566,#1567,#1568),
 .UNSPECIFIED.,.F.,.F.,(4,4),(-1.025,-0.250000000000003),.UNSPECIFIED.);
#40=B_SPLINE_CURVE_WITH_KNOTS('',3,(#1571,#1572,#1573,#1574),
 .UNSPECIFIED.,.F.,.F.,(4,4),(-1.025,-0.25000000000001),.UNSPECIFIED.);
#41=B_SPLINE_CURVE_WITH_KNOTS('',3,(#1578,#1579,#1580,#1581,#1582,#1583,
#1584,#1585,#1586,#1587,#1588,#1589,#1590,#1591),.UNSPECIFIED.,.F.,.F.,
(4,2,2,2,2,2,4),(-0.314949142542602,-0.301948547411086,-0.278194820527268,
-0.233534495618961,-0.158251488248901,-0.0801560921558115,0.),
 .UNSPECIFIED.);
#42=B_SPLINE_CURVE_WITH_KNOTS('',3,(#1595,#1596,#1597,#1598,#1599,#1600,
#1601,#1602,#1603,#1604,#1605,#1606,#1607,#1608,#1609,#1610,#1611,#1612,
#1613,#1614,#1615,#1616,#1617,#1618,#1619,#1620,#1621,#1622),
 .UNSPECIFIED.,.F.,.F.,(4,3,3,3,3,3,3,3,3,4),(-0.314842603658913,-0.269461976393663,
-0.246467533715043,-0.193082598622302,-0.176185895037874,-0.111097039994213,
-0.0625577274212442,-0.0483684366069194,-0.0201287531861229,0.),
 .UNSPECIFIED.);
#43=B_SPLINE_CURVE_WITH_KNOTS('',3,(#1626,#1627,#1628,#1629),
 .UNSPECIFIED.,.F.,.F.,(4,4),(-1.025,-0.250000000000012),.UNSPECIFIED.);
#44=B_SPLINE_CURVE_WITH_KNOTS('',3,(#1632,#1633,#1634,#1635),
 .UNSPECIFIED.,.F.,.F.,(4,4),(-1.025,-0.249999999999998),.UNSPECIFIED.);
#45=B_SPLINE_CURVE_WITH_KNOTS('',3,(#1638,#1639,#1640,#1641,#1642,#1643,
#1644,#1645,#1646,#1647,#1648,#1649,#1650,#1651,#1652,#1653,#1654,#1655,
#1656,#1657,#1658,#1659,#1660,#1661,#1662,#1663,#1664,#1665,#1666,#1667,
#1668),.UNSPECIFIED.,.F.,.F.,(4,3,3,3,3,3,3,3,3,3,4),(-0.629709169537321,
-0.612019842971062,-0.590152887650982,-0.5443924929915,-0.486971842209022,
-0.469376687237964,-0.410692795423243,-0.401018731588749,-0.354929373557284,
-0.321635502745557,-0.314842603658928),.UNSPECIFIED.);
#46=B_SPLINE_CURVE_WITH_KNOTS('',3,(#1670,#1671,#1672,#1673,#1674,#1675,
#1676,#1677,#1678,#1679,#1680,#1681,#1682,#1683,#1684,#1685),
 .UNSPECIFIED.,.F.,.F.,(4,2,2,2,2,2,2,4),(-1.25943666936093,-1.21685681233978,
-1.17233636200612,-1.10340153035871,-1.03987890683445,-0.987027718874915,
-0.961376515629397,-0.944796719355261),.UNSPECIFIED.);
#47=B_SPLINE_CURVE_WITH_KNOTS('',3,(#1689,#1690,#1691,#1692,#1693,#1694,
#1695,#1696,#1697,#1698,#1699,#1700,#1701,#1702,#1703,#1704,#1705,#1706,
#1707,#1708,#1709,#1710,#1711,#1712,#1713,#1714,#1715,#1716,#1717,#1718,
#1719),.UNSPECIFIED.,.F.,.F.,(4,3,3,3,3,3,3,3,3,3,4),(-0.629709169538232,
-0.612019842971913,-0.590152887651743,-0.544392492992036,-0.486971842209402,
-0.469376687238437,-0.410692795423463,-0.401018731589162,-0.354929373557683,
-0.321635502745867,-0.314842603659447),.UNSPECIFIED.);
#48=B_SPLINE_CURVE_WITH_KNOTS('',3,(#1721,#1722,#1723,#1724,#1725,#1726,
#1727,#1728,#1729,#1730,#1731,#1732,#1733,#1734,#1735,#1736),
 .UNSPECIFIED.,.F.,.F.,(4,2,2,2,2,2,2,4),(-1.25943666936199,-1.21685681234085,
-1.17233636200723,-1.10340153035985,-1.03987890683559,-0.98702771887609,
-0.96137651563056,-0.944796719356403),.UNSPECIFIED.);
#49=B_SPLINE_CURVE_WITH_KNOTS('',3,(#1799,#1800,#1801,#1802,#1803,#1804,
#1805,#1806,#1807,#1808),.UNSPECIFIED.,.F.,.F.,(4,1,1,1,1,1,1,4),(-10.3436785727372,
-9.25686086151327,-8.8945882911053,-7.44549800947344,-6.72095286865751,
-5.99640772784158,-3.09822716457787,-0.200046601314146),.UNSPECIFIED.);
#50=B_SPLINE_CURVE_WITH_KNOTS('',3,(#1811,#1812,#1813,#1814,#1815,#1816,
#1817,#1818,#1819,#1820),.UNSPECIFIED.,.F.,.F.,(4,1,1,1,1,1,1,4),(0.200046601314146,
3.09822716457787,5.99640772784158,6.72095286865751,7.44549800947344,8.8945882911053,
9.25686086151327,10.3436785727372),.UNSPECIFIED.);
#51=B_SPLINE_CURVE_WITH_KNOTS('',3,(#1832,#1833,#1834,#1835),
 .UNSPECIFIED.,.F.,.F.,(4,4),(0.2,1.),.UNSPECIFIED.);
#52=B_SPLINE_CURVE_WITH_KNOTS('',3,(#1838,#1839,#1840,#1841),
 .UNSPECIFIED.,.F.,.F.,(4,4),(-0.648935396890195,-0.249852908640714),
 .UNSPECIFIED.);
#53=B_SPLINE_CURVE_WITH_KNOTS('',3,(#1843,#1844,#1845,#1846,#1847,#1848,
#1849),.UNSPECIFIED.,.F.,.F.,(4,3,4),(-0.315404978624071,-0.135173562267459,
0.),.UNSPECIFIED.);
#54=B_SPLINE_CURVE_WITH_KNOTS('',3,(#1853,#1854,#1855,#1856),
 .UNSPECIFIED.,.F.,.F.,(4,4),(-0.299881774513863,-3.69521111098781E-7),
 .UNSPECIFIED.);
#55=B_SPLINE_CURVE_WITH_KNOTS('',3,(#1859,#1860,#1861,#1862),
 .UNSPECIFIED.,.F.,.F.,(4,4),(-0.549804457002999,-0.249917829325714),
 .UNSPECIFIED.);
#56=B_SPLINE_CURVE_WITH_KNOTS('',3,(#1867,#1868,#1869,#1870,#1871,#1872,
#1873),.UNSPECIFIED.,.F.,.F.,(4,3,4),(-0.315404978624071,-0.180231416356612,
0.),.UNSPECIFIED.);
#57=B_SPLINE_CURVE_WITH_KNOTS('',3,(#1874,#1875,#1876,#1877),
 .UNSPECIFIED.,.F.,.F.,(4,4),(-0.599391845885966,-0.200333029318035),
 .UNSPECIFIED.);
#58=B_SPLINE_CURVE_WITH_KNOTS('',3,(#1880,#1881,#1882,#1883),
 .UNSPECIFIED.,.F.,.F.,(4,4),(-0.648935396890189,-0.24985290864071),
 .UNSPECIFIED.);
#59=B_SPLINE_CURVE_WITH_KNOTS('',3,(#1884,#1885,#1886,#1887,#1888,#1889,
#1890),.UNSPECIFIED.,.F.,.F.,(4,3,4),(-0.315404978624071,-0.135173562267459,
0.),.UNSPECIFIED.);
#60=B_SPLINE_CURVE_WITH_KNOTS('',3,(#1893,#1894,#1895,#1896),
 .UNSPECIFIED.,.F.,.F.,(4,4),(-0.299881774513777,-3.69521111986959E-7),
 .UNSPECIFIED.);
#61=B_SPLINE_CURVE_WITH_KNOTS('',3,(#1899,#1900,#1901,#1902),
 .UNSPECIFIED.,.F.,.F.,(4,4),(-0.549804457002887,-0.249917829325705),
 .UNSPECIFIED.);
#62=B_SPLINE_CURVE_WITH_KNOTS('',3,(#1907,#1908,#1909,#1910,#1911,#1912,
#1913),.UNSPECIFIED.,.F.,.F.,(4,3,4),(-0.315404978624071,-0.180231416356612,
0.),.UNSPECIFIED.);
#63=B_SPLINE_CURVE_WITH_KNOTS('',3,(#1914,#1915,#1916,#1917),
 .UNSPECIFIED.,.F.,.F.,(4,4),(-0.599391845885972,-0.200333029318036),
 .UNSPECIFIED.);
#64=B_SPLINE_CURVE_WITH_KNOTS('',3,(#1950,#1951,#1952,#1953,#1954,#1955),
 .UNSPECIFIED.,.F.,.F.,(4,2,4),(-2.825,-2.50000000026269,-2.175),
 .UNSPECIFIED.);
#65=B_SPLINE_CURVE_WITH_KNOTS('',3,(#1957,#1958,#1959,#1960),
 .UNSPECIFIED.,.F.,.F.,(4,4),(-1.,-0.299999999999999),.UNSPECIFIED.);
#66=B_SPLINE_CURVE_WITH_KNOTS('',3,(#1962,#1963,#1964,#1965),
 .UNSPECIFIED.,.F.,.F.,(4,4),(-3.96270301585958,-3.40247155700445),
 .UNSPECIFIED.);
#67=B_SPLINE_CURVE_WITH_KNOTS('',3,(#1967,#1968,#1969,#1970,#1971,#1972,
#1973,#1974,#1975,#1976,#1977,#1978,#1979,#1980,#1981,#1982,#1983,#1984,
#1985,#1986,#1987,#1988,#1989,#1990),.UNSPECIFIED.,.F.,.F.,(4,2,2,2,2,2,
2,2,2,2,2,4),(0.,0.166717012366729,0.26211625808406,0.33779396934546,0.419773905603068,
0.54421336217866,0.794480693722571,1.00997334913753,1.2401136544887,1.48607492909476,
1.73210883975575,1.87939768504078),.UNSPECIFIED.);
#68=B_SPLINE_CURVE_WITH_KNOTS('',3,(#1992,#1993,#1994,#1995,#1996,#1997,
#1998,#1999,#2000,#2001,#2002,#2003,#2004,#2005),.UNSPECIFIED.,.F.,.F.,
(4,2,2,2,2,2,4),(2.68532388606169,2.75937057165274,2.97546421781539,3.20582239599139,
3.45143881334711,3.69770978811518,3.93717241471765),.UNSPECIFIED.);
#69=B_SPLINE_CURVE_WITH_KNOTS('',3,(#2007,#2008,#2009,#2010,#2011,#2012,
#2013,#2014,#2015,#2016),.UNSPECIFIED.,.F.,.F.,(4,3,3,4),(-3.15582211582095,
-2.10771575177717,-1.00197454903138,-0.246610645771002),.UNSPECIFIED.);
#70=B_SPLINE_CURVE_WITH_KNOTS('',3,(#2018,#2019,#2020,#2021,#2022,#2023),
 .UNSPECIFIED.,.F.,.F.,(4,2,4),(0.500000000525385,2.50000000026269,4.70000000052539),
 .UNSPECIFIED.);
#71=B_SPLINE_CURVE_WITH_KNOTS('',3,(#2025,#2026,#2027,#2028,#2029,#2030,
#2031,#2032,#2033,#2034,#2035,#2036,#2037,#2038,#2039,#2040,#2041,#2042,
#2043,#2044,#2045,#2046,#2047,#2048,#2049,#2050,#2051,#2052,#2053,#2054,
#2055),.UNSPECIFIED.,.F.,.F.,(4,3,3,3,3,3,3,3,3,3,4),(0.53335659394404,
0.548565369110876,0.587712522556002,0.59353352581139,0.637496933449085,
0.655665262524154,0.727596516394572,0.735425299823894,0.776905115802777,
0.809046868031034,0.848317607824529),.UNSPECIFIED.);
#72=B_SPLINE_CURVE_WITH_KNOTS('',3,(#2057,#2058,#2059,#2060,#2061,#2062,
#2063),.UNSPECIFIED.,.F.,.F.,(4,3,4),(4.47328740241757,4.98513558307434,
6.33026550002947),.UNSPECIFIED.);
#73=B_SPLINE_CURVE_WITH_KNOTS('',3,(#2065,#2066,#2067,#2068),
 .UNSPECIFIED.,.F.,.F.,(4,4),(4.63812646401133,4.7),.UNSPECIFIED.);
#74=B_SPLINE_CURVE_WITH_KNOTS('',3,(#2070,#2071,#2072,#2073,#2074,#2075,
#2076,#2077,#2078,#2079),.UNSPECIFIED.,.F.,.F.,(4,3,3,4),(3.20924449703469,
3.29110951689251,3.31962924955636,3.41365582102616),.UNSPECIFIED.);
#75=B_SPLINE_CURVE_WITH_KNOTS('',3,(#2081,#2082,#2083,#2084,#2085,#2086,
#2087,#2088,#2089,#2090,#2091,#2092,#2093,#2094,#2095,#2096,#2097,#2098,
#2099,#2100,#2101,#2102,#2103,#2104,#2105,#2106,#2107,#2108,#2109,#2110,
#2111,#2112,#2113,#2114,#2115,#2116,#2117,#2118,#2119,#2120,#2121,#2122,
#2123,#2124,#2125,#2126,#2127,#2128,#2129,#2130,#2131,#2132,#2133,#2134,
#2135,#2136,#2137,#2138,#2139,#2140,#2141,#2142,#2143,#2144,#2145,#2146,
#2147,#2148,#2149,#2150,#2151,#2152,#2153,#2154,#2155,#2156,#2157,#2158,
#2159,#2160,#2161,#2162,#2163,#2164,#2165,#2166,#2167,#2168),
 .UNSPECIFIED.,.F.,.F.,(4,3,3,3,3,3,3,3,3,3,3,3,3,3,3,3,3,3,3,3,3,3,3,3,
3,3,3,3,3,4),(1.48618047351345,1.54486639573958,1.63117436875275,1.68648596654508,
1.75577503352813,1.82506410051118,1.89203571824533,1.95968440734173,1.98353306733238,
2.06243444113306,2.07956954167047,2.1759966635536,2.2549879357369,2.32566950124706,
2.35591404528791,2.42120268357273,2.48638936557563,2.54157352027591,2.61195024984017,
2.6901583540508,2.73143023069343,2.82034201401349,2.89854678329152,2.92223569403349,
2.9897370125091,3.03959427709109,3.10618976272761,3.17528240393721,3.18067031083961,
3.20924449703469),.UNSPECIFIED.);
#76=B_SPLINE_CURVE_WITH_KNOTS('',3,(#2170,#2171,#2172,#2173),
 .UNSPECIFIED.,.F.,.F.,(4,4),(3.60655261524961,3.76187353598866),
 .UNSPECIFIED.);
#77=B_SPLINE_CURVE_WITH_KNOTS('',3,(#2175,#2176,#2177,#2178,#2179,#2180,
#2181,#2182,#2183,#2184,#2185,#2186,#2187,#2188),.UNSPECIFIED.,.F.,.F.,
(4,2,2,2,2,2,4),(0.638189988406543,0.81951448585532,1.05413009693512,1.29348856202604,
1.5415019026312,1.79050361304335,2.01004832584957),.UNSPECIFIED.);
#78=B_SPLINE_CURVE_WITH_KNOTS('',3,(#2190,#2191,#2192,#2193,#2194,#2195,
#2196),.UNSPECIFIED.,.F.,.F.,(4,3,4),(1.54618665780106,3.17568291504701,
4.352623425346),.UNSPECIFIED.);
#79=B_SPLINE_CURVE_WITH_KNOTS('',3,(#2198,#2199,#2200,#2201,#2202,#2203,
#2204,#2205,#2206,#2207,#2208,#2209,#2210,#2211,#2212,#2213,#2214,#2215,
#2216,#2217,#2218,#2219,#2220,#2221,#2222,#2223,#2224,#2225,#2226,#2227,
#2228,#2229,#2230,#2231,#2232,#2233),.UNSPECIFIED.,.F.,.F.,(4,2,2,2,2,2,
2,2,2,2,2,2,2,2,2,2,2,4),(0.716816388906529,0.794480693722459,1.00997334913739,
1.24011365448853,1.48607492909458,1.73210883975556,1.96745409167657,2.13085666786016,
2.22471325492813,2.30016697541611,2.3830224290356,2.51022946687252,2.75937057165241,
2.97546421781501,3.20582239599094,3.45143881334661,3.69770978811466,3.8480481219347),
 .UNSPECIFIED.);
#80=B_SPLINE_CURVE_WITH_KNOTS('',3,(#2235,#2236,#2237,#2238),
 .UNSPECIFIED.,.F.,.F.,(4,4),(0.42549639787514,1.14220233539128),
 .UNSPECIFIED.);
#81=B_SPLINE_CURVE_WITH_KNOTS('',3,(#2240,#2241,#2242,#2243,#2244,#2245,
#2246,#2247,#2248,#2249,#2250,#2251,#2252,#2253,#2254,#2255),
 .UNSPECIFIED.,.F.,.F.,(4,2,2,2,2,2,2,4),(0.556958914386653,0.603701148843189,
0.682646973139138,0.758313354060693,0.82025547888102,0.849983155690797,
0.869012687092344,0.87189308839842),.UNSPECIFIED.);
#82=B_SPLINE_CURVE_WITH_KNOTS('',3,(#2256,#2257,#2258,#2259),
 .UNSPECIFIED.,.F.,.F.,(4,4),(-4.5,-4.),.UNSPECIFIED.);
#83=B_SPLINE_CURVE_WITH_KNOTS('',3,(#2264,#2265,#2266,#2267),
 .UNSPECIFIED.,.F.,.F.,(4,4),(2.175,2.825),.UNSPECIFIED.);
#84=B_SPLINE_CURVE_WITH_KNOTS('',3,(#2288,#2289,#2290,#2291),
 .UNSPECIFIED.,.F.,.F.,(4,4),(-1.,-0.2),.UNSPECIFIED.);
#85=B_SPLINE_CURVE_WITH_KNOTS('',3,(#2312,#2313,#2314,#2315),
 .UNSPECIFIED.,.F.,.F.,(4,4),(-2.825,-2.175),.UNSPECIFIED.);
#86=B_SPLINE_CURVE_WITH_KNOTS('',3,(#2337,#2338,#2339,#2340),
 .UNSPECIFIED.,.F.,.F.,(4,4),(4.,4.5),.UNSPECIFIED.);
#87=B_SPLINE_CURVE_WITH_KNOTS('',3,(#2343,#2344,#2345,#2346),
 .UNSPECIFIED.,.F.,.F.,(4,4),(-4.5,-4.),.UNSPECIFIED.);
#88=B_SPLINE_CURVE_WITH_KNOTS('',3,(#2429,#2430,#2431,#2432),
 .UNSPECIFIED.,.F.,.F.,(4,4),(0.199999999999999,4.5),.UNSPECIFIED.);
#89=B_SPLINE_CURVE_WITH_KNOTS('',3,(#2435,#2436,#2437,#2438),
 .UNSPECIFIED.,.F.,.F.,(4,4),(-4.5,-0.199999999999999),.UNSPECIFIED.);
#90=B_SPLINE_CURVE_WITH_KNOTS('',3,(#2472,#2473,#2474,#2475,#2476,#2477),
 .UNSPECIFIED.,.F.,.F.,(4,1,1,4),(-0.47125883526745,-0.336613453762464,
-0.201968072257479,0.),.UNSPECIFIED.);
#91=B_SPLINE_CURVE_WITH_KNOTS('',3,(#2478,#2479,#2480,#2481,#2482,#2483),
 .UNSPECIFIED.,.F.,.F.,(4,1,1,4),(0.,0.201968072257479,0.336613453762464,
0.47125883526745),.UNSPECIFIED.);
#92=B_SPLINE_CURVE_WITH_KNOTS('',3,(#2537,#2538,#2539,#2540,#2541,#2542,
#2543,#2544,#2545,#2546),.UNSPECIFIED.,.F.,.F.,(4,1,1,1,1,1,1,4),(-9.54438367675419,
-6.81741691196734,-5.45393352957392,-4.0904501471805,-3.40870845598379,
-2.72696676478708,-1.36348338239365,-2.30068046562806E-13),
 .UNSPECIFIED.);
#93=B_SPLINE_CURVE_WITH_KNOTS('',3,(#2547,#2548,#2549,#2550,#2551,#2552,
#2553,#2554,#2555,#2556),.UNSPECIFIED.,.F.,.F.,(4,1,1,1,1,1,1,4),(2.30068046562806E-13,
1.36348338239365,2.72696676478708,3.40870845598379,4.0904501471805,5.45393352957392,
6.81741691196734,9.54438367675419),.UNSPECIFIED.);
#94=B_SPLINE_CURVE_WITH_KNOTS('',3,(#2587,#2588,#2589,#2590,#2591,#2592),
 .UNSPECIFIED.,.F.,.F.,(4,1,1,4),(-0.471231057338989,-0.336593612384992,
-0.201956167430995,0.),.UNSPECIFIED.);
#95=B_SPLINE_CURVE_WITH_KNOTS('',3,(#2593,#2594,#2595,#2596,#2597,#2598),
 .UNSPECIFIED.,.F.,.F.,(4,1,1,4),(0.,0.201956167430995,0.336593612384992,
0.471231057338989),.UNSPECIFIED.);
#96=B_SPLINE_CURVE_WITH_KNOTS('',3,(#2611,#2612,#2613,#2614),
 .UNSPECIFIED.,.F.,.F.,(4,4),(-0.327276531084817,-0.100222763888092),
 .UNSPECIFIED.);
#97=B_SPLINE_CURVE_WITH_KNOTS('',3,(#2616,#2617,#2618,#2619,#2620,#2621,
#2622,#2623,#2624,#2625,#2626,#2627,#2628,#2629,#2630,#2631,#2632,#2633,
#2634,#2635,#2636,#2637,#2638,#2639,#2640,#2641,#2642,#2643,#2644,#2645,
#2646,#2647,#2648,#2649),.UNSPECIFIED.,.F.,.F.,(4,3,3,3,3,3,3,3,3,3,3,4),
(-0.658923688713558,-0.586190981071472,-0.511895082946503,-0.505248807575033,
-0.423656033472674,-0.377662933739026,-0.301852504196976,-0.252775074890306,
-0.171083587495301,-0.130540137289114,-0.0585449197747782,0.),
 .UNSPECIFIED.);
#98=B_SPLINE_CURVE_WITH_KNOTS('',3,(#2651,#2652,#2653,#2654),
 .UNSPECIFIED.,.F.,.F.,(4,4),(-0.649777236111909,-0.422723468915178),
 .UNSPECIFIED.);
#99=B_SPLINE_CURVE_WITH_KNOTS('',3,(#2656,#2657,#2658,#2659,#2660,#2661,
#2662,#2663,#2664,#2665,#2666,#2667,#2668,#2669,#2670,#2671,#2672,#2673,
#2674,#2675,#2676,#2677,#2678,#2679,#2680,#2681,#2682,#2683,#2684,#2685,
#2686,#2687,#2688,#2689,#2690,#2691,#2692,#2693,#2694,#2695,#2696,#2697,
#2698,#2699,#2700,#2701,#2702,#2703,#2704,#2705,#2706,#2707,#2708,#2709,
#2710,#2711,#2712,#2713,#2714,#2715,#2716,#2717,#2718,#2719,#2720,#2721,
#2722),.UNSPECIFIED.,.F.,.F.,(4,3,3,3,3,3,3,3,3,3,3,3,3,3,3,3,3,3,3,3,3,
3,4),(-1.04258723759393,-0.994458724627947,-0.947399227426171,-0.880004766756862,
-0.824496945474121,-0.77563375829523,-0.772119243131558,-0.72476171432689,
-0.715216116896519,-0.660354928582235,-0.647266707950345,-0.590166967241835,
-0.57601485715016,-0.530857626997685,-0.505797812760451,-0.458327449028043,
-0.437681028963837,-0.370582940746687,-0.320429386982571,-0.305125746474203,
-0.257822123011699,-0.250547418864324,-0.236533622883664),.UNSPECIFIED.);
#100=B_SPLINE_CURVE_WITH_KNOTS('',3,(#2723,#2724,#2725,#2726,#2727,#2728,
#2729,#2730,#2731,#2732,#2733,#2734,#2735,#2736,#2737,#2738,#2739,#2740,
#2741),.UNSPECIFIED.,.F.,.F.,(4,3,3,3,3,3,4),(-0.236533622883664,-0.197950571546521,
-0.138999986788503,-0.0749558494888056,-0.071194905078081,-0.0126103227619157,
0.),.UNSPECIFIED.);
#101=B_SPLINE_CURVE_WITH_KNOTS('',3,(#2744,#2745,#2746,#2747,#2748,#2749,
#2750,#2751,#2752,#2753,#2754,#2755,#2756,#2757,#2758,#2759),
 .UNSPECIFIED.,.F.,.F.,(4,3,3,3,3,4),(-2.04720654021461,-2.03212966205776,
-1.97519962980425,-1.95212656449436,-1.9055541263379,-1.88399305025798),
 .UNSPECIFIED.);
#102=B_SPLINE_CURVE_WITH_KNOTS('',3,(#2760,#2761,#2762,#2763,#2764,#2765,
#2766,#2767,#2768,#2769,#2770,#2771,#2772,#2773,#2774,#2775,#2776,#2777,
#2778,#2779,#2780,#2781,#2782,#2783,#2784,#2785,#2786,#2787,#2788,#2789,
#2790,#2791,#2792,#2793,#2794,#2795,#2796,#2797,#2798,#2799,#2800,#2801),
 .UNSPECIFIED.,.F.,.F.,(4,2,2,2,2,2,2,2,2,2,2,2,2,2,2,2,2,2,2,2,4),(-1.88399305025798,
-1.86671657672859,-1.82257079242558,-1.75149634353962,-1.62559343455013,
-1.49831674205494,-1.36844467639712,-1.24709975796877,-1.133362694407,-1.00324914998462,
-0.926998763742256,-0.881507189391938,-0.842711211932624,-0.797621154900996,
-0.723221207131801,-0.597950781097117,-0.470484927748672,-0.340970161192916,
-0.219782608658904,-0.106086875963434,0.),.UNSPECIFIED.);
#103=B_SPLINE_CURVE_WITH_KNOTS('',3,(#2804,#2805,#2806,#2807,#2808,#2809,
#2810,#2811,#2812,#2813,#2814,#2815,#2816,#2817,#2818,#2819),
 .UNSPECIFIED.,.F.,.F.,(4,3,3,3,3,4),(-2.04720654020638,-2.03212966204955,
-1.97519962979696,-1.95212656448681,-1.90555412633072,-1.88399305025097),
 .UNSPECIFIED.);
#104=B_SPLINE_CURVE_WITH_KNOTS('',3,(#2820,#2821,#2822,#2823,#2824,#2825,
#2826,#2827,#2828,#2829,#2830,#2831,#2832,#2833,#2834,#2835,#2836,#2837,
#2838,#2839,#2840,#2841,#2842,#2843,#2844,#2845,#2846,#2847,#2848,#2849,
#2850,#2851,#2852,#2853,#2854,#2855,#2856,#2857,#2858,#2859,#2860,#2861),
 .UNSPECIFIED.,.F.,.F.,(4,2,2,2,2,2,2,2,2,2,2,2,2,2,2,2,2,2,2,2,4),(-1.88399305025097,
-1.8667165767217,-1.82257079241902,-1.75149634353354,-1.62559343454487,
-1.49831674205048,-1.36844467639339,-1.24709975796566,-1.13336269440441,
-1.00324914998258,-0.926998763740515,-0.881507189390357,-0.84271121193116,
-0.797621154899679,-0.723221207130712,-0.597950781096342,-0.470484927748194,
-0.340970161192676,-0.219782608658811,-0.106086875963412,0.),
 .UNSPECIFIED.);
#105=CYLINDRICAL_SURFACE('',#1149,2.);
#106=CYLINDRICAL_SURFACE('',#1151,2.);
#107=CYLINDRICAL_SURFACE('',#1153,2.);
#108=CYLINDRICAL_SURFACE('',#1154,2.);
#109=CYLINDRICAL_SURFACE('',#1159,2.);
#110=CYLINDRICAL_SURFACE('',#1162,2.);
#111=CYLINDRICAL_SURFACE('',#1181,6.25);
#112=CYLINDRICAL_SURFACE('',#1182,6.25);
#113=CYLINDRICAL_SURFACE('',#1183,6.25);
#114=CYLINDRICAL_SURFACE('',#1190,2.);
#115=CYLINDRICAL_SURFACE('',#1191,2.);
#116=CYLINDRICAL_SURFACE('',#1193,4.8);
#117=CYLINDRICAL_SURFACE('',#1195,4.8);
#118=CYLINDRICAL_SURFACE('',#1197,4.8);
#119=CYLINDRICAL_SURFACE('',#1209,5.);
#120=CYLINDRICAL_SURFACE('',#1211,5.);
#121=CYLINDRICAL_SURFACE('',#1215,3.25);
#122=CYLINDRICAL_SURFACE('',#1216,1.8);
#123=CYLINDRICAL_SURFACE('',#1220,3.25);
#124=CYLINDRICAL_SURFACE('',#1221,1.8);
#125=CYLINDRICAL_SURFACE('',#1225,1.8);
#126=CYLINDRICAL_SURFACE('',#1226,3.25);
#127=CIRCLE('',#1143,2.);
#128=CIRCLE('',#1144,5.);
#129=CIRCLE('',#1145,5.);
#130=CIRCLE('',#1146,2.);
#131=CIRCLE('',#1147,2.);
#132=CIRCLE('',#1148,2.);
#133=CIRCLE('',#1156,2.);
#134=CIRCLE('',#1157,2.);
#135=CIRCLE('',#1158,2.);
#136=CIRCLE('',#1160,2.);
#137=CIRCLE('',#1163,2.);
#138=CIRCLE('',#1165,2.);
#139=CIRCLE('',#1174,2.);
#140=CIRCLE('',#1176,6.25);
#141=CIRCLE('',#1177,4.8);
#142=CIRCLE('',#1179,6.25);
#143=CIRCLE('',#1180,4.8);
#144=CIRCLE('',#1184,6.25);
#145=CIRCLE('',#1186,4.8);
#146=CIRCLE('',#1194,4.8);
#147=CIRCLE('',#1196,4.8);
#148=CIRCLE('',#1198,4.8);
#149=CIRCLE('',#1200,1.8);
#150=CIRCLE('',#1202,1.8);
#151=CIRCLE('',#1204,1.8);
#152=CIRCLE('',#1205,2.);
#153=CIRCLE('',#1206,2.);
#154=CIRCLE('',#1207,2.);
#155=CIRCLE('',#1213,3.25);
#156=CIRCLE('',#1214,1.8);
#157=CIRCLE('',#1218,3.25);
#158=CIRCLE('',#1219,1.8);
#159=CIRCLE('',#1223,3.25);
#160=CIRCLE('',#1224,1.8);
#161=FACE_OUTER_BOUND('',#224,.T.);
#162=FACE_OUTER_BOUND('',#225,.T.);
#163=FACE_OUTER_BOUND('',#226,.T.);
#164=FACE_OUTER_BOUND('',#227,.T.);
#165=FACE_OUTER_BOUND('',#228,.T.);
#166=FACE_OUTER_BOUND('',#229,.T.);
#167=FACE_OUTER_BOUND('',#230,.T.);
#168=FACE_OUTER_BOUND('',#231,.T.);
#169=FACE_OUTER_BOUND('',#232,.T.);
#170=FACE_OUTER_BOUND('',#233,.T.);
#171=FACE_OUTER_BOUND('',#234,.T.);
#172=FACE_OUTER_BOUND('',#235,.T.);
#173=FACE_OUTER_BOUND('',#236,.T.);
#174=FACE_OUTER_BOUND('',#237,.T.);
#175=FACE_OUTER_BOUND('',#238,.T.);
#176=FACE_OUTER_BOUND('',#239,.T.);
#177=FACE_OUTER_BOUND('',#240,.T.);
#178=FACE_OUTER_BOUND('',#241,.T.);
#179=FACE_OUTER_BOUND('',#242,.T.);
#180=FACE_OUTER_BOUND('',#243,.T.);
#181=FACE_OUTER_BOUND('',#244,.T.);
#182=FACE_OUTER_BOUND('',#245,.T.);
#183=FACE_OUTER_BOUND('',#246,.T.);
#184=FACE_OUTER_BOUND('',#247,.T.);
#185=FACE_OUTER_BOUND('',#248,.T.);
#186=FACE_OUTER_BOUND('',#249,.T.);
#187=FACE_OUTER_BOUND('',#250,.T.);
#188=FACE_OUTER_BOUND('',#252,.T.);
#189=FACE_OUTER_BOUND('',#254,.T.);
#190=FACE_OUTER_BOUND('',#255,.T.);
#191=FACE_OUTER_BOUND('',#256,.T.);
#192=FACE_OUTER_BOUND('',#257,.T.);
#193=FACE_OUTER_BOUND('',#258,.T.);
#194=FACE_OUTER_BOUND('',#259,.T.);
#195=FACE_OUTER_BOUND('',#260,.T.);
#196=FACE_OUTER_BOUND('',#261,.T.);
#197=FACE_OUTER_BOUND('',#262,.T.);
#198=FACE_OUTER_BOUND('',#263,.T.);
#199=FACE_OUTER_BOUND('',#264,.T.);
#200=FACE_OUTER_BOUND('',#265,.T.);
#201=FACE_OUTER_BOUND('',#266,.T.);
#202=FACE_OUTER_BOUND('',#267,.T.);
#203=FACE_OUTER_BOUND('',#269,.T.);
#204=FACE_OUTER_BOUND('',#271,.T.);
#205=FACE_OUTER_BOUND('',#273,.T.);
#206=FACE_OUTER_BOUND('',#274,.T.);
#207=FACE_OUTER_BOUND('',#275,.T.);
#208=FACE_OUTER_BOUND('',#276,.T.);
#209=FACE_OUTER_BOUND('',#277,.T.);
#210=FACE_OUTER_BOUND('',#278,.T.);
#211=FACE_OUTER_BOUND('',#282,.T.);
#212=FACE_OUTER_BOUND('',#283,.T.);
#213=FACE_OUTER_BOUND('',#284,.T.);
#214=FACE_OUTER_BOUND('',#285,.T.);
#215=FACE_OUTER_BOUND('',#287,.T.);
#216=FACE_OUTER_BOUND('',#288,.T.);
#217=FACE_OUTER_BOUND('',#289,.T.);
#218=FACE_OUTER_BOUND('',#291,.T.);
#219=FACE_OUTER_BOUND('',#292,.T.);
#220=FACE_OUTER_BOUND('',#293,.T.);
#221=FACE_OUTER_BOUND('',#294,.T.);
#222=FACE_OUTER_BOUND('',#295,.T.);
#223=FACE_OUTER_BOUND('',#296,.T.);
#224=EDGE_LOOP('',(#696,#697,#698,#699));
#225=EDGE_LOOP('',(#700,#701,#702,#703,#704,#705,#706,#707,#708,#709,#710,
#711,#712,#713,#714,#715,#716,#717));
#226=EDGE_LOOP('',(#718,#719,#720,#721));
#227=EDGE_LOOP('',(#722,#723,#724,#725));
#228=EDGE_LOOP('',(#726,#727,#728,#729));
#229=EDGE_LOOP('',(#730,#731,#732,#733));
#230=EDGE_LOOP('',(#734,#735,#736,#737));
#231=EDGE_LOOP('',(#738,#739,#740,#741));
#232=EDGE_LOOP('',(#742,#743,#744));
#233=EDGE_LOOP('',(#745,#746,#747,#748));
#234=EDGE_LOOP('',(#749,#750,#751,#752));
#235=EDGE_LOOP('',(#753,#754,#755,#756));
#236=EDGE_LOOP('',(#757,#758,#759,#760));
#237=EDGE_LOOP('',(#761,#762,#763));
#238=EDGE_LOOP('',(#764,#765,#766,#767));
#239=EDGE_LOOP('',(#768,#769,#770,#771,#772,#773,#774));
#240=EDGE_LOOP('',(#775,#776,#777,#778,#779,#780,#781));
#241=EDGE_LOOP('',(#782,#783,#784,#785,#786,#787,#788));
#242=EDGE_LOOP('',(#789,#790,#791,#792,#793,#794,#795));
#243=EDGE_LOOP('',(#796,#797,#798,#799,#800,#801,#802,#803,#804,#805,#806,
#807,#808,#809,#810,#811,#812,#813,#814,#815,#816,#817,#818,#819,#820,#821,
#822,#823,#824));
#244=EDGE_LOOP('',(#825,#826,#827,#828));
#245=EDGE_LOOP('',(#829,#830,#831,#832));
#246=EDGE_LOOP('',(#833,#834,#835,#836));
#247=EDGE_LOOP('',(#837,#838,#839,#840));
#248=EDGE_LOOP('',(#841,#842,#843,#844));
#249=EDGE_LOOP('',(#845,#846,#847,#848));
#250=EDGE_LOOP('',(#849,#850));
#251=EDGE_LOOP('',(#851));
#252=EDGE_LOOP('',(#852,#853));
#253=EDGE_LOOP('',(#854));
#254=EDGE_LOOP('',(#855,#856,#857,#858,#859));
#255=EDGE_LOOP('',(#860,#861,#862,#863));
#256=EDGE_LOOP('',(#864,#865,#866));
#257=EDGE_LOOP('',(#867,#868,#869,#870,#871));
#258=EDGE_LOOP('',(#872,#873,#874,#875));
#259=EDGE_LOOP('',(#876,#877,#878,#879));
#260=EDGE_LOOP('',(#880,#881,#882,#883,#884,#885,#886,#887,#888,#889,#890));
#261=EDGE_LOOP('',(#891,#892,#893,#894));
#262=EDGE_LOOP('',(#895,#896,#897,#898));
#263=EDGE_LOOP('',(#899,#900,#901,#902,#903,#904,#905,#906));
#264=EDGE_LOOP('',(#907,#908,#909,#910));
#265=EDGE_LOOP('',(#911,#912,#913,#914));
#266=EDGE_LOOP('',(#915,#916,#917,#918,#919,#920,#921,#922));
#267=EDGE_LOOP('',(#923));
#268=EDGE_LOOP('',(#924));
#269=EDGE_LOOP('',(#925));
#270=EDGE_LOOP('',(#926));
#271=EDGE_LOOP('',(#927));
#272=EDGE_LOOP('',(#928));
#273=EDGE_LOOP('',(#929,#930,#931,#932));
#274=EDGE_LOOP('',(#933,#934,#935,#936));
#275=EDGE_LOOP('',(#937,#938,#939,#940));
#276=EDGE_LOOP('',(#941,#942,#943,#944));
#277=EDGE_LOOP('',(#945,#946,#947,#948));
#278=EDGE_LOOP('',(#949,#950,#951,#952,#953,#954,#955,#956,#957,#958,#959,
#960,#961,#962,#963,#964,#965,#966));
#279=EDGE_LOOP('',(#967,#968,#969,#970,#971));
#280=EDGE_LOOP('',(#972,#973));
#281=EDGE_LOOP('',(#974,#975));
#282=EDGE_LOOP('',(#976,#977,#978,#979));
#283=EDGE_LOOP('',(#980,#981,#982,#983));
#284=EDGE_LOOP('',(#984,#985,#986,#987));
#285=EDGE_LOOP('',(#988));
#286=EDGE_LOOP('',(#989));
#287=EDGE_LOOP('',(#990,#991,#992,#993,#994));
#288=EDGE_LOOP('',(#995,#996,#997,#998));
#289=EDGE_LOOP('',(#999));
#290=EDGE_LOOP('',(#1000));
#291=EDGE_LOOP('',(#1001,#1002,#1003,#1004,#1005));
#292=EDGE_LOOP('',(#1006,#1007,#1008,#1009));
#293=EDGE_LOOP('',(#1010,#1011,#1012,#1013));
#294=EDGE_LOOP('',(#1014,#1015,#1016,#1017,#1018,#1019));
#295=EDGE_LOOP('',(#1020,#1021));
#296=EDGE_LOOP('',(#1022,#1023,#1024,#1025));
#297=LINE('',#1471,#360);
#298=LINE('',#1473,#361);
#299=LINE('',#1475,#362);
#300=LINE('',#1476,#363);
#301=LINE('',#1480,#364);
#302=LINE('',#1484,#365);
#303=LINE('',#1488,#366);
#304=LINE('',#1492,#367);
#305=LINE('',#1494,#368);
#306=LINE('',#1496,#369);
#307=LINE('',#1500,#370);
#308=LINE('',#1504,#371);
#309=LINE('',#1506,#372);
#310=LINE('',#1508,#373);
#311=LINE('',#1510,#374);
#312=LINE('',#1512,#375);
#313=LINE('',#1532,#376);
#314=LINE('',#1562,#377);
#315=LINE('',#1570,#378);
#316=LINE('',#1593,#379);
#317=LINE('',#1623,#380);
#318=LINE('',#1631,#381);
#319=LINE('',#1686,#382);
#320=LINE('',#1737,#383);
#321=LINE('',#1746,#384);
#322=LINE('',#1747,#385);
#323=LINE('',#1822,#386);
#324=LINE('',#1825,#387);
#325=LINE('',#1831,#388);
#326=LINE('',#1850,#389);
#327=LINE('',#1852,#390);
#328=LINE('',#1863,#391);
#329=LINE('',#1865,#392);
#330=LINE('',#1892,#393);
#331=LINE('',#1903,#394);
#332=LINE('',#1905,#395);
#333=LINE('',#2262,#396);
#334=LINE('',#2350,#397);
#335=LINE('',#2357,#398);
#336=LINE('',#2362,#399);
#337=LINE('',#2363,#400);
#338=LINE('',#2365,#401);
#339=LINE('',#2366,#402);
#340=LINE('',#2369,#403);
#341=LINE('',#2372,#404);
#342=LINE('',#2375,#405);
#343=LINE('',#2377,#406);
#344=LINE('',#2378,#407);
#345=LINE('',#2380,#408);
#346=LINE('',#2381,#409);
#347=LINE('',#2388,#410);
#348=LINE('',#2392,#411);
#349=LINE('',#2396,#412);
#350=LINE('',#2398,#413);
#351=LINE('',#2600,#414);
#352=LINE('',#2863,#415);
#353=LINE('',#2864,#416);
#354=LINE('',#2866,#417);
#355=LINE('',#2874,#418);
#356=LINE('',#2876,#419);
#357=LINE('',#2883,#420);
#358=LINE('',#2885,#421);
#359=LINE('',#2890,#422);
#360=VECTOR('',#1232,10.);
#361=VECTOR('',#1233,10.);
#362=VECTOR('',#1234,10.);
#363=VECTOR('',#1235,10.);
#364=VECTOR('',#1238,10.);
#365=VECTOR('',#1241,10.);
#366=VECTOR('',#1244,10.);
#367=VECTOR('',#1247,10.);
#368=VECTOR('',#1248,10.);
#369=VECTOR('',#1249,10.);
#370=VECTOR('',#1252,10.);
#371=VECTOR('',#1255,10.);
#372=VECTOR('',#1256,10.);
#373=VECTOR('',#1257,10.);
#374=VECTOR('',#1258,10.);
#375=VECTOR('',#1259,10.);
#376=VECTOR('',#1264,10.);
#377=VECTOR('',#1265,10.);
#378=VECTOR('',#1268,10.);
#379=VECTOR('',#1271,10.);
#380=VECTOR('',#1272,10.);
#381=VECTOR('',#1275,10.);
#382=VECTOR('',#1278,10.);
#383=VECTOR('',#1281,10.);
#384=VECTOR('',#1292,10.);
#385=VECTOR('',#1293,10.);
#386=VECTOR('',#1298,10.);
#387=VECTOR('',#1301,10.);
#388=VECTOR('',#1310,10.);
#389=VECTOR('',#1313,10.);
#390=VECTOR('',#1314,10.);
#391=VECTOR('',#1317,10.);
#392=VECTOR('',#1318,10.);
#393=VECTOR('',#1321,10.);
#394=VECTOR('',#1324,10.);
#395=VECTOR('',#1325,10.);
#396=VECTOR('',#1330,10.);
#397=VECTOR('',#1337,10.);
#398=VECTOR('',#1344,10.);
#399=VECTOR('',#1351,10.);
#400=VECTOR('',#1352,10.);
#401=VECTOR('',#1355,10.);
#402=VECTOR('',#1356,10.);
#403=VECTOR('',#1359,10.);
#404=VECTOR('',#1364,10.);
#405=VECTOR('',#1369,10.);
#406=VECTOR('',#1372,10.);
#407=VECTOR('',#1373,10.);
#408=VECTOR('',#1376,10.);
#409=VECTOR('',#1377,10.);
#410=VECTOR('',#1388,1.8);
#411=VECTOR('',#1393,1.8);
#412=VECTOR('',#1398,1.8);
#413=VECTOR('',#1399,1.8);
#414=VECTOR('',#1420,10.);
#415=VECTOR('',#1423,10.);
#416=VECTOR('',#1424,10.);
#417=VECTOR('',#1427,10.);
#418=VECTOR('',#1438,3.25);
#419=VECTOR('',#1441,1.8);
#420=VECTOR('',#1450,3.25);
#421=VECTOR('',#1453,1.8);
#422=VECTOR('',#1462,1.8);
#423=VERTEX_POINT('',#1469);
#424=VERTEX_POINT('',#1470);
#425=VERTEX_POINT('',#1472);
#426=VERTEX_POINT('',#1474);
#427=VERTEX_POINT('',#1478);
#428=VERTEX_POINT('',#1479);
#429=VERTEX_POINT('',#1481);
#430=VERTEX_POINT('',#1483);
#431=VERTEX_POINT('',#1485);
#432=VERTEX_POINT('',#1487);
#433=VERTEX_POINT('',#1489);
#434=VERTEX_POINT('',#1491);
#435=VERTEX_POINT('',#1493);
#436=VERTEX_POINT('',#1495);
#437=VERTEX_POINT('',#1497);
#438=VERTEX_POINT('',#1499);
#439=VERTEX_POINT('',#1501);
#440=VERTEX_POINT('',#1503);
#441=VERTEX_POINT('',#1505);
#442=VERTEX_POINT('',#1507);
#443=VERTEX_POINT('',#1509);
#444=VERTEX_POINT('',#1511);
#445=VERTEX_POINT('',#1515);
#446=VERTEX_POINT('',#1516);
#447=VERTEX_POINT('',#1531);
#448=VERTEX_POINT('',#1533);
#449=VERTEX_POINT('',#1564);
#450=VERTEX_POINT('',#1569);
#451=VERTEX_POINT('',#1576);
#452=VERTEX_POINT('',#1577);
#453=VERTEX_POINT('',#1592);
#454=VERTEX_POINT('',#1594);
#455=VERTEX_POINT('',#1625);
#456=VERTEX_POINT('',#1630);
#457=VERTEX_POINT('',#1637);
#458=VERTEX_POINT('',#1669);
#459=VERTEX_POINT('',#1688);
#460=VERTEX_POINT('',#1720);
#461=VERTEX_POINT('',#1739);
#462=VERTEX_POINT('',#1740);
#463=VERTEX_POINT('',#1742);
#464=VERTEX_POINT('',#1798);
#465=VERTEX_POINT('',#1809);
#466=VERTEX_POINT('',#1824);
#467=VERTEX_POINT('',#1830);
#468=VERTEX_POINT('',#1837);
#469=VERTEX_POINT('',#1842);
#470=VERTEX_POINT('',#1851);
#471=VERTEX_POINT('',#1858);
#472=VERTEX_POINT('',#1864);
#473=VERTEX_POINT('',#1866);
#474=VERTEX_POINT('',#1879);
#475=VERTEX_POINT('',#1891);
#476=VERTEX_POINT('',#1898);
#477=VERTEX_POINT('',#1904);
#478=VERTEX_POINT('',#1906);
#479=VERTEX_POINT('',#1956);
#480=VERTEX_POINT('',#1961);
#481=VERTEX_POINT('',#1966);
#482=VERTEX_POINT('',#1991);
#483=VERTEX_POINT('',#2006);
#484=VERTEX_POINT('',#2017);
#485=VERTEX_POINT('',#2024);
#486=VERTEX_POINT('',#2056);
#487=VERTEX_POINT('',#2064);
#488=VERTEX_POINT('',#2069);
#489=VERTEX_POINT('',#2080);
#490=VERTEX_POINT('',#2169);
#491=VERTEX_POINT('',#2174);
#492=VERTEX_POINT('',#2189);
#493=VERTEX_POINT('',#2197);
#494=VERTEX_POINT('',#2234);
#495=VERTEX_POINT('',#2239);
#496=VERTEX_POINT('',#2336);
#497=VERTEX_POINT('',#2341);
#498=VERTEX_POINT('',#2348);
#499=VERTEX_POINT('',#2349);
#500=VERTEX_POINT('',#2352);
#501=VERTEX_POINT('',#2355);
#502=VERTEX_POINT('',#2356);
#503=VERTEX_POINT('',#2359);
#504=VERTEX_POINT('',#2368);
#505=VERTEX_POINT('',#2386);
#506=VERTEX_POINT('',#2390);
#507=VERTEX_POINT('',#2394);
#508=VERTEX_POINT('',#2397);
#509=VERTEX_POINT('',#2400);
#510=VERTEX_POINT('',#2403);
#511=VERTEX_POINT('',#2406);
#512=VERTEX_POINT('',#2428);
#513=VERTEX_POINT('',#2433);
#514=VERTEX_POINT('',#2469);
#515=VERTEX_POINT('',#2470);
#516=VERTEX_POINT('',#2534);
#517=VERTEX_POINT('',#2535);
#518=VERTEX_POINT('',#2609);
#519=VERTEX_POINT('',#2610);
#520=VERTEX_POINT('',#2615);
#521=VERTEX_POINT('',#2650);
#522=VERTEX_POINT('',#2655);
#523=VERTEX_POINT('',#2742);
#524=VERTEX_POINT('',#2743);
#525=VERTEX_POINT('',#2802);
#526=VERTEX_POINT('',#2803);
#527=VERTEX_POINT('',#2869);
#528=VERTEX_POINT('',#2871);
#529=VERTEX_POINT('',#2878);
#530=VERTEX_POINT('',#2880);
#531=EDGE_CURVE('',#423,#424,#297,.T.);
#532=EDGE_CURVE('',#424,#425,#298,.T.);
#533=EDGE_CURVE('',#425,#426,#299,.T.);
#534=EDGE_CURVE('',#426,#423,#300,.T.);
#535=EDGE_CURVE('',#427,#428,#301,.T.);
#536=EDGE_CURVE('',#428,#429,#127,.T.);
#537=EDGE_CURVE('',#429,#430,#302,.T.);
#538=EDGE_CURVE('',#430,#431,#128,.T.);
#539=EDGE_CURVE('',#431,#432,#303,.T.);
#540=EDGE_CURVE('',#432,#433,#129,.T.);
#541=EDGE_CURVE('',#433,#434,#304,.T.);
#542=EDGE_CURVE('',#434,#435,#305,.T.);
#543=EDGE_CURVE('',#435,#436,#306,.T.);
#544=EDGE_CURVE('',#436,#437,#130,.T.);
#545=EDGE_CURVE('',#437,#438,#307,.T.);
#546=EDGE_CURVE('',#438,#439,#131,.T.);
#547=EDGE_CURVE('',#439,#440,#308,.T.);
#548=EDGE_CURVE('',#440,#441,#309,.T.);
#549=EDGE_CURVE('',#441,#442,#310,.T.);
#550=EDGE_CURVE('',#442,#443,#311,.T.);
#551=EDGE_CURVE('',#443,#444,#312,.T.);
#552=EDGE_CURVE('',#444,#427,#132,.T.);
#553=EDGE_CURVE('',#445,#446,#37,.T.);
#554=EDGE_CURVE('',#446,#447,#313,.T.);
#555=EDGE_CURVE('',#447,#448,#38,.T.);
#556=EDGE_CURVE('',#448,#445,#314,.T.);
#557=EDGE_CURVE('',#449,#446,#39,.T.);
#558=EDGE_CURVE('',#450,#449,#315,.T.);
#559=EDGE_CURVE('',#447,#450,#40,.T.);
#560=EDGE_CURVE('',#451,#452,#41,.T.);
#561=EDGE_CURVE('',#452,#453,#316,.T.);
#562=EDGE_CURVE('',#453,#454,#42,.T.);
#563=EDGE_CURVE('',#454,#451,#317,.T.);
#564=EDGE_CURVE('',#455,#452,#43,.T.);
#565=EDGE_CURVE('',#456,#455,#318,.T.);
#566=EDGE_CURVE('',#453,#456,#44,.T.);
#567=EDGE_CURVE('',#457,#456,#45,.T.);
#568=EDGE_CURVE('',#455,#458,#46,.T.);
#569=EDGE_CURVE('',#458,#457,#319,.T.);
#570=EDGE_CURVE('',#459,#450,#47,.T.);
#571=EDGE_CURVE('',#449,#460,#48,.T.);
#572=EDGE_CURVE('',#460,#459,#320,.T.);
#573=EDGE_CURVE('',#461,#462,#133,.T.);
#574=EDGE_CURVE('',#462,#463,#134,.T.);
#575=EDGE_CURVE('',#463,#461,#135,.T.);
#576=EDGE_CURVE('',#462,#428,#321,.T.);
#577=EDGE_CURVE('',#461,#429,#322,.T.);
#578=EDGE_CURVE('',#462,#464,#49,.T.);
#579=EDGE_CURVE('',#465,#464,#136,.T.);
#580=EDGE_CURVE('',#465,#463,#50,.T.);
#581=EDGE_CURVE('',#464,#427,#323,.T.);
#582=EDGE_CURVE('',#466,#444,#324,.T.);
#583=EDGE_CURVE('',#466,#464,#137,.T.);
#584=EDGE_CURVE('',#466,#465,#138,.T.);
#585=EDGE_CURVE('',#443,#467,#325,.T.);
#586=EDGE_CURVE('',#466,#467,#51,.T.);
#587=EDGE_CURVE('',#468,#454,#52,.T.);
#588=EDGE_CURVE('',#469,#468,#53,.T.);
#589=EDGE_CURVE('',#425,#469,#326,.T.);
#590=EDGE_CURVE('',#470,#424,#327,.T.);
#591=EDGE_CURVE('',#451,#470,#54,.T.);
#592=EDGE_CURVE('',#471,#458,#55,.T.);
#593=EDGE_CURVE('',#435,#471,#328,.T.);
#594=EDGE_CURVE('',#472,#434,#329,.T.);
#595=EDGE_CURVE('',#473,#472,#56,.T.);
#596=EDGE_CURVE('',#457,#473,#57,.T.);
#597=EDGE_CURVE('',#474,#448,#58,.T.);
#598=EDGE_CURVE('',#467,#474,#59,.T.);
#599=EDGE_CURVE('',#475,#442,#330,.T.);
#600=EDGE_CURVE('',#445,#475,#60,.T.);
#601=EDGE_CURVE('',#476,#460,#61,.T.);
#602=EDGE_CURVE('',#423,#476,#331,.T.);
#603=EDGE_CURVE('',#477,#426,#332,.T.);
#604=EDGE_CURVE('',#478,#477,#62,.T.);
#605=EDGE_CURVE('',#459,#478,#63,.T.);
#606=EDGE_CURVE('',#476,#470,#64,.F.);
#607=EDGE_CURVE('',#479,#475,#65,.F.);
#608=EDGE_CURVE('',#480,#479,#66,.F.);
#609=EDGE_CURVE('',#481,#480,#67,.T.);
#610=EDGE_CURVE('',#482,#481,#68,.T.);
#611=EDGE_CURVE('',#483,#482,#69,.F.);
#612=EDGE_CURVE('',#484,#483,#70,.T.);
#613=EDGE_CURVE('',#485,#484,#71,.T.);
#614=EDGE_CURVE('',#486,#485,#72,.T.);
#615=EDGE_CURVE('',#487,#486,#73,.T.);
#616=EDGE_CURVE('',#488,#487,#74,.T.);
#617=EDGE_CURVE('',#489,#488,#75,.T.);
#618=EDGE_CURVE('',#490,#489,#76,.T.);
#619=EDGE_CURVE('',#491,#490,#77,.T.);
#620=EDGE_CURVE('',#492,#491,#78,.T.);
#621=EDGE_CURVE('',#493,#492,#79,.T.);
#622=EDGE_CURVE('',#494,#493,#80,.T.);
#623=EDGE_CURVE('',#495,#494,#81,.T.);
#624=EDGE_CURVE('',#471,#495,#82,.F.);
#625=EDGE_CURVE('',#441,#479,#333,.F.);
#626=EDGE_CURVE('',#477,#469,#83,.T.);
#627=EDGE_CURVE('',#474,#465,#84,.T.);
#628=EDGE_CURVE('',#468,#478,#85,.T.);
#629=EDGE_CURVE('',#472,#496,#86,.T.);
#630=EDGE_CURVE('',#497,#496,#139,.T.);
#631=EDGE_CURVE('',#497,#473,#87,.T.);
#632=EDGE_CURVE('',#498,#499,#334,.T.);
#633=EDGE_CURVE('',#499,#498,#140,.T.);
#634=EDGE_CURVE('',#500,#500,#141,.T.);
#635=EDGE_CURVE('',#501,#502,#335,.T.);
#636=EDGE_CURVE('',#502,#501,#142,.T.);
#637=EDGE_CURVE('',#503,#503,#143,.T.);
#638=EDGE_CURVE('',#499,#482,#336,.T.);
#639=EDGE_CURVE('',#480,#498,#337,.T.);
#640=EDGE_CURVE('',#492,#501,#338,.T.);
#641=EDGE_CURVE('',#502,#493,#339,.T.);
#642=EDGE_CURVE('',#504,#491,#340,.T.);
#643=EDGE_CURVE('',#504,#490,#144,.T.);
#644=EDGE_CURVE('',#486,#504,#341,.T.);
#645=EDGE_CURVE('',#487,#489,#145,.T.);
#646=EDGE_CURVE('',#495,#436,#342,.T.);
#647=EDGE_CURVE('',#483,#440,#343,.T.);
#648=EDGE_CURVE('',#439,#484,#344,.T.);
#649=EDGE_CURVE('',#485,#438,#345,.T.);
#650=EDGE_CURVE('',#437,#494,#346,.T.);
#651=EDGE_CURVE('',#505,#505,#146,.T.);
#652=EDGE_CURVE('',#505,#500,#347,.T.);
#653=EDGE_CURVE('',#506,#506,#147,.T.);
#654=EDGE_CURVE('',#506,#503,#348,.T.);
#655=EDGE_CURVE('',#507,#507,#148,.T.);
#656=EDGE_CURVE('',#507,#488,#349,.T.);
#657=EDGE_CURVE('',#508,#488,#350,.T.);
#658=EDGE_CURVE('',#509,#509,#149,.T.);
#659=EDGE_CURVE('',#510,#510,#150,.T.);
#660=EDGE_CURVE('',#511,#511,#151,.T.);
#661=EDGE_CURVE('',#463,#512,#88,.T.);
#662=EDGE_CURVE('',#512,#513,#152,.T.);
#663=EDGE_CURVE('',#513,#461,#89,.T.);
#664=EDGE_CURVE('',#514,#515,#153,.T.);
#665=EDGE_CURVE('',#515,#513,#90,.T.);
#666=EDGE_CURVE('',#512,#514,#91,.T.);
#667=EDGE_CURVE('',#516,#517,#154,.T.);
#668=EDGE_CURVE('',#517,#515,#92,.T.);
#669=EDGE_CURVE('',#514,#516,#93,.T.);
#670=EDGE_CURVE('',#496,#517,#94,.T.);
#671=EDGE_CURVE('',#516,#497,#95,.T.);
#672=EDGE_CURVE('',#496,#433,#351,.T.);
#673=EDGE_CURVE('',#518,#519,#96,.T.);
#674=EDGE_CURVE('',#519,#520,#97,.T.);
#675=EDGE_CURVE('',#520,#521,#98,.T.);
#676=EDGE_CURVE('',#521,#522,#99,.T.);
#677=EDGE_CURVE('',#522,#518,#100,.T.);
#678=EDGE_CURVE('',#523,#524,#101,.T.);
#679=EDGE_CURVE('',#524,#523,#102,.T.);
#680=EDGE_CURVE('',#525,#526,#103,.T.);
#681=EDGE_CURVE('',#526,#525,#104,.T.);
#682=EDGE_CURVE('',#515,#431,#352,.T.);
#683=EDGE_CURVE('',#513,#430,#353,.T.);
#684=EDGE_CURVE('',#517,#432,#354,.T.);
#685=EDGE_CURVE('',#527,#527,#155,.T.);
#686=EDGE_CURVE('',#528,#528,#156,.T.);
#687=EDGE_CURVE('',#526,#527,#355,.T.);
#688=EDGE_CURVE('',#528,#511,#356,.T.);
#689=EDGE_CURVE('',#529,#529,#157,.T.);
#690=EDGE_CURVE('',#530,#530,#158,.T.);
#691=EDGE_CURVE('',#524,#529,#357,.T.);
#692=EDGE_CURVE('',#530,#510,#358,.T.);
#693=EDGE_CURVE('',#519,#520,#159,.T.);
#694=EDGE_CURVE('',#518,#521,#160,.T.);
#695=EDGE_CURVE('',#522,#509,#359,.T.);
#696=ORIENTED_EDGE('',*,*,#531,.T.);
#697=ORIENTED_EDGE('',*,*,#532,.T.);
#698=ORIENTED_EDGE('',*,*,#533,.T.);
#699=ORIENTED_EDGE('',*,*,#534,.T.);
#700=ORIENTED_EDGE('',*,*,#535,.T.);
#701=ORIENTED_EDGE('',*,*,#536,.T.);
#702=ORIENTED_EDGE('',*,*,#537,.T.);
#703=ORIENTED_EDGE('',*,*,#538,.T.);
#704=ORIENTED_EDGE('',*,*,#539,.T.);
#705=ORIENTED_EDGE('',*,*,#540,.T.);
#706=ORIENTED_EDGE('',*,*,#541,.T.);
#707=ORIENTED_EDGE('',*,*,#542,.T.);
#708=ORIENTED_EDGE('',*,*,#543,.T.);
#709=ORIENTED_EDGE('',*,*,#544,.T.);
#710=ORIENTED_EDGE('',*,*,#545,.T.);
#711=ORIENTED_EDGE('',*,*,#546,.T.);
#712=ORIENTED_EDGE('',*,*,#547,.T.);
#713=ORIENTED_EDGE('',*,*,#548,.T.);
#714=ORIENTED_EDGE('',*,*,#549,.T.);
#715=ORIENTED_EDGE('',*,*,#550,.T.);
#716=ORIENTED_EDGE('',*,*,#551,.T.);
#717=ORIENTED_EDGE('',*,*,#552,.T.);
#718=ORIENTED_EDGE('',*,*,#553,.T.);
#719=ORIENTED_EDGE('',*,*,#554,.T.);
#720=ORIENTED_EDGE('',*,*,#555,.T.);
#721=ORIENTED_EDGE('',*,*,#556,.T.);
#722=ORIENTED_EDGE('',*,*,#554,.F.);
#723=ORIENTED_EDGE('',*,*,#557,.F.);
#724=ORIENTED_EDGE('',*,*,#558,.F.);
#725=ORIENTED_EDGE('',*,*,#559,.F.);
#726=ORIENTED_EDGE('',*,*,#560,.T.);
#727=ORIENTED_EDGE('',*,*,#561,.T.);
#728=ORIENTED_EDGE('',*,*,#562,.T.);
#729=ORIENTED_EDGE('',*,*,#563,.T.);
#730=ORIENTED_EDGE('',*,*,#561,.F.);
#731=ORIENTED_EDGE('',*,*,#564,.F.);
#732=ORIENTED_EDGE('',*,*,#565,.F.);
#733=ORIENTED_EDGE('',*,*,#566,.F.);
#734=ORIENTED_EDGE('',*,*,#567,.T.);
#735=ORIENTED_EDGE('',*,*,#565,.T.);
#736=ORIENTED_EDGE('',*,*,#568,.T.);
#737=ORIENTED_EDGE('',*,*,#569,.T.);
#738=ORIENTED_EDGE('',*,*,#570,.T.);
#739=ORIENTED_EDGE('',*,*,#558,.T.);
#740=ORIENTED_EDGE('',*,*,#571,.T.);
#741=ORIENTED_EDGE('',*,*,#572,.T.);
#742=ORIENTED_EDGE('',*,*,#573,.T.);
#743=ORIENTED_EDGE('',*,*,#574,.T.);
#744=ORIENTED_EDGE('',*,*,#575,.T.);
#745=ORIENTED_EDGE('',*,*,#576,.F.);
#746=ORIENTED_EDGE('',*,*,#573,.F.);
#747=ORIENTED_EDGE('',*,*,#577,.T.);
#748=ORIENTED_EDGE('',*,*,#536,.F.);
#749=ORIENTED_EDGE('',*,*,#574,.F.);
#750=ORIENTED_EDGE('',*,*,#578,.T.);
#751=ORIENTED_EDGE('',*,*,#579,.F.);
#752=ORIENTED_EDGE('',*,*,#580,.T.);
#753=ORIENTED_EDGE('',*,*,#576,.T.);
#754=ORIENTED_EDGE('',*,*,#535,.F.);
#755=ORIENTED_EDGE('',*,*,#581,.F.);
#756=ORIENTED_EDGE('',*,*,#578,.F.);
#757=ORIENTED_EDGE('',*,*,#582,.F.);
#758=ORIENTED_EDGE('',*,*,#583,.T.);
#759=ORIENTED_EDGE('',*,*,#581,.T.);
#760=ORIENTED_EDGE('',*,*,#552,.F.);
#761=ORIENTED_EDGE('',*,*,#583,.F.);
#762=ORIENTED_EDGE('',*,*,#584,.T.);
#763=ORIENTED_EDGE('',*,*,#579,.T.);
#764=ORIENTED_EDGE('',*,*,#582,.T.);
#765=ORIENTED_EDGE('',*,*,#551,.F.);
#766=ORIENTED_EDGE('',*,*,#585,.T.);
#767=ORIENTED_EDGE('',*,*,#586,.F.);
#768=ORIENTED_EDGE('',*,*,#563,.F.);
#769=ORIENTED_EDGE('',*,*,#587,.F.);
#770=ORIENTED_EDGE('',*,*,#588,.F.);
#771=ORIENTED_EDGE('',*,*,#589,.F.);
#772=ORIENTED_EDGE('',*,*,#532,.F.);
#773=ORIENTED_EDGE('',*,*,#590,.F.);
#774=ORIENTED_EDGE('',*,*,#591,.F.);
#775=ORIENTED_EDGE('',*,*,#569,.F.);
#776=ORIENTED_EDGE('',*,*,#592,.F.);
#777=ORIENTED_EDGE('',*,*,#593,.F.);
#778=ORIENTED_EDGE('',*,*,#542,.F.);
#779=ORIENTED_EDGE('',*,*,#594,.F.);
#780=ORIENTED_EDGE('',*,*,#595,.F.);
#781=ORIENTED_EDGE('',*,*,#596,.F.);
#782=ORIENTED_EDGE('',*,*,#556,.F.);
#783=ORIENTED_EDGE('',*,*,#597,.F.);
#784=ORIENTED_EDGE('',*,*,#598,.F.);
#785=ORIENTED_EDGE('',*,*,#585,.F.);
#786=ORIENTED_EDGE('',*,*,#550,.F.);
#787=ORIENTED_EDGE('',*,*,#599,.F.);
#788=ORIENTED_EDGE('',*,*,#600,.F.);
#789=ORIENTED_EDGE('',*,*,#572,.F.);
#790=ORIENTED_EDGE('',*,*,#601,.F.);
#791=ORIENTED_EDGE('',*,*,#602,.F.);
#792=ORIENTED_EDGE('',*,*,#534,.F.);
#793=ORIENTED_EDGE('',*,*,#603,.F.);
#794=ORIENTED_EDGE('',*,*,#604,.F.);
#795=ORIENTED_EDGE('',*,*,#605,.F.);
#796=ORIENTED_EDGE('',*,*,#592,.T.);
#797=ORIENTED_EDGE('',*,*,#568,.F.);
#798=ORIENTED_EDGE('',*,*,#564,.T.);
#799=ORIENTED_EDGE('',*,*,#560,.F.);
#800=ORIENTED_EDGE('',*,*,#591,.T.);
#801=ORIENTED_EDGE('',*,*,#606,.F.);
#802=ORIENTED_EDGE('',*,*,#601,.T.);
#803=ORIENTED_EDGE('',*,*,#571,.F.);
#804=ORIENTED_EDGE('',*,*,#557,.T.);
#805=ORIENTED_EDGE('',*,*,#553,.F.);
#806=ORIENTED_EDGE('',*,*,#600,.T.);
#807=ORIENTED_EDGE('',*,*,#607,.F.);
#808=ORIENTED_EDGE('',*,*,#608,.F.);
#809=ORIENTED_EDGE('',*,*,#609,.F.);
#810=ORIENTED_EDGE('',*,*,#610,.F.);
#811=ORIENTED_EDGE('',*,*,#611,.F.);
#812=ORIENTED_EDGE('',*,*,#612,.F.);
#813=ORIENTED_EDGE('',*,*,#613,.F.);
#814=ORIENTED_EDGE('',*,*,#614,.F.);
#815=ORIENTED_EDGE('',*,*,#615,.F.);
#816=ORIENTED_EDGE('',*,*,#616,.F.);
#817=ORIENTED_EDGE('',*,*,#617,.F.);
#818=ORIENTED_EDGE('',*,*,#618,.F.);
#819=ORIENTED_EDGE('',*,*,#619,.F.);
#820=ORIENTED_EDGE('',*,*,#620,.F.);
#821=ORIENTED_EDGE('',*,*,#621,.F.);
#822=ORIENTED_EDGE('',*,*,#622,.F.);
#823=ORIENTED_EDGE('',*,*,#623,.F.);
#824=ORIENTED_EDGE('',*,*,#624,.F.);
#825=ORIENTED_EDGE('',*,*,#590,.T.);
#826=ORIENTED_EDGE('',*,*,#531,.F.);
#827=ORIENTED_EDGE('',*,*,#602,.T.);
#828=ORIENTED_EDGE('',*,*,#606,.T.);
#829=ORIENTED_EDGE('',*,*,#599,.T.);
#830=ORIENTED_EDGE('',*,*,#549,.F.);
#831=ORIENTED_EDGE('',*,*,#625,.T.);
#832=ORIENTED_EDGE('',*,*,#607,.T.);
#833=ORIENTED_EDGE('',*,*,#589,.T.);
#834=ORIENTED_EDGE('',*,*,#626,.F.);
#835=ORIENTED_EDGE('',*,*,#603,.T.);
#836=ORIENTED_EDGE('',*,*,#533,.F.);
#837=ORIENTED_EDGE('',*,*,#584,.F.);
#838=ORIENTED_EDGE('',*,*,#586,.T.);
#839=ORIENTED_EDGE('',*,*,#598,.T.);
#840=ORIENTED_EDGE('',*,*,#627,.T.);
#841=ORIENTED_EDGE('',*,*,#588,.T.);
#842=ORIENTED_EDGE('',*,*,#628,.T.);
#843=ORIENTED_EDGE('',*,*,#604,.T.);
#844=ORIENTED_EDGE('',*,*,#626,.T.);
#845=ORIENTED_EDGE('',*,*,#595,.T.);
#846=ORIENTED_EDGE('',*,*,#629,.T.);
#847=ORIENTED_EDGE('',*,*,#630,.F.);
#848=ORIENTED_EDGE('',*,*,#631,.T.);
#849=ORIENTED_EDGE('',*,*,#632,.T.);
#850=ORIENTED_EDGE('',*,*,#633,.T.);
#851=ORIENTED_EDGE('',*,*,#634,.F.);
#852=ORIENTED_EDGE('',*,*,#635,.T.);
#853=ORIENTED_EDGE('',*,*,#636,.T.);
#854=ORIENTED_EDGE('',*,*,#637,.F.);
#855=ORIENTED_EDGE('',*,*,#638,.T.);
#856=ORIENTED_EDGE('',*,*,#610,.T.);
#857=ORIENTED_EDGE('',*,*,#609,.T.);
#858=ORIENTED_EDGE('',*,*,#639,.T.);
#859=ORIENTED_EDGE('',*,*,#633,.F.);
#860=ORIENTED_EDGE('',*,*,#640,.T.);
#861=ORIENTED_EDGE('',*,*,#636,.F.);
#862=ORIENTED_EDGE('',*,*,#641,.T.);
#863=ORIENTED_EDGE('',*,*,#621,.T.);
#864=ORIENTED_EDGE('',*,*,#642,.T.);
#865=ORIENTED_EDGE('',*,*,#619,.T.);
#866=ORIENTED_EDGE('',*,*,#643,.F.);
#867=ORIENTED_EDGE('',*,*,#644,.T.);
#868=ORIENTED_EDGE('',*,*,#643,.T.);
#869=ORIENTED_EDGE('',*,*,#618,.T.);
#870=ORIENTED_EDGE('',*,*,#645,.F.);
#871=ORIENTED_EDGE('',*,*,#615,.T.);
#872=ORIENTED_EDGE('',*,*,#593,.T.);
#873=ORIENTED_EDGE('',*,*,#624,.T.);
#874=ORIENTED_EDGE('',*,*,#646,.T.);
#875=ORIENTED_EDGE('',*,*,#543,.F.);
#876=ORIENTED_EDGE('',*,*,#647,.T.);
#877=ORIENTED_EDGE('',*,*,#547,.F.);
#878=ORIENTED_EDGE('',*,*,#648,.T.);
#879=ORIENTED_EDGE('',*,*,#612,.T.);
#880=ORIENTED_EDGE('',*,*,#635,.F.);
#881=ORIENTED_EDGE('',*,*,#640,.F.);
#882=ORIENTED_EDGE('',*,*,#620,.T.);
#883=ORIENTED_EDGE('',*,*,#642,.F.);
#884=ORIENTED_EDGE('',*,*,#644,.F.);
#885=ORIENTED_EDGE('',*,*,#614,.T.);
#886=ORIENTED_EDGE('',*,*,#649,.T.);
#887=ORIENTED_EDGE('',*,*,#545,.F.);
#888=ORIENTED_EDGE('',*,*,#650,.T.);
#889=ORIENTED_EDGE('',*,*,#622,.T.);
#890=ORIENTED_EDGE('',*,*,#641,.F.);
#891=ORIENTED_EDGE('',*,*,#623,.T.);
#892=ORIENTED_EDGE('',*,*,#650,.F.);
#893=ORIENTED_EDGE('',*,*,#544,.F.);
#894=ORIENTED_EDGE('',*,*,#646,.F.);
#895=ORIENTED_EDGE('',*,*,#613,.T.);
#896=ORIENTED_EDGE('',*,*,#648,.F.);
#897=ORIENTED_EDGE('',*,*,#546,.F.);
#898=ORIENTED_EDGE('',*,*,#649,.F.);
#899=ORIENTED_EDGE('',*,*,#632,.F.);
#900=ORIENTED_EDGE('',*,*,#639,.F.);
#901=ORIENTED_EDGE('',*,*,#608,.T.);
#902=ORIENTED_EDGE('',*,*,#625,.F.);
#903=ORIENTED_EDGE('',*,*,#548,.F.);
#904=ORIENTED_EDGE('',*,*,#647,.F.);
#905=ORIENTED_EDGE('',*,*,#611,.T.);
#906=ORIENTED_EDGE('',*,*,#638,.F.);
#907=ORIENTED_EDGE('',*,*,#651,.F.);
#908=ORIENTED_EDGE('',*,*,#652,.T.);
#909=ORIENTED_EDGE('',*,*,#634,.T.);
#910=ORIENTED_EDGE('',*,*,#652,.F.);
#911=ORIENTED_EDGE('',*,*,#653,.F.);
#912=ORIENTED_EDGE('',*,*,#654,.T.);
#913=ORIENTED_EDGE('',*,*,#637,.T.);
#914=ORIENTED_EDGE('',*,*,#654,.F.);
#915=ORIENTED_EDGE('',*,*,#655,.F.);
#916=ORIENTED_EDGE('',*,*,#656,.T.);
#917=ORIENTED_EDGE('',*,*,#616,.T.);
#918=ORIENTED_EDGE('',*,*,#645,.T.);
#919=ORIENTED_EDGE('',*,*,#617,.T.);
#920=ORIENTED_EDGE('',*,*,#657,.F.);
#921=ORIENTED_EDGE('',*,*,#657,.T.);
#922=ORIENTED_EDGE('',*,*,#656,.F.);
#923=ORIENTED_EDGE('',*,*,#655,.T.);
#924=ORIENTED_EDGE('',*,*,#658,.T.);
#925=ORIENTED_EDGE('',*,*,#653,.T.);
#926=ORIENTED_EDGE('',*,*,#659,.T.);
#927=ORIENTED_EDGE('',*,*,#651,.T.);
#928=ORIENTED_EDGE('',*,*,#660,.T.);
#929=ORIENTED_EDGE('',*,*,#575,.F.);
#930=ORIENTED_EDGE('',*,*,#661,.T.);
#931=ORIENTED_EDGE('',*,*,#662,.T.);
#932=ORIENTED_EDGE('',*,*,#663,.T.);
#933=ORIENTED_EDGE('',*,*,#664,.T.);
#934=ORIENTED_EDGE('',*,*,#665,.T.);
#935=ORIENTED_EDGE('',*,*,#662,.F.);
#936=ORIENTED_EDGE('',*,*,#666,.T.);
#937=ORIENTED_EDGE('',*,*,#667,.T.);
#938=ORIENTED_EDGE('',*,*,#668,.T.);
#939=ORIENTED_EDGE('',*,*,#664,.F.);
#940=ORIENTED_EDGE('',*,*,#669,.T.);
#941=ORIENTED_EDGE('',*,*,#630,.T.);
#942=ORIENTED_EDGE('',*,*,#670,.T.);
#943=ORIENTED_EDGE('',*,*,#667,.F.);
#944=ORIENTED_EDGE('',*,*,#671,.T.);
#945=ORIENTED_EDGE('',*,*,#594,.T.);
#946=ORIENTED_EDGE('',*,*,#541,.F.);
#947=ORIENTED_EDGE('',*,*,#672,.F.);
#948=ORIENTED_EDGE('',*,*,#629,.F.);
#949=ORIENTED_EDGE('',*,*,#596,.T.);
#950=ORIENTED_EDGE('',*,*,#631,.F.);
#951=ORIENTED_EDGE('',*,*,#671,.F.);
#952=ORIENTED_EDGE('',*,*,#669,.F.);
#953=ORIENTED_EDGE('',*,*,#666,.F.);
#954=ORIENTED_EDGE('',*,*,#661,.F.);
#955=ORIENTED_EDGE('',*,*,#580,.F.);
#956=ORIENTED_EDGE('',*,*,#627,.F.);
#957=ORIENTED_EDGE('',*,*,#597,.T.);
#958=ORIENTED_EDGE('',*,*,#555,.F.);
#959=ORIENTED_EDGE('',*,*,#559,.T.);
#960=ORIENTED_EDGE('',*,*,#570,.F.);
#961=ORIENTED_EDGE('',*,*,#605,.T.);
#962=ORIENTED_EDGE('',*,*,#628,.F.);
#963=ORIENTED_EDGE('',*,*,#587,.T.);
#964=ORIENTED_EDGE('',*,*,#562,.F.);
#965=ORIENTED_EDGE('',*,*,#566,.T.);
#966=ORIENTED_EDGE('',*,*,#567,.F.);
#967=ORIENTED_EDGE('',*,*,#673,.T.);
#968=ORIENTED_EDGE('',*,*,#674,.T.);
#969=ORIENTED_EDGE('',*,*,#675,.T.);
#970=ORIENTED_EDGE('',*,*,#676,.T.);
#971=ORIENTED_EDGE('',*,*,#677,.T.);
#972=ORIENTED_EDGE('',*,*,#678,.T.);
#973=ORIENTED_EDGE('',*,*,#679,.T.);
#974=ORIENTED_EDGE('',*,*,#680,.T.);
#975=ORIENTED_EDGE('',*,*,#681,.T.);
#976=ORIENTED_EDGE('',*,*,#665,.F.);
#977=ORIENTED_EDGE('',*,*,#682,.T.);
#978=ORIENTED_EDGE('',*,*,#538,.F.);
#979=ORIENTED_EDGE('',*,*,#683,.F.);
#980=ORIENTED_EDGE('',*,*,#668,.F.);
#981=ORIENTED_EDGE('',*,*,#684,.T.);
#982=ORIENTED_EDGE('',*,*,#539,.F.);
#983=ORIENTED_EDGE('',*,*,#682,.F.);
#984=ORIENTED_EDGE('',*,*,#670,.F.);
#985=ORIENTED_EDGE('',*,*,#672,.T.);
#986=ORIENTED_EDGE('',*,*,#540,.F.);
#987=ORIENTED_EDGE('',*,*,#684,.F.);
#988=ORIENTED_EDGE('',*,*,#685,.F.);
#989=ORIENTED_EDGE('',*,*,#686,.T.);
#990=ORIENTED_EDGE('',*,*,#680,.F.);
#991=ORIENTED_EDGE('',*,*,#681,.F.);
#992=ORIENTED_EDGE('',*,*,#687,.T.);
#993=ORIENTED_EDGE('',*,*,#685,.T.);
#994=ORIENTED_EDGE('',*,*,#687,.F.);
#995=ORIENTED_EDGE('',*,*,#686,.F.);
#996=ORIENTED_EDGE('',*,*,#688,.T.);
#997=ORIENTED_EDGE('',*,*,#660,.F.);
#998=ORIENTED_EDGE('',*,*,#688,.F.);
#999=ORIENTED_EDGE('',*,*,#689,.F.);
#1000=ORIENTED_EDGE('',*,*,#690,.T.);
#1001=ORIENTED_EDGE('',*,*,#678,.F.);
#1002=ORIENTED_EDGE('',*,*,#679,.F.);
#1003=ORIENTED_EDGE('',*,*,#691,.T.);
#1004=ORIENTED_EDGE('',*,*,#689,.T.);
#1005=ORIENTED_EDGE('',*,*,#691,.F.);
#1006=ORIENTED_EDGE('',*,*,#690,.F.);
#1007=ORIENTED_EDGE('',*,*,#692,.T.);
#1008=ORIENTED_EDGE('',*,*,#659,.F.);
#1009=ORIENTED_EDGE('',*,*,#692,.F.);
#1010=ORIENTED_EDGE('',*,*,#675,.F.);
#1011=ORIENTED_EDGE('',*,*,#693,.F.);
#1012=ORIENTED_EDGE('',*,*,#673,.F.);
#1013=ORIENTED_EDGE('',*,*,#694,.T.);
#1014=ORIENTED_EDGE('',*,*,#676,.F.);
#1015=ORIENTED_EDGE('',*,*,#694,.F.);
#1016=ORIENTED_EDGE('',*,*,#677,.F.);
#1017=ORIENTED_EDGE('',*,*,#695,.T.);
#1018=ORIENTED_EDGE('',*,*,#658,.F.);
#1019=ORIENTED_EDGE('',*,*,#695,.F.);
#1020=ORIENTED_EDGE('',*,*,#674,.F.);
#1021=ORIENTED_EDGE('',*,*,#693,.T.);
#1022=ORIENTED_EDGE('',*,*,#577,.F.);
#1023=ORIENTED_EDGE('',*,*,#663,.F.);
#1024=ORIENTED_EDGE('',*,*,#683,.T.);
#1025=ORIENTED_EDGE('',*,*,#537,.F.);
#1026=PLANE('',#1141);
#1027=PLANE('',#1142);
#1028=PLANE('',#1150);
#1029=PLANE('',#1152);
#1030=PLANE('',#1161);
#1031=PLANE('',#1166);
#1032=PLANE('',#1167);
#1033=PLANE('',#1168);
#1034=PLANE('',#1169);
#1035=PLANE('',#1170);
#1036=PLANE('',#1171);
#1037=PLANE('',#1172);
#1038=PLANE('',#1173);
#1039=PLANE('',#1175);
#1040=PLANE('',#1178);
#1041=PLANE('',#1185);
#1042=PLANE('',#1187);
#1043=PLANE('',#1188);
#1044=PLANE('',#1189);
#1045=PLANE('',#1192);
#1046=PLANE('',#1199);
#1047=PLANE('',#1201);
#1048=PLANE('',#1203);
#1049=PLANE('',#1208);
#1050=PLANE('',#1210);
#1051=PLANE('',#1212);
#1052=PLANE('',#1217);
#1053=PLANE('',#1222);
#1054=PLANE('',#1227);
#1055=ADVANCED_FACE('',(#161),#1026,.T.);
#1056=ADVANCED_FACE('',(#162),#1027,.T.);
#1057=ADVANCED_FACE('',(#163),#105,.F.);
#1058=ADVANCED_FACE('',(#164),#1028,.F.);
#1059=ADVANCED_FACE('',(#165),#106,.F.);
#1060=ADVANCED_FACE('',(#166),#1029,.F.);
#1061=ADVANCED_FACE('',(#167),#107,.F.);
#1062=ADVANCED_FACE('',(#168),#108,.F.);
#1063=ADVANCED_FACE('',(#169),#35,.T.);
#1064=ADVANCED_FACE('',(#170),#109,.T.);
#1065=ADVANCED_FACE('',(#171),#25,.F.);
#1066=ADVANCED_FACE('',(#172),#1030,.T.);
#1067=ADVANCED_FACE('',(#173),#110,.T.);
#1068=ADVANCED_FACE('',(#174),#36,.T.);
#1069=ADVANCED_FACE('',(#175),#1031,.T.);
#1070=ADVANCED_FACE('',(#176),#1032,.F.);
#1071=ADVANCED_FACE('',(#177),#1033,.F.);
#1072=ADVANCED_FACE('',(#178),#1034,.F.);
#1073=ADVANCED_FACE('',(#179),#1035,.F.);
#1074=ADVANCED_FACE('',(#180),#26,.T.);
#1075=ADVANCED_FACE('',(#181),#1036,.F.);
#1076=ADVANCED_FACE('',(#182),#1037,.F.);
#1077=ADVANCED_FACE('',(#183),#1038,.T.);
#1078=ADVANCED_FACE('',(#184),#27,.F.);
#1079=ADVANCED_FACE('',(#185),#28,.F.);
#1080=ADVANCED_FACE('',(#186),#29,.F.);
#1081=ADVANCED_FACE('',(#187,#15),#1039,.T.);
#1082=ADVANCED_FACE('',(#188,#16),#1040,.T.);
#1083=ADVANCED_FACE('',(#189),#111,.T.);
#1084=ADVANCED_FACE('',(#190),#112,.T.);
#1085=ADVANCED_FACE('',(#191),#113,.T.);
#1086=ADVANCED_FACE('',(#192),#1041,.T.);
#1087=ADVANCED_FACE('',(#193),#1042,.F.);
#1088=ADVANCED_FACE('',(#194),#1043,.F.);
#1089=ADVANCED_FACE('',(#195),#1044,.F.);
#1090=ADVANCED_FACE('',(#196),#114,.F.);
#1091=ADVANCED_FACE('',(#197),#115,.F.);
#1092=ADVANCED_FACE('',(#198),#1045,.F.);
#1093=ADVANCED_FACE('',(#199),#116,.T.);
#1094=ADVANCED_FACE('',(#200),#117,.T.);
#1095=ADVANCED_FACE('',(#201),#118,.T.);
#1096=ADVANCED_FACE('',(#202,#17),#1046,.F.);
#1097=ADVANCED_FACE('',(#203,#18),#1047,.F.);
#1098=ADVANCED_FACE('',(#204,#19),#1048,.F.);
#1099=ADVANCED_FACE('',(#205),#30,.F.);
#1100=ADVANCED_FACE('',(#206),#31,.F.);
#1101=ADVANCED_FACE('',(#207),#32,.F.);
#1102=ADVANCED_FACE('',(#208),#33,.F.);
#1103=ADVANCED_FACE('',(#209),#1049,.T.);
#1104=ADVANCED_FACE('',(#210,#20,#21,#22),#34,.F.);
#1105=ADVANCED_FACE('',(#211),#119,.T.);
#1106=ADVANCED_FACE('',(#212),#1050,.T.);
#1107=ADVANCED_FACE('',(#213),#120,.T.);
#1108=ADVANCED_FACE('',(#214,#23),#1051,.F.);
#1109=ADVANCED_FACE('',(#215),#121,.F.);
#1110=ADVANCED_FACE('',(#216),#122,.F.);
#1111=ADVANCED_FACE('',(#217,#24),#1052,.F.);
#1112=ADVANCED_FACE('',(#218),#123,.F.);
#1113=ADVANCED_FACE('',(#219),#124,.F.);
#1114=ADVANCED_FACE('',(#220),#1053,.F.);
#1115=ADVANCED_FACE('',(#221),#125,.F.);
#1116=ADVANCED_FACE('',(#222),#126,.F.);
#1117=ADVANCED_FACE('',(#223),#1054,.T.);
#1118=CLOSED_SHELL('',(#1055,#1056,#1057,#1058,#1059,#1060,#1061,#1062,
#1063,#1064,#1065,#1066,#1067,#1068,#1069,#1070,#1071,#1072,#1073,#1074,
#1075,#1076,#1077,#1078,#1079,#1080,#1081,#1082,#1083,#1084,#1085,#1086,
#1087,#1088,#1089,#1090,#1091,#1092,#1093,#1094,#1095,#1096,#1097,#1098,
#1099,#1100,#1101,#1102,#1103,#1104,#1105,#1106,#1107,#1108,#1109,#1110,
#1111,#1112,#1113,#1114,#1115,#1116,#1117));
#1119=DERIVED_UNIT_ELEMENT(#1122,1.);
#1120=DERIVED_UNIT_ELEMENT(#2898,-3.);
#1121=DIMENSIONAL_EXPONENTS(0.,1.,0.,0.,0.,0.,0.);
#1122=(
CONVERSION_BASED_UNIT('gram',#1124)
MASS_UNIT()
NAMED_UNIT(#1121)
);
#1123=(
MASS_UNIT()
NAMED_UNIT(*)
SI_UNIT(.KILO.,.GRAM.)
);
#1124=MASS_MEASURE_WITH_UNIT(MASS_MEASURE(0.001),#1123);
#1125=DERIVED_UNIT((#1119,#1120));
#1126=MEASURE_REPRESENTATION_ITEM('density measure',
POSITIVE_RATIO_MEASURE(1.),#1125);
#1127=PROPERTY_DEFINITION_REPRESENTATION(#1132,#1129);
#1128=PROPERTY_DEFINITION_REPRESENTATION(#1133,#1130);
#1129=REPRESENTATION('material name',(#1131),#2895);
#1130=REPRESENTATION('density',(#1126),#2895);
#1131=DESCRIPTIVE_REPRESENTATION_ITEM('Generic','Generic');
#1132=PROPERTY_DEFINITION('material property','material name',#2905);
#1133=PROPERTY_DEFINITION('material property','density of part',#2905);
#1134=DATE_TIME_ROLE('creation_date');
#1135=APPLIED_DATE_AND_TIME_ASSIGNMENT(#1136,#1134,(#2905));
#1136=DATE_AND_TIME(#1137,#1138);
#1137=CALENDAR_DATE(2026,4,8);
#1138=LOCAL_TIME(0,0,0.,#1139);
#1139=COORDINATED_UNIVERSAL_TIME_OFFSET(0,0,.BEHIND.);
#1140=AXIS2_PLACEMENT_3D('',#1467,#1228,#1229);
#1141=AXIS2_PLACEMENT_3D('',#1468,#1230,#1231);
#1142=AXIS2_PLACEMENT_3D('',#1477,#1236,#1237);
#1143=AXIS2_PLACEMENT_3D('',#1482,#1239,#1240);
#1144=AXIS2_PLACEMENT_3D('',#1486,#1242,#1243);
#1145=AXIS2_PLACEMENT_3D('',#1490,#1245,#1246);
#1146=AXIS2_PLACEMENT_3D('',#1498,#1250,#1251);
#1147=AXIS2_PLACEMENT_3D('',#1502,#1253,#1254);
#1148=AXIS2_PLACEMENT_3D('',#1513,#1260,#1261);
#1149=AXIS2_PLACEMENT_3D('',#1514,#1262,#1263);
#1150=AXIS2_PLACEMENT_3D('',#1563,#1266,#1267);
#1151=AXIS2_PLACEMENT_3D('',#1575,#1269,#1270);
#1152=AXIS2_PLACEMENT_3D('',#1624,#1273,#1274);
#1153=AXIS2_PLACEMENT_3D('',#1636,#1276,#1277);
#1154=AXIS2_PLACEMENT_3D('',#1687,#1279,#1280);
#1155=AXIS2_PLACEMENT_3D('',#1738,#1282,#1283);
#1156=AXIS2_PLACEMENT_3D('',#1741,#1284,#1285);
#1157=AXIS2_PLACEMENT_3D('',#1743,#1286,#1287);
#1158=AXIS2_PLACEMENT_3D('',#1744,#1288,#1289);
#1159=AXIS2_PLACEMENT_3D('',#1745,#1290,#1291);
#1160=AXIS2_PLACEMENT_3D('',#1810,#1294,#1295);
#1161=AXIS2_PLACEMENT_3D('',#1821,#1296,#1297);
#1162=AXIS2_PLACEMENT_3D('',#1823,#1299,#1300);
#1163=AXIS2_PLACEMENT_3D('',#1826,#1302,#1303);
#1164=AXIS2_PLACEMENT_3D('',#1827,#1304,#1305);
#1165=AXIS2_PLACEMENT_3D('',#1828,#1306,#1307);
#1166=AXIS2_PLACEMENT_3D('',#1829,#1308,#1309);
#1167=AXIS2_PLACEMENT_3D('',#1836,#1311,#1312);
#1168=AXIS2_PLACEMENT_3D('',#1857,#1315,#1316);
#1169=AXIS2_PLACEMENT_3D('',#1878,#1319,#1320);
#1170=AXIS2_PLACEMENT_3D('',#1897,#1322,#1323);
#1171=AXIS2_PLACEMENT_3D('',#2260,#1326,#1327);
#1172=AXIS2_PLACEMENT_3D('',#2261,#1328,#1329);
#1173=AXIS2_PLACEMENT_3D('',#2263,#1331,#1332);
#1174=AXIS2_PLACEMENT_3D('',#2342,#1333,#1334);
#1175=AXIS2_PLACEMENT_3D('',#2347,#1335,#1336);
#1176=AXIS2_PLACEMENT_3D('',#2351,#1338,#1339);
#1177=AXIS2_PLACEMENT_3D('',#2353,#1340,#1341);
#1178=AXIS2_PLACEMENT_3D('',#2354,#1342,#1343);
#1179=AXIS2_PLACEMENT_3D('',#2358,#1345,#1346);
#1180=AXIS2_PLACEMENT_3D('',#2360,#1347,#1348);
#1181=AXIS2_PLACEMENT_3D('',#2361,#1349,#1350);
#1182=AXIS2_PLACEMENT_3D('',#2364,#1353,#1354);
#1183=AXIS2_PLACEMENT_3D('',#2367,#1357,#1358);
#1184=AXIS2_PLACEMENT_3D('',#2370,#1360,#1361);
#1185=AXIS2_PLACEMENT_3D('',#2371,#1362,#1363);
#1186=AXIS2_PLACEMENT_3D('',#2373,#1365,#1366);
#1187=AXIS2_PLACEMENT_3D('',#2374,#1367,#1368);
#1188=AXIS2_PLACEMENT_3D('',#2376,#1370,#1371);
#1189=AXIS2_PLACEMENT_3D('',#2379,#1374,#1375);
#1190=AXIS2_PLACEMENT_3D('',#2382,#1378,#1379);
#1191=AXIS2_PLACEMENT_3D('',#2383,#1380,#1381);
#1192=AXIS2_PLACEMENT_3D('',#2384,#1382,#1383);
#1193=AXIS2_PLACEMENT_3D('',#2385,#1384,#1385);
#1194=AXIS2_PLACEMENT_3D('',#2387,#1386,#1387);
#1195=AXIS2_PLACEMENT_3D('',#2389,#1389,#1390);
#1196=AXIS2_PLACEMENT_3D('',#2391,#1391,#1392);
#1197=AXIS2_PLACEMENT_3D('',#2393,#1394,#1395);
#1198=AXIS2_PLACEMENT_3D('',#2395,#1396,#1397);
#1199=AXIS2_PLACEMENT_3D('',#2399,#1400,#1401);
#1200=AXIS2_PLACEMENT_3D('',#2401,#1402,#1403);
#1201=AXIS2_PLACEMENT_3D('',#2402,#1404,#1405);
#1202=AXIS2_PLACEMENT_3D('',#2404,#1406,#1407);
#1203=AXIS2_PLACEMENT_3D('',#2405,#1408,#1409);
#1204=AXIS2_PLACEMENT_3D('',#2407,#1410,#1411);
#1205=AXIS2_PLACEMENT_3D('',#2434,#1412,#1413);
#1206=AXIS2_PLACEMENT_3D('',#2471,#1414,#1415);
#1207=AXIS2_PLACEMENT_3D('',#2536,#1416,#1417);
#1208=AXIS2_PLACEMENT_3D('',#2599,#1418,#1419);
#1209=AXIS2_PLACEMENT_3D('',#2862,#1421,#1422);
#1210=AXIS2_PLACEMENT_3D('',#2865,#1425,#1426);
#1211=AXIS2_PLACEMENT_3D('',#2867,#1428,#1429);
#1212=AXIS2_PLACEMENT_3D('',#2868,#1430,#1431);
#1213=AXIS2_PLACEMENT_3D('',#2870,#1432,#1433);
#1214=AXIS2_PLACEMENT_3D('',#2872,#1434,#1435);
#1215=AXIS2_PLACEMENT_3D('',#2873,#1436,#1437);
#1216=AXIS2_PLACEMENT_3D('',#2875,#1439,#1440);
#1217=AXIS2_PLACEMENT_3D('',#2877,#1442,#1443);
#1218=AXIS2_PLACEMENT_3D('',#2879,#1444,#1445);
#1219=AXIS2_PLACEMENT_3D('',#2881,#1446,#1447);
#1220=AXIS2_PLACEMENT_3D('',#2882,#1448,#1449);
#1221=AXIS2_PLACEMENT_3D('',#2884,#1451,#1452);
#1222=AXIS2_PLACEMENT_3D('',#2886,#1454,#1455);
#1223=AXIS2_PLACEMENT_3D('',#2887,#1456,#1457);
#1224=AXIS2_PLACEMENT_3D('',#2888,#1458,#1459);
#1225=AXIS2_PLACEMENT_3D('',#2889,#1460,#1461);
#1226=AXIS2_PLACEMENT_3D('',#2891,#1463,#1464);
#1227=AXIS2_PLACEMENT_3D('',#2892,#1465,#1466);
#1228=DIRECTION('axis',(0.,0.,1.));
#1229=DIRECTION('refdir',(1.,0.,0.));
#1230=DIRECTION('center_axis',(-1.,0.,0.));
#1231=DIRECTION('ref_axis',(0.,0.,1.));
#1232=DIRECTION('',(0.,1.36642833800019E-15,-1.));
#1233=DIRECTION('',(0.,-1.,-1.8503717077086E-16));
#1234=DIRECTION('',(0.,-1.36642833800019E-15,1.));
#1235=DIRECTION('',(0.,1.,1.8503717077086E-16));
#1236=DIRECTION('center_axis',(-1.,0.,0.));
#1237=DIRECTION('ref_axis',(0.,0.,1.));
#1238=DIRECTION('',(0.,1.,0.));
#1239=DIRECTION('center_axis',(-1.,0.,0.));
#1240=DIRECTION('ref_axis',(0.,0.,1.));
#1241=DIRECTION('',(0.,0.,-1.));
#1242=DIRECTION('center_axis',(-1.,0.,0.));
#1243=DIRECTION('ref_axis',(0.,1.,0.));
#1244=DIRECTION('',(0.,-1.,1.86984930463184E-16));
#1245=DIRECTION('center_axis',(-1.,0.,0.));
#1246=DIRECTION('ref_axis',(0.,0.,-1.));
#1247=DIRECTION('',(0.,0.,1.));
#1248=DIRECTION('',(0.,1.,0.));
#1249=DIRECTION('',(0.,-1.77635683940026E-15,-1.));
#1250=DIRECTION('center_axis',(1.,0.,0.));
#1251=DIRECTION('ref_axis',(0.,0.,1.));
#1252=DIRECTION('',(0.,1.,-1.86984930463184E-16));
#1253=DIRECTION('center_axis',(1.,0.,0.));
#1254=DIRECTION('ref_axis',(0.,-1.,0.));
#1255=DIRECTION('',(0.,0.,1.));
#1256=DIRECTION('',(0.,-1.,0.));
#1257=DIRECTION('',(0.,0.,-1.));
#1258=DIRECTION('',(0.,-1.,0.));
#1259=DIRECTION('',(0.,0.,1.));
#1260=DIRECTION('center_axis',(-1.,0.,0.));
#1261=DIRECTION('ref_axis',(0.,-1.,0.));
#1262=DIRECTION('center_axis',(1.,0.,0.));
#1263=DIRECTION('ref_axis',(0.,0.70710678118655,0.707106781186545));
#1264=DIRECTION('',(1.,0.,0.));
#1265=DIRECTION('',(-1.,0.,0.));
#1266=DIRECTION('center_axis',(0.,1.,2.08166817117217E-16));
#1267=DIRECTION('ref_axis',(0.,-2.08166817117217E-16,1.));
#1268=DIRECTION('',(-1.,-7.70371977754895E-32,3.70074341541719E-16));
#1269=DIRECTION('center_axis',(1.,0.,0.));
#1270=DIRECTION('ref_axis',(0.,0.707106781186546,0.707106781186549));
#1271=DIRECTION('',(1.,0.,0.));
#1272=DIRECTION('',(-1.,0.,0.));
#1273=DIRECTION('center_axis',(0.,1.,2.08166817117217E-16));
#1274=DIRECTION('ref_axis',(0.,-2.08166817117217E-16,1.));
#1275=DIRECTION('',(-1.,0.,0.));
#1276=DIRECTION('center_axis',(-1.,0.,0.));
#1277=DIRECTION('ref_axis',(0.,0.707106781186547,-0.707106781186548));
#1278=DIRECTION('',(1.,0.,0.));
#1279=DIRECTION('center_axis',(-1.,-7.70371977754895E-32,3.70074341541719E-16));
#1280=DIRECTION('ref_axis',(-7.85046229341885E-16,0.707106781186549,-0.707106781186546));
#1281=DIRECTION('',(1.,7.70371977754895E-32,-3.70074341541719E-16));
#1282=DIRECTION('center_axis',(-0.817714267561126,0.408824968994129,0.405222804582765));
#1283=DIRECTION('ref_axis',(0.575624336374837,0.580764204979761,0.575647080759779));
#1284=DIRECTION('center_axis',(1.,-1.38777878078144E-16,-1.38777878078144E-16));
#1285=DIRECTION('ref_axis',(2.77555756156289E-16,1.,0.));
#1286=DIRECTION('center_axis',(-0.0088893427779098,0.999960489011929,0.));
#1287=DIRECTION('ref_axis',(0.999960489011929,0.00888934277791797,4.44089209850063E-15));
#1288=DIRECTION('center_axis',(0.,0.,1.));
#1289=DIRECTION('ref_axis',(0.999960489011929,0.00888934277791353,4.44089209850063E-15));
#1290=DIRECTION('center_axis',(1.,0.,0.));
#1291=DIRECTION('ref_axis',(0.,0.707106781186544,0.707106781186551));
#1292=DIRECTION('',(-1.,0.,0.));
#1293=DIRECTION('',(-1.,0.,0.));
#1294=DIRECTION('center_axis',(0.00220514150274316,-0.999997568672521,0.));
#1295=DIRECTION('ref_axis',(0.999997568672521,0.00220514150275353,0.));
#1296=DIRECTION('center_axis',(0.,0.,1.));
#1297=DIRECTION('ref_axis',(0.,-1.,0.));
#1298=DIRECTION('',(-1.,0.,0.));
#1299=DIRECTION('center_axis',(1.,0.,0.));
#1300=DIRECTION('ref_axis',(0.,-0.707106781186546,0.707106781186549));
#1301=DIRECTION('',(-1.,0.,0.));
#1302=DIRECTION('center_axis',(-1.,0.,-1.11022302462516E-15));
#1303=DIRECTION('ref_axis',(0.,-1.,0.));
#1304=DIRECTION('center_axis',(-0.407647300215169,-0.817096413646216,-0.407648291341661));
#1305=DIRECTION('ref_axis',(0.577773712591762,-0.576501041461757,0.57777511735228));
#1306=DIRECTION('center_axis',(3.91712771406341E-19,-1.77635683940025E-16,
1.));
#1307=DIRECTION('ref_axis',(1.11022302462516E-15,-1.,0.));
#1308=DIRECTION('center_axis',(0.,-1.,-1.77635683940025E-16));
#1309=DIRECTION('ref_axis',(0.,1.77635683940025E-16,-1.));
#1310=DIRECTION('',(1.,0.,0.));
#1311=DIRECTION('center_axis',(0.,-2.08166817117217E-16,1.));
#1312=DIRECTION('ref_axis',(1.,0.,0.));
#1313=DIRECTION('',(1.,0.,0.));
#1314=DIRECTION('',(-1.,0.,0.));
#1315=DIRECTION('center_axis',(0.,2.08166817117217E-16,-1.));
#1316=DIRECTION('ref_axis',(-1.,0.,0.));
#1317=DIRECTION('',(1.,0.,0.));
#1318=DIRECTION('',(-1.,0.,0.));
#1319=DIRECTION('center_axis',(0.,-2.08166817117217E-16,1.));
#1320=DIRECTION('ref_axis',(1.,0.,0.));
#1321=DIRECTION('',(-1.,0.,0.));
#1322=DIRECTION('center_axis',(-3.70074341541719E-16,2.08166817117217E-16,
-1.));
#1323=DIRECTION('ref_axis',(-1.,-6.57384087684177E-32,3.70074341541719E-16));
#1324=DIRECTION('',(1.,6.57384087684177E-32,-3.70074341541719E-16));
#1325=DIRECTION('',(-1.,0.,0.));
#1326=DIRECTION('center_axis',(0.,-1.,-1.77635683940025E-16));
#1327=DIRECTION('ref_axis',(0.,1.77635683940025E-16,-1.));
#1328=DIRECTION('center_axis',(0.,-1.,-1.77635683940025E-16));
#1329=DIRECTION('ref_axis',(0.,1.77635683940025E-16,-1.));
#1330=DIRECTION('',(-1.,0.,0.));
#1331=DIRECTION('center_axis',(0.,-1.,-1.77635683940025E-16));
#1332=DIRECTION('ref_axis',(0.,1.77635683940025E-16,-1.));
#1333=DIRECTION('center_axis',(2.44820482129129E-18,-1.11022302462516E-15,
-1.));
#1334=DIRECTION('ref_axis',(0.999997568672521,0.00220514150274464,0.));
#1335=DIRECTION('center_axis',(-1.,0.,0.));
#1336=DIRECTION('ref_axis',(0.,0.,1.));
#1337=DIRECTION('',(0.,1.,0.));
#1338=DIRECTION('center_axis',(-1.,0.,0.));
#1339=DIRECTION('ref_axis',(0.,0.,1.));
#1340=DIRECTION('center_axis',(-1.,0.,0.));
#1341=DIRECTION('ref_axis',(0.,0.,1.));
#1342=DIRECTION('center_axis',(-1.,0.,0.));
#1343=DIRECTION('ref_axis',(0.,0.,1.));
#1344=DIRECTION('',(0.,-1.,1.69176841847643E-16));
#1345=DIRECTION('center_axis',(-1.,0.,0.));
#1346=DIRECTION('ref_axis',(0.,0.,1.));
#1347=DIRECTION('center_axis',(-1.,0.,0.));
#1348=DIRECTION('ref_axis',(0.,0.,1.));
#1349=DIRECTION('center_axis',(-1.,0.,0.));
#1350=DIRECTION('ref_axis',(0.,1.89882151931499E-15,-1.));
#1351=DIRECTION('',(1.,0.,0.));
#1352=DIRECTION('',(-1.,0.,0.));
#1353=DIRECTION('center_axis',(-1.,0.,0.));
#1354=DIRECTION('ref_axis',(0.,0.,1.));
#1355=DIRECTION('',(-1.,0.,0.));
#1356=DIRECTION('',(1.,0.,0.));
#1357=DIRECTION('center_axis',(-1.,0.,0.));
#1358=DIRECTION('ref_axis',(0.,0.,1.));
#1359=DIRECTION('',(1.,0.,0.));
#1360=DIRECTION('center_axis',(-1.,0.,0.));
#1361=DIRECTION('ref_axis',(0.,0.,1.));
#1362=DIRECTION('center_axis',(-1.,0.,0.));
#1363=DIRECTION('ref_axis',(0.,0.,1.));
#1364=DIRECTION('',(0.,-1.,1.69176841847643E-16));
#1365=DIRECTION('center_axis',(-1.,0.,0.));
#1366=DIRECTION('ref_axis',(0.,0.,1.));
#1367=DIRECTION('center_axis',(0.,-1.,-1.77635683940025E-16));
#1368=DIRECTION('ref_axis',(0.,1.77635683940025E-16,-1.));
#1369=DIRECTION('',(-1.,0.,0.));
#1370=DIRECTION('center_axis',(0.,1.,0.));
#1371=DIRECTION('ref_axis',(0.,0.,1.));
#1372=DIRECTION('',(-1.,0.,0.));
#1373=DIRECTION('',(1.,0.,0.));
#1374=DIRECTION('center_axis',(0.,-1.69176841847643E-16,-1.));
#1375=DIRECTION('ref_axis',(0.,1.,-1.69176841847643E-16));
#1376=DIRECTION('',(-1.,0.,0.));
#1377=DIRECTION('',(1.,0.,0.));
#1378=DIRECTION('center_axis',(1.,0.,0.));
#1379=DIRECTION('ref_axis',(0.,-0.707106781186548,-0.707106781186547));
#1380=DIRECTION('center_axis',(1.,0.,0.));
#1381=DIRECTION('ref_axis',(0.,0.707106781186548,-0.707106781186548));
#1382=DIRECTION('center_axis',(0.,0.,1.));
#1383=DIRECTION('ref_axis',(0.,-1.,0.));
#1384=DIRECTION('center_axis',(-1.,0.,0.));
#1385=DIRECTION('ref_axis',(0.,0.,1.));
#1386=DIRECTION('center_axis',(-1.,0.,0.));
#1387=DIRECTION('ref_axis',(0.,0.,1.));
#1388=DIRECTION('',(1.,0.,0.));
#1389=DIRECTION('center_axis',(-1.,0.,0.));
#1390=DIRECTION('ref_axis',(0.,0.,1.));
#1391=DIRECTION('center_axis',(-1.,0.,0.));
#1392=DIRECTION('ref_axis',(0.,0.,1.));
#1393=DIRECTION('',(1.,0.,0.));
#1394=DIRECTION('center_axis',(-1.,0.,0.));
#1395=DIRECTION('ref_axis',(0.,0.,1.));
#1396=DIRECTION('center_axis',(-1.,0.,0.));
#1397=DIRECTION('ref_axis',(0.,0.,1.));
#1398=DIRECTION('',(1.,0.,0.));
#1399=DIRECTION('',(-1.,0.,0.));
#1400=DIRECTION('center_axis',(1.,0.,0.));
#1401=DIRECTION('ref_axis',(0.,0.,-1.));
#1402=DIRECTION('center_axis',(1.,0.,0.));
#1403=DIRECTION('ref_axis',(0.,0.,1.));
#1404=DIRECTION('center_axis',(1.,0.,0.));
#1405=DIRECTION('ref_axis',(0.,0.,-1.));
#1406=DIRECTION('center_axis',(1.,0.,0.));
#1407=DIRECTION('ref_axis',(0.,0.,1.));
#1408=DIRECTION('center_axis',(1.,0.,0.));
#1409=DIRECTION('ref_axis',(0.,0.,-1.));
#1410=DIRECTION('center_axis',(1.,0.,0.));
#1411=DIRECTION('ref_axis',(0.,0.,1.));
#1412=DIRECTION('center_axis',(0.,0.,1.));
#1413=DIRECTION('ref_axis',(0.999960489011929,0.00888934277790909,0.));
#1414=DIRECTION('center_axis',(-0.023506507987987,0.999723683865802,4.43966500836358E-15));
#1415=DIRECTION('ref_axis',(0.999723683865802,0.023506507987987,0.));
#1416=DIRECTION('center_axis',(-0.0056798617433218,0.999983869455191,2.91317822470652E-12));
#1417=DIRECTION('ref_axis',(0.999983869455191,0.0056798617433218,0.));
#1418=DIRECTION('center_axis',(0.,-1.,-1.77635683940025E-16));
#1419=DIRECTION('ref_axis',(0.,1.77635683940025E-16,-1.));
#1420=DIRECTION('',(-1.,0.,0.));
#1421=DIRECTION('center_axis',(1.,0.,0.));
#1422=DIRECTION('ref_axis',(0.,0.707106781186547,-0.707106781186547));
#1423=DIRECTION('',(-1.,0.,0.));
#1424=DIRECTION('',(-1.,0.,0.));
#1425=DIRECTION('center_axis',(0.,-1.69176841847643E-16,-1.));
#1426=DIRECTION('ref_axis',(0.,1.,-1.69176841847643E-16));
#1427=DIRECTION('',(-1.,0.,0.));
#1428=DIRECTION('center_axis',(1.,0.,0.));
#1429=DIRECTION('ref_axis',(0.,-0.707106781186548,-0.707106781186547));
#1430=DIRECTION('center_axis',(-1.,0.,0.));
#1431=DIRECTION('ref_axis',(0.,0.,1.));
#1432=DIRECTION('center_axis',(-1.,0.,0.));
#1433=DIRECTION('ref_axis',(0.,0.,1.));
#1434=DIRECTION('center_axis',(-1.,0.,0.));
#1435=DIRECTION('ref_axis',(0.,0.,1.));
#1436=DIRECTION('center_axis',(-1.,0.,0.));
#1437=DIRECTION('ref_axis',(0.,0.,1.));
#1438=DIRECTION('',(-1.,0.,0.));
#1439=DIRECTION('center_axis',(-1.,0.,0.));
#1440=DIRECTION('ref_axis',(0.,0.,1.));
#1441=DIRECTION('',(-1.,0.,0.));
#1442=DIRECTION('center_axis',(-1.,0.,0.));
#1443=DIRECTION('ref_axis',(0.,0.,1.));
#1444=DIRECTION('center_axis',(-1.,0.,0.));
#1445=DIRECTION('ref_axis',(0.,0.,1.));
#1446=DIRECTION('center_axis',(-1.,0.,0.));
#1447=DIRECTION('ref_axis',(0.,0.,1.));
#1448=DIRECTION('center_axis',(-1.,0.,0.));
#1449=DIRECTION('ref_axis',(0.,0.,1.));
#1450=DIRECTION('',(-1.,0.,0.));
#1451=DIRECTION('center_axis',(-1.,0.,0.));
#1452=DIRECTION('ref_axis',(0.,0.,1.));
#1453=DIRECTION('',(-1.,0.,0.));
#1454=DIRECTION('center_axis',(-1.,0.,0.));
#1455=DIRECTION('ref_axis',(0.,0.,1.));
#1456=DIRECTION('center_axis',(-1.,0.,0.));
#1457=DIRECTION('ref_axis',(0.,0.,1.));
#1458=DIRECTION('center_axis',(-1.,0.,0.));
#1459=DIRECTION('ref_axis',(0.,0.,1.));
#1460=DIRECTION('center_axis',(-1.,0.,0.));
#1461=DIRECTION('ref_axis',(0.,0.,1.));
#1462=DIRECTION('',(-1.,0.,0.));
#1463=DIRECTION('center_axis',(-1.,0.,0.));
#1464=DIRECTION('ref_axis',(0.,0.,1.));
#1465=DIRECTION('center_axis',(0.,1.,0.));
#1466=DIRECTION('ref_axis',(0.,0.,1.));
#1467=CARTESIAN_POINT('',(0.,0.,0.));
#1468=CARTESIAN_POINT('Origin',(-3.,-51.,-1.27675647831893E-14));
#1469=CARTESIAN_POINT('',(-3.,-49.5,3.24999999999999));
#1470=CARTESIAN_POINT('',(-3.,-49.5,-3.25000000000001));
#1471=CARTESIAN_POINT('',(-3.,-49.5,3.24999999999999));
#1472=CARTESIAN_POINT('',(-3.,-52.5,-3.25000000000001));
#1473=CARTESIAN_POINT('',(-3.,-49.5,-3.25000000000001));
#1474=CARTESIAN_POINT('',(-3.,-52.5,3.24999999999999));
#1475=CARTESIAN_POINT('',(-3.,-52.5,-3.25000000000002));
#1476=CARTESIAN_POINT('',(-3.,-52.5,3.24999999999999));
#1477=CARTESIAN_POINT('Origin',(-3.,0.,-1.11022302462516E-14));
#1478=CARTESIAN_POINT('',(-3.,-50.5,25.));
#1479=CARTESIAN_POINT('',(-3.,50.5,25.));
#1480=CARTESIAN_POINT('',(-3.,-50.5,25.));
#1481=CARTESIAN_POINT('',(-3.,52.5,23.));
#1482=CARTESIAN_POINT('Origin',(-3.,50.5,23.));
#1483=CARTESIAN_POINT('',(-3.,52.5,-20.));
#1484=CARTESIAN_POINT('',(-3.,52.5,23.));
#1485=CARTESIAN_POINT('',(-3.,47.5,-25.));
#1486=CARTESIAN_POINT('Origin',(-3.,47.5,-20.));
#1487=CARTESIAN_POINT('',(-3.,-47.5,-25.));
#1488=CARTESIAN_POINT('',(-3.,47.5,-25.));
#1489=CARTESIAN_POINT('',(-3.,-52.5,-20.));
#1490=CARTESIAN_POINT('Origin',(-3.,-47.5,-20.));
#1491=CARTESIAN_POINT('',(-3.,-52.5,-15.));
#1492=CARTESIAN_POINT('',(-3.,-52.5,-20.));
#1493=CARTESIAN_POINT('',(-3.,-49.5,-15.));
#1494=CARTESIAN_POINT('',(-3.,-52.5,-15.));
#1495=CARTESIAN_POINT('',(-3.,-49.5,-20.));
#1496=CARTESIAN_POINT('',(-3.,-49.5,-15.));
#1497=CARTESIAN_POINT('',(-3.,-47.5,-22.));
#1498=CARTESIAN_POINT('Origin',(-3.,-47.5,-20.));
#1499=CARTESIAN_POINT('',(-3.,47.5,-22.));
#1500=CARTESIAN_POINT('',(-3.,-47.5,-22.));
#1501=CARTESIAN_POINT('',(-3.,49.5,-20.));
#1502=CARTESIAN_POINT('Origin',(-3.,47.5,-20.));
#1503=CARTESIAN_POINT('',(-3.,49.5,22.));
#1504=CARTESIAN_POINT('',(-3.,49.5,-20.));
#1505=CARTESIAN_POINT('',(-3.,-49.5,22.));
#1506=CARTESIAN_POINT('',(-3.,49.5,22.));
#1507=CARTESIAN_POINT('',(-3.,-49.5,15.));
#1508=CARTESIAN_POINT('',(-3.,-49.5,22.));
#1509=CARTESIAN_POINT('',(-3.,-52.5,15.));
#1510=CARTESIAN_POINT('',(-3.,-49.5,15.));
#1511=CARTESIAN_POINT('',(-3.,-52.5,23.));
#1512=CARTESIAN_POINT('',(-3.,-52.5,15.));
#1513=CARTESIAN_POINT('Origin',(-3.,-50.5,23.));
#1514=CARTESIAN_POINT('Origin',(3.,-46.5,13.));
#1515=CARTESIAN_POINT('',(8.97972892966574,-46.4999999999796,15.));
#1516=CARTESIAN_POINT('',(8.96346839017585,-44.5,13.));
#1517=CARTESIAN_POINT('Ctrl Pts',(8.97972892966589,-46.4999999999796,15.));
#1518=CARTESIAN_POINT('Ctrl Pts',(8.97943025950566,-46.4566761186665,14.9999999999995));
#1519=CARTESIAN_POINT('Ctrl Pts',(8.97912819523143,-46.4133584647605,14.9985922806969));
#1520=CARTESIAN_POINT('Ctrl Pts',(8.97826600737552,-46.2911055995604,14.9906361190617));
#1521=CARTESIAN_POINT('Ctrl Pts',(8.97769994496472,-46.2124706036418,14.9808068707835));
#1522=CARTESIAN_POINT('Ctrl Pts',(8.97605403730127,-45.9882671717669,14.93914672098));
#1523=CARTESIAN_POINT('Ctrl Pts',(8.97496532031249,-45.845401163322,14.8956953480226));
#1524=CARTESIAN_POINT('Ctrl Pts',(8.97207682770164,-45.4782246641588,14.73751102351));
#1525=CARTESIAN_POINT('Ctrl Pts',(8.97032635218247,-45.2684947809774,14.5957334259647));
#1526=CARTESIAN_POINT('Ctrl Pts',(8.96719334727455,-44.905792048154,14.2354205713381));
#1527=CARTESIAN_POINT('Ctrl Pts',(8.96585997586554,-44.7586960656237,14.0176567291745));
#1528=CARTESIAN_POINT('Ctrl Pts',(8.96397583638116,-44.5535416007792,13.5316838251568));
#1529=CARTESIAN_POINT('Ctrl Pts',(8.96346839017585,-44.5,13.2671869738527));
#1530=CARTESIAN_POINT('Ctrl Pts',(8.96346839017585,-44.5,13.));
#1531=CARTESIAN_POINT('',(11.9635999689664,-44.5,13.));
#1532=CARTESIAN_POINT('',(3.,-44.5,13.));
#1533=CARTESIAN_POINT('',(11.9797999576287,-46.4999999998463,15.));
#1534=CARTESIAN_POINT('Ctrl Pts',(11.9635999754695,-44.5000006956457,12.9999999999999));
#1535=CARTESIAN_POINT('Ctrl Pts',(11.9636000019579,-44.5000035291978,13.1510497628145));
#1536=CARTESIAN_POINT('Ctrl Pts',(11.9637605523775,-44.5171207551538,13.3014448263832));
#1537=CARTESIAN_POINT('Ctrl Pts',(11.9640741483052,-44.5508996381996,13.4483179488236));
#1538=CARTESIAN_POINT('Ctrl Pts',(11.9642330479065,-44.5680154569254,13.5227388151372));
#1539=CARTESIAN_POINT('Ctrl Pts',(11.9644311471152,-44.589409952247,13.5962554348623));
#1540=CARTESIAN_POINT('Ctrl Pts',(11.9646669158845,-44.6150292558665,13.6684947971083));
#1541=CARTESIAN_POINT('Ctrl Pts',(11.9652142872918,-44.6745081864924,13.8362089582462));
#1542=CARTESIAN_POINT('Ctrl Pts',(11.965958361414,-44.7560239590354,13.9949991130527));
#1543=CARTESIAN_POINT('Ctrl Pts',(11.9668589201836,-44.8572354485564,14.1407540674558));
#1544=CARTESIAN_POINT('Ctrl Pts',(11.9671439533032,-44.8892695895522,14.1868865251667));
#1545=CARTESIAN_POINT('Ctrl Pts',(11.9674446162724,-44.9232771974542,14.2317131600838));
#1546=CARTESIAN_POINT('Ctrl Pts',(11.9677595234049,-44.959185034537,14.2751036201836));
#1547=CARTESIAN_POINT('Ctrl Pts',(11.9689725969843,-45.0975078731366,14.4422507417241));
#1548=CARTESIAN_POINT('Ctrl Pts',(11.9703798849694,-45.2621110714849,14.5857810688998));
#1549=CARTESIAN_POINT('Ctrl Pts',(11.9718851384946,-45.4465315420843,14.7000600601675));
#1550=CARTESIAN_POINT('Ctrl Pts',(11.9730076650978,-45.584061121631,14.7852823870002));
#1551=CARTESIAN_POINT('Ctrl Pts',(11.9741735444887,-45.7312737081288,14.8534100209774));
#1552=CARTESIAN_POINT('Ctrl Pts',(11.9753442436715,-45.8848981382867,14.9030635240477));
#1553=CARTESIAN_POINT('Ctrl Pts',(11.9756864691848,-45.9298065146135,14.9175785214315));
#1554=CARTESIAN_POINT('Ctrl Pts',(11.9760291429438,-45.9752624816804,14.9305148241063));
#1555=CARTESIAN_POINT('Ctrl Pts',(11.9763713988455,-46.0211834520769,14.9418379730137));
#1556=CARTESIAN_POINT('Ctrl Pts',(11.9770525603242,-46.1125758749506,14.9643734291305));
#1557=CARTESIAN_POINT('Ctrl Pts',(11.9777292882018,-46.2054453831742,14.9804287464317));
#1558=CARTESIAN_POINT('Ctrl Pts',(11.9783954730376,-46.2990992011504,14.9898841345721));
#1559=CARTESIAN_POINT('Ctrl Pts',(11.9788703179547,-46.3658540071052,14.9966237701169));
#1560=CARTESIAN_POINT('Ctrl Pts',(11.9793391026733,-46.4329057384728,14.9999999999897));
#1561=CARTESIAN_POINT('Ctrl Pts',(11.9797999576287,-46.4999999996923,15.));
#1562=CARTESIAN_POINT('',(3.,-46.5,15.));
#1563=CARTESIAN_POINT('Origin',(6.,-44.5,9.12499999999999));
#1564=CARTESIAN_POINT('',(8.96346839017585,-44.5,5.24999999999999));
#1565=CARTESIAN_POINT('Ctrl Pts',(8.96346839017585,-44.5,5.24999999999999));
#1566=CARTESIAN_POINT('Ctrl Pts',(8.96346839017585,-44.5,7.83333333333331));
#1567=CARTESIAN_POINT('Ctrl Pts',(8.96346839017585,-44.5,10.4166666666666));
#1568=CARTESIAN_POINT('Ctrl Pts',(8.96346839017585,-44.5,12.9999999999999));
#1569=CARTESIAN_POINT('',(11.9635999689664,-44.5,5.24999999999999));
#1570=CARTESIAN_POINT('',(9.,-44.5,5.24999999999999));
#1571=CARTESIAN_POINT('Ctrl Pts',(11.9635999689664,-44.5,13.));
#1572=CARTESIAN_POINT('Ctrl Pts',(11.9635999689664,-44.5,10.4166666666667));
#1573=CARTESIAN_POINT('Ctrl Pts',(11.9635999689664,-44.5,7.83333333333339));
#1574=CARTESIAN_POINT('Ctrl Pts',(11.9635999689664,-44.5,5.2500000000001));
#1575=CARTESIAN_POINT('Origin',(3.,-46.5,-5.25000000000001));
#1576=CARTESIAN_POINT('',(8.97972892966574,-46.4999999999796,-3.25000000000002));
#1577=CARTESIAN_POINT('',(8.96346839017585,-44.5,-5.25000000000001));
#1578=CARTESIAN_POINT('Ctrl Pts',(8.97972892966588,-46.4999999999796,-3.25000000000002));
#1579=CARTESIAN_POINT('Ctrl Pts',(8.97943025950565,-46.4566761186665,-3.25000000000046));
#1580=CARTESIAN_POINT('Ctrl Pts',(8.97912819523143,-46.4133584647605,-3.25140771930313));
#1581=CARTESIAN_POINT('Ctrl Pts',(8.97826600737552,-46.2911055995603,-3.25936388093832));
#1582=CARTESIAN_POINT('Ctrl Pts',(8.97769994496472,-46.2124706036417,-3.26919312921647));
#1583=CARTESIAN_POINT('Ctrl Pts',(8.97605403730127,-45.9882671717669,-3.31085327902));
#1584=CARTESIAN_POINT('Ctrl Pts',(8.97496532031249,-45.845401163322,-3.35430465197734));
#1585=CARTESIAN_POINT('Ctrl Pts',(8.97207682770164,-45.4782246641588,-3.51248897648998));
#1586=CARTESIAN_POINT('Ctrl Pts',(8.97032635218247,-45.2684947809774,-3.65426657403531));
#1587=CARTESIAN_POINT('Ctrl Pts',(8.96719334727455,-44.905792048154,-4.01457942866185));
#1588=CARTESIAN_POINT('Ctrl Pts',(8.96585997586554,-44.7586960656237,-4.23234327082552));
#1589=CARTESIAN_POINT('Ctrl Pts',(8.96397583638116,-44.5535416007792,-4.71831617484322));
#1590=CARTESIAN_POINT('Ctrl Pts',(8.96346839017585,-44.5,-4.9828130261473));
#1591=CARTESIAN_POINT('Ctrl Pts',(8.96346839017585,-44.5,-5.25000000000001));
#1592=CARTESIAN_POINT('',(11.9635999689664,-44.5,-5.25000000000001));
#1593=CARTESIAN_POINT('',(3.,-44.5,-5.25000000000001));
#1594=CARTESIAN_POINT('',(11.9797999576287,-46.4999999998463,-3.25000000000002));
#1595=CARTESIAN_POINT('Ctrl Pts',(11.9635999754695,-44.5000006956457,-5.25000000000007));
#1596=CARTESIAN_POINT('Ctrl Pts',(11.9636000019579,-44.5000035291978,-5.09895023718529));
#1597=CARTESIAN_POINT('Ctrl Pts',(11.9637605523775,-44.5171207551538,-4.94855517361643));
#1598=CARTESIAN_POINT('Ctrl Pts',(11.9640741483052,-44.5508996381998,-4.8016820511759));
#1599=CARTESIAN_POINT('Ctrl Pts',(11.9642330479065,-44.5680154569258,-4.7272611848611));
#1600=CARTESIAN_POINT('Ctrl Pts',(11.9644311471152,-44.5894099522479,-4.65374456513481));
#1601=CARTESIAN_POINT('Ctrl Pts',(11.9646669158845,-44.6150292558679,-4.58150520288784));
#1602=CARTESIAN_POINT('Ctrl Pts',(11.9652142872918,-44.6745081864944,-4.41379104174918));
#1603=CARTESIAN_POINT('Ctrl Pts',(11.9659583614141,-44.7560239590382,-4.25500088694208));
#1604=CARTESIAN_POINT('Ctrl Pts',(11.9668589201836,-44.8572354485603,-4.1092459325386));
#1605=CARTESIAN_POINT('Ctrl Pts',(11.9671439533032,-44.8892695895557,-4.06311347482859));
#1606=CARTESIAN_POINT('Ctrl Pts',(11.9674446162725,-44.9232771974572,-4.01828683991234));
#1607=CARTESIAN_POINT('Ctrl Pts',(11.9677595234049,-44.9591850345395,-3.97489637981345));
#1608=CARTESIAN_POINT('Ctrl Pts',(11.9689725969843,-45.0975078731393,-3.8077492582733));
#1609=CARTESIAN_POINT('Ctrl Pts',(11.9703798849695,-45.2621110714877,-3.66421893109804));
#1610=CARTESIAN_POINT('Ctrl Pts',(11.9718851384946,-45.4465315420873,-3.54993993983068));
#1611=CARTESIAN_POINT('Ctrl Pts',(11.9730076650979,-45.5840611216333,-3.4647176129987));
#1612=CARTESIAN_POINT('Ctrl Pts',(11.9741735444887,-45.7312737081303,-3.39658997902206));
#1613=CARTESIAN_POINT('Ctrl Pts',(11.9753442436715,-45.8848981382873,-3.3469364759521));
#1614=CARTESIAN_POINT('Ctrl Pts',(11.9756864691848,-45.9298065146143,-3.33242147856827));
#1615=CARTESIAN_POINT('Ctrl Pts',(11.9760291429438,-45.9752624816814,-3.31948517589341));
#1616=CARTESIAN_POINT('Ctrl Pts',(11.9763713988455,-46.0211834520781,-3.30816202698597));
#1617=CARTESIAN_POINT('Ctrl Pts',(11.9770525603242,-46.1125758749516,-3.28562657086932));
#1618=CARTESIAN_POINT('Ctrl Pts',(11.9777292882019,-46.2054453831751,-3.26957125356814));
#1619=CARTESIAN_POINT('Ctrl Pts',(11.9783954730376,-46.2990992011512,-3.26011586542783));
#1620=CARTESIAN_POINT('Ctrl Pts',(11.9788703179547,-46.3658540071059,-3.25337622988308));
#1621=CARTESIAN_POINT('Ctrl Pts',(11.9793391026733,-46.4329057384735,-3.25000000001032));
#1622=CARTESIAN_POINT('Ctrl Pts',(11.9797999576287,-46.4999999996929,-3.25000000000001));
#1623=CARTESIAN_POINT('',(3.,-46.5,-3.25000000000001));
#1624=CARTESIAN_POINT('Origin',(6.,-44.5,-9.12500000000001));
#1625=CARTESIAN_POINT('',(8.96346839017585,-44.5,-13.));
#1626=CARTESIAN_POINT('Ctrl Pts',(8.96346839017585,-44.5,-13.));
#1627=CARTESIAN_POINT('Ctrl Pts',(8.96346839017585,-44.5,-10.4166666666667));
#1628=CARTESIAN_POINT('Ctrl Pts',(8.96346839017585,-44.5,-7.83333333333344));
#1629=CARTESIAN_POINT('Ctrl Pts',(8.96346839017585,-44.5,-5.25000000000015));
#1630=CARTESIAN_POINT('',(11.9635999689664,-44.5,-13.));
#1631=CARTESIAN_POINT('',(9.,-44.5,-13.));
#1632=CARTESIAN_POINT('Ctrl Pts',(11.9635999689664,-44.5,-5.25000000000001));
#1633=CARTESIAN_POINT('Ctrl Pts',(11.9635999689664,-44.5,-7.83333333333335));
#1634=CARTESIAN_POINT('Ctrl Pts',(11.9635999689664,-44.5,-10.4166666666667));
#1635=CARTESIAN_POINT('Ctrl Pts',(11.9635999689664,-44.5,-13.));
#1636=CARTESIAN_POINT('Origin',(9.,-46.5,-13.));
#1637=CARTESIAN_POINT('',(11.9797999576287,-46.4999999998463,-15.));
#1638=CARTESIAN_POINT('Ctrl Pts',(11.9797999576287,-46.4999999996925,-15.));
#1639=CARTESIAN_POINT('Ctrl Pts',(11.9793949541778,-46.4410369636784,-14.999999999991));
#1640=CARTESIAN_POINT('Ctrl Pts',(11.9789838028596,-46.3821027973273,-14.997392520302));
#1641=CARTESIAN_POINT('Ctrl Pts',(11.9785677602644,-46.3233702296104,-14.9921852133304));
#1642=CARTESIAN_POINT('Ctrl Pts',(11.978053462289,-46.2507669889337,-14.9857481141869));
#1643=CARTESIAN_POINT('Ctrl Pts',(11.9775323756075,-46.1785699296347,-14.9753468974816));
#1644=CARTESIAN_POINT('Ctrl Pts',(11.9770072404671,-46.1071022539012,-14.961028138786));
#1645=CARTESIAN_POINT('Ctrl Pts',(11.9759083041534,-45.9575437534567,-14.9310636540485));
#1646=CARTESIAN_POINT('Ctrl Pts',(11.9747966035746,-45.8119028372221,-14.8840880864136));
#1647=CARTESIAN_POINT('Ctrl Pts',(11.9737019927534,-45.6730222124224,-14.821018324689));
#1648=CARTESIAN_POINT('Ctrl Pts',(11.9723284629537,-45.4987532639918,-14.7418776881217));
#1649=CARTESIAN_POINT('Ctrl Pts',(11.9709968142739,-45.3370167858024,-14.6382546757123));
#1650=CARTESIAN_POINT('Ctrl Pts',(11.9697726824211,-45.1926271018227,-14.5135316647417));
#1651=CARTESIAN_POINT('Ctrl Pts',(11.9693975771348,-45.1483824123038,-14.4753133464786));
#1652=CARTESIAN_POINT('Ctrl Pts',(11.9690326120529,-45.1057661208364,-14.4351138096105));
#1653=CARTESIAN_POINT('Ctrl Pts',(11.968679768621,-45.0649158979673,-14.3930303729961));
#1654=CARTESIAN_POINT('Ctrl Pts',(11.9675029545594,-44.9286710019491,-14.2526724252807));
#1655=CARTESIAN_POINT('Ctrl Pts',(11.9664769951405,-44.8138741520566,-14.0932071060532));
#1656=CARTESIAN_POINT('Ctrl Pts',(11.9656628780908,-44.7240681696052,-13.9198176995094));
#1657=CARTESIAN_POINT('Ctrl Pts',(11.9655286705585,-44.7092636162587,-13.8912343841352));
#1658=CARTESIAN_POINT('Ctrl Pts',(11.965400207196,-44.6951383205635,-13.8622726725142));
#1659=CARTESIAN_POINT('Ctrl Pts',(11.9652777434761,-44.6817083131787,-13.8329557853379));
#1660=CARTESIAN_POINT('Ctrl Pts',(11.9646942995037,-44.6177248177924,-13.6932837165408));
#1661=CARTESIAN_POINT('Ctrl Pts',(11.9642537659708,-44.5702096964247,-13.5470395032118));
#1662=CARTESIAN_POINT('Ctrl Pts',(11.9639714157446,-44.5398421582408,-13.3971790369237));
#1663=CARTESIAN_POINT('Ctrl Pts',(11.9637674525662,-44.5179053611937,-13.288923352369));
#1664=CARTESIAN_POINT('Ctrl Pts',(11.9636459327808,-44.5049175611311,-13.1787806062711));
#1665=CARTESIAN_POINT('Ctrl Pts',(11.9636107348486,-44.5011517478204,-13.0678650402912));
#1666=CARTESIAN_POINT('Ctrl Pts',(11.9636035534667,-44.5003834145153,-13.045235101853));
#1667=CARTESIAN_POINT('Ctrl Pts',(11.9635999715045,-44.5000002714993,-13.0226102162463));
#1668=CARTESIAN_POINT('Ctrl Pts',(11.9635999754695,-44.5000006956457,-13.0000000000001));
#1669=CARTESIAN_POINT('',(8.97972892966574,-46.4999999999796,-15.));
#1670=CARTESIAN_POINT('Ctrl Pts',(8.96346839017585,-44.5,-13.));
#1671=CARTESIAN_POINT('Ctrl Pts',(8.96346839017585,-44.5,-13.1419328567372));
#1672=CARTESIAN_POINT('Ctrl Pts',(8.96361059200713,-44.5151086975959,-13.2834631826999));
#1673=CARTESIAN_POINT('Ctrl Pts',(8.96418220665887,-44.5763977680584,-13.5672542411118));
#1674=CARTESIAN_POINT('Ctrl Pts',(8.96462259915567,-44.6237728430928,-13.7083744328746));
#1675=CARTESIAN_POINT('Ctrl Pts',(8.96608064793995,-44.7831668619143,-14.0513245556934));
#1676=CARTESIAN_POINT('Ctrl Pts',(8.96727171375444,-44.9152032444284,-14.2414577933622));
#1677=CARTESIAN_POINT('Ctrl Pts',(8.96995627714307,-45.2253663527582,-14.5556806061998));
#1678=CARTESIAN_POINT('Ctrl Pts',(8.97140041679128,-45.3971019010898,-14.6817991156883));
#1679=CARTESIAN_POINT('Ctrl Pts',(8.97416697431475,-45.7420691748795,-14.8591867612769));
#1680=CARTESIAN_POINT('Ctrl Pts',(8.97545675527888,-45.908695634585,-14.9186958208091));
#1681=CARTESIAN_POINT('Ctrl Pts',(8.97735193949539,-46.1645554667742,-14.9735216056095));
#1682=CARTESIAN_POINT('Ctrl Pts',(8.97796612780683,-46.249222334842,-14.9860566818199));
#1683=CARTESIAN_POINT('Ctrl Pts',(8.97896159916594,-46.3895057278223,-14.9977099881709));
#1684=CARTESIAN_POINT('Ctrl Pts',(8.97934799311411,-46.4447428897808,-14.9999999999995));
#1685=CARTESIAN_POINT('Ctrl Pts',(8.97972892966589,-46.4999999999796,-15.));
#1686=CARTESIAN_POINT('',(9.,-46.5,-15.));
#1687=CARTESIAN_POINT('Origin',(9.,-46.5,5.24999999999999));
#1688=CARTESIAN_POINT('',(11.9797999576287,-46.4999999998463,3.24999999999998));
#1689=CARTESIAN_POINT('Ctrl Pts',(11.9797999576287,-46.4999999996923,3.24999999999998));
#1690=CARTESIAN_POINT('Ctrl Pts',(11.9793949541778,-46.441036963678,3.25000000000905));
#1691=CARTESIAN_POINT('Ctrl Pts',(11.9789838028596,-46.3821027973268,3.25260747969799));
#1692=CARTESIAN_POINT('Ctrl Pts',(11.9785677602644,-46.3233702296098,3.25781478666968));
#1693=CARTESIAN_POINT('Ctrl Pts',(11.978053462289,-46.2507669889329,3.26425188581315));
#1694=CARTESIAN_POINT('Ctrl Pts',(11.9775323756075,-46.1785699296337,3.27465310251851));
#1695=CARTESIAN_POINT('Ctrl Pts',(11.9770072404671,-46.1071022539001,3.2889718612142));
#1696=CARTESIAN_POINT('Ctrl Pts',(11.9759083041534,-45.9575437534551,3.31893634595194));
#1697=CARTESIAN_POINT('Ctrl Pts',(11.9747966035746,-45.8119028372201,3.36591191358706));
#1698=CARTESIAN_POINT('Ctrl Pts',(11.9737019927533,-45.6730222124199,3.42898167531207));
#1699=CARTESIAN_POINT('Ctrl Pts',(11.9723284629536,-45.4987532639892,3.50812231187971));
#1700=CARTESIAN_POINT('Ctrl Pts',(11.9709968142739,-45.3370167857997,3.61174532428952));
#1701=CARTESIAN_POINT('Ctrl Pts',(11.9697726824211,-45.1926271018201,3.7364683352605));
#1702=CARTESIAN_POINT('Ctrl Pts',(11.9693975771348,-45.1483824123016,3.77468665352351));
#1703=CARTESIAN_POINT('Ctrl Pts',(11.9690326120528,-45.1057661208345,3.81488619039137));
#1704=CARTESIAN_POINT('Ctrl Pts',(11.9686797686209,-45.0649158979657,3.85696962700554));
#1705=CARTESIAN_POINT('Ctrl Pts',(11.9675029545594,-44.9286710019472,3.99732757472148));
#1706=CARTESIAN_POINT('Ctrl Pts',(11.9664769951405,-44.8138741520546,4.15679289394976));
#1707=CARTESIAN_POINT('Ctrl Pts',(11.9656628780908,-44.7240681696034,4.3301823004943));
#1708=CARTESIAN_POINT('Ctrl Pts',(11.9655286705584,-44.7092636162572,4.358765615868));
#1709=CARTESIAN_POINT('Ctrl Pts',(11.965400207196,-44.6951383205622,4.38772732748836));
#1710=CARTESIAN_POINT('Ctrl Pts',(11.9652777434761,-44.6817083131778,4.41704421466411));
#1711=CARTESIAN_POINT('Ctrl Pts',(11.9646942995037,-44.6177248177917,4.55671628346115));
#1712=CARTESIAN_POINT('Ctrl Pts',(11.9642537659707,-44.5702096964242,4.7029604967901));
#1713=CARTESIAN_POINT('Ctrl Pts',(11.9639714157446,-44.5398421582404,4.85282096307809));
#1714=CARTESIAN_POINT('Ctrl Pts',(11.9637674525662,-44.5179053611934,4.96107664763293));
#1715=CARTESIAN_POINT('Ctrl Pts',(11.9636459327808,-44.5049175611309,5.07121939373093));
#1716=CARTESIAN_POINT('Ctrl Pts',(11.9636107348486,-44.5011517478203,5.18213495971103));
#1717=CARTESIAN_POINT('Ctrl Pts',(11.9636035534667,-44.5003834145153,5.20476489814849));
#1718=CARTESIAN_POINT('Ctrl Pts',(11.9635999715045,-44.5000002714993,5.22738978375439));
#1719=CARTESIAN_POINT('Ctrl Pts',(11.9635999754695,-44.5000006956457,5.24999999999994));
#1720=CARTESIAN_POINT('',(8.97972892966574,-46.4999999999796,3.24999999999999));
#1721=CARTESIAN_POINT('Ctrl Pts',(8.96346839017585,-44.5,5.25000000000006));
#1722=CARTESIAN_POINT('Ctrl Pts',(8.96346839017585,-44.5,5.10806714326292));
#1723=CARTESIAN_POINT('Ctrl Pts',(8.96361059200713,-44.5151086975959,4.96653681730021));
#1724=CARTESIAN_POINT('Ctrl Pts',(8.96418220665887,-44.5763977680584,4.68274575888836));
#1725=CARTESIAN_POINT('Ctrl Pts',(8.96462259915567,-44.6237728430928,4.54162556712552));
#1726=CARTESIAN_POINT('Ctrl Pts',(8.96608064793995,-44.7831668619143,4.19867544430657));
#1727=CARTESIAN_POINT('Ctrl Pts',(8.96727171375444,-44.9152032444286,4.00854220663768));
#1728=CARTESIAN_POINT('Ctrl Pts',(8.96995627714307,-45.2253663527581,3.69431939380038));
#1729=CARTESIAN_POINT('Ctrl Pts',(8.97140041679128,-45.3971019010896,3.56820088431178));
#1730=CARTESIAN_POINT('Ctrl Pts',(8.97416697431475,-45.7420691748794,3.39081323872314));
#1731=CARTESIAN_POINT('Ctrl Pts',(8.97545675527888,-45.908695634585,3.33130417919093));
#1732=CARTESIAN_POINT('Ctrl Pts',(8.97735193949539,-46.1645554667743,3.27647839439044));
#1733=CARTESIAN_POINT('Ctrl Pts',(8.97796612780684,-46.249222334842,3.26394331818005));
#1734=CARTESIAN_POINT('Ctrl Pts',(8.97896159916594,-46.3895057278223,3.25229001182908));
#1735=CARTESIAN_POINT('Ctrl Pts',(8.97934799311411,-46.4447428897808,3.25000000000055));
#1736=CARTESIAN_POINT('Ctrl Pts',(8.97972892966589,-46.4999999999797,3.24999999999998));
#1737=CARTESIAN_POINT('',(8.99999999999999,-46.5,3.24999999999999));
#1738=CARTESIAN_POINT('Origin',(2.00877829078991,50.5,23.));
#1739=CARTESIAN_POINT('',(2.00877829078991,52.5,23.));
#1740=CARTESIAN_POINT('',(2.00877829078991,50.5,25.));
#1741=CARTESIAN_POINT('Origin',(2.00877829078991,50.5,23.));
#1742=CARTESIAN_POINT('',(4.00869926881377,50.5177786855558,23.));
#1743=CARTESIAN_POINT('Origin',(2.00877829078991,50.5,23.));
#1744=CARTESIAN_POINT('Origin',(2.00877829078991,50.5,23.));
#1745=CARTESIAN_POINT('Origin',(0.,50.5,23.));
#1746=CARTESIAN_POINT('',(0.,50.5,25.));
#1747=CARTESIAN_POINT('',(0.,52.5,23.));
#1748=CARTESIAN_POINT('Ctrl Pts',(11.9978042662726,-50.4955897169945,23.));
#1749=CARTESIAN_POINT('Ctrl Pts',(11.9764625534812,-40.8174530186652,23.));
#1750=CARTESIAN_POINT('Ctrl Pts',(11.6482393463441,-21.4449872562011,23.));
#1751=CARTESIAN_POINT('Ctrl Pts',(9.92371735248093,0.395849048680187,23.));
#1752=CARTESIAN_POINT('Ctrl Pts',(7.7650389950817,14.8209167548914,23.));
#1753=CARTESIAN_POINT('Ctrl Pts',(6.18134361042221,24.3723878611229,23.));
#1754=CARTESIAN_POINT('Ctrl Pts',(4.95933462491247,32.6418627818869,23.));
#1755=CARTESIAN_POINT('Ctrl Pts',(4.20950871520706,42.1440432819097,23.));
#1756=CARTESIAN_POINT('Ctrl Pts',(4.04063413335745,46.925431808689,23.));
#1757=CARTESIAN_POINT('Ctrl Pts',(4.00869926881377,50.5177786855558,23.));
#1758=CARTESIAN_POINT('Ctrl Pts',(11.9978042662726,-50.4955897169945,23.5983986006838));
#1759=CARTESIAN_POINT('Ctrl Pts',(11.9764623977901,-40.8173824151596,23.5983986006838));
#1760=CARTESIAN_POINT('Ctrl Pts',(11.6482378293288,-21.4450387985421,23.5983986006838));
#1761=CARTESIAN_POINT('Ctrl Pts',(9.92372398891731,0.395833733460945,23.5983986006837));
#1762=CARTESIAN_POINT('Ctrl Pts',(7.76503566030292,14.8209414831699,23.5983986006838));
#1763=CARTESIAN_POINT('Ctrl Pts',(6.18133488691607,24.372429330944,23.5983986006837));
#1764=CARTESIAN_POINT('Ctrl Pts',(4.95933536295776,32.6419381630455,23.5983986006838));
#1765=CARTESIAN_POINT('Ctrl Pts',(4.20951461036379,42.1439739168294,23.5983986006838));
#1766=CARTESIAN_POINT('Ctrl Pts',(4.04063316636356,46.9255405856487,23.5983986006838));
#1767=CARTESIAN_POINT('Ctrl Pts',(4.00869926881377,50.5177786855558,23.5983986006838));
#1768=CARTESIAN_POINT('Ctrl Pts',(11.4958144287009,-50.4966966783107,24.6345056337783));
#1769=CARTESIAN_POINT('Ctrl Pts',(11.4744847766203,-40.8240293258142,24.6345056337783));
#1770=CARTESIAN_POINT('Ctrl Pts',(11.1462373911224,-21.4639467717521,24.6345056337783));
#1771=CARTESIAN_POINT('Ctrl Pts',(9.42421655476156,0.341729409346031,24.6345056337783));
#1772=CARTESIAN_POINT('Ctrl Pts',(7.26937127111967,14.741362437163,24.6345056337783));
#1773=CARTESIAN_POINT('Ctrl Pts',(5.68631094309299,24.2889811519786,24.6345056337783));
#1774=CARTESIAN_POINT('Ctrl Pts',(4.46039629060284,32.5831674534772,24.6345056337783));
#1775=CARTESIAN_POINT('Ctrl Pts',(3.70801905255298,42.1176655563709,24.6345056337783));
#1776=CARTESIAN_POINT('Ctrl Pts',(3.53873781824534,46.9125429611711,24.6345056337783));
#1777=CARTESIAN_POINT('Ctrl Pts',(3.5067280449001,50.5133163149691,24.6345056337783));
#1778=CARTESIAN_POINT('Ctrl Pts',(10.4466069882632,-50.4990103348079,25.));
#1779=CARTESIAN_POINT('Ctrl Pts',(10.4253024353051,-40.8377250462238,25.));
#1780=CARTESIAN_POINT('Ctrl Pts',(10.0970035622086,-21.5036100605398,25.));
#1781=CARTESIAN_POINT('Ctrl Pts',(8.38021609231275,0.228603399322274,25.));
#1782=CARTESIAN_POINT('Ctrl Pts',(6.23337532795648,14.5751035000903,25.));
#1783=CARTESIAN_POINT('Ctrl Pts',(4.65163855953728,24.1146820568459,25.));
#1784=CARTESIAN_POINT('Ctrl Pts',(3.41756730428837,32.4605412672357,25.));
#1785=CARTESIAN_POINT('Ctrl Pts',(2.65986115087035,42.0624850192728,25.));
#1786=CARTESIAN_POINT('Ctrl Pts',(2.48972517223941,46.8856801281175,25.));
#1787=CARTESIAN_POINT('Ctrl Pts',(2.45755950881276,50.5039895277095,25.));
#1788=CARTESIAN_POINT('Ctrl Pts',(9.99780912892757,-50.5,25.));
#1789=CARTESIAN_POINT('Ctrl Pts',(9.97651529272054,-40.8435745922615,25.));
#1790=CARTESIAN_POINT('Ctrl Pts',(9.6481942263476,-21.5205824258464,25.));
#1791=CARTESIAN_POINT('Ctrl Pts',(7.93364634096379,0.180211908975059,25.));
#1792=CARTESIAN_POINT('Ctrl Pts',(5.79022826354695,14.5039894172322,25.));
#1793=CARTESIAN_POINT('Ctrl Pts',(4.20905697605976,24.0401308854986,25.));
#1794=CARTESIAN_POINT('Ctrl Pts',(2.97149791680229,32.4080973739759,25.));
#1795=CARTESIAN_POINT('Ctrl Pts',(2.21151296506865,42.0388729412651,25.));
#1796=CARTESIAN_POINT('Ctrl Pts',(2.04101051571424,46.8742031101149,25.));
#1797=CARTESIAN_POINT('Ctrl Pts',(2.00877829078991,50.5,25.));
#1798=CARTESIAN_POINT('',(9.99780912892757,-50.5,25.));
#1799=CARTESIAN_POINT('Ctrl Pts',(2.00877829078991,50.5,25.));
#1800=CARTESIAN_POINT('Ctrl Pts',(2.04101051571424,46.8742031101149,25.));
#1801=CARTESIAN_POINT('Ctrl Pts',(2.21151296506865,42.0388729412651,25.));
#1802=CARTESIAN_POINT('Ctrl Pts',(2.97149791680229,32.4080973739759,25.));
#1803=CARTESIAN_POINT('Ctrl Pts',(4.20905697605976,24.0401308854986,25.));
#1804=CARTESIAN_POINT('Ctrl Pts',(5.79022826354695,14.5039894172322,25.));
#1805=CARTESIAN_POINT('Ctrl Pts',(7.93364634096379,0.180211908975059,25.));
#1806=CARTESIAN_POINT('Ctrl Pts',(9.6481942263476,-21.5205824258464,25.));
#1807=CARTESIAN_POINT('Ctrl Pts',(9.97651529272054,-40.8435745922615,25.));
#1808=CARTESIAN_POINT('Ctrl Pts',(9.99780912892757,-50.5,25.));
#1809=CARTESIAN_POINT('',(11.9978042662726,-50.4955897169945,23.));
#1810=CARTESIAN_POINT('Origin',(9.99780912892757,-50.5,23.));
#1811=CARTESIAN_POINT('Ctrl Pts',(11.9978042662726,-50.4955897169945,23.));
#1812=CARTESIAN_POINT('Ctrl Pts',(11.9764625534812,-40.8174530186652,23.));
#1813=CARTESIAN_POINT('Ctrl Pts',(11.6482393463441,-21.4449872562011,23.));
#1814=CARTESIAN_POINT('Ctrl Pts',(9.92371735248093,0.395849048680187,23.));
#1815=CARTESIAN_POINT('Ctrl Pts',(7.7650389950817,14.8209167548914,23.));
#1816=CARTESIAN_POINT('Ctrl Pts',(6.18134361042221,24.3723878611229,23.));
#1817=CARTESIAN_POINT('Ctrl Pts',(4.95933462491247,32.6418627818869,23.));
#1818=CARTESIAN_POINT('Ctrl Pts',(4.20950871520706,42.1440432819097,23.));
#1819=CARTESIAN_POINT('Ctrl Pts',(4.04063413335745,46.925431808689,23.));
#1820=CARTESIAN_POINT('Ctrl Pts',(4.00869926881377,50.5177786855558,23.));
#1821=CARTESIAN_POINT('Origin',(0.,52.5,25.));
#1822=CARTESIAN_POINT('',(0.,-50.5,25.));
#1823=CARTESIAN_POINT('Origin',(0.,-50.5,23.));
#1824=CARTESIAN_POINT('',(9.99780912892758,-52.5,23.));
#1825=CARTESIAN_POINT('',(0.,-52.5,23.));
#1826=CARTESIAN_POINT('Origin',(9.99780912892758,-50.5,23.));
#1827=CARTESIAN_POINT('Origin',(9.99780912892757,-50.5,23.));
#1828=CARTESIAN_POINT('Origin',(9.99780912892757,-50.5,23.));
#1829=CARTESIAN_POINT('Origin',(0.,-52.5,25.));
#1830=CARTESIAN_POINT('',(9.99780912892703,-52.5,15.));
#1831=CARTESIAN_POINT('',(0.,-52.5,15.));
#1832=CARTESIAN_POINT('Ctrl Pts',(9.99780912892758,-52.5,23.));
#1833=CARTESIAN_POINT('Ctrl Pts',(9.99780912892758,-52.5,20.3333333333333));
#1834=CARTESIAN_POINT('Ctrl Pts',(9.99780912892758,-52.5,17.6666666666667));
#1835=CARTESIAN_POINT('Ctrl Pts',(9.99780912892758,-52.5,15.));
#1836=CARTESIAN_POINT('Origin',(-2.22044604925031E-15,-52.5,-3.25000000000002));
#1837=CARTESIAN_POINT('',(11.9978042662726,-50.4955897169945,-3.25000000000002));
#1838=CARTESIAN_POINT('Ctrl Pts',(11.9978042662726,-50.4955897169945,-3.25000000000002));
#1839=CARTESIAN_POINT('Ctrl Pts',(11.9948681204547,-49.1640929964671,-3.25000000000002));
#1840=CARTESIAN_POINT('Ctrl Pts',(11.9889470957921,-47.8316998548531,-3.25000000000002));
#1841=CARTESIAN_POINT('Ctrl Pts',(11.9797999576298,-46.4999999998463,-3.25000000000002));
#1842=CARTESIAN_POINT('',(9.99780912892703,-52.5,-3.25000000000002));
#1843=CARTESIAN_POINT('Ctrl Pts',(9.99780912892758,-52.5,-3.25000000000002));
#1844=CARTESIAN_POINT('Ctrl Pts',(10.597047784198,-52.5,-3.25000000000002));
#1845=CARTESIAN_POINT('Ctrl Pts',(11.1899431528194,-52.2123398801271,-3.25000000000002));
#1846=CARTESIAN_POINT('Ctrl Pts',(11.5629572957824,-51.7456848330031,-3.25000000000002));
#1847=CARTESIAN_POINT('Ctrl Pts',(11.8427179030047,-51.39569354766,-3.25000000000002));
#1848=CARTESIAN_POINT('Ctrl Pts',(11.9987953207942,-50.9450176157382,-3.25000000000001));
#1849=CARTESIAN_POINT('Ctrl Pts',(11.9978042662726,-50.4955897169945,-3.25000000000001));
#1850=CARTESIAN_POINT('',(-1.11022302462516E-15,-52.5,-3.25000000000002));
#1851=CARTESIAN_POINT('',(8.99503259590804,-49.5,-3.25000000000001));
#1852=CARTESIAN_POINT('',(-1.11022302462516E-15,-49.5,-3.25000000000001));
#1853=CARTESIAN_POINT('Ctrl Pts',(8.97972892966589,-46.4999999999797,-3.25000000000002));
#1854=CARTESIAN_POINT('Ctrl Pts',(8.98662398550711,-47.5001688172522,-3.25000000000002));
#1855=CARTESIAN_POINT('Ctrl Pts',(8.99168962104459,-48.5003996749128,-3.25000000000002));
#1856=CARTESIAN_POINT('Ctrl Pts',(8.99503259590804,-49.5,-3.25000000000002));
#1857=CARTESIAN_POINT('Origin',(12.,-52.5,-15.));
#1858=CARTESIAN_POINT('',(8.99503259590804,-49.5,-15.));
#1859=CARTESIAN_POINT('Ctrl Pts',(8.99503259590804,-49.5,-15.));
#1860=CARTESIAN_POINT('Ctrl Pts',(8.99168962104459,-48.5003996749131,-15.));
#1861=CARTESIAN_POINT('Ctrl Pts',(8.98662397817065,-47.5001677530542,-15.));
#1862=CARTESIAN_POINT('Ctrl Pts',(8.97972892966589,-46.4999999999796,-15.));
#1863=CARTESIAN_POINT('',(6.,-49.5,-15.));
#1864=CARTESIAN_POINT('',(9.99780912892703,-52.5,-15.));
#1865=CARTESIAN_POINT('',(0.,-52.5,-15.));
#1866=CARTESIAN_POINT('',(11.9978042662726,-50.4955897169945,-15.));
#1867=CARTESIAN_POINT('Ctrl Pts',(11.9978042662726,-50.4955897169945,-15.));
#1868=CARTESIAN_POINT('Ctrl Pts',(11.9987953207942,-50.9450176157382,-15.));
#1869=CARTESIAN_POINT('Ctrl Pts',(11.8426925445092,-51.3956631645433,-15.));
#1870=CARTESIAN_POINT('Ctrl Pts',(11.5629283146447,-51.7456501094411,-15.));
#1871=CARTESIAN_POINT('Ctrl Pts',(11.189909341492,-52.2122993693048,-15.));
#1872=CARTESIAN_POINT('Ctrl Pts',(10.597047784198,-52.5,-15.));
#1873=CARTESIAN_POINT('Ctrl Pts',(9.99780912892758,-52.5,-15.));
#1874=CARTESIAN_POINT('Ctrl Pts',(11.9797999576298,-46.4999999998463,-15.));
#1875=CARTESIAN_POINT('Ctrl Pts',(11.9889470957916,-47.8316998547858,-15.));
#1876=CARTESIAN_POINT('Ctrl Pts',(11.9948681204545,-49.1640929963689,-15.));
#1877=CARTESIAN_POINT('Ctrl Pts',(11.9978042662726,-50.4955897169945,-15.));
#1878=CARTESIAN_POINT('Origin',(0.,-52.5,15.));
#1879=CARTESIAN_POINT('',(11.9978042662726,-50.4955897169945,15.));
#1880=CARTESIAN_POINT('Ctrl Pts',(11.9978042662726,-50.4955897169945,15.));
#1881=CARTESIAN_POINT('Ctrl Pts',(11.9948681204547,-49.1640929964671,15.));
#1882=CARTESIAN_POINT('Ctrl Pts',(11.9889470957921,-47.8316998548531,15.));
#1883=CARTESIAN_POINT('Ctrl Pts',(11.9797999576298,-46.4999999998463,15.));
#1884=CARTESIAN_POINT('Ctrl Pts',(9.99780912892758,-52.5,15.));
#1885=CARTESIAN_POINT('Ctrl Pts',(10.597047784198,-52.5,15.));
#1886=CARTESIAN_POINT('Ctrl Pts',(11.1899045089773,-52.2122935792587,15.));
#1887=CARTESIAN_POINT('Ctrl Pts',(11.5629241724892,-51.7456451465444,15.));
#1888=CARTESIAN_POINT('Ctrl Pts',(11.8426889201231,-51.3956588220087,15.));
#1889=CARTESIAN_POINT('Ctrl Pts',(11.9987953207942,-50.9450176157383,15.));
#1890=CARTESIAN_POINT('Ctrl Pts',(11.9978042662726,-50.4955897169945,15.));
#1891=CARTESIAN_POINT('',(8.99503259590804,-49.5,15.));
#1892=CARTESIAN_POINT('',(0.,-49.5,15.));
#1893=CARTESIAN_POINT('Ctrl Pts',(8.97972892966589,-46.4999999999796,15.));
#1894=CARTESIAN_POINT('Ctrl Pts',(8.98662398550711,-47.5001688172523,15.));
#1895=CARTESIAN_POINT('Ctrl Pts',(8.99168962104459,-48.5003996749131,15.));
#1896=CARTESIAN_POINT('Ctrl Pts',(8.99503259590804,-49.5,15.));
#1897=CARTESIAN_POINT('Origin',(12.,-52.5,3.24999999999998));
#1898=CARTESIAN_POINT('',(8.99503259590804,-49.5,3.24999999999998));
#1899=CARTESIAN_POINT('Ctrl Pts',(8.99503259590804,-49.5,3.24999999999999));
#1900=CARTESIAN_POINT('Ctrl Pts',(8.99168962104459,-48.5003996749128,3.24999999999999));
#1901=CARTESIAN_POINT('Ctrl Pts',(8.98662397817064,-47.500167753054,3.24999999999999));
#1902=CARTESIAN_POINT('Ctrl Pts',(8.97972892966589,-46.4999999999796,3.24999999999999));
#1903=CARTESIAN_POINT('',(5.99999999999999,-49.5,3.24999999999999));
#1904=CARTESIAN_POINT('',(9.99780912892703,-52.5,3.24999999999998));
#1905=CARTESIAN_POINT('',(0.,-52.5,3.24999999999999));
#1906=CARTESIAN_POINT('',(11.9978042662726,-50.4955897169945,3.24999999999998));
#1907=CARTESIAN_POINT('Ctrl Pts',(11.9978042662726,-50.4955897169945,3.24999999999998));
#1908=CARTESIAN_POINT('Ctrl Pts',(11.9987953207942,-50.9450176157382,3.24999999999998));
#1909=CARTESIAN_POINT('Ctrl Pts',(11.8427179030047,-51.39569354766,3.24999999999999));
#1910=CARTESIAN_POINT('Ctrl Pts',(11.5629572957824,-51.7456848330031,3.24999999999999));
#1911=CARTESIAN_POINT('Ctrl Pts',(11.1899431528194,-52.2123398801271,3.24999999999999));
#1912=CARTESIAN_POINT('Ctrl Pts',(10.597047784198,-52.5,3.24999999999998));
#1913=CARTESIAN_POINT('Ctrl Pts',(9.99780912892758,-52.5,3.24999999999998));
#1914=CARTESIAN_POINT('Ctrl Pts',(11.9797999576298,-46.4999999998463,3.24999999999998));
#1915=CARTESIAN_POINT('Ctrl Pts',(11.9889470957916,-47.8316998547858,3.24999999999998));
#1916=CARTESIAN_POINT('Ctrl Pts',(11.9948681204545,-49.1640929963689,3.24999999999998));
#1917=CARTESIAN_POINT('Ctrl Pts',(11.9978042662726,-50.4955897169945,3.24999999999998));
#1918=CARTESIAN_POINT('Ctrl Pts',(9.,-52.5000936839616,25.));
#1919=CARTESIAN_POINT('Ctrl Pts',(9.,-52.5000936839616,-25.0000000052539));
#1920=CARTESIAN_POINT('Ctrl Pts',(9.,-51.8254415136867,25.));
#1921=CARTESIAN_POINT('Ctrl Pts',(9.,-51.8254415136867,-25.0000000052539));
#1922=CARTESIAN_POINT('Ctrl Pts',(8.99926582785642,-51.1616930082722,25.));
#1923=CARTESIAN_POINT('Ctrl Pts',(8.99926582785642,-51.1616930082722,-25.0000000052539));
#1924=CARTESIAN_POINT('Ctrl Pts',(8.99781156025506,-50.5022051415027,25.));
#1925=CARTESIAN_POINT('Ctrl Pts',(8.99781156025506,-50.5022051415027,-25.0000000052539));
#1926=CARTESIAN_POINT('Ctrl Pts',(8.93377061498936,-21.4606268656783,25.));
#1927=CARTESIAN_POINT('Ctrl Pts',(8.93377061498936,-21.4606268656783,-25.0000000052539));
#1928=CARTESIAN_POINT('Ctrl Pts',(7.47816804199299,-4.94670486575916,25.));
#1929=CARTESIAN_POINT('Ctrl Pts',(7.47816804199299,-4.94670486575916,-25.0000000052539));
#1930=CARTESIAN_POINT('Ctrl Pts',(5.8359796837097,7.18619430570474,25.));
#1931=CARTESIAN_POINT('Ctrl Pts',(5.8359796837097,7.18619430570474,-25.0000000052539));
#1932=CARTESIAN_POINT('Ctrl Pts',(4.59165661999293,16.3795649642235,25.));
#1933=CARTESIAN_POINT('Ctrl Pts',(4.59165661999293,16.3795649642235,-25.0000000052539));
#1934=CARTESIAN_POINT('Ctrl Pts',(3.22269349766474,23.1201696395076,25.));
#1935=CARTESIAN_POINT('Ctrl Pts',(3.22269349766474,23.1201696395076,-25.0000000052539));
#1936=CARTESIAN_POINT('Ctrl Pts',(2.25146605587222,30.9526575044844,25.));
#1937=CARTESIAN_POINT('Ctrl Pts',(2.25146605587222,30.9526575044844,-25.0000000052539));
#1938=CARTESIAN_POINT('Ctrl Pts',(1.5585024051489,36.5410801041826,25.));
#1939=CARTESIAN_POINT('Ctrl Pts',(1.5585024051489,36.5410801041826,-25.0000000052539));
#1940=CARTESIAN_POINT('Ctrl Pts',(1.0784772379333,42.6551338496592,25.));
#1941=CARTESIAN_POINT('Ctrl Pts',(1.0784772379333,42.6551338496592,-25.0000000052539));
#1942=CARTESIAN_POINT('Ctrl Pts',(1.00881780177798,50.4911106572224,25.));
#1943=CARTESIAN_POINT('Ctrl Pts',(1.00881780177798,50.4911106572224,-25.0000000052539));
#1944=CARTESIAN_POINT('Ctrl Pts',(1.00297510619923,51.1483543786137,25.));
#1945=CARTESIAN_POINT('Ctrl Pts',(1.00297510619923,51.1483543786137,-25.0000000052539));
#1946=CARTESIAN_POINT('Ctrl Pts',(0.999999999999999,51.826487005147,25.));
#1947=CARTESIAN_POINT('Ctrl Pts',(0.999999999999999,51.826487005147,-25.0000000052539));
#1948=CARTESIAN_POINT('Ctrl Pts',(0.999999999999999,52.5000780835187,25.));
#1949=CARTESIAN_POINT('Ctrl Pts',(0.999999999999999,52.5000780835187,-25.0000000052539));
#1950=CARTESIAN_POINT('Ctrl Pts',(8.99503259590804,-49.5,-3.25000000000001));
#1951=CARTESIAN_POINT('Ctrl Pts',(8.99503259590804,-49.5,-2.16666666754232));
#1952=CARTESIAN_POINT('Ctrl Pts',(8.99503259590804,-49.5,-1.08333333508463));
#1953=CARTESIAN_POINT('Ctrl Pts',(8.99503259590804,-49.5,1.08333333158204));
#1954=CARTESIAN_POINT('Ctrl Pts',(8.99503259590804,-49.5,2.16666666579101));
#1955=CARTESIAN_POINT('Ctrl Pts',(8.99503259590804,-49.5,3.24999999999998));
#1956=CARTESIAN_POINT('',(8.99503259590807,-49.5000000000002,22.));
#1957=CARTESIAN_POINT('Ctrl Pts',(8.99503259590804,-49.5,15.));
#1958=CARTESIAN_POINT('Ctrl Pts',(8.99503259590804,-49.5,17.3333333333333));
#1959=CARTESIAN_POINT('Ctrl Pts',(8.99503259590804,-49.5,19.6666666666667));
#1960=CARTESIAN_POINT('Ctrl Pts',(8.99503259590804,-49.5,22.));
#1961=CARTESIAN_POINT('',(8.84015233580057,-36.25,22.));
#1962=CARTESIAN_POINT('Ctrl Pts',(8.99503446874599,-49.5000126149775,22.));
#1963=CARTESIAN_POINT('Ctrl Pts',(8.97919331214676,-44.7580915320291,22.));
#1964=CARTESIAN_POINT('Ctrl Pts',(8.92588291303946,-40.3543399556671,22.));
#1965=CARTESIAN_POINT('Ctrl Pts',(8.84050821410882,-36.25221600239,22.));
#1966=CARTESIAN_POINT('',(8.66277327566075,-29.4963715247879,11.5190588415041));
#1967=CARTESIAN_POINT('Ctrl Pts',(8.66277327566075,-29.4963715247879,11.5190588415041));
#1968=CARTESIAN_POINT('Ctrl Pts',(8.67834588623193,-29.9835220842658,11.252093871465));
#1969=CARTESIAN_POINT('Ctrl Pts',(8.69434171842986,-30.5040947216581,11.051265546513));
#1970=CARTESIAN_POINT('Ctrl Pts',(8.71919523617884,-31.3534443182091,10.8478498929036));
#1971=CARTESIAN_POINT('Ctrl Pts',(8.7281457299632,-31.6677735533133,10.7975049348703));
#1972=CARTESIAN_POINT('Ctrl Pts',(8.74386317473459,-32.2358725312421,10.7504941670407));
#1973=CARTESIAN_POINT('Ctrl Pts',(8.75068500486025,-32.4882094827094,10.7449259389587));
#1974=CARTESIAN_POINT('Ctrl Pts',(8.76454917709386,-33.013164759745,10.7651154992705));
#1975=CARTESIAN_POINT('Ctrl Pts',(8.77154762730256,-33.2851587365515,10.7934989797756));
#1976=CARTESIAN_POINT('Ctrl Pts',(8.78855230563741,-33.9631544950454,10.9095458415466));
#1977=CARTESIAN_POINT('Ctrl Pts',(8.798195364042,-34.3639218683553,11.0200106441583));
#1978=CARTESIAN_POINT('Ctrl Pts',(8.8251899770659,-35.5288675422067,11.4697135878401));
#1979=CARTESIAN_POINT('Ctrl Pts',(8.84019545852092,-36.2390492795227,11.9228167285376));
#1980=CARTESIAN_POINT('Ctrl Pts',(8.8624990258512,-37.3562665505618,13.0006211860437));
#1981=CARTESIAN_POINT('Ctrl Pts',(8.87043605224382,-37.7833817783874,13.584695712873));
#1982=CARTESIAN_POINT('Ctrl Pts',(8.88235536104103,-38.4420621319648,14.9160504509657));
#1983=CARTESIAN_POINT('Ctrl Pts',(8.88595130667804,-38.652761847371,15.6604086990119));
#1984=CARTESIAN_POINT('Ctrl Pts',(8.88846505328647,-38.7989492836264,17.2406504476567));
#1985=CARTESIAN_POINT('Ctrl Pts',(8.88703119930398,-38.7131021154799,18.0639647976102));
#1986=CARTESIAN_POINT('Ctrl Pts',(8.87852015204286,-38.2284141083806,19.6306516011683));
#1987=CARTESIAN_POINT('Ctrl Pts',(8.87150577793972,-37.8341919344084,20.3587754711752));
#1988=CARTESIAN_POINT('Ctrl Pts',(8.85538669158166,-36.9972748475617,21.3678397775603));
#1989=CARTESIAN_POINT('Ctrl Pts',(8.84830832996261,-36.6411058686727,21.7066705984955));
#1990=CARTESIAN_POINT('Ctrl Pts',(8.84015233580057,-36.2499999999999,22.0000000000001));
#1991=CARTESIAN_POINT('',(8.63841544480224,-28.75,22.));
#1992=CARTESIAN_POINT('Ctrl Pts',(8.63841544480225,-28.7500000000002,22.0000000000001));
#1993=CARTESIAN_POINT('Ctrl Pts',(8.63186780115707,-28.5534170470497,21.8525627852873));
#1994=CARTESIAN_POINT('Ctrl Pts',(8.62549676407742,-28.365297203343,21.6933586792882));
#1995=CARTESIAN_POINT('Ctrl Pts',(8.60147293297439,-27.6656100490138,21.0261267916976));
#1996=CARTESIAN_POINT('Ctrl Pts',(8.5859197634567,-27.2342271688174,20.4427946466205));
#1997=CARTESIAN_POINT('Ctrl Pts',(8.5614559266929,-26.5678994824944,19.1123734572656));
#1998=CARTESIAN_POINT('Ctrl Pts',(8.5532923599865,-26.3534824270531,18.368359782297));
#1999=CARTESIAN_POINT('Ctrl Pts',(8.54747686590309,-26.2001303468909,16.7892376167661));
#2000=CARTESIAN_POINT('Ctrl Pts',(8.55063113180048,-26.2818757603739,15.9667332001122));
#2001=CARTESIAN_POINT('Ctrl Pts',(8.5684822906393,-26.7584051379627,14.3980056305635));
#2002=CARTESIAN_POINT('Ctrl Pts',(8.58300420911553,-27.1493665181847,13.6673199138924));
#2003=CARTESIAN_POINT('Ctrl Pts',(8.61926064205516,-28.176752775328,12.4164595957758));
#2004=CARTESIAN_POINT('Ctrl Pts',(8.64040568295416,-28.7966567755205,11.9025118080569));
#2005=CARTESIAN_POINT('Ctrl Pts',(8.66277327566394,-29.4963715248878,11.5190588416867));
#2006=CARTESIAN_POINT('',(1.01991142237608,49.5000000000011,22.));
#2007=CARTESIAN_POINT('Ctrl Pts',(8.63918165175634,-28.754527728609,22.));
#2008=CARTESIAN_POINT('Ctrl Pts',(8.09865903292138,-12.5021241282752,22.));
#2009=CARTESIAN_POINT('Ctrl Pts',(7.01544457004064,-1.52798788292985,22.));
#2010=CARTESIAN_POINT('Ctrl Pts',(5.8359796837097,7.18619430570475,22.));
#2011=CARTESIAN_POINT('Ctrl Pts',(4.59165661999293,16.3795649642235,22.));
#2012=CARTESIAN_POINT('Ctrl Pts',(3.22269349766474,23.1201696395076,22.));
#2013=CARTESIAN_POINT('Ctrl Pts',(2.25146605587222,30.9526575044844,22.));
#2014=CARTESIAN_POINT('Ctrl Pts',(1.58799240619341,36.3032572571541,22.));
#2015=CARTESIAN_POINT('Ctrl Pts',(1.11971911302867,42.1357022139441,22.));
#2016=CARTESIAN_POINT('Ctrl Pts',(1.01992550850877,49.4999622592602,22.));
#2017=CARTESIAN_POINT('',(1.01991142237186,49.5000000000179,-20.));
#2018=CARTESIAN_POINT('Ctrl Pts',(1.01991142237663,49.5,-20.));
#2019=CARTESIAN_POINT('Ctrl Pts',(1.01991142237663,49.5,-13.333333334209));
#2020=CARTESIAN_POINT('Ctrl Pts',(1.01991142237663,49.5,-6.66666666841796));
#2021=CARTESIAN_POINT('Ctrl Pts',(1.01991142237663,49.5,7.33333333158204));
#2022=CARTESIAN_POINT('Ctrl Pts',(1.01991142237663,49.5,14.666666665791));
#2023=CARTESIAN_POINT('Ctrl Pts',(1.01991142237663,49.5,22.));
#2024=CARTESIAN_POINT('',(1.05671284322136,47.5000000000112,-22.));
#2025=CARTESIAN_POINT('Ctrl Pts',(1.05682590425938,47.4997093036179,-22.));
#2026=CARTESIAN_POINT('Ctrl Pts',(1.05563836752132,47.5503362730778,-22.000000001706));
#2027=CARTESIAN_POINT('Ctrl Pts',(1.0544702138989,47.6009773811749,-21.9980783137772));
#2028=CARTESIAN_POINT('Ctrl Pts',(1.05332379393827,47.6515223308786,-21.9942317893031));
#2029=CARTESIAN_POINT('Ctrl Pts',(1.05037291564896,47.7816247364878,-21.9843308577514));
#2030=CARTESIAN_POINT('Ctrl Pts',(1.04758259517675,47.9104016211241,-21.9617293735423));
#2031=CARTESIAN_POINT('Ctrl Pts',(1.04497792909509,48.036020171409,-21.9267749759289));
#2032=CARTESIAN_POINT('Ctrl Pts',(1.04459062712275,48.0546990771734,-21.921577416352));
#2033=CARTESIAN_POINT('Ctrl Pts',(1.044207407935,48.0733080598315,-21.9161067297307));
#2034=CARTESIAN_POINT('Ctrl Pts',(1.04382833126588,48.0918409993917,-21.9103640590008));
#2035=CARTESIAN_POINT('Ctrl Pts',(1.04096533645224,48.2318119186412,-21.8669922615367));
#2036=CARTESIAN_POINT('Ctrl Pts',(1.03836085421832,48.3664166054377,-21.8084257755565));
#2037=CARTESIAN_POINT('Ctrl Pts',(1.03601972073729,48.4932916364592,-21.7358243111374));
#2038=CARTESIAN_POINT('Ctrl Pts',(1.03505222331665,48.5457240442016,-21.7058210113984));
#2039=CARTESIAN_POINT('Ctrl Pts',(1.03412954745704,48.5968357005724,-21.673420761357));
#2040=CARTESIAN_POINT('Ctrl Pts',(1.03325146118692,48.6464573722959,-21.6387054113273));
#2041=CARTESIAN_POINT('Ctrl Pts',(1.02977498042994,48.8429173247477,-21.5012619157878));
#2042=CARTESIAN_POINT('Ctrl Pts',(1.02705192111018,49.0129000700141,-21.3297280696546));
#2043=CARTESIAN_POINT('Ctrl Pts',(1.02498595078754,49.1484326718216,-21.1324522558978));
#2044=CARTESIAN_POINT('Ctrl Pts',(1.02476109673097,49.1631836365285,-21.1109813439));
#2045=CARTESIAN_POINT('Ctrl Pts',(1.02454404247195,49.1775265809741,-21.0892055054951));
#2046=CARTESIAN_POINT('Ctrl Pts',(1.02433468230562,49.1914512970985,-21.0671355036575));
#2047=CARTESIAN_POINT('Ctrl Pts',(1.02322541402007,49.2652296392394,-20.9502003983324));
#2048=CARTESIAN_POINT('Ctrl Pts',(1.02234215793904,49.3265376284679,-20.8261735119343));
#2049=CARTESIAN_POINT('Ctrl Pts',(1.02166287432207,49.3745349806969,-20.6971134193382));
#2050=CARTESIAN_POINT('Ctrl Pts',(1.0211365131222,49.411727021369,-20.5971077317313));
#2051=CARTESIAN_POINT('Ctrl Pts',(1.02073279433176,49.4409275887257,-20.4940799347463));
#2052=CARTESIAN_POINT('Ctrl Pts',(1.02044658873551,49.4617668676637,-20.3889878063709));
#2053=CARTESIAN_POINT('Ctrl Pts',(1.0200969032322,49.4872282626869,-20.2605864253851));
#2054=CARTESIAN_POINT('Ctrl Pts',(1.01992545045643,49.4999665432274,-20.1302972671847));
#2055=CARTESIAN_POINT('Ctrl Pts',(1.01992550850876,49.4999622592605,-20.));
#2056=CARTESIAN_POINT('',(3.,25.539255204446,-22.));
#2057=CARTESIAN_POINT('Ctrl Pts',(2.99854423325558,25.5440458051347,-22.));
#2058=CARTESIAN_POINT('Ctrl Pts',(2.7319487877692,27.3171690608627,-22.));
#2059=CARTESIAN_POINT('Ctrl Pts',(2.48063519592125,29.1045172736561,-22.));
#2060=CARTESIAN_POINT('Ctrl Pts',(2.25146605587222,30.9526575044844,-22.));
#2061=CARTESIAN_POINT('Ctrl Pts',(1.64921273550819,35.8095443884538,-22.));
#2062=CARTESIAN_POINT('Ctrl Pts',(1.20779852250441,41.0634569433826,-22.));
#2063=CARTESIAN_POINT('Ctrl Pts',(1.05682590425938,47.4997093036179,-22.));
#2064=CARTESIAN_POINT('',(2.99898791948875,25.5425857335934,-21.3812646401134));
#2065=CARTESIAN_POINT('Ctrl Pts',(3.,25.539255204446,-21.3812646401134));
#2066=CARTESIAN_POINT('Ctrl Pts',(3.,25.539255204446,-21.5875097600756));
#2067=CARTESIAN_POINT('Ctrl Pts',(3.,25.539255204446,-21.7937548800378));
#2068=CARTESIAN_POINT('Ctrl Pts',(3.,25.539255204446,-22.));
#2069=CARTESIAN_POINT('',(2.71188601478231,27.5021399035938,-21.8));
#2070=CARTESIAN_POINT('Ctrl Pts',(2.71180658004264,27.5024063672366,-21.8));
#2071=CARTESIAN_POINT('Ctrl Pts',(2.75011534785049,27.2329583577388,-21.7999998201466));
#2072=CARTESIAN_POINT('Ctrl Pts',(2.78885758047253,26.9640323657049,-21.7772594004024));
#2073=CARTESIAN_POINT('Ctrl Pts',(2.82756259742137,26.698480658327,-21.7320350424759));
#2074=CARTESIAN_POINT('Ctrl Pts',(2.84104646071302,26.6059690616035,-21.7162800032638));
#2075=CARTESIAN_POINT('Ctrl Pts',(2.85452550897071,26.5138665753783,-21.6977961965132));
#2076=CARTESIAN_POINT('Ctrl Pts',(2.86797893629417,26.4222927718097,-21.6765944588166));
#2077=CARTESIAN_POINT('Ctrl Pts',(2.91233351941448,26.1203832446408,-21.606694483565));
#2078=CARTESIAN_POINT('Ctrl Pts',(2.95610829812215,25.8262867238656,-21.5077271697855));
#2079=CARTESIAN_POINT('Ctrl Pts',(2.99854423326145,25.5440458050956,-21.3812646401134));
#2080=CARTESIAN_POINT('',(2.99898791948874,25.5425857335935,-12.6187353598866));
#2081=CARTESIAN_POINT('Ctrl Pts',(2.99854423326144,25.5440458050956,-12.6187353598866));
#2082=CARTESIAN_POINT('Ctrl Pts',(2.9720620061431,25.7201787944694,-12.5398152722311));
#2083=CARTESIAN_POINT('Ctrl Pts',(2.94502775699367,25.9011282634403,-12.4715146394445));
#2084=CARTESIAN_POINT('Ctrl Pts',(2.91762445532102,26.0859402906409,-12.4142887007127));
#2085=CARTESIAN_POINT('Ctrl Pts',(2.87732315403595,26.3577383855672,-12.3301280464347));
#2086=CARTESIAN_POINT('Ctrl Pts',(2.83648879526554,26.6361185076729,-12.2704677596232));
#2087=CARTESIAN_POINT('Ctrl Pts',(2.79570304188587,26.9177757888626,-12.235821580664));
#2088=CARTESIAN_POINT('Ctrl Pts',(2.76956495628571,27.0982795558793,-12.2136181219483));
#2089=CARTESIAN_POINT('Ctrl Pts',(2.7434461948489,27.2801291962529,-12.2016880962142));
#2090=CARTESIAN_POINT('Ctrl Pts',(2.71749159111984,27.4624463214732,-12.2001667230372));
#2091=CARTESIAN_POINT('Ctrl Pts',(2.68497815183984,27.6908357371791,-12.1982608925754));
#2092=CARTESIAN_POINT('Ctrl Pts',(2.65287901481257,27.918864753114,-12.2126980531872));
#2093=CARTESIAN_POINT('Ctrl Pts',(2.6214443282324,28.14482876272,-12.2432821626062));
#2094=CARTESIAN_POINT('Ctrl Pts',(2.59000964165223,28.3707927723261,-12.2738662720252));
#2095=CARTESIAN_POINT('Ctrl Pts',(2.55923946787261,28.5946925466898,-12.3205973302515));
#2096=CARTESIAN_POINT('Ctrl Pts',(2.52936407485222,28.814775000221,-12.3832792950186));
#2097=CARTESIAN_POINT('Ctrl Pts',(2.50048789729438,29.0274965534133,-12.4438647923559));
#2098=CARTESIAN_POINT('Ctrl Pts',(2.47259604114749,29.2355561349418,-12.5190422419001));
#2099=CARTESIAN_POINT('Ctrl Pts',(2.44583993402292,29.4375341619784,-12.6081866801829));
#2100=CARTESIAN_POINT('Ctrl Pts',(2.41881332732686,29.6415541516036,-12.6982323531725));
#2101=CARTESIAN_POINT('Ctrl Pts',(2.3929454638882,29.8393690278408,-12.8025288500817));
#2102=CARTESIAN_POINT('Ctrl Pts',(2.36837774636958,30.0294640481181,-12.9204320603523));
#2103=CARTESIAN_POINT('Ctrl Pts',(2.35971671908769,30.0964795596538,-12.9619972940783));
#2104=CARTESIAN_POINT('Ctrl Pts',(2.35121715180349,30.1625351658437,-13.005253601092));
#2105=CARTESIAN_POINT('Ctrl Pts',(2.3428848521046,30.2275630217162,-13.0501727602758));
#2106=CARTESIAN_POINT('Ctrl Pts',(2.31531810858866,30.4427024536871,-13.1987841862829));
#2107=CARTESIAN_POINT('Ctrl Pts',(2.28978946876782,30.6449837200781,-13.3644780583737));
#2108=CARTESIAN_POINT('Ctrl Pts',(2.26640057105179,30.8325541529279,-13.54543798273));
#2109=CARTESIAN_POINT('Ctrl Pts',(2.26132117769628,30.8732890358572,-13.5847372540573));
#2110=CARTESIAN_POINT('Ctrl Pts',(2.2563426722451,30.9133299104326,-13.6247565227854));
#2111=CARTESIAN_POINT('Ctrl Pts',(2.25146605587222,30.9526575044844,-13.6654771844878));
#2112=CARTESIAN_POINT('Ctrl Pts',(2.22402308404147,31.1739720334958,-13.8946311483391));
#2113=CARTESIAN_POINT('Ctrl Pts',(2.19982285154619,31.3726538059835,-14.1459970529268));
#2114=CARTESIAN_POINT('Ctrl Pts',(2.17903371646491,31.545261793617,-14.4162593608374));
#2115=CARTESIAN_POINT('Ctrl Pts',(2.16200365069512,31.6866589883678,-14.6376531254561));
#2116=CARTESIAN_POINT('Ctrl Pts',(2.14739871133003,31.8094138199592,-14.8698957389862));
#2117=CARTESIAN_POINT('Ctrl Pts',(2.1352189727515,31.912458232674,-15.1105491159623));
#2118=CARTESIAN_POINT('Ctrl Pts',(2.12432051566326,32.0046626016688,-15.3258862913215));
#2119=CARTESIAN_POINT('Ctrl Pts',(2.11536386558899,32.0810849427724,-15.5479577211302));
#2120=CARTESIAN_POINT('Ctrl Pts',(2.1083664442432,32.1409993732258,-15.7750166580892));
#2121=CARTESIAN_POINT('Ctrl Pts',(2.10537225733551,32.1666366750803,-15.8721748629076));
#2122=CARTESIAN_POINT('Ctrl Pts',(2.10273702986447,32.1892519856067,-15.9702462664467));
#2123=CARTESIAN_POINT('Ctrl Pts',(2.1004632359924,32.2087912331085,-16.0690940162098));
#2124=CARTESIAN_POINT('Ctrl Pts',(2.09555481662766,32.2509704394071,-16.2824758073464));
#2125=CARTESIAN_POINT('Ctrl Pts',(2.09236143385544,32.278537078574,-16.4980300584423));
#2126=CARTESIAN_POINT('Ctrl Pts',(2.09086631346098,32.2914418574286,-16.7142546440523));
#2127=CARTESIAN_POINT('Ctrl Pts',(2.0893735278819,32.3043264838753,-16.9301415682347));
#2128=CARTESIAN_POINT('Ctrl Pts',(2.08957369671686,32.3025949452495,-17.1466967349455));
#2129=CARTESIAN_POINT('Ctrl Pts',(2.0914682435785,32.2862471628729,-17.3624250450196));
#2130=CARTESIAN_POINT('Ctrl Pts',(2.09307208295009,32.2724078551499,-17.5450510672465));
#2131=CARTESIAN_POINT('Ctrl Pts',(2.09589052298246,32.248094594789,-17.7270845173001));
#2132=CARTESIAN_POINT('Ctrl Pts',(2.09993456994241,32.2133347348856,-17.9076183340554));
#2133=CARTESIAN_POINT('Ctrl Pts',(2.10509197066354,32.1690052480356,-18.1378543441565));
#2134=CARTESIAN_POINT('Ctrl Pts',(2.11220473555809,32.1080069019515,-18.3639241851854));
#2135=CARTESIAN_POINT('Ctrl Pts',(2.12124579543679,32.0310415329237,-18.5841092645292));
#2136=CARTESIAN_POINT('Ctrl Pts',(2.13129292546891,31.9455116192889,-18.8287960770247));
#2137=CARTESIAN_POINT('Ctrl Pts',(2.14372132610672,31.8402637765824,-19.0662155703391));
#2138=CARTESIAN_POINT('Ctrl Pts',(2.15851975106006,31.7163238831757,-19.2940092168163));
#2139=CARTESIAN_POINT('Ctrl Pts',(2.16632915617663,31.6509184876171,-19.4142201766941));
#2140=CARTESIAN_POINT('Ctrl Pts',(2.17479900224983,31.5803085692659,-19.5317504634273));
#2141=CARTESIAN_POINT('Ctrl Pts',(2.18393006981632,31.5046499017165,-19.6462534612222));
#2142=CARTESIAN_POINT('Ctrl Pts',(2.20360107988409,31.3416588384875,-19.8929266575392));
#2143=CARTESIAN_POINT('Ctrl Pts',(2.22615874505133,31.1567489421542,-20.123203108631));
#2144=CARTESIAN_POINT('Ctrl Pts',(2.25146605587222,30.9526575044844,-20.3345224103898));
#2145=CARTESIAN_POINT('Ctrl Pts',(2.2737257871462,30.7731433478834,-20.5203940307863));
#2146=CARTESIAN_POINT('Ctrl Pts',(2.2981026098046,30.5788222039595,-20.6915993409499));
#2147=CARTESIAN_POINT('Ctrl Pts',(2.32449522914478,30.371535817674,-20.8463960114627));
#2148=CARTESIAN_POINT('Ctrl Pts',(2.33248978509793,30.308746952646,-20.8932852810659));
#2149=CARTESIAN_POINT('Ctrl Pts',(2.34066924755096,30.2447681365674,-20.9386689968582));
#2150=CARTESIAN_POINT('Ctrl Pts',(2.34903063920404,30.1796495627744,-20.9824987342635));
#2151=CARTESIAN_POINT('Ctrl Pts',(2.37285634258994,29.9940948263762,-21.1073911404836));
#2152=CARTESIAN_POINT('Ctrl Pts',(2.39802465123006,29.8003451806158,-21.2189579448633));
#2153=CARTESIAN_POINT('Ctrl Pts',(2.42440300039722,29.5998941190077,-21.3165141875953));
#2154=CARTESIAN_POINT('Ctrl Pts',(2.44388635810582,29.4518386166853,-21.3885703713166));
#2155=CARTESIAN_POINT('Ctrl Pts',(2.46402961646562,29.3001261961114,-21.4529831314492));
#2156=CARTESIAN_POINT('Ctrl Pts',(2.48477456235096,29.1453409331488,-21.509476465082));
#2157=CARTESIAN_POINT('Ctrl Pts',(2.51248405979973,28.9385907264779,-21.5849358995304));
#2158=CARTESIAN_POINT('Ctrl Pts',(2.54114485087087,28.7272774792903,-21.6459299687613));
#2159=CARTESIAN_POINT('Ctrl Pts',(2.570568861763,28.5129487677617,-21.6921837773073));
#2160=CARTESIAN_POINT('Ctrl Pts',(2.6010961956819,28.29058329321,-21.7401719820317));
#2161=CARTESIAN_POINT('Ctrl Pts',(2.63244516279552,28.0649717381525,-21.7722937584657));
#2162=CARTESIAN_POINT('Ctrl Pts',(2.66438651089671,27.8377899375099,-21.7882421135248));
#2163=CARTESIAN_POINT('Ctrl Pts',(2.66687732622658,27.8200740943991,-21.7894857807345));
#2164=CARTESIAN_POINT('Ctrl Pts',(2.66937173410985,27.8023486785137,-21.7906310970126));
#2165=CARTESIAN_POINT('Ctrl Pts',(2.67186962092704,27.7846144726864,-21.7916779167819));
#2166=CARTESIAN_POINT('Ctrl Pts',(2.68511680395478,27.6905636658886,-21.7972295746817));
#2167=CARTESIAN_POINT('Ctrl Pts',(2.69843542855737,27.5964535099291,-21.8000000317669));
#2168=CARTESIAN_POINT('Ctrl Pts',(2.71180658004264,27.5024063672366,-21.8));
#2169=CARTESIAN_POINT('',(3.,25.539255204446,-11.0655261524961));
#2170=CARTESIAN_POINT('Ctrl Pts',(3.,25.539255204446,-11.0655261524961));
#2171=CARTESIAN_POINT('Ctrl Pts',(3.,25.539255204446,-11.5832625549596));
#2172=CARTESIAN_POINT('Ctrl Pts',(3.,25.539255204446,-12.1009989574231));
#2173=CARTESIAN_POINT('Ctrl Pts',(3.,25.539255204446,-12.6187353598866));
#2174=CARTESIAN_POINT('',(3.27474542263191,23.75,-22.));
#2175=CARTESIAN_POINT('Ctrl Pts',(3.27474542263191,23.75,-22.));
#2176=CARTESIAN_POINT('Ctrl Pts',(3.34942664647467,23.2720584238832,-21.6415438179124));
#2177=CARTESIAN_POINT('Ctrl Pts',(3.41684617530889,22.8463100358987,-21.2151611759768));
#2178=CARTESIAN_POINT('Ctrl Pts',(3.54803510423206,22.0221474832946,-20.1083016593095));
#2179=CARTESIAN_POINT('Ctrl Pts',(3.60350328701276,21.6771726151468,-19.4015212372431));
#2180=CARTESIAN_POINT('Ctrl Pts',(3.67043252143529,21.2610703173759,-17.8793728147003));
#2181=CARTESIAN_POINT('Ctrl Pts',(3.68032937139336,21.1998052152787,-17.0772970498156));
#2182=CARTESIAN_POINT('Ctrl Pts',(3.6504110491474,21.3855401544586,-15.4642167922002));
#2183=CARTESIAN_POINT('Ctrl Pts',(3.60909506708495,21.6417283672624,-14.6714444766337));
#2184=CARTESIAN_POINT('Ctrl Pts',(3.48025989777728,22.4470381397669,-13.2297856108658));
#2185=CARTESIAN_POINT('Ctrl Pts',(3.39388179154315,22.9889131858089,-12.5964600987051));
#2186=CARTESIAN_POINT('Ctrl Pts',(3.20313166949877,24.2073208596553,-11.6382578535773));
#2187=CARTESIAN_POINT('Ctrl Pts',(3.10356380331289,24.8513623017537,-11.2928053458183));
#2188=CARTESIAN_POINT('Ctrl Pts',(3.,25.539255204446,-11.0655261524961));
#2189=CARTESIAN_POINT('',(8.63841544480224,-28.75,-22.));
#2190=CARTESIAN_POINT('Ctrl Pts',(8.63918165175634,-28.754527728609,-22.));
#2191=CARTESIAN_POINT('Ctrl Pts',(8.09865903292138,-12.5021241282752,-22.));
#2192=CARTESIAN_POINT('Ctrl Pts',(7.01544457004064,-1.52798788292985,-22.));
#2193=CARTESIAN_POINT('Ctrl Pts',(5.8359796837097,7.18619430570475,-22.));
#2194=CARTESIAN_POINT('Ctrl Pts',(4.98408450504618,13.4802093955363,-22.));
#2195=CARTESIAN_POINT('Ctrl Pts',(4.07376904244652,18.6245837778308,-22.));
#2196=CARTESIAN_POINT('Ctrl Pts',(3.27265954495508,23.7567673770549,-22.));
#2197=CARTESIAN_POINT('',(8.84015233580057,-36.25,-22.));
#2198=CARTESIAN_POINT('Ctrl Pts',(8.84015233580054,-36.2499999999987,-22.000000000001));
#2199=CARTESIAN_POINT('Ctrl Pts',(8.84445233545186,-36.4561986638904,-21.8453510020823));
#2200=CARTESIAN_POINT('Ctrl Pts',(8.84846079546662,-36.6530717114478,-21.6777665830493));
#2201=CARTESIAN_POINT('Ctrl Pts',(8.8624990258512,-37.3562665505619,-20.9993788139562));
#2202=CARTESIAN_POINT('Ctrl Pts',(8.87043605224382,-37.7833817783875,-20.4153042871269));
#2203=CARTESIAN_POINT('Ctrl Pts',(8.88235536104103,-38.4420621319648,-19.0839495490343));
#2204=CARTESIAN_POINT('Ctrl Pts',(8.88595130667804,-38.652761847371,-18.3395913009881));
#2205=CARTESIAN_POINT('Ctrl Pts',(8.88846505328647,-38.7989492836264,-16.7593495523432));
#2206=CARTESIAN_POINT('Ctrl Pts',(8.88703119930398,-38.7131021154799,-15.9360352023897));
#2207=CARTESIAN_POINT('Ctrl Pts',(8.87852015204286,-38.2284141083806,-14.3693483988316));
#2208=CARTESIAN_POINT('Ctrl Pts',(8.87150577793971,-37.8341919344084,-13.6412245288247));
#2209=CARTESIAN_POINT('Ctrl Pts',(8.85177797888581,-36.8099073225307,-12.4062526807537));
#2210=CARTESIAN_POINT('Ctrl Pts',(8.83946979369176,-36.1999459240077,-11.9021488584238));
#2211=CARTESIAN_POINT('Ctrl Pts',(8.81387320549106,-35.0356207769517,-11.2615605028529));
#2212=CARTESIAN_POINT('Ctrl Pts',(8.80213989412528,-34.5262473308081,-11.0625487435415));
#2213=CARTESIAN_POINT('Ctrl Pts',(8.78185820241456,-33.6939303473862,-10.8571298102598));
#2214=CARTESIAN_POINT('Ctrl Pts',(8.77410973827266,-33.385084175816,-10.8050875897043));
#2215=CARTESIAN_POINT('Ctrl Pts',(8.75958007224843,-32.8232844015619,-10.7533045622233));
#2216=CARTESIAN_POINT('Ctrl Pts',(8.75292054398629,-32.5717563407408,-10.7453566640812));
#2217=CARTESIAN_POINT('Ctrl Pts',(8.73862819870395,-32.0444698057254,-10.7605116768674));
#2218=CARTESIAN_POINT('Ctrl Pts',(8.73097948091577,-31.7693324640843,-10.7867204365285));
#2219=CARTESIAN_POINT('Ctrl Pts',(8.71129713476409,-31.0784747533826,-10.8990639869165));
#2220=CARTESIAN_POINT('Ctrl Pts',(8.69915622520755,-30.6681201526486,-11.0094770190912));
#2221=CARTESIAN_POINT('Ctrl Pts',(8.6633065534639,-29.4965120021695,-11.4564741584773));
#2222=CARTESIAN_POINT('Ctrl Pts',(8.63999470970342,-28.7875456896554,-11.9039789982564));
#2223=CARTESIAN_POINT('Ctrl Pts',(8.60147293297439,-27.6656100490137,-12.9738732083024));
#2224=CARTESIAN_POINT('Ctrl Pts',(8.5859197634567,-27.2342271688173,-13.5572053533796));
#2225=CARTESIAN_POINT('Ctrl Pts',(8.5614559266929,-26.5678994824943,-14.8876265427345));
#2226=CARTESIAN_POINT('Ctrl Pts',(8.5532923599865,-26.353482427053,-15.6316402177032));
#2227=CARTESIAN_POINT('Ctrl Pts',(8.54747686590309,-26.2001303468909,-17.2107623832342));
#2228=CARTESIAN_POINT('Ctrl Pts',(8.55063113180048,-26.281875760374,-18.0332667998881));
#2229=CARTESIAN_POINT('Ctrl Pts',(8.5684822906393,-26.7584051379628,-19.6019943694367));
#2230=CARTESIAN_POINT('Ctrl Pts',(8.58300420911553,-27.1493665181847,-20.3326800861077));
#2231=CARTESIAN_POINT('Ctrl Pts',(8.61260817054519,-27.9882439438948,-21.3540276818038));
#2232=CARTESIAN_POINT('Ctrl Pts',(8.62512341654531,-28.3509272484811,-21.7006954363609));
#2233=CARTESIAN_POINT('Ctrl Pts',(8.63841544480227,-28.7500000000007,-22.0000000000005));
#2234=CARTESIAN_POINT('',(8.98601719870941,-47.5,-22.));
#2235=CARTESIAN_POINT('Ctrl Pts',(8.98603391706595,-47.5001113916897,-22.));
#2236=CARTESIAN_POINT('Ctrl Pts',(8.96340499736064,-43.5133862457539,-22.));
#2237=CARTESIAN_POINT('Ctrl Pts',(8.9137585129705,-39.7717810410834,-22.));
#2238=CARTESIAN_POINT('Ctrl Pts',(8.84050821410886,-36.252216002392,-22.));
#2239=CARTESIAN_POINT('',(8.99503259590806,-49.5000000000002,-20.));
#2240=CARTESIAN_POINT('Ctrl Pts',(8.99503259590804,-49.5,-20.));
#2241=CARTESIAN_POINT('Ctrl Pts',(8.99503259590804,-49.5,-20.1551117413367));
#2242=CARTESIAN_POINT('Ctrl Pts',(8.99497280287389,-49.4819546920884,-20.3100508772172));
#2243=CARTESIAN_POINT('Ctrl Pts',(8.99464338668317,-49.3852480749169,-20.7176970314091));
#2244=CARTESIAN_POINT('Ctrl Pts',(8.99426320381191,-49.274564330034,-20.9592551730503));
#2245=CARTESIAN_POINT('Ctrl Pts',(8.9931206183454,-48.9724405001278,-21.3767840238732));
#2246=CARTESIAN_POINT('Ctrl Pts',(8.99238240753858,-48.7872553766547,-21.551318253853));
#2247=CARTESIAN_POINT('Ctrl Pts',(8.99067378280198,-48.4003883542906,-21.7977573968985));
#2248=CARTESIAN_POINT('Ctrl Pts',(8.98977912806125,-48.2101147321236,-21.8810548869605));
#2249=CARTESIAN_POINT('Ctrl Pts',(8.98827831948437,-47.9146732828821,-21.9590469917674));
#2250=CARTESIAN_POINT('Ctrl Pts',(8.98776637352035,-47.8171171210687,-21.9771837877071));
#2251=CARTESIAN_POINT('Ctrl Pts',(8.98688980174952,-47.6555692588582,-21.9949490424749));
#2252=CARTESIAN_POINT('Ctrl Pts',(8.98653897706731,-47.5922243470926,-21.998879219633));
#2253=CARTESIAN_POINT('Ctrl Pts',(8.9861262186074,-47.5191999425694,-21.999930885064));
#2254=CARTESIAN_POINT('Ctrl Pts',(8.98607178941552,-47.5095996486398,-22.));
#2255=CARTESIAN_POINT('Ctrl Pts',(8.98601719870941,-47.5,-22.));
#2256=CARTESIAN_POINT('Ctrl Pts',(8.99503259590804,-49.5,-20.));
#2257=CARTESIAN_POINT('Ctrl Pts',(8.99503259590804,-49.5,-18.3333333333333));
#2258=CARTESIAN_POINT('Ctrl Pts',(8.99503259590804,-49.5,-16.6666666666667));
#2259=CARTESIAN_POINT('Ctrl Pts',(8.99503259590804,-49.5,-15.));
#2260=CARTESIAN_POINT('Origin',(0.,-49.5,25.));
#2261=CARTESIAN_POINT('Origin',(0.,-49.5,25.));
#2262=CARTESIAN_POINT('',(0.,-49.5,22.));
#2263=CARTESIAN_POINT('Origin',(0.,-52.5,25.));
#2264=CARTESIAN_POINT('Ctrl Pts',(9.99780912892758,-52.5,3.24999999999998));
#2265=CARTESIAN_POINT('Ctrl Pts',(9.99780912892758,-52.5,1.08333333333332));
#2266=CARTESIAN_POINT('Ctrl Pts',(9.99780912892758,-52.5,-1.08333333333335));
#2267=CARTESIAN_POINT('Ctrl Pts',(9.99780912892758,-52.5,-3.25000000000001));
#2268=CARTESIAN_POINT('Ctrl Pts',(9.99780912892758,-52.5,23.));
#2269=CARTESIAN_POINT('Ctrl Pts',(9.99780912892758,-52.5,20.3333333333333));
#2270=CARTESIAN_POINT('Ctrl Pts',(9.99780912892758,-52.5,17.6666666666667));
#2271=CARTESIAN_POINT('Ctrl Pts',(9.99780912892758,-52.5,15.));
#2272=CARTESIAN_POINT('Ctrl Pts',(10.597047784198,-52.5,23.));
#2273=CARTESIAN_POINT('Ctrl Pts',(10.597047784198,-52.5,20.3333333333333));
#2274=CARTESIAN_POINT('Ctrl Pts',(10.597047784198,-52.5,17.6666666666667));
#2275=CARTESIAN_POINT('Ctrl Pts',(10.597047784198,-52.5,15.));
#2276=CARTESIAN_POINT('Ctrl Pts',(11.6345470525617,-51.9965137637027,23.));
#2277=CARTESIAN_POINT('Ctrl Pts',(11.6345470525617,-51.9965137637027,20.3333333333333));
#2278=CARTESIAN_POINT('Ctrl Pts',(11.6345470525617,-51.9965137637027,17.6666666666667));
#2279=CARTESIAN_POINT('Ctrl Pts',(11.6345470525617,-51.9965137637027,15.));
#2280=CARTESIAN_POINT('Ctrl Pts',(11.9987953207942,-50.9450176157383,23.));
#2281=CARTESIAN_POINT('Ctrl Pts',(11.9987953207942,-50.9450176157383,20.3333333333333));
#2282=CARTESIAN_POINT('Ctrl Pts',(11.9987953207942,-50.9450176157383,17.6666666666667));
#2283=CARTESIAN_POINT('Ctrl Pts',(11.9987953207942,-50.9450176157383,15.));
#2284=CARTESIAN_POINT('Ctrl Pts',(11.9978042662726,-50.4955897169945,23.));
#2285=CARTESIAN_POINT('Ctrl Pts',(11.9978042662726,-50.4955897169945,20.3333333333333));
#2286=CARTESIAN_POINT('Ctrl Pts',(11.9978042662726,-50.4955897169945,17.6666666666667));
#2287=CARTESIAN_POINT('Ctrl Pts',(11.9978042662726,-50.4955897169945,15.));
#2288=CARTESIAN_POINT('Ctrl Pts',(11.9978042662726,-50.4955897169945,15.));
#2289=CARTESIAN_POINT('Ctrl Pts',(11.9978042662726,-50.4955897169945,17.6666666666667));
#2290=CARTESIAN_POINT('Ctrl Pts',(11.9978042662726,-50.4955897169945,20.3333333333333));
#2291=CARTESIAN_POINT('Ctrl Pts',(11.9978042662726,-50.4955897169945,23.));
#2292=CARTESIAN_POINT('Ctrl Pts',(9.99780912892758,-52.5,3.24999999999998));
#2293=CARTESIAN_POINT('Ctrl Pts',(9.99780912892758,-52.5,1.08333333333332));
#2294=CARTESIAN_POINT('Ctrl Pts',(9.99780912892758,-52.5,-1.08333333333335));
#2295=CARTESIAN_POINT('Ctrl Pts',(9.99780912892758,-52.5,-3.25000000000001));
#2296=CARTESIAN_POINT('Ctrl Pts',(10.597047784198,-52.5,3.24999999999998));
#2297=CARTESIAN_POINT('Ctrl Pts',(10.597047784198,-52.5,1.08333333333332));
#2298=CARTESIAN_POINT('Ctrl Pts',(10.597047784198,-52.5,-1.08333333333335));
#2299=CARTESIAN_POINT('Ctrl Pts',(10.597047784198,-52.5,-3.25000000000001));
#2300=CARTESIAN_POINT('Ctrl Pts',(11.6346146792854,-51.9965947902225,3.24999999999999));
#2301=CARTESIAN_POINT('Ctrl Pts',(11.6346146792854,-51.9965947902225,1.08333333333332));
#2302=CARTESIAN_POINT('Ctrl Pts',(11.6346146792854,-51.9965947902225,-1.08333333333335));
#2303=CARTESIAN_POINT('Ctrl Pts',(11.6346146792854,-51.9965947902225,-3.25000000000002));
#2304=CARTESIAN_POINT('Ctrl Pts',(11.9987953207942,-50.9450176157382,3.24999999999998));
#2305=CARTESIAN_POINT('Ctrl Pts',(11.9987953207942,-50.9450176157382,1.08333333333332));
#2306=CARTESIAN_POINT('Ctrl Pts',(11.9987953207942,-50.9450176157382,-1.08333333333335));
#2307=CARTESIAN_POINT('Ctrl Pts',(11.9987953207942,-50.9450176157382,-3.25000000000001));
#2308=CARTESIAN_POINT('Ctrl Pts',(11.9978042662726,-50.4955897169945,3.24999999999998));
#2309=CARTESIAN_POINT('Ctrl Pts',(11.9978042662726,-50.4955897169945,1.08333333333332));
#2310=CARTESIAN_POINT('Ctrl Pts',(11.9978042662726,-50.4955897169945,-1.08333333333335));
#2311=CARTESIAN_POINT('Ctrl Pts',(11.9978042662726,-50.4955897169945,-3.25000000000001));
#2312=CARTESIAN_POINT('Ctrl Pts',(11.9978042662726,-50.4955897169945,-3.25000000000001));
#2313=CARTESIAN_POINT('Ctrl Pts',(11.9978042662726,-50.4955897169945,-1.08333333333335));
#2314=CARTESIAN_POINT('Ctrl Pts',(11.9978042662726,-50.4955897169945,1.08333333333332));
#2315=CARTESIAN_POINT('Ctrl Pts',(11.9978042662726,-50.4955897169945,3.24999999999998));
#2316=CARTESIAN_POINT('Ctrl Pts',(9.99780912892758,-52.5,-15.));
#2317=CARTESIAN_POINT('Ctrl Pts',(9.99780912892758,-52.5,-16.6666666666667));
#2318=CARTESIAN_POINT('Ctrl Pts',(9.99780912892758,-52.5,-18.3333333333333));
#2319=CARTESIAN_POINT('Ctrl Pts',(9.99780912892758,-52.5,-20.));
#2320=CARTESIAN_POINT('Ctrl Pts',(10.597047784198,-52.5,-15.));
#2321=CARTESIAN_POINT('Ctrl Pts',(10.597047784198,-52.5,-16.6666666666667));
#2322=CARTESIAN_POINT('Ctrl Pts',(10.597047784198,-52.5,-18.3333333333333));
#2323=CARTESIAN_POINT('Ctrl Pts',(10.597047784198,-52.5,-20.));
#2324=CARTESIAN_POINT('Ctrl Pts',(11.6345555094625,-51.9965238962834,-15.));
#2325=CARTESIAN_POINT('Ctrl Pts',(11.6345555094625,-51.9965238962834,-16.6666666666667));
#2326=CARTESIAN_POINT('Ctrl Pts',(11.6345555094625,-51.9965238962834,-18.3333333333333));
#2327=CARTESIAN_POINT('Ctrl Pts',(11.6345555094625,-51.9965238962834,-20.));
#2328=CARTESIAN_POINT('Ctrl Pts',(11.9987953207942,-50.9450176157382,-15.));
#2329=CARTESIAN_POINT('Ctrl Pts',(11.9987953207942,-50.9450176157382,-16.6666666666667));
#2330=CARTESIAN_POINT('Ctrl Pts',(11.9987953207942,-50.9450176157382,-18.3333333333333));
#2331=CARTESIAN_POINT('Ctrl Pts',(11.9987953207942,-50.9450176157382,-20.));
#2332=CARTESIAN_POINT('Ctrl Pts',(11.9978042662726,-50.4955897169945,-15.));
#2333=CARTESIAN_POINT('Ctrl Pts',(11.9978042662726,-50.4955897169945,-16.6666666666667));
#2334=CARTESIAN_POINT('Ctrl Pts',(11.9978042662726,-50.4955897169945,-18.3333333333333));
#2335=CARTESIAN_POINT('Ctrl Pts',(11.9978042662726,-50.4955897169945,-20.));
#2336=CARTESIAN_POINT('',(9.99780912892757,-52.5,-20.));
#2337=CARTESIAN_POINT('Ctrl Pts',(9.99780912892758,-52.5,-15.));
#2338=CARTESIAN_POINT('Ctrl Pts',(9.99780912892758,-52.5,-16.6666666666667));
#2339=CARTESIAN_POINT('Ctrl Pts',(9.99780912892758,-52.5,-18.3333333333333));
#2340=CARTESIAN_POINT('Ctrl Pts',(9.99780912892758,-52.5,-20.));
#2341=CARTESIAN_POINT('',(11.9978042662726,-50.4955897169945,-20.));
#2342=CARTESIAN_POINT('Origin',(9.99780912892757,-50.5,-20.));
#2343=CARTESIAN_POINT('Ctrl Pts',(11.9978042662726,-50.4955897169945,-20.));
#2344=CARTESIAN_POINT('Ctrl Pts',(11.9978042662726,-50.4955897169945,-18.3333333333333));
#2345=CARTESIAN_POINT('Ctrl Pts',(11.9978042662726,-50.4955897169945,-16.6666666666667));
#2346=CARTESIAN_POINT('Ctrl Pts',(11.9978042662726,-50.4955897169945,-15.));
#2347=CARTESIAN_POINT('Origin',(3.,-32.5,17.));
#2348=CARTESIAN_POINT('',(3.,-36.25,22.));
#2349=CARTESIAN_POINT('',(3.,-28.75,22.));
#2350=CARTESIAN_POINT('',(3.,10.,22.));
#2351=CARTESIAN_POINT('Origin',(3.,-32.5,17.));
#2352=CARTESIAN_POINT('',(3.00000000000001,-32.5,12.2));
#2353=CARTESIAN_POINT('Origin',(3.00000000000001,-32.5,17.));
#2354=CARTESIAN_POINT('Origin',(3.,-32.5,-17.));
#2355=CARTESIAN_POINT('',(3.,-28.75,-22.));
#2356=CARTESIAN_POINT('',(3.,-36.25,-22.));
#2357=CARTESIAN_POINT('',(3.,-42.5,-22.));
#2358=CARTESIAN_POINT('Origin',(3.,-32.5,-17.));
#2359=CARTESIAN_POINT('',(3.00000000000001,-32.5,-21.8));
#2360=CARTESIAN_POINT('Origin',(3.00000000000001,-32.5,-17.));
#2361=CARTESIAN_POINT('Origin',(9.,-32.5,17.));
#2362=CARTESIAN_POINT('',(9.,-28.75,22.));
#2363=CARTESIAN_POINT('',(9.,-36.25,22.));
#2364=CARTESIAN_POINT('Origin',(9.,-32.5,-17.));
#2365=CARTESIAN_POINT('',(9.,-28.75,-22.));
#2366=CARTESIAN_POINT('',(9.,-36.25,-22.));
#2367=CARTESIAN_POINT('Origin',(9.,27.5,-17.));
#2368=CARTESIAN_POINT('',(3.,23.75,-22.));
#2369=CARTESIAN_POINT('',(9.,23.75,-22.));
#2370=CARTESIAN_POINT('Origin',(3.,27.5,-17.));
#2371=CARTESIAN_POINT('Origin',(3.,27.5,-17.));
#2372=CARTESIAN_POINT('',(3.,-12.5,-22.));
#2373=CARTESIAN_POINT('Origin',(3.00000000000001,27.5,-17.));
#2374=CARTESIAN_POINT('Origin',(0.,-49.5,25.));
#2375=CARTESIAN_POINT('',(0.,-49.5,-20.));
#2376=CARTESIAN_POINT('Origin',(0.,49.5,-25.));
#2377=CARTESIAN_POINT('',(0.,49.5,22.));
#2378=CARTESIAN_POINT('',(0.,49.5,-20.));
#2379=CARTESIAN_POINT('Origin',(0.,-52.5,-22.));
#2380=CARTESIAN_POINT('',(0.,47.5,-22.));
#2381=CARTESIAN_POINT('',(0.,-47.5,-22.));
#2382=CARTESIAN_POINT('Origin',(0.,-47.5,-20.));
#2383=CARTESIAN_POINT('Origin',(0.,47.5,-20.));
#2384=CARTESIAN_POINT('Origin',(0.,52.5,22.));
#2385=CARTESIAN_POINT('Origin',(-104.930370673014,-32.5,17.));
#2386=CARTESIAN_POINT('',(0.,-32.5,12.2));
#2387=CARTESIAN_POINT('Origin',(0.,-32.5,17.));
#2388=CARTESIAN_POINT('',(-104.930370673014,-32.5,12.2));
#2389=CARTESIAN_POINT('Origin',(-104.930370673014,-32.5,-17.));
#2390=CARTESIAN_POINT('',(0.,-32.5,-21.8));
#2391=CARTESIAN_POINT('Origin',(0.,-32.5,-17.));
#2392=CARTESIAN_POINT('',(-104.930370673014,-32.5,-21.8));
#2393=CARTESIAN_POINT('Origin',(-104.930370673014,27.5,-17.));
#2394=CARTESIAN_POINT('',(0.,27.5,-21.8));
#2395=CARTESIAN_POINT('Origin',(0.,27.5,-17.));
#2396=CARTESIAN_POINT('',(-104.930370673014,27.5,-21.8));
#2397=CARTESIAN_POINT('',(3.00000000000001,27.5,-21.8));
#2398=CARTESIAN_POINT('',(-104.930370673014,27.5,-21.8));
#2399=CARTESIAN_POINT('Origin',(0.,-4.44089209850063E-15,-1.11022302462516E-14));
#2400=CARTESIAN_POINT('',(0.,27.5,-18.8));
#2401=CARTESIAN_POINT('Origin',(0.,27.5,-17.));
#2402=CARTESIAN_POINT('Origin',(0.,-4.44089209850063E-15,-1.11022302462516E-14));
#2403=CARTESIAN_POINT('',(0.,-32.5,-18.8));
#2404=CARTESIAN_POINT('Origin',(0.,-32.5,-17.));
#2405=CARTESIAN_POINT('Origin',(0.,-4.44089209850063E-15,-1.11022302462516E-14));
#2406=CARTESIAN_POINT('',(0.,-32.5,15.2));
#2407=CARTESIAN_POINT('Origin',(0.,-32.5,17.));
#2408=CARTESIAN_POINT('Ctrl Pts',(4.00869926881377,50.5177786855558,23.));
#2409=CARTESIAN_POINT('Ctrl Pts',(4.00869926881377,50.5177786855558,8.66666666666668));
#2410=CARTESIAN_POINT('Ctrl Pts',(4.00869926881377,50.5177786855558,-5.66666666666667));
#2411=CARTESIAN_POINT('Ctrl Pts',(4.00869926881377,50.5177786855558,-20.));
#2412=CARTESIAN_POINT('Ctrl Pts',(4.00341000194619,51.1127673158248,23.));
#2413=CARTESIAN_POINT('Ctrl Pts',(4.00341000194619,51.1127673158248,8.66666666666669));
#2414=CARTESIAN_POINT('Ctrl Pts',(4.00341000194619,51.1127673158248,-5.66666666666669));
#2415=CARTESIAN_POINT('Ctrl Pts',(4.00341000194619,51.1127673158248,-20.));
#2416=CARTESIAN_POINT('Ctrl Pts',(3.49830741913559,52.138831014359,23.));
#2417=CARTESIAN_POINT('Ctrl Pts',(3.49830741913559,52.138831014359,8.66666666666668));
#2418=CARTESIAN_POINT('Ctrl Pts',(3.49830741913559,52.138831014359,-5.66666666666665));
#2419=CARTESIAN_POINT('Ctrl Pts',(3.49830741913559,52.138831014359,-20.));
#2420=CARTESIAN_POINT('Ctrl Pts',(2.45503739562979,52.5,23.));
#2421=CARTESIAN_POINT('Ctrl Pts',(2.45503739562979,52.5,8.66666666666669));
#2422=CARTESIAN_POINT('Ctrl Pts',(2.45503739562979,52.5,-5.6666666666667));
#2423=CARTESIAN_POINT('Ctrl Pts',(2.45503739562979,52.5,-20.));
#2424=CARTESIAN_POINT('Ctrl Pts',(2.00877829078991,52.5,23.));
#2425=CARTESIAN_POINT('Ctrl Pts',(2.00877829078991,52.5,8.66666666666668));
#2426=CARTESIAN_POINT('Ctrl Pts',(2.00877829078991,52.5,-5.66666666666667));
#2427=CARTESIAN_POINT('Ctrl Pts',(2.00877829078991,52.5,-20.));
#2428=CARTESIAN_POINT('',(4.00869926881377,50.5177786855558,-20.));
#2429=CARTESIAN_POINT('Ctrl Pts',(4.00869926881377,50.5177786855558,23.));
#2430=CARTESIAN_POINT('Ctrl Pts',(4.00869926881377,50.5177786855558,8.66666666666668));
#2431=CARTESIAN_POINT('Ctrl Pts',(4.00869926881377,50.5177786855558,-5.66666666666667));
#2432=CARTESIAN_POINT('Ctrl Pts',(4.00869926881377,50.5177786855558,-20.));
#2433=CARTESIAN_POINT('',(2.00877829078991,52.5,-20.));
#2434=CARTESIAN_POINT('Origin',(2.00877829078991,50.5,-20.));
#2435=CARTESIAN_POINT('Ctrl Pts',(2.00877829078991,52.5,-20.));
#2436=CARTESIAN_POINT('Ctrl Pts',(2.00877829078991,52.5,-5.66666666666667));
#2437=CARTESIAN_POINT('Ctrl Pts',(2.00877829078991,52.5,8.66666666666668));
#2438=CARTESIAN_POINT('Ctrl Pts',(2.00877829078991,52.5,23.));
#2439=CARTESIAN_POINT('Ctrl Pts',(4.00869926881377,50.5177786855558,-20.));
#2440=CARTESIAN_POINT('Ctrl Pts',(4.00869926881377,50.5177786855558,-20.6732269075249));
#2441=CARTESIAN_POINT('Ctrl Pts',(4.01159127110876,50.1276241820938,-21.7911721995663));
#2442=CARTESIAN_POINT('Ctrl Pts',(4.0283594164688,48.8778729821794,-22.7947252775398));
#2443=CARTESIAN_POINT('Ctrl Pts',(4.04599339056701,47.9910992042908,-23.));
#2444=CARTESIAN_POINT('Ctrl Pts',(4.05643519133801,47.547013015976,-23.));
#2445=CARTESIAN_POINT('Ctrl Pts',(4.00341000194619,51.1127673158248,-20.));
#2446=CARTESIAN_POINT('Ctrl Pts',(4.00341000194619,51.1127673158248,-20.8073409368014));
#2447=CARTESIAN_POINT('Ctrl Pts',(4.00559471610742,50.6452015392972,-22.1461676487474));
#2448=CARTESIAN_POINT('Ctrl Pts',(4.0232907601258,49.1448790106168,-23.3498081406664));
#2449=CARTESIAN_POINT('Ctrl Pts',(4.04382509592834,48.0809319984347,-23.5970294283113));
#2450=CARTESIAN_POINT('Ctrl Pts',(4.05643519133801,47.547013015976,-23.5983986006838));
#2451=CARTESIAN_POINT('Ctrl Pts',(3.49831167987854,52.1388345999664,-20.));
#2452=CARTESIAN_POINT('Ctrl Pts',(3.49831167987854,52.1388345999664,-21.0377860057964));
#2453=CARTESIAN_POINT('Ctrl Pts',(3.50027944338409,51.5329867303177,-22.7612041731716));
#2454=CARTESIAN_POINT('Ctrl Pts',(3.51853302523776,49.5984877051128,-24.3089668910958));
#2455=CARTESIAN_POINT('Ctrl Pts',(3.54080121727268,48.2246869565025,-24.630984909649));
#2456=CARTESIAN_POINT('Ctrl Pts',(3.55461554822568,47.535213728193,-24.6345328859969));
#2457=CARTESIAN_POINT('Ctrl Pts',(2.45503739562979,52.5,-20.));
#2458=CARTESIAN_POINT('Ctrl Pts',(2.45503739562979,52.5,-21.1214915070984));
#2459=CARTESIAN_POINT('Ctrl Pts',(2.45768014354072,51.845296519551,-22.9826360077892));
#2460=CARTESIAN_POINT('Ctrl Pts',(2.47500322685672,49.7468367640189,-24.6546633986871));
#2461=CARTESIAN_POINT('Ctrl Pts',(2.49414339005426,48.2575478951474,-24.9984082518577));
#2462=CARTESIAN_POINT('Ctrl Pts',(2.50566276372819,47.5105496961152,-25.));
#2463=CARTESIAN_POINT('Ctrl Pts',(2.00877829078991,52.5,-20.));
#2464=CARTESIAN_POINT('Ctrl Pts',(2.00877829078991,52.5,-21.1220448458744));
#2465=CARTESIAN_POINT('Ctrl Pts',(2.01169664074159,51.8437593923009,-22.9852869992771));
#2466=CARTESIAN_POINT('Ctrl Pts',(2.0286260043867,49.7407396263167,-24.6578754625662));
#2467=CARTESIAN_POINT('Ctrl Pts',(2.04643768115344,48.24782320452,-25.));
#2468=CARTESIAN_POINT('Ctrl Pts',(2.0569878236064,47.5,-25.));
#2469=CARTESIAN_POINT('',(4.05643519133801,47.547013015976,-23.));
#2470=CARTESIAN_POINT('',(2.0569878236064,47.5,-25.));
#2471=CARTESIAN_POINT('Origin',(2.0569878236064,47.5,-23.));
#2472=CARTESIAN_POINT('Ctrl Pts',(2.0569878236064,47.5,-25.));
#2473=CARTESIAN_POINT('Ctrl Pts',(2.04643768115344,48.24782320452,-25.));
#2474=CARTESIAN_POINT('Ctrl Pts',(2.0286260043867,49.7407396263167,-24.6578754625662));
#2475=CARTESIAN_POINT('Ctrl Pts',(2.01169664074159,51.8437593923009,-22.9852869992771));
#2476=CARTESIAN_POINT('Ctrl Pts',(2.00877829078991,52.5,-21.1220448458744));
#2477=CARTESIAN_POINT('Ctrl Pts',(2.00877829078991,52.5,-20.));
#2478=CARTESIAN_POINT('Ctrl Pts',(4.00869926881377,50.5177786855558,-20.));
#2479=CARTESIAN_POINT('Ctrl Pts',(4.00869926881377,50.5177786855558,-20.6732269075249));
#2480=CARTESIAN_POINT('Ctrl Pts',(4.01159127110876,50.1276241820938,-21.7911721995663));
#2481=CARTESIAN_POINT('Ctrl Pts',(4.0283594164688,48.8778729821794,-22.7947252775398));
#2482=CARTESIAN_POINT('Ctrl Pts',(4.04599339056701,47.9910992042908,-23.));
#2483=CARTESIAN_POINT('Ctrl Pts',(4.05643519133801,47.547013015976,-23.));
#2484=CARTESIAN_POINT('Ctrl Pts',(4.05643519133801,47.5470130159759,-23.));
#2485=CARTESIAN_POINT('Ctrl Pts',(4.16217384850088,43.0499843667218,-23.));
#2486=CARTESIAN_POINT('Ctrl Pts',(4.69331609287627,34.0992453853033,-23.));
#2487=CARTESIAN_POINT('Ctrl Pts',(6.41668148206604,22.9651868971797,-23.));
#2488=CARTESIAN_POINT('Ctrl Pts',(7.90146885981554,13.9602717597438,-23.));
#2489=CARTESIAN_POINT('Ctrl Pts',(9.22519014565562,4.90174106579695,-23.));
#2490=CARTESIAN_POINT('Ctrl Pts',(10.4617852167075,-6.47691111954104,-23.));
#2491=CARTESIAN_POINT('Ctrl Pts',(11.644292011277,-24.6770793458986,-23.));
#2492=CARTESIAN_POINT('Ctrl Pts',(11.9342485540441,-38.3772039078014,-23.));
#2493=CARTESIAN_POINT('Ctrl Pts',(11.9860010876981,-47.488640276525,-23.));
#2494=CARTESIAN_POINT('Ctrl Pts',(4.05643519133801,47.5470130159759,-23.5983986006838));
#2495=CARTESIAN_POINT('Ctrl Pts',(4.16217028074947,43.0501361019598,-23.5983986006838));
#2496=CARTESIAN_POINT('Ctrl Pts',(4.69333372794862,34.0991123204548,-23.5983986006838));
#2497=CARTESIAN_POINT('Ctrl Pts',(6.41665778498452,22.9653769614439,-23.5983986006838));
#2498=CARTESIAN_POINT('Ctrl Pts',(7.90146225175704,13.9603191518338,-23.5983986006838));
#2499=CARTESIAN_POINT('Ctrl Pts',(9.22519646200035,4.90170525215561,-23.5983986006838));
#2500=CARTESIAN_POINT('Ctrl Pts',(10.4617882049883,-6.47689749517817,-23.5983986006838));
#2501=CARTESIAN_POINT('Ctrl Pts',(11.6442942355126,-24.6771536913928,-23.5983986006838));
#2502=CARTESIAN_POINT('Ctrl Pts',(11.934248153343,-38.3771333612467,-23.5983986006838));
#2503=CARTESIAN_POINT('Ctrl Pts',(11.9860010876981,-47.488640276525,-23.5983986006838));
#2504=CARTESIAN_POINT('Ctrl Pts',(3.55459298415136,47.5352131976438,-24.6345140849434));
#2505=CARTESIAN_POINT('Ctrl Pts',(3.66060801946506,43.0264302808808,-24.6345140849434));
#2506=CARTESIAN_POINT('Ctrl Pts',(4.19365809601169,34.044054097408,-24.6345140849433));
#2507=CARTESIAN_POINT('Ctrl Pts',(5.92194573854619,22.8801325484686,-24.6345140849434));
#2508=CARTESIAN_POINT('Ctrl Pts',(7.4055357828566,13.8824409623764,-24.6345140849433));
#2509=CARTESIAN_POINT('Ctrl Pts',(8.72706135133301,4.83866905983893,-24.6345140849434));
#2510=CARTESIAN_POINT('Ctrl Pts',(9.96138601868411,-6.51884118856462,-24.6345140849433));
#2511=CARTESIAN_POINT('Ctrl Pts',(11.1425047088784,-24.6957272747499,-24.6345140849433));
#2512=CARTESIAN_POINT('Ctrl Pts',(11.4323067792287,-38.3855200240824,-24.6345140849433));
#2513=CARTESIAN_POINT('Ctrl Pts',(11.4840282723119,-47.4914914587064,-24.6345140849433));
#2514=CARTESIAN_POINT('Ctrl Pts',(2.50566276372819,47.5105496961152,-25.));
#2515=CARTESIAN_POINT('Ctrl Pts',(2.61225295992455,42.9773053852261,-25.));
#2516=CARTESIAN_POINT('Ctrl Pts',(3.14930564746099,33.92860176125,-25.));
#2517=CARTESIAN_POINT('Ctrl Pts',(4.88785246533216,22.7024893017516,-25.));
#2518=CARTESIAN_POINT('Ctrl Pts',(6.36895193124654,13.7197955756948,-25.));
#2519=CARTESIAN_POINT('Ctrl Pts',(7.68589720574047,4.70681328092881,-25.));
#2520=CARTESIAN_POINT('Ctrl Pts',(8.91547402273961,-6.60647211913284,-25.));
#2521=CARTESIAN_POINT('Ctrl Pts',(10.0936908152109,-24.7347567961488,-25.));
#2522=CARTESIAN_POINT('Ctrl Pts',(10.3831681642898,-38.402852332207,-25.));
#2523=CARTESIAN_POINT('Ctrl Pts',(10.434825059929,-47.4974508840222,-25.));
#2524=CARTESIAN_POINT('Ctrl Pts',(2.0569878236064,47.5,-25.));
#2525=CARTESIAN_POINT('Ctrl Pts',(2.16382360033879,42.9563112335461,-25.));
#2526=CARTESIAN_POINT('Ctrl Pts',(2.70259101143509,33.8792010925469,-25.));
#2527=CARTESIAN_POINT('Ctrl Pts',(4.4455210246797,22.6265267797817,-25.));
#2528=CARTESIAN_POINT('Ctrl Pts',(5.92555727367763,13.6502306496674,-25.));
#2529=CARTESIAN_POINT('Ctrl Pts',(7.24054494957399,4.65040816023985,-25.));
#2530=CARTESIAN_POINT('Ctrl Pts',(8.46809048391413,-6.64395414800349,-25.));
#2531=CARTESIAN_POINT('Ctrl Pts',(9.64506590874577,-24.7514606958501,-25.));
#2532=CARTESIAN_POINT('Ctrl Pts',(9.934404034779,-38.4102574089208,-25.));
#2533=CARTESIAN_POINT('Ctrl Pts',(9.98603334878776,-47.5000000000117,-25.));
#2534=CARTESIAN_POINT('',(11.9860010876981,-47.488640276525,-23.));
#2535=CARTESIAN_POINT('',(9.98603334878776,-47.5000000000058,-25.));
#2536=CARTESIAN_POINT('Origin',(9.98603334878776,-47.5000000000117,-23.));
#2537=CARTESIAN_POINT('Ctrl Pts',(9.98603334878776,-47.5000000000117,-25.));
#2538=CARTESIAN_POINT('Ctrl Pts',(9.934404034779,-38.4102574089208,-25.));
#2539=CARTESIAN_POINT('Ctrl Pts',(9.64506590874577,-24.7514606958501,-25.));
#2540=CARTESIAN_POINT('Ctrl Pts',(8.46809048391413,-6.64395414800349,-25.));
#2541=CARTESIAN_POINT('Ctrl Pts',(7.24054494957399,4.65040816023985,-25.));
#2542=CARTESIAN_POINT('Ctrl Pts',(5.92555727367763,13.6502306496674,-25.));
#2543=CARTESIAN_POINT('Ctrl Pts',(4.4455210246797,22.6265267797817,-25.));
#2544=CARTESIAN_POINT('Ctrl Pts',(2.70259101143509,33.8792010925469,-25.));
#2545=CARTESIAN_POINT('Ctrl Pts',(2.16382360033879,42.9563112335461,-25.));
#2546=CARTESIAN_POINT('Ctrl Pts',(2.0569878236064,47.5,-25.));
#2547=CARTESIAN_POINT('Ctrl Pts',(4.05643519133801,47.5470130159759,-23.));
#2548=CARTESIAN_POINT('Ctrl Pts',(4.16217384850088,43.0499843667218,-23.));
#2549=CARTESIAN_POINT('Ctrl Pts',(4.69331609287627,34.0992453853033,-23.));
#2550=CARTESIAN_POINT('Ctrl Pts',(6.41668148206604,22.9651868971797,-23.));
#2551=CARTESIAN_POINT('Ctrl Pts',(7.90146885981554,13.9602717597438,-23.));
#2552=CARTESIAN_POINT('Ctrl Pts',(9.22519014565562,4.90174106579695,-23.));
#2553=CARTESIAN_POINT('Ctrl Pts',(10.4617852167075,-6.47691111954104,-23.));
#2554=CARTESIAN_POINT('Ctrl Pts',(11.644292011277,-24.6770793458986,-23.));
#2555=CARTESIAN_POINT('Ctrl Pts',(11.9342485540441,-38.3772039078014,-23.));
#2556=CARTESIAN_POINT('Ctrl Pts',(11.9860010876981,-47.488640276525,-23.));
#2557=CARTESIAN_POINT('Ctrl Pts',(11.9860010876981,-47.4886402765249,-23.));
#2558=CARTESIAN_POINT('Ctrl Pts',(11.989833823574,-48.1634232597941,-22.9999999999974));
#2559=CARTESIAN_POINT('Ctrl Pts',(11.9946451094809,-49.2838046985729,-22.6063502444888));
#2560=CARTESIAN_POINT('Ctrl Pts',(11.9973686067081,-50.2897576695906,-21.3446718802463));
#2561=CARTESIAN_POINT('Ctrl Pts',(11.9978042662726,-50.4955897169945,-20.44879148318));
#2562=CARTESIAN_POINT('Ctrl Pts',(11.9978042662726,-50.4955897169945,-20.));
#2563=CARTESIAN_POINT('Ctrl Pts',(11.9860010876982,-47.4886402765272,-23.5983986006838));
#2564=CARTESIAN_POINT('Ctrl Pts',(11.990620229142,-48.2982993168304,-23.5988949488762));
#2565=CARTESIAN_POINT('Ctrl Pts',(11.9960780741554,-49.6415433040391,-23.1282063990146));
#2566=CARTESIAN_POINT('Ctrl Pts',(11.9987606052614,-50.848793782872,-21.6134421508722));
#2567=CARTESIAN_POINT('Ctrl Pts',(11.9991256723014,-51.0948269153195,-20.5388384962529));
#2568=CARTESIAN_POINT('Ctrl Pts',(11.9991256723014,-51.0948269153195,-20.));
#2569=CARTESIAN_POINT('Ctrl Pts',(11.4840218394669,-47.4914914952509,-24.6345087263014));
#2570=CARTESIAN_POINT('Ctrl Pts',(11.4890652974511,-48.5323940546849,-24.6357949278695));
#2571=CARTESIAN_POINT('Ctrl Pts',(11.494919658978,-50.2627645277705,-24.0280562840195));
#2572=CARTESIAN_POINT('Ctrl Pts',(11.497580123879,-51.8154750000139,-22.0782061803654));
#2573=CARTESIAN_POINT('Ctrl Pts',(11.4979322392808,-52.1334370324596,-20.6934830209108));
#2574=CARTESIAN_POINT('Ctrl Pts',(11.4979322392808,-52.1334370324596,-20.));
#2575=CARTESIAN_POINT('Ctrl Pts',(10.434825059929,-47.4974508840298,-25.));
#2576=CARTESIAN_POINT('Ctrl Pts',(10.4390109609575,-48.6201137765994,-25.0005770356809));
#2577=CARTESIAN_POINT('Ctrl Pts',(10.4441262980646,-50.4839229129938,-24.3455377522201));
#2578=CARTESIAN_POINT('Ctrl Pts',(10.4468268396369,-52.158035849328,-22.2416600637564));
#2579=CARTESIAN_POINT('Ctrl Pts',(10.4472381203804,-52.5,-20.7483651752854));
#2580=CARTESIAN_POINT('Ctrl Pts',(10.4472381203804,-52.5,-20.));
#2581=CARTESIAN_POINT('Ctrl Pts',(9.98603334878776,-47.5000000000193,-25.));
#2582=CARTESIAN_POINT('Ctrl Pts',(9.98985695915179,-48.6219606098355,-24.9999999999957));
#2583=CARTESIAN_POINT('Ctrl Pts',(9.99465710287396,-50.4849207268675,-24.3439170741479));
#2584=CARTESIAN_POINT('Ctrl Pts',(9.99737444693584,-52.1577149985159,-22.2411198004103));
#2585=CARTESIAN_POINT('Ctrl Pts',(9.99780912892757,-52.5,-20.7479858052999));
#2586=CARTESIAN_POINT('Ctrl Pts',(9.99780912892757,-52.5,-20.));
#2587=CARTESIAN_POINT('Ctrl Pts',(9.99780912892757,-52.5,-20.));
#2588=CARTESIAN_POINT('Ctrl Pts',(9.99780912892757,-52.5,-20.7479858052999));
#2589=CARTESIAN_POINT('Ctrl Pts',(9.99737444693584,-52.1577149985159,-22.2411198004103));
#2590=CARTESIAN_POINT('Ctrl Pts',(9.99465710287396,-50.4849207268675,-24.3439170741479));
#2591=CARTESIAN_POINT('Ctrl Pts',(9.98985695915179,-48.6219606098355,-24.9999999999957));
#2592=CARTESIAN_POINT('Ctrl Pts',(9.98603334878776,-47.5000000000193,-25.));
#2593=CARTESIAN_POINT('Ctrl Pts',(11.9860010876981,-47.4886402765249,-23.));
#2594=CARTESIAN_POINT('Ctrl Pts',(11.989833823574,-48.1634232597941,-22.9999999999974));
#2595=CARTESIAN_POINT('Ctrl Pts',(11.9946451094809,-49.2838046985729,-22.6063502444888));
#2596=CARTESIAN_POINT('Ctrl Pts',(11.9973686067081,-50.2897576695906,-21.3446718802463));
#2597=CARTESIAN_POINT('Ctrl Pts',(11.9978042662726,-50.4955897169945,-20.44879148318));
#2598=CARTESIAN_POINT('Ctrl Pts',(11.9978042662726,-50.4955897169945,-20.));
#2599=CARTESIAN_POINT('Origin',(0.,-52.5,25.));
#2600=CARTESIAN_POINT('',(0.,-52.5,-20.));
#2601=CARTESIAN_POINT('Ctrl Pts',(12.,-52.5,25.));
#2602=CARTESIAN_POINT('Ctrl Pts',(12.,-52.5,-50.));
#2603=CARTESIAN_POINT('Ctrl Pts',(12.,17.8043208990021,25.));
#2604=CARTESIAN_POINT('Ctrl Pts',(12.,17.8043208990021,-50.));
#2605=CARTESIAN_POINT('Ctrl Pts',(4.,17.347839550499,25.));
#2606=CARTESIAN_POINT('Ctrl Pts',(4.,17.347839550499,-50.));
#2607=CARTESIAN_POINT('Ctrl Pts',(4.,52.5,25.));
#2608=CARTESIAN_POINT('Ctrl Pts',(4.,52.5,-50.));
#2609=CARTESIAN_POINT('',(6.00000000000001,25.7644173740585,-17.4772346891518));
#2610=CARTESIAN_POINT('',(6.,25.7644173740585,-19.7477723611191));
#2611=CARTESIAN_POINT('Ctrl Pts',(6.00000000000001,25.7644173740585,-17.4772346891518));
#2612=CARTESIAN_POINT('Ctrl Pts',(6.00000000000001,25.7644173740585,-18.2340805798076));
#2613=CARTESIAN_POINT('Ctrl Pts',(6.,25.7644173740585,-18.9909264704633));
#2614=CARTESIAN_POINT('Ctrl Pts',(6.,25.7644173740585,-19.7477723611191));
#2615=CARTESIAN_POINT('',(6.,25.7644173740585,-14.2522276388809));
#2616=CARTESIAN_POINT('Ctrl Pts',(6.,25.7644173740585,-19.7477723611191));
#2617=CARTESIAN_POINT('Ctrl Pts',(6.03077114377989,25.5611228450392,-19.6193649073185));
#2618=CARTESIAN_POINT('Ctrl Pts',(6.05954778476968,25.3724757512319,-19.4686470973305));
#2619=CARTESIAN_POINT('Ctrl Pts',(6.08567247051316,25.2020561747727,-19.2982502422712));
#2620=CARTESIAN_POINT('Ctrl Pts',(6.11235863487397,25.0279738959522,-19.124191173185));
#2621=CARTESIAN_POINT('Ctrl Pts',(6.1360988019177,24.8740686964364,-18.9307534891537));
#2622=CARTESIAN_POINT('Ctrl Pts',(6.15631457987438,24.7434249718909,-18.7215672567608));
#2623=CARTESIAN_POINT('Ctrl Pts',(6.15812301924371,24.7317379987093,-18.7028541199727));
#2624=CARTESIAN_POINT('Ctrl Pts',(6.15990326629344,24.7202372077496,-18.6840149550475));
#2625=CARTESIAN_POINT('Ctrl Pts',(6.16165491433082,24.7089248243378,-18.6650523606788));
#2626=CARTESIAN_POINT('Ctrl Pts',(6.1831589620316,24.5700487331907,-18.4322587142763));
#2627=CARTESIAN_POINT('Ctrl Pts',(6.20012231243334,24.4610279170335,-18.1833164568238));
#2628=CARTESIAN_POINT('Ctrl Pts',(6.21209818085659,24.3841536149326,-17.9241236290762));
#2629=CARTESIAN_POINT('Ctrl Pts',(6.21884886824095,24.3408202746659,-17.7780190051313));
#2630=CARTESIAN_POINT('Ctrl Pts',(6.22401567036174,24.3077019092659,-17.6286572894536));
#2631=CARTESIAN_POINT('Ctrl Pts',(6.22752588849094,24.2852091097287,-17.4770948876853));
#2632=CARTESIAN_POINT('Ctrl Pts',(6.23331178128144,24.2481342266616,-17.2272745701372));
#2633=CARTESIAN_POINT('Ctrl Pts',(6.23452288544521,24.2403873405631,-16.9745709702632));
#2634=CARTESIAN_POINT('Ctrl Pts',(6.23119054160098,24.2617315615203,-16.7240792192342));
#2635=CARTESIAN_POINT('Ctrl Pts',(6.22903328078043,24.2755491787197,-16.5619182701762));
#2636=CARTESIAN_POINT('Ctrl Pts',(6.22497284994317,24.3015579363845,-16.4006842814344));
#2637=CARTESIAN_POINT('Ctrl Pts',(6.21902801197877,24.3396880722666,-16.2417595899543));
#2638=CARTESIAN_POINT('Ctrl Pts',(6.20913257404538,24.4031573199185,-15.9772226202266));
#2639=CARTESIAN_POINT('Ctrl Pts',(6.19414156083268,24.4993901227996,-15.7225178361018));
#2640=CARTESIAN_POINT('Ctrl Pts',(6.17456932112333,24.625588602116,-15.4833419790018));
#2641=CARTESIAN_POINT('Ctrl Pts',(6.16485562693825,24.6882208533506,-15.3646391035606));
#2642=CARTESIAN_POINT('Ctrl Pts',(6.15401428418904,24.7582341131134,-15.249761208835));
#2643=CARTESIAN_POINT('Ctrl Pts',(6.14211236918839,24.8352889261585,-15.1394046939362));
#2644=CARTESIAN_POINT('Ctrl Pts',(6.12097748907949,24.9721193635658,-14.9434386068406));
#2645=CARTESIAN_POINT('Ctrl Pts',(6.09673026977396,25.1296484661783,-14.7638851816772));
#2646=CARTESIAN_POINT('Ctrl Pts',(6.06996537729328,25.3046317189003,-14.6035814425294));
#2647=CARTESIAN_POINT('Ctrl Pts',(6.04820075823715,25.4469242328509,-14.4732259845972));
#2648=CARTESIAN_POINT('Ctrl Pts',(6.02477170582025,25.6007591004579,-14.3555995412524));
#2649=CARTESIAN_POINT('Ctrl Pts',(6.,25.7644173740585,-14.2522276388809));
#2650=CARTESIAN_POINT('',(6.00000000000001,25.7644173740584,-16.5227653108482));
#2651=CARTESIAN_POINT('Ctrl Pts',(6.,25.7644173740585,-14.2522276388809));
#2652=CARTESIAN_POINT('Ctrl Pts',(6.,25.7644173740585,-15.0090735295367));
#2653=CARTESIAN_POINT('Ctrl Pts',(6.00000000000001,25.7644173740584,-15.7659194201924));
#2654=CARTESIAN_POINT('Ctrl Pts',(6.00000000000001,25.7644173740584,-16.5227653108482));
#2655=CARTESIAN_POINT('',(5.74318737142248,27.4999999667509,-18.8));
#2656=CARTESIAN_POINT('Ctrl Pts',(6.00000000000001,25.7644173740584,-16.5227653108484));
#2657=CARTESIAN_POINT('Ctrl Pts',(5.99356632239988,25.8069225037649,-16.3681848364844));
#2658=CARTESIAN_POINT('Ctrl Pts',(5.98405060820652,25.8698414237425,-16.2201427453952));
#2659=CARTESIAN_POINT('Ctrl Pts',(5.97176321367343,25.9513876151587,-16.0825035795622));
#2660=CARTESIAN_POINT('Ctrl Pts',(5.95974874297795,26.0311225275894,-15.9479216126532));
#2661=CARTESIAN_POINT('Ctrl Pts',(5.94519316666087,26.1279499077451,-15.8244925194152));
#2662=CARTESIAN_POINT('Ctrl Pts',(5.9285353828341,26.2393046184708,-15.7152248620797));
#2663=CARTESIAN_POINT('Ctrl Pts',(5.90467957425762,26.3987770123251,-15.5587413619872));
#2664=CARTESIAN_POINT('Ctrl Pts',(5.87686449375154,26.5857126544537,-15.4335806273206));
#2665=CARTESIAN_POINT('Ctrl Pts',(5.84670149341508,26.7903667117187,-15.3457870160814));
#2666=CARTESIAN_POINT('Ctrl Pts',(5.82185846602975,26.9589250876243,-15.273477926669));
#2667=CARTESIAN_POINT('Ctrl Pts',(5.79572809549552,27.137443630284,-15.2273992554863));
#2668=CARTESIAN_POINT('Ctrl Pts',(5.76927705088125,27.3197177705829,-15.2090510007941));
#2669=CARTESIAN_POINT('Ctrl Pts',(5.74599236208973,27.4801725538814,-15.1928991471866));
#2670=CARTESIAN_POINT('Ctrl Pts',(5.72267327022903,27.6420624580789,-15.1983845109989));
#2671=CARTESIAN_POINT('Ctrl Pts',(5.69995043885877,27.801037686699,-15.2253517848485));
#2672=CARTESIAN_POINT('Ctrl Pts',(5.69831608506355,27.8124720790072,-15.2272914228119));
#2673=CARTESIAN_POINT('Ctrl Pts',(5.6966848016172,27.823891375106,-15.2293421930374));
#2674=CARTESIAN_POINT('Ctrl Pts',(5.69505681651948,27.8352939478207,-15.2315040377361));
#2675=CARTESIAN_POINT('Ctrl Pts',(5.67311997813113,27.9889417884575,-15.2606345487243));
#2676=CARTESIAN_POINT('Ctrl Pts',(5.65198569642608,28.1381455696715,-15.3096659429709));
#2677=CARTESIAN_POINT('Ctrl Pts',(5.6321549370935,28.2791339077412,-15.3773632724173));
#2678=CARTESIAN_POINT('Ctrl Pts',(5.62815775966247,28.3075521540383,-15.3910086519445));
#2679=CARTESIAN_POINT('Ctrl Pts',(5.6242134593175,28.3356364724761,-15.4054123958393));
#2680=CARTESIAN_POINT('Ctrl Pts',(5.62032601799584,28.363355753175,-15.4205643908473));
#2681=CARTESIAN_POINT('Ctrl Pts',(5.59798381762918,28.5226661252552,-15.5076470965169));
#2682=CARTESIAN_POINT('Ctrl Pts',(5.57780612492084,28.6678929284529,-15.6183376400818));
#2683=CARTESIAN_POINT('Ctrl Pts',(5.56037904010832,28.7940967317804,-15.7488752603191));
#2684=CARTESIAN_POINT('Ctrl Pts',(5.55622146463456,28.824205143087,-15.7800175892939));
#2685=CARTESIAN_POINT('Ctrl Pts',(5.55222036449277,28.8532306172618,-15.8122895251818));
#2686=CARTESIAN_POINT('Ctrl Pts',(5.54838359166369,28.8811057155997,-15.8456400031456));
#2687=CARTESIAN_POINT('Ctrl Pts',(5.53164497303408,29.002715897158,-15.9911375232285));
#2688=CARTESIAN_POINT('Ctrl Pts',(5.51829291200518,29.1005308894629,-16.1548895309222));
#2689=CARTESIAN_POINT('Ctrl Pts',(5.50870285172081,29.1709758102639,-16.3307893409623));
#2690=CARTESIAN_POINT('Ctrl Pts',(5.50632596546448,29.1884355090682,-16.3743859220658));
#2691=CARTESIAN_POINT('Ctrl Pts',(5.50418032784608,29.2042140643119,-16.4187287316864));
#2692=CARTESIAN_POINT('Ctrl Pts',(5.50227200916401,29.2182575197644,-16.4637247947091));
#2693=CARTESIAN_POINT('Ctrl Pts',(5.4961828545876,29.2630680494945,-16.6073003859608));
#2694=CARTESIAN_POINT('Ctrl Pts',(5.49258745756204,29.289624630866,-16.7556500617838));
#2695=CARTESIAN_POINT('Ctrl Pts',(5.49151945860847,29.2975084321904,-16.9052718332838));
#2696=CARTESIAN_POINT('Ctrl Pts',(5.49092677709785,29.301883514453,-16.9883038037341));
#2697=CARTESIAN_POINT('Ctrl Pts',(5.49111289355915,29.3005087960138,-17.0717275348967));
#2698=CARTESIAN_POINT('Ctrl Pts',(5.49208706889051,29.2933187654794,-17.1549445236492));
#2699=CARTESIAN_POINT('Ctrl Pts',(5.49393243202373,29.2796988175625,-17.3125809964261));
#2700=CARTESIAN_POINT('Ctrl Pts',(5.49857899589826,29.2453927969196,-17.4673373600587));
#2701=CARTESIAN_POINT('Ctrl Pts',(5.50590026908873,29.191570701996,-17.6152999575789));
#2702=CARTESIAN_POINT('Ctrl Pts',(5.50908453122221,29.1681617054525,-17.679653750177));
#2703=CARTESIAN_POINT('Ctrl Pts',(5.51277513124504,29.1410615467441,-17.7427223893123));
#2704=CARTESIAN_POINT('Ctrl Pts',(5.51696323179229,29.1103689910839,-17.8041838798158));
#2705=CARTESIAN_POINT('Ctrl Pts',(5.53057399526161,29.0106223134083,-18.0039254572385));
#2706=CARTESIAN_POINT('Ctrl Pts',(5.54918832201276,28.8747583316492,-18.1830313736838));
#2707=CARTESIAN_POINT('Ctrl Pts',(5.57200943901031,28.7100017471137,-18.3326273942898));
#2708=CARTESIAN_POINT('Ctrl Pts',(5.58906745286295,28.5868517671359,-18.4444453649909));
#2709=CARTESIAN_POINT('Ctrl Pts',(5.60825991645331,28.4491379296195,-18.5383452699794));
#2710=CARTESIAN_POINT('Ctrl Pts',(5.62908459159496,28.3009710374493,-18.61196884604));
#2711=CARTESIAN_POINT('Ctrl Pts',(5.63543894374257,28.2557600268063,-18.6344340285926));
#2712=CARTESIAN_POINT('Ctrl Pts',(5.64194513092091,28.2095754249807,-18.6550113266689));
#2713=CARTESIAN_POINT('Ctrl Pts',(5.64858847493538,28.1625330947818,-18.6736337407926));
#2714=CARTESIAN_POINT('Ctrl Pts',(5.66912308195392,28.0171250349604,-18.7311957088216));
#2715=CARTESIAN_POINT('Ctrl Pts',(5.69075739157402,27.8650326144988,-18.7694849735809));
#2716=CARTESIAN_POINT('Ctrl Pts',(5.7129634380437,27.7101292331079,-18.7876928097527));
#2717=CARTESIAN_POINT('Ctrl Pts',(5.71637844954864,27.6863070353868,-18.7904929466475));
#2718=CARTESIAN_POINT('Ctrl Pts',(5.71980692895686,27.6624182720467,-18.7928181460456));
#2719=CARTESIAN_POINT('Ctrl Pts',(5.7232468965232,27.6384769418351,-18.7946654664811));
#2720=CARTESIAN_POINT('Ctrl Pts',(5.72987355254397,27.5923570418848,-18.7982240922095));
#2721=CARTESIAN_POINT('Ctrl Pts',(5.7365253560445,27.5461638667117,-18.8000000162036));
#2722=CARTESIAN_POINT('Ctrl Pts',(5.74318736672212,27.4999999660725,-18.8));
#2723=CARTESIAN_POINT('Ctrl Pts',(5.74318736672212,27.4999999660725,-18.8));
#2724=CARTESIAN_POINT('Ctrl Pts',(5.76152940446594,27.3729001986151,-18.7999998921549));
#2725=CARTESIAN_POINT('Ctrl Pts',(5.77994961912891,27.2460236900413,-18.7865379280669));
#2726=CARTESIAN_POINT('Ctrl Pts',(5.79812697410838,27.121506673301,-18.7597564608901));
#2727=CARTESIAN_POINT('Ctrl Pts',(5.82589991837362,26.9312587428455,-18.7188374055003));
#2728=CARTESIAN_POINT('Ctrl Pts',(5.85278726441208,26.748711459707,-18.6472956533003));
#2729=CARTESIAN_POINT('Ctrl Pts',(5.8776410895022,26.5810548692172,-18.5477531607497));
#2730=CARTESIAN_POINT('Ctrl Pts',(5.90464237868412,26.398912117884,-18.4396098219476));
#2731=CARTESIAN_POINT('Ctrl Pts',(5.92883899535746,26.2370467761813,-18.3000188774495));
#2732=CARTESIAN_POINT('Ctrl Pts',(5.94894405265292,26.1031134359428,-18.1352127571416));
#2733=CARTESIAN_POINT('Ctrl Pts',(5.95012470721477,26.0952482999816,-18.1255346400936));
#2734=CARTESIAN_POINT('Ctrl Pts',(5.95129125104736,26.0874795037056,-18.115769567543));
#2735=CARTESIAN_POINT('Ctrl Pts',(5.95244342373018,26.0798086029744,-18.1059188016371));
#2736=CARTESIAN_POINT('Ctrl Pts',(5.97039092521055,25.960318265908,-17.9524725011689));
#2737=CARTESIAN_POINT('Ctrl Pts',(5.98456106091419,25.8664917523748,-17.7806804797932));
#2738=CARTESIAN_POINT('Ctrl Pts',(5.99431831103722,25.8019711584909,-17.5972420129707));
#2739=CARTESIAN_POINT('Ctrl Pts',(5.99641855769694,25.7880831101086,-17.5577569098578));
#2740=CARTESIAN_POINT('Ctrl Pts',(5.9983144836666,25.7755530098218,-17.5177321978178));
#2741=CARTESIAN_POINT('Ctrl Pts',(6.00000000000001,25.7644173740584,-17.4772346891516));
#2742=CARTESIAN_POINT('',(11.7083000598767,-30.9372377166554,-19.8496094549526));
#2743=CARTESIAN_POINT('',(11.7520211788219,-32.4999999996413,-20.25));
#2744=CARTESIAN_POINT('Ctrl Pts',(11.7083000598783,-30.9372377167094,-19.8496094548541));
#2745=CARTESIAN_POINT('Ctrl Pts',(11.7095905057591,-30.9812880232329,-19.8737672065366));
#2746=CARTESIAN_POINT('Ctrl Pts',(11.7108922091494,-31.0258923281635,-19.8969001612305));
#2747=CARTESIAN_POINT('Ctrl Pts',(11.7122037695023,-31.0710146557891,-19.9189897029675));
#2748=CARTESIAN_POINT('Ctrl Pts',(11.7171561988059,-31.2413957877682,-20.0023994321216));
#2749=CARTESIAN_POINT('Ctrl Pts',(11.7222327148471,-31.4186145659791,-20.0706657741125));
#2750=CARTESIAN_POINT('Ctrl Pts',(11.7273601223046,-31.6006252004663,-20.1230799748195));
#2751=CARTESIAN_POINT('Ctrl Pts',(11.7294381995945,-31.6743919469511,-20.144322827286));
#2752=CARTESIAN_POINT('Ctrl Pts',(11.7315246961291,-31.7489452224692,-20.1629618315321));
#2753=CARTESIAN_POINT('Ctrl Pts',(11.7336149979894,-31.8241463610364,-20.1789498043793));
#2754=CARTESIAN_POINT('Ctrl Pts',(11.7378342229951,-31.9759380856372,-20.2112211504995));
#2755=CARTESIAN_POINT('Ctrl Pts',(11.7420541978683,-32.1298469320784,-20.2325793368081));
#2756=CARTESIAN_POINT('Ctrl Pts',(11.7462396524234,-32.2846912626519,-20.2428601800914));
#2757=CARTESIAN_POINT('Ctrl Pts',(11.7481773423608,-32.3563776941411,-20.2476197793932));
#2758=CARTESIAN_POINT('Ctrl Pts',(11.7501055754068,-32.4281866083323,-20.249999999414));
#2759=CARTESIAN_POINT('Ctrl Pts',(11.7520211788219,-32.4999999992826,-20.25));
#2760=CARTESIAN_POINT('Ctrl Pts',(11.7520211788219,-32.4999999992826,-20.25));
#2761=CARTESIAN_POINT('Ctrl Pts',(11.753556112657,-32.5575426005963,-20.2500000000127));
#2762=CARTESIAN_POINT('Ctrl Pts',(11.7550829368808,-32.6150879258244,-20.2484717767237));
#2763=CARTESIAN_POINT('Ctrl Pts',(11.7604768069305,-32.8194693017947,-20.2376037894668));
#2764=CARTESIAN_POINT('Ctrl Pts',(11.7642818093588,-32.9656660357239,-20.2198284648624));
#2765=CARTESIAN_POINT('Ctrl Pts',(11.7739652109834,-33.3427849687648,-20.1477462798478));
#2766=CARTESIAN_POINT('Ctrl Pts',(11.7796629566714,-33.5698649050457,-20.0779846101156));
#2767=CARTESIAN_POINT('Ctrl Pts',(11.7944820958508,-34.1725970775654,-19.8179705385412));
#2768=CARTESIAN_POINT('Ctrl Pts',(11.8027132185258,-34.5220678135472,-19.578725071204));
#2769=CARTESIAN_POINT('Ctrl Pts',(11.8163034801785,-35.113947450045,-18.9773020841071));
#2770=CARTESIAN_POINT('Ctrl Pts',(11.8215098375369,-35.3494547467098,-18.6195941881381));
#2771=CARTESIAN_POINT('Ctrl Pts',(11.8285910894734,-35.6729840233303,-17.8258722497493));
#2772=CARTESIAN_POINT('Ctrl Pts',(11.8303326920447,-35.7546584371335,-17.3963625507588));
#2773=CARTESIAN_POINT('Ctrl Pts',(11.8301302428927,-35.7452506687094,-16.5590334040255));
#2774=CARTESIAN_POINT('Ctrl Pts',(11.8284206100352,-35.6652415587241,-16.1589655874659));
#2775=CARTESIAN_POINT('Ctrl Pts',(11.8220050104848,-35.3720360286379,-15.4323164163833));
#2776=CARTESIAN_POINT('Ctrl Pts',(11.8175376939285,-35.1697570172194,-15.1082818992785));
#2777=CARTESIAN_POINT('Ctrl Pts',(11.8051418669366,-34.6262119244921,-14.5040466147629));
#2778=CARTESIAN_POINT('Ctrl Pts',(11.7969231789472,-34.2745897358616,-14.2429461880206));
#2779=CARTESIAN_POINT('Ctrl Pts',(11.7817140982268,-33.6521662778947,-13.9504782673216));
#2780=CARTESIAN_POINT('Ctrl Pts',(11.7756761918489,-33.4103099392329,-13.8697608831681));
#2781=CARTESIAN_POINT('Ctrl Pts',(11.7655106058635,-33.013122973158,-13.7871842952777));
#2782=CARTESIAN_POINT('Ctrl Pts',(11.7616076386658,-32.862730418333,-13.7667500615045));
#2783=CARTESIAN_POINT('Ctrl Pts',(11.7542289150423,-32.5824632383978,-13.7484754328175));
#2784=CARTESIAN_POINT('Ctrl Pts',(11.7507814275915,-32.4530756028893,-13.7477685009007));
#2785=CARTESIAN_POINT('Ctrl Pts',(11.7432552184999,-32.1739661989534,-13.7629062616357));
#2786=CARTESIAN_POINT('Ctrl Pts',(11.7391737832167,-32.0246857129674,-13.7814366686705));
#2787=CARTESIAN_POINT('Ctrl Pts',(11.728346391292,-31.6339100525945,-13.8577321826269));
#2788=CARTESIAN_POINT('Ctrl Pts',(11.7216272944437,-31.3968251193419,-13.9329221281359));
#2789=CARTESIAN_POINT('Ctrl Pts',(11.7040827635608,-30.7896947907465,-14.2050762218118));
#2790=CARTESIAN_POINT('Ctrl Pts',(11.6937511334859,-30.4452052163074,-14.4476281596372));
#2791=CARTESIAN_POINT('Ctrl Pts',(11.6758740578011,-29.8617688260935,-15.0550881166756));
#2792=CARTESIAN_POINT('Ctrl Pts',(11.6685645678773,-29.6303943276959,-15.4162184192207));
#2793=CARTESIAN_POINT('Ctrl Pts',(11.6585942413491,-29.3172056800551,-16.2134438471052));
#2794=CARTESIAN_POINT('Ctrl Pts',(11.6561191954674,-29.2409803233736,-16.642697039747));
#2795=CARTESIAN_POINT('Ctrl Pts',(11.6567349417982,-29.2600837750846,-17.4781441972924));
#2796=CARTESIAN_POINT('Ctrl Pts',(11.659470382887,-29.344530478145,-17.8767368978276));
#2797=CARTESIAN_POINT('Ctrl Pts',(11.6690399402506,-29.6455442866155,-18.5994339769476));
#2798=CARTESIAN_POINT('Ctrl Pts',(11.6755299682089,-29.8513076560808,-18.9210663485113));
#2799=CARTESIAN_POINT('Ctrl Pts',(11.690763457811,-30.3471099567488,-19.4601948364387));
#2800=CARTESIAN_POINT('Ctrl Pts',(11.699219972429,-30.6272823428906,-19.6796259623735));
#2801=CARTESIAN_POINT('Ctrl Pts',(11.7083000598767,-30.9372377166554,-19.8496094549526));
#2802=CARTESIAN_POINT('',(11.7083000598767,-30.9372377166554,14.1503905450473));
#2803=CARTESIAN_POINT('',(11.7520211788219,-32.4999999996413,13.75));
#2804=CARTESIAN_POINT('Ctrl Pts',(11.7083000598783,-30.9372377167094,14.1503905451459));
#2805=CARTESIAN_POINT('Ctrl Pts',(11.7095905057591,-30.9812880232329,14.1262327934634));
#2806=CARTESIAN_POINT('Ctrl Pts',(11.7108922091494,-31.0258923281634,14.1030998387695));
#2807=CARTESIAN_POINT('Ctrl Pts',(11.7122037695023,-31.0710146557893,14.0810102970324));
#2808=CARTESIAN_POINT('Ctrl Pts',(11.7171561988059,-31.2413957877671,13.9976005678789));
#2809=CARTESIAN_POINT('Ctrl Pts',(11.7222327148471,-31.4186145659766,13.9293342258885));
#2810=CARTESIAN_POINT('Ctrl Pts',(11.7273601223045,-31.6006252004622,13.8769200251817));
#2811=CARTESIAN_POINT('Ctrl Pts',(11.7294381995944,-31.6743919469484,13.8556771727146));
#2812=CARTESIAN_POINT('Ctrl Pts',(11.7315246961291,-31.7489452224679,13.8370381684681));
#2813=CARTESIAN_POINT('Ctrl Pts',(11.7336149979894,-31.8241463610365,13.8210501956207));
#2814=CARTESIAN_POINT('Ctrl Pts',(11.7378342229951,-31.9759380856373,13.7887788495004));
#2815=CARTESIAN_POINT('Ctrl Pts',(11.7420541978683,-32.1298469320785,13.7674206631919));
#2816=CARTESIAN_POINT('Ctrl Pts',(11.7462396524234,-32.284691262652,13.7571398199086));
#2817=CARTESIAN_POINT('Ctrl Pts',(11.7481773423608,-32.3563776941412,13.7523802206068));
#2818=CARTESIAN_POINT('Ctrl Pts',(11.7501055754068,-32.4281866083323,13.750000000586));
#2819=CARTESIAN_POINT('Ctrl Pts',(11.7520211788219,-32.4999999992826,13.75));
#2820=CARTESIAN_POINT('Ctrl Pts',(11.7520211788219,-32.4999999992826,13.75));
#2821=CARTESIAN_POINT('Ctrl Pts',(11.753556112657,-32.5575426005963,13.7499999999873));
#2822=CARTESIAN_POINT('Ctrl Pts',(11.7550829368808,-32.6150879258244,13.7515282232763));
#2823=CARTESIAN_POINT('Ctrl Pts',(11.7604768069305,-32.8194693017948,13.7623962105331));
#2824=CARTESIAN_POINT('Ctrl Pts',(11.7642818093588,-32.965666035724,13.7801715351376));
#2825=CARTESIAN_POINT('Ctrl Pts',(11.7739652109834,-33.342784968765,13.8522537201522));
#2826=CARTESIAN_POINT('Ctrl Pts',(11.7796629566714,-33.5698649050459,13.9220153898844));
#2827=CARTESIAN_POINT('Ctrl Pts',(11.7944820958508,-34.1725970775657,14.1820294614589));
#2828=CARTESIAN_POINT('Ctrl Pts',(11.8027132185258,-34.5220678135474,14.4212749287961));
#2829=CARTESIAN_POINT('Ctrl Pts',(11.8163034801785,-35.1139474500451,15.022697915893));
#2830=CARTESIAN_POINT('Ctrl Pts',(11.8215098375369,-35.3494547467099,15.380405811862));
#2831=CARTESIAN_POINT('Ctrl Pts',(11.8285910894735,-35.6729840233305,16.174127750251));
#2832=CARTESIAN_POINT('Ctrl Pts',(11.8303326920447,-35.7546584371335,16.6036374492414));
#2833=CARTESIAN_POINT('Ctrl Pts',(11.8301302428927,-35.7452506687094,17.4409665959747));
#2834=CARTESIAN_POINT('Ctrl Pts',(11.8284206100352,-35.6652415587241,17.8410344125343));
#2835=CARTESIAN_POINT('Ctrl Pts',(11.8220050104848,-35.3720360286378,18.5676835836169));
#2836=CARTESIAN_POINT('Ctrl Pts',(11.8175376939285,-35.1697570172193,18.8917181007216));
#2837=CARTESIAN_POINT('Ctrl Pts',(11.8051418669366,-34.6262119244919,19.4959533852372));
#2838=CARTESIAN_POINT('Ctrl Pts',(11.7969231789472,-34.2745897358614,19.7570538119795));
#2839=CARTESIAN_POINT('Ctrl Pts',(11.7817140982268,-33.6521662778946,20.0495217326784));
#2840=CARTESIAN_POINT('Ctrl Pts',(11.7756761918489,-33.4103099392329,20.1302391168319));
#2841=CARTESIAN_POINT('Ctrl Pts',(11.7655106058635,-33.013122973158,20.2128157047223));
#2842=CARTESIAN_POINT('Ctrl Pts',(11.7616076386658,-32.8627304183329,20.2332499384955));
#2843=CARTESIAN_POINT('Ctrl Pts',(11.7542289150423,-32.5824632383978,20.2515245671825));
#2844=CARTESIAN_POINT('Ctrl Pts',(11.7507814275915,-32.4530756028893,20.2522314990993));
#2845=CARTESIAN_POINT('Ctrl Pts',(11.7432552184999,-32.1739661989534,20.2370937383643));
#2846=CARTESIAN_POINT('Ctrl Pts',(11.7391737832167,-32.0246857129674,20.2185633313295));
#2847=CARTESIAN_POINT('Ctrl Pts',(11.728346391292,-31.6339100525943,20.142267817373));
#2848=CARTESIAN_POINT('Ctrl Pts',(11.7216272944436,-31.3968251193418,20.067077871864));
#2849=CARTESIAN_POINT('Ctrl Pts',(11.7040827635608,-30.7896947907464,19.7949237781881));
#2850=CARTESIAN_POINT('Ctrl Pts',(11.6937511334859,-30.4452052163073,19.5523718403626));
#2851=CARTESIAN_POINT('Ctrl Pts',(11.6758740578011,-29.8617688260935,18.9449118833244));
#2852=CARTESIAN_POINT('Ctrl Pts',(11.6685645678773,-29.6303943276959,18.5837815807792));
#2853=CARTESIAN_POINT('Ctrl Pts',(11.6585942413491,-29.317205680055,17.7865561528946));
#2854=CARTESIAN_POINT('Ctrl Pts',(11.6561191954674,-29.2409803233736,17.3573029602528));
#2855=CARTESIAN_POINT('Ctrl Pts',(11.6567349417982,-29.2600837750846,16.5218558027074));
#2856=CARTESIAN_POINT('Ctrl Pts',(11.659470382887,-29.3445304781451,16.1232631021722));
#2857=CARTESIAN_POINT('Ctrl Pts',(11.6690399402506,-29.6455442866155,15.4005660230523));
#2858=CARTESIAN_POINT('Ctrl Pts',(11.6755299682089,-29.8513076560808,15.0789336514886));
#2859=CARTESIAN_POINT('Ctrl Pts',(11.690763457811,-30.3471099567489,14.5398051635613));
#2860=CARTESIAN_POINT('Ctrl Pts',(11.699219972429,-30.6272823428907,14.3203740376265));
#2861=CARTESIAN_POINT('Ctrl Pts',(11.7083000598767,-30.9372377166554,14.1503905450473));
#2862=CARTESIAN_POINT('Origin',(0.,47.5,-20.));
#2863=CARTESIAN_POINT('',(0.,47.5,-25.));
#2864=CARTESIAN_POINT('',(0.,52.5,-20.));
#2865=CARTESIAN_POINT('Origin',(0.,-52.5,-25.));
#2866=CARTESIAN_POINT('',(0.,-47.5,-25.));
#2867=CARTESIAN_POINT('Origin',(0.,-47.5,-20.));
#2868=CARTESIAN_POINT('Origin',(6.,-32.5,17.));
#2869=CARTESIAN_POINT('',(6.,-32.5,13.75));
#2870=CARTESIAN_POINT('Origin',(6.,-32.5,17.));
#2871=CARTESIAN_POINT('',(6.00000000000001,-32.5,15.2));
#2872=CARTESIAN_POINT('Origin',(6.00000000000001,-32.5,17.));
#2873=CARTESIAN_POINT('Origin',(9.,-32.5,17.));
#2874=CARTESIAN_POINT('',(9.,-32.5,13.75));
#2875=CARTESIAN_POINT('Origin',(-104.930370673014,-32.5,17.));
#2876=CARTESIAN_POINT('',(-104.930370673014,-32.5,15.2));
#2877=CARTESIAN_POINT('Origin',(6.,-32.5,-17.));
#2878=CARTESIAN_POINT('',(6.,-32.5,-20.25));
#2879=CARTESIAN_POINT('Origin',(6.,-32.5,-17.));
#2880=CARTESIAN_POINT('',(6.00000000000001,-32.5,-18.8));
#2881=CARTESIAN_POINT('Origin',(6.00000000000001,-32.5,-17.));
#2882=CARTESIAN_POINT('Origin',(9.,-32.5,-17.));
#2883=CARTESIAN_POINT('',(9.,-32.5,-20.25));
#2884=CARTESIAN_POINT('Origin',(-104.930370673014,-32.5,-17.));
#2885=CARTESIAN_POINT('',(-104.930370673014,-32.5,-18.8));
#2886=CARTESIAN_POINT('Origin',(6.,27.5,-17.));
#2887=CARTESIAN_POINT('Origin',(6.,27.5,-17.));
#2888=CARTESIAN_POINT('Origin',(6.00000000000001,27.5,-17.));
#2889=CARTESIAN_POINT('Origin',(-104.930370673014,27.5,-17.));
#2890=CARTESIAN_POINT('',(-104.930370673014,27.5,-18.8));
#2891=CARTESIAN_POINT('Origin',(9.,27.5,-17.));
#2892=CARTESIAN_POINT('Origin',(0.,52.5,-25.));
#2893=UNCERTAINTY_MEASURE_WITH_UNIT(LENGTH_MEASURE(0.01),#2897,
'DISTANCE_ACCURACY_VALUE',
'Maximum model space distance between geometric entities at asserted c
onnectivities');
#2894=UNCERTAINTY_MEASURE_WITH_UNIT(LENGTH_MEASURE(0.01),#2897,
'DISTANCE_ACCURACY_VALUE',
'Maximum model space distance between geometric entities at asserted c
onnectivities');
#2895=(
GEOMETRIC_REPRESENTATION_CONTEXT(3)
GLOBAL_UNCERTAINTY_ASSIGNED_CONTEXT((#2893))
GLOBAL_UNIT_ASSIGNED_CONTEXT((#2897,#2899,#2900))
REPRESENTATION_CONTEXT('','3D')
);
#2896=(
GEOMETRIC_REPRESENTATION_CONTEXT(3)
GLOBAL_UNCERTAINTY_ASSIGNED_CONTEXT((#2894))
GLOBAL_UNIT_ASSIGNED_CONTEXT((#2897,#2899,#2900))
REPRESENTATION_CONTEXT('','3D')
);
#2897=(
LENGTH_UNIT()
NAMED_UNIT(*)
SI_UNIT(.MILLI.,.METRE.)
);
#2898=(
LENGTH_UNIT()
NAMED_UNIT(*)
SI_UNIT(.CENTI.,.METRE.)
);
#2899=(
NAMED_UNIT(*)
PLANE_ANGLE_UNIT()
SI_UNIT($,.RADIAN.)
);
#2900=(
NAMED_UNIT(*)
SI_UNIT($,.STERADIAN.)
SOLID_ANGLE_UNIT()
);
#2901=SHAPE_DEFINITION_REPRESENTATION(#2902,#2903);
#2902=PRODUCT_DEFINITION_SHAPE('',$,#2905);
#2903=SHAPE_REPRESENTATION('',(#1140),#2895);
#2904=PRODUCT_DEFINITION_CONTEXT('part definition',#2909,'design');
#2905=PRODUCT_DEFINITION('Pi5PowerCover','Pi5PowerCover',#2906,#2904);
#2906=PRODUCT_DEFINITION_FORMATION('',$,#2911);
#2907=PRODUCT_RELATED_PRODUCT_CATEGORY('Pi5PowerCover','Pi5PowerCover',
(#2911));
#2908=APPLICATION_PROTOCOL_DEFINITION('international standard',
'automotive_design',2009,#2909);
#2909=APPLICATION_CONTEXT(
'Core Data for Automotive Mechanical Design Process');
#2910=PRODUCT_CONTEXT('part definition',#2909,'mechanical');
#2911=PRODUCT('Pi5PowerCover','Pi5PowerCover',$,(#2910));
#2912=PRESENTATION_STYLE_ASSIGNMENT((#2913));
#2913=SURFACE_STYLE_USAGE(.BOTH.,#2916);
#2914=SURFACE_STYLE_RENDERING_WITH_PROPERTIES($,#2920,(#2915));
#2915=SURFACE_STYLE_TRANSPARENT(0.);
#2916=SURFACE_SIDE_STYLE('',(#2917,#2914));
#2917=SURFACE_STYLE_FILL_AREA(#2918);
#2918=FILL_AREA_STYLE('',(#2919));
#2919=FILL_AREA_STYLE_COLOUR('',#2920);
#2920=COLOUR_RGB('',0.749019607843137,0.749019607843137,0.749019607843137);
ENDSEC;
END-ISO-10303-21;
